price_date,state,diesel_price_per_litre,source
2023-01-01,Andhra Pradesh,96.12,PPAC-benchmark
2023-01-01,Delhi,87.28,PPAC-benchmark
2023-01-01,Gujarat,87.89,PPAC-benchmark
2023-01-01,Haryana,90.43,PPAC-benchmark
2023-01-01,Karnataka,92.62,PPAC-benchmark
2023-01-01,Madhya Pradesh,92.88,PPAC-benchmark
2023-01-01,Maharashtra,95.18,PPAC-benchmark
2023-01-01,Punjab,90.97,PPAC-benchmark
2023-01-01,Rajasthan,93.78,PPAC-benchmark
2023-01-01,Tamil Nadu,91.48,PPAC-benchmark
2023-01-01,Telangana,94.86,PPAC-benchmark
2023-01-01,Uttar Pradesh,89.58,PPAC-benchmark
2023-01-01,West Bengal,92.17,PPAC-benchmark
2023-01-02,Andhra Pradesh,96.18,PPAC-benchmark
2023-01-02,Delhi,87.24,PPAC-benchmark
2023-01-02,Gujarat,87.95,PPAC-benchmark
2023-01-02,Haryana,90.48,PPAC-benchmark
2023-01-02,Karnataka,92.67,PPAC-benchmark
2023-01-02,Madhya Pradesh,92.99,PPAC-benchmark
2023-01-02,Maharashtra,95.29,PPAC-benchmark
2023-01-02,Punjab,91.12,PPAC-benchmark
2023-01-02,Rajasthan,93.89,PPAC-benchmark
2023-01-02,Tamil Nadu,91.52,PPAC-benchmark
2023-01-02,Telangana,94.99,PPAC-benchmark
2023-01-02,Uttar Pradesh,89.65,PPAC-benchmark
2023-01-02,West Bengal,92.15,PPAC-benchmark
2023-01-03,Andhra Pradesh,96.2,PPAC-benchmark
2023-01-03,Delhi,87.21,PPAC-benchmark
2023-01-03,Gujarat,87.98,PPAC-benchmark
2023-01-03,Haryana,90.49,PPAC-benchmark
2023-01-03,Karnataka,92.7,PPAC-benchmark
2023-01-03,Madhya Pradesh,92.99,PPAC-benchmark
2023-01-03,Maharashtra,95.29,PPAC-benchmark
2023-01-03,Punjab,91.01,PPAC-benchmark
2023-01-03,Rajasthan,94.01,PPAC-benchmark
2023-01-03,Tamil Nadu,91.44,PPAC-benchmark
2023-01-03,Telangana,94.93,PPAC-benchmark
2023-01-03,Uttar Pradesh,89.71,PPAC-benchmark
2023-01-03,West Bengal,92.19,PPAC-benchmark
2023-01-04,Andhra Pradesh,96.16,PPAC-benchmark
2023-01-04,Delhi,87.34,PPAC-benchmark
2023-01-04,Gujarat,88.08,PPAC-benchmark
2023-01-04,Haryana,90.57,PPAC-benchmark
2023-01-04,Karnataka,92.73,PPAC-benchmark
2023-01-04,Madhya Pradesh,92.98,PPAC-benchmark
2023-01-04,Maharashtra,95.32,PPAC-benchmark
2023-01-04,Rajasthan,93.98,PPAC-benchmark
2023-01-04,Tamil Nadu,91.52,PPAC-benchmark
2023-01-04,Telangana,95.1,PPAC-benchmark
2023-01-04,Uttar Pradesh,89.71,PPAC-benchmark
2023-01-04,West Bengal,92.26,PPAC-benchmark
2023-01-05,Andhra Pradesh,96.2,PPAC-benchmark
2023-01-05,Delhi,87.47,PPAC-benchmark
2023-01-05,Gujarat,88.09,PPAC-benchmark
2023-01-05,Haryana,90.56,PPAC-benchmark
2023-01-05,Karnataka,92.79,PPAC-benchmark
2023-01-05,Madhya Pradesh,93.05,PPAC-benchmark
2023-01-05,Maharashtra,95.35,PPAC-benchmark
2023-01-05,Punjab,91.2,PPAC-benchmark
2023-01-05,Rajasthan,94.02,PPAC-benchmark
2023-01-05,Tamil Nadu,91.56,PPAC-benchmark
2023-01-05,Telangana,95.16,PPAC-benchmark
2023-01-05,Uttar Pradesh,89.69,PPAC-benchmark
2023-01-05,West Bengal,92.27,PPAC-benchmark
2023-01-06,Andhra Pradesh,96.34,PPAC-benchmark
2023-01-06,Delhi,87.39,PPAC-benchmark
2023-01-06,Gujarat,88.11,PPAC-benchmark
2023-01-06,Haryana,90.61,PPAC-benchmark
2023-01-06,Karnataka,92.79,PPAC-benchmark
2023-01-06,Madhya Pradesh,93.2,PPAC-benchmark
2023-01-06,Punjab,91.09,PPAC-benchmark
2023-01-06,Rajasthan,94.04,PPAC-benchmark
2023-01-06,Tamil Nadu,91.7,PPAC-benchmark
2023-01-06,Uttar Pradesh,89.8,PPAC-benchmark
2023-01-06,West Bengal,92.31,PPAC-benchmark
2023-01-07,Andhra Pradesh,96.44,PPAC-benchmark
2023-01-07,Delhi,87.43,PPAC-benchmark
2023-01-07,Gujarat,88.18,PPAC-benchmark
2023-01-07,Haryana,90.64,PPAC-benchmark
2023-01-07,Karnataka,92.9,PPAC-benchmark
2023-01-07,Madhya Pradesh,93.16,PPAC-benchmark
2023-01-07,Maharashtra,95.53,PPAC-benchmark
2023-01-07,Punjab,91.21,PPAC-benchmark
2023-01-07,Rajasthan,94.13,PPAC-benchmark
2023-01-07,Tamil Nadu,91.65,PPAC-benchmark
2023-01-07,Telangana,95.17,PPAC-benchmark
2023-01-07,Uttar Pradesh,89.83,PPAC-benchmark
2023-01-07,West Bengal,92.4,PPAC-benchmark
2023-01-08,Andhra Pradesh,96.4,PPAC-benchmark
2023-01-08,Delhi,87.59,PPAC-benchmark
2023-01-08,Gujarat,88.24,PPAC-benchmark
2023-01-08,Haryana,90.68,PPAC-benchmark
2023-01-08,Karnataka,92.89,PPAC-benchmark
2023-01-08,Madhya Pradesh,93.24,PPAC-benchmark
2023-01-08,Maharashtra,95.48,PPAC-benchmark
2023-01-08,Punjab,91.3,PPAC-benchmark
2023-01-08,Rajasthan,94.08,PPAC-benchmark
2023-01-08,Tamil Nadu,91.77,PPAC-benchmark
2023-01-08,Telangana,95.23,PPAC-benchmark
2023-01-08,Uttar Pradesh,89.9,PPAC-benchmark
2023-01-08,West Bengal,92.44,PPAC-benchmark
2023-01-09,Andhra Pradesh,96.41,PPAC-benchmark
2023-01-09,Delhi,87.49,PPAC-benchmark
2023-01-09,Gujarat,88.25,PPAC-benchmark
2023-01-09,Haryana,90.7,PPAC-benchmark
2023-01-09,Karnataka,92.93,PPAC-benchmark
2023-01-09,Madhya Pradesh,93.27,PPAC-benchmark
2023-01-09,Maharashtra,95.46,PPAC-benchmark
2023-01-09,Punjab,91.31,PPAC-benchmark
2023-01-09,Tamil Nadu,91.78,PPAC-benchmark
2023-01-09,Telangana,95.27,PPAC-benchmark
2023-01-09,Uttar Pradesh,89.93,PPAC-benchmark
2023-01-09,West Bengal,92.41,PPAC-benchmark
2023-01-10,Andhra Pradesh,96.44,PPAC-benchmark
2023-01-10,Delhi,87.51,PPAC-benchmark
2023-01-10,Gujarat,88.12,PPAC-benchmark
2023-01-10,Haryana,90.75,PPAC-benchmark
2023-01-10,Karnataka,92.89,PPAC-benchmark
2023-01-10,Madhya Pradesh,93.17,PPAC-benchmark
2023-01-10,Maharashtra,95.59,PPAC-benchmark
2023-01-10,Punjab,91.4,PPAC-benchmark
2023-01-10,Rajasthan,94.2,PPAC-benchmark
2023-01-10,Tamil Nadu,91.76,PPAC-benchmark
2023-01-10,Telangana,95.29,PPAC-benchmark
2023-01-10,Uttar Pradesh,89.94,PPAC-benchmark
2023-01-10,West Bengal,92.37,PPAC-benchmark
2023-01-11,Delhi,87.53,PPAC-benchmark
2023-01-11,Gujarat,88.34,PPAC-benchmark
2023-01-11,Haryana,90.83,PPAC-benchmark
2023-01-11,Karnataka,93.0,PPAC-benchmark
2023-01-11,Madhya Pradesh,93.35,PPAC-benchmark
2023-01-11,Maharashtra,95.53,PPAC-benchmark
2023-01-11,Punjab,91.31,PPAC-benchmark
2023-01-11,Rajasthan,94.19,PPAC-benchmark
2023-01-11,Tamil Nadu,91.78,PPAC-benchmark
2023-01-11,Telangana,95.26,PPAC-benchmark
2023-01-11,Uttar Pradesh,89.98,PPAC-benchmark
2023-01-11,West Bengal,92.43,PPAC-benchmark
2023-01-12,Delhi,87.58,PPAC-benchmark
2023-01-12,Gujarat,88.28,PPAC-benchmark
2023-01-12,Haryana,90.86,PPAC-benchmark
2023-01-12,Karnataka,92.97,PPAC-benchmark
2023-01-12,Madhya Pradesh,93.33,PPAC-benchmark
2023-01-12,Maharashtra,95.56,PPAC-benchmark
2023-01-12,Punjab,91.47,PPAC-benchmark
2023-01-12,Rajasthan,94.26,PPAC-benchmark
2023-01-12,Tamil Nadu,91.77,PPAC-benchmark
2023-01-12,Telangana,95.3,PPAC-benchmark
2023-01-12,Uttar Pradesh,89.97,PPAC-benchmark
2023-01-12,West Bengal,92.52,PPAC-benchmark
2023-01-13,Andhra Pradesh,96.59,PPAC-benchmark
2023-01-13,Delhi,87.57,PPAC-benchmark
2023-01-13,Gujarat,88.26,PPAC-benchmark
2023-01-13,Haryana,90.87,PPAC-benchmark
2023-01-13,Karnataka,93.08,PPAC-benchmark
2023-01-13,Madhya Pradesh,93.29,PPAC-benchmark
2023-01-13,Maharashtra,95.68,PPAC-benchmark
2023-01-13,Punjab,91.3,PPAC-benchmark
2023-01-13,Rajasthan,94.25,PPAC-benchmark
2023-01-13,Telangana,95.35,PPAC-benchmark
2023-01-13,Uttar Pradesh,90.02,PPAC-benchmark
2023-01-13,West Bengal,92.53,PPAC-benchmark
2023-01-14,Andhra Pradesh,96.57,PPAC-benchmark
2023-01-14,Delhi,87.71,PPAC-benchmark
2023-01-14,Gujarat,88.39,PPAC-benchmark
2023-01-14,Haryana,90.81,PPAC-benchmark
2023-01-14,Karnataka,93.07,PPAC-benchmark
2023-01-14,Madhya Pradesh,93.35,PPAC-benchmark
2023-01-14,Maharashtra,95.65,PPAC-benchmark
2023-01-14,Punjab,91.48,PPAC-benchmark
2023-01-14,Rajasthan,94.25,PPAC-benchmark
2023-01-14,Tamil Nadu,91.85,PPAC-benchmark
2023-01-14,Telangana,95.31,PPAC-benchmark
2023-01-14,Uttar Pradesh,90.06,PPAC-benchmark
2023-01-14,West Bengal,92.5,PPAC-benchmark
2023-01-15,Andhra Pradesh,96.58,PPAC-benchmark
2023-01-15,Delhi,87.67,PPAC-benchmark
2023-01-15,Gujarat,88.39,PPAC-benchmark
2023-01-15,Haryana,90.87,PPAC-benchmark
2023-01-15,Karnataka,93.18,PPAC-benchmark
2023-01-15,Madhya Pradesh,93.43,PPAC-benchmark
2023-01-15,Maharashtra,95.72,PPAC-benchmark
2023-01-15,Punjab,91.42,PPAC-benchmark
2023-01-15,Rajasthan,94.24,PPAC-benchmark
2023-01-15,Tamil Nadu,91.83,PPAC-benchmark
2023-01-15,Telangana,95.37,PPAC-benchmark
2023-01-15,Uttar Pradesh,90.13,PPAC-benchmark
2023-01-15,West Bengal,92.56,PPAC-benchmark
2023-01-16,Andhra Pradesh,96.62,PPAC-benchmark
2023-01-16,Gujarat,88.38,PPAC-benchmark
2023-01-16,Haryana,90.96,PPAC-benchmark
2023-01-16,Karnataka,93.04,PPAC-benchmark
2023-01-16,Madhya Pradesh,93.41,PPAC-benchmark
2023-01-16,Maharashtra,95.76,PPAC-benchmark
2023-01-16,Punjab,91.46,PPAC-benchmark
2023-01-16,Rajasthan,94.29,PPAC-benchmark
2023-01-16,Tamil Nadu,91.88,PPAC-benchmark
2023-01-16,Telangana,95.47,PPAC-benchmark
2023-01-16,Uttar Pradesh,90.08,PPAC-benchmark
2023-01-16,West Bengal,92.57,PPAC-benchmark
2023-01-17,Andhra Pradesh,96.58,PPAC-benchmark
2023-01-17,Delhi,87.75,PPAC-benchmark
2023-01-17,Gujarat,88.46,PPAC-benchmark
2023-01-17,Haryana,90.85,PPAC-benchmark
2023-01-17,Karnataka,93.13,PPAC-benchmark
2023-01-17,Madhya Pradesh,93.42,PPAC-benchmark
2023-01-17,Maharashtra,95.77,PPAC-benchmark
2023-01-17,Rajasthan,94.33,PPAC-benchmark
2023-01-17,Tamil Nadu,92.01,PPAC-benchmark
2023-01-17,Telangana,95.43,PPAC-benchmark
2023-01-17,Uttar Pradesh,90.17,PPAC-benchmark
2023-01-17,West Bengal,92.57,PPAC-benchmark
2023-01-18,Andhra Pradesh,96.64,PPAC-benchmark
2023-01-18,Delhi,87.74,PPAC-benchmark
2023-01-18,Gujarat,88.6,PPAC-benchmark
2023-01-18,Haryana,90.96,PPAC-benchmark
2023-01-18,Karnataka,93.26,PPAC-benchmark
2023-01-18,Madhya Pradesh,93.42,PPAC-benchmark
2023-01-18,Maharashtra,95.78,PPAC-benchmark
2023-01-18,Punjab,91.56,PPAC-benchmark
2023-01-18,Rajasthan,94.38,PPAC-benchmark
2023-01-18,Tamil Nadu,92.03,PPAC-benchmark
2023-01-18,Telangana,95.56,PPAC-benchmark
2023-01-18,Uttar Pradesh,90.26,PPAC-benchmark
2023-01-19,Andhra Pradesh,96.78,PPAC-benchmark
2023-01-19,Delhi,87.78,PPAC-benchmark
2023-01-19,Gujarat,88.45,PPAC-benchmark
2023-01-19,Haryana,90.97,PPAC-benchmark
2023-01-19,Karnataka,93.16,PPAC-benchmark
2023-01-19,Madhya Pradesh,93.58,PPAC-benchmark
2023-01-19,Maharashtra,95.8,PPAC-benchmark
2023-01-19,Punjab,91.71,PPAC-benchmark
2023-01-19,Rajasthan,94.35,PPAC-benchmark
2023-01-19,Telangana,95.56,PPAC-benchmark
2023-01-19,West Bengal,92.78,PPAC-benchmark
2023-01-20,Gujarat,88.66,PPAC-benchmark
2023-01-20,Haryana,91.09,PPAC-benchmark
2023-01-20,Karnataka,93.27,PPAC-benchmark
2023-01-20,Maharashtra,95.81,PPAC-benchmark
2023-01-20,Punjab,91.59,PPAC-benchmark
2023-01-20,Rajasthan,94.43,PPAC-benchmark
2023-01-20,Tamil Nadu,92.01,PPAC-benchmark
2023-01-20,Telangana,95.55,PPAC-benchmark
2023-01-20,Uttar Pradesh,90.26,PPAC-benchmark
2023-01-20,West Bengal,92.87,PPAC-benchmark
2023-01-21,Andhra Pradesh,96.9,PPAC-benchmark
2023-01-21,Delhi,87.9,PPAC-benchmark
2023-01-21,Gujarat,88.57,PPAC-benchmark
2023-01-21,Haryana,91.01,PPAC-benchmark
2023-01-21,Karnataka,93.19,PPAC-benchmark
2023-01-21,Madhya Pradesh,93.55,PPAC-benchmark
2023-01-21,Maharashtra,95.98,PPAC-benchmark
2023-01-21,Punjab,91.63,PPAC-benchmark
2023-01-21,Rajasthan,94.48,PPAC-benchmark
2023-01-21,Tamil Nadu,92.15,PPAC-benchmark
2023-01-21,Telangana,95.66,PPAC-benchmark
2023-01-21,Uttar Pradesh,90.4,PPAC-benchmark
2023-01-21,West Bengal,92.69,PPAC-benchmark
2023-01-22,Andhra Pradesh,96.82,PPAC-benchmark
2023-01-22,Delhi,87.91,PPAC-benchmark
2023-01-22,Gujarat,88.68,PPAC-benchmark
2023-01-22,Haryana,91.08,PPAC-benchmark
2023-01-22,Karnataka,93.46,PPAC-benchmark
2023-01-22,Madhya Pradesh,93.7,PPAC-benchmark
2023-01-22,Maharashtra,96.03,PPAC-benchmark
2023-01-22,Punjab,91.78,PPAC-benchmark
2023-01-22,Rajasthan,94.51,PPAC-benchmark
2023-01-22,Tamil Nadu,92.08,PPAC-benchmark
2023-01-22,Telangana,95.63,PPAC-benchmark
2023-01-22,Uttar Pradesh,90.31,PPAC-benchmark
2023-01-23,Andhra Pradesh,96.88,PPAC-benchmark
2023-01-23,Delhi,88.09,PPAC-benchmark
2023-01-23,Gujarat,88.73,PPAC-benchmark
2023-01-23,Haryana,91.2,PPAC-benchmark
2023-01-23,Karnataka,93.27,PPAC-benchmark
2023-01-23,Madhya Pradesh,93.76,PPAC-benchmark
2023-01-23,Maharashtra,96.09,PPAC-benchmark
2023-01-23,Punjab,91.8,PPAC-benchmark
2023-01-23,Rajasthan,94.64,PPAC-benchmark
2023-01-23,Tamil Nadu,92.24,PPAC-benchmark
2023-01-23,Telangana,95.72,PPAC-benchmark
2023-01-23,Uttar Pradesh,90.37,PPAC-benchmark
2023-01-23,West Bengal,92.95,PPAC-benchmark
2023-01-24,Andhra Pradesh,96.94,PPAC-benchmark
2023-01-24,Delhi,88.01,PPAC-benchmark
2023-01-24,Gujarat,88.7,PPAC-benchmark
2023-01-24,Haryana,91.13,PPAC-benchmark
2023-01-24,Karnataka,93.38,PPAC-benchmark
2023-01-24,Madhya Pradesh,93.78,PPAC-benchmark
2023-01-24,Maharashtra,96.04,PPAC-benchmark
2023-01-24,Rajasthan,94.59,PPAC-benchmark
2023-01-24,Tamil Nadu,92.24,PPAC-benchmark
2023-01-24,Telangana,95.78,PPAC-benchmark
2023-01-24,Uttar Pradesh,90.42,PPAC-benchmark
2023-01-24,West Bengal,92.97,PPAC-benchmark
2023-01-25,Andhra Pradesh,96.97,PPAC-benchmark
2023-01-25,Delhi,88.01,PPAC-benchmark
2023-01-25,Gujarat,88.78,PPAC-benchmark
2023-01-25,Haryana,91.25,PPAC-benchmark
2023-01-25,Karnataka,93.46,PPAC-benchmark
2023-01-25,Madhya Pradesh,93.77,PPAC-benchmark
2023-01-25,Maharashtra,95.94,PPAC-benchmark
2023-01-25,Punjab,91.86,PPAC-benchmark
2023-01-25,Tamil Nadu,92.23,PPAC-benchmark
2023-01-25,Telangana,95.75,PPAC-benchmark
2023-01-25,Uttar Pradesh,90.49,PPAC-benchmark
2023-01-25,West Bengal,93.03,PPAC-benchmark
2023-01-26,Delhi,88.08,PPAC-benchmark
2023-01-26,Gujarat,88.81,PPAC-benchmark
2023-01-26,Haryana,91.33,PPAC-benchmark
2023-01-26,Karnataka,93.56,PPAC-benchmark
2023-01-26,Madhya Pradesh,93.75,PPAC-benchmark
2023-01-26,Maharashtra,96.11,PPAC-benchmark
2023-01-26,Punjab,91.86,PPAC-benchmark
2023-01-26,Rajasthan,94.72,PPAC-benchmark
2023-01-26,Tamil Nadu,92.21,PPAC-benchmark
2023-01-26,Telangana,95.78,PPAC-benchmark
2023-01-26,Uttar Pradesh,90.52,PPAC-benchmark
2023-01-26,West Bengal,92.98,PPAC-benchmark
2023-01-27,Delhi,88.0,PPAC-benchmark
2023-01-27,Gujarat,88.77,PPAC-benchmark
2023-01-27,Haryana,91.39,PPAC-benchmark
2023-01-27,Karnataka,93.47,PPAC-benchmark
2023-01-27,Madhya Pradesh,93.81,PPAC-benchmark
2023-01-27,Maharashtra,96.11,PPAC-benchmark
2023-01-27,Punjab,91.93,PPAC-benchmark
2023-01-27,Rajasthan,94.73,PPAC-benchmark
2023-01-27,Tamil Nadu,92.31,PPAC-benchmark
2023-01-27,Telangana,95.83,PPAC-benchmark
2023-01-27,Uttar Pradesh,90.43,PPAC-benchmark
2023-01-27,West Bengal,92.88,PPAC-benchmark
2023-01-28,Andhra Pradesh,96.98,PPAC-benchmark
2023-01-28,Delhi,88.09,PPAC-benchmark
2023-01-28,Gujarat,88.82,PPAC-benchmark
2023-01-28,Haryana,91.31,PPAC-benchmark
2023-01-28,Karnataka,93.42,PPAC-benchmark
2023-01-28,Madhya Pradesh,93.76,PPAC-benchmark
2023-01-28,Maharashtra,96.13,PPAC-benchmark
2023-01-28,Punjab,91.99,PPAC-benchmark
2023-01-28,Rajasthan,94.69,PPAC-benchmark
2023-01-28,Tamil Nadu,92.28,PPAC-benchmark
2023-01-28,Telangana,95.84,PPAC-benchmark
2023-01-28,Uttar Pradesh,90.56,PPAC-benchmark
2023-01-28,West Bengal,92.92,PPAC-benchmark
2023-01-29,Andhra Pradesh,96.95,PPAC-benchmark
2023-01-29,Delhi,88.06,PPAC-benchmark
2023-01-29,Gujarat,88.77,PPAC-benchmark
2023-01-29,Haryana,91.33,PPAC-benchmark
2023-01-29,Karnataka,93.59,PPAC-benchmark
2023-01-29,Madhya Pradesh,93.89,PPAC-benchmark
2023-01-29,Maharashtra,96.19,PPAC-benchmark
2023-01-29,Punjab,91.98,PPAC-benchmark
2023-01-29,Rajasthan,94.73,PPAC-benchmark
2023-01-29,Tamil Nadu,92.27,PPAC-benchmark
2023-01-29,Telangana,95.83,PPAC-benchmark
2023-01-29,Uttar Pradesh,90.52,PPAC-benchmark
2023-01-29,West Bengal,93.05,PPAC-benchmark
2023-01-30,Andhra Pradesh,97.11,PPAC-benchmark
2023-01-30,Delhi,88.23,PPAC-benchmark
2023-01-30,Gujarat,88.89,PPAC-benchmark
2023-01-30,Haryana,91.43,PPAC-benchmark
2023-01-30,Karnataka,93.51,PPAC-benchmark
2023-01-30,Madhya Pradesh,93.95,PPAC-benchmark
2023-01-30,Maharashtra,96.07,PPAC-benchmark
2023-01-30,Punjab,91.94,PPAC-benchmark
2023-01-30,Rajasthan,94.83,PPAC-benchmark
2023-01-30,Tamil Nadu,92.43,PPAC-benchmark
2023-01-30,Telangana,95.82,PPAC-benchmark
2023-01-30,Uttar Pradesh,90.64,PPAC-benchmark
2023-01-30,West Bengal,93.09,PPAC-benchmark
2023-01-31,Andhra Pradesh,97.1,PPAC-benchmark
2023-01-31,Delhi,88.22,PPAC-benchmark
2023-01-31,Gujarat,88.94,PPAC-benchmark
2023-01-31,Haryana,91.36,PPAC-benchmark
2023-01-31,Madhya Pradesh,94.03,PPAC-benchmark
2023-01-31,Maharashtra,96.16,PPAC-benchmark
2023-01-31,Punjab,92.07,PPAC-benchmark
2023-01-31,Rajasthan,94.83,PPAC-benchmark
2023-01-31,Tamil Nadu,92.35,PPAC-benchmark
2023-01-31,Telangana,95.88,PPAC-benchmark
2023-01-31,Uttar Pradesh,90.55,PPAC-benchmark
2023-01-31,West Bengal,93.15,PPAC-benchmark
2023-02-01,Andhra Pradesh,97.04,PPAC-benchmark
2023-02-01,Delhi,88.26,PPAC-benchmark
2023-02-01,Gujarat,89.03,PPAC-benchmark
2023-02-01,Haryana,91.34,PPAC-benchmark
2023-02-01,Karnataka,93.61,PPAC-benchmark
2023-02-01,Madhya Pradesh,93.96,PPAC-benchmark
2023-02-01,Maharashtra,96.19,PPAC-benchmark
2023-02-01,Punjab,92.03,PPAC-benchmark
2023-02-01,Rajasthan,94.83,PPAC-benchmark
2023-02-01,Tamil Nadu,92.47,PPAC-benchmark
2023-02-01,Telangana,95.89,PPAC-benchmark
2023-02-01,Uttar Pradesh,90.51,PPAC-benchmark
2023-02-01,West Bengal,93.21,PPAC-benchmark
2023-02-02,Andhra Pradesh,97.17,PPAC-benchmark
2023-02-02,Delhi,88.18,PPAC-benchmark
2023-02-02,Gujarat,89.02,PPAC-benchmark
2023-02-02,Haryana,91.39,PPAC-benchmark
2023-02-02,Karnataka,93.65,PPAC-benchmark
2023-02-02,Madhya Pradesh,93.96,PPAC-benchmark
2023-02-02,Maharashtra,96.27,PPAC-benchmark
2023-02-02,Punjab,92.13,PPAC-benchmark
2023-02-02,Rajasthan,94.92,PPAC-benchmark
2023-02-02,Tamil Nadu,92.43,PPAC-benchmark
2023-02-02,Telangana,96.0,PPAC-benchmark
2023-02-02,Uttar Pradesh,90.7,PPAC-benchmark
2023-02-02,West Bengal,93.22,PPAC-benchmark
2023-02-03,Andhra Pradesh,97.22,PPAC-benchmark
2023-02-03,Delhi,88.41,PPAC-benchmark
2023-02-03,Gujarat,89.08,PPAC-benchmark
2023-02-03,Haryana,91.43,PPAC-benchmark
2023-02-03,Karnataka,93.83,PPAC-benchmark
2023-02-03,Madhya Pradesh,93.93,PPAC-benchmark
2023-02-03,Maharashtra,96.23,PPAC-benchmark
2023-02-03,Punjab,92.11,PPAC-benchmark
2023-02-03,Rajasthan,94.88,PPAC-benchmark
2023-02-03,Tamil Nadu,92.51,PPAC-benchmark
2023-02-03,Uttar Pradesh,90.77,PPAC-benchmark
2023-02-03,West Bengal,93.22,PPAC-benchmark
2023-02-04,Andhra Pradesh,97.24,PPAC-benchmark
2023-02-04,Delhi,88.38,PPAC-benchmark
2023-02-04,Gujarat,89.0,PPAC-benchmark
2023-02-04,Haryana,91.59,PPAC-benchmark
2023-02-04,Karnataka,93.72,PPAC-benchmark
2023-02-04,Madhya Pradesh,94.07,PPAC-benchmark
2023-02-04,Maharashtra,96.4,PPAC-benchmark
2023-02-04,Punjab,92.18,PPAC-benchmark
2023-02-04,Rajasthan,94.93,PPAC-benchmark
2023-02-04,Tamil Nadu,92.56,PPAC-benchmark
2023-02-04,Telangana,96.03,PPAC-benchmark
2023-02-04,Uttar Pradesh,90.8,PPAC-benchmark
2023-02-04,West Bengal,93.27,PPAC-benchmark
2023-02-05,Andhra Pradesh,97.24,PPAC-benchmark
2023-02-05,Delhi,88.43,PPAC-benchmark
2023-02-05,Gujarat,89.09,PPAC-benchmark
2023-02-05,Haryana,91.46,PPAC-benchmark
2023-02-05,Karnataka,93.76,PPAC-benchmark
2023-02-05,Madhya Pradesh,93.99,PPAC-benchmark
2023-02-05,Maharashtra,96.36,PPAC-benchmark
2023-02-05,Punjab,92.13,PPAC-benchmark
2023-02-05,Rajasthan,94.95,PPAC-benchmark
2023-02-05,Tamil Nadu,92.61,PPAC-benchmark
2023-02-05,Telangana,95.98,PPAC-benchmark
2023-02-05,Uttar Pradesh,90.77,PPAC-benchmark
2023-02-05,West Bengal,93.22,PPAC-benchmark
2023-02-06,Andhra Pradesh,97.31,PPAC-benchmark
2023-02-06,Delhi,88.33,PPAC-benchmark
2023-02-06,Gujarat,89.04,PPAC-benchmark
2023-02-06,Haryana,91.68,PPAC-benchmark
2023-02-06,Karnataka,93.8,PPAC-benchmark
2023-02-06,Madhya Pradesh,94.07,PPAC-benchmark
2023-02-06,Punjab,92.23,PPAC-benchmark
2023-02-06,Rajasthan,94.97,PPAC-benchmark
2023-02-06,Tamil Nadu,92.58,PPAC-benchmark
2023-02-06,Telangana,96.01,PPAC-benchmark
2023-02-06,Uttar Pradesh,90.76,PPAC-benchmark
2023-02-06,West Bengal,93.23,PPAC-benchmark
2023-02-07,Andhra Pradesh,97.31,PPAC-benchmark
2023-02-07,Delhi,88.44,PPAC-benchmark
2023-02-07,Gujarat,89.06,PPAC-benchmark
2023-02-07,Haryana,91.63,PPAC-benchmark
2023-02-07,Karnataka,93.87,PPAC-benchmark
2023-02-07,Madhya Pradesh,94.06,PPAC-benchmark
2023-02-07,Maharashtra,96.42,PPAC-benchmark
2023-02-07,Punjab,92.13,PPAC-benchmark
2023-02-07,Rajasthan,95.02,PPAC-benchmark
2023-02-07,Tamil Nadu,92.61,PPAC-benchmark
2023-02-07,Telangana,96.13,PPAC-benchmark
2023-02-07,Uttar Pradesh,90.8,PPAC-benchmark
2023-02-07,West Bengal,93.3,PPAC-benchmark
2023-02-08,Andhra Pradesh,97.34,PPAC-benchmark
2023-02-08,Delhi,88.45,PPAC-benchmark
2023-02-08,Gujarat,89.17,PPAC-benchmark
2023-02-08,Haryana,91.64,PPAC-benchmark
2023-02-08,Karnataka,93.81,PPAC-benchmark
2023-02-08,Madhya Pradesh,94.08,PPAC-benchmark
2023-02-08,Maharashtra,96.41,PPAC-benchmark
2023-02-08,Punjab,92.16,PPAC-benchmark
2023-02-08,Rajasthan,95.06,PPAC-benchmark
2023-02-08,Tamil Nadu,92.66,PPAC-benchmark
2023-02-08,Telangana,96.09,PPAC-benchmark
2023-02-08,Uttar Pradesh,90.81,PPAC-benchmark
2023-02-08,West Bengal,93.38,PPAC-benchmark
2023-02-09,Andhra Pradesh,97.35,PPAC-benchmark
2023-02-09,Delhi,88.41,PPAC-benchmark
2023-02-09,Gujarat,89.08,PPAC-benchmark
2023-02-09,Haryana,91.64,PPAC-benchmark
2023-02-09,Karnataka,93.86,PPAC-benchmark
2023-02-09,Madhya Pradesh,94.14,PPAC-benchmark
2023-02-09,Maharashtra,96.43,PPAC-benchmark
2023-02-09,Punjab,92.23,PPAC-benchmark
2023-02-09,Rajasthan,95.07,PPAC-benchmark
2023-02-09,Tamil Nadu,92.61,PPAC-benchmark
2023-02-09,Telangana,96.22,PPAC-benchmark
2023-02-09,Uttar Pradesh,90.86,PPAC-benchmark
2023-02-09,West Bengal,93.41,PPAC-benchmark
2023-02-10,Delhi,88.4,PPAC-benchmark
2023-02-10,Gujarat,89.24,PPAC-benchmark
2023-02-10,Haryana,91.65,PPAC-benchmark
2023-02-10,Karnataka,93.88,PPAC-benchmark
2023-02-10,Madhya Pradesh,94.18,PPAC-benchmark
2023-02-10,Maharashtra,96.55,PPAC-benchmark
2023-02-10,Punjab,92.14,PPAC-benchmark
2023-02-10,Rajasthan,95.03,PPAC-benchmark
2023-02-10,Tamil Nadu,92.7,PPAC-benchmark
2023-02-10,Telangana,96.17,PPAC-benchmark
2023-02-10,Uttar Pradesh,90.91,PPAC-benchmark
2023-02-10,West Bengal,93.38,PPAC-benchmark
2023-02-11,Andhra Pradesh,97.37,PPAC-benchmark
2023-02-11,Delhi,88.45,PPAC-benchmark
2023-02-11,Gujarat,89.13,PPAC-benchmark
2023-02-11,Haryana,91.69,PPAC-benchmark
2023-02-11,Karnataka,93.91,PPAC-benchmark
2023-02-11,Madhya Pradesh,94.16,PPAC-benchmark
2023-02-11,Maharashtra,96.56,PPAC-benchmark
2023-02-11,Punjab,92.39,PPAC-benchmark
2023-02-11,Rajasthan,95.11,PPAC-benchmark
2023-02-11,Tamil Nadu,92.68,PPAC-benchmark
2023-02-11,Telangana,96.21,PPAC-benchmark
2023-02-11,Uttar Pradesh,90.96,PPAC-benchmark
2023-02-11,West Bengal,93.42,PPAC-benchmark
2023-02-12,Delhi,88.49,PPAC-benchmark
2023-02-12,Gujarat,89.23,PPAC-benchmark
2023-02-12,Haryana,91.63,PPAC-benchmark
2023-02-12,Karnataka,93.9,PPAC-benchmark
2023-02-12,Madhya Pradesh,94.2,PPAC-benchmark
2023-02-12,Maharashtra,96.36,PPAC-benchmark
2023-02-12,Punjab,92.28,PPAC-benchmark
2023-02-12,Rajasthan,95.18,PPAC-benchmark
2023-02-12,Tamil Nadu,92.78,PPAC-benchmark
2023-02-12,Telangana,96.23,PPAC-benchmark
2023-02-12,Uttar Pradesh,90.9,PPAC-benchmark
2023-02-12,West Bengal,93.44,PPAC-benchmark
2023-02-13,Andhra Pradesh,97.37,PPAC-benchmark
2023-02-13,Delhi,88.47,PPAC-benchmark
2023-02-13,Gujarat,89.13,PPAC-benchmark
2023-02-13,Haryana,91.77,PPAC-benchmark
2023-02-13,Karnataka,93.85,PPAC-benchmark
2023-02-13,Madhya Pradesh,94.23,PPAC-benchmark
2023-02-13,Maharashtra,96.55,PPAC-benchmark
2023-02-13,Punjab,92.2,PPAC-benchmark
2023-02-13,Rajasthan,95.17,PPAC-benchmark
2023-02-13,Tamil Nadu,92.75,PPAC-benchmark
2023-02-13,Telangana,96.23,PPAC-benchmark
2023-02-13,Uttar Pradesh,90.9,PPAC-benchmark
2023-02-13,West Bengal,93.29,PPAC-benchmark
2023-02-14,Delhi,88.55,PPAC-benchmark
2023-02-14,Gujarat,89.29,PPAC-benchmark
2023-02-14,Haryana,91.71,PPAC-benchmark
2023-02-14,Karnataka,93.94,PPAC-benchmark
2023-02-14,Madhya Pradesh,94.2,PPAC-benchmark
2023-02-14,Maharashtra,96.51,PPAC-benchmark
2023-02-14,Punjab,92.39,PPAC-benchmark
2023-02-14,Rajasthan,95.16,PPAC-benchmark
2023-02-14,Tamil Nadu,92.72,PPAC-benchmark
2023-02-14,Telangana,96.3,PPAC-benchmark
2023-02-14,Uttar Pradesh,90.84,PPAC-benchmark
2023-02-14,West Bengal,93.4,PPAC-benchmark
2023-02-15,Andhra Pradesh,97.46,PPAC-benchmark
2023-02-15,Delhi,88.56,PPAC-benchmark
2023-02-15,Gujarat,89.31,PPAC-benchmark
2023-02-15,Haryana,91.71,PPAC-benchmark
2023-02-15,Madhya Pradesh,94.24,PPAC-benchmark
2023-02-15,Maharashtra,96.58,PPAC-benchmark
2023-02-15,Punjab,92.28,PPAC-benchmark
2023-02-15,Rajasthan,95.01,PPAC-benchmark
2023-02-15,Tamil Nadu,92.74,PPAC-benchmark
2023-02-15,Telangana,96.26,PPAC-benchmark
2023-02-15,Uttar Pradesh,90.96,PPAC-benchmark
2023-02-15,West Bengal,93.49,PPAC-benchmark
2023-02-16,Andhra Pradesh,97.44,PPAC-benchmark
2023-02-16,Delhi,88.64,PPAC-benchmark
2023-02-16,Gujarat,89.28,PPAC-benchmark
2023-02-16,Haryana,91.76,PPAC-benchmark
2023-02-16,Karnataka,94.05,PPAC-benchmark
2023-02-16,Madhya Pradesh,94.29,PPAC-benchmark
2023-02-16,Maharashtra,96.62,PPAC-benchmark
2023-02-16,Punjab,92.4,PPAC-benchmark
2023-02-16,Rajasthan,95.26,PPAC-benchmark
2023-02-16,Tamil Nadu,92.75,PPAC-benchmark
2023-02-16,Telangana,96.31,PPAC-benchmark
2023-02-16,Uttar Pradesh,91.01,PPAC-benchmark
2023-02-16,West Bengal,93.43,PPAC-benchmark
2023-02-17,Andhra Pradesh,97.47,PPAC-benchmark
2023-02-17,Delhi,88.6,PPAC-benchmark
2023-02-17,Gujarat,89.24,PPAC-benchmark
2023-02-17,Haryana,91.79,PPAC-benchmark
2023-02-17,Karnataka,93.97,PPAC-benchmark
2023-02-17,Madhya Pradesh,94.31,PPAC-benchmark
2023-02-17,Maharashtra,96.56,PPAC-benchmark
2023-02-17,Punjab,92.29,PPAC-benchmark
2023-02-17,Rajasthan,95.31,PPAC-benchmark
2023-02-17,Tamil Nadu,92.85,PPAC-benchmark
2023-02-17,Telangana,96.39,PPAC-benchmark
2023-02-17,Uttar Pradesh,91.02,PPAC-benchmark
2023-02-17,West Bengal,93.53,PPAC-benchmark
2023-02-18,Andhra Pradesh,97.52,PPAC-benchmark
2023-02-18,Delhi,88.71,PPAC-benchmark
2023-02-18,Gujarat,89.41,PPAC-benchmark
2023-02-18,Haryana,91.88,PPAC-benchmark
2023-02-18,Karnataka,94.01,PPAC-benchmark
2023-02-18,Madhya Pradesh,94.38,PPAC-benchmark
2023-02-18,Maharashtra,96.58,PPAC-benchmark
2023-02-18,Punjab,92.42,PPAC-benchmark
2023-02-18,Rajasthan,95.28,PPAC-benchmark
2023-02-18,Tamil Nadu,92.83,PPAC-benchmark
2023-02-18,Telangana,96.36,PPAC-benchmark
2023-02-18,Uttar Pradesh,90.99,PPAC-benchmark
2023-02-18,West Bengal,93.54,PPAC-benchmark
2023-02-19,Andhra Pradesh,97.51,PPAC-benchmark
2023-02-19,Delhi,88.68,PPAC-benchmark
2023-02-19,Haryana,91.75,PPAC-benchmark
2023-02-19,Karnataka,94.08,PPAC-benchmark
2023-02-19,Madhya Pradesh,94.39,PPAC-benchmark
2023-02-19,Maharashtra,96.75,PPAC-benchmark
2023-02-19,Punjab,92.5,PPAC-benchmark
2023-02-19,Rajasthan,95.28,PPAC-benchmark
2023-02-19,Tamil Nadu,92.84,PPAC-benchmark
2023-02-19,Telangana,96.39,PPAC-benchmark
2023-02-19,Uttar Pradesh,91.1,PPAC-benchmark
2023-02-19,West Bengal,93.51,PPAC-benchmark
2023-02-20,Andhra Pradesh,97.56,PPAC-benchmark
2023-02-20,Delhi,88.72,PPAC-benchmark
2023-02-20,Gujarat,89.4,PPAC-benchmark
2023-02-20,Haryana,91.87,PPAC-benchmark
2023-02-20,Karnataka,94.12,PPAC-benchmark
2023-02-20,Madhya Pradesh,94.47,PPAC-benchmark
2023-02-20,Maharashtra,96.66,PPAC-benchmark
2023-02-20,Punjab,92.47,PPAC-benchmark
2023-02-20,Rajasthan,95.26,PPAC-benchmark
2023-02-20,Tamil Nadu,92.92,PPAC-benchmark
2023-02-20,Uttar Pradesh,91.11,PPAC-benchmark
2023-02-20,West Bengal,93.58,PPAC-benchmark
2023-02-21,Andhra Pradesh,97.63,PPAC-benchmark
2023-02-21,Delhi,88.63,PPAC-benchmark
2023-02-21,Gujarat,89.34,PPAC-benchmark
2023-02-21,Haryana,91.92,PPAC-benchmark
2023-02-21,Karnataka,94.13,PPAC-benchmark
2023-02-21,Madhya Pradesh,94.46,PPAC-benchmark
2023-02-21,Maharashtra,96.73,PPAC-benchmark
2023-02-21,Punjab,92.54,PPAC-benchmark
2023-02-21,Rajasthan,95.37,PPAC-benchmark
2023-02-21,Tamil Nadu,92.99,PPAC-benchmark
2023-02-21,Telangana,96.41,PPAC-benchmark
2023-02-21,Uttar Pradesh,91.05,PPAC-benchmark
2023-02-21,West Bengal,93.68,PPAC-benchmark
2023-02-22,Andhra Pradesh,97.67,PPAC-benchmark
2023-02-22,Delhi,88.67,PPAC-benchmark
2023-02-22,Gujarat,89.33,PPAC-benchmark
2023-02-22,Haryana,92.06,PPAC-benchmark
2023-02-22,Karnataka,94.14,PPAC-benchmark
2023-02-22,Madhya Pradesh,94.43,PPAC-benchmark
2023-02-22,Maharashtra,96.67,PPAC-benchmark
2023-02-22,Punjab,92.51,PPAC-benchmark
2023-02-22,Rajasthan,95.35,PPAC-benchmark
2023-02-22,Tamil Nadu,92.96,PPAC-benchmark
2023-02-22,Telangana,96.61,PPAC-benchmark
2023-02-22,Uttar Pradesh,91.14,PPAC-benchmark
2023-02-22,West Bengal,93.57,PPAC-benchmark
2023-02-23,Andhra Pradesh,97.66,PPAC-benchmark
2023-02-23,Delhi,88.76,PPAC-benchmark
2023-02-23,Gujarat,89.48,PPAC-benchmark
2023-02-23,Haryana,91.91,PPAC-benchmark
2023-02-23,Karnataka,94.24,PPAC-benchmark
2023-02-23,Madhya Pradesh,94.42,PPAC-benchmark
2023-02-23,Maharashtra,96.74,PPAC-benchmark
2023-02-23,Punjab,92.61,PPAC-benchmark
2023-02-23,Rajasthan,95.42,PPAC-benchmark
2023-02-23,Tamil Nadu,92.98,PPAC-benchmark
2023-02-23,Telangana,96.49,PPAC-benchmark
2023-02-23,Uttar Pradesh,91.22,PPAC-benchmark
2023-02-23,West Bengal,93.67,PPAC-benchmark
2023-02-24,Andhra Pradesh,97.68,PPAC-benchmark
2023-02-24,Gujarat,89.48,PPAC-benchmark
2023-02-24,Karnataka,94.24,PPAC-benchmark
2023-02-24,Madhya Pradesh,94.45,PPAC-benchmark
2023-02-24,Maharashtra,96.74,PPAC-benchmark
2023-02-24,Punjab,92.61,PPAC-benchmark
2023-02-24,Rajasthan,95.48,PPAC-benchmark
2023-02-24,Tamil Nadu,92.93,PPAC-benchmark
2023-02-24,Telangana,96.42,PPAC-benchmark
2023-02-24,Uttar Pradesh,91.16,PPAC-benchmark
2023-02-25,Andhra Pradesh,97.67,PPAC-benchmark
2023-02-25,Delhi,88.84,PPAC-benchmark
2023-02-25,Gujarat,89.49,PPAC-benchmark
2023-02-25,Haryana,92.01,PPAC-benchmark
2023-02-25,Karnataka,94.27,PPAC-benchmark
2023-02-25,Madhya Pradesh,94.46,PPAC-benchmark
2023-02-25,Maharashtra,96.76,PPAC-benchmark
2023-02-25,Punjab,92.6,PPAC-benchmark
2023-02-25,Rajasthan,95.35,PPAC-benchmark
2023-02-25,Tamil Nadu,93.09,PPAC-benchmark
2023-02-25,Telangana,96.48,PPAC-benchmark
2023-02-25,Uttar Pradesh,91.21,PPAC-benchmark
2023-02-25,West Bengal,93.66,PPAC-benchmark
2023-02-26,Andhra Pradesh,97.72,PPAC-benchmark
2023-02-26,Delhi,88.78,PPAC-benchmark
2023-02-26,Gujarat,89.47,PPAC-benchmark
2023-02-26,Haryana,91.94,PPAC-benchmark
2023-02-26,Karnataka,94.34,PPAC-benchmark
2023-02-26,Madhya Pradesh,94.53,PPAC-benchmark
2023-02-26,Maharashtra,96.9,PPAC-benchmark
2023-02-26,Punjab,92.69,PPAC-benchmark
2023-02-26,Rajasthan,95.33,PPAC-benchmark
2023-02-26,Tamil Nadu,92.97,PPAC-benchmark
2023-02-26,Telangana,96.57,PPAC-benchmark
2023-02-26,Uttar Pradesh,91.11,PPAC-benchmark
2023-02-26,West Bengal,93.64,PPAC-benchmark
2023-02-27,Andhra Pradesh,97.7,PPAC-benchmark
2023-02-27,Delhi,88.79,PPAC-benchmark
2023-02-27,Haryana,92.1,PPAC-benchmark
2023-02-27,Karnataka,94.3,PPAC-benchmark
2023-02-27,Madhya Pradesh,94.4,PPAC-benchmark
2023-02-27,Maharashtra,96.88,PPAC-benchmark
2023-02-27,Punjab,92.65,PPAC-benchmark
2023-02-27,Tamil Nadu,93.03,PPAC-benchmark
2023-02-27,Telangana,96.61,PPAC-benchmark
2023-02-27,West Bengal,93.66,PPAC-benchmark
2023-02-28,Andhra Pradesh,97.73,PPAC-benchmark
2023-02-28,Delhi,88.8,PPAC-benchmark
2023-02-28,Gujarat,89.46,PPAC-benchmark
2023-02-28,Haryana,92.1,PPAC-benchmark
2023-02-28,Karnataka,94.15,PPAC-benchmark
2023-02-28,Madhya Pradesh,94.48,PPAC-benchmark
2023-02-28,Maharashtra,96.79,PPAC-benchmark
2023-02-28,Punjab,92.56,PPAC-benchmark
2023-02-28,Tamil Nadu,93.11,PPAC-benchmark
2023-02-28,Telangana,96.51,PPAC-benchmark
2023-02-28,West Bengal,93.61,PPAC-benchmark
2023-03-01,Andhra Pradesh,97.81,PPAC-benchmark
2023-03-01,Delhi,88.81,PPAC-benchmark
2023-03-01,Gujarat,89.45,PPAC-benchmark
2023-03-01,Haryana,92.05,PPAC-benchmark
2023-03-01,Karnataka,94.19,PPAC-benchmark
2023-03-01,Madhya Pradesh,94.54,PPAC-benchmark
2023-03-01,Maharashtra,96.93,PPAC-benchmark
2023-03-01,Punjab,92.7,PPAC-benchmark
2023-03-01,Rajasthan,95.41,PPAC-benchmark
2023-03-01,Tamil Nadu,93.06,PPAC-benchmark
2023-03-01,Telangana,96.52,PPAC-benchmark
2023-03-01,Uttar Pradesh,91.18,PPAC-benchmark
2023-03-01,West Bengal,93.69,PPAC-benchmark
2023-03-02,Andhra Pradesh,97.76,PPAC-benchmark
2023-03-02,Delhi,88.9,PPAC-benchmark
2023-03-02,Gujarat,89.57,PPAC-benchmark
2023-03-02,Haryana,92.08,PPAC-benchmark
2023-03-02,Karnataka,94.2,PPAC-benchmark
2023-03-02,Madhya Pradesh,94.53,PPAC-benchmark
2023-03-02,Maharashtra,96.87,PPAC-benchmark
2023-03-02,Punjab,92.75,PPAC-benchmark
2023-03-02,Rajasthan,95.49,PPAC-benchmark
2023-03-02,Tamil Nadu,93.15,PPAC-benchmark
2023-03-02,Telangana,96.49,PPAC-benchmark
2023-03-02,Uttar Pradesh,91.25,PPAC-benchmark
2023-03-02,West Bengal,93.64,PPAC-benchmark
2023-03-03,Andhra Pradesh,97.74,PPAC-benchmark
2023-03-03,Delhi,88.88,PPAC-benchmark
2023-03-03,Gujarat,89.58,PPAC-benchmark
2023-03-03,Haryana,92.12,PPAC-benchmark
2023-03-03,Karnataka,94.36,PPAC-benchmark
2023-03-03,Madhya Pradesh,94.55,PPAC-benchmark
2023-03-03,Maharashtra,96.81,PPAC-benchmark
2023-03-03,Punjab,92.72,PPAC-benchmark
2023-03-03,Rajasthan,95.44,PPAC-benchmark
2023-03-03,Tamil Nadu,93.03,PPAC-benchmark
2023-03-03,Telangana,96.58,PPAC-benchmark
2023-03-03,Uttar Pradesh,91.26,PPAC-benchmark
2023-03-03,West Bengal,93.75,PPAC-benchmark
2023-03-04,Andhra Pradesh,97.72,PPAC-benchmark
2023-03-04,Delhi,88.93,PPAC-benchmark
2023-03-04,Gujarat,89.54,PPAC-benchmark
2023-03-04,Haryana,92.11,PPAC-benchmark
2023-03-04,Karnataka,94.33,PPAC-benchmark
2023-03-04,Madhya Pradesh,94.64,PPAC-benchmark
2023-03-04,Maharashtra,96.88,PPAC-benchmark
2023-03-04,Rajasthan,95.49,PPAC-benchmark
2023-03-04,Tamil Nadu,93.1,PPAC-benchmark
2023-03-04,Telangana,96.56,PPAC-benchmark
2023-03-04,Uttar Pradesh,91.3,PPAC-benchmark
2023-03-04,West Bengal,93.84,PPAC-benchmark
2023-03-05,Andhra Pradesh,97.75,PPAC-benchmark
2023-03-05,Delhi,88.92,PPAC-benchmark
2023-03-05,Gujarat,89.54,PPAC-benchmark
2023-03-05,Haryana,92.03,PPAC-benchmark
2023-03-05,Karnataka,94.25,PPAC-benchmark
2023-03-05,Madhya Pradesh,94.66,PPAC-benchmark
2023-03-05,Maharashtra,96.82,PPAC-benchmark
2023-03-05,Punjab,92.67,PPAC-benchmark
2023-03-05,Rajasthan,95.46,PPAC-benchmark
2023-03-05,Tamil Nadu,93.02,PPAC-benchmark
2023-03-05,Telangana,96.53,PPAC-benchmark
2023-03-05,Uttar Pradesh,91.29,PPAC-benchmark
2023-03-06,Andhra Pradesh,97.75,PPAC-benchmark
2023-03-06,Delhi,88.93,PPAC-benchmark
2023-03-06,Gujarat,89.57,PPAC-benchmark
2023-03-06,Haryana,92.06,PPAC-benchmark
2023-03-06,Karnataka,94.3,PPAC-benchmark
2023-03-06,Madhya Pradesh,94.63,PPAC-benchmark
2023-03-06,Maharashtra,96.98,PPAC-benchmark
2023-03-06,Punjab,92.66,PPAC-benchmark
2023-03-06,Rajasthan,95.55,PPAC-benchmark
2023-03-06,Tamil Nadu,93.12,PPAC-benchmark
2023-03-06,Telangana,96.63,PPAC-benchmark
2023-03-06,Uttar Pradesh,91.24,PPAC-benchmark
2023-03-06,West Bengal,93.76,PPAC-benchmark
2023-03-07,Andhra Pradesh,97.88,PPAC-benchmark
2023-03-07,Delhi,88.88,PPAC-benchmark
2023-03-07,Gujarat,89.63,PPAC-benchmark
2023-03-07,Haryana,92.18,PPAC-benchmark
2023-03-07,Karnataka,94.32,PPAC-benchmark
2023-03-07,Madhya Pradesh,94.69,PPAC-benchmark
2023-03-07,Maharashtra,97.02,PPAC-benchmark
2023-03-07,Punjab,92.73,PPAC-benchmark
2023-03-07,Rajasthan,95.45,PPAC-benchmark
2023-03-07,Tamil Nadu,92.97,PPAC-benchmark
2023-03-07,Telangana,96.61,PPAC-benchmark
2023-03-07,Uttar Pradesh,91.39,PPAC-benchmark
2023-03-07,West Bengal,93.84,PPAC-benchmark
2023-03-08,Andhra Pradesh,97.81,PPAC-benchmark
2023-03-08,Gujarat,89.6,PPAC-benchmark
2023-03-08,Haryana,92.15,PPAC-benchmark
2023-03-08,Karnataka,94.4,PPAC-benchmark
2023-03-08,Madhya Pradesh,94.6,PPAC-benchmark
2023-03-08,Maharashtra,96.92,PPAC-benchmark
2023-03-08,Punjab,92.76,PPAC-benchmark
2023-03-08,Rajasthan,95.43,PPAC-benchmark
2023-03-08,Tamil Nadu,93.05,PPAC-benchmark
2023-03-08,Telangana,96.56,PPAC-benchmark
2023-03-08,Uttar Pradesh,91.29,PPAC-benchmark
2023-03-08,West Bengal,93.77,PPAC-benchmark
2023-03-09,Andhra Pradesh,97.87,PPAC-benchmark
2023-03-09,Delhi,88.92,PPAC-benchmark
2023-03-09,Gujarat,89.6,PPAC-benchmark
2023-03-09,Haryana,92.11,PPAC-benchmark
2023-03-09,Karnataka,94.35,PPAC-benchmark
2023-03-09,Madhya Pradesh,94.54,PPAC-benchmark
2023-03-09,Maharashtra,96.89,PPAC-benchmark
2023-03-09,Rajasthan,95.58,PPAC-benchmark
2023-03-09,Tamil Nadu,93.03,PPAC-benchmark
2023-03-09,Telangana,96.62,PPAC-benchmark
2023-03-09,Uttar Pradesh,91.27,PPAC-benchmark
2023-03-09,West Bengal,93.71,PPAC-benchmark
2023-03-10,Andhra Pradesh,97.81,PPAC-benchmark
2023-03-10,Delhi,88.88,PPAC-benchmark
2023-03-10,Gujarat,89.57,PPAC-benchmark
2023-03-10,Haryana,92.09,PPAC-benchmark
2023-03-10,Karnataka,94.39,PPAC-benchmark
2023-03-10,Madhya Pradesh,94.64,PPAC-benchmark
2023-03-10,Maharashtra,96.91,PPAC-benchmark
2023-03-10,Punjab,92.77,PPAC-benchmark
2023-03-10,Rajasthan,95.59,PPAC-benchmark
2023-03-10,Tamil Nadu,93.16,PPAC-benchmark
2023-03-10,Telangana,96.61,PPAC-benchmark
2023-03-10,Uttar Pradesh,91.21,PPAC-benchmark
2023-03-10,West Bengal,93.82,PPAC-benchmark
2023-03-11,Andhra Pradesh,97.9,PPAC-benchmark
2023-03-11,Delhi,88.97,PPAC-benchmark
2023-03-11,Gujarat,89.57,PPAC-benchmark
2023-03-11,Haryana,92.09,PPAC-benchmark
2023-03-11,Karnataka,94.39,PPAC-benchmark
2023-03-11,Madhya Pradesh,94.57,PPAC-benchmark
2023-03-11,Maharashtra,97.0,PPAC-benchmark
2023-03-11,Punjab,92.77,PPAC-benchmark
2023-03-11,Rajasthan,95.5,PPAC-benchmark
2023-03-11,Tamil Nadu,93.12,PPAC-benchmark
2023-03-11,Telangana,96.6,PPAC-benchmark
2023-03-11,Uttar Pradesh,91.24,PPAC-benchmark
2023-03-11,West Bengal,93.84,PPAC-benchmark
2023-03-12,Andhra Pradesh,97.77,PPAC-benchmark
2023-03-12,Delhi,88.89,PPAC-benchmark
2023-03-12,Gujarat,89.74,PPAC-benchmark
2023-03-12,Haryana,92.04,PPAC-benchmark
2023-03-12,Karnataka,94.25,PPAC-benchmark
2023-03-12,Madhya Pradesh,94.61,PPAC-benchmark
2023-03-12,Maharashtra,96.94,PPAC-benchmark
2023-03-12,Punjab,92.81,PPAC-benchmark
2023-03-12,Rajasthan,95.55,PPAC-benchmark
2023-03-12,Tamil Nadu,93.23,PPAC-benchmark
2023-03-12,Telangana,96.61,PPAC-benchmark
2023-03-12,Uttar Pradesh,91.26,PPAC-benchmark
2023-03-13,Andhra Pradesh,97.9,PPAC-benchmark
2023-03-13,Delhi,89.0,PPAC-benchmark
2023-03-13,Gujarat,89.64,PPAC-benchmark
2023-03-13,Haryana,92.15,PPAC-benchmark
2023-03-13,Karnataka,94.28,PPAC-benchmark
2023-03-13,Madhya Pradesh,94.72,PPAC-benchmark
2023-03-13,Maharashtra,96.97,PPAC-benchmark
2023-03-13,Punjab,92.71,PPAC-benchmark
2023-03-13,Rajasthan,95.5,PPAC-benchmark
2023-03-13,Tamil Nadu,93.17,PPAC-benchmark
2023-03-13,Telangana,96.67,PPAC-benchmark
2023-03-13,Uttar Pradesh,91.39,PPAC-benchmark
2023-03-14,Andhra Pradesh,97.9,PPAC-benchmark
2023-03-14,Delhi,88.97,PPAC-benchmark
2023-03-14,Gujarat,89.65,PPAC-benchmark
2023-03-14,Haryana,92.23,PPAC-benchmark
2023-03-14,Karnataka,94.41,PPAC-benchmark
2023-03-14,Maharashtra,96.98,PPAC-benchmark
2023-03-14,Punjab,92.71,PPAC-benchmark
2023-03-14,Tamil Nadu,93.27,PPAC-benchmark
2023-03-14,Telangana,96.73,PPAC-benchmark
2023-03-14,Uttar Pradesh,91.46,PPAC-benchmark
2023-03-14,West Bengal,93.86,PPAC-benchmark
2023-03-15,Andhra Pradesh,97.81,PPAC-benchmark
2023-03-15,Delhi,88.93,PPAC-benchmark
2023-03-15,Gujarat,89.7,PPAC-benchmark
2023-03-15,Haryana,92.19,PPAC-benchmark
2023-03-15,Karnataka,94.37,PPAC-benchmark
2023-03-15,Madhya Pradesh,94.6,PPAC-benchmark
2023-03-15,Punjab,92.64,PPAC-benchmark
2023-03-15,Rajasthan,95.56,PPAC-benchmark
2023-03-15,Tamil Nadu,93.14,PPAC-benchmark
2023-03-15,Telangana,96.73,PPAC-benchmark
2023-03-15,Uttar Pradesh,91.39,PPAC-benchmark
2023-03-15,West Bengal,93.92,PPAC-benchmark
2023-03-16,Andhra Pradesh,97.84,PPAC-benchmark
2023-03-16,Gujarat,89.56,PPAC-benchmark
2023-03-16,Haryana,92.19,PPAC-benchmark
2023-03-16,Karnataka,94.38,PPAC-benchmark
2023-03-16,Madhya Pradesh,94.66,PPAC-benchmark
2023-03-16,Maharashtra,97.04,PPAC-benchmark
2023-03-16,Punjab,92.77,PPAC-benchmark
2023-03-16,Rajasthan,95.57,PPAC-benchmark
2023-03-16,Tamil Nadu,93.23,PPAC-benchmark
2023-03-16,Telangana,96.62,PPAC-benchmark
2023-03-16,West Bengal,93.83,PPAC-benchmark
2023-03-17,Andhra Pradesh,97.84,PPAC-benchmark
2023-03-17,Delhi,88.92,PPAC-benchmark
2023-03-17,Gujarat,89.65,PPAC-benchmark
2023-03-17,Haryana,92.17,PPAC-benchmark
2023-03-17,Karnataka,94.37,PPAC-benchmark
2023-03-17,Madhya Pradesh,94.61,PPAC-benchmark
2023-03-17,Maharashtra,96.96,PPAC-benchmark
2023-03-17,Punjab,92.73,PPAC-benchmark
2023-03-17,Rajasthan,95.61,PPAC-benchmark
2023-03-17,Tamil Nadu,93.04,PPAC-benchmark
2023-03-17,Telangana,96.68,PPAC-benchmark
2023-03-17,Uttar Pradesh,91.27,PPAC-benchmark
2023-03-17,West Bengal,93.81,PPAC-benchmark
2023-03-18,Andhra Pradesh,97.84,PPAC-benchmark
2023-03-18,Delhi,88.87,PPAC-benchmark
2023-03-18,Gujarat,89.68,PPAC-benchmark
2023-03-18,Haryana,92.08,PPAC-benchmark
2023-03-18,Karnataka,94.4,PPAC-benchmark
2023-03-18,Madhya Pradesh,94.69,PPAC-benchmark
2023-03-18,Maharashtra,96.94,PPAC-benchmark
2023-03-18,Punjab,92.67,PPAC-benchmark
2023-03-18,Rajasthan,95.51,PPAC-benchmark
2023-03-18,Tamil Nadu,93.03,PPAC-benchmark
2023-03-18,Telangana,96.7,PPAC-benchmark
2023-03-18,Uttar Pradesh,91.47,PPAC-benchmark
2023-03-18,West Bengal,93.81,PPAC-benchmark
2023-03-19,Andhra Pradesh,97.85,PPAC-benchmark
2023-03-19,Delhi,88.93,PPAC-benchmark
2023-03-19,Gujarat,89.66,PPAC-benchmark
2023-03-19,Haryana,92.17,PPAC-benchmark
2023-03-19,Karnataka,94.37,PPAC-benchmark
2023-03-19,Madhya Pradesh,94.69,PPAC-benchmark
2023-03-19,Maharashtra,97.01,PPAC-benchmark
2023-03-19,Punjab,92.75,PPAC-benchmark
2023-03-19,Rajasthan,95.57,PPAC-benchmark
2023-03-19,Tamil Nadu,93.12,PPAC-benchmark
2023-03-19,Telangana,96.64,PPAC-benchmark
2023-03-19,Uttar Pradesh,91.49,PPAC-benchmark
2023-03-19,West Bengal,93.88,PPAC-benchmark
2023-03-20,Andhra Pradesh,97.8,PPAC-benchmark
2023-03-20,Delhi,88.98,PPAC-benchmark
2023-03-20,Gujarat,89.64,PPAC-benchmark
2023-03-20,Haryana,92.13,PPAC-benchmark
2023-03-20,Madhya Pradesh,94.68,PPAC-benchmark
2023-03-20,Maharashtra,96.95,PPAC-benchmark
2023-03-20,Punjab,92.75,PPAC-benchmark
2023-03-20,Rajasthan,95.6,PPAC-benchmark
2023-03-20,Tamil Nadu,93.18,PPAC-benchmark
2023-03-20,Telangana,96.69,PPAC-benchmark
2023-03-20,Uttar Pradesh,91.46,PPAC-benchmark
2023-03-20,West Bengal,93.87,PPAC-benchmark
2023-03-21,Andhra Pradesh,97.79,PPAC-benchmark
2023-03-21,Delhi,88.97,PPAC-benchmark
2023-03-21,Gujarat,89.72,PPAC-benchmark
2023-03-21,Haryana,92.19,PPAC-benchmark
2023-03-21,Karnataka,94.39,PPAC-benchmark
2023-03-21,Madhya Pradesh,94.62,PPAC-benchmark
2023-03-21,Maharashtra,96.97,PPAC-benchmark
2023-03-21,Punjab,92.73,PPAC-benchmark
2023-03-21,Rajasthan,95.56,PPAC-benchmark
2023-03-21,Tamil Nadu,93.18,PPAC-benchmark
2023-03-21,Telangana,96.67,PPAC-benchmark
2023-03-21,Uttar Pradesh,91.48,PPAC-benchmark
2023-03-21,West Bengal,93.91,PPAC-benchmark
2023-03-22,Andhra Pradesh,97.89,PPAC-benchmark
2023-03-22,Delhi,89.09,PPAC-benchmark
2023-03-22,Gujarat,89.71,PPAC-benchmark
2023-03-22,Haryana,92.21,PPAC-benchmark
2023-03-22,Karnataka,94.42,PPAC-benchmark
2023-03-22,Madhya Pradesh,94.68,PPAC-benchmark
2023-03-22,Maharashtra,97.04,PPAC-benchmark
2023-03-22,Punjab,92.87,PPAC-benchmark
2023-03-22,Rajasthan,95.63,PPAC-benchmark
2023-03-22,Tamil Nadu,93.18,PPAC-benchmark
2023-03-22,Telangana,96.81,PPAC-benchmark
2023-03-22,Uttar Pradesh,91.46,PPAC-benchmark
2023-03-22,West Bengal,93.94,PPAC-benchmark
2023-03-23,Andhra Pradesh,97.89,PPAC-benchmark
2023-03-23,Delhi,89.04,PPAC-benchmark
2023-03-23,Gujarat,89.66,PPAC-benchmark
2023-03-23,Karnataka,94.42,PPAC-benchmark
2023-03-23,Madhya Pradesh,94.78,PPAC-benchmark
2023-03-23,Maharashtra,96.98,PPAC-benchmark
2023-03-23,Punjab,92.84,PPAC-benchmark
2023-03-23,Tamil Nadu,93.17,PPAC-benchmark
2023-03-23,Telangana,96.75,PPAC-benchmark
2023-03-23,Uttar Pradesh,91.41,PPAC-benchmark
2023-03-23,West Bengal,93.88,PPAC-benchmark
2023-03-24,Andhra Pradesh,97.92,PPAC-benchmark
2023-03-24,Delhi,88.99,PPAC-benchmark
2023-03-24,Gujarat,89.77,PPAC-benchmark
2023-03-24,Haryana,92.24,PPAC-benchmark
2023-03-24,Karnataka,94.42,PPAC-benchmark
2023-03-24,Madhya Pradesh,94.76,PPAC-benchmark
2023-03-24,Maharashtra,97.01,PPAC-benchmark
2023-03-24,Punjab,92.91,PPAC-benchmark
2023-03-24,Rajasthan,95.76,PPAC-benchmark
2023-03-24,Tamil Nadu,93.19,PPAC-benchmark
2023-03-24,Telangana,96.77,PPAC-benchmark
2023-03-24,Uttar Pradesh,91.53,PPAC-benchmark
2023-03-24,West Bengal,93.89,PPAC-benchmark
2023-03-25,Andhra Pradesh,98.01,PPAC-benchmark
2023-03-25,Delhi,89.07,PPAC-benchmark
2023-03-25,Gujarat,89.75,PPAC-benchmark
2023-03-25,Haryana,92.22,PPAC-benchmark
2023-03-25,Karnataka,94.5,PPAC-benchmark
2023-03-25,Madhya Pradesh,94.71,PPAC-benchmark
2023-03-25,Maharashtra,96.99,PPAC-benchmark
2023-03-25,Punjab,92.89,PPAC-benchmark
2023-03-25,Rajasthan,95.63,PPAC-benchmark
2023-03-25,Tamil Nadu,93.25,PPAC-benchmark
2023-03-25,Telangana,96.74,PPAC-benchmark
2023-03-25,Uttar Pradesh,91.44,PPAC-benchmark
2023-03-25,West Bengal,93.97,PPAC-benchmark
2023-03-26,Andhra Pradesh,98.0,PPAC-benchmark
2023-03-26,Delhi,89.0,PPAC-benchmark
2023-03-26,Gujarat,89.89,PPAC-benchmark
2023-03-26,Haryana,92.22,PPAC-benchmark
2023-03-26,Karnataka,94.52,PPAC-benchmark
2023-03-26,Madhya Pradesh,94.64,PPAC-benchmark
2023-03-26,Maharashtra,96.99,PPAC-benchmark
2023-03-26,Punjab,92.98,PPAC-benchmark
2023-03-26,Rajasthan,95.63,PPAC-benchmark
2023-03-26,Tamil Nadu,93.23,PPAC-benchmark
2023-03-26,Telangana,96.77,PPAC-benchmark
2023-03-26,Uttar Pradesh,91.41,PPAC-benchmark
2023-03-26,West Bengal,94.0,PPAC-benchmark
2023-03-27,Andhra Pradesh,97.95,PPAC-benchmark
2023-03-27,Delhi,89.05,PPAC-benchmark
2023-03-27,Gujarat,89.77,PPAC-benchmark
2023-03-27,Karnataka,94.48,PPAC-benchmark
2023-03-27,Madhya Pradesh,94.77,PPAC-benchmark
2023-03-27,Maharashtra,97.15,PPAC-benchmark
2023-03-27,Punjab,92.91,PPAC-benchmark
2023-03-27,Rajasthan,95.72,PPAC-benchmark
2023-03-27,Tamil Nadu,93.34,PPAC-benchmark
2023-03-27,Telangana,96.72,PPAC-benchmark
2023-03-27,Uttar Pradesh,91.46,PPAC-benchmark
2023-03-27,West Bengal,94.07,PPAC-benchmark
2023-03-28,Andhra Pradesh,98.03,PPAC-benchmark
2023-03-28,Delhi,89.12,PPAC-benchmark
2023-03-28,Gujarat,89.77,PPAC-benchmark
2023-03-28,Haryana,92.27,PPAC-benchmark
2023-03-28,Karnataka,94.55,PPAC-benchmark
2023-03-28,Madhya Pradesh,94.85,PPAC-benchmark
2023-03-28,Maharashtra,97.01,PPAC-benchmark
2023-03-28,Punjab,92.91,PPAC-benchmark
2023-03-28,Rajasthan,95.71,PPAC-benchmark
2023-03-28,Tamil Nadu,93.25,PPAC-benchmark
2023-03-28,Telangana,96.87,PPAC-benchmark
2023-03-28,Uttar Pradesh,91.48,PPAC-benchmark
2023-03-28,West Bengal,93.99,PPAC-benchmark
2023-03-29,Andhra Pradesh,98.0,PPAC-benchmark
2023-03-29,Delhi,89.15,PPAC-benchmark
2023-03-29,Gujarat,89.78,PPAC-benchmark
2023-03-29,Haryana,92.23,PPAC-benchmark
2023-03-29,Karnataka,94.49,PPAC-benchmark
2023-03-29,Madhya Pradesh,94.71,PPAC-benchmark
2023-03-29,Punjab,92.94,PPAC-benchmark
2023-03-29,Rajasthan,95.65,PPAC-benchmark
2023-03-29,Tamil Nadu,93.33,PPAC-benchmark
2023-03-29,Telangana,96.92,PPAC-benchmark
2023-03-29,Uttar Pradesh,91.53,PPAC-benchmark
2023-03-29,West Bengal,94.02,PPAC-benchmark
2023-03-30,Andhra Pradesh,98.07,PPAC-benchmark
2023-03-30,Delhi,89.0,PPAC-benchmark
2023-03-30,Gujarat,89.85,PPAC-benchmark
2023-03-30,Haryana,92.36,PPAC-benchmark
2023-03-30,Karnataka,94.45,PPAC-benchmark
2023-03-30,Madhya Pradesh,94.8,PPAC-benchmark
2023-03-30,Maharashtra,97.04,PPAC-benchmark
2023-03-30,Punjab,92.81,PPAC-benchmark
2023-03-30,Rajasthan,95.73,PPAC-benchmark
2023-03-30,Tamil Nadu,93.36,PPAC-benchmark
2023-03-30,Telangana,96.75,PPAC-benchmark
2023-03-30,Uttar Pradesh,91.52,PPAC-benchmark
2023-03-30,West Bengal,93.96,PPAC-benchmark
2023-03-31,Andhra Pradesh,98.03,PPAC-benchmark
2023-03-31,Delhi,89.09,PPAC-benchmark
2023-03-31,Gujarat,89.87,PPAC-benchmark
2023-03-31,Haryana,92.31,PPAC-benchmark
2023-03-31,Karnataka,94.45,PPAC-benchmark
2023-03-31,Madhya Pradesh,94.78,PPAC-benchmark
2023-03-31,Maharashtra,97.07,PPAC-benchmark
2023-03-31,Punjab,92.88,PPAC-benchmark
2023-03-31,Rajasthan,95.73,PPAC-benchmark
2023-03-31,Tamil Nadu,93.35,PPAC-benchmark
2023-03-31,Telangana,96.83,PPAC-benchmark
2023-03-31,Uttar Pradesh,91.52,PPAC-benchmark
2023-03-31,West Bengal,94.04,PPAC-benchmark
2023-04-01,Andhra Pradesh,98.07,PPAC-benchmark
2023-04-01,Delhi,89.12,PPAC-benchmark
2023-04-01,Gujarat,89.88,PPAC-benchmark
2023-04-01,Haryana,92.33,PPAC-benchmark
2023-04-01,Karnataka,94.49,PPAC-benchmark
2023-04-01,Madhya Pradesh,94.93,PPAC-benchmark
2023-04-01,Maharashtra,97.15,PPAC-benchmark
2023-04-01,Rajasthan,95.7,PPAC-benchmark
2023-04-01,Tamil Nadu,93.34,PPAC-benchmark
2023-04-01,Telangana,96.71,PPAC-benchmark
2023-04-01,Uttar Pradesh,91.67,PPAC-benchmark
2023-04-02,Andhra Pradesh,98.07,PPAC-benchmark
2023-04-02,Delhi,89.03,PPAC-benchmark
2023-04-02,Gujarat,89.76,PPAC-benchmark
2023-04-02,Haryana,92.3,PPAC-benchmark
2023-04-02,Karnataka,94.55,PPAC-benchmark
2023-04-02,Madhya Pradesh,94.84,PPAC-benchmark
2023-04-02,Maharashtra,97.17,PPAC-benchmark
2023-04-02,Punjab,92.9,PPAC-benchmark
2023-04-02,Rajasthan,95.73,PPAC-benchmark
2023-04-02,Tamil Nadu,93.36,PPAC-benchmark
2023-04-02,Telangana,96.81,PPAC-benchmark
2023-04-02,Uttar Pradesh,91.57,PPAC-benchmark
2023-04-02,West Bengal,93.95,PPAC-benchmark
2023-04-03,Andhra Pradesh,98.01,PPAC-benchmark
2023-04-03,Delhi,89.08,PPAC-benchmark
2023-04-03,Gujarat,89.85,PPAC-benchmark
2023-04-03,Haryana,92.31,PPAC-benchmark
2023-04-03,Karnataka,94.56,PPAC-benchmark
2023-04-03,Madhya Pradesh,94.73,PPAC-benchmark
2023-04-03,Maharashtra,97.17,PPAC-benchmark
2023-04-03,Punjab,92.88,PPAC-benchmark
2023-04-03,Tamil Nadu,93.24,PPAC-benchmark
2023-04-03,Telangana,96.83,PPAC-benchmark
2023-04-03,Uttar Pradesh,91.55,PPAC-benchmark
2023-04-03,West Bengal,93.97,PPAC-benchmark
2023-04-04,Andhra Pradesh,97.97,PPAC-benchmark
2023-04-04,Gujarat,89.83,PPAC-benchmark
2023-04-04,Haryana,92.38,PPAC-benchmark
2023-04-04,Karnataka,94.48,PPAC-benchmark
2023-04-04,Madhya Pradesh,94.81,PPAC-benchmark
2023-04-04,Maharashtra,97.17,PPAC-benchmark
2023-04-04,Punjab,92.96,PPAC-benchmark
2023-04-04,Rajasthan,95.64,PPAC-benchmark
2023-04-04,Tamil Nadu,93.33,PPAC-benchmark
2023-04-04,Telangana,96.78,PPAC-benchmark
2023-04-04,Uttar Pradesh,91.51,PPAC-benchmark
2023-04-04,West Bengal,93.97,PPAC-benchmark
2023-04-05,Andhra Pradesh,98.04,PPAC-benchmark
2023-04-05,Delhi,89.2,PPAC-benchmark
2023-04-05,Gujarat,89.85,PPAC-benchmark
2023-04-05,Haryana,92.24,PPAC-benchmark
2023-04-05,Karnataka,94.5,PPAC-benchmark
2023-04-05,Madhya Pradesh,94.84,PPAC-benchmark
2023-04-05,Maharashtra,97.11,PPAC-benchmark
2023-04-05,Punjab,93.01,PPAC-benchmark
2023-04-05,Rajasthan,95.76,PPAC-benchmark
2023-04-05,Tamil Nadu,93.33,PPAC-benchmark
2023-04-05,Telangana,96.83,PPAC-benchmark
2023-04-05,Uttar Pradesh,91.56,PPAC-benchmark
2023-04-05,West Bengal,94.04,PPAC-benchmark
2023-04-06,Andhra Pradesh,98.02,PPAC-benchmark
2023-04-06,Delhi,89.15,PPAC-benchmark
2023-04-06,Gujarat,89.86,PPAC-benchmark
2023-04-06,Haryana,92.3,PPAC-benchmark
2023-04-06,Karnataka,94.49,PPAC-benchmark
2023-04-06,Madhya Pradesh,94.78,PPAC-benchmark
2023-04-06,Maharashtra,97.2,PPAC-benchmark
2023-04-06,Punjab,92.84,PPAC-benchmark
2023-04-06,Rajasthan,95.65,PPAC-benchmark
2023-04-06,Tamil Nadu,93.35,PPAC-benchmark
2023-04-06,Telangana,96.74,PPAC-benchmark
2023-04-06,Uttar Pradesh,91.48,PPAC-benchmark
2023-04-06,West Bengal,94.08,PPAC-benchmark
2023-04-07,Andhra Pradesh,98.01,PPAC-benchmark
2023-04-07,Delhi,89.05,PPAC-benchmark
2023-04-07,Gujarat,89.83,PPAC-benchmark
2023-04-07,Haryana,92.38,PPAC-benchmark
2023-04-07,Karnataka,94.55,PPAC-benchmark
2023-04-07,Madhya Pradesh,94.75,PPAC-benchmark
2023-04-07,Maharashtra,97.13,PPAC-benchmark
2023-04-07,Rajasthan,95.77,PPAC-benchmark
2023-04-07,Tamil Nadu,93.26,PPAC-benchmark
2023-04-07,Telangana,96.89,PPAC-benchmark
2023-04-07,Uttar Pradesh,91.53,PPAC-benchmark
2023-04-07,West Bengal,94.01,PPAC-benchmark
2023-04-08,Andhra Pradesh,97.97,PPAC-benchmark
2023-04-08,Delhi,89.18,PPAC-benchmark
2023-04-08,Gujarat,89.85,PPAC-benchmark
2023-04-08,Haryana,92.35,PPAC-benchmark
2023-04-08,Karnataka,94.54,PPAC-benchmark
2023-04-08,Madhya Pradesh,94.89,PPAC-benchmark
2023-04-08,Maharashtra,97.18,PPAC-benchmark
2023-04-08,Punjab,92.88,PPAC-benchmark
2023-04-08,Rajasthan,95.72,PPAC-benchmark
2023-04-08,Tamil Nadu,93.34,PPAC-benchmark
2023-04-08,Telangana,96.79,PPAC-benchmark
2023-04-08,Uttar Pradesh,91.51,PPAC-benchmark
2023-04-08,West Bengal,93.99,PPAC-benchmark
2023-04-09,Andhra Pradesh,98.01,PPAC-benchmark
2023-04-09,Delhi,89.08,PPAC-benchmark
2023-04-09,Gujarat,89.86,PPAC-benchmark
2023-04-09,Haryana,92.34,PPAC-benchmark
2023-04-09,Karnataka,94.43,PPAC-benchmark
2023-04-09,Madhya Pradesh,94.9,PPAC-benchmark
2023-04-09,Maharashtra,97.14,PPAC-benchmark
2023-04-09,Punjab,92.9,PPAC-benchmark
2023-04-09,Rajasthan,95.66,PPAC-benchmark
2023-04-09,Tamil Nadu,93.29,PPAC-benchmark
2023-04-09,Telangana,96.79,PPAC-benchmark
2023-04-09,Uttar Pradesh,91.47,PPAC-benchmark
2023-04-09,West Bengal,94.01,PPAC-benchmark
2023-04-10,Andhra Pradesh,98.01,PPAC-benchmark
2023-04-10,Delhi,89.17,PPAC-benchmark
2023-04-10,Gujarat,89.76,PPAC-benchmark
2023-04-10,Haryana,92.29,PPAC-benchmark
2023-04-10,Karnataka,94.53,PPAC-benchmark
2023-04-10,Madhya Pradesh,94.74,PPAC-benchmark
2023-04-10,Maharashtra,97.12,PPAC-benchmark
2023-04-10,Punjab,92.89,PPAC-benchmark
2023-04-10,Rajasthan,95.68,PPAC-benchmark
2023-04-10,Tamil Nadu,93.32,PPAC-benchmark
2023-04-10,Telangana,96.89,PPAC-benchmark
2023-04-10,Uttar Pradesh,91.48,PPAC-benchmark
2023-04-10,West Bengal,94.06,PPAC-benchmark
2023-04-11,Andhra Pradesh,98.02,PPAC-benchmark
2023-04-11,Delhi,89.15,PPAC-benchmark
2023-04-11,Gujarat,89.8,PPAC-benchmark
2023-04-11,Haryana,92.28,PPAC-benchmark
2023-04-11,Karnataka,94.47,PPAC-benchmark
2023-04-11,Madhya Pradesh,94.79,PPAC-benchmark
2023-04-11,Maharashtra,97.08,PPAC-benchmark
2023-04-11,Punjab,92.81,PPAC-benchmark
2023-04-11,Rajasthan,95.78,PPAC-benchmark
2023-04-11,Tamil Nadu,93.28,PPAC-benchmark
2023-04-11,Telangana,96.8,PPAC-benchmark
2023-04-11,Uttar Pradesh,91.52,PPAC-benchmark
2023-04-11,West Bengal,93.9,PPAC-benchmark
2023-04-12,Andhra Pradesh,97.91,PPAC-benchmark
2023-04-12,Delhi,88.96,PPAC-benchmark
2023-04-12,Gujarat,89.75,PPAC-benchmark
2023-04-12,Haryana,92.28,PPAC-benchmark
2023-04-12,Karnataka,94.45,PPAC-benchmark
2023-04-12,Madhya Pradesh,94.78,PPAC-benchmark
2023-04-12,Maharashtra,97.13,PPAC-benchmark
2023-04-12,Punjab,92.94,PPAC-benchmark
2023-04-12,Rajasthan,95.69,PPAC-benchmark
2023-04-12,Tamil Nadu,93.26,PPAC-benchmark
2023-04-12,Telangana,96.72,PPAC-benchmark
2023-04-12,Uttar Pradesh,91.48,PPAC-benchmark
2023-04-12,West Bengal,93.94,PPAC-benchmark
2023-04-13,Andhra Pradesh,98.0,PPAC-benchmark
2023-04-13,Delhi,89.12,PPAC-benchmark
2023-04-13,Gujarat,89.87,PPAC-benchmark
2023-04-13,Haryana,92.36,PPAC-benchmark
2023-04-13,Karnataka,94.47,PPAC-benchmark
2023-04-13,Madhya Pradesh,94.74,PPAC-benchmark
2023-04-13,Maharashtra,97.15,PPAC-benchmark
2023-04-13,Punjab,92.79,PPAC-benchmark
2023-04-13,Rajasthan,95.71,PPAC-benchmark
2023-04-13,Tamil Nadu,93.26,PPAC-benchmark
2023-04-13,Telangana,96.77,PPAC-benchmark
2023-04-13,Uttar Pradesh,91.45,PPAC-benchmark
2023-04-14,Andhra Pradesh,98.02,PPAC-benchmark
2023-04-14,Delhi,88.99,PPAC-benchmark
2023-04-14,Gujarat,89.73,PPAC-benchmark
2023-04-14,Haryana,92.2,PPAC-benchmark
2023-04-14,Karnataka,94.44,PPAC-benchmark
2023-04-14,Madhya Pradesh,94.76,PPAC-benchmark
2023-04-14,Maharashtra,97.04,PPAC-benchmark
2023-04-14,Punjab,92.83,PPAC-benchmark
2023-04-14,Rajasthan,95.64,PPAC-benchmark
2023-04-14,Tamil Nadu,93.29,PPAC-benchmark
2023-04-14,Telangana,96.87,PPAC-benchmark
2023-04-14,Uttar Pradesh,91.42,PPAC-benchmark
2023-04-14,West Bengal,93.96,PPAC-benchmark
2023-04-15,Andhra Pradesh,98.04,PPAC-benchmark
2023-04-15,Delhi,89.06,PPAC-benchmark
2023-04-15,Gujarat,89.81,PPAC-benchmark
2023-04-15,Haryana,92.26,PPAC-benchmark
2023-04-15,Karnataka,94.49,PPAC-benchmark
2023-04-15,Madhya Pradesh,94.8,PPAC-benchmark
2023-04-15,Maharashtra,97.14,PPAC-benchmark
2023-04-15,Punjab,92.81,PPAC-benchmark
2023-04-15,Rajasthan,95.67,PPAC-benchmark
2023-04-15,Tamil Nadu,93.23,PPAC-benchmark
2023-04-15,Telangana,96.78,PPAC-benchmark
2023-04-15,Uttar Pradesh,91.38,PPAC-benchmark
2023-04-15,West Bengal,94.01,PPAC-benchmark
2023-04-16,Andhra Pradesh,97.98,PPAC-benchmark
2023-04-16,Delhi,89.04,PPAC-benchmark
2023-04-16,Gujarat,89.72,PPAC-benchmark
2023-04-16,Haryana,92.24,PPAC-benchmark
2023-04-16,Karnataka,94.41,PPAC-benchmark
2023-04-16,Madhya Pradesh,94.75,PPAC-benchmark
2023-04-16,Maharashtra,96.99,PPAC-benchmark
2023-04-16,Punjab,92.82,PPAC-benchmark
2023-04-16,Rajasthan,95.72,PPAC-benchmark
2023-04-16,Tamil Nadu,93.25,PPAC-benchmark
2023-04-16,Telangana,96.8,PPAC-benchmark
2023-04-16,Uttar Pradesh,91.48,PPAC-benchmark
2023-04-16,West Bengal,93.95,PPAC-benchmark
2023-04-17,Andhra Pradesh,98.08,PPAC-benchmark
2023-04-17,Delhi,88.99,PPAC-benchmark
2023-04-17,Gujarat,89.79,PPAC-benchmark
2023-04-17,Haryana,92.22,PPAC-benchmark
2023-04-17,Karnataka,94.53,PPAC-benchmark
2023-04-17,Madhya Pradesh,94.77,PPAC-benchmark
2023-04-17,Punjab,92.84,PPAC-benchmark
2023-04-17,Rajasthan,95.67,PPAC-benchmark
2023-04-17,Tamil Nadu,93.31,PPAC-benchmark
2023-04-17,Telangana,96.75,PPAC-benchmark
2023-04-17,Uttar Pradesh,91.48,PPAC-benchmark
2023-04-17,West Bengal,93.97,PPAC-benchmark
2023-04-18,Andhra Pradesh,97.91,PPAC-benchmark
2023-04-18,Delhi,89.12,PPAC-benchmark
2023-04-18,Gujarat,89.74,PPAC-benchmark
2023-04-18,Haryana,92.31,PPAC-benchmark
2023-04-18,Karnataka,94.5,PPAC-benchmark
2023-04-18,Madhya Pradesh,94.67,PPAC-benchmark
2023-04-18,Maharashtra,97.0,PPAC-benchmark
2023-04-18,Punjab,92.9,PPAC-benchmark
2023-04-18,Rajasthan,95.73,PPAC-benchmark
2023-04-18,Tamil Nadu,93.24,PPAC-benchmark
2023-04-18,Telangana,96.69,PPAC-benchmark
2023-04-18,Uttar Pradesh,91.49,PPAC-benchmark
2023-04-18,West Bengal,93.97,PPAC-benchmark
2023-04-19,Andhra Pradesh,97.92,PPAC-benchmark
2023-04-19,Delhi,89.09,PPAC-benchmark
2023-04-19,Gujarat,89.68,PPAC-benchmark
2023-04-19,Haryana,92.21,PPAC-benchmark
2023-04-19,Karnataka,94.5,PPAC-benchmark
2023-04-19,Madhya Pradesh,94.83,PPAC-benchmark
2023-04-19,Maharashtra,97.1,PPAC-benchmark
2023-04-19,Punjab,92.82,PPAC-benchmark
2023-04-19,Rajasthan,95.66,PPAC-benchmark
2023-04-19,Tamil Nadu,93.28,PPAC-benchmark
2023-04-19,Telangana,96.71,PPAC-benchmark
2023-04-19,West Bengal,93.97,PPAC-benchmark
2023-04-20,Andhra Pradesh,98.02,PPAC-benchmark
2023-04-20,Delhi,89.09,PPAC-benchmark
2023-04-20,Gujarat,89.8,PPAC-benchmark
2023-04-20,Karnataka,94.45,PPAC-benchmark
2023-04-20,Madhya Pradesh,94.7,PPAC-benchmark
2023-04-20,Maharashtra,97.06,PPAC-benchmark
2023-04-20,Rajasthan,95.71,PPAC-benchmark
2023-04-20,Tamil Nadu,93.22,PPAC-benchmark
2023-04-20,Telangana,96.7,PPAC-benchmark
2023-04-20,Uttar Pradesh,91.57,PPAC-benchmark
2023-04-21,Andhra Pradesh,97.94,PPAC-benchmark
2023-04-21,Delhi,89.05,PPAC-benchmark
2023-04-21,Gujarat,89.87,PPAC-benchmark
2023-04-21,Haryana,92.24,PPAC-benchmark
2023-04-21,Karnataka,94.47,PPAC-benchmark
2023-04-21,Maharashtra,97.09,PPAC-benchmark
2023-04-21,Punjab,92.85,PPAC-benchmark
2023-04-21,Rajasthan,95.69,PPAC-benchmark
2023-04-21,Tamil Nadu,93.3,PPAC-benchmark
2023-04-21,Telangana,96.82,PPAC-benchmark
2023-04-21,Uttar Pradesh,91.55,PPAC-benchmark
2023-04-21,West Bengal,93.93,PPAC-benchmark
2023-04-22,Andhra Pradesh,97.89,PPAC-benchmark
2023-04-22,Delhi,89.09,PPAC-benchmark
2023-04-22,Gujarat,89.71,PPAC-benchmark
2023-04-22,Haryana,92.3,PPAC-benchmark
2023-04-22,Karnataka,94.51,PPAC-benchmark
2023-04-22,Madhya Pradesh,94.86,PPAC-benchmark
2023-04-22,Maharashtra,97.01,PPAC-benchmark
2023-04-22,Punjab,92.82,PPAC-benchmark
2023-04-22,Tamil Nadu,93.33,PPAC-benchmark
2023-04-22,Telangana,96.79,PPAC-benchmark
2023-04-22,Uttar Pradesh,91.46,PPAC-benchmark
2023-04-22,West Bengal,93.97,PPAC-benchmark
2023-04-23,Andhra Pradesh,97.91,PPAC-benchmark
2023-04-23,Delhi,89.07,PPAC-benchmark
2023-04-23,Gujarat,89.7,PPAC-benchmark
2023-04-23,Haryana,92.35,PPAC-benchmark
2023-04-23,Karnataka,94.44,PPAC-benchmark
2023-04-23,Madhya Pradesh,94.78,PPAC-benchmark
2023-04-23,Maharashtra,97.07,PPAC-benchmark
2023-04-23,Punjab,92.78,PPAC-benchmark
2023-04-23,Rajasthan,95.64,PPAC-benchmark
2023-04-23,Tamil Nadu,93.25,PPAC-benchmark
2023-04-23,Telangana,96.69,PPAC-benchmark
2023-04-23,Uttar Pradesh,91.46,PPAC-benchmark
2023-04-23,West Bengal,93.86,PPAC-benchmark
2023-04-24,Delhi,89.03,PPAC-benchmark
2023-04-24,Gujarat,89.67,PPAC-benchmark
2023-04-24,Haryana,92.26,PPAC-benchmark
2023-04-24,Karnataka,94.5,PPAC-benchmark
2023-04-24,Madhya Pradesh,94.82,PPAC-benchmark
2023-04-24,Maharashtra,97.07,PPAC-benchmark
2023-04-24,Punjab,92.9,PPAC-benchmark
2023-04-24,Rajasthan,95.67,PPAC-benchmark
2023-04-24,Tamil Nadu,93.26,PPAC-benchmark
2023-04-24,Telangana,96.8,PPAC-benchmark
2023-04-24,Uttar Pradesh,91.48,PPAC-benchmark
2023-04-24,West Bengal,94.0,PPAC-benchmark
2023-04-25,Andhra Pradesh,97.92,PPAC-benchmark
2023-04-25,Delhi,89.02,PPAC-benchmark
2023-04-25,Gujarat,89.73,PPAC-benchmark
2023-04-25,Haryana,92.18,PPAC-benchmark
2023-04-25,Karnataka,94.36,PPAC-benchmark
2023-04-25,Madhya Pradesh,94.71,PPAC-benchmark
2023-04-25,Maharashtra,97.05,PPAC-benchmark
2023-04-25,Punjab,92.82,PPAC-benchmark
2023-04-25,Rajasthan,95.53,PPAC-benchmark
2023-04-25,Tamil Nadu,93.27,PPAC-benchmark
2023-04-25,Telangana,96.71,PPAC-benchmark
2023-04-25,Uttar Pradesh,91.44,PPAC-benchmark
2023-04-25,West Bengal,93.94,PPAC-benchmark
2023-04-26,Andhra Pradesh,97.93,PPAC-benchmark
2023-04-26,Delhi,88.97,PPAC-benchmark
2023-04-26,Haryana,92.09,PPAC-benchmark
2023-04-26,Karnataka,94.47,PPAC-benchmark
2023-04-26,Madhya Pradesh,94.74,PPAC-benchmark
2023-04-26,Maharashtra,96.99,PPAC-benchmark
2023-04-26,Punjab,92.84,PPAC-benchmark
2023-04-26,Rajasthan,95.52,PPAC-benchmark
2023-04-26,Tamil Nadu,93.22,PPAC-benchmark
2023-04-26,Telangana,96.7,PPAC-benchmark
2023-04-26,Uttar Pradesh,91.45,PPAC-benchmark
2023-04-26,West Bengal,93.86,PPAC-benchmark
2023-04-27,Andhra Pradesh,97.94,PPAC-benchmark
2023-04-27,Delhi,88.99,PPAC-benchmark
2023-04-27,Gujarat,89.68,PPAC-benchmark
2023-04-27,Haryana,92.18,PPAC-benchmark
2023-04-27,Karnataka,94.37,PPAC-benchmark
2023-04-27,Madhya Pradesh,94.67,PPAC-benchmark
2023-04-27,Maharashtra,96.92,PPAC-benchmark
2023-04-27,Punjab,92.74,PPAC-benchmark
2023-04-27,Rajasthan,95.55,PPAC-benchmark
2023-04-27,Tamil Nadu,93.31,PPAC-benchmark
2023-04-27,Telangana,96.7,PPAC-benchmark
2023-04-27,Uttar Pradesh,91.41,PPAC-benchmark
2023-04-27,West Bengal,93.92,PPAC-benchmark
2023-04-28,Andhra Pradesh,97.98,PPAC-benchmark
2023-04-28,Delhi,89.0,PPAC-benchmark
2023-04-28,Gujarat,89.66,PPAC-benchmark
2023-04-28,Haryana,92.22,PPAC-benchmark
2023-04-28,Karnataka,94.38,PPAC-benchmark
2023-04-28,Madhya Pradesh,94.6,PPAC-benchmark
2023-04-28,Maharashtra,96.95,PPAC-benchmark
2023-04-28,Punjab,92.9,PPAC-benchmark
2023-04-28,Rajasthan,95.62,PPAC-benchmark
2023-04-28,Tamil Nadu,93.27,PPAC-benchmark
2023-04-28,Telangana,96.76,PPAC-benchmark
2023-04-28,Uttar Pradesh,91.38,PPAC-benchmark
2023-04-28,West Bengal,93.94,PPAC-benchmark
2023-04-29,Andhra Pradesh,97.95,PPAC-benchmark
2023-04-29,Delhi,89.01,PPAC-benchmark
2023-04-29,Gujarat,89.6,PPAC-benchmark
2023-04-29,Haryana,92.2,PPAC-benchmark
2023-04-29,Karnataka,94.49,PPAC-benchmark
2023-04-29,Madhya Pradesh,94.69,PPAC-benchmark
2023-04-29,Maharashtra,97.0,PPAC-benchmark
2023-04-29,Punjab,92.75,PPAC-benchmark
2023-04-29,Rajasthan,95.64,PPAC-benchmark
2023-04-29,Tamil Nadu,93.17,PPAC-benchmark
2023-04-29,Telangana,96.65,PPAC-benchmark
2023-04-29,Uttar Pradesh,91.31,PPAC-benchmark
2023-04-29,West Bengal,93.88,PPAC-benchmark
2023-04-30,Andhra Pradesh,97.93,PPAC-benchmark
2023-04-30,Delhi,89.03,PPAC-benchmark
2023-04-30,Gujarat,89.67,PPAC-benchmark
2023-04-30,Haryana,92.25,PPAC-benchmark
2023-04-30,Madhya Pradesh,94.78,PPAC-benchmark
2023-04-30,Maharashtra,96.93,PPAC-benchmark
2023-04-30,Punjab,92.83,PPAC-benchmark
2023-04-30,Rajasthan,95.7,PPAC-benchmark
2023-04-30,Tamil Nadu,93.16,PPAC-benchmark
2023-04-30,Telangana,96.58,PPAC-benchmark
2023-04-30,Uttar Pradesh,91.31,PPAC-benchmark
2023-04-30,West Bengal,93.91,PPAC-benchmark
2023-05-01,Andhra Pradesh,97.8,PPAC-benchmark
2023-05-01,Delhi,89.06,PPAC-benchmark
2023-05-01,Gujarat,89.67,PPAC-benchmark
2023-05-01,Haryana,92.1,PPAC-benchmark
2023-05-01,Karnataka,94.45,PPAC-benchmark
2023-05-01,Madhya Pradesh,94.69,PPAC-benchmark
2023-05-01,Maharashtra,96.94,PPAC-benchmark
2023-05-01,Punjab,92.79,PPAC-benchmark
2023-05-01,Rajasthan,95.62,PPAC-benchmark
2023-05-01,Tamil Nadu,93.2,PPAC-benchmark
2023-05-01,Telangana,96.62,PPAC-benchmark
2023-05-01,Uttar Pradesh,91.37,PPAC-benchmark
2023-05-01,West Bengal,93.89,PPAC-benchmark
2023-05-02,Andhra Pradesh,97.85,PPAC-benchmark
2023-05-02,Delhi,89.0,PPAC-benchmark
2023-05-02,Gujarat,89.64,PPAC-benchmark
2023-05-02,Haryana,92.2,PPAC-benchmark
2023-05-02,Karnataka,94.42,PPAC-benchmark
2023-05-02,Madhya Pradesh,94.68,PPAC-benchmark
2023-05-02,Maharashtra,96.97,PPAC-benchmark
2023-05-02,Punjab,92.71,PPAC-benchmark
2023-05-02,Rajasthan,95.52,PPAC-benchmark
2023-05-02,Tamil Nadu,93.16,PPAC-benchmark
2023-05-02,Telangana,96.74,PPAC-benchmark
2023-05-02,Uttar Pradesh,91.28,PPAC-benchmark
2023-05-02,West Bengal,93.89,PPAC-benchmark
2023-05-03,Andhra Pradesh,97.74,PPAC-benchmark
2023-05-03,Delhi,89.02,PPAC-benchmark
2023-05-03,Gujarat,89.64,PPAC-benchmark
2023-05-03,Haryana,92.11,PPAC-benchmark
2023-05-03,Karnataka,94.34,PPAC-benchmark
2023-05-03,Madhya Pradesh,94.64,PPAC-benchmark
2023-05-03,Maharashtra,97.03,PPAC-benchmark
2023-05-03,Punjab,92.78,PPAC-benchmark
2023-05-03,Rajasthan,95.58,PPAC-benchmark
2023-05-03,Tamil Nadu,93.17,PPAC-benchmark
2023-05-03,Telangana,96.68,PPAC-benchmark
2023-05-03,Uttar Pradesh,91.3,PPAC-benchmark
2023-05-03,West Bengal,93.9,PPAC-benchmark
2023-05-04,Andhra Pradesh,97.88,PPAC-benchmark
2023-05-04,Delhi,88.95,PPAC-benchmark
2023-05-04,Gujarat,89.74,PPAC-benchmark
2023-05-04,Haryana,92.13,PPAC-benchmark
2023-05-04,Karnataka,94.41,PPAC-benchmark
2023-05-04,Madhya Pradesh,94.66,PPAC-benchmark
2023-05-04,Maharashtra,96.95,PPAC-benchmark
2023-05-04,Punjab,92.77,PPAC-benchmark
2023-05-04,Rajasthan,95.49,PPAC-benchmark
2023-05-04,Tamil Nadu,93.23,PPAC-benchmark
2023-05-04,Telangana,96.61,PPAC-benchmark
2023-05-04,Uttar Pradesh,91.4,PPAC-benchmark
2023-05-04,West Bengal,93.86,PPAC-benchmark
2023-05-05,Andhra Pradesh,97.87,PPAC-benchmark
2023-05-05,Gujarat,89.65,PPAC-benchmark
2023-05-05,Haryana,92.16,PPAC-benchmark
2023-05-05,Karnataka,94.34,PPAC-benchmark
2023-05-05,Madhya Pradesh,94.63,PPAC-benchmark
2023-05-05,Maharashtra,96.94,PPAC-benchmark
2023-05-05,Punjab,92.75,PPAC-benchmark
2023-05-05,Rajasthan,95.53,PPAC-benchmark
2023-05-05,Tamil Nadu,93.14,PPAC-benchmark
2023-05-05,Telangana,96.63,PPAC-benchmark
2023-05-05,Uttar Pradesh,91.36,PPAC-benchmark
2023-05-06,Andhra Pradesh,97.9,PPAC-benchmark
2023-05-06,Delhi,88.99,PPAC-benchmark
2023-05-06,Gujarat,89.61,PPAC-benchmark
2023-05-06,Haryana,92.18,PPAC-benchmark
2023-05-06,Karnataka,94.34,PPAC-benchmark
2023-05-06,Madhya Pradesh,94.76,PPAC-benchmark
2023-05-06,Maharashtra,96.92,PPAC-benchmark
2023-05-06,Punjab,92.71,PPAC-benchmark
2023-05-06,Rajasthan,95.54,PPAC-benchmark
2023-05-06,Tamil Nadu,93.13,PPAC-benchmark
2023-05-06,Telangana,96.57,PPAC-benchmark
2023-05-06,Uttar Pradesh,91.32,PPAC-benchmark
2023-05-06,West Bengal,93.88,PPAC-benchmark
2023-05-07,Andhra Pradesh,97.85,PPAC-benchmark
2023-05-07,Delhi,88.85,PPAC-benchmark
2023-05-07,Gujarat,89.66,PPAC-benchmark
2023-05-07,Haryana,92.12,PPAC-benchmark
2023-05-07,Karnataka,94.3,PPAC-benchmark
2023-05-07,Madhya Pradesh,94.58,PPAC-benchmark
2023-05-07,Maharashtra,96.92,PPAC-benchmark
2023-05-07,Punjab,92.69,PPAC-benchmark
2023-05-07,Rajasthan,95.53,PPAC-benchmark
2023-05-07,Tamil Nadu,93.18,PPAC-benchmark
2023-05-07,Telangana,96.67,PPAC-benchmark
2023-05-07,West Bengal,93.8,PPAC-benchmark
2023-05-08,Andhra Pradesh,97.77,PPAC-benchmark
2023-05-08,Delhi,88.83,PPAC-benchmark
2023-05-08,Gujarat,89.62,PPAC-benchmark
2023-05-08,Haryana,92.05,PPAC-benchmark
2023-05-08,Karnataka,94.45,PPAC-benchmark
2023-05-08,Madhya Pradesh,94.56,PPAC-benchmark
2023-05-08,Maharashtra,96.91,PPAC-benchmark
2023-05-08,Punjab,92.74,PPAC-benchmark
2023-05-08,Tamil Nadu,93.13,PPAC-benchmark
2023-05-08,Telangana,96.62,PPAC-benchmark
2023-05-08,Uttar Pradesh,91.32,PPAC-benchmark
2023-05-08,West Bengal,93.8,PPAC-benchmark
2023-05-09,Andhra Pradesh,97.89,PPAC-benchmark
2023-05-09,Delhi,88.94,PPAC-benchmark
2023-05-09,Gujarat,89.65,PPAC-benchmark
2023-05-09,Haryana,92.11,PPAC-benchmark
2023-05-09,Karnataka,94.34,PPAC-benchmark
2023-05-09,Madhya Pradesh,94.63,PPAC-benchmark
2023-05-09,Maharashtra,96.93,PPAC-benchmark
2023-05-09,Punjab,92.7,PPAC-benchmark
2023-05-09,Rajasthan,95.44,PPAC-benchmark
2023-05-09,Tamil Nadu,93.14,PPAC-benchmark
2023-05-09,Telangana,96.53,PPAC-benchmark
2023-05-09,Uttar Pradesh,91.31,PPAC-benchmark
2023-05-09,West Bengal,93.71,PPAC-benchmark
2023-05-10,Andhra Pradesh,97.82,PPAC-benchmark
2023-05-10,Delhi,88.92,PPAC-benchmark
2023-05-10,Gujarat,89.56,PPAC-benchmark
2023-05-10,Haryana,92.06,PPAC-benchmark
2023-05-10,Karnataka,94.22,PPAC-benchmark
2023-05-10,Madhya Pradesh,94.58,PPAC-benchmark
2023-05-10,Maharashtra,96.95,PPAC-benchmark
2023-05-10,Punjab,92.75,PPAC-benchmark
2023-05-10,Rajasthan,95.64,PPAC-benchmark
2023-05-10,Tamil Nadu,93.05,PPAC-benchmark
2023-05-10,Telangana,96.52,PPAC-benchmark
2023-05-10,Uttar Pradesh,91.26,PPAC-benchmark
2023-05-10,West Bengal,93.8,PPAC-benchmark
2023-05-11,Andhra Pradesh,97.75,PPAC-benchmark
2023-05-11,Delhi,88.91,PPAC-benchmark
2023-05-11,Gujarat,89.65,PPAC-benchmark
2023-05-11,Haryana,92.06,PPAC-benchmark
2023-05-11,Karnataka,94.36,PPAC-benchmark
2023-05-11,Madhya Pradesh,94.6,PPAC-benchmark
2023-05-11,Maharashtra,96.92,PPAC-benchmark
2023-05-11,Punjab,92.72,PPAC-benchmark
2023-05-11,Rajasthan,95.56,PPAC-benchmark
2023-05-11,Tamil Nadu,93.09,PPAC-benchmark
2023-05-11,Telangana,96.62,PPAC-benchmark
2023-05-11,Uttar Pradesh,91.33,PPAC-benchmark
2023-05-11,West Bengal,93.73,PPAC-benchmark
2023-05-12,Delhi,88.89,PPAC-benchmark
2023-05-12,Gujarat,89.55,PPAC-benchmark
2023-05-12,Haryana,91.97,PPAC-benchmark
2023-05-12,Karnataka,94.27,PPAC-benchmark
2023-05-12,Madhya Pradesh,94.49,PPAC-benchmark
2023-05-12,Maharashtra,96.86,PPAC-benchmark
2023-05-12,Punjab,92.56,PPAC-benchmark
2023-05-12,Rajasthan,95.43,PPAC-benchmark
2023-05-12,Tamil Nadu,93.09,PPAC-benchmark
2023-05-12,Telangana,96.56,PPAC-benchmark
2023-05-12,Uttar Pradesh,91.27,PPAC-benchmark
2023-05-12,West Bengal,93.68,PPAC-benchmark
2023-05-13,Andhra Pradesh,97.72,PPAC-benchmark
2023-05-13,Delhi,88.78,PPAC-benchmark
2023-05-13,Gujarat,89.53,PPAC-benchmark
2023-05-13,Haryana,92.09,PPAC-benchmark
2023-05-13,Karnataka,94.25,PPAC-benchmark
2023-05-13,Madhya Pradesh,94.49,PPAC-benchmark
2023-05-13,Maharashtra,96.93,PPAC-benchmark
2023-05-13,Punjab,92.69,PPAC-benchmark
2023-05-13,Rajasthan,95.51,PPAC-benchmark
2023-05-13,Tamil Nadu,93.06,PPAC-benchmark
2023-05-13,Telangana,96.53,PPAC-benchmark
2023-05-13,Uttar Pradesh,91.32,PPAC-benchmark
2023-05-13,West Bengal,93.69,PPAC-benchmark
2023-05-14,Andhra Pradesh,97.66,PPAC-benchmark
2023-05-14,Delhi,88.9,PPAC-benchmark
2023-05-14,Gujarat,89.52,PPAC-benchmark
2023-05-14,Haryana,91.99,PPAC-benchmark
2023-05-14,Karnataka,94.26,PPAC-benchmark
2023-05-14,Madhya Pradesh,94.51,PPAC-benchmark
2023-05-14,Maharashtra,96.82,PPAC-benchmark
2023-05-14,Punjab,92.66,PPAC-benchmark
2023-05-14,Rajasthan,95.44,PPAC-benchmark
2023-05-14,Tamil Nadu,93.0,PPAC-benchmark
2023-05-14,Telangana,96.55,PPAC-benchmark
2023-05-14,Uttar Pradesh,91.29,PPAC-benchmark
2023-05-14,West Bengal,93.7,PPAC-benchmark
2023-05-15,Andhra Pradesh,97.81,PPAC-benchmark
2023-05-15,Gujarat,89.51,PPAC-benchmark
2023-05-15,Haryana,92.02,PPAC-benchmark
2023-05-15,Karnataka,94.23,PPAC-benchmark
2023-05-15,Madhya Pradesh,94.49,PPAC-benchmark
2023-05-15,Maharashtra,96.79,PPAC-benchmark
2023-05-15,Punjab,92.7,PPAC-benchmark
2023-05-15,Rajasthan,95.4,PPAC-benchmark
2023-05-15,Tamil Nadu,93.06,PPAC-benchmark
2023-05-15,Telangana,96.55,PPAC-benchmark
2023-05-15,Uttar Pradesh,91.34,PPAC-benchmark
2023-05-15,West Bengal,93.66,PPAC-benchmark
2023-05-16,Andhra Pradesh,97.78,PPAC-benchmark
2023-05-16,Delhi,88.88,PPAC-benchmark
2023-05-16,Gujarat,89.5,PPAC-benchmark
2023-05-16,Haryana,92.05,PPAC-benchmark
2023-05-16,Karnataka,94.21,PPAC-benchmark
2023-05-16,Madhya Pradesh,94.45,PPAC-benchmark
2023-05-16,Maharashtra,96.82,PPAC-benchmark
2023-05-16,Punjab,92.52,PPAC-benchmark
2023-05-16,Rajasthan,95.42,PPAC-benchmark
2023-05-16,Tamil Nadu,92.9,PPAC-benchmark
2023-05-16,Telangana,96.53,PPAC-benchmark
2023-05-16,Uttar Pradesh,91.23,PPAC-benchmark
2023-05-16,West Bengal,93.73,PPAC-benchmark
2023-05-17,Andhra Pradesh,97.71,PPAC-benchmark
2023-05-17,Delhi,88.81,PPAC-benchmark
2023-05-17,Gujarat,89.43,PPAC-benchmark
2023-05-17,Haryana,92.01,PPAC-benchmark
2023-05-17,Karnataka,94.17,PPAC-benchmark
2023-05-17,Madhya Pradesh,94.44,PPAC-benchmark
2023-05-17,Maharashtra,96.77,PPAC-benchmark
2023-05-17,Punjab,92.63,PPAC-benchmark
2023-05-17,Rajasthan,95.34,PPAC-benchmark
2023-05-17,Tamil Nadu,93.01,PPAC-benchmark
2023-05-17,Telangana,96.43,PPAC-benchmark
2023-05-17,Uttar Pradesh,91.11,PPAC-benchmark
2023-05-17,West Bengal,93.67,PPAC-benchmark
2023-05-18,Andhra Pradesh,97.6,PPAC-benchmark
2023-05-18,Delhi,88.77,PPAC-benchmark
2023-05-18,Gujarat,89.4,PPAC-benchmark
2023-05-18,Haryana,91.99,PPAC-benchmark
2023-05-18,Madhya Pradesh,94.36,PPAC-benchmark
2023-05-18,Maharashtra,96.73,PPAC-benchmark
2023-05-18,Punjab,92.48,PPAC-benchmark
2023-05-18,Rajasthan,95.28,PPAC-benchmark
2023-05-18,Tamil Nadu,92.9,PPAC-benchmark
2023-05-18,Telangana,96.41,PPAC-benchmark
2023-05-18,Uttar Pradesh,91.1,PPAC-benchmark
2023-05-18,West Bengal,93.55,PPAC-benchmark
2023-05-19,Andhra Pradesh,97.59,PPAC-benchmark
2023-05-19,Delhi,88.66,PPAC-benchmark
2023-05-19,Gujarat,89.38,PPAC-benchmark
2023-05-19,Haryana,91.87,PPAC-benchmark
2023-05-19,Karnataka,94.11,PPAC-benchmark
2023-05-19,Madhya Pradesh,94.36,PPAC-benchmark
2023-05-19,Maharashtra,96.71,PPAC-benchmark
2023-05-19,Punjab,92.46,PPAC-benchmark
2023-05-19,Rajasthan,95.37,PPAC-benchmark
2023-05-19,Tamil Nadu,92.9,PPAC-benchmark
2023-05-19,Telangana,96.36,PPAC-benchmark
2023-05-19,Uttar Pradesh,91.05,PPAC-benchmark
2023-05-19,West Bengal,93.57,PPAC-benchmark
2023-05-20,Andhra Pradesh,97.54,PPAC-benchmark
2023-05-20,Delhi,88.66,PPAC-benchmark
2023-05-20,Haryana,91.8,PPAC-benchmark
2023-05-20,Karnataka,94.06,PPAC-benchmark
2023-05-20,Madhya Pradesh,94.36,PPAC-benchmark
2023-05-20,Maharashtra,96.62,PPAC-benchmark
2023-05-20,Punjab,92.47,PPAC-benchmark
2023-05-20,Rajasthan,95.26,PPAC-benchmark
2023-05-20,Tamil Nadu,92.91,PPAC-benchmark
2023-05-20,Telangana,96.47,PPAC-benchmark
2023-05-20,Uttar Pradesh,90.99,PPAC-benchmark
2023-05-20,West Bengal,93.66,PPAC-benchmark
2023-05-21,Andhra Pradesh,97.58,PPAC-benchmark
2023-05-21,Delhi,88.64,PPAC-benchmark
2023-05-21,Gujarat,89.41,PPAC-benchmark
2023-05-21,Haryana,91.93,PPAC-benchmark
2023-05-21,Karnataka,94.02,PPAC-benchmark
2023-05-21,Madhya Pradesh,94.34,PPAC-benchmark
2023-05-21,Punjab,92.56,PPAC-benchmark
2023-05-21,Rajasthan,95.25,PPAC-benchmark
2023-05-21,Tamil Nadu,92.95,PPAC-benchmark
2023-05-21,Telangana,96.33,PPAC-benchmark
2023-05-21,Uttar Pradesh,91.05,PPAC-benchmark
2023-05-21,West Bengal,93.62,PPAC-benchmark
2023-05-22,Andhra Pradesh,97.52,PPAC-benchmark
2023-05-22,Delhi,88.7,PPAC-benchmark
2023-05-22,Gujarat,89.46,PPAC-benchmark
2023-05-22,Haryana,91.82,PPAC-benchmark
2023-05-22,Karnataka,94.06,PPAC-benchmark
2023-05-22,Madhya Pradesh,94.28,PPAC-benchmark
2023-05-22,Maharashtra,96.57,PPAC-benchmark
2023-05-22,Punjab,92.35,PPAC-benchmark
2023-05-22,Rajasthan,95.25,PPAC-benchmark
2023-05-22,Tamil Nadu,92.91,PPAC-benchmark
2023-05-22,Telangana,96.31,PPAC-benchmark
2023-05-22,Uttar Pradesh,91.1,PPAC-benchmark
2023-05-22,West Bengal,93.48,PPAC-benchmark
2023-05-23,Andhra Pradesh,97.63,PPAC-benchmark
2023-05-23,Delhi,88.62,PPAC-benchmark
2023-05-23,Gujarat,89.26,PPAC-benchmark
2023-05-23,Haryana,91.8,PPAC-benchmark
2023-05-23,Karnataka,94.13,PPAC-benchmark
2023-05-23,Madhya Pradesh,94.3,PPAC-benchmark
2023-05-23,Punjab,92.48,PPAC-benchmark
2023-05-23,Rajasthan,95.34,PPAC-benchmark
2023-05-23,Tamil Nadu,92.85,PPAC-benchmark
2023-05-23,Telangana,96.33,PPAC-benchmark
2023-05-23,Uttar Pradesh,91.03,PPAC-benchmark
2023-05-23,West Bengal,93.53,PPAC-benchmark
2023-05-24,Andhra Pradesh,97.55,PPAC-benchmark
2023-05-24,Delhi,88.62,PPAC-benchmark
2023-05-24,Gujarat,89.37,PPAC-benchmark
2023-05-24,Haryana,91.89,PPAC-benchmark
2023-05-24,Karnataka,94.04,PPAC-benchmark
2023-05-24,Madhya Pradesh,94.43,PPAC-benchmark
2023-05-24,Maharashtra,96.62,PPAC-benchmark
2023-05-24,Punjab,92.46,PPAC-benchmark
2023-05-24,Rajasthan,95.3,PPAC-benchmark
2023-05-24,Telangana,96.39,PPAC-benchmark
2023-05-24,Uttar Pradesh,91.16,PPAC-benchmark
2023-05-24,West Bengal,93.59,PPAC-benchmark
2023-05-25,Andhra Pradesh,97.53,PPAC-benchmark
2023-05-25,Gujarat,89.3,PPAC-benchmark
2023-05-25,Haryana,91.82,PPAC-benchmark
2023-05-25,Karnataka,94.09,PPAC-benchmark
2023-05-25,Maharashtra,96.63,PPAC-benchmark
2023-05-25,Punjab,92.51,PPAC-benchmark
2023-05-25,Rajasthan,95.23,PPAC-benchmark
2023-05-25,Tamil Nadu,92.88,PPAC-benchmark
2023-05-25,Telangana,96.37,PPAC-benchmark
2023-05-25,Uttar Pradesh,91.1,PPAC-benchmark
2023-05-25,West Bengal,93.48,PPAC-benchmark
2023-05-26,Andhra Pradesh,97.56,PPAC-benchmark
2023-05-26,Delhi,88.61,PPAC-benchmark
2023-05-26,Gujarat,89.26,PPAC-benchmark
2023-05-26,Haryana,91.77,PPAC-benchmark
2023-05-26,Karnataka,93.97,PPAC-benchmark
2023-05-26,Madhya Pradesh,94.29,PPAC-benchmark
2023-05-26,Maharashtra,96.59,PPAC-benchmark
2023-05-26,Rajasthan,95.19,PPAC-benchmark
2023-05-26,Tamil Nadu,92.85,PPAC-benchmark
2023-05-26,Telangana,96.32,PPAC-benchmark
2023-05-26,Uttar Pradesh,90.97,PPAC-benchmark
2023-05-26,West Bengal,93.54,PPAC-benchmark
2023-05-27,Andhra Pradesh,97.51,PPAC-benchmark
2023-05-27,Delhi,88.58,PPAC-benchmark
2023-05-27,Gujarat,89.25,PPAC-benchmark
2023-05-27,Haryana,91.8,PPAC-benchmark
2023-05-27,Karnataka,94.01,PPAC-benchmark
2023-05-27,Madhya Pradesh,94.28,PPAC-benchmark
2023-05-27,Punjab,92.34,PPAC-benchmark
2023-05-27,Rajasthan,95.18,PPAC-benchmark
2023-05-27,Tamil Nadu,92.76,PPAC-benchmark
2023-05-27,Telangana,96.31,PPAC-benchmark
2023-05-27,Uttar Pradesh,91.1,PPAC-benchmark
2023-05-27,West Bengal,93.56,PPAC-benchmark
2023-05-28,Andhra Pradesh,97.47,PPAC-benchmark
2023-05-28,Delhi,88.6,PPAC-benchmark
2023-05-28,Gujarat,89.33,PPAC-benchmark
2023-05-28,Haryana,91.86,PPAC-benchmark
2023-05-28,Karnataka,94.11,PPAC-benchmark
2023-05-28,Madhya Pradesh,94.33,PPAC-benchmark
2023-05-28,Maharashtra,96.62,PPAC-benchmark
2023-05-28,Punjab,92.36,PPAC-benchmark
2023-05-28,Rajasthan,95.17,PPAC-benchmark
2023-05-28,Tamil Nadu,92.77,PPAC-benchmark
2023-05-28,Telangana,96.32,PPAC-benchmark
2023-05-28,Uttar Pradesh,90.95,PPAC-benchmark
2023-05-29,Andhra Pradesh,97.58,PPAC-benchmark
2023-05-29,Delhi,88.71,PPAC-benchmark
2023-05-29,Gujarat,89.32,PPAC-benchmark
2023-05-29,Karnataka,93.96,PPAC-benchmark
2023-05-29,Madhya Pradesh,94.27,PPAC-benchmark
2023-05-29,Maharashtra,96.69,PPAC-benchmark
2023-05-29,Punjab,92.42,PPAC-benchmark
2023-05-29,Rajasthan,95.18,PPAC-benchmark
2023-05-29,Tamil Nadu,92.82,PPAC-benchmark
2023-05-29,Telangana,96.35,PPAC-benchmark
2023-05-29,Uttar Pradesh,90.92,PPAC-benchmark
2023-05-29,West Bengal,93.51,PPAC-benchmark
2023-05-30,Andhra Pradesh,97.5,PPAC-benchmark
2023-05-30,Delhi,88.49,PPAC-benchmark
2023-05-30,Gujarat,89.29,PPAC-benchmark
2023-05-30,Haryana,91.83,PPAC-benchmark
2023-05-30,Karnataka,94.05,PPAC-benchmark
2023-05-30,Madhya Pradesh,94.19,PPAC-benchmark
2023-05-30,Maharashtra,96.53,PPAC-benchmark
2023-05-30,Punjab,92.47,PPAC-benchmark
2023-05-30,Rajasthan,95.22,PPAC-benchmark
2023-05-30,Tamil Nadu,92.82,PPAC-benchmark
2023-05-30,Telangana,96.42,PPAC-benchmark
2023-05-30,Uttar Pradesh,90.98,PPAC-benchmark
2023-05-30,West Bengal,93.41,PPAC-benchmark
2023-05-31,Andhra Pradesh,97.46,PPAC-benchmark
2023-05-31,Delhi,88.57,PPAC-benchmark
2023-05-31,Gujarat,89.27,PPAC-benchmark
2023-05-31,Haryana,91.69,PPAC-benchmark
2023-05-31,Karnataka,93.89,PPAC-benchmark
2023-05-31,Madhya Pradesh,94.34,PPAC-benchmark
2023-05-31,Maharashtra,96.62,PPAC-benchmark
2023-05-31,Punjab,92.36,PPAC-benchmark
2023-05-31,Rajasthan,95.15,PPAC-benchmark
2023-05-31,Tamil Nadu,92.9,PPAC-benchmark
2023-05-31,Telangana,96.31,PPAC-benchmark
2023-05-31,Uttar Pradesh,91.02,PPAC-benchmark
2023-05-31,West Bengal,93.52,PPAC-benchmark
2023-06-01,Andhra Pradesh,97.51,PPAC-benchmark
2023-06-01,Delhi,88.48,PPAC-benchmark
2023-06-01,Gujarat,89.3,PPAC-benchmark
2023-06-01,Haryana,91.76,PPAC-benchmark
2023-06-01,Karnataka,94.03,PPAC-benchmark
2023-06-01,Madhya Pradesh,94.26,PPAC-benchmark
2023-06-01,Maharashtra,96.54,PPAC-benchmark
2023-06-01,Punjab,92.36,PPAC-benchmark
2023-06-01,Rajasthan,95.22,PPAC-benchmark
2023-06-01,Tamil Nadu,92.77,PPAC-benchmark
2023-06-01,Telangana,96.35,PPAC-benchmark
2023-06-01,Uttar Pradesh,91.02,PPAC-benchmark
2023-06-01,West Bengal,93.46,PPAC-benchmark
2023-06-02,Andhra Pradesh,97.45,PPAC-benchmark
2023-06-02,Delhi,88.55,PPAC-benchmark
2023-06-02,Gujarat,89.29,PPAC-benchmark
2023-06-02,Haryana,91.79,PPAC-benchmark
2023-06-02,Karnataka,93.92,PPAC-benchmark
2023-06-02,Madhya Pradesh,94.28,PPAC-benchmark
2023-06-02,Maharashtra,96.5,PPAC-benchmark
2023-06-02,Punjab,92.47,PPAC-benchmark
2023-06-02,Rajasthan,95.17,PPAC-benchmark
2023-06-02,Tamil Nadu,92.91,PPAC-benchmark
2023-06-02,Telangana,96.3,PPAC-benchmark
2023-06-02,Uttar Pradesh,90.95,PPAC-benchmark
2023-06-02,West Bengal,93.46,PPAC-benchmark
2023-06-03,Andhra Pradesh,97.41,PPAC-benchmark
2023-06-03,Delhi,88.52,PPAC-benchmark
2023-06-03,Gujarat,89.27,PPAC-benchmark
2023-06-03,Haryana,91.72,PPAC-benchmark
2023-06-03,Madhya Pradesh,94.26,PPAC-benchmark
2023-06-03,Maharashtra,96.59,PPAC-benchmark
2023-06-03,Punjab,92.35,PPAC-benchmark
2023-06-03,Rajasthan,95.21,PPAC-benchmark
2023-06-03,Tamil Nadu,92.81,PPAC-benchmark
2023-06-03,Telangana,96.24,PPAC-benchmark
2023-06-03,Uttar Pradesh,90.92,PPAC-benchmark
2023-06-03,West Bengal,93.43,PPAC-benchmark
2023-06-04,Andhra Pradesh,97.49,PPAC-benchmark
2023-06-04,Delhi,88.49,PPAC-benchmark
2023-06-04,Gujarat,89.24,PPAC-benchmark
2023-06-04,Karnataka,93.96,PPAC-benchmark
2023-06-04,Madhya Pradesh,94.28,PPAC-benchmark
2023-06-04,Maharashtra,96.61,PPAC-benchmark
2023-06-04,Punjab,92.39,PPAC-benchmark
2023-06-04,Rajasthan,95.16,PPAC-benchmark
2023-06-04,Tamil Nadu,92.83,PPAC-benchmark
2023-06-04,Telangana,96.21,PPAC-benchmark
2023-06-04,Uttar Pradesh,90.95,PPAC-benchmark
2023-06-04,West Bengal,93.39,PPAC-benchmark
2023-06-05,Andhra Pradesh,97.54,PPAC-benchmark
2023-06-05,Delhi,88.58,PPAC-benchmark
2023-06-05,Gujarat,89.23,PPAC-benchmark
2023-06-05,Karnataka,94.01,PPAC-benchmark
2023-06-05,Madhya Pradesh,94.26,PPAC-benchmark
2023-06-05,Maharashtra,96.48,PPAC-benchmark
2023-06-05,Punjab,92.29,PPAC-benchmark
2023-06-05,Rajasthan,95.14,PPAC-benchmark
2023-06-05,Tamil Nadu,92.71,PPAC-benchmark
2023-06-05,Telangana,96.31,PPAC-benchmark
2023-06-05,Uttar Pradesh,90.96,PPAC-benchmark
2023-06-05,West Bengal,93.54,PPAC-benchmark
2023-06-06,Andhra Pradesh,97.4,PPAC-benchmark
2023-06-06,Delhi,88.53,PPAC-benchmark
2023-06-06,Gujarat,89.22,PPAC-benchmark
2023-06-06,Haryana,91.69,PPAC-benchmark
2023-06-06,Karnataka,93.99,PPAC-benchmark
2023-06-06,Madhya Pradesh,94.32,PPAC-benchmark
2023-06-06,Maharashtra,96.55,PPAC-benchmark
2023-06-06,Punjab,92.39,PPAC-benchmark
2023-06-06,Rajasthan,95.17,PPAC-benchmark
2023-06-06,Tamil Nadu,92.78,PPAC-benchmark
2023-06-06,Telangana,96.26,PPAC-benchmark
2023-06-06,Uttar Pradesh,91.02,PPAC-benchmark
2023-06-06,West Bengal,93.45,PPAC-benchmark
2023-06-07,Andhra Pradesh,97.45,PPAC-benchmark
2023-06-07,Delhi,88.55,PPAC-benchmark
2023-06-07,Gujarat,89.29,PPAC-benchmark
2023-06-07,Haryana,91.72,PPAC-benchmark
2023-06-07,Karnataka,93.99,PPAC-benchmark
2023-06-07,Madhya Pradesh,94.3,PPAC-benchmark
2023-06-07,Maharashtra,96.51,PPAC-benchmark
2023-06-07,Punjab,92.32,PPAC-benchmark
2023-06-07,Rajasthan,95.21,PPAC-benchmark
2023-06-07,Tamil Nadu,92.69,PPAC-benchmark
2023-06-07,Telangana,96.21,PPAC-benchmark
2023-06-07,Uttar Pradesh,90.96,PPAC-benchmark
2023-06-07,West Bengal,93.43,PPAC-benchmark
2023-06-08,Andhra Pradesh,97.43,PPAC-benchmark
2023-06-08,Delhi,88.65,PPAC-benchmark
2023-06-08,Gujarat,89.29,PPAC-benchmark
2023-06-08,Haryana,91.79,PPAC-benchmark
2023-06-08,Karnataka,93.9,PPAC-benchmark
2023-06-08,Madhya Pradesh,94.21,PPAC-benchmark
2023-06-08,Maharashtra,96.58,PPAC-benchmark
2023-06-08,Punjab,92.35,PPAC-benchmark
2023-06-08,Rajasthan,95.21,PPAC-benchmark
2023-06-08,Tamil Nadu,92.7,PPAC-benchmark
2023-06-08,Telangana,96.22,PPAC-benchmark
2023-06-08,Uttar Pradesh,90.94,PPAC-benchmark
2023-06-08,West Bengal,93.55,PPAC-benchmark
2023-06-09,Andhra Pradesh,97.48,PPAC-benchmark
2023-06-09,Delhi,88.5,PPAC-benchmark
2023-06-09,Gujarat,89.17,PPAC-benchmark
2023-06-09,Haryana,91.74,PPAC-benchmark
2023-06-09,Karnataka,93.9,PPAC-benchmark
2023-06-09,Madhya Pradesh,94.21,PPAC-benchmark
2023-06-09,Maharashtra,96.51,PPAC-benchmark
2023-06-09,Punjab,92.28,PPAC-benchmark
2023-06-09,Rajasthan,95.09,PPAC-benchmark
2023-06-09,Tamil Nadu,92.71,PPAC-benchmark
2023-06-09,Telangana,96.21,PPAC-benchmark
2023-06-09,Uttar Pradesh,90.91,PPAC-benchmark
2023-06-09,West Bengal,93.48,PPAC-benchmark
2023-06-10,Andhra Pradesh,97.43,PPAC-benchmark
2023-06-10,Delhi,88.58,PPAC-benchmark
2023-06-10,Gujarat,89.22,PPAC-benchmark
2023-06-10,Haryana,91.7,PPAC-benchmark
2023-06-10,Karnataka,93.91,PPAC-benchmark
2023-06-10,Madhya Pradesh,94.17,PPAC-benchmark
2023-06-10,Maharashtra,96.52,PPAC-benchmark
2023-06-10,Punjab,92.38,PPAC-benchmark
2023-06-10,Rajasthan,95.12,PPAC-benchmark
2023-06-10,Tamil Nadu,92.68,PPAC-benchmark
2023-06-10,Telangana,96.31,PPAC-benchmark
2023-06-10,Uttar Pradesh,90.89,PPAC-benchmark
2023-06-10,West Bengal,93.39,PPAC-benchmark
2023-06-11,Andhra Pradesh,97.45,PPAC-benchmark
2023-06-11,Delhi,88.47,PPAC-benchmark
2023-06-11,Gujarat,89.25,PPAC-benchmark
2023-06-11,Haryana,91.79,PPAC-benchmark
2023-06-11,Karnataka,93.97,PPAC-benchmark
2023-06-11,Madhya Pradesh,94.21,PPAC-benchmark
2023-06-11,Maharashtra,96.47,PPAC-benchmark
2023-06-11,Punjab,92.32,PPAC-benchmark
2023-06-11,Rajasthan,95.13,PPAC-benchmark
2023-06-11,Tamil Nadu,92.72,PPAC-benchmark
2023-06-11,Telangana,96.38,PPAC-benchmark
2023-06-11,Uttar Pradesh,90.93,PPAC-benchmark
2023-06-11,West Bengal,93.32,PPAC-benchmark
2023-06-12,Delhi,88.6,PPAC-benchmark
2023-06-12,Gujarat,89.28,PPAC-benchmark
2023-06-12,Haryana,91.7,PPAC-benchmark
2023-06-12,Karnataka,93.93,PPAC-benchmark
2023-06-12,Madhya Pradesh,94.27,PPAC-benchmark
2023-06-12,Maharashtra,96.5,PPAC-benchmark
2023-06-12,Punjab,92.27,PPAC-benchmark
2023-06-12,Rajasthan,95.0,PPAC-benchmark
2023-06-12,Tamil Nadu,92.67,PPAC-benchmark
2023-06-12,Telangana,96.19,PPAC-benchmark
2023-06-12,Uttar Pradesh,90.92,PPAC-benchmark
2023-06-12,West Bengal,93.45,PPAC-benchmark
2023-06-13,Andhra Pradesh,97.3,PPAC-benchmark
2023-06-13,Delhi,88.49,PPAC-benchmark
2023-06-13,Gujarat,89.17,PPAC-benchmark
2023-06-13,Haryana,91.64,PPAC-benchmark
2023-06-13,Karnataka,93.9,PPAC-benchmark
2023-06-13,Madhya Pradesh,94.09,PPAC-benchmark
2023-06-13,Maharashtra,96.52,PPAC-benchmark
2023-06-13,Punjab,92.2,PPAC-benchmark
2023-06-13,Rajasthan,95.12,PPAC-benchmark
2023-06-13,Tamil Nadu,92.71,PPAC-benchmark
2023-06-13,Telangana,96.23,PPAC-benchmark
2023-06-13,Uttar Pradesh,90.82,PPAC-benchmark
2023-06-13,West Bengal,93.4,PPAC-benchmark
2023-06-14,Andhra Pradesh,97.35,PPAC-benchmark
2023-06-14,Delhi,88.51,PPAC-benchmark
2023-06-14,Gujarat,89.11,PPAC-benchmark
2023-06-14,Haryana,91.67,PPAC-benchmark
2023-06-14,Karnataka,93.82,PPAC-benchmark
2023-06-14,Madhya Pradesh,94.1,PPAC-benchmark
2023-06-14,Maharashtra,96.5,PPAC-benchmark
2023-06-14,Punjab,92.33,PPAC-benchmark
2023-06-14,Rajasthan,95.01,PPAC-benchmark
2023-06-14,Tamil Nadu,92.66,PPAC-benchmark
2023-06-14,Telangana,96.16,PPAC-benchmark
2023-06-14,Uttar Pradesh,90.82,PPAC-benchmark
2023-06-14,West Bengal,93.31,PPAC-benchmark
2023-06-15,Andhra Pradesh,97.28,PPAC-benchmark
2023-06-15,Delhi,88.4,PPAC-benchmark
2023-06-15,Gujarat,89.07,PPAC-benchmark
2023-06-15,Haryana,91.54,PPAC-benchmark
2023-06-15,Karnataka,93.9,PPAC-benchmark
2023-06-15,Madhya Pradesh,94.14,PPAC-benchmark
2023-06-15,Maharashtra,96.34,PPAC-benchmark
2023-06-15,Punjab,92.22,PPAC-benchmark
2023-06-15,Rajasthan,94.98,PPAC-benchmark
2023-06-15,Tamil Nadu,92.69,PPAC-benchmark
2023-06-15,Telangana,96.17,PPAC-benchmark
2023-06-15,Uttar Pradesh,90.72,PPAC-benchmark
2023-06-15,West Bengal,93.31,PPAC-benchmark
2023-06-16,Andhra Pradesh,97.3,PPAC-benchmark
2023-06-16,Delhi,88.4,PPAC-benchmark
2023-06-16,Gujarat,89.15,PPAC-benchmark
2023-06-16,Haryana,91.6,PPAC-benchmark
2023-06-16,Madhya Pradesh,94.2,PPAC-benchmark
2023-06-16,Maharashtra,96.4,PPAC-benchmark
2023-06-16,Punjab,92.27,PPAC-benchmark
2023-06-16,Rajasthan,94.99,PPAC-benchmark
2023-06-16,Tamil Nadu,92.58,PPAC-benchmark
2023-06-16,Telangana,96.1,PPAC-benchmark
2023-06-17,Andhra Pradesh,97.37,PPAC-benchmark
2023-06-17,Gujarat,89.18,PPAC-benchmark
2023-06-17,Haryana,91.62,PPAC-benchmark
2023-06-17,Karnataka,93.81,PPAC-benchmark
2023-06-17,Madhya Pradesh,94.12,PPAC-benchmark
2023-06-17,Maharashtra,96.35,PPAC-benchmark
2023-06-17,Rajasthan,95.06,PPAC-benchmark
2023-06-17,Tamil Nadu,92.57,PPAC-benchmark
2023-06-17,Telangana,96.07,PPAC-benchmark
2023-06-17,Uttar Pradesh,90.8,PPAC-benchmark
2023-06-17,West Bengal,93.25,PPAC-benchmark
2023-06-18,Andhra Pradesh,97.33,PPAC-benchmark
2023-06-18,Delhi,88.33,PPAC-benchmark
2023-06-18,Gujarat,89.15,PPAC-benchmark
2023-06-18,Haryana,91.61,PPAC-benchmark
2023-06-18,Karnataka,93.83,PPAC-benchmark
2023-06-18,Madhya Pradesh,94.13,PPAC-benchmark
2023-06-18,Maharashtra,96.43,PPAC-benchmark
2023-06-18,Punjab,92.22,PPAC-benchmark
2023-06-18,Rajasthan,95.07,PPAC-benchmark
2023-06-18,Tamil Nadu,92.51,PPAC-benchmark
2023-06-18,Telangana,96.02,PPAC-benchmark
2023-06-18,Uttar Pradesh,90.77,PPAC-benchmark
2023-06-19,Andhra Pradesh,97.25,PPAC-benchmark
2023-06-19,Delhi,88.48,PPAC-benchmark
2023-06-19,Gujarat,89.06,PPAC-benchmark
2023-06-19,Haryana,91.61,PPAC-benchmark
2023-06-19,Karnataka,93.77,PPAC-benchmark
2023-06-19,Madhya Pradesh,94.05,PPAC-benchmark
2023-06-19,Maharashtra,96.35,PPAC-benchmark
2023-06-19,Punjab,92.18,PPAC-benchmark
2023-06-19,Rajasthan,94.97,PPAC-benchmark
2023-06-19,Tamil Nadu,92.59,PPAC-benchmark
2023-06-19,Telangana,96.13,PPAC-benchmark
2023-06-19,Uttar Pradesh,90.77,PPAC-benchmark
2023-06-19,West Bengal,93.32,PPAC-benchmark
2023-06-20,Andhra Pradesh,97.26,PPAC-benchmark
2023-06-20,Delhi,88.34,PPAC-benchmark
2023-06-20,Gujarat,88.94,PPAC-benchmark
2023-06-20,Haryana,91.59,PPAC-benchmark
2023-06-20,Karnataka,93.72,PPAC-benchmark
2023-06-20,Madhya Pradesh,94.07,PPAC-benchmark
2023-06-20,Maharashtra,96.31,PPAC-benchmark
2023-06-20,Punjab,92.03,PPAC-benchmark
2023-06-20,Rajasthan,94.94,PPAC-benchmark
2023-06-20,Tamil Nadu,92.47,PPAC-benchmark
2023-06-20,Telangana,96.04,PPAC-benchmark
2023-06-20,Uttar Pradesh,90.68,PPAC-benchmark
2023-06-20,West Bengal,93.29,PPAC-benchmark
2023-06-21,Andhra Pradesh,97.2,PPAC-benchmark
2023-06-21,Delhi,88.25,PPAC-benchmark
2023-06-21,Gujarat,88.99,PPAC-benchmark
2023-06-21,Haryana,91.59,PPAC-benchmark
2023-06-21,Karnataka,93.77,PPAC-benchmark
2023-06-21,Madhya Pradesh,93.92,PPAC-benchmark
2023-06-21,Maharashtra,96.24,PPAC-benchmark
2023-06-21,Punjab,92.09,PPAC-benchmark
2023-06-21,Rajasthan,94.85,PPAC-benchmark
2023-06-21,Tamil Nadu,92.42,PPAC-benchmark
2023-06-21,Telangana,95.97,PPAC-benchmark
2023-06-21,Uttar Pradesh,90.79,PPAC-benchmark
2023-06-21,West Bengal,93.1,PPAC-benchmark
2023-06-22,Andhra Pradesh,97.31,PPAC-benchmark
2023-06-22,Delhi,88.31,PPAC-benchmark
2023-06-22,Gujarat,88.98,PPAC-benchmark
2023-06-22,Haryana,91.48,PPAC-benchmark
2023-06-22,Karnataka,93.66,PPAC-benchmark
2023-06-22,Madhya Pradesh,93.94,PPAC-benchmark
2023-06-22,Maharashtra,96.25,PPAC-benchmark
2023-06-22,Punjab,92.1,PPAC-benchmark
2023-06-22,Rajasthan,94.85,PPAC-benchmark
2023-06-22,Tamil Nadu,92.48,PPAC-benchmark
2023-06-22,Telangana,96.05,PPAC-benchmark
2023-06-22,Uttar Pradesh,90.64,PPAC-benchmark
2023-06-22,West Bengal,93.17,PPAC-benchmark
2023-06-23,Andhra Pradesh,97.12,PPAC-benchmark
2023-06-23,Delhi,88.26,PPAC-benchmark
2023-06-23,Gujarat,89.03,PPAC-benchmark
2023-06-23,Haryana,91.49,PPAC-benchmark
2023-06-23,Karnataka,93.64,PPAC-benchmark
2023-06-23,Madhya Pradesh,93.93,PPAC-benchmark
2023-06-23,Maharashtra,96.29,PPAC-benchmark
2023-06-23,Punjab,92.01,PPAC-benchmark
2023-06-23,Rajasthan,94.85,PPAC-benchmark
2023-06-23,Tamil Nadu,92.49,PPAC-benchmark
2023-06-23,Telangana,95.98,PPAC-benchmark
2023-06-23,Uttar Pradesh,90.66,PPAC-benchmark
2023-06-23,West Bengal,93.17,PPAC-benchmark
2023-06-24,Andhra Pradesh,97.15,PPAC-benchmark
2023-06-24,Gujarat,89.02,PPAC-benchmark
2023-06-24,Karnataka,93.67,PPAC-benchmark
2023-06-24,Madhya Pradesh,93.92,PPAC-benchmark
2023-06-24,Maharashtra,96.27,PPAC-benchmark
2023-06-24,Punjab,92.03,PPAC-benchmark
2023-06-24,Tamil Nadu,92.52,PPAC-benchmark
2023-06-24,Telangana,95.96,PPAC-benchmark
2023-06-24,Uttar Pradesh,90.64,PPAC-benchmark
2023-06-24,West Bengal,93.22,PPAC-benchmark
2023-06-25,Andhra Pradesh,97.16,PPAC-benchmark
2023-06-25,Delhi,88.17,PPAC-benchmark
2023-06-25,Gujarat,89.01,PPAC-benchmark
2023-06-25,Haryana,91.42,PPAC-benchmark
2023-06-25,Karnataka,93.66,PPAC-benchmark
2023-06-25,Madhya Pradesh,93.9,PPAC-benchmark
2023-06-25,Maharashtra,96.26,PPAC-benchmark
2023-06-25,Punjab,92.16,PPAC-benchmark
2023-06-25,Tamil Nadu,92.42,PPAC-benchmark
2023-06-25,Telangana,96.01,PPAC-benchmark
2023-06-25,Uttar Pradesh,90.62,PPAC-benchmark
2023-06-25,West Bengal,93.1,PPAC-benchmark
2023-06-26,Andhra Pradesh,97.15,PPAC-benchmark
2023-06-26,Delhi,88.22,PPAC-benchmark
2023-06-26,Gujarat,88.91,PPAC-benchmark
2023-06-26,Haryana,91.45,PPAC-benchmark
2023-06-26,Karnataka,93.69,PPAC-benchmark
2023-06-26,Madhya Pradesh,94.02,PPAC-benchmark
2023-06-26,Maharashtra,96.26,PPAC-benchmark
2023-06-26,Punjab,92.07,PPAC-benchmark
2023-06-26,Rajasthan,94.9,PPAC-benchmark
2023-06-26,Tamil Nadu,92.49,PPAC-benchmark
2023-06-26,Telangana,95.88,PPAC-benchmark
2023-06-26,Uttar Pradesh,90.68,PPAC-benchmark
2023-06-26,West Bengal,93.08,PPAC-benchmark
2023-06-27,Andhra Pradesh,97.3,PPAC-benchmark
2023-06-27,Delhi,88.22,PPAC-benchmark
2023-06-27,Gujarat,88.93,PPAC-benchmark
2023-06-27,Haryana,91.45,PPAC-benchmark
2023-06-27,Karnataka,93.61,PPAC-benchmark
2023-06-27,Madhya Pradesh,93.91,PPAC-benchmark
2023-06-27,Punjab,92.09,PPAC-benchmark
2023-06-27,Rajasthan,94.75,PPAC-benchmark
2023-06-27,Tamil Nadu,92.46,PPAC-benchmark
2023-06-27,Telangana,95.95,PPAC-benchmark
2023-06-27,Uttar Pradesh,90.6,PPAC-benchmark
2023-06-27,West Bengal,93.12,PPAC-benchmark
2023-06-28,Andhra Pradesh,97.01,PPAC-benchmark
2023-06-28,Delhi,88.21,PPAC-benchmark
2023-06-28,Gujarat,88.87,PPAC-benchmark
2023-06-28,Haryana,91.4,PPAC-benchmark
2023-06-28,Karnataka,93.65,PPAC-benchmark
2023-06-28,Madhya Pradesh,93.89,PPAC-benchmark
2023-06-28,Maharashtra,96.14,PPAC-benchmark
2023-06-28,Punjab,91.91,PPAC-benchmark
2023-06-28,Rajasthan,94.79,PPAC-benchmark
2023-06-28,Tamil Nadu,92.32,PPAC-benchmark
2023-06-28,Telangana,95.91,PPAC-benchmark
2023-06-28,Uttar Pradesh,90.52,PPAC-benchmark
2023-06-28,West Bengal,92.94,PPAC-benchmark
2023-06-29,Andhra Pradesh,97.04,PPAC-benchmark
2023-06-29,Delhi,88.17,PPAC-benchmark
2023-06-29,Gujarat,88.9,PPAC-benchmark
2023-06-29,Haryana,91.35,PPAC-benchmark
2023-06-29,Karnataka,93.55,PPAC-benchmark
2023-06-29,Madhya Pradesh,93.87,PPAC-benchmark
2023-06-29,Maharashtra,96.21,PPAC-benchmark
2023-06-29,Punjab,91.95,PPAC-benchmark
2023-06-29,Rajasthan,94.77,PPAC-benchmark
2023-06-29,Tamil Nadu,92.39,PPAC-benchmark
2023-06-29,Telangana,95.85,PPAC-benchmark
2023-06-29,Uttar Pradesh,90.66,PPAC-benchmark
2023-06-30,Andhra Pradesh,97.04,PPAC-benchmark
2023-06-30,Delhi,88.17,PPAC-benchmark
2023-06-30,Gujarat,88.85,PPAC-benchmark
2023-06-30,Haryana,91.33,PPAC-benchmark
2023-06-30,Karnataka,93.56,PPAC-benchmark
2023-06-30,Madhya Pradesh,93.82,PPAC-benchmark
2023-06-30,Maharashtra,96.14,PPAC-benchmark
2023-06-30,Punjab,91.86,PPAC-benchmark
2023-06-30,Rajasthan,94.71,PPAC-benchmark
2023-06-30,Tamil Nadu,92.22,PPAC-benchmark
2023-06-30,Telangana,95.83,PPAC-benchmark
2023-06-30,Uttar Pradesh,90.49,PPAC-benchmark
2023-06-30,West Bengal,92.98,PPAC-benchmark
2023-07-01,Delhi,88.1,PPAC-benchmark
2023-07-01,Gujarat,88.89,PPAC-benchmark
2023-07-01,Karnataka,93.6,PPAC-benchmark
2023-07-01,Madhya Pradesh,93.89,PPAC-benchmark
2023-07-01,Maharashtra,96.27,PPAC-benchmark
2023-07-01,Punjab,92.03,PPAC-benchmark
2023-07-01,Rajasthan,94.78,PPAC-benchmark
2023-07-01,Tamil Nadu,92.35,PPAC-benchmark
2023-07-01,Telangana,95.89,PPAC-benchmark
2023-07-01,Uttar Pradesh,90.59,PPAC-benchmark
2023-07-01,West Bengal,93.18,PPAC-benchmark
2023-07-02,Andhra Pradesh,97.16,PPAC-benchmark
2023-07-02,Delhi,88.14,PPAC-benchmark
2023-07-02,Gujarat,88.88,PPAC-benchmark
2023-07-02,Haryana,91.32,PPAC-benchmark
2023-07-02,Karnataka,93.58,PPAC-benchmark
2023-07-02,Madhya Pradesh,93.95,PPAC-benchmark
2023-07-02,Maharashtra,96.21,PPAC-benchmark
2023-07-02,Punjab,91.96,PPAC-benchmark
2023-07-02,Rajasthan,94.89,PPAC-benchmark
2023-07-02,Tamil Nadu,92.35,PPAC-benchmark
2023-07-02,Telangana,95.89,PPAC-benchmark
2023-07-02,Uttar Pradesh,90.48,PPAC-benchmark
2023-07-02,West Bengal,93.13,PPAC-benchmark
2023-07-03,Andhra Pradesh,96.97,PPAC-benchmark
2023-07-03,Delhi,88.21,PPAC-benchmark
2023-07-03,Gujarat,88.93,PPAC-benchmark
2023-07-03,Haryana,91.36,PPAC-benchmark
2023-07-03,Karnataka,93.56,PPAC-benchmark
2023-07-03,Madhya Pradesh,93.9,PPAC-benchmark
2023-07-03,Maharashtra,96.15,PPAC-benchmark
2023-07-03,Punjab,91.97,PPAC-benchmark
2023-07-03,Rajasthan,94.84,PPAC-benchmark
2023-07-03,Tamil Nadu,92.38,PPAC-benchmark
2023-07-03,Telangana,95.95,PPAC-benchmark
2023-07-03,Uttar Pradesh,90.59,PPAC-benchmark
2023-07-03,West Bengal,93.09,PPAC-benchmark
2023-07-04,Andhra Pradesh,97.09,PPAC-benchmark
2023-07-04,Delhi,88.15,PPAC-benchmark
2023-07-04,Gujarat,88.9,PPAC-benchmark
2023-07-04,Haryana,91.46,PPAC-benchmark
2023-07-04,Karnataka,93.54,PPAC-benchmark
2023-07-04,Madhya Pradesh,93.92,PPAC-benchmark
2023-07-04,Maharashtra,96.21,PPAC-benchmark
2023-07-04,Punjab,91.96,PPAC-benchmark
2023-07-04,Rajasthan,94.79,PPAC-benchmark
2023-07-04,Tamil Nadu,92.41,PPAC-benchmark
2023-07-04,Telangana,95.84,PPAC-benchmark
2023-07-04,Uttar Pradesh,90.55,PPAC-benchmark
2023-07-04,West Bengal,93.11,PPAC-benchmark
2023-07-05,Andhra Pradesh,97.07,PPAC-benchmark
2023-07-05,Delhi,88.19,PPAC-benchmark
2023-07-05,Gujarat,88.89,PPAC-benchmark
2023-07-05,Haryana,91.39,PPAC-benchmark
2023-07-05,Karnataka,93.69,PPAC-benchmark
2023-07-05,Madhya Pradesh,93.9,PPAC-benchmark
2023-07-05,Maharashtra,96.17,PPAC-benchmark
2023-07-05,Punjab,92.02,PPAC-benchmark
2023-07-05,Rajasthan,94.91,PPAC-benchmark
2023-07-05,Tamil Nadu,92.37,PPAC-benchmark
2023-07-05,Telangana,95.79,PPAC-benchmark
2023-07-05,Uttar Pradesh,90.64,PPAC-benchmark
2023-07-05,West Bengal,93.12,PPAC-benchmark
2023-07-06,Delhi,88.21,PPAC-benchmark
2023-07-06,Gujarat,88.99,PPAC-benchmark
2023-07-06,Haryana,91.46,PPAC-benchmark
2023-07-06,Karnataka,93.6,PPAC-benchmark
2023-07-06,Madhya Pradesh,93.91,PPAC-benchmark
2023-07-06,Maharashtra,96.18,PPAC-benchmark
2023-07-06,Punjab,92.0,PPAC-benchmark
2023-07-06,Rajasthan,94.7,PPAC-benchmark
2023-07-06,Tamil Nadu,92.4,PPAC-benchmark
2023-07-06,Telangana,95.89,PPAC-benchmark
2023-07-06,Uttar Pradesh,90.68,PPAC-benchmark
2023-07-06,West Bengal,93.09,PPAC-benchmark
2023-07-07,Andhra Pradesh,97.12,PPAC-benchmark
2023-07-07,Delhi,88.19,PPAC-benchmark
2023-07-07,Gujarat,88.94,PPAC-benchmark
2023-07-07,Haryana,91.47,PPAC-benchmark
2023-07-07,Karnataka,93.62,PPAC-benchmark
2023-07-07,Madhya Pradesh,93.9,PPAC-benchmark
2023-07-07,Maharashtra,96.17,PPAC-benchmark
2023-07-07,Punjab,92.03,PPAC-benchmark
2023-07-07,Rajasthan,94.79,PPAC-benchmark
2023-07-07,Tamil Nadu,92.34,PPAC-benchmark
2023-07-07,Telangana,95.91,PPAC-benchmark
2023-07-07,Uttar Pradesh,90.61,PPAC-benchmark
2023-07-07,West Bengal,93.24,PPAC-benchmark
2023-07-08,Andhra Pradesh,97.05,PPAC-benchmark
2023-07-08,Delhi,88.21,PPAC-benchmark
2023-07-08,Gujarat,88.92,PPAC-benchmark
2023-07-08,Haryana,91.41,PPAC-benchmark
2023-07-08,Karnataka,93.61,PPAC-benchmark
2023-07-08,Madhya Pradesh,93.9,PPAC-benchmark
2023-07-08,Maharashtra,96.23,PPAC-benchmark
2023-07-08,Punjab,91.92,PPAC-benchmark
2023-07-08,Tamil Nadu,92.48,PPAC-benchmark
2023-07-08,Telangana,95.89,PPAC-benchmark
2023-07-08,Uttar Pradesh,90.64,PPAC-benchmark
2023-07-08,West Bengal,93.1,PPAC-benchmark
2023-07-09,Andhra Pradesh,97.07,PPAC-benchmark
2023-07-09,Delhi,88.19,PPAC-benchmark
2023-07-09,Gujarat,88.91,PPAC-benchmark
2023-07-09,Haryana,91.32,PPAC-benchmark
2023-07-09,Karnataka,93.53,PPAC-benchmark
2023-07-09,Madhya Pradesh,93.9,PPAC-benchmark
2023-07-09,Maharashtra,96.17,PPAC-benchmark
2023-07-09,Punjab,91.95,PPAC-benchmark
2023-07-09,Rajasthan,94.79,PPAC-benchmark
2023-07-09,Tamil Nadu,92.36,PPAC-benchmark
2023-07-09,Telangana,95.9,PPAC-benchmark
2023-07-09,Uttar Pradesh,90.57,PPAC-benchmark
2023-07-09,West Bengal,93.04,PPAC-benchmark
2023-07-10,Andhra Pradesh,97.09,PPAC-benchmark
2023-07-10,Delhi,88.14,PPAC-benchmark
2023-07-10,Gujarat,88.82,PPAC-benchmark
2023-07-10,Haryana,91.43,PPAC-benchmark
2023-07-10,Karnataka,93.56,PPAC-benchmark
2023-07-10,Madhya Pradesh,93.84,PPAC-benchmark
2023-07-10,Maharashtra,96.22,PPAC-benchmark
2023-07-10,Punjab,91.98,PPAC-benchmark
2023-07-10,Rajasthan,94.81,PPAC-benchmark
2023-07-10,Tamil Nadu,92.39,PPAC-benchmark
2023-07-10,Telangana,95.9,PPAC-benchmark
2023-07-10,Uttar Pradesh,90.54,PPAC-benchmark
2023-07-10,West Bengal,93.08,PPAC-benchmark
2023-07-11,Andhra Pradesh,97.06,PPAC-benchmark
2023-07-11,Delhi,88.09,PPAC-benchmark
2023-07-11,Gujarat,88.84,PPAC-benchmark
2023-07-11,Haryana,91.29,PPAC-benchmark
2023-07-11,Karnataka,93.62,PPAC-benchmark
2023-07-11,Madhya Pradesh,93.84,PPAC-benchmark
2023-07-11,Maharashtra,96.13,PPAC-benchmark
2023-07-11,Punjab,91.98,PPAC-benchmark
2023-07-11,Rajasthan,94.74,PPAC-benchmark
2023-07-11,Tamil Nadu,92.29,PPAC-benchmark
2023-07-11,Telangana,95.78,PPAC-benchmark
2023-07-11,Uttar Pradesh,90.5,PPAC-benchmark
2023-07-11,West Bengal,93.02,PPAC-benchmark
2023-07-12,Andhra Pradesh,97.03,PPAC-benchmark
2023-07-12,Delhi,88.12,PPAC-benchmark
2023-07-12,Gujarat,88.9,PPAC-benchmark
2023-07-12,Haryana,91.37,PPAC-benchmark
2023-07-12,Karnataka,93.48,PPAC-benchmark
2023-07-12,Madhya Pradesh,93.82,PPAC-benchmark
2023-07-12,Maharashtra,96.11,PPAC-benchmark
2023-07-12,Punjab,91.94,PPAC-benchmark
2023-07-12,Rajasthan,94.66,PPAC-benchmark
2023-07-12,Telangana,95.85,PPAC-benchmark
2023-07-12,Uttar Pradesh,90.46,PPAC-benchmark
2023-07-12,West Bengal,93.04,PPAC-benchmark
2023-07-13,Andhra Pradesh,97.0,PPAC-benchmark
2023-07-13,Delhi,88.19,PPAC-benchmark
2023-07-13,Gujarat,88.85,PPAC-benchmark
2023-07-13,Haryana,91.33,PPAC-benchmark
2023-07-13,Karnataka,93.53,PPAC-benchmark
2023-07-13,Madhya Pradesh,93.86,PPAC-benchmark
2023-07-13,Maharashtra,96.0,PPAC-benchmark
2023-07-13,Punjab,91.94,PPAC-benchmark
2023-07-13,Rajasthan,94.72,PPAC-benchmark
2023-07-13,Tamil Nadu,92.35,PPAC-benchmark
2023-07-13,Telangana,95.76,PPAC-benchmark
2023-07-13,Uttar Pradesh,90.58,PPAC-benchmark
2023-07-13,West Bengal,93.02,PPAC-benchmark
2023-07-14,Andhra Pradesh,97.02,PPAC-benchmark
2023-07-14,Delhi,88.16,PPAC-benchmark
2023-07-14,Gujarat,88.8,PPAC-benchmark
2023-07-14,Haryana,91.25,PPAC-benchmark
2023-07-14,Karnataka,93.5,PPAC-benchmark
2023-07-14,Madhya Pradesh,93.77,PPAC-benchmark
2023-07-14,Maharashtra,96.2,PPAC-benchmark
2023-07-14,Punjab,91.77,PPAC-benchmark
2023-07-14,Rajasthan,94.81,PPAC-benchmark
2023-07-14,Telangana,95.78,PPAC-benchmark
2023-07-14,Uttar Pradesh,90.6,PPAC-benchmark
2023-07-14,West Bengal,93.09,PPAC-benchmark
2023-07-15,Andhra Pradesh,97.0,PPAC-benchmark
2023-07-15,Delhi,88.13,PPAC-benchmark
2023-07-15,Gujarat,88.83,PPAC-benchmark
2023-07-15,Haryana,91.28,PPAC-benchmark
2023-07-15,Karnataka,93.53,PPAC-benchmark
2023-07-15,Madhya Pradesh,93.79,PPAC-benchmark
2023-07-15,Maharashtra,96.18,PPAC-benchmark
2023-07-15,Punjab,92.01,PPAC-benchmark
2023-07-15,Rajasthan,94.7,PPAC-benchmark
2023-07-15,Tamil Nadu,92.28,PPAC-benchmark
2023-07-15,Telangana,95.85,PPAC-benchmark
2023-07-15,Uttar Pradesh,90.49,PPAC-benchmark
2023-07-15,West Bengal,93.05,PPAC-benchmark
2023-07-16,Andhra Pradesh,97.11,PPAC-benchmark
2023-07-16,Delhi,88.08,PPAC-benchmark
2023-07-16,Gujarat,88.9,PPAC-benchmark
2023-07-16,Haryana,91.3,PPAC-benchmark
2023-07-16,Karnataka,93.53,PPAC-benchmark
2023-07-16,Madhya Pradesh,93.76,PPAC-benchmark
2023-07-16,Maharashtra,96.11,PPAC-benchmark
2023-07-16,Punjab,91.84,PPAC-benchmark
2023-07-16,Rajasthan,94.68,PPAC-benchmark
2023-07-16,Tamil Nadu,92.28,PPAC-benchmark
2023-07-16,Telangana,95.85,PPAC-benchmark
2023-07-16,Uttar Pradesh,90.49,PPAC-benchmark
2023-07-16,West Bengal,93.02,PPAC-benchmark
2023-07-17,Andhra Pradesh,97.05,PPAC-benchmark
2023-07-17,Delhi,88.11,PPAC-benchmark
2023-07-17,Gujarat,88.73,PPAC-benchmark
2023-07-17,Haryana,91.24,PPAC-benchmark
2023-07-17,Karnataka,93.52,PPAC-benchmark
2023-07-17,Madhya Pradesh,93.82,PPAC-benchmark
2023-07-17,Maharashtra,96.13,PPAC-benchmark
2023-07-17,Punjab,91.87,PPAC-benchmark
2023-07-17,Tamil Nadu,92.31,PPAC-benchmark
2023-07-17,Telangana,95.8,PPAC-benchmark
2023-07-17,Uttar Pradesh,90.57,PPAC-benchmark
2023-07-17,West Bengal,92.99,PPAC-benchmark
2023-07-18,Andhra Pradesh,97.03,PPAC-benchmark
2023-07-18,Delhi,88.12,PPAC-benchmark
2023-07-18,Gujarat,88.88,PPAC-benchmark
2023-07-18,Haryana,91.33,PPAC-benchmark
2023-07-18,Karnataka,93.45,PPAC-benchmark
2023-07-18,Madhya Pradesh,93.89,PPAC-benchmark
2023-07-18,Maharashtra,96.08,PPAC-benchmark
2023-07-18,Punjab,91.86,PPAC-benchmark
2023-07-18,Rajasthan,94.69,PPAC-benchmark
2023-07-18,Tamil Nadu,92.31,PPAC-benchmark
2023-07-18,Telangana,95.76,PPAC-benchmark
2023-07-18,Uttar Pradesh,90.53,PPAC-benchmark
2023-07-18,West Bengal,93.0,PPAC-benchmark
2023-07-19,Andhra Pradesh,96.97,PPAC-benchmark
2023-07-19,Delhi,88.07,PPAC-benchmark
2023-07-19,Gujarat,88.84,PPAC-benchmark
2023-07-19,Haryana,91.36,PPAC-benchmark
2023-07-19,Karnataka,93.45,PPAC-benchmark
2023-07-19,Madhya Pradesh,93.87,PPAC-benchmark
2023-07-19,Punjab,91.82,PPAC-benchmark
2023-07-19,Rajasthan,94.69,PPAC-benchmark
2023-07-19,Tamil Nadu,92.29,PPAC-benchmark
2023-07-19,Telangana,95.77,PPAC-benchmark
2023-07-19,Uttar Pradesh,90.51,PPAC-benchmark
2023-07-19,West Bengal,92.92,PPAC-benchmark
2023-07-20,Andhra Pradesh,96.94,PPAC-benchmark
2023-07-20,Delhi,88.04,PPAC-benchmark
2023-07-20,Gujarat,88.76,PPAC-benchmark
2023-07-20,Haryana,91.35,PPAC-benchmark
2023-07-20,Karnataka,93.35,PPAC-benchmark
2023-07-20,Madhya Pradesh,93.79,PPAC-benchmark
2023-07-20,Maharashtra,96.11,PPAC-benchmark
2023-07-20,Punjab,91.96,PPAC-benchmark
2023-07-20,Rajasthan,94.72,PPAC-benchmark
2023-07-20,Tamil Nadu,92.3,PPAC-benchmark
2023-07-20,Telangana,95.75,PPAC-benchmark
2023-07-20,Uttar Pradesh,90.46,PPAC-benchmark
2023-07-20,West Bengal,92.91,PPAC-benchmark
2023-07-21,Andhra Pradesh,97.02,PPAC-benchmark
2023-07-21,Delhi,88.09,PPAC-benchmark
2023-07-21,Gujarat,88.77,PPAC-benchmark
2023-07-21,Haryana,91.34,PPAC-benchmark
2023-07-21,Karnataka,93.46,PPAC-benchmark
2023-07-21,Madhya Pradesh,93.86,PPAC-benchmark
2023-07-21,Maharashtra,96.05,PPAC-benchmark
2023-07-21,Punjab,91.86,PPAC-benchmark
2023-07-21,Rajasthan,94.72,PPAC-benchmark
2023-07-21,Tamil Nadu,92.31,PPAC-benchmark
2023-07-21,Telangana,95.87,PPAC-benchmark
2023-07-21,Uttar Pradesh,90.46,PPAC-benchmark
2023-07-21,West Bengal,92.94,PPAC-benchmark
2023-07-22,Andhra Pradesh,96.98,PPAC-benchmark
2023-07-22,Delhi,88.04,PPAC-benchmark
2023-07-22,Gujarat,88.77,PPAC-benchmark
2023-07-22,Haryana,91.26,PPAC-benchmark
2023-07-22,Karnataka,93.4,PPAC-benchmark
2023-07-22,Madhya Pradesh,93.8,PPAC-benchmark
2023-07-22,Maharashtra,96.0,PPAC-benchmark
2023-07-22,Punjab,91.85,PPAC-benchmark
2023-07-22,Rajasthan,94.58,PPAC-benchmark
2023-07-22,Tamil Nadu,92.37,PPAC-benchmark
2023-07-22,Telangana,95.67,PPAC-benchmark
2023-07-22,Uttar Pradesh,90.48,PPAC-benchmark
2023-07-22,West Bengal,92.99,PPAC-benchmark
2023-07-23,Andhra Pradesh,96.92,PPAC-benchmark
2023-07-23,Gujarat,88.81,PPAC-benchmark
2023-07-23,Haryana,91.3,PPAC-benchmark
2023-07-23,Karnataka,93.44,PPAC-benchmark
2023-07-23,Maharashtra,95.93,PPAC-benchmark
2023-07-23,Punjab,91.74,PPAC-benchmark
2023-07-23,Rajasthan,94.63,PPAC-benchmark
2023-07-23,Tamil Nadu,92.28,PPAC-benchmark
2023-07-23,Telangana,95.68,PPAC-benchmark
2023-07-23,Uttar Pradesh,90.47,PPAC-benchmark
2023-07-23,West Bengal,92.87,PPAC-benchmark
2023-07-24,Andhra Pradesh,96.88,PPAC-benchmark
2023-07-24,Delhi,88.0,PPAC-benchmark
2023-07-24,Gujarat,88.94,PPAC-benchmark
2023-07-24,Haryana,91.23,PPAC-benchmark
2023-07-24,Karnataka,93.41,PPAC-benchmark
2023-07-24,Madhya Pradesh,93.84,PPAC-benchmark
2023-07-24,Maharashtra,96.08,PPAC-benchmark
2023-07-24,Punjab,91.94,PPAC-benchmark
2023-07-24,Rajasthan,94.65,PPAC-benchmark
2023-07-24,Tamil Nadu,92.29,PPAC-benchmark
2023-07-24,Telangana,95.85,PPAC-benchmark
2023-07-24,Uttar Pradesh,90.49,PPAC-benchmark
2023-07-24,West Bengal,92.98,PPAC-benchmark
2023-07-25,Andhra Pradesh,96.87,PPAC-benchmark
2023-07-25,Delhi,88.1,PPAC-benchmark
2023-07-25,Gujarat,88.79,PPAC-benchmark
2023-07-25,Haryana,91.25,PPAC-benchmark
2023-07-25,Karnataka,93.46,PPAC-benchmark
2023-07-25,Madhya Pradesh,93.72,PPAC-benchmark
2023-07-25,Maharashtra,96.07,PPAC-benchmark
2023-07-25,Punjab,91.89,PPAC-benchmark
2023-07-25,Rajasthan,94.67,PPAC-benchmark
2023-07-25,Tamil Nadu,92.26,PPAC-benchmark
2023-07-25,Telangana,95.82,PPAC-benchmark
2023-07-25,Uttar Pradesh,90.53,PPAC-benchmark
2023-07-25,West Bengal,93.02,PPAC-benchmark
2023-07-26,Andhra Pradesh,97.04,PPAC-benchmark
2023-07-26,Delhi,88.08,PPAC-benchmark
2023-07-26,Gujarat,88.66,PPAC-benchmark
2023-07-26,Haryana,91.19,PPAC-benchmark
2023-07-26,Karnataka,93.38,PPAC-benchmark
2023-07-26,Madhya Pradesh,93.7,PPAC-benchmark
2023-07-26,Maharashtra,96.03,PPAC-benchmark
2023-07-26,Punjab,91.83,PPAC-benchmark
2023-07-26,Rajasthan,94.57,PPAC-benchmark
2023-07-26,Tamil Nadu,92.26,PPAC-benchmark
2023-07-26,Telangana,95.74,PPAC-benchmark
2023-07-26,Uttar Pradesh,90.38,PPAC-benchmark
2023-07-26,West Bengal,92.99,PPAC-benchmark
2023-07-27,Andhra Pradesh,96.96,PPAC-benchmark
2023-07-27,Delhi,88.03,PPAC-benchmark
2023-07-27,Gujarat,88.72,PPAC-benchmark
2023-07-27,Haryana,91.26,PPAC-benchmark
2023-07-27,Karnataka,93.47,PPAC-benchmark
2023-07-27,Madhya Pradesh,93.68,PPAC-benchmark
2023-07-27,Maharashtra,96.04,PPAC-benchmark
2023-07-27,Punjab,91.8,PPAC-benchmark
2023-07-27,Rajasthan,94.68,PPAC-benchmark
2023-07-27,Tamil Nadu,92.15,PPAC-benchmark
2023-07-27,Telangana,95.76,PPAC-benchmark
2023-07-27,Uttar Pradesh,90.56,PPAC-benchmark
2023-07-27,West Bengal,92.98,PPAC-benchmark
2023-07-28,Andhra Pradesh,96.89,PPAC-benchmark
2023-07-28,Delhi,88.16,PPAC-benchmark
2023-07-28,Gujarat,88.72,PPAC-benchmark
2023-07-28,Haryana,91.27,PPAC-benchmark
2023-07-28,Karnataka,93.48,PPAC-benchmark
2023-07-28,Madhya Pradesh,93.84,PPAC-benchmark
2023-07-28,Maharashtra,96.1,PPAC-benchmark
2023-07-28,Punjab,91.89,PPAC-benchmark
2023-07-28,Rajasthan,94.65,PPAC-benchmark
2023-07-28,Tamil Nadu,92.19,PPAC-benchmark
2023-07-28,Telangana,95.68,PPAC-benchmark
2023-07-28,Uttar Pradesh,90.44,PPAC-benchmark
2023-07-28,West Bengal,92.92,PPAC-benchmark
2023-07-29,Andhra Pradesh,96.89,PPAC-benchmark
2023-07-29,Delhi,88.01,PPAC-benchmark
2023-07-29,Gujarat,88.66,PPAC-benchmark
2023-07-29,Haryana,91.3,PPAC-benchmark
2023-07-29,Karnataka,93.47,PPAC-benchmark
2023-07-29,Madhya Pradesh,93.69,PPAC-benchmark
2023-07-29,Maharashtra,96.06,PPAC-benchmark
2023-07-29,Punjab,91.88,PPAC-benchmark
2023-07-29,Rajasthan,94.63,PPAC-benchmark
2023-07-29,Tamil Nadu,92.2,PPAC-benchmark
2023-07-29,Telangana,95.72,PPAC-benchmark
2023-07-29,Uttar Pradesh,90.42,PPAC-benchmark
2023-07-29,West Bengal,92.8,PPAC-benchmark
2023-07-30,Andhra Pradesh,96.89,PPAC-benchmark
2023-07-30,Delhi,88.12,PPAC-benchmark
2023-07-30,Gujarat,88.78,PPAC-benchmark
2023-07-30,Haryana,91.27,PPAC-benchmark
2023-07-30,Karnataka,93.46,PPAC-benchmark
2023-07-30,Madhya Pradesh,93.73,PPAC-benchmark
2023-07-30,Maharashtra,96.06,PPAC-benchmark
2023-07-30,Punjab,91.81,PPAC-benchmark
2023-07-30,Rajasthan,94.67,PPAC-benchmark
2023-07-30,Tamil Nadu,92.23,PPAC-benchmark
2023-07-30,Uttar Pradesh,90.41,PPAC-benchmark
2023-07-30,West Bengal,92.88,PPAC-benchmark
2023-07-31,Andhra Pradesh,96.95,PPAC-benchmark
2023-07-31,Delhi,87.99,PPAC-benchmark
2023-07-31,Gujarat,88.72,PPAC-benchmark
2023-07-31,Haryana,91.28,PPAC-benchmark
2023-07-31,Karnataka,93.38,PPAC-benchmark
2023-07-31,Madhya Pradesh,93.69,PPAC-benchmark
2023-07-31,Punjab,91.79,PPAC-benchmark
2023-07-31,Rajasthan,94.64,PPAC-benchmark
2023-07-31,Tamil Nadu,92.22,PPAC-benchmark
2023-07-31,Telangana,95.67,PPAC-benchmark
2023-07-31,Uttar Pradesh,90.46,PPAC-benchmark
2023-07-31,West Bengal,93.02,PPAC-benchmark
2023-08-01,Andhra Pradesh,96.85,PPAC-benchmark
2023-08-01,Delhi,87.96,PPAC-benchmark
2023-08-01,Gujarat,88.67,PPAC-benchmark
2023-08-01,Haryana,91.28,PPAC-benchmark
2023-08-01,Karnataka,93.29,PPAC-benchmark
2023-08-01,Madhya Pradesh,93.73,PPAC-benchmark
2023-08-01,Maharashtra,96.09,PPAC-benchmark
2023-08-01,Punjab,91.76,PPAC-benchmark
2023-08-01,Tamil Nadu,92.19,PPAC-benchmark
2023-08-01,Telangana,95.67,PPAC-benchmark
2023-08-01,Uttar Pradesh,90.39,PPAC-benchmark
2023-08-01,West Bengal,92.82,PPAC-benchmark
2023-08-02,Andhra Pradesh,96.88,PPAC-benchmark
2023-08-02,Delhi,88.0,PPAC-benchmark
2023-08-02,Gujarat,88.66,PPAC-benchmark
2023-08-02,Haryana,91.28,PPAC-benchmark
2023-08-02,Karnataka,93.36,PPAC-benchmark
2023-08-02,Maharashtra,96.02,PPAC-benchmark
2023-08-02,Punjab,91.82,PPAC-benchmark
2023-08-02,Rajasthan,94.66,PPAC-benchmark
2023-08-02,Tamil Nadu,92.23,PPAC-benchmark
2023-08-02,Telangana,95.7,PPAC-benchmark
2023-08-02,Uttar Pradesh,90.4,PPAC-benchmark
2023-08-02,West Bengal,92.96,PPAC-benchmark
2023-08-03,Andhra Pradesh,96.89,PPAC-benchmark
2023-08-03,Gujarat,88.61,PPAC-benchmark
2023-08-03,Haryana,91.28,PPAC-benchmark
2023-08-03,Karnataka,93.47,PPAC-benchmark
2023-08-03,Madhya Pradesh,93.74,PPAC-benchmark
2023-08-03,Maharashtra,95.99,PPAC-benchmark
2023-08-03,Punjab,91.79,PPAC-benchmark
2023-08-03,Rajasthan,94.65,PPAC-benchmark
2023-08-03,Tamil Nadu,92.24,PPAC-benchmark
2023-08-03,Telangana,95.77,PPAC-benchmark
2023-08-03,Uttar Pradesh,90.42,PPAC-benchmark
2023-08-03,West Bengal,92.86,PPAC-benchmark
2023-08-04,Andhra Pradesh,96.88,PPAC-benchmark
2023-08-04,Delhi,87.97,PPAC-benchmark
2023-08-04,Gujarat,88.62,PPAC-benchmark
2023-08-04,Haryana,91.27,PPAC-benchmark
2023-08-04,Karnataka,93.45,PPAC-benchmark
2023-08-04,Maharashtra,96.02,PPAC-benchmark
2023-08-04,Punjab,91.75,PPAC-benchmark
2023-08-04,Rajasthan,94.59,PPAC-benchmark
2023-08-04,Tamil Nadu,92.24,PPAC-benchmark
2023-08-04,Telangana,95.79,PPAC-benchmark
2023-08-04,Uttar Pradesh,90.44,PPAC-benchmark
2023-08-04,West Bengal,92.75,PPAC-benchmark
2023-08-05,Andhra Pradesh,96.91,PPAC-benchmark
2023-08-05,Delhi,87.98,PPAC-benchmark
2023-08-05,Haryana,91.23,PPAC-benchmark
2023-08-05,Karnataka,93.4,PPAC-benchmark
2023-08-05,Madhya Pradesh,93.73,PPAC-benchmark
2023-08-05,Maharashtra,96.03,PPAC-benchmark
2023-08-05,Punjab,91.89,PPAC-benchmark
2023-08-05,Rajasthan,94.59,PPAC-benchmark
2023-08-05,Tamil Nadu,92.14,PPAC-benchmark
2023-08-05,Telangana,95.68,PPAC-benchmark
2023-08-05,Uttar Pradesh,90.43,PPAC-benchmark
2023-08-05,West Bengal,92.93,PPAC-benchmark
2023-08-06,Andhra Pradesh,96.96,PPAC-benchmark
2023-08-06,Delhi,87.99,PPAC-benchmark
2023-08-06,Gujarat,88.77,PPAC-benchmark
2023-08-06,Haryana,91.26,PPAC-benchmark
2023-08-06,Karnataka,93.42,PPAC-benchmark
2023-08-06,Madhya Pradesh,93.7,PPAC-benchmark
2023-08-06,Maharashtra,96.14,PPAC-benchmark
2023-08-06,Punjab,91.87,PPAC-benchmark
2023-08-06,Rajasthan,94.61,PPAC-benchmark
2023-08-06,Tamil Nadu,92.26,PPAC-benchmark
2023-08-06,Telangana,95.73,PPAC-benchmark
2023-08-06,West Bengal,93.02,PPAC-benchmark
2023-08-07,Andhra Pradesh,96.92,PPAC-benchmark
2023-08-07,Delhi,88.05,PPAC-benchmark
2023-08-07,Gujarat,88.77,PPAC-benchmark
2023-08-07,Haryana,91.2,PPAC-benchmark
2023-08-07,Karnataka,93.41,PPAC-benchmark
2023-08-07,Madhya Pradesh,93.85,PPAC-benchmark
2023-08-07,Maharashtra,96.0,PPAC-benchmark
2023-08-07,Punjab,91.87,PPAC-benchmark
2023-08-07,Rajasthan,94.6,PPAC-benchmark
2023-08-07,Tamil Nadu,92.27,PPAC-benchmark
2023-08-07,Telangana,95.7,PPAC-benchmark
2023-08-07,Uttar Pradesh,90.42,PPAC-benchmark
2023-08-07,West Bengal,92.85,PPAC-benchmark
2023-08-08,Andhra Pradesh,96.87,PPAC-benchmark
2023-08-08,Delhi,87.99,PPAC-benchmark
2023-08-08,Gujarat,88.76,PPAC-benchmark
2023-08-08,Haryana,91.19,PPAC-benchmark
2023-08-08,Karnataka,93.45,PPAC-benchmark
2023-08-08,Madhya Pradesh,93.76,PPAC-benchmark
2023-08-08,Maharashtra,96.06,PPAC-benchmark
2023-08-08,Punjab,91.84,PPAC-benchmark
2023-08-08,Rajasthan,94.64,PPAC-benchmark
2023-08-08,Tamil Nadu,92.25,PPAC-benchmark
2023-08-08,Telangana,95.76,PPAC-benchmark
2023-08-08,Uttar Pradesh,90.44,PPAC-benchmark
2023-08-08,West Bengal,92.88,PPAC-benchmark
2023-08-09,Andhra Pradesh,96.83,PPAC-benchmark
2023-08-09,Delhi,88.02,PPAC-benchmark
2023-08-09,Gujarat,88.67,PPAC-benchmark
2023-08-09,Haryana,91.16,PPAC-benchmark
2023-08-09,Karnataka,93.39,PPAC-benchmark
2023-08-09,Madhya Pradesh,93.71,PPAC-benchmark
2023-08-09,Maharashtra,96.01,PPAC-benchmark
2023-08-09,Punjab,91.78,PPAC-benchmark
2023-08-09,Rajasthan,94.75,PPAC-benchmark
2023-08-09,Tamil Nadu,92.28,PPAC-benchmark
2023-08-09,Telangana,95.69,PPAC-benchmark
2023-08-09,Uttar Pradesh,90.42,PPAC-benchmark
2023-08-09,West Bengal,92.84,PPAC-benchmark
2023-08-10,Andhra Pradesh,96.98,PPAC-benchmark
2023-08-10,Gujarat,88.72,PPAC-benchmark
2023-08-10,Haryana,91.18,PPAC-benchmark
2023-08-10,Karnataka,93.41,PPAC-benchmark
2023-08-10,Madhya Pradesh,93.69,PPAC-benchmark
2023-08-10,Maharashtra,95.96,PPAC-benchmark
2023-08-10,Rajasthan,94.59,PPAC-benchmark
2023-08-10,Tamil Nadu,92.15,PPAC-benchmark
2023-08-10,Telangana,95.68,PPAC-benchmark
2023-08-10,Uttar Pradesh,90.32,PPAC-benchmark
2023-08-10,West Bengal,92.88,PPAC-benchmark
2023-08-11,Andhra Pradesh,96.92,PPAC-benchmark
2023-08-11,Delhi,87.98,PPAC-benchmark
2023-08-11,Gujarat,88.71,PPAC-benchmark
2023-08-11,Haryana,91.19,PPAC-benchmark
2023-08-11,Karnataka,93.43,PPAC-benchmark
2023-08-11,Madhya Pradesh,93.7,PPAC-benchmark
2023-08-11,Maharashtra,96.07,PPAC-benchmark
2023-08-11,Punjab,91.8,PPAC-benchmark
2023-08-11,Rajasthan,94.57,PPAC-benchmark
2023-08-11,Tamil Nadu,92.23,PPAC-benchmark
2023-08-11,Uttar Pradesh,90.43,PPAC-benchmark
2023-08-11,West Bengal,92.91,PPAC-benchmark
2023-08-12,Andhra Pradesh,96.9,PPAC-benchmark
2023-08-12,Delhi,87.98,PPAC-benchmark
2023-08-12,Gujarat,88.73,PPAC-benchmark
2023-08-12,Haryana,91.21,PPAC-benchmark
2023-08-12,Karnataka,93.35,PPAC-benchmark
2023-08-12,Madhya Pradesh,93.69,PPAC-benchmark
2023-08-12,Maharashtra,95.99,PPAC-benchmark
2023-08-12,Punjab,91.76,PPAC-benchmark
2023-08-12,Rajasthan,94.53,PPAC-benchmark
2023-08-12,Tamil Nadu,92.15,PPAC-benchmark
2023-08-12,Telangana,95.67,PPAC-benchmark
2023-08-12,Uttar Pradesh,90.37,PPAC-benchmark
2023-08-12,West Bengal,92.89,PPAC-benchmark
2023-08-13,Andhra Pradesh,96.83,PPAC-benchmark
2023-08-13,Gujarat,88.74,PPAC-benchmark
2023-08-13,Haryana,91.13,PPAC-benchmark
2023-08-13,Karnataka,93.43,PPAC-benchmark
2023-08-13,Madhya Pradesh,93.67,PPAC-benchmark
2023-08-13,Maharashtra,95.88,PPAC-benchmark
2023-08-13,Punjab,91.73,PPAC-benchmark
2023-08-13,Rajasthan,94.55,PPAC-benchmark
2023-08-13,Tamil Nadu,92.18,PPAC-benchmark
2023-08-13,Telangana,95.54,PPAC-benchmark
2023-08-13,Uttar Pradesh,90.35,PPAC-benchmark
2023-08-13,West Bengal,92.88,PPAC-benchmark
2023-08-14,Andhra Pradesh,96.86,PPAC-benchmark
2023-08-14,Delhi,88.04,PPAC-benchmark
2023-08-14,Gujarat,88.72,PPAC-benchmark
2023-08-14,Haryana,91.17,PPAC-benchmark
2023-08-14,Madhya Pradesh,93.65,PPAC-benchmark
2023-08-14,Maharashtra,95.93,PPAC-benchmark
2023-08-14,Punjab,91.8,PPAC-benchmark
2023-08-14,Rajasthan,94.57,PPAC-benchmark
2023-08-14,Tamil Nadu,92.22,PPAC-benchmark
2023-08-14,Telangana,95.74,PPAC-benchmark
2023-08-14,Uttar Pradesh,90.35,PPAC-benchmark
2023-08-14,West Bengal,92.84,PPAC-benchmark
2023-08-15,Andhra Pradesh,96.84,PPAC-benchmark
2023-08-15,Delhi,87.94,PPAC-benchmark
2023-08-15,Haryana,91.17,PPAC-benchmark
2023-08-15,Karnataka,93.33,PPAC-benchmark
2023-08-15,Madhya Pradesh,93.75,PPAC-benchmark
2023-08-15,Maharashtra,95.96,PPAC-benchmark
2023-08-15,Punjab,91.73,PPAC-benchmark
2023-08-15,Rajasthan,94.61,PPAC-benchmark
2023-08-15,Tamil Nadu,92.08,PPAC-benchmark
2023-08-15,Telangana,95.62,PPAC-benchmark
2023-08-15,Uttar Pradesh,90.44,PPAC-benchmark
2023-08-15,West Bengal,92.93,PPAC-benchmark
2023-08-16,Andhra Pradesh,96.97,PPAC-benchmark
2023-08-16,Delhi,88.1,PPAC-benchmark
2023-08-16,Gujarat,88.69,PPAC-benchmark
2023-08-16,Haryana,91.22,PPAC-benchmark
2023-08-16,Karnataka,93.43,PPAC-benchmark
2023-08-16,Madhya Pradesh,93.67,PPAC-benchmark
2023-08-16,Maharashtra,95.99,PPAC-benchmark
2023-08-16,Punjab,91.69,PPAC-benchmark
2023-08-16,Rajasthan,94.55,PPAC-benchmark
2023-08-16,Tamil Nadu,92.23,PPAC-benchmark
2023-08-16,Telangana,95.7,PPAC-benchmark
2023-08-16,Uttar Pradesh,90.47,PPAC-benchmark
2023-08-16,West Bengal,92.85,PPAC-benchmark
2023-08-17,Delhi,88.07,PPAC-benchmark
2023-08-17,Gujarat,88.75,PPAC-benchmark
2023-08-17,Haryana,91.2,PPAC-benchmark
2023-08-17,Karnataka,93.44,PPAC-benchmark
2023-08-17,Madhya Pradesh,93.65,PPAC-benchmark
2023-08-17,Maharashtra,96.02,PPAC-benchmark
2023-08-17,Punjab,91.83,PPAC-benchmark
2023-08-17,Rajasthan,94.57,PPAC-benchmark
2023-08-17,Tamil Nadu,92.18,PPAC-benchmark
2023-08-17,Telangana,95.61,PPAC-benchmark
2023-08-17,Uttar Pradesh,90.39,PPAC-benchmark
2023-08-17,West Bengal,92.96,PPAC-benchmark
2023-08-18,Andhra Pradesh,96.93,PPAC-benchmark
2023-08-18,Delhi,88.09,PPAC-benchmark
2023-08-18,Gujarat,88.71,PPAC-benchmark
2023-08-18,Haryana,91.2,PPAC-benchmark
2023-08-18,Karnataka,93.48,PPAC-benchmark
2023-08-18,Madhya Pradesh,93.76,PPAC-benchmark
2023-08-18,Maharashtra,96.01,PPAC-benchmark
2023-08-18,Punjab,91.77,PPAC-benchmark
2023-08-18,Rajasthan,94.46,PPAC-benchmark
2023-08-18,Tamil Nadu,92.15,PPAC-benchmark
2023-08-18,Telangana,95.68,PPAC-benchmark
2023-08-18,Uttar Pradesh,90.38,PPAC-benchmark
2023-08-18,West Bengal,92.86,PPAC-benchmark
2023-08-19,Andhra Pradesh,96.89,PPAC-benchmark
2023-08-19,Delhi,88.01,PPAC-benchmark
2023-08-19,Gujarat,88.78,PPAC-benchmark
2023-08-19,Haryana,91.24,PPAC-benchmark
2023-08-19,Karnataka,93.37,PPAC-benchmark
2023-08-19,Madhya Pradesh,93.73,PPAC-benchmark
2023-08-19,Maharashtra,95.95,PPAC-benchmark
2023-08-19,Punjab,91.84,PPAC-benchmark
2023-08-19,Rajasthan,94.44,PPAC-benchmark
2023-08-19,Tamil Nadu,92.2,PPAC-benchmark
2023-08-19,Telangana,95.63,PPAC-benchmark
2023-08-19,Uttar Pradesh,90.47,PPAC-benchmark
2023-08-19,West Bengal,92.86,PPAC-benchmark
2023-08-20,Andhra Pradesh,97.0,PPAC-benchmark
2023-08-20,Delhi,88.16,PPAC-benchmark
2023-08-20,Gujarat,88.66,PPAC-benchmark
2023-08-20,Haryana,91.25,PPAC-benchmark
2023-08-20,Karnataka,93.38,PPAC-benchmark
2023-08-20,Madhya Pradesh,93.75,PPAC-benchmark
2023-08-20,Maharashtra,96.02,PPAC-benchmark
2023-08-20,Punjab,91.84,PPAC-benchmark
2023-08-20,Rajasthan,94.62,PPAC-benchmark
2023-08-20,Tamil Nadu,92.23,PPAC-benchmark
2023-08-20,Telangana,95.66,PPAC-benchmark
2023-08-20,Uttar Pradesh,90.43,PPAC-benchmark
2023-08-20,West Bengal,92.92,PPAC-benchmark
2023-08-21,Andhra Pradesh,96.9,PPAC-benchmark
2023-08-21,Delhi,88.03,PPAC-benchmark
2023-08-21,Gujarat,88.61,PPAC-benchmark
2023-08-21,Haryana,91.24,PPAC-benchmark
2023-08-21,Karnataka,93.31,PPAC-benchmark
2023-08-21,Madhya Pradesh,93.69,PPAC-benchmark
2023-08-21,Maharashtra,95.98,PPAC-benchmark
2023-08-21,Rajasthan,94.56,PPAC-benchmark
2023-08-21,Tamil Nadu,92.22,PPAC-benchmark
2023-08-21,Telangana,95.6,PPAC-benchmark
2023-08-21,West Bengal,92.93,PPAC-benchmark
2023-08-22,Andhra Pradesh,96.87,PPAC-benchmark
2023-08-22,Delhi,88.18,PPAC-benchmark
2023-08-22,Gujarat,88.72,PPAC-benchmark
2023-08-22,Haryana,91.24,PPAC-benchmark
2023-08-22,Karnataka,93.4,PPAC-benchmark
2023-08-22,Madhya Pradesh,93.77,PPAC-benchmark
2023-08-22,Maharashtra,96.03,PPAC-benchmark
2023-08-22,Punjab,91.9,PPAC-benchmark
2023-08-22,Rajasthan,94.65,PPAC-benchmark
2023-08-22,Tamil Nadu,92.19,PPAC-benchmark
2023-08-22,Telangana,95.73,PPAC-benchmark
2023-08-22,Uttar Pradesh,90.45,PPAC-benchmark
2023-08-22,West Bengal,92.96,PPAC-benchmark
2023-08-23,Andhra Pradesh,96.85,PPAC-benchmark
2023-08-23,Delhi,88.07,PPAC-benchmark
2023-08-23,Gujarat,88.7,PPAC-benchmark
2023-08-23,Haryana,91.26,PPAC-benchmark
2023-08-23,Karnataka,93.41,PPAC-benchmark
2023-08-23,Madhya Pradesh,93.8,PPAC-benchmark
2023-08-23,Maharashtra,96.04,PPAC-benchmark
2023-08-23,Punjab,91.87,PPAC-benchmark
2023-08-23,Rajasthan,94.63,PPAC-benchmark
2023-08-23,Tamil Nadu,92.22,PPAC-benchmark
2023-08-23,Telangana,95.63,PPAC-benchmark
2023-08-23,Uttar Pradesh,90.41,PPAC-benchmark
2023-08-23,West Bengal,92.88,PPAC-benchmark
2023-08-24,Andhra Pradesh,96.97,PPAC-benchmark
2023-08-24,Delhi,88.05,PPAC-benchmark
2023-08-24,Haryana,91.25,PPAC-benchmark
2023-08-24,Karnataka,93.5,PPAC-benchmark
2023-08-24,Madhya Pradesh,93.81,PPAC-benchmark
2023-08-24,Maharashtra,96.07,PPAC-benchmark
2023-08-24,Punjab,91.79,PPAC-benchmark
2023-08-24,Rajasthan,94.65,PPAC-benchmark
2023-08-24,Tamil Nadu,92.28,PPAC-benchmark
2023-08-24,Telangana,95.8,PPAC-benchmark
2023-08-24,Uttar Pradesh,90.38,PPAC-benchmark
2023-08-24,West Bengal,93.03,PPAC-benchmark
2023-08-25,Andhra Pradesh,97.08,PPAC-benchmark
2023-08-25,Delhi,88.01,PPAC-benchmark
2023-08-25,Gujarat,88.83,PPAC-benchmark
2023-08-25,Haryana,91.38,PPAC-benchmark
2023-08-25,Karnataka,93.52,PPAC-benchmark
2023-08-25,Madhya Pradesh,93.79,PPAC-benchmark
2023-08-25,Maharashtra,96.06,PPAC-benchmark
2023-08-25,Punjab,92.0,PPAC-benchmark
2023-08-25,Rajasthan,94.65,PPAC-benchmark
2023-08-25,Tamil Nadu,92.27,PPAC-benchmark
2023-08-25,Uttar Pradesh,90.47,PPAC-benchmark
2023-08-25,West Bengal,93.0,PPAC-benchmark
2023-08-26,Andhra Pradesh,96.94,PPAC-benchmark
2023-08-26,Delhi,88.08,PPAC-benchmark
2023-08-26,Gujarat,88.83,PPAC-benchmark
2023-08-26,Haryana,91.37,PPAC-benchmark
2023-08-26,Karnataka,93.51,PPAC-benchmark
2023-08-26,Madhya Pradesh,93.74,PPAC-benchmark
2023-08-26,Maharashtra,96.14,PPAC-benchmark
2023-08-26,Punjab,91.94,PPAC-benchmark
2023-08-26,Rajasthan,94.69,PPAC-benchmark
2023-08-26,Tamil Nadu,92.26,PPAC-benchmark
2023-08-26,Telangana,95.81,PPAC-benchmark
2023-08-26,Uttar Pradesh,90.53,PPAC-benchmark
2023-08-26,West Bengal,92.99,PPAC-benchmark
2023-08-27,Andhra Pradesh,97.09,PPAC-benchmark
2023-08-27,Delhi,88.17,PPAC-benchmark
2023-08-27,Gujarat,88.86,PPAC-benchmark
2023-08-27,Haryana,91.39,PPAC-benchmark
2023-08-27,Karnataka,93.54,PPAC-benchmark
2023-08-27,Madhya Pradesh,93.75,PPAC-benchmark
2023-08-27,Maharashtra,96.2,PPAC-benchmark
2023-08-27,Tamil Nadu,92.31,PPAC-benchmark
2023-08-27,Telangana,95.84,PPAC-benchmark
2023-08-27,Uttar Pradesh,90.57,PPAC-benchmark
2023-08-27,West Bengal,93.02,PPAC-benchmark
2023-08-28,Andhra Pradesh,97.07,PPAC-benchmark
2023-08-28,Delhi,88.02,PPAC-benchmark
2023-08-28,Gujarat,88.77,PPAC-benchmark
2023-08-28,Haryana,91.29,PPAC-benchmark
2023-08-28,Karnataka,93.45,PPAC-benchmark
2023-08-28,Madhya Pradesh,93.82,PPAC-benchmark
2023-08-28,Punjab,91.92,PPAC-benchmark
2023-08-28,Rajasthan,94.69,PPAC-benchmark
2023-08-28,Tamil Nadu,92.31,PPAC-benchmark
2023-08-28,Telangana,95.72,PPAC-benchmark
2023-08-28,Uttar Pradesh,90.52,PPAC-benchmark
2023-08-28,West Bengal,92.98,PPAC-benchmark
2023-08-29,Andhra Pradesh,97.14,PPAC-benchmark
2023-08-29,Delhi,88.09,PPAC-benchmark
2023-08-29,Gujarat,88.85,PPAC-benchmark
2023-08-29,Haryana,91.26,PPAC-benchmark
2023-08-29,Karnataka,93.49,PPAC-benchmark
2023-08-29,Madhya Pradesh,93.92,PPAC-benchmark
2023-08-29,Maharashtra,96.14,PPAC-benchmark
2023-08-29,Punjab,91.88,PPAC-benchmark
2023-08-29,Rajasthan,94.69,PPAC-benchmark
2023-08-29,Tamil Nadu,92.35,PPAC-benchmark
2023-08-29,Telangana,95.85,PPAC-benchmark
2023-08-29,Uttar Pradesh,90.49,PPAC-benchmark
2023-08-29,West Bengal,93.03,PPAC-benchmark
2023-08-30,Andhra Pradesh,97.07,PPAC-benchmark
2023-08-30,Delhi,88.17,PPAC-benchmark
2023-08-30,Gujarat,88.9,PPAC-benchmark
2023-08-30,Haryana,91.33,PPAC-benchmark
2023-08-30,Karnataka,93.56,PPAC-benchmark
2023-08-30,Madhya Pradesh,93.84,PPAC-benchmark
2023-08-30,Maharashtra,96.08,PPAC-benchmark
2023-08-30,Punjab,91.96,PPAC-benchmark
2023-08-30,Rajasthan,94.64,PPAC-benchmark
2023-08-30,Tamil Nadu,92.31,PPAC-benchmark
2023-08-30,Telangana,95.82,PPAC-benchmark
2023-08-30,Uttar Pradesh,90.49,PPAC-benchmark
2023-08-30,West Bengal,93.11,PPAC-benchmark
2023-08-31,Andhra Pradesh,97.03,PPAC-benchmark
2023-08-31,Delhi,88.17,PPAC-benchmark
2023-08-31,Gujarat,88.87,PPAC-benchmark
2023-08-31,Haryana,91.3,PPAC-benchmark
2023-08-31,Karnataka,93.54,PPAC-benchmark
2023-08-31,Madhya Pradesh,93.8,PPAC-benchmark
2023-08-31,Maharashtra,96.04,PPAC-benchmark
2023-08-31,Punjab,92.0,PPAC-benchmark
2023-08-31,Rajasthan,94.78,PPAC-benchmark
2023-08-31,Tamil Nadu,92.35,PPAC-benchmark
2023-08-31,Telangana,95.87,PPAC-benchmark
2023-08-31,Uttar Pradesh,90.46,PPAC-benchmark
2023-08-31,West Bengal,93.09,PPAC-benchmark
2023-09-01,Andhra Pradesh,97.09,PPAC-benchmark
2023-09-01,Delhi,88.19,PPAC-benchmark
2023-09-01,Gujarat,88.79,PPAC-benchmark
2023-09-01,Haryana,91.37,PPAC-benchmark
2023-09-01,Karnataka,93.54,PPAC-benchmark
2023-09-01,Madhya Pradesh,93.89,PPAC-benchmark
2023-09-01,Maharashtra,96.23,PPAC-benchmark
2023-09-01,Punjab,91.86,PPAC-benchmark
2023-09-01,Rajasthan,94.71,PPAC-benchmark
2023-09-01,Tamil Nadu,92.36,PPAC-benchmark
2023-09-01,Telangana,95.78,PPAC-benchmark
2023-09-01,Uttar Pradesh,90.54,PPAC-benchmark
2023-09-01,West Bengal,93.07,PPAC-benchmark
2023-09-02,Andhra Pradesh,97.08,PPAC-benchmark
2023-09-02,Gujarat,88.88,PPAC-benchmark
2023-09-02,Haryana,91.36,PPAC-benchmark
2023-09-02,Karnataka,93.6,PPAC-benchmark
2023-09-02,Madhya Pradesh,93.87,PPAC-benchmark
2023-09-02,Maharashtra,96.14,PPAC-benchmark
2023-09-02,Punjab,91.99,PPAC-benchmark
2023-09-02,Rajasthan,94.77,PPAC-benchmark
2023-09-02,Tamil Nadu,92.34,PPAC-benchmark
2023-09-02,Telangana,95.85,PPAC-benchmark
2023-09-02,Uttar Pradesh,90.56,PPAC-benchmark
2023-09-02,West Bengal,93.06,PPAC-benchmark
2023-09-03,Andhra Pradesh,97.06,PPAC-benchmark
2023-09-03,Delhi,88.12,PPAC-benchmark
2023-09-03,Gujarat,88.84,PPAC-benchmark
2023-09-03,Haryana,91.37,PPAC-benchmark
2023-09-03,Karnataka,93.48,PPAC-benchmark
2023-09-03,Madhya Pradesh,93.82,PPAC-benchmark
2023-09-03,Maharashtra,96.13,PPAC-benchmark
2023-09-03,Punjab,91.98,PPAC-benchmark
2023-09-03,Rajasthan,94.66,PPAC-benchmark
2023-09-03,Tamil Nadu,92.32,PPAC-benchmark
2023-09-03,Telangana,95.83,PPAC-benchmark
2023-09-03,Uttar Pradesh,90.55,PPAC-benchmark
2023-09-03,West Bengal,92.98,PPAC-benchmark
2023-09-04,Andhra Pradesh,97.04,PPAC-benchmark
2023-09-04,Delhi,88.06,PPAC-benchmark
2023-09-04,Gujarat,88.88,PPAC-benchmark
2023-09-04,Haryana,91.36,PPAC-benchmark
2023-09-04,Karnataka,93.57,PPAC-benchmark
2023-09-04,Madhya Pradesh,93.92,PPAC-benchmark
2023-09-04,Maharashtra,96.24,PPAC-benchmark
2023-09-04,Punjab,91.93,PPAC-benchmark
2023-09-04,Rajasthan,94.72,PPAC-benchmark
2023-09-04,Tamil Nadu,92.36,PPAC-benchmark
2023-09-04,Telangana,95.86,PPAC-benchmark
2023-09-04,Uttar Pradesh,90.62,PPAC-benchmark
2023-09-04,West Bengal,93.07,PPAC-benchmark
2023-09-05,Andhra Pradesh,97.08,PPAC-benchmark
2023-09-05,Delhi,88.2,PPAC-benchmark
2023-09-05,Gujarat,88.82,PPAC-benchmark
2023-09-05,Haryana,91.35,PPAC-benchmark
2023-09-05,Karnataka,93.59,PPAC-benchmark
2023-09-05,Madhya Pradesh,93.9,PPAC-benchmark
2023-09-05,Maharashtra,96.19,PPAC-benchmark
2023-09-05,Punjab,92.03,PPAC-benchmark
2023-09-05,Rajasthan,94.8,PPAC-benchmark
2023-09-05,Tamil Nadu,92.41,PPAC-benchmark
2023-09-05,Telangana,95.84,PPAC-benchmark
2023-09-05,Uttar Pradesh,90.51,PPAC-benchmark
2023-09-05,West Bengal,93.08,PPAC-benchmark
2023-09-06,Andhra Pradesh,97.04,PPAC-benchmark
2023-09-06,Delhi,88.17,PPAC-benchmark
2023-09-06,Gujarat,88.91,PPAC-benchmark
2023-09-06,Haryana,91.37,PPAC-benchmark
2023-09-06,Karnataka,93.61,PPAC-benchmark
2023-09-06,Madhya Pradesh,93.95,PPAC-benchmark
2023-09-06,Maharashtra,96.22,PPAC-benchmark
2023-09-06,Punjab,91.94,PPAC-benchmark
2023-09-06,Rajasthan,94.84,PPAC-benchmark
2023-09-06,Tamil Nadu,92.37,PPAC-benchmark
2023-09-06,Telangana,95.92,PPAC-benchmark
2023-09-06,Uttar Pradesh,90.65,PPAC-benchmark
2023-09-06,West Bengal,93.09,PPAC-benchmark
2023-09-07,Andhra Pradesh,97.11,PPAC-benchmark
2023-09-07,Delhi,88.32,PPAC-benchmark
2023-09-07,Gujarat,88.92,PPAC-benchmark
2023-09-07,Haryana,91.41,PPAC-benchmark
2023-09-07,Karnataka,93.56,PPAC-benchmark
2023-09-07,Madhya Pradesh,93.79,PPAC-benchmark
2023-09-07,Punjab,92.05,PPAC-benchmark
2023-09-07,Rajasthan,94.76,PPAC-benchmark
2023-09-07,Tamil Nadu,92.41,PPAC-benchmark
2023-09-07,Telangana,95.9,PPAC-benchmark
2023-09-07,Uttar Pradesh,90.63,PPAC-benchmark
2023-09-07,West Bengal,93.07,PPAC-benchmark
2023-09-08,Andhra Pradesh,97.15,PPAC-benchmark
2023-09-08,Delhi,88.19,PPAC-benchmark
2023-09-08,Gujarat,88.94,PPAC-benchmark
2023-09-08,Haryana,91.37,PPAC-benchmark
2023-09-08,Karnataka,93.59,PPAC-benchmark
2023-09-08,Madhya Pradesh,93.87,PPAC-benchmark
2023-09-08,Maharashtra,96.22,PPAC-benchmark
2023-09-08,Punjab,91.99,PPAC-benchmark
2023-09-08,Rajasthan,94.85,PPAC-benchmark
2023-09-08,Tamil Nadu,92.45,PPAC-benchmark
2023-09-08,Telangana,95.82,PPAC-benchmark
2023-09-08,Uttar Pradesh,90.61,PPAC-benchmark
2023-09-08,West Bengal,93.18,PPAC-benchmark
2023-09-09,Andhra Pradesh,97.14,PPAC-benchmark
2023-09-09,Delhi,88.19,PPAC-benchmark
2023-09-09,Gujarat,88.99,PPAC-benchmark
2023-09-09,Haryana,91.44,PPAC-benchmark
2023-09-09,Karnataka,93.63,PPAC-benchmark
2023-09-09,Madhya Pradesh,93.85,PPAC-benchmark
2023-09-09,Maharashtra,96.22,PPAC-benchmark
2023-09-09,Punjab,92.02,PPAC-benchmark
2023-09-09,Rajasthan,94.82,PPAC-benchmark
2023-09-09,Tamil Nadu,92.44,PPAC-benchmark
2023-09-09,Telangana,95.82,PPAC-benchmark
2023-09-09,Uttar Pradesh,90.67,PPAC-benchmark
2023-09-09,West Bengal,93.03,PPAC-benchmark
2023-09-10,Andhra Pradesh,97.13,PPAC-benchmark
2023-09-10,Delhi,88.35,PPAC-benchmark
2023-09-10,Gujarat,88.88,PPAC-benchmark
2023-09-10,Haryana,91.45,PPAC-benchmark
2023-09-10,Karnataka,93.68,PPAC-benchmark
2023-09-10,Madhya Pradesh,93.88,PPAC-benchmark
2023-09-10,Maharashtra,96.23,PPAC-benchmark
2023-09-10,Punjab,92.04,PPAC-benchmark
2023-09-10,Rajasthan,94.88,PPAC-benchmark
2023-09-10,Telangana,95.86,PPAC-benchmark
2023-09-10,Uttar Pradesh,90.69,PPAC-benchmark
2023-09-10,West Bengal,93.13,PPAC-benchmark
2023-09-11,Andhra Pradesh,97.14,PPAC-benchmark
2023-09-11,Delhi,88.32,PPAC-benchmark
2023-09-11,Gujarat,89.01,PPAC-benchmark
2023-09-11,Haryana,91.46,PPAC-benchmark
2023-09-11,Karnataka,93.72,PPAC-benchmark
2023-09-11,Madhya Pradesh,93.94,PPAC-benchmark
2023-09-11,Maharashtra,96.22,PPAC-benchmark
2023-09-11,Punjab,92.11,PPAC-benchmark
2023-09-11,Rajasthan,94.88,PPAC-benchmark
2023-09-11,Tamil Nadu,92.44,PPAC-benchmark
2023-09-11,Telangana,95.9,PPAC-benchmark
2023-09-11,Uttar Pradesh,90.73,PPAC-benchmark
2023-09-11,West Bengal,93.12,PPAC-benchmark
2023-09-12,Andhra Pradesh,97.2,PPAC-benchmark
2023-09-12,Delhi,88.2,PPAC-benchmark
2023-09-12,Gujarat,88.95,PPAC-benchmark
2023-09-12,Haryana,91.49,PPAC-benchmark
2023-09-12,Karnataka,93.77,PPAC-benchmark
2023-09-12,Madhya Pradesh,93.93,PPAC-benchmark
2023-09-12,Maharashtra,96.33,PPAC-benchmark
2023-09-12,Punjab,92.11,PPAC-benchmark
2023-09-12,Rajasthan,94.92,PPAC-benchmark
2023-09-12,Telangana,95.97,PPAC-benchmark
2023-09-12,Uttar Pradesh,90.74,PPAC-benchmark
2023-09-12,West Bengal,93.21,PPAC-benchmark
2023-09-13,Andhra Pradesh,97.27,PPAC-benchmark
2023-09-13,Delhi,88.36,PPAC-benchmark
2023-09-13,Gujarat,89.01,PPAC-benchmark
2023-09-13,Haryana,91.47,PPAC-benchmark
2023-09-13,Karnataka,93.71,PPAC-benchmark
2023-09-13,Madhya Pradesh,93.92,PPAC-benchmark
2023-09-13,Maharashtra,96.39,PPAC-benchmark
2023-09-13,Punjab,92.09,PPAC-benchmark
2023-09-13,Rajasthan,94.99,PPAC-benchmark
2023-09-13,Tamil Nadu,92.52,PPAC-benchmark
2023-09-13,Telangana,96.01,PPAC-benchmark
2023-09-13,Uttar Pradesh,90.8,PPAC-benchmark
2023-09-13,West Bengal,93.19,PPAC-benchmark
2023-09-14,Andhra Pradesh,97.33,PPAC-benchmark
2023-09-14,Delhi,88.3,PPAC-benchmark
2023-09-14,Gujarat,89.15,PPAC-benchmark
2023-09-14,Haryana,91.59,PPAC-benchmark
2023-09-14,Karnataka,93.7,PPAC-benchmark
2023-09-14,Madhya Pradesh,94.08,PPAC-benchmark
2023-09-14,Maharashtra,96.37,PPAC-benchmark
2023-09-14,Punjab,92.18,PPAC-benchmark
2023-09-14,Rajasthan,94.97,PPAC-benchmark
2023-09-14,Tamil Nadu,92.6,PPAC-benchmark
2023-09-14,Telangana,96.03,PPAC-benchmark
2023-09-14,Uttar Pradesh,90.79,PPAC-benchmark
2023-09-14,West Bengal,93.19,PPAC-benchmark
2023-09-15,Andhra Pradesh,97.26,PPAC-benchmark
2023-09-15,Delhi,88.32,PPAC-benchmark
2023-09-15,Gujarat,89.1,PPAC-benchmark
2023-09-15,Haryana,91.54,PPAC-benchmark
2023-09-15,Karnataka,93.78,PPAC-benchmark
2023-09-15,Madhya Pradesh,94.09,PPAC-benchmark
2023-09-15,Maharashtra,96.43,PPAC-benchmark
2023-09-15,Punjab,92.26,PPAC-benchmark
2023-09-15,Rajasthan,94.87,PPAC-benchmark
2023-09-15,Tamil Nadu,92.63,PPAC-benchmark
2023-09-15,Telangana,96.11,PPAC-benchmark
2023-09-15,Uttar Pradesh,90.84,PPAC-benchmark
2023-09-15,West Bengal,93.22,PPAC-benchmark
2023-09-16,Andhra Pradesh,97.3,PPAC-benchmark
2023-09-16,Delhi,88.43,PPAC-benchmark
2023-09-16,Gujarat,89.04,PPAC-benchmark
2023-09-16,Haryana,91.63,PPAC-benchmark
2023-09-16,Karnataka,93.83,PPAC-benchmark
2023-09-16,Madhya Pradesh,94.15,PPAC-benchmark
2023-09-16,Maharashtra,96.45,PPAC-benchmark
2023-09-16,Punjab,92.17,PPAC-benchmark
2023-09-16,Rajasthan,95.05,PPAC-benchmark
2023-09-16,Tamil Nadu,92.56,PPAC-benchmark
2023-09-16,Telangana,96.1,PPAC-benchmark
2023-09-16,Uttar Pradesh,90.78,PPAC-benchmark
2023-09-16,West Bengal,93.4,PPAC-benchmark
2023-09-17,Andhra Pradesh,97.33,PPAC-benchmark
2023-09-17,Delhi,88.46,PPAC-benchmark
2023-09-17,Gujarat,89.15,PPAC-benchmark
2023-09-17,Haryana,91.62,PPAC-benchmark
2023-09-17,Karnataka,93.79,PPAC-benchmark
2023-09-17,Madhya Pradesh,94.17,PPAC-benchmark
2023-09-17,Maharashtra,96.44,PPAC-benchmark
2023-09-17,Punjab,92.27,PPAC-benchmark
2023-09-17,Rajasthan,95.13,PPAC-benchmark
2023-09-17,Tamil Nadu,92.69,PPAC-benchmark
2023-09-17,Telangana,96.1,PPAC-benchmark
2023-09-17,Uttar Pradesh,90.73,PPAC-benchmark
2023-09-17,West Bengal,93.28,PPAC-benchmark
2023-09-18,Delhi,88.49,PPAC-benchmark
2023-09-18,Gujarat,89.13,PPAC-benchmark
2023-09-18,Haryana,91.67,PPAC-benchmark
2023-09-18,Karnataka,93.9,PPAC-benchmark
2023-09-18,Madhya Pradesh,94.21,PPAC-benchmark
2023-09-18,Maharashtra,96.56,PPAC-benchmark
2023-09-18,Punjab,92.19,PPAC-benchmark
2023-09-18,Rajasthan,95.1,PPAC-benchmark
2023-09-18,Tamil Nadu,92.58,PPAC-benchmark
2023-09-18,Telangana,96.17,PPAC-benchmark
2023-09-18,Uttar Pradesh,90.84,PPAC-benchmark
2023-09-19,Andhra Pradesh,97.35,PPAC-benchmark
2023-09-19,Delhi,88.44,PPAC-benchmark
2023-09-19,Gujarat,89.05,PPAC-benchmark
2023-09-19,Haryana,91.64,PPAC-benchmark
2023-09-19,Karnataka,93.81,PPAC-benchmark
2023-09-19,Madhya Pradesh,94.23,PPAC-benchmark
2023-09-19,Maharashtra,96.5,PPAC-benchmark
2023-09-19,Punjab,92.23,PPAC-benchmark
2023-09-19,Rajasthan,95.07,PPAC-benchmark
2023-09-19,Tamil Nadu,92.59,PPAC-benchmark
2023-09-19,Telangana,96.13,PPAC-benchmark
2023-09-19,Uttar Pradesh,90.87,PPAC-benchmark
2023-09-19,West Bengal,93.47,PPAC-benchmark
2023-09-20,Andhra Pradesh,97.34,PPAC-benchmark
2023-09-20,Delhi,88.43,PPAC-benchmark
2023-09-20,Gujarat,89.14,PPAC-benchmark
2023-09-20,Haryana,91.66,PPAC-benchmark
2023-09-20,Karnataka,93.93,PPAC-benchmark
2023-09-20,Madhya Pradesh,94.2,PPAC-benchmark
2023-09-20,Punjab,92.31,PPAC-benchmark
2023-09-20,Rajasthan,95.05,PPAC-benchmark
2023-09-20,Tamil Nadu,92.53,PPAC-benchmark
2023-09-20,Telangana,96.18,PPAC-benchmark
2023-09-20,Uttar Pradesh,90.8,PPAC-benchmark
2023-09-20,West Bengal,93.34,PPAC-benchmark
2023-09-21,Andhra Pradesh,97.42,PPAC-benchmark
2023-09-21,Gujarat,89.12,PPAC-benchmark
2023-09-21,Haryana,91.72,PPAC-benchmark
2023-09-21,Karnataka,93.9,PPAC-benchmark
2023-09-21,Madhya Pradesh,94.15,PPAC-benchmark
2023-09-21,Maharashtra,96.49,PPAC-benchmark
2023-09-21,Punjab,92.25,PPAC-benchmark
2023-09-21,Rajasthan,95.15,PPAC-benchmark
2023-09-21,Tamil Nadu,92.7,PPAC-benchmark
2023-09-21,Telangana,96.15,PPAC-benchmark
2023-09-21,Uttar Pradesh,90.97,PPAC-benchmark
2023-09-21,West Bengal,93.42,PPAC-benchmark
2023-09-22,Andhra Pradesh,97.37,PPAC-benchmark
2023-09-22,Delhi,88.51,PPAC-benchmark
2023-09-22,Gujarat,89.18,PPAC-benchmark
2023-09-22,Haryana,91.66,PPAC-benchmark
2023-09-22,Karnataka,93.84,PPAC-benchmark
2023-09-22,Madhya Pradesh,94.17,PPAC-benchmark
2023-09-22,Maharashtra,96.53,PPAC-benchmark
2023-09-22,Punjab,92.27,PPAC-benchmark
2023-09-22,Rajasthan,95.06,PPAC-benchmark
2023-09-22,Tamil Nadu,92.72,PPAC-benchmark
2023-09-22,Telangana,96.18,PPAC-benchmark
2023-09-22,Uttar Pradesh,90.92,PPAC-benchmark
2023-09-22,West Bengal,93.35,PPAC-benchmark
2023-09-23,Andhra Pradesh,97.41,PPAC-benchmark
2023-09-23,Delhi,88.48,PPAC-benchmark
2023-09-23,Gujarat,89.19,PPAC-benchmark
2023-09-23,Haryana,91.72,PPAC-benchmark
2023-09-23,Karnataka,93.9,PPAC-benchmark
2023-09-23,Madhya Pradesh,94.25,PPAC-benchmark
2023-09-23,Maharashtra,96.46,PPAC-benchmark
2023-09-23,Punjab,92.35,PPAC-benchmark
2023-09-23,Rajasthan,95.07,PPAC-benchmark
2023-09-23,Tamil Nadu,92.83,PPAC-benchmark
2023-09-23,Telangana,96.26,PPAC-benchmark
2023-09-23,Uttar Pradesh,90.98,PPAC-benchmark
2023-09-23,West Bengal,93.39,PPAC-benchmark
2023-09-24,Andhra Pradesh,97.46,PPAC-benchmark
2023-09-24,Delhi,88.55,PPAC-benchmark
2023-09-24,Gujarat,89.27,PPAC-benchmark
2023-09-24,Haryana,91.73,PPAC-benchmark
2023-09-24,Karnataka,93.94,PPAC-benchmark
2023-09-24,Madhya Pradesh,94.2,PPAC-benchmark
2023-09-24,Maharashtra,96.48,PPAC-benchmark
2023-09-24,Punjab,92.3,PPAC-benchmark
2023-09-24,Rajasthan,95.03,PPAC-benchmark
2023-09-24,Tamil Nadu,92.73,PPAC-benchmark
2023-09-24,Telangana,96.32,PPAC-benchmark
2023-09-24,Uttar Pradesh,90.93,PPAC-benchmark
2023-09-24,West Bengal,93.37,PPAC-benchmark
2023-09-25,Andhra Pradesh,97.44,PPAC-benchmark
2023-09-25,Delhi,88.47,PPAC-benchmark
2023-09-25,Gujarat,89.23,PPAC-benchmark
2023-09-25,Haryana,91.82,PPAC-benchmark
2023-09-25,Karnataka,94.0,PPAC-benchmark
2023-09-25,Madhya Pradesh,94.25,PPAC-benchmark
2023-09-25,Maharashtra,96.48,PPAC-benchmark
2023-09-25,Tamil Nadu,92.77,PPAC-benchmark
2023-09-25,Telangana,96.3,PPAC-benchmark
2023-09-25,Uttar Pradesh,90.98,PPAC-benchmark
2023-09-25,West Bengal,93.42,PPAC-benchmark
2023-09-26,Andhra Pradesh,97.47,PPAC-benchmark
2023-09-26,Delhi,88.56,PPAC-benchmark
2023-09-26,Gujarat,89.24,PPAC-benchmark
2023-09-26,Haryana,91.68,PPAC-benchmark
2023-09-26,Karnataka,93.96,PPAC-benchmark
2023-09-26,Madhya Pradesh,94.3,PPAC-benchmark
2023-09-26,Maharashtra,96.45,PPAC-benchmark
2023-09-26,Punjab,92.42,PPAC-benchmark
2023-09-26,Rajasthan,95.16,PPAC-benchmark
2023-09-26,Tamil Nadu,92.73,PPAC-benchmark
2023-09-26,Telangana,96.21,PPAC-benchmark
2023-09-26,Uttar Pradesh,90.94,PPAC-benchmark
2023-09-26,West Bengal,93.55,PPAC-benchmark
2023-09-27,Andhra Pradesh,97.54,PPAC-benchmark
2023-09-27,Delhi,88.64,PPAC-benchmark
2023-09-27,Gujarat,89.18,PPAC-benchmark
2023-09-27,Haryana,91.78,PPAC-benchmark
2023-09-27,Karnataka,94.02,PPAC-benchmark
2023-09-27,Madhya Pradesh,94.31,PPAC-benchmark
2023-09-27,Maharashtra,96.58,PPAC-benchmark
2023-09-27,Punjab,92.39,PPAC-benchmark
2023-09-27,Rajasthan,95.25,PPAC-benchmark
2023-09-27,Tamil Nadu,92.99,PPAC-benchmark
2023-09-27,Telangana,96.4,PPAC-benchmark
2023-09-27,Uttar Pradesh,91.0,PPAC-benchmark
2023-09-27,West Bengal,93.61,PPAC-benchmark
2023-09-28,Andhra Pradesh,97.52,PPAC-benchmark
2023-09-28,Delhi,88.67,PPAC-benchmark
2023-09-28,Gujarat,89.33,PPAC-benchmark
2023-09-28,Haryana,91.93,PPAC-benchmark
2023-09-28,Karnataka,94.09,PPAC-benchmark
2023-09-28,Madhya Pradesh,94.39,PPAC-benchmark
2023-09-28,Maharashtra,96.67,PPAC-benchmark
2023-09-28,Punjab,92.43,PPAC-benchmark
2023-09-28,Rajasthan,95.29,PPAC-benchmark
2023-09-28,Tamil Nadu,92.91,PPAC-benchmark
2023-09-28,Telangana,96.33,PPAC-benchmark
2023-09-28,Uttar Pradesh,91.06,PPAC-benchmark
2023-09-28,West Bengal,93.62,PPAC-benchmark
2023-09-29,Andhra Pradesh,97.63,PPAC-benchmark
2023-09-29,Delhi,88.67,PPAC-benchmark
2023-09-29,Gujarat,89.4,PPAC-benchmark
2023-09-29,Haryana,91.92,PPAC-benchmark
2023-09-29,Karnataka,94.04,PPAC-benchmark
2023-09-29,Madhya Pradesh,94.37,PPAC-benchmark
2023-09-29,Maharashtra,96.67,PPAC-benchmark
2023-09-29,Punjab,92.41,PPAC-benchmark
2023-09-29,Rajasthan,95.31,PPAC-benchmark
2023-09-29,Tamil Nadu,92.86,PPAC-benchmark
2023-09-29,Telangana,96.42,PPAC-benchmark
2023-09-29,Uttar Pradesh,91.12,PPAC-benchmark
2023-09-29,West Bengal,93.59,PPAC-benchmark
2023-09-30,Andhra Pradesh,97.67,PPAC-benchmark
2023-09-30,Delhi,88.75,PPAC-benchmark
2023-09-30,Gujarat,89.44,PPAC-benchmark
2023-09-30,Haryana,91.83,PPAC-benchmark
2023-09-30,Karnataka,94.15,PPAC-benchmark
2023-09-30,Madhya Pradesh,94.37,PPAC-benchmark
2023-09-30,Maharashtra,96.67,PPAC-benchmark
2023-09-30,Punjab,92.4,PPAC-benchmark
2023-09-30,Rajasthan,95.2,PPAC-benchmark
2023-09-30,Tamil Nadu,92.9,PPAC-benchmark
2023-09-30,Telangana,96.45,PPAC-benchmark
2023-09-30,Uttar Pradesh,91.13,PPAC-benchmark
2023-09-30,West Bengal,93.6,PPAC-benchmark
2023-10-01,Andhra Pradesh,97.57,PPAC-benchmark
2023-10-01,Delhi,88.7,PPAC-benchmark
2023-10-01,Gujarat,89.34,PPAC-benchmark
2023-10-01,Haryana,91.94,PPAC-benchmark
2023-10-01,Madhya Pradesh,94.39,PPAC-benchmark
2023-10-01,Maharashtra,96.71,PPAC-benchmark
2023-10-01,Punjab,92.53,PPAC-benchmark
2023-10-01,Rajasthan,95.23,PPAC-benchmark
2023-10-01,Tamil Nadu,92.82,PPAC-benchmark
2023-10-01,Telangana,96.4,PPAC-benchmark
2023-10-01,Uttar Pradesh,91.11,PPAC-benchmark
2023-10-01,West Bengal,93.6,PPAC-benchmark
2023-10-02,Andhra Pradesh,97.72,PPAC-benchmark
2023-10-02,Delhi,88.72,PPAC-benchmark
2023-10-02,Gujarat,89.34,PPAC-benchmark
2023-10-02,Haryana,91.85,PPAC-benchmark
2023-10-02,Karnataka,94.22,PPAC-benchmark
2023-10-02,Madhya Pradesh,94.41,PPAC-benchmark
2023-10-02,Maharashtra,96.8,PPAC-benchmark
2023-10-02,Punjab,92.54,PPAC-benchmark
2023-10-02,Rajasthan,95.31,PPAC-benchmark
2023-10-02,Tamil Nadu,92.9,PPAC-benchmark
2023-10-02,Telangana,96.43,PPAC-benchmark
2023-10-02,Uttar Pradesh,91.17,PPAC-benchmark
2023-10-02,West Bengal,93.63,PPAC-benchmark
2023-10-03,Andhra Pradesh,97.68,PPAC-benchmark
2023-10-03,Delhi,88.82,PPAC-benchmark
2023-10-03,Gujarat,89.34,PPAC-benchmark
2023-10-03,Haryana,92.05,PPAC-benchmark
2023-10-03,Karnataka,94.1,PPAC-benchmark
2023-10-03,Madhya Pradesh,94.42,PPAC-benchmark
2023-10-03,Maharashtra,96.82,PPAC-benchmark
2023-10-03,Punjab,92.55,PPAC-benchmark
2023-10-03,Rajasthan,95.41,PPAC-benchmark
2023-10-03,Tamil Nadu,93.07,PPAC-benchmark
2023-10-03,Telangana,96.48,PPAC-benchmark
2023-10-03,Uttar Pradesh,91.11,PPAC-benchmark
2023-10-03,West Bengal,93.62,PPAC-benchmark
2023-10-04,Andhra Pradesh,97.65,PPAC-benchmark
2023-10-04,Delhi,88.74,PPAC-benchmark
2023-10-04,Gujarat,89.54,PPAC-benchmark
2023-10-04,Haryana,91.99,PPAC-benchmark
2023-10-04,Karnataka,94.17,PPAC-benchmark
2023-10-04,Madhya Pradesh,94.42,PPAC-benchmark
2023-10-04,Maharashtra,96.89,PPAC-benchmark
2023-10-04,Punjab,92.67,PPAC-benchmark
2023-10-04,Rajasthan,95.36,PPAC-benchmark
2023-10-04,Tamil Nadu,92.94,PPAC-benchmark
2023-10-04,Telangana,96.52,PPAC-benchmark
2023-10-04,Uttar Pradesh,91.13,PPAC-benchmark
2023-10-04,West Bengal,93.6,PPAC-benchmark
2023-10-05,Andhra Pradesh,97.75,PPAC-benchmark
2023-10-05,Delhi,88.84,PPAC-benchmark
2023-10-05,Gujarat,89.51,PPAC-benchmark
2023-10-05,Haryana,91.94,PPAC-benchmark
2023-10-05,Karnataka,94.22,PPAC-benchmark
2023-10-05,Madhya Pradesh,94.47,PPAC-benchmark
2023-10-05,Maharashtra,96.9,PPAC-benchmark
2023-10-05,Punjab,92.59,PPAC-benchmark
2023-10-05,Rajasthan,95.37,PPAC-benchmark
2023-10-05,Tamil Nadu,92.97,PPAC-benchmark
2023-10-05,Telangana,96.54,PPAC-benchmark
2023-10-05,Uttar Pradesh,91.23,PPAC-benchmark
2023-10-05,West Bengal,93.73,PPAC-benchmark
2023-10-06,Andhra Pradesh,97.68,PPAC-benchmark
2023-10-06,Delhi,88.81,PPAC-benchmark
2023-10-06,Gujarat,89.49,PPAC-benchmark
2023-10-06,Haryana,92.04,PPAC-benchmark
2023-10-06,Karnataka,94.25,PPAC-benchmark
2023-10-06,Madhya Pradesh,94.53,PPAC-benchmark
2023-10-06,Maharashtra,96.8,PPAC-benchmark
2023-10-06,Punjab,92.63,PPAC-benchmark
2023-10-06,Rajasthan,95.43,PPAC-benchmark
2023-10-06,Tamil Nadu,92.95,PPAC-benchmark
2023-10-06,Telangana,96.56,PPAC-benchmark
2023-10-06,Uttar Pradesh,91.23,PPAC-benchmark
2023-10-06,West Bengal,93.85,PPAC-benchmark
2023-10-07,Delhi,88.92,PPAC-benchmark
2023-10-07,Gujarat,89.51,PPAC-benchmark
2023-10-07,Haryana,92.09,PPAC-benchmark
2023-10-07,Madhya Pradesh,94.54,PPAC-benchmark
2023-10-07,Maharashtra,96.94,PPAC-benchmark
2023-10-07,Punjab,92.72,PPAC-benchmark
2023-10-07,Rajasthan,95.51,PPAC-benchmark
2023-10-07,Tamil Nadu,93.0,PPAC-benchmark
2023-10-07,Telangana,96.59,PPAC-benchmark
2023-10-07,West Bengal,93.78,PPAC-benchmark
2023-10-08,Andhra Pradesh,97.71,PPAC-benchmark
2023-10-08,Delhi,88.79,PPAC-benchmark
2023-10-08,Gujarat,89.58,PPAC-benchmark
2023-10-08,Haryana,92.1,PPAC-benchmark
2023-10-08,Karnataka,94.26,PPAC-benchmark
2023-10-08,Madhya Pradesh,94.65,PPAC-benchmark
2023-10-08,Maharashtra,96.93,PPAC-benchmark
2023-10-08,Punjab,92.69,PPAC-benchmark
2023-10-08,Rajasthan,95.57,PPAC-benchmark
2023-10-08,Tamil Nadu,93.07,PPAC-benchmark
2023-10-08,Telangana,96.56,PPAC-benchmark
2023-10-08,Uttar Pradesh,91.26,PPAC-benchmark
2023-10-08,West Bengal,93.77,PPAC-benchmark
2023-10-09,Delhi,88.92,PPAC-benchmark
2023-10-09,Gujarat,89.55,PPAC-benchmark
2023-10-09,Haryana,92.09,PPAC-benchmark
2023-10-09,Karnataka,94.31,PPAC-benchmark
2023-10-09,Madhya Pradesh,94.67,PPAC-benchmark
2023-10-09,Maharashtra,96.92,PPAC-benchmark
2023-10-09,Punjab,92.74,PPAC-benchmark
2023-10-09,Rajasthan,95.47,PPAC-benchmark
2023-10-09,Tamil Nadu,93.16,PPAC-benchmark
2023-10-09,Telangana,96.65,PPAC-benchmark
2023-10-09,Uttar Pradesh,91.36,PPAC-benchmark
2023-10-09,West Bengal,93.86,PPAC-benchmark
2023-10-10,Andhra Pradesh,97.88,PPAC-benchmark
2023-10-10,Delhi,88.95,PPAC-benchmark
2023-10-10,Gujarat,89.59,PPAC-benchmark
2023-10-10,Haryana,92.16,PPAC-benchmark
2023-10-10,Karnataka,94.41,PPAC-benchmark
2023-10-10,Madhya Pradesh,94.61,PPAC-benchmark
2023-10-10,Maharashtra,96.91,PPAC-benchmark
2023-10-10,Punjab,92.72,PPAC-benchmark
2023-10-10,Rajasthan,95.59,PPAC-benchmark
2023-10-10,Tamil Nadu,93.14,PPAC-benchmark
2023-10-10,Telangana,96.61,PPAC-benchmark
2023-10-10,Uttar Pradesh,91.38,PPAC-benchmark
2023-10-10,West Bengal,93.81,PPAC-benchmark
2023-10-11,Andhra Pradesh,97.85,PPAC-benchmark
2023-10-11,Delhi,89.02,PPAC-benchmark
2023-10-11,Gujarat,89.56,PPAC-benchmark
2023-10-11,Haryana,92.1,PPAC-benchmark
2023-10-11,Karnataka,94.37,PPAC-benchmark
2023-10-11,Madhya Pradesh,94.76,PPAC-benchmark
2023-10-11,Maharashtra,96.96,PPAC-benchmark
2023-10-11,Punjab,92.79,PPAC-benchmark
2023-10-11,Rajasthan,95.57,PPAC-benchmark
2023-10-11,Tamil Nadu,93.16,PPAC-benchmark
2023-10-11,Telangana,96.66,PPAC-benchmark
2023-10-11,Uttar Pradesh,91.43,PPAC-benchmark
2023-10-11,West Bengal,93.77,PPAC-benchmark
2023-10-12,Andhra Pradesh,97.92,PPAC-benchmark
2023-10-12,Delhi,89.01,PPAC-benchmark
2023-10-12,Gujarat,89.69,PPAC-benchmark
2023-10-12,Haryana,92.18,PPAC-benchmark
2023-10-12,Karnataka,94.38,PPAC-benchmark
2023-10-12,Madhya Pradesh,94.67,PPAC-benchmark
2023-10-12,Maharashtra,96.99,PPAC-benchmark
2023-10-12,Punjab,92.75,PPAC-benchmark
2023-10-12,Rajasthan,95.64,PPAC-benchmark
2023-10-12,Tamil Nadu,93.2,PPAC-benchmark
2023-10-12,Telangana,96.62,PPAC-benchmark
2023-10-12,Uttar Pradesh,91.29,PPAC-benchmark
2023-10-12,West Bengal,93.86,PPAC-benchmark
2023-10-13,Andhra Pradesh,97.92,PPAC-benchmark
2023-10-13,Delhi,88.99,PPAC-benchmark
2023-10-13,Gujarat,89.69,PPAC-benchmark
2023-10-13,Haryana,92.16,PPAC-benchmark
2023-10-13,Karnataka,94.36,PPAC-benchmark
2023-10-13,Madhya Pradesh,94.74,PPAC-benchmark
2023-10-13,Maharashtra,96.95,PPAC-benchmark
2023-10-13,Punjab,92.88,PPAC-benchmark
2023-10-13,Rajasthan,95.63,PPAC-benchmark
2023-10-13,Tamil Nadu,93.14,PPAC-benchmark
2023-10-13,Uttar Pradesh,91.31,PPAC-benchmark
2023-10-13,West Bengal,93.89,PPAC-benchmark
2023-10-14,Andhra Pradesh,97.93,PPAC-benchmark
2023-10-14,Delhi,89.1,PPAC-benchmark
2023-10-14,Gujarat,89.67,PPAC-benchmark
2023-10-14,Haryana,92.23,PPAC-benchmark
2023-10-14,Karnataka,94.45,PPAC-benchmark
2023-10-14,Madhya Pradesh,94.71,PPAC-benchmark
2023-10-14,Maharashtra,97.02,PPAC-benchmark
2023-10-14,Punjab,92.85,PPAC-benchmark
2023-10-14,Rajasthan,95.6,PPAC-benchmark
2023-10-14,Tamil Nadu,93.21,PPAC-benchmark
2023-10-14,Telangana,96.7,PPAC-benchmark
2023-10-14,Uttar Pradesh,91.52,PPAC-benchmark
2023-10-15,Andhra Pradesh,97.98,PPAC-benchmark
2023-10-15,Delhi,89.08,PPAC-benchmark
2023-10-15,Gujarat,89.69,PPAC-benchmark
2023-10-15,Haryana,92.21,PPAC-benchmark
2023-10-15,Karnataka,94.36,PPAC-benchmark
2023-10-15,Madhya Pradesh,94.75,PPAC-benchmark
2023-10-15,Maharashtra,97.05,PPAC-benchmark
2023-10-15,Punjab,92.9,PPAC-benchmark
2023-10-15,Rajasthan,95.72,PPAC-benchmark
2023-10-15,Tamil Nadu,93.24,PPAC-benchmark
2023-10-15,Telangana,96.7,PPAC-benchmark
2023-10-15,Uttar Pradesh,91.45,PPAC-benchmark
2023-10-15,West Bengal,93.98,PPAC-benchmark
2023-10-16,Andhra Pradesh,97.9,PPAC-benchmark
2023-10-16,Delhi,89.07,PPAC-benchmark
2023-10-16,Gujarat,89.71,PPAC-benchmark
2023-10-16,Haryana,92.17,PPAC-benchmark
2023-10-16,Karnataka,94.42,PPAC-benchmark
2023-10-16,Madhya Pradesh,94.73,PPAC-benchmark
2023-10-16,Maharashtra,97.18,PPAC-benchmark
2023-10-16,Punjab,92.83,PPAC-benchmark
2023-10-16,Rajasthan,95.63,PPAC-benchmark
2023-10-16,Tamil Nadu,93.18,PPAC-benchmark
2023-10-16,Telangana,96.78,PPAC-benchmark
2023-10-16,West Bengal,93.9,PPAC-benchmark
2023-10-17,Andhra Pradesh,97.94,PPAC-benchmark
2023-10-17,Delhi,89.07,PPAC-benchmark
2023-10-17,Gujarat,89.76,PPAC-benchmark
2023-10-17,Haryana,92.3,PPAC-benchmark
2023-10-17,Karnataka,94.4,PPAC-benchmark
2023-10-17,Madhya Pradesh,94.81,PPAC-benchmark
2023-10-17,Maharashtra,97.11,PPAC-benchmark
2023-10-17,Punjab,92.88,PPAC-benchmark
2023-10-17,Rajasthan,95.61,PPAC-benchmark
2023-10-17,Tamil Nadu,93.31,PPAC-benchmark
2023-10-17,Telangana,96.78,PPAC-benchmark
2023-10-17,Uttar Pradesh,91.45,PPAC-benchmark
2023-10-17,West Bengal,93.9,PPAC-benchmark
2023-10-18,Andhra Pradesh,98.06,PPAC-benchmark
2023-10-18,Delhi,89.07,PPAC-benchmark
2023-10-18,Gujarat,89.8,PPAC-benchmark
2023-10-18,Haryana,92.3,PPAC-benchmark
2023-10-18,Karnataka,94.5,PPAC-benchmark
2023-10-18,Madhya Pradesh,94.83,PPAC-benchmark
2023-10-18,Maharashtra,97.07,PPAC-benchmark
2023-10-18,Punjab,92.98,PPAC-benchmark
2023-10-18,Rajasthan,95.75,PPAC-benchmark
2023-10-18,Tamil Nadu,93.3,PPAC-benchmark
2023-10-18,Telangana,96.76,PPAC-benchmark
2023-10-18,Uttar Pradesh,91.5,PPAC-benchmark
2023-10-18,West Bengal,93.98,PPAC-benchmark
2023-10-19,Andhra Pradesh,98.01,PPAC-benchmark
2023-10-19,Delhi,89.1,PPAC-benchmark
2023-10-19,Gujarat,89.81,PPAC-benchmark
2023-10-19,Haryana,92.25,PPAC-benchmark
2023-10-19,Karnataka,94.54,PPAC-benchmark
2023-10-19,Madhya Pradesh,94.84,PPAC-benchmark
2023-10-19,Maharashtra,97.08,PPAC-benchmark
2023-10-19,Punjab,92.94,PPAC-benchmark
2023-10-19,Rajasthan,95.74,PPAC-benchmark
2023-10-19,Tamil Nadu,93.34,PPAC-benchmark
2023-10-19,Telangana,96.85,PPAC-benchmark
2023-10-19,Uttar Pradesh,91.54,PPAC-benchmark
2023-10-19,West Bengal,94.09,PPAC-benchmark
2023-10-20,Delhi,89.22,PPAC-benchmark
2023-10-20,Gujarat,89.9,PPAC-benchmark
2023-10-20,Haryana,92.37,PPAC-benchmark
2023-10-20,Karnataka,94.66,PPAC-benchmark
2023-10-20,Madhya Pradesh,94.85,PPAC-benchmark
2023-10-20,Maharashtra,97.13,PPAC-benchmark
2023-10-20,Punjab,93.0,PPAC-benchmark
2023-10-20,Rajasthan,95.72,PPAC-benchmark
2023-10-20,Tamil Nadu,93.46,PPAC-benchmark
2023-10-20,Telangana,96.82,PPAC-benchmark
2023-10-20,Uttar Pradesh,91.53,PPAC-benchmark
2023-10-20,West Bengal,94.07,PPAC-benchmark
2023-10-21,Andhra Pradesh,98.15,PPAC-benchmark
2023-10-21,Delhi,89.24,PPAC-benchmark
2023-10-21,Gujarat,89.87,PPAC-benchmark
2023-10-21,Haryana,92.42,PPAC-benchmark
2023-10-21,Karnataka,94.55,PPAC-benchmark
2023-10-21,Madhya Pradesh,94.96,PPAC-benchmark
2023-10-21,Maharashtra,97.23,PPAC-benchmark
2023-10-21,Punjab,92.95,PPAC-benchmark
2023-10-21,Rajasthan,95.85,PPAC-benchmark
2023-10-21,Tamil Nadu,93.36,PPAC-benchmark
2023-10-21,Telangana,96.92,PPAC-benchmark
2023-10-21,Uttar Pradesh,91.54,PPAC-benchmark
2023-10-21,West Bengal,94.02,PPAC-benchmark
2023-10-22,Andhra Pradesh,98.07,PPAC-benchmark
2023-10-22,Delhi,89.29,PPAC-benchmark
2023-10-22,Gujarat,89.93,PPAC-benchmark
2023-10-22,Haryana,92.34,PPAC-benchmark
2023-10-22,Karnataka,94.67,PPAC-benchmark
2023-10-22,Madhya Pradesh,94.91,PPAC-benchmark
2023-10-22,Maharashtra,97.18,PPAC-benchmark
2023-10-22,Punjab,93.03,PPAC-benchmark
2023-10-22,Tamil Nadu,93.35,PPAC-benchmark
2023-10-22,Telangana,96.89,PPAC-benchmark
2023-10-22,Uttar Pradesh,91.61,PPAC-benchmark
2023-10-22,West Bengal,94.13,PPAC-benchmark
2023-10-23,Andhra Pradesh,98.2,PPAC-benchmark
2023-10-23,Delhi,89.21,PPAC-benchmark
2023-10-23,Gujarat,90.0,PPAC-benchmark
2023-10-23,Karnataka,94.69,PPAC-benchmark
2023-10-23,Madhya Pradesh,94.87,PPAC-benchmark
2023-10-23,Maharashtra,97.24,PPAC-benchmark
2023-10-23,Punjab,93.11,PPAC-benchmark
2023-10-23,Tamil Nadu,93.49,PPAC-benchmark
2023-10-23,Telangana,97.02,PPAC-benchmark
2023-10-23,Uttar Pradesh,91.55,PPAC-benchmark
2023-10-24,Andhra Pradesh,98.16,PPAC-benchmark
2023-10-24,Delhi,89.31,PPAC-benchmark
2023-10-24,Gujarat,89.97,PPAC-benchmark
2023-10-24,Haryana,92.47,PPAC-benchmark
2023-10-24,Karnataka,94.68,PPAC-benchmark
2023-10-24,Maharashtra,97.25,PPAC-benchmark
2023-10-24,Punjab,93.11,PPAC-benchmark
2023-10-24,Rajasthan,95.92,PPAC-benchmark
2023-10-24,Tamil Nadu,93.44,PPAC-benchmark
2023-10-24,Telangana,97.0,PPAC-benchmark
2023-10-24,Uttar Pradesh,91.64,PPAC-benchmark
2023-10-24,West Bengal,94.15,PPAC-benchmark
2023-10-25,Andhra Pradesh,98.11,PPAC-benchmark
2023-10-25,Delhi,89.3,PPAC-benchmark
2023-10-25,Gujarat,89.91,PPAC-benchmark
2023-10-25,Haryana,92.42,PPAC-benchmark
2023-10-25,Karnataka,94.68,PPAC-benchmark
2023-10-25,Madhya Pradesh,94.98,PPAC-benchmark
2023-10-25,Maharashtra,97.19,PPAC-benchmark
2023-10-25,Punjab,93.07,PPAC-benchmark
2023-10-25,Rajasthan,95.87,PPAC-benchmark
2023-10-25,Tamil Nadu,93.48,PPAC-benchmark
2023-10-25,Telangana,96.87,PPAC-benchmark
2023-10-25,Uttar Pradesh,91.59,PPAC-benchmark
2023-10-25,West Bengal,94.08,PPAC-benchmark
2023-10-26,Andhra Pradesh,98.15,PPAC-benchmark
2023-10-26,Delhi,89.32,PPAC-benchmark
2023-10-26,Gujarat,90.02,PPAC-benchmark
2023-10-26,Haryana,92.53,PPAC-benchmark
2023-10-26,Karnataka,94.63,PPAC-benchmark
2023-10-26,Madhya Pradesh,95.0,PPAC-benchmark
2023-10-26,Maharashtra,97.26,PPAC-benchmark
2023-10-26,Punjab,93.06,PPAC-benchmark
2023-10-26,Rajasthan,95.88,PPAC-benchmark
2023-10-26,Tamil Nadu,93.46,PPAC-benchmark
2023-10-26,Telangana,96.97,PPAC-benchmark
2023-10-26,Uttar Pradesh,91.73,PPAC-benchmark
2023-10-26,West Bengal,94.17,PPAC-benchmark
2023-10-27,Andhra Pradesh,98.19,PPAC-benchmark
2023-10-27,Delhi,89.34,PPAC-benchmark
2023-10-27,Gujarat,90.06,PPAC-benchmark
2023-10-27,Haryana,92.57,PPAC-benchmark
2023-10-27,Karnataka,94.71,PPAC-benchmark
2023-10-27,Madhya Pradesh,94.97,PPAC-benchmark
2023-10-27,Maharashtra,97.32,PPAC-benchmark
2023-10-27,Punjab,93.14,PPAC-benchmark
2023-10-27,Rajasthan,95.96,PPAC-benchmark
2023-10-27,Tamil Nadu,93.54,PPAC-benchmark
2023-10-27,Telangana,97.01,PPAC-benchmark
2023-10-27,Uttar Pradesh,91.79,PPAC-benchmark
2023-10-27,West Bengal,94.18,PPAC-benchmark
2023-10-28,Andhra Pradesh,98.24,PPAC-benchmark
2023-10-28,Delhi,89.39,PPAC-benchmark
2023-10-28,Gujarat,90.13,PPAC-benchmark
2023-10-28,Haryana,92.61,PPAC-benchmark
2023-10-28,Karnataka,94.81,PPAC-benchmark
2023-10-28,Madhya Pradesh,94.99,PPAC-benchmark
2023-10-28,Maharashtra,97.3,PPAC-benchmark
2023-10-28,Punjab,93.15,PPAC-benchmark
2023-10-28,Rajasthan,95.95,PPAC-benchmark
2023-10-28,Tamil Nadu,93.56,PPAC-benchmark
2023-10-28,Telangana,96.96,PPAC-benchmark
2023-10-28,Uttar Pradesh,91.73,PPAC-benchmark
2023-10-28,West Bengal,94.22,PPAC-benchmark
2023-10-29,Andhra Pradesh,98.27,PPAC-benchmark
2023-10-29,Delhi,89.42,PPAC-benchmark
2023-10-29,Gujarat,90.07,PPAC-benchmark
2023-10-29,Haryana,92.52,PPAC-benchmark
2023-10-29,Karnataka,94.71,PPAC-benchmark
2023-10-29,Madhya Pradesh,95.04,PPAC-benchmark
2023-10-29,Maharashtra,97.47,PPAC-benchmark
2023-10-29,Punjab,93.23,PPAC-benchmark
2023-10-29,Rajasthan,96.03,PPAC-benchmark
2023-10-29,Tamil Nadu,93.58,PPAC-benchmark
2023-10-29,Telangana,97.12,PPAC-benchmark
2023-10-29,Uttar Pradesh,91.72,PPAC-benchmark
2023-10-29,West Bengal,94.29,PPAC-benchmark
2023-10-30,Andhra Pradesh,98.32,PPAC-benchmark
2023-10-30,Delhi,89.39,PPAC-benchmark
2023-10-30,Gujarat,90.06,PPAC-benchmark
2023-10-30,Haryana,92.63,PPAC-benchmark
2023-10-30,Karnataka,94.76,PPAC-benchmark
2023-10-30,Madhya Pradesh,95.01,PPAC-benchmark
2023-10-30,Maharashtra,97.38,PPAC-benchmark
2023-10-30,Punjab,93.18,PPAC-benchmark
2023-10-30,Rajasthan,96.01,PPAC-benchmark
2023-10-30,Tamil Nadu,93.55,PPAC-benchmark
2023-10-30,Telangana,97.09,PPAC-benchmark
2023-10-30,Uttar Pradesh,91.77,PPAC-benchmark
2023-10-30,West Bengal,94.35,PPAC-benchmark
2023-10-31,Andhra Pradesh,98.3,PPAC-benchmark
2023-10-31,Delhi,89.36,PPAC-benchmark
2023-10-31,Gujarat,90.09,PPAC-benchmark
2023-10-31,Haryana,92.64,PPAC-benchmark
2023-10-31,Karnataka,94.86,PPAC-benchmark
2023-10-31,Madhya Pradesh,95.1,PPAC-benchmark
2023-10-31,Maharashtra,97.39,PPAC-benchmark
2023-10-31,Punjab,93.19,PPAC-benchmark
2023-10-31,Rajasthan,96.03,PPAC-benchmark
2023-10-31,Tamil Nadu,93.58,PPAC-benchmark
2023-10-31,Telangana,97.06,PPAC-benchmark
2023-10-31,Uttar Pradesh,91.89,PPAC-benchmark
2023-10-31,West Bengal,94.26,PPAC-benchmark
2023-11-01,Andhra Pradesh,98.19,PPAC-benchmark
2023-11-01,Delhi,89.45,PPAC-benchmark
2023-11-01,Gujarat,90.17,PPAC-benchmark
2023-11-01,Haryana,92.63,PPAC-benchmark
2023-11-01,Madhya Pradesh,95.12,PPAC-benchmark
2023-11-01,Maharashtra,97.47,PPAC-benchmark
2023-11-01,Punjab,93.19,PPAC-benchmark
2023-11-01,Rajasthan,96.13,PPAC-benchmark
2023-11-01,Tamil Nadu,93.64,PPAC-benchmark
2023-11-01,Telangana,97.11,PPAC-benchmark
2023-11-01,Uttar Pradesh,91.85,PPAC-benchmark
2023-11-01,West Bengal,94.3,PPAC-benchmark
2023-11-02,Gujarat,90.22,PPAC-benchmark
2023-11-02,Haryana,92.61,PPAC-benchmark
2023-11-02,Karnataka,94.83,PPAC-benchmark
2023-11-02,Madhya Pradesh,95.2,PPAC-benchmark
2023-11-02,Maharashtra,97.39,PPAC-benchmark
2023-11-02,Punjab,93.3,PPAC-benchmark
2023-11-02,Rajasthan,96.03,PPAC-benchmark
2023-11-02,Tamil Nadu,93.66,PPAC-benchmark
2023-11-02,Telangana,97.16,PPAC-benchmark
2023-11-02,Uttar Pradesh,91.79,PPAC-benchmark
2023-11-02,West Bengal,94.34,PPAC-benchmark
2023-11-03,Andhra Pradesh,98.37,PPAC-benchmark
2023-11-03,Delhi,89.42,PPAC-benchmark
2023-11-03,Gujarat,90.18,PPAC-benchmark
2023-11-03,Haryana,92.65,PPAC-benchmark
2023-11-03,Karnataka,94.88,PPAC-benchmark
2023-11-03,Madhya Pradesh,95.25,PPAC-benchmark
2023-11-03,Maharashtra,97.49,PPAC-benchmark
2023-11-03,Punjab,93.3,PPAC-benchmark
2023-11-03,Rajasthan,96.07,PPAC-benchmark
2023-11-03,Tamil Nadu,93.78,PPAC-benchmark
2023-11-03,Telangana,97.12,PPAC-benchmark
2023-11-03,Uttar Pradesh,91.93,PPAC-benchmark
2023-11-03,West Bengal,94.35,PPAC-benchmark
2023-11-04,Andhra Pradesh,98.34,PPAC-benchmark
2023-11-04,Delhi,89.48,PPAC-benchmark
2023-11-04,Gujarat,90.15,PPAC-benchmark
2023-11-04,Haryana,92.72,PPAC-benchmark
2023-11-04,Karnataka,94.98,PPAC-benchmark
2023-11-04,Madhya Pradesh,95.16,PPAC-benchmark
2023-11-04,Maharashtra,97.49,PPAC-benchmark
2023-11-04,Punjab,93.3,PPAC-benchmark
2023-11-04,Rajasthan,96.18,PPAC-benchmark
2023-11-04,Tamil Nadu,93.78,PPAC-benchmark
2023-11-04,Uttar Pradesh,91.84,PPAC-benchmark
2023-11-04,West Bengal,94.46,PPAC-benchmark
2023-11-05,Andhra Pradesh,98.49,PPAC-benchmark
2023-11-05,Delhi,89.5,PPAC-benchmark
2023-11-05,Gujarat,90.25,PPAC-benchmark
2023-11-05,Haryana,92.7,PPAC-benchmark
2023-11-05,Karnataka,94.92,PPAC-benchmark
2023-11-05,Madhya Pradesh,95.27,PPAC-benchmark
2023-11-05,Maharashtra,97.49,PPAC-benchmark
2023-11-05,Punjab,93.28,PPAC-benchmark
2023-11-05,Rajasthan,96.13,PPAC-benchmark
2023-11-05,Tamil Nadu,93.67,PPAC-benchmark
2023-11-05,Telangana,97.3,PPAC-benchmark
2023-11-05,Uttar Pradesh,91.92,PPAC-benchmark
2023-11-05,West Bengal,94.32,PPAC-benchmark
2023-11-06,Andhra Pradesh,98.48,PPAC-benchmark
2023-11-06,Delhi,89.57,PPAC-benchmark
2023-11-06,Gujarat,90.29,PPAC-benchmark
2023-11-06,Haryana,92.76,PPAC-benchmark
2023-11-06,Karnataka,94.91,PPAC-benchmark
2023-11-06,Madhya Pradesh,95.21,PPAC-benchmark
2023-11-06,Maharashtra,97.51,PPAC-benchmark
2023-11-06,Punjab,93.32,PPAC-benchmark
2023-11-06,Tamil Nadu,93.67,PPAC-benchmark
2023-11-06,Telangana,97.23,PPAC-benchmark
2023-11-06,Uttar Pradesh,91.93,PPAC-benchmark
2023-11-06,West Bengal,94.42,PPAC-benchmark
2023-11-07,Andhra Pradesh,98.42,PPAC-benchmark
2023-11-07,Delhi,89.52,PPAC-benchmark
2023-11-07,Gujarat,90.18,PPAC-benchmark
2023-11-07,Haryana,92.84,PPAC-benchmark
2023-11-07,Karnataka,94.91,PPAC-benchmark
2023-11-07,Madhya Pradesh,95.26,PPAC-benchmark
2023-11-07,Maharashtra,97.53,PPAC-benchmark
2023-11-07,Punjab,93.45,PPAC-benchmark
2023-11-07,Rajasthan,96.05,PPAC-benchmark
2023-11-07,Tamil Nadu,93.73,PPAC-benchmark
2023-11-07,Telangana,97.22,PPAC-benchmark
2023-11-07,Uttar Pradesh,92.06,PPAC-benchmark
2023-11-07,West Bengal,94.47,PPAC-benchmark
2023-11-08,Andhra Pradesh,98.49,PPAC-benchmark
2023-11-08,Delhi,89.6,PPAC-benchmark
2023-11-08,Gujarat,90.28,PPAC-benchmark
2023-11-08,Haryana,92.78,PPAC-benchmark
2023-11-08,Karnataka,95.0,PPAC-benchmark
2023-11-08,Madhya Pradesh,95.3,PPAC-benchmark
2023-11-08,Maharashtra,97.55,PPAC-benchmark
2023-11-08,Punjab,93.3,PPAC-benchmark
2023-11-08,Uttar Pradesh,91.99,PPAC-benchmark
2023-11-08,West Bengal,94.41,PPAC-benchmark
2023-11-09,Andhra Pradesh,98.52,PPAC-benchmark
2023-11-09,Delhi,89.54,PPAC-benchmark
2023-11-09,Gujarat,90.29,PPAC-benchmark
2023-11-09,Haryana,92.84,PPAC-benchmark
2023-11-09,Karnataka,95.0,PPAC-benchmark
2023-11-09,Madhya Pradesh,95.28,PPAC-benchmark
2023-11-09,Punjab,93.36,PPAC-benchmark
2023-11-09,Rajasthan,96.19,PPAC-benchmark
2023-11-09,Tamil Nadu,93.87,PPAC-benchmark
2023-11-09,Telangana,97.31,PPAC-benchmark
2023-11-09,Uttar Pradesh,92.07,PPAC-benchmark
2023-11-09,West Bengal,94.42,PPAC-benchmark
2023-11-10,Andhra Pradesh,98.47,PPAC-benchmark
2023-11-10,Delhi,89.59,PPAC-benchmark
2023-11-10,Gujarat,90.38,PPAC-benchmark
2023-11-10,Haryana,92.71,PPAC-benchmark
2023-11-10,Karnataka,94.98,PPAC-benchmark
2023-11-10,Madhya Pradesh,95.31,PPAC-benchmark
2023-11-10,Maharashtra,97.62,PPAC-benchmark
2023-11-10,Punjab,93.35,PPAC-benchmark
2023-11-10,Rajasthan,96.19,PPAC-benchmark
2023-11-10,Tamil Nadu,93.69,PPAC-benchmark
2023-11-10,Telangana,97.29,PPAC-benchmark
2023-11-10,Uttar Pradesh,92.03,PPAC-benchmark
2023-11-10,West Bengal,94.45,PPAC-benchmark
2023-11-11,Andhra Pradesh,98.53,PPAC-benchmark
2023-11-11,Delhi,89.61,PPAC-benchmark
2023-11-11,Gujarat,90.36,PPAC-benchmark
2023-11-11,Haryana,92.83,PPAC-benchmark
2023-11-11,Karnataka,95.05,PPAC-benchmark
2023-11-11,Madhya Pradesh,95.39,PPAC-benchmark
2023-11-11,Maharashtra,97.67,PPAC-benchmark
2023-11-11,Punjab,93.41,PPAC-benchmark
2023-11-11,Rajasthan,96.26,PPAC-benchmark
2023-11-11,Tamil Nadu,93.82,PPAC-benchmark
2023-11-11,Telangana,97.35,PPAC-benchmark
2023-11-11,Uttar Pradesh,92.16,PPAC-benchmark
2023-11-11,West Bengal,94.54,PPAC-benchmark
2023-11-12,Andhra Pradesh,98.57,PPAC-benchmark
2023-11-12,Delhi,89.69,PPAC-benchmark
2023-11-12,Gujarat,90.36,PPAC-benchmark
2023-11-12,Haryana,92.9,PPAC-benchmark
2023-11-12,Karnataka,95.07,PPAC-benchmark
2023-11-12,Madhya Pradesh,95.39,PPAC-benchmark
2023-11-12,Maharashtra,97.72,PPAC-benchmark
2023-11-12,Punjab,93.45,PPAC-benchmark
2023-11-12,Rajasthan,96.34,PPAC-benchmark
2023-11-12,Tamil Nadu,93.87,PPAC-benchmark
2023-11-12,Telangana,97.25,PPAC-benchmark
2023-11-12,Uttar Pradesh,92.04,PPAC-benchmark
2023-11-12,West Bengal,94.57,PPAC-benchmark
2023-11-13,Delhi,89.74,PPAC-benchmark
2023-11-13,Gujarat,90.37,PPAC-benchmark
2023-11-13,Haryana,92.93,PPAC-benchmark
2023-11-13,Karnataka,95.08,PPAC-benchmark
2023-11-13,Madhya Pradesh,95.37,PPAC-benchmark
2023-11-13,Maharashtra,97.75,PPAC-benchmark
2023-11-13,Punjab,93.46,PPAC-benchmark
2023-11-13,Rajasthan,96.28,PPAC-benchmark
2023-11-13,Tamil Nadu,93.88,PPAC-benchmark
2023-11-13,Telangana,97.39,PPAC-benchmark
2023-11-13,Uttar Pradesh,92.07,PPAC-benchmark
2023-11-13,West Bengal,94.62,PPAC-benchmark
2023-11-14,Andhra Pradesh,98.65,PPAC-benchmark
2023-11-14,Delhi,89.75,PPAC-benchmark
2023-11-14,Haryana,92.83,PPAC-benchmark
2023-11-14,Karnataka,95.18,PPAC-benchmark
2023-11-14,Madhya Pradesh,95.46,PPAC-benchmark
2023-11-14,Maharashtra,97.79,PPAC-benchmark
2023-11-14,Punjab,93.47,PPAC-benchmark
2023-11-14,Rajasthan,96.33,PPAC-benchmark
2023-11-14,Tamil Nadu,93.86,PPAC-benchmark
2023-11-14,Telangana,97.39,PPAC-benchmark
2023-11-14,Uttar Pradesh,92.11,PPAC-benchmark
2023-11-14,West Bengal,94.54,PPAC-benchmark
2023-11-15,Andhra Pradesh,98.63,PPAC-benchmark
2023-11-15,Delhi,89.74,PPAC-benchmark
2023-11-15,Gujarat,90.42,PPAC-benchmark
2023-11-15,Haryana,93.01,PPAC-benchmark
2023-11-15,Karnataka,95.09,PPAC-benchmark
2023-11-15,Madhya Pradesh,95.52,PPAC-benchmark
2023-11-15,Maharashtra,97.71,PPAC-benchmark
2023-11-15,Punjab,93.43,PPAC-benchmark
2023-11-15,Rajasthan,96.32,PPAC-benchmark
2023-11-15,Tamil Nadu,93.96,PPAC-benchmark
2023-11-15,Uttar Pradesh,92.12,PPAC-benchmark
2023-11-15,West Bengal,94.63,PPAC-benchmark
2023-11-16,Delhi,89.73,PPAC-benchmark
2023-11-16,Gujarat,90.47,PPAC-benchmark
2023-11-16,Haryana,92.89,PPAC-benchmark
2023-11-16,Karnataka,95.19,PPAC-benchmark
2023-11-16,Madhya Pradesh,95.43,PPAC-benchmark
2023-11-16,Maharashtra,97.81,PPAC-benchmark
2023-11-16,Punjab,93.59,PPAC-benchmark
2023-11-16,Rajasthan,96.43,PPAC-benchmark
2023-11-16,Tamil Nadu,93.95,PPAC-benchmark
2023-11-16,Telangana,97.51,PPAC-benchmark
2023-11-16,Uttar Pradesh,92.15,PPAC-benchmark
2023-11-16,West Bengal,94.65,PPAC-benchmark
2023-11-17,Andhra Pradesh,98.68,PPAC-benchmark
2023-11-17,Delhi,89.77,PPAC-benchmark
2023-11-17,Gujarat,90.47,PPAC-benchmark
2023-11-17,Haryana,93.02,PPAC-benchmark
2023-11-17,Karnataka,95.16,PPAC-benchmark
2023-11-17,Madhya Pradesh,95.49,PPAC-benchmark
2023-11-17,Maharashtra,97.83,PPAC-benchmark
2023-11-17,Punjab,93.58,PPAC-benchmark
2023-11-17,Rajasthan,96.46,PPAC-benchmark
2023-11-17,Tamil Nadu,94.07,PPAC-benchmark
2023-11-17,Telangana,97.45,PPAC-benchmark
2023-11-17,Uttar Pradesh,92.24,PPAC-benchmark
2023-11-17,West Bengal,94.68,PPAC-benchmark
2023-11-18,Andhra Pradesh,98.66,PPAC-benchmark
2023-11-18,Delhi,89.83,PPAC-benchmark
2023-11-18,Gujarat,90.42,PPAC-benchmark
2023-11-18,Karnataka,95.15,PPAC-benchmark
2023-11-18,Madhya Pradesh,95.44,PPAC-benchmark
2023-11-18,Maharashtra,97.81,PPAC-benchmark
2023-11-18,Punjab,93.58,PPAC-benchmark
2023-11-18,Rajasthan,96.34,PPAC-benchmark
2023-11-18,Tamil Nadu,93.91,PPAC-benchmark
2023-11-18,Uttar Pradesh,92.11,PPAC-benchmark
2023-11-18,West Bengal,94.63,PPAC-benchmark
2023-11-19,Delhi,89.78,PPAC-benchmark
2023-11-19,Gujarat,90.51,PPAC-benchmark
2023-11-19,Haryana,92.98,PPAC-benchmark
2023-11-19,Karnataka,95.19,PPAC-benchmark
2023-11-19,Madhya Pradesh,95.54,PPAC-benchmark
2023-11-19,Maharashtra,97.84,PPAC-benchmark
2023-11-19,Punjab,93.6,PPAC-benchmark
2023-11-19,Rajasthan,96.42,PPAC-benchmark
2023-11-19,Tamil Nadu,94.01,PPAC-benchmark
2023-11-19,Telangana,97.6,PPAC-benchmark
2023-11-19,Uttar Pradesh,92.13,PPAC-benchmark
2023-11-19,West Bengal,94.65,PPAC-benchmark
2023-11-20,Andhra Pradesh,98.71,PPAC-benchmark
2023-11-20,Delhi,89.91,PPAC-benchmark
2023-11-20,Gujarat,90.48,PPAC-benchmark
2023-11-20,Haryana,92.98,PPAC-benchmark
2023-11-20,Madhya Pradesh,95.54,PPAC-benchmark
2023-11-20,Maharashtra,97.77,PPAC-benchmark
2023-11-20,Punjab,93.76,PPAC-benchmark
2023-11-20,Rajasthan,96.41,PPAC-benchmark
2023-11-20,Tamil Nadu,94.04,PPAC-benchmark
2023-11-20,Telangana,97.45,PPAC-benchmark
2023-11-20,Uttar Pradesh,92.19,PPAC-benchmark
2023-11-20,West Bengal,94.67,PPAC-benchmark
2023-11-21,Andhra Pradesh,98.73,PPAC-benchmark
2023-11-21,Delhi,89.81,PPAC-benchmark
2023-11-21,Gujarat,90.52,PPAC-benchmark
2023-11-21,Haryana,93.07,PPAC-benchmark
2023-11-21,Karnataka,95.3,PPAC-benchmark
2023-11-21,Madhya Pradesh,95.55,PPAC-benchmark
2023-11-21,Maharashtra,97.89,PPAC-benchmark
2023-11-21,Punjab,93.65,PPAC-benchmark
2023-11-21,Tamil Nadu,94.0,PPAC-benchmark
2023-11-21,Telangana,97.64,PPAC-benchmark
2023-11-21,Uttar Pradesh,92.31,PPAC-benchmark
2023-11-21,West Bengal,94.74,PPAC-benchmark
2023-11-22,Andhra Pradesh,98.68,PPAC-benchmark
2023-11-22,Delhi,89.76,PPAC-benchmark
2023-11-22,Gujarat,90.6,PPAC-benchmark
2023-11-22,Haryana,93.05,PPAC-benchmark
2023-11-22,Karnataka,95.37,PPAC-benchmark
2023-11-22,Madhya Pradesh,95.59,PPAC-benchmark
2023-11-22,Maharashtra,97.82,PPAC-benchmark
2023-11-22,Punjab,93.68,PPAC-benchmark
2023-11-22,Rajasthan,96.42,PPAC-benchmark
2023-11-22,Tamil Nadu,94.04,PPAC-benchmark
2023-11-22,Telangana,97.51,PPAC-benchmark
2023-11-22,Uttar Pradesh,92.28,PPAC-benchmark
2023-11-22,West Bengal,94.77,PPAC-benchmark
2023-11-23,Andhra Pradesh,98.71,PPAC-benchmark
2023-11-23,Delhi,89.83,PPAC-benchmark
2023-11-23,Haryana,93.01,PPAC-benchmark
2023-11-23,Karnataka,95.21,PPAC-benchmark
2023-11-23,Madhya Pradesh,95.6,PPAC-benchmark
2023-11-23,Maharashtra,97.86,PPAC-benchmark
2023-11-23,Punjab,93.73,PPAC-benchmark
2023-11-23,Rajasthan,96.51,PPAC-benchmark
2023-11-23,Tamil Nadu,94.11,PPAC-benchmark
2023-11-23,Telangana,97.56,PPAC-benchmark
2023-11-23,Uttar Pradesh,92.2,PPAC-benchmark
2023-11-23,West Bengal,94.79,PPAC-benchmark
2023-11-24,Andhra Pradesh,98.79,PPAC-benchmark
2023-11-24,Delhi,89.79,PPAC-benchmark
2023-11-24,Gujarat,90.58,PPAC-benchmark
2023-11-24,Haryana,93.06,PPAC-benchmark
2023-11-24,Karnataka,95.41,PPAC-benchmark
2023-11-24,Madhya Pradesh,95.55,PPAC-benchmark
2023-11-24,Maharashtra,97.91,PPAC-benchmark
2023-11-24,Punjab,93.67,PPAC-benchmark
2023-11-24,Rajasthan,96.41,PPAC-benchmark
2023-11-24,Tamil Nadu,94.07,PPAC-benchmark
2023-11-24,Telangana,97.6,PPAC-benchmark
2023-11-24,Uttar Pradesh,92.25,PPAC-benchmark
2023-11-24,West Bengal,94.8,PPAC-benchmark
2023-11-25,Andhra Pradesh,98.77,PPAC-benchmark
2023-11-25,Delhi,89.94,PPAC-benchmark
2023-11-25,Gujarat,90.63,PPAC-benchmark
2023-11-25,Haryana,93.02,PPAC-benchmark
2023-11-25,Karnataka,95.16,PPAC-benchmark
2023-11-25,Madhya Pradesh,95.63,PPAC-benchmark
2023-11-25,Maharashtra,97.85,PPAC-benchmark
2023-11-25,Rajasthan,96.55,PPAC-benchmark
2023-11-25,Tamil Nadu,94.1,PPAC-benchmark
2023-11-25,Telangana,97.66,PPAC-benchmark
2023-11-25,Uttar Pradesh,92.3,PPAC-benchmark
2023-11-25,West Bengal,94.84,PPAC-benchmark
2023-11-26,Andhra Pradesh,98.8,PPAC-benchmark
2023-11-26,Delhi,89.98,PPAC-benchmark
2023-11-26,Haryana,93.1,PPAC-benchmark
2023-11-26,Karnataka,95.23,PPAC-benchmark
2023-11-26,Madhya Pradesh,95.57,PPAC-benchmark
2023-11-26,Maharashtra,97.91,PPAC-benchmark
2023-11-26,Punjab,93.71,PPAC-benchmark
2023-11-26,Rajasthan,96.51,PPAC-benchmark
2023-11-26,Tamil Nadu,94.1,PPAC-benchmark
2023-11-26,Telangana,97.58,PPAC-benchmark
2023-11-26,Uttar Pradesh,92.21,PPAC-benchmark
2023-11-26,West Bengal,94.76,PPAC-benchmark
2023-11-27,Andhra Pradesh,98.84,PPAC-benchmark
2023-11-27,Delhi,90.01,PPAC-benchmark
2023-11-27,Gujarat,90.64,PPAC-benchmark
2023-11-27,Haryana,93.27,PPAC-benchmark
2023-11-27,Karnataka,95.38,PPAC-benchmark
2023-11-27,Madhya Pradesh,95.69,PPAC-benchmark
2023-11-27,Maharashtra,97.98,PPAC-benchmark
2023-11-27,Punjab,93.74,PPAC-benchmark
2023-11-27,Rajasthan,96.47,PPAC-benchmark
2023-11-27,Tamil Nadu,94.2,PPAC-benchmark
2023-11-27,Telangana,97.69,PPAC-benchmark
2023-11-27,Uttar Pradesh,92.36,PPAC-benchmark
2023-11-27,West Bengal,94.8,PPAC-benchmark
2023-11-28,Andhra Pradesh,98.8,PPAC-benchmark
2023-11-28,Delhi,89.87,PPAC-benchmark
2023-11-28,Gujarat,90.71,PPAC-benchmark
2023-11-28,Haryana,93.12,PPAC-benchmark
2023-11-28,Karnataka,95.34,PPAC-benchmark
2023-11-28,Madhya Pradesh,95.62,PPAC-benchmark
2023-11-28,Maharashtra,97.92,PPAC-benchmark
2023-11-28,Punjab,93.67,PPAC-benchmark
2023-11-28,Rajasthan,96.46,PPAC-benchmark
2023-11-28,Tamil Nadu,94.11,PPAC-benchmark
2023-11-28,Telangana,97.59,PPAC-benchmark
2023-11-28,Uttar Pradesh,92.31,PPAC-benchmark
2023-11-28,West Bengal,94.92,PPAC-benchmark
2023-11-29,Andhra Pradesh,98.84,PPAC-benchmark
2023-11-29,Gujarat,90.68,PPAC-benchmark
2023-11-29,Haryana,93.1,PPAC-benchmark
2023-11-29,Madhya Pradesh,95.6,PPAC-benchmark
2023-11-29,Maharashtra,97.96,PPAC-benchmark
2023-11-29,Punjab,93.69,PPAC-benchmark
2023-11-29,Rajasthan,96.49,PPAC-benchmark
2023-11-29,Tamil Nadu,94.1,PPAC-benchmark
2023-11-29,Telangana,97.6,PPAC-benchmark
2023-11-29,Uttar Pradesh,92.3,PPAC-benchmark
2023-11-30,Andhra Pradesh,98.73,PPAC-benchmark
2023-11-30,Delhi,89.92,PPAC-benchmark
2023-11-30,Haryana,93.03,PPAC-benchmark
2023-11-30,Karnataka,95.21,PPAC-benchmark
2023-11-30,Madhya Pradesh,95.67,PPAC-benchmark
2023-11-30,Maharashtra,97.87,PPAC-benchmark
2023-11-30,Punjab,93.7,PPAC-benchmark
2023-11-30,Tamil Nadu,94.16,PPAC-benchmark
2023-11-30,Telangana,97.59,PPAC-benchmark
2023-11-30,Uttar Pradesh,92.36,PPAC-benchmark
2023-11-30,West Bengal,94.81,PPAC-benchmark
2023-12-01,Andhra Pradesh,98.89,PPAC-benchmark
2023-12-01,Delhi,89.87,PPAC-benchmark
2023-12-01,Gujarat,90.65,PPAC-benchmark
2023-12-01,Haryana,93.06,PPAC-benchmark
2023-12-01,Karnataka,95.28,PPAC-benchmark
2023-12-01,Maharashtra,97.96,PPAC-benchmark
2023-12-01,Punjab,93.69,PPAC-benchmark
2023-12-01,Rajasthan,96.47,PPAC-benchmark
2023-12-01,Tamil Nadu,94.19,PPAC-benchmark
2023-12-01,Telangana,97.59,PPAC-benchmark
2023-12-01,Uttar Pradesh,92.35,PPAC-benchmark
2023-12-01,West Bengal,94.85,PPAC-benchmark
2023-12-02,Andhra Pradesh,98.89,PPAC-benchmark
2023-12-02,Delhi,89.91,PPAC-benchmark
2023-12-02,Gujarat,90.62,PPAC-benchmark
2023-12-02,Haryana,93.08,PPAC-benchmark
2023-12-02,Karnataka,95.25,PPAC-benchmark
2023-12-02,Madhya Pradesh,95.7,PPAC-benchmark
2023-12-02,Maharashtra,97.83,PPAC-benchmark
2023-12-02,Punjab,93.67,PPAC-benchmark
2023-12-02,Rajasthan,96.5,PPAC-benchmark
2023-12-02,Tamil Nadu,94.18,PPAC-benchmark
2023-12-02,Telangana,97.68,PPAC-benchmark
2023-12-02,Uttar Pradesh,92.39,PPAC-benchmark
2023-12-02,West Bengal,94.84,PPAC-benchmark
2023-12-03,Andhra Pradesh,98.82,PPAC-benchmark
2023-12-03,Delhi,89.95,PPAC-benchmark
2023-12-03,Gujarat,90.63,PPAC-benchmark
2023-12-03,Haryana,93.14,PPAC-benchmark
2023-12-03,Karnataka,95.31,PPAC-benchmark
2023-12-03,Maharashtra,97.87,PPAC-benchmark
2023-12-03,Punjab,93.76,PPAC-benchmark
2023-12-03,Rajasthan,96.5,PPAC-benchmark
2023-12-03,Tamil Nadu,94.14,PPAC-benchmark
2023-12-03,Telangana,97.57,PPAC-benchmark
2023-12-03,Uttar Pradesh,92.33,PPAC-benchmark
2023-12-03,West Bengal,94.87,PPAC-benchmark
2023-12-04,Andhra Pradesh,98.76,PPAC-benchmark
2023-12-04,Delhi,89.93,PPAC-benchmark
2023-12-04,Gujarat,90.57,PPAC-benchmark
2023-12-04,Haryana,93.14,PPAC-benchmark
2023-12-04,Karnataka,95.34,PPAC-benchmark
2023-12-04,Madhya Pradesh,95.65,PPAC-benchmark
2023-12-04,Maharashtra,98.0,PPAC-benchmark
2023-12-04,Punjab,93.61,PPAC-benchmark
2023-12-04,Rajasthan,96.61,PPAC-benchmark
2023-12-04,Tamil Nadu,94.05,PPAC-benchmark
2023-12-04,Telangana,97.56,PPAC-benchmark
2023-12-04,Uttar Pradesh,92.28,PPAC-benchmark
2023-12-04,West Bengal,94.88,PPAC-benchmark
2023-12-05,Andhra Pradesh,98.85,PPAC-benchmark
2023-12-05,Delhi,90.02,PPAC-benchmark
2023-12-05,Gujarat,90.64,PPAC-benchmark
2023-12-05,Haryana,93.16,PPAC-benchmark
2023-12-05,Karnataka,95.43,PPAC-benchmark
2023-12-05,Madhya Pradesh,95.69,PPAC-benchmark
2023-12-05,Maharashtra,97.97,PPAC-benchmark
2023-12-05,Punjab,93.67,PPAC-benchmark
2023-12-05,Rajasthan,96.59,PPAC-benchmark
2023-12-05,Tamil Nadu,94.12,PPAC-benchmark
2023-12-05,Telangana,97.64,PPAC-benchmark
2023-12-05,Uttar Pradesh,92.35,PPAC-benchmark
2023-12-05,West Bengal,94.89,PPAC-benchmark
2023-12-06,Andhra Pradesh,98.88,PPAC-benchmark
2023-12-06,Delhi,89.88,PPAC-benchmark
2023-12-06,Gujarat,90.64,PPAC-benchmark
2023-12-06,Haryana,93.2,PPAC-benchmark
2023-12-06,Karnataka,95.45,PPAC-benchmark
2023-12-06,Madhya Pradesh,95.63,PPAC-benchmark
2023-12-06,Maharashtra,97.95,PPAC-benchmark
2023-12-06,Punjab,93.73,PPAC-benchmark
2023-12-06,Rajasthan,96.64,PPAC-benchmark
2023-12-06,Tamil Nadu,94.21,PPAC-benchmark
2023-12-06,Telangana,97.71,PPAC-benchmark
2023-12-06,Uttar Pradesh,92.41,PPAC-benchmark
2023-12-06,West Bengal,94.75,PPAC-benchmark
2023-12-07,Andhra Pradesh,98.81,PPAC-benchmark
2023-12-07,Delhi,90.02,PPAC-benchmark
2023-12-07,Gujarat,90.67,PPAC-benchmark
2023-12-07,Haryana,93.15,PPAC-benchmark
2023-12-07,Karnataka,95.42,PPAC-benchmark
2023-12-07,Madhya Pradesh,95.65,PPAC-benchmark
2023-12-07,Maharashtra,98.0,PPAC-benchmark
2023-12-07,Punjab,93.68,PPAC-benchmark
2023-12-07,Tamil Nadu,94.14,PPAC-benchmark
2023-12-07,Telangana,97.74,PPAC-benchmark
2023-12-07,Uttar Pradesh,92.43,PPAC-benchmark
2023-12-07,West Bengal,94.89,PPAC-benchmark
2023-12-08,Andhra Pradesh,98.84,PPAC-benchmark
2023-12-08,Gujarat,90.71,PPAC-benchmark
2023-12-08,Haryana,93.14,PPAC-benchmark
2023-12-08,Karnataka,95.35,PPAC-benchmark
2023-12-08,Madhya Pradesh,95.74,PPAC-benchmark
2023-12-08,Maharashtra,97.91,PPAC-benchmark
2023-12-08,Punjab,93.69,PPAC-benchmark
2023-12-08,Rajasthan,96.56,PPAC-benchmark
2023-12-08,Tamil Nadu,94.23,PPAC-benchmark
2023-12-08,Telangana,97.62,PPAC-benchmark
2023-12-08,Uttar Pradesh,92.35,PPAC-benchmark
2023-12-08,West Bengal,94.82,PPAC-benchmark
2023-12-09,Andhra Pradesh,98.8,PPAC-benchmark
2023-12-09,Delhi,89.92,PPAC-benchmark
2023-12-09,Gujarat,90.66,PPAC-benchmark
2023-12-09,Haryana,93.19,PPAC-benchmark
2023-12-09,Karnataka,95.42,PPAC-benchmark
2023-12-09,Madhya Pradesh,95.67,PPAC-benchmark
2023-12-09,Maharashtra,97.97,PPAC-benchmark
2023-12-09,Punjab,93.78,PPAC-benchmark
2023-12-09,Rajasthan,96.59,PPAC-benchmark
2023-12-09,Tamil Nadu,94.23,PPAC-benchmark
2023-12-09,Telangana,97.66,PPAC-benchmark
2023-12-09,Uttar Pradesh,92.35,PPAC-benchmark
2023-12-09,West Bengal,94.84,PPAC-benchmark
2023-12-10,Andhra Pradesh,98.87,PPAC-benchmark
2023-12-10,Delhi,89.97,PPAC-benchmark
2023-12-10,Gujarat,90.72,PPAC-benchmark
2023-12-10,Haryana,93.19,PPAC-benchmark
2023-12-10,Karnataka,95.41,PPAC-benchmark
2023-12-10,Madhya Pradesh,95.72,PPAC-benchmark
2023-12-10,Maharashtra,97.99,PPAC-benchmark
2023-12-10,Punjab,93.74,PPAC-benchmark
2023-12-10,Rajasthan,96.55,PPAC-benchmark
2023-12-10,Tamil Nadu,94.18,PPAC-benchmark
2023-12-10,Telangana,97.74,PPAC-benchmark
2023-12-10,Uttar Pradesh,92.41,PPAC-benchmark
2023-12-10,West Bengal,94.96,PPAC-benchmark
2023-12-11,Delhi,89.95,PPAC-benchmark
2023-12-11,Gujarat,90.72,PPAC-benchmark
2023-12-11,Haryana,93.26,PPAC-benchmark
2023-12-11,Karnataka,95.4,PPAC-benchmark
2023-12-11,Madhya Pradesh,95.67,PPAC-benchmark
2023-12-11,Maharashtra,97.93,PPAC-benchmark
2023-12-11,Punjab,93.82,PPAC-benchmark
2023-12-11,Rajasthan,96.53,PPAC-benchmark
2023-12-11,Tamil Nadu,94.14,PPAC-benchmark
2023-12-11,Telangana,97.72,PPAC-benchmark
2023-12-11,Uttar Pradesh,92.42,PPAC-benchmark
2023-12-11,West Bengal,94.84,PPAC-benchmark
2023-12-12,Andhra Pradesh,98.87,PPAC-benchmark
2023-12-12,Delhi,90.06,PPAC-benchmark
2023-12-12,Gujarat,90.65,PPAC-benchmark
2023-12-12,Haryana,93.15,PPAC-benchmark
2023-12-12,Karnataka,95.38,PPAC-benchmark
2023-12-12,Madhya Pradesh,95.65,PPAC-benchmark
2023-12-12,Maharashtra,97.9,PPAC-benchmark
2023-12-12,Punjab,93.81,PPAC-benchmark
2023-12-12,Rajasthan,96.5,PPAC-benchmark
2023-12-12,Tamil Nadu,94.19,PPAC-benchmark
2023-12-12,Telangana,97.78,PPAC-benchmark
2023-12-12,Uttar Pradesh,92.36,PPAC-benchmark
2023-12-12,West Bengal,94.85,PPAC-benchmark
2023-12-13,Andhra Pradesh,98.95,PPAC-benchmark
2023-12-13,Delhi,89.97,PPAC-benchmark
2023-12-13,Gujarat,90.63,PPAC-benchmark
2023-12-13,Haryana,93.25,PPAC-benchmark
2023-12-13,Karnataka,95.31,PPAC-benchmark
2023-12-13,Madhya Pradesh,95.68,PPAC-benchmark
2023-12-13,Maharashtra,97.93,PPAC-benchmark
2023-12-13,Punjab,93.92,PPAC-benchmark
2023-12-13,Rajasthan,96.47,PPAC-benchmark
2023-12-13,Tamil Nadu,94.2,PPAC-benchmark
2023-12-13,Telangana,97.71,PPAC-benchmark
2023-12-13,Uttar Pradesh,92.33,PPAC-benchmark
2023-12-13,West Bengal,94.96,PPAC-benchmark
2023-12-14,Andhra Pradesh,98.84,PPAC-benchmark
2023-12-14,Delhi,90.07,PPAC-benchmark
2023-12-14,Gujarat,90.68,PPAC-benchmark
2023-12-14,Haryana,93.18,PPAC-benchmark
2023-12-14,Karnataka,95.41,PPAC-benchmark
2023-12-14,Madhya Pradesh,95.67,PPAC-benchmark
2023-12-14,Maharashtra,97.95,PPAC-benchmark
2023-12-14,Punjab,93.7,PPAC-benchmark
2023-12-14,Rajasthan,96.61,PPAC-benchmark
2023-12-14,Tamil Nadu,94.09,PPAC-benchmark
2023-12-14,Telangana,97.68,PPAC-benchmark
2023-12-14,Uttar Pradesh,92.37,PPAC-benchmark
2023-12-14,West Bengal,94.92,PPAC-benchmark
2023-12-15,Andhra Pradesh,98.87,PPAC-benchmark
2023-12-15,Delhi,89.93,PPAC-benchmark
2023-12-15,Gujarat,90.64,PPAC-benchmark
2023-12-15,Haryana,93.12,PPAC-benchmark
2023-12-15,Karnataka,95.38,PPAC-benchmark
2023-12-15,Madhya Pradesh,95.64,PPAC-benchmark
2023-12-15,Maharashtra,98.04,PPAC-benchmark
2023-12-15,Punjab,93.82,PPAC-benchmark
2023-12-15,Rajasthan,96.61,PPAC-benchmark
2023-12-15,Tamil Nadu,94.23,PPAC-benchmark
2023-12-15,Telangana,97.64,PPAC-benchmark
2023-12-15,Uttar Pradesh,92.46,PPAC-benchmark
2023-12-15,West Bengal,94.94,PPAC-benchmark
2023-12-16,Andhra Pradesh,98.89,PPAC-benchmark
2023-12-16,Delhi,89.95,PPAC-benchmark
2023-12-16,Gujarat,90.63,PPAC-benchmark
2023-12-16,Haryana,93.23,PPAC-benchmark
2023-12-16,Karnataka,95.4,PPAC-benchmark
2023-12-16,Madhya Pradesh,95.7,PPAC-benchmark
2023-12-16,Maharashtra,97.92,PPAC-benchmark
2023-12-16,Rajasthan,96.49,PPAC-benchmark
2023-12-16,Tamil Nadu,94.2,PPAC-benchmark
2023-12-16,Telangana,97.69,PPAC-benchmark
2023-12-16,Uttar Pradesh,92.34,PPAC-benchmark
2023-12-16,West Bengal,94.94,PPAC-benchmark
2023-12-17,Andhra Pradesh,98.85,PPAC-benchmark
2023-12-17,Delhi,89.94,PPAC-benchmark
2023-12-17,Gujarat,90.6,PPAC-benchmark
2023-12-17,Haryana,93.12,PPAC-benchmark
2023-12-17,Karnataka,95.29,PPAC-benchmark
2023-12-17,Madhya Pradesh,95.65,PPAC-benchmark
2023-12-17,Maharashtra,97.96,PPAC-benchmark
2023-12-17,Punjab,93.77,PPAC-benchmark
2023-12-17,Rajasthan,96.53,PPAC-benchmark
2023-12-17,Tamil Nadu,94.13,PPAC-benchmark
2023-12-17,Telangana,97.65,PPAC-benchmark
2023-12-17,Uttar Pradesh,92.3,PPAC-benchmark
2023-12-17,West Bengal,94.85,PPAC-benchmark
2023-12-18,Andhra Pradesh,98.85,PPAC-benchmark
2023-12-18,Delhi,89.96,PPAC-benchmark
2023-12-18,Gujarat,90.63,PPAC-benchmark
2023-12-18,Haryana,93.11,PPAC-benchmark
2023-12-18,Karnataka,95.36,PPAC-benchmark
2023-12-18,Madhya Pradesh,95.69,PPAC-benchmark
2023-12-18,Maharashtra,97.88,PPAC-benchmark
2023-12-18,Rajasthan,96.57,PPAC-benchmark
2023-12-18,Tamil Nadu,94.1,PPAC-benchmark
2023-12-18,Telangana,97.6,PPAC-benchmark
2023-12-18,Uttar Pradesh,92.39,PPAC-benchmark
2023-12-18,West Bengal,94.85,PPAC-benchmark
2023-12-19,Andhra Pradesh,98.84,PPAC-benchmark
2023-12-19,Delhi,89.9,PPAC-benchmark
2023-12-19,Gujarat,90.69,PPAC-benchmark
2023-12-19,Haryana,93.04,PPAC-benchmark
2023-12-19,Karnataka,95.28,PPAC-benchmark
2023-12-19,Madhya Pradesh,95.62,PPAC-benchmark
2023-12-19,Maharashtra,97.96,PPAC-benchmark
2023-12-19,Punjab,93.69,PPAC-benchmark
2023-12-19,Rajasthan,96.49,PPAC-benchmark
2023-12-19,Tamil Nadu,94.13,PPAC-benchmark
2023-12-19,Telangana,97.65,PPAC-benchmark
2023-12-19,Uttar Pradesh,92.27,PPAC-benchmark
2023-12-19,West Bengal,94.79,PPAC-benchmark
2023-12-20,Andhra Pradesh,98.83,PPAC-benchmark
2023-12-20,Delhi,89.9,PPAC-benchmark
2023-12-20,Gujarat,90.61,PPAC-benchmark
2023-12-20,Haryana,93.09,PPAC-benchmark
2023-12-20,Karnataka,95.4,PPAC-benchmark
2023-12-20,Madhya Pradesh,95.63,PPAC-benchmark
2023-12-20,Maharashtra,97.94,PPAC-benchmark
2023-12-20,Punjab,93.81,PPAC-benchmark
2023-12-20,Rajasthan,96.58,PPAC-benchmark
2023-12-20,Tamil Nadu,94.18,PPAC-benchmark
2023-12-20,Telangana,97.59,PPAC-benchmark
2023-12-20,Uttar Pradesh,92.41,PPAC-benchmark
2023-12-20,West Bengal,94.85,PPAC-benchmark
2023-12-21,Andhra Pradesh,98.76,PPAC-benchmark
2023-12-21,Delhi,89.85,PPAC-benchmark
2023-12-21,Gujarat,90.58,PPAC-benchmark
2023-12-21,Haryana,93.16,PPAC-benchmark
2023-12-21,Karnataka,95.38,PPAC-benchmark
2023-12-21,Madhya Pradesh,95.62,PPAC-benchmark
2023-12-21,Maharashtra,97.84,PPAC-benchmark
2023-12-21,Punjab,93.68,PPAC-benchmark
2023-12-21,Rajasthan,96.55,PPAC-benchmark
2023-12-21,Tamil Nadu,94.1,PPAC-benchmark
2023-12-21,Telangana,97.64,PPAC-benchmark
2023-12-21,Uttar Pradesh,92.2,PPAC-benchmark
2023-12-21,West Bengal,94.88,PPAC-benchmark
2023-12-22,Andhra Pradesh,98.83,PPAC-benchmark
2023-12-22,Delhi,89.91,PPAC-benchmark
2023-12-22,Gujarat,90.62,PPAC-benchmark
2023-12-22,Haryana,93.15,PPAC-benchmark
2023-12-22,Karnataka,95.46,PPAC-benchmark
2023-12-22,Madhya Pradesh,95.57,PPAC-benchmark
2023-12-22,Maharashtra,97.88,PPAC-benchmark
2023-12-22,Punjab,93.77,PPAC-benchmark
2023-12-22,Rajasthan,96.53,PPAC-benchmark
2023-12-22,Telangana,97.67,PPAC-benchmark
2023-12-22,Uttar Pradesh,92.46,PPAC-benchmark
2023-12-22,West Bengal,94.82,PPAC-benchmark
2023-12-23,Andhra Pradesh,98.83,PPAC-benchmark
2023-12-23,Delhi,89.89,PPAC-benchmark
2023-12-23,Gujarat,90.66,PPAC-benchmark
2023-12-23,Haryana,93.19,PPAC-benchmark
2023-12-23,Karnataka,95.29,PPAC-benchmark
2023-12-23,Madhya Pradesh,95.68,PPAC-benchmark
2023-12-23,Maharashtra,97.91,PPAC-benchmark
2023-12-23,Punjab,93.79,PPAC-benchmark
2023-12-23,Rajasthan,96.61,PPAC-benchmark
2023-12-23,Telangana,97.67,PPAC-benchmark
2023-12-23,Uttar Pradesh,92.33,PPAC-benchmark
2023-12-24,Andhra Pradesh,98.86,PPAC-benchmark
2023-12-24,Delhi,89.96,PPAC-benchmark
2023-12-24,Gujarat,90.7,PPAC-benchmark
2023-12-24,Haryana,93.21,PPAC-benchmark
2023-12-24,Karnataka,95.41,PPAC-benchmark
2023-12-24,Madhya Pradesh,95.65,PPAC-benchmark
2023-12-24,Maharashtra,97.94,PPAC-benchmark
2023-12-24,Punjab,93.82,PPAC-benchmark
2023-12-24,Rajasthan,96.58,PPAC-benchmark
2023-12-24,Tamil Nadu,94.13,PPAC-benchmark
2023-12-24,Telangana,97.66,PPAC-benchmark
2023-12-24,Uttar Pradesh,92.26,PPAC-benchmark
2023-12-24,West Bengal,94.76,PPAC-benchmark
2023-12-25,Andhra Pradesh,98.92,PPAC-benchmark
2023-12-25,Delhi,89.99,PPAC-benchmark
2023-12-25,Gujarat,90.68,PPAC-benchmark
2023-12-25,Haryana,93.15,PPAC-benchmark
2023-12-25,Karnataka,95.22,PPAC-benchmark
2023-12-25,Madhya Pradesh,95.74,PPAC-benchmark
2023-12-25,Maharashtra,97.92,PPAC-benchmark
2023-12-25,Punjab,93.68,PPAC-benchmark
2023-12-25,Rajasthan,96.56,PPAC-benchmark
2023-12-25,Tamil Nadu,94.15,PPAC-benchmark
2023-12-25,Telangana,97.65,PPAC-benchmark
2023-12-25,Uttar Pradesh,92.36,PPAC-benchmark
2023-12-25,West Bengal,94.86,PPAC-benchmark
2023-12-26,Delhi,90.0,PPAC-benchmark
2023-12-26,Gujarat,90.63,PPAC-benchmark
2023-12-26,Karnataka,95.37,PPAC-benchmark
2023-12-26,Madhya Pradesh,95.67,PPAC-benchmark
2023-12-26,Maharashtra,97.99,PPAC-benchmark
2023-12-26,Punjab,93.85,PPAC-benchmark
2023-12-26,Rajasthan,96.62,PPAC-benchmark
2023-12-26,Tamil Nadu,94.18,PPAC-benchmark
2023-12-26,Telangana,97.67,PPAC-benchmark
2023-12-26,Uttar Pradesh,92.34,PPAC-benchmark
2023-12-26,West Bengal,94.96,PPAC-benchmark
2023-12-27,Andhra Pradesh,98.86,PPAC-benchmark
2023-12-27,Delhi,89.96,PPAC-benchmark
2023-12-27,Gujarat,90.67,PPAC-benchmark
2023-12-27,Haryana,93.13,PPAC-benchmark
2023-12-27,Karnataka,95.44,PPAC-benchmark
2023-12-27,Madhya Pradesh,95.69,PPAC-benchmark
2023-12-27,Maharashtra,97.98,PPAC-benchmark
2023-12-27,Punjab,93.63,PPAC-benchmark
2023-12-27,Rajasthan,96.56,PPAC-benchmark
2023-12-27,Tamil Nadu,94.12,PPAC-benchmark
2023-12-27,Telangana,97.7,PPAC-benchmark
2023-12-27,Uttar Pradesh,92.42,PPAC-benchmark
2023-12-27,West Bengal,94.91,PPAC-benchmark
2023-12-28,Andhra Pradesh,98.88,PPAC-benchmark
2023-12-28,Delhi,90.0,PPAC-benchmark
2023-12-28,Gujarat,90.64,PPAC-benchmark
2023-12-28,Haryana,93.13,PPAC-benchmark
2023-12-28,Karnataka,95.4,PPAC-benchmark
2023-12-28,Madhya Pradesh,95.64,PPAC-benchmark
2023-12-28,Maharashtra,98.03,PPAC-benchmark
2023-12-28,Punjab,93.76,PPAC-benchmark
2023-12-28,Rajasthan,96.57,PPAC-benchmark
2023-12-28,Tamil Nadu,94.22,PPAC-benchmark
2023-12-28,Telangana,97.69,PPAC-benchmark
2023-12-28,Uttar Pradesh,92.26,PPAC-benchmark
2023-12-28,West Bengal,94.91,PPAC-benchmark
2023-12-29,Andhra Pradesh,98.83,PPAC-benchmark
2023-12-29,Delhi,90.08,PPAC-benchmark
2023-12-29,Gujarat,90.75,PPAC-benchmark
2023-12-29,Haryana,93.2,PPAC-benchmark
2023-12-29,Karnataka,95.4,PPAC-benchmark
2023-12-29,Madhya Pradesh,95.72,PPAC-benchmark
2023-12-29,Maharashtra,97.95,PPAC-benchmark
2023-12-29,Punjab,93.8,PPAC-benchmark
2023-12-29,Rajasthan,96.57,PPAC-benchmark
2023-12-29,Tamil Nadu,94.26,PPAC-benchmark
2023-12-29,Telangana,97.7,PPAC-benchmark
2023-12-29,Uttar Pradesh,92.39,PPAC-benchmark
2023-12-29,West Bengal,94.79,PPAC-benchmark
2023-12-30,Andhra Pradesh,98.98,PPAC-benchmark
2023-12-30,Delhi,90.04,PPAC-benchmark
2023-12-30,Gujarat,90.72,PPAC-benchmark
2023-12-30,Haryana,93.26,PPAC-benchmark
2023-12-30,Madhya Pradesh,95.64,PPAC-benchmark
2023-12-30,Maharashtra,97.99,PPAC-benchmark
2023-12-30,Punjab,93.83,PPAC-benchmark
2023-12-30,Rajasthan,96.69,PPAC-benchmark
2023-12-30,Tamil Nadu,94.19,PPAC-benchmark
2023-12-30,Telangana,97.7,PPAC-benchmark
2023-12-30,Uttar Pradesh,92.48,PPAC-benchmark
2023-12-30,West Bengal,94.92,PPAC-benchmark
2023-12-31,Andhra Pradesh,98.9,PPAC-benchmark
2023-12-31,Delhi,89.99,PPAC-benchmark
2023-12-31,Gujarat,90.63,PPAC-benchmark
2023-12-31,Haryana,93.2,PPAC-benchmark
2023-12-31,Karnataka,95.46,PPAC-benchmark
2023-12-31,Madhya Pradesh,95.79,PPAC-benchmark
2023-12-31,Maharashtra,98.04,PPAC-benchmark
2023-12-31,Punjab,93.79,PPAC-benchmark
2023-12-31,Rajasthan,96.57,PPAC-benchmark
2023-12-31,Tamil Nadu,94.31,PPAC-benchmark
2023-12-31,Telangana,97.69,PPAC-benchmark
2023-12-31,Uttar Pradesh,92.37,PPAC-benchmark
2023-12-31,West Bengal,94.96,PPAC-benchmark
2024-01-01,Andhra Pradesh,98.97,PPAC-benchmark
2024-01-01,Delhi,89.99,PPAC-benchmark
2024-01-01,Gujarat,90.76,PPAC-benchmark
2024-01-01,Haryana,93.29,PPAC-benchmark
2024-01-01,Karnataka,95.38,PPAC-benchmark
2024-01-01,Madhya Pradesh,95.74,PPAC-benchmark
2024-01-01,Punjab,93.79,PPAC-benchmark
2024-01-01,Rajasthan,96.58,PPAC-benchmark
2024-01-01,Tamil Nadu,94.21,PPAC-benchmark
2024-01-01,Telangana,97.7,PPAC-benchmark
2024-01-01,Uttar Pradesh,92.39,PPAC-benchmark
2024-01-01,West Bengal,94.82,PPAC-benchmark
2024-01-02,Andhra Pradesh,98.91,PPAC-benchmark
2024-01-02,Delhi,90.02,PPAC-benchmark
2024-01-02,Gujarat,90.69,PPAC-benchmark
2024-01-02,Haryana,93.22,PPAC-benchmark
2024-01-02,Karnataka,95.47,PPAC-benchmark
2024-01-02,Madhya Pradesh,95.64,PPAC-benchmark
2024-01-02,Maharashtra,97.92,PPAC-benchmark
2024-01-02,Punjab,93.86,PPAC-benchmark
2024-01-02,Rajasthan,96.55,PPAC-benchmark
2024-01-02,Telangana,97.72,PPAC-benchmark
2024-01-02,Uttar Pradesh,92.35,PPAC-benchmark
2024-01-02,West Bengal,94.83,PPAC-benchmark
2024-01-03,Andhra Pradesh,98.83,PPAC-benchmark
2024-01-03,Gujarat,90.67,PPAC-benchmark
2024-01-03,Haryana,93.07,PPAC-benchmark
2024-01-03,Karnataka,95.37,PPAC-benchmark
2024-01-03,Madhya Pradesh,95.7,PPAC-benchmark
2024-01-03,Maharashtra,97.96,PPAC-benchmark
2024-01-03,Punjab,93.7,PPAC-benchmark
2024-01-03,Rajasthan,96.56,PPAC-benchmark
2024-01-03,Tamil Nadu,94.07,PPAC-benchmark
2024-01-03,Telangana,97.59,PPAC-benchmark
2024-01-03,Uttar Pradesh,92.34,PPAC-benchmark
2024-01-03,West Bengal,94.88,PPAC-benchmark
2024-01-04,Andhra Pradesh,98.82,PPAC-benchmark
2024-01-04,Delhi,89.95,PPAC-benchmark
2024-01-04,Haryana,93.1,PPAC-benchmark
2024-01-04,Karnataka,95.34,PPAC-benchmark
2024-01-04,Madhya Pradesh,95.71,PPAC-benchmark
2024-01-04,Maharashtra,97.95,PPAC-benchmark
2024-01-04,Punjab,93.75,PPAC-benchmark
2024-01-04,Rajasthan,96.58,PPAC-benchmark
2024-01-04,Tamil Nadu,94.13,PPAC-benchmark
2024-01-04,Telangana,97.58,PPAC-benchmark
2024-01-04,Uttar Pradesh,92.24,PPAC-benchmark
2024-01-04,West Bengal,94.92,PPAC-benchmark
2024-01-05,Andhra Pradesh,98.8,PPAC-benchmark
2024-01-05,Delhi,90.02,PPAC-benchmark
2024-01-05,Haryana,93.09,PPAC-benchmark
2024-01-05,Karnataka,95.34,PPAC-benchmark
2024-01-05,Madhya Pradesh,95.59,PPAC-benchmark
2024-01-05,Maharashtra,97.84,PPAC-benchmark
2024-01-05,Punjab,93.62,PPAC-benchmark
2024-01-05,Rajasthan,96.59,PPAC-benchmark
2024-01-05,Tamil Nadu,94.05,PPAC-benchmark
2024-01-05,Telangana,97.6,PPAC-benchmark
2024-01-05,Uttar Pradesh,92.29,PPAC-benchmark
2024-01-05,West Bengal,94.83,PPAC-benchmark
2024-01-06,Andhra Pradesh,98.74,PPAC-benchmark
2024-01-06,Delhi,89.88,PPAC-benchmark
2024-01-06,Gujarat,90.61,PPAC-benchmark
2024-01-06,Haryana,93.1,PPAC-benchmark
2024-01-06,Karnataka,95.31,PPAC-benchmark
2024-01-06,Madhya Pradesh,95.64,PPAC-benchmark
2024-01-06,Maharashtra,97.93,PPAC-benchmark
2024-01-06,Punjab,93.64,PPAC-benchmark
2024-01-06,Rajasthan,96.51,PPAC-benchmark
2024-01-06,Tamil Nadu,94.18,PPAC-benchmark
2024-01-06,Telangana,97.66,PPAC-benchmark
2024-01-06,Uttar Pradesh,92.25,PPAC-benchmark
2024-01-06,West Bengal,94.74,PPAC-benchmark
2024-01-07,Andhra Pradesh,98.8,PPAC-benchmark
2024-01-07,Gujarat,90.52,PPAC-benchmark
2024-01-07,Haryana,93.03,PPAC-benchmark
2024-01-07,Karnataka,95.3,PPAC-benchmark
2024-01-07,Madhya Pradesh,95.45,PPAC-benchmark
2024-01-07,Maharashtra,97.83,PPAC-benchmark
2024-01-07,Punjab,93.65,PPAC-benchmark
2024-01-07,Rajasthan,96.55,PPAC-benchmark
2024-01-07,Tamil Nadu,94.01,PPAC-benchmark
2024-01-07,Telangana,97.7,PPAC-benchmark
2024-01-07,Uttar Pradesh,92.37,PPAC-benchmark
2024-01-07,West Bengal,94.86,PPAC-benchmark
2024-01-08,Andhra Pradesh,98.88,PPAC-benchmark
2024-01-08,Delhi,89.94,PPAC-benchmark
2024-01-08,Gujarat,90.62,PPAC-benchmark
2024-01-08,Haryana,93.12,PPAC-benchmark
2024-01-08,Karnataka,95.34,PPAC-benchmark
2024-01-08,Madhya Pradesh,95.66,PPAC-benchmark
2024-01-08,Maharashtra,97.86,PPAC-benchmark
2024-01-08,Rajasthan,96.53,PPAC-benchmark
2024-01-08,Tamil Nadu,94.15,PPAC-benchmark
2024-01-08,Telangana,97.63,PPAC-benchmark
2024-01-08,Uttar Pradesh,92.21,PPAC-benchmark
2024-01-08,West Bengal,94.78,PPAC-benchmark
2024-01-09,Delhi,89.9,PPAC-benchmark
2024-01-09,Gujarat,90.57,PPAC-benchmark
2024-01-09,Haryana,93.1,PPAC-benchmark
2024-01-09,Madhya Pradesh,95.53,PPAC-benchmark
2024-01-09,Maharashtra,97.86,PPAC-benchmark
2024-01-09,Punjab,93.68,PPAC-benchmark
2024-01-09,Rajasthan,96.43,PPAC-benchmark
2024-01-09,Tamil Nadu,94.18,PPAC-benchmark
2024-01-09,Telangana,97.63,PPAC-benchmark
2024-01-09,Uttar Pradesh,92.3,PPAC-benchmark
2024-01-09,West Bengal,94.8,PPAC-benchmark
2024-01-10,Andhra Pradesh,98.9,PPAC-benchmark
2024-01-10,Delhi,89.88,PPAC-benchmark
2024-01-10,Gujarat,90.55,PPAC-benchmark
2024-01-10,Haryana,93.19,PPAC-benchmark
2024-01-10,Karnataka,95.34,PPAC-benchmark
2024-01-10,Madhya Pradesh,95.66,PPAC-benchmark
2024-01-10,Maharashtra,97.94,PPAC-benchmark
2024-01-10,Punjab,93.71,PPAC-benchmark
2024-01-10,Rajasthan,96.53,PPAC-benchmark
2024-01-10,Tamil Nadu,94.06,PPAC-benchmark
2024-01-10,Telangana,97.57,PPAC-benchmark
2024-01-10,Uttar Pradesh,92.37,PPAC-benchmark
2024-01-10,West Bengal,94.72,PPAC-benchmark
2024-01-11,Andhra Pradesh,98.84,PPAC-benchmark
2024-01-11,Delhi,89.87,PPAC-benchmark
2024-01-11,Gujarat,90.63,PPAC-benchmark
2024-01-11,Haryana,93.12,PPAC-benchmark
2024-01-11,Karnataka,95.18,PPAC-benchmark
2024-01-11,Madhya Pradesh,95.59,PPAC-benchmark
2024-01-11,Punjab,93.84,PPAC-benchmark
2024-01-11,Rajasthan,96.44,PPAC-benchmark
2024-01-11,Tamil Nadu,94.09,PPAC-benchmark
2024-01-11,Telangana,97.6,PPAC-benchmark
2024-01-11,Uttar Pradesh,92.31,PPAC-benchmark
2024-01-11,West Bengal,94.79,PPAC-benchmark
2024-01-12,Andhra Pradesh,98.74,PPAC-benchmark
2024-01-12,Delhi,89.84,PPAC-benchmark
2024-01-12,Gujarat,90.63,PPAC-benchmark
2024-01-12,Haryana,93.1,PPAC-benchmark
2024-01-12,Madhya Pradesh,95.55,PPAC-benchmark
2024-01-12,Maharashtra,97.88,PPAC-benchmark
2024-01-12,Punjab,93.63,PPAC-benchmark
2024-01-12,Tamil Nadu,94.05,PPAC-benchmark
2024-01-12,Telangana,97.49,PPAC-benchmark
2024-01-12,Uttar Pradesh,92.3,PPAC-benchmark
2024-01-12,West Bengal,94.85,PPAC-benchmark
2024-01-13,Andhra Pradesh,98.67,PPAC-benchmark
2024-01-13,Delhi,89.91,PPAC-benchmark
2024-01-13,Gujarat,90.61,PPAC-benchmark
2024-01-13,Haryana,93.06,PPAC-benchmark
2024-01-13,Karnataka,95.4,PPAC-benchmark
2024-01-13,Madhya Pradesh,95.6,PPAC-benchmark
2024-01-13,Maharashtra,97.8,PPAC-benchmark
2024-01-13,Punjab,93.69,PPAC-benchmark
2024-01-13,Rajasthan,96.49,PPAC-benchmark
2024-01-13,Tamil Nadu,94.08,PPAC-benchmark
2024-01-13,Telangana,97.61,PPAC-benchmark
2024-01-13,Uttar Pradesh,92.28,PPAC-benchmark
2024-01-13,West Bengal,94.72,PPAC-benchmark
2024-01-14,Andhra Pradesh,98.8,PPAC-benchmark
2024-01-14,Delhi,89.93,PPAC-benchmark
2024-01-14,Gujarat,90.51,PPAC-benchmark
2024-01-14,Haryana,92.98,PPAC-benchmark
2024-01-14,Karnataka,95.39,PPAC-benchmark
2024-01-14,Madhya Pradesh,95.57,PPAC-benchmark
2024-01-14,Maharashtra,97.81,PPAC-benchmark
2024-01-14,Punjab,93.7,PPAC-benchmark
2024-01-14,Rajasthan,96.45,PPAC-benchmark
2024-01-14,Tamil Nadu,94.13,PPAC-benchmark
2024-01-14,Telangana,97.64,PPAC-benchmark
2024-01-14,Uttar Pradesh,92.27,PPAC-benchmark
2024-01-14,West Bengal,94.76,PPAC-benchmark
2024-01-15,Andhra Pradesh,98.81,PPAC-benchmark
2024-01-15,Delhi,89.95,PPAC-benchmark
2024-01-15,Gujarat,90.62,PPAC-benchmark
2024-01-15,Haryana,93.01,PPAC-benchmark
2024-01-15,Karnataka,95.3,PPAC-benchmark
2024-01-15,Madhya Pradesh,95.58,PPAC-benchmark
2024-01-15,Maharashtra,97.89,PPAC-benchmark
2024-01-15,Punjab,93.73,PPAC-benchmark
2024-01-15,Rajasthan,96.58,PPAC-benchmark
2024-01-15,Tamil Nadu,94.18,PPAC-benchmark
2024-01-15,Telangana,97.57,PPAC-benchmark
2024-01-15,Uttar Pradesh,92.26,PPAC-benchmark
2024-01-15,West Bengal,94.83,PPAC-benchmark
2024-01-16,Andhra Pradesh,98.75,PPAC-benchmark
2024-01-16,Delhi,89.86,PPAC-benchmark
2024-01-16,Gujarat,90.57,PPAC-benchmark
2024-01-16,Haryana,93.08,PPAC-benchmark
2024-01-16,Karnataka,95.37,PPAC-benchmark
2024-01-16,Madhya Pradesh,95.62,PPAC-benchmark
2024-01-16,Maharashtra,97.81,PPAC-benchmark
2024-01-16,Punjab,93.66,PPAC-benchmark
2024-01-16,Rajasthan,96.53,PPAC-benchmark
2024-01-16,Tamil Nadu,94.14,PPAC-benchmark
2024-01-16,Telangana,97.55,PPAC-benchmark
2024-01-16,Uttar Pradesh,92.18,PPAC-benchmark
2024-01-16,West Bengal,94.76,PPAC-benchmark
2024-01-17,Andhra Pradesh,98.74,PPAC-benchmark
2024-01-17,Delhi,89.88,PPAC-benchmark
2024-01-17,Gujarat,90.54,PPAC-benchmark
2024-01-17,Haryana,93.01,PPAC-benchmark
2024-01-17,Karnataka,95.29,PPAC-benchmark
2024-01-17,Madhya Pradesh,95.57,PPAC-benchmark
2024-01-17,Maharashtra,97.87,PPAC-benchmark
2024-01-17,Punjab,93.71,PPAC-benchmark
2024-01-17,Rajasthan,96.5,PPAC-benchmark
2024-01-17,Tamil Nadu,94.08,PPAC-benchmark
2024-01-17,Telangana,97.55,PPAC-benchmark
2024-01-17,Uttar Pradesh,92.25,PPAC-benchmark
2024-01-17,West Bengal,94.74,PPAC-benchmark
2024-01-18,Andhra Pradesh,98.72,PPAC-benchmark
2024-01-18,Delhi,89.86,PPAC-benchmark
2024-01-18,Gujarat,90.58,PPAC-benchmark
2024-01-18,Haryana,93.13,PPAC-benchmark
2024-01-18,Karnataka,95.28,PPAC-benchmark
2024-01-18,Madhya Pradesh,95.57,PPAC-benchmark
2024-01-18,Maharashtra,97.87,PPAC-benchmark
2024-01-18,Punjab,93.69,PPAC-benchmark
2024-01-18,Rajasthan,96.48,PPAC-benchmark
2024-01-18,Tamil Nadu,94.11,PPAC-benchmark
2024-01-18,Telangana,97.48,PPAC-benchmark
2024-01-18,Uttar Pradesh,92.31,PPAC-benchmark
2024-01-18,West Bengal,94.8,PPAC-benchmark
2024-01-19,Andhra Pradesh,98.78,PPAC-benchmark
2024-01-19,Delhi,89.81,PPAC-benchmark
2024-01-19,Gujarat,90.63,PPAC-benchmark
2024-01-19,Haryana,93.08,PPAC-benchmark
2024-01-19,Karnataka,95.29,PPAC-benchmark
2024-01-19,Madhya Pradesh,95.57,PPAC-benchmark
2024-01-19,Maharashtra,97.86,PPAC-benchmark
2024-01-19,Punjab,93.68,PPAC-benchmark
2024-01-19,Rajasthan,96.45,PPAC-benchmark
2024-01-19,Tamil Nadu,94.1,PPAC-benchmark
2024-01-19,Telangana,97.57,PPAC-benchmark
2024-01-19,Uttar Pradesh,92.28,PPAC-benchmark
2024-01-19,West Bengal,94.72,PPAC-benchmark
2024-01-20,Andhra Pradesh,98.82,PPAC-benchmark
2024-01-20,Delhi,89.81,PPAC-benchmark
2024-01-20,Gujarat,90.52,PPAC-benchmark
2024-01-20,Haryana,93.06,PPAC-benchmark
2024-01-20,Karnataka,95.23,PPAC-benchmark
2024-01-20,Madhya Pradesh,95.59,PPAC-benchmark
2024-01-20,Maharashtra,97.8,PPAC-benchmark
2024-01-20,Punjab,93.7,PPAC-benchmark
2024-01-20,Rajasthan,96.38,PPAC-benchmark
2024-01-20,Tamil Nadu,94.08,PPAC-benchmark
2024-01-20,Telangana,97.53,PPAC-benchmark
2024-01-20,Uttar Pradesh,92.29,PPAC-benchmark
2024-01-20,West Bengal,94.78,PPAC-benchmark
2024-01-21,Andhra Pradesh,98.64,PPAC-benchmark
2024-01-21,Delhi,89.85,PPAC-benchmark
2024-01-21,Gujarat,90.57,PPAC-benchmark
2024-01-21,Haryana,93.0,PPAC-benchmark
2024-01-21,Karnataka,95.23,PPAC-benchmark
2024-01-21,Madhya Pradesh,95.56,PPAC-benchmark
2024-01-21,Maharashtra,97.77,PPAC-benchmark
2024-01-21,Punjab,93.66,PPAC-benchmark
2024-01-21,Rajasthan,96.4,PPAC-benchmark
2024-01-21,Tamil Nadu,94.05,PPAC-benchmark
2024-01-21,Telangana,97.5,PPAC-benchmark
2024-01-21,Uttar Pradesh,92.24,PPAC-benchmark
2024-01-21,West Bengal,94.76,PPAC-benchmark
2024-01-22,Delhi,89.8,PPAC-benchmark
2024-01-22,Gujarat,90.51,PPAC-benchmark
2024-01-22,Haryana,92.96,PPAC-benchmark
2024-01-22,Madhya Pradesh,95.54,PPAC-benchmark
2024-01-22,Maharashtra,97.86,PPAC-benchmark
2024-01-22,Punjab,93.57,PPAC-benchmark
2024-01-22,Rajasthan,96.47,PPAC-benchmark
2024-01-22,Tamil Nadu,94.0,PPAC-benchmark
2024-01-22,Telangana,97.48,PPAC-benchmark
2024-01-22,Uttar Pradesh,92.16,PPAC-benchmark
2024-01-22,West Bengal,94.72,PPAC-benchmark
2024-01-23,Andhra Pradesh,98.81,PPAC-benchmark
2024-01-23,Delhi,89.84,PPAC-benchmark
2024-01-23,Gujarat,90.42,PPAC-benchmark
2024-01-23,Haryana,93.11,PPAC-benchmark
2024-01-23,Karnataka,95.3,PPAC-benchmark
2024-01-23,Madhya Pradesh,95.52,PPAC-benchmark
2024-01-23,Maharashtra,97.86,PPAC-benchmark
2024-01-23,Punjab,93.55,PPAC-benchmark
2024-01-23,Rajasthan,96.47,PPAC-benchmark
2024-01-23,Tamil Nadu,93.95,PPAC-benchmark
2024-01-23,Telangana,97.59,PPAC-benchmark
2024-01-23,Uttar Pradesh,92.29,PPAC-benchmark
2024-01-23,West Bengal,94.72,PPAC-benchmark
2024-01-24,Andhra Pradesh,98.65,PPAC-benchmark
2024-01-24,Delhi,89.76,PPAC-benchmark
2024-01-24,Gujarat,90.57,PPAC-benchmark
2024-01-24,Haryana,92.9,PPAC-benchmark
2024-01-24,Karnataka,95.23,PPAC-benchmark
2024-01-24,Madhya Pradesh,95.52,PPAC-benchmark
2024-01-24,Maharashtra,97.82,PPAC-benchmark
2024-01-24,Punjab,93.65,PPAC-benchmark
2024-01-24,Rajasthan,96.36,PPAC-benchmark
2024-01-24,Tamil Nadu,94.01,PPAC-benchmark
2024-01-24,Telangana,97.52,PPAC-benchmark
2024-01-24,Uttar Pradesh,92.2,PPAC-benchmark
2024-01-24,West Bengal,94.72,PPAC-benchmark
2024-01-25,Andhra Pradesh,98.71,PPAC-benchmark
2024-01-25,Delhi,89.84,PPAC-benchmark
2024-01-25,Gujarat,90.54,PPAC-benchmark
2024-01-25,Karnataka,95.16,PPAC-benchmark
2024-01-25,Madhya Pradesh,95.49,PPAC-benchmark
2024-01-25,Maharashtra,97.8,PPAC-benchmark
2024-01-25,Punjab,93.55,PPAC-benchmark
2024-01-25,Rajasthan,96.33,PPAC-benchmark
2024-01-25,Tamil Nadu,94.01,PPAC-benchmark
2024-01-25,Telangana,97.38,PPAC-benchmark
2024-01-25,Uttar Pradesh,92.16,PPAC-benchmark
2024-01-25,West Bengal,94.68,PPAC-benchmark
2024-01-26,Andhra Pradesh,98.6,PPAC-benchmark
2024-01-26,Delhi,89.8,PPAC-benchmark
2024-01-26,Gujarat,90.4,PPAC-benchmark
2024-01-26,Haryana,93.03,PPAC-benchmark
2024-01-26,Karnataka,95.15,PPAC-benchmark
2024-01-26,Maharashtra,97.72,PPAC-benchmark
2024-01-26,Punjab,93.43,PPAC-benchmark
2024-01-26,Rajasthan,96.31,PPAC-benchmark
2024-01-26,Tamil Nadu,93.92,PPAC-benchmark
2024-01-26,Telangana,97.37,PPAC-benchmark
2024-01-26,Uttar Pradesh,92.12,PPAC-benchmark
2024-01-26,West Bengal,94.61,PPAC-benchmark
2024-01-27,Andhra Pradesh,98.56,PPAC-benchmark
2024-01-27,Delhi,89.65,PPAC-benchmark
2024-01-27,Gujarat,90.35,PPAC-benchmark
2024-01-27,Haryana,92.9,PPAC-benchmark
2024-01-27,Karnataka,95.06,PPAC-benchmark
2024-01-27,Madhya Pradesh,95.38,PPAC-benchmark
2024-01-27,Maharashtra,97.74,PPAC-benchmark
2024-01-27,Punjab,93.41,PPAC-benchmark
2024-01-27,Rajasthan,96.27,PPAC-benchmark
2024-01-27,Tamil Nadu,93.86,PPAC-benchmark
2024-01-27,Telangana,97.39,PPAC-benchmark
2024-01-27,Uttar Pradesh,92.05,PPAC-benchmark
2024-01-27,West Bengal,94.49,PPAC-benchmark
2024-01-28,Andhra Pradesh,98.53,PPAC-benchmark
2024-01-28,Delhi,89.69,PPAC-benchmark
2024-01-28,Gujarat,90.34,PPAC-benchmark
2024-01-28,Haryana,92.88,PPAC-benchmark
2024-01-28,Karnataka,95.03,PPAC-benchmark
2024-01-28,Madhya Pradesh,95.41,PPAC-benchmark
2024-01-28,Maharashtra,97.78,PPAC-benchmark
2024-01-28,Punjab,93.37,PPAC-benchmark
2024-01-28,Rajasthan,96.2,PPAC-benchmark
2024-01-28,Tamil Nadu,93.84,PPAC-benchmark
2024-01-28,Telangana,97.37,PPAC-benchmark
2024-01-28,Uttar Pradesh,92.06,PPAC-benchmark
2024-01-28,West Bengal,94.57,PPAC-benchmark
2024-01-29,Andhra Pradesh,98.56,PPAC-benchmark
2024-01-29,Delhi,89.66,PPAC-benchmark
2024-01-29,Gujarat,90.35,PPAC-benchmark
2024-01-29,Haryana,92.85,PPAC-benchmark
2024-01-29,Karnataka,95.13,PPAC-benchmark
2024-01-29,Madhya Pradesh,95.29,PPAC-benchmark
2024-01-29,Maharashtra,97.69,PPAC-benchmark
2024-01-29,Punjab,93.51,PPAC-benchmark
2024-01-29,Rajasthan,96.22,PPAC-benchmark
2024-01-29,Tamil Nadu,93.94,PPAC-benchmark
2024-01-29,Telangana,97.29,PPAC-benchmark
2024-01-29,Uttar Pradesh,92.04,PPAC-benchmark
2024-01-29,West Bengal,94.53,PPAC-benchmark
2024-01-30,Andhra Pradesh,98.54,PPAC-benchmark
2024-01-30,Delhi,89.59,PPAC-benchmark
2024-01-30,Gujarat,90.43,PPAC-benchmark
2024-01-30,Haryana,92.91,PPAC-benchmark
2024-01-30,Karnataka,95.02,PPAC-benchmark
2024-01-30,Madhya Pradesh,95.38,PPAC-benchmark
2024-01-30,Maharashtra,97.6,PPAC-benchmark
2024-01-30,Punjab,93.35,PPAC-benchmark
2024-01-30,Rajasthan,96.27,PPAC-benchmark
2024-01-30,Tamil Nadu,93.89,PPAC-benchmark
2024-01-30,Telangana,97.24,PPAC-benchmark
2024-01-30,Uttar Pradesh,91.97,PPAC-benchmark
2024-01-30,West Bengal,94.57,PPAC-benchmark
2024-01-31,Andhra Pradesh,98.52,PPAC-benchmark
2024-01-31,Delhi,89.63,PPAC-benchmark
2024-01-31,Gujarat,90.34,PPAC-benchmark
2024-01-31,Haryana,92.76,PPAC-benchmark
2024-01-31,Karnataka,95.01,PPAC-benchmark
2024-01-31,Madhya Pradesh,95.28,PPAC-benchmark
2024-01-31,Maharashtra,97.61,PPAC-benchmark
2024-01-31,Punjab,93.46,PPAC-benchmark
2024-01-31,Rajasthan,96.13,PPAC-benchmark
2024-01-31,Tamil Nadu,93.8,PPAC-benchmark
2024-01-31,Telangana,97.37,PPAC-benchmark
2024-01-31,Uttar Pradesh,92.03,PPAC-benchmark
2024-01-31,West Bengal,94.5,PPAC-benchmark
2024-02-01,Andhra Pradesh,98.54,PPAC-benchmark
2024-02-01,Delhi,89.53,PPAC-benchmark
2024-02-01,Gujarat,90.38,PPAC-benchmark
2024-02-01,Haryana,92.85,PPAC-benchmark
2024-02-01,Karnataka,94.97,PPAC-benchmark
2024-02-01,Madhya Pradesh,95.31,PPAC-benchmark
2024-02-01,Maharashtra,97.61,PPAC-benchmark
2024-02-01,Punjab,93.44,PPAC-benchmark
2024-02-01,Rajasthan,96.24,PPAC-benchmark
2024-02-01,Tamil Nadu,93.81,PPAC-benchmark
2024-02-01,Telangana,97.34,PPAC-benchmark
2024-02-01,Uttar Pradesh,91.95,PPAC-benchmark
2024-02-01,West Bengal,94.51,PPAC-benchmark
2024-02-02,Andhra Pradesh,98.57,PPAC-benchmark
2024-02-02,Delhi,89.66,PPAC-benchmark
2024-02-02,Gujarat,90.3,PPAC-benchmark
2024-02-02,Haryana,92.76,PPAC-benchmark
2024-02-02,Karnataka,94.98,PPAC-benchmark
2024-02-02,Madhya Pradesh,95.29,PPAC-benchmark
2024-02-02,Maharashtra,97.62,PPAC-benchmark
2024-02-02,Punjab,93.36,PPAC-benchmark
2024-02-02,Rajasthan,96.18,PPAC-benchmark
2024-02-02,Tamil Nadu,93.88,PPAC-benchmark
2024-02-02,Telangana,97.37,PPAC-benchmark
2024-02-02,Uttar Pradesh,91.95,PPAC-benchmark
2024-02-02,West Bengal,94.56,PPAC-benchmark
2024-02-03,Andhra Pradesh,98.47,PPAC-benchmark
2024-02-03,Delhi,89.61,PPAC-benchmark
2024-02-03,Gujarat,90.18,PPAC-benchmark
2024-02-03,Haryana,92.82,PPAC-benchmark
2024-02-03,Karnataka,95.02,PPAC-benchmark
2024-02-03,Madhya Pradesh,95.22,PPAC-benchmark
2024-02-03,Maharashtra,97.67,PPAC-benchmark
2024-02-03,Punjab,93.4,PPAC-benchmark
2024-02-03,Rajasthan,96.2,PPAC-benchmark
2024-02-03,Tamil Nadu,93.81,PPAC-benchmark
2024-02-03,Telangana,97.27,PPAC-benchmark
2024-02-03,Uttar Pradesh,91.99,PPAC-benchmark
2024-02-03,West Bengal,94.49,PPAC-benchmark
2024-02-04,Andhra Pradesh,98.48,PPAC-benchmark
2024-02-04,Delhi,89.57,PPAC-benchmark
2024-02-04,Gujarat,90.18,PPAC-benchmark
2024-02-04,Haryana,92.76,PPAC-benchmark
2024-02-04,Karnataka,94.98,PPAC-benchmark
2024-02-04,Madhya Pradesh,95.21,PPAC-benchmark
2024-02-04,Maharashtra,97.57,PPAC-benchmark
2024-02-04,Punjab,93.37,PPAC-benchmark
2024-02-04,Rajasthan,96.21,PPAC-benchmark
2024-02-04,Tamil Nadu,93.83,PPAC-benchmark
2024-02-04,Telangana,97.28,PPAC-benchmark
2024-02-04,Uttar Pradesh,91.99,PPAC-benchmark
2024-02-04,West Bengal,94.48,PPAC-benchmark
2024-02-05,Andhra Pradesh,98.47,PPAC-benchmark
2024-02-05,Delhi,89.58,PPAC-benchmark
2024-02-05,Gujarat,90.21,PPAC-benchmark
2024-02-05,Haryana,92.7,PPAC-benchmark
2024-02-05,Karnataka,94.89,PPAC-benchmark
2024-02-05,Madhya Pradesh,95.17,PPAC-benchmark
2024-02-05,Maharashtra,97.51,PPAC-benchmark
2024-02-05,Punjab,93.36,PPAC-benchmark
2024-02-05,Rajasthan,96.18,PPAC-benchmark
2024-02-05,Tamil Nadu,93.74,PPAC-benchmark
2024-02-05,Telangana,97.28,PPAC-benchmark
2024-02-05,Uttar Pradesh,91.91,PPAC-benchmark
2024-02-05,West Bengal,94.42,PPAC-benchmark
2024-02-06,Andhra Pradesh,98.42,PPAC-benchmark
2024-02-06,Delhi,89.54,PPAC-benchmark
2024-02-06,Gujarat,90.11,PPAC-benchmark
2024-02-06,Haryana,92.71,PPAC-benchmark
2024-02-06,Karnataka,94.94,PPAC-benchmark
2024-02-06,Madhya Pradesh,95.16,PPAC-benchmark
2024-02-06,Maharashtra,97.46,PPAC-benchmark
2024-02-06,Punjab,93.39,PPAC-benchmark
2024-02-06,Rajasthan,96.17,PPAC-benchmark
2024-02-06,Tamil Nadu,93.6,PPAC-benchmark
2024-02-06,Telangana,97.27,PPAC-benchmark
2024-02-06,Uttar Pradesh,91.98,PPAC-benchmark
2024-02-06,West Bengal,94.4,PPAC-benchmark
2024-02-07,Andhra Pradesh,98.32,PPAC-benchmark
2024-02-07,Delhi,89.51,PPAC-benchmark
2024-02-07,Gujarat,90.24,PPAC-benchmark
2024-02-07,Haryana,92.74,PPAC-benchmark
2024-02-07,Karnataka,94.86,PPAC-benchmark
2024-02-07,Madhya Pradesh,95.19,PPAC-benchmark
2024-02-07,Maharashtra,97.52,PPAC-benchmark
2024-02-07,Punjab,93.33,PPAC-benchmark
2024-02-07,Rajasthan,96.09,PPAC-benchmark
2024-02-07,Tamil Nadu,93.65,PPAC-benchmark
2024-02-07,Telangana,97.14,PPAC-benchmark
2024-02-07,Uttar Pradesh,91.82,PPAC-benchmark
2024-02-07,West Bengal,94.38,PPAC-benchmark
2024-02-08,Andhra Pradesh,98.36,PPAC-benchmark
2024-02-08,Delhi,89.47,PPAC-benchmark
2024-02-08,Gujarat,90.1,PPAC-benchmark
2024-02-08,Haryana,92.63,PPAC-benchmark
2024-02-08,Madhya Pradesh,95.09,PPAC-benchmark
2024-02-08,Maharashtra,97.44,PPAC-benchmark
2024-02-08,Punjab,93.23,PPAC-benchmark
2024-02-08,Rajasthan,96.06,PPAC-benchmark
2024-02-08,Tamil Nadu,93.69,PPAC-benchmark
2024-02-08,Telangana,97.19,PPAC-benchmark
2024-02-08,Uttar Pradesh,91.85,PPAC-benchmark
2024-02-08,West Bengal,94.38,PPAC-benchmark
2024-02-09,Andhra Pradesh,98.38,PPAC-benchmark
2024-02-09,Delhi,89.39,PPAC-benchmark
2024-02-09,Gujarat,90.18,PPAC-benchmark
2024-02-09,Haryana,92.66,PPAC-benchmark
2024-02-09,Karnataka,94.83,PPAC-benchmark
2024-02-09,Madhya Pradesh,95.11,PPAC-benchmark
2024-02-09,Maharashtra,97.41,PPAC-benchmark
2024-02-09,Punjab,93.27,PPAC-benchmark
2024-02-09,Rajasthan,95.98,PPAC-benchmark
2024-02-09,Telangana,97.16,PPAC-benchmark
2024-02-09,Uttar Pradesh,91.89,PPAC-benchmark
2024-02-09,West Bengal,94.34,PPAC-benchmark
2024-02-10,Andhra Pradesh,98.29,PPAC-benchmark
2024-02-10,Delhi,89.41,PPAC-benchmark
2024-02-10,Gujarat,90.19,PPAC-benchmark
2024-02-10,Haryana,92.6,PPAC-benchmark
2024-02-10,Karnataka,94.8,PPAC-benchmark
2024-02-10,Madhya Pradesh,95.12,PPAC-benchmark
2024-02-10,Maharashtra,97.38,PPAC-benchmark
2024-02-10,Punjab,93.19,PPAC-benchmark
2024-02-10,Rajasthan,95.9,PPAC-benchmark
2024-02-10,Tamil Nadu,93.56,PPAC-benchmark
2024-02-10,Telangana,97.12,PPAC-benchmark
2024-02-10,Uttar Pradesh,91.82,PPAC-benchmark
2024-02-10,West Bengal,94.32,PPAC-benchmark
2024-02-11,Andhra Pradesh,98.28,PPAC-benchmark
2024-02-11,Delhi,89.29,PPAC-benchmark
2024-02-11,Gujarat,90.1,PPAC-benchmark
2024-02-11,Haryana,92.62,PPAC-benchmark
2024-02-11,Karnataka,94.74,PPAC-benchmark
2024-02-11,Maharashtra,97.35,PPAC-benchmark
2024-02-11,Punjab,93.2,PPAC-benchmark
2024-02-11,Rajasthan,95.96,PPAC-benchmark
2024-02-11,Tamil Nadu,93.56,PPAC-benchmark
2024-02-11,Telangana,97.01,PPAC-benchmark
2024-02-11,Uttar Pradesh,91.77,PPAC-benchmark
2024-02-11,West Bengal,94.28,PPAC-benchmark
2024-02-12,Andhra Pradesh,98.18,PPAC-benchmark
2024-02-12,Delhi,89.42,PPAC-benchmark
2024-02-12,Gujarat,90.07,PPAC-benchmark
2024-02-12,Karnataka,94.66,PPAC-benchmark
2024-02-12,Madhya Pradesh,95.1,PPAC-benchmark
2024-02-12,Maharashtra,97.31,PPAC-benchmark
2024-02-12,Punjab,93.1,PPAC-benchmark
2024-02-12,Rajasthan,95.91,PPAC-benchmark
2024-02-12,Tamil Nadu,93.59,PPAC-benchmark
2024-02-12,Telangana,97.13,PPAC-benchmark
2024-02-12,West Bengal,94.27,PPAC-benchmark
2024-02-13,Andhra Pradesh,98.25,PPAC-benchmark
2024-02-13,Gujarat,90.0,PPAC-benchmark
2024-02-13,Haryana,92.6,PPAC-benchmark
2024-02-13,Karnataka,94.66,PPAC-benchmark
2024-02-13,Madhya Pradesh,95.05,PPAC-benchmark
2024-02-13,Maharashtra,97.35,PPAC-benchmark
2024-02-13,Punjab,93.02,PPAC-benchmark
2024-02-13,Rajasthan,95.94,PPAC-benchmark
2024-02-13,Tamil Nadu,93.63,PPAC-benchmark
2024-02-13,Telangana,97.02,PPAC-benchmark
2024-02-13,Uttar Pradesh,91.75,PPAC-benchmark
2024-02-14,Andhra Pradesh,98.17,PPAC-benchmark
2024-02-14,Delhi,89.35,PPAC-benchmark
2024-02-14,Gujarat,90.0,PPAC-benchmark
2024-02-14,Haryana,92.48,PPAC-benchmark
2024-02-14,Karnataka,94.73,PPAC-benchmark
2024-02-14,Madhya Pradesh,95.02,PPAC-benchmark
2024-02-14,Maharashtra,97.32,PPAC-benchmark
2024-02-14,Punjab,93.09,PPAC-benchmark
2024-02-14,Rajasthan,95.91,PPAC-benchmark
2024-02-14,Tamil Nadu,93.64,PPAC-benchmark
2024-02-14,Telangana,96.99,PPAC-benchmark
2024-02-14,Uttar Pradesh,91.73,PPAC-benchmark
2024-02-14,West Bengal,94.28,PPAC-benchmark
2024-02-15,Andhra Pradesh,98.21,PPAC-benchmark
2024-02-15,Delhi,89.2,PPAC-benchmark
2024-02-15,Gujarat,89.89,PPAC-benchmark
2024-02-15,Karnataka,94.65,PPAC-benchmark
2024-02-15,Madhya Pradesh,95.02,PPAC-benchmark
2024-02-15,Maharashtra,97.28,PPAC-benchmark
2024-02-15,Punjab,92.99,PPAC-benchmark
2024-02-15,Rajasthan,95.93,PPAC-benchmark
2024-02-15,Tamil Nadu,93.47,PPAC-benchmark
2024-02-15,Telangana,96.98,PPAC-benchmark
2024-02-15,Uttar Pradesh,91.79,PPAC-benchmark
2024-02-15,West Bengal,94.28,PPAC-benchmark
2024-02-16,Andhra Pradesh,98.08,PPAC-benchmark
2024-02-16,Delhi,89.22,PPAC-benchmark
2024-02-16,Gujarat,89.97,PPAC-benchmark
2024-02-16,Haryana,92.43,PPAC-benchmark
2024-02-16,Karnataka,94.7,PPAC-benchmark
2024-02-16,Madhya Pradesh,94.99,PPAC-benchmark
2024-02-16,Maharashtra,97.24,PPAC-benchmark
2024-02-16,Punjab,93.0,PPAC-benchmark
2024-02-16,Rajasthan,95.9,PPAC-benchmark
2024-02-16,Tamil Nadu,93.46,PPAC-benchmark
2024-02-16,Telangana,96.95,PPAC-benchmark
2024-02-16,Uttar Pradesh,91.6,PPAC-benchmark
2024-02-16,West Bengal,94.23,PPAC-benchmark
2024-02-17,Andhra Pradesh,98.06,PPAC-benchmark
2024-02-17,Delhi,89.29,PPAC-benchmark
2024-02-17,Gujarat,89.93,PPAC-benchmark
2024-02-17,Haryana,92.46,PPAC-benchmark
2024-02-17,Karnataka,94.61,PPAC-benchmark
2024-02-17,Madhya Pradesh,94.87,PPAC-benchmark
2024-02-17,Maharashtra,97.2,PPAC-benchmark
2024-02-17,Punjab,93.06,PPAC-benchmark
2024-02-17,Rajasthan,95.85,PPAC-benchmark
2024-02-17,Telangana,96.92,PPAC-benchmark
2024-02-17,Uttar Pradesh,91.6,PPAC-benchmark
2024-02-17,West Bengal,94.1,PPAC-benchmark
2024-02-18,Andhra Pradesh,98.07,PPAC-benchmark
2024-02-18,Delhi,89.23,PPAC-benchmark
2024-02-18,Gujarat,89.8,PPAC-benchmark
2024-02-18,Haryana,92.38,PPAC-benchmark
2024-02-18,Karnataka,94.55,PPAC-benchmark
2024-02-18,Madhya Pradesh,94.88,PPAC-benchmark
2024-02-18,Maharashtra,97.19,PPAC-benchmark
2024-02-18,Punjab,92.99,PPAC-benchmark
2024-02-18,Rajasthan,95.73,PPAC-benchmark
2024-02-18,Tamil Nadu,93.35,PPAC-benchmark
2024-02-18,Telangana,96.83,PPAC-benchmark
2024-02-18,Uttar Pradesh,91.55,PPAC-benchmark
2024-02-19,Andhra Pradesh,97.99,PPAC-benchmark
2024-02-19,Delhi,89.15,PPAC-benchmark
2024-02-19,Gujarat,89.84,PPAC-benchmark
2024-02-19,Haryana,92.36,PPAC-benchmark
2024-02-19,Karnataka,94.57,PPAC-benchmark
2024-02-19,Madhya Pradesh,94.76,PPAC-benchmark
2024-02-19,Maharashtra,97.16,PPAC-benchmark
2024-02-19,Punjab,92.95,PPAC-benchmark
2024-02-19,Rajasthan,95.71,PPAC-benchmark
2024-02-19,Tamil Nadu,93.44,PPAC-benchmark
2024-02-19,Telangana,96.89,PPAC-benchmark
2024-02-19,Uttar Pradesh,91.58,PPAC-benchmark
2024-02-19,West Bengal,94.06,PPAC-benchmark
2024-02-20,Andhra Pradesh,98.15,PPAC-benchmark
2024-02-20,Delhi,89.09,PPAC-benchmark
2024-02-20,Gujarat,89.74,PPAC-benchmark
2024-02-20,Haryana,92.33,PPAC-benchmark
2024-02-20,Karnataka,94.53,PPAC-benchmark
2024-02-20,Madhya Pradesh,94.84,PPAC-benchmark
2024-02-20,Maharashtra,97.14,PPAC-benchmark
2024-02-20,Punjab,92.98,PPAC-benchmark
2024-02-20,Rajasthan,95.73,PPAC-benchmark
2024-02-20,Tamil Nadu,93.24,PPAC-benchmark
2024-02-20,Telangana,96.82,PPAC-benchmark
2024-02-20,Uttar Pradesh,91.61,PPAC-benchmark
2024-02-20,West Bengal,94.01,PPAC-benchmark
2024-02-21,Andhra Pradesh,98.05,PPAC-benchmark
2024-02-21,Delhi,89.04,PPAC-benchmark
2024-02-21,Haryana,92.32,PPAC-benchmark
2024-02-21,Karnataka,94.4,PPAC-benchmark
2024-02-21,Madhya Pradesh,94.76,PPAC-benchmark
2024-02-21,Maharashtra,97.05,PPAC-benchmark
2024-02-21,Punjab,92.94,PPAC-benchmark
2024-02-21,Rajasthan,95.68,PPAC-benchmark
2024-02-21,Tamil Nadu,93.29,PPAC-benchmark
2024-02-21,Telangana,96.83,PPAC-benchmark
2024-02-21,Uttar Pradesh,91.53,PPAC-benchmark
2024-02-21,West Bengal,94.04,PPAC-benchmark
2024-02-22,Andhra Pradesh,98.06,PPAC-benchmark
2024-02-22,Delhi,89.04,PPAC-benchmark
2024-02-22,Gujarat,89.79,PPAC-benchmark
2024-02-22,Haryana,92.21,PPAC-benchmark
2024-02-22,Karnataka,94.45,PPAC-benchmark
2024-02-22,Madhya Pradesh,94.85,PPAC-benchmark
2024-02-22,Maharashtra,97.04,PPAC-benchmark
2024-02-22,Punjab,92.76,PPAC-benchmark
2024-02-22,Rajasthan,95.67,PPAC-benchmark
2024-02-22,Tamil Nadu,93.26,PPAC-benchmark
2024-02-22,Telangana,96.77,PPAC-benchmark
2024-02-22,Uttar Pradesh,91.37,PPAC-benchmark
2024-02-22,West Bengal,94.02,PPAC-benchmark
2024-02-23,Andhra Pradesh,97.94,PPAC-benchmark
2024-02-23,Delhi,89.05,PPAC-benchmark
2024-02-23,Gujarat,89.79,PPAC-benchmark
2024-02-23,Haryana,92.33,PPAC-benchmark
2024-02-23,Maharashtra,97.12,PPAC-benchmark
2024-02-23,Punjab,92.94,PPAC-benchmark
2024-02-23,Rajasthan,95.73,PPAC-benchmark
2024-02-23,Tamil Nadu,93.26,PPAC-benchmark
2024-02-23,Telangana,96.86,PPAC-benchmark
2024-02-23,Uttar Pradesh,91.48,PPAC-benchmark
2024-02-23,West Bengal,93.99,PPAC-benchmark
2024-02-24,Andhra Pradesh,97.95,PPAC-benchmark
2024-02-24,Delhi,88.99,PPAC-benchmark
2024-02-24,Gujarat,89.72,PPAC-benchmark
2024-02-24,Haryana,92.17,PPAC-benchmark
2024-02-24,Karnataka,94.53,PPAC-benchmark
2024-02-24,Madhya Pradesh,94.68,PPAC-benchmark
2024-02-24,Maharashtra,96.94,PPAC-benchmark
2024-02-24,Punjab,92.87,PPAC-benchmark
2024-02-24,Rajasthan,95.65,PPAC-benchmark
2024-02-24,Tamil Nadu,93.19,PPAC-benchmark
2024-02-24,Telangana,96.64,PPAC-benchmark
2024-02-24,Uttar Pradesh,91.39,PPAC-benchmark
2024-02-24,West Bengal,93.86,PPAC-benchmark
2024-02-25,Andhra Pradesh,97.83,PPAC-benchmark
2024-02-25,Delhi,88.95,PPAC-benchmark
2024-02-25,Gujarat,89.69,PPAC-benchmark
2024-02-25,Haryana,92.18,PPAC-benchmark
2024-02-25,Karnataka,94.36,PPAC-benchmark
2024-02-25,Madhya Pradesh,94.68,PPAC-benchmark
2024-02-25,Maharashtra,97.01,PPAC-benchmark
2024-02-25,Punjab,92.76,PPAC-benchmark
2024-02-25,Rajasthan,95.57,PPAC-benchmark
2024-02-25,Tamil Nadu,93.16,PPAC-benchmark
2024-02-25,Telangana,96.65,PPAC-benchmark
2024-02-25,Uttar Pradesh,91.35,PPAC-benchmark
2024-02-25,West Bengal,93.89,PPAC-benchmark
2024-02-26,Andhra Pradesh,97.88,PPAC-benchmark
2024-02-26,Delhi,88.94,PPAC-benchmark
2024-02-26,Gujarat,89.57,PPAC-benchmark
2024-02-26,Haryana,92.17,PPAC-benchmark
2024-02-26,Karnataka,94.34,PPAC-benchmark
2024-02-26,Madhya Pradesh,94.77,PPAC-benchmark
2024-02-26,Maharashtra,97.03,PPAC-benchmark
2024-02-26,Punjab,92.69,PPAC-benchmark
2024-02-26,Rajasthan,95.52,PPAC-benchmark
2024-02-26,Tamil Nadu,93.24,PPAC-benchmark
2024-02-26,Telangana,96.66,PPAC-benchmark
2024-02-26,Uttar Pradesh,91.34,PPAC-benchmark
2024-02-26,West Bengal,93.79,PPAC-benchmark
2024-02-27,Andhra Pradesh,97.98,PPAC-benchmark
2024-02-27,Delhi,88.92,PPAC-benchmark
2024-02-27,Gujarat,89.68,PPAC-benchmark
2024-02-27,Haryana,92.16,PPAC-benchmark
2024-02-27,Karnataka,94.31,PPAC-benchmark
2024-02-27,Madhya Pradesh,94.69,PPAC-benchmark
2024-02-27,Maharashtra,96.93,PPAC-benchmark
2024-02-27,Punjab,92.87,PPAC-benchmark
2024-02-27,Rajasthan,95.57,PPAC-benchmark
2024-02-27,Tamil Nadu,93.08,PPAC-benchmark
2024-02-27,Telangana,96.59,PPAC-benchmark
2024-02-27,Uttar Pradesh,91.39,PPAC-benchmark
2024-02-27,West Bengal,93.87,PPAC-benchmark
2024-02-28,Andhra Pradesh,97.9,PPAC-benchmark
2024-02-28,Delhi,88.86,PPAC-benchmark
2024-02-28,Gujarat,89.6,PPAC-benchmark
2024-02-28,Haryana,92.16,PPAC-benchmark
2024-02-28,Karnataka,94.22,PPAC-benchmark
2024-02-28,Madhya Pradesh,94.59,PPAC-benchmark
2024-02-28,Maharashtra,96.96,PPAC-benchmark
2024-02-28,Punjab,92.69,PPAC-benchmark
2024-02-28,Rajasthan,95.52,PPAC-benchmark
2024-02-28,Tamil Nadu,93.07,PPAC-benchmark
2024-02-28,Telangana,96.55,PPAC-benchmark
2024-02-28,Uttar Pradesh,91.29,PPAC-benchmark
2024-02-28,West Bengal,93.77,PPAC-benchmark
2024-02-29,Andhra Pradesh,97.71,PPAC-benchmark
2024-02-29,Delhi,88.97,PPAC-benchmark
2024-02-29,Gujarat,89.58,PPAC-benchmark
2024-02-29,Haryana,92.04,PPAC-benchmark
2024-02-29,Karnataka,94.29,PPAC-benchmark
2024-02-29,Madhya Pradesh,94.56,PPAC-benchmark
2024-02-29,Maharashtra,96.86,PPAC-benchmark
2024-02-29,Punjab,92.71,PPAC-benchmark
2024-02-29,Rajasthan,95.52,PPAC-benchmark
2024-02-29,Tamil Nadu,93.17,PPAC-benchmark
2024-02-29,Telangana,96.62,PPAC-benchmark
2024-02-29,Uttar Pradesh,91.21,PPAC-benchmark
2024-02-29,West Bengal,93.8,PPAC-benchmark
2024-03-01,Andhra Pradesh,97.75,PPAC-benchmark
2024-03-01,Delhi,88.83,PPAC-benchmark
2024-03-01,Gujarat,89.53,PPAC-benchmark
2024-03-01,Haryana,92.06,PPAC-benchmark
2024-03-01,Karnataka,94.24,PPAC-benchmark
2024-03-01,Madhya Pradesh,94.57,PPAC-benchmark
2024-03-01,Maharashtra,96.87,PPAC-benchmark
2024-03-01,Punjab,92.66,PPAC-benchmark
2024-03-01,Rajasthan,95.34,PPAC-benchmark
2024-03-01,Tamil Nadu,93.09,PPAC-benchmark
2024-03-01,Telangana,96.59,PPAC-benchmark
2024-03-01,Uttar Pradesh,91.27,PPAC-benchmark
2024-03-01,West Bengal,93.72,PPAC-benchmark
2024-03-02,Andhra Pradesh,97.76,PPAC-benchmark
2024-03-02,Delhi,88.87,PPAC-benchmark
2024-03-02,Gujarat,89.55,PPAC-benchmark
2024-03-02,Karnataka,94.23,PPAC-benchmark
2024-03-02,Madhya Pradesh,94.54,PPAC-benchmark
2024-03-02,Maharashtra,96.88,PPAC-benchmark
2024-03-02,Punjab,92.67,PPAC-benchmark
2024-03-02,Rajasthan,95.53,PPAC-benchmark
2024-03-02,Tamil Nadu,93.07,PPAC-benchmark
2024-03-02,Telangana,96.59,PPAC-benchmark
2024-03-02,Uttar Pradesh,91.26,PPAC-benchmark
2024-03-02,West Bengal,93.69,PPAC-benchmark
2024-03-03,Andhra Pradesh,97.67,PPAC-benchmark
2024-03-03,Delhi,88.76,PPAC-benchmark
2024-03-03,Gujarat,89.52,PPAC-benchmark
2024-03-03,Haryana,92.05,PPAC-benchmark
2024-03-03,Karnataka,94.22,PPAC-benchmark
2024-03-03,Madhya Pradesh,94.5,PPAC-benchmark
2024-03-03,Maharashtra,96.82,PPAC-benchmark
2024-03-03,Punjab,92.53,PPAC-benchmark
2024-03-03,Rajasthan,95.43,PPAC-benchmark
2024-03-03,Tamil Nadu,93.1,PPAC-benchmark
2024-03-03,Telangana,96.48,PPAC-benchmark
2024-03-03,Uttar Pradesh,91.2,PPAC-benchmark
2024-03-03,West Bengal,93.84,PPAC-benchmark
2024-03-04,Andhra Pradesh,97.68,PPAC-benchmark
2024-03-04,Delhi,88.81,PPAC-benchmark
2024-03-04,Gujarat,89.48,PPAC-benchmark
2024-03-04,Haryana,92.0,PPAC-benchmark
2024-03-04,Karnataka,94.14,PPAC-benchmark
2024-03-04,Madhya Pradesh,94.57,PPAC-benchmark
2024-03-04,Maharashtra,96.7,PPAC-benchmark
2024-03-04,Punjab,92.6,PPAC-benchmark
2024-03-04,Rajasthan,95.38,PPAC-benchmark
2024-03-04,Tamil Nadu,92.97,PPAC-benchmark
2024-03-04,Telangana,96.5,PPAC-benchmark
2024-03-04,Uttar Pradesh,91.17,PPAC-benchmark
2024-03-04,West Bengal,93.71,PPAC-benchmark
2024-03-05,Andhra Pradesh,97.63,PPAC-benchmark
2024-03-05,Delhi,88.79,PPAC-benchmark
2024-03-05,Gujarat,89.43,PPAC-benchmark
2024-03-05,Haryana,91.97,PPAC-benchmark
2024-03-05,Karnataka,94.19,PPAC-benchmark
2024-03-05,Madhya Pradesh,94.39,PPAC-benchmark
2024-03-05,Maharashtra,96.71,PPAC-benchmark
2024-03-05,Punjab,92.6,PPAC-benchmark
2024-03-05,Rajasthan,95.31,PPAC-benchmark
2024-03-05,Tamil Nadu,92.93,PPAC-benchmark
2024-03-05,Telangana,96.47,PPAC-benchmark
2024-03-05,Uttar Pradesh,91.16,PPAC-benchmark
2024-03-05,West Bengal,93.71,PPAC-benchmark
2024-03-06,Andhra Pradesh,97.56,PPAC-benchmark
2024-03-06,Gujarat,89.47,PPAC-benchmark
2024-03-06,Haryana,91.95,PPAC-benchmark
2024-03-06,Karnataka,94.11,PPAC-benchmark
2024-03-06,Madhya Pradesh,94.43,PPAC-benchmark
2024-03-06,Maharashtra,96.74,PPAC-benchmark
2024-03-06,Punjab,92.58,PPAC-benchmark
2024-03-06,Rajasthan,95.33,PPAC-benchmark
2024-03-06,Telangana,96.4,PPAC-benchmark
2024-03-06,Uttar Pradesh,91.04,PPAC-benchmark
2024-03-06,West Bengal,93.51,PPAC-benchmark
2024-03-07,Andhra Pradesh,97.62,PPAC-benchmark
2024-03-07,Delhi,88.72,PPAC-benchmark
2024-03-07,Gujarat,89.34,PPAC-benchmark
2024-03-07,Haryana,91.82,PPAC-benchmark
2024-03-07,Karnataka,94.07,PPAC-benchmark
2024-03-07,Madhya Pradesh,94.37,PPAC-benchmark
2024-03-07,Maharashtra,96.64,PPAC-benchmark
2024-03-07,Punjab,92.38,PPAC-benchmark
2024-03-07,Rajasthan,95.26,PPAC-benchmark
2024-03-07,Tamil Nadu,92.88,PPAC-benchmark
2024-03-07,Telangana,96.31,PPAC-benchmark
2024-03-07,Uttar Pradesh,91.1,PPAC-benchmark
2024-03-07,West Bengal,93.57,PPAC-benchmark
2024-03-08,Delhi,88.52,PPAC-benchmark
2024-03-08,Gujarat,89.25,PPAC-benchmark
2024-03-08,Haryana,91.83,PPAC-benchmark
2024-03-08,Karnataka,94.07,PPAC-benchmark
2024-03-08,Madhya Pradesh,94.38,PPAC-benchmark
2024-03-08,Rajasthan,95.24,PPAC-benchmark
2024-03-08,Tamil Nadu,92.88,PPAC-benchmark
2024-03-08,Telangana,96.38,PPAC-benchmark
2024-03-08,Uttar Pradesh,91.07,PPAC-benchmark
2024-03-08,West Bengal,93.41,PPAC-benchmark
2024-03-09,Andhra Pradesh,97.4,PPAC-benchmark
2024-03-09,Delhi,88.59,PPAC-benchmark
2024-03-09,Gujarat,89.29,PPAC-benchmark
2024-03-09,Haryana,91.79,PPAC-benchmark
2024-03-09,Karnataka,94.01,PPAC-benchmark
2024-03-09,Madhya Pradesh,94.28,PPAC-benchmark
2024-03-09,Maharashtra,96.59,PPAC-benchmark
2024-03-09,Rajasthan,95.21,PPAC-benchmark
2024-03-09,Tamil Nadu,92.78,PPAC-benchmark
2024-03-09,Telangana,96.27,PPAC-benchmark
2024-03-09,Uttar Pradesh,90.97,PPAC-benchmark
2024-03-09,West Bengal,93.43,PPAC-benchmark
2024-03-10,Andhra Pradesh,97.55,PPAC-benchmark
2024-03-10,Delhi,88.66,PPAC-benchmark
2024-03-10,Haryana,91.72,PPAC-benchmark
2024-03-10,Karnataka,93.97,PPAC-benchmark
2024-03-10,Madhya Pradesh,94.23,PPAC-benchmark
2024-03-10,Maharashtra,96.61,PPAC-benchmark
2024-03-10,Punjab,92.28,PPAC-benchmark
2024-03-10,Rajasthan,95.2,PPAC-benchmark
2024-03-10,Tamil Nadu,92.75,PPAC-benchmark
2024-03-10,Telangana,96.27,PPAC-benchmark
2024-03-10,Uttar Pradesh,90.97,PPAC-benchmark
2024-03-10,West Bengal,93.41,PPAC-benchmark
2024-03-11,Andhra Pradesh,97.51,PPAC-benchmark
2024-03-11,Delhi,88.56,PPAC-benchmark
2024-03-11,Gujarat,89.26,PPAC-benchmark
2024-03-11,Haryana,91.7,PPAC-benchmark
2024-03-11,Maharashtra,96.5,PPAC-benchmark
2024-03-11,Punjab,92.48,PPAC-benchmark
2024-03-11,Tamil Nadu,92.76,PPAC-benchmark
2024-03-11,Telangana,96.23,PPAC-benchmark
2024-03-11,Uttar Pradesh,90.89,PPAC-benchmark
2024-03-11,West Bengal,93.54,PPAC-benchmark
2024-03-12,Andhra Pradesh,97.41,PPAC-benchmark
2024-03-12,Delhi,88.54,PPAC-benchmark
2024-03-12,Gujarat,89.12,PPAC-benchmark
2024-03-12,Haryana,91.67,PPAC-benchmark
2024-03-12,Karnataka,93.83,PPAC-benchmark
2024-03-12,Madhya Pradesh,94.19,PPAC-benchmark
2024-03-12,Maharashtra,96.59,PPAC-benchmark
2024-03-12,Punjab,92.32,PPAC-benchmark
2024-03-12,Rajasthan,95.05,PPAC-benchmark
2024-03-12,Tamil Nadu,92.67,PPAC-benchmark
2024-03-12,Telangana,96.16,PPAC-benchmark
2024-03-12,Uttar Pradesh,90.87,PPAC-benchmark
2024-03-12,West Bengal,93.35,PPAC-benchmark
2024-03-13,Andhra Pradesh,97.29,PPAC-benchmark
2024-03-13,Delhi,88.36,PPAC-benchmark
2024-03-13,Gujarat,89.04,PPAC-benchmark
2024-03-13,Haryana,91.72,PPAC-benchmark
2024-03-13,Karnataka,93.76,PPAC-benchmark
2024-03-13,Madhya Pradesh,94.13,PPAC-benchmark
2024-03-13,Maharashtra,96.4,PPAC-benchmark
2024-03-13,Punjab,92.25,PPAC-benchmark
2024-03-13,Rajasthan,95.09,PPAC-benchmark
2024-03-13,Telangana,96.11,PPAC-benchmark
2024-03-13,Uttar Pradesh,90.82,PPAC-benchmark
2024-03-13,West Bengal,93.3,PPAC-benchmark
2024-03-14,Andhra Pradesh,97.32,PPAC-benchmark
2024-03-14,Gujarat,89.1,PPAC-benchmark
2024-03-14,Haryana,91.6,PPAC-benchmark
2024-03-14,Karnataka,93.83,PPAC-benchmark
2024-03-14,Madhya Pradesh,94.07,PPAC-benchmark
2024-03-14,Maharashtra,96.4,PPAC-benchmark
2024-03-14,Punjab,92.11,PPAC-benchmark
2024-03-14,Rajasthan,94.96,PPAC-benchmark
2024-03-14,Telangana,96.17,PPAC-benchmark
2024-03-14,Uttar Pradesh,90.88,PPAC-benchmark
2024-03-14,West Bengal,93.4,PPAC-benchmark
2024-03-15,Andhra Pradesh,97.29,PPAC-benchmark
2024-03-15,Delhi,88.29,PPAC-benchmark
2024-03-15,Gujarat,89.14,PPAC-benchmark
2024-03-15,Haryana,91.6,PPAC-benchmark
2024-03-15,Karnataka,93.81,PPAC-benchmark
2024-03-15,Madhya Pradesh,94.03,PPAC-benchmark
2024-03-15,Maharashtra,96.36,PPAC-benchmark
2024-03-15,Rajasthan,95.0,PPAC-benchmark
2024-03-15,Tamil Nadu,92.57,PPAC-benchmark
2024-03-15,Telangana,96.05,PPAC-benchmark
2024-03-15,West Bengal,93.22,PPAC-benchmark
2024-03-16,Andhra Pradesh,97.29,PPAC-benchmark
2024-03-16,Delhi,88.31,PPAC-benchmark
2024-03-16,Gujarat,88.92,PPAC-benchmark
2024-03-16,Haryana,91.47,PPAC-benchmark
2024-03-16,Karnataka,93.72,PPAC-benchmark
2024-03-16,Madhya Pradesh,94.03,PPAC-benchmark
2024-03-16,Maharashtra,96.32,PPAC-benchmark
2024-03-16,Punjab,92.08,PPAC-benchmark
2024-03-16,Rajasthan,94.88,PPAC-benchmark
2024-03-16,Tamil Nadu,92.53,PPAC-benchmark
2024-03-16,Telangana,96.08,PPAC-benchmark
2024-03-16,Uttar Pradesh,90.69,PPAC-benchmark
2024-03-16,West Bengal,93.14,PPAC-benchmark
2024-03-17,Andhra Pradesh,97.17,PPAC-benchmark
2024-03-17,Gujarat,88.87,PPAC-benchmark
2024-03-17,Haryana,91.41,PPAC-benchmark
2024-03-17,Karnataka,93.79,PPAC-benchmark
2024-03-17,Madhya Pradesh,93.97,PPAC-benchmark
2024-03-17,Maharashtra,96.33,PPAC-benchmark
2024-03-17,Punjab,92.07,PPAC-benchmark
2024-03-17,Rajasthan,94.91,PPAC-benchmark
2024-03-17,Tamil Nadu,92.46,PPAC-benchmark
2024-03-17,Telangana,95.99,PPAC-benchmark
2024-03-17,Uttar Pradesh,90.61,PPAC-benchmark
2024-03-17,West Bengal,93.16,PPAC-benchmark
2024-03-18,Andhra Pradesh,97.23,PPAC-benchmark
2024-03-18,Delhi,88.26,PPAC-benchmark
2024-03-18,Gujarat,88.98,PPAC-benchmark
2024-03-18,Haryana,91.4,PPAC-benchmark
2024-03-18,Karnataka,93.66,PPAC-benchmark
2024-03-18,Madhya Pradesh,93.83,PPAC-benchmark
2024-03-18,Maharashtra,96.29,PPAC-benchmark
2024-03-18,Punjab,91.92,PPAC-benchmark
2024-03-18,Rajasthan,94.88,PPAC-benchmark
2024-03-18,Tamil Nadu,92.47,PPAC-benchmark
2024-03-18,Telangana,96.0,PPAC-benchmark
2024-03-18,Uttar Pradesh,90.62,PPAC-benchmark
2024-03-18,West Bengal,93.2,PPAC-benchmark
2024-03-19,Andhra Pradesh,97.24,PPAC-benchmark
2024-03-19,Delhi,88.22,PPAC-benchmark
2024-03-19,Gujarat,88.83,PPAC-benchmark
2024-03-19,Haryana,91.38,PPAC-benchmark
2024-03-19,Madhya Pradesh,93.95,PPAC-benchmark
2024-03-19,Maharashtra,96.26,PPAC-benchmark
2024-03-19,Punjab,92.03,PPAC-benchmark
2024-03-19,Rajasthan,94.89,PPAC-benchmark
2024-03-19,Tamil Nadu,92.41,PPAC-benchmark
2024-03-19,Telangana,95.95,PPAC-benchmark
2024-03-19,Uttar Pradesh,90.62,PPAC-benchmark
2024-03-19,West Bengal,93.12,PPAC-benchmark
2024-03-20,Andhra Pradesh,97.04,PPAC-benchmark
2024-03-20,Delhi,88.21,PPAC-benchmark
2024-03-20,Gujarat,88.91,PPAC-benchmark
2024-03-20,Haryana,91.36,PPAC-benchmark
2024-03-20,Karnataka,93.57,PPAC-benchmark
2024-03-20,Madhya Pradesh,93.84,PPAC-benchmark
2024-03-20,Maharashtra,96.13,PPAC-benchmark
2024-03-20,Punjab,91.98,PPAC-benchmark
2024-03-20,Rajasthan,94.74,PPAC-benchmark
2024-03-20,Tamil Nadu,92.37,PPAC-benchmark
2024-03-20,Telangana,95.87,PPAC-benchmark
2024-03-20,Uttar Pradesh,90.54,PPAC-benchmark
2024-03-20,West Bengal,93.16,PPAC-benchmark
2024-03-21,Andhra Pradesh,97.08,PPAC-benchmark
2024-03-21,Gujarat,88.82,PPAC-benchmark
2024-03-21,Karnataka,93.52,PPAC-benchmark
2024-03-21,Madhya Pradesh,93.76,PPAC-benchmark
2024-03-21,Maharashtra,96.26,PPAC-benchmark
2024-03-21,Punjab,91.92,PPAC-benchmark
2024-03-21,Rajasthan,94.74,PPAC-benchmark
2024-03-21,Tamil Nadu,92.26,PPAC-benchmark
2024-03-21,Telangana,95.84,PPAC-benchmark
2024-03-21,Uttar Pradesh,90.52,PPAC-benchmark
2024-03-21,West Bengal,93.03,PPAC-benchmark
2024-03-22,Andhra Pradesh,96.91,PPAC-benchmark
2024-03-22,Delhi,88.11,PPAC-benchmark
2024-03-22,Gujarat,88.82,PPAC-benchmark
2024-03-22,Haryana,91.27,PPAC-benchmark
2024-03-22,Karnataka,93.42,PPAC-benchmark
2024-03-22,Madhya Pradesh,93.76,PPAC-benchmark
2024-03-22,Maharashtra,96.11,PPAC-benchmark
2024-03-22,Punjab,91.93,PPAC-benchmark
2024-03-22,Rajasthan,94.74,PPAC-benchmark
2024-03-22,Tamil Nadu,92.34,PPAC-benchmark
2024-03-22,Uttar Pradesh,90.45,PPAC-benchmark
2024-03-23,Andhra Pradesh,97.05,PPAC-benchmark
2024-03-23,Delhi,88.09,PPAC-benchmark
2024-03-23,Gujarat,88.74,PPAC-benchmark
2024-03-23,Haryana,91.16,PPAC-benchmark
2024-03-23,Karnataka,93.49,PPAC-benchmark
2024-03-23,Madhya Pradesh,93.69,PPAC-benchmark
2024-03-23,Maharashtra,96.04,PPAC-benchmark
2024-03-23,Punjab,91.82,PPAC-benchmark
2024-03-23,Rajasthan,94.66,PPAC-benchmark
2024-03-23,Tamil Nadu,92.25,PPAC-benchmark
2024-03-23,Telangana,95.7,PPAC-benchmark
2024-03-23,Uttar Pradesh,90.34,PPAC-benchmark
2024-03-23,West Bengal,92.96,PPAC-benchmark
2024-03-24,Andhra Pradesh,96.92,PPAC-benchmark
2024-03-24,Delhi,87.98,PPAC-benchmark
2024-03-24,Gujarat,88.7,PPAC-benchmark
2024-03-24,Haryana,91.27,PPAC-benchmark
2024-03-24,Karnataka,93.42,PPAC-benchmark
2024-03-24,Madhya Pradesh,93.66,PPAC-benchmark
2024-03-24,Maharashtra,95.94,PPAC-benchmark
2024-03-24,Punjab,91.89,PPAC-benchmark
2024-03-24,Rajasthan,94.59,PPAC-benchmark
2024-03-24,Tamil Nadu,92.18,PPAC-benchmark
2024-03-24,Telangana,95.71,PPAC-benchmark
2024-03-24,Uttar Pradesh,90.42,PPAC-benchmark
2024-03-24,West Bengal,92.89,PPAC-benchmark
2024-03-25,Andhra Pradesh,96.94,PPAC-benchmark
2024-03-25,Delhi,88.05,PPAC-benchmark
2024-03-25,Gujarat,88.7,PPAC-benchmark
2024-03-25,Haryana,91.09,PPAC-benchmark
2024-03-25,Karnataka,93.42,PPAC-benchmark
2024-03-25,Madhya Pradesh,93.63,PPAC-benchmark
2024-03-25,Maharashtra,96.02,PPAC-benchmark
2024-03-25,Punjab,91.85,PPAC-benchmark
2024-03-25,Rajasthan,94.54,PPAC-benchmark
2024-03-25,Tamil Nadu,92.14,PPAC-benchmark
2024-03-25,Uttar Pradesh,90.42,PPAC-benchmark
2024-03-25,West Bengal,92.96,PPAC-benchmark
2024-03-26,Andhra Pradesh,96.83,PPAC-benchmark
2024-03-26,Gujarat,88.64,PPAC-benchmark
2024-03-26,Haryana,91.2,PPAC-benchmark
2024-03-26,Karnataka,93.41,PPAC-benchmark
2024-03-26,Madhya Pradesh,93.6,PPAC-benchmark
2024-03-26,Punjab,91.77,PPAC-benchmark
2024-03-26,Rajasthan,94.51,PPAC-benchmark
2024-03-26,Tamil Nadu,92.05,PPAC-benchmark
2024-03-26,Uttar Pradesh,90.36,PPAC-benchmark
2024-03-26,West Bengal,92.87,PPAC-benchmark
2024-03-27,Andhra Pradesh,96.83,PPAC-benchmark
2024-03-27,Delhi,87.89,PPAC-benchmark
2024-03-27,Gujarat,88.64,PPAC-benchmark
2024-03-27,Haryana,91.1,PPAC-benchmark
2024-03-27,Karnataka,93.28,PPAC-benchmark
2024-03-27,Madhya Pradesh,93.62,PPAC-benchmark
2024-03-27,Maharashtra,95.89,PPAC-benchmark
2024-03-27,Punjab,91.75,PPAC-benchmark
2024-03-27,Rajasthan,94.51,PPAC-benchmark
2024-03-27,Tamil Nadu,92.1,PPAC-benchmark
2024-03-27,Telangana,95.55,PPAC-benchmark
2024-03-27,Uttar Pradesh,90.32,PPAC-benchmark
2024-03-27,West Bengal,92.83,PPAC-benchmark
2024-03-28,Andhra Pradesh,96.77,PPAC-benchmark
2024-03-28,Delhi,87.88,PPAC-benchmark
2024-03-28,Gujarat,88.53,PPAC-benchmark
2024-03-28,Haryana,91.06,PPAC-benchmark
2024-03-28,Karnataka,93.34,PPAC-benchmark
2024-03-28,Madhya Pradesh,93.59,PPAC-benchmark
2024-03-28,Maharashtra,95.8,PPAC-benchmark
2024-03-28,Punjab,91.61,PPAC-benchmark
2024-03-28,Rajasthan,94.51,PPAC-benchmark
2024-03-28,Tamil Nadu,92.08,PPAC-benchmark
2024-03-28,Telangana,95.57,PPAC-benchmark
2024-03-28,Uttar Pradesh,90.35,PPAC-benchmark
2024-03-28,West Bengal,92.79,PPAC-benchmark
2024-03-29,Andhra Pradesh,96.84,PPAC-benchmark
2024-03-29,Delhi,87.89,PPAC-benchmark
2024-03-29,Gujarat,88.57,PPAC-benchmark
2024-03-29,Haryana,91.11,PPAC-benchmark
2024-03-29,Karnataka,93.36,PPAC-benchmark
2024-03-29,Madhya Pradesh,93.43,PPAC-benchmark
2024-03-29,Maharashtra,95.89,PPAC-benchmark
2024-03-29,Punjab,91.66,PPAC-benchmark
2024-03-29,Rajasthan,94.41,PPAC-benchmark
2024-03-29,Tamil Nadu,92.07,PPAC-benchmark
2024-03-29,Telangana,95.6,PPAC-benchmark
2024-03-29,Uttar Pradesh,90.3,PPAC-benchmark
2024-03-29,West Bengal,92.79,PPAC-benchmark
2024-03-30,Andhra Pradesh,96.74,PPAC-benchmark
2024-03-30,Delhi,87.94,PPAC-benchmark
2024-03-30,Gujarat,88.5,PPAC-benchmark
2024-03-30,Haryana,90.99,PPAC-benchmark
2024-03-30,Karnataka,93.23,PPAC-benchmark
2024-03-30,Madhya Pradesh,93.56,PPAC-benchmark
2024-03-30,Maharashtra,95.88,PPAC-benchmark
2024-03-30,Punjab,91.63,PPAC-benchmark
2024-03-30,Rajasthan,94.41,PPAC-benchmark
2024-03-30,Tamil Nadu,92.04,PPAC-benchmark
2024-03-30,Telangana,95.56,PPAC-benchmark
2024-03-30,Uttar Pradesh,90.28,PPAC-benchmark
2024-03-30,West Bengal,92.76,PPAC-benchmark
2024-03-31,Andhra Pradesh,96.65,PPAC-benchmark
2024-03-31,Delhi,87.74,PPAC-benchmark
2024-03-31,Gujarat,88.48,PPAC-benchmark
2024-03-31,Haryana,91.04,PPAC-benchmark
2024-03-31,Karnataka,93.23,PPAC-benchmark
2024-03-31,Madhya Pradesh,93.44,PPAC-benchmark
2024-03-31,Maharashtra,95.84,PPAC-benchmark
2024-03-31,Punjab,91.56,PPAC-benchmark
2024-03-31,Rajasthan,94.44,PPAC-benchmark
2024-03-31,Tamil Nadu,91.94,PPAC-benchmark
2024-03-31,Uttar Pradesh,90.18,PPAC-benchmark
2024-03-31,West Bengal,92.65,PPAC-benchmark
2024-04-01,Andhra Pradesh,96.6,PPAC-benchmark
2024-04-01,Delhi,87.72,PPAC-benchmark
2024-04-01,Gujarat,88.39,PPAC-benchmark
2024-04-01,Haryana,90.98,PPAC-benchmark
2024-04-01,Madhya Pradesh,93.46,PPAC-benchmark
2024-04-01,Maharashtra,95.8,PPAC-benchmark
2024-04-01,Punjab,91.66,PPAC-benchmark
2024-04-01,Rajasthan,94.31,PPAC-benchmark
2024-04-01,Tamil Nadu,91.98,PPAC-benchmark
2024-04-01,Telangana,95.42,PPAC-benchmark
2024-04-01,Uttar Pradesh,90.2,PPAC-benchmark
2024-04-01,West Bengal,92.52,PPAC-benchmark
2024-04-02,Andhra Pradesh,96.64,PPAC-benchmark
2024-04-02,Delhi,87.72,PPAC-benchmark
2024-04-02,Gujarat,88.47,PPAC-benchmark
2024-04-02,Haryana,90.97,PPAC-benchmark
2024-04-02,Karnataka,93.08,PPAC-benchmark
2024-04-02,Madhya Pradesh,93.46,PPAC-benchmark
2024-04-02,Maharashtra,95.63,PPAC-benchmark
2024-04-02,Punjab,91.54,PPAC-benchmark
2024-04-02,Rajasthan,94.24,PPAC-benchmark
2024-04-02,Tamil Nadu,91.9,PPAC-benchmark
2024-04-02,Telangana,95.52,PPAC-benchmark
2024-04-02,Uttar Pradesh,90.1,PPAC-benchmark
2024-04-02,West Bengal,92.68,PPAC-benchmark
2024-04-03,Andhra Pradesh,96.65,PPAC-benchmark
2024-04-03,Delhi,87.75,PPAC-benchmark
2024-04-03,Gujarat,88.33,PPAC-benchmark
2024-04-03,Haryana,90.88,PPAC-benchmark
2024-04-03,Karnataka,93.02,PPAC-benchmark
2024-04-03,Madhya Pradesh,93.46,PPAC-benchmark
2024-04-03,Maharashtra,95.61,PPAC-benchmark
2024-04-03,Rajasthan,94.26,PPAC-benchmark
2024-04-03,Tamil Nadu,91.84,PPAC-benchmark
2024-04-03,Telangana,95.34,PPAC-benchmark
2024-04-03,Uttar Pradesh,90.2,PPAC-benchmark
2024-04-03,West Bengal,92.5,PPAC-benchmark
2024-04-04,Andhra Pradesh,96.57,PPAC-benchmark
2024-04-04,Haryana,90.89,PPAC-benchmark
2024-04-04,Karnataka,93.07,PPAC-benchmark
2024-04-04,Madhya Pradesh,93.42,PPAC-benchmark
2024-04-04,Maharashtra,95.71,PPAC-benchmark
2024-04-04,Punjab,91.55,PPAC-benchmark
2024-04-04,Rajasthan,94.3,PPAC-benchmark
2024-04-04,Tamil Nadu,91.89,PPAC-benchmark
2024-04-04,Uttar Pradesh,90.17,PPAC-benchmark
2024-04-04,West Bengal,92.61,PPAC-benchmark
2024-04-05,Andhra Pradesh,96.54,PPAC-benchmark
2024-04-05,Delhi,87.59,PPAC-benchmark
2024-04-05,Gujarat,88.32,PPAC-benchmark
2024-04-05,Haryana,90.84,PPAC-benchmark
2024-04-05,Karnataka,93.08,PPAC-benchmark
2024-04-05,Madhya Pradesh,93.34,PPAC-benchmark
2024-04-05,Maharashtra,95.63,PPAC-benchmark
2024-04-05,Punjab,91.49,PPAC-benchmark
2024-04-05,Rajasthan,94.27,PPAC-benchmark
2024-04-05,Tamil Nadu,91.9,PPAC-benchmark
2024-04-05,Telangana,95.39,PPAC-benchmark
2024-04-05,Uttar Pradesh,90.11,PPAC-benchmark
2024-04-05,West Bengal,92.56,PPAC-benchmark
2024-04-06,Andhra Pradesh,96.54,PPAC-benchmark
2024-04-06,Gujarat,88.3,PPAC-benchmark
2024-04-06,Haryana,90.75,PPAC-benchmark
2024-04-06,Karnataka,92.95,PPAC-benchmark
2024-04-06,Madhya Pradesh,93.25,PPAC-benchmark
2024-04-06,Punjab,91.49,PPAC-benchmark
2024-04-06,Rajasthan,94.21,PPAC-benchmark
2024-04-06,Tamil Nadu,91.79,PPAC-benchmark
2024-04-06,Telangana,95.23,PPAC-benchmark
2024-04-06,Uttar Pradesh,90.02,PPAC-benchmark
2024-04-07,Andhra Pradesh,96.49,PPAC-benchmark
2024-04-07,Delhi,87.58,PPAC-benchmark
2024-04-07,Gujarat,88.3,PPAC-benchmark
2024-04-07,Haryana,90.69,PPAC-benchmark
2024-04-07,Karnataka,93.02,PPAC-benchmark
2024-04-07,Madhya Pradesh,93.3,PPAC-benchmark
2024-04-07,Maharashtra,95.56,PPAC-benchmark
2024-04-07,Punjab,91.39,PPAC-benchmark
2024-04-07,Rajasthan,94.19,PPAC-benchmark
2024-04-07,Tamil Nadu,91.82,PPAC-benchmark
2024-04-07,Telangana,95.21,PPAC-benchmark
2024-04-07,West Bengal,92.44,PPAC-benchmark
2024-04-08,Andhra Pradesh,96.46,PPAC-benchmark
2024-04-08,Delhi,87.56,PPAC-benchmark
2024-04-08,Gujarat,88.31,PPAC-benchmark
2024-04-08,Haryana,90.75,PPAC-benchmark
2024-04-08,Karnataka,92.86,PPAC-benchmark
2024-04-08,Madhya Pradesh,93.31,PPAC-benchmark
2024-04-08,Maharashtra,95.51,PPAC-benchmark
2024-04-08,Punjab,91.3,PPAC-benchmark
2024-04-08,Rajasthan,94.21,PPAC-benchmark
2024-04-08,Tamil Nadu,91.75,PPAC-benchmark
2024-04-08,Telangana,95.21,PPAC-benchmark
2024-04-08,Uttar Pradesh,89.93,PPAC-benchmark
2024-04-08,West Bengal,92.43,PPAC-benchmark
2024-04-09,Andhra Pradesh,96.43,PPAC-benchmark
2024-04-09,Delhi,87.47,PPAC-benchmark
2024-04-09,Gujarat,88.19,PPAC-benchmark
2024-04-09,Haryana,90.71,PPAC-benchmark
2024-04-09,Karnataka,92.83,PPAC-benchmark
2024-04-09,Madhya Pradesh,93.19,PPAC-benchmark
2024-04-09,Maharashtra,95.5,PPAC-benchmark
2024-04-09,Punjab,91.27,PPAC-benchmark
2024-04-09,Rajasthan,94.09,PPAC-benchmark
2024-04-09,Tamil Nadu,91.75,PPAC-benchmark
2024-04-09,Telangana,95.18,PPAC-benchmark
2024-04-09,Uttar Pradesh,89.79,PPAC-benchmark
2024-04-09,West Bengal,92.34,PPAC-benchmark
2024-04-10,Andhra Pradesh,96.34,PPAC-benchmark
2024-04-10,Delhi,87.46,PPAC-benchmark
2024-04-10,Gujarat,88.2,PPAC-benchmark
2024-04-10,Haryana,90.69,PPAC-benchmark
2024-04-10,Karnataka,92.83,PPAC-benchmark
2024-04-10,Madhya Pradesh,93.16,PPAC-benchmark
2024-04-10,Maharashtra,95.48,PPAC-benchmark
2024-04-10,Punjab,91.19,PPAC-benchmark
2024-04-10,Rajasthan,94.02,PPAC-benchmark
2024-04-10,Tamil Nadu,91.72,PPAC-benchmark
2024-04-10,Telangana,95.17,PPAC-benchmark
2024-04-10,Uttar Pradesh,89.72,PPAC-benchmark
2024-04-10,West Bengal,92.41,PPAC-benchmark
2024-04-11,Andhra Pradesh,96.33,PPAC-benchmark
2024-04-11,Delhi,87.43,PPAC-benchmark
2024-04-11,Gujarat,88.05,PPAC-benchmark
2024-04-11,Haryana,90.66,PPAC-benchmark
2024-04-11,Karnataka,92.83,PPAC-benchmark
2024-04-11,Madhya Pradesh,93.04,PPAC-benchmark
2024-04-11,Maharashtra,95.41,PPAC-benchmark
2024-04-11,Punjab,91.18,PPAC-benchmark
2024-04-11,Rajasthan,94.06,PPAC-benchmark
2024-04-11,Tamil Nadu,91.56,PPAC-benchmark
2024-04-11,Telangana,95.1,PPAC-benchmark
2024-04-11,Uttar Pradesh,89.86,PPAC-benchmark
2024-04-11,West Bengal,92.33,PPAC-benchmark
2024-04-12,Andhra Pradesh,96.23,PPAC-benchmark
2024-04-12,Delhi,87.43,PPAC-benchmark
2024-04-12,Gujarat,88.16,PPAC-benchmark
2024-04-12,Haryana,90.63,PPAC-benchmark
2024-04-12,Karnataka,92.75,PPAC-benchmark
2024-04-12,Madhya Pradesh,93.09,PPAC-benchmark
2024-04-12,Maharashtra,95.32,PPAC-benchmark
2024-04-12,Punjab,91.37,PPAC-benchmark
2024-04-12,Rajasthan,94.02,PPAC-benchmark
2024-04-12,Tamil Nadu,91.54,PPAC-benchmark
2024-04-12,Telangana,95.05,PPAC-benchmark
2024-04-12,Uttar Pradesh,89.89,PPAC-benchmark
2024-04-12,West Bengal,92.3,PPAC-benchmark
2024-04-13,Delhi,87.54,PPAC-benchmark
2024-04-13,Gujarat,88.1,PPAC-benchmark
2024-04-13,Haryana,90.59,PPAC-benchmark
2024-04-13,Karnataka,92.84,PPAC-benchmark
2024-04-13,Madhya Pradesh,93.0,PPAC-benchmark
2024-04-13,Maharashtra,95.41,PPAC-benchmark
2024-04-13,Punjab,91.25,PPAC-benchmark
2024-04-13,Rajasthan,93.96,PPAC-benchmark
2024-04-13,Tamil Nadu,91.58,PPAC-benchmark
2024-04-13,Telangana,95.06,PPAC-benchmark
2024-04-13,Uttar Pradesh,89.76,PPAC-benchmark
2024-04-13,West Bengal,92.29,PPAC-benchmark
2024-04-14,Andhra Pradesh,96.36,PPAC-benchmark
2024-04-14,Delhi,87.47,PPAC-benchmark
2024-04-14,Gujarat,88.24,PPAC-benchmark
2024-04-14,Haryana,90.64,PPAC-benchmark
2024-04-14,Karnataka,92.82,PPAC-benchmark
2024-04-14,Madhya Pradesh,93.03,PPAC-benchmark
2024-04-14,Maharashtra,95.34,PPAC-benchmark
2024-04-14,Punjab,91.15,PPAC-benchmark
2024-04-14,Rajasthan,93.98,PPAC-benchmark
2024-04-14,Tamil Nadu,91.47,PPAC-benchmark
2024-04-14,Telangana,95.07,PPAC-benchmark
2024-04-14,Uttar Pradesh,89.8,PPAC-benchmark
2024-04-14,West Bengal,92.28,PPAC-benchmark
2024-04-15,Andhra Pradesh,96.24,PPAC-benchmark
2024-04-15,Delhi,87.38,PPAC-benchmark
2024-04-15,Gujarat,87.99,PPAC-benchmark
2024-04-15,Haryana,90.44,PPAC-benchmark
2024-04-15,Karnataka,92.72,PPAC-benchmark
2024-04-15,Madhya Pradesh,93.15,PPAC-benchmark
2024-04-15,Maharashtra,95.38,PPAC-benchmark
2024-04-15,Punjab,91.25,PPAC-benchmark
2024-04-15,Rajasthan,93.86,PPAC-benchmark
2024-04-15,Tamil Nadu,91.53,PPAC-benchmark
2024-04-15,Telangana,95.06,PPAC-benchmark
2024-04-15,Uttar Pradesh,89.74,PPAC-benchmark
2024-04-15,West Bengal,92.21,PPAC-benchmark
2024-04-16,Andhra Pradesh,96.11,PPAC-benchmark
2024-04-16,Delhi,87.3,PPAC-benchmark
2024-04-16,Gujarat,87.99,PPAC-benchmark
2024-04-16,Karnataka,92.7,PPAC-benchmark
2024-04-16,Madhya Pradesh,93.0,PPAC-benchmark
2024-04-16,Maharashtra,95.3,PPAC-benchmark
2024-04-16,Rajasthan,93.91,PPAC-benchmark
2024-04-16,Tamil Nadu,91.45,PPAC-benchmark
2024-04-16,Telangana,94.98,PPAC-benchmark
2024-04-16,Uttar Pradesh,89.68,PPAC-benchmark
2024-04-16,West Bengal,92.31,PPAC-benchmark
2024-04-17,Andhra Pradesh,96.26,PPAC-benchmark
2024-04-17,Delhi,87.28,PPAC-benchmark
2024-04-17,Gujarat,87.97,PPAC-benchmark
2024-04-17,Haryana,90.53,PPAC-benchmark
2024-04-17,Karnataka,92.65,PPAC-benchmark
2024-04-17,Madhya Pradesh,93.05,PPAC-benchmark
2024-04-17,Maharashtra,95.28,PPAC-benchmark
2024-04-17,Punjab,91.08,PPAC-benchmark
2024-04-17,Rajasthan,93.93,PPAC-benchmark
2024-04-17,Tamil Nadu,91.45,PPAC-benchmark
2024-04-17,Telangana,95.01,PPAC-benchmark
2024-04-17,Uttar Pradesh,89.69,PPAC-benchmark
2024-04-17,West Bengal,92.24,PPAC-benchmark
2024-04-18,Andhra Pradesh,96.09,PPAC-benchmark
2024-04-18,Delhi,87.27,PPAC-benchmark
2024-04-18,Gujarat,87.96,PPAC-benchmark
2024-04-18,Haryana,90.37,PPAC-benchmark
2024-04-18,Karnataka,92.6,PPAC-benchmark
2024-04-18,Maharashtra,95.25,PPAC-benchmark
2024-04-18,Punjab,91.04,PPAC-benchmark
2024-04-18,Rajasthan,93.81,PPAC-benchmark
2024-04-18,Tamil Nadu,91.48,PPAC-benchmark
2024-04-18,Telangana,94.96,PPAC-benchmark
2024-04-18,Uttar Pradesh,89.65,PPAC-benchmark
2024-04-18,West Bengal,92.14,PPAC-benchmark
2024-04-19,Andhra Pradesh,96.1,PPAC-benchmark
2024-04-19,Delhi,87.21,PPAC-benchmark
2024-04-19,Gujarat,87.91,PPAC-benchmark
2024-04-19,Haryana,90.43,PPAC-benchmark
2024-04-19,Karnataka,92.61,PPAC-benchmark
2024-04-19,Madhya Pradesh,92.77,PPAC-benchmark
2024-04-19,Maharashtra,95.26,PPAC-benchmark
2024-04-19,Punjab,90.97,PPAC-benchmark
2024-04-19,Rajasthan,93.91,PPAC-benchmark
2024-04-19,Tamil Nadu,91.38,PPAC-benchmark
2024-04-19,Telangana,94.95,PPAC-benchmark
2024-04-19,West Bengal,92.16,PPAC-benchmark
2024-04-20,Andhra Pradesh,96.01,PPAC-benchmark
2024-04-20,Delhi,87.1,PPAC-benchmark
2024-04-20,Gujarat,87.85,PPAC-benchmark
2024-04-20,Haryana,90.4,PPAC-benchmark
2024-04-20,Karnataka,92.55,PPAC-benchmark
2024-04-20,Madhya Pradesh,92.88,PPAC-benchmark
2024-04-20,Maharashtra,95.12,PPAC-benchmark
2024-04-20,Punjab,90.93,PPAC-benchmark
2024-04-20,Rajasthan,93.67,PPAC-benchmark
2024-04-20,Tamil Nadu,91.31,PPAC-benchmark
2024-04-20,Telangana,94.79,PPAC-benchmark
2024-04-20,Uttar Pradesh,89.52,PPAC-benchmark
2024-04-20,West Bengal,92.05,PPAC-benchmark
2024-04-21,Andhra Pradesh,96.02,PPAC-benchmark
2024-04-21,Delhi,87.04,PPAC-benchmark
2024-04-21,Gujarat,87.81,PPAC-benchmark
2024-04-21,Karnataka,92.48,PPAC-benchmark
2024-04-21,Madhya Pradesh,92.77,PPAC-benchmark
2024-04-21,Maharashtra,95.07,PPAC-benchmark
2024-04-21,Punjab,90.93,PPAC-benchmark
2024-04-21,Rajasthan,93.58,PPAC-benchmark
2024-04-21,Tamil Nadu,91.34,PPAC-benchmark
2024-04-21,Telangana,94.76,PPAC-benchmark
2024-04-21,Uttar Pradesh,89.49,PPAC-benchmark
2024-04-21,West Bengal,92.08,PPAC-benchmark
2024-04-22,Andhra Pradesh,96.02,PPAC-benchmark
2024-04-22,Delhi,87.03,PPAC-benchmark
2024-04-22,Gujarat,87.73,PPAC-benchmark
2024-04-22,Haryana,90.26,PPAC-benchmark
2024-04-22,Karnataka,92.41,PPAC-benchmark
2024-04-22,Madhya Pradesh,92.75,PPAC-benchmark
2024-04-22,Maharashtra,95.02,PPAC-benchmark
2024-04-22,Punjab,90.83,PPAC-benchmark
2024-04-22,Rajasthan,93.63,PPAC-benchmark
2024-04-22,Tamil Nadu,91.27,PPAC-benchmark
2024-04-22,Telangana,94.8,PPAC-benchmark
2024-04-22,Uttar Pradesh,89.45,PPAC-benchmark
2024-04-22,West Bengal,91.85,PPAC-benchmark
2024-04-23,Andhra Pradesh,96.03,PPAC-benchmark
2024-04-23,Delhi,87.04,PPAC-benchmark
2024-04-23,Gujarat,87.71,PPAC-benchmark
2024-04-23,Karnataka,92.38,PPAC-benchmark
2024-04-23,Madhya Pradesh,92.73,PPAC-benchmark
2024-04-23,Maharashtra,94.98,PPAC-benchmark
2024-04-23,Punjab,90.79,PPAC-benchmark
2024-04-23,Rajasthan,93.63,PPAC-benchmark
2024-04-23,Telangana,94.7,PPAC-benchmark
2024-04-23,Uttar Pradesh,89.39,PPAC-benchmark
2024-04-23,West Bengal,91.95,PPAC-benchmark
2024-04-24,Andhra Pradesh,95.92,PPAC-benchmark
2024-04-24,Delhi,86.99,PPAC-benchmark
2024-04-24,Gujarat,87.7,PPAC-benchmark
2024-04-24,Haryana,90.18,PPAC-benchmark
2024-04-24,Karnataka,92.4,PPAC-benchmark
2024-04-24,Madhya Pradesh,92.62,PPAC-benchmark
2024-04-24,Maharashtra,95.07,PPAC-benchmark
2024-04-24,Punjab,90.86,PPAC-benchmark
2024-04-24,Rajasthan,93.66,PPAC-benchmark
2024-04-24,Tamil Nadu,91.11,PPAC-benchmark
2024-04-24,Telangana,94.72,PPAC-benchmark
2024-04-24,Uttar Pradesh,89.38,PPAC-benchmark
2024-04-24,West Bengal,91.98,PPAC-benchmark
2024-04-25,Andhra Pradesh,95.91,PPAC-benchmark
2024-04-25,Delhi,86.98,PPAC-benchmark
2024-04-25,Gujarat,87.7,PPAC-benchmark
2024-04-25,Karnataka,92.42,PPAC-benchmark
2024-04-25,Madhya Pradesh,92.63,PPAC-benchmark
2024-04-25,Maharashtra,94.93,PPAC-benchmark
2024-04-25,Punjab,90.77,PPAC-benchmark
2024-04-25,Rajasthan,93.53,PPAC-benchmark
2024-04-25,Tamil Nadu,91.19,PPAC-benchmark
2024-04-25,Telangana,94.6,PPAC-benchmark
2024-04-25,Uttar Pradesh,89.37,PPAC-benchmark
2024-04-25,West Bengal,91.95,PPAC-benchmark
2024-04-26,Andhra Pradesh,95.87,PPAC-benchmark
2024-04-26,Delhi,86.96,PPAC-benchmark
2024-04-26,Gujarat,87.64,PPAC-benchmark
2024-04-26,Haryana,90.11,PPAC-benchmark
2024-04-26,Karnataka,92.38,PPAC-benchmark
2024-04-26,Madhya Pradesh,92.74,PPAC-benchmark
2024-04-26,Maharashtra,94.94,PPAC-benchmark
2024-04-26,Punjab,90.79,PPAC-benchmark
2024-04-26,Rajasthan,93.53,PPAC-benchmark
2024-04-26,Tamil Nadu,91.2,PPAC-benchmark
2024-04-26,Telangana,94.6,PPAC-benchmark
2024-04-26,Uttar Pradesh,89.34,PPAC-benchmark
2024-04-26,West Bengal,91.84,PPAC-benchmark
2024-04-27,Andhra Pradesh,95.85,PPAC-benchmark
2024-04-27,Delhi,86.94,PPAC-benchmark
2024-04-27,Gujarat,87.59,PPAC-benchmark
2024-04-27,Haryana,90.14,PPAC-benchmark
2024-04-27,Karnataka,92.33,PPAC-benchmark
2024-04-27,Madhya Pradesh,92.65,PPAC-benchmark
2024-04-27,Maharashtra,94.89,PPAC-benchmark
2024-04-27,Punjab,90.68,PPAC-benchmark
2024-04-27,Rajasthan,93.43,PPAC-benchmark
2024-04-27,Tamil Nadu,91.16,PPAC-benchmark
2024-04-27,Uttar Pradesh,89.32,PPAC-benchmark
2024-04-27,West Bengal,91.83,PPAC-benchmark
2024-04-28,Andhra Pradesh,95.86,PPAC-benchmark
2024-04-28,Delhi,86.94,PPAC-benchmark
2024-04-28,Gujarat,87.66,PPAC-benchmark
2024-04-28,Haryana,90.13,PPAC-benchmark
2024-04-28,Karnataka,92.35,PPAC-benchmark
2024-04-28,Madhya Pradesh,92.68,PPAC-benchmark
2024-04-28,Maharashtra,94.86,PPAC-benchmark
2024-04-28,Punjab,90.75,PPAC-benchmark
2024-04-28,Rajasthan,93.5,PPAC-benchmark
2024-04-28,Tamil Nadu,91.1,PPAC-benchmark
2024-04-28,Telangana,94.53,PPAC-benchmark
2024-04-28,Uttar Pradesh,89.23,PPAC-benchmark
2024-04-28,West Bengal,91.79,PPAC-benchmark
2024-04-29,Delhi,86.91,PPAC-benchmark
2024-04-29,Gujarat,87.54,PPAC-benchmark
2024-04-29,Haryana,90.1,PPAC-benchmark
2024-04-29,Karnataka,92.24,PPAC-benchmark
2024-04-29,Maharashtra,94.86,PPAC-benchmark
2024-04-29,Punjab,90.75,PPAC-benchmark
2024-04-29,Rajasthan,93.48,PPAC-benchmark
2024-04-29,Tamil Nadu,91.01,PPAC-benchmark
2024-04-29,Telangana,94.47,PPAC-benchmark
2024-04-29,Uttar Pradesh,89.27,PPAC-benchmark
2024-04-29,West Bengal,91.75,PPAC-benchmark
2024-04-30,Andhra Pradesh,95.82,PPAC-benchmark
2024-04-30,Delhi,86.88,PPAC-benchmark
2024-04-30,Gujarat,87.53,PPAC-benchmark
2024-04-30,Haryana,90.06,PPAC-benchmark
2024-04-30,Karnataka,92.31,PPAC-benchmark
2024-04-30,Madhya Pradesh,92.51,PPAC-benchmark
2024-04-30,Maharashtra,94.81,PPAC-benchmark
2024-04-30,Punjab,90.66,PPAC-benchmark
2024-04-30,Rajasthan,93.46,PPAC-benchmark
2024-04-30,Tamil Nadu,91.03,PPAC-benchmark
2024-04-30,Telangana,94.54,PPAC-benchmark
2024-04-30,Uttar Pradesh,89.25,PPAC-benchmark
2024-04-30,West Bengal,91.69,PPAC-benchmark
2024-05-01,Andhra Pradesh,95.73,PPAC-benchmark
2024-05-01,Delhi,86.86,PPAC-benchmark
2024-05-01,Gujarat,87.49,PPAC-benchmark
2024-05-01,Haryana,89.99,PPAC-benchmark
2024-05-01,Karnataka,92.26,PPAC-benchmark
2024-05-01,Madhya Pradesh,92.45,PPAC-benchmark
2024-05-01,Maharashtra,94.79,PPAC-benchmark
2024-05-01,Punjab,90.55,PPAC-benchmark
2024-05-01,Rajasthan,93.38,PPAC-benchmark
2024-05-01,Tamil Nadu,91.0,PPAC-benchmark
2024-05-01,Telangana,94.54,PPAC-benchmark
2024-05-01,Uttar Pradesh,89.16,PPAC-benchmark
2024-05-01,West Bengal,91.76,PPAC-benchmark
2024-05-02,Delhi,86.8,PPAC-benchmark
2024-05-02,Gujarat,87.49,PPAC-benchmark
2024-05-02,Haryana,89.93,PPAC-benchmark
2024-05-02,Karnataka,92.13,PPAC-benchmark
2024-05-02,Madhya Pradesh,92.45,PPAC-benchmark
2024-05-02,Maharashtra,94.82,PPAC-benchmark
2024-05-02,Punjab,90.66,PPAC-benchmark
2024-05-02,Rajasthan,93.36,PPAC-benchmark
2024-05-02,Tamil Nadu,90.95,PPAC-benchmark
2024-05-02,Telangana,94.57,PPAC-benchmark
2024-05-02,Uttar Pradesh,89.17,PPAC-benchmark
2024-05-02,West Bengal,91.71,PPAC-benchmark
2024-05-03,Andhra Pradesh,95.69,PPAC-benchmark
2024-05-03,Delhi,86.81,PPAC-benchmark
2024-05-03,Gujarat,87.48,PPAC-benchmark
2024-05-03,Haryana,90.01,PPAC-benchmark
2024-05-03,Karnataka,92.19,PPAC-benchmark
2024-05-03,Madhya Pradesh,92.44,PPAC-benchmark
2024-05-03,Punjab,90.63,PPAC-benchmark
2024-05-03,Rajasthan,93.3,PPAC-benchmark
2024-05-03,Tamil Nadu,90.92,PPAC-benchmark
2024-05-03,Telangana,94.52,PPAC-benchmark
2024-05-03,Uttar Pradesh,89.18,PPAC-benchmark
2024-05-03,West Bengal,91.72,PPAC-benchmark
2024-05-04,Andhra Pradesh,95.62,PPAC-benchmark
2024-05-04,Delhi,86.71,PPAC-benchmark
2024-05-04,Gujarat,87.44,PPAC-benchmark
2024-05-04,Haryana,89.86,PPAC-benchmark
2024-05-04,Karnataka,92.15,PPAC-benchmark
2024-05-04,Madhya Pradesh,92.4,PPAC-benchmark
2024-05-04,Maharashtra,94.76,PPAC-benchmark
2024-05-04,Punjab,90.47,PPAC-benchmark
2024-05-04,Rajasthan,93.35,PPAC-benchmark
2024-05-04,Tamil Nadu,90.98,PPAC-benchmark
2024-05-04,Telangana,94.43,PPAC-benchmark
2024-05-04,Uttar Pradesh,89.21,PPAC-benchmark
2024-05-04,West Bengal,91.62,PPAC-benchmark
2024-05-05,Andhra Pradesh,95.68,PPAC-benchmark
2024-05-05,Delhi,86.85,PPAC-benchmark
2024-05-05,Gujarat,87.42,PPAC-benchmark
2024-05-05,Haryana,89.88,PPAC-benchmark
2024-05-05,Karnataka,92.09,PPAC-benchmark
2024-05-05,Madhya Pradesh,92.46,PPAC-benchmark
2024-05-05,Maharashtra,94.73,PPAC-benchmark
2024-05-05,Punjab,90.49,PPAC-benchmark
2024-05-05,Rajasthan,93.38,PPAC-benchmark
2024-05-05,Tamil Nadu,90.91,PPAC-benchmark
2024-05-05,Telangana,94.34,PPAC-benchmark
2024-05-05,Uttar Pradesh,89.11,PPAC-benchmark
2024-05-05,West Bengal,91.63,PPAC-benchmark
2024-05-06,Andhra Pradesh,95.73,PPAC-benchmark
2024-05-06,Delhi,86.81,PPAC-benchmark
2024-05-06,Gujarat,87.4,PPAC-benchmark
2024-05-06,Haryana,89.91,PPAC-benchmark
2024-05-06,Karnataka,92.05,PPAC-benchmark
2024-05-06,Madhya Pradesh,92.39,PPAC-benchmark
2024-05-06,Maharashtra,94.7,PPAC-benchmark
2024-05-06,Punjab,90.57,PPAC-benchmark
2024-05-06,Tamil Nadu,90.86,PPAC-benchmark
2024-05-06,Telangana,94.43,PPAC-benchmark
2024-05-06,Uttar Pradesh,89.07,PPAC-benchmark
2024-05-06,West Bengal,91.59,PPAC-benchmark
2024-05-07,Delhi,86.74,PPAC-benchmark
2024-05-07,Gujarat,87.37,PPAC-benchmark
2024-05-07,Haryana,89.95,PPAC-benchmark
2024-05-07,Karnataka,92.11,PPAC-benchmark
2024-05-07,Madhya Pradesh,92.35,PPAC-benchmark
2024-05-07,Maharashtra,94.68,PPAC-benchmark
2024-05-07,Punjab,90.42,PPAC-benchmark
2024-05-07,Rajasthan,93.21,PPAC-benchmark
2024-05-07,Tamil Nadu,90.93,PPAC-benchmark
2024-05-07,Telangana,94.35,PPAC-benchmark
2024-05-07,Uttar Pradesh,89.05,PPAC-benchmark
2024-05-07,West Bengal,91.58,PPAC-benchmark
2024-05-08,Andhra Pradesh,95.56,PPAC-benchmark
2024-05-08,Delhi,86.68,PPAC-benchmark
2024-05-08,Gujarat,87.3,PPAC-benchmark
2024-05-08,Haryana,89.83,PPAC-benchmark
2024-05-08,Karnataka,92.1,PPAC-benchmark
2024-05-08,Madhya Pradesh,92.3,PPAC-benchmark
2024-05-08,Maharashtra,94.67,PPAC-benchmark
2024-05-08,Rajasthan,93.22,PPAC-benchmark
2024-05-08,Tamil Nadu,90.84,PPAC-benchmark
2024-05-08,Telangana,94.34,PPAC-benchmark
2024-05-08,Uttar Pradesh,89.08,PPAC-benchmark
2024-05-08,West Bengal,91.59,PPAC-benchmark
2024-05-09,Andhra Pradesh,95.58,PPAC-benchmark
2024-05-09,Delhi,86.64,PPAC-benchmark
2024-05-09,Gujarat,87.28,PPAC-benchmark
2024-05-09,Haryana,89.89,PPAC-benchmark
2024-05-09,Karnataka,92.04,PPAC-benchmark
2024-05-09,Madhya Pradesh,92.38,PPAC-benchmark
2024-05-09,Maharashtra,94.54,PPAC-benchmark
2024-05-09,Punjab,90.48,PPAC-benchmark
2024-05-09,Rajasthan,93.17,PPAC-benchmark
2024-05-09,Tamil Nadu,90.79,PPAC-benchmark
2024-05-09,Telangana,94.34,PPAC-benchmark
2024-05-09,Uttar Pradesh,88.98,PPAC-benchmark
2024-05-09,West Bengal,91.49,PPAC-benchmark
2024-05-10,Andhra Pradesh,95.45,PPAC-benchmark
2024-05-10,Delhi,86.63,PPAC-benchmark
2024-05-10,Gujarat,87.29,PPAC-benchmark
2024-05-10,Haryana,89.77,PPAC-benchmark
2024-05-10,Karnataka,91.96,PPAC-benchmark
2024-05-10,Madhya Pradesh,92.42,PPAC-benchmark
2024-05-10,Maharashtra,94.6,PPAC-benchmark
2024-05-10,Punjab,90.42,PPAC-benchmark
2024-05-10,Rajasthan,93.28,PPAC-benchmark
2024-05-10,Tamil Nadu,90.82,PPAC-benchmark
2024-05-10,Telangana,94.32,PPAC-benchmark
2024-05-10,Uttar Pradesh,89.04,PPAC-benchmark
2024-05-10,West Bengal,91.55,PPAC-benchmark
2024-05-11,Andhra Pradesh,95.51,PPAC-benchmark
2024-05-11,Delhi,86.63,PPAC-benchmark
2024-05-11,Gujarat,87.31,PPAC-benchmark
2024-05-11,Haryana,89.73,PPAC-benchmark
2024-05-11,Karnataka,91.99,PPAC-benchmark
2024-05-11,Madhya Pradesh,92.32,PPAC-benchmark
2024-05-11,Maharashtra,94.63,PPAC-benchmark
2024-05-11,Punjab,90.4,PPAC-benchmark
2024-05-11,Rajasthan,93.15,PPAC-benchmark
2024-05-11,Tamil Nadu,90.72,PPAC-benchmark
2024-05-11,Telangana,94.35,PPAC-benchmark
2024-05-11,Uttar Pradesh,89.06,PPAC-benchmark
2024-05-11,West Bengal,91.52,PPAC-benchmark
2024-05-12,Delhi,86.64,PPAC-benchmark
2024-05-12,Gujarat,87.3,PPAC-benchmark
2024-05-12,Karnataka,92.09,PPAC-benchmark
2024-05-12,Madhya Pradesh,92.33,PPAC-benchmark
2024-05-12,Maharashtra,94.68,PPAC-benchmark
2024-05-12,Punjab,90.5,PPAC-benchmark
2024-05-12,Rajasthan,93.28,PPAC-benchmark
2024-05-12,Tamil Nadu,90.79,PPAC-benchmark
2024-05-12,Telangana,94.33,PPAC-benchmark
2024-05-12,Uttar Pradesh,88.98,PPAC-benchmark
2024-05-12,West Bengal,91.54,PPAC-benchmark
2024-05-13,Andhra Pradesh,95.49,PPAC-benchmark
2024-05-13,Delhi,86.65,PPAC-benchmark
2024-05-13,Gujarat,87.24,PPAC-benchmark
2024-05-13,Haryana,89.8,PPAC-benchmark
2024-05-13,Karnataka,91.98,PPAC-benchmark
2024-05-13,Madhya Pradesh,92.29,PPAC-benchmark
2024-05-13,Maharashtra,94.55,PPAC-benchmark
2024-05-13,Punjab,90.36,PPAC-benchmark
2024-05-13,Tamil Nadu,90.75,PPAC-benchmark
2024-05-13,Telangana,94.26,PPAC-benchmark
2024-05-13,Uttar Pradesh,88.96,PPAC-benchmark
2024-05-13,West Bengal,91.54,PPAC-benchmark
2024-05-14,Andhra Pradesh,95.46,PPAC-benchmark
2024-05-14,Delhi,86.53,PPAC-benchmark
2024-05-14,Gujarat,87.17,PPAC-benchmark
2024-05-14,Haryana,89.78,PPAC-benchmark
2024-05-14,Karnataka,92.02,PPAC-benchmark
2024-05-14,Madhya Pradesh,92.35,PPAC-benchmark
2024-05-14,Maharashtra,94.58,PPAC-benchmark
2024-05-14,Punjab,90.37,PPAC-benchmark
2024-05-14,Tamil Nadu,90.76,PPAC-benchmark
2024-05-14,Telangana,94.26,PPAC-benchmark
2024-05-14,Uttar Pradesh,88.97,PPAC-benchmark
2024-05-14,West Bengal,91.44,PPAC-benchmark
2024-05-15,Andhra Pradesh,95.46,PPAC-benchmark
2024-05-15,Delhi,86.5,PPAC-benchmark
2024-05-15,Gujarat,87.27,PPAC-benchmark
2024-05-15,Haryana,89.69,PPAC-benchmark
2024-05-15,Karnataka,91.96,PPAC-benchmark
2024-05-15,Madhya Pradesh,92.25,PPAC-benchmark
2024-05-15,Maharashtra,94.58,PPAC-benchmark
2024-05-15,Punjab,90.34,PPAC-benchmark
2024-05-15,Rajasthan,93.09,PPAC-benchmark
2024-05-15,Tamil Nadu,90.65,PPAC-benchmark
2024-05-15,Telangana,94.41,PPAC-benchmark
2024-05-15,Uttar Pradesh,88.93,PPAC-benchmark
2024-05-15,West Bengal,91.42,PPAC-benchmark
2024-05-16,Andhra Pradesh,95.49,PPAC-benchmark
2024-05-16,Gujarat,87.1,PPAC-benchmark
2024-05-16,Haryana,89.75,PPAC-benchmark
2024-05-16,Karnataka,91.88,PPAC-benchmark
2024-05-16,Madhya Pradesh,92.24,PPAC-benchmark
2024-05-16,Maharashtra,94.42,PPAC-benchmark
2024-05-16,Punjab,90.32,PPAC-benchmark
2024-05-16,Rajasthan,93.16,PPAC-benchmark
2024-05-16,Tamil Nadu,90.68,PPAC-benchmark
2024-05-16,Telangana,94.3,PPAC-benchmark
2024-05-16,Uttar Pradesh,88.9,PPAC-benchmark
2024-05-16,West Bengal,91.38,PPAC-benchmark
2024-05-17,Andhra Pradesh,95.55,PPAC-benchmark
2024-05-17,Delhi,86.54,PPAC-benchmark
2024-05-17,Gujarat,87.18,PPAC-benchmark
2024-05-17,Haryana,89.64,PPAC-benchmark
2024-05-17,Karnataka,91.88,PPAC-benchmark
2024-05-17,Madhya Pradesh,92.09,PPAC-benchmark
2024-05-17,Maharashtra,94.56,PPAC-benchmark
2024-05-17,Punjab,90.31,PPAC-benchmark
2024-05-17,Rajasthan,93.16,PPAC-benchmark
2024-05-17,Tamil Nadu,90.64,PPAC-benchmark
2024-05-17,Telangana,94.19,PPAC-benchmark
2024-05-17,Uttar Pradesh,88.86,PPAC-benchmark
2024-05-17,West Bengal,91.41,PPAC-benchmark
2024-05-18,Andhra Pradesh,95.45,PPAC-benchmark
2024-05-18,Delhi,86.48,PPAC-benchmark
2024-05-18,Gujarat,87.19,PPAC-benchmark
2024-05-18,Haryana,89.68,PPAC-benchmark
2024-05-18,Karnataka,91.91,PPAC-benchmark
2024-05-18,Madhya Pradesh,92.16,PPAC-benchmark
2024-05-18,Maharashtra,94.5,PPAC-benchmark
2024-05-18,Punjab,90.19,PPAC-benchmark
2024-05-18,Rajasthan,93.11,PPAC-benchmark
2024-05-18,Tamil Nadu,90.69,PPAC-benchmark
2024-05-18,Telangana,94.2,PPAC-benchmark
2024-05-18,Uttar Pradesh,88.91,PPAC-benchmark
2024-05-18,West Bengal,91.36,PPAC-benchmark
2024-05-19,Andhra Pradesh,95.26,PPAC-benchmark
2024-05-19,Delhi,86.46,PPAC-benchmark
2024-05-19,Gujarat,87.21,PPAC-benchmark
2024-05-19,Haryana,89.63,PPAC-benchmark
2024-05-19,Karnataka,91.91,PPAC-benchmark
2024-05-19,Madhya Pradesh,92.1,PPAC-benchmark
2024-05-19,Maharashtra,94.39,PPAC-benchmark
2024-05-19,Punjab,90.27,PPAC-benchmark
2024-05-19,Rajasthan,93.05,PPAC-benchmark
2024-05-19,Tamil Nadu,90.66,PPAC-benchmark
2024-05-19,Telangana,94.16,PPAC-benchmark
2024-05-19,Uttar Pradesh,88.76,PPAC-benchmark
2024-05-19,West Bengal,91.38,PPAC-benchmark
2024-05-20,Andhra Pradesh,95.31,PPAC-benchmark
2024-05-20,Delhi,86.36,PPAC-benchmark
2024-05-20,Gujarat,87.11,PPAC-benchmark
2024-05-20,Haryana,89.66,PPAC-benchmark
2024-05-20,Karnataka,91.86,PPAC-benchmark
2024-05-20,Madhya Pradesh,92.08,PPAC-benchmark
2024-05-20,Maharashtra,94.47,PPAC-benchmark
2024-05-20,Punjab,90.19,PPAC-benchmark
2024-05-20,Rajasthan,93.06,PPAC-benchmark
2024-05-20,Tamil Nadu,90.6,PPAC-benchmark
2024-05-20,Telangana,94.07,PPAC-benchmark
2024-05-20,Uttar Pradesh,88.88,PPAC-benchmark
2024-05-20,West Bengal,91.29,PPAC-benchmark
2024-05-21,Andhra Pradesh,95.32,PPAC-benchmark
2024-05-21,Delhi,86.44,PPAC-benchmark
2024-05-21,Gujarat,87.18,PPAC-benchmark
2024-05-21,Haryana,89.54,PPAC-benchmark
2024-05-21,Karnataka,91.83,PPAC-benchmark
2024-05-21,Madhya Pradesh,92.12,PPAC-benchmark
2024-05-21,Maharashtra,94.47,PPAC-benchmark
2024-05-21,Punjab,90.21,PPAC-benchmark
2024-05-21,Rajasthan,92.92,PPAC-benchmark
2024-05-21,Tamil Nadu,90.66,PPAC-benchmark
2024-05-21,Telangana,94.07,PPAC-benchmark
2024-05-21,Uttar Pradesh,88.85,PPAC-benchmark
2024-05-21,West Bengal,91.34,PPAC-benchmark
2024-05-22,Andhra Pradesh,95.33,PPAC-benchmark
2024-05-22,Delhi,86.37,PPAC-benchmark
2024-05-22,Gujarat,87.06,PPAC-benchmark
2024-05-22,Haryana,89.66,PPAC-benchmark
2024-05-22,Karnataka,91.86,PPAC-benchmark
2024-05-22,Madhya Pradesh,92.12,PPAC-benchmark
2024-05-22,Maharashtra,94.47,PPAC-benchmark
2024-05-22,Rajasthan,92.99,PPAC-benchmark
2024-05-22,Tamil Nadu,90.57,PPAC-benchmark
2024-05-22,Telangana,94.04,PPAC-benchmark
2024-05-22,Uttar Pradesh,88.84,PPAC-benchmark
2024-05-22,West Bengal,91.29,PPAC-benchmark
2024-05-23,Andhra Pradesh,95.36,PPAC-benchmark
2024-05-23,Delhi,86.39,PPAC-benchmark
2024-05-23,Gujarat,87.12,PPAC-benchmark
2024-05-23,Haryana,89.62,PPAC-benchmark
2024-05-23,Karnataka,91.72,PPAC-benchmark
2024-05-23,Madhya Pradesh,92.04,PPAC-benchmark
2024-05-23,Maharashtra,94.39,PPAC-benchmark
2024-05-23,Punjab,90.2,PPAC-benchmark
2024-05-23,Rajasthan,93.12,PPAC-benchmark
2024-05-23,Tamil Nadu,90.59,PPAC-benchmark
2024-05-23,Telangana,94.08,PPAC-benchmark
2024-05-23,Uttar Pradesh,88.85,PPAC-benchmark
2024-05-23,West Bengal,91.35,PPAC-benchmark
2024-05-24,Andhra Pradesh,95.33,PPAC-benchmark
2024-05-24,Delhi,86.4,PPAC-benchmark
2024-05-24,Gujarat,86.97,PPAC-benchmark
2024-05-24,Haryana,89.57,PPAC-benchmark
2024-05-24,Karnataka,91.84,PPAC-benchmark
2024-05-24,Madhya Pradesh,92.14,PPAC-benchmark
2024-05-24,Punjab,90.32,PPAC-benchmark
2024-05-24,Rajasthan,92.93,PPAC-benchmark
2024-05-24,Tamil Nadu,90.53,PPAC-benchmark
2024-05-24,Telangana,93.99,PPAC-benchmark
2024-05-24,Uttar Pradesh,88.76,PPAC-benchmark
2024-05-24,West Bengal,91.2,PPAC-benchmark
2024-05-25,Andhra Pradesh,95.29,PPAC-benchmark
2024-05-25,Gujarat,87.06,PPAC-benchmark
2024-05-25,Haryana,89.57,PPAC-benchmark
2024-05-25,Karnataka,91.74,PPAC-benchmark
2024-05-25,Madhya Pradesh,92.06,PPAC-benchmark
2024-05-25,Maharashtra,94.35,PPAC-benchmark
2024-05-25,Punjab,90.22,PPAC-benchmark
2024-05-25,Rajasthan,92.99,PPAC-benchmark
2024-05-25,Tamil Nadu,90.65,PPAC-benchmark
2024-05-25,Telangana,94.06,PPAC-benchmark
2024-05-25,Uttar Pradesh,88.81,PPAC-benchmark
2024-05-25,West Bengal,91.27,PPAC-benchmark
2024-05-26,Andhra Pradesh,95.18,PPAC-benchmark
2024-05-26,Delhi,86.39,PPAC-benchmark
2024-05-26,Gujarat,87.1,PPAC-benchmark
2024-05-26,Haryana,89.56,PPAC-benchmark
2024-05-26,Karnataka,91.77,PPAC-benchmark
2024-05-26,Madhya Pradesh,92.06,PPAC-benchmark
2024-05-26,Maharashtra,94.45,PPAC-benchmark
2024-05-26,Punjab,90.12,PPAC-benchmark
2024-05-26,Rajasthan,92.93,PPAC-benchmark
2024-05-26,Tamil Nadu,90.49,PPAC-benchmark
2024-05-26,Telangana,94.03,PPAC-benchmark
2024-05-26,Uttar Pradesh,88.75,PPAC-benchmark
2024-05-26,West Bengal,91.25,PPAC-benchmark
2024-05-27,Andhra Pradesh,95.25,PPAC-benchmark
2024-05-27,Delhi,86.39,PPAC-benchmark
2024-05-27,Gujarat,87.02,PPAC-benchmark
2024-05-27,Haryana,89.5,PPAC-benchmark
2024-05-27,Karnataka,91.72,PPAC-benchmark
2024-05-27,Madhya Pradesh,92.01,PPAC-benchmark
2024-05-27,Maharashtra,94.32,PPAC-benchmark
2024-05-27,Punjab,90.14,PPAC-benchmark
2024-05-27,Rajasthan,92.95,PPAC-benchmark
2024-05-27,Tamil Nadu,90.63,PPAC-benchmark
2024-05-27,Telangana,94.06,PPAC-benchmark
2024-05-27,Uttar Pradesh,88.74,PPAC-benchmark
2024-05-27,West Bengal,91.17,PPAC-benchmark
2024-05-28,Andhra Pradesh,95.26,PPAC-benchmark
2024-05-28,Delhi,86.29,PPAC-benchmark
2024-05-28,Gujarat,87.02,PPAC-benchmark
2024-05-28,Haryana,89.62,PPAC-benchmark
2024-05-28,Karnataka,91.62,PPAC-benchmark
2024-05-28,Madhya Pradesh,92.03,PPAC-benchmark
2024-05-28,Maharashtra,94.31,PPAC-benchmark
2024-05-28,Punjab,90.16,PPAC-benchmark
2024-05-28,Rajasthan,92.99,PPAC-benchmark
2024-05-28,Tamil Nadu,90.63,PPAC-benchmark
2024-05-28,Telangana,94.1,PPAC-benchmark
2024-05-28,Uttar Pradesh,88.77,PPAC-benchmark
2024-05-28,West Bengal,91.23,PPAC-benchmark
2024-05-29,Delhi,86.26,PPAC-benchmark
2024-05-29,Haryana,89.52,PPAC-benchmark
2024-05-29,Karnataka,91.73,PPAC-benchmark
2024-05-29,Madhya Pradesh,92.02,PPAC-benchmark
2024-05-29,Maharashtra,94.39,PPAC-benchmark
2024-05-29,Punjab,90.15,PPAC-benchmark
2024-05-29,Rajasthan,92.93,PPAC-benchmark
2024-05-29,Tamil Nadu,90.62,PPAC-benchmark
2024-05-29,Telangana,93.98,PPAC-benchmark
2024-05-29,Uttar Pradesh,88.7,PPAC-benchmark
2024-05-29,West Bengal,91.19,PPAC-benchmark
2024-05-30,Andhra Pradesh,95.24,PPAC-benchmark
2024-05-30,Delhi,86.34,PPAC-benchmark
2024-05-30,Gujarat,87.1,PPAC-benchmark
2024-05-30,Haryana,89.62,PPAC-benchmark
2024-05-30,Karnataka,91.74,PPAC-benchmark
2024-05-30,Madhya Pradesh,92.08,PPAC-benchmark
2024-05-30,Maharashtra,94.29,PPAC-benchmark
2024-05-30,Punjab,90.06,PPAC-benchmark
2024-05-30,Rajasthan,92.92,PPAC-benchmark
2024-05-30,Telangana,94.03,PPAC-benchmark
2024-05-30,Uttar Pradesh,88.76,PPAC-benchmark
2024-05-30,West Bengal,91.28,PPAC-benchmark
2024-05-31,Andhra Pradesh,95.25,PPAC-benchmark
2024-05-31,Delhi,86.3,PPAC-benchmark
2024-05-31,Gujarat,87.08,PPAC-benchmark
2024-05-31,Haryana,89.55,PPAC-benchmark
2024-05-31,Karnataka,91.64,PPAC-benchmark
2024-05-31,Madhya Pradesh,92.07,PPAC-benchmark
2024-05-31,Maharashtra,94.33,PPAC-benchmark
2024-05-31,Punjab,90.11,PPAC-benchmark
2024-05-31,Rajasthan,92.79,PPAC-benchmark
2024-05-31,Tamil Nadu,90.53,PPAC-benchmark
2024-05-31,Telangana,93.94,PPAC-benchmark
2024-05-31,Uttar Pradesh,88.77,PPAC-benchmark
2024-05-31,West Bengal,91.19,PPAC-benchmark
2024-06-01,Andhra Pradesh,95.2,PPAC-benchmark
2024-06-01,Delhi,86.35,PPAC-benchmark
2024-06-01,Gujarat,86.99,PPAC-benchmark
2024-06-01,Haryana,89.5,PPAC-benchmark
2024-06-01,Karnataka,91.67,PPAC-benchmark
2024-06-01,Madhya Pradesh,91.98,PPAC-benchmark
2024-06-01,Maharashtra,94.29,PPAC-benchmark
2024-06-01,Punjab,90.17,PPAC-benchmark
2024-06-01,Rajasthan,92.96,PPAC-benchmark
2024-06-01,Tamil Nadu,90.54,PPAC-benchmark
2024-06-01,Telangana,93.92,PPAC-benchmark
2024-06-01,Uttar Pradesh,88.7,PPAC-benchmark
2024-06-01,West Bengal,91.22,PPAC-benchmark
2024-06-02,Andhra Pradesh,95.2,PPAC-benchmark
2024-06-02,Delhi,86.27,PPAC-benchmark
2024-06-02,Gujarat,87.04,PPAC-benchmark
2024-06-02,Haryana,89.51,PPAC-benchmark
2024-06-02,Karnataka,91.66,PPAC-benchmark
2024-06-02,Madhya Pradesh,92.01,PPAC-benchmark
2024-06-02,Maharashtra,94.2,PPAC-benchmark
2024-06-02,Punjab,90.08,PPAC-benchmark
2024-06-02,Rajasthan,92.9,PPAC-benchmark
2024-06-02,Tamil Nadu,90.44,PPAC-benchmark
2024-06-02,Telangana,93.93,PPAC-benchmark
2024-06-02,Uttar Pradesh,88.67,PPAC-benchmark
2024-06-02,West Bengal,91.24,PPAC-benchmark
2024-06-03,Andhra Pradesh,95.07,PPAC-benchmark
2024-06-03,Delhi,86.34,PPAC-benchmark
2024-06-03,Gujarat,86.9,PPAC-benchmark
2024-06-03,Haryana,89.46,PPAC-benchmark
2024-06-03,Karnataka,91.61,PPAC-benchmark
2024-06-03,Madhya Pradesh,91.84,PPAC-benchmark
2024-06-03,Maharashtra,94.26,PPAC-benchmark
2024-06-03,Punjab,89.93,PPAC-benchmark
2024-06-03,Rajasthan,92.79,PPAC-benchmark
2024-06-03,Tamil Nadu,90.4,PPAC-benchmark
2024-06-03,Telangana,93.96,PPAC-benchmark
2024-06-03,Uttar Pradesh,88.64,PPAC-benchmark
2024-06-03,West Bengal,91.17,PPAC-benchmark
2024-06-04,Andhra Pradesh,95.13,PPAC-benchmark
2024-06-04,Delhi,86.1,PPAC-benchmark
2024-06-04,Gujarat,86.88,PPAC-benchmark
2024-06-04,Haryana,89.41,PPAC-benchmark
2024-06-04,Karnataka,91.53,PPAC-benchmark
2024-06-04,Madhya Pradesh,91.9,PPAC-benchmark
2024-06-04,Maharashtra,94.14,PPAC-benchmark
2024-06-04,Punjab,90.02,PPAC-benchmark
2024-06-04,Rajasthan,92.82,PPAC-benchmark
2024-06-04,Tamil Nadu,90.39,PPAC-benchmark
2024-06-04,Telangana,93.86,PPAC-benchmark
2024-06-04,Uttar Pradesh,88.53,PPAC-benchmark
2024-06-04,West Bengal,91.07,PPAC-benchmark
2024-06-05,Andhra Pradesh,95.16,PPAC-benchmark
2024-06-05,Gujarat,86.86,PPAC-benchmark
2024-06-05,Haryana,89.45,PPAC-benchmark
2024-06-05,Karnataka,91.64,PPAC-benchmark
2024-06-05,Maharashtra,94.14,PPAC-benchmark
2024-06-05,Punjab,90.02,PPAC-benchmark
2024-06-05,Rajasthan,92.8,PPAC-benchmark
2024-06-05,Tamil Nadu,90.49,PPAC-benchmark
2024-06-05,Telangana,93.85,PPAC-benchmark
2024-06-05,Uttar Pradesh,88.53,PPAC-benchmark
2024-06-05,West Bengal,91.08,PPAC-benchmark
2024-06-06,Andhra Pradesh,95.16,PPAC-benchmark
2024-06-06,Delhi,86.21,PPAC-benchmark
2024-06-06,Gujarat,86.85,PPAC-benchmark
2024-06-06,Haryana,89.44,PPAC-benchmark
2024-06-06,Karnataka,91.68,PPAC-benchmark
2024-06-06,Madhya Pradesh,91.89,PPAC-benchmark
2024-06-06,Maharashtra,94.22,PPAC-benchmark
2024-06-06,Punjab,89.96,PPAC-benchmark
2024-06-06,Rajasthan,92.81,PPAC-benchmark
2024-06-06,Tamil Nadu,90.44,PPAC-benchmark
2024-06-06,Telangana,93.95,PPAC-benchmark
2024-06-06,Uttar Pradesh,88.72,PPAC-benchmark
2024-06-06,West Bengal,91.12,PPAC-benchmark
2024-06-07,Andhra Pradesh,95.1,PPAC-benchmark
2024-06-07,Delhi,86.25,PPAC-benchmark
2024-06-07,Gujarat,86.95,PPAC-benchmark
2024-06-07,Haryana,89.43,PPAC-benchmark
2024-06-07,Karnataka,91.65,PPAC-benchmark
2024-06-07,Madhya Pradesh,91.92,PPAC-benchmark
2024-06-07,Maharashtra,94.24,PPAC-benchmark
2024-06-07,Punjab,90.0,PPAC-benchmark
2024-06-07,Rajasthan,92.8,PPAC-benchmark
2024-06-07,Tamil Nadu,90.46,PPAC-benchmark
2024-06-07,Telangana,93.87,PPAC-benchmark
2024-06-07,Uttar Pradesh,88.64,PPAC-benchmark
2024-06-07,West Bengal,91.09,PPAC-benchmark
2024-06-08,Andhra Pradesh,95.1,PPAC-benchmark
2024-06-08,Delhi,86.18,PPAC-benchmark
2024-06-08,Gujarat,86.94,PPAC-benchmark
2024-06-08,Haryana,89.45,PPAC-benchmark
2024-06-08,Karnataka,91.66,PPAC-benchmark
2024-06-08,Madhya Pradesh,91.87,PPAC-benchmark
2024-06-08,Punjab,90.07,PPAC-benchmark
2024-06-08,Rajasthan,92.77,PPAC-benchmark
2024-06-08,Tamil Nadu,90.39,PPAC-benchmark
2024-06-08,Telangana,93.98,PPAC-benchmark
2024-06-08,Uttar Pradesh,88.61,PPAC-benchmark
2024-06-08,West Bengal,91.08,PPAC-benchmark
2024-06-09,Andhra Pradesh,95.07,PPAC-benchmark
2024-06-09,Delhi,86.29,PPAC-benchmark
2024-06-09,Gujarat,86.77,PPAC-benchmark
2024-06-09,Karnataka,91.59,PPAC-benchmark
2024-06-09,Madhya Pradesh,91.87,PPAC-benchmark
2024-06-09,Maharashtra,94.25,PPAC-benchmark
2024-06-09,Punjab,89.97,PPAC-benchmark
2024-06-09,Rajasthan,92.8,PPAC-benchmark
2024-06-09,Tamil Nadu,90.4,PPAC-benchmark
2024-06-09,Telangana,93.97,PPAC-benchmark
2024-06-09,Uttar Pradesh,88.61,PPAC-benchmark
2024-06-09,West Bengal,91.05,PPAC-benchmark
2024-06-10,Andhra Pradesh,95.06,PPAC-benchmark
2024-06-10,Delhi,86.23,PPAC-benchmark
2024-06-10,Gujarat,86.81,PPAC-benchmark
2024-06-10,Haryana,89.38,PPAC-benchmark
2024-06-10,Madhya Pradesh,91.82,PPAC-benchmark
2024-06-10,Maharashtra,94.24,PPAC-benchmark
2024-06-10,Punjab,89.95,PPAC-benchmark
2024-06-10,Rajasthan,92.85,PPAC-benchmark
2024-06-10,Tamil Nadu,90.41,PPAC-benchmark
2024-06-10,Telangana,93.85,PPAC-benchmark
2024-06-10,Uttar Pradesh,88.62,PPAC-benchmark
2024-06-10,West Bengal,91.11,PPAC-benchmark
2024-06-11,Andhra Pradesh,95.08,PPAC-benchmark
2024-06-11,Delhi,86.17,PPAC-benchmark
2024-06-11,Gujarat,86.95,PPAC-benchmark
2024-06-11,Haryana,89.35,PPAC-benchmark
2024-06-11,Karnataka,91.59,PPAC-benchmark
2024-06-11,Madhya Pradesh,91.92,PPAC-benchmark
2024-06-11,Maharashtra,94.24,PPAC-benchmark
2024-06-11,Punjab,89.88,PPAC-benchmark
2024-06-11,Rajasthan,92.83,PPAC-benchmark
2024-06-11,Tamil Nadu,90.3,PPAC-benchmark
2024-06-11,Telangana,93.87,PPAC-benchmark
2024-06-11,Uttar Pradesh,88.55,PPAC-benchmark
2024-06-11,West Bengal,91.08,PPAC-benchmark
2024-06-12,Andhra Pradesh,95.13,PPAC-benchmark
2024-06-12,Delhi,86.11,PPAC-benchmark
2024-06-12,Gujarat,86.78,PPAC-benchmark
2024-06-12,Haryana,89.34,PPAC-benchmark
2024-06-12,Karnataka,91.58,PPAC-benchmark
2024-06-12,Madhya Pradesh,91.87,PPAC-benchmark
2024-06-12,Maharashtra,94.12,PPAC-benchmark
2024-06-12,Punjab,89.94,PPAC-benchmark
2024-06-12,Rajasthan,92.74,PPAC-benchmark
2024-06-12,Telangana,93.85,PPAC-benchmark
2024-06-12,Uttar Pradesh,88.57,PPAC-benchmark
2024-06-12,West Bengal,90.97,PPAC-benchmark
2024-06-13,Andhra Pradesh,95.11,PPAC-benchmark
2024-06-13,Delhi,86.23,PPAC-benchmark
2024-06-13,Gujarat,86.87,PPAC-benchmark
2024-06-13,Haryana,89.45,PPAC-benchmark
2024-06-13,Karnataka,91.55,PPAC-benchmark
2024-06-13,Madhya Pradesh,91.94,PPAC-benchmark
2024-06-13,Maharashtra,94.16,PPAC-benchmark
2024-06-13,Punjab,90.01,PPAC-benchmark
2024-06-13,Rajasthan,92.85,PPAC-benchmark
2024-06-13,Tamil Nadu,90.36,PPAC-benchmark
2024-06-13,Telangana,93.93,PPAC-benchmark
2024-06-13,Uttar Pradesh,88.6,PPAC-benchmark
2024-06-13,West Bengal,91.08,PPAC-benchmark
2024-06-14,Andhra Pradesh,95.05,PPAC-benchmark
2024-06-14,Delhi,86.13,PPAC-benchmark
2024-06-14,Gujarat,86.9,PPAC-benchmark
2024-06-14,Haryana,89.37,PPAC-benchmark
2024-06-14,Karnataka,91.51,PPAC-benchmark
2024-06-14,Madhya Pradesh,91.82,PPAC-benchmark
2024-06-14,Maharashtra,94.13,PPAC-benchmark
2024-06-14,Punjab,90.0,PPAC-benchmark
2024-06-14,Rajasthan,92.89,PPAC-benchmark
2024-06-14,Tamil Nadu,90.29,PPAC-benchmark
2024-06-14,Telangana,93.84,PPAC-benchmark
2024-06-14,Uttar Pradesh,88.58,PPAC-benchmark
2024-06-14,West Bengal,91.05,PPAC-benchmark
2024-06-15,Andhra Pradesh,95.0,PPAC-benchmark
2024-06-15,Delhi,86.24,PPAC-benchmark
2024-06-15,Gujarat,86.84,PPAC-benchmark
2024-06-15,Haryana,89.41,PPAC-benchmark
2024-06-15,Karnataka,91.55,PPAC-benchmark
2024-06-15,Madhya Pradesh,91.89,PPAC-benchmark
2024-06-15,Maharashtra,94.2,PPAC-benchmark
2024-06-15,Punjab,89.99,PPAC-benchmark
2024-06-15,Rajasthan,92.83,PPAC-benchmark
2024-06-15,Tamil Nadu,90.46,PPAC-benchmark
2024-06-15,Telangana,93.88,PPAC-benchmark
2024-06-15,Uttar Pradesh,88.51,PPAC-benchmark
2024-06-15,West Bengal,91.16,PPAC-benchmark
2024-06-16,Andhra Pradesh,95.12,PPAC-benchmark
2024-06-16,Delhi,86.18,PPAC-benchmark
2024-06-16,Gujarat,86.85,PPAC-benchmark
2024-06-16,Haryana,89.34,PPAC-benchmark
2024-06-16,Karnataka,91.52,PPAC-benchmark
2024-06-16,Madhya Pradesh,91.89,PPAC-benchmark
2024-06-16,Maharashtra,94.2,PPAC-benchmark
2024-06-16,Punjab,89.97,PPAC-benchmark
2024-06-16,Rajasthan,92.74,PPAC-benchmark
2024-06-16,Tamil Nadu,90.33,PPAC-benchmark
2024-06-16,Telangana,93.85,PPAC-benchmark
2024-06-16,Uttar Pradesh,88.67,PPAC-benchmark
2024-06-16,West Bengal,91.04,PPAC-benchmark
2024-06-17,Andhra Pradesh,95.02,PPAC-benchmark
2024-06-17,Delhi,86.06,PPAC-benchmark
2024-06-17,Gujarat,86.85,PPAC-benchmark
2024-06-17,Haryana,89.41,PPAC-benchmark
2024-06-17,Karnataka,91.45,PPAC-benchmark
2024-06-17,Madhya Pradesh,91.81,PPAC-benchmark
2024-06-17,Maharashtra,94.11,PPAC-benchmark
2024-06-17,Punjab,89.97,PPAC-benchmark
2024-06-17,Rajasthan,92.71,PPAC-benchmark
2024-06-17,Tamil Nadu,90.37,PPAC-benchmark
2024-06-17,Uttar Pradesh,88.64,PPAC-benchmark
2024-06-17,West Bengal,91.11,PPAC-benchmark
2024-06-18,Andhra Pradesh,95.05,PPAC-benchmark
2024-06-18,Delhi,86.15,PPAC-benchmark
2024-06-18,Gujarat,86.92,PPAC-benchmark
2024-06-18,Haryana,89.26,PPAC-benchmark
2024-06-18,Karnataka,91.56,PPAC-benchmark
2024-06-18,Madhya Pradesh,91.78,PPAC-benchmark
2024-06-18,Maharashtra,94.13,PPAC-benchmark
2024-06-18,Punjab,89.88,PPAC-benchmark
2024-06-18,Tamil Nadu,90.31,PPAC-benchmark
2024-06-18,Telangana,93.87,PPAC-benchmark
2024-06-18,Uttar Pradesh,88.56,PPAC-benchmark
2024-06-18,West Bengal,91.06,PPAC-benchmark
2024-06-19,Andhra Pradesh,95.07,PPAC-benchmark
2024-06-19,Delhi,86.12,PPAC-benchmark
2024-06-19,Gujarat,86.9,PPAC-benchmark
2024-06-19,Haryana,89.31,PPAC-benchmark
2024-06-19,Karnataka,91.6,PPAC-benchmark
2024-06-19,Madhya Pradesh,91.74,PPAC-benchmark
2024-06-19,Tamil Nadu,90.3,PPAC-benchmark
2024-06-19,Telangana,93.93,PPAC-benchmark
2024-06-19,Uttar Pradesh,88.53,PPAC-benchmark
2024-06-19,West Bengal,90.99,PPAC-benchmark
2024-06-20,Andhra Pradesh,95.05,PPAC-benchmark
2024-06-20,Delhi,86.1,PPAC-benchmark
2024-06-20,Gujarat,86.83,PPAC-benchmark
2024-06-20,Haryana,89.28,PPAC-benchmark
2024-06-20,Karnataka,91.6,PPAC-benchmark
2024-06-20,Madhya Pradesh,91.84,PPAC-benchmark
2024-06-20,Maharashtra,94.06,PPAC-benchmark
2024-06-20,Punjab,90.04,PPAC-benchmark
2024-06-20,Rajasthan,92.78,PPAC-benchmark
2024-06-20,Tamil Nadu,90.43,PPAC-benchmark
2024-06-20,Telangana,93.86,PPAC-benchmark
2024-06-20,Uttar Pradesh,88.57,PPAC-benchmark
2024-06-20,West Bengal,91.0,PPAC-benchmark
2024-06-21,Andhra Pradesh,95.03,PPAC-benchmark
2024-06-21,Delhi,86.1,PPAC-benchmark
2024-06-21,Gujarat,86.85,PPAC-benchmark
2024-06-21,Haryana,89.33,PPAC-benchmark
2024-06-21,Karnataka,91.51,PPAC-benchmark
2024-06-21,Madhya Pradesh,91.83,PPAC-benchmark
2024-06-21,Maharashtra,94.12,PPAC-benchmark
2024-06-21,Punjab,89.87,PPAC-benchmark
2024-06-21,Rajasthan,92.77,PPAC-benchmark
2024-06-21,Tamil Nadu,90.28,PPAC-benchmark
2024-06-21,Telangana,93.82,PPAC-benchmark
2024-06-21,Uttar Pradesh,88.47,PPAC-benchmark
2024-06-21,West Bengal,91.07,PPAC-benchmark
2024-06-22,Andhra Pradesh,94.99,PPAC-benchmark
2024-06-22,Delhi,86.12,PPAC-benchmark
2024-06-22,Gujarat,86.69,PPAC-benchmark
2024-06-22,Haryana,89.22,PPAC-benchmark
2024-06-22,Karnataka,91.56,PPAC-benchmark
2024-06-22,Madhya Pradesh,91.76,PPAC-benchmark
2024-06-22,Punjab,89.92,PPAC-benchmark
2024-06-22,Rajasthan,92.66,PPAC-benchmark
2024-06-22,Tamil Nadu,90.39,PPAC-benchmark
2024-06-22,Telangana,93.81,PPAC-benchmark
2024-06-22,Uttar Pradesh,88.46,PPAC-benchmark
2024-06-22,West Bengal,91.04,PPAC-benchmark
2024-06-23,Andhra Pradesh,94.97,PPAC-benchmark
2024-06-23,Delhi,86.18,PPAC-benchmark
2024-06-23,Gujarat,86.72,PPAC-benchmark
2024-06-23,Haryana,89.31,PPAC-benchmark
2024-06-23,Karnataka,91.49,PPAC-benchmark
2024-06-23,Maharashtra,94.18,PPAC-benchmark
2024-06-23,Punjab,89.81,PPAC-benchmark
2024-06-23,Rajasthan,92.67,PPAC-benchmark
2024-06-23,Tamil Nadu,90.24,PPAC-benchmark
2024-06-23,Telangana,93.74,PPAC-benchmark
2024-06-23,Uttar Pradesh,88.45,PPAC-benchmark
2024-06-23,West Bengal,91.03,PPAC-benchmark
2024-06-24,Andhra Pradesh,94.98,PPAC-benchmark
2024-06-24,Delhi,86.09,PPAC-benchmark
2024-06-24,Gujarat,86.79,PPAC-benchmark
2024-06-24,Haryana,89.25,PPAC-benchmark
2024-06-24,Karnataka,91.48,PPAC-benchmark
2024-06-24,Madhya Pradesh,91.78,PPAC-benchmark
2024-06-24,Maharashtra,94.01,PPAC-benchmark
2024-06-24,Punjab,89.86,PPAC-benchmark
2024-06-24,Rajasthan,92.54,PPAC-benchmark
2024-06-24,Tamil Nadu,90.24,PPAC-benchmark
2024-06-24,Telangana,93.79,PPAC-benchmark
2024-06-24,Uttar Pradesh,88.5,PPAC-benchmark
2024-06-24,West Bengal,90.91,PPAC-benchmark
2024-06-25,Andhra Pradesh,95.05,PPAC-benchmark
2024-06-25,Delhi,86.1,PPAC-benchmark
2024-06-25,Gujarat,86.76,PPAC-benchmark
2024-06-25,Haryana,89.35,PPAC-benchmark
2024-06-25,Karnataka,91.45,PPAC-benchmark
2024-06-25,Madhya Pradesh,91.86,PPAC-benchmark
2024-06-25,Maharashtra,94.1,PPAC-benchmark
2024-06-25,Punjab,89.92,PPAC-benchmark
2024-06-25,Rajasthan,92.65,PPAC-benchmark
2024-06-25,Tamil Nadu,90.27,PPAC-benchmark
2024-06-25,Telangana,93.76,PPAC-benchmark
2024-06-25,Uttar Pradesh,88.51,PPAC-benchmark
2024-06-25,West Bengal,91.05,PPAC-benchmark
2024-06-26,Andhra Pradesh,95.04,PPAC-benchmark
2024-06-26,Delhi,86.08,PPAC-benchmark
2024-06-26,Gujarat,86.82,PPAC-benchmark
2024-06-26,Haryana,89.2,PPAC-benchmark
2024-06-26,Karnataka,91.4,PPAC-benchmark
2024-06-26,Madhya Pradesh,91.83,PPAC-benchmark
2024-06-26,Maharashtra,94.03,PPAC-benchmark
2024-06-26,Punjab,89.86,PPAC-benchmark
2024-06-26,Rajasthan,92.65,PPAC-benchmark
2024-06-26,Tamil Nadu,90.27,PPAC-benchmark
2024-06-26,Telangana,93.81,PPAC-benchmark
2024-06-26,Uttar Pradesh,88.48,PPAC-benchmark
2024-06-26,West Bengal,91.03,PPAC-benchmark
2024-06-27,Andhra Pradesh,94.97,PPAC-benchmark
2024-06-27,Delhi,86.09,PPAC-benchmark
2024-06-27,Gujarat,86.86,PPAC-benchmark
2024-06-27,Karnataka,91.45,PPAC-benchmark
2024-06-27,Madhya Pradesh,91.84,PPAC-benchmark
2024-06-27,Maharashtra,94.06,PPAC-benchmark
2024-06-27,Punjab,89.86,PPAC-benchmark
2024-06-27,Rajasthan,92.67,PPAC-benchmark
2024-06-27,Telangana,93.79,PPAC-benchmark
2024-06-27,Uttar Pradesh,88.41,PPAC-benchmark
2024-06-28,Andhra Pradesh,94.97,PPAC-benchmark
2024-06-28,Delhi,86.05,PPAC-benchmark
2024-06-28,Gujarat,86.85,PPAC-benchmark
2024-06-28,Haryana,89.25,PPAC-benchmark
2024-06-28,Karnataka,91.52,PPAC-benchmark
2024-06-28,Madhya Pradesh,91.81,PPAC-benchmark
2024-06-28,Maharashtra,94.1,PPAC-benchmark
2024-06-28,Rajasthan,92.65,PPAC-benchmark
2024-06-28,Tamil Nadu,90.35,PPAC-benchmark
2024-06-28,Telangana,93.73,PPAC-benchmark
2024-06-28,Uttar Pradesh,88.52,PPAC-benchmark
2024-06-28,West Bengal,91.0,PPAC-benchmark
2024-06-29,Andhra Pradesh,94.95,PPAC-benchmark
2024-06-29,Delhi,86.13,PPAC-benchmark
2024-06-29,Gujarat,86.77,PPAC-benchmark
2024-06-29,Haryana,89.31,PPAC-benchmark
2024-06-29,Karnataka,91.43,PPAC-benchmark
2024-06-29,Madhya Pradesh,91.74,PPAC-benchmark
2024-06-29,Maharashtra,94.01,PPAC-benchmark
2024-06-29,Punjab,89.9,PPAC-benchmark
2024-06-29,Rajasthan,92.68,PPAC-benchmark
2024-06-29,Tamil Nadu,90.23,PPAC-benchmark
2024-06-29,Telangana,93.82,PPAC-benchmark
2024-06-29,Uttar Pradesh,88.61,PPAC-benchmark
2024-06-29,West Bengal,91.02,PPAC-benchmark
2024-06-30,Andhra Pradesh,94.9,PPAC-benchmark
2024-06-30,Gujarat,86.75,PPAC-benchmark
2024-06-30,Haryana,89.27,PPAC-benchmark
2024-06-30,Karnataka,91.38,PPAC-benchmark
2024-06-30,Madhya Pradesh,91.69,PPAC-benchmark
2024-06-30,Maharashtra,94.1,PPAC-benchmark
2024-06-30,Punjab,89.9,PPAC-benchmark
2024-06-30,Tamil Nadu,90.33,PPAC-benchmark
2024-06-30,Telangana,93.72,PPAC-benchmark
2024-06-30,Uttar Pradesh,88.46,PPAC-benchmark
2024-06-30,West Bengal,90.97,PPAC-benchmark
2024-07-01,Andhra Pradesh,94.86,PPAC-benchmark
2024-07-01,Delhi,86.08,PPAC-benchmark
2024-07-01,Gujarat,86.85,PPAC-benchmark
2024-07-01,Haryana,89.37,PPAC-benchmark
2024-07-01,Karnataka,91.54,PPAC-benchmark
2024-07-01,Madhya Pradesh,91.82,PPAC-benchmark
2024-07-01,Maharashtra,94.09,PPAC-benchmark
2024-07-01,Punjab,89.77,PPAC-benchmark
2024-07-01,Rajasthan,92.67,PPAC-benchmark
2024-07-01,Tamil Nadu,90.28,PPAC-benchmark
2024-07-01,Telangana,93.77,PPAC-benchmark
2024-07-01,Uttar Pradesh,88.5,PPAC-benchmark
2024-07-01,West Bengal,90.93,PPAC-benchmark
2024-07-02,Andhra Pradesh,95.05,PPAC-benchmark
2024-07-02,Delhi,86.08,PPAC-benchmark
2024-07-02,Gujarat,86.8,PPAC-benchmark
2024-07-02,Haryana,89.28,PPAC-benchmark
2024-07-02,Karnataka,91.46,PPAC-benchmark
2024-07-02,Madhya Pradesh,91.79,PPAC-benchmark
2024-07-02,Maharashtra,94.03,PPAC-benchmark
2024-07-02,Rajasthan,92.57,PPAC-benchmark
2024-07-02,Tamil Nadu,90.21,PPAC-benchmark
2024-07-02,Telangana,93.74,PPAC-benchmark
2024-07-02,Uttar Pradesh,88.48,PPAC-benchmark
2024-07-02,West Bengal,90.94,PPAC-benchmark
2024-07-03,Andhra Pradesh,95.04,PPAC-benchmark
2024-07-03,Delhi,86.19,PPAC-benchmark
2024-07-03,Gujarat,86.83,PPAC-benchmark
2024-07-03,Haryana,89.32,PPAC-benchmark
2024-07-03,Karnataka,91.55,PPAC-benchmark
2024-07-03,Madhya Pradesh,91.74,PPAC-benchmark
2024-07-03,Maharashtra,94.01,PPAC-benchmark
2024-07-03,Punjab,89.86,PPAC-benchmark
2024-07-03,Rajasthan,92.73,PPAC-benchmark
2024-07-03,Tamil Nadu,90.27,PPAC-benchmark
2024-07-03,Telangana,93.85,PPAC-benchmark
2024-07-03,Uttar Pradesh,88.58,PPAC-benchmark
2024-07-03,West Bengal,91.0,PPAC-benchmark
2024-07-04,Andhra Pradesh,95.03,PPAC-benchmark
2024-07-04,Delhi,86.14,PPAC-benchmark
2024-07-04,Gujarat,86.76,PPAC-benchmark
2024-07-04,Haryana,89.27,PPAC-benchmark
2024-07-04,Karnataka,91.41,PPAC-benchmark
2024-07-04,Madhya Pradesh,91.76,PPAC-benchmark
2024-07-04,Maharashtra,94.13,PPAC-benchmark
2024-07-04,Punjab,89.8,PPAC-benchmark
2024-07-04,Rajasthan,92.64,PPAC-benchmark
2024-07-04,Tamil Nadu,90.3,PPAC-benchmark
2024-07-04,Telangana,93.82,PPAC-benchmark
2024-07-04,Uttar Pradesh,88.55,PPAC-benchmark
2024-07-04,West Bengal,91.02,PPAC-benchmark
2024-07-05,Delhi,86.03,PPAC-benchmark
2024-07-05,Gujarat,86.79,PPAC-benchmark
2024-07-05,Haryana,89.24,PPAC-benchmark
2024-07-05,Karnataka,91.47,PPAC-benchmark
2024-07-05,Madhya Pradesh,91.78,PPAC-benchmark
2024-07-05,Maharashtra,94.17,PPAC-benchmark
2024-07-05,Punjab,89.92,PPAC-benchmark
2024-07-05,Rajasthan,92.72,PPAC-benchmark
2024-07-05,Tamil Nadu,90.28,PPAC-benchmark
2024-07-05,Telangana,93.72,PPAC-benchmark
2024-07-05,Uttar Pradesh,88.48,PPAC-benchmark
2024-07-05,West Bengal,91.03,PPAC-benchmark
2024-07-06,Andhra Pradesh,95.01,PPAC-benchmark
2024-07-06,Gujarat,86.82,PPAC-benchmark
2024-07-06,Haryana,89.31,PPAC-benchmark
2024-07-06,Karnataka,91.52,PPAC-benchmark
2024-07-06,Madhya Pradesh,91.75,PPAC-benchmark
2024-07-06,Maharashtra,94.11,PPAC-benchmark
2024-07-06,Punjab,89.99,PPAC-benchmark
2024-07-06,Rajasthan,92.69,PPAC-benchmark
2024-07-06,Tamil Nadu,90.32,PPAC-benchmark
2024-07-06,Telangana,93.82,PPAC-benchmark
2024-07-06,Uttar Pradesh,88.44,PPAC-benchmark
2024-07-06,West Bengal,91.02,PPAC-benchmark
2024-07-07,Andhra Pradesh,95.03,PPAC-benchmark
2024-07-07,Gujarat,86.87,PPAC-benchmark
2024-07-07,Haryana,89.32,PPAC-benchmark
2024-07-07,Karnataka,91.56,PPAC-benchmark
2024-07-07,Madhya Pradesh,91.78,PPAC-benchmark
2024-07-07,Maharashtra,94.11,PPAC-benchmark
2024-07-07,Punjab,89.96,PPAC-benchmark
2024-07-07,Rajasthan,92.65,PPAC-benchmark
2024-07-07,Tamil Nadu,90.31,PPAC-benchmark
2024-07-07,Telangana,93.8,PPAC-benchmark
2024-07-07,Uttar Pradesh,88.41,PPAC-benchmark
2024-07-07,West Bengal,90.93,PPAC-benchmark
2024-07-08,Andhra Pradesh,95.05,PPAC-benchmark
2024-07-08,Delhi,86.19,PPAC-benchmark
2024-07-08,Gujarat,86.88,PPAC-benchmark
2024-07-08,Haryana,89.34,PPAC-benchmark
2024-07-08,Karnataka,91.49,PPAC-benchmark
2024-07-08,Madhya Pradesh,91.79,PPAC-benchmark
2024-07-08,Maharashtra,94.11,PPAC-benchmark
2024-07-08,Punjab,89.91,PPAC-benchmark
2024-07-08,Rajasthan,92.64,PPAC-benchmark
2024-07-08,Tamil Nadu,90.22,PPAC-benchmark
2024-07-08,Telangana,93.74,PPAC-benchmark
2024-07-08,Uttar Pradesh,88.43,PPAC-benchmark
2024-07-08,West Bengal,90.98,PPAC-benchmark
2024-07-09,Andhra Pradesh,95.0,PPAC-benchmark
2024-07-09,Delhi,86.11,PPAC-benchmark
2024-07-09,Gujarat,86.81,PPAC-benchmark
2024-07-09,Haryana,89.27,PPAC-benchmark
2024-07-09,Karnataka,91.52,PPAC-benchmark
2024-07-09,Madhya Pradesh,91.78,PPAC-benchmark
2024-07-09,Maharashtra,94.11,PPAC-benchmark
2024-07-09,Punjab,89.86,PPAC-benchmark
2024-07-09,Rajasthan,92.68,PPAC-benchmark
2024-07-09,Tamil Nadu,90.3,PPAC-benchmark
2024-07-09,Telangana,93.77,PPAC-benchmark
2024-07-09,Uttar Pradesh,88.58,PPAC-benchmark
2024-07-09,West Bengal,90.99,PPAC-benchmark
2024-07-10,Andhra Pradesh,94.94,PPAC-benchmark
2024-07-10,Delhi,86.12,PPAC-benchmark
2024-07-10,Gujarat,86.74,PPAC-benchmark
2024-07-10,Haryana,89.22,PPAC-benchmark
2024-07-10,Karnataka,91.5,PPAC-benchmark
2024-07-10,Madhya Pradesh,91.69,PPAC-benchmark
2024-07-10,Maharashtra,94.15,PPAC-benchmark
2024-07-10,Rajasthan,92.66,PPAC-benchmark
2024-07-10,Tamil Nadu,90.28,PPAC-benchmark
2024-07-10,Telangana,93.85,PPAC-benchmark
2024-07-10,Uttar Pradesh,88.56,PPAC-benchmark
2024-07-10,West Bengal,91.02,PPAC-benchmark
2024-07-11,Andhra Pradesh,94.95,PPAC-benchmark
2024-07-11,Delhi,86.13,PPAC-benchmark
2024-07-11,Gujarat,86.89,PPAC-benchmark
2024-07-11,Haryana,89.25,PPAC-benchmark
2024-07-11,Karnataka,91.42,PPAC-benchmark
2024-07-11,Madhya Pradesh,91.87,PPAC-benchmark
2024-07-11,Maharashtra,94.13,PPAC-benchmark
2024-07-11,Punjab,89.92,PPAC-benchmark
2024-07-11,Tamil Nadu,90.31,PPAC-benchmark
2024-07-11,Telangana,93.82,PPAC-benchmark
2024-07-11,Uttar Pradesh,88.48,PPAC-benchmark
2024-07-11,West Bengal,90.97,PPAC-benchmark
2024-07-12,Andhra Pradesh,94.94,PPAC-benchmark
2024-07-12,Delhi,86.13,PPAC-benchmark
2024-07-12,Gujarat,86.89,PPAC-benchmark
2024-07-12,Haryana,89.29,PPAC-benchmark
2024-07-12,Karnataka,91.49,PPAC-benchmark
2024-07-12,Madhya Pradesh,91.89,PPAC-benchmark
2024-07-12,Maharashtra,94.11,PPAC-benchmark
2024-07-12,Punjab,89.81,PPAC-benchmark
2024-07-12,Rajasthan,92.65,PPAC-benchmark
2024-07-12,Tamil Nadu,90.29,PPAC-benchmark
2024-07-12,Telangana,93.85,PPAC-benchmark
2024-07-12,Uttar Pradesh,88.44,PPAC-benchmark
2024-07-12,West Bengal,90.99,PPAC-benchmark
2024-07-13,Andhra Pradesh,95.07,PPAC-benchmark
2024-07-13,Delhi,86.1,PPAC-benchmark
2024-07-13,Gujarat,86.7,PPAC-benchmark
2024-07-13,Maharashtra,94.08,PPAC-benchmark
2024-07-13,Punjab,89.91,PPAC-benchmark
2024-07-13,Rajasthan,92.71,PPAC-benchmark
2024-07-13,Tamil Nadu,90.28,PPAC-benchmark
2024-07-13,Telangana,93.73,PPAC-benchmark
2024-07-13,Uttar Pradesh,88.46,PPAC-benchmark
2024-07-13,West Bengal,90.98,PPAC-benchmark
2024-07-14,Andhra Pradesh,95.06,PPAC-benchmark
2024-07-14,Delhi,86.14,PPAC-benchmark
2024-07-14,Gujarat,86.87,PPAC-benchmark
2024-07-14,Haryana,89.24,PPAC-benchmark
2024-07-14,Karnataka,91.56,PPAC-benchmark
2024-07-14,Madhya Pradesh,91.95,PPAC-benchmark
2024-07-14,Maharashtra,94.12,PPAC-benchmark
2024-07-14,Punjab,89.93,PPAC-benchmark
2024-07-14,Rajasthan,92.74,PPAC-benchmark
2024-07-14,Tamil Nadu,90.42,PPAC-benchmark
2024-07-14,Telangana,93.82,PPAC-benchmark
2024-07-14,Uttar Pradesh,88.59,PPAC-benchmark
2024-07-14,West Bengal,91.14,PPAC-benchmark
2024-07-15,Andhra Pradesh,95.03,PPAC-benchmark
2024-07-15,Delhi,86.24,PPAC-benchmark
2024-07-15,Gujarat,86.94,PPAC-benchmark
2024-07-15,Haryana,89.44,PPAC-benchmark
2024-07-15,Karnataka,91.63,PPAC-benchmark
2024-07-15,Madhya Pradesh,91.87,PPAC-benchmark
2024-07-15,Maharashtra,94.19,PPAC-benchmark
2024-07-15,Punjab,89.97,PPAC-benchmark
2024-07-15,Rajasthan,92.76,PPAC-benchmark
2024-07-15,Telangana,93.9,PPAC-benchmark
2024-07-15,Uttar Pradesh,88.51,PPAC-benchmark
2024-07-15,West Bengal,91.06,PPAC-benchmark
2024-07-16,Andhra Pradesh,95.12,PPAC-benchmark
2024-07-16,Delhi,86.21,PPAC-benchmark
2024-07-16,Gujarat,86.85,PPAC-benchmark
2024-07-16,Haryana,89.41,PPAC-benchmark
2024-07-16,Karnataka,91.54,PPAC-benchmark
2024-07-16,Madhya Pradesh,91.88,PPAC-benchmark
2024-07-16,Punjab,89.98,PPAC-benchmark
2024-07-16,Rajasthan,92.69,PPAC-benchmark
2024-07-16,Tamil Nadu,90.47,PPAC-benchmark
2024-07-16,Telangana,93.85,PPAC-benchmark
2024-07-16,Uttar Pradesh,88.58,PPAC-benchmark
2024-07-16,West Bengal,91.03,PPAC-benchmark
2024-07-17,Andhra Pradesh,95.0,PPAC-benchmark
2024-07-17,Delhi,86.23,PPAC-benchmark
2024-07-17,Gujarat,86.83,PPAC-benchmark
2024-07-17,Haryana,89.38,PPAC-benchmark
2024-07-17,Karnataka,91.56,PPAC-benchmark
2024-07-17,Madhya Pradesh,91.87,PPAC-benchmark
2024-07-17,Maharashtra,94.2,PPAC-benchmark
2024-07-17,Punjab,89.98,PPAC-benchmark
2024-07-17,Rajasthan,92.82,PPAC-benchmark
2024-07-17,Tamil Nadu,90.31,PPAC-benchmark
2024-07-17,Telangana,93.88,PPAC-benchmark
2024-07-17,Uttar Pradesh,88.55,PPAC-benchmark
2024-07-17,West Bengal,91.11,PPAC-benchmark
2024-07-18,Andhra Pradesh,95.19,PPAC-benchmark
2024-07-18,Delhi,86.18,PPAC-benchmark
2024-07-18,Gujarat,86.89,PPAC-benchmark
2024-07-18,Haryana,89.4,PPAC-benchmark
2024-07-18,Karnataka,91.62,PPAC-benchmark
2024-07-18,Madhya Pradesh,91.89,PPAC-benchmark
2024-07-18,Maharashtra,94.15,PPAC-benchmark
2024-07-18,Punjab,89.96,PPAC-benchmark
2024-07-18,Rajasthan,92.78,PPAC-benchmark
2024-07-18,Tamil Nadu,90.38,PPAC-benchmark
2024-07-18,Telangana,93.88,PPAC-benchmark
2024-07-18,Uttar Pradesh,88.64,PPAC-benchmark
2024-07-18,West Bengal,90.98,PPAC-benchmark
2024-07-19,Andhra Pradesh,95.0,PPAC-benchmark
2024-07-19,Delhi,86.14,PPAC-benchmark
2024-07-19,Gujarat,86.94,PPAC-benchmark
2024-07-19,Haryana,89.41,PPAC-benchmark
2024-07-19,Karnataka,91.66,PPAC-benchmark
2024-07-19,Madhya Pradesh,91.94,PPAC-benchmark
2024-07-19,Maharashtra,94.19,PPAC-benchmark
2024-07-19,Punjab,89.97,PPAC-benchmark
2024-07-19,Rajasthan,92.73,PPAC-benchmark
2024-07-19,Tamil Nadu,90.35,PPAC-benchmark
2024-07-19,Telangana,93.92,PPAC-benchmark
2024-07-19,Uttar Pradesh,88.51,PPAC-benchmark
2024-07-19,West Bengal,91.12,PPAC-benchmark
2024-07-20,Andhra Pradesh,95.12,PPAC-benchmark
2024-07-20,Delhi,86.17,PPAC-benchmark
2024-07-20,Gujarat,86.88,PPAC-benchmark
2024-07-20,Haryana,89.29,PPAC-benchmark
2024-07-20,Karnataka,91.58,PPAC-benchmark
2024-07-20,Madhya Pradesh,91.89,PPAC-benchmark
2024-07-20,Maharashtra,94.19,PPAC-benchmark
2024-07-20,Punjab,90.01,PPAC-benchmark
2024-07-20,Rajasthan,92.78,PPAC-benchmark
2024-07-20,Tamil Nadu,90.51,PPAC-benchmark
2024-07-20,Telangana,93.87,PPAC-benchmark
2024-07-20,Uttar Pradesh,88.54,PPAC-benchmark
2024-07-20,West Bengal,91.1,PPAC-benchmark
2024-07-21,Andhra Pradesh,95.06,PPAC-benchmark
2024-07-21,Delhi,86.25,PPAC-benchmark
2024-07-21,Gujarat,86.84,PPAC-benchmark
2024-07-21,Haryana,89.36,PPAC-benchmark
2024-07-21,Karnataka,91.63,PPAC-benchmark
2024-07-21,Maharashtra,94.22,PPAC-benchmark
2024-07-21,Punjab,90.05,PPAC-benchmark
2024-07-21,Rajasthan,92.8,PPAC-benchmark
2024-07-21,Tamil Nadu,90.44,PPAC-benchmark
2024-07-21,Telangana,93.9,PPAC-benchmark
2024-07-21,Uttar Pradesh,88.55,PPAC-benchmark
2024-07-22,Andhra Pradesh,95.09,PPAC-benchmark
2024-07-22,Delhi,86.14,PPAC-benchmark
2024-07-22,Gujarat,86.83,PPAC-benchmark
2024-07-22,Haryana,89.35,PPAC-benchmark
2024-07-22,Karnataka,91.6,PPAC-benchmark
2024-07-22,Madhya Pradesh,91.89,PPAC-benchmark
2024-07-22,Maharashtra,94.15,PPAC-benchmark
2024-07-22,Punjab,89.97,PPAC-benchmark
2024-07-22,Rajasthan,92.73,PPAC-benchmark
2024-07-22,Tamil Nadu,90.35,PPAC-benchmark
2024-07-22,Telangana,93.88,PPAC-benchmark
2024-07-22,Uttar Pradesh,88.55,PPAC-benchmark
2024-07-22,West Bengal,91.1,PPAC-benchmark
2024-07-23,Andhra Pradesh,95.05,PPAC-benchmark
2024-07-23,Delhi,86.09,PPAC-benchmark
2024-07-23,Gujarat,86.88,PPAC-benchmark
2024-07-23,Haryana,89.45,PPAC-benchmark
2024-07-23,Karnataka,91.59,PPAC-benchmark
2024-07-23,Madhya Pradesh,91.86,PPAC-benchmark
2024-07-23,Maharashtra,94.24,PPAC-benchmark
2024-07-23,Punjab,89.98,PPAC-benchmark
2024-07-23,Rajasthan,92.85,PPAC-benchmark
2024-07-23,Tamil Nadu,90.37,PPAC-benchmark
2024-07-23,Telangana,93.88,PPAC-benchmark
2024-07-23,Uttar Pradesh,88.6,PPAC-benchmark
2024-07-23,West Bengal,91.19,PPAC-benchmark
2024-07-24,Andhra Pradesh,95.11,PPAC-benchmark
2024-07-24,Delhi,86.15,PPAC-benchmark
2024-07-24,Gujarat,86.91,PPAC-benchmark
2024-07-24,Haryana,89.38,PPAC-benchmark
2024-07-24,Karnataka,91.56,PPAC-benchmark
2024-07-24,Madhya Pradesh,91.89,PPAC-benchmark
2024-07-24,Maharashtra,94.17,PPAC-benchmark
2024-07-24,Punjab,89.97,PPAC-benchmark
2024-07-24,Rajasthan,92.79,PPAC-benchmark
2024-07-24,Tamil Nadu,90.48,PPAC-benchmark
2024-07-24,Telangana,93.85,PPAC-benchmark
2024-07-24,Uttar Pradesh,88.71,PPAC-benchmark
2024-07-24,West Bengal,91.17,PPAC-benchmark
2024-07-25,Andhra Pradesh,95.08,PPAC-benchmark
2024-07-25,Delhi,86.25,PPAC-benchmark
2024-07-25,Gujarat,86.93,PPAC-benchmark
2024-07-25,Haryana,89.45,PPAC-benchmark
2024-07-25,Karnataka,91.59,PPAC-benchmark
2024-07-25,Madhya Pradesh,91.9,PPAC-benchmark
2024-07-25,Maharashtra,94.21,PPAC-benchmark
2024-07-25,Punjab,89.93,PPAC-benchmark
2024-07-25,Rajasthan,92.8,PPAC-benchmark
2024-07-25,Tamil Nadu,90.39,PPAC-benchmark
2024-07-25,Telangana,93.98,PPAC-benchmark
2024-07-25,Uttar Pradesh,88.57,PPAC-benchmark
2024-07-25,West Bengal,91.15,PPAC-benchmark
2024-07-26,Andhra Pradesh,95.15,PPAC-benchmark
2024-07-26,Delhi,86.2,PPAC-benchmark
2024-07-26,Gujarat,86.98,PPAC-benchmark
2024-07-26,Haryana,89.28,PPAC-benchmark
2024-07-26,Karnataka,91.68,PPAC-benchmark
2024-07-26,Madhya Pradesh,91.94,PPAC-benchmark
2024-07-26,Maharashtra,94.16,PPAC-benchmark
2024-07-26,Punjab,90.08,PPAC-benchmark
2024-07-26,Rajasthan,92.9,PPAC-benchmark
2024-07-26,Tamil Nadu,90.43,PPAC-benchmark
2024-07-26,Telangana,93.99,PPAC-benchmark
2024-07-26,Uttar Pradesh,88.67,PPAC-benchmark
2024-07-26,West Bengal,91.13,PPAC-benchmark
2024-07-27,Andhra Pradesh,95.23,PPAC-benchmark
2024-07-27,Delhi,86.27,PPAC-benchmark
2024-07-27,Gujarat,86.94,PPAC-benchmark
2024-07-27,Haryana,89.42,PPAC-benchmark
2024-07-27,Karnataka,91.62,PPAC-benchmark
2024-07-27,Madhya Pradesh,91.92,PPAC-benchmark
2024-07-27,Maharashtra,94.26,PPAC-benchmark
2024-07-27,Punjab,90.09,PPAC-benchmark
2024-07-27,Rajasthan,92.92,PPAC-benchmark
2024-07-27,Tamil Nadu,90.39,PPAC-benchmark
2024-07-27,Telangana,94.06,PPAC-benchmark
2024-07-27,Uttar Pradesh,88.66,PPAC-benchmark
2024-07-27,West Bengal,91.12,PPAC-benchmark
2024-07-28,Andhra Pradesh,95.17,PPAC-benchmark
2024-07-28,Delhi,86.26,PPAC-benchmark
2024-07-28,Gujarat,86.94,PPAC-benchmark
2024-07-28,Haryana,89.55,PPAC-benchmark
2024-07-28,Karnataka,91.62,PPAC-benchmark
2024-07-28,Madhya Pradesh,91.91,PPAC-benchmark
2024-07-28,Maharashtra,94.24,PPAC-benchmark
2024-07-28,Punjab,90.02,PPAC-benchmark
2024-07-28,Rajasthan,92.89,PPAC-benchmark
2024-07-28,Tamil Nadu,90.41,PPAC-benchmark
2024-07-28,Uttar Pradesh,88.59,PPAC-benchmark
2024-07-28,West Bengal,91.22,PPAC-benchmark
2024-07-29,Delhi,86.25,PPAC-benchmark
2024-07-29,Gujarat,86.95,PPAC-benchmark
2024-07-29,Haryana,89.45,PPAC-benchmark
2024-07-29,Karnataka,91.64,PPAC-benchmark
2024-07-29,Madhya Pradesh,92.06,PPAC-benchmark
2024-07-29,Maharashtra,94.3,PPAC-benchmark
2024-07-29,Punjab,90.0,PPAC-benchmark
2024-07-29,Rajasthan,92.85,PPAC-benchmark
2024-07-29,Tamil Nadu,90.45,PPAC-benchmark
2024-07-29,Telangana,93.92,PPAC-benchmark
2024-07-29,West Bengal,91.19,PPAC-benchmark
2024-07-30,Andhra Pradesh,95.16,PPAC-benchmark
2024-07-30,Delhi,86.35,PPAC-benchmark
2024-07-30,Gujarat,87.0,PPAC-benchmark
2024-07-30,Haryana,89.51,PPAC-benchmark
2024-07-30,Karnataka,91.62,PPAC-benchmark
2024-07-30,Madhya Pradesh,91.96,PPAC-benchmark
2024-07-30,Maharashtra,94.27,PPAC-benchmark
2024-07-30,Punjab,90.14,PPAC-benchmark
2024-07-30,Rajasthan,92.89,PPAC-benchmark
2024-07-30,Tamil Nadu,90.5,PPAC-benchmark
2024-07-30,Telangana,94.07,PPAC-benchmark
2024-07-30,Uttar Pradesh,88.8,PPAC-benchmark
2024-07-30,West Bengal,91.12,PPAC-benchmark
2024-07-31,Andhra Pradesh,95.25,PPAC-benchmark
2024-07-31,Delhi,86.26,PPAC-benchmark
2024-07-31,Gujarat,87.06,PPAC-benchmark
2024-07-31,Haryana,89.45,PPAC-benchmark
2024-07-31,Madhya Pradesh,91.96,PPAC-benchmark
2024-07-31,Maharashtra,94.23,PPAC-benchmark
2024-07-31,Punjab,90.13,PPAC-benchmark
2024-07-31,Rajasthan,92.91,PPAC-benchmark
2024-07-31,Tamil Nadu,90.55,PPAC-benchmark
2024-07-31,Telangana,93.99,PPAC-benchmark
2024-07-31,Uttar Pradesh,88.73,PPAC-benchmark
2024-07-31,West Bengal,91.09,PPAC-benchmark
2024-08-01,Andhra Pradesh,95.19,PPAC-benchmark
2024-08-01,Delhi,86.25,PPAC-benchmark
2024-08-01,Gujarat,87.05,PPAC-benchmark
2024-08-01,Haryana,89.61,PPAC-benchmark
2024-08-01,Karnataka,91.72,PPAC-benchmark
2024-08-01,Madhya Pradesh,92.01,PPAC-benchmark
2024-08-01,Maharashtra,94.3,PPAC-benchmark
2024-08-01,Punjab,90.18,PPAC-benchmark
2024-08-01,Rajasthan,92.9,PPAC-benchmark
2024-08-01,Tamil Nadu,90.4,PPAC-benchmark
2024-08-01,Telangana,93.98,PPAC-benchmark
2024-08-01,Uttar Pradesh,88.8,PPAC-benchmark
2024-08-01,West Bengal,91.2,PPAC-benchmark
2024-08-02,Andhra Pradesh,95.23,PPAC-benchmark
2024-08-02,Delhi,86.34,PPAC-benchmark
2024-08-02,Gujarat,86.98,PPAC-benchmark
2024-08-02,Haryana,89.51,PPAC-benchmark
2024-08-02,Karnataka,91.76,PPAC-benchmark
2024-08-02,Madhya Pradesh,92.03,PPAC-benchmark
2024-08-02,Maharashtra,94.34,PPAC-benchmark
2024-08-02,Punjab,90.15,PPAC-benchmark
2024-08-02,Rajasthan,92.95,PPAC-benchmark
2024-08-02,Telangana,94.02,PPAC-benchmark
2024-08-02,Uttar Pradesh,88.79,PPAC-benchmark
2024-08-02,West Bengal,91.24,PPAC-benchmark
2024-08-03,Andhra Pradesh,95.21,PPAC-benchmark
2024-08-03,Delhi,86.44,PPAC-benchmark
2024-08-03,Gujarat,87.01,PPAC-benchmark
2024-08-03,Haryana,89.58,PPAC-benchmark
2024-08-03,Karnataka,91.86,PPAC-benchmark
2024-08-03,Madhya Pradesh,92.12,PPAC-benchmark
2024-08-03,Maharashtra,94.36,PPAC-benchmark
2024-08-03,Punjab,90.1,PPAC-benchmark
2024-08-03,Rajasthan,92.96,PPAC-benchmark
2024-08-03,Tamil Nadu,90.44,PPAC-benchmark
2024-08-03,Telangana,94.06,PPAC-benchmark
2024-08-03,Uttar Pradesh,88.74,PPAC-benchmark
2024-08-03,West Bengal,91.3,PPAC-benchmark
2024-08-04,Andhra Pradesh,95.31,PPAC-benchmark
2024-08-04,Delhi,86.38,PPAC-benchmark
2024-08-04,Gujarat,86.96,PPAC-benchmark
2024-08-04,Haryana,89.57,PPAC-benchmark
2024-08-04,Karnataka,91.77,PPAC-benchmark
2024-08-04,Madhya Pradesh,92.13,PPAC-benchmark
2024-08-04,Maharashtra,94.41,PPAC-benchmark
2024-08-04,Punjab,90.17,PPAC-benchmark
2024-08-04,Rajasthan,92.9,PPAC-benchmark
2024-08-04,Tamil Nadu,90.63,PPAC-benchmark
2024-08-04,Telangana,94.07,PPAC-benchmark
2024-08-04,Uttar Pradesh,88.8,PPAC-benchmark
2024-08-04,West Bengal,91.22,PPAC-benchmark
2024-08-05,Andhra Pradesh,95.28,PPAC-benchmark
2024-08-05,Delhi,86.36,PPAC-benchmark
2024-08-05,Gujarat,87.09,PPAC-benchmark
2024-08-05,Haryana,89.55,PPAC-benchmark
2024-08-05,Karnataka,91.76,PPAC-benchmark
2024-08-05,Madhya Pradesh,92.03,PPAC-benchmark
2024-08-05,Maharashtra,94.4,PPAC-benchmark
2024-08-05,Punjab,90.17,PPAC-benchmark
2024-08-05,Rajasthan,93.0,PPAC-benchmark
2024-08-05,Uttar Pradesh,88.73,PPAC-benchmark
2024-08-05,West Bengal,91.34,PPAC-benchmark
2024-08-06,Andhra Pradesh,95.25,PPAC-benchmark
2024-08-06,Delhi,86.49,PPAC-benchmark
2024-08-06,Gujarat,87.06,PPAC-benchmark
2024-08-06,Haryana,89.58,PPAC-benchmark
2024-08-06,Karnataka,91.76,PPAC-benchmark
2024-08-06,Madhya Pradesh,92.08,PPAC-benchmark
2024-08-06,Maharashtra,94.37,PPAC-benchmark
2024-08-06,Punjab,90.26,PPAC-benchmark
2024-08-06,Rajasthan,92.92,PPAC-benchmark
2024-08-06,Tamil Nadu,90.68,PPAC-benchmark
2024-08-06,Telangana,94.13,PPAC-benchmark
2024-08-06,Uttar Pradesh,88.73,PPAC-benchmark
2024-08-06,West Bengal,91.3,PPAC-benchmark
2024-08-07,Delhi,86.4,PPAC-benchmark
2024-08-07,Gujarat,87.09,PPAC-benchmark
2024-08-07,Haryana,89.59,PPAC-benchmark
2024-08-07,Karnataka,91.8,PPAC-benchmark
2024-08-07,Madhya Pradesh,92.06,PPAC-benchmark
2024-08-07,Maharashtra,94.38,PPAC-benchmark
2024-08-07,Punjab,90.13,PPAC-benchmark
2024-08-07,Rajasthan,92.9,PPAC-benchmark
2024-08-07,Tamil Nadu,90.54,PPAC-benchmark
2024-08-07,Telangana,94.03,PPAC-benchmark
2024-08-07,Uttar Pradesh,88.75,PPAC-benchmark
2024-08-07,West Bengal,91.17,PPAC-benchmark
2024-08-08,Andhra Pradesh,95.33,PPAC-benchmark
2024-08-08,Delhi,86.37,PPAC-benchmark
2024-08-08,Haryana,89.61,PPAC-benchmark
2024-08-08,Karnataka,91.78,PPAC-benchmark
2024-08-08,Madhya Pradesh,92.12,PPAC-benchmark
2024-08-08,Maharashtra,94.36,PPAC-benchmark
2024-08-08,Punjab,90.22,PPAC-benchmark
2024-08-08,Rajasthan,93.02,PPAC-benchmark
2024-08-08,Tamil Nadu,90.58,PPAC-benchmark
2024-08-08,Uttar Pradesh,88.8,PPAC-benchmark
2024-08-08,West Bengal,91.33,PPAC-benchmark
2024-08-09,Andhra Pradesh,95.24,PPAC-benchmark
2024-08-09,Delhi,86.39,PPAC-benchmark
2024-08-09,Gujarat,87.04,PPAC-benchmark
2024-08-09,Haryana,89.64,PPAC-benchmark
2024-08-09,Karnataka,91.85,PPAC-benchmark
2024-08-09,Madhya Pradesh,92.13,PPAC-benchmark
2024-08-09,Maharashtra,94.44,PPAC-benchmark
2024-08-09,Punjab,90.21,PPAC-benchmark
2024-08-09,Rajasthan,92.98,PPAC-benchmark
2024-08-09,Tamil Nadu,90.62,PPAC-benchmark
2024-08-09,Telangana,94.14,PPAC-benchmark
2024-08-09,Uttar Pradesh,88.81,PPAC-benchmark
2024-08-09,West Bengal,91.24,PPAC-benchmark
2024-08-10,Andhra Pradesh,95.29,PPAC-benchmark
2024-08-10,Delhi,86.34,PPAC-benchmark
2024-08-10,Gujarat,87.07,PPAC-benchmark
2024-08-10,Haryana,89.61,PPAC-benchmark
2024-08-10,Karnataka,91.66,PPAC-benchmark
2024-08-10,Madhya Pradesh,92.15,PPAC-benchmark
2024-08-10,Maharashtra,94.36,PPAC-benchmark
2024-08-10,Punjab,90.29,PPAC-benchmark
2024-08-10,Rajasthan,92.89,PPAC-benchmark
2024-08-10,Tamil Nadu,90.62,PPAC-benchmark
2024-08-10,Uttar Pradesh,88.79,PPAC-benchmark
2024-08-10,West Bengal,91.28,PPAC-benchmark
2024-08-11,Andhra Pradesh,95.26,PPAC-benchmark
2024-08-11,Delhi,86.38,PPAC-benchmark
2024-08-11,Gujarat,87.14,PPAC-benchmark
2024-08-11,Haryana,89.66,PPAC-benchmark
2024-08-11,Karnataka,91.86,PPAC-benchmark
2024-08-11,Madhya Pradesh,92.13,PPAC-benchmark
2024-08-11,Maharashtra,94.43,PPAC-benchmark
2024-08-11,Punjab,90.23,PPAC-benchmark
2024-08-11,Rajasthan,93.15,PPAC-benchmark
2024-08-11,Tamil Nadu,90.7,PPAC-benchmark
2024-08-11,Telangana,94.21,PPAC-benchmark
2024-08-11,Uttar Pradesh,88.85,PPAC-benchmark
2024-08-11,West Bengal,91.36,PPAC-benchmark
2024-08-12,Andhra Pradesh,95.3,PPAC-benchmark
2024-08-12,Delhi,86.43,PPAC-benchmark
2024-08-12,Gujarat,87.09,PPAC-benchmark
2024-08-12,Haryana,89.62,PPAC-benchmark
2024-08-12,Karnataka,91.82,PPAC-benchmark
2024-08-12,Madhya Pradesh,92.11,PPAC-benchmark
2024-08-12,Maharashtra,94.45,PPAC-benchmark
2024-08-12,Punjab,90.22,PPAC-benchmark
2024-08-12,Rajasthan,93.16,PPAC-benchmark
2024-08-12,Tamil Nadu,90.54,PPAC-benchmark
2024-08-12,Telangana,94.17,PPAC-benchmark
2024-08-12,Uttar Pradesh,88.85,PPAC-benchmark
2024-08-12,West Bengal,91.37,PPAC-benchmark
2024-08-13,Andhra Pradesh,95.41,PPAC-benchmark
2024-08-13,Delhi,86.52,PPAC-benchmark
2024-08-13,Gujarat,87.15,PPAC-benchmark
2024-08-13,Haryana,89.66,PPAC-benchmark
2024-08-13,Karnataka,91.87,PPAC-benchmark
2024-08-13,Madhya Pradesh,92.18,PPAC-benchmark
2024-08-13,Maharashtra,94.46,PPAC-benchmark
2024-08-13,Punjab,90.32,PPAC-benchmark
2024-08-13,Rajasthan,93.07,PPAC-benchmark
2024-08-13,Tamil Nadu,90.69,PPAC-benchmark
2024-08-13,Telangana,94.18,PPAC-benchmark
2024-08-13,Uttar Pradesh,88.84,PPAC-benchmark
2024-08-13,West Bengal,91.48,PPAC-benchmark
2024-08-14,Andhra Pradesh,95.31,PPAC-benchmark
2024-08-14,Delhi,86.47,PPAC-benchmark
2024-08-14,Gujarat,87.13,PPAC-benchmark
2024-08-14,Haryana,89.69,PPAC-benchmark
2024-08-14,Karnataka,91.8,PPAC-benchmark
2024-08-14,Madhya Pradesh,92.15,PPAC-benchmark
2024-08-14,Maharashtra,94.5,PPAC-benchmark
2024-08-14,Punjab,90.25,PPAC-benchmark
2024-08-14,Rajasthan,93.01,PPAC-benchmark
2024-08-14,Tamil Nadu,90.53,PPAC-benchmark
2024-08-14,Telangana,94.19,PPAC-benchmark
2024-08-14,Uttar Pradesh,88.9,PPAC-benchmark
2024-08-14,West Bengal,91.37,PPAC-benchmark
2024-08-15,Andhra Pradesh,95.37,PPAC-benchmark
2024-08-15,Delhi,86.5,PPAC-benchmark
2024-08-15,Gujarat,87.18,PPAC-benchmark
2024-08-15,Haryana,89.69,PPAC-benchmark
2024-08-15,Karnataka,91.87,PPAC-benchmark
2024-08-15,Madhya Pradesh,92.23,PPAC-benchmark
2024-08-15,Maharashtra,94.4,PPAC-benchmark
2024-08-15,Punjab,90.29,PPAC-benchmark
2024-08-15,Tamil Nadu,90.69,PPAC-benchmark
2024-08-15,Uttar Pradesh,88.89,PPAC-benchmark
2024-08-15,West Bengal,91.39,PPAC-benchmark
2024-08-16,Andhra Pradesh,95.39,PPAC-benchmark
2024-08-16,Delhi,86.46,PPAC-benchmark
2024-08-16,Gujarat,87.26,PPAC-benchmark
2024-08-16,Haryana,89.7,PPAC-benchmark
2024-08-16,Karnataka,91.89,PPAC-benchmark
2024-08-16,Madhya Pradesh,92.21,PPAC-benchmark
2024-08-16,Maharashtra,94.49,PPAC-benchmark
2024-08-16,Punjab,90.23,PPAC-benchmark
2024-08-16,Rajasthan,93.16,PPAC-benchmark
2024-08-16,Tamil Nadu,90.73,PPAC-benchmark
2024-08-16,Telangana,94.16,PPAC-benchmark
2024-08-16,Uttar Pradesh,88.96,PPAC-benchmark
2024-08-16,West Bengal,91.52,PPAC-benchmark
2024-08-17,Andhra Pradesh,95.34,PPAC-benchmark
2024-08-17,Delhi,86.49,PPAC-benchmark
2024-08-17,Gujarat,87.22,PPAC-benchmark
2024-08-17,Haryana,89.66,PPAC-benchmark
2024-08-17,Karnataka,91.99,PPAC-benchmark
2024-08-17,Madhya Pradesh,92.21,PPAC-benchmark
2024-08-17,Maharashtra,94.44,PPAC-benchmark
2024-08-17,Punjab,90.23,PPAC-benchmark
2024-08-17,Rajasthan,93.09,PPAC-benchmark
2024-08-17,Tamil Nadu,90.68,PPAC-benchmark
2024-08-17,Telangana,94.15,PPAC-benchmark
2024-08-17,Uttar Pradesh,88.97,PPAC-benchmark
2024-08-17,West Bengal,91.46,PPAC-benchmark
2024-08-18,Andhra Pradesh,95.34,PPAC-benchmark
2024-08-18,Delhi,86.38,PPAC-benchmark
2024-08-18,Gujarat,87.28,PPAC-benchmark
2024-08-18,Haryana,89.69,PPAC-benchmark
2024-08-18,Karnataka,91.98,PPAC-benchmark
2024-08-18,Madhya Pradesh,92.14,PPAC-benchmark
2024-08-18,Maharashtra,94.45,PPAC-benchmark
2024-08-18,Punjab,90.37,PPAC-benchmark
2024-08-18,Rajasthan,93.09,PPAC-benchmark
2024-08-18,Tamil Nadu,90.72,PPAC-benchmark
2024-08-18,Telangana,94.17,PPAC-benchmark
2024-08-18,Uttar Pradesh,88.97,PPAC-benchmark
2024-08-18,West Bengal,91.38,PPAC-benchmark
2024-08-19,Andhra Pradesh,95.45,PPAC-benchmark
2024-08-19,Delhi,86.59,PPAC-benchmark
2024-08-19,Gujarat,87.24,PPAC-benchmark
2024-08-19,Haryana,89.7,PPAC-benchmark
2024-08-19,Karnataka,91.94,PPAC-benchmark
2024-08-19,Madhya Pradesh,92.17,PPAC-benchmark
2024-08-19,Maharashtra,94.51,PPAC-benchmark
2024-08-19,Punjab,90.28,PPAC-benchmark
2024-08-19,Rajasthan,93.09,PPAC-benchmark
2024-08-19,Tamil Nadu,90.71,PPAC-benchmark
2024-08-19,Telangana,94.21,PPAC-benchmark
2024-08-19,Uttar Pradesh,88.95,PPAC-benchmark
2024-08-20,Andhra Pradesh,95.38,PPAC-benchmark
2024-08-20,Delhi,86.44,PPAC-benchmark
2024-08-20,Gujarat,87.18,PPAC-benchmark
2024-08-20,Haryana,89.76,PPAC-benchmark
2024-08-20,Madhya Pradesh,92.28,PPAC-benchmark
2024-08-20,Maharashtra,94.6,PPAC-benchmark
2024-08-20,Punjab,90.29,PPAC-benchmark
2024-08-20,Tamil Nadu,90.6,PPAC-benchmark
2024-08-20,Telangana,94.15,PPAC-benchmark
2024-08-20,Uttar Pradesh,88.82,PPAC-benchmark
2024-08-20,West Bengal,91.42,PPAC-benchmark
2024-08-21,Delhi,86.56,PPAC-benchmark
2024-08-21,Haryana,89.77,PPAC-benchmark
2024-08-21,Karnataka,91.94,PPAC-benchmark
2024-08-21,Madhya Pradesh,92.19,PPAC-benchmark
2024-08-21,Maharashtra,94.53,PPAC-benchmark
2024-08-21,Punjab,90.38,PPAC-benchmark
2024-08-21,Rajasthan,93.17,PPAC-benchmark
2024-08-21,Tamil Nadu,90.72,PPAC-benchmark
2024-08-21,Telangana,94.26,PPAC-benchmark
2024-08-21,Uttar Pradesh,88.92,PPAC-benchmark
2024-08-21,West Bengal,91.44,PPAC-benchmark
2024-08-22,Andhra Pradesh,95.44,PPAC-benchmark
2024-08-22,Delhi,86.54,PPAC-benchmark
2024-08-22,Gujarat,87.25,PPAC-benchmark
2024-08-22,Haryana,89.7,PPAC-benchmark
2024-08-22,Karnataka,91.89,PPAC-benchmark
2024-08-22,Madhya Pradesh,92.19,PPAC-benchmark
2024-08-22,Maharashtra,94.52,PPAC-benchmark
2024-08-22,Punjab,90.32,PPAC-benchmark
2024-08-22,Tamil Nadu,90.82,PPAC-benchmark
2024-08-22,Telangana,94.32,PPAC-benchmark
2024-08-22,Uttar Pradesh,88.96,PPAC-benchmark
2024-08-22,West Bengal,91.5,PPAC-benchmark
2024-08-23,Andhra Pradesh,95.48,PPAC-benchmark
2024-08-23,Delhi,86.54,PPAC-benchmark
2024-08-23,Gujarat,87.25,PPAC-benchmark
2024-08-23,Haryana,89.84,PPAC-benchmark
2024-08-23,Karnataka,91.94,PPAC-benchmark
2024-08-23,Madhya Pradesh,92.19,PPAC-benchmark
2024-08-23,Maharashtra,94.58,PPAC-benchmark
2024-08-23,Punjab,90.34,PPAC-benchmark
2024-08-23,Rajasthan,93.16,PPAC-benchmark
2024-08-23,Tamil Nadu,90.75,PPAC-benchmark
2024-08-23,Telangana,94.36,PPAC-benchmark
2024-08-23,Uttar Pradesh,88.91,PPAC-benchmark
2024-08-23,West Bengal,91.46,PPAC-benchmark
2024-08-24,Andhra Pradesh,95.38,PPAC-benchmark
2024-08-24,Delhi,86.53,PPAC-benchmark
2024-08-24,Gujarat,87.31,PPAC-benchmark
2024-08-24,Haryana,89.76,PPAC-benchmark
2024-08-24,Karnataka,91.99,PPAC-benchmark
2024-08-24,Madhya Pradesh,92.33,PPAC-benchmark
2024-08-24,Maharashtra,94.55,PPAC-benchmark
2024-08-24,Punjab,90.34,PPAC-benchmark
2024-08-24,Rajasthan,93.13,PPAC-benchmark
2024-08-24,Tamil Nadu,90.79,PPAC-benchmark
2024-08-24,Telangana,94.28,PPAC-benchmark
2024-08-24,Uttar Pradesh,89.02,PPAC-benchmark
2024-08-24,West Bengal,91.48,PPAC-benchmark
2024-08-25,Andhra Pradesh,95.46,PPAC-benchmark
2024-08-25,Delhi,86.57,PPAC-benchmark
2024-08-25,Gujarat,87.29,PPAC-benchmark
2024-08-25,Haryana,89.74,PPAC-benchmark
2024-08-25,Karnataka,91.99,PPAC-benchmark
2024-08-25,Madhya Pradesh,92.32,PPAC-benchmark
2024-08-25,Maharashtra,94.6,PPAC-benchmark
2024-08-25,Punjab,90.39,PPAC-benchmark
2024-08-25,Rajasthan,93.16,PPAC-benchmark
2024-08-25,Tamil Nadu,90.81,PPAC-benchmark
2024-08-25,Telangana,94.23,PPAC-benchmark
2024-08-25,Uttar Pradesh,88.96,PPAC-benchmark
2024-08-25,West Bengal,91.41,PPAC-benchmark
2024-08-26,Delhi,86.63,PPAC-benchmark
2024-08-26,Gujarat,87.34,PPAC-benchmark
2024-08-26,Haryana,89.7,PPAC-benchmark
2024-08-26,Karnataka,92.02,PPAC-benchmark
2024-08-26,Madhya Pradesh,92.28,PPAC-benchmark
2024-08-26,Maharashtra,94.62,PPAC-benchmark
2024-08-26,Punjab,90.37,PPAC-benchmark
2024-08-26,Rajasthan,93.21,PPAC-benchmark
2024-08-26,Tamil Nadu,90.77,PPAC-benchmark
2024-08-26,Telangana,94.3,PPAC-benchmark
2024-08-26,Uttar Pradesh,89.02,PPAC-benchmark
2024-08-26,West Bengal,91.52,PPAC-benchmark
2024-08-27,Andhra Pradesh,95.48,PPAC-benchmark
2024-08-27,Delhi,86.54,PPAC-benchmark
2024-08-27,Gujarat,87.28,PPAC-benchmark
2024-08-27,Haryana,89.84,PPAC-benchmark
2024-08-27,Karnataka,92.03,PPAC-benchmark
2024-08-27,Madhya Pradesh,92.36,PPAC-benchmark
2024-08-27,Maharashtra,94.66,PPAC-benchmark
2024-08-27,Punjab,90.56,PPAC-benchmark
2024-08-27,Rajasthan,93.16,PPAC-benchmark
2024-08-27,Tamil Nadu,90.76,PPAC-benchmark
2024-08-27,Telangana,94.29,PPAC-benchmark
2024-08-27,Uttar Pradesh,89.01,PPAC-benchmark
2024-08-27,West Bengal,91.51,PPAC-benchmark
2024-08-28,Andhra Pradesh,95.57,PPAC-benchmark
2024-08-28,Delhi,86.63,PPAC-benchmark
2024-08-28,Gujarat,87.38,PPAC-benchmark
2024-08-28,Haryana,89.94,PPAC-benchmark
2024-08-28,Karnataka,92.11,PPAC-benchmark
2024-08-28,Madhya Pradesh,92.37,PPAC-benchmark
2024-08-28,Maharashtra,94.54,PPAC-benchmark
2024-08-28,Punjab,90.41,PPAC-benchmark
2024-08-28,Rajasthan,93.15,PPAC-benchmark
2024-08-28,Tamil Nadu,90.86,PPAC-benchmark
2024-08-28,Telangana,94.38,PPAC-benchmark
2024-08-28,Uttar Pradesh,88.95,PPAC-benchmark
2024-08-28,West Bengal,91.53,PPAC-benchmark
2024-08-29,Andhra Pradesh,95.51,PPAC-benchmark
2024-08-29,Delhi,86.59,PPAC-benchmark
2024-08-29,Gujarat,87.32,PPAC-benchmark
2024-08-29,Haryana,89.77,PPAC-benchmark
2024-08-29,Karnataka,91.99,PPAC-benchmark
2024-08-29,Madhya Pradesh,92.37,PPAC-benchmark
2024-08-29,Maharashtra,94.62,PPAC-benchmark
2024-08-29,Punjab,90.38,PPAC-benchmark
2024-08-29,Rajasthan,93.21,PPAC-benchmark
2024-08-29,Tamil Nadu,90.89,PPAC-benchmark
2024-08-29,Telangana,94.36,PPAC-benchmark
2024-08-29,Uttar Pradesh,89.01,PPAC-benchmark
2024-08-29,West Bengal,91.47,PPAC-benchmark
2024-08-30,Andhra Pradesh,95.6,PPAC-benchmark
2024-08-30,Delhi,86.59,PPAC-benchmark
2024-08-30,Gujarat,87.38,PPAC-benchmark
2024-08-30,Haryana,89.89,PPAC-benchmark
2024-08-30,Karnataka,92.03,PPAC-benchmark
2024-08-30,Madhya Pradesh,92.4,PPAC-benchmark
2024-08-30,Maharashtra,94.6,PPAC-benchmark
2024-08-30,Punjab,90.48,PPAC-benchmark
2024-08-30,Rajasthan,93.24,PPAC-benchmark
2024-08-30,Tamil Nadu,90.9,PPAC-benchmark
2024-08-30,Telangana,94.36,PPAC-benchmark
2024-08-30,Uttar Pradesh,89.0,PPAC-benchmark
2024-08-30,West Bengal,91.53,PPAC-benchmark
2024-08-31,Andhra Pradesh,95.49,PPAC-benchmark
2024-08-31,Delhi,86.61,PPAC-benchmark
2024-08-31,Gujarat,87.32,PPAC-benchmark
2024-08-31,Haryana,89.89,PPAC-benchmark
2024-08-31,Karnataka,92.03,PPAC-benchmark
2024-08-31,Madhya Pradesh,92.41,PPAC-benchmark
2024-08-31,Maharashtra,94.56,PPAC-benchmark
2024-08-31,Punjab,90.46,PPAC-benchmark
2024-08-31,Tamil Nadu,90.91,PPAC-benchmark
2024-08-31,Telangana,94.36,PPAC-benchmark
2024-08-31,Uttar Pradesh,89.05,PPAC-benchmark
2024-08-31,West Bengal,91.52,PPAC-benchmark
2024-09-01,Andhra Pradesh,95.54,PPAC-benchmark
2024-09-01,Delhi,86.65,PPAC-benchmark
2024-09-01,Gujarat,87.36,PPAC-benchmark
2024-09-01,Haryana,89.84,PPAC-benchmark
2024-09-01,Karnataka,91.98,PPAC-benchmark
2024-09-01,Madhya Pradesh,92.31,PPAC-benchmark
2024-09-01,Maharashtra,94.68,PPAC-benchmark
2024-09-01,Punjab,90.41,PPAC-benchmark
2024-09-01,Rajasthan,93.23,PPAC-benchmark
2024-09-01,Tamil Nadu,90.87,PPAC-benchmark
2024-09-01,Telangana,94.31,PPAC-benchmark
2024-09-01,Uttar Pradesh,88.94,PPAC-benchmark
2024-09-01,West Bengal,91.51,PPAC-benchmark
2024-09-02,Andhra Pradesh,95.64,PPAC-benchmark
2024-09-02,Delhi,86.69,PPAC-benchmark
2024-09-02,Gujarat,87.36,PPAC-benchmark
2024-09-02,Haryana,89.8,PPAC-benchmark
2024-09-02,Karnataka,92.15,PPAC-benchmark
2024-09-02,Madhya Pradesh,92.42,PPAC-benchmark
2024-09-02,Maharashtra,94.66,PPAC-benchmark
2024-09-02,Punjab,90.48,PPAC-benchmark
2024-09-02,Rajasthan,93.3,PPAC-benchmark
2024-09-02,Tamil Nadu,90.91,PPAC-benchmark
2024-09-02,Telangana,94.36,PPAC-benchmark
2024-09-02,Uttar Pradesh,89.02,PPAC-benchmark
2024-09-02,West Bengal,91.66,PPAC-benchmark
2024-09-03,Andhra Pradesh,95.64,PPAC-benchmark
2024-09-03,Delhi,86.72,PPAC-benchmark
2024-09-03,Gujarat,87.3,PPAC-benchmark
2024-09-03,Haryana,89.92,PPAC-benchmark
2024-09-03,Karnataka,92.09,PPAC-benchmark
2024-09-03,Madhya Pradesh,92.47,PPAC-benchmark
2024-09-03,Maharashtra,94.78,PPAC-benchmark
2024-09-03,Punjab,90.5,PPAC-benchmark
2024-09-03,Rajasthan,93.27,PPAC-benchmark
2024-09-03,Tamil Nadu,90.82,PPAC-benchmark
2024-09-03,Telangana,94.37,PPAC-benchmark
2024-09-03,West Bengal,91.58,PPAC-benchmark
2024-09-04,Andhra Pradesh,95.58,PPAC-benchmark
2024-09-04,Delhi,86.65,PPAC-benchmark
2024-09-04,Gujarat,87.42,PPAC-benchmark
2024-09-04,Haryana,89.93,PPAC-benchmark
2024-09-04,Karnataka,92.12,PPAC-benchmark
2024-09-04,Madhya Pradesh,92.41,PPAC-benchmark
2024-09-04,Maharashtra,94.69,PPAC-benchmark
2024-09-04,Punjab,90.52,PPAC-benchmark
2024-09-04,Rajasthan,93.39,PPAC-benchmark
2024-09-04,Tamil Nadu,90.84,PPAC-benchmark
2024-09-04,Telangana,94.39,PPAC-benchmark
2024-09-04,Uttar Pradesh,89.2,PPAC-benchmark
2024-09-04,West Bengal,91.56,PPAC-benchmark
2024-09-05,Andhra Pradesh,95.61,PPAC-benchmark
2024-09-05,Delhi,86.74,PPAC-benchmark
2024-09-05,Gujarat,87.42,PPAC-benchmark
2024-09-05,Haryana,89.93,PPAC-benchmark
2024-09-05,Madhya Pradesh,92.42,PPAC-benchmark
2024-09-05,Maharashtra,94.79,PPAC-benchmark
2024-09-05,Punjab,90.46,PPAC-benchmark
2024-09-05,Rajasthan,93.39,PPAC-benchmark
2024-09-05,Tamil Nadu,90.92,PPAC-benchmark
2024-09-05,Telangana,94.35,PPAC-benchmark
2024-09-05,Uttar Pradesh,89.13,PPAC-benchmark
2024-09-06,Andhra Pradesh,95.64,PPAC-benchmark
2024-09-06,Delhi,86.68,PPAC-benchmark
2024-09-06,Gujarat,87.36,PPAC-benchmark
2024-09-06,Haryana,89.94,PPAC-benchmark
2024-09-06,Karnataka,92.12,PPAC-benchmark
2024-09-06,Madhya Pradesh,92.39,PPAC-benchmark
2024-09-06,Maharashtra,94.69,PPAC-benchmark
2024-09-06,Punjab,90.56,PPAC-benchmark
2024-09-06,Rajasthan,93.42,PPAC-benchmark
2024-09-06,Tamil Nadu,90.87,PPAC-benchmark
2024-09-06,Telangana,94.42,PPAC-benchmark
2024-09-06,Uttar Pradesh,89.07,PPAC-benchmark
2024-09-06,West Bengal,91.63,PPAC-benchmark
2024-09-07,Andhra Pradesh,95.61,PPAC-benchmark
2024-09-07,Delhi,86.76,PPAC-benchmark
2024-09-07,Gujarat,87.49,PPAC-benchmark
2024-09-07,Haryana,89.93,PPAC-benchmark
2024-09-07,Madhya Pradesh,92.43,PPAC-benchmark
2024-09-07,Maharashtra,94.73,PPAC-benchmark
2024-09-07,Punjab,90.55,PPAC-benchmark
2024-09-07,Rajasthan,93.37,PPAC-benchmark
2024-09-07,Tamil Nadu,91.02,PPAC-benchmark
2024-09-07,Telangana,94.44,PPAC-benchmark
2024-09-07,Uttar Pradesh,89.15,PPAC-benchmark
2024-09-07,West Bengal,91.63,PPAC-benchmark
2024-09-08,Andhra Pradesh,95.63,PPAC-benchmark
2024-09-08,Delhi,86.71,PPAC-benchmark
2024-09-08,Gujarat,87.55,PPAC-benchmark
2024-09-08,Haryana,89.93,PPAC-benchmark
2024-09-08,Karnataka,92.13,PPAC-benchmark
2024-09-08,Madhya Pradesh,92.43,PPAC-benchmark
2024-09-08,Maharashtra,94.72,PPAC-benchmark
2024-09-08,Punjab,90.47,PPAC-benchmark
2024-09-08,Rajasthan,93.37,PPAC-benchmark
2024-09-08,Tamil Nadu,90.94,PPAC-benchmark
2024-09-08,Telangana,94.39,PPAC-benchmark
2024-09-08,West Bengal,91.58,PPAC-benchmark
2024-09-09,Andhra Pradesh,95.68,PPAC-benchmark
2024-09-09,Delhi,86.72,PPAC-benchmark
2024-09-09,Gujarat,87.4,PPAC-benchmark
2024-09-09,Haryana,89.99,PPAC-benchmark
2024-09-09,Karnataka,92.15,PPAC-benchmark
2024-09-09,Madhya Pradesh,92.45,PPAC-benchmark
2024-09-09,Maharashtra,94.74,PPAC-benchmark
2024-09-09,Punjab,90.6,PPAC-benchmark
2024-09-09,Rajasthan,93.28,PPAC-benchmark
2024-09-09,Tamil Nadu,90.92,PPAC-benchmark
2024-09-09,Telangana,94.37,PPAC-benchmark
2024-09-09,Uttar Pradesh,89.13,PPAC-benchmark
2024-09-09,West Bengal,91.63,PPAC-benchmark
2024-09-10,Andhra Pradesh,95.66,PPAC-benchmark
2024-09-10,Delhi,86.72,PPAC-benchmark
2024-09-10,Gujarat,87.34,PPAC-benchmark
2024-09-10,Haryana,89.92,PPAC-benchmark
2024-09-10,Karnataka,92.02,PPAC-benchmark
2024-09-10,Madhya Pradesh,92.41,PPAC-benchmark
2024-09-10,Maharashtra,94.75,PPAC-benchmark
2024-09-10,Punjab,90.48,PPAC-benchmark
2024-09-10,Rajasthan,93.36,PPAC-benchmark
2024-09-10,Tamil Nadu,90.88,PPAC-benchmark
2024-09-10,Telangana,94.51,PPAC-benchmark
2024-09-10,Uttar Pradesh,89.05,PPAC-benchmark
2024-09-10,West Bengal,91.6,PPAC-benchmark
2024-09-11,Andhra Pradesh,95.58,PPAC-benchmark
2024-09-11,Delhi,86.74,PPAC-benchmark
2024-09-11,Gujarat,87.47,PPAC-benchmark
2024-09-11,Haryana,90.0,PPAC-benchmark
2024-09-11,Karnataka,92.17,PPAC-benchmark
2024-09-11,Madhya Pradesh,92.51,PPAC-benchmark
2024-09-11,Maharashtra,94.73,PPAC-benchmark
2024-09-11,Punjab,90.6,PPAC-benchmark
2024-09-11,Rajasthan,93.27,PPAC-benchmark
2024-09-11,Tamil Nadu,90.93,PPAC-benchmark
2024-09-11,Telangana,94.41,PPAC-benchmark
2024-09-11,Uttar Pradesh,89.08,PPAC-benchmark
2024-09-11,West Bengal,91.63,PPAC-benchmark
2024-09-12,Andhra Pradesh,95.54,PPAC-benchmark
2024-09-12,Delhi,86.79,PPAC-benchmark
2024-09-12,Gujarat,87.4,PPAC-benchmark
2024-09-12,Haryana,89.93,PPAC-benchmark
2024-09-12,Karnataka,92.09,PPAC-benchmark
2024-09-12,Madhya Pradesh,92.46,PPAC-benchmark
2024-09-12,Maharashtra,94.69,PPAC-benchmark
2024-09-12,Punjab,90.42,PPAC-benchmark
2024-09-12,Rajasthan,93.37,PPAC-benchmark
2024-09-12,Tamil Nadu,90.82,PPAC-benchmark
2024-09-12,Telangana,94.4,PPAC-benchmark
2024-09-12,Uttar Pradesh,89.1,PPAC-benchmark
2024-09-12,West Bengal,91.63,PPAC-benchmark
2024-09-13,Andhra Pradesh,95.64,PPAC-benchmark
2024-09-13,Delhi,86.79,PPAC-benchmark
2024-09-13,Gujarat,87.46,PPAC-benchmark
2024-09-13,Haryana,89.86,PPAC-benchmark
2024-09-13,Karnataka,92.15,PPAC-benchmark
2024-09-13,Madhya Pradesh,92.34,PPAC-benchmark
2024-09-13,Maharashtra,94.74,PPAC-benchmark
2024-09-13,Punjab,90.49,PPAC-benchmark
2024-09-13,Rajasthan,93.3,PPAC-benchmark
2024-09-13,Tamil Nadu,91.02,PPAC-benchmark
2024-09-13,Telangana,94.48,PPAC-benchmark
2024-09-13,Uttar Pradesh,89.09,PPAC-benchmark
2024-09-13,West Bengal,91.61,PPAC-benchmark
2024-09-14,Andhra Pradesh,95.75,PPAC-benchmark
2024-09-14,Delhi,86.69,PPAC-benchmark
2024-09-14,Gujarat,87.48,PPAC-benchmark
2024-09-14,Haryana,89.98,PPAC-benchmark
2024-09-14,Madhya Pradesh,92.53,PPAC-benchmark
2024-09-14,Maharashtra,94.75,PPAC-benchmark
2024-09-14,Punjab,90.65,PPAC-benchmark
2024-09-14,Rajasthan,93.43,PPAC-benchmark
2024-09-14,Tamil Nadu,90.99,PPAC-benchmark
2024-09-14,Telangana,94.52,PPAC-benchmark
2024-09-14,Uttar Pradesh,89.23,PPAC-benchmark
2024-09-14,West Bengal,91.51,PPAC-benchmark
2024-09-15,Andhra Pradesh,95.67,PPAC-benchmark
2024-09-15,Delhi,86.71,PPAC-benchmark
2024-09-15,Gujarat,87.48,PPAC-benchmark
2024-09-15,Haryana,89.94,PPAC-benchmark
2024-09-15,Karnataka,92.19,PPAC-benchmark
2024-09-15,Madhya Pradesh,92.49,PPAC-benchmark
2024-09-15,Maharashtra,94.72,PPAC-benchmark
2024-09-15,Punjab,90.65,PPAC-benchmark
2024-09-15,Rajasthan,93.33,PPAC-benchmark
2024-09-15,Tamil Nadu,90.98,PPAC-benchmark
2024-09-15,Uttar Pradesh,89.23,PPAC-benchmark
2024-09-15,West Bengal,91.72,PPAC-benchmark
2024-09-16,Andhra Pradesh,95.65,PPAC-benchmark
2024-09-16,Delhi,86.76,PPAC-benchmark
2024-09-16,Gujarat,87.45,PPAC-benchmark
2024-09-16,Haryana,89.95,PPAC-benchmark
2024-09-16,Karnataka,92.14,PPAC-benchmark
2024-09-16,Madhya Pradesh,92.41,PPAC-benchmark
2024-09-16,Maharashtra,94.76,PPAC-benchmark
2024-09-16,Punjab,90.65,PPAC-benchmark
2024-09-16,Rajasthan,93.39,PPAC-benchmark
2024-09-16,Telangana,94.46,PPAC-benchmark
2024-09-16,Uttar Pradesh,89.17,PPAC-benchmark
2024-09-16,West Bengal,91.66,PPAC-benchmark
2024-09-17,Andhra Pradesh,95.58,PPAC-benchmark
2024-09-17,Delhi,86.82,PPAC-benchmark
2024-09-17,Gujarat,87.51,PPAC-benchmark
2024-09-17,Haryana,89.93,PPAC-benchmark
2024-09-17,Karnataka,92.16,PPAC-benchmark
2024-09-17,Madhya Pradesh,92.44,PPAC-benchmark
2024-09-17,Maharashtra,94.82,PPAC-benchmark
2024-09-17,Punjab,90.47,PPAC-benchmark
2024-09-17,Rajasthan,93.37,PPAC-benchmark
2024-09-17,Tamil Nadu,90.99,PPAC-benchmark
2024-09-17,Telangana,94.46,PPAC-benchmark
2024-09-17,Uttar Pradesh,89.07,PPAC-benchmark
2024-09-17,West Bengal,91.65,PPAC-benchmark
2024-09-18,Andhra Pradesh,95.72,PPAC-benchmark
2024-09-18,Delhi,86.72,PPAC-benchmark
2024-09-18,Gujarat,87.49,PPAC-benchmark
2024-09-18,Haryana,89.86,PPAC-benchmark
2024-09-18,Karnataka,92.12,PPAC-benchmark
2024-09-18,Madhya Pradesh,92.46,PPAC-benchmark
2024-09-18,Maharashtra,94.78,PPAC-benchmark
2024-09-18,Punjab,90.66,PPAC-benchmark
2024-09-18,Rajasthan,93.36,PPAC-benchmark
2024-09-18,Tamil Nadu,91.0,PPAC-benchmark
2024-09-18,Telangana,94.56,PPAC-benchmark
2024-09-18,Uttar Pradesh,89.1,PPAC-benchmark
2024-09-18,West Bengal,91.65,PPAC-benchmark
2024-09-19,Andhra Pradesh,95.67,PPAC-benchmark
2024-09-19,Delhi,86.74,PPAC-benchmark
2024-09-19,Gujarat,87.45,PPAC-benchmark
2024-09-19,Haryana,89.93,PPAC-benchmark
2024-09-19,Karnataka,92.14,PPAC-benchmark
2024-09-19,Madhya Pradesh,92.44,PPAC-benchmark
2024-09-19,Maharashtra,94.74,PPAC-benchmark
2024-09-19,Punjab,90.65,PPAC-benchmark
2024-09-19,Rajasthan,93.38,PPAC-benchmark
2024-09-19,Tamil Nadu,91.0,PPAC-benchmark
2024-09-19,Telangana,94.45,PPAC-benchmark
2024-09-19,Uttar Pradesh,89.13,PPAC-benchmark
2024-09-19,West Bengal,91.69,PPAC-benchmark
2024-09-20,Andhra Pradesh,95.7,PPAC-benchmark
2024-09-20,Delhi,86.77,PPAC-benchmark
2024-09-20,Gujarat,87.47,PPAC-benchmark
2024-09-20,Haryana,90.03,PPAC-benchmark
2024-09-20,Karnataka,92.13,PPAC-benchmark
2024-09-20,Madhya Pradesh,92.48,PPAC-benchmark
2024-09-20,Maharashtra,94.81,PPAC-benchmark
2024-09-20,Punjab,90.53,PPAC-benchmark
2024-09-20,Tamil Nadu,90.92,PPAC-benchmark
2024-09-20,Telangana,94.41,PPAC-benchmark
2024-09-20,Uttar Pradesh,89.13,PPAC-benchmark
2024-09-20,West Bengal,91.76,PPAC-benchmark
2024-09-21,Andhra Pradesh,95.8,PPAC-benchmark
2024-09-21,Delhi,86.82,PPAC-benchmark
2024-09-21,Gujarat,87.42,PPAC-benchmark
2024-09-21,Haryana,90.05,PPAC-benchmark
2024-09-21,Karnataka,92.17,PPAC-benchmark
2024-09-21,Madhya Pradesh,92.54,PPAC-benchmark
2024-09-21,Maharashtra,94.82,PPAC-benchmark
2024-09-21,Punjab,90.62,PPAC-benchmark
2024-09-21,Rajasthan,93.51,PPAC-benchmark
2024-09-21,Tamil Nadu,91.06,PPAC-benchmark
2024-09-21,Telangana,94.51,PPAC-benchmark
2024-09-21,Uttar Pradesh,89.25,PPAC-benchmark
2024-09-21,West Bengal,91.67,PPAC-benchmark
2024-09-22,Andhra Pradesh,95.75,PPAC-benchmark
2024-09-22,Delhi,86.86,PPAC-benchmark
2024-09-22,Gujarat,87.53,PPAC-benchmark
2024-09-22,Haryana,89.99,PPAC-benchmark
2024-09-22,Karnataka,92.19,PPAC-benchmark
2024-09-22,Madhya Pradesh,92.46,PPAC-benchmark
2024-09-22,Maharashtra,94.77,PPAC-benchmark
2024-09-22,Punjab,90.61,PPAC-benchmark
2024-09-22,Rajasthan,93.43,PPAC-benchmark
2024-09-22,Tamil Nadu,91.0,PPAC-benchmark
2024-09-22,Telangana,94.62,PPAC-benchmark
2024-09-22,West Bengal,91.78,PPAC-benchmark
2024-09-23,Andhra Pradesh,95.7,PPAC-benchmark
2024-09-23,Delhi,86.76,PPAC-benchmark
2024-09-23,Gujarat,87.59,PPAC-benchmark
2024-09-23,Haryana,90.09,PPAC-benchmark
2024-09-23,Madhya Pradesh,92.56,PPAC-benchmark
2024-09-23,Maharashtra,94.77,PPAC-benchmark
2024-09-23,Punjab,90.62,PPAC-benchmark
2024-09-23,Rajasthan,93.47,PPAC-benchmark
2024-09-23,Tamil Nadu,90.97,PPAC-benchmark
2024-09-23,Telangana,94.5,PPAC-benchmark
2024-09-23,Uttar Pradesh,89.19,PPAC-benchmark
2024-09-23,West Bengal,91.65,PPAC-benchmark
2024-09-24,Andhra Pradesh,95.79,PPAC-benchmark
2024-09-24,Delhi,86.86,PPAC-benchmark
2024-09-24,Gujarat,87.59,PPAC-benchmark
2024-09-24,Haryana,90.2,PPAC-benchmark
2024-09-24,Karnataka,92.23,PPAC-benchmark
2024-09-24,Madhya Pradesh,92.51,PPAC-benchmark
2024-09-24,Maharashtra,94.81,PPAC-benchmark
2024-09-24,Punjab,90.61,PPAC-benchmark
2024-09-24,Rajasthan,93.49,PPAC-benchmark
2024-09-24,Tamil Nadu,91.11,PPAC-benchmark
2024-09-24,Telangana,94.59,PPAC-benchmark
2024-09-24,Uttar Pradesh,89.29,PPAC-benchmark
2024-09-24,West Bengal,91.78,PPAC-benchmark
2024-09-25,Andhra Pradesh,95.8,PPAC-benchmark
2024-09-25,Delhi,86.97,PPAC-benchmark
2024-09-25,Gujarat,87.56,PPAC-benchmark
2024-09-25,Haryana,90.07,PPAC-benchmark
2024-09-25,Karnataka,92.32,PPAC-benchmark
2024-09-25,Madhya Pradesh,92.57,PPAC-benchmark
2024-09-25,Maharashtra,94.97,PPAC-benchmark
2024-09-25,Punjab,90.64,PPAC-benchmark
2024-09-25,Rajasthan,93.49,PPAC-benchmark
2024-09-25,Telangana,94.51,PPAC-benchmark
2024-09-25,Uttar Pradesh,89.28,PPAC-benchmark
2024-09-25,West Bengal,91.79,PPAC-benchmark
2024-09-26,Andhra Pradesh,95.82,PPAC-benchmark
2024-09-26,Delhi,86.9,PPAC-benchmark
2024-09-26,Gujarat,87.58,PPAC-benchmark
2024-09-26,Haryana,90.21,PPAC-benchmark
2024-09-26,Karnataka,92.34,PPAC-benchmark
2024-09-26,Madhya Pradesh,92.62,PPAC-benchmark
2024-09-26,Punjab,90.71,PPAC-benchmark
2024-09-26,Rajasthan,93.36,PPAC-benchmark
2024-09-26,Tamil Nadu,91.0,PPAC-benchmark
2024-09-26,Telangana,94.6,PPAC-benchmark
2024-09-26,Uttar Pradesh,89.35,PPAC-benchmark
2024-09-26,West Bengal,91.87,PPAC-benchmark
2024-09-27,Andhra Pradesh,95.85,PPAC-benchmark
2024-09-27,Delhi,86.9,PPAC-benchmark
2024-09-27,Gujarat,87.58,PPAC-benchmark
2024-09-27,Haryana,90.12,PPAC-benchmark
2024-09-27,Karnataka,92.38,PPAC-benchmark
2024-09-27,Madhya Pradesh,92.64,PPAC-benchmark
2024-09-27,Maharashtra,95.0,PPAC-benchmark
2024-09-27,Punjab,90.76,PPAC-benchmark
2024-09-27,Rajasthan,93.4,PPAC-benchmark
2024-09-27,Tamil Nadu,91.18,PPAC-benchmark
2024-09-27,Telangana,94.58,PPAC-benchmark
2024-09-27,Uttar Pradesh,89.34,PPAC-benchmark
2024-09-27,West Bengal,91.86,PPAC-benchmark
2024-09-28,Delhi,86.85,PPAC-benchmark
2024-09-28,Gujarat,87.56,PPAC-benchmark
2024-09-28,Haryana,90.16,PPAC-benchmark
2024-09-28,Karnataka,92.27,PPAC-benchmark
2024-09-28,Madhya Pradesh,92.62,PPAC-benchmark
2024-09-28,Maharashtra,94.97,PPAC-benchmark
2024-09-28,Punjab,90.72,PPAC-benchmark
2024-09-28,Rajasthan,93.54,PPAC-benchmark
2024-09-28,Tamil Nadu,91.04,PPAC-benchmark
2024-09-28,Telangana,94.68,PPAC-benchmark
2024-09-28,Uttar Pradesh,89.29,PPAC-benchmark
2024-09-28,West Bengal,91.79,PPAC-benchmark
2024-09-29,Andhra Pradesh,95.8,PPAC-benchmark
2024-09-29,Delhi,86.82,PPAC-benchmark
2024-09-29,Gujarat,87.53,PPAC-benchmark
2024-09-29,Haryana,90.15,PPAC-benchmark
2024-09-29,Karnataka,92.38,PPAC-benchmark
2024-09-29,Madhya Pradesh,92.66,PPAC-benchmark
2024-09-29,Maharashtra,94.91,PPAC-benchmark
2024-09-29,Punjab,90.61,PPAC-benchmark
2024-09-29,Rajasthan,93.51,PPAC-benchmark
2024-09-29,Tamil Nadu,91.11,PPAC-benchmark
2024-09-29,Telangana,94.6,PPAC-benchmark
2024-09-29,Uttar Pradesh,89.44,PPAC-benchmark
2024-09-29,West Bengal,91.71,PPAC-benchmark
2024-09-30,Andhra Pradesh,95.84,PPAC-benchmark
2024-09-30,Delhi,86.95,PPAC-benchmark
2024-09-30,Gujarat,87.65,PPAC-benchmark
2024-09-30,Haryana,90.15,PPAC-benchmark
2024-09-30,Karnataka,92.32,PPAC-benchmark
2024-09-30,Madhya Pradesh,92.55,PPAC-benchmark
2024-09-30,Maharashtra,94.87,PPAC-benchmark
2024-09-30,Punjab,90.7,PPAC-benchmark
2024-09-30,Rajasthan,93.67,PPAC-benchmark
2024-09-30,Tamil Nadu,91.15,PPAC-benchmark
2024-09-30,Telangana,94.67,PPAC-benchmark
2024-09-30,Uttar Pradesh,89.32,PPAC-benchmark
2024-09-30,West Bengal,91.77,PPAC-benchmark
2024-10-01,Andhra Pradesh,95.85,PPAC-benchmark
2024-10-01,Delhi,86.9,PPAC-benchmark
2024-10-01,Gujarat,87.64,PPAC-benchmark
2024-10-01,Haryana,90.07,PPAC-benchmark
2024-10-01,Karnataka,92.29,PPAC-benchmark
2024-10-01,Maharashtra,94.89,PPAC-benchmark
2024-10-01,Punjab,90.64,PPAC-benchmark
2024-10-01,Rajasthan,93.49,PPAC-benchmark
2024-10-01,Tamil Nadu,91.17,PPAC-benchmark
2024-10-01,Telangana,94.66,PPAC-benchmark
2024-10-01,Uttar Pradesh,89.34,PPAC-benchmark
2024-10-01,West Bengal,91.8,PPAC-benchmark
2024-10-02,Andhra Pradesh,95.84,PPAC-benchmark
2024-10-02,Delhi,87.05,PPAC-benchmark
2024-10-02,Gujarat,87.56,PPAC-benchmark
2024-10-02,Haryana,90.07,PPAC-benchmark
2024-10-02,Karnataka,92.39,PPAC-benchmark
2024-10-02,Maharashtra,94.92,PPAC-benchmark
2024-10-02,Punjab,90.74,PPAC-benchmark
2024-10-02,Rajasthan,93.61,PPAC-benchmark
2024-10-02,Tamil Nadu,91.18,PPAC-benchmark
2024-10-02,Telangana,94.69,PPAC-benchmark
2024-10-02,Uttar Pradesh,89.3,PPAC-benchmark
2024-10-02,West Bengal,91.79,PPAC-benchmark
2024-10-03,Andhra Pradesh,95.89,PPAC-benchmark
2024-10-03,Delhi,86.92,PPAC-benchmark
2024-10-03,Gujarat,87.63,PPAC-benchmark
2024-10-03,Haryana,90.22,PPAC-benchmark
2024-10-03,Karnataka,92.35,PPAC-benchmark
2024-10-03,Madhya Pradesh,92.64,PPAC-benchmark
2024-10-03,Maharashtra,95.0,PPAC-benchmark
2024-10-03,Punjab,90.75,PPAC-benchmark
2024-10-03,Rajasthan,93.58,PPAC-benchmark
2024-10-03,Tamil Nadu,91.09,PPAC-benchmark
2024-10-03,Telangana,94.62,PPAC-benchmark
2024-10-03,Uttar Pradesh,89.34,PPAC-benchmark
2024-10-03,West Bengal,91.88,PPAC-benchmark
2024-10-04,Andhra Pradesh,95.79,PPAC-benchmark
2024-10-04,Delhi,86.97,PPAC-benchmark
2024-10-04,Gujarat,87.65,PPAC-benchmark
2024-10-04,Haryana,90.09,PPAC-benchmark
2024-10-04,Karnataka,92.31,PPAC-benchmark
2024-10-04,Madhya Pradesh,92.68,PPAC-benchmark
2024-10-04,Maharashtra,94.88,PPAC-benchmark
2024-10-04,Punjab,90.68,PPAC-benchmark
2024-10-04,Rajasthan,93.55,PPAC-benchmark
2024-10-04,Tamil Nadu,91.15,PPAC-benchmark
2024-10-04,Telangana,94.61,PPAC-benchmark
2024-10-04,Uttar Pradesh,89.28,PPAC-benchmark
2024-10-04,West Bengal,91.77,PPAC-benchmark
2024-10-05,Andhra Pradesh,95.8,PPAC-benchmark
2024-10-05,Gujarat,87.59,PPAC-benchmark
2024-10-05,Haryana,90.08,PPAC-benchmark
2024-10-05,Karnataka,92.31,PPAC-benchmark
2024-10-05,Madhya Pradesh,92.56,PPAC-benchmark
2024-10-05,Maharashtra,94.93,PPAC-benchmark
2024-10-05,Punjab,90.7,PPAC-benchmark
2024-10-05,Rajasthan,93.46,PPAC-benchmark
2024-10-05,Tamil Nadu,91.17,PPAC-benchmark
2024-10-05,Telangana,94.66,PPAC-benchmark
2024-10-05,Uttar Pradesh,89.27,PPAC-benchmark
2024-10-05,West Bengal,91.84,PPAC-benchmark
2024-10-06,Andhra Pradesh,95.8,PPAC-benchmark
2024-10-06,Delhi,86.86,PPAC-benchmark
2024-10-06,Gujarat,87.64,PPAC-benchmark
2024-10-06,Haryana,90.07,PPAC-benchmark
2024-10-06,Karnataka,92.34,PPAC-benchmark
2024-10-06,Madhya Pradesh,92.54,PPAC-benchmark
2024-10-06,Maharashtra,94.88,PPAC-benchmark
2024-10-06,Punjab,90.71,PPAC-benchmark
2024-10-06,Rajasthan,93.48,PPAC-benchmark
2024-10-06,Tamil Nadu,91.07,PPAC-benchmark
2024-10-06,Telangana,94.57,PPAC-benchmark
2024-10-06,Uttar Pradesh,89.34,PPAC-benchmark
2024-10-06,West Bengal,91.82,PPAC-benchmark
2024-10-07,Andhra Pradesh,95.8,PPAC-benchmark
2024-10-07,Delhi,86.91,PPAC-benchmark
2024-10-07,Gujarat,87.58,PPAC-benchmark
2024-10-07,Karnataka,92.3,PPAC-benchmark
2024-10-07,Madhya Pradesh,92.61,PPAC-benchmark
2024-10-07,Maharashtra,94.93,PPAC-benchmark
2024-10-07,Punjab,90.8,PPAC-benchmark
2024-10-07,Rajasthan,93.57,PPAC-benchmark
2024-10-07,Telangana,94.61,PPAC-benchmark
2024-10-07,Uttar Pradesh,89.17,PPAC-benchmark
2024-10-07,West Bengal,91.84,PPAC-benchmark
2024-10-08,Andhra Pradesh,95.8,PPAC-benchmark
2024-10-08,Delhi,86.93,PPAC-benchmark
2024-10-08,Gujarat,87.62,PPAC-benchmark
2024-10-08,Haryana,90.23,PPAC-benchmark
2024-10-08,Karnataka,92.37,PPAC-benchmark
2024-10-08,Madhya Pradesh,92.68,PPAC-benchmark
2024-10-08,Maharashtra,94.87,PPAC-benchmark
2024-10-08,Punjab,90.67,PPAC-benchmark
2024-10-08,Rajasthan,93.49,PPAC-benchmark
2024-10-08,Tamil Nadu,91.15,PPAC-benchmark
2024-10-08,Telangana,94.67,PPAC-benchmark
2024-10-08,Uttar Pradesh,89.26,PPAC-benchmark
2024-10-08,West Bengal,91.82,PPAC-benchmark
2024-10-09,Andhra Pradesh,95.82,PPAC-benchmark
2024-10-09,Delhi,86.84,PPAC-benchmark
2024-10-09,Haryana,90.08,PPAC-benchmark
2024-10-09,Karnataka,92.3,PPAC-benchmark
2024-10-09,Madhya Pradesh,92.65,PPAC-benchmark
2024-10-09,Punjab,90.81,PPAC-benchmark
2024-10-09,Tamil Nadu,91.09,PPAC-benchmark
2024-10-09,Telangana,94.71,PPAC-benchmark
2024-10-09,Uttar Pradesh,89.26,PPAC-benchmark
2024-10-09,West Bengal,91.84,PPAC-benchmark
2024-10-10,Andhra Pradesh,95.89,PPAC-benchmark
2024-10-10,Delhi,86.94,PPAC-benchmark
2024-10-10,Gujarat,87.5,PPAC-benchmark
2024-10-10,Haryana,90.17,PPAC-benchmark
2024-10-10,Karnataka,92.32,PPAC-benchmark
2024-10-10,Madhya Pradesh,92.63,PPAC-benchmark
2024-10-10,Maharashtra,94.85,PPAC-benchmark
2024-10-10,Rajasthan,93.51,PPAC-benchmark
2024-10-10,Tamil Nadu,91.13,PPAC-benchmark
2024-10-10,Telangana,94.64,PPAC-benchmark
2024-10-10,Uttar Pradesh,89.4,PPAC-benchmark
2024-10-10,West Bengal,91.9,PPAC-benchmark
2024-10-11,Andhra Pradesh,95.83,PPAC-benchmark
2024-10-11,Delhi,86.98,PPAC-benchmark
2024-10-11,Gujarat,87.57,PPAC-benchmark
2024-10-11,Haryana,90.11,PPAC-benchmark
2024-10-11,Madhya Pradesh,92.58,PPAC-benchmark
2024-10-11,Maharashtra,94.89,PPAC-benchmark
2024-10-11,Punjab,90.69,PPAC-benchmark
2024-10-11,Rajasthan,93.44,PPAC-benchmark
2024-10-11,Tamil Nadu,91.26,PPAC-benchmark
2024-10-11,Telangana,94.71,PPAC-benchmark
2024-10-11,Uttar Pradesh,89.4,PPAC-benchmark
2024-10-11,West Bengal,91.77,PPAC-benchmark
2024-10-12,Andhra Pradesh,95.84,PPAC-benchmark
2024-10-12,Delhi,86.91,PPAC-benchmark
2024-10-12,Gujarat,87.66,PPAC-benchmark
2024-10-12,Haryana,90.21,PPAC-benchmark
2024-10-12,Karnataka,92.38,PPAC-benchmark
2024-10-12,Madhya Pradesh,92.69,PPAC-benchmark
2024-10-12,Maharashtra,94.95,PPAC-benchmark
2024-10-12,Punjab,90.83,PPAC-benchmark
2024-10-12,Rajasthan,93.56,PPAC-benchmark
2024-10-12,Tamil Nadu,91.14,PPAC-benchmark
2024-10-12,Telangana,94.61,PPAC-benchmark
2024-10-12,Uttar Pradesh,89.33,PPAC-benchmark
2024-10-12,West Bengal,91.79,PPAC-benchmark
2024-10-13,Andhra Pradesh,95.83,PPAC-benchmark
2024-10-13,Delhi,86.92,PPAC-benchmark
2024-10-13,Gujarat,87.66,PPAC-benchmark
2024-10-13,Haryana,90.13,PPAC-benchmark
2024-10-13,Karnataka,92.35,PPAC-benchmark
2024-10-13,Madhya Pradesh,92.7,PPAC-benchmark
2024-10-13,Maharashtra,94.94,PPAC-benchmark
2024-10-13,Punjab,90.69,PPAC-benchmark
2024-10-13,Rajasthan,93.58,PPAC-benchmark
2024-10-13,Tamil Nadu,91.15,PPAC-benchmark
2024-10-13,Telangana,94.69,PPAC-benchmark
2024-10-13,Uttar Pradesh,89.28,PPAC-benchmark
2024-10-13,West Bengal,91.87,PPAC-benchmark
2024-10-14,Andhra Pradesh,95.86,PPAC-benchmark
2024-10-14,Delhi,86.85,PPAC-benchmark
2024-10-14,Gujarat,87.65,PPAC-benchmark
2024-10-14,Haryana,90.19,PPAC-benchmark
2024-10-14,Karnataka,92.38,PPAC-benchmark
2024-10-14,Madhya Pradesh,92.54,PPAC-benchmark
2024-10-14,Maharashtra,95.01,PPAC-benchmark
2024-10-14,Punjab,90.74,PPAC-benchmark
2024-10-14,Rajasthan,93.54,PPAC-benchmark
2024-10-14,Tamil Nadu,91.22,PPAC-benchmark
2024-10-14,Telangana,94.57,PPAC-benchmark
2024-10-14,Uttar Pradesh,89.35,PPAC-benchmark
2024-10-14,West Bengal,91.81,PPAC-benchmark
2024-10-15,Andhra Pradesh,95.81,PPAC-benchmark
2024-10-15,Delhi,86.88,PPAC-benchmark
2024-10-15,Gujarat,87.61,PPAC-benchmark
2024-10-15,Haryana,90.11,PPAC-benchmark
2024-10-15,Karnataka,92.24,PPAC-benchmark
2024-10-15,Madhya Pradesh,92.67,PPAC-benchmark
2024-10-15,Maharashtra,94.88,PPAC-benchmark
2024-10-15,Punjab,90.71,PPAC-benchmark
2024-10-15,Rajasthan,93.57,PPAC-benchmark
2024-10-15,Tamil Nadu,91.04,PPAC-benchmark
2024-10-15,Telangana,94.61,PPAC-benchmark
2024-10-15,Uttar Pradesh,89.32,PPAC-benchmark
2024-10-15,West Bengal,91.9,PPAC-benchmark
2024-10-16,Andhra Pradesh,95.89,PPAC-benchmark
2024-10-16,Delhi,86.99,PPAC-benchmark
2024-10-16,Gujarat,87.59,PPAC-benchmark
2024-10-16,Haryana,90.2,PPAC-benchmark
2024-10-16,Karnataka,92.4,PPAC-benchmark
2024-10-16,Madhya Pradesh,92.62,PPAC-benchmark
2024-10-16,Maharashtra,94.87,PPAC-benchmark
2024-10-16,Punjab,90.78,PPAC-benchmark
2024-10-16,Rajasthan,93.54,PPAC-benchmark
2024-10-16,Tamil Nadu,91.08,PPAC-benchmark
2024-10-16,Telangana,94.67,PPAC-benchmark
2024-10-16,Uttar Pradesh,89.39,PPAC-benchmark
2024-10-16,West Bengal,91.8,PPAC-benchmark
2024-10-17,Andhra Pradesh,95.87,PPAC-benchmark
2024-10-17,Delhi,86.93,PPAC-benchmark
2024-10-17,Gujarat,87.65,PPAC-benchmark
2024-10-17,Haryana,90.15,PPAC-benchmark
2024-10-17,Karnataka,92.36,PPAC-benchmark
2024-10-17,Madhya Pradesh,92.66,PPAC-benchmark
2024-10-17,Maharashtra,94.99,PPAC-benchmark
2024-10-17,Punjab,90.71,PPAC-benchmark
2024-10-17,Rajasthan,93.5,PPAC-benchmark
2024-10-17,Tamil Nadu,91.17,PPAC-benchmark
2024-10-17,Telangana,94.61,PPAC-benchmark
2024-10-17,Uttar Pradesh,89.34,PPAC-benchmark
2024-10-17,West Bengal,91.8,PPAC-benchmark
2024-10-18,Andhra Pradesh,95.81,PPAC-benchmark
2024-10-18,Delhi,86.81,PPAC-benchmark
2024-10-18,Gujarat,87.61,PPAC-benchmark
2024-10-18,Haryana,90.17,PPAC-benchmark
2024-10-18,Karnataka,92.37,PPAC-benchmark
2024-10-18,Madhya Pradesh,92.65,PPAC-benchmark
2024-10-18,Maharashtra,94.95,PPAC-benchmark
2024-10-18,Punjab,90.67,PPAC-benchmark
2024-10-18,Rajasthan,93.5,PPAC-benchmark
2024-10-18,Tamil Nadu,91.14,PPAC-benchmark
2024-10-18,Telangana,94.63,PPAC-benchmark
2024-10-18,Uttar Pradesh,89.34,PPAC-benchmark
2024-10-18,West Bengal,91.75,PPAC-benchmark
2024-10-19,Andhra Pradesh,95.79,PPAC-benchmark
2024-10-19,Delhi,86.82,PPAC-benchmark
2024-10-19,Gujarat,87.7,PPAC-benchmark
2024-10-19,Haryana,90.14,PPAC-benchmark
2024-10-19,Karnataka,92.34,PPAC-benchmark
2024-10-19,Madhya Pradesh,92.63,PPAC-benchmark
2024-10-19,Maharashtra,94.96,PPAC-benchmark
2024-10-19,Punjab,90.67,PPAC-benchmark
2024-10-19,Tamil Nadu,91.14,PPAC-benchmark
2024-10-19,Telangana,94.6,PPAC-benchmark
2024-10-19,Uttar Pradesh,89.32,PPAC-benchmark
2024-10-19,West Bengal,91.77,PPAC-benchmark
2024-10-20,Andhra Pradesh,95.87,PPAC-benchmark
2024-10-20,Delhi,86.95,PPAC-benchmark
2024-10-20,Gujarat,87.61,PPAC-benchmark
2024-10-20,Haryana,90.12,PPAC-benchmark
2024-10-20,Karnataka,92.25,PPAC-benchmark
2024-10-20,Madhya Pradesh,92.53,PPAC-benchmark
2024-10-20,Maharashtra,94.85,PPAC-benchmark
2024-10-20,Punjab,90.74,PPAC-benchmark
2024-10-20,Rajasthan,93.56,PPAC-benchmark
2024-10-20,Tamil Nadu,91.18,PPAC-benchmark
2024-10-20,Telangana,94.7,PPAC-benchmark
2024-10-20,West Bengal,91.79,PPAC-benchmark
2024-10-21,Andhra Pradesh,95.87,PPAC-benchmark
2024-10-21,Delhi,86.95,PPAC-benchmark
2024-10-21,Gujarat,87.6,PPAC-benchmark
2024-10-21,Haryana,90.19,PPAC-benchmark
2024-10-21,Karnataka,92.25,PPAC-benchmark
2024-10-21,Madhya Pradesh,92.55,PPAC-benchmark
2024-10-21,Maharashtra,94.98,PPAC-benchmark
2024-10-21,Rajasthan,93.55,PPAC-benchmark
2024-10-21,Tamil Nadu,91.16,PPAC-benchmark
2024-10-21,Telangana,94.55,PPAC-benchmark
2024-10-21,Uttar Pradesh,89.22,PPAC-benchmark
2024-10-21,West Bengal,91.8,PPAC-benchmark
2024-10-22,Andhra Pradesh,95.76,PPAC-benchmark
2024-10-22,Delhi,86.81,PPAC-benchmark
2024-10-22,Gujarat,87.56,PPAC-benchmark
2024-10-22,Haryana,90.0,PPAC-benchmark
2024-10-22,Karnataka,92.29,PPAC-benchmark
2024-10-22,Madhya Pradesh,92.55,PPAC-benchmark
2024-10-22,Maharashtra,94.88,PPAC-benchmark
2024-10-22,Punjab,90.68,PPAC-benchmark
2024-10-22,Rajasthan,93.52,PPAC-benchmark
2024-10-22,Tamil Nadu,91.11,PPAC-benchmark
2024-10-22,Telangana,94.57,PPAC-benchmark
2024-10-22,Uttar Pradesh,89.34,PPAC-benchmark
2024-10-22,West Bengal,91.84,PPAC-benchmark
2024-10-23,Andhra Pradesh,95.72,PPAC-benchmark
2024-10-23,Delhi,86.89,PPAC-benchmark
2024-10-23,Haryana,90.11,PPAC-benchmark
2024-10-23,Karnataka,92.21,PPAC-benchmark
2024-10-23,Madhya Pradesh,92.49,PPAC-benchmark
2024-10-23,Maharashtra,94.82,PPAC-benchmark
2024-10-23,Punjab,90.67,PPAC-benchmark
2024-10-23,Rajasthan,93.42,PPAC-benchmark
2024-10-23,Tamil Nadu,91.1,PPAC-benchmark
2024-10-23,Telangana,94.57,PPAC-benchmark
2024-10-23,Uttar Pradesh,89.29,PPAC-benchmark
2024-10-23,West Bengal,91.78,PPAC-benchmark
2024-10-24,Andhra Pradesh,95.82,PPAC-benchmark
2024-10-24,Delhi,86.83,PPAC-benchmark
2024-10-24,Gujarat,87.55,PPAC-benchmark
2024-10-24,Haryana,90.14,PPAC-benchmark
2024-10-24,Karnataka,92.19,PPAC-benchmark
2024-10-24,Madhya Pradesh,92.66,PPAC-benchmark
2024-10-24,Maharashtra,94.8,PPAC-benchmark
2024-10-24,Punjab,90.63,PPAC-benchmark
2024-10-24,Rajasthan,93.49,PPAC-benchmark
2024-10-24,Tamil Nadu,91.04,PPAC-benchmark
2024-10-24,Telangana,94.61,PPAC-benchmark
2024-10-24,Uttar Pradesh,89.16,PPAC-benchmark
2024-10-24,West Bengal,91.77,PPAC-benchmark
2024-10-25,Andhra Pradesh,95.68,PPAC-benchmark
2024-10-25,Delhi,86.75,PPAC-benchmark
2024-10-25,Gujarat,87.55,PPAC-benchmark
2024-10-25,Haryana,90.05,PPAC-benchmark
2024-10-25,Karnataka,92.16,PPAC-benchmark
2024-10-25,Madhya Pradesh,92.63,PPAC-benchmark
2024-10-25,Maharashtra,94.92,PPAC-benchmark
2024-10-25,Punjab,90.55,PPAC-benchmark
2024-10-25,Rajasthan,93.42,PPAC-benchmark
2024-10-25,Tamil Nadu,91.08,PPAC-benchmark
2024-10-25,Telangana,94.58,PPAC-benchmark
2024-10-25,Uttar Pradesh,89.21,PPAC-benchmark
2024-10-25,West Bengal,91.75,PPAC-benchmark
2024-10-26,Andhra Pradesh,95.78,PPAC-benchmark
2024-10-26,Delhi,86.76,PPAC-benchmark
2024-10-26,Gujarat,87.52,PPAC-benchmark
2024-10-26,Haryana,90.02,PPAC-benchmark
2024-10-26,Madhya Pradesh,92.51,PPAC-benchmark
2024-10-26,Maharashtra,94.85,PPAC-benchmark
2024-10-26,Punjab,90.66,PPAC-benchmark
2024-10-26,Rajasthan,93.55,PPAC-benchmark
2024-10-26,Tamil Nadu,91.01,PPAC-benchmark
2024-10-26,Telangana,94.48,PPAC-benchmark
2024-10-26,Uttar Pradesh,89.25,PPAC-benchmark
2024-10-26,West Bengal,91.77,PPAC-benchmark
2024-10-27,Andhra Pradesh,95.64,PPAC-benchmark
2024-10-27,Delhi,86.81,PPAC-benchmark
2024-10-27,Gujarat,87.56,PPAC-benchmark
2024-10-27,Haryana,89.98,PPAC-benchmark
2024-10-27,Karnataka,92.21,PPAC-benchmark
2024-10-27,Madhya Pradesh,92.51,PPAC-benchmark
2024-10-27,Maharashtra,94.75,PPAC-benchmark
2024-10-27,Punjab,90.55,PPAC-benchmark
2024-10-27,Rajasthan,93.33,PPAC-benchmark
2024-10-27,Tamil Nadu,90.96,PPAC-benchmark
2024-10-27,Telangana,94.49,PPAC-benchmark
2024-10-27,Uttar Pradesh,89.23,PPAC-benchmark
2024-10-27,West Bengal,91.71,PPAC-benchmark
2024-10-28,Andhra Pradesh,95.79,PPAC-benchmark
2024-10-28,Delhi,86.79,PPAC-benchmark
2024-10-28,Gujarat,87.48,PPAC-benchmark
2024-10-28,Haryana,90.0,PPAC-benchmark
2024-10-28,Karnataka,92.13,PPAC-benchmark
2024-10-28,Madhya Pradesh,92.5,PPAC-benchmark
2024-10-28,Maharashtra,94.72,PPAC-benchmark
2024-10-28,Rajasthan,93.42,PPAC-benchmark
2024-10-28,Tamil Nadu,91.04,PPAC-benchmark
2024-10-28,Telangana,94.58,PPAC-benchmark
2024-10-28,West Bengal,91.7,PPAC-benchmark
2024-10-29,Andhra Pradesh,95.71,PPAC-benchmark
2024-10-29,Delhi,86.83,PPAC-benchmark
2024-10-29,Gujarat,87.49,PPAC-benchmark
2024-10-29,Haryana,89.94,PPAC-benchmark
2024-10-29,Karnataka,92.32,PPAC-benchmark
2024-10-29,Madhya Pradesh,92.48,PPAC-benchmark
2024-10-29,Punjab,90.58,PPAC-benchmark
2024-10-29,Tamil Nadu,90.93,PPAC-benchmark
2024-10-29,Telangana,94.42,PPAC-benchmark
2024-10-29,Uttar Pradesh,89.26,PPAC-benchmark
2024-10-29,West Bengal,91.75,PPAC-benchmark
2024-10-30,Andhra Pradesh,95.74,PPAC-benchmark
2024-10-30,Delhi,86.82,PPAC-benchmark
2024-10-30,Gujarat,87.5,PPAC-benchmark
2024-10-30,Haryana,90.07,PPAC-benchmark
2024-10-30,Karnataka,92.19,PPAC-benchmark
2024-10-30,Madhya Pradesh,92.57,PPAC-benchmark
2024-10-30,Maharashtra,94.77,PPAC-benchmark
2024-10-30,Punjab,90.62,PPAC-benchmark
2024-10-30,Rajasthan,93.38,PPAC-benchmark
2024-10-30,Tamil Nadu,91.05,PPAC-benchmark
2024-10-30,Telangana,94.5,PPAC-benchmark
2024-10-30,Uttar Pradesh,89.2,PPAC-benchmark
2024-10-30,West Bengal,91.74,PPAC-benchmark
2024-10-31,Andhra Pradesh,95.68,PPAC-benchmark
2024-10-31,Delhi,86.67,PPAC-benchmark
2024-10-31,Gujarat,87.57,PPAC-benchmark
2024-10-31,Haryana,89.99,PPAC-benchmark
2024-10-31,Karnataka,92.23,PPAC-benchmark
2024-10-31,Madhya Pradesh,92.58,PPAC-benchmark
2024-10-31,Maharashtra,94.8,PPAC-benchmark
2024-10-31,Punjab,90.68,PPAC-benchmark
2024-10-31,Rajasthan,93.34,PPAC-benchmark
2024-10-31,Tamil Nadu,90.97,PPAC-benchmark
2024-10-31,Telangana,94.59,PPAC-benchmark
2024-10-31,Uttar Pradesh,89.1,PPAC-benchmark
2024-10-31,West Bengal,91.7,PPAC-benchmark
2024-11-01,Andhra Pradesh,95.72,PPAC-benchmark
2024-11-01,Delhi,86.72,PPAC-benchmark
2024-11-01,Gujarat,87.54,PPAC-benchmark
2024-11-01,Haryana,90.01,PPAC-benchmark
2024-11-01,Karnataka,92.22,PPAC-benchmark
2024-11-01,Madhya Pradesh,92.53,PPAC-benchmark
2024-11-01,Maharashtra,94.88,PPAC-benchmark
2024-11-01,Punjab,90.6,PPAC-benchmark
2024-11-01,Rajasthan,93.4,PPAC-benchmark
2024-11-01,Tamil Nadu,90.96,PPAC-benchmark
2024-11-01,West Bengal,91.72,PPAC-benchmark
2024-11-02,Andhra Pradesh,95.77,PPAC-benchmark
2024-11-02,Delhi,86.85,PPAC-benchmark
2024-11-02,Gujarat,87.57,PPAC-benchmark
2024-11-02,Haryana,90.09,PPAC-benchmark
2024-11-02,Karnataka,92.23,PPAC-benchmark
2024-11-02,Madhya Pradesh,92.53,PPAC-benchmark
2024-11-02,Maharashtra,94.81,PPAC-benchmark
2024-11-02,Punjab,90.58,PPAC-benchmark
2024-11-02,Rajasthan,93.47,PPAC-benchmark
2024-11-02,Tamil Nadu,91.05,PPAC-benchmark
2024-11-02,Telangana,94.54,PPAC-benchmark
2024-11-02,Uttar Pradesh,89.23,PPAC-benchmark
2024-11-02,West Bengal,91.73,PPAC-benchmark
2024-11-03,Andhra Pradesh,95.83,PPAC-benchmark
2024-11-03,Delhi,86.91,PPAC-benchmark
2024-11-03,Gujarat,87.59,PPAC-benchmark
2024-11-03,Haryana,90.01,PPAC-benchmark
2024-11-03,Karnataka,92.27,PPAC-benchmark
2024-11-03,Madhya Pradesh,92.58,PPAC-benchmark
2024-11-03,Maharashtra,94.85,PPAC-benchmark
2024-11-03,Punjab,90.63,PPAC-benchmark
2024-11-03,Rajasthan,93.5,PPAC-benchmark
2024-11-03,Tamil Nadu,91.08,PPAC-benchmark
2024-11-03,Telangana,94.49,PPAC-benchmark
2024-11-03,Uttar Pradesh,89.26,PPAC-benchmark
2024-11-03,West Bengal,91.74,PPAC-benchmark
2024-11-04,Andhra Pradesh,95.68,PPAC-benchmark
2024-11-04,Delhi,86.92,PPAC-benchmark
2024-11-04,Gujarat,87.57,PPAC-benchmark
2024-11-04,Haryana,89.96,PPAC-benchmark
2024-11-04,Karnataka,92.27,PPAC-benchmark
2024-11-04,Madhya Pradesh,92.53,PPAC-benchmark
2024-11-04,Maharashtra,94.86,PPAC-benchmark
2024-11-04,Punjab,90.62,PPAC-benchmark
2024-11-04,Tamil Nadu,91.07,PPAC-benchmark
2024-11-04,Telangana,94.52,PPAC-benchmark
2024-11-04,Uttar Pradesh,89.18,PPAC-benchmark
2024-11-04,West Bengal,91.83,PPAC-benchmark
2024-11-05,Andhra Pradesh,95.69,PPAC-benchmark
2024-11-05,Delhi,86.85,PPAC-benchmark
2024-11-05,Gujarat,87.55,PPAC-benchmark
2024-11-05,Haryana,89.99,PPAC-benchmark
2024-11-05,Karnataka,92.2,PPAC-benchmark
2024-11-05,Madhya Pradesh,92.45,PPAC-benchmark
2024-11-05,Maharashtra,94.7,PPAC-benchmark
2024-11-05,Punjab,90.61,PPAC-benchmark
2024-11-05,Rajasthan,93.42,PPAC-benchmark
2024-11-05,Tamil Nadu,91.02,PPAC-benchmark
2024-11-05,Telangana,94.56,PPAC-benchmark
2024-11-05,Uttar Pradesh,89.23,PPAC-benchmark
2024-11-05,West Bengal,91.78,PPAC-benchmark
2024-11-06,Andhra Pradesh,95.64,PPAC-benchmark
2024-11-06,Delhi,86.85,PPAC-benchmark
2024-11-06,Gujarat,87.49,PPAC-benchmark
2024-11-06,Haryana,90.01,PPAC-benchmark
2024-11-06,Karnataka,92.29,PPAC-benchmark
2024-11-06,Madhya Pradesh,92.51,PPAC-benchmark
2024-11-06,Maharashtra,94.81,PPAC-benchmark
2024-11-06,Punjab,90.56,PPAC-benchmark
2024-11-06,Rajasthan,93.35,PPAC-benchmark
2024-11-06,Tamil Nadu,90.95,PPAC-benchmark
2024-11-06,Telangana,94.51,PPAC-benchmark
2024-11-06,Uttar Pradesh,89.18,PPAC-benchmark
2024-11-06,West Bengal,91.72,PPAC-benchmark
2024-11-07,Andhra Pradesh,95.82,PPAC-benchmark
2024-11-07,Gujarat,87.53,PPAC-benchmark
2024-11-07,Haryana,90.06,PPAC-benchmark
2024-11-07,Karnataka,92.33,PPAC-benchmark
2024-11-07,Madhya Pradesh,92.49,PPAC-benchmark
2024-11-07,Maharashtra,94.88,PPAC-benchmark
2024-11-07,Punjab,90.72,PPAC-benchmark
2024-11-07,Tamil Nadu,91.03,PPAC-benchmark
2024-11-07,Telangana,94.53,PPAC-benchmark
2024-11-07,Uttar Pradesh,89.25,PPAC-benchmark
2024-11-07,West Bengal,91.79,PPAC-benchmark
2024-11-08,Andhra Pradesh,95.67,PPAC-benchmark
2024-11-08,Delhi,86.84,PPAC-benchmark
2024-11-08,Gujarat,87.48,PPAC-benchmark
2024-11-08,Haryana,89.95,PPAC-benchmark
2024-11-08,Karnataka,92.28,PPAC-benchmark
2024-11-08,Madhya Pradesh,92.6,PPAC-benchmark
2024-11-08,Maharashtra,94.83,PPAC-benchmark
2024-11-08,Punjab,90.65,PPAC-benchmark
2024-11-08,Rajasthan,93.39,PPAC-benchmark
2024-11-08,Tamil Nadu,91.0,PPAC-benchmark
2024-11-08,Uttar Pradesh,89.17,PPAC-benchmark
2024-11-08,West Bengal,91.55,PPAC-benchmark
2024-11-09,Andhra Pradesh,95.71,PPAC-benchmark
2024-11-09,Delhi,86.7,PPAC-benchmark
2024-11-09,Haryana,90.08,PPAC-benchmark
2024-11-09,Karnataka,92.19,PPAC-benchmark
2024-11-09,Madhya Pradesh,92.53,PPAC-benchmark
2024-11-09,Maharashtra,94.66,PPAC-benchmark
2024-11-09,Punjab,90.55,PPAC-benchmark
2024-11-09,Rajasthan,93.42,PPAC-benchmark
2024-11-09,Tamil Nadu,90.97,PPAC-benchmark
2024-11-09,Telangana,94.43,PPAC-benchmark
2024-11-09,Uttar Pradesh,89.23,PPAC-benchmark
2024-11-10,Andhra Pradesh,95.59,PPAC-benchmark
2024-11-10,Delhi,86.75,PPAC-benchmark
2024-11-10,Gujarat,87.45,PPAC-benchmark
2024-11-10,Haryana,89.97,PPAC-benchmark
2024-11-10,Karnataka,92.09,PPAC-benchmark
2024-11-10,Madhya Pradesh,92.39,PPAC-benchmark
2024-11-10,Maharashtra,94.78,PPAC-benchmark
2024-11-10,Punjab,90.51,PPAC-benchmark
2024-11-10,Rajasthan,93.32,PPAC-benchmark
2024-11-10,Tamil Nadu,90.98,PPAC-benchmark
2024-11-10,Telangana,94.45,PPAC-benchmark
2024-11-10,Uttar Pradesh,89.28,PPAC-benchmark
2024-11-10,West Bengal,91.71,PPAC-benchmark
2024-11-11,Andhra Pradesh,95.61,PPAC-benchmark
2024-11-11,Delhi,86.73,PPAC-benchmark
2024-11-11,Gujarat,87.42,PPAC-benchmark
2024-11-11,Haryana,90.02,PPAC-benchmark
2024-11-11,Karnataka,92.24,PPAC-benchmark
2024-11-11,Madhya Pradesh,92.48,PPAC-benchmark
2024-11-11,Maharashtra,94.82,PPAC-benchmark
2024-11-11,Punjab,90.47,PPAC-benchmark
2024-11-11,Rajasthan,93.46,PPAC-benchmark
2024-11-11,Tamil Nadu,90.99,PPAC-benchmark
2024-11-11,Telangana,94.38,PPAC-benchmark
2024-11-11,Uttar Pradesh,89.12,PPAC-benchmark
2024-11-11,West Bengal,91.63,PPAC-benchmark
2024-11-12,Andhra Pradesh,95.59,PPAC-benchmark
2024-11-12,Delhi,86.68,PPAC-benchmark
2024-11-12,Gujarat,87.3,PPAC-benchmark
2024-11-12,Haryana,89.85,PPAC-benchmark
2024-11-12,Karnataka,92.09,PPAC-benchmark
2024-11-12,Madhya Pradesh,92.38,PPAC-benchmark
2024-11-12,Maharashtra,94.72,PPAC-benchmark
2024-11-12,Punjab,90.5,PPAC-benchmark
2024-11-12,Tamil Nadu,91.01,PPAC-benchmark
2024-11-12,Telangana,94.32,PPAC-benchmark
2024-11-12,Uttar Pradesh,89.13,PPAC-benchmark
2024-11-12,West Bengal,91.63,PPAC-benchmark
2024-11-13,Andhra Pradesh,95.5,PPAC-benchmark
2024-11-13,Delhi,86.61,PPAC-benchmark
2024-11-13,Gujarat,87.27,PPAC-benchmark
2024-11-13,Haryana,89.82,PPAC-benchmark
2024-11-13,Karnataka,92.07,PPAC-benchmark
2024-11-13,Madhya Pradesh,92.44,PPAC-benchmark
2024-11-13,Maharashtra,94.56,PPAC-benchmark
2024-11-13,Punjab,90.47,PPAC-benchmark
2024-11-13,Rajasthan,93.22,PPAC-benchmark
2024-11-13,Tamil Nadu,90.87,PPAC-benchmark
2024-11-13,Telangana,94.33,PPAC-benchmark
2024-11-13,Uttar Pradesh,89.06,PPAC-benchmark
2024-11-13,West Bengal,91.52,PPAC-benchmark
2024-11-14,Andhra Pradesh,95.48,PPAC-benchmark
2024-11-14,Delhi,86.61,PPAC-benchmark
2024-11-14,Gujarat,87.34,PPAC-benchmark
2024-11-14,Haryana,89.73,PPAC-benchmark
2024-11-14,Karnataka,92.0,PPAC-benchmark
2024-11-14,Madhya Pradesh,92.38,PPAC-benchmark
2024-11-14,Maharashtra,94.62,PPAC-benchmark
2024-11-14,Punjab,90.43,PPAC-benchmark
2024-11-14,Rajasthan,93.22,PPAC-benchmark
2024-11-14,Tamil Nadu,90.93,PPAC-benchmark
2024-11-14,Telangana,94.31,PPAC-benchmark
2024-11-14,Uttar Pradesh,89.03,PPAC-benchmark
2024-11-14,West Bengal,91.52,PPAC-benchmark
2024-11-15,Andhra Pradesh,95.52,PPAC-benchmark
2024-11-15,Delhi,86.62,PPAC-benchmark
2024-11-15,Gujarat,87.25,PPAC-benchmark
2024-11-15,Haryana,89.83,PPAC-benchmark
2024-11-15,Karnataka,92.02,PPAC-benchmark
2024-11-15,Madhya Pradesh,92.36,PPAC-benchmark
2024-11-15,Maharashtra,94.66,PPAC-benchmark
2024-11-15,Punjab,90.37,PPAC-benchmark
2024-11-15,Rajasthan,93.24,PPAC-benchmark
2024-11-15,Tamil Nadu,90.77,PPAC-benchmark
2024-11-15,Telangana,94.34,PPAC-benchmark
2024-11-15,Uttar Pradesh,89.09,PPAC-benchmark
2024-11-15,West Bengal,91.6,PPAC-benchmark
2024-11-16,Andhra Pradesh,95.48,PPAC-benchmark
2024-11-16,Delhi,86.7,PPAC-benchmark
2024-11-16,Gujarat,87.34,PPAC-benchmark
2024-11-16,Haryana,89.79,PPAC-benchmark
2024-11-16,Karnataka,92.07,PPAC-benchmark
2024-11-16,Madhya Pradesh,92.33,PPAC-benchmark
2024-11-16,Punjab,90.37,PPAC-benchmark
2024-11-16,Rajasthan,93.18,PPAC-benchmark
2024-11-16,Tamil Nadu,90.77,PPAC-benchmark
2024-11-16,Telangana,94.24,PPAC-benchmark
2024-11-16,Uttar Pradesh,88.99,PPAC-benchmark
2024-11-16,West Bengal,91.49,PPAC-benchmark
2024-11-17,Andhra Pradesh,95.36,PPAC-benchmark
2024-11-17,Delhi,86.59,PPAC-benchmark
2024-11-17,Gujarat,87.23,PPAC-benchmark
2024-11-17,Haryana,89.78,PPAC-benchmark
2024-11-17,Madhya Pradesh,92.29,PPAC-benchmark
2024-11-17,Maharashtra,94.58,PPAC-benchmark
2024-11-17,Punjab,90.32,PPAC-benchmark
2024-11-17,Tamil Nadu,90.77,PPAC-benchmark
2024-11-17,Telangana,94.19,PPAC-benchmark
2024-11-17,Uttar Pradesh,88.93,PPAC-benchmark
2024-11-17,West Bengal,91.46,PPAC-benchmark
2024-11-18,Andhra Pradesh,95.53,PPAC-benchmark
2024-11-18,Delhi,86.41,PPAC-benchmark
2024-11-18,Gujarat,87.27,PPAC-benchmark
2024-11-18,Haryana,89.69,PPAC-benchmark
2024-11-18,Karnataka,91.88,PPAC-benchmark
2024-11-18,Madhya Pradesh,92.29,PPAC-benchmark
2024-11-18,Maharashtra,94.53,PPAC-benchmark
2024-11-18,Punjab,90.35,PPAC-benchmark
2024-11-18,Rajasthan,93.12,PPAC-benchmark
2024-11-18,Tamil Nadu,90.73,PPAC-benchmark
2024-11-18,Telangana,94.28,PPAC-benchmark
2024-11-18,Uttar Pradesh,89.02,PPAC-benchmark
2024-11-19,Andhra Pradesh,95.36,PPAC-benchmark
2024-11-19,Delhi,86.6,PPAC-benchmark
2024-11-19,Haryana,89.74,PPAC-benchmark
2024-11-19,Karnataka,91.91,PPAC-benchmark
2024-11-19,Madhya Pradesh,92.3,PPAC-benchmark
2024-11-19,Maharashtra,94.5,PPAC-benchmark
2024-11-19,Punjab,90.32,PPAC-benchmark
2024-11-19,Rajasthan,93.08,PPAC-benchmark
2024-11-19,Tamil Nadu,90.72,PPAC-benchmark
2024-11-19,Telangana,94.18,PPAC-benchmark
2024-11-19,West Bengal,91.37,PPAC-benchmark
2024-11-20,Andhra Pradesh,95.38,PPAC-benchmark
2024-11-20,Delhi,86.5,PPAC-benchmark
2024-11-20,Gujarat,87.18,PPAC-benchmark
2024-11-20,Haryana,89.75,PPAC-benchmark
2024-11-20,Madhya Pradesh,92.23,PPAC-benchmark
2024-11-20,Maharashtra,94.52,PPAC-benchmark
2024-11-20,Rajasthan,93.05,PPAC-benchmark
2024-11-20,Tamil Nadu,90.72,PPAC-benchmark
2024-11-20,Telangana,94.26,PPAC-benchmark
2024-11-20,Uttar Pradesh,88.82,PPAC-benchmark
2024-11-20,West Bengal,91.37,PPAC-benchmark
2024-11-21,Delhi,86.41,PPAC-benchmark
2024-11-21,Gujarat,87.25,PPAC-benchmark
2024-11-21,Haryana,89.66,PPAC-benchmark
2024-11-21,Karnataka,91.91,PPAC-benchmark
2024-11-21,Madhya Pradesh,92.28,PPAC-benchmark
2024-11-21,Maharashtra,94.5,PPAC-benchmark
2024-11-21,Punjab,90.31,PPAC-benchmark
2024-11-21,Rajasthan,93.02,PPAC-benchmark
2024-11-21,Tamil Nadu,90.62,PPAC-benchmark
2024-11-21,Telangana,94.17,PPAC-benchmark
2024-11-21,West Bengal,91.34,PPAC-benchmark
2024-11-22,Andhra Pradesh,95.31,PPAC-benchmark
2024-11-22,Delhi,86.41,PPAC-benchmark
2024-11-22,Gujarat,87.06,PPAC-benchmark
2024-11-22,Haryana,89.65,PPAC-benchmark
2024-11-22,Karnataka,91.84,PPAC-benchmark
2024-11-22,Madhya Pradesh,92.04,PPAC-benchmark
2024-11-22,Maharashtra,94.49,PPAC-benchmark
2024-11-22,Punjab,90.32,PPAC-benchmark
2024-11-22,Rajasthan,93.04,PPAC-benchmark
2024-11-22,Tamil Nadu,90.69,PPAC-benchmark
2024-11-22,Telangana,93.98,PPAC-benchmark
2024-11-22,Uttar Pradesh,88.8,PPAC-benchmark
2024-11-22,West Bengal,91.31,PPAC-benchmark
2024-11-23,Andhra Pradesh,95.3,PPAC-benchmark
2024-11-23,Delhi,86.41,PPAC-benchmark
2024-11-23,Gujarat,87.14,PPAC-benchmark
2024-11-23,Haryana,89.56,PPAC-benchmark
2024-11-23,Karnataka,91.88,PPAC-benchmark
2024-11-23,Madhya Pradesh,92.04,PPAC-benchmark
2024-11-23,Maharashtra,94.43,PPAC-benchmark
2024-11-23,Punjab,90.23,PPAC-benchmark
2024-11-23,Rajasthan,93.1,PPAC-benchmark
2024-11-23,Tamil Nadu,90.57,PPAC-benchmark
2024-11-23,Telangana,94.12,PPAC-benchmark
2024-11-23,Uttar Pradesh,88.78,PPAC-benchmark
2024-11-24,Andhra Pradesh,95.28,PPAC-benchmark
2024-11-24,Delhi,86.35,PPAC-benchmark
2024-11-24,Haryana,89.66,PPAC-benchmark
2024-11-24,Karnataka,91.67,PPAC-benchmark
2024-11-24,Madhya Pradesh,92.12,PPAC-benchmark
2024-11-24,Maharashtra,94.38,PPAC-benchmark
2024-11-24,Punjab,90.23,PPAC-benchmark
2024-11-24,Rajasthan,93.03,PPAC-benchmark
2024-11-24,Telangana,94.05,PPAC-benchmark
2024-11-24,Uttar Pradesh,88.74,PPAC-benchmark
2024-11-24,West Bengal,91.36,PPAC-benchmark
2024-11-25,Andhra Pradesh,95.15,PPAC-benchmark
2024-11-25,Delhi,86.38,PPAC-benchmark
2024-11-25,Gujarat,87.08,PPAC-benchmark
2024-11-25,Haryana,89.55,PPAC-benchmark
2024-11-25,Karnataka,91.78,PPAC-benchmark
2024-11-25,Madhya Pradesh,92.03,PPAC-benchmark
2024-11-25,Maharashtra,94.43,PPAC-benchmark
2024-11-25,Punjab,90.16,PPAC-benchmark
2024-11-25,Rajasthan,92.93,PPAC-benchmark
2024-11-25,Tamil Nadu,90.56,PPAC-benchmark
2024-11-25,Telangana,94.08,PPAC-benchmark
2024-11-25,Uttar Pradesh,88.73,PPAC-benchmark
2024-11-25,West Bengal,91.26,PPAC-benchmark
2024-11-26,Andhra Pradesh,95.07,PPAC-benchmark
2024-11-26,Delhi,86.41,PPAC-benchmark
2024-11-26,Gujarat,87.06,PPAC-benchmark
2024-11-26,Haryana,89.5,PPAC-benchmark
2024-11-26,Karnataka,91.67,PPAC-benchmark
2024-11-26,Madhya Pradesh,91.97,PPAC-benchmark
2024-11-26,Maharashtra,94.32,PPAC-benchmark
2024-11-26,Punjab,90.11,PPAC-benchmark
2024-11-26,Rajasthan,92.87,PPAC-benchmark
2024-11-26,Tamil Nadu,90.46,PPAC-benchmark
2024-11-26,Telangana,93.99,PPAC-benchmark
2024-11-26,Uttar Pradesh,88.68,PPAC-benchmark
2024-11-26,West Bengal,91.14,PPAC-benchmark
2024-11-27,Andhra Pradesh,95.14,PPAC-benchmark
2024-11-27,Delhi,86.26,PPAC-benchmark
2024-11-27,Gujarat,86.93,PPAC-benchmark
2024-11-27,Haryana,89.44,PPAC-benchmark
2024-11-27,Karnataka,91.64,PPAC-benchmark
2024-11-27,Madhya Pradesh,91.91,PPAC-benchmark
2024-11-27,Maharashtra,94.38,PPAC-benchmark
2024-11-27,Punjab,90.11,PPAC-benchmark
2024-11-27,Rajasthan,92.94,PPAC-benchmark
2024-11-27,Tamil Nadu,90.46,PPAC-benchmark
2024-11-27,Telangana,93.91,PPAC-benchmark
2024-11-27,Uttar Pradesh,88.66,PPAC-benchmark
2024-11-27,West Bengal,91.26,PPAC-benchmark
2024-11-28,Andhra Pradesh,95.17,PPAC-benchmark
2024-11-28,Delhi,86.13,PPAC-benchmark
2024-11-28,Gujarat,86.9,PPAC-benchmark
2024-11-28,Haryana,89.42,PPAC-benchmark
2024-11-28,Karnataka,91.59,PPAC-benchmark
2024-11-28,Madhya Pradesh,92.0,PPAC-benchmark
2024-11-28,Maharashtra,94.27,PPAC-benchmark
2024-11-28,Punjab,90.06,PPAC-benchmark
2024-11-28,Rajasthan,92.83,PPAC-benchmark
2024-11-28,Tamil Nadu,90.39,PPAC-benchmark
2024-11-28,Telangana,94.03,PPAC-benchmark
2024-11-28,Uttar Pradesh,88.6,PPAC-benchmark
2024-11-28,West Bengal,90.99,PPAC-benchmark
2024-11-29,Delhi,86.12,PPAC-benchmark
2024-11-29,Gujarat,86.87,PPAC-benchmark
2024-11-29,Haryana,89.38,PPAC-benchmark
2024-11-29,Karnataka,91.51,PPAC-benchmark
2024-11-29,Madhya Pradesh,91.87,PPAC-benchmark
2024-11-29,Maharashtra,94.1,PPAC-benchmark
2024-11-29,Punjab,89.94,PPAC-benchmark
2024-11-29,Rajasthan,92.84,PPAC-benchmark
2024-11-29,Tamil Nadu,90.49,PPAC-benchmark
2024-11-29,Telangana,93.86,PPAC-benchmark
2024-11-29,Uttar Pradesh,88.66,PPAC-benchmark
2024-11-29,West Bengal,91.09,PPAC-benchmark
2024-11-30,Andhra Pradesh,95.05,PPAC-benchmark
2024-11-30,Delhi,86.22,PPAC-benchmark
2024-11-30,Gujarat,86.84,PPAC-benchmark
2024-11-30,Haryana,89.31,PPAC-benchmark
2024-11-30,Karnataka,91.55,PPAC-benchmark
2024-11-30,Madhya Pradesh,91.86,PPAC-benchmark
2024-11-30,Maharashtra,94.12,PPAC-benchmark
2024-11-30,Punjab,89.98,PPAC-benchmark
2024-11-30,Rajasthan,92.76,PPAC-benchmark
2024-11-30,Tamil Nadu,90.35,PPAC-benchmark
2024-11-30,Telangana,93.82,PPAC-benchmark
2024-11-30,West Bengal,91.04,PPAC-benchmark
2024-12-01,Andhra Pradesh,95.06,PPAC-benchmark
2024-12-01,Delhi,86.16,PPAC-benchmark
2024-12-01,Gujarat,86.86,PPAC-benchmark
2024-12-01,Haryana,89.32,PPAC-benchmark
2024-12-01,Karnataka,91.49,PPAC-benchmark
2024-12-01,Madhya Pradesh,91.85,PPAC-benchmark
2024-12-01,Maharashtra,94.07,PPAC-benchmark
2024-12-01,Punjab,90.03,PPAC-benchmark
2024-12-01,Rajasthan,92.76,PPAC-benchmark
2024-12-01,Tamil Nadu,90.36,PPAC-benchmark
2024-12-01,Telangana,93.84,PPAC-benchmark
2024-12-01,Uttar Pradesh,88.54,PPAC-benchmark
2024-12-01,West Bengal,91.0,PPAC-benchmark
2024-12-02,Andhra Pradesh,95.08,PPAC-benchmark
2024-12-02,Delhi,86.22,PPAC-benchmark
2024-12-02,Gujarat,86.83,PPAC-benchmark
2024-12-02,Haryana,89.32,PPAC-benchmark
2024-12-02,Karnataka,91.61,PPAC-benchmark
2024-12-02,Madhya Pradesh,91.93,PPAC-benchmark
2024-12-02,Maharashtra,94.18,PPAC-benchmark
2024-12-02,Punjab,89.94,PPAC-benchmark
2024-12-02,Rajasthan,92.71,PPAC-benchmark
2024-12-02,Tamil Nadu,90.38,PPAC-benchmark
2024-12-02,Telangana,93.9,PPAC-benchmark
2024-12-02,Uttar Pradesh,88.61,PPAC-benchmark
2024-12-02,West Bengal,91.08,PPAC-benchmark
2024-12-03,Andhra Pradesh,95.08,PPAC-benchmark
2024-12-03,Delhi,86.1,PPAC-benchmark
2024-12-03,Gujarat,86.85,PPAC-benchmark
2024-12-03,Haryana,89.41,PPAC-benchmark
2024-12-03,Karnataka,91.53,PPAC-benchmark
2024-12-03,Madhya Pradesh,91.84,PPAC-benchmark
2024-12-03,Maharashtra,94.06,PPAC-benchmark
2024-12-03,Punjab,89.99,PPAC-benchmark
2024-12-03,Tamil Nadu,90.47,PPAC-benchmark
2024-12-03,Telangana,93.95,PPAC-benchmark
2024-12-03,Uttar Pradesh,88.55,PPAC-benchmark
2024-12-03,West Bengal,91.04,PPAC-benchmark
2024-12-04,Andhra Pradesh,95.02,PPAC-benchmark
2024-12-04,Delhi,86.04,PPAC-benchmark
2024-12-04,Gujarat,86.8,PPAC-benchmark
2024-12-04,Haryana,89.25,PPAC-benchmark
2024-12-04,Karnataka,91.54,PPAC-benchmark
2024-12-04,Madhya Pradesh,91.77,PPAC-benchmark
2024-12-04,Maharashtra,94.09,PPAC-benchmark
2024-12-04,Punjab,89.89,PPAC-benchmark
2024-12-04,Rajasthan,92.78,PPAC-benchmark
2024-12-04,Tamil Nadu,90.26,PPAC-benchmark
2024-12-04,Telangana,93.79,PPAC-benchmark
2024-12-04,Uttar Pradesh,88.56,PPAC-benchmark
2024-12-04,West Bengal,91.1,PPAC-benchmark
2024-12-05,Andhra Pradesh,94.97,PPAC-benchmark
2024-12-05,Delhi,86.1,PPAC-benchmark
2024-12-05,Gujarat,86.89,PPAC-benchmark
2024-12-05,Haryana,89.34,PPAC-benchmark
2024-12-05,Karnataka,91.41,PPAC-benchmark
2024-12-05,Madhya Pradesh,91.7,PPAC-benchmark
2024-12-05,Maharashtra,94.11,PPAC-benchmark
2024-12-05,Punjab,89.86,PPAC-benchmark
2024-12-05,Rajasthan,92.7,PPAC-benchmark
2024-12-05,Tamil Nadu,90.26,PPAC-benchmark
2024-12-05,Telangana,93.85,PPAC-benchmark
2024-12-05,Uttar Pradesh,88.57,PPAC-benchmark
2024-12-05,West Bengal,91.09,PPAC-benchmark
2024-12-06,Andhra Pradesh,94.9,PPAC-benchmark
2024-12-06,Delhi,85.99,PPAC-benchmark
2024-12-06,Haryana,89.29,PPAC-benchmark
2024-12-06,Karnataka,91.46,PPAC-benchmark
2024-12-06,Madhya Pradesh,91.8,PPAC-benchmark
2024-12-06,Maharashtra,94.12,PPAC-benchmark
2024-12-06,Punjab,89.84,PPAC-benchmark
2024-12-06,Rajasthan,92.72,PPAC-benchmark
2024-12-06,Tamil Nadu,90.4,PPAC-benchmark
2024-12-06,Telangana,93.73,PPAC-benchmark
2024-12-06,Uttar Pradesh,88.48,PPAC-benchmark
2024-12-06,West Bengal,90.93,PPAC-benchmark
2024-12-07,Andhra Pradesh,94.99,PPAC-benchmark
2024-12-07,Delhi,86.1,PPAC-benchmark
2024-12-07,Gujarat,86.84,PPAC-benchmark
2024-12-07,Haryana,89.24,PPAC-benchmark
2024-12-07,Karnataka,91.55,PPAC-benchmark
2024-12-07,Madhya Pradesh,91.8,PPAC-benchmark
2024-12-07,Maharashtra,94.13,PPAC-benchmark
2024-12-07,Punjab,89.92,PPAC-benchmark
2024-12-07,Rajasthan,92.63,PPAC-benchmark
2024-12-07,Tamil Nadu,90.3,PPAC-benchmark
2024-12-07,Telangana,93.71,PPAC-benchmark
2024-12-07,Uttar Pradesh,88.46,PPAC-benchmark
2024-12-07,West Bengal,90.91,PPAC-benchmark
2024-12-08,Andhra Pradesh,94.88,PPAC-benchmark
2024-12-08,Delhi,86.07,PPAC-benchmark
2024-12-08,Gujarat,86.78,PPAC-benchmark
2024-12-08,Haryana,89.3,PPAC-benchmark
2024-12-08,Karnataka,91.44,PPAC-benchmark
2024-12-08,Madhya Pradesh,91.76,PPAC-benchmark
2024-12-08,Maharashtra,94.08,PPAC-benchmark
2024-12-08,Punjab,89.86,PPAC-benchmark
2024-12-08,Rajasthan,92.62,PPAC-benchmark
2024-12-08,Tamil Nadu,90.3,PPAC-benchmark
2024-12-08,Telangana,93.78,PPAC-benchmark
2024-12-08,Uttar Pradesh,88.32,PPAC-benchmark
2024-12-08,West Bengal,90.9,PPAC-benchmark
2024-12-09,Andhra Pradesh,94.93,PPAC-benchmark
2024-12-09,Delhi,86.08,PPAC-benchmark
2024-12-09,Gujarat,86.69,PPAC-benchmark
2024-12-09,Haryana,89.26,PPAC-benchmark
2024-12-09,Karnataka,91.41,PPAC-benchmark
2024-12-09,Madhya Pradesh,91.75,PPAC-benchmark
2024-12-09,Maharashtra,94.02,PPAC-benchmark
2024-12-09,Punjab,89.88,PPAC-benchmark
2024-12-09,Rajasthan,92.63,PPAC-benchmark
2024-12-09,Tamil Nadu,90.22,PPAC-benchmark
2024-12-09,Telangana,93.74,PPAC-benchmark
2024-12-09,Uttar Pradesh,88.48,PPAC-benchmark
2024-12-09,West Bengal,90.95,PPAC-benchmark
2024-12-10,Andhra Pradesh,95.0,PPAC-benchmark
2024-12-10,Delhi,85.99,PPAC-benchmark
2024-12-10,Gujarat,86.67,PPAC-benchmark
2024-12-10,Haryana,89.31,PPAC-benchmark
2024-12-10,Karnataka,91.43,PPAC-benchmark
2024-12-10,Madhya Pradesh,91.65,PPAC-benchmark
2024-12-10,Maharashtra,94.05,PPAC-benchmark
2024-12-10,Punjab,89.88,PPAC-benchmark
2024-12-10,Rajasthan,92.62,PPAC-benchmark
2024-12-10,Tamil Nadu,90.2,PPAC-benchmark
2024-12-10,Telangana,93.69,PPAC-benchmark
2024-12-10,Uttar Pradesh,88.33,PPAC-benchmark
2024-12-10,West Bengal,90.97,PPAC-benchmark
2024-12-11,Andhra Pradesh,94.87,PPAC-benchmark
2024-12-11,Delhi,86.08,PPAC-benchmark
2024-12-11,Gujarat,86.75,PPAC-benchmark
2024-12-11,Haryana,89.16,PPAC-benchmark
2024-12-11,Karnataka,91.37,PPAC-benchmark
2024-12-11,Madhya Pradesh,91.68,PPAC-benchmark
2024-12-11,Maharashtra,94.0,PPAC-benchmark
2024-12-11,Punjab,89.81,PPAC-benchmark
2024-12-11,Rajasthan,92.55,PPAC-benchmark
2024-12-11,Tamil Nadu,90.21,PPAC-benchmark
2024-12-11,Telangana,93.63,PPAC-benchmark
2024-12-11,Uttar Pradesh,88.4,PPAC-benchmark
2024-12-12,Andhra Pradesh,94.81,PPAC-benchmark
2024-12-12,Delhi,85.87,PPAC-benchmark
2024-12-12,Gujarat,86.64,PPAC-benchmark
2024-12-12,Haryana,89.09,PPAC-benchmark
2024-12-12,Karnataka,91.41,PPAC-benchmark
2024-12-12,Madhya Pradesh,91.6,PPAC-benchmark
2024-12-12,Maharashtra,93.99,PPAC-benchmark
2024-12-12,Punjab,89.72,PPAC-benchmark
2024-12-12,Rajasthan,92.54,PPAC-benchmark
2024-12-12,Tamil Nadu,90.16,PPAC-benchmark
2024-12-12,Telangana,93.58,PPAC-benchmark
2024-12-12,Uttar Pradesh,88.35,PPAC-benchmark
2024-12-12,West Bengal,90.74,PPAC-benchmark
2024-12-13,Andhra Pradesh,94.86,PPAC-benchmark
2024-12-13,Delhi,85.85,PPAC-benchmark
2024-12-13,Gujarat,86.63,PPAC-benchmark
2024-12-13,Haryana,89.06,PPAC-benchmark
2024-12-13,Madhya Pradesh,91.66,PPAC-benchmark
2024-12-13,Punjab,89.78,PPAC-benchmark
2024-12-13,Rajasthan,92.42,PPAC-benchmark
2024-12-13,Tamil Nadu,90.09,PPAC-benchmark
2024-12-13,Telangana,93.63,PPAC-benchmark
2024-12-13,Uttar Pradesh,88.26,PPAC-benchmark
2024-12-13,West Bengal,90.86,PPAC-benchmark
2024-12-14,Andhra Pradesh,94.8,PPAC-benchmark
2024-12-14,Delhi,85.88,PPAC-benchmark
2024-12-14,Gujarat,86.51,PPAC-benchmark
2024-12-14,Haryana,89.06,PPAC-benchmark
2024-12-14,Karnataka,91.27,PPAC-benchmark
2024-12-14,Maharashtra,93.91,PPAC-benchmark
2024-12-14,Punjab,89.66,PPAC-benchmark
2024-12-14,Rajasthan,92.46,PPAC-benchmark
2024-12-14,Tamil Nadu,90.13,PPAC-benchmark
2024-12-14,Telangana,93.65,PPAC-benchmark
2024-12-14,Uttar Pradesh,88.35,PPAC-benchmark
2024-12-14,West Bengal,90.78,PPAC-benchmark
2024-12-15,Andhra Pradesh,94.74,PPAC-benchmark
2024-12-15,Delhi,85.87,PPAC-benchmark
2024-12-15,Gujarat,86.51,PPAC-benchmark
2024-12-15,Haryana,89.04,PPAC-benchmark
2024-12-15,Madhya Pradesh,91.58,PPAC-benchmark
2024-12-15,Maharashtra,93.93,PPAC-benchmark
2024-12-15,Punjab,89.65,PPAC-benchmark
2024-12-15,Rajasthan,92.47,PPAC-benchmark
2024-12-15,Telangana,93.56,PPAC-benchmark
2024-12-15,West Bengal,90.7,PPAC-benchmark
2024-12-16,Andhra Pradesh,94.85,PPAC-benchmark
2024-12-16,Delhi,85.83,PPAC-benchmark
2024-12-16,Gujarat,86.56,PPAC-benchmark
2024-12-16,Haryana,89.08,PPAC-benchmark
2024-12-16,Madhya Pradesh,91.59,PPAC-benchmark
2024-12-16,Maharashtra,93.75,PPAC-benchmark
2024-12-16,Punjab,89.64,PPAC-benchmark
2024-12-16,Rajasthan,92.45,PPAC-benchmark
2024-12-16,Tamil Nadu,90.05,PPAC-benchmark
2024-12-16,Telangana,93.61,PPAC-benchmark
2024-12-16,Uttar Pradesh,88.26,PPAC-benchmark
2024-12-16,West Bengal,90.79,PPAC-benchmark
2024-12-17,Andhra Pradesh,94.71,PPAC-benchmark
2024-12-17,Delhi,85.8,PPAC-benchmark
2024-12-17,Gujarat,86.51,PPAC-benchmark
2024-12-17,Haryana,88.94,PPAC-benchmark
2024-12-17,Karnataka,91.16,PPAC-benchmark
2024-12-17,Madhya Pradesh,91.49,PPAC-benchmark
2024-12-17,Maharashtra,93.83,PPAC-benchmark
2024-12-17,Punjab,89.52,PPAC-benchmark
2024-12-17,Rajasthan,92.45,PPAC-benchmark
2024-12-17,Tamil Nadu,90.04,PPAC-benchmark
2024-12-17,Telangana,93.52,PPAC-benchmark
2024-12-17,Uttar Pradesh,88.14,PPAC-benchmark
2024-12-17,West Bengal,90.65,PPAC-benchmark
2024-12-18,Andhra Pradesh,94.66,PPAC-benchmark
2024-12-18,Delhi,85.79,PPAC-benchmark
2024-12-18,Gujarat,86.43,PPAC-benchmark
2024-12-18,Haryana,88.97,PPAC-benchmark
2024-12-18,Karnataka,91.21,PPAC-benchmark
2024-12-18,Madhya Pradesh,91.4,PPAC-benchmark
2024-12-18,Maharashtra,93.69,PPAC-benchmark
2024-12-18,Punjab,89.53,PPAC-benchmark
2024-12-18,Rajasthan,92.28,PPAC-benchmark
2024-12-18,Tamil Nadu,89.99,PPAC-benchmark
2024-12-18,Telangana,93.58,PPAC-benchmark
2024-12-18,Uttar Pradesh,88.19,PPAC-benchmark
2024-12-18,West Bengal,90.75,PPAC-benchmark
2024-12-19,Andhra Pradesh,94.57,PPAC-benchmark
2024-12-19,Delhi,85.68,PPAC-benchmark
2024-12-19,Gujarat,86.45,PPAC-benchmark
2024-12-19,Haryana,89.0,PPAC-benchmark
2024-12-19,Karnataka,91.16,PPAC-benchmark
2024-12-19,Madhya Pradesh,91.39,PPAC-benchmark
2024-12-19,Maharashtra,93.78,PPAC-benchmark
2024-12-19,Punjab,89.45,PPAC-benchmark
2024-12-19,Rajasthan,92.39,PPAC-benchmark
2024-12-19,Tamil Nadu,89.9,PPAC-benchmark
2024-12-19,Telangana,93.42,PPAC-benchmark
2024-12-19,Uttar Pradesh,88.04,PPAC-benchmark
2024-12-19,West Bengal,90.67,PPAC-benchmark
2024-12-20,Andhra Pradesh,94.59,PPAC-benchmark
2024-12-20,Delhi,85.68,PPAC-benchmark
2024-12-20,Gujarat,86.29,PPAC-benchmark
2024-12-20,Haryana,88.93,PPAC-benchmark
2024-12-20,Karnataka,91.02,PPAC-benchmark
2024-12-20,Madhya Pradesh,91.39,PPAC-benchmark
2024-12-20,Maharashtra,93.73,PPAC-benchmark
2024-12-20,Punjab,89.48,PPAC-benchmark
2024-12-20,Rajasthan,92.31,PPAC-benchmark
2024-12-20,Tamil Nadu,89.85,PPAC-benchmark
2024-12-20,Telangana,93.42,PPAC-benchmark
2024-12-20,Uttar Pradesh,88.07,PPAC-benchmark
2024-12-20,West Bengal,90.6,PPAC-benchmark
2024-12-21,Andhra Pradesh,94.6,PPAC-benchmark
2024-12-21,Delhi,85.69,PPAC-benchmark
2024-12-21,Gujarat,86.38,PPAC-benchmark
2024-12-21,Haryana,88.82,PPAC-benchmark
2024-12-21,Karnataka,91.0,PPAC-benchmark
2024-12-21,Madhya Pradesh,91.36,PPAC-benchmark
2024-12-21,Maharashtra,93.7,PPAC-benchmark
2024-12-21,Punjab,89.4,PPAC-benchmark
2024-12-21,Rajasthan,92.27,PPAC-benchmark
2024-12-21,Tamil Nadu,89.99,PPAC-benchmark
2024-12-21,Telangana,93.38,PPAC-benchmark
2024-12-21,West Bengal,90.54,PPAC-benchmark
2024-12-22,Andhra Pradesh,94.46,PPAC-benchmark
2024-12-22,Delhi,85.68,PPAC-benchmark
2024-12-22,Gujarat,86.39,PPAC-benchmark
2024-12-22,Haryana,88.83,PPAC-benchmark
2024-12-22,Karnataka,90.94,PPAC-benchmark
2024-12-22,Madhya Pradesh,91.39,PPAC-benchmark
2024-12-22,Maharashtra,93.73,PPAC-benchmark
2024-12-22,Punjab,89.47,PPAC-benchmark
2024-12-22,Rajasthan,92.25,PPAC-benchmark
2024-12-22,Tamil Nadu,89.79,PPAC-benchmark
2024-12-22,Telangana,93.35,PPAC-benchmark
2024-12-22,Uttar Pradesh,88.02,PPAC-benchmark
2024-12-22,West Bengal,90.56,PPAC-benchmark
2024-12-23,Andhra Pradesh,94.5,PPAC-benchmark
2024-12-23,Delhi,85.66,PPAC-benchmark
2024-12-23,Gujarat,86.37,PPAC-benchmark
2024-12-23,Haryana,88.86,PPAC-benchmark
2024-12-23,Karnataka,91.05,PPAC-benchmark
2024-12-23,Madhya Pradesh,91.39,PPAC-benchmark
2024-12-23,Maharashtra,93.59,PPAC-benchmark
2024-12-23,Punjab,89.39,PPAC-benchmark
2024-12-23,Rajasthan,92.33,PPAC-benchmark
2024-12-23,Tamil Nadu,89.8,PPAC-benchmark
2024-12-23,Telangana,93.42,PPAC-benchmark
2024-12-23,Uttar Pradesh,88.03,PPAC-benchmark
2024-12-23,West Bengal,90.56,PPAC-benchmark
2024-12-24,Delhi,85.6,PPAC-benchmark
2024-12-24,Gujarat,86.41,PPAC-benchmark
2024-12-24,Haryana,88.91,PPAC-benchmark
2024-12-24,Karnataka,91.04,PPAC-benchmark
2024-12-24,Madhya Pradesh,91.36,PPAC-benchmark
2024-12-24,Maharashtra,93.58,PPAC-benchmark
2024-12-24,Punjab,89.46,PPAC-benchmark
2024-12-24,Rajasthan,92.26,PPAC-benchmark
2024-12-24,Tamil Nadu,89.81,PPAC-benchmark
2024-12-24,Telangana,93.32,PPAC-benchmark
2024-12-24,Uttar Pradesh,88.04,PPAC-benchmark
2024-12-24,West Bengal,90.49,PPAC-benchmark
2024-12-25,Andhra Pradesh,94.54,PPAC-benchmark
2024-12-25,Delhi,85.64,PPAC-benchmark
2024-12-25,Gujarat,86.28,PPAC-benchmark
2024-12-25,Haryana,88.8,PPAC-benchmark
2024-12-25,Karnataka,90.96,PPAC-benchmark
2024-12-25,Madhya Pradesh,91.31,PPAC-benchmark
2024-12-25,Maharashtra,93.55,PPAC-benchmark
2024-12-25,Punjab,89.51,PPAC-benchmark
2024-12-25,Rajasthan,92.24,PPAC-benchmark
2024-12-25,Tamil Nadu,89.94,PPAC-benchmark
2024-12-25,Telangana,93.23,PPAC-benchmark
2024-12-25,Uttar Pradesh,88.01,PPAC-benchmark
2024-12-25,West Bengal,90.53,PPAC-benchmark
2024-12-26,Andhra Pradesh,94.46,PPAC-benchmark
2024-12-26,Delhi,85.55,PPAC-benchmark
2024-12-26,Gujarat,86.2,PPAC-benchmark
2024-12-26,Haryana,88.76,PPAC-benchmark
2024-12-26,Karnataka,90.95,PPAC-benchmark
2024-12-26,Madhya Pradesh,91.24,PPAC-benchmark
2024-12-26,Maharashtra,93.64,PPAC-benchmark
2024-12-26,Punjab,89.28,PPAC-benchmark
2024-12-26,Rajasthan,92.15,PPAC-benchmark
2024-12-26,Tamil Nadu,89.82,PPAC-benchmark
2024-12-26,Telangana,93.26,PPAC-benchmark
2024-12-26,Uttar Pradesh,87.96,PPAC-benchmark
2024-12-26,West Bengal,90.46,PPAC-benchmark
2024-12-27,Andhra Pradesh,94.46,PPAC-benchmark
2024-12-27,Delhi,85.54,PPAC-benchmark
2024-12-27,Haryana,88.74,PPAC-benchmark
2024-12-27,Karnataka,90.92,PPAC-benchmark
2024-12-27,Madhya Pradesh,91.19,PPAC-benchmark
2024-12-27,Maharashtra,93.46,PPAC-benchmark
2024-12-27,Punjab,89.28,PPAC-benchmark
2024-12-27,Rajasthan,92.12,PPAC-benchmark
2024-12-27,Tamil Nadu,89.7,PPAC-benchmark
2024-12-27,Telangana,93.18,PPAC-benchmark
2024-12-27,Uttar Pradesh,87.91,PPAC-benchmark
2024-12-27,West Bengal,90.41,PPAC-benchmark
2024-12-28,Andhra Pradesh,94.4,PPAC-benchmark
2024-12-28,Delhi,85.51,PPAC-benchmark
2024-12-28,Gujarat,86.18,PPAC-benchmark
2024-12-28,Haryana,88.79,PPAC-benchmark
2024-12-28,Karnataka,90.91,PPAC-benchmark
2024-12-28,Madhya Pradesh,91.28,PPAC-benchmark
2024-12-28,Maharashtra,93.51,PPAC-benchmark
2024-12-28,Punjab,89.35,PPAC-benchmark
2024-12-28,Rajasthan,92.06,PPAC-benchmark
2024-12-28,Tamil Nadu,89.66,PPAC-benchmark
2024-12-28,Telangana,93.29,PPAC-benchmark
2024-12-28,Uttar Pradesh,87.86,PPAC-benchmark
2024-12-28,West Bengal,90.43,PPAC-benchmark
2024-12-29,Andhra Pradesh,94.5,PPAC-benchmark
2024-12-29,Delhi,85.52,PPAC-benchmark
2024-12-29,Gujarat,86.16,PPAC-benchmark
2024-12-29,Haryana,88.7,PPAC-benchmark
2024-12-29,Karnataka,90.95,PPAC-benchmark
2024-12-29,Madhya Pradesh,91.2,PPAC-benchmark
2024-12-29,Maharashtra,93.45,PPAC-benchmark
2024-12-29,Punjab,89.32,PPAC-benchmark
2024-12-29,Rajasthan,92.09,PPAC-benchmark
2024-12-29,Tamil Nadu,89.69,PPAC-benchmark
2024-12-29,Telangana,93.17,PPAC-benchmark
2024-12-29,Uttar Pradesh,87.93,PPAC-benchmark
2024-12-29,West Bengal,90.32,PPAC-benchmark
2024-12-30,Andhra Pradesh,94.39,PPAC-benchmark
2024-12-30,Delhi,85.34,PPAC-benchmark
2024-12-30,Gujarat,86.14,PPAC-benchmark
2024-12-30,Haryana,88.66,PPAC-benchmark
2024-12-30,Madhya Pradesh,91.1,PPAC-benchmark
2024-12-30,Maharashtra,93.46,PPAC-benchmark
2024-12-30,Punjab,89.28,PPAC-benchmark
2024-12-30,Rajasthan,92.07,PPAC-benchmark
2024-12-30,Tamil Nadu,89.65,PPAC-benchmark
2024-12-30,Telangana,93.13,PPAC-benchmark
2024-12-30,Uttar Pradesh,87.91,PPAC-benchmark
2024-12-30,West Bengal,90.28,PPAC-benchmark
2024-12-31,Andhra Pradesh,94.24,PPAC-benchmark
2024-12-31,Delhi,85.4,PPAC-benchmark
2024-12-31,Gujarat,86.13,PPAC-benchmark
2024-12-31,Haryana,88.61,PPAC-benchmark
2024-12-31,Karnataka,90.71,PPAC-benchmark
2024-12-31,Maharashtra,93.37,PPAC-benchmark
2024-12-31,Punjab,89.17,PPAC-benchmark
2024-12-31,Rajasthan,92.0,PPAC-benchmark
2024-12-31,Tamil Nadu,89.6,PPAC-benchmark
2024-12-31,Telangana,93.06,PPAC-benchmark
2024-12-31,Uttar Pradesh,87.71,PPAC-benchmark
2024-12-31,West Bengal,90.24,PPAC-benchmark
2025-01-01,Andhra Pradesh,94.22,PPAC-benchmark
2025-01-01,Delhi,85.37,PPAC-benchmark
2025-01-01,Gujarat,85.97,PPAC-benchmark
2025-01-01,Haryana,88.5,PPAC-benchmark
2025-01-01,Karnataka,90.7,PPAC-benchmark
2025-01-01,Madhya Pradesh,91.09,PPAC-benchmark
2025-01-01,Maharashtra,93.28,PPAC-benchmark
2025-01-01,Punjab,89.04,PPAC-benchmark
2025-01-01,Rajasthan,91.99,PPAC-benchmark
2025-01-01,Tamil Nadu,89.54,PPAC-benchmark
2025-01-01,Telangana,92.99,PPAC-benchmark
2025-01-01,Uttar Pradesh,87.74,PPAC-benchmark
2025-01-01,West Bengal,90.21,PPAC-benchmark
2025-01-02,Andhra Pradesh,94.27,PPAC-benchmark
2025-01-02,Delhi,85.25,PPAC-benchmark
2025-01-02,Gujarat,86.09,PPAC-benchmark
2025-01-02,Haryana,88.56,PPAC-benchmark
2025-01-02,Karnataka,90.73,PPAC-benchmark
2025-01-02,Madhya Pradesh,90.97,PPAC-benchmark
2025-01-02,Maharashtra,93.24,PPAC-benchmark
2025-01-02,Punjab,89.14,PPAC-benchmark
2025-01-02,Rajasthan,91.83,PPAC-benchmark
2025-01-02,Tamil Nadu,89.52,PPAC-benchmark
2025-01-02,Telangana,92.95,PPAC-benchmark
2025-01-02,Uttar Pradesh,87.64,PPAC-benchmark
2025-01-02,West Bengal,90.23,PPAC-benchmark
2025-01-03,Andhra Pradesh,94.13,PPAC-benchmark
2025-01-03,Delhi,85.22,PPAC-benchmark
2025-01-03,Gujarat,85.91,PPAC-benchmark
2025-01-03,Haryana,88.52,PPAC-benchmark
2025-01-03,Karnataka,90.65,PPAC-benchmark
2025-01-03,Madhya Pradesh,91.01,PPAC-benchmark
2025-01-03,Maharashtra,93.24,PPAC-benchmark
2025-01-03,Punjab,89.08,PPAC-benchmark
2025-01-03,Rajasthan,91.85,PPAC-benchmark
2025-01-03,Tamil Nadu,89.5,PPAC-benchmark
2025-01-03,Telangana,93.01,PPAC-benchmark
2025-01-03,Uttar Pradesh,87.74,PPAC-benchmark
2025-01-03,West Bengal,90.11,PPAC-benchmark
2025-01-04,Andhra Pradesh,94.15,PPAC-benchmark
2025-01-04,Delhi,85.19,PPAC-benchmark
2025-01-04,Gujarat,85.98,PPAC-benchmark
2025-01-04,Haryana,88.33,PPAC-benchmark
2025-01-04,Karnataka,90.58,PPAC-benchmark
2025-01-04,Madhya Pradesh,90.85,PPAC-benchmark
2025-01-04,Maharashtra,93.17,PPAC-benchmark
2025-01-04,Punjab,89.0,PPAC-benchmark
2025-01-04,Rajasthan,91.83,PPAC-benchmark
2025-01-04,Tamil Nadu,89.43,PPAC-benchmark
2025-01-04,Telangana,92.93,PPAC-benchmark
2025-01-04,Uttar Pradesh,87.62,PPAC-benchmark
2025-01-04,West Bengal,90.13,PPAC-benchmark
2025-01-05,Andhra Pradesh,94.06,PPAC-benchmark
2025-01-05,Delhi,85.31,PPAC-benchmark
2025-01-05,Gujarat,85.94,PPAC-benchmark
2025-01-05,Haryana,88.44,PPAC-benchmark
2025-01-05,Karnataka,90.6,PPAC-benchmark
2025-01-05,Maharashtra,93.18,PPAC-benchmark
2025-01-05,Punjab,88.99,PPAC-benchmark
2025-01-05,Rajasthan,91.79,PPAC-benchmark
2025-01-05,Tamil Nadu,89.44,PPAC-benchmark
2025-01-05,Telangana,92.82,PPAC-benchmark
2025-01-05,Uttar Pradesh,87.59,PPAC-benchmark
2025-01-05,West Bengal,90.15,PPAC-benchmark
2025-01-06,Andhra Pradesh,93.98,PPAC-benchmark
2025-01-06,Delhi,85.14,PPAC-benchmark
2025-01-06,Gujarat,85.93,PPAC-benchmark
2025-01-06,Haryana,88.22,PPAC-benchmark
2025-01-06,Karnataka,90.58,PPAC-benchmark
2025-01-06,Madhya Pradesh,90.86,PPAC-benchmark
2025-01-06,Maharashtra,93.24,PPAC-benchmark
2025-01-06,Punjab,88.93,PPAC-benchmark
2025-01-06,Rajasthan,91.72,PPAC-benchmark
2025-01-06,Tamil Nadu,89.32,PPAC-benchmark
2025-01-06,Telangana,92.83,PPAC-benchmark
2025-01-06,Uttar Pradesh,87.54,PPAC-benchmark
2025-01-06,West Bengal,90.06,PPAC-benchmark
2025-01-07,Andhra Pradesh,94.02,PPAC-benchmark
2025-01-07,Delhi,85.08,PPAC-benchmark
2025-01-07,Gujarat,85.73,PPAC-benchmark
2025-01-07,Haryana,88.3,PPAC-benchmark
2025-01-07,Karnataka,90.53,PPAC-benchmark
2025-01-07,Madhya Pradesh,90.7,PPAC-benchmark
2025-01-07,Maharashtra,93.14,PPAC-benchmark
2025-01-07,Punjab,88.94,PPAC-benchmark
2025-01-07,Rajasthan,91.69,PPAC-benchmark
2025-01-07,Tamil Nadu,89.29,PPAC-benchmark
2025-01-07,Telangana,92.83,PPAC-benchmark
2025-01-07,Uttar Pradesh,87.5,PPAC-benchmark
2025-01-07,West Bengal,90.11,PPAC-benchmark
2025-01-08,Andhra Pradesh,93.96,PPAC-benchmark
2025-01-08,Delhi,85.17,PPAC-benchmark
2025-01-08,Gujarat,85.87,PPAC-benchmark
2025-01-08,Haryana,88.31,PPAC-benchmark
2025-01-08,Karnataka,90.52,PPAC-benchmark
2025-01-08,Madhya Pradesh,90.79,PPAC-benchmark
2025-01-08,Maharashtra,93.2,PPAC-benchmark
2025-01-08,Punjab,88.96,PPAC-benchmark
2025-01-08,Rajasthan,91.7,PPAC-benchmark
2025-01-08,Tamil Nadu,89.3,PPAC-benchmark
2025-01-08,Telangana,92.87,PPAC-benchmark
2025-01-08,Uttar Pradesh,87.51,PPAC-benchmark
2025-01-08,West Bengal,90.06,PPAC-benchmark
2025-01-09,Andhra Pradesh,93.92,PPAC-benchmark
2025-01-09,Delhi,85.02,PPAC-benchmark
2025-01-09,Gujarat,85.76,PPAC-benchmark
2025-01-09,Haryana,88.22,PPAC-benchmark
2025-01-09,Karnataka,90.51,PPAC-benchmark
2025-01-09,Madhya Pradesh,90.74,PPAC-benchmark
2025-01-09,Maharashtra,93.02,PPAC-benchmark
2025-01-09,Punjab,88.84,PPAC-benchmark
2025-01-09,Rajasthan,91.74,PPAC-benchmark
2025-01-09,Tamil Nadu,89.26,PPAC-benchmark
2025-01-09,Telangana,92.84,PPAC-benchmark
2025-01-09,Uttar Pradesh,87.49,PPAC-benchmark
2025-01-09,West Bengal,90.02,PPAC-benchmark
2025-01-10,Andhra Pradesh,93.94,PPAC-benchmark
2025-01-10,Delhi,85.05,PPAC-benchmark
2025-01-10,Haryana,88.22,PPAC-benchmark
2025-01-10,Karnataka,90.48,PPAC-benchmark
2025-01-10,Madhya Pradesh,90.81,PPAC-benchmark
2025-01-10,Maharashtra,93.08,PPAC-benchmark
2025-01-10,Punjab,88.91,PPAC-benchmark
2025-01-10,Rajasthan,91.6,PPAC-benchmark
2025-01-10,Tamil Nadu,89.29,PPAC-benchmark
2025-01-10,Telangana,92.74,PPAC-benchmark
2025-01-10,Uttar Pradesh,87.45,PPAC-benchmark
2025-01-10,West Bengal,89.81,PPAC-benchmark
2025-01-11,Andhra Pradesh,93.97,PPAC-benchmark
2025-01-11,Delhi,85.06,PPAC-benchmark
2025-01-11,Gujarat,85.76,PPAC-benchmark
2025-01-11,Haryana,88.24,PPAC-benchmark
2025-01-11,Karnataka,90.55,PPAC-benchmark
2025-01-11,Madhya Pradesh,90.75,PPAC-benchmark
2025-01-11,Maharashtra,93.0,PPAC-benchmark
2025-01-11,Punjab,88.91,PPAC-benchmark
2025-01-11,Rajasthan,91.49,PPAC-benchmark
2025-01-11,Tamil Nadu,89.19,PPAC-benchmark
2025-01-11,Telangana,92.7,PPAC-benchmark
2025-01-11,Uttar Pradesh,87.44,PPAC-benchmark
2025-01-11,West Bengal,89.85,PPAC-benchmark
2025-01-12,Delhi,85.07,PPAC-benchmark
2025-01-12,Gujarat,85.7,PPAC-benchmark
2025-01-12,Haryana,88.21,PPAC-benchmark
2025-01-12,Karnataka,90.42,PPAC-benchmark
2025-01-12,Madhya Pradesh,90.64,PPAC-benchmark
2025-01-12,Maharashtra,92.99,PPAC-benchmark
2025-01-12,Punjab,88.83,PPAC-benchmark
2025-01-12,Rajasthan,91.54,PPAC-benchmark
2025-01-12,Tamil Nadu,89.15,PPAC-benchmark
2025-01-12,Telangana,92.69,PPAC-benchmark
2025-01-12,Uttar Pradesh,87.37,PPAC-benchmark
2025-01-12,West Bengal,89.92,PPAC-benchmark
2025-01-13,Andhra Pradesh,93.85,PPAC-benchmark
2025-01-13,Delhi,84.9,PPAC-benchmark
2025-01-13,Gujarat,85.61,PPAC-benchmark
2025-01-13,Haryana,88.2,PPAC-benchmark
2025-01-13,Karnataka,90.37,PPAC-benchmark
2025-01-13,Madhya Pradesh,90.66,PPAC-benchmark
2025-01-13,Maharashtra,92.98,PPAC-benchmark
2025-01-13,Punjab,88.71,PPAC-benchmark
2025-01-13,Rajasthan,91.59,PPAC-benchmark
2025-01-13,Telangana,92.69,PPAC-benchmark
2025-01-13,West Bengal,89.9,PPAC-benchmark
2025-01-14,Andhra Pradesh,93.79,PPAC-benchmark
2025-01-14,Delhi,84.88,PPAC-benchmark
2025-01-14,Gujarat,85.6,PPAC-benchmark
2025-01-14,Haryana,88.11,PPAC-benchmark
2025-01-14,Karnataka,90.22,PPAC-benchmark
2025-01-14,Madhya Pradesh,90.59,PPAC-benchmark
2025-01-14,Maharashtra,92.95,PPAC-benchmark
2025-01-14,Punjab,88.66,PPAC-benchmark
2025-01-14,Rajasthan,91.57,PPAC-benchmark
2025-01-14,Tamil Nadu,89.12,PPAC-benchmark
2025-01-14,Telangana,92.57,PPAC-benchmark
2025-01-14,Uttar Pradesh,87.29,PPAC-benchmark
2025-01-14,West Bengal,89.85,PPAC-benchmark
2025-01-15,Andhra Pradesh,93.74,PPAC-benchmark
2025-01-15,Delhi,84.88,PPAC-benchmark
2025-01-15,Gujarat,85.68,PPAC-benchmark
2025-01-15,Haryana,88.02,PPAC-benchmark
2025-01-15,Karnataka,90.35,PPAC-benchmark
2025-01-15,Madhya Pradesh,90.61,PPAC-benchmark
2025-01-15,Maharashtra,92.88,PPAC-benchmark
2025-01-15,Punjab,88.66,PPAC-benchmark
2025-01-15,Rajasthan,91.58,PPAC-benchmark
2025-01-15,Tamil Nadu,89.07,PPAC-benchmark
2025-01-15,Telangana,92.61,PPAC-benchmark
2025-01-15,Uttar Pradesh,87.29,PPAC-benchmark
2025-01-15,West Bengal,89.85,PPAC-benchmark
2025-01-16,Andhra Pradesh,93.83,PPAC-benchmark
2025-01-16,Delhi,84.83,PPAC-benchmark
2025-01-16,Gujarat,85.66,PPAC-benchmark
2025-01-16,Haryana,88.14,PPAC-benchmark
2025-01-16,Karnataka,90.26,PPAC-benchmark
2025-01-16,Madhya Pradesh,90.67,PPAC-benchmark
2025-01-16,Maharashtra,92.8,PPAC-benchmark
2025-01-16,Punjab,88.6,PPAC-benchmark
2025-01-16,Rajasthan,91.47,PPAC-benchmark
2025-01-16,Tamil Nadu,89.07,PPAC-benchmark
2025-01-16,Uttar Pradesh,87.23,PPAC-benchmark
2025-01-16,West Bengal,89.74,PPAC-benchmark
2025-01-17,Andhra Pradesh,93.82,PPAC-benchmark
2025-01-17,Delhi,84.87,PPAC-benchmark
2025-01-17,Gujarat,85.62,PPAC-benchmark
2025-01-17,Haryana,88.04,PPAC-benchmark
2025-01-17,Karnataka,90.23,PPAC-benchmark
2025-01-17,Madhya Pradesh,90.61,PPAC-benchmark
2025-01-17,Maharashtra,92.83,PPAC-benchmark
2025-01-17,Punjab,88.74,PPAC-benchmark
2025-01-17,Rajasthan,91.41,PPAC-benchmark
2025-01-17,Tamil Nadu,89.03,PPAC-benchmark
2025-01-17,Telangana,92.57,PPAC-benchmark
2025-01-17,Uttar Pradesh,87.26,PPAC-benchmark
2025-01-17,West Bengal,89.71,PPAC-benchmark
2025-01-18,Andhra Pradesh,93.79,PPAC-benchmark
2025-01-18,Delhi,84.84,PPAC-benchmark
2025-01-18,Gujarat,85.56,PPAC-benchmark
2025-01-18,Haryana,88.16,PPAC-benchmark
2025-01-18,Karnataka,90.34,PPAC-benchmark
2025-01-18,Madhya Pradesh,90.61,PPAC-benchmark
2025-01-18,Punjab,88.7,PPAC-benchmark
2025-01-18,Rajasthan,91.51,PPAC-benchmark
2025-01-18,Tamil Nadu,89.13,PPAC-benchmark
2025-01-18,Telangana,92.52,PPAC-benchmark
2025-01-18,Uttar Pradesh,87.21,PPAC-benchmark
2025-01-18,West Bengal,89.83,PPAC-benchmark
2025-01-19,Andhra Pradesh,93.82,PPAC-benchmark
2025-01-19,Delhi,84.9,PPAC-benchmark
2025-01-19,Gujarat,85.59,PPAC-benchmark
2025-01-19,Karnataka,90.27,PPAC-benchmark
2025-01-19,Madhya Pradesh,90.63,PPAC-benchmark
2025-01-19,Maharashtra,92.89,PPAC-benchmark
2025-01-19,Punjab,88.57,PPAC-benchmark
2025-01-19,Tamil Nadu,89.04,PPAC-benchmark
2025-01-19,Telangana,92.52,PPAC-benchmark
2025-01-19,Uttar Pradesh,87.29,PPAC-benchmark
2025-01-19,West Bengal,89.77,PPAC-benchmark
2025-01-20,Andhra Pradesh,93.83,PPAC-benchmark
2025-01-20,Delhi,84.82,PPAC-benchmark
2025-01-20,Gujarat,85.48,PPAC-benchmark
2025-01-20,Haryana,88.07,PPAC-benchmark
2025-01-20,Karnataka,90.15,PPAC-benchmark
2025-01-20,Madhya Pradesh,90.56,PPAC-benchmark
2025-01-20,Maharashtra,92.83,PPAC-benchmark
2025-01-20,Punjab,88.65,PPAC-benchmark
2025-01-20,Rajasthan,91.43,PPAC-benchmark
2025-01-20,Tamil Nadu,89.0,PPAC-benchmark
2025-01-20,Telangana,92.57,PPAC-benchmark
2025-01-20,Uttar Pradesh,87.18,PPAC-benchmark
2025-01-20,West Bengal,89.78,PPAC-benchmark
2025-01-21,Andhra Pradesh,93.71,PPAC-benchmark
2025-01-21,Delhi,84.83,PPAC-benchmark
2025-01-21,Gujarat,85.53,PPAC-benchmark
2025-01-21,Haryana,88.0,PPAC-benchmark
2025-01-21,Karnataka,90.25,PPAC-benchmark
2025-01-21,Madhya Pradesh,90.6,PPAC-benchmark
2025-01-21,Maharashtra,92.88,PPAC-benchmark
2025-01-21,Punjab,88.68,PPAC-benchmark
2025-01-21,Rajasthan,91.42,PPAC-benchmark
2025-01-21,Tamil Nadu,88.97,PPAC-benchmark
2025-01-21,Telangana,92.55,PPAC-benchmark
2025-01-21,Uttar Pradesh,87.25,PPAC-benchmark
2025-01-21,West Bengal,89.81,PPAC-benchmark
2025-01-22,Andhra Pradesh,93.73,PPAC-benchmark
2025-01-22,Delhi,84.88,PPAC-benchmark
2025-01-22,Gujarat,85.63,PPAC-benchmark
2025-01-22,Haryana,88.04,PPAC-benchmark
2025-01-22,Karnataka,90.15,PPAC-benchmark
2025-01-22,Madhya Pradesh,90.57,PPAC-benchmark
2025-01-22,Maharashtra,92.77,PPAC-benchmark
2025-01-22,Punjab,88.68,PPAC-benchmark
2025-01-22,Rajasthan,91.44,PPAC-benchmark
2025-01-22,Tamil Nadu,89.05,PPAC-benchmark
2025-01-22,Telangana,92.52,PPAC-benchmark
2025-01-22,Uttar Pradesh,87.26,PPAC-benchmark
2025-01-22,West Bengal,89.81,PPAC-benchmark
2025-01-23,Andhra Pradesh,93.72,PPAC-benchmark
2025-01-23,Gujarat,85.54,PPAC-benchmark
2025-01-23,Haryana,88.03,PPAC-benchmark
2025-01-23,Karnataka,90.22,PPAC-benchmark
2025-01-23,Maharashtra,92.76,PPAC-benchmark
2025-01-23,Rajasthan,91.5,PPAC-benchmark
2025-01-23,Tamil Nadu,88.94,PPAC-benchmark
2025-01-23,Telangana,92.47,PPAC-benchmark
2025-01-23,Uttar Pradesh,87.21,PPAC-benchmark
2025-01-23,West Bengal,89.76,PPAC-benchmark
2025-01-24,Andhra Pradesh,93.75,PPAC-benchmark
2025-01-24,Delhi,84.81,PPAC-benchmark
2025-01-24,Gujarat,85.42,PPAC-benchmark
2025-01-24,Haryana,87.99,PPAC-benchmark
2025-01-24,Karnataka,90.16,PPAC-benchmark
2025-01-24,Madhya Pradesh,90.45,PPAC-benchmark
2025-01-24,Maharashtra,92.84,PPAC-benchmark
2025-01-24,Punjab,88.56,PPAC-benchmark
2025-01-24,Rajasthan,91.4,PPAC-benchmark
2025-01-24,Tamil Nadu,88.88,PPAC-benchmark
2025-01-24,Telangana,92.53,PPAC-benchmark
2025-01-24,Uttar Pradesh,87.11,PPAC-benchmark
2025-01-25,Andhra Pradesh,93.65,PPAC-benchmark
2025-01-25,Delhi,84.8,PPAC-benchmark
2025-01-25,Gujarat,85.43,PPAC-benchmark
2025-01-25,Haryana,87.91,PPAC-benchmark
2025-01-25,Karnataka,90.17,PPAC-benchmark
2025-01-25,Madhya Pradesh,90.4,PPAC-benchmark
2025-01-25,Maharashtra,92.73,PPAC-benchmark
2025-01-25,Punjab,88.49,PPAC-benchmark
2025-01-25,Rajasthan,91.34,PPAC-benchmark
2025-01-25,Tamil Nadu,88.92,PPAC-benchmark
2025-01-25,Telangana,92.38,PPAC-benchmark
2025-01-25,Uttar Pradesh,87.12,PPAC-benchmark
2025-01-25,West Bengal,89.5,PPAC-benchmark
2025-01-26,Andhra Pradesh,93.63,PPAC-benchmark
2025-01-26,Delhi,84.81,PPAC-benchmark
2025-01-26,Gujarat,85.34,PPAC-benchmark
2025-01-26,Haryana,87.89,PPAC-benchmark
2025-01-26,Karnataka,90.07,PPAC-benchmark
2025-01-26,Madhya Pradesh,90.39,PPAC-benchmark
2025-01-26,Maharashtra,92.74,PPAC-benchmark
2025-01-26,Punjab,88.52,PPAC-benchmark
2025-01-26,Rajasthan,91.31,PPAC-benchmark
2025-01-26,Tamil Nadu,88.95,PPAC-benchmark
2025-01-26,Telangana,92.5,PPAC-benchmark
2025-01-26,Uttar Pradesh,87.09,PPAC-benchmark
2025-01-26,West Bengal,89.57,PPAC-benchmark
2025-01-27,Andhra Pradesh,93.6,PPAC-benchmark
2025-01-27,Delhi,84.68,PPAC-benchmark
2025-01-27,Gujarat,85.32,PPAC-benchmark
2025-01-27,Haryana,87.88,PPAC-benchmark
2025-01-27,Karnataka,90.14,PPAC-benchmark
2025-01-27,Madhya Pradesh,90.43,PPAC-benchmark
2025-01-27,Maharashtra,92.68,PPAC-benchmark
2025-01-27,Punjab,88.53,PPAC-benchmark
2025-01-27,Rajasthan,91.21,PPAC-benchmark
2025-01-27,Tamil Nadu,88.89,PPAC-benchmark
2025-01-27,Telangana,92.47,PPAC-benchmark
2025-01-27,Uttar Pradesh,87.07,PPAC-benchmark
2025-01-27,West Bengal,89.61,PPAC-benchmark
2025-01-28,Andhra Pradesh,93.64,PPAC-benchmark
2025-01-28,Delhi,84.66,PPAC-benchmark
2025-01-28,Gujarat,85.32,PPAC-benchmark
2025-01-28,Haryana,87.89,PPAC-benchmark
2025-01-28,Karnataka,90.1,PPAC-benchmark
2025-01-28,Madhya Pradesh,90.47,PPAC-benchmark
2025-01-28,Maharashtra,92.66,PPAC-benchmark
2025-01-28,Punjab,88.52,PPAC-benchmark
2025-01-28,Rajasthan,91.32,PPAC-benchmark
2025-01-28,Tamil Nadu,88.99,PPAC-benchmark
2025-01-28,Uttar Pradesh,87.08,PPAC-benchmark
2025-01-29,Andhra Pradesh,93.5,PPAC-benchmark
2025-01-29,Gujarat,85.37,PPAC-benchmark
2025-01-29,Haryana,87.89,PPAC-benchmark
2025-01-29,Karnataka,90.06,PPAC-benchmark
2025-01-29,Madhya Pradesh,90.3,PPAC-benchmark
2025-01-29,Maharashtra,92.76,PPAC-benchmark
2025-01-29,Punjab,88.49,PPAC-benchmark
2025-01-29,Rajasthan,91.27,PPAC-benchmark
2025-01-29,Tamil Nadu,88.9,PPAC-benchmark
2025-01-29,Telangana,92.34,PPAC-benchmark
2025-01-29,Uttar Pradesh,87.03,PPAC-benchmark
2025-01-29,West Bengal,89.56,PPAC-benchmark
2025-01-30,Andhra Pradesh,93.51,PPAC-benchmark
2025-01-30,Delhi,84.67,PPAC-benchmark
2025-01-30,Gujarat,85.38,PPAC-benchmark
2025-01-30,Haryana,87.83,PPAC-benchmark
2025-01-30,Karnataka,90.03,PPAC-benchmark
2025-01-30,Madhya Pradesh,90.35,PPAC-benchmark
2025-01-30,Maharashtra,92.59,PPAC-benchmark
2025-01-30,Punjab,88.5,PPAC-benchmark
2025-01-30,Rajasthan,91.23,PPAC-benchmark
2025-01-30,Tamil Nadu,88.81,PPAC-benchmark
2025-01-30,Telangana,92.35,PPAC-benchmark
2025-01-30,Uttar Pradesh,87.12,PPAC-benchmark
2025-01-30,West Bengal,89.58,PPAC-benchmark
2025-01-31,Andhra Pradesh,93.54,PPAC-benchmark
2025-01-31,Delhi,84.65,PPAC-benchmark
2025-01-31,Gujarat,85.28,PPAC-benchmark
2025-01-31,Haryana,87.77,PPAC-benchmark
2025-01-31,Karnataka,90.04,PPAC-benchmark
2025-01-31,Madhya Pradesh,90.34,PPAC-benchmark
2025-01-31,Maharashtra,92.62,PPAC-benchmark
2025-01-31,Punjab,88.38,PPAC-benchmark
2025-01-31,Rajasthan,91.12,PPAC-benchmark
2025-01-31,Tamil Nadu,88.9,PPAC-benchmark
2025-01-31,Telangana,92.4,PPAC-benchmark
2025-01-31,Uttar Pradesh,86.96,PPAC-benchmark
2025-01-31,West Bengal,89.54,PPAC-benchmark
2025-02-01,Andhra Pradesh,93.61,PPAC-benchmark
2025-02-01,Delhi,84.66,PPAC-benchmark
2025-02-01,Gujarat,85.37,PPAC-benchmark
2025-02-01,Haryana,87.82,PPAC-benchmark
2025-02-01,Karnataka,90.1,PPAC-benchmark
2025-02-01,Madhya Pradesh,90.36,PPAC-benchmark
2025-02-01,Maharashtra,92.63,PPAC-benchmark
2025-02-01,Punjab,88.38,PPAC-benchmark
2025-02-01,Rajasthan,91.16,PPAC-benchmark
2025-02-01,Tamil Nadu,88.87,PPAC-benchmark
2025-02-01,Telangana,92.26,PPAC-benchmark
2025-02-01,Uttar Pradesh,86.98,PPAC-benchmark
2025-02-01,West Bengal,89.45,PPAC-benchmark
2025-02-02,Andhra Pradesh,93.48,PPAC-benchmark
2025-02-02,Delhi,84.55,PPAC-benchmark
2025-02-02,Gujarat,85.21,PPAC-benchmark
2025-02-02,Haryana,87.76,PPAC-benchmark
2025-02-02,Karnataka,90.07,PPAC-benchmark
2025-02-02,Madhya Pradesh,90.32,PPAC-benchmark
2025-02-02,Maharashtra,92.58,PPAC-benchmark
2025-02-02,Punjab,88.41,PPAC-benchmark
2025-02-02,Rajasthan,91.19,PPAC-benchmark
2025-02-02,Tamil Nadu,88.75,PPAC-benchmark
2025-02-02,Telangana,92.26,PPAC-benchmark
2025-02-02,Uttar Pradesh,87.05,PPAC-benchmark
2025-02-02,West Bengal,89.47,PPAC-benchmark
2025-02-03,Andhra Pradesh,93.44,PPAC-benchmark
2025-02-03,Delhi,84.51,PPAC-benchmark
2025-02-03,Gujarat,85.25,PPAC-benchmark
2025-02-03,Haryana,87.78,PPAC-benchmark
2025-02-03,Karnataka,89.89,PPAC-benchmark
2025-02-03,Madhya Pradesh,90.33,PPAC-benchmark
2025-02-03,Maharashtra,92.6,PPAC-benchmark
2025-02-03,Punjab,88.33,PPAC-benchmark
2025-02-03,Rajasthan,91.12,PPAC-benchmark
2025-02-03,Tamil Nadu,88.89,PPAC-benchmark
2025-02-03,Telangana,92.23,PPAC-benchmark
2025-02-03,Uttar Pradesh,86.99,PPAC-benchmark
2025-02-03,West Bengal,89.47,PPAC-benchmark
2025-02-04,Andhra Pradesh,93.51,PPAC-benchmark
2025-02-04,Delhi,84.57,PPAC-benchmark
2025-02-04,Gujarat,85.23,PPAC-benchmark
2025-02-04,Haryana,87.71,PPAC-benchmark
2025-02-04,Karnataka,90.0,PPAC-benchmark
2025-02-04,Madhya Pradesh,90.31,PPAC-benchmark
2025-02-04,Maharashtra,92.48,PPAC-benchmark
2025-02-04,Punjab,88.34,PPAC-benchmark
2025-02-04,Rajasthan,91.22,PPAC-benchmark
2025-02-04,Tamil Nadu,88.81,PPAC-benchmark
2025-02-04,Telangana,92.27,PPAC-benchmark
2025-02-04,Uttar Pradesh,86.89,PPAC-benchmark
2025-02-04,West Bengal,89.41,PPAC-benchmark
2025-02-05,Andhra Pradesh,93.39,PPAC-benchmark
2025-02-05,Delhi,84.61,PPAC-benchmark
2025-02-05,Gujarat,85.18,PPAC-benchmark
2025-02-05,Madhya Pradesh,90.28,PPAC-benchmark
2025-02-05,Maharashtra,92.53,PPAC-benchmark
2025-02-05,Punjab,88.29,PPAC-benchmark
2025-02-05,Rajasthan,91.13,PPAC-benchmark
2025-02-05,Telangana,92.23,PPAC-benchmark
2025-02-05,Uttar Pradesh,86.96,PPAC-benchmark
2025-02-05,West Bengal,89.44,PPAC-benchmark
2025-02-06,Andhra Pradesh,93.36,PPAC-benchmark
2025-02-06,Delhi,84.41,PPAC-benchmark
2025-02-06,Gujarat,85.2,PPAC-benchmark
2025-02-06,Haryana,87.66,PPAC-benchmark
2025-02-06,Karnataka,89.92,PPAC-benchmark
2025-02-06,Madhya Pradesh,90.2,PPAC-benchmark
2025-02-06,Maharashtra,92.56,PPAC-benchmark
2025-02-06,Punjab,88.22,PPAC-benchmark
2025-02-06,Rajasthan,91.12,PPAC-benchmark
2025-02-06,Tamil Nadu,88.65,PPAC-benchmark
2025-02-06,Telangana,92.18,PPAC-benchmark
2025-02-06,Uttar Pradesh,86.88,PPAC-benchmark
2025-02-06,West Bengal,89.4,PPAC-benchmark
2025-02-07,Andhra Pradesh,93.35,PPAC-benchmark
2025-02-07,Delhi,84.46,PPAC-benchmark
2025-02-07,Gujarat,85.14,PPAC-benchmark
2025-02-07,Haryana,87.66,PPAC-benchmark
2025-02-07,Karnataka,89.85,PPAC-benchmark
2025-02-07,Madhya Pradesh,90.15,PPAC-benchmark
2025-02-07,Maharashtra,92.41,PPAC-benchmark
2025-02-07,Punjab,88.25,PPAC-benchmark
2025-02-07,Rajasthan,91.0,PPAC-benchmark
2025-02-07,Tamil Nadu,88.62,PPAC-benchmark
2025-02-07,Telangana,92.13,PPAC-benchmark
2025-02-07,Uttar Pradesh,86.82,PPAC-benchmark
2025-02-07,West Bengal,89.41,PPAC-benchmark
2025-02-08,Andhra Pradesh,93.32,PPAC-benchmark
2025-02-08,Delhi,84.42,PPAC-benchmark
2025-02-08,Gujarat,85.11,PPAC-benchmark
2025-02-08,Haryana,87.57,PPAC-benchmark
2025-02-08,Karnataka,89.84,PPAC-benchmark
2025-02-08,Madhya Pradesh,90.13,PPAC-benchmark
2025-02-08,Maharashtra,92.38,PPAC-benchmark
2025-02-08,Punjab,88.23,PPAC-benchmark
2025-02-08,Rajasthan,91.07,PPAC-benchmark
2025-02-08,Tamil Nadu,88.61,PPAC-benchmark
2025-02-08,Telangana,92.12,PPAC-benchmark
2025-02-08,Uttar Pradesh,86.87,PPAC-benchmark
2025-02-08,West Bengal,89.17,PPAC-benchmark
2025-02-09,Delhi,84.42,PPAC-benchmark
2025-02-09,Gujarat,85.13,PPAC-benchmark
2025-02-09,Haryana,87.57,PPAC-benchmark
2025-02-09,Karnataka,89.72,PPAC-benchmark
2025-02-09,Madhya Pradesh,90.14,PPAC-benchmark
2025-02-09,Maharashtra,92.42,PPAC-benchmark
2025-02-09,Punjab,88.14,PPAC-benchmark
2025-02-09,Rajasthan,90.96,PPAC-benchmark
2025-02-09,Tamil Nadu,88.6,PPAC-benchmark
2025-02-09,Telangana,92.12,PPAC-benchmark
2025-02-09,Uttar Pradesh,86.69,PPAC-benchmark
2025-02-09,West Bengal,89.23,PPAC-benchmark
2025-02-10,Andhra Pradesh,93.16,PPAC-benchmark
2025-02-10,Delhi,84.35,PPAC-benchmark
2025-02-10,Gujarat,85.11,PPAC-benchmark
2025-02-10,Haryana,87.52,PPAC-benchmark
2025-02-10,Karnataka,89.69,PPAC-benchmark
2025-02-10,Madhya Pradesh,90.03,PPAC-benchmark
2025-02-10,Maharashtra,92.33,PPAC-benchmark
2025-02-10,Punjab,88.13,PPAC-benchmark
2025-02-10,Rajasthan,90.88,PPAC-benchmark
2025-02-10,Tamil Nadu,88.65,PPAC-benchmark
2025-02-10,Telangana,91.99,PPAC-benchmark
2025-02-10,Uttar Pradesh,86.78,PPAC-benchmark
2025-02-10,West Bengal,89.18,PPAC-benchmark
2025-02-11,Andhra Pradesh,93.23,PPAC-benchmark
2025-02-11,Delhi,84.41,PPAC-benchmark
2025-02-11,Gujarat,84.91,PPAC-benchmark
2025-02-11,Haryana,87.51,PPAC-benchmark
2025-02-11,Karnataka,89.82,PPAC-benchmark
2025-02-11,Madhya Pradesh,90.02,PPAC-benchmark
2025-02-11,Punjab,88.07,PPAC-benchmark
2025-02-11,Rajasthan,90.95,PPAC-benchmark
2025-02-11,Telangana,92.07,PPAC-benchmark
2025-02-11,Uttar Pradesh,86.73,PPAC-benchmark
2025-02-11,West Bengal,89.24,PPAC-benchmark
2025-02-12,Andhra Pradesh,93.33,PPAC-benchmark
2025-02-12,Gujarat,84.87,PPAC-benchmark
2025-02-12,Haryana,87.38,PPAC-benchmark
2025-02-12,Karnataka,89.72,PPAC-benchmark
2025-02-12,Madhya Pradesh,89.95,PPAC-benchmark
2025-02-12,Punjab,88.05,PPAC-benchmark
2025-02-12,Rajasthan,90.89,PPAC-benchmark
2025-02-12,Tamil Nadu,88.59,PPAC-benchmark
2025-02-12,Telangana,91.9,PPAC-benchmark
2025-02-12,Uttar Pradesh,86.72,PPAC-benchmark
2025-02-12,West Bengal,89.13,PPAC-benchmark
2025-02-13,Delhi,84.25,PPAC-benchmark
2025-02-13,Gujarat,84.99,PPAC-benchmark
2025-02-13,Haryana,87.44,PPAC-benchmark
2025-02-13,Karnataka,89.64,PPAC-benchmark
2025-02-13,Madhya Pradesh,89.93,PPAC-benchmark
2025-02-13,Maharashtra,92.25,PPAC-benchmark
2025-02-13,Punjab,88.05,PPAC-benchmark
2025-02-13,Rajasthan,90.91,PPAC-benchmark
2025-02-13,Tamil Nadu,88.52,PPAC-benchmark
2025-02-13,Telangana,91.99,PPAC-benchmark
2025-02-13,Uttar Pradesh,86.69,PPAC-benchmark
2025-02-13,West Bengal,89.19,PPAC-benchmark
2025-02-14,Andhra Pradesh,93.21,PPAC-benchmark
2025-02-14,Delhi,84.3,PPAC-benchmark
2025-02-14,Gujarat,84.96,PPAC-benchmark
2025-02-14,Haryana,87.53,PPAC-benchmark
2025-02-14,Karnataka,89.65,PPAC-benchmark
2025-02-14,Madhya Pradesh,90.02,PPAC-benchmark
2025-02-14,Maharashtra,92.39,PPAC-benchmark
2025-02-14,Punjab,88.1,PPAC-benchmark
2025-02-14,Tamil Nadu,88.44,PPAC-benchmark
2025-02-14,Uttar Pradesh,86.78,PPAC-benchmark
2025-02-14,West Bengal,89.25,PPAC-benchmark
2025-02-15,Andhra Pradesh,93.16,PPAC-benchmark
2025-02-15,Delhi,84.25,PPAC-benchmark
2025-02-15,Haryana,87.48,PPAC-benchmark
2025-02-15,Karnataka,89.6,PPAC-benchmark
2025-02-15,Madhya Pradesh,90.03,PPAC-benchmark
2025-02-15,Maharashtra,92.3,PPAC-benchmark
2025-02-15,Punjab,88.02,PPAC-benchmark
2025-02-15,Rajasthan,90.83,PPAC-benchmark
2025-02-15,Tamil Nadu,88.44,PPAC-benchmark
2025-02-15,Telangana,91.94,PPAC-benchmark
2025-02-15,Uttar Pradesh,86.71,PPAC-benchmark
2025-02-15,West Bengal,89.12,PPAC-benchmark
2025-02-16,Andhra Pradesh,93.1,PPAC-benchmark
2025-02-16,Delhi,84.33,PPAC-benchmark
2025-02-16,Gujarat,84.91,PPAC-benchmark
2025-02-16,Haryana,87.48,PPAC-benchmark
2025-02-16,Karnataka,89.63,PPAC-benchmark
2025-02-16,Madhya Pradesh,89.95,PPAC-benchmark
2025-02-16,Maharashtra,92.32,PPAC-benchmark
2025-02-16,Punjab,88.05,PPAC-benchmark
2025-02-16,Rajasthan,90.95,PPAC-benchmark
2025-02-16,Tamil Nadu,88.45,PPAC-benchmark
2025-02-16,Telangana,91.96,PPAC-benchmark
2025-02-16,Uttar Pradesh,86.63,PPAC-benchmark
2025-02-16,West Bengal,89.25,PPAC-benchmark
2025-02-17,Andhra Pradesh,93.24,PPAC-benchmark
2025-02-17,Delhi,84.29,PPAC-benchmark
2025-02-17,Gujarat,85.0,PPAC-benchmark
2025-02-17,Haryana,87.47,PPAC-benchmark
2025-02-17,Karnataka,89.61,PPAC-benchmark
2025-02-17,Madhya Pradesh,90.0,PPAC-benchmark
2025-02-17,Maharashtra,92.32,PPAC-benchmark
2025-02-17,Punjab,88.04,PPAC-benchmark
2025-02-17,Rajasthan,90.78,PPAC-benchmark
2025-02-17,Tamil Nadu,88.48,PPAC-benchmark
2025-02-17,Telangana,91.97,PPAC-benchmark
2025-02-17,Uttar Pradesh,86.6,PPAC-benchmark
2025-02-17,West Bengal,89.08,PPAC-benchmark
2025-02-18,Andhra Pradesh,93.15,PPAC-benchmark
2025-02-18,Delhi,84.14,PPAC-benchmark
2025-02-18,Gujarat,84.9,PPAC-benchmark
2025-02-18,Haryana,87.42,PPAC-benchmark
2025-02-18,Karnataka,89.62,PPAC-benchmark
2025-02-18,Madhya Pradesh,89.94,PPAC-benchmark
2025-02-18,Maharashtra,92.24,PPAC-benchmark
2025-02-18,Punjab,87.97,PPAC-benchmark
2025-02-18,Rajasthan,90.79,PPAC-benchmark
2025-02-18,Telangana,91.93,PPAC-benchmark
2025-02-18,Uttar Pradesh,86.6,PPAC-benchmark
2025-02-18,West Bengal,89.07,PPAC-benchmark
2025-02-19,Andhra Pradesh,93.14,PPAC-benchmark
2025-02-19,Delhi,84.25,PPAC-benchmark
2025-02-19,Gujarat,84.95,PPAC-benchmark
2025-02-19,Haryana,87.44,PPAC-benchmark
2025-02-19,Karnataka,89.59,PPAC-benchmark
2025-02-19,Madhya Pradesh,89.96,PPAC-benchmark
2025-02-19,Maharashtra,92.28,PPAC-benchmark
2025-02-19,Punjab,88.01,PPAC-benchmark
2025-02-19,Rajasthan,90.77,PPAC-benchmark
2025-02-19,Tamil Nadu,88.44,PPAC-benchmark
2025-02-19,Telangana,91.92,PPAC-benchmark
2025-02-19,Uttar Pradesh,86.6,PPAC-benchmark
2025-02-19,West Bengal,89.07,PPAC-benchmark
2025-02-20,Andhra Pradesh,92.99,PPAC-benchmark
2025-02-20,Delhi,84.22,PPAC-benchmark
2025-02-20,Gujarat,84.92,PPAC-benchmark
2025-02-20,Haryana,87.23,PPAC-benchmark
2025-02-20,Karnataka,89.57,PPAC-benchmark
2025-02-20,Madhya Pradesh,89.95,PPAC-benchmark
2025-02-20,Maharashtra,92.13,PPAC-benchmark
2025-02-20,Punjab,88.06,PPAC-benchmark
2025-02-20,Rajasthan,90.77,PPAC-benchmark
2025-02-20,Tamil Nadu,88.3,PPAC-benchmark
2025-02-20,Telangana,91.88,PPAC-benchmark
2025-02-20,Uttar Pradesh,86.53,PPAC-benchmark
2025-02-20,West Bengal,89.13,PPAC-benchmark
2025-02-21,Andhra Pradesh,93.1,PPAC-benchmark
2025-02-21,Delhi,84.15,PPAC-benchmark
2025-02-21,Gujarat,84.87,PPAC-benchmark
2025-02-21,Haryana,87.28,PPAC-benchmark
2025-02-21,Karnataka,89.6,PPAC-benchmark
2025-02-21,Madhya Pradesh,89.81,PPAC-benchmark
2025-02-21,Maharashtra,92.2,PPAC-benchmark
2025-02-21,Punjab,87.86,PPAC-benchmark
2025-02-21,Rajasthan,90.76,PPAC-benchmark
2025-02-21,Tamil Nadu,88.41,PPAC-benchmark
2025-02-21,Telangana,91.87,PPAC-benchmark
2025-02-21,Uttar Pradesh,86.53,PPAC-benchmark
2025-02-21,West Bengal,89.07,PPAC-benchmark
2025-02-22,Andhra Pradesh,93.02,PPAC-benchmark
2025-02-22,Delhi,84.1,PPAC-benchmark
2025-02-22,Gujarat,84.89,PPAC-benchmark
2025-02-22,Haryana,87.28,PPAC-benchmark
2025-02-22,Karnataka,89.58,PPAC-benchmark
2025-02-22,Madhya Pradesh,89.8,PPAC-benchmark
2025-02-22,Maharashtra,92.16,PPAC-benchmark
2025-02-22,Punjab,87.9,PPAC-benchmark
2025-02-22,Rajasthan,90.79,PPAC-benchmark
2025-02-22,Tamil Nadu,88.4,PPAC-benchmark
2025-02-22,Telangana,91.82,PPAC-benchmark
2025-02-22,Uttar Pradesh,86.49,PPAC-benchmark
2025-02-22,West Bengal,89.1,PPAC-benchmark
2025-02-23,Andhra Pradesh,92.96,PPAC-benchmark
2025-02-23,Delhi,84.17,PPAC-benchmark
2025-02-23,Gujarat,84.82,PPAC-benchmark
2025-02-23,Haryana,87.28,PPAC-benchmark
2025-02-23,Karnataka,89.51,PPAC-benchmark
2025-02-23,Madhya Pradesh,89.8,PPAC-benchmark
2025-02-23,Maharashtra,92.05,PPAC-benchmark
2025-02-23,Punjab,87.85,PPAC-benchmark
2025-02-23,Rajasthan,90.78,PPAC-benchmark
2025-02-23,Tamil Nadu,88.19,PPAC-benchmark
2025-02-23,Telangana,91.74,PPAC-benchmark
2025-02-23,Uttar Pradesh,86.56,PPAC-benchmark
2025-02-23,West Bengal,89.0,PPAC-benchmark
2025-02-24,Andhra Pradesh,92.98,PPAC-benchmark
2025-02-24,Delhi,84.02,PPAC-benchmark
2025-02-24,Gujarat,84.8,PPAC-benchmark
2025-02-24,Haryana,87.27,PPAC-benchmark
2025-02-24,Karnataka,89.54,PPAC-benchmark
2025-02-24,Madhya Pradesh,89.81,PPAC-benchmark
2025-02-24,Maharashtra,92.04,PPAC-benchmark
2025-02-24,Punjab,87.89,PPAC-benchmark
2025-02-24,Rajasthan,90.55,PPAC-benchmark
2025-02-24,Tamil Nadu,88.28,PPAC-benchmark
2025-02-24,Telangana,91.84,PPAC-benchmark
2025-02-24,Uttar Pradesh,86.5,PPAC-benchmark
2025-02-25,Andhra Pradesh,92.89,PPAC-benchmark
2025-02-25,Delhi,84.0,PPAC-benchmark
2025-02-25,Gujarat,84.75,PPAC-benchmark
2025-02-25,Haryana,87.22,PPAC-benchmark
2025-02-25,Karnataka,89.48,PPAC-benchmark
2025-02-25,Madhya Pradesh,89.64,PPAC-benchmark
2025-02-25,Maharashtra,92.02,PPAC-benchmark
2025-02-25,Punjab,87.78,PPAC-benchmark
2025-02-25,Rajasthan,90.75,PPAC-benchmark
2025-02-25,Tamil Nadu,88.23,PPAC-benchmark
2025-02-25,Telangana,91.75,PPAC-benchmark
2025-02-25,West Bengal,88.96,PPAC-benchmark
2025-02-26,Andhra Pradesh,92.92,PPAC-benchmark
2025-02-26,Delhi,84.06,PPAC-benchmark
2025-02-26,Gujarat,84.71,PPAC-benchmark
2025-02-26,Haryana,87.25,PPAC-benchmark
2025-02-26,Karnataka,89.42,PPAC-benchmark
2025-02-26,Madhya Pradesh,89.81,PPAC-benchmark
2025-02-26,Maharashtra,92.04,PPAC-benchmark
2025-02-26,Punjab,87.82,PPAC-benchmark
2025-02-26,Rajasthan,90.63,PPAC-benchmark
2025-02-26,Tamil Nadu,88.31,PPAC-benchmark
2025-02-26,Telangana,91.72,PPAC-benchmark
2025-02-26,Uttar Pradesh,86.43,PPAC-benchmark
2025-02-26,West Bengal,88.91,PPAC-benchmark
2025-02-27,Andhra Pradesh,92.88,PPAC-benchmark
2025-02-27,Delhi,84.07,PPAC-benchmark
2025-02-27,Gujarat,84.69,PPAC-benchmark
2025-02-27,Haryana,87.23,PPAC-benchmark
2025-02-27,Karnataka,89.51,PPAC-benchmark
2025-02-27,Maharashtra,92.14,PPAC-benchmark
2025-02-27,Punjab,87.77,PPAC-benchmark
2025-02-27,Tamil Nadu,88.23,PPAC-benchmark
2025-02-27,Telangana,91.7,PPAC-benchmark
2025-02-27,Uttar Pradesh,86.43,PPAC-benchmark
2025-02-27,West Bengal,89.0,PPAC-benchmark
2025-02-28,Delhi,83.99,PPAC-benchmark
2025-02-28,Gujarat,84.68,PPAC-benchmark
2025-02-28,Haryana,87.28,PPAC-benchmark
2025-02-28,Karnataka,89.37,PPAC-benchmark
2025-02-28,Madhya Pradesh,89.66,PPAC-benchmark
2025-02-28,Maharashtra,92.1,PPAC-benchmark
2025-02-28,Rajasthan,90.62,PPAC-benchmark
2025-02-28,Tamil Nadu,88.14,PPAC-benchmark
2025-02-28,Telangana,91.7,PPAC-benchmark
2025-02-28,Uttar Pradesh,86.37,PPAC-benchmark
2025-02-28,West Bengal,88.88,PPAC-benchmark
2025-03-01,Delhi,83.99,PPAC-benchmark
2025-03-01,Gujarat,84.63,PPAC-benchmark
2025-03-01,Haryana,87.17,PPAC-benchmark
2025-03-01,Karnataka,89.29,PPAC-benchmark
2025-03-01,Madhya Pradesh,89.71,PPAC-benchmark
2025-03-01,Maharashtra,91.97,PPAC-benchmark
2025-03-01,Punjab,87.79,PPAC-benchmark
2025-03-01,Tamil Nadu,88.18,PPAC-benchmark
2025-03-01,Telangana,91.64,PPAC-benchmark
2025-03-01,Uttar Pradesh,86.36,PPAC-benchmark
2025-03-01,West Bengal,88.94,PPAC-benchmark
2025-03-02,Andhra Pradesh,92.76,PPAC-benchmark
2025-03-02,Delhi,83.91,PPAC-benchmark
2025-03-02,Gujarat,84.72,PPAC-benchmark
2025-03-02,Haryana,87.19,PPAC-benchmark
2025-03-02,Karnataka,89.38,PPAC-benchmark
2025-03-02,Madhya Pradesh,89.54,PPAC-benchmark
2025-03-02,Maharashtra,91.9,PPAC-benchmark
2025-03-02,Punjab,87.7,PPAC-benchmark
2025-03-02,Rajasthan,90.6,PPAC-benchmark
2025-03-02,Tamil Nadu,88.1,PPAC-benchmark
2025-03-02,Telangana,91.61,PPAC-benchmark
2025-03-02,Uttar Pradesh,86.29,PPAC-benchmark
2025-03-02,West Bengal,88.82,PPAC-benchmark
2025-03-03,Andhra Pradesh,92.78,PPAC-benchmark
2025-03-03,Delhi,83.82,PPAC-benchmark
2025-03-03,Gujarat,84.53,PPAC-benchmark
2025-03-03,Haryana,87.08,PPAC-benchmark
2025-03-03,Karnataka,89.29,PPAC-benchmark
2025-03-03,Madhya Pradesh,89.52,PPAC-benchmark
2025-03-03,Maharashtra,91.77,PPAC-benchmark
2025-03-03,Punjab,87.7,PPAC-benchmark
2025-03-03,Rajasthan,90.52,PPAC-benchmark
2025-03-03,Tamil Nadu,88.16,PPAC-benchmark
2025-03-03,Telangana,91.65,PPAC-benchmark
2025-03-03,Uttar Pradesh,86.25,PPAC-benchmark
2025-03-03,West Bengal,88.84,PPAC-benchmark
2025-03-04,Andhra Pradesh,92.76,PPAC-benchmark
2025-03-04,Delhi,83.96,PPAC-benchmark
2025-03-04,Gujarat,84.55,PPAC-benchmark
2025-03-04,Haryana,87.11,PPAC-benchmark
2025-03-04,Karnataka,89.39,PPAC-benchmark
2025-03-04,Madhya Pradesh,89.63,PPAC-benchmark
2025-03-04,Maharashtra,91.91,PPAC-benchmark
2025-03-04,Punjab,87.62,PPAC-benchmark
2025-03-04,Rajasthan,90.42,PPAC-benchmark
2025-03-04,Tamil Nadu,88.09,PPAC-benchmark
2025-03-04,Telangana,91.63,PPAC-benchmark
2025-03-04,Uttar Pradesh,86.29,PPAC-benchmark
2025-03-04,West Bengal,88.83,PPAC-benchmark
2025-03-05,Andhra Pradesh,92.67,PPAC-benchmark
2025-03-05,Delhi,83.87,PPAC-benchmark
2025-03-05,Gujarat,84.45,PPAC-benchmark
2025-03-05,Haryana,86.93,PPAC-benchmark
2025-03-05,Karnataka,89.27,PPAC-benchmark
2025-03-05,Madhya Pradesh,89.56,PPAC-benchmark
2025-03-05,Maharashtra,91.88,PPAC-benchmark
2025-03-05,Punjab,87.61,PPAC-benchmark
2025-03-05,Rajasthan,90.42,PPAC-benchmark
2025-03-05,Tamil Nadu,88.1,PPAC-benchmark
2025-03-05,Telangana,91.61,PPAC-benchmark
2025-03-05,Uttar Pradesh,86.26,PPAC-benchmark
2025-03-05,West Bengal,88.79,PPAC-benchmark
2025-03-06,Andhra Pradesh,92.71,PPAC-benchmark
2025-03-06,Delhi,83.8,PPAC-benchmark
2025-03-06,Gujarat,84.51,PPAC-benchmark
2025-03-06,Haryana,87.02,PPAC-benchmark
2025-03-06,Karnataka,89.28,PPAC-benchmark
2025-03-06,Madhya Pradesh,89.44,PPAC-benchmark
2025-03-06,Maharashtra,91.87,PPAC-benchmark
2025-03-06,Punjab,87.73,PPAC-benchmark
2025-03-06,Rajasthan,90.38,PPAC-benchmark
2025-03-06,Tamil Nadu,88.08,PPAC-benchmark
2025-03-06,Telangana,91.49,PPAC-benchmark
2025-03-06,Uttar Pradesh,86.22,PPAC-benchmark
2025-03-06,West Bengal,88.73,PPAC-benchmark
2025-03-07,Andhra Pradesh,92.73,PPAC-benchmark
2025-03-07,Delhi,83.76,PPAC-benchmark
2025-03-07,Gujarat,84.49,PPAC-benchmark
2025-03-07,Haryana,87.05,PPAC-benchmark
2025-03-07,Karnataka,89.2,PPAC-benchmark
2025-03-07,Madhya Pradesh,89.62,PPAC-benchmark
2025-03-07,Maharashtra,91.81,PPAC-benchmark
2025-03-07,Punjab,87.7,PPAC-benchmark
2025-03-07,Rajasthan,90.47,PPAC-benchmark
2025-03-07,Tamil Nadu,88.01,PPAC-benchmark
2025-03-07,Telangana,91.51,PPAC-benchmark
2025-03-07,Uttar Pradesh,86.25,PPAC-benchmark
2025-03-08,Andhra Pradesh,92.78,PPAC-benchmark
2025-03-08,Delhi,83.79,PPAC-benchmark
2025-03-08,Gujarat,84.52,PPAC-benchmark
2025-03-08,Haryana,87.01,PPAC-benchmark
2025-03-08,Karnataka,89.2,PPAC-benchmark
2025-03-08,Madhya Pradesh,89.5,PPAC-benchmark
2025-03-08,Maharashtra,91.91,PPAC-benchmark
2025-03-08,Punjab,87.59,PPAC-benchmark
2025-03-08,Rajasthan,90.38,PPAC-benchmark
2025-03-08,Tamil Nadu,88.01,PPAC-benchmark
2025-03-08,Telangana,91.52,PPAC-benchmark
2025-03-08,Uttar Pradesh,86.23,PPAC-benchmark
2025-03-08,West Bengal,88.78,PPAC-benchmark
2025-03-09,Andhra Pradesh,92.68,PPAC-benchmark
2025-03-09,Gujarat,84.5,PPAC-benchmark
2025-03-09,Haryana,87.05,PPAC-benchmark
2025-03-09,Karnataka,89.13,PPAC-benchmark
2025-03-09,Madhya Pradesh,89.57,PPAC-benchmark
2025-03-09,Maharashtra,91.78,PPAC-benchmark
2025-03-09,Punjab,87.59,PPAC-benchmark
2025-03-09,Rajasthan,90.39,PPAC-benchmark
2025-03-09,Tamil Nadu,88.04,PPAC-benchmark
2025-03-09,Telangana,91.54,PPAC-benchmark
2025-03-09,Uttar Pradesh,86.22,PPAC-benchmark
2025-03-09,West Bengal,88.65,PPAC-benchmark
2025-03-10,Andhra Pradesh,92.75,PPAC-benchmark
2025-03-10,Delhi,83.75,PPAC-benchmark
2025-03-10,Gujarat,84.62,PPAC-benchmark
2025-03-10,Haryana,87.05,PPAC-benchmark
2025-03-10,Karnataka,89.32,PPAC-benchmark
2025-03-10,Madhya Pradesh,89.39,PPAC-benchmark
2025-03-10,Maharashtra,91.74,PPAC-benchmark
2025-03-10,Punjab,87.69,PPAC-benchmark
2025-03-10,Rajasthan,90.44,PPAC-benchmark
2025-03-10,Tamil Nadu,88.07,PPAC-benchmark
2025-03-10,Telangana,91.62,PPAC-benchmark
2025-03-10,Uttar Pradesh,86.21,PPAC-benchmark
2025-03-10,West Bengal,88.62,PPAC-benchmark
2025-03-11,Andhra Pradesh,92.7,PPAC-benchmark
2025-03-11,Delhi,83.83,PPAC-benchmark
2025-03-11,Gujarat,84.54,PPAC-benchmark
2025-03-11,Haryana,87.03,PPAC-benchmark
2025-03-11,Karnataka,89.24,PPAC-benchmark
2025-03-11,Madhya Pradesh,89.5,PPAC-benchmark
2025-03-11,Maharashtra,91.78,PPAC-benchmark
2025-03-11,Punjab,87.59,PPAC-benchmark
2025-03-11,Rajasthan,90.41,PPAC-benchmark
2025-03-11,Tamil Nadu,88.03,PPAC-benchmark
2025-03-11,Telangana,91.48,PPAC-benchmark
2025-03-11,Uttar Pradesh,86.22,PPAC-benchmark
2025-03-11,West Bengal,88.74,PPAC-benchmark
2025-03-12,Andhra Pradesh,92.71,PPAC-benchmark
2025-03-12,Delhi,83.81,PPAC-benchmark
2025-03-12,Gujarat,84.5,PPAC-benchmark
2025-03-12,Haryana,86.95,PPAC-benchmark
2025-03-12,Karnataka,89.14,PPAC-benchmark
2025-03-12,Madhya Pradesh,89.48,PPAC-benchmark
2025-03-12,Maharashtra,91.84,PPAC-benchmark
2025-03-12,Punjab,87.66,PPAC-benchmark
2025-03-12,Rajasthan,90.41,PPAC-benchmark
2025-03-12,Tamil Nadu,87.95,PPAC-benchmark
2025-03-12,Telangana,91.46,PPAC-benchmark
2025-03-12,Uttar Pradesh,86.23,PPAC-benchmark
2025-03-12,West Bengal,88.71,PPAC-benchmark
2025-03-13,Andhra Pradesh,92.64,PPAC-benchmark
2025-03-13,Delhi,83.76,PPAC-benchmark
2025-03-13,Gujarat,84.46,PPAC-benchmark
2025-03-13,Haryana,87.04,PPAC-benchmark
2025-03-13,Karnataka,89.16,PPAC-benchmark
2025-03-13,Madhya Pradesh,89.53,PPAC-benchmark
2025-03-13,Maharashtra,91.79,PPAC-benchmark
2025-03-13,Punjab,87.55,PPAC-benchmark
2025-03-13,Rajasthan,90.4,PPAC-benchmark
2025-03-13,Tamil Nadu,87.99,PPAC-benchmark
2025-03-13,Telangana,91.52,PPAC-benchmark
2025-03-13,Uttar Pradesh,86.14,PPAC-benchmark
2025-03-13,West Bengal,88.74,PPAC-benchmark
2025-03-14,Andhra Pradesh,92.72,PPAC-benchmark
2025-03-14,Delhi,83.84,PPAC-benchmark
2025-03-14,Gujarat,84.43,PPAC-benchmark
2025-03-14,Haryana,87.03,PPAC-benchmark
2025-03-14,Karnataka,89.19,PPAC-benchmark
2025-03-14,Madhya Pradesh,89.39,PPAC-benchmark
2025-03-14,Maharashtra,91.79,PPAC-benchmark
2025-03-14,Punjab,87.57,PPAC-benchmark
2025-03-14,Rajasthan,90.32,PPAC-benchmark
2025-03-14,Tamil Nadu,88.02,PPAC-benchmark
2025-03-14,Telangana,91.53,PPAC-benchmark
2025-03-14,Uttar Pradesh,86.12,PPAC-benchmark
2025-03-14,West Bengal,88.65,PPAC-benchmark
2025-03-15,Andhra Pradesh,92.65,PPAC-benchmark
2025-03-15,Delhi,83.73,PPAC-benchmark
2025-03-15,Gujarat,84.4,PPAC-benchmark
2025-03-15,Haryana,86.93,PPAC-benchmark
2025-03-15,Karnataka,89.05,PPAC-benchmark
2025-03-15,Madhya Pradesh,89.28,PPAC-benchmark
2025-03-15,Maharashtra,91.7,PPAC-benchmark
2025-03-15,Punjab,87.52,PPAC-benchmark
2025-03-15,Rajasthan,90.33,PPAC-benchmark
2025-03-15,Tamil Nadu,87.93,PPAC-benchmark
2025-03-15,Telangana,91.31,PPAC-benchmark
2025-03-15,Uttar Pradesh,86.18,PPAC-benchmark
2025-03-15,West Bengal,88.66,PPAC-benchmark
2025-03-16,Andhra Pradesh,92.58,PPAC-benchmark
2025-03-16,Delhi,83.65,PPAC-benchmark
2025-03-16,Gujarat,84.39,PPAC-benchmark
2025-03-16,Haryana,86.96,PPAC-benchmark
2025-03-16,Madhya Pradesh,89.4,PPAC-benchmark
2025-03-16,Maharashtra,91.74,PPAC-benchmark
2025-03-16,Punjab,87.51,PPAC-benchmark
2025-03-16,Rajasthan,90.22,PPAC-benchmark
2025-03-16,Tamil Nadu,87.88,PPAC-benchmark
2025-03-16,Uttar Pradesh,86.1,PPAC-benchmark
2025-03-16,West Bengal,88.6,PPAC-benchmark
2025-03-17,Andhra Pradesh,92.59,PPAC-benchmark
2025-03-17,Delhi,83.86,PPAC-benchmark
2025-03-17,Gujarat,84.46,PPAC-benchmark
2025-03-17,Haryana,86.87,PPAC-benchmark
2025-03-17,Karnataka,89.11,PPAC-benchmark
2025-03-17,Madhya Pradesh,89.4,PPAC-benchmark
2025-03-17,Punjab,87.57,PPAC-benchmark
2025-03-17,Rajasthan,90.26,PPAC-benchmark
2025-03-17,Telangana,91.37,PPAC-benchmark
2025-03-17,Uttar Pradesh,86.14,PPAC-benchmark
2025-03-17,West Bengal,88.65,PPAC-benchmark
2025-03-18,Andhra Pradesh,92.58,PPAC-benchmark
2025-03-18,Delhi,83.67,PPAC-benchmark
2025-03-18,Gujarat,84.37,PPAC-benchmark
2025-03-18,Haryana,86.86,PPAC-benchmark
2025-03-18,Karnataka,89.17,PPAC-benchmark
2025-03-18,Madhya Pradesh,89.32,PPAC-benchmark
2025-03-18,Maharashtra,91.62,PPAC-benchmark
2025-03-18,Punjab,87.44,PPAC-benchmark
2025-03-18,Rajasthan,90.3,PPAC-benchmark
2025-03-18,Tamil Nadu,87.94,PPAC-benchmark
2025-03-18,Telangana,91.23,PPAC-benchmark
2025-03-18,Uttar Pradesh,86.11,PPAC-benchmark
2025-03-18,West Bengal,88.54,PPAC-benchmark
2025-03-19,Andhra Pradesh,92.67,PPAC-benchmark
2025-03-19,Delhi,83.53,PPAC-benchmark
2025-03-19,Gujarat,84.5,PPAC-benchmark
2025-03-19,Haryana,86.92,PPAC-benchmark
2025-03-19,Karnataka,89.08,PPAC-benchmark
2025-03-19,Madhya Pradesh,89.35,PPAC-benchmark
2025-03-19,Maharashtra,91.67,PPAC-benchmark
2025-03-19,Punjab,87.53,PPAC-benchmark
2025-03-19,Rajasthan,90.17,PPAC-benchmark
2025-03-19,Tamil Nadu,87.86,PPAC-benchmark
2025-03-19,Telangana,91.32,PPAC-benchmark
2025-03-19,West Bengal,88.58,PPAC-benchmark
2025-03-20,Andhra Pradesh,92.59,PPAC-benchmark
2025-03-20,Delhi,83.59,PPAC-benchmark
2025-03-20,Gujarat,84.35,PPAC-benchmark
2025-03-20,Haryana,86.86,PPAC-benchmark
2025-03-20,Karnataka,89.2,PPAC-benchmark
2025-03-20,Madhya Pradesh,89.36,PPAC-benchmark
2025-03-20,Maharashtra,91.59,PPAC-benchmark
2025-03-20,Punjab,87.49,PPAC-benchmark
2025-03-20,Rajasthan,90.36,PPAC-benchmark
2025-03-20,Tamil Nadu,87.89,PPAC-benchmark
2025-03-20,Telangana,91.27,PPAC-benchmark
2025-03-20,Uttar Pradesh,86.05,PPAC-benchmark
2025-03-20,West Bengal,88.55,PPAC-benchmark
2025-03-21,Andhra Pradesh,92.49,PPAC-benchmark
2025-03-21,Delhi,83.62,PPAC-benchmark
2025-03-21,Gujarat,84.4,PPAC-benchmark
2025-03-21,Haryana,86.86,PPAC-benchmark
2025-03-21,Karnataka,89.1,PPAC-benchmark
2025-03-21,Madhya Pradesh,89.56,PPAC-benchmark
2025-03-21,Maharashtra,91.72,PPAC-benchmark
2025-03-21,Punjab,87.51,PPAC-benchmark
2025-03-21,Rajasthan,90.21,PPAC-benchmark
2025-03-21,Tamil Nadu,87.91,PPAC-benchmark
2025-03-21,Telangana,91.33,PPAC-benchmark
2025-03-21,Uttar Pradesh,86.13,PPAC-benchmark
2025-03-21,West Bengal,88.61,PPAC-benchmark
2025-03-22,Andhra Pradesh,92.6,PPAC-benchmark
2025-03-22,Delhi,83.68,PPAC-benchmark
2025-03-22,Gujarat,84.31,PPAC-benchmark
2025-03-22,Haryana,86.92,PPAC-benchmark
2025-03-22,Karnataka,89.12,PPAC-benchmark
2025-03-22,Madhya Pradesh,89.42,PPAC-benchmark
2025-03-22,Maharashtra,91.61,PPAC-benchmark
2025-03-22,Punjab,87.5,PPAC-benchmark
2025-03-22,Rajasthan,90.31,PPAC-benchmark
2025-03-22,Tamil Nadu,87.89,PPAC-benchmark
2025-03-22,Telangana,91.41,PPAC-benchmark
2025-03-22,Uttar Pradesh,86.07,PPAC-benchmark
2025-03-22,West Bengal,88.52,PPAC-benchmark
2025-03-23,Andhra Pradesh,92.45,PPAC-benchmark
2025-03-23,Delhi,83.64,PPAC-benchmark
2025-03-23,Gujarat,84.41,PPAC-benchmark
2025-03-23,Haryana,86.83,PPAC-benchmark
2025-03-23,Karnataka,89.11,PPAC-benchmark
2025-03-23,Madhya Pradesh,89.39,PPAC-benchmark
2025-03-23,Maharashtra,91.72,PPAC-benchmark
2025-03-23,Punjab,87.5,PPAC-benchmark
2025-03-23,Rajasthan,90.18,PPAC-benchmark
2025-03-23,Tamil Nadu,87.88,PPAC-benchmark
2025-03-23,Telangana,91.25,PPAC-benchmark
2025-03-23,Uttar Pradesh,86.1,PPAC-benchmark
2025-03-23,West Bengal,88.54,PPAC-benchmark
2025-03-24,Andhra Pradesh,92.56,PPAC-benchmark
2025-03-24,Delhi,83.7,PPAC-benchmark
2025-03-24,Gujarat,84.48,PPAC-benchmark
2025-03-24,Haryana,86.85,PPAC-benchmark
2025-03-24,Karnataka,89.1,PPAC-benchmark
2025-03-24,Madhya Pradesh,89.31,PPAC-benchmark
2025-03-24,Maharashtra,91.64,PPAC-benchmark
2025-03-24,Punjab,87.48,PPAC-benchmark
2025-03-24,Rajasthan,90.26,PPAC-benchmark
2025-03-24,Tamil Nadu,87.82,PPAC-benchmark
2025-03-24,Telangana,91.41,PPAC-benchmark
2025-03-24,Uttar Pradesh,85.98,PPAC-benchmark
2025-03-24,West Bengal,88.56,PPAC-benchmark
2025-03-25,Andhra Pradesh,92.46,PPAC-benchmark
2025-03-25,Delhi,83.58,PPAC-benchmark
2025-03-25,Gujarat,84.24,PPAC-benchmark
2025-03-25,Karnataka,89.06,PPAC-benchmark
2025-03-25,Madhya Pradesh,89.46,PPAC-benchmark
2025-03-25,Maharashtra,91.55,PPAC-benchmark
2025-03-25,Rajasthan,90.13,PPAC-benchmark
2025-03-25,Tamil Nadu,87.85,PPAC-benchmark
2025-03-25,Telangana,91.29,PPAC-benchmark
2025-03-25,Uttar Pradesh,86.01,PPAC-benchmark
2025-03-25,West Bengal,88.46,PPAC-benchmark
2025-03-26,Delhi,83.62,PPAC-benchmark
2025-03-26,Gujarat,84.38,PPAC-benchmark
2025-03-26,Haryana,86.87,PPAC-benchmark
2025-03-26,Karnataka,89.12,PPAC-benchmark
2025-03-26,Madhya Pradesh,89.4,PPAC-benchmark
2025-03-26,Maharashtra,91.64,PPAC-benchmark
2025-03-26,Rajasthan,90.22,PPAC-benchmark
2025-03-26,Tamil Nadu,87.84,PPAC-benchmark
2025-03-26,Telangana,91.44,PPAC-benchmark
2025-03-26,Uttar Pradesh,86.03,PPAC-benchmark
2025-03-26,West Bengal,88.57,PPAC-benchmark
2025-03-27,Andhra Pradesh,92.53,PPAC-benchmark
2025-03-27,Delhi,83.7,PPAC-benchmark
2025-03-27,Gujarat,84.37,PPAC-benchmark
2025-03-27,Haryana,86.8,PPAC-benchmark
2025-03-27,Karnataka,89.06,PPAC-benchmark
2025-03-27,Madhya Pradesh,89.31,PPAC-benchmark
2025-03-27,Maharashtra,91.74,PPAC-benchmark
2025-03-27,Punjab,87.41,PPAC-benchmark
2025-03-27,Rajasthan,90.28,PPAC-benchmark
2025-03-27,Tamil Nadu,87.9,PPAC-benchmark
2025-03-27,Telangana,91.34,PPAC-benchmark
2025-03-27,Uttar Pradesh,86.03,PPAC-benchmark
2025-03-27,West Bengal,88.6,PPAC-benchmark
2025-03-28,Andhra Pradesh,92.42,PPAC-benchmark
2025-03-28,Delhi,83.64,PPAC-benchmark
2025-03-28,Gujarat,84.31,PPAC-benchmark
2025-03-28,Haryana,86.79,PPAC-benchmark
2025-03-28,Karnataka,89.05,PPAC-benchmark
2025-03-28,Madhya Pradesh,89.4,PPAC-benchmark
2025-03-28,Maharashtra,91.58,PPAC-benchmark
2025-03-28,Punjab,87.44,PPAC-benchmark
2025-03-28,Tamil Nadu,87.89,PPAC-benchmark
2025-03-28,Telangana,91.36,PPAC-benchmark
2025-03-28,Uttar Pradesh,86.07,PPAC-benchmark
2025-03-28,West Bengal,88.58,PPAC-benchmark
2025-03-29,Delhi,83.64,PPAC-benchmark
2025-03-29,Gujarat,84.45,PPAC-benchmark
2025-03-29,Haryana,86.85,PPAC-benchmark
2025-03-29,Karnataka,88.98,PPAC-benchmark
2025-03-29,Madhya Pradesh,89.21,PPAC-benchmark
2025-03-29,Maharashtra,91.62,PPAC-benchmark
2025-03-29,Punjab,87.44,PPAC-benchmark
2025-03-29,Rajasthan,90.22,PPAC-benchmark
2025-03-29,Tamil Nadu,87.87,PPAC-benchmark
2025-03-29,Uttar Pradesh,86.09,PPAC-benchmark
2025-03-29,West Bengal,88.53,PPAC-benchmark
2025-03-30,Andhra Pradesh,92.5,PPAC-benchmark
2025-03-30,Delhi,83.6,PPAC-benchmark
2025-03-30,Gujarat,84.33,PPAC-benchmark
2025-03-30,Haryana,87.02,PPAC-benchmark
2025-03-30,Karnataka,89.09,PPAC-benchmark
2025-03-30,Madhya Pradesh,89.41,PPAC-benchmark
2025-03-30,Maharashtra,91.68,PPAC-benchmark
2025-03-30,Punjab,87.5,PPAC-benchmark
2025-03-30,Rajasthan,90.18,PPAC-benchmark
2025-03-30,Tamil Nadu,87.86,PPAC-benchmark
2025-03-30,Telangana,91.34,PPAC-benchmark
2025-03-30,Uttar Pradesh,86.11,PPAC-benchmark
2025-03-31,Andhra Pradesh,92.5,PPAC-benchmark
2025-03-31,Delhi,83.58,PPAC-benchmark
2025-03-31,Gujarat,84.37,PPAC-benchmark
2025-03-31,Haryana,86.77,PPAC-benchmark
2025-03-31,Karnataka,89.08,PPAC-benchmark
2025-03-31,Madhya Pradesh,89.35,PPAC-benchmark
2025-03-31,Maharashtra,91.7,PPAC-benchmark
2025-03-31,Punjab,87.41,PPAC-benchmark
2025-03-31,Rajasthan,90.25,PPAC-benchmark
2025-03-31,Tamil Nadu,87.8,PPAC-benchmark
2025-03-31,Telangana,91.33,PPAC-benchmark
2025-03-31,Uttar Pradesh,86.1,PPAC-benchmark
2025-03-31,West Bengal,88.53,PPAC-benchmark
2025-04-01,Andhra Pradesh,92.6,PPAC-benchmark
2025-04-01,Delhi,83.75,PPAC-benchmark
2025-04-01,Gujarat,84.35,PPAC-benchmark
2025-04-01,Haryana,86.88,PPAC-benchmark
2025-04-01,Karnataka,89.06,PPAC-benchmark
2025-04-01,Madhya Pradesh,89.4,PPAC-benchmark
2025-04-01,Maharashtra,91.58,PPAC-benchmark
2025-04-01,Punjab,87.47,PPAC-benchmark
2025-04-01,Rajasthan,90.2,PPAC-benchmark
2025-04-01,Tamil Nadu,87.89,PPAC-benchmark
2025-04-01,Telangana,91.33,PPAC-benchmark
2025-04-01,West Bengal,88.56,PPAC-benchmark
2025-04-02,Andhra Pradesh,92.51,PPAC-benchmark
2025-04-02,Delhi,83.62,PPAC-benchmark
2025-04-02,Gujarat,84.37,PPAC-benchmark
2025-04-02,Haryana,86.95,PPAC-benchmark
2025-04-02,Karnataka,89.16,PPAC-benchmark
2025-04-02,Madhya Pradesh,89.34,PPAC-benchmark
2025-04-02,Maharashtra,91.66,PPAC-benchmark
2025-04-02,Punjab,87.57,PPAC-benchmark
2025-04-02,Rajasthan,90.21,PPAC-benchmark
2025-04-02,Tamil Nadu,87.87,PPAC-benchmark
2025-04-02,Telangana,91.34,PPAC-benchmark
2025-04-02,Uttar Pradesh,86.15,PPAC-benchmark
2025-04-02,West Bengal,88.48,PPAC-benchmark
2025-04-03,Andhra Pradesh,92.56,PPAC-benchmark
2025-04-03,Delhi,83.68,PPAC-benchmark
2025-04-03,Gujarat,84.36,PPAC-benchmark
2025-04-03,Haryana,86.88,PPAC-benchmark
2025-04-03,Karnataka,89.03,PPAC-benchmark
2025-04-03,Madhya Pradesh,89.44,PPAC-benchmark
2025-04-03,Maharashtra,91.75,PPAC-benchmark
2025-04-03,Punjab,87.49,PPAC-benchmark
2025-04-03,Rajasthan,90.26,PPAC-benchmark
2025-04-03,Tamil Nadu,87.86,PPAC-benchmark
2025-04-03,Telangana,91.38,PPAC-benchmark
2025-04-03,Uttar Pradesh,86.09,PPAC-benchmark
2025-04-03,West Bengal,88.6,PPAC-benchmark
2025-04-04,Andhra Pradesh,92.57,PPAC-benchmark
2025-04-04,Delhi,83.58,PPAC-benchmark
2025-04-04,Gujarat,84.4,PPAC-benchmark
2025-04-04,Haryana,86.98,PPAC-benchmark
2025-04-04,Karnataka,89.07,PPAC-benchmark
2025-04-04,Madhya Pradesh,89.42,PPAC-benchmark
2025-04-04,Maharashtra,91.66,PPAC-benchmark
2025-04-04,Punjab,87.52,PPAC-benchmark
2025-04-04,Rajasthan,90.25,PPAC-benchmark
2025-04-04,Tamil Nadu,87.83,PPAC-benchmark
2025-04-04,Telangana,91.41,PPAC-benchmark
2025-04-04,Uttar Pradesh,86.11,PPAC-benchmark
2025-04-04,West Bengal,88.52,PPAC-benchmark
2025-04-05,Andhra Pradesh,92.6,PPAC-benchmark
2025-04-05,Delhi,83.69,PPAC-benchmark
2025-04-05,Gujarat,84.38,PPAC-benchmark
2025-04-05,Haryana,86.87,PPAC-benchmark
2025-04-05,Karnataka,89.08,PPAC-benchmark
2025-04-05,Madhya Pradesh,89.42,PPAC-benchmark
2025-04-05,Maharashtra,91.78,PPAC-benchmark
2025-04-05,Punjab,87.51,PPAC-benchmark
2025-04-05,Rajasthan,90.22,PPAC-benchmark
2025-04-05,Tamil Nadu,87.96,PPAC-benchmark
2025-04-05,Telangana,91.37,PPAC-benchmark
2025-04-05,Uttar Pradesh,86.04,PPAC-benchmark
2025-04-05,West Bengal,88.61,PPAC-benchmark
2025-04-06,Andhra Pradesh,92.57,PPAC-benchmark
2025-04-06,Delhi,83.8,PPAC-benchmark
2025-04-06,Gujarat,84.38,PPAC-benchmark
2025-04-06,Haryana,86.89,PPAC-benchmark
2025-04-06,Karnataka,89.03,PPAC-benchmark
2025-04-06,Madhya Pradesh,89.38,PPAC-benchmark
2025-04-06,Maharashtra,91.67,PPAC-benchmark
2025-04-06,Punjab,87.46,PPAC-benchmark
2025-04-06,Rajasthan,90.28,PPAC-benchmark
2025-04-06,Tamil Nadu,87.98,PPAC-benchmark
2025-04-06,Telangana,91.42,PPAC-benchmark
2025-04-06,Uttar Pradesh,86.1,PPAC-benchmark
2025-04-06,West Bengal,88.7,PPAC-benchmark
2025-04-07,Andhra Pradesh,92.56,PPAC-benchmark
2025-04-07,Delhi,83.74,PPAC-benchmark
2025-04-07,Gujarat,84.39,PPAC-benchmark
2025-04-07,Haryana,86.89,PPAC-benchmark
2025-04-07,Karnataka,89.11,PPAC-benchmark
2025-04-07,Madhya Pradesh,89.36,PPAC-benchmark
2025-04-07,Maharashtra,91.65,PPAC-benchmark
2025-04-07,Punjab,87.45,PPAC-benchmark
2025-04-07,Rajasthan,90.34,PPAC-benchmark
2025-04-07,Tamil Nadu,87.8,PPAC-benchmark
2025-04-07,Telangana,91.34,PPAC-benchmark
2025-04-07,Uttar Pradesh,86.15,PPAC-benchmark
2025-04-07,West Bengal,88.57,PPAC-benchmark
2025-04-08,Andhra Pradesh,92.59,PPAC-benchmark
2025-04-08,Delhi,83.79,PPAC-benchmark
2025-04-08,Gujarat,84.39,PPAC-benchmark
2025-04-08,Haryana,86.86,PPAC-benchmark
2025-04-08,Karnataka,89.07,PPAC-benchmark
2025-04-08,Madhya Pradesh,89.41,PPAC-benchmark
2025-04-08,Maharashtra,91.67,PPAC-benchmark
2025-04-08,Punjab,87.49,PPAC-benchmark
2025-04-08,Rajasthan,90.3,PPAC-benchmark
2025-04-08,Tamil Nadu,87.86,PPAC-benchmark
2025-04-08,Telangana,91.41,PPAC-benchmark
2025-04-08,Uttar Pradesh,86.09,PPAC-benchmark
2025-04-08,West Bengal,88.6,PPAC-benchmark
2025-04-09,Andhra Pradesh,92.53,PPAC-benchmark
2025-04-09,Delhi,83.66,PPAC-benchmark
2025-04-09,Gujarat,84.31,PPAC-benchmark
2025-04-09,Haryana,86.92,PPAC-benchmark
2025-04-09,Karnataka,89.12,PPAC-benchmark
2025-04-09,Madhya Pradesh,89.45,PPAC-benchmark
2025-04-09,Maharashtra,91.69,PPAC-benchmark
2025-04-09,Punjab,87.5,PPAC-benchmark
2025-04-09,Rajasthan,90.28,PPAC-benchmark
2025-04-09,Tamil Nadu,87.97,PPAC-benchmark
2025-04-09,Telangana,91.42,PPAC-benchmark
2025-04-09,Uttar Pradesh,86.03,PPAC-benchmark
2025-04-09,West Bengal,88.59,PPAC-benchmark
2025-04-10,Andhra Pradesh,92.64,PPAC-benchmark
2025-04-10,Delhi,83.76,PPAC-benchmark
2025-04-10,Gujarat,84.47,PPAC-benchmark
2025-04-10,Haryana,86.95,PPAC-benchmark
2025-04-10,Karnataka,89.16,PPAC-benchmark
2025-04-10,Madhya Pradesh,89.46,PPAC-benchmark
2025-04-10,Maharashtra,91.75,PPAC-benchmark
2025-04-10,Punjab,87.59,PPAC-benchmark
2025-04-10,Rajasthan,90.31,PPAC-benchmark
2025-04-10,Telangana,91.52,PPAC-benchmark
2025-04-10,Uttar Pradesh,86.04,PPAC-benchmark
2025-04-10,West Bengal,88.68,PPAC-benchmark
2025-04-11,Andhra Pradesh,92.66,PPAC-benchmark
2025-04-11,Delhi,83.72,PPAC-benchmark
2025-04-11,Gujarat,84.48,PPAC-benchmark
2025-04-11,Haryana,87.01,PPAC-benchmark
2025-04-11,Karnataka,89.11,PPAC-benchmark
2025-04-11,Madhya Pradesh,89.49,PPAC-benchmark
2025-04-11,Maharashtra,91.75,PPAC-benchmark
2025-04-11,Punjab,87.48,PPAC-benchmark
2025-04-11,Rajasthan,90.36,PPAC-benchmark
2025-04-11,Tamil Nadu,87.89,PPAC-benchmark
2025-04-11,Telangana,91.4,PPAC-benchmark
2025-04-11,Uttar Pradesh,86.09,PPAC-benchmark
2025-04-11,West Bengal,88.67,PPAC-benchmark
2025-04-12,Andhra Pradesh,92.57,PPAC-benchmark
2025-04-12,Delhi,83.72,PPAC-benchmark
2025-04-12,Gujarat,84.46,PPAC-benchmark
2025-04-12,Haryana,86.85,PPAC-benchmark
2025-04-12,Karnataka,89.03,PPAC-benchmark
2025-04-12,Madhya Pradesh,89.44,PPAC-benchmark
2025-04-12,Maharashtra,91.75,PPAC-benchmark
2025-04-12,Punjab,87.52,PPAC-benchmark
2025-04-12,Rajasthan,90.42,PPAC-benchmark
2025-04-12,Tamil Nadu,88.05,PPAC-benchmark
2025-04-12,Telangana,91.5,PPAC-benchmark
2025-04-12,Uttar Pradesh,86.04,PPAC-benchmark
2025-04-12,West Bengal,88.68,PPAC-benchmark
2025-04-13,Andhra Pradesh,92.64,PPAC-benchmark
2025-04-13,Delhi,83.76,PPAC-benchmark
2025-04-13,Gujarat,84.39,PPAC-benchmark
2025-04-13,Haryana,86.97,PPAC-benchmark
2025-04-13,Karnataka,89.14,PPAC-benchmark
2025-04-13,Madhya Pradesh,89.43,PPAC-benchmark
2025-04-13,Maharashtra,91.65,PPAC-benchmark
2025-04-13,Punjab,87.42,PPAC-benchmark
2025-04-13,Rajasthan,90.34,PPAC-benchmark
2025-04-13,Tamil Nadu,88.0,PPAC-benchmark
2025-04-13,Telangana,91.51,PPAC-benchmark
2025-04-13,Uttar Pradesh,86.12,PPAC-benchmark
2025-04-13,West Bengal,88.66,PPAC-benchmark
2025-04-14,Andhra Pradesh,92.71,PPAC-benchmark
2025-04-14,Delhi,83.65,PPAC-benchmark
2025-04-14,Gujarat,84.41,PPAC-benchmark
2025-04-14,Haryana,86.95,PPAC-benchmark
2025-04-14,Karnataka,89.24,PPAC-benchmark
2025-04-14,Madhya Pradesh,89.48,PPAC-benchmark
2025-04-14,Maharashtra,91.78,PPAC-benchmark
2025-04-14,Punjab,87.57,PPAC-benchmark
2025-04-14,Rajasthan,90.35,PPAC-benchmark
2025-04-14,Tamil Nadu,87.97,PPAC-benchmark
2025-04-14,Telangana,91.56,PPAC-benchmark
2025-04-14,Uttar Pradesh,86.23,PPAC-benchmark
2025-04-14,West Bengal,88.6,PPAC-benchmark
2025-04-15,Andhra Pradesh,92.7,PPAC-benchmark
2025-04-15,Delhi,83.69,PPAC-benchmark
2025-04-15,Gujarat,84.45,PPAC-benchmark
2025-04-15,Haryana,86.98,PPAC-benchmark
2025-04-15,Karnataka,89.19,PPAC-benchmark
2025-04-15,Madhya Pradesh,89.43,PPAC-benchmark
2025-04-15,Maharashtra,91.71,PPAC-benchmark
2025-04-15,Punjab,87.64,PPAC-benchmark
2025-04-15,Rajasthan,90.3,PPAC-benchmark
2025-04-15,Tamil Nadu,88.01,PPAC-benchmark
2025-04-15,Telangana,91.58,PPAC-benchmark
2025-04-15,Uttar Pradesh,86.24,PPAC-benchmark
2025-04-15,West Bengal,88.63,PPAC-benchmark
2025-04-16,Andhra Pradesh,92.63,PPAC-benchmark
2025-04-16,Delhi,83.76,PPAC-benchmark
2025-04-16,Gujarat,84.43,PPAC-benchmark
2025-04-16,Haryana,86.93,PPAC-benchmark
2025-04-16,Karnataka,89.12,PPAC-benchmark
2025-04-16,Madhya Pradesh,89.48,PPAC-benchmark
2025-04-16,Maharashtra,91.8,PPAC-benchmark
2025-04-16,Punjab,87.61,PPAC-benchmark
2025-04-16,Rajasthan,90.42,PPAC-benchmark
2025-04-16,Tamil Nadu,87.97,PPAC-benchmark
2025-04-16,Telangana,91.53,PPAC-benchmark
2025-04-16,Uttar Pradesh,86.17,PPAC-benchmark
2025-04-16,West Bengal,88.7,PPAC-benchmark
2025-04-17,Andhra Pradesh,92.69,PPAC-benchmark
2025-04-17,Delhi,83.75,PPAC-benchmark
2025-04-17,Gujarat,84.51,PPAC-benchmark
2025-04-17,Haryana,87.02,PPAC-benchmark
2025-04-17,Karnataka,89.17,PPAC-benchmark
2025-04-17,Madhya Pradesh,89.58,PPAC-benchmark
2025-04-17,Maharashtra,91.79,PPAC-benchmark
2025-04-17,Punjab,87.51,PPAC-benchmark
2025-04-17,Rajasthan,90.42,PPAC-benchmark
2025-04-17,Tamil Nadu,88.0,PPAC-benchmark
2025-04-17,Telangana,91.49,PPAC-benchmark
2025-04-17,Uttar Pradesh,86.21,PPAC-benchmark
2025-04-18,Andhra Pradesh,92.6,PPAC-benchmark
2025-04-18,Delhi,83.7,PPAC-benchmark
2025-04-18,Gujarat,84.54,PPAC-benchmark
2025-04-18,Haryana,86.99,PPAC-benchmark
2025-04-18,Karnataka,89.18,PPAC-benchmark
2025-04-18,Madhya Pradesh,89.46,PPAC-benchmark
2025-04-18,Maharashtra,91.86,PPAC-benchmark
2025-04-18,Rajasthan,90.32,PPAC-benchmark
2025-04-18,Tamil Nadu,88.01,PPAC-benchmark
2025-04-18,Telangana,91.47,PPAC-benchmark
2025-04-18,Uttar Pradesh,86.09,PPAC-benchmark
2025-04-18,West Bengal,88.73,PPAC-benchmark
2025-04-19,Andhra Pradesh,92.68,PPAC-benchmark
2025-04-19,Delhi,83.72,PPAC-benchmark
2025-04-19,Gujarat,84.47,PPAC-benchmark
2025-04-19,Haryana,86.96,PPAC-benchmark
2025-04-19,Karnataka,89.13,PPAC-benchmark
2025-04-19,Madhya Pradesh,89.42,PPAC-benchmark
2025-04-19,Maharashtra,91.8,PPAC-benchmark
2025-04-19,Punjab,87.64,PPAC-benchmark
2025-04-19,Rajasthan,90.32,PPAC-benchmark
2025-04-19,Tamil Nadu,87.89,PPAC-benchmark
2025-04-19,Telangana,91.46,PPAC-benchmark
2025-04-19,Uttar Pradesh,86.07,PPAC-benchmark
2025-04-19,West Bengal,88.67,PPAC-benchmark
2025-04-20,Andhra Pradesh,92.65,PPAC-benchmark
2025-04-20,Delhi,83.77,PPAC-benchmark
2025-04-20,Gujarat,84.5,PPAC-benchmark
2025-04-20,Haryana,87.01,PPAC-benchmark
2025-04-20,Karnataka,89.16,PPAC-benchmark
2025-04-20,Madhya Pradesh,89.62,PPAC-benchmark
2025-04-20,Maharashtra,91.82,PPAC-benchmark
2025-04-20,Punjab,87.65,PPAC-benchmark
2025-04-20,Rajasthan,90.36,PPAC-benchmark
2025-04-20,Tamil Nadu,87.91,PPAC-benchmark
2025-04-20,Telangana,91.45,PPAC-benchmark
2025-04-20,West Bengal,88.66,PPAC-benchmark
2025-04-21,Andhra Pradesh,92.63,PPAC-benchmark
2025-04-21,Delhi,83.85,PPAC-benchmark
2025-04-21,Gujarat,84.54,PPAC-benchmark
2025-04-21,Haryana,87.03,PPAC-benchmark
2025-04-21,Karnataka,89.16,PPAC-benchmark
2025-04-21,Madhya Pradesh,89.58,PPAC-benchmark
2025-04-21,Maharashtra,91.76,PPAC-benchmark
2025-04-21,Punjab,87.67,PPAC-benchmark
2025-04-21,Rajasthan,90.32,PPAC-benchmark
2025-04-21,Tamil Nadu,88.01,PPAC-benchmark
2025-04-21,Telangana,91.56,PPAC-benchmark
2025-04-21,Uttar Pradesh,86.23,PPAC-benchmark
2025-04-21,West Bengal,88.74,PPAC-benchmark
2025-04-22,Andhra Pradesh,92.65,PPAC-benchmark
2025-04-22,Delhi,83.8,PPAC-benchmark
2025-04-22,Gujarat,84.46,PPAC-benchmark
2025-04-22,Haryana,87.04,PPAC-benchmark
2025-04-22,Karnataka,89.2,PPAC-benchmark
2025-04-22,Madhya Pradesh,89.48,PPAC-benchmark
2025-04-22,Maharashtra,91.82,PPAC-benchmark
2025-04-22,Punjab,87.61,PPAC-benchmark
2025-04-22,Rajasthan,90.4,PPAC-benchmark
2025-04-22,Tamil Nadu,88.04,PPAC-benchmark
2025-04-22,Telangana,91.43,PPAC-benchmark
2025-04-22,Uttar Pradesh,86.16,PPAC-benchmark
2025-04-22,West Bengal,88.71,PPAC-benchmark
2025-04-23,Andhra Pradesh,92.66,PPAC-benchmark
2025-04-23,Delhi,83.85,PPAC-benchmark
2025-04-23,Gujarat,84.46,PPAC-benchmark
2025-04-23,Haryana,87.02,PPAC-benchmark
2025-04-23,Karnataka,89.26,PPAC-benchmark
2025-04-23,Madhya Pradesh,89.46,PPAC-benchmark
2025-04-23,Maharashtra,91.79,PPAC-benchmark
2025-04-23,Punjab,87.74,PPAC-benchmark
2025-04-23,Rajasthan,90.46,PPAC-benchmark
2025-04-23,Tamil Nadu,88.0,PPAC-benchmark
2025-04-23,Telangana,91.54,PPAC-benchmark
2025-04-23,Uttar Pradesh,86.15,PPAC-benchmark
2025-04-23,West Bengal,88.73,PPAC-benchmark
2025-04-24,Andhra Pradesh,92.59,PPAC-benchmark
2025-04-24,Delhi,83.83,PPAC-benchmark
2025-04-24,Gujarat,84.5,PPAC-benchmark
2025-04-24,Haryana,87.04,PPAC-benchmark
2025-04-24,Karnataka,89.28,PPAC-benchmark
2025-04-24,Madhya Pradesh,89.54,PPAC-benchmark
2025-04-24,Maharashtra,91.97,PPAC-benchmark
2025-04-24,Punjab,87.73,PPAC-benchmark
2025-04-24,Rajasthan,90.45,PPAC-benchmark
2025-04-24,Tamil Nadu,88.03,PPAC-benchmark
2025-04-24,Telangana,91.47,PPAC-benchmark
2025-04-24,Uttar Pradesh,86.29,PPAC-benchmark
2025-04-24,West Bengal,88.76,PPAC-benchmark
2025-04-25,Andhra Pradesh,92.86,PPAC-benchmark
2025-04-25,Delhi,83.91,PPAC-benchmark
2025-04-25,Gujarat,84.62,PPAC-benchmark
2025-04-25,Haryana,87.08,PPAC-benchmark
2025-04-25,Madhya Pradesh,89.61,PPAC-benchmark
2025-04-25,Maharashtra,91.77,PPAC-benchmark
2025-04-25,Punjab,87.69,PPAC-benchmark
2025-04-25,Rajasthan,90.45,PPAC-benchmark
2025-04-25,Tamil Nadu,88.11,PPAC-benchmark
2025-04-25,Telangana,91.53,PPAC-benchmark
2025-04-25,Uttar Pradesh,86.28,PPAC-benchmark
2025-04-25,West Bengal,88.85,PPAC-benchmark
2025-04-26,Delhi,83.94,PPAC-benchmark
2025-04-26,Gujarat,84.52,PPAC-benchmark
2025-04-26,Haryana,87.14,PPAC-benchmark
2025-04-26,Karnataka,89.32,PPAC-benchmark
2025-04-26,Madhya Pradesh,89.59,PPAC-benchmark
2025-04-26,Maharashtra,91.83,PPAC-benchmark
2025-04-26,Punjab,87.74,PPAC-benchmark
2025-04-26,Rajasthan,90.55,PPAC-benchmark
2025-04-26,Tamil Nadu,88.11,PPAC-benchmark
2025-04-26,Uttar Pradesh,86.3,PPAC-benchmark
2025-04-26,West Bengal,88.83,PPAC-benchmark
2025-04-27,Andhra Pradesh,92.76,PPAC-benchmark
2025-04-27,Delhi,83.94,PPAC-benchmark
2025-04-27,Gujarat,84.67,PPAC-benchmark
2025-04-27,Haryana,87.1,PPAC-benchmark
2025-04-27,Karnataka,89.33,PPAC-benchmark
2025-04-27,Madhya Pradesh,89.58,PPAC-benchmark
2025-04-27,Maharashtra,91.92,PPAC-benchmark
2025-04-27,Punjab,87.75,PPAC-benchmark
2025-04-27,Rajasthan,90.53,PPAC-benchmark
2025-04-27,Tamil Nadu,88.06,PPAC-benchmark
2025-04-27,Telangana,91.61,PPAC-benchmark
2025-04-27,Uttar Pradesh,86.22,PPAC-benchmark
2025-04-27,West Bengal,88.84,PPAC-benchmark
2025-04-28,Andhra Pradesh,92.83,PPAC-benchmark
2025-04-28,Delhi,83.92,PPAC-benchmark
2025-04-28,Gujarat,84.62,PPAC-benchmark
2025-04-28,Haryana,87.22,PPAC-benchmark
2025-04-28,Karnataka,89.34,PPAC-benchmark
2025-04-28,Madhya Pradesh,89.64,PPAC-benchmark
2025-04-28,Maharashtra,91.99,PPAC-benchmark
2025-04-28,Punjab,87.72,PPAC-benchmark
2025-04-28,Rajasthan,90.51,PPAC-benchmark
2025-04-28,Tamil Nadu,88.18,PPAC-benchmark
2025-04-28,Telangana,91.66,PPAC-benchmark
2025-04-28,Uttar Pradesh,86.24,PPAC-benchmark
2025-04-28,West Bengal,88.86,PPAC-benchmark
2025-04-29,Andhra Pradesh,92.94,PPAC-benchmark
2025-04-29,Delhi,84.01,PPAC-benchmark
2025-04-29,Gujarat,84.68,PPAC-benchmark
2025-04-29,Haryana,87.25,PPAC-benchmark
2025-04-29,Karnataka,89.35,PPAC-benchmark
2025-04-29,Madhya Pradesh,89.69,PPAC-benchmark
2025-04-29,Maharashtra,91.97,PPAC-benchmark
2025-04-29,Punjab,87.81,PPAC-benchmark
2025-04-29,Rajasthan,90.61,PPAC-benchmark
2025-04-29,Tamil Nadu,88.18,PPAC-benchmark
2025-04-29,Telangana,91.7,PPAC-benchmark
2025-04-29,Uttar Pradesh,86.42,PPAC-benchmark
2025-04-29,West Bengal,88.85,PPAC-benchmark
2025-04-30,Andhra Pradesh,92.89,PPAC-benchmark
2025-04-30,Delhi,84.04,PPAC-benchmark
2025-04-30,Gujarat,84.73,PPAC-benchmark
2025-04-30,Haryana,87.15,PPAC-benchmark
2025-04-30,Karnataka,89.38,PPAC-benchmark
2025-04-30,Madhya Pradesh,89.7,PPAC-benchmark
2025-04-30,Maharashtra,91.99,PPAC-benchmark
2025-04-30,Punjab,87.89,PPAC-benchmark
2025-04-30,Rajasthan,90.63,PPAC-benchmark
2025-04-30,Telangana,91.65,PPAC-benchmark
2025-04-30,Uttar Pradesh,86.37,PPAC-benchmark
2025-04-30,West Bengal,88.82,PPAC-benchmark
2025-05-01,Andhra Pradesh,92.9,PPAC-benchmark
2025-05-01,Delhi,83.99,PPAC-benchmark
2025-05-01,Gujarat,84.65,PPAC-benchmark
2025-05-01,Haryana,87.2,PPAC-benchmark
2025-05-01,Karnataka,89.43,PPAC-benchmark
2025-05-01,Madhya Pradesh,89.73,PPAC-benchmark
2025-05-01,Maharashtra,91.95,PPAC-benchmark
2025-05-01,Punjab,87.89,PPAC-benchmark
2025-05-01,Rajasthan,90.61,PPAC-benchmark
2025-05-01,Tamil Nadu,88.25,PPAC-benchmark
2025-05-01,Telangana,91.71,PPAC-benchmark
2025-05-01,Uttar Pradesh,86.38,PPAC-benchmark
2025-05-01,West Bengal,88.94,PPAC-benchmark
2025-05-02,Andhra Pradesh,92.99,PPAC-benchmark
2025-05-02,Delhi,84.1,PPAC-benchmark
2025-05-02,Gujarat,84.76,PPAC-benchmark
2025-05-02,Haryana,87.19,PPAC-benchmark
2025-05-02,Karnataka,89.43,PPAC-benchmark
2025-05-02,Madhya Pradesh,89.76,PPAC-benchmark
2025-05-02,Maharashtra,92.05,PPAC-benchmark
2025-05-02,Punjab,87.92,PPAC-benchmark
2025-05-02,Rajasthan,90.69,PPAC-benchmark
2025-05-02,Tamil Nadu,88.35,PPAC-benchmark
2025-05-02,Telangana,91.78,PPAC-benchmark
2025-05-02,Uttar Pradesh,86.46,PPAC-benchmark
2025-05-02,West Bengal,88.92,PPAC-benchmark
2025-05-03,Andhra Pradesh,93.0,PPAC-benchmark
2025-05-03,Delhi,84.08,PPAC-benchmark
2025-05-03,Gujarat,84.66,PPAC-benchmark
2025-05-03,Haryana,87.29,PPAC-benchmark
2025-05-03,Karnataka,89.51,PPAC-benchmark
2025-05-03,Madhya Pradesh,89.77,PPAC-benchmark
2025-05-03,Maharashtra,92.09,PPAC-benchmark
2025-05-03,Punjab,87.99,PPAC-benchmark
2025-05-03,Rajasthan,90.69,PPAC-benchmark
2025-05-03,Tamil Nadu,88.26,PPAC-benchmark
2025-05-03,Telangana,91.81,PPAC-benchmark
2025-05-03,Uttar Pradesh,86.56,PPAC-benchmark
2025-05-03,West Bengal,89.01,PPAC-benchmark
2025-05-04,Andhra Pradesh,92.88,PPAC-benchmark
2025-05-04,Delhi,84.15,PPAC-benchmark
2025-05-04,Gujarat,84.76,PPAC-benchmark
2025-05-04,Haryana,87.38,PPAC-benchmark
2025-05-04,Karnataka,89.49,PPAC-benchmark
2025-05-04,Madhya Pradesh,89.83,PPAC-benchmark
2025-05-04,Maharashtra,92.01,PPAC-benchmark
2025-05-04,Punjab,87.92,PPAC-benchmark
2025-05-04,Rajasthan,90.67,PPAC-benchmark
2025-05-04,Tamil Nadu,88.24,PPAC-benchmark
2025-05-04,Telangana,91.82,PPAC-benchmark
2025-05-04,Uttar Pradesh,86.49,PPAC-benchmark
2025-05-04,West Bengal,88.96,PPAC-benchmark
2025-05-05,Andhra Pradesh,93.09,PPAC-benchmark
2025-05-05,Delhi,84.1,PPAC-benchmark
2025-05-05,Gujarat,84.68,PPAC-benchmark
2025-05-05,Haryana,87.26,PPAC-benchmark
2025-05-05,Karnataka,89.54,PPAC-benchmark
2025-05-05,Madhya Pradesh,89.74,PPAC-benchmark
2025-05-05,Maharashtra,92.05,PPAC-benchmark
2025-05-05,Punjab,87.91,PPAC-benchmark
2025-05-05,Rajasthan,90.6,PPAC-benchmark
2025-05-05,Tamil Nadu,88.27,PPAC-benchmark
2025-05-05,Telangana,91.78,PPAC-benchmark
2025-05-05,Uttar Pradesh,86.52,PPAC-benchmark
2025-05-05,West Bengal,88.94,PPAC-benchmark
2025-05-06,Andhra Pradesh,93.05,PPAC-benchmark
2025-05-06,Delhi,84.09,PPAC-benchmark
2025-05-06,Gujarat,84.83,PPAC-benchmark
2025-05-06,Haryana,87.26,PPAC-benchmark
2025-05-06,Karnataka,89.61,PPAC-benchmark
2025-05-06,Madhya Pradesh,89.75,PPAC-benchmark
2025-05-06,Maharashtra,92.0,PPAC-benchmark
2025-05-06,Punjab,87.93,PPAC-benchmark
2025-05-06,Rajasthan,90.82,PPAC-benchmark
2025-05-06,Tamil Nadu,88.29,PPAC-benchmark
2025-05-06,Telangana,91.89,PPAC-benchmark
2025-05-06,Uttar Pradesh,86.53,PPAC-benchmark
2025-05-06,West Bengal,88.99,PPAC-benchmark
2025-05-07,Andhra Pradesh,92.96,PPAC-benchmark
2025-05-07,Delhi,84.07,PPAC-benchmark
2025-05-07,Gujarat,84.85,PPAC-benchmark
2025-05-07,Haryana,87.29,PPAC-benchmark
2025-05-07,Karnataka,89.41,PPAC-benchmark
2025-05-07,Madhya Pradesh,89.73,PPAC-benchmark
2025-05-07,Maharashtra,92.04,PPAC-benchmark
2025-05-07,Punjab,87.91,PPAC-benchmark
2025-05-07,Rajasthan,90.66,PPAC-benchmark
2025-05-07,Tamil Nadu,88.33,PPAC-benchmark
2025-05-07,Telangana,91.89,PPAC-benchmark
2025-05-07,Uttar Pradesh,86.46,PPAC-benchmark
2025-05-08,Andhra Pradesh,92.99,PPAC-benchmark
2025-05-08,Delhi,84.17,PPAC-benchmark
2025-05-08,Gujarat,84.87,PPAC-benchmark
2025-05-08,Haryana,87.4,PPAC-benchmark
2025-05-08,Karnataka,89.53,PPAC-benchmark
2025-05-08,Madhya Pradesh,89.85,PPAC-benchmark
2025-05-08,Maharashtra,92.17,PPAC-benchmark
2025-05-08,Punjab,87.87,PPAC-benchmark
2025-05-08,Rajasthan,90.77,PPAC-benchmark
2025-05-08,Tamil Nadu,88.36,PPAC-benchmark
2025-05-08,Telangana,91.82,PPAC-benchmark
2025-05-08,Uttar Pradesh,86.54,PPAC-benchmark
2025-05-08,West Bengal,89.02,PPAC-benchmark
2025-05-09,Andhra Pradesh,93.11,PPAC-benchmark
2025-05-09,Delhi,84.13,PPAC-benchmark
2025-05-09,Gujarat,84.78,PPAC-benchmark
2025-05-09,Haryana,87.26,PPAC-benchmark
2025-05-09,Karnataka,89.47,PPAC-benchmark
2025-05-09,Madhya Pradesh,89.79,PPAC-benchmark
2025-05-09,Maharashtra,92.17,PPAC-benchmark
2025-05-09,Punjab,87.99,PPAC-benchmark
2025-05-09,Rajasthan,90.75,PPAC-benchmark
2025-05-09,Tamil Nadu,88.29,PPAC-benchmark
2025-05-09,Telangana,91.85,PPAC-benchmark
2025-05-09,Uttar Pradesh,86.54,PPAC-benchmark
2025-05-09,West Bengal,88.95,PPAC-benchmark
2025-05-10,Andhra Pradesh,93.0,PPAC-benchmark
2025-05-10,Delhi,84.1,PPAC-benchmark
2025-05-10,Gujarat,84.83,PPAC-benchmark
2025-05-10,Karnataka,89.47,PPAC-benchmark
2025-05-10,Madhya Pradesh,89.86,PPAC-benchmark
2025-05-10,Maharashtra,92.12,PPAC-benchmark
2025-05-10,Punjab,87.89,PPAC-benchmark
2025-05-10,Rajasthan,90.72,PPAC-benchmark
2025-05-10,Tamil Nadu,88.31,PPAC-benchmark
2025-05-10,Telangana,91.88,PPAC-benchmark
2025-05-10,Uttar Pradesh,86.63,PPAC-benchmark
2025-05-10,West Bengal,89.0,PPAC-benchmark
2025-05-11,Andhra Pradesh,93.1,PPAC-benchmark
2025-05-11,Delhi,84.27,PPAC-benchmark
2025-05-11,Gujarat,84.83,PPAC-benchmark
2025-05-11,Haryana,87.38,PPAC-benchmark
2025-05-11,Karnataka,89.6,PPAC-benchmark
2025-05-11,Madhya Pradesh,89.91,PPAC-benchmark
2025-05-11,Maharashtra,92.18,PPAC-benchmark
2025-05-11,Punjab,87.98,PPAC-benchmark
2025-05-11,Rajasthan,90.79,PPAC-benchmark
2025-05-11,Tamil Nadu,88.46,PPAC-benchmark
2025-05-11,Telangana,91.92,PPAC-benchmark
2025-05-11,Uttar Pradesh,86.56,PPAC-benchmark
2025-05-11,West Bengal,89.02,PPAC-benchmark
2025-05-12,Andhra Pradesh,93.13,PPAC-benchmark
2025-05-12,Delhi,84.13,PPAC-benchmark
2025-05-12,Gujarat,84.92,PPAC-benchmark
2025-05-12,Haryana,87.46,PPAC-benchmark
2025-05-12,Karnataka,89.54,PPAC-benchmark
2025-05-12,Madhya Pradesh,89.88,PPAC-benchmark
2025-05-12,Maharashtra,92.19,PPAC-benchmark
2025-05-12,Punjab,88.08,PPAC-benchmark
2025-05-12,Rajasthan,90.86,PPAC-benchmark
2025-05-12,Tamil Nadu,88.4,PPAC-benchmark
2025-05-12,Telangana,91.86,PPAC-benchmark
2025-05-12,Uttar Pradesh,86.56,PPAC-benchmark
2025-05-12,West Bengal,89.1,PPAC-benchmark
2025-05-13,Andhra Pradesh,93.08,PPAC-benchmark
2025-05-13,Delhi,84.32,PPAC-benchmark
2025-05-13,Gujarat,84.93,PPAC-benchmark
2025-05-13,Haryana,87.48,PPAC-benchmark
2025-05-13,Karnataka,89.65,PPAC-benchmark
2025-05-13,Madhya Pradesh,89.96,PPAC-benchmark
2025-05-13,Maharashtra,92.3,PPAC-benchmark
2025-05-13,Punjab,87.95,PPAC-benchmark
2025-05-13,Rajasthan,90.74,PPAC-benchmark
2025-05-13,Tamil Nadu,88.47,PPAC-benchmark
2025-05-13,Telangana,91.97,PPAC-benchmark
2025-05-13,Uttar Pradesh,86.65,PPAC-benchmark
2025-05-13,West Bengal,89.24,PPAC-benchmark
2025-05-14,Andhra Pradesh,93.11,PPAC-benchmark
2025-05-14,Delhi,84.29,PPAC-benchmark
2025-05-14,Gujarat,85.01,PPAC-benchmark
2025-05-14,Haryana,87.51,PPAC-benchmark
2025-05-14,Karnataka,89.64,PPAC-benchmark
2025-05-14,Madhya Pradesh,90.08,PPAC-benchmark
2025-05-14,Maharashtra,92.27,PPAC-benchmark
2025-05-14,Punjab,88.02,PPAC-benchmark
2025-05-14,Rajasthan,90.9,PPAC-benchmark
2025-05-14,Tamil Nadu,88.4,PPAC-benchmark
2025-05-14,Telangana,91.98,PPAC-benchmark
2025-05-14,West Bengal,89.2,PPAC-benchmark
2025-05-15,Andhra Pradesh,93.21,PPAC-benchmark
2025-05-15,Delhi,84.27,PPAC-benchmark
2025-05-15,Gujarat,84.95,PPAC-benchmark
2025-05-15,Haryana,87.47,PPAC-benchmark
2025-05-15,Karnataka,89.64,PPAC-benchmark
2025-05-15,Madhya Pradesh,90.03,PPAC-benchmark
2025-05-15,Maharashtra,92.28,PPAC-benchmark
2025-05-15,Punjab,88.09,PPAC-benchmark
2025-05-15,Rajasthan,90.87,PPAC-benchmark
2025-05-15,Tamil Nadu,88.41,PPAC-benchmark
2025-05-15,Telangana,91.96,PPAC-benchmark
2025-05-15,Uttar Pradesh,86.75,PPAC-benchmark
2025-05-15,West Bengal,89.06,PPAC-benchmark
2025-05-16,Andhra Pradesh,93.22,PPAC-benchmark
2025-05-16,Delhi,84.29,PPAC-benchmark
2025-05-16,Gujarat,84.98,PPAC-benchmark
2025-05-16,Haryana,87.42,PPAC-benchmark
2025-05-16,Karnataka,89.7,PPAC-benchmark
2025-05-16,Madhya Pradesh,90.05,PPAC-benchmark
2025-05-16,Maharashtra,92.37,PPAC-benchmark
2025-05-16,Punjab,88.11,PPAC-benchmark
2025-05-16,Rajasthan,90.89,PPAC-benchmark
2025-05-16,Tamil Nadu,88.51,PPAC-benchmark
2025-05-16,Telangana,92.03,PPAC-benchmark
2025-05-16,Uttar Pradesh,86.73,PPAC-benchmark
2025-05-16,West Bengal,89.22,PPAC-benchmark
2025-05-17,Andhra Pradesh,93.28,PPAC-benchmark
2025-05-17,Delhi,84.35,PPAC-benchmark
2025-05-17,Gujarat,85.06,PPAC-benchmark
2025-05-17,Haryana,87.43,PPAC-benchmark
2025-05-17,Karnataka,89.78,PPAC-benchmark
2025-05-17,Madhya Pradesh,89.98,PPAC-benchmark
2025-05-17,Maharashtra,92.35,PPAC-benchmark
2025-05-17,Punjab,88.12,PPAC-benchmark
2025-05-17,Rajasthan,90.92,PPAC-benchmark
2025-05-17,Tamil Nadu,88.58,PPAC-benchmark
2025-05-17,Telangana,92.05,PPAC-benchmark
2025-05-17,Uttar Pradesh,86.79,PPAC-benchmark
2025-05-17,West Bengal,89.22,PPAC-benchmark
2025-05-18,Andhra Pradesh,93.16,PPAC-benchmark
2025-05-18,Delhi,84.37,PPAC-benchmark
2025-05-18,Gujarat,85.05,PPAC-benchmark
2025-05-18,Haryana,87.51,PPAC-benchmark
2025-05-18,Karnataka,89.78,PPAC-benchmark
2025-05-18,Madhya Pradesh,90.01,PPAC-benchmark
2025-05-18,Maharashtra,92.28,PPAC-benchmark
2025-05-18,Punjab,88.13,PPAC-benchmark
2025-05-18,Rajasthan,91.04,PPAC-benchmark
2025-05-18,Tamil Nadu,88.57,PPAC-benchmark
2025-05-18,Telangana,91.97,PPAC-benchmark
2025-05-18,Uttar Pradesh,86.81,PPAC-benchmark
2025-05-18,West Bengal,89.2,PPAC-benchmark
2025-05-19,Andhra Pradesh,93.3,PPAC-benchmark
2025-05-19,Delhi,84.43,PPAC-benchmark
2025-05-19,Gujarat,84.99,PPAC-benchmark
2025-05-19,Haryana,87.61,PPAC-benchmark
2025-05-19,Karnataka,89.75,PPAC-benchmark
2025-05-19,Madhya Pradesh,90.06,PPAC-benchmark
2025-05-19,Maharashtra,92.39,PPAC-benchmark
2025-05-19,Punjab,88.21,PPAC-benchmark
2025-05-19,Rajasthan,91.02,PPAC-benchmark
2025-05-19,Tamil Nadu,88.6,PPAC-benchmark
2025-05-19,Telangana,92.22,PPAC-benchmark
2025-05-19,Uttar Pradesh,86.75,PPAC-benchmark
2025-05-19,West Bengal,89.38,PPAC-benchmark
2025-05-20,Andhra Pradesh,93.32,PPAC-benchmark
2025-05-20,Delhi,84.41,PPAC-benchmark
2025-05-20,Gujarat,85.17,PPAC-benchmark
2025-05-20,Haryana,87.56,PPAC-benchmark
2025-05-20,Karnataka,89.85,PPAC-benchmark
2025-05-20,Madhya Pradesh,90.18,PPAC-benchmark
2025-05-20,Maharashtra,92.53,PPAC-benchmark
2025-05-20,Punjab,88.22,PPAC-benchmark
2025-05-20,Tamil Nadu,88.57,PPAC-benchmark
2025-05-20,Telangana,92.15,PPAC-benchmark
2025-05-20,Uttar Pradesh,86.85,PPAC-benchmark
2025-05-20,West Bengal,89.28,PPAC-benchmark
2025-05-21,Andhra Pradesh,93.38,PPAC-benchmark
2025-05-21,Delhi,84.46,PPAC-benchmark
2025-05-21,Gujarat,85.15,PPAC-benchmark
2025-05-21,Haryana,87.66,PPAC-benchmark
2025-05-21,Karnataka,89.77,PPAC-benchmark
2025-05-21,Madhya Pradesh,90.08,PPAC-benchmark
2025-05-21,Maharashtra,92.52,PPAC-benchmark
2025-05-21,Punjab,88.19,PPAC-benchmark
2025-05-21,Rajasthan,90.86,PPAC-benchmark
2025-05-21,Tamil Nadu,88.63,PPAC-benchmark
2025-05-21,Telangana,92.07,PPAC-benchmark
2025-05-21,Uttar Pradesh,86.75,PPAC-benchmark
2025-05-21,West Bengal,89.36,PPAC-benchmark
2025-05-22,Andhra Pradesh,93.36,PPAC-benchmark
2025-05-22,Delhi,84.41,PPAC-benchmark
2025-05-22,Gujarat,85.15,PPAC-benchmark
2025-05-22,Haryana,87.68,PPAC-benchmark
2025-05-22,Karnataka,89.99,PPAC-benchmark
2025-05-22,Madhya Pradesh,90.21,PPAC-benchmark
2025-05-22,Maharashtra,92.39,PPAC-benchmark
2025-05-22,Punjab,88.31,PPAC-benchmark
2025-05-22,Rajasthan,91.06,PPAC-benchmark
2025-05-22,Tamil Nadu,88.62,PPAC-benchmark
2025-05-22,Telangana,92.12,PPAC-benchmark
2025-05-22,Uttar Pradesh,86.91,PPAC-benchmark
2025-05-22,West Bengal,89.35,PPAC-benchmark
2025-05-23,Andhra Pradesh,93.44,PPAC-benchmark
2025-05-23,Delhi,84.5,PPAC-benchmark
2025-05-23,Gujarat,85.23,PPAC-benchmark
2025-05-23,Haryana,87.69,PPAC-benchmark
2025-05-23,Karnataka,90.06,PPAC-benchmark
2025-05-23,Madhya Pradesh,90.24,PPAC-benchmark
2025-05-23,Maharashtra,92.47,PPAC-benchmark
2025-05-23,Punjab,88.34,PPAC-benchmark
2025-05-23,Rajasthan,91.06,PPAC-benchmark
2025-05-23,Tamil Nadu,88.69,PPAC-benchmark
2025-05-23,Telangana,92.1,PPAC-benchmark
2025-05-23,Uttar Pradesh,86.88,PPAC-benchmark
2025-05-23,West Bengal,89.44,PPAC-benchmark
2025-05-24,Andhra Pradesh,93.4,PPAC-benchmark
2025-05-24,Delhi,84.56,PPAC-benchmark
2025-05-24,Gujarat,85.25,PPAC-benchmark
2025-05-24,Haryana,87.66,PPAC-benchmark
2025-05-24,Karnataka,89.99,PPAC-benchmark
2025-05-24,Madhya Pradesh,90.24,PPAC-benchmark
2025-05-24,Maharashtra,92.58,PPAC-benchmark
2025-05-24,Punjab,88.34,PPAC-benchmark
2025-05-24,Rajasthan,91.13,PPAC-benchmark
2025-05-24,Tamil Nadu,88.72,PPAC-benchmark
2025-05-24,Telangana,92.29,PPAC-benchmark
2025-05-24,Uttar Pradesh,86.88,PPAC-benchmark
2025-05-24,West Bengal,89.54,PPAC-benchmark
2025-05-25,Andhra Pradesh,93.5,PPAC-benchmark
2025-05-25,Delhi,84.56,PPAC-benchmark
2025-05-25,Gujarat,85.29,PPAC-benchmark
2025-05-25,Haryana,87.79,PPAC-benchmark
2025-05-25,Karnataka,90.02,PPAC-benchmark
2025-05-25,Madhya Pradesh,90.19,PPAC-benchmark
2025-05-25,Maharashtra,92.57,PPAC-benchmark
2025-05-25,Punjab,88.24,PPAC-benchmark
2025-05-25,Rajasthan,91.12,PPAC-benchmark
2025-05-25,Tamil Nadu,88.73,PPAC-benchmark
2025-05-25,Telangana,92.28,PPAC-benchmark
2025-05-25,Uttar Pradesh,86.99,PPAC-benchmark
2025-05-25,West Bengal,89.42,PPAC-benchmark
2025-05-26,Andhra Pradesh,93.52,PPAC-benchmark
2025-05-26,Delhi,84.71,PPAC-benchmark
2025-05-26,Gujarat,85.27,PPAC-benchmark
2025-05-26,Haryana,87.77,PPAC-benchmark
2025-05-26,Karnataka,90.0,PPAC-benchmark
2025-05-26,Madhya Pradesh,90.26,PPAC-benchmark
2025-05-26,Maharashtra,92.58,PPAC-benchmark
2025-05-26,Punjab,88.47,PPAC-benchmark
2025-05-26,Rajasthan,91.26,PPAC-benchmark
2025-05-26,Tamil Nadu,88.77,PPAC-benchmark
2025-05-26,Telangana,92.33,PPAC-benchmark
2025-05-26,Uttar Pradesh,87.0,PPAC-benchmark
2025-05-26,West Bengal,89.54,PPAC-benchmark
2025-05-27,Andhra Pradesh,93.57,PPAC-benchmark
2025-05-27,Delhi,84.63,PPAC-benchmark
2025-05-27,Gujarat,85.33,PPAC-benchmark
2025-05-27,Haryana,87.87,PPAC-benchmark
2025-05-27,Karnataka,89.95,PPAC-benchmark
2025-05-27,Madhya Pradesh,90.32,PPAC-benchmark
2025-05-27,Maharashtra,92.61,PPAC-benchmark
2025-05-27,Punjab,88.46,PPAC-benchmark
2025-05-27,Rajasthan,91.33,PPAC-benchmark
2025-05-27,Tamil Nadu,88.83,PPAC-benchmark
2025-05-27,Telangana,92.32,PPAC-benchmark
2025-05-27,Uttar Pradesh,86.97,PPAC-benchmark
2025-05-27,West Bengal,89.6,PPAC-benchmark
2025-05-28,Andhra Pradesh,93.56,PPAC-benchmark
2025-05-28,Delhi,84.66,PPAC-benchmark
2025-05-28,Gujarat,85.36,PPAC-benchmark
2025-05-28,Haryana,87.92,PPAC-benchmark
2025-05-28,Karnataka,89.98,PPAC-benchmark
2025-05-28,Madhya Pradesh,90.35,PPAC-benchmark
2025-05-28,Maharashtra,92.61,PPAC-benchmark
2025-05-28,Punjab,88.41,PPAC-benchmark
2025-05-28,Rajasthan,91.25,PPAC-benchmark
2025-05-28,Tamil Nadu,88.81,PPAC-benchmark
2025-05-28,Telangana,92.4,PPAC-benchmark
2025-05-28,Uttar Pradesh,87.09,PPAC-benchmark
2025-05-28,West Bengal,89.53,PPAC-benchmark
2025-05-29,Andhra Pradesh,93.61,PPAC-benchmark
2025-05-29,Delhi,84.66,PPAC-benchmark
2025-05-29,Gujarat,85.35,PPAC-benchmark
2025-05-29,Haryana,87.84,PPAC-benchmark
2025-05-29,Madhya Pradesh,90.28,PPAC-benchmark
2025-05-29,Maharashtra,92.64,PPAC-benchmark
2025-05-29,Punjab,88.47,PPAC-benchmark
2025-05-29,Rajasthan,91.21,PPAC-benchmark
2025-05-29,Tamil Nadu,88.82,PPAC-benchmark
2025-05-29,Telangana,92.4,PPAC-benchmark
2025-05-29,Uttar Pradesh,87.04,PPAC-benchmark
2025-05-29,West Bengal,89.56,PPAC-benchmark
2025-05-30,Andhra Pradesh,93.61,PPAC-benchmark
2025-05-30,Delhi,84.74,PPAC-benchmark
2025-05-30,Gujarat,85.38,PPAC-benchmark
2025-05-30,Karnataka,90.04,PPAC-benchmark
2025-05-30,Madhya Pradesh,90.41,PPAC-benchmark
2025-05-30,Maharashtra,92.79,PPAC-benchmark
2025-05-30,Punjab,88.56,PPAC-benchmark
2025-05-30,Tamil Nadu,89.0,PPAC-benchmark
2025-05-30,Telangana,92.41,PPAC-benchmark
2025-05-30,Uttar Pradesh,87.08,PPAC-benchmark
2025-05-30,West Bengal,89.62,PPAC-benchmark
2025-05-31,Andhra Pradesh,93.6,PPAC-benchmark
2025-05-31,Delhi,84.86,PPAC-benchmark
2025-05-31,Gujarat,85.39,PPAC-benchmark
2025-05-31,Haryana,87.97,PPAC-benchmark
2025-05-31,Karnataka,90.14,PPAC-benchmark
2025-05-31,Madhya Pradesh,90.43,PPAC-benchmark
2025-05-31,Maharashtra,92.7,PPAC-benchmark
2025-05-31,Punjab,88.48,PPAC-benchmark
2025-05-31,Rajasthan,91.27,PPAC-benchmark
2025-05-31,Tamil Nadu,88.86,PPAC-benchmark
2025-05-31,Telangana,92.51,PPAC-benchmark
2025-05-31,Uttar Pradesh,87.15,PPAC-benchmark
2025-05-31,West Bengal,89.61,PPAC-benchmark
2025-06-01,Andhra Pradesh,93.62,PPAC-benchmark
2025-06-01,Delhi,84.77,PPAC-benchmark
2025-06-01,Gujarat,85.56,PPAC-benchmark
2025-06-01,Haryana,88.01,PPAC-benchmark
2025-06-01,Karnataka,90.18,PPAC-benchmark
2025-06-01,Madhya Pradesh,90.58,PPAC-benchmark
2025-06-01,Maharashtra,92.83,PPAC-benchmark
2025-06-01,Punjab,88.63,PPAC-benchmark
2025-06-01,Rajasthan,91.43,PPAC-benchmark
2025-06-01,Tamil Nadu,89.06,PPAC-benchmark
2025-06-01,Telangana,92.5,PPAC-benchmark
2025-06-01,Uttar Pradesh,87.18,PPAC-benchmark
2025-06-02,Andhra Pradesh,93.75,PPAC-benchmark
2025-06-02,Delhi,84.83,PPAC-benchmark
2025-06-02,Gujarat,85.63,PPAC-benchmark
2025-06-02,Haryana,88.16,PPAC-benchmark
2025-06-02,Karnataka,90.21,PPAC-benchmark
2025-06-02,Madhya Pradesh,90.57,PPAC-benchmark
2025-06-02,Maharashtra,92.78,PPAC-benchmark
2025-06-02,Rajasthan,91.46,PPAC-benchmark
2025-06-02,Tamil Nadu,89.14,PPAC-benchmark
2025-06-02,Telangana,92.47,PPAC-benchmark
2025-06-02,Uttar Pradesh,87.24,PPAC-benchmark
2025-06-02,West Bengal,89.77,PPAC-benchmark
2025-06-03,Andhra Pradesh,93.83,PPAC-benchmark
2025-06-03,Delhi,84.86,PPAC-benchmark
2025-06-03,Gujarat,85.67,PPAC-benchmark
2025-06-03,Haryana,88.09,PPAC-benchmark
2025-06-03,Karnataka,90.31,PPAC-benchmark
2025-06-03,Madhya Pradesh,90.65,PPAC-benchmark
2025-06-03,Maharashtra,92.73,PPAC-benchmark
2025-06-03,Punjab,88.78,PPAC-benchmark
2025-06-03,Rajasthan,91.55,PPAC-benchmark
2025-06-03,Tamil Nadu,89.1,PPAC-benchmark
2025-06-03,Telangana,92.68,PPAC-benchmark
2025-06-03,Uttar Pradesh,87.34,PPAC-benchmark
2025-06-03,West Bengal,89.94,PPAC-benchmark
2025-06-04,Andhra Pradesh,93.85,PPAC-benchmark
2025-06-04,Delhi,84.92,PPAC-benchmark
2025-06-04,Gujarat,85.65,PPAC-benchmark
2025-06-04,Haryana,88.06,PPAC-benchmark
2025-06-04,Karnataka,90.38,PPAC-benchmark
2025-06-04,Madhya Pradesh,90.62,PPAC-benchmark
2025-06-04,Maharashtra,92.93,PPAC-benchmark
2025-06-04,Punjab,88.77,PPAC-benchmark
2025-06-04,Rajasthan,91.59,PPAC-benchmark
2025-06-04,Tamil Nadu,89.22,PPAC-benchmark
2025-06-04,Telangana,92.61,PPAC-benchmark
2025-06-04,Uttar Pradesh,87.32,PPAC-benchmark
2025-06-04,West Bengal,89.79,PPAC-benchmark
2025-06-05,Andhra Pradesh,93.86,PPAC-benchmark
2025-06-05,Delhi,84.94,PPAC-benchmark
2025-06-05,Gujarat,85.65,PPAC-benchmark
2025-06-05,Haryana,88.14,PPAC-benchmark
2025-06-05,Karnataka,90.38,PPAC-benchmark
2025-06-05,Madhya Pradesh,90.54,PPAC-benchmark
2025-06-05,Maharashtra,92.98,PPAC-benchmark
2025-06-05,Punjab,88.73,PPAC-benchmark
2025-06-05,Rajasthan,91.56,PPAC-benchmark
2025-06-05,Tamil Nadu,89.11,PPAC-benchmark
2025-06-05,Telangana,92.66,PPAC-benchmark
2025-06-05,Uttar Pradesh,87.52,PPAC-benchmark
2025-06-05,West Bengal,89.87,PPAC-benchmark
2025-06-06,Andhra Pradesh,93.92,PPAC-benchmark
2025-06-06,Delhi,85.01,PPAC-benchmark
2025-06-06,Gujarat,85.65,PPAC-benchmark
2025-06-06,Haryana,88.2,PPAC-benchmark
2025-06-06,Karnataka,90.4,PPAC-benchmark
2025-06-06,Madhya Pradesh,90.68,PPAC-benchmark
2025-06-06,Maharashtra,93.01,PPAC-benchmark
2025-06-06,Punjab,88.8,PPAC-benchmark
2025-06-06,Rajasthan,91.58,PPAC-benchmark
2025-06-06,Tamil Nadu,89.17,PPAC-benchmark
2025-06-06,Telangana,92.64,PPAC-benchmark
2025-06-06,Uttar Pradesh,87.37,PPAC-benchmark
2025-06-06,West Bengal,89.85,PPAC-benchmark
2025-06-07,Andhra Pradesh,93.91,PPAC-benchmark
2025-06-07,Gujarat,85.73,PPAC-benchmark
2025-06-07,Karnataka,90.56,PPAC-benchmark
2025-06-07,Madhya Pradesh,90.76,PPAC-benchmark
2025-06-07,Maharashtra,93.02,PPAC-benchmark
2025-06-07,Punjab,88.83,PPAC-benchmark
2025-06-07,Rajasthan,91.66,PPAC-benchmark
2025-06-07,Tamil Nadu,89.2,PPAC-benchmark
2025-06-07,Telangana,92.79,PPAC-benchmark
2025-06-07,Uttar Pradesh,87.4,PPAC-benchmark
2025-06-07,West Bengal,89.96,PPAC-benchmark
2025-06-08,Andhra Pradesh,93.97,PPAC-benchmark
2025-06-08,Delhi,85.05,PPAC-benchmark
2025-06-08,Gujarat,85.71,PPAC-benchmark
2025-06-08,Haryana,88.33,PPAC-benchmark
2025-06-08,Karnataka,90.46,PPAC-benchmark
2025-06-08,Madhya Pradesh,90.67,PPAC-benchmark
2025-06-08,Maharashtra,93.03,PPAC-benchmark
2025-06-08,Punjab,88.86,PPAC-benchmark
2025-06-08,Rajasthan,91.61,PPAC-benchmark
2025-06-08,Tamil Nadu,89.25,PPAC-benchmark
2025-06-08,Telangana,92.67,PPAC-benchmark
2025-06-08,Uttar Pradesh,87.41,PPAC-benchmark
2025-06-08,West Bengal,89.97,PPAC-benchmark
2025-06-09,Delhi,85.03,PPAC-benchmark
2025-06-09,Gujarat,85.65,PPAC-benchmark
2025-06-09,Haryana,88.21,PPAC-benchmark
2025-06-09,Karnataka,90.51,PPAC-benchmark
2025-06-09,Madhya Pradesh,90.73,PPAC-benchmark
2025-06-09,Maharashtra,93.03,PPAC-benchmark
2025-06-09,Punjab,88.96,PPAC-benchmark
2025-06-09,Rajasthan,91.63,PPAC-benchmark
2025-06-09,Tamil Nadu,89.26,PPAC-benchmark
2025-06-09,Telangana,92.74,PPAC-benchmark
2025-06-09,Uttar Pradesh,87.54,PPAC-benchmark
2025-06-09,West Bengal,90.0,PPAC-benchmark
2025-06-10,Andhra Pradesh,93.95,PPAC-benchmark
2025-06-10,Delhi,85.16,PPAC-benchmark
2025-06-10,Gujarat,85.69,PPAC-benchmark
2025-06-10,Haryana,88.32,PPAC-benchmark
2025-06-10,Karnataka,90.51,PPAC-benchmark
2025-06-10,Madhya Pradesh,90.8,PPAC-benchmark
2025-06-10,Maharashtra,93.07,PPAC-benchmark
2025-06-10,Punjab,88.89,PPAC-benchmark
2025-06-10,Rajasthan,91.63,PPAC-benchmark
2025-06-10,Tamil Nadu,89.37,PPAC-benchmark
2025-06-10,Telangana,92.8,PPAC-benchmark
2025-06-10,Uttar Pradesh,87.47,PPAC-benchmark
2025-06-10,West Bengal,90.04,PPAC-benchmark
2025-06-11,Andhra Pradesh,94.03,PPAC-benchmark
2025-06-11,Delhi,85.05,PPAC-benchmark
2025-06-11,Gujarat,85.91,PPAC-benchmark
2025-06-11,Haryana,88.35,PPAC-benchmark
2025-06-11,Karnataka,90.47,PPAC-benchmark
2025-06-11,Madhya Pradesh,90.8,PPAC-benchmark
2025-06-11,Maharashtra,93.0,PPAC-benchmark
2025-06-11,Punjab,88.95,PPAC-benchmark
2025-06-11,Rajasthan,91.78,PPAC-benchmark
2025-06-11,Telangana,92.86,PPAC-benchmark
2025-06-11,Uttar Pradesh,87.53,PPAC-benchmark
2025-06-11,West Bengal,90.04,PPAC-benchmark
2025-06-12,Andhra Pradesh,94.02,PPAC-benchmark
2025-06-12,Delhi,85.07,PPAC-benchmark
2025-06-12,Gujarat,85.83,PPAC-benchmark
2025-06-12,Haryana,88.25,PPAC-benchmark
2025-06-12,Karnataka,90.56,PPAC-benchmark
2025-06-12,Madhya Pradesh,90.7,PPAC-benchmark
2025-06-12,Maharashtra,93.19,PPAC-benchmark
2025-06-12,Punjab,88.92,PPAC-benchmark
2025-06-12,Rajasthan,91.64,PPAC-benchmark
2025-06-12,Tamil Nadu,89.33,PPAC-benchmark
2025-06-12,Telangana,92.92,PPAC-benchmark
2025-06-12,Uttar Pradesh,87.57,PPAC-benchmark
2025-06-13,Andhra Pradesh,94.03,PPAC-benchmark
2025-06-13,Delhi,85.1,PPAC-benchmark
2025-06-13,Gujarat,85.84,PPAC-benchmark
2025-06-13,Haryana,88.23,PPAC-benchmark
2025-06-13,Karnataka,90.46,PPAC-benchmark
2025-06-13,Madhya Pradesh,90.78,PPAC-benchmark
2025-06-13,Maharashtra,93.16,PPAC-benchmark
2025-06-13,Punjab,88.94,PPAC-benchmark
2025-06-13,Rajasthan,91.76,PPAC-benchmark
2025-06-13,Tamil Nadu,89.26,PPAC-benchmark
2025-06-13,Telangana,92.83,PPAC-benchmark
2025-06-13,Uttar Pradesh,87.5,PPAC-benchmark
2025-06-13,West Bengal,90.05,PPAC-benchmark
2025-06-14,Andhra Pradesh,94.03,PPAC-benchmark
2025-06-14,Delhi,85.16,PPAC-benchmark
2025-06-14,Gujarat,85.85,PPAC-benchmark
2025-06-14,Haryana,88.4,PPAC-benchmark
2025-06-14,Karnataka,90.5,PPAC-benchmark
2025-06-14,Madhya Pradesh,90.88,PPAC-benchmark
2025-06-14,Maharashtra,93.17,PPAC-benchmark
2025-06-14,Punjab,89.14,PPAC-benchmark
2025-06-14,Rajasthan,91.83,PPAC-benchmark
2025-06-14,Tamil Nadu,89.36,PPAC-benchmark
2025-06-14,Telangana,92.92,PPAC-benchmark
2025-06-14,Uttar Pradesh,87.55,PPAC-benchmark
2025-06-14,West Bengal,90.25,PPAC-benchmark
2025-06-15,Andhra Pradesh,94.23,PPAC-benchmark
2025-06-15,Delhi,85.19,PPAC-benchmark
2025-06-15,Gujarat,85.97,PPAC-benchmark
2025-06-15,Haryana,88.42,PPAC-benchmark
2025-06-15,Karnataka,90.55,PPAC-benchmark
2025-06-15,Madhya Pradesh,90.9,PPAC-benchmark
2025-06-15,Maharashtra,93.16,PPAC-benchmark
2025-06-15,Punjab,88.89,PPAC-benchmark
2025-06-15,Rajasthan,91.88,PPAC-benchmark
2025-06-15,Tamil Nadu,89.36,PPAC-benchmark
2025-06-15,Telangana,92.92,PPAC-benchmark
2025-06-15,Uttar Pradesh,87.55,PPAC-benchmark
2025-06-15,West Bengal,90.17,PPAC-benchmark
2025-06-16,Andhra Pradesh,94.13,PPAC-benchmark
2025-06-16,Delhi,85.25,PPAC-benchmark
2025-06-16,Gujarat,85.89,PPAC-benchmark
2025-06-16,Haryana,88.46,PPAC-benchmark
2025-06-16,Karnataka,90.65,PPAC-benchmark
2025-06-16,Madhya Pradesh,90.86,PPAC-benchmark
2025-06-16,Maharashtra,93.19,PPAC-benchmark
2025-06-16,Punjab,89.08,PPAC-benchmark
2025-06-16,Rajasthan,91.79,PPAC-benchmark
2025-06-16,Tamil Nadu,89.38,PPAC-benchmark
2025-06-16,Telangana,92.96,PPAC-benchmark
2025-06-16,Uttar Pradesh,87.56,PPAC-benchmark
2025-06-16,West Bengal,90.18,PPAC-benchmark
2025-06-17,Andhra Pradesh,94.14,PPAC-benchmark
2025-06-17,Delhi,85.18,PPAC-benchmark
2025-06-17,Gujarat,85.87,PPAC-benchmark
2025-06-17,Haryana,88.4,PPAC-benchmark
2025-06-17,Karnataka,90.54,PPAC-benchmark
2025-06-17,Madhya Pradesh,90.89,PPAC-benchmark
2025-06-17,Maharashtra,93.18,PPAC-benchmark
2025-06-17,Punjab,88.99,PPAC-benchmark
2025-06-17,Rajasthan,91.82,PPAC-benchmark
2025-06-17,Tamil Nadu,89.4,PPAC-benchmark
2025-06-17,Telangana,92.98,PPAC-benchmark
2025-06-17,Uttar Pradesh,87.67,PPAC-benchmark
2025-06-17,West Bengal,90.08,PPAC-benchmark
2025-06-18,Andhra Pradesh,94.13,PPAC-benchmark
2025-06-18,Delhi,85.22,PPAC-benchmark
2025-06-18,Gujarat,85.92,PPAC-benchmark
2025-06-18,Haryana,88.38,PPAC-benchmark
2025-06-18,Karnataka,90.61,PPAC-benchmark
2025-06-18,Madhya Pradesh,90.97,PPAC-benchmark
2025-06-18,Maharashtra,93.23,PPAC-benchmark
2025-06-18,Punjab,89.0,PPAC-benchmark
2025-06-18,Rajasthan,91.87,PPAC-benchmark
2025-06-18,Tamil Nadu,89.42,PPAC-benchmark
2025-06-18,Telangana,92.91,PPAC-benchmark
2025-06-18,Uttar Pradesh,87.58,PPAC-benchmark
2025-06-18,West Bengal,90.14,PPAC-benchmark
2025-06-19,Andhra Pradesh,94.13,PPAC-benchmark
2025-06-19,Delhi,85.28,PPAC-benchmark
2025-06-19,Gujarat,85.95,PPAC-benchmark
2025-06-19,Haryana,88.43,PPAC-benchmark
2025-06-19,Karnataka,90.59,PPAC-benchmark
2025-06-19,Madhya Pradesh,90.94,PPAC-benchmark
2025-06-19,Maharashtra,93.18,PPAC-benchmark
2025-06-19,Punjab,89.06,PPAC-benchmark
2025-06-19,Rajasthan,91.84,PPAC-benchmark
2025-06-19,Tamil Nadu,89.56,PPAC-benchmark
2025-06-19,Telangana,93.01,PPAC-benchmark
2025-06-19,Uttar Pradesh,87.63,PPAC-benchmark
2025-06-19,West Bengal,90.14,PPAC-benchmark
2025-06-20,Andhra Pradesh,94.07,PPAC-benchmark
2025-06-20,Delhi,85.26,PPAC-benchmark
2025-06-20,Gujarat,85.98,PPAC-benchmark
2025-06-20,Haryana,88.5,PPAC-benchmark
2025-06-20,Madhya Pradesh,91.0,PPAC-benchmark
2025-06-20,Maharashtra,93.23,PPAC-benchmark
2025-06-20,Punjab,89.11,PPAC-benchmark
2025-06-20,Rajasthan,91.92,PPAC-benchmark
2025-06-20,Tamil Nadu,89.5,PPAC-benchmark
2025-06-20,Telangana,92.98,PPAC-benchmark
2025-06-20,Uttar Pradesh,87.73,PPAC-benchmark
2025-06-20,West Bengal,90.2,PPAC-benchmark
2025-06-21,Andhra Pradesh,94.34,PPAC-benchmark
2025-06-21,Delhi,85.26,PPAC-benchmark
2025-06-21,Gujarat,86.09,PPAC-benchmark
2025-06-21,Haryana,88.53,PPAC-benchmark
2025-06-21,Karnataka,90.73,PPAC-benchmark
2025-06-21,Madhya Pradesh,91.07,PPAC-benchmark
2025-06-21,Maharashtra,93.31,PPAC-benchmark
2025-06-21,Punjab,89.16,PPAC-benchmark
2025-06-21,Rajasthan,91.95,PPAC-benchmark
2025-06-21,Tamil Nadu,89.54,PPAC-benchmark
2025-06-21,Telangana,93.01,PPAC-benchmark
2025-06-21,Uttar Pradesh,87.72,PPAC-benchmark
2025-06-21,West Bengal,90.24,PPAC-benchmark
2025-06-22,Andhra Pradesh,94.22,PPAC-benchmark
2025-06-22,Delhi,85.3,PPAC-benchmark
2025-06-22,Gujarat,86.09,PPAC-benchmark
2025-06-22,Haryana,88.52,PPAC-benchmark
2025-06-22,Karnataka,90.72,PPAC-benchmark
2025-06-22,Madhya Pradesh,91.01,PPAC-benchmark
2025-06-22,Maharashtra,93.27,PPAC-benchmark
2025-06-22,Punjab,89.18,PPAC-benchmark
2025-06-22,Rajasthan,91.87,PPAC-benchmark
2025-06-22,Tamil Nadu,89.46,PPAC-benchmark
2025-06-22,Telangana,92.98,PPAC-benchmark
2025-06-22,Uttar Pradesh,87.74,PPAC-benchmark
2025-06-22,West Bengal,90.28,PPAC-benchmark
2025-06-23,Andhra Pradesh,94.32,PPAC-benchmark
2025-06-23,Delhi,85.4,PPAC-benchmark
2025-06-23,Gujarat,86.02,PPAC-benchmark
2025-06-23,Haryana,88.52,PPAC-benchmark
2025-06-23,Karnataka,90.78,PPAC-benchmark
2025-06-23,Madhya Pradesh,91.1,PPAC-benchmark
2025-06-23,Maharashtra,93.34,PPAC-benchmark
2025-06-23,Punjab,89.2,PPAC-benchmark
2025-06-23,Rajasthan,91.96,PPAC-benchmark
2025-06-23,Tamil Nadu,89.55,PPAC-benchmark
2025-06-23,Telangana,93.04,PPAC-benchmark
2025-06-23,Uttar Pradesh,87.68,PPAC-benchmark
2025-06-23,West Bengal,90.23,PPAC-benchmark
2025-06-24,Andhra Pradesh,94.25,PPAC-benchmark
2025-06-24,Delhi,85.41,PPAC-benchmark
2025-06-24,Gujarat,86.06,PPAC-benchmark
2025-06-24,Haryana,88.61,PPAC-benchmark
2025-06-24,Karnataka,90.82,PPAC-benchmark
2025-06-24,Madhya Pradesh,91.05,PPAC-benchmark
2025-06-24,Maharashtra,93.33,PPAC-benchmark
2025-06-24,Punjab,89.21,PPAC-benchmark
2025-06-24,Rajasthan,91.89,PPAC-benchmark
2025-06-24,Tamil Nadu,89.64,PPAC-benchmark
2025-06-24,Telangana,92.98,PPAC-benchmark
2025-06-24,Uttar Pradesh,87.84,PPAC-benchmark
2025-06-24,West Bengal,90.27,PPAC-benchmark
2025-06-25,Andhra Pradesh,94.27,PPAC-benchmark
2025-06-25,Delhi,85.36,PPAC-benchmark
2025-06-25,Gujarat,86.16,PPAC-benchmark
2025-06-25,Haryana,88.64,PPAC-benchmark
2025-06-25,Karnataka,90.95,PPAC-benchmark
2025-06-25,Madhya Pradesh,91.04,PPAC-benchmark
2025-06-25,Maharashtra,93.46,PPAC-benchmark
2025-06-25,Punjab,89.17,PPAC-benchmark
2025-06-25,Rajasthan,91.93,PPAC-benchmark
2025-06-25,Telangana,93.18,PPAC-benchmark
2025-06-25,Uttar Pradesh,87.86,PPAC-benchmark
2025-06-25,West Bengal,90.32,PPAC-benchmark
2025-06-26,Andhra Pradesh,94.3,PPAC-benchmark
2025-06-26,Delhi,85.47,PPAC-benchmark
2025-06-26,Gujarat,86.17,PPAC-benchmark
2025-06-26,Haryana,88.59,PPAC-benchmark
2025-06-26,Karnataka,90.91,PPAC-benchmark
2025-06-26,Madhya Pradesh,91.14,PPAC-benchmark
2025-06-26,Maharashtra,93.41,PPAC-benchmark
2025-06-26,Punjab,89.18,PPAC-benchmark
2025-06-26,Rajasthan,92.08,PPAC-benchmark
2025-06-26,Tamil Nadu,89.62,PPAC-benchmark
2025-06-26,Telangana,93.14,PPAC-benchmark
2025-06-26,Uttar Pradesh,87.84,PPAC-benchmark
2025-06-26,West Bengal,90.32,PPAC-benchmark
2025-06-27,Andhra Pradesh,94.39,PPAC-benchmark
2025-06-27,Gujarat,86.08,PPAC-benchmark
2025-06-27,Haryana,88.66,PPAC-benchmark
2025-06-27,Karnataka,90.85,PPAC-benchmark
2025-06-27,Madhya Pradesh,91.01,PPAC-benchmark
2025-06-27,Maharashtra,93.39,PPAC-benchmark
2025-06-27,Punjab,89.34,PPAC-benchmark
2025-06-27,Rajasthan,91.96,PPAC-benchmark
2025-06-27,Tamil Nadu,89.68,PPAC-benchmark
2025-06-27,Telangana,93.1,PPAC-benchmark
2025-06-27,Uttar Pradesh,87.89,PPAC-benchmark
2025-06-27,West Bengal,90.3,PPAC-benchmark
2025-06-28,Andhra Pradesh,94.41,PPAC-benchmark
2025-06-28,Delhi,85.39,PPAC-benchmark
2025-06-28,Gujarat,86.1,PPAC-benchmark
2025-06-28,Haryana,88.58,PPAC-benchmark
2025-06-28,Karnataka,90.81,PPAC-benchmark
2025-06-28,Madhya Pradesh,91.11,PPAC-benchmark
2025-06-28,Maharashtra,93.48,PPAC-benchmark
2025-06-28,Punjab,89.24,PPAC-benchmark
2025-06-28,Rajasthan,92.02,PPAC-benchmark
2025-06-28,Tamil Nadu,89.68,PPAC-benchmark
2025-06-28,Telangana,93.21,PPAC-benchmark
2025-06-28,Uttar Pradesh,87.83,PPAC-benchmark
2025-06-28,West Bengal,90.39,PPAC-benchmark
2025-06-29,Andhra Pradesh,94.43,PPAC-benchmark
2025-06-29,Delhi,85.5,PPAC-benchmark
2025-06-29,Gujarat,86.14,PPAC-benchmark
2025-06-29,Haryana,88.63,PPAC-benchmark
2025-06-29,Karnataka,91.05,PPAC-benchmark
2025-06-29,Madhya Pradesh,91.21,PPAC-benchmark
2025-06-29,Maharashtra,93.53,PPAC-benchmark
2025-06-29,Punjab,89.28,PPAC-benchmark
2025-06-29,Rajasthan,92.15,PPAC-benchmark
2025-06-29,Tamil Nadu,89.68,PPAC-benchmark
2025-06-29,Telangana,93.23,PPAC-benchmark
2025-06-29,Uttar Pradesh,87.95,PPAC-benchmark
2025-06-29,West Bengal,90.36,PPAC-benchmark
2025-06-30,Andhra Pradesh,94.35,PPAC-benchmark
2025-06-30,Delhi,85.59,PPAC-benchmark
2025-06-30,Gujarat,86.18,PPAC-benchmark
2025-06-30,Haryana,88.7,PPAC-benchmark
2025-06-30,Karnataka,90.86,PPAC-benchmark
2025-06-30,Maharashtra,93.47,PPAC-benchmark
2025-06-30,Punjab,89.28,PPAC-benchmark
2025-06-30,Rajasthan,92.07,PPAC-benchmark
2025-06-30,Tamil Nadu,89.66,PPAC-benchmark
2025-06-30,Telangana,93.18,PPAC-benchmark
2025-06-30,Uttar Pradesh,87.93,PPAC-benchmark
2025-06-30,West Bengal,90.39,PPAC-benchmark
2025-07-01,Andhra Pradesh,94.39,PPAC-benchmark
2025-07-01,Gujarat,86.2,PPAC-benchmark
2025-07-01,Haryana,88.78,PPAC-benchmark
2025-07-01,Karnataka,91.08,PPAC-benchmark
2025-07-01,Madhya Pradesh,91.1,PPAC-benchmark
2025-07-01,Maharashtra,93.62,PPAC-benchmark
2025-07-01,Punjab,89.25,PPAC-benchmark
2025-07-01,Rajasthan,92.01,PPAC-benchmark
2025-07-01,Tamil Nadu,89.71,PPAC-benchmark
2025-07-01,Telangana,93.29,PPAC-benchmark
2025-07-01,Uttar Pradesh,88.0,PPAC-benchmark
2025-07-01,West Bengal,90.49,PPAC-benchmark
2025-07-02,Andhra Pradesh,94.44,PPAC-benchmark
2025-07-02,Delhi,85.61,PPAC-benchmark
2025-07-02,Gujarat,86.25,PPAC-benchmark
2025-07-02,Haryana,88.69,PPAC-benchmark
2025-07-02,Karnataka,90.92,PPAC-benchmark
2025-07-02,Madhya Pradesh,91.31,PPAC-benchmark
2025-07-02,Maharashtra,93.57,PPAC-benchmark
2025-07-02,Punjab,89.35,PPAC-benchmark
2025-07-02,Tamil Nadu,89.76,PPAC-benchmark
2025-07-02,Telangana,93.19,PPAC-benchmark
2025-07-02,Uttar Pradesh,87.91,PPAC-benchmark
2025-07-02,West Bengal,90.44,PPAC-benchmark
2025-07-03,Gujarat,86.38,PPAC-benchmark
2025-07-03,Karnataka,91.0,PPAC-benchmark
2025-07-03,Madhya Pradesh,91.36,PPAC-benchmark
2025-07-03,Maharashtra,93.6,PPAC-benchmark
2025-07-03,Punjab,89.4,PPAC-benchmark
2025-07-03,Rajasthan,92.21,PPAC-benchmark
2025-07-03,Tamil Nadu,89.78,PPAC-benchmark
2025-07-03,Telangana,93.26,PPAC-benchmark
2025-07-03,Uttar Pradesh,88.02,PPAC-benchmark
2025-07-03,West Bengal,90.51,PPAC-benchmark
2025-07-04,Andhra Pradesh,94.47,PPAC-benchmark
2025-07-04,Delhi,85.53,PPAC-benchmark
2025-07-04,Gujarat,86.2,PPAC-benchmark
2025-07-04,Haryana,88.67,PPAC-benchmark
2025-07-04,Karnataka,91.02,PPAC-benchmark
2025-07-04,Madhya Pradesh,91.25,PPAC-benchmark
2025-07-04,Maharashtra,93.62,PPAC-benchmark
2025-07-04,Punjab,89.34,PPAC-benchmark
2025-07-04,Rajasthan,92.15,PPAC-benchmark
2025-07-04,Tamil Nadu,89.8,PPAC-benchmark
2025-07-04,Telangana,93.34,PPAC-benchmark
2025-07-04,West Bengal,90.54,PPAC-benchmark
2025-07-05,Andhra Pradesh,94.48,PPAC-benchmark
2025-07-05,Delhi,85.56,PPAC-benchmark
2025-07-05,Gujarat,86.31,PPAC-benchmark
2025-07-05,Haryana,88.77,PPAC-benchmark
2025-07-05,Karnataka,90.9,PPAC-benchmark
2025-07-05,Madhya Pradesh,91.22,PPAC-benchmark
2025-07-05,Maharashtra,93.61,PPAC-benchmark
2025-07-05,Punjab,89.4,PPAC-benchmark
2025-07-05,Rajasthan,92.22,PPAC-benchmark
2025-07-05,Tamil Nadu,89.8,PPAC-benchmark
2025-07-05,Telangana,93.28,PPAC-benchmark
2025-07-05,Uttar Pradesh,87.92,PPAC-benchmark
2025-07-05,West Bengal,90.61,PPAC-benchmark
2025-07-06,Andhra Pradesh,94.54,PPAC-benchmark
2025-07-06,Delhi,85.64,PPAC-benchmark
2025-07-06,Gujarat,86.38,PPAC-benchmark
2025-07-06,Haryana,88.8,PPAC-benchmark
2025-07-06,Karnataka,91.0,PPAC-benchmark
2025-07-06,Madhya Pradesh,91.3,PPAC-benchmark
2025-07-06,Maharashtra,93.66,PPAC-benchmark
2025-07-06,Punjab,89.4,PPAC-benchmark
2025-07-06,Rajasthan,92.15,PPAC-benchmark
2025-07-06,Tamil Nadu,89.74,PPAC-benchmark
2025-07-06,Telangana,93.34,PPAC-benchmark
2025-07-06,West Bengal,90.43,PPAC-benchmark
2025-07-07,Andhra Pradesh,94.64,PPAC-benchmark
2025-07-07,Delhi,85.66,PPAC-benchmark
2025-07-07,Gujarat,86.37,PPAC-benchmark
2025-07-07,Haryana,88.75,PPAC-benchmark
2025-07-07,Karnataka,90.94,PPAC-benchmark
2025-07-07,Madhya Pradesh,91.4,PPAC-benchmark
2025-07-07,Maharashtra,93.66,PPAC-benchmark
2025-07-07,Punjab,89.45,PPAC-benchmark
2025-07-07,Rajasthan,92.18,PPAC-benchmark
2025-07-07,Tamil Nadu,89.84,PPAC-benchmark
2025-07-07,Telangana,93.3,PPAC-benchmark
2025-07-07,Uttar Pradesh,88.05,PPAC-benchmark
2025-07-07,West Bengal,90.56,PPAC-benchmark
2025-07-08,Andhra Pradesh,94.6,PPAC-benchmark
2025-07-08,Delhi,85.66,PPAC-benchmark
2025-07-08,Gujarat,86.44,PPAC-benchmark
2025-07-08,Haryana,88.87,PPAC-benchmark
2025-07-08,Karnataka,91.02,PPAC-benchmark
2025-07-08,Madhya Pradesh,91.41,PPAC-benchmark
2025-07-08,Maharashtra,93.68,PPAC-benchmark
2025-07-08,Punjab,89.52,PPAC-benchmark
2025-07-08,Rajasthan,92.26,PPAC-benchmark
2025-07-08,Tamil Nadu,89.8,PPAC-benchmark
2025-07-08,Telangana,93.45,PPAC-benchmark
2025-07-08,Uttar Pradesh,88.12,PPAC-benchmark
2025-07-08,West Bengal,90.54,PPAC-benchmark
2025-07-09,Andhra Pradesh,94.63,PPAC-benchmark
2025-07-09,Delhi,85.7,PPAC-benchmark
2025-07-09,Gujarat,86.37,PPAC-benchmark
2025-07-09,Haryana,88.94,PPAC-benchmark
2025-07-09,Karnataka,91.11,PPAC-benchmark
2025-07-09,Madhya Pradesh,91.42,PPAC-benchmark
2025-07-09,Maharashtra,93.71,PPAC-benchmark
2025-07-09,Punjab,89.47,PPAC-benchmark
2025-07-09,Rajasthan,92.33,PPAC-benchmark
2025-07-09,Tamil Nadu,89.97,PPAC-benchmark
2025-07-09,Telangana,93.42,PPAC-benchmark
2025-07-09,Uttar Pradesh,88.14,PPAC-benchmark
2025-07-09,West Bengal,90.62,PPAC-benchmark
2025-07-10,Andhra Pradesh,94.59,PPAC-benchmark
2025-07-10,Delhi,85.68,PPAC-benchmark
2025-07-10,Gujarat,86.43,PPAC-benchmark
2025-07-10,Haryana,88.97,PPAC-benchmark
2025-07-10,Karnataka,91.11,PPAC-benchmark
2025-07-10,Madhya Pradesh,91.49,PPAC-benchmark
2025-07-10,Maharashtra,93.76,PPAC-benchmark
2025-07-10,Punjab,89.56,PPAC-benchmark
2025-07-10,Rajasthan,92.28,PPAC-benchmark
2025-07-10,Tamil Nadu,89.89,PPAC-benchmark
2025-07-10,Telangana,93.42,PPAC-benchmark
2025-07-10,Uttar Pradesh,88.13,PPAC-benchmark
2025-07-10,West Bengal,90.63,PPAC-benchmark
2025-07-11,Andhra Pradesh,94.55,PPAC-benchmark
2025-07-11,Delhi,85.75,PPAC-benchmark
2025-07-11,Gujarat,86.47,PPAC-benchmark
2025-07-11,Haryana,88.81,PPAC-benchmark
2025-07-11,Karnataka,91.17,PPAC-benchmark
2025-07-11,Madhya Pradesh,91.49,PPAC-benchmark
2025-07-11,Maharashtra,93.78,PPAC-benchmark
2025-07-11,Rajasthan,92.4,PPAC-benchmark
2025-07-11,Tamil Nadu,89.87,PPAC-benchmark
2025-07-11,Uttar Pradesh,88.07,PPAC-benchmark
2025-07-11,West Bengal,90.6,PPAC-benchmark
2025-07-12,Andhra Pradesh,94.7,PPAC-benchmark
2025-07-12,Delhi,85.81,PPAC-benchmark
2025-07-12,Gujarat,86.47,PPAC-benchmark
2025-07-12,Haryana,88.91,PPAC-benchmark
2025-07-12,Karnataka,91.22,PPAC-benchmark
2025-07-12,Madhya Pradesh,91.37,PPAC-benchmark
2025-07-12,Maharashtra,93.75,PPAC-benchmark
2025-07-12,Punjab,89.61,PPAC-benchmark
2025-07-12,Rajasthan,92.4,PPAC-benchmark
2025-07-12,Tamil Nadu,90.1,PPAC-benchmark
2025-07-12,Telangana,93.48,PPAC-benchmark
2025-07-12,Uttar Pradesh,88.2,PPAC-benchmark
2025-07-12,West Bengal,90.66,PPAC-benchmark
2025-07-13,Andhra Pradesh,94.73,PPAC-benchmark
2025-07-13,Delhi,85.88,PPAC-benchmark
2025-07-13,Gujarat,86.51,PPAC-benchmark
2025-07-13,Haryana,89.01,PPAC-benchmark
2025-07-13,Karnataka,91.19,PPAC-benchmark
2025-07-13,Madhya Pradesh,91.42,PPAC-benchmark
2025-07-13,Maharashtra,93.83,PPAC-benchmark
2025-07-13,Punjab,89.67,PPAC-benchmark
2025-07-13,Rajasthan,92.46,PPAC-benchmark
2025-07-13,Tamil Nadu,90.0,PPAC-benchmark
2025-07-13,Telangana,93.54,PPAC-benchmark
2025-07-13,Uttar Pradesh,88.17,PPAC-benchmark
2025-07-13,West Bengal,90.69,PPAC-benchmark
2025-07-14,Andhra Pradesh,94.73,PPAC-benchmark
2025-07-14,Delhi,85.88,PPAC-benchmark
2025-07-14,Gujarat,86.57,PPAC-benchmark
2025-07-14,Haryana,88.99,PPAC-benchmark
2025-07-14,Karnataka,91.22,PPAC-benchmark
2025-07-14,Madhya Pradesh,91.59,PPAC-benchmark
2025-07-14,Maharashtra,93.82,PPAC-benchmark
2025-07-14,Punjab,89.63,PPAC-benchmark
2025-07-14,Rajasthan,92.39,PPAC-benchmark
2025-07-14,Tamil Nadu,90.12,PPAC-benchmark
2025-07-14,Telangana,93.52,PPAC-benchmark
2025-07-14,Uttar Pradesh,88.19,PPAC-benchmark
2025-07-14,West Bengal,90.72,PPAC-benchmark
2025-07-15,Andhra Pradesh,94.8,PPAC-benchmark
2025-07-15,Delhi,85.97,PPAC-benchmark
2025-07-15,Gujarat,86.5,PPAC-benchmark
2025-07-15,Haryana,89.07,PPAC-benchmark
2025-07-15,Karnataka,91.32,PPAC-benchmark
2025-07-15,Madhya Pradesh,91.51,PPAC-benchmark
2025-07-15,Maharashtra,93.82,PPAC-benchmark
2025-07-15,Punjab,89.76,PPAC-benchmark
2025-07-15,Rajasthan,92.41,PPAC-benchmark
2025-07-15,Tamil Nadu,90.12,PPAC-benchmark
2025-07-15,West Bengal,90.76,PPAC-benchmark
2025-07-16,Andhra Pradesh,94.86,PPAC-benchmark
2025-07-16,Delhi,85.94,PPAC-benchmark
2025-07-16,Gujarat,86.66,PPAC-benchmark
2025-07-16,Haryana,89.16,PPAC-benchmark
2025-07-16,Karnataka,91.3,PPAC-benchmark
2025-07-16,Maharashtra,93.93,PPAC-benchmark
2025-07-16,Punjab,89.69,PPAC-benchmark
2025-07-16,Rajasthan,92.56,PPAC-benchmark
2025-07-16,Tamil Nadu,90.15,PPAC-benchmark
2025-07-16,Telangana,93.53,PPAC-benchmark
2025-07-16,Uttar Pradesh,88.42,PPAC-benchmark
2025-07-16,West Bengal,90.78,PPAC-benchmark
2025-07-17,Andhra Pradesh,94.84,PPAC-benchmark
2025-07-17,Delhi,85.91,PPAC-benchmark
2025-07-17,Gujarat,86.67,PPAC-benchmark
2025-07-17,Haryana,89.13,PPAC-benchmark
2025-07-17,Karnataka,91.28,PPAC-benchmark
2025-07-17,Madhya Pradesh,91.62,PPAC-benchmark
2025-07-17,Maharashtra,93.93,PPAC-benchmark
2025-07-17,Punjab,89.71,PPAC-benchmark
2025-07-17,Rajasthan,92.46,PPAC-benchmark
2025-07-17,Tamil Nadu,90.1,PPAC-benchmark
2025-07-17,Telangana,93.65,PPAC-benchmark
2025-07-17,Uttar Pradesh,88.33,PPAC-benchmark
2025-07-17,West Bengal,90.82,PPAC-benchmark
2025-07-18,Andhra Pradesh,94.77,PPAC-benchmark
2025-07-18,Delhi,86.01,PPAC-benchmark
2025-07-18,Gujarat,86.58,PPAC-benchmark
2025-07-18,Haryana,89.08,PPAC-benchmark
2025-07-18,Karnataka,91.3,PPAC-benchmark
2025-07-18,Madhya Pradesh,91.64,PPAC-benchmark
2025-07-18,Rajasthan,92.5,PPAC-benchmark
2025-07-18,Tamil Nadu,90.09,PPAC-benchmark
2025-07-18,Telangana,93.49,PPAC-benchmark
2025-07-18,Uttar Pradesh,88.24,PPAC-benchmark
2025-07-18,West Bengal,90.85,PPAC-benchmark
2025-07-19,Andhra Pradesh,94.84,PPAC-benchmark
2025-07-19,Gujarat,86.6,PPAC-benchmark
2025-07-19,Haryana,89.12,PPAC-benchmark
2025-07-19,Karnataka,91.32,PPAC-benchmark
2025-07-19,Madhya Pradesh,91.71,PPAC-benchmark
2025-07-19,Maharashtra,93.87,PPAC-benchmark
2025-07-19,Punjab,89.82,PPAC-benchmark
2025-07-19,Rajasthan,92.69,PPAC-benchmark
2025-07-19,Tamil Nadu,90.13,PPAC-benchmark
2025-07-19,Telangana,93.67,PPAC-benchmark
2025-07-19,Uttar Pradesh,88.38,PPAC-benchmark
2025-07-19,West Bengal,90.83,PPAC-benchmark
2025-07-20,Andhra Pradesh,94.82,PPAC-benchmark
2025-07-20,Delhi,86.05,PPAC-benchmark
2025-07-20,Gujarat,86.68,PPAC-benchmark
2025-07-20,Haryana,89.24,PPAC-benchmark
2025-07-20,Karnataka,91.33,PPAC-benchmark
2025-07-20,Madhya Pradesh,91.68,PPAC-benchmark
2025-07-20,Maharashtra,94.01,PPAC-benchmark
2025-07-20,Punjab,89.74,PPAC-benchmark
2025-07-20,Rajasthan,92.51,PPAC-benchmark
2025-07-20,Tamil Nadu,90.15,PPAC-benchmark
2025-07-20,Telangana,93.66,PPAC-benchmark
2025-07-20,Uttar Pradesh,88.38,PPAC-benchmark
2025-07-20,West Bengal,90.92,PPAC-benchmark
2025-07-21,Andhra Pradesh,94.93,PPAC-benchmark
2025-07-21,Delhi,85.94,PPAC-benchmark
2025-07-21,Gujarat,86.7,PPAC-benchmark
2025-07-21,Haryana,89.14,PPAC-benchmark
2025-07-21,Karnataka,91.39,PPAC-benchmark
2025-07-21,Madhya Pradesh,91.71,PPAC-benchmark
2025-07-21,Maharashtra,94.02,PPAC-benchmark
2025-07-21,Punjab,89.78,PPAC-benchmark
2025-07-21,Rajasthan,92.56,PPAC-benchmark
2025-07-21,Tamil Nadu,90.15,PPAC-benchmark
2025-07-21,Telangana,93.74,PPAC-benchmark
2025-07-21,Uttar Pradesh,88.43,PPAC-benchmark
2025-07-21,West Bengal,90.88,PPAC-benchmark
2025-07-22,Andhra Pradesh,94.86,PPAC-benchmark
2025-07-22,Delhi,86.0,PPAC-benchmark
2025-07-22,Gujarat,86.68,PPAC-benchmark
2025-07-22,Haryana,89.22,PPAC-benchmark
2025-07-22,Karnataka,91.42,PPAC-benchmark
2025-07-22,Madhya Pradesh,91.61,PPAC-benchmark
2025-07-22,Maharashtra,94.1,PPAC-benchmark
2025-07-22,Punjab,89.76,PPAC-benchmark
2025-07-22,Rajasthan,92.65,PPAC-benchmark
2025-07-22,Tamil Nadu,90.26,PPAC-benchmark
2025-07-22,Telangana,93.77,PPAC-benchmark
2025-07-22,Uttar Pradesh,88.46,PPAC-benchmark
2025-07-22,West Bengal,90.89,PPAC-benchmark
2025-07-23,Andhra Pradesh,94.92,PPAC-benchmark
2025-07-23,Delhi,86.06,PPAC-benchmark
2025-07-23,Gujarat,86.77,PPAC-benchmark
2025-07-23,Haryana,89.2,PPAC-benchmark
2025-07-23,Karnataka,91.49,PPAC-benchmark
2025-07-23,Madhya Pradesh,91.78,PPAC-benchmark
2025-07-23,Maharashtra,94.12,PPAC-benchmark
2025-07-23,Punjab,89.91,PPAC-benchmark
2025-07-23,Rajasthan,92.71,PPAC-benchmark
2025-07-23,Tamil Nadu,90.34,PPAC-benchmark
2025-07-23,Telangana,93.74,PPAC-benchmark
2025-07-23,Uttar Pradesh,88.45,PPAC-benchmark
2025-07-23,West Bengal,90.95,PPAC-benchmark
2025-07-24,Andhra Pradesh,94.84,PPAC-benchmark
2025-07-24,Delhi,86.0,PPAC-benchmark
2025-07-24,Gujarat,86.7,PPAC-benchmark
2025-07-24,Haryana,89.27,PPAC-benchmark
2025-07-24,Karnataka,91.44,PPAC-benchmark
2025-07-24,Maharashtra,94.03,PPAC-benchmark
2025-07-24,Punjab,89.85,PPAC-benchmark
2025-07-24,Rajasthan,92.62,PPAC-benchmark
2025-07-24,Tamil Nadu,90.33,PPAC-benchmark
2025-07-24,Telangana,93.72,PPAC-benchmark
2025-07-24,Uttar Pradesh,88.48,PPAC-benchmark
2025-07-24,West Bengal,91.02,PPAC-benchmark
2025-07-25,Andhra Pradesh,95.06,PPAC-benchmark
2025-07-25,Delhi,86.07,PPAC-benchmark
2025-07-25,Gujarat,86.79,PPAC-benchmark
2025-07-25,Haryana,89.29,PPAC-benchmark
2025-07-25,Karnataka,91.45,PPAC-benchmark
2025-07-25,Madhya Pradesh,91.72,PPAC-benchmark
2025-07-25,Maharashtra,94.12,PPAC-benchmark
2025-07-25,Punjab,89.92,PPAC-benchmark
2025-07-25,Rajasthan,92.68,PPAC-benchmark
2025-07-25,Tamil Nadu,90.29,PPAC-benchmark
2025-07-25,Telangana,93.77,PPAC-benchmark
2025-07-25,Uttar Pradesh,88.53,PPAC-benchmark
2025-07-25,West Bengal,90.94,PPAC-benchmark
2025-07-26,Andhra Pradesh,95.0,PPAC-benchmark
2025-07-26,Delhi,86.12,PPAC-benchmark
2025-07-26,Gujarat,86.8,PPAC-benchmark
2025-07-26,Haryana,89.32,PPAC-benchmark
2025-07-26,Karnataka,91.45,PPAC-benchmark
2025-07-26,Madhya Pradesh,91.76,PPAC-benchmark
2025-07-26,Maharashtra,94.19,PPAC-benchmark
2025-07-26,Punjab,89.88,PPAC-benchmark
2025-07-26,Rajasthan,92.76,PPAC-benchmark
2025-07-26,Tamil Nadu,90.34,PPAC-benchmark
2025-07-26,Telangana,93.81,PPAC-benchmark
2025-07-26,Uttar Pradesh,88.47,PPAC-benchmark
2025-07-26,West Bengal,90.98,PPAC-benchmark
2025-07-27,Andhra Pradesh,94.91,PPAC-benchmark
2025-07-27,Delhi,86.12,PPAC-benchmark
2025-07-27,Gujarat,86.77,PPAC-benchmark
2025-07-27,Haryana,89.22,PPAC-benchmark
2025-07-27,Karnataka,91.54,PPAC-benchmark
2025-07-27,Madhya Pradesh,91.86,PPAC-benchmark
2025-07-27,Maharashtra,94.12,PPAC-benchmark
2025-07-27,Punjab,89.87,PPAC-benchmark
2025-07-27,Rajasthan,92.74,PPAC-benchmark
2025-07-27,Tamil Nadu,90.33,PPAC-benchmark
2025-07-27,Telangana,93.83,PPAC-benchmark
2025-07-27,Uttar Pradesh,88.46,PPAC-benchmark
2025-07-27,West Bengal,91.14,PPAC-benchmark
2025-07-28,Andhra Pradesh,95.05,PPAC-benchmark
2025-07-28,Delhi,86.14,PPAC-benchmark
2025-07-28,Gujarat,86.9,PPAC-benchmark
2025-07-28,Haryana,89.33,PPAC-benchmark
2025-07-28,Karnataka,91.5,PPAC-benchmark
2025-07-28,Madhya Pradesh,91.8,PPAC-benchmark
2025-07-28,Maharashtra,94.05,PPAC-benchmark
2025-07-28,Punjab,89.95,PPAC-benchmark
2025-07-28,Tamil Nadu,90.34,PPAC-benchmark
2025-07-28,Telangana,93.86,PPAC-benchmark
2025-07-28,Uttar Pradesh,88.52,PPAC-benchmark
2025-07-28,West Bengal,91.05,PPAC-benchmark
2025-07-29,Andhra Pradesh,95.04,PPAC-benchmark
2025-07-29,Delhi,86.22,PPAC-benchmark
2025-07-29,Gujarat,86.89,PPAC-benchmark
2025-07-29,Haryana,89.31,PPAC-benchmark
2025-07-29,Karnataka,91.59,PPAC-benchmark
2025-07-29,Madhya Pradesh,91.84,PPAC-benchmark
2025-07-29,Maharashtra,94.06,PPAC-benchmark
2025-07-29,Punjab,89.96,PPAC-benchmark
2025-07-29,Rajasthan,92.69,PPAC-benchmark
2025-07-29,Tamil Nadu,90.38,PPAC-benchmark
2025-07-29,Telangana,93.94,PPAC-benchmark
2025-07-29,Uttar Pradesh,88.49,PPAC-benchmark
2025-07-29,West Bengal,91.15,PPAC-benchmark
2025-07-30,Andhra Pradesh,95.06,PPAC-benchmark
2025-07-30,Delhi,86.18,PPAC-benchmark
2025-07-30,Gujarat,86.83,PPAC-benchmark
2025-07-30,Haryana,89.34,PPAC-benchmark
2025-07-30,Karnataka,91.46,PPAC-benchmark
2025-07-30,Madhya Pradesh,91.83,PPAC-benchmark
2025-07-30,Maharashtra,94.09,PPAC-benchmark
2025-07-30,Punjab,90.0,PPAC-benchmark
2025-07-30,Rajasthan,92.79,PPAC-benchmark
2025-07-30,Tamil Nadu,90.4,PPAC-benchmark
2025-07-30,Uttar Pradesh,88.56,PPAC-benchmark
2025-07-30,West Bengal,91.07,PPAC-benchmark
2025-07-31,Andhra Pradesh,95.15,PPAC-benchmark
2025-07-31,Delhi,86.26,PPAC-benchmark
2025-07-31,Gujarat,87.01,PPAC-benchmark
2025-07-31,Haryana,89.43,PPAC-benchmark
2025-07-31,Madhya Pradesh,91.96,PPAC-benchmark
2025-07-31,Maharashtra,94.17,PPAC-benchmark
2025-07-31,Punjab,90.04,PPAC-benchmark
2025-07-31,Rajasthan,92.83,PPAC-benchmark
2025-07-31,Tamil Nadu,90.48,PPAC-benchmark
2025-07-31,Telangana,94.03,PPAC-benchmark
2025-07-31,Uttar Pradesh,88.6,PPAC-benchmark
2025-07-31,West Bengal,91.11,PPAC-benchmark
2025-08-01,Andhra Pradesh,95.22,PPAC-benchmark
2025-08-01,Delhi,86.33,PPAC-benchmark
2025-08-01,Gujarat,86.93,PPAC-benchmark
2025-08-01,Haryana,89.49,PPAC-benchmark
2025-08-01,Karnataka,91.71,PPAC-benchmark
2025-08-01,Madhya Pradesh,91.98,PPAC-benchmark
2025-08-01,Maharashtra,94.25,PPAC-benchmark
2025-08-01,Punjab,90.11,PPAC-benchmark
2025-08-01,Rajasthan,92.9,PPAC-benchmark
2025-08-01,Tamil Nadu,90.52,PPAC-benchmark
2025-08-01,Telangana,93.98,PPAC-benchmark
2025-08-01,Uttar Pradesh,88.68,PPAC-benchmark
2025-08-01,West Bengal,91.2,PPAC-benchmark
2025-08-02,Andhra Pradesh,95.18,PPAC-benchmark
2025-08-02,Delhi,86.31,PPAC-benchmark
2025-08-02,Gujarat,87.01,PPAC-benchmark
2025-08-02,Haryana,89.5,PPAC-benchmark
2025-08-02,Karnataka,91.64,PPAC-benchmark
2025-08-02,Madhya Pradesh,92.08,PPAC-benchmark
2025-08-02,Maharashtra,94.26,PPAC-benchmark
2025-08-02,Punjab,90.08,PPAC-benchmark
2025-08-02,Rajasthan,92.95,PPAC-benchmark
2025-08-02,Tamil Nadu,90.56,PPAC-benchmark
2025-08-02,Telangana,94.0,PPAC-benchmark
2025-08-02,Uttar Pradesh,88.67,PPAC-benchmark
2025-08-02,West Bengal,91.27,PPAC-benchmark
2025-08-03,Andhra Pradesh,95.23,PPAC-benchmark
2025-08-03,Delhi,86.37,PPAC-benchmark
2025-08-03,Gujarat,87.02,PPAC-benchmark
2025-08-03,Haryana,89.52,PPAC-benchmark
2025-08-03,Karnataka,91.79,PPAC-benchmark
2025-08-03,Madhya Pradesh,92.06,PPAC-benchmark
2025-08-03,Maharashtra,94.35,PPAC-benchmark
2025-08-03,Punjab,90.17,PPAC-benchmark
2025-08-03,Rajasthan,92.92,PPAC-benchmark
2025-08-03,Tamil Nadu,90.45,PPAC-benchmark
2025-08-03,Telangana,94.0,PPAC-benchmark
2025-08-03,Uttar Pradesh,88.76,PPAC-benchmark
2025-08-03,West Bengal,91.2,PPAC-benchmark
2025-08-04,Andhra Pradesh,95.31,PPAC-benchmark
2025-08-04,Delhi,86.28,PPAC-benchmark
2025-08-04,Gujarat,87.01,PPAC-benchmark
2025-08-04,Haryana,89.64,PPAC-benchmark
2025-08-04,Karnataka,91.74,PPAC-benchmark
2025-08-04,Madhya Pradesh,91.99,PPAC-benchmark
2025-08-04,Maharashtra,94.29,PPAC-benchmark
2025-08-04,Punjab,90.14,PPAC-benchmark
2025-08-04,Rajasthan,92.92,PPAC-benchmark
2025-08-04,Telangana,94.1,PPAC-benchmark
2025-08-04,Uttar Pradesh,88.73,PPAC-benchmark
2025-08-04,West Bengal,91.19,PPAC-benchmark
2025-08-05,Andhra Pradesh,95.23,PPAC-benchmark
2025-08-05,Delhi,86.36,PPAC-benchmark
2025-08-05,Gujarat,87.1,PPAC-benchmark
2025-08-05,Haryana,89.61,PPAC-benchmark
2025-08-05,Karnataka,91.87,PPAC-benchmark
2025-08-05,Madhya Pradesh,92.07,PPAC-benchmark
2025-08-05,Maharashtra,94.33,PPAC-benchmark
2025-08-05,Punjab,90.06,PPAC-benchmark
2025-08-05,Rajasthan,92.85,PPAC-benchmark
2025-08-05,Tamil Nadu,90.67,PPAC-benchmark
2025-08-05,Telangana,94.1,PPAC-benchmark
2025-08-05,Uttar Pradesh,88.78,PPAC-benchmark
2025-08-05,West Bengal,91.2,PPAC-benchmark
2025-08-06,Andhra Pradesh,95.23,PPAC-benchmark
2025-08-06,Delhi,86.38,PPAC-benchmark
2025-08-06,Gujarat,87.05,PPAC-benchmark
2025-08-06,Haryana,89.57,PPAC-benchmark
2025-08-06,Karnataka,91.74,PPAC-benchmark
2025-08-06,Madhya Pradesh,92.07,PPAC-benchmark
2025-08-06,Maharashtra,94.35,PPAC-benchmark
2025-08-06,Punjab,90.22,PPAC-benchmark
2025-08-06,Rajasthan,93.01,PPAC-benchmark
2025-08-06,Tamil Nadu,90.64,PPAC-benchmark
2025-08-06,Telangana,94.06,PPAC-benchmark
2025-08-06,Uttar Pradesh,88.83,PPAC-benchmark
2025-08-06,West Bengal,91.27,PPAC-benchmark
2025-08-07,Andhra Pradesh,95.35,PPAC-benchmark
2025-08-07,Delhi,86.45,PPAC-benchmark
2025-08-07,Gujarat,87.15,PPAC-benchmark
2025-08-07,Haryana,89.64,PPAC-benchmark
2025-08-07,Karnataka,91.77,PPAC-benchmark
2025-08-07,Madhya Pradesh,92.07,PPAC-benchmark
2025-08-07,Maharashtra,94.35,PPAC-benchmark
2025-08-07,Punjab,90.21,PPAC-benchmark
2025-08-07,Rajasthan,92.99,PPAC-benchmark
2025-08-07,Tamil Nadu,90.58,PPAC-benchmark
2025-08-07,Telangana,94.04,PPAC-benchmark
2025-08-07,Uttar Pradesh,88.73,PPAC-benchmark
2025-08-07,West Bengal,91.31,PPAC-benchmark
2025-08-08,Andhra Pradesh,95.37,PPAC-benchmark
2025-08-08,Delhi,86.34,PPAC-benchmark
2025-08-08,Gujarat,87.12,PPAC-benchmark
2025-08-08,Haryana,89.67,PPAC-benchmark
2025-08-08,Karnataka,91.87,PPAC-benchmark
2025-08-08,Maharashtra,94.3,PPAC-benchmark
2025-08-08,Punjab,90.12,PPAC-benchmark
2025-08-08,Rajasthan,92.95,PPAC-benchmark
2025-08-08,Tamil Nadu,90.63,PPAC-benchmark
2025-08-08,Uttar Pradesh,88.86,PPAC-benchmark
2025-08-08,West Bengal,91.38,PPAC-benchmark
2025-08-09,Andhra Pradesh,95.26,PPAC-benchmark
2025-08-09,Delhi,86.39,PPAC-benchmark
2025-08-09,Gujarat,87.1,PPAC-benchmark
2025-08-09,Haryana,89.63,PPAC-benchmark
2025-08-09,Karnataka,91.8,PPAC-benchmark
2025-08-09,Madhya Pradesh,92.13,PPAC-benchmark
2025-08-09,Maharashtra,94.43,PPAC-benchmark
2025-08-09,Punjab,90.11,PPAC-benchmark
2025-08-09,Rajasthan,92.96,PPAC-benchmark
2025-08-09,Tamil Nadu,90.57,PPAC-benchmark
2025-08-09,Telangana,94.12,PPAC-benchmark
2025-08-09,Uttar Pradesh,88.82,PPAC-benchmark
2025-08-09,West Bengal,91.28,PPAC-benchmark
2025-08-10,Andhra Pradesh,95.27,PPAC-benchmark
2025-08-10,Delhi,86.36,PPAC-benchmark
2025-08-10,Gujarat,87.18,PPAC-benchmark
2025-08-10,Haryana,89.59,PPAC-benchmark
2025-08-10,Karnataka,91.85,PPAC-benchmark
2025-08-10,Madhya Pradesh,92.11,PPAC-benchmark
2025-08-10,Maharashtra,94.45,PPAC-benchmark
2025-08-10,Punjab,90.24,PPAC-benchmark
2025-08-10,Rajasthan,93.09,PPAC-benchmark
2025-08-10,Tamil Nadu,90.58,PPAC-benchmark
2025-08-10,Telangana,94.1,PPAC-benchmark
2025-08-10,Uttar Pradesh,88.89,PPAC-benchmark
2025-08-10,West Bengal,91.33,PPAC-benchmark
2025-08-11,Andhra Pradesh,95.28,PPAC-benchmark
2025-08-11,Delhi,86.34,PPAC-benchmark
2025-08-11,Gujarat,87.12,PPAC-benchmark
2025-08-11,Haryana,89.63,PPAC-benchmark
2025-08-11,Karnataka,91.76,PPAC-benchmark
2025-08-11,Madhya Pradesh,92.11,PPAC-benchmark
2025-08-11,Punjab,90.18,PPAC-benchmark
2025-08-11,Rajasthan,93.05,PPAC-benchmark
2025-08-11,Tamil Nadu,90.55,PPAC-benchmark
2025-08-11,Telangana,94.18,PPAC-benchmark
2025-08-11,Uttar Pradesh,88.87,PPAC-benchmark
2025-08-11,West Bengal,91.25,PPAC-benchmark
2025-08-12,Andhra Pradesh,95.37,PPAC-benchmark
2025-08-12,Delhi,86.52,PPAC-benchmark
2025-08-12,Haryana,89.7,PPAC-benchmark
2025-08-12,Karnataka,91.94,PPAC-benchmark
2025-08-12,Madhya Pradesh,92.13,PPAC-benchmark
2025-08-12,Maharashtra,94.55,PPAC-benchmark
2025-08-12,Punjab,90.18,PPAC-benchmark
2025-08-12,Rajasthan,93.06,PPAC-benchmark
2025-08-12,Tamil Nadu,90.66,PPAC-benchmark
2025-08-12,Telangana,94.17,PPAC-benchmark
2025-08-12,West Bengal,91.33,PPAC-benchmark
2025-08-13,Andhra Pradesh,95.37,PPAC-benchmark
2025-08-13,Delhi,86.51,PPAC-benchmark
2025-08-13,Gujarat,87.1,PPAC-benchmark
2025-08-13,Haryana,89.75,PPAC-benchmark
2025-08-13,Karnataka,91.89,PPAC-benchmark
2025-08-13,Madhya Pradesh,92.14,PPAC-benchmark
2025-08-13,Maharashtra,94.48,PPAC-benchmark
2025-08-13,Punjab,90.2,PPAC-benchmark
2025-08-13,Rajasthan,93.05,PPAC-benchmark
2025-08-13,Telangana,94.2,PPAC-benchmark
2025-08-13,Uttar Pradesh,88.91,PPAC-benchmark
2025-08-13,West Bengal,91.3,PPAC-benchmark
2025-08-14,Andhra Pradesh,95.39,PPAC-benchmark
2025-08-14,Delhi,86.51,PPAC-benchmark
2025-08-14,Gujarat,87.13,PPAC-benchmark
2025-08-14,Haryana,89.63,PPAC-benchmark
2025-08-14,Karnataka,91.83,PPAC-benchmark
2025-08-14,Madhya Pradesh,92.19,PPAC-benchmark
2025-08-14,Maharashtra,94.53,PPAC-benchmark
2025-08-14,Punjab,90.27,PPAC-benchmark
2025-08-14,Rajasthan,93.06,PPAC-benchmark
2025-08-14,Tamil Nadu,90.59,PPAC-benchmark
2025-08-14,Telangana,94.13,PPAC-benchmark
2025-08-14,Uttar Pradesh,88.97,PPAC-benchmark
2025-08-14,West Bengal,91.47,PPAC-benchmark
2025-08-15,Andhra Pradesh,95.43,PPAC-benchmark
2025-08-15,Delhi,86.38,PPAC-benchmark
2025-08-15,Gujarat,87.11,PPAC-benchmark
2025-08-15,Haryana,89.64,PPAC-benchmark
2025-08-15,Karnataka,91.84,PPAC-benchmark
2025-08-15,Madhya Pradesh,92.22,PPAC-benchmark
2025-08-15,Maharashtra,94.5,PPAC-benchmark
2025-08-15,Punjab,90.28,PPAC-benchmark
2025-08-15,Rajasthan,93.06,PPAC-benchmark
2025-08-15,Tamil Nadu,90.67,PPAC-benchmark
2025-08-15,Telangana,94.16,PPAC-benchmark
2025-08-15,Uttar Pradesh,88.96,PPAC-benchmark
2025-08-15,West Bengal,91.41,PPAC-benchmark
2025-08-16,Andhra Pradesh,95.49,PPAC-benchmark
2025-08-16,Delhi,86.54,PPAC-benchmark
2025-08-16,Gujarat,87.24,PPAC-benchmark
2025-08-16,Haryana,89.72,PPAC-benchmark
2025-08-16,Karnataka,91.87,PPAC-benchmark
2025-08-16,Madhya Pradesh,92.19,PPAC-benchmark
2025-08-16,Maharashtra,94.47,PPAC-benchmark
2025-08-16,Punjab,90.32,PPAC-benchmark
2025-08-16,Rajasthan,93.07,PPAC-benchmark
2025-08-16,Tamil Nadu,90.75,PPAC-benchmark
2025-08-16,Telangana,94.17,PPAC-benchmark
2025-08-16,Uttar Pradesh,88.92,PPAC-benchmark
2025-08-16,West Bengal,91.34,PPAC-benchmark
2025-08-17,Andhra Pradesh,95.38,PPAC-benchmark
2025-08-17,Gujarat,87.16,PPAC-benchmark
2025-08-17,Haryana,89.71,PPAC-benchmark
2025-08-17,Karnataka,91.92,PPAC-benchmark
2025-08-17,Madhya Pradesh,92.25,PPAC-benchmark
2025-08-17,Maharashtra,94.49,PPAC-benchmark
2025-08-17,Punjab,90.29,PPAC-benchmark
2025-08-17,Rajasthan,92.98,PPAC-benchmark
2025-08-17,Tamil Nadu,90.59,PPAC-benchmark
2025-08-17,Telangana,94.21,PPAC-benchmark
2025-08-17,Uttar Pradesh,88.92,PPAC-benchmark
2025-08-17,West Bengal,91.38,PPAC-benchmark
2025-08-18,Andhra Pradesh,95.33,PPAC-benchmark
2025-08-18,Delhi,86.57,PPAC-benchmark
2025-08-18,Gujarat,87.18,PPAC-benchmark
2025-08-18,Haryana,89.71,PPAC-benchmark
2025-08-18,Karnataka,91.93,PPAC-benchmark
2025-08-18,Madhya Pradesh,92.21,PPAC-benchmark
2025-08-18,Maharashtra,94.52,PPAC-benchmark
2025-08-18,Punjab,90.3,PPAC-benchmark
2025-08-18,Rajasthan,93.09,PPAC-benchmark
2025-08-18,Tamil Nadu,90.71,PPAC-benchmark
2025-08-18,Telangana,94.23,PPAC-benchmark
2025-08-18,Uttar Pradesh,88.91,PPAC-benchmark
2025-08-18,West Bengal,91.54,PPAC-benchmark
2025-08-19,Andhra Pradesh,95.46,PPAC-benchmark
2025-08-19,Delhi,86.54,PPAC-benchmark
2025-08-19,Gujarat,87.19,PPAC-benchmark
2025-08-19,Haryana,89.67,PPAC-benchmark
2025-08-19,Karnataka,91.91,PPAC-benchmark
2025-08-19,Madhya Pradesh,92.16,PPAC-benchmark
2025-08-19,Maharashtra,94.48,PPAC-benchmark
2025-08-19,Punjab,90.29,PPAC-benchmark
2025-08-19,Rajasthan,93.04,PPAC-benchmark
2025-08-19,Tamil Nadu,90.78,PPAC-benchmark
2025-08-19,Telangana,94.23,PPAC-benchmark
2025-08-19,Uttar Pradesh,88.96,PPAC-benchmark
2025-08-19,West Bengal,91.47,PPAC-benchmark
2025-08-20,Andhra Pradesh,95.46,PPAC-benchmark
2025-08-20,Delhi,86.52,PPAC-benchmark
2025-08-20,Gujarat,87.23,PPAC-benchmark
2025-08-20,Haryana,89.69,PPAC-benchmark
2025-08-20,Karnataka,91.89,PPAC-benchmark
2025-08-20,Madhya Pradesh,92.19,PPAC-benchmark
2025-08-20,Maharashtra,94.55,PPAC-benchmark
2025-08-20,Punjab,90.32,PPAC-benchmark
2025-08-20,Rajasthan,93.24,PPAC-benchmark
2025-08-20,Telangana,94.22,PPAC-benchmark
2025-08-20,Uttar Pradesh,88.96,PPAC-benchmark
2025-08-20,West Bengal,91.34,PPAC-benchmark
2025-08-21,Andhra Pradesh,95.44,PPAC-benchmark
2025-08-21,Delhi,86.54,PPAC-benchmark
2025-08-21,Gujarat,87.15,PPAC-benchmark
2025-08-21,Haryana,89.78,PPAC-benchmark
2025-08-21,Karnataka,91.9,PPAC-benchmark
2025-08-21,Madhya Pradesh,92.19,PPAC-benchmark
2025-08-21,Maharashtra,94.54,PPAC-benchmark
2025-08-21,Punjab,90.36,PPAC-benchmark
2025-08-21,Rajasthan,93.11,PPAC-benchmark
2025-08-21,Tamil Nadu,90.77,PPAC-benchmark
2025-08-21,Telangana,94.27,PPAC-benchmark
2025-08-21,Uttar Pradesh,88.88,PPAC-benchmark
2025-08-21,West Bengal,91.42,PPAC-benchmark
2025-08-22,Andhra Pradesh,95.46,PPAC-benchmark
2025-08-22,Delhi,86.55,PPAC-benchmark
2025-08-22,Gujarat,87.21,PPAC-benchmark
2025-08-22,Haryana,89.79,PPAC-benchmark
2025-08-22,Karnataka,91.96,PPAC-benchmark
2025-08-22,Madhya Pradesh,92.34,PPAC-benchmark
2025-08-22,Maharashtra,94.56,PPAC-benchmark
2025-08-22,Punjab,90.34,PPAC-benchmark
2025-08-22,Rajasthan,93.1,PPAC-benchmark
2025-08-22,Tamil Nadu,90.71,PPAC-benchmark
2025-08-22,Telangana,94.22,PPAC-benchmark
2025-08-22,Uttar Pradesh,88.96,PPAC-benchmark
2025-08-22,West Bengal,91.44,PPAC-benchmark
2025-08-23,Andhra Pradesh,95.47,PPAC-benchmark
2025-08-23,Delhi,86.59,PPAC-benchmark
2025-08-23,Gujarat,87.38,PPAC-benchmark
2025-08-23,Haryana,89.77,PPAC-benchmark
2025-08-23,Karnataka,92.05,PPAC-benchmark
2025-08-23,Madhya Pradesh,92.27,PPAC-benchmark
2025-08-23,Maharashtra,94.63,PPAC-benchmark
2025-08-23,Punjab,90.42,PPAC-benchmark
2025-08-23,Rajasthan,93.15,PPAC-benchmark
2025-08-23,Tamil Nadu,90.65,PPAC-benchmark
2025-08-23,Telangana,94.32,PPAC-benchmark
2025-08-23,Uttar Pradesh,88.99,PPAC-benchmark
2025-08-23,West Bengal,91.45,PPAC-benchmark
2025-08-24,Andhra Pradesh,95.39,PPAC-benchmark
2025-08-24,Delhi,86.62,PPAC-benchmark
2025-08-24,Gujarat,87.27,PPAC-benchmark
2025-08-24,Haryana,89.77,PPAC-benchmark
2025-08-24,Karnataka,92.07,PPAC-benchmark
2025-08-24,Madhya Pradesh,92.34,PPAC-benchmark
2025-08-24,Maharashtra,94.56,PPAC-benchmark
2025-08-24,Punjab,90.32,PPAC-benchmark
2025-08-24,Rajasthan,93.19,PPAC-benchmark
2025-08-24,Tamil Nadu,90.73,PPAC-benchmark
2025-08-24,Telangana,94.37,PPAC-benchmark
2025-08-24,Uttar Pradesh,88.93,PPAC-benchmark
2025-08-24,West Bengal,91.41,PPAC-benchmark
2025-08-25,Andhra Pradesh,95.43,PPAC-benchmark
2025-08-25,Delhi,86.56,PPAC-benchmark
2025-08-25,Gujarat,87.29,PPAC-benchmark
2025-08-25,Haryana,89.82,PPAC-benchmark
2025-08-25,Karnataka,91.92,PPAC-benchmark
2025-08-25,Madhya Pradesh,92.31,PPAC-benchmark
2025-08-25,Maharashtra,94.57,PPAC-benchmark
2025-08-25,Rajasthan,93.16,PPAC-benchmark
2025-08-25,Tamil Nadu,90.8,PPAC-benchmark
2025-08-25,Telangana,94.24,PPAC-benchmark
2025-08-25,Uttar Pradesh,89.12,PPAC-benchmark
2025-08-25,West Bengal,91.55,PPAC-benchmark
2025-08-26,Andhra Pradesh,95.54,PPAC-benchmark
2025-08-26,Delhi,86.59,PPAC-benchmark
2025-08-26,Gujarat,87.26,PPAC-benchmark
2025-08-26,Karnataka,91.95,PPAC-benchmark
2025-08-26,Madhya Pradesh,92.26,PPAC-benchmark
2025-08-26,Maharashtra,94.52,PPAC-benchmark
2025-08-26,Punjab,90.36,PPAC-benchmark
2025-08-26,Rajasthan,93.21,PPAC-benchmark
2025-08-26,Tamil Nadu,90.77,PPAC-benchmark
2025-08-26,Telangana,94.27,PPAC-benchmark
2025-08-26,Uttar Pradesh,88.97,PPAC-benchmark
2025-08-26,West Bengal,91.46,PPAC-benchmark
2025-08-27,Andhra Pradesh,95.48,PPAC-benchmark
2025-08-27,Delhi,86.56,PPAC-benchmark
2025-08-27,Gujarat,87.22,PPAC-benchmark
2025-08-27,Haryana,89.8,PPAC-benchmark
2025-08-27,Karnataka,91.88,PPAC-benchmark
2025-08-27,Madhya Pradesh,92.22,PPAC-benchmark
2025-08-27,Maharashtra,94.54,PPAC-benchmark
2025-08-27,Punjab,90.29,PPAC-benchmark
2025-08-27,Rajasthan,93.18,PPAC-benchmark
2025-08-27,Tamil Nadu,90.66,PPAC-benchmark
2025-08-27,Telangana,94.23,PPAC-benchmark
2025-08-27,Uttar Pradesh,88.97,PPAC-benchmark
2025-08-27,West Bengal,91.4,PPAC-benchmark
2025-08-28,Andhra Pradesh,95.41,PPAC-benchmark
2025-08-28,Delhi,86.56,PPAC-benchmark
2025-08-28,Gujarat,87.23,PPAC-benchmark
2025-08-28,Haryana,89.78,PPAC-benchmark
2025-08-28,Madhya Pradesh,92.26,PPAC-benchmark
2025-08-28,Maharashtra,94.6,PPAC-benchmark
2025-08-28,Punjab,90.3,PPAC-benchmark
2025-08-28,Rajasthan,93.1,PPAC-benchmark
2025-08-28,Tamil Nadu,90.77,PPAC-benchmark
2025-08-28,Telangana,94.29,PPAC-benchmark
2025-08-28,Uttar Pradesh,89.0,PPAC-benchmark
2025-08-28,West Bengal,91.44,PPAC-benchmark
2025-08-29,Andhra Pradesh,95.45,PPAC-benchmark
2025-08-29,Delhi,86.56,PPAC-benchmark
2025-08-29,Gujarat,87.19,PPAC-benchmark
2025-08-29,Karnataka,92.0,PPAC-benchmark
2025-08-29,Madhya Pradesh,92.27,PPAC-benchmark
2025-08-29,Maharashtra,94.56,PPAC-benchmark
2025-08-29,Punjab,90.41,PPAC-benchmark
2025-08-29,Rajasthan,93.11,PPAC-benchmark
2025-08-29,Tamil Nadu,90.74,PPAC-benchmark
2025-08-29,Telangana,94.19,PPAC-benchmark
2025-08-29,Uttar Pradesh,88.9,PPAC-benchmark
2025-08-29,West Bengal,91.4,PPAC-benchmark
2025-08-30,Andhra Pradesh,95.4,PPAC-benchmark
2025-08-30,Delhi,86.57,PPAC-benchmark
2025-08-30,Gujarat,87.23,PPAC-benchmark
2025-08-30,Haryana,89.73,PPAC-benchmark
2025-08-30,Karnataka,91.91,PPAC-benchmark
2025-08-30,Madhya Pradesh,92.27,PPAC-benchmark
2025-08-30,Maharashtra,94.49,PPAC-benchmark
2025-08-30,Punjab,90.36,PPAC-benchmark
2025-08-30,Rajasthan,93.11,PPAC-benchmark
2025-08-30,Tamil Nadu,90.8,PPAC-benchmark
2025-08-30,Telangana,94.27,PPAC-benchmark
2025-08-30,Uttar Pradesh,88.88,PPAC-benchmark
2025-08-30,West Bengal,91.47,PPAC-benchmark
2025-08-31,Andhra Pradesh,95.41,PPAC-benchmark
2025-08-31,Delhi,86.54,PPAC-benchmark
2025-08-31,Gujarat,87.15,PPAC-benchmark
2025-08-31,Haryana,89.7,PPAC-benchmark
2025-08-31,Karnataka,91.95,PPAC-benchmark
2025-08-31,Madhya Pradesh,92.2,PPAC-benchmark
2025-08-31,Maharashtra,94.55,PPAC-benchmark
2025-08-31,Punjab,90.41,PPAC-benchmark
2025-08-31,Rajasthan,93.08,PPAC-benchmark
2025-08-31,Tamil Nadu,90.75,PPAC-benchmark
2025-08-31,Telangana,94.22,PPAC-benchmark
2025-08-31,Uttar Pradesh,88.95,PPAC-benchmark
2025-08-31,West Bengal,91.57,PPAC-benchmark
2025-09-01,Andhra Pradesh,95.37,PPAC-benchmark
2025-09-01,Delhi,86.54,PPAC-benchmark
2025-09-01,Gujarat,87.18,PPAC-benchmark
2025-09-01,Haryana,89.82,PPAC-benchmark
2025-09-01,Karnataka,91.91,PPAC-benchmark
2025-09-01,Madhya Pradesh,92.28,PPAC-benchmark
2025-09-01,Maharashtra,94.54,PPAC-benchmark
2025-09-01,Punjab,90.32,PPAC-benchmark
2025-09-01,Rajasthan,93.11,PPAC-benchmark
2025-09-01,Tamil Nadu,90.74,PPAC-benchmark
2025-09-01,Telangana,94.26,PPAC-benchmark
2025-09-01,Uttar Pradesh,88.91,PPAC-benchmark
2025-09-01,West Bengal,91.44,PPAC-benchmark
2025-09-02,Delhi,86.44,PPAC-benchmark
2025-09-02,Gujarat,87.31,PPAC-benchmark
2025-09-02,Haryana,89.71,PPAC-benchmark
2025-09-02,Karnataka,91.95,PPAC-benchmark
2025-09-02,Madhya Pradesh,92.23,PPAC-benchmark
2025-09-02,Maharashtra,94.52,PPAC-benchmark
2025-09-02,Punjab,90.35,PPAC-benchmark
2025-09-02,Rajasthan,93.17,PPAC-benchmark
2025-09-02,Tamil Nadu,90.82,PPAC-benchmark
2025-09-02,Telangana,94.32,PPAC-benchmark
2025-09-02,Uttar Pradesh,89.0,PPAC-benchmark
2025-09-02,West Bengal,91.44,PPAC-benchmark
2025-09-03,Andhra Pradesh,95.53,PPAC-benchmark
2025-09-03,Delhi,86.5,PPAC-benchmark
2025-09-03,Gujarat,87.21,PPAC-benchmark
2025-09-03,Haryana,89.75,PPAC-benchmark
2025-09-03,Karnataka,91.96,PPAC-benchmark
2025-09-03,Madhya Pradesh,92.23,PPAC-benchmark
2025-09-03,Maharashtra,94.58,PPAC-benchmark
2025-09-03,Punjab,90.36,PPAC-benchmark
2025-09-03,Rajasthan,93.1,PPAC-benchmark
2025-09-03,Tamil Nadu,90.82,PPAC-benchmark
2025-09-03,Telangana,94.32,PPAC-benchmark
2025-09-03,Uttar Pradesh,88.95,PPAC-benchmark
2025-09-03,West Bengal,91.43,PPAC-benchmark
2025-09-04,Andhra Pradesh,95.39,PPAC-benchmark
2025-09-04,Delhi,86.65,PPAC-benchmark
2025-09-04,Gujarat,87.36,PPAC-benchmark
2025-09-04,Haryana,89.67,PPAC-benchmark
2025-09-04,Karnataka,91.9,PPAC-benchmark
2025-09-04,Madhya Pradesh,92.28,PPAC-benchmark
2025-09-04,Maharashtra,94.5,PPAC-benchmark
2025-09-04,Punjab,90.35,PPAC-benchmark
2025-09-04,Rajasthan,93.21,PPAC-benchmark
2025-09-04,Tamil Nadu,90.77,PPAC-benchmark
2025-09-04,Telangana,94.29,PPAC-benchmark
2025-09-04,Uttar Pradesh,88.96,PPAC-benchmark
2025-09-04,West Bengal,91.48,PPAC-benchmark
2025-09-05,Andhra Pradesh,95.43,PPAC-benchmark
2025-09-05,Delhi,86.54,PPAC-benchmark
2025-09-05,Gujarat,87.21,PPAC-benchmark
2025-09-05,Haryana,89.65,PPAC-benchmark
2025-09-05,Karnataka,91.93,PPAC-benchmark
2025-09-05,Madhya Pradesh,92.17,PPAC-benchmark
2025-09-05,Maharashtra,94.52,PPAC-benchmark
2025-09-05,Rajasthan,93.2,PPAC-benchmark
2025-09-05,Tamil Nadu,90.76,PPAC-benchmark
2025-09-05,Telangana,94.25,PPAC-benchmark
2025-09-05,Uttar Pradesh,88.96,PPAC-benchmark
2025-09-05,West Bengal,91.44,PPAC-benchmark
2025-09-06,Andhra Pradesh,95.46,PPAC-benchmark
2025-09-06,Delhi,86.52,PPAC-benchmark
2025-09-06,Gujarat,87.24,PPAC-benchmark
2025-09-06,Haryana,89.74,PPAC-benchmark
2025-09-06,Karnataka,91.99,PPAC-benchmark
2025-09-06,Madhya Pradesh,92.18,PPAC-benchmark
2025-09-06,Maharashtra,94.52,PPAC-benchmark
2025-09-06,Punjab,90.35,PPAC-benchmark
2025-09-06,Rajasthan,93.07,PPAC-benchmark
2025-09-06,Tamil Nadu,90.79,PPAC-benchmark
2025-09-06,Telangana,94.12,PPAC-benchmark
2025-09-06,Uttar Pradesh,88.99,PPAC-benchmark
2025-09-06,West Bengal,91.45,PPAC-benchmark
2025-09-07,Andhra Pradesh,95.57,PPAC-benchmark
2025-09-07,Delhi,86.64,PPAC-benchmark
2025-09-07,Gujarat,87.31,PPAC-benchmark
2025-09-07,Haryana,89.85,PPAC-benchmark
2025-09-07,Karnataka,92.04,PPAC-benchmark
2025-09-07,Madhya Pradesh,92.19,PPAC-benchmark
2025-09-07,Maharashtra,94.56,PPAC-benchmark
2025-09-07,Punjab,90.4,PPAC-benchmark
2025-09-07,Rajasthan,93.23,PPAC-benchmark
2025-09-07,Tamil Nadu,90.75,PPAC-benchmark
2025-09-07,Telangana,94.2,PPAC-benchmark
2025-09-07,Uttar Pradesh,88.93,PPAC-benchmark
2025-09-07,West Bengal,91.5,PPAC-benchmark
2025-09-08,Andhra Pradesh,95.48,PPAC-benchmark
2025-09-08,Delhi,86.56,PPAC-benchmark
2025-09-08,Gujarat,87.23,PPAC-benchmark
2025-09-08,Haryana,89.82,PPAC-benchmark
2025-09-08,Karnataka,92.0,PPAC-benchmark
2025-09-08,Madhya Pradesh,92.31,PPAC-benchmark
2025-09-08,Maharashtra,94.51,PPAC-benchmark
2025-09-08,Punjab,90.37,PPAC-benchmark
2025-09-08,Rajasthan,93.19,PPAC-benchmark
2025-09-08,Tamil Nadu,90.79,PPAC-benchmark
2025-09-08,Telangana,94.32,PPAC-benchmark
2025-09-08,Uttar Pradesh,89.01,PPAC-benchmark
2025-09-08,West Bengal,91.52,PPAC-benchmark
2025-09-09,Andhra Pradesh,95.55,PPAC-benchmark
2025-09-09,Delhi,86.55,PPAC-benchmark
2025-09-09,Gujarat,87.32,PPAC-benchmark
2025-09-09,Haryana,89.77,PPAC-benchmark
2025-09-09,Karnataka,92.0,PPAC-benchmark
2025-09-09,Madhya Pradesh,92.25,PPAC-benchmark
2025-09-09,Maharashtra,94.59,PPAC-benchmark
2025-09-09,Punjab,90.31,PPAC-benchmark
2025-09-09,Rajasthan,93.32,PPAC-benchmark
2025-09-09,Tamil Nadu,90.71,PPAC-benchmark
2025-09-09,Telangana,94.29,PPAC-benchmark
2025-09-09,Uttar Pradesh,89.02,PPAC-benchmark
2025-09-09,West Bengal,91.49,PPAC-benchmark
2025-09-10,Andhra Pradesh,95.49,PPAC-benchmark
2025-09-10,Gujarat,87.21,PPAC-benchmark
2025-09-10,Haryana,89.73,PPAC-benchmark
2025-09-10,Karnataka,92.01,PPAC-benchmark
2025-09-10,Madhya Pradesh,92.14,PPAC-benchmark
2025-09-10,Maharashtra,94.51,PPAC-benchmark
2025-09-10,Punjab,90.38,PPAC-benchmark
2025-09-10,Rajasthan,93.1,PPAC-benchmark
2025-09-10,Tamil Nadu,90.77,PPAC-benchmark
2025-09-10,Telangana,94.26,PPAC-benchmark
2025-09-10,Uttar Pradesh,88.96,PPAC-benchmark
2025-09-10,West Bengal,91.41,PPAC-benchmark
2025-09-11,Andhra Pradesh,95.54,PPAC-benchmark
2025-09-11,Delhi,86.58,PPAC-benchmark
2025-09-11,Gujarat,87.27,PPAC-benchmark
2025-09-11,Haryana,89.82,PPAC-benchmark
2025-09-11,Karnataka,91.95,PPAC-benchmark
2025-09-11,Madhya Pradesh,92.24,PPAC-benchmark
2025-09-11,Maharashtra,94.65,PPAC-benchmark
2025-09-11,Punjab,90.37,PPAC-benchmark
2025-09-11,Rajasthan,93.24,PPAC-benchmark
2025-09-11,Tamil Nadu,90.82,PPAC-benchmark
2025-09-11,Telangana,94.29,PPAC-benchmark
2025-09-11,Uttar Pradesh,88.93,PPAC-benchmark
2025-09-11,West Bengal,91.53,PPAC-benchmark
2025-09-12,Andhra Pradesh,95.5,PPAC-benchmark
2025-09-12,Delhi,86.59,PPAC-benchmark
2025-09-12,Gujarat,87.29,PPAC-benchmark
2025-09-12,Haryana,89.79,PPAC-benchmark
2025-09-12,Karnataka,92.0,PPAC-benchmark
2025-09-12,Madhya Pradesh,92.28,PPAC-benchmark
2025-09-12,Maharashtra,94.59,PPAC-benchmark
2025-09-12,Punjab,90.39,PPAC-benchmark
2025-09-12,Rajasthan,93.24,PPAC-benchmark
2025-09-12,Tamil Nadu,90.84,PPAC-benchmark
2025-09-12,Telangana,94.21,PPAC-benchmark
2025-09-12,Uttar Pradesh,89.05,PPAC-benchmark
2025-09-12,West Bengal,91.45,PPAC-benchmark
2025-09-13,Andhra Pradesh,95.54,PPAC-benchmark
2025-09-13,Delhi,86.48,PPAC-benchmark
2025-09-13,Gujarat,87.28,PPAC-benchmark
2025-09-13,Haryana,89.91,PPAC-benchmark
2025-09-13,Karnataka,91.98,PPAC-benchmark
2025-09-13,Madhya Pradesh,92.32,PPAC-benchmark
2025-09-13,Maharashtra,94.55,PPAC-benchmark
2025-09-13,Punjab,90.3,PPAC-benchmark
2025-09-13,Rajasthan,93.23,PPAC-benchmark
2025-09-13,Tamil Nadu,90.75,PPAC-benchmark
2025-09-13,Telangana,94.32,PPAC-benchmark
2025-09-13,Uttar Pradesh,89.03,PPAC-benchmark
2025-09-13,West Bengal,91.51,PPAC-benchmark
2025-09-14,Andhra Pradesh,95.54,PPAC-benchmark
2025-09-14,Delhi,86.59,PPAC-benchmark
2025-09-14,Gujarat,87.34,PPAC-benchmark
2025-09-14,Haryana,89.76,PPAC-benchmark
2025-09-14,Karnataka,91.98,PPAC-benchmark
2025-09-14,Maharashtra,94.6,PPAC-benchmark
2025-09-14,Punjab,90.42,PPAC-benchmark
2025-09-14,Rajasthan,93.22,PPAC-benchmark
2025-09-14,Tamil Nadu,90.76,PPAC-benchmark
2025-09-14,Telangana,94.25,PPAC-benchmark
2025-09-14,Uttar Pradesh,88.99,PPAC-benchmark
2025-09-14,West Bengal,91.5,PPAC-benchmark
2025-09-15,Andhra Pradesh,95.56,PPAC-benchmark
2025-09-15,Delhi,86.55,PPAC-benchmark
2025-09-15,Gujarat,87.18,PPAC-benchmark
2025-09-15,Haryana,89.76,PPAC-benchmark
2025-09-15,Madhya Pradesh,92.28,PPAC-benchmark
2025-09-15,Maharashtra,94.62,PPAC-benchmark
2025-09-15,Punjab,90.36,PPAC-benchmark
2025-09-15,Rajasthan,93.21,PPAC-benchmark
2025-09-15,Tamil Nadu,90.87,PPAC-benchmark
2025-09-15,Telangana,94.31,PPAC-benchmark
2025-09-15,Uttar Pradesh,89.07,PPAC-benchmark
2025-09-15,West Bengal,91.49,PPAC-benchmark
2025-09-16,Andhra Pradesh,95.48,PPAC-benchmark
2025-09-16,Delhi,86.6,PPAC-benchmark
2025-09-16,Gujarat,87.25,PPAC-benchmark
2025-09-16,Haryana,89.75,PPAC-benchmark
2025-09-16,Karnataka,92.06,PPAC-benchmark
2025-09-16,Madhya Pradesh,92.36,PPAC-benchmark
2025-09-16,Maharashtra,94.58,PPAC-benchmark
2025-09-16,Punjab,90.49,PPAC-benchmark
2025-09-16,Rajasthan,93.14,PPAC-benchmark
2025-09-16,Tamil Nadu,90.8,PPAC-benchmark
2025-09-16,Telangana,94.32,PPAC-benchmark
2025-09-16,Uttar Pradesh,89.06,PPAC-benchmark
2025-09-16,West Bengal,91.48,PPAC-benchmark
2025-09-17,Andhra Pradesh,95.42,PPAC-benchmark
2025-09-17,Delhi,86.51,PPAC-benchmark
2025-09-17,Gujarat,87.39,PPAC-benchmark
2025-09-17,Haryana,89.66,PPAC-benchmark
2025-09-17,Karnataka,91.99,PPAC-benchmark
2025-09-17,Madhya Pradesh,92.28,PPAC-benchmark
2025-09-17,Maharashtra,94.62,PPAC-benchmark
2025-09-17,Punjab,90.34,PPAC-benchmark
2025-09-17,Rajasthan,93.25,PPAC-benchmark
2025-09-17,Tamil Nadu,90.72,PPAC-benchmark
2025-09-17,Telangana,94.18,PPAC-benchmark
2025-09-17,Uttar Pradesh,88.96,PPAC-benchmark
2025-09-17,West Bengal,91.6,PPAC-benchmark
2025-09-18,Andhra Pradesh,95.43,PPAC-benchmark
2025-09-18,Delhi,86.68,PPAC-benchmark
2025-09-18,Gujarat,87.28,PPAC-benchmark
2025-09-18,Haryana,89.81,PPAC-benchmark
2025-09-18,Karnataka,91.91,PPAC-benchmark
2025-09-18,Madhya Pradesh,92.25,PPAC-benchmark
2025-09-18,Maharashtra,94.67,PPAC-benchmark
2025-09-18,Rajasthan,93.14,PPAC-benchmark
2025-09-18,Tamil Nadu,90.79,PPAC-benchmark
2025-09-18,Telangana,94.27,PPAC-benchmark
2025-09-18,Uttar Pradesh,89.06,PPAC-benchmark
2025-09-18,West Bengal,91.46,PPAC-benchmark
2025-09-19,Andhra Pradesh,95.45,PPAC-benchmark
2025-09-19,Delhi,86.49,PPAC-benchmark
2025-09-19,Gujarat,87.33,PPAC-benchmark
2025-09-19,Haryana,89.77,PPAC-benchmark
2025-09-19,Karnataka,92.07,PPAC-benchmark
2025-09-19,Madhya Pradesh,92.3,PPAC-benchmark
2025-09-19,Maharashtra,94.6,PPAC-benchmark
2025-09-19,Punjab,90.36,PPAC-benchmark
2025-09-19,Tamil Nadu,90.75,PPAC-benchmark
2025-09-19,Telangana,94.43,PPAC-benchmark
2025-09-19,Uttar Pradesh,88.99,PPAC-benchmark
2025-09-19,West Bengal,91.55,PPAC-benchmark
2025-09-20,Andhra Pradesh,95.53,PPAC-benchmark
2025-09-20,Delhi,86.56,PPAC-benchmark
2025-09-20,Haryana,89.8,PPAC-benchmark
2025-09-20,Karnataka,92.15,PPAC-benchmark
2025-09-20,Madhya Pradesh,92.36,PPAC-benchmark
2025-09-20,Maharashtra,94.49,PPAC-benchmark
2025-09-20,Punjab,90.44,PPAC-benchmark
2025-09-20,Rajasthan,93.24,PPAC-benchmark
2025-09-20,Tamil Nadu,90.84,PPAC-benchmark
2025-09-20,Telangana,94.36,PPAC-benchmark
2025-09-20,Uttar Pradesh,89.07,PPAC-benchmark
2025-09-20,West Bengal,91.49,PPAC-benchmark
2025-09-21,Andhra Pradesh,95.44,PPAC-benchmark
2025-09-21,Delhi,86.59,PPAC-benchmark
2025-09-21,Gujarat,87.34,PPAC-benchmark
2025-09-21,Haryana,89.77,PPAC-benchmark
2025-09-21,Karnataka,92.03,PPAC-benchmark
2025-09-21,Madhya Pradesh,92.28,PPAC-benchmark
2025-09-21,Maharashtra,94.6,PPAC-benchmark
2025-09-21,Punjab,90.36,PPAC-benchmark
2025-09-21,Rajasthan,93.26,PPAC-benchmark
2025-09-21,Tamil Nadu,90.89,PPAC-benchmark
2025-09-21,Telangana,94.34,PPAC-benchmark
2025-09-21,Uttar Pradesh,88.93,PPAC-benchmark
2025-09-21,West Bengal,91.5,PPAC-benchmark
2025-09-22,Andhra Pradesh,95.5,PPAC-benchmark
2025-09-22,Delhi,86.6,PPAC-benchmark
2025-09-22,Gujarat,87.32,PPAC-benchmark
2025-09-22,Karnataka,92.11,PPAC-benchmark
2025-09-22,Madhya Pradesh,92.28,PPAC-benchmark
2025-09-22,Maharashtra,94.71,PPAC-benchmark
2025-09-22,Punjab,90.48,PPAC-benchmark
2025-09-22,Rajasthan,93.29,PPAC-benchmark
2025-09-22,Tamil Nadu,90.84,PPAC-benchmark
2025-09-22,Telangana,94.29,PPAC-benchmark
2025-09-22,Uttar Pradesh,88.98,PPAC-benchmark
2025-09-22,West Bengal,91.56,PPAC-benchmark
2025-09-23,Andhra Pradesh,95.45,PPAC-benchmark
2025-09-23,Delhi,86.63,PPAC-benchmark
2025-09-23,Gujarat,87.36,PPAC-benchmark
2025-09-23,Haryana,89.75,PPAC-benchmark
2025-09-23,Karnataka,91.98,PPAC-benchmark
2025-09-23,Madhya Pradesh,92.31,PPAC-benchmark
2025-09-23,Maharashtra,94.75,PPAC-benchmark
2025-09-23,Punjab,90.36,PPAC-benchmark
2025-09-23,Rajasthan,93.21,PPAC-benchmark
2025-09-23,Tamil Nadu,90.85,PPAC-benchmark
2025-09-23,Telangana,94.32,PPAC-benchmark
2025-09-23,Uttar Pradesh,88.97,PPAC-benchmark
2025-09-23,West Bengal,91.58,PPAC-benchmark
2025-09-24,Andhra Pradesh,95.55,PPAC-benchmark
2025-09-24,Delhi,86.57,PPAC-benchmark
2025-09-24,Gujarat,87.28,PPAC-benchmark
2025-09-24,Haryana,89.86,PPAC-benchmark
2025-09-24,Karnataka,92.02,PPAC-benchmark
2025-09-24,Madhya Pradesh,92.29,PPAC-benchmark
2025-09-24,Maharashtra,94.67,PPAC-benchmark
2025-09-24,Punjab,90.44,PPAC-benchmark
2025-09-24,Rajasthan,93.23,PPAC-benchmark
2025-09-24,Tamil Nadu,90.77,PPAC-benchmark
2025-09-24,Telangana,94.25,PPAC-benchmark
2025-09-24,Uttar Pradesh,88.86,PPAC-benchmark
2025-09-24,West Bengal,91.48,PPAC-benchmark
2025-09-25,Andhra Pradesh,95.47,PPAC-benchmark
2025-09-25,Delhi,86.55,PPAC-benchmark
2025-09-25,Gujarat,87.29,PPAC-benchmark
2025-09-25,Haryana,89.92,PPAC-benchmark
2025-09-25,Karnataka,91.98,PPAC-benchmark
2025-09-25,Madhya Pradesh,92.32,PPAC-benchmark
2025-09-25,Maharashtra,94.57,PPAC-benchmark
2025-09-25,Punjab,90.4,PPAC-benchmark
2025-09-25,Rajasthan,93.26,PPAC-benchmark
2025-09-25,Tamil Nadu,90.88,PPAC-benchmark
2025-09-25,Telangana,94.28,PPAC-benchmark
2025-09-25,Uttar Pradesh,89.05,PPAC-benchmark
2025-09-25,West Bengal,91.48,PPAC-benchmark
2025-09-26,Andhra Pradesh,95.57,PPAC-benchmark
2025-09-26,Delhi,86.61,PPAC-benchmark
2025-09-26,Gujarat,87.29,PPAC-benchmark
2025-09-26,Haryana,89.81,PPAC-benchmark
2025-09-26,Karnataka,92.0,PPAC-benchmark
2025-09-26,Madhya Pradesh,92.37,PPAC-benchmark
2025-09-26,Maharashtra,94.54,PPAC-benchmark
2025-09-26,Punjab,90.36,PPAC-benchmark
2025-09-26,Rajasthan,93.16,PPAC-benchmark
2025-09-26,Tamil Nadu,90.73,PPAC-benchmark
2025-09-26,Telangana,94.22,PPAC-benchmark
2025-09-26,Uttar Pradesh,88.98,PPAC-benchmark
2025-09-26,West Bengal,91.46,PPAC-benchmark
2025-09-27,Andhra Pradesh,95.48,PPAC-benchmark
2025-09-27,Delhi,86.58,PPAC-benchmark
2025-09-27,Gujarat,87.31,PPAC-benchmark
2025-09-27,Haryana,89.76,PPAC-benchmark
2025-09-27,Karnataka,91.97,PPAC-benchmark
2025-09-27,Madhya Pradesh,92.32,PPAC-benchmark
2025-09-27,Maharashtra,94.59,PPAC-benchmark
2025-09-27,Punjab,90.37,PPAC-benchmark
2025-09-27,Rajasthan,93.1,PPAC-benchmark
2025-09-27,Telangana,94.23,PPAC-benchmark
2025-09-27,Uttar Pradesh,89.04,PPAC-benchmark
2025-09-27,West Bengal,91.47,PPAC-benchmark
2025-09-28,Andhra Pradesh,95.53,PPAC-benchmark
2025-09-28,Delhi,86.5,PPAC-benchmark
2025-09-28,Gujarat,87.26,PPAC-benchmark
2025-09-28,Haryana,89.74,PPAC-benchmark
2025-09-28,Karnataka,91.96,PPAC-benchmark
2025-09-28,Madhya Pradesh,92.24,PPAC-benchmark
2025-09-28,Maharashtra,94.52,PPAC-benchmark
2025-09-28,Punjab,90.3,PPAC-benchmark
2025-09-28,Rajasthan,93.07,PPAC-benchmark
2025-09-28,Tamil Nadu,90.76,PPAC-benchmark
2025-09-28,Telangana,94.26,PPAC-benchmark
2025-09-28,Uttar Pradesh,88.93,PPAC-benchmark
2025-09-28,West Bengal,91.41,PPAC-benchmark
2025-09-29,Andhra Pradesh,95.49,PPAC-benchmark
2025-09-29,Delhi,86.44,PPAC-benchmark
2025-09-29,Gujarat,87.29,PPAC-benchmark
2025-09-29,Haryana,89.67,PPAC-benchmark
2025-09-29,Karnataka,91.98,PPAC-benchmark
2025-09-29,Madhya Pradesh,92.23,PPAC-benchmark
2025-09-29,Maharashtra,94.44,PPAC-benchmark
2025-09-29,Punjab,90.26,PPAC-benchmark
2025-09-29,Rajasthan,93.13,PPAC-benchmark
2025-09-29,Tamil Nadu,90.7,PPAC-benchmark
2025-09-29,Telangana,94.22,PPAC-benchmark
2025-09-29,Uttar Pradesh,88.87,PPAC-benchmark
2025-09-29,West Bengal,91.45,PPAC-benchmark
2025-09-30,Andhra Pradesh,95.4,PPAC-benchmark
2025-09-30,Delhi,86.38,PPAC-benchmark
2025-09-30,Gujarat,87.13,PPAC-benchmark
2025-09-30,Haryana,89.71,PPAC-benchmark
2025-09-30,Karnataka,91.89,PPAC-benchmark
2025-09-30,Madhya Pradesh,92.17,PPAC-benchmark
2025-09-30,Maharashtra,94.45,PPAC-benchmark
2025-09-30,Punjab,90.27,PPAC-benchmark
2025-09-30,Rajasthan,93.09,PPAC-benchmark
2025-09-30,Tamil Nadu,90.74,PPAC-benchmark
2025-09-30,Telangana,94.25,PPAC-benchmark
2025-09-30,Uttar Pradesh,88.9,PPAC-benchmark
2025-09-30,West Bengal,91.32,PPAC-benchmark
2025-10-01,Andhra Pradesh,95.32,PPAC-benchmark
2025-10-01,Delhi,86.39,PPAC-benchmark
2025-10-01,Gujarat,87.14,PPAC-benchmark
2025-10-01,Haryana,89.67,PPAC-benchmark
2025-10-01,Karnataka,91.93,PPAC-benchmark
2025-10-01,Madhya Pradesh,92.18,PPAC-benchmark
2025-10-01,Maharashtra,94.52,PPAC-benchmark
2025-10-01,Rajasthan,93.05,PPAC-benchmark
2025-10-01,Tamil Nadu,90.71,PPAC-benchmark
2025-10-01,Telangana,94.22,PPAC-benchmark
2025-10-01,Uttar Pradesh,88.93,PPAC-benchmark
2025-10-01,West Bengal,91.28,PPAC-benchmark
2025-10-02,Andhra Pradesh,95.43,PPAC-benchmark
2025-10-02,Delhi,86.53,PPAC-benchmark
2025-10-02,Gujarat,87.09,PPAC-benchmark
2025-10-02,Haryana,89.76,PPAC-benchmark
2025-10-02,Karnataka,91.96,PPAC-benchmark
2025-10-02,Madhya Pradesh,92.16,PPAC-benchmark
2025-10-02,Maharashtra,94.45,PPAC-benchmark
2025-10-02,Punjab,90.28,PPAC-benchmark
2025-10-02,Rajasthan,93.19,PPAC-benchmark
2025-10-02,Tamil Nadu,90.72,PPAC-benchmark
2025-10-02,Telangana,94.2,PPAC-benchmark
2025-10-02,Uttar Pradesh,88.91,PPAC-benchmark
2025-10-02,West Bengal,91.33,PPAC-benchmark
2025-10-03,Andhra Pradesh,95.4,PPAC-benchmark
2025-10-03,Delhi,86.58,PPAC-benchmark
2025-10-03,Gujarat,87.18,PPAC-benchmark
2025-10-03,Haryana,89.7,PPAC-benchmark
2025-10-03,Madhya Pradesh,92.27,PPAC-benchmark
2025-10-03,Maharashtra,94.43,PPAC-benchmark
2025-10-03,Punjab,90.2,PPAC-benchmark
2025-10-03,Rajasthan,93.18,PPAC-benchmark
2025-10-03,Tamil Nadu,90.67,PPAC-benchmark
2025-10-03,Telangana,94.22,PPAC-benchmark
2025-10-03,Uttar Pradesh,88.95,PPAC-benchmark
2025-10-03,West Bengal,91.35,PPAC-benchmark
2025-10-04,Andhra Pradesh,95.4,PPAC-benchmark
2025-10-04,Delhi,86.4,PPAC-benchmark
2025-10-04,Gujarat,87.16,PPAC-benchmark
2025-10-04,Haryana,89.61,PPAC-benchmark
2025-10-04,Karnataka,92.0,PPAC-benchmark
2025-10-04,Madhya Pradesh,92.23,PPAC-benchmark
2025-10-04,Maharashtra,94.4,PPAC-benchmark
2025-10-04,Punjab,90.4,PPAC-benchmark
2025-10-04,Rajasthan,93.04,PPAC-benchmark
2025-10-04,Tamil Nadu,90.55,PPAC-benchmark
2025-10-04,Telangana,94.18,PPAC-benchmark
2025-10-04,Uttar Pradesh,88.89,PPAC-benchmark
2025-10-04,West Bengal,91.43,PPAC-benchmark
2025-10-05,Andhra Pradesh,95.31,PPAC-benchmark
2025-10-05,Delhi,86.43,PPAC-benchmark
2025-10-05,Gujarat,87.04,PPAC-benchmark
2025-10-05,Haryana,89.59,PPAC-benchmark
2025-10-05,Karnataka,91.87,PPAC-benchmark
2025-10-05,Madhya Pradesh,92.17,PPAC-benchmark
2025-10-05,Maharashtra,94.44,PPAC-benchmark
2025-10-05,Rajasthan,93.09,PPAC-benchmark
2025-10-05,Tamil Nadu,90.61,PPAC-benchmark
2025-10-05,Telangana,94.1,PPAC-benchmark
2025-10-05,Uttar Pradesh,88.8,PPAC-benchmark
2025-10-05,West Bengal,91.32,PPAC-benchmark
2025-10-06,Andhra Pradesh,95.34,PPAC-benchmark
2025-10-06,Delhi,86.47,PPAC-benchmark
2025-10-06,Gujarat,87.11,PPAC-benchmark
2025-10-06,Haryana,89.66,PPAC-benchmark
2025-10-06,Karnataka,91.89,PPAC-benchmark
2025-10-06,Madhya Pradesh,92.12,PPAC-benchmark
2025-10-06,Maharashtra,94.4,PPAC-benchmark
2025-10-06,Punjab,90.25,PPAC-benchmark
2025-10-06,Rajasthan,93.02,PPAC-benchmark
2025-10-06,Tamil Nadu,90.66,PPAC-benchmark
2025-10-06,Telangana,94.13,PPAC-benchmark
2025-10-06,Uttar Pradesh,88.81,PPAC-benchmark
2025-10-06,West Bengal,91.25,PPAC-benchmark
2025-10-07,Andhra Pradesh,95.39,PPAC-benchmark
2025-10-07,Delhi,86.43,PPAC-benchmark
2025-10-07,Gujarat,87.15,PPAC-benchmark
2025-10-07,Haryana,89.63,PPAC-benchmark
2025-10-07,Karnataka,91.83,PPAC-benchmark
2025-10-07,Madhya Pradesh,92.17,PPAC-benchmark
2025-10-07,Maharashtra,94.49,PPAC-benchmark
2025-10-07,Punjab,90.12,PPAC-benchmark
2025-10-07,Rajasthan,92.97,PPAC-benchmark
2025-10-07,Tamil Nadu,90.59,PPAC-benchmark
2025-10-07,Telangana,94.03,PPAC-benchmark
2025-10-07,Uttar Pradesh,88.89,PPAC-benchmark
2025-10-07,West Bengal,91.35,PPAC-benchmark
2025-10-08,Andhra Pradesh,95.29,PPAC-benchmark
2025-10-08,Delhi,86.5,PPAC-benchmark
2025-10-08,Gujarat,87.1,PPAC-benchmark
2025-10-08,Haryana,89.64,PPAC-benchmark
2025-10-08,Karnataka,91.84,PPAC-benchmark
2025-10-08,Madhya Pradesh,92.01,PPAC-benchmark
2025-10-08,Maharashtra,94.47,PPAC-benchmark
2025-10-08,Punjab,90.19,PPAC-benchmark
2025-10-08,Rajasthan,93.06,PPAC-benchmark
2025-10-08,Tamil Nadu,90.77,PPAC-benchmark
2025-10-08,Telangana,94.1,PPAC-benchmark
2025-10-08,Uttar Pradesh,88.83,PPAC-benchmark
2025-10-08,West Bengal,91.41,PPAC-benchmark
2025-10-09,Andhra Pradesh,95.35,PPAC-benchmark
2025-10-09,Delhi,86.42,PPAC-benchmark
2025-10-09,Gujarat,87.13,PPAC-benchmark
2025-10-09,Haryana,89.62,PPAC-benchmark
2025-10-09,Karnataka,91.8,PPAC-benchmark
2025-10-09,Madhya Pradesh,92.12,PPAC-benchmark
2025-10-09,Punjab,90.29,PPAC-benchmark
2025-10-09,Rajasthan,92.99,PPAC-benchmark
2025-10-09,Tamil Nadu,90.66,PPAC-benchmark
2025-10-09,Telangana,94.12,PPAC-benchmark
2025-10-09,Uttar Pradesh,88.83,PPAC-benchmark
2025-10-09,West Bengal,91.24,PPAC-benchmark
2025-10-10,Andhra Pradesh,95.27,PPAC-benchmark
2025-10-10,Delhi,86.49,PPAC-benchmark
2025-10-10,Gujarat,87.06,PPAC-benchmark
2025-10-10,Haryana,89.59,PPAC-benchmark
2025-10-10,Madhya Pradesh,92.06,PPAC-benchmark
2025-10-10,Maharashtra,94.45,PPAC-benchmark
2025-10-10,Punjab,90.15,PPAC-benchmark
2025-10-10,Rajasthan,93.01,PPAC-benchmark
2025-10-10,Tamil Nadu,90.63,PPAC-benchmark
2025-10-10,Telangana,94.11,PPAC-benchmark
2025-10-10,Uttar Pradesh,88.65,PPAC-benchmark
2025-10-10,West Bengal,91.23,PPAC-benchmark
2025-10-11,Andhra Pradesh,95.29,PPAC-benchmark
2025-10-11,Delhi,86.4,PPAC-benchmark
2025-10-11,Gujarat,87.01,PPAC-benchmark
2025-10-11,Haryana,89.55,PPAC-benchmark
2025-10-11,Karnataka,91.9,PPAC-benchmark
2025-10-11,Madhya Pradesh,92.09,PPAC-benchmark
2025-10-11,Maharashtra,94.41,PPAC-benchmark
2025-10-11,Punjab,90.32,PPAC-benchmark
2025-10-11,Rajasthan,92.95,PPAC-benchmark
2025-10-11,Tamil Nadu,90.63,PPAC-benchmark
2025-10-11,Telangana,94.15,PPAC-benchmark
2025-10-11,Uttar Pradesh,88.78,PPAC-benchmark
2025-10-11,West Bengal,91.28,PPAC-benchmark
2025-10-12,Andhra Pradesh,95.21,PPAC-benchmark
2025-10-12,Delhi,86.37,PPAC-benchmark
2025-10-12,Gujarat,87.15,PPAC-benchmark
2025-10-12,Haryana,89.6,PPAC-benchmark
2025-10-12,Karnataka,91.89,PPAC-benchmark
2025-10-12,Madhya Pradesh,92.18,PPAC-benchmark
2025-10-12,Maharashtra,94.37,PPAC-benchmark
2025-10-12,Punjab,90.19,PPAC-benchmark
2025-10-12,Rajasthan,93.0,PPAC-benchmark
2025-10-12,Tamil Nadu,90.65,PPAC-benchmark
2025-10-12,Telangana,94.09,PPAC-benchmark
2025-10-12,Uttar Pradesh,88.8,PPAC-benchmark
2025-10-12,West Bengal,91.34,PPAC-benchmark
2025-10-13,Andhra Pradesh,95.25,PPAC-benchmark
2025-10-13,Delhi,86.44,PPAC-benchmark
2025-10-13,Gujarat,87.12,PPAC-benchmark
2025-10-13,Haryana,89.52,PPAC-benchmark
2025-10-13,Karnataka,91.87,PPAC-benchmark
2025-10-13,Madhya Pradesh,92.15,PPAC-benchmark
2025-10-13,Maharashtra,94.32,PPAC-benchmark
2025-10-13,Punjab,90.2,PPAC-benchmark
2025-10-13,Rajasthan,92.96,PPAC-benchmark
2025-10-13,Tamil Nadu,90.53,PPAC-benchmark
2025-10-13,Telangana,94.11,PPAC-benchmark
2025-10-13,Uttar Pradesh,88.84,PPAC-benchmark
2025-10-13,West Bengal,91.32,PPAC-benchmark
2025-10-14,Andhra Pradesh,95.41,PPAC-benchmark
2025-10-14,Gujarat,87.15,PPAC-benchmark
2025-10-14,Haryana,89.54,PPAC-benchmark
2025-10-14,Karnataka,91.84,PPAC-benchmark
2025-10-14,Madhya Pradesh,92.08,PPAC-benchmark
2025-10-14,Maharashtra,94.42,PPAC-benchmark
2025-10-14,Punjab,90.17,PPAC-benchmark
2025-10-14,Rajasthan,93.02,PPAC-benchmark
2025-10-14,Tamil Nadu,90.57,PPAC-benchmark
2025-10-14,Telangana,94.16,PPAC-benchmark
2025-10-14,Uttar Pradesh,88.79,PPAC-benchmark
2025-10-14,West Bengal,91.34,PPAC-benchmark
2025-10-15,Andhra Pradesh,95.3,PPAC-benchmark
2025-10-15,Haryana,89.61,PPAC-benchmark
2025-10-15,Karnataka,91.81,PPAC-benchmark
2025-10-15,Madhya Pradesh,92.16,PPAC-benchmark
2025-10-15,Maharashtra,94.57,PPAC-benchmark
2025-10-15,Punjab,90.17,PPAC-benchmark
2025-10-15,Rajasthan,92.98,PPAC-benchmark
2025-10-15,Tamil Nadu,90.6,PPAC-benchmark
2025-10-15,Telangana,94.08,PPAC-benchmark
2025-10-15,Uttar Pradesh,88.86,PPAC-benchmark
2025-10-15,West Bengal,91.39,PPAC-benchmark
2025-10-16,Andhra Pradesh,95.33,PPAC-benchmark
2025-10-16,Delhi,86.39,PPAC-benchmark
2025-10-16,Gujarat,87.12,PPAC-benchmark
2025-10-16,Haryana,89.66,PPAC-benchmark
2025-10-16,Karnataka,91.74,PPAC-benchmark
2025-10-16,Madhya Pradesh,92.04,PPAC-benchmark
2025-10-16,Maharashtra,94.38,PPAC-benchmark
2025-10-16,Punjab,90.24,PPAC-benchmark
2025-10-16,Rajasthan,92.95,PPAC-benchmark
2025-10-16,Tamil Nadu,90.65,PPAC-benchmark
2025-10-16,Telangana,94.07,PPAC-benchmark
2025-10-16,Uttar Pradesh,88.8,PPAC-benchmark
2025-10-16,West Bengal,91.29,PPAC-benchmark
2025-10-17,Andhra Pradesh,95.17,PPAC-benchmark
2025-10-17,Delhi,86.3,PPAC-benchmark
2025-10-17,Gujarat,87.04,PPAC-benchmark
2025-10-17,Haryana,89.55,PPAC-benchmark
2025-10-17,Karnataka,91.71,PPAC-benchmark
2025-10-17,Madhya Pradesh,92.09,PPAC-benchmark
2025-10-17,Maharashtra,94.33,PPAC-benchmark
2025-10-17,Punjab,90.12,PPAC-benchmark
2025-10-17,Rajasthan,92.9,PPAC-benchmark
2025-10-17,Tamil Nadu,90.54,PPAC-benchmark
2025-10-17,Telangana,93.94,PPAC-benchmark
2025-10-17,Uttar Pradesh,88.71,PPAC-benchmark
2025-10-18,Andhra Pradesh,95.2,PPAC-benchmark
2025-10-18,Delhi,86.38,PPAC-benchmark
2025-10-18,Gujarat,87.0,PPAC-benchmark
2025-10-18,Haryana,89.47,PPAC-benchmark
2025-10-18,Karnataka,91.67,PPAC-benchmark
2025-10-18,Madhya Pradesh,92.06,PPAC-benchmark
2025-10-18,Maharashtra,94.33,PPAC-benchmark
2025-10-18,Punjab,90.16,PPAC-benchmark
2025-10-18,Tamil Nadu,90.61,PPAC-benchmark
2025-10-18,Telangana,93.99,PPAC-benchmark
2025-10-18,West Bengal,91.2,PPAC-benchmark
2025-10-19,Andhra Pradesh,95.21,PPAC-benchmark
2025-10-19,Delhi,86.26,PPAC-benchmark
2025-10-19,Gujarat,87.07,PPAC-benchmark
2025-10-19,Haryana,89.52,PPAC-benchmark
2025-10-19,Karnataka,91.7,PPAC-benchmark
2025-10-19,Madhya Pradesh,91.96,PPAC-benchmark
2025-10-19,Maharashtra,94.37,PPAC-benchmark
2025-10-19,Punjab,90.13,PPAC-benchmark
2025-10-19,Rajasthan,92.88,PPAC-benchmark
2025-10-19,Tamil Nadu,90.54,PPAC-benchmark
2025-10-19,Telangana,94.02,PPAC-benchmark
2025-10-19,West Bengal,91.26,PPAC-benchmark
2025-10-20,Andhra Pradesh,95.12,PPAC-benchmark
2025-10-20,Delhi,86.34,PPAC-benchmark
2025-10-20,Gujarat,86.91,PPAC-benchmark
2025-10-20,Haryana,89.5,PPAC-benchmark
2025-10-20,Karnataka,91.75,PPAC-benchmark
2025-10-20,Madhya Pradesh,92.12,PPAC-benchmark
2025-10-20,Maharashtra,94.23,PPAC-benchmark
2025-10-20,Punjab,90.09,PPAC-benchmark
2025-10-20,Rajasthan,92.92,PPAC-benchmark
2025-10-20,Tamil Nadu,90.47,PPAC-benchmark
2025-10-20,Telangana,93.93,PPAC-benchmark
2025-10-20,Uttar Pradesh,88.68,PPAC-benchmark
2025-10-20,West Bengal,91.17,PPAC-benchmark
2025-10-21,Andhra Pradesh,95.24,PPAC-benchmark
2025-10-21,Delhi,86.24,PPAC-benchmark
2025-10-21,Gujarat,86.87,PPAC-benchmark
2025-10-21,Haryana,89.53,PPAC-benchmark
2025-10-21,Karnataka,91.62,PPAC-benchmark
2025-10-21,Madhya Pradesh,91.87,PPAC-benchmark
2025-10-21,Maharashtra,94.31,PPAC-benchmark
2025-10-21,Punjab,90.12,PPAC-benchmark
2025-10-21,Rajasthan,92.9,PPAC-benchmark
2025-10-21,Tamil Nadu,90.49,PPAC-benchmark
2025-10-21,Telangana,94.0,PPAC-benchmark
2025-10-21,Uttar Pradesh,88.68,PPAC-benchmark
2025-10-21,West Bengal,91.2,PPAC-benchmark
2025-10-22,Andhra Pradesh,95.14,PPAC-benchmark
2025-10-22,Delhi,86.28,PPAC-benchmark
2025-10-22,Gujarat,86.97,PPAC-benchmark
2025-10-22,Haryana,89.53,PPAC-benchmark
2025-10-22,Karnataka,91.64,PPAC-benchmark
2025-10-22,Madhya Pradesh,91.91,PPAC-benchmark
2025-10-22,Maharashtra,94.24,PPAC-benchmark
2025-10-22,Punjab,90.01,PPAC-benchmark
2025-10-22,Rajasthan,92.86,PPAC-benchmark
2025-10-22,Tamil Nadu,90.48,PPAC-benchmark
2025-10-22,Telangana,93.96,PPAC-benchmark
2025-10-22,Uttar Pradesh,88.76,PPAC-benchmark
2025-10-22,West Bengal,91.21,PPAC-benchmark
2025-10-23,Andhra Pradesh,95.13,PPAC-benchmark
2025-10-23,Delhi,86.27,PPAC-benchmark
2025-10-23,Gujarat,86.98,PPAC-benchmark
2025-10-23,Haryana,89.49,PPAC-benchmark
2025-10-23,Karnataka,91.83,PPAC-benchmark
2025-10-23,Madhya Pradesh,92.13,PPAC-benchmark
2025-10-23,Maharashtra,94.29,PPAC-benchmark
2025-10-23,Punjab,90.11,PPAC-benchmark
2025-10-23,Rajasthan,92.87,PPAC-benchmark
2025-10-23,Tamil Nadu,90.55,PPAC-benchmark
2025-10-23,Telangana,93.94,PPAC-benchmark
2025-10-23,Uttar Pradesh,88.72,PPAC-benchmark
2025-10-23,West Bengal,91.32,PPAC-benchmark
2025-10-24,Andhra Pradesh,95.14,PPAC-benchmark
2025-10-24,Delhi,86.3,PPAC-benchmark
2025-10-24,Gujarat,86.93,PPAC-benchmark
2025-10-24,Haryana,89.51,PPAC-benchmark
2025-10-24,Karnataka,91.59,PPAC-benchmark
2025-10-24,Madhya Pradesh,91.95,PPAC-benchmark
2025-10-24,Maharashtra,94.36,PPAC-benchmark
2025-10-24,Punjab,90.04,PPAC-benchmark
2025-10-24,Rajasthan,92.89,PPAC-benchmark
2025-10-24,Tamil Nadu,90.42,PPAC-benchmark
2025-10-24,Telangana,93.91,PPAC-benchmark
2025-10-24,Uttar Pradesh,88.61,PPAC-benchmark
2025-10-24,West Bengal,91.17,PPAC-benchmark
2025-10-25,Andhra Pradesh,95.09,PPAC-benchmark
2025-10-25,Delhi,86.22,PPAC-benchmark
2025-10-25,Gujarat,86.96,PPAC-benchmark
2025-10-25,Haryana,89.55,PPAC-benchmark
2025-10-25,Karnataka,91.58,PPAC-benchmark
2025-10-25,Madhya Pradesh,91.87,PPAC-benchmark
2025-10-25,Maharashtra,94.39,PPAC-benchmark
2025-10-25,Punjab,90.04,PPAC-benchmark
2025-10-25,Rajasthan,92.78,PPAC-benchmark
2025-10-25,Tamil Nadu,90.35,PPAC-benchmark
2025-10-25,Telangana,93.88,PPAC-benchmark
2025-10-25,Uttar Pradesh,88.52,PPAC-benchmark
2025-10-25,West Bengal,91.13,PPAC-benchmark
2025-10-26,Andhra Pradesh,95.09,PPAC-benchmark
2025-10-26,Delhi,86.15,PPAC-benchmark
2025-10-26,Gujarat,86.9,PPAC-benchmark
2025-10-26,Haryana,89.48,PPAC-benchmark
2025-10-26,Karnataka,91.67,PPAC-benchmark
2025-10-26,Madhya Pradesh,92.01,PPAC-benchmark
2025-10-26,Maharashtra,94.24,PPAC-benchmark
2025-10-26,Punjab,89.98,PPAC-benchmark
2025-10-26,Rajasthan,92.75,PPAC-benchmark
2025-10-26,Tamil Nadu,90.49,PPAC-benchmark
2025-10-26,Uttar Pradesh,88.59,PPAC-benchmark
2025-10-26,West Bengal,91.09,PPAC-benchmark
2025-10-27,Andhra Pradesh,95.08,PPAC-benchmark
2025-10-27,Delhi,86.18,PPAC-benchmark
2025-10-27,Gujarat,86.86,PPAC-benchmark
2025-10-27,Haryana,89.43,PPAC-benchmark
2025-10-27,Karnataka,91.59,PPAC-benchmark
2025-10-27,Maharashtra,94.21,PPAC-benchmark
2025-10-27,Punjab,90.05,PPAC-benchmark
2025-10-27,Rajasthan,92.85,PPAC-benchmark
2025-10-27,Tamil Nadu,90.47,PPAC-benchmark
2025-10-27,Uttar Pradesh,88.58,PPAC-benchmark
2025-10-27,West Bengal,91.11,PPAC-benchmark
2025-10-28,Andhra Pradesh,95.07,PPAC-benchmark
2025-10-28,Delhi,86.16,PPAC-benchmark
2025-10-28,Gujarat,86.92,PPAC-benchmark
2025-10-28,Haryana,89.36,PPAC-benchmark
2025-10-28,Karnataka,91.63,PPAC-benchmark
2025-10-28,Maharashtra,94.18,PPAC-benchmark
2025-10-28,Punjab,90.03,PPAC-benchmark
2025-10-28,Rajasthan,92.92,PPAC-benchmark
2025-10-28,Tamil Nadu,90.35,PPAC-benchmark
2025-10-28,Telangana,93.97,PPAC-benchmark
2025-10-28,Uttar Pradesh,88.56,PPAC-benchmark
2025-10-28,West Bengal,91.21,PPAC-benchmark
2025-10-29,Andhra Pradesh,95.04,PPAC-benchmark
2025-10-29,Delhi,86.12,PPAC-benchmark
2025-10-29,Gujarat,86.86,PPAC-benchmark
2025-10-29,Haryana,89.38,PPAC-benchmark
2025-10-29,Karnataka,91.52,PPAC-benchmark
2025-10-29,Madhya Pradesh,91.87,PPAC-benchmark
2025-10-29,Maharashtra,94.18,PPAC-benchmark
2025-10-29,Punjab,90.0,PPAC-benchmark
2025-10-29,Rajasthan,92.81,PPAC-benchmark
2025-10-29,Tamil Nadu,90.42,PPAC-benchmark
2025-10-29,Telangana,93.95,PPAC-benchmark
2025-10-29,Uttar Pradesh,88.57,PPAC-benchmark
2025-10-29,West Bengal,91.03,PPAC-benchmark
2025-10-30,Andhra Pradesh,95.06,PPAC-benchmark
2025-10-30,Delhi,86.25,PPAC-benchmark
2025-10-30,Gujarat,86.78,PPAC-benchmark
2025-10-30,Haryana,89.38,PPAC-benchmark
2025-10-30,Karnataka,91.55,PPAC-benchmark
2025-10-30,Madhya Pradesh,91.98,PPAC-benchmark
2025-10-30,Maharashtra,94.32,PPAC-benchmark
2025-10-30,Punjab,90.09,PPAC-benchmark
2025-10-30,Rajasthan,92.78,PPAC-benchmark
2025-10-30,Tamil Nadu,90.41,PPAC-benchmark
2025-10-30,Telangana,93.9,PPAC-benchmark
2025-10-30,Uttar Pradesh,88.52,PPAC-benchmark
2025-10-30,West Bengal,91.03,PPAC-benchmark
2025-10-31,Andhra Pradesh,95.07,PPAC-benchmark
2025-10-31,Delhi,86.1,PPAC-benchmark
2025-10-31,Gujarat,86.75,PPAC-benchmark
2025-10-31,Haryana,89.36,PPAC-benchmark
2025-10-31,Karnataka,91.68,PPAC-benchmark
2025-10-31,Madhya Pradesh,91.84,PPAC-benchmark
2025-10-31,Maharashtra,94.19,PPAC-benchmark
2025-10-31,Punjab,89.95,PPAC-benchmark
2025-10-31,Rajasthan,92.68,PPAC-benchmark
2025-10-31,Tamil Nadu,90.31,PPAC-benchmark
2025-10-31,Telangana,93.9,PPAC-benchmark
2025-10-31,Uttar Pradesh,88.64,PPAC-benchmark
2025-10-31,West Bengal,91.09,PPAC-benchmark
2025-11-01,Andhra Pradesh,95.01,PPAC-benchmark
2025-11-01,Delhi,86.17,PPAC-benchmark
2025-11-01,Gujarat,86.8,PPAC-benchmark
2025-11-01,Haryana,89.33,PPAC-benchmark
2025-11-01,Karnataka,91.55,PPAC-benchmark
2025-11-01,Madhya Pradesh,91.81,PPAC-benchmark
2025-11-01,Maharashtra,94.11,PPAC-benchmark
2025-11-01,Punjab,89.95,PPAC-benchmark
2025-11-01,Rajasthan,92.64,PPAC-benchmark
2025-11-01,Tamil Nadu,90.38,PPAC-benchmark
2025-11-01,Telangana,93.81,PPAC-benchmark
2025-11-01,Uttar Pradesh,88.5,PPAC-benchmark
2025-11-01,West Bengal,91.0,PPAC-benchmark
2025-11-02,Andhra Pradesh,95.02,PPAC-benchmark
2025-11-02,Gujarat,86.83,PPAC-benchmark
2025-11-02,Haryana,89.25,PPAC-benchmark
2025-11-02,Karnataka,91.58,PPAC-benchmark
2025-11-02,Madhya Pradesh,91.75,PPAC-benchmark
2025-11-02,Punjab,89.91,PPAC-benchmark
2025-11-02,Rajasthan,92.73,PPAC-benchmark
2025-11-02,Tamil Nadu,90.29,PPAC-benchmark
2025-11-02,Telangana,93.86,PPAC-benchmark
2025-11-02,Uttar Pradesh,88.42,PPAC-benchmark
2025-11-02,West Bengal,91.03,PPAC-benchmark
2025-11-03,Andhra Pradesh,95.06,PPAC-benchmark
2025-11-03,Delhi,86.12,PPAC-benchmark
2025-11-03,Haryana,89.26,PPAC-benchmark
2025-11-03,Karnataka,91.57,PPAC-benchmark
2025-11-03,Madhya Pradesh,91.82,PPAC-benchmark
2025-11-03,Maharashtra,94.1,PPAC-benchmark
2025-11-03,Punjab,89.91,PPAC-benchmark
2025-11-03,Rajasthan,92.71,PPAC-benchmark
2025-11-03,Tamil Nadu,90.31,PPAC-benchmark
2025-11-03,Telangana,93.75,PPAC-benchmark
2025-11-03,Uttar Pradesh,88.51,PPAC-benchmark
2025-11-03,West Bengal,91.03,PPAC-benchmark
2025-11-04,Andhra Pradesh,94.97,PPAC-benchmark
2025-11-04,Delhi,86.07,PPAC-benchmark
2025-11-04,Gujarat,86.77,PPAC-benchmark
2025-11-04,Haryana,89.24,PPAC-benchmark
2025-11-04,Karnataka,91.36,PPAC-benchmark
2025-11-04,Madhya Pradesh,91.79,PPAC-benchmark
2025-11-04,Maharashtra,94.05,PPAC-benchmark
2025-11-04,Punjab,89.87,PPAC-benchmark
2025-11-04,Rajasthan,92.7,PPAC-benchmark
2025-11-04,Tamil Nadu,90.38,PPAC-benchmark
2025-11-04,Telangana,93.74,PPAC-benchmark
2025-11-04,Uttar Pradesh,88.54,PPAC-benchmark
2025-11-04,West Bengal,91.01,PPAC-benchmark
2025-11-05,Delhi,86.04,PPAC-benchmark
2025-11-05,Gujarat,86.71,PPAC-benchmark
2025-11-05,Haryana,89.24,PPAC-benchmark
2025-11-05,Karnataka,91.55,PPAC-benchmark
2025-11-05,Madhya Pradesh,91.77,PPAC-benchmark
2025-11-05,Maharashtra,94.17,PPAC-benchmark
2025-11-05,Punjab,89.81,PPAC-benchmark
2025-11-05,Rajasthan,92.67,PPAC-benchmark
2025-11-05,Tamil Nadu,90.26,PPAC-benchmark
2025-11-05,Telangana,93.79,PPAC-benchmark
2025-11-05,Uttar Pradesh,88.51,PPAC-benchmark
2025-11-05,West Bengal,91.01,PPAC-benchmark
2025-11-06,Andhra Pradesh,95.0,PPAC-benchmark
2025-11-06,Delhi,86.01,PPAC-benchmark
2025-11-06,Gujarat,86.73,PPAC-benchmark
2025-11-06,Haryana,89.3,PPAC-benchmark
2025-11-06,Karnataka,91.5,PPAC-benchmark
2025-11-06,Madhya Pradesh,91.88,PPAC-benchmark
2025-11-06,Maharashtra,94.08,PPAC-benchmark
2025-11-06,Punjab,89.82,PPAC-benchmark
2025-11-06,Rajasthan,92.81,PPAC-benchmark
2025-11-06,Tamil Nadu,90.28,PPAC-benchmark
2025-11-06,Telangana,93.75,PPAC-benchmark
2025-11-06,Uttar Pradesh,88.47,PPAC-benchmark
2025-11-06,West Bengal,91.06,PPAC-benchmark
2025-11-07,Andhra Pradesh,95.0,PPAC-benchmark
2025-11-07,Delhi,86.09,PPAC-benchmark
2025-11-07,Gujarat,86.85,PPAC-benchmark
2025-11-07,Haryana,89.34,PPAC-benchmark
2025-11-07,Karnataka,91.52,PPAC-benchmark
2025-11-07,Madhya Pradesh,91.8,PPAC-benchmark
2025-11-07,Maharashtra,94.08,PPAC-benchmark
2025-11-07,Punjab,89.86,PPAC-benchmark
2025-11-07,Tamil Nadu,90.34,PPAC-benchmark
2025-11-07,Telangana,93.75,PPAC-benchmark
2025-11-07,Uttar Pradesh,88.35,PPAC-benchmark
2025-11-07,West Bengal,90.89,PPAC-benchmark
2025-11-08,Andhra Pradesh,94.93,PPAC-benchmark
2025-11-08,Delhi,86.04,PPAC-benchmark
2025-11-08,Gujarat,86.81,PPAC-benchmark
2025-11-08,Haryana,89.29,PPAC-benchmark
2025-11-08,Karnataka,91.51,PPAC-benchmark
2025-11-08,Madhya Pradesh,91.82,PPAC-benchmark
2025-11-08,Maharashtra,94.16,PPAC-benchmark
2025-11-08,Punjab,89.84,PPAC-benchmark
2025-11-08,Rajasthan,92.72,PPAC-benchmark
2025-11-08,Tamil Nadu,90.24,PPAC-benchmark
2025-11-08,Telangana,93.83,PPAC-benchmark
2025-11-08,Uttar Pradesh,88.44,PPAC-benchmark
2025-11-08,West Bengal,90.99,PPAC-benchmark
2025-11-09,Andhra Pradesh,95.0,PPAC-benchmark
2025-11-09,Delhi,86.11,PPAC-benchmark
2025-11-09,Gujarat,86.82,PPAC-benchmark
2025-11-09,Haryana,89.26,PPAC-benchmark
2025-11-09,Karnataka,91.56,PPAC-benchmark
2025-11-09,Madhya Pradesh,91.77,PPAC-benchmark
2025-11-09,Maharashtra,94.07,PPAC-benchmark
2025-11-09,Punjab,89.98,PPAC-benchmark
2025-11-09,Rajasthan,92.71,PPAC-benchmark
2025-11-09,Tamil Nadu,90.38,PPAC-benchmark
2025-11-09,Telangana,93.77,PPAC-benchmark
2025-11-09,Uttar Pradesh,88.48,PPAC-benchmark
2025-11-09,West Bengal,91.03,PPAC-benchmark
2025-11-10,Andhra Pradesh,94.99,PPAC-benchmark
2025-11-10,Delhi,86.14,PPAC-benchmark
2025-11-10,Gujarat,86.71,PPAC-benchmark
2025-11-10,Haryana,89.3,PPAC-benchmark
2025-11-10,Madhya Pradesh,91.75,PPAC-benchmark
2025-11-10,Maharashtra,94.12,PPAC-benchmark
2025-11-10,Punjab,89.83,PPAC-benchmark
2025-11-10,Rajasthan,92.72,PPAC-benchmark
2025-11-10,Tamil Nadu,90.34,PPAC-benchmark
2025-11-10,Telangana,93.89,PPAC-benchmark
2025-11-10,West Bengal,91.05,PPAC-benchmark
2025-11-11,Andhra Pradesh,94.92,PPAC-benchmark
2025-11-11,Delhi,86.05,PPAC-benchmark
2025-11-11,Gujarat,86.81,PPAC-benchmark
2025-11-11,Haryana,89.3,PPAC-benchmark
2025-11-11,Karnataka,91.47,PPAC-benchmark
2025-11-11,Madhya Pradesh,91.88,PPAC-benchmark
2025-11-11,Maharashtra,94.02,PPAC-benchmark
2025-11-11,Punjab,89.88,PPAC-benchmark
2025-11-11,Rajasthan,92.74,PPAC-benchmark
2025-11-11,Tamil Nadu,90.3,PPAC-benchmark
2025-11-11,Telangana,93.73,PPAC-benchmark
2025-11-11,Uttar Pradesh,88.46,PPAC-benchmark
2025-11-11,West Bengal,90.99,PPAC-benchmark
2025-11-12,Andhra Pradesh,95.02,PPAC-benchmark
2025-11-12,Delhi,86.02,PPAC-benchmark
2025-11-12,Gujarat,86.71,PPAC-benchmark
2025-11-12,Haryana,89.26,PPAC-benchmark
2025-11-12,Karnataka,91.45,PPAC-benchmark
2025-11-12,Madhya Pradesh,91.79,PPAC-benchmark
2025-11-12,Maharashtra,94.07,PPAC-benchmark
2025-11-12,Punjab,89.82,PPAC-benchmark
2025-11-12,Rajasthan,92.66,PPAC-benchmark
2025-11-12,Tamil Nadu,90.32,PPAC-benchmark
2025-11-12,Telangana,93.74,PPAC-benchmark
2025-11-12,Uttar Pradesh,88.51,PPAC-benchmark
2025-11-12,West Bengal,90.94,PPAC-benchmark
2025-11-13,Andhra Pradesh,94.95,PPAC-benchmark
2025-11-13,Delhi,86.07,PPAC-benchmark
2025-11-13,Gujarat,86.77,PPAC-benchmark
2025-11-13,Haryana,89.33,PPAC-benchmark
2025-11-13,Karnataka,91.46,PPAC-benchmark
2025-11-13,Madhya Pradesh,91.83,PPAC-benchmark
2025-11-13,Maharashtra,94.12,PPAC-benchmark
2025-11-13,Punjab,89.83,PPAC-benchmark
2025-11-13,Rajasthan,92.7,PPAC-benchmark
2025-11-13,Tamil Nadu,90.31,PPAC-benchmark
2025-11-13,Telangana,93.75,PPAC-benchmark
2025-11-13,Uttar Pradesh,88.51,PPAC-benchmark
2025-11-13,West Bengal,91.0,PPAC-benchmark
2025-11-14,Andhra Pradesh,94.88,PPAC-benchmark
2025-11-14,Delhi,86.08,PPAC-benchmark
2025-11-14,Gujarat,86.71,PPAC-benchmark
2025-11-14,Haryana,89.27,PPAC-benchmark
2025-11-14,Karnataka,91.49,PPAC-benchmark
2025-11-14,Madhya Pradesh,91.8,PPAC-benchmark
2025-11-14,Maharashtra,94.11,PPAC-benchmark
2025-11-14,Punjab,89.83,PPAC-benchmark
2025-11-14,Rajasthan,92.75,PPAC-benchmark
2025-11-14,Tamil Nadu,90.38,PPAC-benchmark
2025-11-14,Telangana,93.75,PPAC-benchmark
2025-11-14,Uttar Pradesh,88.39,PPAC-benchmark
2025-11-14,West Bengal,90.91,PPAC-benchmark
2025-11-15,Andhra Pradesh,95.0,PPAC-benchmark
2025-11-15,Delhi,86.01,PPAC-benchmark
2025-11-15,Gujarat,86.82,PPAC-benchmark
2025-11-15,Haryana,89.26,PPAC-benchmark
2025-11-15,Karnataka,91.5,PPAC-benchmark
2025-11-15,Madhya Pradesh,91.79,PPAC-benchmark
2025-11-15,Maharashtra,94.03,PPAC-benchmark
2025-11-15,Punjab,89.87,PPAC-benchmark
2025-11-15,Rajasthan,92.62,PPAC-benchmark
2025-11-15,Tamil Nadu,90.24,PPAC-benchmark
2025-11-15,Telangana,93.79,PPAC-benchmark
2025-11-15,Uttar Pradesh,88.49,PPAC-benchmark
2025-11-15,West Bengal,90.89,PPAC-benchmark
2025-11-16,Andhra Pradesh,94.91,PPAC-benchmark
2025-11-16,Delhi,86.03,PPAC-benchmark
2025-11-16,Gujarat,86.77,PPAC-benchmark
2025-11-16,Haryana,89.25,PPAC-benchmark
2025-11-16,Karnataka,91.53,PPAC-benchmark
2025-11-16,Madhya Pradesh,91.72,PPAC-benchmark
2025-11-16,Maharashtra,94.13,PPAC-benchmark
2025-11-16,Punjab,89.84,PPAC-benchmark
2025-11-16,Rajasthan,92.68,PPAC-benchmark
2025-11-16,Tamil Nadu,90.23,PPAC-benchmark
2025-11-16,Telangana,93.78,PPAC-benchmark
2025-11-16,Uttar Pradesh,88.46,PPAC-benchmark
2025-11-16,West Bengal,91.02,PPAC-benchmark
2025-11-17,Andhra Pradesh,94.94,PPAC-benchmark
2025-11-17,Delhi,86.1,PPAC-benchmark
2025-11-17,Gujarat,86.81,PPAC-benchmark
2025-11-17,Haryana,89.3,PPAC-benchmark
2025-11-17,Karnataka,91.41,PPAC-benchmark
2025-11-17,Madhya Pradesh,91.74,PPAC-benchmark
2025-11-17,Maharashtra,94.03,PPAC-benchmark
2025-11-17,Punjab,89.8,PPAC-benchmark
2025-11-17,Rajasthan,92.64,PPAC-benchmark
2025-11-17,Tamil Nadu,90.29,PPAC-benchmark
2025-11-17,Telangana,93.76,PPAC-benchmark
2025-11-17,Uttar Pradesh,88.47,PPAC-benchmark
2025-11-17,West Bengal,90.93,PPAC-benchmark
2025-11-18,Andhra Pradesh,94.89,PPAC-benchmark
2025-11-18,Delhi,86.05,PPAC-benchmark
2025-11-18,Gujarat,86.84,PPAC-benchmark
2025-11-18,Haryana,89.22,PPAC-benchmark
2025-11-18,Karnataka,91.55,PPAC-benchmark
2025-11-18,Madhya Pradesh,91.69,PPAC-benchmark
2025-11-18,Maharashtra,94.01,PPAC-benchmark
2025-11-18,Punjab,89.81,PPAC-benchmark
2025-11-18,Rajasthan,92.65,PPAC-benchmark
2025-11-18,Tamil Nadu,90.22,PPAC-benchmark
2025-11-18,Telangana,93.78,PPAC-benchmark
2025-11-18,Uttar Pradesh,88.46,PPAC-benchmark
2025-11-18,West Bengal,90.87,PPAC-benchmark
2025-11-19,Andhra Pradesh,94.91,PPAC-benchmark
2025-11-19,Delhi,85.87,PPAC-benchmark
2025-11-19,Gujarat,86.77,PPAC-benchmark
2025-11-19,Haryana,89.19,PPAC-benchmark
2025-11-19,Karnataka,91.49,PPAC-benchmark
2025-11-19,Madhya Pradesh,91.74,PPAC-benchmark
2025-11-19,Maharashtra,94.0,PPAC-benchmark
2025-11-19,Punjab,89.75,PPAC-benchmark
2025-11-19,Rajasthan,92.63,PPAC-benchmark
2025-11-19,Tamil Nadu,90.19,PPAC-benchmark
2025-11-19,Telangana,93.73,PPAC-benchmark
2025-11-19,Uttar Pradesh,88.42,PPAC-benchmark
2025-11-19,West Bengal,90.81,PPAC-benchmark
2025-11-20,Andhra Pradesh,94.78,PPAC-benchmark
2025-11-20,Delhi,85.99,PPAC-benchmark
2025-11-20,Gujarat,86.72,PPAC-benchmark
2025-11-20,Haryana,89.13,PPAC-benchmark
2025-11-20,Karnataka,91.45,PPAC-benchmark
2025-11-20,Madhya Pradesh,91.65,PPAC-benchmark
2025-11-20,Maharashtra,93.97,PPAC-benchmark
2025-11-20,Punjab,89.77,PPAC-benchmark
2025-11-20,Rajasthan,92.56,PPAC-benchmark
2025-11-20,Tamil Nadu,90.12,PPAC-benchmark
2025-11-20,Telangana,93.75,PPAC-benchmark
2025-11-20,Uttar Pradesh,88.37,PPAC-benchmark
2025-11-20,West Bengal,90.84,PPAC-benchmark
2025-11-21,Andhra Pradesh,94.93,PPAC-benchmark
2025-11-21,Delhi,86.02,PPAC-benchmark
2025-11-21,Gujarat,86.66,PPAC-benchmark
2025-11-21,Haryana,89.11,PPAC-benchmark
2025-11-21,Karnataka,91.3,PPAC-benchmark
2025-11-21,Madhya Pradesh,91.69,PPAC-benchmark
2025-11-21,Maharashtra,93.9,PPAC-benchmark
2025-11-21,Punjab,89.74,PPAC-benchmark
2025-11-21,Rajasthan,92.47,PPAC-benchmark
2025-11-21,Tamil Nadu,90.14,PPAC-benchmark
2025-11-21,Uttar Pradesh,88.39,PPAC-benchmark
2025-11-21,West Bengal,90.89,PPAC-benchmark
2025-11-22,Andhra Pradesh,94.76,PPAC-benchmark
2025-11-22,Delhi,85.99,PPAC-benchmark
2025-11-22,Gujarat,86.65,PPAC-benchmark
2025-11-22,Haryana,89.21,PPAC-benchmark
2025-11-22,Karnataka,91.36,PPAC-benchmark
2025-11-22,Madhya Pradesh,91.6,PPAC-benchmark
2025-11-22,Maharashtra,93.99,PPAC-benchmark
2025-11-22,Punjab,89.69,PPAC-benchmark
2025-11-22,Rajasthan,92.52,PPAC-benchmark
2025-11-22,Tamil Nadu,90.13,PPAC-benchmark
2025-11-22,Telangana,93.57,PPAC-benchmark
2025-11-22,Uttar Pradesh,88.34,PPAC-benchmark
2025-11-22,West Bengal,90.78,PPAC-benchmark
2025-11-23,Andhra Pradesh,94.86,PPAC-benchmark
2025-11-23,Delhi,85.94,PPAC-benchmark
2025-11-23,Gujarat,86.61,PPAC-benchmark
2025-11-23,Haryana,89.06,PPAC-benchmark
2025-11-23,Karnataka,91.29,PPAC-benchmark
2025-11-23,Madhya Pradesh,91.73,PPAC-benchmark
2025-11-23,Maharashtra,93.98,PPAC-benchmark
2025-11-23,Punjab,89.67,PPAC-benchmark
2025-11-23,Rajasthan,92.67,PPAC-benchmark
2025-11-23,Tamil Nadu,90.18,PPAC-benchmark
2025-11-23,Telangana,93.63,PPAC-benchmark
2025-11-23,Uttar Pradesh,88.39,PPAC-benchmark
2025-11-23,West Bengal,90.88,PPAC-benchmark
2025-11-24,Andhra Pradesh,94.8,PPAC-benchmark
2025-11-24,Delhi,85.95,PPAC-benchmark
2025-11-24,Gujarat,86.68,PPAC-benchmark
2025-11-24,Haryana,89.21,PPAC-benchmark
2025-11-24,Karnataka,91.37,PPAC-benchmark
2025-11-24,Madhya Pradesh,91.64,PPAC-benchmark
2025-11-24,Maharashtra,93.95,PPAC-benchmark
2025-11-24,Punjab,89.7,PPAC-benchmark
2025-11-24,Rajasthan,92.6,PPAC-benchmark
2025-11-24,Tamil Nadu,90.11,PPAC-benchmark
2025-11-24,Telangana,93.64,PPAC-benchmark
2025-11-24,Uttar Pradesh,88.37,PPAC-benchmark
2025-11-24,West Bengal,90.88,PPAC-benchmark
2025-11-25,Andhra Pradesh,94.84,PPAC-benchmark
2025-11-25,Delhi,85.91,PPAC-benchmark
2025-11-25,Gujarat,86.65,PPAC-benchmark
2025-11-25,Haryana,89.03,PPAC-benchmark
2025-11-25,Karnataka,91.41,PPAC-benchmark
2025-11-25,Madhya Pradesh,91.53,PPAC-benchmark
2025-11-25,Maharashtra,93.84,PPAC-benchmark
2025-11-25,Punjab,89.66,PPAC-benchmark
2025-11-25,Rajasthan,92.51,PPAC-benchmark
2025-11-25,Tamil Nadu,90.21,PPAC-benchmark
2025-11-25,Telangana,93.65,PPAC-benchmark
2025-11-25,Uttar Pradesh,88.36,PPAC-benchmark
2025-11-25,West Bengal,90.8,PPAC-benchmark
2025-11-26,Andhra Pradesh,94.82,PPAC-benchmark
2025-11-26,Delhi,85.93,PPAC-benchmark
2025-11-26,Gujarat,86.58,PPAC-benchmark
2025-11-26,Haryana,89.1,PPAC-benchmark
2025-11-26,Karnataka,91.35,PPAC-benchmark
2025-11-26,Madhya Pradesh,91.63,PPAC-benchmark
2025-11-26,Maharashtra,93.93,PPAC-benchmark
2025-11-26,Punjab,89.74,PPAC-benchmark
2025-11-26,Rajasthan,92.51,PPAC-benchmark
2025-11-26,Tamil Nadu,90.09,PPAC-benchmark
2025-11-26,Telangana,93.74,PPAC-benchmark
2025-11-26,Uttar Pradesh,88.3,PPAC-benchmark
2025-11-26,West Bengal,90.8,PPAC-benchmark
2025-11-27,Andhra Pradesh,94.77,PPAC-benchmark
2025-11-27,Delhi,85.9,PPAC-benchmark
2025-11-27,Gujarat,86.58,PPAC-benchmark
2025-11-27,Haryana,89.06,PPAC-benchmark
2025-11-27,Karnataka,91.19,PPAC-benchmark
2025-11-27,Madhya Pradesh,91.64,PPAC-benchmark
2025-11-27,Maharashtra,93.85,PPAC-benchmark
2025-11-27,Punjab,89.72,PPAC-benchmark
2025-11-27,Rajasthan,92.46,PPAC-benchmark
2025-11-27,Tamil Nadu,90.08,PPAC-benchmark
2025-11-27,Telangana,93.62,PPAC-benchmark
2025-11-27,Uttar Pradesh,88.23,PPAC-benchmark
2025-11-27,West Bengal,90.83,PPAC-benchmark
2025-11-28,Andhra Pradesh,94.73,PPAC-benchmark
2025-11-28,Delhi,85.84,PPAC-benchmark
2025-11-28,Gujarat,86.59,PPAC-benchmark
2025-11-28,Haryana,89.03,PPAC-benchmark
2025-11-28,Karnataka,91.21,PPAC-benchmark
2025-11-28,Madhya Pradesh,91.61,PPAC-benchmark
2025-11-28,Maharashtra,93.9,PPAC-benchmark
2025-11-28,Punjab,89.63,PPAC-benchmark
2025-11-28,Rajasthan,92.56,PPAC-benchmark
2025-11-28,Telangana,93.51,PPAC-benchmark
2025-11-28,Uttar Pradesh,88.24,PPAC-benchmark
2025-11-28,West Bengal,90.78,PPAC-benchmark
2025-11-29,Andhra Pradesh,94.69,PPAC-benchmark
2025-11-29,Delhi,85.86,PPAC-benchmark
2025-11-29,Haryana,89.07,PPAC-benchmark
2025-11-29,Karnataka,91.26,PPAC-benchmark
2025-11-29,Madhya Pradesh,91.56,PPAC-benchmark
2025-11-29,Maharashtra,93.86,PPAC-benchmark
2025-11-29,Punjab,89.73,PPAC-benchmark
2025-11-29,Rajasthan,92.47,PPAC-benchmark
2025-11-29,Tamil Nadu,90.11,PPAC-benchmark
2025-11-29,Telangana,93.61,PPAC-benchmark
2025-11-29,Uttar Pradesh,88.3,PPAC-benchmark
2025-11-29,West Bengal,90.73,PPAC-benchmark
2025-11-30,Andhra Pradesh,94.77,PPAC-benchmark
2025-11-30,Delhi,85.93,PPAC-benchmark
2025-11-30,Gujarat,86.63,PPAC-benchmark
2025-11-30,Haryana,89.05,PPAC-benchmark
2025-11-30,Karnataka,91.36,PPAC-benchmark
2025-11-30,Madhya Pradesh,91.56,PPAC-benchmark
2025-11-30,Maharashtra,93.86,PPAC-benchmark
2025-11-30,Punjab,89.72,PPAC-benchmark
2025-11-30,Rajasthan,92.52,PPAC-benchmark
2025-11-30,Tamil Nadu,90.11,PPAC-benchmark
2025-11-30,Telangana,93.62,PPAC-benchmark
2025-11-30,Uttar Pradesh,88.17,PPAC-benchmark
2025-11-30,West Bengal,90.83,PPAC-benchmark
2025-12-01,Andhra Pradesh,94.72,PPAC-benchmark
2025-12-01,Delhi,85.93,PPAC-benchmark
2025-12-01,Gujarat,86.59,PPAC-benchmark
2025-12-01,Haryana,89.09,PPAC-benchmark
2025-12-01,Karnataka,91.27,PPAC-benchmark
2025-12-01,Madhya Pradesh,91.58,PPAC-benchmark
2025-12-01,Maharashtra,93.91,PPAC-benchmark
2025-12-01,Punjab,89.71,PPAC-benchmark
2025-12-01,Rajasthan,92.53,PPAC-benchmark
2025-12-01,Tamil Nadu,90.03,PPAC-benchmark
2025-12-01,Telangana,93.63,PPAC-benchmark
2025-12-01,Uttar Pradesh,88.31,PPAC-benchmark
2025-12-01,West Bengal,90.76,PPAC-benchmark
2025-12-02,Andhra Pradesh,94.78,PPAC-benchmark
2025-12-02,Delhi,85.93,PPAC-benchmark
2025-12-02,Gujarat,86.58,PPAC-benchmark
2025-12-02,Haryana,89.08,PPAC-benchmark
2025-12-02,Karnataka,91.32,PPAC-benchmark
2025-12-02,Madhya Pradesh,91.61,PPAC-benchmark
2025-12-02,Maharashtra,93.87,PPAC-benchmark
2025-12-02,Punjab,89.64,PPAC-benchmark
2025-12-02,Rajasthan,92.48,PPAC-benchmark
2025-12-02,Tamil Nadu,90.07,PPAC-benchmark
2025-12-02,Telangana,93.57,PPAC-benchmark
2025-12-02,Uttar Pradesh,88.27,PPAC-benchmark
2025-12-02,West Bengal,90.76,PPAC-benchmark
2025-12-03,Andhra Pradesh,94.82,PPAC-benchmark
2025-12-03,Delhi,85.94,PPAC-benchmark
2025-12-03,Gujarat,86.59,PPAC-benchmark
2025-12-03,Haryana,89.17,PPAC-benchmark
2025-12-03,Karnataka,91.27,PPAC-benchmark
2025-12-03,Madhya Pradesh,91.55,PPAC-benchmark
2025-12-03,Maharashtra,93.91,PPAC-benchmark
2025-12-03,Punjab,89.64,PPAC-benchmark
2025-12-03,Rajasthan,92.5,PPAC-benchmark
2025-12-03,Telangana,93.61,PPAC-benchmark
2025-12-03,Uttar Pradesh,88.35,PPAC-benchmark
2025-12-03,West Bengal,90.76,PPAC-benchmark
2025-12-04,Andhra Pradesh,94.74,PPAC-benchmark
2025-12-04,Delhi,85.9,PPAC-benchmark
2025-12-04,Gujarat,86.66,PPAC-benchmark
2025-12-04,Haryana,89.04,PPAC-benchmark
2025-12-04,Karnataka,91.31,PPAC-benchmark
2025-12-04,Madhya Pradesh,91.57,PPAC-benchmark
2025-12-04,Maharashtra,93.92,PPAC-benchmark
2025-12-04,Punjab,89.79,PPAC-benchmark
2025-12-04,Rajasthan,92.45,PPAC-benchmark
2025-12-04,Tamil Nadu,89.99,PPAC-benchmark
2025-12-04,Telangana,93.53,PPAC-benchmark
2025-12-04,Uttar Pradesh,88.22,PPAC-benchmark
2025-12-04,West Bengal,90.81,PPAC-benchmark
2025-12-05,Andhra Pradesh,94.83,PPAC-benchmark
2025-12-05,Delhi,85.89,PPAC-benchmark
2025-12-05,Gujarat,86.58,PPAC-benchmark
2025-12-05,Haryana,89.12,PPAC-benchmark
2025-12-05,Karnataka,91.3,PPAC-benchmark
2025-12-05,Rajasthan,92.47,PPAC-benchmark
2025-12-05,Tamil Nadu,90.06,PPAC-benchmark
2025-12-05,Telangana,93.55,PPAC-benchmark
2025-12-05,Uttar Pradesh,88.36,PPAC-benchmark
2025-12-05,West Bengal,90.84,PPAC-benchmark
2025-12-06,Andhra Pradesh,94.84,PPAC-benchmark
2025-12-06,Delhi,85.88,PPAC-benchmark
2025-12-06,Gujarat,86.62,PPAC-benchmark
2025-12-06,Haryana,89.09,PPAC-benchmark
2025-12-06,Karnataka,91.37,PPAC-benchmark
2025-12-06,Madhya Pradesh,91.6,PPAC-benchmark
2025-12-06,Maharashtra,93.84,PPAC-benchmark
2025-12-06,Punjab,89.75,PPAC-benchmark
2025-12-06,Rajasthan,92.5,PPAC-benchmark
2025-12-06,Tamil Nadu,90.05,PPAC-benchmark
2025-12-06,Telangana,93.6,PPAC-benchmark
2025-12-06,Uttar Pradesh,88.27,PPAC-benchmark
2025-12-07,Andhra Pradesh,94.82,PPAC-benchmark
2025-12-07,Delhi,85.85,PPAC-benchmark
2025-12-07,Gujarat,86.64,PPAC-benchmark
2025-12-07,Haryana,89.19,PPAC-benchmark
2025-12-07,Karnataka,91.29,PPAC-benchmark
2025-12-07,Madhya Pradesh,91.57,PPAC-benchmark
2025-12-07,Maharashtra,93.88,PPAC-benchmark
2025-12-07,Punjab,89.71,PPAC-benchmark
2025-12-07,Rajasthan,92.42,PPAC-benchmark
2025-12-07,Tamil Nadu,90.03,PPAC-benchmark
2025-12-07,Telangana,93.69,PPAC-benchmark
2025-12-07,Uttar Pradesh,88.27,PPAC-benchmark
2025-12-07,West Bengal,90.79,PPAC-benchmark
2025-12-08,Andhra Pradesh,94.8,PPAC-benchmark
2025-12-08,Delhi,85.9,PPAC-benchmark
2025-12-08,Gujarat,86.64,PPAC-benchmark
2025-12-08,Haryana,89.06,PPAC-benchmark
2025-12-08,Karnataka,91.29,PPAC-benchmark
2025-12-08,Madhya Pradesh,91.59,PPAC-benchmark
2025-12-08,Maharashtra,93.93,PPAC-benchmark
2025-12-08,Punjab,89.66,PPAC-benchmark
2025-12-08,Rajasthan,92.46,PPAC-benchmark
2025-12-08,Tamil Nadu,90.18,PPAC-benchmark
2025-12-08,Telangana,93.58,PPAC-benchmark
2025-12-08,Uttar Pradesh,88.38,PPAC-benchmark
2025-12-08,West Bengal,90.8,PPAC-benchmark
2025-12-09,Andhra Pradesh,94.73,PPAC-benchmark
2025-12-09,Delhi,85.92,PPAC-benchmark
2025-12-09,Gujarat,86.58,PPAC-benchmark
2025-12-09,Karnataka,91.33,PPAC-benchmark
2025-12-09,Madhya Pradesh,91.66,PPAC-benchmark
2025-12-09,Maharashtra,93.84,PPAC-benchmark
2025-12-09,Punjab,89.67,PPAC-benchmark
2025-12-09,Rajasthan,92.55,PPAC-benchmark
2025-12-09,Tamil Nadu,90.13,PPAC-benchmark
2025-12-09,Telangana,93.69,PPAC-benchmark
2025-12-09,Uttar Pradesh,88.28,PPAC-benchmark
2025-12-09,West Bengal,90.82,PPAC-benchmark
2025-12-10,Andhra Pradesh,94.88,PPAC-benchmark
2025-12-10,Delhi,85.94,PPAC-benchmark
2025-12-10,Haryana,89.1,PPAC-benchmark
2025-12-10,Madhya Pradesh,91.67,PPAC-benchmark
2025-12-10,Maharashtra,93.98,PPAC-benchmark
2025-12-10,Punjab,89.76,PPAC-benchmark
2025-12-10,Rajasthan,92.43,PPAC-benchmark
2025-12-10,Tamil Nadu,90.05,PPAC-benchmark
2025-12-10,Telangana,93.58,PPAC-benchmark
2025-12-10,Uttar Pradesh,88.26,PPAC-benchmark
2025-12-10,West Bengal,90.81,PPAC-benchmark
2025-12-11,Andhra Pradesh,94.8,PPAC-benchmark
2025-12-11,Delhi,85.95,PPAC-benchmark
2025-12-11,Gujarat,86.68,PPAC-benchmark
2025-12-11,Haryana,89.08,PPAC-benchmark
2025-12-11,Karnataka,91.35,PPAC-benchmark
2025-12-11,Madhya Pradesh,91.57,PPAC-benchmark
2025-12-11,Maharashtra,93.98,PPAC-benchmark
2025-12-11,Punjab,89.64,PPAC-benchmark
2025-12-11,Rajasthan,92.45,PPAC-benchmark
2025-12-11,Tamil Nadu,90.09,PPAC-benchmark
2025-12-11,Telangana,93.6,PPAC-benchmark
2025-12-11,West Bengal,90.74,PPAC-benchmark
2025-12-12,Andhra Pradesh,94.8,PPAC-benchmark
2025-12-12,Delhi,85.92,PPAC-benchmark
2025-12-12,Haryana,89.1,PPAC-benchmark
2025-12-12,Karnataka,91.28,PPAC-benchmark
2025-12-12,Maharashtra,93.92,PPAC-benchmark
2025-12-12,Punjab,89.75,PPAC-benchmark
2025-12-12,Rajasthan,92.61,PPAC-benchmark
2025-12-12,Tamil Nadu,90.2,PPAC-benchmark
2025-12-12,Telangana,93.65,PPAC-benchmark
2025-12-12,Uttar Pradesh,88.3,PPAC-benchmark
2025-12-12,West Bengal,90.83,PPAC-benchmark
2025-12-13,Andhra Pradesh,94.75,PPAC-benchmark
2025-12-13,Delhi,85.9,PPAC-benchmark
2025-12-13,Gujarat,86.66,PPAC-benchmark
2025-12-13,Haryana,89.14,PPAC-benchmark
2025-12-13,Karnataka,91.32,PPAC-benchmark
2025-12-13,Madhya Pradesh,91.63,PPAC-benchmark
2025-12-13,Maharashtra,93.93,PPAC-benchmark
2025-12-13,Punjab,89.74,PPAC-benchmark
2025-12-13,Rajasthan,92.54,PPAC-benchmark
2025-12-13,Tamil Nadu,90.07,PPAC-benchmark
2025-12-13,Telangana,93.62,PPAC-benchmark
2025-12-13,Uttar Pradesh,88.36,PPAC-benchmark
2025-12-13,West Bengal,90.85,PPAC-benchmark
2025-12-14,Andhra Pradesh,94.78,PPAC-benchmark
2025-12-14,Delhi,85.89,PPAC-benchmark
2025-12-14,Gujarat,86.71,PPAC-benchmark
2025-12-14,Haryana,89.11,PPAC-benchmark
2025-12-14,Karnataka,91.32,PPAC-benchmark
2025-12-14,Madhya Pradesh,91.53,PPAC-benchmark
2025-12-14,Maharashtra,93.99,PPAC-benchmark
2025-12-14,Punjab,89.77,PPAC-benchmark
2025-12-14,Rajasthan,92.6,PPAC-benchmark
2025-12-14,Tamil Nadu,90.19,PPAC-benchmark
2025-12-14,Telangana,93.64,PPAC-benchmark
2025-12-14,Uttar Pradesh,88.28,PPAC-benchmark
2025-12-14,West Bengal,90.75,PPAC-benchmark
2025-12-15,Andhra Pradesh,94.9,PPAC-benchmark
2025-12-15,Delhi,85.89,PPAC-benchmark
2025-12-15,Gujarat,86.65,PPAC-benchmark
2025-12-15,Haryana,89.04,PPAC-benchmark
2025-12-15,Karnataka,91.3,PPAC-benchmark
2025-12-15,Madhya Pradesh,91.54,PPAC-benchmark
2025-12-15,Maharashtra,93.87,PPAC-benchmark
2025-12-15,Punjab,89.71,PPAC-benchmark
2025-12-15,Rajasthan,92.5,PPAC-benchmark
2025-12-15,Tamil Nadu,90.12,PPAC-benchmark
2025-12-15,Telangana,93.54,PPAC-benchmark
2025-12-15,Uttar Pradesh,88.36,PPAC-benchmark
2025-12-15,West Bengal,90.82,PPAC-benchmark
2025-12-16,Andhra Pradesh,94.86,PPAC-benchmark
2025-12-16,Delhi,85.97,PPAC-benchmark
2025-12-16,Gujarat,86.52,PPAC-benchmark
2025-12-16,Haryana,89.07,PPAC-benchmark
2025-12-16,Karnataka,91.37,PPAC-benchmark
2025-12-16,Madhya Pradesh,91.66,PPAC-benchmark
2025-12-16,Maharashtra,93.93,PPAC-benchmark
2025-12-16,Punjab,89.65,PPAC-benchmark
2025-12-16,Rajasthan,92.49,PPAC-benchmark
2025-12-16,Tamil Nadu,90.11,PPAC-benchmark
2025-12-16,Telangana,93.62,PPAC-benchmark
2025-12-16,Uttar Pradesh,88.28,PPAC-benchmark
2025-12-16,West Bengal,90.84,PPAC-benchmark
2025-12-17,Andhra Pradesh,94.84,PPAC-benchmark
2025-12-17,Delhi,85.86,PPAC-benchmark
2025-12-17,Gujarat,86.54,PPAC-benchmark
2025-12-17,Haryana,89.17,PPAC-benchmark
2025-12-17,Karnataka,91.3,PPAC-benchmark
2025-12-17,Madhya Pradesh,91.63,PPAC-benchmark
2025-12-17,Punjab,89.67,PPAC-benchmark
2025-12-17,Rajasthan,92.41,PPAC-benchmark
2025-12-17,Tamil Nadu,90.14,PPAC-benchmark
2025-12-17,Telangana,93.52,PPAC-benchmark
2025-12-17,Uttar Pradesh,88.17,PPAC-benchmark
2025-12-17,West Bengal,90.81,PPAC-benchmark
2025-12-18,Andhra Pradesh,94.79,PPAC-benchmark
2025-12-18,Delhi,85.86,PPAC-benchmark
2025-12-18,Gujarat,86.48,PPAC-benchmark
2025-12-18,Haryana,89.18,PPAC-benchmark
2025-12-18,Karnataka,91.36,PPAC-benchmark
2025-12-18,Madhya Pradesh,91.58,PPAC-benchmark
2025-12-18,Maharashtra,93.81,PPAC-benchmark
2025-12-18,Punjab,89.71,PPAC-benchmark
2025-12-18,Rajasthan,92.59,PPAC-benchmark
2025-12-18,Tamil Nadu,90.06,PPAC-benchmark
2025-12-18,Telangana,93.64,PPAC-benchmark
2025-12-18,Uttar Pradesh,88.3,PPAC-benchmark
2025-12-18,West Bengal,90.88,PPAC-benchmark
2025-12-19,Andhra Pradesh,94.76,PPAC-benchmark
2025-12-19,Delhi,85.89,PPAC-benchmark
2025-12-19,Gujarat,86.59,PPAC-benchmark
2025-12-19,Haryana,89.13,PPAC-benchmark
2025-12-19,Karnataka,91.29,PPAC-benchmark
2025-12-19,Madhya Pradesh,91.63,PPAC-benchmark
2025-12-19,Maharashtra,93.87,PPAC-benchmark
2025-12-19,Punjab,89.63,PPAC-benchmark
2025-12-19,Rajasthan,92.51,PPAC-benchmark
2025-12-19,Tamil Nadu,90.16,PPAC-benchmark
2025-12-19,Telangana,93.54,PPAC-benchmark
2025-12-19,Uttar Pradesh,88.28,PPAC-benchmark
2025-12-20,Andhra Pradesh,94.8,PPAC-benchmark
2025-12-20,Delhi,85.9,PPAC-benchmark
2025-12-20,Gujarat,86.54,PPAC-benchmark
2025-12-20,Haryana,89.03,PPAC-benchmark
2025-12-20,Karnataka,91.31,PPAC-benchmark
2025-12-20,Madhya Pradesh,91.54,PPAC-benchmark
2025-12-20,Maharashtra,93.99,PPAC-benchmark
2025-12-20,Punjab,89.71,PPAC-benchmark
2025-12-20,Rajasthan,92.46,PPAC-benchmark
2025-12-20,Tamil Nadu,90.08,PPAC-benchmark
2025-12-20,Telangana,93.59,PPAC-benchmark
2025-12-20,Uttar Pradesh,88.23,PPAC-benchmark
2025-12-20,West Bengal,90.78,PPAC-benchmark
2025-12-21,Andhra Pradesh,94.82,PPAC-benchmark
2025-12-21,Delhi,85.92,PPAC-benchmark
2025-12-21,Gujarat,86.58,PPAC-benchmark
2025-12-21,Haryana,89.09,PPAC-benchmark
2025-12-21,Karnataka,91.27,PPAC-benchmark
2025-12-21,Madhya Pradesh,91.59,PPAC-benchmark
2025-12-21,Maharashtra,93.95,PPAC-benchmark
2025-12-21,Punjab,89.68,PPAC-benchmark
2025-12-21,Rajasthan,92.54,PPAC-benchmark
2025-12-21,Tamil Nadu,90.08,PPAC-benchmark
2025-12-21,Telangana,93.55,PPAC-benchmark
2025-12-21,Uttar Pradesh,88.24,PPAC-benchmark
2025-12-22,Andhra Pradesh,94.76,PPAC-benchmark
2025-12-22,Delhi,85.93,PPAC-benchmark
2025-12-22,Gujarat,86.64,PPAC-benchmark
2025-12-22,Haryana,89.03,PPAC-benchmark
2025-12-22,Karnataka,91.33,PPAC-benchmark
2025-12-22,Madhya Pradesh,91.56,PPAC-benchmark
2025-12-22,Maharashtra,93.93,PPAC-benchmark
2025-12-22,Punjab,89.75,PPAC-benchmark
2025-12-22,Rajasthan,92.48,PPAC-benchmark
2025-12-22,Tamil Nadu,90.06,PPAC-benchmark
2025-12-22,Telangana,93.6,PPAC-benchmark
2025-12-22,Uttar Pradesh,88.33,PPAC-benchmark
2025-12-22,West Bengal,90.75,PPAC-benchmark
2025-12-23,Andhra Pradesh,94.87,PPAC-benchmark
2025-12-23,Delhi,85.94,PPAC-benchmark
2025-12-23,Gujarat,86.64,PPAC-benchmark
2025-12-23,Haryana,89.13,PPAC-benchmark
2025-12-23,Karnataka,91.24,PPAC-benchmark
2025-12-23,Madhya Pradesh,91.69,PPAC-benchmark
2025-12-23,Maharashtra,93.91,PPAC-benchmark
2025-12-23,Punjab,89.63,PPAC-benchmark
2025-12-23,Rajasthan,92.39,PPAC-benchmark
2025-12-23,Tamil Nadu,90.08,PPAC-benchmark
2025-12-23,Uttar Pradesh,88.26,PPAC-benchmark
2025-12-23,West Bengal,90.72,PPAC-benchmark
2025-12-24,Andhra Pradesh,94.85,PPAC-benchmark
2025-12-24,Delhi,85.84,PPAC-benchmark
2025-12-24,Gujarat,86.53,PPAC-benchmark
2025-12-24,Haryana,89.16,PPAC-benchmark
2025-12-24,Karnataka,91.3,PPAC-benchmark
2025-12-24,Madhya Pradesh,91.54,PPAC-benchmark
2025-12-24,Maharashtra,93.93,PPAC-benchmark
2025-12-24,Punjab,89.69,PPAC-benchmark
2025-12-24,Rajasthan,92.47,PPAC-benchmark
2025-12-24,Tamil Nadu,90.11,PPAC-benchmark
2025-12-24,Telangana,93.54,PPAC-benchmark
2025-12-24,Uttar Pradesh,88.26,PPAC-benchmark
2025-12-24,West Bengal,90.8,PPAC-benchmark
2025-12-25,Andhra Pradesh,94.75,PPAC-benchmark
2025-12-25,Delhi,85.88,PPAC-benchmark
2025-12-25,Gujarat,86.53,PPAC-benchmark
2025-12-25,Haryana,89.1,PPAC-benchmark
2025-12-25,Karnataka,91.28,PPAC-benchmark
2025-12-25,Madhya Pradesh,91.62,PPAC-benchmark
2025-12-25,Maharashtra,93.84,PPAC-benchmark
2025-12-25,Punjab,89.61,PPAC-benchmark
2025-12-25,Rajasthan,92.54,PPAC-benchmark
2025-12-25,Tamil Nadu,90.15,PPAC-benchmark
2025-12-25,Telangana,93.59,PPAC-benchmark
2025-12-25,Uttar Pradesh,88.17,PPAC-benchmark
2025-12-25,West Bengal,90.78,PPAC-benchmark
2025-12-26,Andhra Pradesh,94.68,PPAC-benchmark
2025-12-26,Delhi,85.86,PPAC-benchmark
2025-12-26,Gujarat,86.54,PPAC-benchmark
2025-12-26,Haryana,88.99,PPAC-benchmark
2025-12-26,Karnataka,91.35,PPAC-benchmark
2025-12-26,Madhya Pradesh,91.56,PPAC-benchmark
2025-12-26,Maharashtra,93.94,PPAC-benchmark
2025-12-26,Rajasthan,92.4,PPAC-benchmark
2025-12-26,Tamil Nadu,90.02,PPAC-benchmark
2025-12-26,Telangana,93.56,PPAC-benchmark
2025-12-26,Uttar Pradesh,88.26,PPAC-benchmark
2025-12-26,West Bengal,90.82,PPAC-benchmark
2025-12-27,Andhra Pradesh,94.79,PPAC-benchmark
2025-12-27,Delhi,85.88,PPAC-benchmark
2025-12-27,Gujarat,86.44,PPAC-benchmark
2025-12-27,Haryana,89.03,PPAC-benchmark
2025-12-27,Karnataka,91.21,PPAC-benchmark
2025-12-27,Madhya Pradesh,91.59,PPAC-benchmark
2025-12-27,Maharashtra,93.87,PPAC-benchmark
2025-12-27,Punjab,89.7,PPAC-benchmark
2025-12-27,Rajasthan,92.46,PPAC-benchmark
2025-12-27,Tamil Nadu,90.07,PPAC-benchmark
2025-12-27,Telangana,93.53,PPAC-benchmark
2025-12-27,Uttar Pradesh,88.3,PPAC-benchmark
2025-12-27,West Bengal,90.82,PPAC-benchmark
2025-12-28,Andhra Pradesh,94.79,PPAC-benchmark
2025-12-28,Delhi,85.88,PPAC-benchmark
2025-12-28,Gujarat,86.58,PPAC-benchmark
2025-12-28,Haryana,89.08,PPAC-benchmark
2025-12-28,Karnataka,91.19,PPAC-benchmark
2025-12-28,Madhya Pradesh,91.48,PPAC-benchmark
2025-12-28,Maharashtra,93.89,PPAC-benchmark
2025-12-28,Punjab,89.71,PPAC-benchmark
2025-12-28,Rajasthan,92.43,PPAC-benchmark
2025-12-28,Tamil Nadu,90.04,PPAC-benchmark
2025-12-28,Telangana,93.56,PPAC-benchmark
2025-12-28,Uttar Pradesh,88.21,PPAC-benchmark
2025-12-28,West Bengal,90.79,PPAC-benchmark
2025-12-29,Andhra Pradesh,94.81,PPAC-benchmark
2025-12-29,Delhi,85.88,PPAC-benchmark
2025-12-29,Gujarat,86.56,PPAC-benchmark
2025-12-29,Haryana,89.05,PPAC-benchmark
2025-12-29,Karnataka,91.22,PPAC-benchmark
2025-12-29,Madhya Pradesh,91.53,PPAC-benchmark
2025-12-29,Maharashtra,93.87,PPAC-benchmark
2025-12-29,Punjab,89.67,PPAC-benchmark
2025-12-29,Rajasthan,92.49,PPAC-benchmark
2025-12-29,Tamil Nadu,90.06,PPAC-benchmark
2025-12-29,Telangana,93.5,PPAC-benchmark
2025-12-29,Uttar Pradesh,88.23,PPAC-benchmark
2025-12-29,West Bengal,90.75,PPAC-benchmark
2025-12-30,Andhra Pradesh,94.74,PPAC-benchmark
2025-12-30,Delhi,85.8,PPAC-benchmark
2025-12-30,Gujarat,86.53,PPAC-benchmark
2025-12-30,Haryana,89.07,PPAC-benchmark
2025-12-30,Karnataka,91.17,PPAC-benchmark
2025-12-30,Madhya Pradesh,91.43,PPAC-benchmark
2025-12-30,Punjab,89.62,PPAC-benchmark
2025-12-30,Rajasthan,92.43,PPAC-benchmark
2025-12-30,Tamil Nadu,90.0,PPAC-benchmark
2025-12-30,Telangana,93.52,PPAC-benchmark
2025-12-30,Uttar Pradesh,88.31,PPAC-benchmark
2025-12-30,West Bengal,90.79,PPAC-benchmark
2025-12-31,Andhra Pradesh,94.73,PPAC-benchmark
2025-12-31,Delhi,85.78,PPAC-benchmark
2025-12-31,Haryana,89.05,PPAC-benchmark
2025-12-31,Karnataka,91.22,PPAC-benchmark
2025-12-31,Madhya Pradesh,91.47,PPAC-benchmark
2025-12-31,Maharashtra,93.85,PPAC-benchmark
2025-12-31,Punjab,89.7,PPAC-benchmark
2025-12-31,Rajasthan,92.4,PPAC-benchmark
2025-12-31,Tamil Nadu,90.01,PPAC-benchmark
2025-12-31,Telangana,93.49,PPAC-benchmark
2025-12-31,Uttar Pradesh,88.17,PPAC-benchmark
2025-12-31,West Bengal,90.69,PPAC-benchmark
