route_key,window_start,window_end,precipitation_sum_json,windspeed_max_json,api_call_timestamp
HUB02-HUB04,2023-01-07,2023-01-09,"[0.3, 0.2, 0.9]","[7.4, 19.2, 26.9]",2026-08-14 06:28:38.979739
HUB11-HUB14,2023-11-30,2023-12-01,"[0.5, 0.7]","[14.1, 7.6]",2026-08-14 06:28:38.979975
HUB08-HUB14,2024-04-26,2024-04-29,"[9.0, 0.6, 0.0, 0.7]","[15.5, 17.5, 14.7, 14.3]",2026-08-14 06:28:38.980221
HUB14-HUB18,2024-06-21,2024-06-23,"[0.0, 0.0, 0.9]","[13.6, 3.3, 13.3]",2026-08-14 06:28:38.980399
HUB17-HUB10,2025-09-04,2025-09-06,"[25.5, 53.2, 0.8]","[7.6, 14.0, 14.2]",2026-08-14 06:28:38.980564
HUB07-HUB05,2024-03-21,2024-03-22,"[1.4, 0.5]","[9.9, 14.9]",2026-08-14 06:28:38.980720
HUB06-HUB11,2024-02-02,2024-02-05,"[3.6, 0.2, 0.0, 0.4]","[16.6, 11.0, 14.2, 12.5]",2026-08-14 06:28:38.980881
HUB14-HUB02,2025-11-23,2025-11-24,"[None, 1.6]","[11.6, 17.0]",2026-08-14 06:28:38.981029
HUB03-HUB13,2025-08-16,2025-08-19,"[92.4, 13.4, 0.0, 0.6]","[9.6, 14.6, 16.4, 13.8]",2026-08-14 06:28:38.981225
HUB09-HUB08,2023-02-11,2023-02-12,"[0.0, 7.6]","[18.5, 11.0]",2026-08-14 06:28:38.981367
HUB18-HUB15,2024-06-25,2024-06-26,"[0.4, 0.0]","[18.8, 16.3]",2026-08-14 06:28:38.981496
HUB13-HUB06,2025-12-26,2025-12-29,"[1.7, 1.1, 1.1, 0.6]","[14.2, 17.8, 16.1, 16.0]",2026-08-14 06:28:38.981663
HUB04-HUB07,2024-10-28,2024-10-30,"[1.2, 1.5, 0.6]","[11.6, 19.3, 10.4]",2026-08-14 06:28:38.981804
HUB08-HUB07,2024-01-22,2024-01-23,"[0.0, 0.7]","[14.8, 14.2]",2026-08-14 06:28:38.981930
HUB18-HUB13,2024-04-23,2024-04-25,"[0.0, 0.2, 1.2]","[16.3, 11.5, 15.7]",2026-08-14 06:28:38.982120
HUB10-HUB12,2025-01-02,2025-01-05,"[0.0, 0.0, 0.0, 0.4]","[19.3, 8.1, 20.2, 17.8]",2026-08-14 06:28:38.982335
HUB16-HUB01,2024-10-25,2024-10-27,"[0.0, 0.3, 0.4]","[15.8, 14.6, 21.0]",2026-08-14 06:28:38.982484
HUB15-HUB17,2025-10-07,2025-10-09,"[0.3, 0.9, 0.0]","[27.1, 12.3, 32.4]",2026-08-14 06:28:38.982634
HUB14-HUB06,2023-05-15,2023-05-18,"[1.4, 1.2, 0.3, 0.3]","[18.8, 15.7, 11.5, 14.8]",2026-08-14 06:28:38.982796
HUB12-HUB15,2024-10-23,2024-10-26,"[0.0, 0.9, 0.0, 0.0]","[16.7, 19.3, 13.9, 21.3]",2026-08-14 06:28:38.982946
HUB03-HUB14,2024-03-15,2024-03-17,"[0.0, 1.0, 1.5]","[16.4, 22.1, 14.7]",2026-08-14 06:28:38.983083
HUB06-HUB07,2024-09-27,2024-09-28,"[0.0, 0.5]","[13.1, 12.6]",2026-08-14 06:28:38.983246
HUB01-HUB18,2024-09-16,2024-09-17,"[0.0, 0.0]","[9.2, 26.3]",2026-08-14 06:28:38.983377
HUB08-HUB14,2023-05-03,2023-05-05,"[0.0, 0.1, 0.3]","[15.4, 20.4, 17.9]",2026-08-14 06:28:38.983521
HUB04-HUB11,2025-01-22,2025-01-25,"[0.5, 0.2, 0.0, 0.8]","[23.4, 11.6, 15.9, 27.0]",2026-08-14 06:28:38.983683
HUB11-HUB06,2024-03-11,2024-03-14,"[0.8, 1.2, 1.6, 0.3]","[10.8, 14.9, 19.6, 14.3]",2026-08-14 06:28:38.983831
HUB08-HUB03,2025-11-19,2025-11-20,"[0.0, 0.0]","[26.0, 25.3]",2026-08-14 06:28:38.983965
HUB17-HUB14,2025-02-02,2025-02-03,"[0.0, 0.7]","[17.4, 17.3]",2026-08-14 06:28:38.984090
HUB15-HUB17,2023-11-14,2023-11-16,"[0.1, 0.0, 1.4]","[18.2, 25.7, 14.4]",2026-08-14 06:28:38.984261
HUB05-HUB14,2023-08-25,2023-08-28,"[None, 1.2, 1.1, 0.1]","[22.7, 15.1, 14.8, 9.1]",2026-08-14 06:28:38.984412
HUB08-HUB07,2025-09-07,2025-09-08,"[14.4, 9.9]","[11.0, 16.3]",2026-08-14 06:28:38.984539
HUB08-HUB16,2024-05-19,2024-05-20,"[0.4, 0.2]","[22.2, 11.6]",2026-08-14 06:28:38.984677
HUB01-HUB11,2025-11-23,2025-11-26,"[0.0, 0.7, 0.0, 0.6]","[20.3, 27.4, 2.3, 22.8]",2026-08-14 06:28:38.984829
HUB14-HUB07,2025-04-04,2025-04-08,"[1.0, 9.6, 0.8, 0.2, 0.0]","[15.4, 17.1, 11.4, 14.8, 14.7]",2026-08-14 06:28:38.984994
HUB02-HUB18,2024-07-21,2024-07-22,"[34.3, 0.9]","[11.7, 13.7]",2026-08-14 06:28:38.985123
HUB15-HUB10,2024-02-08,2024-02-11,"[0.6, 0.4, 0.0, 0.0]","[15.5, 28.9, 21.8, 11.6]",2026-08-14 06:28:38.985310
HUB09-HUB13,2024-09-10,2024-09-14,"[0.0, 18.1, 0.9, 0.0, 1.0]","[8.5, 11.1, 16.5, 11.4, 14.3]",2026-08-14 06:28:38.985475
HUB09-HUB11,2024-01-25,2024-01-28,"[0.0, 0.2, 0.0, 0.2]","[20.1, 13.8, 8.3, 8.7]",2026-08-14 06:28:38.985637
HUB01-HUB05,2025-04-01,2025-04-04,"[0.3, 1.1, 0.2, 0.5]","[17.6, 10.6, 12.6, 15.3]",2026-08-14 06:28:38.985802
HUB12-HUB14,2024-04-12,2024-04-14,"[0.0, 0.2, 0.9]","[22.0, 14.4, 13.6]",2026-08-14 06:28:38.985952
HUB14-HUB03,2025-02-01,2025-02-03,"[0.0, 0.0, 5.8]","[11.4, 12.1, 14.6]",2026-08-14 06:28:38.986153
HUB08-HUB14,2025-07-21,2025-07-23,"[22.6, 0.0, 0.7]","[14.5, 13.3, 17.5]",2026-08-14 06:28:38.986311
HUB05-HUB07,2024-05-27,2024-05-28,"[0.6, 0.0]","[16.2, 17.3]",2026-08-14 06:28:38.986439
HUB18-HUB16,2023-03-18,2023-03-19,"[1.0, 1.1]","[13.7, 4.6]",2026-08-14 06:28:38.986564
HUB09-HUB13,2025-03-17,2025-03-20,"[0.8, 0.0, 0.0, 0.0]","[12.3, 14.0, 23.2, 21.4]",2026-08-14 06:28:38.986724
HUB12-HUB07,2025-11-13,2025-11-17,"[1.1, 1.6, 0.8, 1.0, 0.0]","[16.3, 11.9, 15.7, 14.1, 14.4]",2026-08-14 06:28:38.986882
HUB15-HUB18,2025-10-17,2025-10-19,"[0.9, 3.8, 0.0]","[33.5, 20.7, 21.9]",2026-08-14 06:28:38.987018
HUB11-HUB16,2024-04-04,2024-04-06,"[0.0, 0.0, 0.0]","[12.6, 17.5, 15.6]",2026-08-14 06:28:38.987191
HUB10-HUB02,2024-12-05,2024-12-08,"[0.8, 0.0, 0.1, 1.1]","[15.1, 21.2, 29.7, 16.0]",2026-08-14 06:28:38.987348
HUB13-HUB12,2025-03-07,2025-03-08,"[0.0, 0.4]","[15.4, 1.5]",2026-08-14 06:28:38.987475
HUB16-HUB08,2025-03-05,2025-03-06,"[0.7, 0.0]","[14.1, 14.4]",2026-08-14 06:28:38.987609
HUB13-HUB01,2025-07-04,2025-07-06,"[9.0, 0.6, 9.2]","[14.3, 11.3, 0.7]",2026-08-14 06:28:38.987750
HUB16-HUB15,2025-07-03,2025-07-04,"[0.6, 1.2]","[5.2, 3.3]",2026-08-14 06:28:38.987876
HUB06-HUB07,2025-07-06,2025-07-07,"[7.8, 17.1]","[14.8, 11.6]",2026-08-14 06:28:38.988000
HUB04-HUB16,2024-04-27,2024-04-29,"[0.8, 0.4, 1.1]","[9.8, 14.3, 12.3]",2026-08-14 06:28:38.988164
HUB02-HUB08,2023-04-23,2023-04-25,"[6.7, 1.2, 1.1]","[14.3, 14.7, 19.0]",2026-08-14 06:28:38.988327
HUB01-HUB16,2024-01-04,2024-01-05,"[0.0, 0.3]","[15.9, 12.5]",2026-08-14 06:28:38.988458
HUB09-HUB13,2024-01-20,2024-01-24,"[1.5, 0.5, 0.7, 0.0, 0.0]","[10.2, 16.2, 14.1, 12.0, 19.7]",2026-08-14 06:28:38.988635
HUB16-HUB14,2025-09-16,2025-09-18,"[1.4, 0.0, None]","[3.1, 19.4, 19.6]",2026-08-14 06:28:38.988778
HUB02-HUB12,2023-03-04,2023-03-07,"[0.8, 0.1, 0.4, 0.0]","[10.1, 18.3, 4.3, 4.6]",2026-08-14 06:28:38.988925
HUB12-HUB04,2024-10-09,2024-10-13,"[0.0, 0.4, 0.5, 0.0, 0.0]","[22.4, 35.7, 17.5, 15.5, 28.9]",2026-08-14 06:28:38.989081
HUB15-HUB09,2024-01-18,2024-01-20,"[0.0, 1.0, 0.0]","[17.6, 10.6, 19.0]",2026-08-14 06:28:38.989249
HUB17-HUB07,2024-12-04,2024-12-08,"[1.0, 0.8, 1.0, 0.0, 0.4]","[17.8, 14.6, 16.3, 11.5, 18.2]",2026-08-14 06:28:38.989409
HUB15-HUB04,2024-01-15,2024-01-17,"[0.9, 0.0, 0.7]","[9.2, 9.6, 1.2]",2026-08-14 06:28:38.989544
HUB02-HUB11,2024-03-02,2024-03-04,"[0.0, 1.4, 0.6]","[16.2, 15.8, 8.9]",2026-08-14 06:28:38.989693
HUB03-HUB12,2025-03-12,2025-03-15,"[1.8, 0.0, 0.0, 0.0]","[6.0, 14.9, 10.1, 3.1]",2026-08-14 06:28:38.989839
HUB18-HUB03,2023-12-28,2023-12-29,"[1.1, 0.8]","[15.7, 16.3]",2026-08-14 06:28:38.989964
HUB02-HUB17,2023-04-03,2023-04-06,"[0.1, 0.5, 0.7, 1.2]","[27.0, 7.6, 17.0, 11.2]",2026-08-14 06:28:38.990184
HUB18-HUB08,2023-06-29,2023-06-30,"[1.0, 0.0]","[12.8, 18.2]",2026-08-14 06:28:38.990339
HUB17-HUB09,2025-02-01,2025-02-03,"[0.0, 1.0, 0.0]","[10.2, 12.2, 9.8]",2026-08-14 06:28:38.990481
HUB05-HUB04,2024-02-20,2024-02-22,"[1.7, 1.0, 0.8]","[23.6, 33.3, 13.3]",2026-08-14 06:28:38.990629
HUB15-HUB04,2024-08-17,2024-08-19,"[0.7, 25.3, 3.2]","[30.7, 20.1, 28.7]",2026-08-14 06:28:38.990772
HUB02-HUB06,2024-05-20,2024-05-22,"[7.7, 0.6, 0.1]","[17.0, 13.0, 12.4]",2026-08-14 06:28:38.990912
HUB03-HUB04,2024-06-08,2024-06-09,"[0.0, 0.3]","[19.4, 28.9]",2026-08-14 06:28:38.991035
HUB07-HUB15,2025-12-24,2025-12-26,"[0.6, 0.4, 0.9]","[17.7, 18.6, 21.5]",2026-08-14 06:28:38.991196
HUB05-HUB13,2024-05-23,2024-05-27,"[1.2, 0.2, 1.1, 0.1, 1.1]","[11.7, 16.9, 7.3, 16.4, 17.1]",2026-08-14 06:28:38.991364
HUB08-HUB13,2023-12-05,2023-12-08,"[0.1, 0.0, 0.9, 0.1]","[17.4, 13.8, 8.9, 14.1]",2026-08-14 06:28:38.991515
HUB05-HUB12,2023-12-10,2023-12-15,"[0.5, 0.3, 0.3, 0.3, 11.8, 0.0]","[22.2, 28.8, 18.9, 28.0, 36.5, 19.6]",2026-08-14 06:28:38.991699
HUB05-HUB01,2025-12-13,2025-12-16,"[0.0, 0.0, 12.8, 0.4]","[13.5, 15.9, 18.0, 17.1]",2026-08-14 06:28:38.991859
HUB07-HUB09,2024-05-13,2024-05-15,"[0.9, 1.4, 0.2]","[12.1, 15.7, 12.0]",2026-08-14 06:28:38.992003
HUB01-HUB17,2025-06-24,2025-06-27,"[0.0, 0.7, 0.7, 23.5]","[5.4, 10.5, 11.5, 8.1]",2026-08-14 06:28:38.992204
HUB13-HUB03,2024-08-10,2024-08-13,"[0.6, 0.7, 4.7, 0.8]","[14.2, 11.4, 26.9, 6.7]",2026-08-14 06:28:38.992389
HUB16-HUB10,2024-05-30,2024-06-02,"[19.3, 0.0, 8.2, 0.7]","[27.3, 17.8, 31.3, 4.4]",2026-08-14 06:28:38.992629
HUB08-HUB10,2023-09-24,2023-09-27,"[None, 0.2, 11.7, 25.8]","[6.4, 19.3, 3.6, 14.8]",2026-08-14 06:28:38.992926
HUB04-HUB12,2023-08-22,2023-08-26,"[0.2, 0.0, 0.0, 0.4, 6.2]","[12.3, 0.4, 28.8, 11.1, 7.2]",2026-08-14 06:28:38.993212
HUB17-HUB08,2023-10-07,2023-10-10,"[0.0, 0.8, 0.0, None]","[11.8, 3.8, 19.1, 16.2]",2026-08-14 06:28:38.993391
HUB16-HUB12,2023-04-10,2023-04-13,"[0.1, 0.0, 1.3, 0.1]","[24.7, 7.2, 31.5, 14.1]",2026-08-14 06:28:38.993552
HUB09-HUB03,2025-09-02,2025-09-04,"[0.2, 0.0, 0.0]","[22.5, 15.9, 22.4]",2026-08-14 06:28:38.993708
HUB05-HUB02,2025-08-31,2025-09-03,"[11.8, 36.0, 0.0, 0.8]","[11.1, 21.6, 18.3, 10.4]",2026-08-14 06:28:38.993861
HUB14-HUB04,2023-09-29,2023-10-02,"[0.7, 1.3, 1.5, 1.3]","[12.3, 15.4, 21.6, 11.5]",2026-08-14 06:28:38.994007
HUB16-HUB11,2024-01-14,2024-01-16,"[0.0, 0.0, 0.0]","[10.7, 18.8, 11.4]",2026-08-14 06:28:38.994273
HUB01-HUB07,2023-01-16,2023-01-19,"[3.3, 0.1, 0.8, 1.7]","[14.4, 16.6, 16.7, 8.7]",2026-08-14 06:28:38.994444
HUB06-HUB13,2023-08-07,2023-08-10,"[0.0, 0.7, 12.3, 0.5]","[8.6, 18.1, 16.3, 8.9]",2026-08-14 06:28:38.994609
HUB16-HUB17,2023-01-13,2023-01-15,"[0.7, 0.4, 0.6]","[18.0, 30.2, 13.2]",2026-08-14 06:28:38.994751
HUB02-HUB05,2024-11-28,2024-12-01,"[0.0, 1.6, 0.3, 0.5]","[12.9, 14.5, 15.8, 15.9]",2026-08-14 06:28:38.994895
HUB05-HUB03,2024-08-08,2024-08-10,"[0.0, 1.0, 0.6]","[14.7, 4.6, 13.7]",2026-08-14 06:28:38.995031
HUB15-HUB02,2023-05-03,2023-05-04,"[0.0, 0.5]","[28.6, 20.6]",2026-08-14 06:28:38.995223
HUB15-HUB13,2023-03-08,2023-03-10,"[0.2, 1.0, 0.7]","[3.8, 20.7, 16.3]",2026-08-14 06:28:38.995456
HUB05-HUB18,2025-09-18,2025-09-21,"[0.0, 18.4, 0.0, 0.4]","[17.0, 13.2, 13.8, 17.9]",2026-08-14 06:28:38.995639
HUB16-HUB09,2023-11-25,2023-11-27,"[0.0, 0.9, 14.0]","[17.3, 5.9, 16.3]",2026-08-14 06:28:38.995792
HUB06-HUB17,2025-03-18,2025-03-21,"[0.2, 0.0, 0.0, 0.9]","[11.7, 2.3, 13.3, 23.4]",2026-08-14 06:28:38.995942
HUB04-HUB10,2024-05-09,2024-05-13,"[0.3, 0.4, 0.0, 0.2, 0.0]","[17.7, 5.5, 11.8, 24.1, 10.7]",2026-08-14 06:28:38.996102
HUB08-HUB14,2025-04-25,2025-04-28,"[3.4, 0.0, 0.0, 1.4]","[10.7, 11.6, 21.1, 15.3]",2026-08-14 06:28:38.996297
HUB11-HUB05,2025-09-19,2025-09-22,"[0.6, 0.4, 0.4, 0.7]","[10.7, 10.8, 16.6, 20.6]",2026-08-14 06:28:38.996447
HUB11-HUB10,2025-12-04,2025-12-07,"[0.6, 0.1, 0.4, 0.3]","[26.9, 20.3, 27.2, 39.7]",2026-08-14 06:28:38.996605
HUB05-HUB03,2023-06-25,2023-06-27,"[6.7, 5.1, 0.0]","[11.6, 16.7, 15.2]",2026-08-14 06:28:38.996746
HUB12-HUB11,2024-12-26,2024-12-27,"[1.6, 0.6]","[16.8, 21.6]",2026-08-14 06:28:38.996875
HUB01-HUB05,2025-09-04,2025-09-06,"[0.7, 15.9, 10.2]","[12.1, 6.3, 9.7]",2026-08-14 06:28:38.997009
HUB02-HUB09,2024-12-06,2024-12-08,"[0.2, 0.6, 0.1]","[17.4, 20.6, 16.4]",2026-08-14 06:28:38.997174
HUB05-HUB06,2023-06-22,2023-06-23,"[15.7, 0.4]","[14.7, 13.9]",2026-08-14 06:28:38.997311
HUB18-HUB16,2025-10-21,2025-10-22,"[0.2, 8.5]","[15.7, 14.1]",2026-08-14 06:28:38.997437
HUB13-HUB14,2024-06-07,2024-06-08,"[0.3, 0.8]","[14.9, 10.3]",2026-08-14 06:28:38.997594
HUB01-HUB14,2024-11-23,2024-11-25,"[0.2, 0.5, 0.0]","[14.5, 19.5, 22.2]",2026-08-14 06:28:38.997741
HUB02-HUB13,2024-05-10,2024-05-12,"[0.0, 0.0, 0.3]","[19.6, 14.2, 13.1]",2026-08-14 06:28:38.997914
HUB16-HUB02,2025-01-30,2025-02-01,"[1.0, 0.4, 0.0]","[9.8, 10.2, 14.0]",2026-08-14 06:28:38.998220
HUB10-HUB07,2024-07-13,2024-07-16,"[2.5, 0.9, 22.5, 7.4]","[20.5, 16.0, 16.0, 16.0]",2026-08-14 06:28:38.998407
HUB13-HUB06,2023-03-08,2023-03-12,"[0.8, 0.0, 0.0, 0.6, 0.0]","[10.5, 12.5, 14.2, 14.3, 11.3]",2026-08-14 06:28:38.998583
HUB06-HUB03,2023-12-10,2023-12-12,"[7.2, 0.8, 1.1]","[25.4, 14.9, 16.0]",2026-08-14 06:28:38.998734
HUB06-HUB14,2025-01-04,2025-01-07,"[0.6, 0.3, 6.6, 0.5]","[12.3, 15.3, 12.1, 21.9]",2026-08-14 06:28:38.998883
HUB03-HUB13,2024-01-11,2024-01-14,"[0.0, 0.6, 0.0, 0.5]","[9.5, 9.2, 17.5, 10.3]",2026-08-14 06:28:38.999029
HUB11-HUB18,2024-06-25,2024-06-28,"[0.0, 27.8, 6.8, 1.1]","[2.6, 2.0, 18.6, 12.3]",2026-08-14 06:28:38.999211
HUB11-HUB18,2023-06-16,2023-06-19,"[10.2, 0.1, 0.0, 0.0]","[10.1, 14.1, 18.7, 4.9]",2026-08-14 06:28:38.999370
HUB10-HUB14,2023-08-15,2023-08-18,"[31.5, 24.4, None, 8.0]","[12.4, 9.3, 15.9, 18.0]",2026-08-14 06:28:38.999519
HUB17-HUB16,2025-01-02,2025-01-04,"[0.1, 0.0, 1.1]","[10.9, 11.9, 11.3]",2026-08-14 06:28:38.999675
HUB13-HUB09,2025-06-30,2025-07-03,"[7.5, 25.8, 15.0, 0.9]","[15.3, 14.2, 14.8, 13.3]",2026-08-14 06:28:38.999829
HUB17-HUB04,2024-05-21,2024-05-24,"[0.3, 0.0, 0.6, 0.0]","[10.3, 31.1, 37.5, 24.5]",2026-08-14 06:28:38.999984
HUB14-HUB12,2024-03-05,2024-03-07,"[0.0, 0.1, 0.1]","[6.6, 0.3, 6.8]",2026-08-14 06:28:39.000121
HUB03-HUB08,2024-10-14,2024-10-16,"[0.1, 0.0, 0.0]","[14.3, 16.1, 13.5]",2026-08-14 06:28:39.000295
HUB10-HUB14,2024-04-26,2024-04-29,"[0.0, 0.5, 10.0, 0.1]","[12.5, 15.6, 16.2, 14.0]",2026-08-14 06:28:39.000449
HUB18-HUB13,2025-10-18,2025-10-20,"[20.0, 0.5, 0.0]","[23.6, 12.9, 23.2]",2026-08-14 06:28:39.000624
HUB13-HUB03,2024-08-14,2024-08-17,"[6.2, 10.0, 0.2, 0.0]","[0.1, 21.3, 9.8, 8.3]",2026-08-14 06:28:39.000841
HUB03-HUB06,2023-07-17,2023-07-19,"[0.0, 0.5, 0.1]","[22.3, 15.8, 17.0]",2026-08-14 06:28:39.000990
HUB04-HUB18,2025-07-21,2025-07-22,"[12.6, 0.4]","[22.6, 5.8]",2026-08-14 06:28:39.001120
HUB02-HUB17,2025-10-02,2025-10-05,"[1.1, 0.0, None, 0.9]","[32.9, 21.5, 25.3, 28.3]",2026-08-14 06:28:39.001307
HUB13-HUB12,2023-09-29,2023-09-30,"[1.0, 0.4]","[20.5, 14.8]",2026-08-14 06:28:39.001433
HUB08-HUB18,2025-02-22,2025-02-24,"[0.1, 0.2, 0.6]","[12.0, 11.3, 3.4]",2026-08-14 06:28:39.001585
HUB08-HUB10,2024-11-08,2024-11-11,"[0.1, 0.4, 0.2, 0.6]","[32.4, 11.1, 26.1, 33.3]",2026-08-14 06:28:39.001742
HUB18-HUB04,2023-04-06,2023-04-07,"[0.5, 0.5]","[10.2, 14.2]",2026-08-14 06:28:39.001871
HUB17-HUB14,2025-09-07,2025-09-08,"[3.0, 0.8]","[9.3, 21.2]",2026-08-14 06:28:39.001997
HUB02-HUB08,2025-11-25,2025-11-27,"[0.3, 0.2, 1.1]","[12.5, 15.5, 17.3]",2026-08-14 06:28:39.002211
HUB16-HUB17,2024-09-08,2024-09-10,"[0.2, 1.1, 0.5]","[12.8, 8.6, 19.9]",2026-08-14 06:28:39.002363
HUB17-HUB16,2024-10-23,2024-10-25,"[0.0, 1.1, 0.6]","[16.5, 10.5, 16.5]",2026-08-14 06:28:39.002500
HUB01-HUB12,2023-08-14,2023-08-16,"[5.2, 8.6, 29.4]","[26.7, 18.8, 7.6]",2026-08-14 06:28:39.002648
HUB17-HUB06,2024-11-03,2024-11-06,"[0.2, 0.8, 0.0, 9.1]","[15.0, 11.2, 17.9, 12.6]",2026-08-14 06:28:39.002798
HUB14-HUB01,2024-09-21,2024-09-23,"[0.8, 0.0, 17.9]","[13.8, 16.3, 6.5]",2026-08-14 06:28:39.002935
HUB06-HUB04,2024-03-17,2024-03-19,"[0.9, 0.0, 0.6]","[6.2, 22.1, 10.6]",2026-08-14 06:28:39.003070
HUB11-HUB02,2024-07-06,2024-07-08,"[14.4, 6.1, 28.5]","[11.2, 9.7, 4.8]",2026-08-14 06:28:39.003238
HUB01-HUB16,2025-04-02,2025-04-03,"[0.6, 0.0]","[7.5, 13.9]",2026-08-14 06:28:39.003368
HUB13-HUB15,2025-04-26,2025-04-28,"[0.0, 0.7, 0.8]","[22.9, 12.1, 21.8]",2026-08-14 06:28:39.003504
HUB07-HUB10,2024-12-27,2024-12-30,"[0.4, 1.2, 0.4, None]","[27.5, 15.8, 26.2, 23.4]",2026-08-14 06:28:39.003667
HUB05-HUB10,2025-05-02,2025-05-05,"[11.3, 0.5, 0.0, 0.0]","[20.2, 27.7, 27.0, 32.3]",2026-08-14 06:28:39.003819
HUB15-HUB14,2025-06-04,2025-06-05,"[22.8, 0.4]","[11.7, 16.3]",2026-08-14 06:28:39.003944
HUB15-HUB18,2024-12-14,2024-12-16,"[0.8, 0.6, 0.1]","[29.1, 13.0, 19.2]",2026-08-14 06:28:39.004078
HUB07-HUB11,2023-03-13,2023-03-18,"[0.5, 0.3, 0.8, 0.0, 0.8, 0.0]","[20.6, 9.2, 14.4, 6.1, 9.6, 2.5]",2026-08-14 06:28:39.004282
HUB03-HUB04,2024-02-19,2024-02-20,"[1.0, 0.1]","[3.0, 12.6]",2026-08-14 06:28:39.004412
HUB14-HUB10,2024-02-04,2024-02-07,"[0.2, 0.1, 0.0, 0.2]","[13.1, 27.0, 5.4, 2.4]",2026-08-14 06:28:39.004556
HUB17-HUB13,2025-03-26,2025-03-28,"[0.3, 12.2, 0.3]","[17.6, 7.8, 11.2]",2026-08-14 06:28:39.004707
HUB16-HUB13,2025-03-12,2025-03-15,"[0.0, 0.0, 1.0, 0.0]","[11.8, 13.8, 15.7, 15.1]",2026-08-14 06:28:39.004853
HUB08-HUB18,2023-08-07,2023-08-09,"[0.8, 4.1, 0.1]","[6.5, 19.0, 12.3]",2026-08-14 06:28:39.004986
HUB10-HUB03,2024-10-13,2024-10-16,"[0.4, 0.0, 0.0, 0.0]","[21.2, 30.5, 20.3, 30.1]",2026-08-14 06:28:39.005151
HUB02-HUB01,2023-04-11,2023-04-12,"[0.0, 0.3]","[20.5, 12.7]",2026-08-14 06:28:39.005299
HUB06-HUB13,2023-11-18,2023-11-22,"[0.4, 0.4, 0.0, 0.0, 10.0]","[16.2, 18.0, 18.7, 21.1, 22.6]",2026-08-14 06:28:39.005462
HUB13-HUB07,2023-04-03,2023-04-08,"[1.2, 0.7, 0.0, 0.9, 1.7, 0.8]","[19.0, 13.1, 12.1, 15.5, 18.3, 15.7]",2026-08-14 06:28:39.005647
HUB14-HUB18,2024-07-08,2024-07-10,"[0.7, 0.0, 0.0]","[19.2, 26.2, 5.0]",2026-08-14 06:28:39.005788
HUB07-HUB04,2025-04-15,2025-04-17,"[0.1, 5.9, 0.0]","[5.3, 19.2, 10.9]",2026-08-14 06:28:39.005930
HUB17-HUB09,2025-01-02,2025-01-04,"[0.0, 0.0, 0.6]","[10.6, 12.9, 10.0]",2026-08-14 06:28:39.006107
HUB05-HUB10,2023-09-09,2023-09-12,"[0.6, 9.8, 40.1, 0.1]","[19.4, 11.1, 20.8, 1.6]",2026-08-14 06:28:39.006297
HUB13-HUB01,2025-05-15,2025-05-17,"[0.0, 0.4, 0.0]","[33.8, 18.5, 5.0]",2026-08-14 06:28:39.006439
HUB13-HUB16,2023-06-30,2023-07-03,"[0.0, 26.1, 0.0, 0.2]","[11.6, 14.3, 12.6, 12.7]",2026-08-14 06:28:39.006600
HUB11-HUB06,2025-04-29,2025-05-02,"[6.7, 1.5, 0.1, 1.4]","[10.3, 14.4, 17.6, 11.9]",2026-08-14 06:28:39.006755
HUB07-HUB18,2023-11-23,2023-11-25,"[0.5, 0.5, 0.4]","[15.8, 18.2, 9.4]",2026-08-14 06:28:39.006897
HUB13-HUB05,2025-09-01,2025-09-05,"[4.2, 0.2, 1.3, 0.0, 1.3]","[11.7, 15.5, 12.8, 9.5, 18.6]",2026-08-14 06:28:39.007053
HUB04-HUB10,2025-05-16,2025-05-20,"[16.6, 0.6, 0.0, 0.0, 0.4]","[15.0, 23.7, 32.8, 19.8, 28.5]",2026-08-14 06:28:39.007249
HUB15-HUB11,2025-12-11,2025-12-13,"[1.1, 0.9, 0.2]","[15.5, 21.6, 19.7]",2026-08-14 06:28:39.007393
HUB11-HUB17,2025-10-12,2025-10-14,"[0.1, 0.4, 1.6]","[20.0, 15.8, 33.5]",2026-08-14 06:28:39.007529
HUB08-HUB03,2023-05-13,2023-05-15,"[0.5, 0.8, 0.0]","[28.6, 33.7, 13.6]",2026-08-14 06:28:39.007680
HUB07-HUB16,2024-09-28,2024-09-30,"[0.0, 14.6, 0.0]","[14.8, 12.1, 13.4]",2026-08-14 06:28:39.007816
HUB03-HUB12,2023-11-27,2023-11-30,"[0.0, 0.5, 1.4, 0.1]","[10.7, 14.6, 19.5, 8.6]",2026-08-14 06:28:39.007960
HUB01-HUB04,2025-11-27,2025-11-28,"[0.2, 0.0]","[7.5, 18.7]",2026-08-14 06:28:39.008083
HUB06-HUB08,2023-03-06,2023-03-07,"[1.6, 0.5]","[14.3, 9.9]",2026-08-14 06:28:39.008239
HUB05-HUB01,2023-09-11,2023-09-13,"[0.0, 12.5, 0.0]","[24.6, 18.1, 23.8]",2026-08-14 06:28:39.008378
HUB13-HUB18,2025-07-06,2025-07-08,"[17.8, 4.7, 0.1]","[9.3, 14.9, 13.4]",2026-08-14 06:28:39.008515
HUB09-HUB16,2023-03-26,2023-03-28,"[0.0, 0.0, 1.5]","[14.0, 14.8, 8.9]",2026-08-14 06:28:39.008661
HUB03-HUB05,2025-12-29,2025-12-31,"[0.0, 0.0, 1.0]","[14.3, 19.9, 25.1]",2026-08-14 06:28:39.008797
HUB11-HUB17,2024-08-13,2024-08-15,"[12.2, 18.4, 0.0]","[24.4, 22.1, 6.3]",2026-08-14 06:28:39.008932
HUB12-HUB11,2025-11-07,2025-11-08,"[0.0, 0.3]","[40.9, 17.7]",2026-08-14 06:28:39.009056
HUB09-HUB14,2023-04-02,2023-04-04,"[0.8, 0.8, 0.8]","[12.8, 16.4, 10.3]",2026-08-14 06:28:39.009225
HUB12-HUB09,2024-05-27,2024-05-31,"[0.5, 0.2, 0.0, 31.0, 8.5]","[10.0, 17.6, 16.4, 10.8, 15.4]",2026-08-14 06:28:39.009395
HUB17-HUB12,2024-03-23,2024-03-25,"[None, 0.5, 0.0]","[7.6, 0.1, 28.7]",2026-08-14 06:28:39.009533
HUB11-HUB15,2025-12-12,2025-12-14,"[0.2, 0.0, 0.2]","[28.6, 16.7, 20.7]",2026-08-14 06:28:39.009684
HUB07-HUB05,2024-01-21,2024-01-22,"[0.1, 0.0]","[13.5, 10.7]",2026-08-14 06:28:39.009809
HUB12-HUB14,2025-10-28,2025-10-30,"[0.0, 0.8, 0.1]","[13.2, 4.4, 21.5]",2026-08-14 06:28:39.009942
HUB16-HUB09,2024-06-02,2024-06-04,"[1.0, 1.5, 0.1]","[16.9, 17.1, 18.8]",2026-08-14 06:28:39.010120
HUB12-HUB05,2023-07-23,2023-07-27,"[0.0, 5.9, 0.0, 0.8, 37.2]","[11.9, 10.7, 17.0, 14.6, 13.4]",2026-08-14 06:28:39.010315
HUB09-HUB07,2023-03-09,2023-03-11,"[0.0, 0.3, None]","[6.8, 15.5, 16.3]",2026-08-14 06:28:39.010456
HUB03-HUB15,2024-05-26,2024-05-28,"[1.0, 39.9, 0.0]","[16.5, 19.1, 19.1]",2026-08-14 06:28:39.010605
HUB13-HUB17,2025-07-18,2025-07-20,"[9.4, 35.0, 0.0]","[20.1, 18.9, 2.9]",2026-08-14 06:28:39.010746
HUB15-HUB18,2024-06-13,2024-06-15,"[0.0, 0.0, 0.0]","[14.8, 13.0, 15.7]",2026-08-14 06:28:39.010880
HUB10-HUB02,2023-09-10,2023-09-13,"[53.5, 24.6, 5.9, 4.2]","[20.2, 7.4, 11.1, 19.8]",2026-08-14 06:28:39.011023
HUB12-HUB08,2024-04-01,2024-04-05,"[0.9, 0.0, 0.8, 1.4, 1.4]","[12.8, 13.1, 12.2, 15.4, 13.0]",2026-08-14 06:28:39.011210
HUB02-HUB09,2024-03-04,2024-03-07,"[0.3, 1.0, 0.4, 0.7]","[14.0, 16.5, 11.6, 11.9]",2026-08-14 06:28:39.011366
HUB18-HUB10,2023-06-22,2023-06-26,"[1.0, 91.0, 25.2, 11.8, 0.2]","[6.2, 21.7, 22.7, 31.6, 26.5]",2026-08-14 06:28:39.011524
HUB08-HUB05,2023-06-30,2023-07-01,"[0.0, 0.0]","[12.6, 13.0]",2026-08-14 06:28:39.011666
HUB16-HUB11,2024-05-22,2024-05-24,"[0.3, 0.0, 0.1]","[19.4, 13.9, 31.3]",2026-08-14 06:28:39.011806
HUB13-HUB10,2023-08-26,2023-08-29,"[0.0, 25.7, 35.9, 45.3]","[15.0, 17.4, 21.4, 21.5]",2026-08-14 06:28:39.011952
HUB13-HUB02,2023-01-23,2023-01-25,"[0.0, 0.4, 1.1]","[4.8, 21.4, 12.9]",2026-08-14 06:28:39.012086
HUB05-HUB09,2024-05-07,2024-05-08,"[0.8, 0.3]","[16.6, 13.5]",2026-08-14 06:28:39.012266
HUB05-HUB16,2024-01-02,2024-01-04,"[0.0, 0.0, 0.0]","[14.8, 12.6, 19.5]",2026-08-14 06:28:39.012408
HUB06-HUB13,2025-06-24,2025-06-28,"[20.0, 0.9, 47.3, 0.4, 0.4]","[18.0, 13.4, 11.2, 12.9, 12.3]",2026-08-14 06:28:39.012570
HUB05-HUB09,2023-02-26,2023-02-27,"[1.3, 0.0]","[12.9, 18.1]",2026-08-14 06:28:39.012702
HUB13-HUB15,2025-11-10,2025-11-12,"[0.4, 0.4, 0.0]","[14.0, 16.7, 22.3]",2026-08-14 06:28:39.012838
HUB03-HUB16,2024-12-21,2024-12-22,"[0.5, 1.0]","[16.4, 10.8]",2026-08-14 06:28:39.012962
HUB14-HUB16,2024-08-01,2024-08-03,"[58.4, 35.6, 0.0]","[16.5, 15.9, 20.7]",2026-08-14 06:28:39.013095
HUB03-HUB18,2024-07-07,2024-07-08,"[0.0, 15.5]","[16.2, 26.0]",2026-08-14 06:28:39.013254
HUB10-HUB17,2025-02-11,2025-02-13,"[0.0, 0.0, 1.1]","[17.9, 4.9, 8.7]",2026-08-14 06:28:39.013393
HUB06-HUB04,2024-02-24,2024-02-26,"[0.5, 0.4, 1.4]","[21.0, 24.1, 1.8]",2026-08-14 06:28:39.013529
HUB14-HUB02,2024-11-17,2024-11-18,"[1.1, 0.0]","[20.9, 16.9]",2026-08-14 06:28:39.013668
HUB06-HUB04,2024-11-08,2024-11-10,"[0.7, 0.0, 0.5]","[30.2, 18.1, 22.9]",2026-08-14 06:28:39.013804
HUB16-HUB02,2023-06-17,2023-06-18,"[0.4, 23.3]","[7.1, 16.3]",2026-08-14 06:28:39.013928
HUB16-HUB12,2025-02-06,2025-02-09,"[0.0, 0.0, 0.0, 1.2]","[14.5, 15.5, 14.2, 11.4]",2026-08-14 06:28:39.014121
HUB10-HUB05,2024-07-14,2024-07-17,"[1.0, 1.1, 0.2, 0.4]","[12.7, 14.5, 9.9, 9.5]",2026-08-14 06:28:39.014305
HUB01-HUB11,2024-10-14,2024-10-16,"[0.3, 0.0, 0.3]","[22.5, 20.6, 22.9]",2026-08-14 06:28:39.014444
HUB13-HUB09,2023-11-23,2023-11-27,"[0.1, 0.9, 0.0, 1.3, 0.0]","[14.8, 18.2, 9.3, 10.0, 21.0]",2026-08-14 06:28:39.014611
HUB13-HUB05,2025-12-21,2025-12-25,"[0.9, 0.0, 0.2, 1.2, 0.7]","[13.4, 12.0, 7.8, 12.7, 17.3]",2026-08-14 06:28:39.014772
HUB01-HUB09,2023-07-03,2023-07-05,"[0.0, 7.2, 0.3]","[11.2, 17.4, 16.7]",2026-08-14 06:28:39.014910
HUB11-HUB14,2025-06-22,2025-06-23,"[8.1, 3.0]","[16.7, 15.8]",2026-08-14 06:28:39.015034
HUB01-HUB17,2025-02-24,2025-02-27,"[0.1, 1.1, 0.3, 0.0]","[15.8, 14.5, 22.0, 29.6]",2026-08-14 06:28:39.015205
HUB05-HUB15,2023-08-13,2023-08-15,"[12.2, 0.3, 38.0]","[6.2, 10.5, 14.3]",2026-08-14 06:28:39.015352
HUB11-HUB18,2025-09-24,2025-09-27,"[0.8, 0.0, 1.2, 6.3]","[7.7, 23.5, 11.6, 7.7]",2026-08-14 06:28:39.015501
HUB09-HUB08,2023-02-11,2023-02-12,"[None, 0.6]","[4.6, 11.6]",2026-08-14 06:28:39.015639
HUB12-HUB07,2025-04-09,2025-04-14,"[1.1, 1.0, 0.0, 0.2, 0.5, 0.5]","[10.9, 22.1, 11.5, 9.9, 9.6, 13.1]",2026-08-14 06:28:39.015816
HUB08-HUB14,2025-09-18,2025-09-20,"[0.4, 0.4, 1.4]","[16.0, 10.7, 14.2]",2026-08-14 06:28:39.015958
HUB06-HUB18,2024-11-11,2024-11-13,"[0.0, 0.9, 0.0]","[16.9, 19.5, 15.5]",2026-08-14 06:28:39.016100
HUB02-HUB03,2025-12-09,2025-12-10,"[0.7, 1.3]","[25.5, 24.3]",2026-08-14 06:28:39.016343
HUB12-HUB05,2025-06-05,2025-06-09,"[5.4, 0.7, 0.1, 0.0, 2.0]","[12.3, 11.6, 15.8, 18.8, 8.7]",2026-08-14 06:28:39.016529
HUB10-HUB01,2023-09-07,2023-09-10,"[0.3, 30.1, 0.0, 0.2]","[9.9, 28.0, 12.9, 13.2]",2026-08-14 06:28:39.016708
HUB02-HUB04,2024-04-03,2024-04-04,"[0.1, 0.0]","[16.8, 2.7]",2026-08-14 06:28:39.016840
HUB03-HUB07,2024-10-09,2024-10-11,"[0.6, 0.0, 0.8]","[11.5, 10.3, 12.2]",2026-08-14 06:28:39.016975
HUB14-HUB13,2025-07-10,2025-07-11,"[2.0, 19.6]","[19.1, 7.3]",2026-08-14 06:28:39.017101
HUB15-HUB12,2025-03-19,2025-03-22,"[8.4, 0.0, 0.3, 0.5]","[3.8, 0.3, 16.5, 18.7]",2026-08-14 06:28:39.017294
HUB07-HUB17,2024-12-14,2024-12-17,"[0.9, 0.0, 0.3, 0.0]","[20.8, 20.0, 28.2, 29.6]",2026-08-14 06:28:39.017443
HUB18-HUB07,2024-12-07,2024-12-09,"[0.6, 0.9, 0.6]","[12.0, 11.8, 15.2]",2026-08-14 06:28:39.017593
HUB11-HUB15,2023-06-26,2023-06-28,"[4.9, 0.1, 5.7]","[14.7, 10.6, 12.3]",2026-08-14 06:28:39.017737
HUB10-HUB15,2024-01-10,2024-01-13,"[0.3, 0.0, 0.0, 0.4]","[17.6, 9.2, 8.5, 4.4]",2026-08-14 06:28:39.017885
HUB18-HUB17,2025-03-14,2025-03-16,"[0.8, 0.0, 0.7]","[14.9, 26.4, 27.4]",2026-08-14 06:28:39.018028
HUB12-HUB11,2024-10-11,2024-10-12,"[None, 3.9]","[11.6, 29.0]",2026-08-14 06:28:39.018233
HUB10-HUB11,2025-10-02,2025-10-05,"[0.6, 3.6, 25.2, 19.3]","[28.7, 26.9, 25.5, 26.7]",2026-08-14 06:28:39.018388
HUB03-HUB04,2024-07-01,2024-07-02,"[0.0, 28.2]","[13.4, 15.3]",2026-08-14 06:28:39.018524
HUB10-HUB16,2025-03-05,2025-03-08,"[0.0, 0.6, 0.0, 0.9]","[17.2, 17.0, 9.9, 4.9]",2026-08-14 06:28:39.018686
HUB06-HUB17,2024-11-06,2024-11-10,"[0.0, 0.4, 0.0, 1.0, 0.6]","[7.2, 30.8, 40.3, 28.2, 26.4]",2026-08-14 06:28:39.018844
HUB02-HUB06,2024-08-23,2024-08-26,"[0.0, 1.0, 5.0, 0.0]","[13.5, 12.7, 15.3, 10.2]",2026-08-14 06:28:39.018991
HUB10-HUB06,2024-10-25,2024-10-28,"[0.0, 0.7, 0.8, 0.3]","[11.0, 9.9, 21.7, 14.6]",2026-08-14 06:28:39.019157
HUB01-HUB02,2023-10-19,2023-10-20,"[None, 0.0]","[11.5, 17.6]",2026-08-14 06:28:39.019295
HUB17-HUB14,2023-01-17,2023-01-18,"[0.0, 0.4]","[14.2, 14.3]",2026-08-14 06:28:39.019419
HUB17-HUB10,2024-07-22,2024-07-24,"[33.1, 29.3, 5.2]","[1.4, 2.8, 6.3]",2026-08-14 06:28:39.019554
HUB14-HUB06,2024-11-03,2024-11-06,"[1.5, 0.5, 1.0, 0.0]","[16.9, 13.9, 11.8, 19.8]",2026-08-14 06:28:39.019715
HUB16-HUB18,2023-02-08,2023-02-09,"[0.4, 0.9]","[11.8, 26.8]",2026-08-14 06:28:39.019842
HUB15-HUB04,2025-06-06,2025-06-08,"[1.4, 0.2, 0.5]","[18.7, 6.9, 7.4]",2026-08-14 06:28:39.019979
HUB15-HUB12,2024-03-14,2024-03-17,"[0.5, 0.8, 0.1, 2.2]","[16.3, 25.7, 11.4, 16.3]",2026-08-14 06:28:39.020146
HUB03-HUB02,2025-10-02,2025-10-03,"[0.7, 0.0]","[11.4, 16.2]",2026-08-14 06:28:39.020287
HUB18-HUB14,2024-12-13,2024-12-15,"[0.0, 0.0, 0.6]","[15.4, 16.6, 19.2]",2026-08-14 06:28:39.020421
HUB05-HUB01,2023-12-24,2023-12-27,"[0.0, 0.0, 0.2, 0.4]","[15.5, 22.3, 16.6, 11.4]",2026-08-14 06:28:39.020573
HUB02-HUB17,2023-05-27,2023-05-30,"[0.4, 0.0, 0.1, 0.0]","[25.0, 46.9, 39.1, 17.7]",2026-08-14 06:28:39.020732
HUB16-HUB09,2023-11-29,2023-12-01,"[0.0, 0.2, 0.8]","[14.8, 14.4, 13.6]",2026-08-14 06:28:39.020867
HUB14-HUB15,2023-04-25,2023-04-26,"[20.3, 0.2]","[18.3, 21.3]",2026-08-14 06:28:39.020995
HUB11-HUB04,2023-01-08,2023-01-11,"[0.4, 0.0, 0.4, 1.9]","[8.6, 29.5, 17.9, 6.0]",2026-08-14 06:28:39.021161
HUB03-HUB11,2024-01-22,2024-01-25,"[0.0, 1.4, 0.0, 0.0]","[4.7, 2.1, 10.0, 9.8]",2026-08-14 06:28:39.021328
HUB06-HUB02,2025-02-14,2025-02-17,"[0.0, 0.5, 0.8, 3.9]","[10.0, 24.9, 14.5, 9.4]",2026-08-14 06:28:39.021474
HUB12-HUB15,2023-05-16,2023-05-19,"[0.0, 1.4, 0.0, 0.4]","[23.1, 20.3, 22.5, 23.7]",2026-08-14 06:28:39.021635
HUB13-HUB01,2023-08-07,2023-08-09,"[0.3, 18.5, 5.9]","[9.9, 14.4, 10.2]",2026-08-14 06:28:39.021779
HUB13-HUB07,2025-11-07,2025-11-11,"[0.0, 0.6, 1.3, 0.6, 0.0]","[15.5, 13.2, 15.9, 12.4, 13.6]",2026-08-14 06:28:39.021937
HUB05-HUB18,2025-02-17,2025-02-19,"[0.3, None, 0.1]","[16.0, 6.2, 8.5]",2026-08-14 06:28:39.022121
HUB13-HUB11,2023-04-03,2023-04-04,"[1.9, 0.5]","[12.9, 11.1]",2026-08-14 06:28:39.022292
HUB02-HUB08,2023-06-02,2023-06-04,"[0.4, 0.4, 0.0]","[9.4, 18.7, 15.5]",2026-08-14 06:28:39.022431
HUB05-HUB16,2023-02-08,2023-02-10,"[0.0, 0.1, 0.9]","[19.9, 16.4, 13.7]",2026-08-14 06:28:39.022575
HUB01-HUB03,2023-12-02,2023-12-03,"[0.7, 0.4]","[22.8, 27.2]",2026-08-14 06:28:39.022708
HUB16-HUB08,2024-05-12,2024-05-13,"[0.0, 2.8]","[14.9, 17.4]",2026-08-14 06:28:39.022834
HUB07-HUB14,2023-01-17,2023-01-21,"[None, 0.4, 0.8, 0.0, 0.0]","[25.3, 16.0, 20.8, 9.5, 20.0]",2026-08-14 06:28:39.022990
HUB11-HUB15,2025-09-01,2025-09-03,"[0.8, 28.1, 0.0]","[13.7, 10.0, 6.5]",2026-08-14 06:28:39.023155
HUB01-HUB13,2024-06-14,2024-06-16,"[0.5, 0.7, 18.3]","[12.2, 14.2, 10.3]",2026-08-14 06:28:39.023308
HUB17-HUB14,2023-05-04,2023-05-05,"[0.0, 0.0]","[12.0, 19.9]",2026-08-14 06:28:39.023465
HUB08-HUB03,2024-02-10,2024-02-12,"[0.0, 0.5, 0.9]","[12.0, 12.6, 18.2]",2026-08-14 06:28:39.023614
HUB09-HUB06,2023-12-19,2023-12-20,"[0.0, 0.3]","[13.9, 5.7]",2026-08-14 06:28:39.023745
HUB07-HUB14,2024-01-03,2024-01-07,"[0.0, 0.2, 1.3, 1.7, 0.0]","[13.5, 16.1, 12.2, 6.7, 13.5]",2026-08-14 06:28:39.023899
HUB07-HUB12,2023-11-08,2023-11-13,"[0.3, 0.9, 0.1, 1.0, 1.2, 0.0]","[18.7, 21.7, 21.0, 20.8, 25.8, 17.5]",2026-08-14 06:28:39.024063
HUB06-HUB18,2024-11-25,2024-11-27,"[0.0, 0.4, 0.3]","[28.9, 19.2, 23.1]",2026-08-14 06:28:39.024239
HUB17-HUB08,2023-07-12,2023-07-15,"[1.4, 12.1, 6.9, 0.0]","[18.4, 12.6, 19.0, 16.7]",2026-08-14 06:28:39.024395
HUB02-HUB18,2025-10-10,2025-10-11,"[0.8, 0.0]","[15.2, 12.5]",2026-08-14 06:28:39.024520
HUB15-HUB07,2025-06-30,2025-07-02,"[None, 0.8, 1.0]","[17.0, 18.2, 13.3]",2026-08-14 06:28:39.024679
HUB05-HUB04,2023-04-23,2023-04-26,"[0.2, 0.2, 0.7, 1.1]","[16.4, 6.6, 23.0, 2.8]",2026-08-14 06:28:39.024864
HUB02-HUB13,2023-01-22,2023-01-24,"[0.0, 0.0, 0.7]","[15.4, 22.4, 9.5]",2026-08-14 06:28:39.025000
HUB16-HUB05,2025-03-29,2025-03-31,"[0.0, 0.1, 0.0]","[16.8, 17.0, 11.7]",2026-08-14 06:28:39.025155
HUB08-HUB03,2023-05-04,2023-05-06,"[0.3, 0.1, 1.0]","[31.7, 25.1, 16.6]",2026-08-14 06:28:39.025310
HUB17-HUB15,2025-03-10,2025-03-12,"[0.3, 0.0, 0.6]","[12.7, 12.9, 9.3]",2026-08-14 06:28:39.025447
HUB02-HUB12,2024-01-06,2024-01-08,"[0.0, 0.0, 1.0]","[24.7, 0.8, 4.7]",2026-08-14 06:28:39.025593
HUB02-HUB09,2024-10-14,2024-10-16,"[0.6, 0.6, 0.1]","[14.8, 10.7, 17.4]",2026-08-14 06:28:39.025735
HUB16-HUB03,2023-06-11,2023-06-12,"[9.8, 0.2]","[7.5, 16.4]",2026-08-14 06:28:39.025861
HUB05-HUB04,2024-03-21,2024-03-24,"[0.5, 0.3, 0.9, 0.5]","[14.9, 7.8, 0.5, 8.7]",2026-08-14 06:28:39.026004
HUB09-HUB03,2024-11-03,2024-11-05,"[0.0, 0.6, 0.0]","[15.4, 15.4, 28.5]",2026-08-14 06:28:39.026212
HUB03-HUB07,2024-03-29,2024-03-31,"[0.7, 0.0, 0.4]","[11.4, 9.3, 23.0]",2026-08-14 06:28:39.026369
HUB05-HUB14,2025-08-15,2025-08-18,"[5.0, 11.4, 0.1, 17.8]","[15.4, 3.9, 11.1, 15.0]",2026-08-14 06:28:39.026523
HUB11-HUB06,2025-03-10,2025-03-14,"[0.4, 0.5, 0.7, None, 0.0]","[13.3, 14.0, 8.7, 10.3, 13.9]",2026-08-14 06:28:39.026710
HUB02-HUB12,2024-03-22,2024-03-25,"[1.3, 0.1, 0.0, 2.9]","[19.2, 4.5, 20.9, 14.6]",2026-08-14 06:28:39.026865
HUB14-HUB09,2025-07-15,2025-07-17,"[9.2, 23.2, 1.2]","[13.2, 16.3, 9.2]",2026-08-14 06:28:39.027002
HUB06-HUB07,2025-10-17,2025-10-18,"[0.0, 0.2]","[15.7, 10.8]",2026-08-14 06:28:39.027190
HUB17-HUB15,2024-05-18,2024-05-20,"[0.0, 0.0, 0.5]","[23.2, 11.3, 7.7]",2026-08-14 06:28:39.027341
HUB07-HUB09,2025-07-02,2025-07-04,"[0.0, 0.4, 0.0]","[16.3, 10.8, 10.5]",2026-08-14 06:28:39.027479
HUB13-HUB09,2025-06-04,2025-06-08,"[6.8, 0.6, 17.4, 0.4, 0.1]","[17.1, 15.4, 16.0, 21.9, 11.1]",2026-08-14 06:28:39.027647
HUB18-HUB05,2025-06-12,2025-06-15,"[0.4, 0.9, 0.6, 0.0]","[11.0, 10.5, 9.3, 17.3]",2026-08-14 06:28:39.027803
HUB12-HUB17,2025-03-02,2025-03-04,"[5.6, 0.1, 0.6]","[13.8, 19.6, 13.9]",2026-08-14 06:28:39.027941
HUB18-HUB08,2023-08-02,2023-08-04,"[0.2, 0.3, 0.4]","[14.5, 15.3, 5.7]",2026-08-14 06:28:39.028078
HUB13-HUB01,2024-04-21,2024-04-23,"[1.3, 0.0, 0.8]","[13.0, 16.7, 17.9]",2026-08-14 06:28:39.028254
HUB09-HUB17,2024-03-14,2024-03-16,"[0.3, 0.5, 0.0]","[8.7, 18.6, 6.1]",2026-08-14 06:28:39.028396
HUB18-HUB09,2023-03-02,2023-03-04,"[0.7, 0.0, 0.4]","[9.8, 18.1, 11.8]",2026-08-14 06:28:39.028530
HUB17-HUB16,2025-02-18,2025-02-20,"[1.1, 0.0, 0.3]","[13.2, 12.5, 9.2]",2026-08-14 06:28:39.028679
HUB17-HUB01,2023-08-17,2023-08-20,"[3.8, 3.5, 0.0, 1.1]","[15.0, 16.5, 13.7, 9.3]",2026-08-14 06:28:39.028828
HUB15-HUB02,2024-11-27,2024-11-28,"[0.0, 1.9]","[18.0, 18.5]",2026-08-14 06:28:39.028951
HUB02-HUB07,2025-10-05,2025-10-08,"[0.0, 0.0, 0.7, 0.4]","[12.4, 9.1, 15.4, 16.5]",2026-08-14 06:28:39.029095
HUB14-HUB04,2025-08-20,2025-08-23,"[0.4, 0.1, 0.0, 0.0]","[4.3, 11.8, 19.4, 3.8]",2026-08-14 06:28:39.029275
HUB05-HUB01,2025-02-22,2025-02-24,"[0.0, 0.0, 0.6]","[9.5, 13.4, 10.3]",2026-08-14 06:28:39.029415
HUB05-HUB01,2025-03-18,2025-03-21,"[1.2, 1.1, 0.0, 0.4]","[8.8, 18.7, 8.8, 10.2]",2026-08-14 06:28:39.029562
HUB15-HUB13,2024-11-01,2024-11-03,"[0.1, 1.5, 0.8]","[21.2, 15.9, 30.5]",2026-08-14 06:28:39.029711
HUB14-HUB08,2025-05-02,2025-05-05,"[0.0, 0.6, 0.8, 0.0]","[10.6, 15.5, 15.8, 10.7]",2026-08-14 06:28:39.029885
HUB02-HUB03,2024-11-13,2024-11-14,"[0.0, 0.0]","[22.7, 38.4]",2026-08-14 06:28:39.030194
HUB18-HUB15,2025-07-12,2025-07-14,"[25.2, 0.1, 10.5]","[23.6, 10.3, 11.9]",2026-08-14 06:28:39.030384
HUB13-HUB08,2025-02-17,2025-02-21,"[0.0, 0.1, 0.4, 0.0, 0.1]","[14.0, 12.6, 11.1, 20.6, 18.2]",2026-08-14 06:28:39.030553
HUB16-HUB11,2025-04-09,2025-04-11,"[0.3, 0.5, 0.0]","[11.4, 14.9, 6.0]",2026-08-14 06:28:39.030719
HUB17-HUB06,2023-05-01,2023-05-04,"[0.0, 0.0, 0.4, 0.3]","[10.3, 10.8, 11.5, 13.7]",2026-08-14 06:28:39.030875
HUB10-HUB05,2024-06-14,2024-06-17,"[3.4, 0.8, 0.1, 0.0]","[12.3, 9.7, 15.4, 10.8]",2026-08-14 06:28:39.031024
HUB06-HUB18,2023-08-22,2023-08-24,"[None, 4.1, 1.2]","[18.1, 4.4, 2.8]",2026-08-14 06:28:39.031195
HUB01-HUB08,2025-10-05,2025-10-07,"[0.5, 0.7, 0.0]","[16.4, 20.7, 15.3]",2026-08-14 06:28:39.031341
HUB13-HUB16,2024-09-17,2024-09-19,"[0.0, 0.0, 1.4]","[14.5, 15.7, 18.6]",2026-08-14 06:28:39.031476
HUB07-HUB02,2025-04-16,2025-04-19,"[0.3, 0.0, 0.4, 1.4]","[12.0, 9.6, 0.2, 19.5]",2026-08-14 06:28:39.031637
HUB08-HUB05,2023-08-15,2023-08-16,"[0.0, 19.5]","[11.8, 12.7]",2026-08-14 06:28:39.031775
HUB12-HUB07,2024-08-25,2024-08-30,"[0.1, 0.1, 0.0, 7.5, 0.0, 0.0]","[14.6, 17.8, 20.0, 15.1, 12.4, 10.1]",2026-08-14 06:28:39.031942
HUB08-HUB07,2023-09-30,2023-10-01,"[0.0, 0.1]","[18.1, 13.8]",2026-08-14 06:28:39.032069
HUB03-HUB07,2025-11-07,2025-11-09,"[0.0, 0.4, 5.6]","[18.7, 9.7, 16.8]",2026-08-14 06:28:39.032267
HUB16-HUB09,2023-09-27,2023-09-29,"[0.4, 11.3, 0.5]","[14.7, 16.6, 8.8]",2026-08-14 06:28:39.032415
HUB08-HUB05,2023-09-04,2023-09-05,"[0.8, 0.1]","[12.6, 10.0]",2026-08-14 06:28:39.032540
HUB13-HUB02,2024-02-18,2024-02-20,"[0.8, 0.0, 0.2]","[13.5, 11.2, 21.0]",2026-08-14 06:28:39.032688
HUB13-HUB04,2024-07-12,2024-07-15,"[0.0, 1.4, 0.9, 3.0]","[15.3, 14.7, 22.5, 13.9]",2026-08-14 06:28:39.032834
HUB05-HUB14,2024-08-28,2024-08-31,"[0.0, 12.8, 7.3, 0.0]","[9.2, 7.1, 11.7, 10.5]",2026-08-14 06:28:39.032979
HUB17-HUB04,2023-10-26,2023-10-29,"[0.6, 0.0, 8.1, 17.6]","[23.5, 14.6, 24.8, 25.9]",2026-08-14 06:28:39.033149
HUB18-HUB11,2023-08-11,2023-08-14,"[28.8, 0.0, 0.0, 1.0]","[9.7, 17.4, 12.8, 14.9]",2026-08-14 06:28:39.033314
HUB13-HUB03,2024-04-22,2024-04-25,"[0.0, 0.0, 0.0, 0.9]","[13.5, 8.9, 15.4, 20.3]",2026-08-14 06:28:39.033465
HUB16-HUB11,2023-03-11,2023-03-13,"[1.4, 0.5, 0.0]","[12.2, 16.3, 21.3]",2026-08-14 06:28:39.033612
HUB11-HUB03,2023-01-04,2023-01-07,"[0.8, 0.0, 0.5, 1.3]","[15.4, 10.5, 18.0, 10.4]",2026-08-14 06:28:39.033763
HUB06-HUB13,2024-10-21,2024-10-25,"[1.0, 0.0, 0.5, 0.0, 0.0]","[13.4, 25.0, 19.0, 9.0, 22.2]",2026-08-14 06:28:39.033920
HUB05-HUB18,2024-08-09,2024-08-11,"[1.1, 1.1, 2.2]","[20.1, 8.4, 20.9]",2026-08-14 06:28:39.034092
HUB17-HUB04,2025-08-13,2025-08-16,"[0.6, 1.1, 5.7, 0.7]","[8.9, 19.7, 3.9, 13.7]",2026-08-14 06:28:39.034278
HUB13-HUB12,2025-10-09,2025-10-10,"[None, 0.0]","[38.9, 19.0]",2026-08-14 06:28:39.034407
HUB09-HUB18,2025-04-14,2025-04-16,"[6.0, 0.4, 1.3]","[9.9, 10.9, 23.5]",2026-08-14 06:28:39.034543
HUB16-HUB12,2023-02-27,2023-03-03,"[0.0, 0.2, 0.4, 1.6, 0.2]","[20.2, 18.6, 15.9, 14.0, 18.4]",2026-08-14 06:28:39.034715
HUB11-HUB09,2023-08-26,2023-08-29,"[12.0, 0.4, 19.4, 12.6]","[12.2, 11.7, 18.9, 13.3]",2026-08-14 06:28:39.034863
HUB08-HUB02,2023-12-26,2023-12-29,"[2.5, 0.3, 0.5, 0.0]","[17.8, 20.2, 14.4, 17.0]",2026-08-14 06:28:39.035010
HUB02-HUB07,2024-07-09,2024-07-12,"[0.9, 29.0, 12.3, 0.0]","[10.5, 13.0, 15.0, 11.4]",2026-08-14 06:28:39.035190
HUB17-HUB04,2023-06-18,2023-06-21,"[1.2, 0.0, 0.0, 0.4]","[23.0, 16.0, 35.2, 16.3]",2026-08-14 06:28:39.035345
HUB02-HUB08,2024-03-17,2024-03-19,"[0.0, 0.8, 0.9]","[12.7, 16.6, 18.9]",2026-08-14 06:28:39.035481
HUB07-HUB09,2024-09-25,2024-09-27,"[0.0, 2.8, 0.1]","[12.7, 17.8, 16.7]",2026-08-14 06:28:39.035631
HUB11-HUB08,2023-04-01,2023-04-04,"[0.5, 0.9, 0.8, 1.0]","[12.7, 16.9, 10.9, 7.4]",2026-08-14 06:28:39.035788
HUB12-HUB07,2024-07-30,2024-08-03,"[0.0, 0.7, 0.7, 0.5, 1.8]","[12.6, 19.7, 8.4, 13.6, 17.8]",2026-08-14 06:28:39.035944
HUB12-HUB18,2023-01-03,2023-01-06,"[0.5, 0.0, 1.0, 0.3]","[26.3, 1.9, 9.7, 11.1]",2026-08-14 06:28:39.036089
HUB16-HUB05,2024-08-03,2024-08-05,"[0.8, 6.6, 3.1]","[12.8, 16.0, 13.8]",2026-08-14 06:28:39.036259
HUB10-HUB15,2025-03-09,2025-03-12,"[0.0, 0.0, 0.5, 0.0]","[17.2, 11.7, 16.1, 12.0]",2026-08-14 06:28:39.036408
HUB16-HUB14,2025-08-17,2025-08-19,"[0.8, 0.5, 0.0]","[17.0, 24.6, 16.6]",2026-08-14 06:28:39.036545
HUB11-HUB14,2023-06-18,2023-06-19,"[18.8, 0.5]","[11.6, 17.1]",2026-08-14 06:28:39.036683
HUB09-HUB05,2023-10-09,2023-10-10,"[0.0, 0.1]","[13.2, 16.1]",2026-08-14 06:28:39.036807
HUB07-HUB18,2024-12-26,2024-12-28,"[0.1, 1.1, 0.0]","[22.5, 28.1, 10.9]",2026-08-14 06:28:39.036942
HUB09-HUB13,2023-12-19,2023-12-22,"[0.0, 0.0, 0.0, 0.0]","[18.5, 11.8, 28.9, 20.2]",2026-08-14 06:28:39.037086
HUB09-HUB01,2025-07-15,2025-07-17,"[17.9, 1.5, 0.0]","[16.4, 6.2, 14.6]",2026-08-14 06:28:39.037256
HUB18-HUB03,2023-05-25,2023-05-26,"[0.0, 1.4]","[21.0, 7.7]",2026-08-14 06:28:39.037386
HUB03-HUB12,2023-01-14,2023-01-17,"[0.2, 0.2, 0.1, 1.2]","[18.8, 4.9, 4.6, 9.2]",2026-08-14 06:28:39.037530
HUB09-HUB11,2024-05-24,2024-05-27,"[0.5, 1.2, 17.9, 0.0]","[19.4, 34.5, 12.6, 35.4]",2026-08-14 06:28:39.037689
HUB03-HUB10,2025-10-18,2025-10-21,"[0.0, 0.0, 12.7, 0.0]","[32.2, 27.9, 18.7, 7.9]",2026-08-14 06:28:39.037838
HUB01-HUB13,2023-02-26,2023-02-28,"[0.4, 0.6, 0.0]","[3.3, 11.8, 3.6]",2026-08-14 06:28:39.037973
HUB09-HUB10,2024-02-05,2024-02-08,"[0.0, 0.0, 0.0, 0.0]","[4.7, 11.6, 30.9, 5.8]",2026-08-14 06:28:39.038193
HUB09-HUB13,2025-01-03,2025-01-07,"[None, 0.0, 0.4, 0.0, 0.0]","[6.0, 20.4, 16.9, 12.3, 20.5]",2026-08-14 06:28:39.038375
HUB06-HUB03,2024-08-25,2024-08-27,"[7.8, 0.9, 0.0]","[9.0, 20.1, 21.1]",2026-08-14 06:28:39.038518
HUB11-HUB18,2023-07-10,2023-07-13,"[24.5, 0.2, 0.0, 0.0]","[26.6, 1.0, 18.2, 17.0]",2026-08-14 06:28:39.038679
HUB01-HUB09,2025-09-27,2025-09-29,"[0.1, 33.3, 1.8]","[9.5, 16.6, 13.3]",2026-08-14 06:28:39.038817
HUB14-HUB09,2023-03-22,2023-03-24,"[0.3, 0.0, 0.7]","[16.1, 17.3, 9.9]",2026-08-14 06:28:39.038953
HUB08-HUB18,2024-08-08,2024-08-10,"[0.2, 0.5, 9.3]","[10.1, 10.2, 13.9]",2026-08-14 06:28:39.039087
HUB02-HUB07,2025-07-09,2025-07-12,"[5.4, 2.5, 0.0, 0.2]","[19.1, 10.6, 15.0, 13.0]",2026-08-14 06:28:39.039269
HUB17-HUB12,2025-10-16,2025-10-18,"[0.1, 0.1, 0.0]","[11.1, 17.5, 22.1]",2026-08-14 06:28:39.039408
HUB11-HUB14,2024-05-04,2024-05-05,"[0.1, 0.0]","[13.4, 9.8]",2026-08-14 06:28:39.039537
HUB09-HUB11,2023-08-30,2023-09-02,"[0.0, 10.7, 0.0, 0.3]","[22.0, 8.4, 23.4, 9.6]",2026-08-14 06:28:39.039696
HUB11-HUB02,2023-08-09,2023-08-11,"[18.6, 11.7, 0.3]","[7.0, 12.5, 15.5]",2026-08-14 06:28:39.039836
HUB10-HUB05,2024-08-27,2024-08-30,"[6.2, 0.3, 2.7, 0.3]","[12.5, 12.0, 18.2, 15.2]",2026-08-14 06:28:39.039984
HUB13-HUB09,2024-04-18,2024-04-21,"[0.0, 0.2, 0.2, 0.6]","[11.7, 9.6, 17.9, 11.1]",2026-08-14 06:28:39.040152
HUB14-HUB13,2023-12-31,2024-01-01,"[0.0, 12.7]","[24.9, 26.0]",2026-08-14 06:28:39.040289
HUB05-HUB16,2024-02-13,2024-02-15,"[0.7, 0.0, 1.1]","[16.3, 9.5, 12.2]",2026-08-14 06:28:39.040426
HUB12-HUB03,2023-07-22,2023-07-25,"[0.1, 0.3, 0.0, 16.0]","[27.5, 8.4, 19.7, 15.6]",2026-08-14 06:28:39.040578
HUB14-HUB05,2024-10-10,2024-10-13,"[0.0, 0.8, 0.6, 1.1]","[18.7, 14.6, 7.3, 11.5]",2026-08-14 06:28:39.040731
HUB03-HUB10,2024-05-01,2024-05-04,"[0.9, None, 0.8, 0.0]","[20.2, 20.1, 21.3, 31.4]",2026-08-14 06:28:39.040881
HUB15-HUB10,2023-02-06,2023-02-09,"[0.0, 0.0, 1.5, 0.1]","[7.8, 3.1, 16.5, 20.6]",2026-08-14 06:28:39.041029
HUB07-HUB02,2023-08-13,2023-08-16,"[None, 2.4, 0.7, 0.6]","[14.6, 18.0, 8.2, 15.0]",2026-08-14 06:28:39.041206
HUB03-HUB14,2024-07-23,2024-07-25,"[0.1, 2.7, 0.0]","[9.9, 16.3, 11.0]",2026-08-14 06:28:39.041352
HUB13-HUB09,2024-08-03,2024-08-07,"[1.0, 0.9, 0.3, 4.8, 18.5]","[16.3, 21.1, 19.8, 12.0, 12.2]",2026-08-14 06:28:39.041511
HUB14-HUB18,2024-08-30,2024-09-01,"[0.0, 0.0, 0.8]","[21.9, 1.3, 14.1]",2026-08-14 06:28:39.041661
HUB10-HUB02,2024-03-03,2024-03-06,"[2.3, 1.2, 0.4, 0.5]","[12.9, 12.8, 16.9, 12.3]",2026-08-14 06:28:39.041810
HUB12-HUB16,2024-02-25,2024-02-28,"[0.0, 0.2, 4.4, 0.8]","[17.5, 16.5, 11.5, 15.6]",2026-08-14 06:28:39.041956
HUB09-HUB15,2025-01-16,2025-01-18,"[0.7, 0.3, 0.1]","[16.3, 15.3, 11.8]",2026-08-14 06:28:39.042147
HUB08-HUB14,2025-01-06,2025-01-08,"[0.6, 0.3, 0.9]","[13.9, 15.0, 15.1]",2026-08-14 06:28:39.042308
HUB06-HUB03,2024-12-16,2024-12-18,"[0.5, 0.7, None]","[31.3, 24.3, 20.8]",2026-08-14 06:28:39.042445
HUB15-HUB03,2023-04-14,2023-04-16,"[0.7, 0.0, 0.8]","[8.3, 5.2, 7.7]",2026-08-14 06:28:39.042596
HUB09-HUB07,2025-05-12,2025-05-14,"[1.5, 0.2, 0.0]","[15.5, 15.6, 18.9]",2026-08-14 06:28:39.042738
HUB03-HUB10,2025-02-23,2025-02-27,"[1.1, 7.7, 0.5, 0.2, 0.8]","[21.4, 22.0, 28.4, 17.0, 18.1]",2026-08-14 06:28:39.042894
HUB05-HUB13,2024-11-21,2024-11-25,"[0.1, 0.0, 0.0, 21.4, 0.7]","[14.7, 22.9, 18.7, 22.4, 14.2]",2026-08-14 06:28:39.043049
HUB07-HUB04,2024-05-22,2024-05-24,"[1.3, 10.1, 0.3]","[26.1, 11.9, 31.5]",2026-08-14 06:28:39.043221
HUB14-HUB15,2023-03-13,2023-03-14,"[0.7, 0.8]","[20.0, 23.9]",2026-08-14 06:28:39.043352
HUB17-HUB12,2024-09-02,2024-09-04,"[0.1, 6.6, 11.7]","[14.5, 13.5, 10.1]",2026-08-14 06:28:39.043490
HUB03-HUB16,2024-12-10,2024-12-11,"[0.0, 0.5]","[15.2, 11.6]",2026-08-14 06:28:39.043624
HUB03-HUB17,2024-06-06,2024-06-08,"[17.1, 0.8, 0.0]","[15.1, 6.8, 23.4]",2026-08-14 06:28:39.043792
HUB10-HUB18,2024-08-27,2024-08-31,"[3.7, 0.0, 23.5, 0.0, 0.3]","[0.6, 19.9, 10.9, 18.4, 16.2]",2026-08-14 06:28:39.044035
HUB17-HUB14,2023-11-05,2023-11-06,"[0.0, 0.0]","[12.4, 18.4]",2026-08-14 06:28:39.044222
HUB06-HUB02,2025-07-16,2025-07-19,"[0.3, 18.1, 0.0, 23.1]","[12.8, 15.0, 17.4, 17.9]",2026-08-14 06:28:39.044385
HUB12-HUB06,2024-11-01,2024-11-06,"[0.0, 0.0, 0.1, 0.5, 0.1, 0.3]","[15.8, 20.8, 15.3, 16.8, 18.1, 13.8]",2026-08-14 06:28:39.044555
HUB14-HUB13,2024-02-16,2024-02-17,"[0.1, 0.0]","[18.2, 10.7]",2026-08-14 06:28:39.044706
HUB01-HUB05,2025-02-19,2025-02-22,"[0.0, 0.2, 0.7, 0.0]","[13.2, 15.1, 17.1, 10.7]",2026-08-14 06:28:39.044855
HUB07-HUB01,2023-09-08,2023-09-11,"[1.3, 1.3, 0.0, 1.4]","[12.2, 15.7, 9.0, 10.7]",2026-08-14 06:28:39.045001
HUB03-HUB02,2024-10-26,2024-10-27,"[0.4, 0.5]","[11.2, 19.5]",2026-08-14 06:28:39.045149
HUB18-HUB15,2024-05-17,2024-05-19,"[1.0, 0.8, 7.5]","[20.4, 14.7, 26.2]",2026-08-14 06:28:39.045304
HUB01-HUB16,2025-07-23,2025-07-25,"[29.0, 5.8, 0.8]","[13.9, 19.1, 15.5]",2026-08-14 06:28:39.045445
HUB03-HUB02,2024-09-17,2024-09-18,"[0.6, 0.1]","[10.5, 26.4]",2026-08-14 06:28:39.045588
HUB14-HUB05,2023-02-09,2023-02-12,"[0.0, 1.1, 0.3, 0.4]","[18.3, 13.5, 16.8, 17.6]",2026-08-14 06:28:39.045747
HUB03-HUB11,2025-06-11,2025-06-13,"[0.0, 0.6, 1.2]","[4.3, 18.5, 17.3]",2026-08-14 06:28:39.045888
HUB05-HUB16,2024-04-24,2024-04-26,"[1.1, 0.0, 0.0]","[20.0, 16.9, 11.6]",2026-08-14 06:28:39.046029
HUB10-HUB11,2025-09-28,2025-10-01,"[0.0, 0.6, 8.0, 0.5]","[13.7, 5.3, 23.6, 22.3]",2026-08-14 06:28:39.046259
HUB11-HUB05,2024-11-04,2024-11-07,"[0.1, 1.5, 0.0, 1.0]","[8.8, 18.3, 12.0, 12.0]",2026-08-14 06:28:39.046413
HUB18-HUB10,2025-01-11,2025-01-15,"[1.0, 0.0, 0.0, 0.5, 0.0]","[7.9, 21.7, 7.2, 14.8, 9.2]",2026-08-14 06:28:39.046577
HUB16-HUB07,2025-09-01,2025-09-03,"[0.9, 0.8, 0.0]","[6.8, 13.6, 10.5]",2026-08-14 06:28:39.046720
HUB16-HUB02,2023-03-24,2023-03-26,"[0.4, 0.3, 1.3]","[14.1, 17.0, 14.3]",2026-08-14 06:28:39.046855
HUB17-HUB06,2024-08-17,2024-08-20,"[0.4, 0.4, 0.0, 5.5]","[16.6, 14.1, 17.6, 16.8]",2026-08-14 06:28:39.047001
HUB11-HUB13,2023-05-01,2023-05-02,"[0.0, 0.2]","[19.3, 12.3]",2026-08-14 06:28:39.047144
HUB16-HUB05,2025-03-22,2025-03-24,"[0.4, 0.8, 0.0]","[9.2, 12.3, 16.9]",2026-08-14 06:28:39.047296
HUB13-HUB05,2023-04-11,2023-04-15,"[0.2, 1.3, 0.4, 1.0, 0.0]","[16.1, 13.5, 11.9, 10.8, 12.3]",2026-08-14 06:28:39.047455
HUB10-HUB03,2025-12-17,2025-12-21,"[None, 0.2, 1.0, 1.3, 0.7]","[20.0, 22.7, 16.5, 29.7, 19.2]",2026-08-14 06:28:39.047623
HUB17-HUB03,2025-06-09,2025-06-11,"[2.2, 9.2, 0.3]","[14.2, 22.0, 10.3]",2026-08-14 06:28:39.047767
HUB03-HUB14,2025-12-29,2026-01-01,"[0.0, 0.0, 0.0, 7.8]","[15.6, 15.5, 10.3, 8.1]",2026-08-14 06:28:39.047912
HUB07-HUB01,2024-03-16,2024-03-19,"[0.9, 0.0, 0.7, 0.0]","[15.7, 24.1, 14.3, 16.1]",2026-08-14 06:28:39.048056
HUB07-HUB17,2024-03-21,2024-03-24,"[0.5, 0.5, 1.0, 0.0]","[15.6, 8.1, 4.7, 11.1]",2026-08-14 06:28:39.048234
HUB10-HUB18,2025-07-25,2025-07-29,"[5.0, 1.0, 0.0, 31.6, 39.7]","[13.8, 5.3, 15.6, 25.9, 21.8]",2026-08-14 06:28:39.048397
HUB07-HUB03,2024-04-19,2024-04-21,"[0.3, 1.0, 0.2]","[2.2, 7.7, 10.4]",2026-08-14 06:28:39.048534
HUB08-HUB14,2023-04-07,2023-04-09,"[1.0, 0.0, 0.0]","[8.5, 8.4, 15.8]",2026-08-14 06:28:39.048689
HUB18-HUB11,2023-05-19,2023-05-22,"[0.9, 0.3, 0.6, 0.7]","[26.4, 25.5, 31.2, 26.4]",2026-08-14 06:28:39.048838
HUB14-HUB16,2025-08-23,2025-08-25,"[0.7, 18.7, 0.6]","[15.5, 16.5, 15.8]",2026-08-14 06:28:39.048978
HUB15-HUB08,2025-06-17,2025-06-19,"[0.0, 11.7, 18.7]","[16.1, 18.0, 18.6]",2026-08-14 06:28:39.049113
HUB07-HUB02,2023-06-09,2023-06-12,"[7.8, 10.8, 0.0, 0.4]","[12.8, 11.5, 8.6, 14.1]",2026-08-14 06:28:39.049290
HUB06-HUB09,2025-11-27,2025-11-28,"[0.6, 1.0]","[17.2, 18.9]",2026-08-14 06:28:39.049415
HUB10-HUB02,2023-04-09,2023-04-12,"[0.0, 0.4, 0.4, 1.1]","[14.3, 8.0, 17.4, 11.0]",2026-08-14 06:28:39.049573
HUB08-HUB14,2024-07-10,2024-07-12,"[1.3, 1.0, 0.2]","[13.0, 9.8, 19.9]",2026-08-14 06:28:39.049718
HUB12-HUB07,2025-12-21,2025-12-25,"[1.1, 0.0, 0.5, 0.7, 0.0]","[12.0, 9.9, 12.8, 11.6, 14.1]",2026-08-14 06:28:39.049879
HUB05-HUB14,2023-02-03,2023-02-06,"[0.6, 0.0, 0.0, 0.1]","[9.2, 12.6, 19.9, 16.5]",2026-08-14 06:28:39.050027
HUB03-HUB13,2025-12-09,2025-12-12,"[1.3, 0.0, 1.6, 0.8]","[15.4, 15.1, 9.7, 24.0]",2026-08-14 06:28:39.050246
HUB08-HUB02,2023-12-09,2023-12-11,"[0.0, 0.2, 0.7]","[16.0, 13.1, 20.8]",2026-08-14 06:28:39.050388
HUB15-HUB11,2023-01-05,2023-01-07,"[0.7, 0.0, 0.8]","[25.1, 7.3, 13.0]",2026-08-14 06:28:39.050524
HUB02-HUB17,2024-06-19,2024-06-21,"[0.8, 0.9, 17.9]","[19.6, 17.2, 8.8]",2026-08-14 06:28:39.050676
HUB02-HUB14,2023-01-01,2023-01-02,"[0.1, 0.3]","[6.9, 10.7]",2026-08-14 06:28:39.050801
HUB16-HUB01,2025-04-08,2025-04-10,"[0.3, 0.0, 0.5]","[20.4, 11.9, 13.5]",2026-08-14 06:28:39.050936
HUB07-HUB09,2023-07-06,2023-07-08,"[0.4, 20.6, 7.8]","[15.1, 14.9, 17.7]",2026-08-14 06:28:39.051071
HUB10-HUB08,2025-06-10,2025-06-13,"[0.0, 3.1, 5.6, 1.4]","[11.4, 16.9, 14.1, 12.1]",2026-08-14 06:28:39.051246
HUB14-HUB01,2024-07-31,2024-08-02,"[13.6, 7.5, 15.4]","[10.6, 12.8, 3.4]",2026-08-14 06:28:39.051385
HUB11-HUB02,2025-07-26,2025-07-28,"[None, 15.9, 19.7]","[16.9, 16.0, 20.3]",2026-08-14 06:28:39.051522
HUB18-HUB12,2023-10-03,2023-10-06,"[0.0, 40.4, 0.6, 0.1]","[23.9, 24.2, 1.5, 32.1]",2026-08-14 06:28:39.051682
HUB04-HUB12,2023-10-18,2023-10-22,"[0.9, 0.0, 0.1, 1.1, 0.0]","[19.7, 32.5, 24.9, 36.0, 17.7]",2026-08-14 06:28:39.051840
HUB15-HUB10,2025-03-25,2025-03-27,"[1.2, 34.6, 29.4]","[18.9, 15.5, 14.7]",2026-08-14 06:28:39.051975
HUB09-HUB08,2023-06-27,2023-06-28,"[1.4, 0.0]","[10.0, 18.6]",2026-08-14 06:28:39.052100
HUB03-HUB05,2023-10-08,2023-10-10,"[0.9, 1.4, 0.4]","[18.9, 21.8, 12.1]",2026-08-14 06:28:39.052292
HUB09-HUB03,2025-08-04,2025-08-06,"[0.9, 0.3, 0.2]","[11.3, 6.1, 2.1]",2026-08-14 06:28:39.052441
HUB10-HUB14,2023-08-26,2023-08-29,"[14.9, 0.4, None, 0.0]","[26.3, 12.6, 10.7, 18.1]",2026-08-14 06:28:39.052602
HUB02-HUB07,2025-05-20,2025-05-23,"[0.2, 0.5, 0.4, 2.9]","[6.6, 7.2, 16.7, 19.6]",2026-08-14 06:28:39.052762
HUB09-HUB13,2025-05-06,2025-05-10,"[0.0, 0.0, 0.4, 0.0, 1.4]","[15.9, 7.6, 24.7, 18.1, 12.7]",2026-08-14 06:28:39.052919
HUB01-HUB05,2025-04-22,2025-04-25,"[0.8, 0.0, 0.4, 0.2]","[16.0, 17.1, 11.3, 15.9]",2026-08-14 06:28:39.053081
HUB12-HUB09,2023-02-03,2023-02-07,"[0.0, 0.0, 0.0, 0.0, 0.0]","[8.5, 14.0, 12.9, 16.6, 13.1]",2026-08-14 06:28:39.053277
HUB12-HUB06,2023-09-13,2023-09-18,"[0.8, 1.5, 2.3, 0.9, 0.2, 0.0]","[16.9, 15.6, 19.3, 12.9, 17.4, 20.9]",2026-08-14 06:28:39.053450
HUB03-HUB14,2025-01-28,2025-01-30,"[0.1, 0.0, 0.1]","[13.8, 11.9, 12.1]",2026-08-14 06:28:39.053598
HUB11-HUB13,2024-09-25,2024-09-26,"[13.7, 0.5]","[2.1, 15.3]",2026-08-14 06:28:39.053729
HUB05-HUB12,2025-04-02,2025-04-07,"[0.0, 1.8, 0.0, 0.5, 0.3, 0.0]","[19.5, 10.5, 5.9, 13.4, 28.4, 6.8]",2026-08-14 06:28:39.053901
HUB12-HUB10,2024-08-01,2024-08-04,"[0.0, 20.9, 0.5, 5.5]","[16.3, 13.2, 9.7, 7.5]",2026-08-14 06:28:39.054081
HUB05-HUB16,2023-05-26,2023-05-28,"[0.0, 0.0, 3.8]","[15.7, 6.6, 15.5]",2026-08-14 06:28:39.054266
HUB17-HUB15,2023-02-09,2023-02-11,"[1.1, 0.6, 0.4]","[11.6, 5.6, 12.0]",2026-08-14 06:28:39.054407
HUB10-HUB01,2025-09-22,2025-09-25,"[0.9, 2.9, 0.0, 1.9]","[20.4, 9.7, 11.1, 16.4]",2026-08-14 06:28:39.054554
HUB18-HUB01,2025-10-20,2025-10-21,"[0.2, 0.9]","[23.9, 17.4]",2026-08-14 06:28:39.054692
HUB02-HUB15,2025-05-23,2025-05-25,"[0.6, 0.7, 0.5]","[26.9, 15.1, 25.8]",2026-08-14 06:28:39.054833
HUB16-HUB12,2025-03-24,2025-03-27,"[0.3, 1.6, 0.9, 7.6]","[9.0, 5.7, 21.0, 13.6]",2026-08-14 06:28:39.054982
HUB02-HUB03,2025-12-27,2025-12-28,"[None, 0.0]","[23.4, 23.1]",2026-08-14 06:28:39.055110
HUB01-HUB12,2024-12-12,2024-12-14,"[0.0, 0.9, 1.4]","[16.5, 13.7, 26.1]",2026-08-14 06:28:39.055321
HUB04-HUB14,2024-12-12,2024-12-15,"[0.0, 1.0, 0.1, 0.9]","[6.8, 11.4, 9.4, 16.7]",2026-08-14 06:28:39.055469
HUB06-HUB09,2024-12-08,2024-12-09,"[2.8, 0.1]","[9.8, 21.0]",2026-08-14 06:28:39.055605
HUB17-HUB03,2025-10-09,2025-10-12,"[0.5, 0.0, 0.5, 4.6]","[18.4, 19.5, 11.2, 20.5]",2026-08-14 06:28:39.055755
HUB14-HUB16,2024-09-19,2024-09-21,"[0.0, 0.6, 36.8]","[12.9, 14.7, 14.2]",2026-08-14 06:28:39.055893
HUB02-HUB01,2025-05-22,2025-05-23,"[0.4, 11.3]","[17.4, 23.2]",2026-08-14 06:28:39.056019
HUB17-HUB02,2025-10-18,2025-10-21,"[1.3, 0.5, 0.3, 0.5]","[13.3, 11.4, 8.4, 17.1]",2026-08-14 06:28:39.056197
HUB05-HUB18,2023-09-15,2023-09-18,"[0.6, 0.8, 0.6, 10.3]","[16.6, 20.9, 1.6, 24.5]",2026-08-14 06:28:39.056352
HUB17-HUB14,2023-11-08,2023-11-09,"[0.0, None]","[25.6, 13.7]",2026-08-14 06:28:39.056479
HUB04-HUB05,2025-02-16,2025-02-19,"[0.0, 1.1, 0.0, 3.4]","[6.7, 15.5, 7.8, 17.6]",2026-08-14 06:28:39.056634
HUB13-HUB06,2024-08-07,2024-08-10,"[0.4, 0.0, 4.8, 13.1]","[12.5, 13.8, 15.7, 15.4]",2026-08-14 06:28:39.056786
HUB12-HUB03,2025-07-17,2025-07-20,"[0.1, 8.2, 5.9, 0.0]","[1.9, 12.1, 10.4, 16.8]",2026-08-14 06:28:39.056933
HUB16-HUB01,2024-02-15,2024-02-17,"[0.4, 0.5, 1.4]","[15.1, 15.5, 20.3]",2026-08-14 06:28:39.057070
HUB12-HUB02,2023-02-28,2023-03-02,"[0.0, 0.3, 0.8]","[23.1, 17.5, 17.4]",2026-08-14 06:28:39.057260
HUB03-HUB01,2024-04-19,2024-04-20,"[0.7, 4.9]","[14.9, 14.7]",2026-08-14 06:28:39.057395
HUB18-HUB15,2024-09-03,2024-09-05,"[10.7, 0.0, 0.0]","[10.1, 13.8, 13.1]",2026-08-14 06:28:39.057532
HUB08-HUB05,2023-06-08,2023-06-09,"[0.0, 0.0]","[16.9, 10.3]",2026-08-14 06:28:39.057687
HUB17-HUB09,2025-02-11,2025-02-13,"[0.2, 0.0, 0.6]","[11.2, 13.0, 13.2]",2026-08-14 06:28:39.057830
HUB02-HUB11,2023-03-10,2023-03-12,"[1.2, 0.4, 1.5]","[14.6, 15.7, 14.0]",2026-08-14 06:28:39.057967
HUB17-HUB13,2023-07-14,2023-07-16,"[0.2, 0.7, 21.6]","[10.9, 15.2, 12.8]",2026-08-14 06:28:39.058172
HUB06-HUB12,2024-05-05,2024-05-10,"[0.0, 0.0, 0.1, 0.5, 4.3, 19.1]","[31.2, 16.5, 5.0, 12.7, 30.0, 17.2]",2026-08-14 06:28:39.058360
HUB18-HUB09,2025-12-04,2025-12-06,"[1.0, 1.0, 1.2]","[9.6, 11.4, 17.6]",2026-08-14 06:28:39.058500
HUB14-HUB03,2023-09-04,2023-09-06,"[18.1, 0.0, 1.3]","[8.7, 20.2, 19.0]",2026-08-14 06:28:39.058650
HUB18-HUB09,2025-06-16,2025-06-18,"[0.5, 0.0, 0.0]","[20.2, 17.4, 9.7]",2026-08-14 06:28:39.058789
HUB04-HUB06,2024-05-14,2024-05-16,"[0.9, 0.6, 0.2]","[16.6, 13.6, 16.2]",2026-08-14 06:28:39.058926
HUB14-HUB06,2023-10-12,2023-10-15,"[0.4, 0.0, 3.8, 0.0]","[11.9, 20.2, 13.7, 13.5]",2026-08-14 06:28:39.059072
HUB14-HUB02,2023-11-27,2023-11-28,"[0.0, 2.5]","[9.7, 22.0]",2026-08-14 06:28:39.059228
HUB17-HUB04,2025-04-08,2025-04-11,"[0.4, 0.9, 0.0, 0.4]","[1.5, 20.6, 21.7, 23.9]",2026-08-14 06:28:39.059380
HUB14-HUB16,2023-10-01,2023-10-03,"[0.0, 0.2, 42.8]","[11.8, 16.1, 18.2]",2026-08-14 06:28:39.059517
HUB02-HUB11,2023-09-17,2023-09-19,"[7.7, 0.0, 0.8]","[11.0, 17.6, 16.3]",2026-08-14 06:28:39.059666
HUB16-HUB14,2023-02-12,2023-02-14,"[11.1, 0.1, 0.0]","[15.9, 23.5, 10.0]",2026-08-14 06:28:39.059804
HUB05-HUB15,2023-09-29,2023-10-01,"[0.3, None, 3.0]","[12.4, 18.0, 24.1]",2026-08-14 06:28:39.059939
HUB18-HUB04,2023-06-05,2023-06-06,"[0.0, 0.0]","[15.7, 15.1]",2026-08-14 06:28:39.060060
HUB14-HUB18,2025-05-05,2025-05-07,"[0.0, 0.0, 0.8]","[26.6, 30.3, 24.0]",2026-08-14 06:28:39.060226
HUB14-HUB17,2025-05-30,2025-05-31,"[0.0, 0.3]","[33.8, 26.7]",2026-08-14 06:28:39.060362
HUB12-HUB13,2025-10-04,2025-10-05,"[0.0, 0.9]","[14.1, 21.8]",2026-08-14 06:28:39.060489
HUB13-HUB02,2023-08-28,2023-08-30,"[0.0, 26.8, 6.3]","[13.8, 8.3, 8.1]",2026-08-14 06:28:39.060637
HUB11-HUB14,2023-06-13,2023-06-14,"[0.5, 0.2]","[12.7, 9.9]",2026-08-14 06:28:39.060766
HUB15-HUB10,2023-04-12,2023-04-15,"[4.9, 0.0, 0.2, 0.0]","[20.3, 6.8, 7.8, 16.5]",2026-08-14 06:28:39.060916
HUB17-HUB02,2024-03-13,2024-03-16,"[0.8, 0.8, 0.9, 0.4]","[14.4, 12.9, 22.3, 11.1]",2026-08-14 06:28:39.061062
HUB04-HUB13,2025-08-24,2025-08-27,"[0.3, 22.6, 0.6, 0.0]","[7.7, 15.0, 12.6, 9.7]",2026-08-14 06:28:39.061245
HUB15-HUB01,2023-06-10,2023-06-12,"[5.7, 2.2, 0.0]","[14.0, 15.5, 19.3]",2026-08-14 06:28:39.061389
HUB14-HUB08,2023-05-27,2023-05-30,"[0.0, 0.8, 1.4, 0.0]","[16.6, 10.5, 15.5, 10.5]",2026-08-14 06:28:39.061544
HUB11-HUB02,2023-07-24,2023-07-26,"[6.6, 0.1, 59.5]","[17.8, 13.6, 17.3]",2026-08-14 06:28:39.061697
HUB17-HUB02,2024-09-18,2024-09-20,"[0.0, 1.2, 0.3]","[4.5, 17.1, 24.4]",2026-08-14 06:28:39.061839
HUB17-HUB01,2025-09-03,2025-09-06,"[24.2, 2.1, 0.0, 0.0]","[20.5, 25.9, 20.8, 11.1]",2026-08-14 06:28:39.062098
HUB09-HUB14,2023-09-15,2023-09-17,"[0.0, 0.0, 5.3]","[10.6, 21.4, 4.4]",2026-08-14 06:28:39.062322
HUB02-HUB05,2025-10-10,2025-10-12,"[0.4, 0.3, 0.4]","[11.3, 12.6, 18.3]",2026-08-14 06:28:39.062473
HUB01-HUB15,2025-09-11,2025-09-13,"[13.8, 0.0, 0.4]","[14.2, 17.9, 13.3]",2026-08-14 06:28:39.062625
HUB12-HUB14,2023-06-17,2023-06-19,"[0.2, 0.5, 0.0]","[11.1, 14.4, 11.5]",2026-08-14 06:28:39.062768
HUB07-HUB06,2025-10-27,2025-10-28,"[0.0, 0.3]","[17.6, 12.1]",2026-08-14 06:28:39.062894
HUB05-HUB12,2025-11-04,2025-11-08,"[0.7, 0.0, 0.3, 0.2, 0.5]","[32.1, 12.1, 18.9, 29.0, 18.4]",2026-08-14 06:28:39.063055
HUB02-HUB01,2025-03-22,2025-03-23,"[0.5, 0.5]","[15.2, 13.2]",2026-08-14 06:28:39.063218
HUB05-HUB04,2024-07-02,2024-07-05,"[0.1, 1.0, 0.1, 0.4]","[12.6, 3.2, 10.0, 6.8]",2026-08-14 06:28:39.063372
HUB12-HUB17,2024-06-28,2024-06-30,"[1.3, 1.4, 12.7]","[17.5, 11.2, 21.5]",2026-08-14 06:28:39.063510
HUB15-HUB01,2023-07-29,2023-07-31,"[3.5, 0.4, 31.1]","[15.3, 15.5, 15.4]",2026-08-14 06:28:39.063659
HUB16-HUB02,2024-12-06,2024-12-07,"[0.0, 0.4]","[17.9, 25.9]",2026-08-14 06:28:39.063787
HUB12-HUB04,2025-09-08,2025-09-12,"[0.0, 0.7, 0.6, 0.9, 0.0]","[21.4, 11.7, 5.4, 14.5, 19.7]",2026-08-14 06:28:39.063942
HUB02-HUB05,2024-01-14,2024-01-17,"[0.0, 0.3, 0.0, 0.6]","[7.1, 20.3, 16.8, 13.6]",2026-08-14 06:28:39.064088
HUB13-HUB05,2023-06-17,2023-06-21,"[0.1, 2.2, 0.0, 0.0, 3.7]","[17.7, 15.6, 10.5, 8.4, 8.0]",2026-08-14 06:28:39.064281
HUB08-HUB17,2025-11-12,2025-11-15,"[0.4, 0.5, 1.8, 0.5]","[21.6, 30.0, 22.5, 8.4]",2026-08-14 06:28:39.064431
HUB03-HUB18,2023-11-29,2023-11-30,"[0.4, 0.4]","[34.4, 18.1]",2026-08-14 06:28:39.064558
HUB13-HUB09,2023-02-14,2023-02-17,"[1.0, 0.2, 0.7, 0.9]","[15.0, 17.8, 12.7, 14.0]",2026-08-14 06:28:39.064717
HUB18-HUB07,2025-07-18,2025-07-20,"[1.1, 0.6, 2.1]","[17.0, 15.5, 19.4]",2026-08-14 06:28:39.064856
HUB17-HUB10,2023-07-14,2023-07-16,"[0.0, 10.4, 57.3]","[5.6, 24.9, 9.7]",2026-08-14 06:28:39.064994
HUB15-HUB11,2023-04-04,2023-04-06,"[0.0, 0.5, 0.0]","[7.8, 16.2, 11.4]",2026-08-14 06:28:39.065154
HUB04-HUB11,2024-05-04,2024-05-07,"[0.5, 0.6, 0.0, 0.2]","[14.1, 16.1, 12.1, 18.8]",2026-08-14 06:28:39.065320
HUB09-HUB02,2025-07-06,2025-07-08,"[0.5, 4.2, 21.7]","[16.7, 6.4, 14.4]",2026-08-14 06:28:39.065458
HUB10-HUB07,2024-09-02,2024-09-05,"[7.8, 0.3, 0.2, 0.0]","[10.8, 10.1, 16.6, 16.7]",2026-08-14 06:28:39.065614
HUB08-HUB10,2023-08-02,2023-08-05,"[60.5, 0.3, 11.6, 4.5]","[26.9, 31.2, 19.5, 17.1]",2026-08-14 06:28:39.065766
HUB01-HUB17,2025-10-03,2025-10-06,"[0.7, 0.3, 0.5, 8.7]","[36.5, 29.6, 29.9, 18.8]",2026-08-14 06:28:39.065915
HUB11-HUB06,2025-07-14,2025-07-18,"[0.8, 0.0, 0.0, 1.1, 28.7]","[12.3, 9.4, 11.2, 18.5, 17.5]",2026-08-14 06:28:39.066140
HUB08-HUB16,2025-11-30,2025-12-01,"[2.1, 0.2]","[14.9, 17.1]",2026-08-14 06:28:39.066292
HUB07-HUB08,2023-03-09,2023-03-10,"[0.7, 1.2]","[11.3, 13.7]",2026-08-14 06:28:39.066422
HUB07-HUB02,2024-12-01,2024-12-04,"[0.0, 0.0, 0.0, 0.0]","[17.0, 21.4, 23.3, 11.3]",2026-08-14 06:28:39.066573
HUB14-HUB01,2024-03-22,2024-03-24,"[0.9, 0.6, 0.7]","[7.1, 21.6, 7.8]",2026-08-14 06:28:39.066719
HUB04-HUB15,2024-12-28,2024-12-31,"[0.7, 0.7, 0.0, 0.0]","[17.8, 15.4, 17.6, 15.9]",2026-08-14 06:28:39.066863
HUB10-HUB01,2025-09-08,2025-09-11,"[1.0, 21.6, 22.1, 0.0]","[13.8, 19.0, 19.7, 23.9]",2026-08-14 06:28:39.067008
HUB03-HUB10,2023-06-18,2023-06-22,"[31.8, 0.2, 15.0, 24.5, 16.1]","[13.6, 13.6, 19.2, 6.2, 17.3]",2026-08-14 06:28:39.067203
HUB17-HUB15,2023-04-21,2023-04-23,"[0.6, 0.5, 13.4]","[14.2, 14.8, 11.2]",2026-08-14 06:28:39.067355
HUB07-HUB01,2025-08-09,2025-08-12,"[0.0, 1.8, 9.7, 45.7]","[21.6, 8.9, 8.1, 17.9]",2026-08-14 06:28:39.067503
HUB17-HUB02,2024-06-05,2024-06-07,"[0.0, 0.0, 0.0]","[19.4, 17.9, 9.1]",2026-08-14 06:28:39.067652
HUB02-HUB15,2025-05-15,2025-05-16,"[0.8, 0.0]","[16.5, 19.2]",2026-08-14 06:28:39.067780
HUB14-HUB08,2025-10-16,2025-10-18,"[0.2, 0.1, 8.3]","[22.2, 18.8, 14.8]",2026-08-14 06:28:39.067916
HUB17-HUB03,2023-04-02,2023-04-05,"[0.0, 0.0, 1.0, 0.0]","[9.7, 4.6, 21.9, 13.0]",2026-08-14 06:28:39.068062
HUB03-HUB14,2024-11-11,2024-11-14,"[0.3, 2.0, 4.4, 0.0]","[23.1, 14.3, 8.1, 20.2]",2026-08-14 06:28:39.068239
HUB18-HUB05,2023-07-28,2023-07-30,"[0.0, 0.8, 0.0]","[9.9, 12.7, 15.0]",2026-08-14 06:28:39.068380
HUB17-HUB10,2024-01-21,2024-01-23,"[5.8, 0.0, 0.6]","[8.8, 13.3, 21.6]",2026-08-14 06:28:39.068518
HUB16-HUB02,2025-04-14,2025-04-16,"[1.3, 0.5, 0.4]","[14.2, 18.1, 14.1]",2026-08-14 06:28:39.068667
HUB13-HUB06,2023-12-26,2023-12-30,"[0.0, 0.8, 0.9, 0.0, 1.8]","[20.8, 15.2, 18.5, 14.7, 21.3]",2026-08-14 06:28:39.068824
HUB01-HUB14,2023-09-25,2023-09-27,"[0.7, 0.3, None]","[16.5, 17.7, 13.5]",2026-08-14 06:28:39.068960
HUB03-HUB01,2024-07-01,2024-07-02,"[6.3, 10.0]","[30.4, 18.6]",2026-08-14 06:28:39.069083
HUB07-HUB13,2024-05-05,2024-05-10,"[0.3, 11.2, 1.0, 0.3, 0.7, 0.0]","[19.8, 15.3, 18.6, 7.3, 18.9, 29.2]",2026-08-14 06:28:39.069291
HUB15-HUB01,2023-09-12,2023-09-14,"[5.0, 0.0, 0.0]","[12.8, 15.3, 3.4]",2026-08-14 06:28:39.069441
HUB08-HUB16,2024-09-08,2024-09-09,"[0.0, 0.0]","[9.4, 13.4]",2026-08-14 06:28:39.069576
HUB01-HUB16,2025-01-19,2025-01-21,"[0.2, 0.0, None]","[12.0, 12.8, 12.7]",2026-08-14 06:28:39.069720
HUB06-HUB10,2025-05-17,2025-05-21,"[0.2, 0.8, 0.0, 13.8, 6.1]","[21.6, 24.0, 27.1, 17.4, 39.5]",2026-08-14 06:28:39.069880
HUB16-HUB15,2025-08-11,2025-08-12,"[1.4, 4.8]","[14.5, 22.7]",2026-08-14 06:28:39.070008
HUB15-HUB08,2025-03-11,2025-03-13,"[0.3, 0.6, 0.5]","[11.9, 10.7, 10.7]",2026-08-14 06:28:39.070313
HUB15-HUB13,2025-09-30,2025-10-02,"[2.1, 0.4, 0.9]","[12.3, 19.6, 20.0]",2026-08-14 06:28:39.070503
HUB13-HUB10,2025-05-26,2025-05-30,"[0.2, 0.2, 0.0, None, 0.4]","[24.1, 15.9, 13.2, 34.5, 15.7]",2026-08-14 06:28:39.070692
HUB04-HUB10,2025-03-12,2025-03-15,"[0.8, 0.0, 0.2, 0.2]","[14.3, 2.0, 15.6, 23.5]",2026-08-14 06:28:39.070847
HUB04-HUB01,2023-10-04,2023-10-05,"[0.0, 0.1]","[30.2, 18.0]",2026-08-14 06:28:39.070976
HUB18-HUB11,2025-12-16,2025-12-19,"[0.5, 0.7, 1.1, 0.2]","[23.1, 18.6, 13.6, 26.4]",2026-08-14 06:28:39.071123
HUB02-HUB14,2025-06-03,2025-06-04,"[0.6, 0.2]","[13.0, 10.1]",2026-08-14 06:28:39.071288
HUB15-HUB18,2025-05-13,2025-05-15,"[0.0, 1.1, 1.0]","[18.1, 12.3, 26.1]",2026-08-14 06:28:39.071432
HUB11-HUB15,2023-03-12,2023-03-14,"[0.0, 0.5, 0.2]","[10.4, 9.2, 14.5]",2026-08-14 06:28:39.071586
HUB01-HUB07,2025-10-31,2025-11-03,"[0.0, 0.8, 14.4, 0.0]","[21.4, 13.8, 12.5, 12.7]",2026-08-14 06:28:39.071781
HUB16-HUB02,2025-12-23,2025-12-25,"[0.6, 0.4, 0.0]","[5.9, 3.5, 18.4]",2026-08-14 06:28:39.071974
HUB17-HUB01,2024-11-26,2024-11-29,"[0.0, 0.0, 0.2, 6.5]","[13.4, 16.0, 26.4, 14.4]",2026-08-14 06:28:39.072204
HUB12-HUB17,2024-03-17,2024-03-19,"[1.1, 0.0, 0.6]","[16.2, 13.7, 7.8]",2026-08-14 06:28:39.072377
HUB18-HUB13,2023-04-23,2023-04-25,"[0.2, 0.0, 0.0]","[11.0, 14.3, 21.1]",2026-08-14 06:28:39.072519
HUB05-HUB08,2024-02-16,2024-02-17,"[0.0, 0.6]","[9.5, 12.0]",2026-08-14 06:28:39.072656
HUB18-HUB02,2025-05-17,2025-05-18,"[0.5, 33.2]","[21.7, 21.9]",2026-08-14 06:28:39.072787
HUB11-HUB05,2024-07-24,2024-07-28,"[31.3, 12.6, 0.0, 0.0, 1.4]","[13.7, 7.4, 10.5, 10.6, 11.5]",2026-08-14 06:28:39.072943
HUB12-HUB04,2023-08-08,2023-08-12,"[10.2, 0.0, 38.3, 0.0, None]","[4.1, 5.3, 3.2, 19.5, 12.6]",2026-08-14 06:28:39.073101
HUB10-HUB01,2024-09-12,2024-09-15,"[0.2, 7.0, 10.1, 32.0]","[5.4, 16.7, 8.8, 7.3]",2026-08-14 06:28:39.073286
HUB17-HUB05,2024-06-12,2024-06-15,"[7.6, 0.2, 0.0, 0.1]","[12.5, 10.1, 15.3, 15.5]",2026-08-14 06:28:39.073435
HUB15-HUB18,2024-12-29,2024-12-31,"[0.2, 1.3, 0.5]","[16.7, 18.2, 27.4]",2026-08-14 06:28:39.073577
HUB15-HUB17,2023-01-01,2023-01-03,"[0.7, 0.7, 0.6]","[13.2, 17.6, 10.0]",2026-08-14 06:28:39.073720
HUB08-HUB12,2025-07-26,2025-07-30,"[9.7, 1.0, 11.5, None, 1.0]","[21.8, 11.2, 18.9, 14.5, 9.2]",2026-08-14 06:28:39.073876
HUB17-HUB06,2025-05-22,2025-05-26,"[0.6, 1.1, 0.4, 1.2, 0.5]","[14.6, 14.7, 18.9, 8.4, 15.3]",2026-08-14 06:28:39.074037
HUB13-HUB12,2024-04-04,2024-04-05,"[0.2, 0.1]","[14.9, 28.1]",2026-08-14 06:28:39.074254
HUB07-HUB04,2025-10-02,2025-10-04,"[None, 0.6, 0.1]","[34.4, 16.7, 30.2]",2026-08-14 06:28:39.074403
HUB05-HUB03,2025-11-07,2025-11-09,"[1.8, 0.0, 0.0]","[14.5, 11.6, 10.4]",2026-08-14 06:28:39.074539
HUB15-HUB05,2025-03-26,2025-03-28,"[0.0, 0.7, 1.1]","[13.9, 11.6, 12.6]",2026-08-14 06:28:39.074689
HUB01-HUB15,2025-11-03,2025-11-05,"[0.7, 0.3, 8.2]","[31.5, 17.8, 26.1]",2026-08-14 06:28:39.074827
HUB17-HUB15,2024-05-05,2024-05-07,"[1.3, 0.2, 0.9]","[23.7, 15.8, 18.9]",2026-08-14 06:28:39.074965
HUB14-HUB11,2025-10-30,2025-10-31,"[0.7, 7.2]","[18.4, 18.5]",2026-08-14 06:28:39.075090
HUB11-HUB16,2024-03-11,2024-03-13,"[0.6, 0.5, 0.0]","[13.6, 19.9, 17.1]",2026-08-14 06:28:39.075259
HUB18-HUB07,2025-07-01,2025-07-03,"[0.9, 16.2, 1.2]","[10.3, 14.5, 15.5]",2026-08-14 06:28:39.075400
HUB05-HUB01,2023-02-23,2023-02-26,"[0.4, 0.0, 0.1, 0.6]","[19.1, 5.1, 20.9, 12.2]",2026-08-14 06:28:39.075547
HUB18-HUB12,2023-02-16,2023-02-19,"[1.4, 0.6, 0.7, 0.7]","[26.6, 17.2, 14.4, 17.0]",2026-08-14 06:28:39.075705
HUB03-HUB14,2024-08-01,2024-08-03,"[4.2, 0.8, 0.0]","[14.6, 18.6, 15.8]",2026-08-14 06:28:39.075873
HUB14-HUB03,2025-02-26,2025-03-01,"[0.8, 0.0, 1.5, 0.0]","[26.7, 21.7, 21.9, 13.7]",2026-08-14 06:28:39.076040
HUB04-HUB03,2025-02-18,2025-02-19,"[0.3, 0.4]","[1.4, 0.3]",2026-08-14 06:28:39.076193
HUB13-HUB08,2025-09-16,2025-09-20,"[0.0, 1.4, 0.3, 2.1, 0.7]","[8.0, 12.6, 11.2, 18.6, 17.0]",2026-08-14 06:28:39.076356
HUB07-HUB12,2024-03-29,2024-04-03,"[0.3, 4.4, 2.9, 0.4, 0.0, 0.0]","[11.9, 20.7, 6.8, 8.9, 16.8, 17.1]",2026-08-14 06:28:39.076525
HUB07-HUB03,2024-04-23,2024-04-25,"[0.4, 0.3, 0.0]","[23.5, 16.3, 20.8]",2026-08-14 06:28:39.076682
HUB05-HUB12,2023-03-10,2023-03-14,"[0.0, 0.7, 1.0, 0.0, 0.7]","[6.8, 10.3, 15.2, 24.6, 32.2]",2026-08-14 06:28:39.076839
HUB17-HUB03,2024-05-22,2024-05-25,"[0.7, 0.3, 0.9, 0.0]","[17.0, 19.0, 29.0, 21.4]",2026-08-14 06:28:39.076988
HUB11-HUB06,2024-01-13,2024-01-17,"[1.0, 0.0, 0.8, 0.8, 0.4]","[10.5, 19.0, 17.8, 9.1, 15.2]",2026-08-14 06:28:39.077175
HUB09-HUB18,2024-09-17,2024-09-19,"[0.6, 0.0, 0.2]","[20.3, 29.7, 17.7]",2026-08-14 06:28:39.077362
HUB05-HUB01,2023-03-12,2023-03-15,"[0.0, 1.3, 0.6, 0.0]","[8.9, 8.4, 18.0, 15.7]",2026-08-14 06:28:39.077521
HUB14-HUB06,2025-07-21,2025-07-24,"[0.3, 1.1, 0.0, 0.6]","[9.9, 16.0, 11.4, 21.4]",2026-08-14 06:28:39.077759
HUB05-HUB06,2024-05-13,2024-05-14,"[0.1, 0.7]","[8.5, 13.7]",2026-08-14 06:28:39.077998
HUB11-HUB01,2024-11-17,2024-11-20,"[0.7, 0.7, 1.1, 0.1]","[23.3, 20.0, 10.6, 12.9]",2026-08-14 06:28:39.078352
HUB07-HUB12,2025-12-26,2025-12-31,"[0.0, 0.4, 0.5, 0.0, 0.0, 0.0]","[24.1, 26.4, 26.1, 23.4, 16.2, 31.6]",2026-08-14 06:28:39.078628
HUB17-HUB04,2024-02-15,2024-02-18,"[5.0, 0.0, 0.2, 1.2]","[18.4, 11.4, 14.5, 12.0]",2026-08-14 06:28:39.078890
HUB06-HUB07,2025-02-20,2025-02-21,"[0.0, 0.4]","[16.7, 17.3]",2026-08-14 06:28:39.079074
HUB13-HUB07,2025-10-25,2025-10-29,"[0.3, 0.0, 0.1, 0.6, 0.5]","[19.2, 16.5, 17.5, 16.3, 11.2]",2026-08-14 06:28:39.079358
HUB04-HUB15,2023-03-23,2023-03-26,"[0.0, 0.4, 0.7, 0.1]","[12.9, 8.9, 12.6, 9.4]",2026-08-14 06:28:39.079595
HUB06-HUB01,2023-03-10,2023-03-13,"[0.0, 0.8, 0.1, 0.0]","[18.8, 11.4, 6.9, 23.1]",2026-08-14 06:28:39.079825
HUB10-HUB08,2024-07-23,2024-07-26,"[0.7, 0.0, 0.2, 0.5]","[14.7, 17.0, 15.0, 17.3]",2026-08-14 06:28:39.080047
HUB17-HUB12,2025-09-27,2025-09-29,"[10.3, 0.2, 0.2]","[13.5, 9.3, 1.2]",2026-08-14 06:28:39.080274
HUB08-HUB16,2024-07-05,2024-07-06,"[0.9, 30.9]","[16.1, 16.3]",2026-08-14 06:28:39.080425
HUB04-HUB10,2025-05-29,2025-06-02,"[3.7, 0.0, 0.0, 19.5, 0.6]","[14.7, 23.8, 27.5, 17.6, 1.6]",2026-08-14 06:28:39.080604
HUB17-HUB03,2025-11-10,2025-11-13,"[0.3, 0.7, 0.5, 0.0]","[25.3, 10.1, 17.3, 17.5]",2026-08-14 06:28:39.080761
HUB04-HUB07,2023-04-21,2023-04-23,"[0.0, 2.2, 1.3]","[16.6, 17.0, 13.2]",2026-08-14 06:28:39.080905
HUB04-HUB06,2023-06-21,2023-06-23,"[37.1, 4.5, 3.5]","[8.2, 11.4, 14.2]",2026-08-14 06:28:39.081044
HUB07-HUB16,2025-11-18,2025-11-20,"[0.1, 0.9, 0.7]","[13.1, 15.8, 11.6]",2026-08-14 06:28:39.081249
HUB15-HUB13,2025-08-26,2025-08-28,"[0.1, 15.8, 0.0]","[19.3, 19.3, 17.6]",2026-08-14 06:28:39.081433
HUB07-HUB05,2024-04-29,2024-04-30,"[0.8, 0.3]","[7.6, 10.8]",2026-08-14 06:28:39.081580
HUB18-HUB13,2023-11-16,2023-11-18,"[0.6, 1.0, 0.5]","[31.4, 17.1, 19.6]",2026-08-14 06:28:39.081727
HUB15-HUB02,2023-02-06,2023-02-07,"[0.6, 0.0]","[15.5, 17.2]",2026-08-14 06:28:39.081855
HUB15-HUB14,2023-10-17,2023-10-19,"[24.9, 0.0, 0.7]","[21.7, 18.2, 13.2]",2026-08-14 06:28:39.081994
HUB08-HUB02,2023-02-20,2023-02-22,"[0.0, 0.0, 0.0]","[18.9, 7.2, 4.2]",2026-08-14 06:28:39.082215
HUB15-HUB01,2024-09-08,2024-09-10,"[0.4, 8.3, 43.6]","[5.0, 21.9, 15.5]",2026-08-14 06:28:39.082376
HUB16-HUB15,2023-05-26,2023-05-27,"[0.0, 0.7]","[7.5, 21.4]",2026-08-14 06:28:39.082510
HUB08-HUB10,2025-04-09,2025-04-12,"[8.2, 0.1, 0.0, 0.6]","[20.4, 16.9, 19.6, 7.5]",2026-08-14 06:28:39.082680
HUB06-HUB07,2023-07-27,2023-07-28,"[0.9, 10.4]","[11.7, 10.3]",2026-08-14 06:28:39.082809
HUB02-HUB04,2025-10-14,2025-10-16,"[0.7, 0.7, 0.2]","[12.6, 26.4, 26.0]",2026-08-14 06:28:39.082945
HUB07-HUB17,2024-07-02,2024-07-05,"[1.0, 24.5, 16.5, 0.0]","[13.8, 15.8, 20.5, 11.4]",2026-08-14 06:28:39.083096
HUB09-HUB12,2025-08-14,2025-08-17,"[0.2, 0.0, 0.7, 29.0]","[6.0, 12.3, 13.3, 6.3]",2026-08-14 06:28:39.083284
HUB14-HUB02,2023-05-16,2023-05-18,"[2.1, 0.0, 1.3]","[21.5, 18.2, 23.4]",2026-08-14 06:28:39.083425
HUB10-HUB05,2025-07-08,2025-07-11,"[5.6, 87.9, 0.5, 12.1]","[16.6, 15.3, 21.1, 19.7]",2026-08-14 06:28:39.083580
HUB05-HUB10,2024-04-10,2024-04-13,"[0.0, 0.0, 0.5, 0.2]","[25.2, 3.3, 5.6, 18.3]",2026-08-14 06:28:39.083736
HUB06-HUB12,2023-11-20,2023-11-25,"[0.0, 0.7, 0.0, 0.3, 0.3, 0.0]","[16.1, 26.2, 15.5, 23.6, 29.9, 24.3]",2026-08-14 06:28:39.083902
HUB03-HUB06,2024-03-28,2024-03-30,"[1.5, 0.5, 0.8]","[12.0, 16.7, 16.6]",2026-08-14 06:28:39.084040
HUB04-HUB02,2024-04-27,2024-04-28,"[6.6, 0.3]","[10.8, 20.3]",2026-08-14 06:28:39.084199
HUB03-HUB17,2025-02-09,2025-02-11,"[0.0, 0.0, 0.1]","[16.3, 10.7, 26.1]",2026-08-14 06:28:39.084345
HUB14-HUB16,2023-05-22,2023-05-24,"[0.0, 0.0, 0.9]","[13.7, 16.1, 12.9]",2026-08-14 06:28:39.084487
HUB05-HUB09,2024-03-28,2024-03-29,"[0.1, 0.6]","[13.1, 12.9]",2026-08-14 06:28:39.084622
HUB01-HUB05,2024-01-26,2024-01-28,"[0.6, 0.1, 0.1]","[11.3, 17.9, 17.4]",2026-08-14 06:28:39.084761
HUB11-HUB05,2023-04-18,2023-04-22,"[0.4, 0.2, 4.5, 0.1, 0.0]","[11.0, 11.5, 16.8, 16.5, 13.6]",2026-08-14 06:28:39.084927
HUB10-HUB04,2024-09-10,2024-09-13,"[3.6, 1.1, 3.3, 0.0]","[18.8, 5.2, 12.0, 12.8]",2026-08-14 06:28:39.085077
HUB01-HUB12,2023-03-25,2023-03-28,"[0.3, 0.6, 0.5, 0.5]","[20.0, 12.3, 1.4, 6.0]",2026-08-14 06:28:39.085262
HUB13-HUB18,2024-08-18,2024-08-20,"[1.1, 20.6, None]","[21.7, 27.9, 16.4]",2026-08-14 06:28:39.085404
HUB12-HUB09,2024-10-05,2024-10-09,"[0.0, 0.8, 4.2, 0.0, 0.4]","[16.0, 16.4, 15.3, 14.4, 11.0]",2026-08-14 06:28:39.085562
HUB18-HUB05,2025-03-31,2025-04-03,"[0.5, 0.5, 10.5, 0.0]","[12.0, 10.1, 15.1, 18.0]",2026-08-14 06:28:39.085728
HUB14-HUB03,2023-08-22,2023-08-24,"[0.5, 1.4, 0.7]","[24.0, 31.3, 15.4]",2026-08-14 06:28:39.085865
HUB15-HUB09,2023-10-17,2023-10-19,"[0.0, 0.6, None]","[11.7, 14.8, 13.5]",2026-08-14 06:28:39.086000
HUB14-HUB02,2023-03-27,2023-03-29,"[0.3, 0.5, 0.1]","[12.7, 14.9, 19.6]",2026-08-14 06:28:39.086214
HUB12-HUB15,2023-02-12,2023-02-15,"[0.7, 0.7, 1.3, 0.0]","[11.0, 21.3, 14.7, 3.8]",2026-08-14 06:28:39.086380
HUB12-HUB03,2025-07-31,2025-08-03,"[1.1, 0.1, 28.1, 0.4]","[19.5, 19.6, 8.5, 17.9]",2026-08-14 06:28:39.086530
HUB12-HUB17,2024-12-26,2024-12-28,"[0.1, 0.0, 0.0]","[18.4, 26.1, 21.9]",2026-08-14 06:28:39.086681
HUB08-HUB10,2023-02-25,2023-02-28,"[0.6, 0.7, 0.4, 0.3]","[16.2, 7.9, 5.8, 26.7]",2026-08-14 06:28:39.086828
HUB02-HUB08,2025-09-07,2025-09-09,"[0.8, 0.0, 0.0]","[12.9, 13.2, 12.1]",2026-08-14 06:28:39.086997
HUB18-HUB05,2023-04-06,2023-04-09,"[0.0, 0.0, 0.0, 0.3]","[8.2, 18.0, 12.6, 10.8]",2026-08-14 06:28:39.087313
HUB18-HUB11,2023-06-04,2023-06-07,"[0.3, 0.0, 0.4, 0.9]","[9.5, 12.9, 11.2, 12.6]",2026-08-14 06:28:39.087504
HUB02-HUB08,2024-08-23,2024-08-25,"[0.0, 0.0, 8.5]","[16.1, 17.0, 12.3]",2026-08-14 06:28:39.087663
HUB15-HUB06,2024-04-13,2024-04-15,"[1.1, 4.1, 0.0]","[12.9, 15.1, 17.0]",2026-08-14 06:28:39.087815
HUB14-HUB10,2025-11-26,2025-11-28,"[0.0, 0.8, 0.2]","[32.0, 22.2, 35.0]",2026-08-14 06:28:39.087955
HUB05-HUB01,2024-07-26,2024-07-28,"[16.4, 0.4, 1.4]","[19.0, 20.3, 16.3]",2026-08-14 06:28:39.088090
HUB07-HUB01,2024-11-19,2024-11-22,"[0.0, 1.6, 0.0, 15.4]","[19.4, 19.2, 14.5, 19.9]",2026-08-14 06:28:39.088280
HUB14-HUB18,2023-04-23,2023-04-25,"[0.3, 0.2, 0.8]","[13.8, 12.6, 6.1]",2026-08-14 06:28:39.088459
HUB15-HUB11,2025-03-19,2025-03-21,"[0.8, 0.0, 0.2]","[23.3, 10.2, 6.5]",2026-08-14 06:28:39.088649
HUB08-HUB16,2024-11-02,2024-11-03,"[0.3, 0.0]","[17.7, 16.8]",2026-08-14 06:28:39.088818
HUB12-HUB09,2024-06-15,2024-06-19,"[0.4, 0.9, 4.1, 0.7, 6.7]","[10.5, 20.0, 12.4, 13.3, 11.4]",2026-08-14 06:28:39.088982
HUB09-HUB16,2025-01-02,2025-01-04,"[0.5, 0.7, 0.8]","[11.8, 14.2, 19.7]",2026-08-14 06:28:39.089124
HUB03-HUB11,2025-09-28,2025-10-01,"[0.0, 0.0, 0.3, 0.6]","[10.3, 11.8, 17.4, 10.4]",2026-08-14 06:28:39.089334
HUB03-HUB12,2024-04-11,2024-04-14,"[0.1, 0.0, 0.0, 0.4]","[17.5, 14.2, 15.0, 5.4]",2026-08-14 06:28:39.089495
HUB16-HUB13,2023-09-20,2023-09-23,"[14.9, 26.0, 0.4, 1.0]","[15.9, 8.0, 14.3, 8.0]",2026-08-14 06:28:39.089655
HUB01-HUB05,2024-07-28,2024-07-30,"[0.9, 1.1, 0.0]","[7.6, 12.7, 14.8]",2026-08-14 06:28:39.089794
HUB02-HUB13,2023-09-30,2023-10-02,"[0.3, 0.0, None]","[11.9, 18.7, 8.6]",2026-08-14 06:28:39.089931
HUB06-HUB02,2025-07-06,2025-07-09,"[27.6, 14.9, 6.7, 0.5]","[17.1, 20.2, 17.5, 11.0]",2026-08-14 06:28:39.090148
HUB15-HUB13,2023-08-10,2023-08-12,"[0.4, 3.0, 0.3]","[7.1, 17.2, 8.3]",2026-08-14 06:28:39.090306
HUB13-HUB09,2024-05-19,2024-05-23,"[1.4, 0.0, 0.5, 1.0, 0.2]","[14.4, 10.8, 17.4, 21.7, 14.7]",2026-08-14 06:28:39.090469
HUB11-HUB02,2023-12-27,2023-12-29,"[0.9, 0.0, 0.0]","[21.0, 18.8, 15.6]",2026-08-14 06:28:39.090659
HUB12-HUB05,2023-03-24,2023-03-29,"[0.4, 0.0, 0.0, 0.5, 0.0, 2.2]","[17.8, 14.0, 18.8, 7.5, 16.1, 8.8]",2026-08-14 06:28:39.090910
HUB03-HUB17,2023-03-25,2023-03-28,"[0.0, 0.1, 0.8, 0.0]","[15.2, 20.2, 7.9, 7.0]",2026-08-14 06:28:39.091124
HUB03-HUB09,2025-05-11,2025-05-13,"[0.0, 0.3, 0.0]","[13.2, 8.3, 12.6]",2026-08-14 06:28:39.091377
HUB11-HUB15,2024-09-06,2024-09-08,"[0.0, 1.0, 72.4]","[14.7, 13.9, 8.8]",2026-08-14 06:28:39.091591
HUB07-HUB14,2023-12-31,2024-01-04,"[0.5, 0.0, 0.0, 0.0, 1.2]","[23.3, 18.2, 20.6, 12.8, 17.6]",2026-08-14 06:28:39.091833
HUB10-HUB16,2025-09-12,2025-09-15,"[23.4, 0.0, 0.6, 0.4]","[17.4, 12.4, 9.7, 12.3]",2026-08-14 06:28:39.092053
HUB12-HUB14,2024-01-16,2024-01-18,"[7.8, 0.7, 1.1]","[17.0, 14.6, 12.5]",2026-08-14 06:28:39.092336
HUB06-HUB04,2024-09-13,2024-09-15,"[1.3, 0.0, 0.0]","[11.9, 15.7, 11.6]",2026-08-14 06:28:39.092528
HUB16-HUB12,2023-01-11,2023-01-14,"[0.0, 0.0, 0.1, 0.0]","[6.3, 21.0, 2.3, 20.7]",2026-08-14 06:28:39.092709
HUB15-HUB11,2025-03-12,2025-03-14,"[0.5, 0.0, 1.0]","[19.6, 8.5, 20.3]",2026-08-14 06:28:39.092853
HUB02-HUB18,2024-08-19,2024-08-20,"[13.9, 29.9]","[5.4, 16.3]",2026-08-14 06:28:39.093013
HUB03-HUB17,2024-10-29,2024-10-31,"[0.1, 0.3, 0.5]","[22.4, 33.6, 28.2]",2026-08-14 06:28:39.093236
HUB04-HUB11,2025-08-23,2025-08-26,"[0.1, 0.1, 1.2, 18.4]","[17.8, 20.5, 3.0, 3.4]",2026-08-14 06:28:39.093426
HUB03-HUB17,2023-09-25,2023-09-28,"[0.0, 0.1, 1.1, 1.6]","[23.8, 23.7, 15.7, 10.9]",2026-08-14 06:28:39.093631
HUB10-HUB17,2024-01-11,2024-01-13,"[1.4, 4.0, 1.2]","[19.9, 11.3, 12.9]",2026-08-14 06:28:39.093827
HUB05-HUB07,2025-11-06,2025-11-07,"[0.7, 0.8]","[13.6, 21.3]",2026-08-14 06:28:39.093978
HUB12-HUB06,2025-07-09,2025-07-14,"[0.4, 0.0, 5.5, 0.2, 1.0, 0.4]","[11.4, 9.2, 12.5, 17.4, 13.2, 15.6]",2026-08-14 06:28:39.094264
HUB16-HUB05,2024-07-21,2024-07-23,"[2.9, 0.0, 0.7]","[15.4, 13.7, 19.5]",2026-08-14 06:28:39.094435
HUB03-HUB12,2023-12-30,2024-01-02,"[0.6, 0.1, 0.8, 0.7]","[18.4, 20.6, 15.8, 9.9]",2026-08-14 06:28:39.094602
HUB03-HUB09,2025-03-06,2025-03-08,"[0.0, 0.3, 0.0]","[10.7, 16.3, 15.5]",2026-08-14 06:28:39.094759
HUB04-HUB17,2024-06-15,2024-06-18,"[0.7, 13.5, 0.1, 0.0]","[15.2, 22.2, 15.5, 9.3]",2026-08-14 06:28:39.094910
HUB15-HUB02,2025-02-01,2025-02-03,"[0.3, 0.4, 0.5]","[6.8, 11.8, 1.0]",2026-08-14 06:28:39.095047
HUB18-HUB11,2025-10-02,2025-10-05,"[0.4, 0.7, 2.0, 0.8]","[18.9, 28.0, 16.6, 13.4]",2026-08-14 06:28:39.095292
HUB14-HUB18,2024-02-13,2024-02-15,"[0.6, 0.5, 0.9]","[3.4, 25.1, 8.1]",2026-08-14 06:28:39.095502
HUB13-HUB16,2025-08-17,2025-08-20,"[0.2, 0.0, 0.0, 19.6]","[16.0, 13.1, 16.8, 18.9]",2026-08-14 06:28:39.095692
HUB11-HUB06,2025-05-27,2025-05-31,"[0.2, 0.0, 0.1, 0.4, 0.5]","[11.5, 12.2, 12.5, 21.0, 14.4]",2026-08-14 06:28:39.095887
HUB04-HUB16,2024-08-20,2024-08-22,"[0.3, 25.3, 1.7]","[13.7, 9.8, 11.7]",2026-08-14 06:28:39.096037
HUB09-HUB06,2025-05-18,2025-05-19,"[0.6, 0.0]","[17.0, 12.8]",2026-08-14 06:28:39.096209
HUB17-HUB01,2025-12-16,2025-12-19,"[0.5, 0.7, None, 1.0]","[12.9, 17.4, 16.6, 24.5]",2026-08-14 06:28:39.096374
HUB07-HUB17,2024-10-13,2024-10-16,"[0.3, 1.0, 0.0, 0.9]","[20.5, 20.7, 14.2, 33.2]",2026-08-14 06:28:39.096526
HUB01-HUB16,2024-11-30,2024-12-02,"[0.0, 0.0, 1.2]","[20.2, 14.1, 13.2]",2026-08-14 06:28:39.096681
HUB04-HUB14,2023-03-03,2023-03-06,"[0.1, 0.0, 10.2, None]","[15.1, 7.5, 6.3, 13.5]",2026-08-14 06:28:39.096831
HUB10-HUB16,2023-10-22,2023-10-25,"[5.8, 0.7, 0.6, 1.0]","[12.0, 8.0, 15.4, 12.0]",2026-08-14 06:28:39.096978
HUB13-HUB07,2025-08-06,2025-08-10,"[0.7, 1.2, 0.6, 62.7, 7.5]","[16.3, 15.7, 8.4, 14.3, 12.8]",2026-08-14 06:28:39.097161
HUB08-HUB03,2024-12-29,2024-12-31,"[0.8, 0.6, 0.0]","[19.0, 21.1, 3.6]",2026-08-14 06:28:39.097312
HUB09-HUB15,2025-02-04,2025-02-06,"[0.9, 0.5, 1.1]","[15.9, 9.7, 25.1]",2026-08-14 06:28:39.097496
HUB13-HUB08,2024-07-12,2024-07-16,"[0.5, 0.2, 0.0, 0.3, 0.4]","[16.5, 8.7, 12.6, 16.6, 15.0]",2026-08-14 06:28:39.097736
HUB05-HUB01,2024-03-16,2024-03-19,"[0.0, 0.1, 1.2, 0.0]","[22.1, 9.7, 20.2, 6.0]",2026-08-14 06:28:39.097898
HUB15-HUB07,2023-12-22,2023-12-25,"[1.0, 0.0, 0.1, 1.1]","[14.8, 15.5, 18.7, 17.2]",2026-08-14 06:28:39.098088
HUB06-HUB11,2023-04-09,2023-04-13,"[0.1, 0.7, 1.3, 1.5, 0.7]","[6.7, 19.2, 12.2, 20.8, 12.1]",2026-08-14 06:28:39.098300
HUB02-HUB12,2023-07-02,2023-07-04,"[0.0, 11.6, 0.3]","[12.2, 4.9, 9.9]",2026-08-14 06:28:39.098443
HUB03-HUB05,2025-02-26,2025-02-28,"[0.3, 1.0, 0.0]","[11.7, 14.5, 14.2]",2026-08-14 06:28:39.098592
HUB07-HUB06,2024-03-20,2024-03-21,"[0.0, 0.9]","[19.7, 12.3]",2026-08-14 06:28:39.098722
HUB01-HUB10,2023-04-18,2023-04-21,"[0.0, 0.0, 1.3, 0.0]","[6.6, 0.2, 14.0, 20.9]",2026-08-14 06:28:39.098870
HUB04-HUB15,2025-08-02,2025-08-05,"[35.4, 0.9, 18.2, 17.4]","[12.6, 14.9, 16.6, 12.5]",2026-08-14 06:28:39.099019
HUB08-HUB06,2025-04-15,2025-04-16,"[0.0, 0.0]","[12.7, 15.5]",2026-08-14 06:28:39.099187
HUB17-HUB08,2025-03-01,2025-03-04,"[0.0, 0.9, 0.7, 3.0]","[11.6, 21.2, 17.8, 14.3]",2026-08-14 06:28:39.099346
HUB18-HUB13,2025-02-04,2025-02-06,"[0.0, 0.5, 2.5]","[16.0, 12.1, 19.7]",2026-08-14 06:28:39.099484
HUB14-HUB03,2024-04-07,2024-04-09,"[0.0, 0.3, 0.0]","[17.6, 16.7, 7.9]",2026-08-14 06:28:39.099637
HUB17-HUB12,2023-10-07,2023-10-09,"[0.0, 1.1, 0.8]","[20.3, 12.3, 21.5]",2026-08-14 06:28:39.099780
HUB12-HUB03,2023-08-26,2023-08-29,"[4.7, 17.1, 0.0, 0.1]","[11.3, 9.6, 10.6, 14.7]",2026-08-14 06:28:39.099927
HUB03-HUB13,2023-02-07,2023-02-10,"[0.2, 0.0, 0.4, 1.3]","[22.7, 14.8, 17.7, 20.3]",2026-08-14 06:28:39.100072
HUB12-HUB17,2024-09-23,2024-09-25,"[0.2, None, 0.3]","[17.0, 7.6, 16.8]",2026-08-14 06:28:39.100238
HUB10-HUB13,2024-12-26,2024-12-30,"[0.0, 1.0, 1.9, 0.2, 0.9]","[14.6, 12.6, 14.1, 14.0, 22.1]",2026-08-14 06:28:39.100399
HUB16-HUB11,2024-08-23,2024-08-25,"[12.9, 9.7, 0.6]","[20.8, 9.0, 13.9]",2026-08-14 06:28:39.100535
HUB07-HUB14,2025-01-27,2025-01-31,"[0.4, 0.1, 0.9, 0.0, 1.2]","[13.1, 13.0, 11.6, 16.9, 17.2]",2026-08-14 06:28:39.100702
HUB15-HUB11,2023-05-08,2023-05-10,"[0.1, 0.7, None]","[27.4, 20.1, 21.8]",2026-08-14 06:28:39.100847
HUB12-HUB18,2025-01-11,2025-01-14,"[0.8, 0.2, 0.0, 0.4]","[26.0, 7.6, 9.7, 8.1]",2026-08-14 06:28:39.101064
HUB14-HUB02,2024-10-25,2024-10-26,"[0.5, 0.5]","[18.7, 23.3]",2026-08-14 06:28:39.101296
HUB01-HUB08,2025-05-12,2025-05-14,"[0.0, 0.0, 0.0]","[18.0, 12.2, 9.4]",2026-08-14 06:28:39.101462
HUB18-HUB11,2023-07-27,2023-07-30,"[24.2, 0.0, 0.4, 0.8]","[4.3, 14.5, 13.6, 19.5]",2026-08-14 06:28:39.101630
HUB10-HUB14,2025-08-30,2025-09-02,"[13.4, 9.6, 3.1, 0.0]","[19.6, 17.9, 8.8, 7.4]",2026-08-14 06:28:39.101786
HUB12-HUB06,2025-12-29,2026-01-02,"[0.2, 0.0, 0.0, 0.4, 0.4]","[12.5, 22.9, 19.1, 10.3, 17.1]",2026-08-14 06:28:39.101944
HUB09-HUB04,2023-07-30,2023-08-02,"[0.0, 0.4, 1.1, 25.2]","[3.9, 10.3, 12.3, 4.7]",2026-08-14 06:28:39.102207
HUB03-HUB05,2025-02-12,2025-02-14,"[0.1, 0.9, 0.0]","[16.1, 17.8, 8.5]",2026-08-14 06:28:39.102391
HUB11-HUB18,2023-04-20,2023-04-23,"[0.6, 0.4, 1.1, 0.6]","[12.7, 2.2, 5.5, 20.6]",2026-08-14 06:28:39.102545
HUB13-HUB12,2024-12-10,2024-12-11,"[0.6, 0.0]","[23.1, 34.7]",2026-08-14 06:28:39.102687
HUB03-HUB16,2023-09-15,2023-09-16,"[3.6, 9.2]","[9.4, 9.9]",2026-08-14 06:28:39.102815
HUB07-HUB13,2025-11-05,2025-11-09,"[0.2, 0.7, 0.3, 1.5, 0.0]","[16.4, 13.2, 12.7, 15.5, 21.5]",2026-08-14 06:28:39.102972
HUB12-HUB02,2025-10-03,2025-10-05,"[0.8, None, 0.6]","[25.2, 14.4, 14.3]",2026-08-14 06:28:39.103110
HUB06-HUB13,2025-04-26,2025-04-30,"[0.0, 0.4, 0.0, 5.2, 5.2]","[16.7, 8.7, 11.1, 6.0, 17.0]",2026-08-14 06:28:39.103310
HUB06-HUB15,2025-10-08,2025-10-10,"[0.9, 3.5, 6.4]","[18.5, 17.6, 22.2]",2026-08-14 06:28:39.103452
HUB03-HUB17,2024-05-17,2024-05-20,"[0.8, 0.2, 0.0, 0.0]","[20.0, 30.6, 31.6, 40.3]",2026-08-14 06:28:39.103619
HUB10-HUB11,2025-09-11,2025-09-14,"[6.5, 0.5, 0.0, 0.1]","[4.3, 0.9, 25.6, 13.7]",2026-08-14 06:28:39.103774
HUB03-HUB06,2024-09-04,2024-09-06,"[0.7, 17.0, 0.0]","[16.2, 13.8, 11.2]",2026-08-14 06:28:39.103912
HUB16-HUB08,2025-06-28,2025-06-29,"[0.5, 0.7]","[14.3, 11.0]",2026-08-14 06:28:39.104038
HUB04-HUB14,2023-10-16,2023-10-19,"[0.3, 1.0, 0.0, 0.0]","[17.6, 15.2, 9.0, 16.8]",2026-08-14 06:28:39.104208
HUB02-HUB15,2024-05-02,2024-05-04,"[0.0, 0.7, 0.3]","[28.1, 25.9, 15.1]",2026-08-14 06:28:39.104355
HUB17-HUB15,2024-01-31,2024-02-02,"[None, 0.4, 0.2]","[10.4, 16.2, 16.3]",2026-08-14 06:28:39.104491
HUB08-HUB12,2023-05-25,2023-05-29,"[0.5, 1.1, 2.2, 0.0, 0.9]","[21.1, 20.0, 13.6, 19.6, 7.5]",2026-08-14 06:28:39.104665
HUB04-HUB09,2023-12-10,2023-12-13,"[0.0, 0.6, 0.2, 0.3]","[17.5, 14.0, 19.4, 8.8]",2026-08-14 06:28:39.104824
HUB10-HUB09,2023-01-25,2023-01-27,"[1.0, 0.8, 0.9]","[11.8, 12.7, 16.9]",2026-08-14 06:28:39.104962
HUB02-HUB01,2025-08-19,2025-08-20,"[0.0, 23.8]","[18.2, 13.3]",2026-08-14 06:28:39.105088
HUB08-HUB16,2023-10-14,2023-10-15,"[0.2, 4.9]","[18.6, 15.4]",2026-08-14 06:28:39.105250
HUB12-HUB17,2023-10-05,2023-10-07,"[17.5, 0.7, 0.3]","[36.0, 33.6, 27.0]",2026-08-14 06:28:39.105389
HUB09-HUB08,2024-11-12,2024-11-13,"[0.0, 0.1]","[14.3, 19.1]",2026-08-14 06:28:39.105516
HUB17-HUB13,2023-04-29,2023-05-01,"[0.7, 0.0, 0.7]","[13.1, 21.6, 18.9]",2026-08-14 06:28:39.105667
HUB13-HUB10,2024-10-19,2024-10-23,"[1.0, 0.0, 1.1, 38.6, 0.1]","[18.6, 28.8, 20.0, 11.8, 22.1]",2026-08-14 06:28:39.105827
HUB12-HUB03,2024-12-19,2024-12-22,"[0.6, 0.3, 0.0, 0.0]","[21.2, 33.4, 22.3, 14.8]",2026-08-14 06:28:39.105976
HUB13-HUB08,2025-02-25,2025-03-01,"[0.2, 0.3, 0.4, 0.4, 1.0]","[1.9, 17.9, 18.1, 8.6, 10.8]",2026-08-14 06:28:39.106216
HUB13-HUB15,2024-02-21,2024-02-23,"[0.4, 2.1, 0.8]","[23.7, 22.3, 19.4]",2026-08-14 06:28:39.106373
HUB09-HUB02,2023-04-22,2023-04-25,"[1.3, 0.3, 1.0, 0.2]","[6.9, 17.8, 16.4, 8.0]",2026-08-14 06:28:39.106525
HUB02-HUB11,2023-07-07,2023-07-09,"[20.3, None, 30.6]","[11.1, 7.2, 5.2]",2026-08-14 06:28:39.106679
HUB05-HUB09,2025-01-01,2025-01-02,"[1.0, 0.8]","[10.4, 13.3]",2026-08-14 06:28:39.106806
HUB06-HUB09,2025-08-27,2025-08-28,"[0.4, 11.2]","[14.8, 6.1]",2026-08-14 06:28:39.106931
HUB05-HUB18,2024-08-03,2024-08-05,"[4.7, 0.0, 0.1]","[15.2, 7.3, 11.6]",2026-08-14 06:28:39.107066
HUB06-HUB08,2023-10-26,2023-10-27,"[1.0, 1.9]","[17.7, 14.0]",2026-08-14 06:28:39.107222
HUB14-HUB01,2025-07-01,2025-07-03,"[0.2, 1.2, 6.4]","[10.0, 9.1, 7.1]",2026-08-14 06:28:39.107365
HUB18-HUB10,2024-09-28,2024-10-02,"[0.6, 5.6, 0.8, 0.5, 0.6]","[2.6, 8.7, 29.6, 7.6, 22.2]",2026-08-14 06:28:39.107529
HUB09-HUB14,2025-05-09,2025-05-11,"[0.0, 0.6, 0.0]","[12.5, 8.0, 24.7]",2026-08-14 06:28:39.107683
HUB09-HUB15,2025-11-05,2025-11-07,"[0.4, 0.0, 1.2]","[17.6, 15.8, 14.9]",2026-08-14 06:28:39.107820
HUB06-HUB08,2025-11-03,2025-11-04,"[0.0, 0.0]","[16.9, 14.4]",2026-08-14 06:28:39.107946
HUB12-HUB07,2024-03-07,2024-03-12,"[1.1, 0.0, 0.0, 0.6, 0.6, 0.0]","[10.9, 17.1, 13.7, 12.7, 12.1, 18.9]",2026-08-14 06:28:39.108116
HUB13-HUB04,2024-12-10,2024-12-13,"[0.2, 0.7, 0.0, 0.4]","[18.5, 14.9, 18.8, 17.6]",2026-08-14 06:28:39.108306
HUB02-HUB05,2024-08-23,2024-08-26,"[0.3, 0.0, 0.7, 0.0]","[17.4, 17.9, 12.8, 9.6]",2026-08-14 06:28:39.108456
HUB10-HUB13,2023-07-25,2023-07-29,"[0.2, 0.7, 15.5, 0.5, 3.0]","[17.3, 15.6, 14.0, 15.8, 10.8]",2026-08-14 06:28:39.108625
HUB08-HUB11,2025-02-09,2025-02-12,"[1.8, 0.4, 0.2, 0.7]","[16.1, 23.6, 6.8, 16.5]",2026-08-14 06:28:39.108776
HUB08-HUB07,2023-11-22,2023-11-23,"[1.1, 0.1]","[15.8, 11.3]",2026-08-14 06:28:39.108900
HUB10-HUB17,2023-01-23,2023-01-25,"[0.0, 0.5, 0.5]","[6.7, 11.0, 22.3]",2026-08-14 06:28:39.109032
HUB03-HUB18,2025-10-02,2025-10-03,"[0.6, 6.5]","[20.5, 21.7]",2026-08-14 06:28:39.109185
HUB15-HUB13,2023-05-19,2023-05-21,"[0.0, 0.2, 0.0]","[16.5, 24.1, 22.5]",2026-08-14 06:28:39.109332
HUB17-HUB10,2023-07-13,2023-07-15,"[93.6, 0.0, 16.8]","[31.5, 7.5, 14.3]",2026-08-14 06:28:39.109470
HUB02-HUB14,2023-10-14,2023-10-15,"[2.4, 0.0]","[11.2, 12.4]",2026-08-14 06:28:39.109604
HUB15-HUB08,2024-10-28,2024-10-30,"[0.9, 0.2, 3.9]","[14.6, 17.0, 12.2]",2026-08-14 06:28:39.109744
HUB11-HUB04,2023-07-15,2023-07-18,"[11.5, 0.3, 14.9, 21.9]","[19.5, 1.5, 11.9, 7.5]",2026-08-14 06:28:39.109890
HUB16-HUB18,2025-11-14,2025-11-15,"[15.9, 0.0]","[17.3, 10.7]",2026-08-14 06:28:39.110014
HUB04-HUB16,2023-07-03,2023-07-05,"[0.5, 5.2, 11.6]","[16.6, 14.0, 15.4]",2026-08-14 06:28:39.110252
HUB04-HUB06,2023-01-31,2023-02-02,"[0.0, 0.0, 0.0]","[16.2, 10.0, 13.0]",2026-08-14 06:28:39.110427
HUB01-HUB17,2023-05-16,2023-05-19,"[0.7, 9.1, 0.5, 8.3]","[23.5, 12.3, 11.9, 34.2]",2026-08-14 06:28:39.110618
HUB10-HUB18,2023-07-02,2023-07-06,"[19.7, 0.1, 0.0, 1.1, 0.2]","[0.7, 23.4, 14.8, 11.6, 19.2]",2026-08-14 06:28:39.110813
HUB08-HUB18,2023-07-03,2023-07-05,"[28.1, 5.3, 0.0]","[16.2, 20.7, 11.2]",2026-08-14 06:28:39.110984
HUB18-HUB14,2024-03-09,2024-03-11,"[0.4, 1.2, 0.3]","[14.8, 21.8, 8.4]",2026-08-14 06:28:39.111203
HUB11-HUB09,2024-11-04,2024-11-07,"[0.0, 0.7, 0.0, 1.3]","[11.9, 10.5, 13.0, 12.1]",2026-08-14 06:28:39.111365
HUB17-HUB10,2025-11-15,2025-11-17,"[0.0, 0.4, 0.5]","[20.6, 5.4, 21.4]",2026-08-14 06:28:39.111524
HUB05-HUB02,2025-04-09,2025-04-12,"[1.1, 0.7, 0.0, 0.0]","[16.2, 17.0, 22.4, 16.1]",2026-08-14 06:28:39.111736
HUB01-HUB07,2023-07-12,2023-07-15,"[0.8, 11.6, 15.4, 19.2]","[12.9, 17.9, 13.6, 15.1]",2026-08-14 06:28:39.111898
HUB15-HUB06,2023-11-18,2023-11-20,"[0.4, 4.1, 2.2]","[10.1, 16.9, 13.2]",2026-08-14 06:28:39.112038
HUB01-HUB02,2023-10-26,2023-10-27,"[13.4, 0.0]","[13.8, 15.0]",2026-08-14 06:28:39.112220
HUB16-HUB02,2023-01-26,2023-01-27,"[0.0, 1.1]","[23.0, 12.4]",2026-08-14 06:28:39.112358
HUB10-HUB17,2023-11-20,2023-11-22,"[0.7, 0.6, 0.8]","[22.1, 14.4, 21.3]",2026-08-14 06:28:39.112532
HUB11-HUB02,2023-01-17,2023-01-19,"[0.2, 0.2, 0.9]","[10.7, 10.2, 14.5]",2026-08-14 06:28:39.112684
HUB04-HUB12,2025-01-25,2025-01-29,"[0.6, 0.0, 0.1, 0.0, None]","[20.4, 14.1, 15.2, 24.8, 11.0]",2026-08-14 06:28:39.112844
HUB05-HUB18,2025-07-03,2025-07-05,"[3.0, 13.1, 22.9]","[16.1, 10.1, 8.4]",2026-08-14 06:28:39.112981
HUB04-HUB10,2023-08-04,2023-08-08,"[4.0, 19.0, 69.8, 56.3, 29.2]","[24.3, 37.0, 1.0, 17.0, 1.7]",2026-08-14 06:28:39.113223
HUB14-HUB05,2023-05-04,2023-05-07,"[0.0, 0.0, 0.0, 0.6]","[13.8, 10.7, 17.9, 16.9]",2026-08-14 06:28:39.113431
HUB09-HUB12,2024-02-07,2024-02-10,"[0.3, 0.3, 0.0, 0.0]","[19.1, 23.0, 6.8, 13.3]",2026-08-14 06:28:39.113623
HUB02-HUB03,2023-07-16,2023-07-17,"[29.2, 0.1]","[8.9, 23.3]",2026-08-14 06:28:39.113777
HUB01-HUB16,2025-08-30,2025-08-31,"[28.8, 0.3]","[14.3, 12.3]",2026-08-14 06:28:39.113982
HUB13-HUB06,2024-05-24,2024-05-27,"[0.2, 0.2, 0.0, 1.4]","[13.3, 14.5, 12.3, 18.1]",2026-08-14 06:28:39.114259
HUB13-HUB06,2023-03-21,2023-03-25,"[0.2, 0.2, 0.0, 1.0, 0.5]","[17.0, 10.2, 11.3, 16.8, 16.2]",2026-08-14 06:28:39.114433
HUB06-HUB11,2024-10-16,2024-10-20,"[0.1, 1.2, 0.4, 1.3, 1.0]","[23.6, 22.1, 24.2, 19.6, 23.2]",2026-08-14 06:28:39.114607
HUB07-HUB10,2023-06-26,2023-06-29,"[22.0, 6.8, 0.4, 33.3]","[5.4, 1.6, 8.4, 20.5]",2026-08-14 06:28:39.114761
HUB15-HUB17,2024-08-11,2024-08-13,"[0.0, 21.6, 15.0]","[1.3, 15.2, 18.3]",2026-08-14 06:28:39.114898
HUB02-HUB15,2023-09-06,2023-09-08,"[0.0, 1.3, 7.6]","[14.5, 18.8, 9.1]",2026-08-14 06:28:39.115034
HUB18-HUB05,2025-06-23,2025-06-25,"[3.9, 6.1, 0.9]","[17.4, 11.0, 16.4]",2026-08-14 06:28:39.115198
HUB16-HUB11,2023-03-31,2023-04-02,"[1.4, 3.5, 0.7]","[14.9, 3.4, 15.9]",2026-08-14 06:28:39.115345
HUB03-HUB05,2025-03-19,2025-03-21,"[0.6, 0.0, 1.0]","[7.2, 14.7, 12.3]",2026-08-14 06:28:39.115484
HUB10-HUB13,2024-09-19,2024-09-23,"[0.6, 0.3, 0.0, 0.0, 0.0]","[10.0, 17.0, 13.9, 9.0, 6.9]",2026-08-14 06:28:39.115652
HUB11-HUB15,2023-11-21,2023-11-23,"[0.0, 0.0, 0.0]","[21.6, 19.9, 18.9]",2026-08-14 06:28:39.115786
HUB17-HUB11,2024-09-17,2024-09-19,"[0.9, 0.0, 0.0]","[19.6, 1.7, 10.4]",2026-08-14 06:28:39.115917
HUB11-HUB05,2025-01-29,2025-02-02,"[0.0, 0.8, 0.0, 0.2, 1.7]","[10.5, 13.5, 15.4, 11.3, 11.2]",2026-08-14 06:28:39.116065
HUB01-HUB08,2023-07-10,2023-07-12,"[0.2, 0.2, 0.0]","[16.8, 10.3, 11.7]",2026-08-14 06:28:39.116231
HUB06-HUB16,2024-12-27,2024-12-29,"[1.2, 0.5, 0.2]","[11.8, 22.1, 16.9]",2026-08-14 06:28:39.116368
HUB11-HUB05,2025-03-12,2025-03-16,"[0.0, 0.0, 0.4, 0.5, 0.0]","[11.1, 11.5, 14.4, 16.5, 22.9]",2026-08-14 06:28:39.116575
HUB07-HUB03,2023-04-07,2023-04-09,"[0.0, 0.0, 0.5]","[3.9, 15.2, 22.8]",2026-08-14 06:28:39.116785
HUB09-HUB12,2025-11-25,2025-11-29,"[1.0, 0.4, 0.4, 0.1, 0.2]","[25.7, 26.6, 15.6, 14.3, 12.5]",2026-08-14 06:28:39.116959
HUB17-HUB16,2023-07-24,2023-07-27,"[0.3, 6.9, 17.0, 26.1]","[17.6, 13.8, 16.0, 14.9]",2026-08-14 06:28:39.117111
HUB17-HUB13,2023-02-17,2023-02-19,"[0.7, 1.0, 0.1]","[17.9, 19.1, 15.0]",2026-08-14 06:28:39.117295
HUB05-HUB06,2023-05-19,2023-05-20,"[0.4, 1.1]","[12.6, 17.3]",2026-08-14 06:28:39.117424
HUB04-HUB09,2025-03-24,2025-03-27,"[0.0, 0.7, 0.2, 0.0]","[8.6, 12.4, 7.3, 9.0]",2026-08-14 06:28:39.117579
HUB18-HUB07,2023-07-12,2023-07-14,"[0.0, 0.0, 1.9]","[14.9, 12.7, 10.8]",2026-08-14 06:28:39.117735
HUB10-HUB18,2024-12-23,2024-12-27,"[0.0, 0.4, 1.0, 0.0, 0.8]","[12.7, 27.0, 18.8, 24.4, 17.4]",2026-08-14 06:28:39.117896
HUB11-HUB12,2024-12-08,2024-12-09,"[0.5, 0.1]","[26.5, 34.9]",2026-08-14 06:28:39.118022
HUB04-HUB03,2023-09-19,2023-09-20,"[0.2, 9.4]","[18.0, 20.3]",2026-08-14 06:28:39.118227
HUB12-HUB01,2024-05-30,2024-06-02,"[0.6, 44.8, 15.6, 0.0]","[23.6, 22.1, 7.9, 6.6]",2026-08-14 06:28:39.118384
HUB16-HUB10,2023-02-19,2023-02-22,"[0.0, 0.4, 0.0, 0.0]","[8.8, 5.1, 20.4, 9.9]",2026-08-14 06:28:39.118533
HUB03-HUB08,2024-07-30,2024-08-01,"[0.1, 1.5, 0.0]","[11.2, 13.2, 16.4]",2026-08-14 06:28:39.118683
HUB07-HUB13,2025-01-12,2025-01-17,"[0.2, 0.6, 0.0, 0.0, 0.3, 0.0]","[17.1, 7.7, 15.7, 8.3, 13.0, 12.0]",2026-08-14 06:28:39.118849
HUB08-HUB10,2025-07-03,2025-07-06,"[1.1, 1.2, 30.5, 10.8]","[22.8, 26.6, 12.9, 23.5]",2026-08-14 06:28:39.118997
HUB09-HUB17,2024-12-06,2024-12-08,"[0.7, 0.3, 0.0]","[18.1, 31.6, 23.5]",2026-08-14 06:28:39.119153
HUB05-HUB14,2023-03-07,2023-03-10,"[0.4, 0.0, 2.9, 0.0]","[12.6, 11.5, 18.1, 14.0]",2026-08-14 06:28:39.119313
HUB13-HUB05,2023-03-11,2023-03-15,"[0.0, 0.5, 0.8, 0.1, 0.0]","[16.3, 14.4, 12.1, 11.1, 14.6]",2026-08-14 06:28:39.119469
HUB04-HUB16,2024-03-04,2024-03-06,"[0.4, 0.4, 0.0]","[13.4, 15.1, 19.3]",2026-08-14 06:28:39.119614
HUB05-HUB13,2024-05-30,2024-06-03,"[13.1, 0.0, 0.3, 0.8, 1.1]","[16.1, 12.4, 11.1, 21.7, 9.2]",2026-08-14 06:28:39.119776
HUB10-HUB13,2024-05-18,2024-05-22,"[0.0, 1.4, 0.8, 0.6, 0.1]","[20.0, 11.0, 19.4, 8.9, 15.9]",2026-08-14 06:28:39.119943
HUB03-HUB09,2025-10-15,2025-10-17,"[0.0, 0.4, 1.0]","[15.5, 11.4, 13.8]",2026-08-14 06:28:39.120081
HUB16-HUB09,2024-01-18,2024-01-20,"[0.3, 0.5, 0.9]","[19.6, 11.5, 12.5]",2026-08-14 06:28:39.120250
HUB09-HUB13,2023-03-22,2023-03-26,"[1.0, 0.2, 0.0, 0.5, 0.5]","[11.0, 2.9, 22.4, 15.6, 14.4]",2026-08-14 06:28:39.120409
HUB18-HUB06,2025-10-23,2025-10-25,"[1.3, 0.9, 0.0]","[12.8, 11.0, 12.6]",2026-08-14 06:28:39.120545
HUB07-HUB06,2023-11-09,2023-11-10,"[0.0, 0.5]","[15.8, 17.2]",2026-08-14 06:28:39.120685
HUB01-HUB10,2025-03-04,2025-03-08,"[0.9, 0.0, 1.1, 0.0, 1.1]","[8.8, 3.2, 21.8, 26.5, 13.9]",2026-08-14 06:28:39.120843
HUB07-HUB10,2023-10-25,2023-10-29,"[0.0, 0.0, 0.2, 0.0, 0.1]","[19.2, 49.0, 27.8, 27.6, 25.4]",2026-08-14 06:28:39.120998
HUB12-HUB18,2024-04-02,2024-04-05,"[None, 0.3, 0.7, 0.0]","[4.1, 3.9, 6.1, 17.5]",2026-08-14 06:28:39.121183
HUB01-HUB03,2023-02-05,2023-02-06,"[0.3, 0.0]","[9.5, 11.3]",2026-08-14 06:28:39.121319
HUB09-HUB14,2025-06-26,2025-06-28,"[22.4, 0.0, 0.9]","[4.5, 12.1, 7.1]",2026-08-14 06:28:39.121457
HUB15-HUB17,2023-10-05,2023-10-07,"[2.2, 21.2, 0.1]","[21.4, 22.2, 27.8]",2026-08-14 06:28:39.121605
HUB17-HUB13,2025-07-05,2025-07-07,"[47.5, 13.9, 1.0]","[18.8, 14.4, 4.2]",2026-08-14 06:28:39.121746
HUB14-HUB04,2025-01-07,2025-01-10,"[0.0, 1.0, 0.1, 1.1]","[21.6, 8.5, 16.4, 9.1]",2026-08-14 06:28:39.121891
HUB05-HUB07,2023-07-07,2023-07-08,"[0.4, 0.0]","[17.5, 13.9]",2026-08-14 06:28:39.122015
HUB13-HUB05,2025-05-11,2025-05-15,"[1.0, 0.0, 0.0, 0.3, 0.9]","[16.4, 12.8, 14.7, 11.6, 16.0]",2026-08-14 06:28:39.122261
HUB15-HUB01,2024-02-22,2024-02-24,"[None, 5.7, 0.6]","[8.1, 9.8, 20.9]",2026-08-14 06:28:39.122420
HUB08-HUB07,2024-08-10,2024-08-11,"[1.0, 39.6]","[9.7, 17.4]",2026-08-14 06:28:39.122549
HUB12-HUB10,2025-03-17,2025-03-20,"[0.0, 0.0, 0.0, 0.2]","[14.7, 11.1, 10.5, 28.5]",2026-08-14 06:28:39.122712
HUB09-HUB03,2025-11-03,2025-11-05,"[0.9, 0.7, 4.0]","[8.5, 17.7, 21.0]",2026-08-14 06:28:39.122851
HUB08-HUB17,2024-02-10,2024-02-13,"[0.2, 0.0, 0.0, 0.0]","[7.6, 14.7, 24.0, 13.4]",2026-08-14 06:28:39.122999
HUB12-HUB18,2024-12-12,2024-12-15,"[0.6, 0.4, 0.3, 0.4]","[23.8, 21.8, 13.9, 21.4]",2026-08-14 06:28:39.123174
HUB18-HUB02,2024-02-10,2024-02-11,"[0.8, 0.6]","[14.5, 16.1]",2026-08-14 06:28:39.123313
HUB18-HUB12,2025-06-12,2025-06-15,"[0.0, 0.5, 0.0, 24.4]","[10.9, 11.0, 4.5, 7.9]",2026-08-14 06:28:39.123494
HUB01-HUB13,2023-10-18,2023-10-20,"[0.7, 0.0, 1.1]","[21.2, 27.9, 20.5]",2026-08-14 06:28:39.123652
HUB06-HUB12,2025-07-07,2025-07-11,"[0.0, 0.9, 0.2, 35.1, 0.7]","[22.9, 7.7, 9.0, 6.3, 19.6]",2026-08-14 06:28:39.123823
HUB15-HUB14,2024-09-17,2024-09-18,"[0.0, 1.2]","[10.0, 12.7]",2026-08-14 06:28:39.123953
HUB14-HUB04,2023-05-17,2023-05-20,"[0.3, 0.6, 4.5, 0.9]","[12.5, 21.8, 35.3, 10.5]",2026-08-14 06:28:39.124106
HUB14-HUB02,2023-04-17,2023-04-18,"[0.2, 10.7]","[18.4, 15.7]",2026-08-14 06:28:39.124272
HUB12-HUB07,2024-09-11,2024-09-15,"[0.1, 0.0, 11.8, 4.9, 0.0]","[15.0, 15.0, 16.4, 11.0, 11.3]",2026-08-14 06:28:39.124434
HUB08-HUB14,2023-06-30,2023-07-02,"[0.6, 0.6, 0.1]","[14.0, 9.1, 20.9]",2026-08-14 06:28:39.124581
HUB12-HUB04,2023-09-21,2023-09-25,"[None, 0.9, 7.5, 4.5, 0.5]","[12.8, 13.5, 8.5, 11.9, 4.6]",2026-08-14 06:28:39.124747
HUB15-HUB12,2023-03-21,2023-03-24,"[0.3, 0.3, 13.6, 0.0]","[15.1, 31.9, 9.6, 2.7]",2026-08-14 06:28:39.124898
HUB02-HUB01,2025-11-18,2025-11-19,"[0.0, 0.6]","[8.2, 6.1]",2026-08-14 06:28:39.125028
HUB01-HUB02,2025-07-25,2025-07-26,"[16.5, 36.9]","[12.9, 15.3]",2026-08-14 06:28:39.125184
HUB14-HUB08,2025-02-10,2025-02-13,"[0.2, 0.9, 0.0, 0.0]","[10.2, 16.4, 13.8, 15.6]",2026-08-14 06:28:39.125349
HUB02-HUB05,2024-01-26,2024-01-29,"[0.8, 1.4, 0.0, 1.3]","[15.4, 11.0, 13.7, 13.4]",2026-08-14 06:28:39.125497
HUB08-HUB09,2023-12-14,2023-12-15,"[0.4, 0.0]","[14.4, 11.1]",2026-08-14 06:28:39.125636
HUB03-HUB05,2025-07-14,2025-07-16,"[1.3, 0.0, 0.0]","[9.4, 13.8, 15.6]",2026-08-14 06:28:39.125774
HUB06-HUB13,2024-08-15,2024-08-19,"[1.2, 45.5, 8.8, 0.7, 33.1]","[19.7, 11.6, 14.7, 10.5, 15.0]",2026-08-14 06:28:39.125934
HUB04-HUB02,2023-11-12,2023-11-13,"[0.5, 0.3]","[20.7, 11.0]",2026-08-14 06:28:39.126093
HUB08-HUB17,2024-10-27,2024-10-30,"[1.5, 1.4, 0.9, 0.0]","[36.5, 26.2, 23.9, 36.1]",2026-08-14 06:28:39.126283
HUB01-HUB12,2024-11-28,2024-11-30,"[0.0, 0.0, 0.0]","[22.5, 21.5, 9.8]",2026-08-14 06:28:39.126424
HUB16-HUB18,2024-07-30,2024-07-31,"[38.8, 14.8]","[2.4, 22.3]",2026-08-14 06:28:39.126552
HUB13-HUB14,2025-09-01,2025-09-03,"[9.4, 9.9, 0.4]","[16.0, 6.5, 20.2]",2026-08-14 06:28:39.126707
HUB12-HUB09,2025-10-16,2025-10-20,"[0.5, 0.0, 0.2, 0.0, 9.6]","[17.0, 16.1, 17.2, 13.5, 15.3]",2026-08-14 06:28:39.126867
HUB14-HUB08,2025-03-06,2025-03-08,"[1.3, 1.2, 0.1]","[15.7, 15.9, 14.1]",2026-08-14 06:28:39.127005
HUB01-HUB09,2025-11-15,2025-11-17,"[0.7, 0.0, 0.2]","[8.5, 14.2, 13.0]",2026-08-14 06:28:39.127170
HUB10-HUB03,2024-08-06,2024-08-09,"[12.4, 0.0, 4.8, 0.2]","[7.5, 18.6, 3.1, 10.0]",2026-08-14 06:28:39.127330
HUB05-HUB15,2024-11-12,2024-11-14,"[0.0, 0.6, 0.8]","[18.5, 22.5, 15.4]",2026-08-14 06:28:39.127479
HUB16-HUB02,2025-07-20,2025-07-22,"[0.6, 23.1, 35.2]","[10.2, 10.2, 16.9]",2026-08-14 06:28:39.127633
HUB13-HUB12,2024-09-08,2024-09-09,"[0.5, 0.0]","[13.7, 34.6]",2026-08-14 06:28:39.127765
HUB02-HUB03,2025-07-20,2025-07-21,"[0.0, 0.0]","[21.9, 16.4]",2026-08-14 06:28:39.127898
HUB16-HUB15,2025-11-09,2025-11-10,"[0.0, 0.0]","[16.7, 14.1]",2026-08-14 06:28:39.128026
HUB11-HUB02,2023-04-16,2023-04-18,"[0.0, 0.4, 0.0]","[8.8, 12.3, 13.2]",2026-08-14 06:28:39.128203
HUB10-HUB18,2025-01-10,2025-01-14,"[0.0, 0.0, 0.7, 0.5, 6.7]","[16.3, 9.0, 17.4, 17.0, 26.8]",2026-08-14 06:28:39.128371
HUB03-HUB16,2023-09-26,2023-09-27,"[0.8, 0.6]","[14.0, 10.8]",2026-08-14 06:28:39.128498
HUB11-HUB03,2024-09-16,2024-09-19,"[0.6, 4.2, 0.9, 0.0]","[14.1, 23.0, 18.4, 7.4]",2026-08-14 06:28:39.128674
HUB07-HUB08,2024-07-22,2024-07-23,"[0.1, 0.2]","[15.9, 16.7]",2026-08-14 06:28:39.128849
HUB06-HUB01,2024-05-26,2024-05-29,"[4.2, 0.0, 0.0, 0.5]","[11.8, 14.8, 17.0, 24.1]",2026-08-14 06:28:39.129015
HUB04-HUB16,2025-09-21,2025-09-23,"[0.0, 1.5, 0.2]","[15.2, 10.5, 13.4]",2026-08-14 06:28:39.129194
HUB03-HUB18,2023-01-31,2023-02-01,"[0.0, 0.8]","[8.2, 15.7]",2026-08-14 06:28:39.129333
HUB16-HUB10,2025-06-11,2025-06-14,"[0.8, 2.1, 31.4, 0.6]","[24.5, 19.0, 26.6, 19.3]",2026-08-14 06:28:39.129481
HUB08-HUB11,2023-06-15,2023-06-18,"[4.7, 0.0, 0.5, 5.6]","[10.3, 15.4, 15.0, 20.3]",2026-08-14 06:28:39.129638
HUB05-HUB13,2024-05-06,2024-05-10,"[1.2, 1.0, 5.5, 21.3, 0.0]","[13.7, 7.4, 16.0, 19.2, 22.6]",2026-08-14 06:28:39.129807
HUB10-HUB13,2023-11-07,2023-11-11,"[1.4, 0.0, None, 1.3, 0.2]","[16.3, 9.5, 13.6, 13.6, 13.7]",2026-08-14 06:28:39.129965
HUB07-HUB08,2024-04-29,2024-04-30,"[0.9, 0.8]","[16.1, 14.7]",2026-08-14 06:28:39.130153
HUB11-HUB18,2025-12-18,2025-12-21,"[0.7, 0.1, 0.0, 0.0]","[15.6, 20.1, 18.0, 18.5]",2026-08-14 06:28:39.130319
HUB01-HUB18,2025-11-09,2025-11-10,"[0.1, 0.4]","[22.0, 31.1]",2026-08-14 06:28:39.130447
HUB04-HUB01,2023-08-05,2023-08-06,"[68.6, 0.9]","[16.0, 21.9]",2026-08-14 06:28:39.130580
HUB12-HUB15,2024-02-15,2024-02-18,"[0.3, 0.5, 0.6, 0.5]","[16.5, 8.8, 11.9, 15.5]",2026-08-14 06:28:39.130732
HUB02-HUB04,2024-01-31,2024-02-01,"[0.6, 0.5]","[14.8, 5.8]",2026-08-14 06:28:39.130858
HUB18-HUB12,2025-08-19,2025-08-22,"[3.4, 0.0, 11.7, None]","[1.6, 18.0, 9.0, 40.7]",2026-08-14 06:28:39.131006
HUB07-HUB15,2023-05-29,2023-05-31,"[1.0, 0.8, 1.4]","[6.5, 25.0, 12.8]",2026-08-14 06:28:39.131175
HUB11-HUB08,2023-05-20,2023-05-23,"[0.9, 0.7, 0.6, 0.2]","[15.2, 11.3, 12.6, 13.5]",2026-08-14 06:28:39.131345
HUB15-HUB13,2023-03-24,2023-03-26,"[0.0, 0.0, 0.0]","[10.9, 8.1, 9.1]",2026-08-14 06:28:39.131485
HUB09-HUB06,2023-06-23,2023-06-24,"[0.4, 0.7]","[13.0, 14.8]",2026-08-14 06:28:39.131620
HUB05-HUB09,2023-06-25,2023-06-26,"[6.8, 7.6]","[10.3, 12.2]",2026-08-14 06:28:39.131749
HUB16-HUB06,2025-04-09,2025-04-11,"[1.5, 0.6, 0.8]","[18.1, 12.2, 14.6]",2026-08-14 06:28:39.131889
HUB13-HUB18,2023-09-12,2023-09-14,"[1.1, 0.0, 19.7]","[13.9, 15.5, 12.7]",2026-08-14 06:28:39.132026
HUB13-HUB17,2025-12-25,2025-12-27,"[0.0, 0.1, 1.4]","[24.1, 23.1, 25.1]",2026-08-14 06:28:39.132219
HUB05-HUB12,2024-10-01,2024-10-06,"[0.2, 0.0, None, 1.1, 0.1, 29.2]","[19.1, 19.6, 23.5, 37.1, 29.9, 12.2]",2026-08-14 06:28:39.132400
HUB02-HUB06,2025-08-19,2025-08-22,"[0.0, 0.0, 16.3, 11.9]","[13.7, 12.9, 7.4, 7.6]",2026-08-14 06:28:39.132551
HUB05-HUB01,2023-03-25,2023-03-28,"[0.0, 0.1, 0.0, 0.2]","[18.0, 13.5, 10.5, 23.5]",2026-08-14 06:28:39.132713
HUB14-HUB04,2025-02-05,2025-02-08,"[0.5, 0.4, 0.5, 0.0]","[12.3, 14.9, 11.4, 21.5]",2026-08-14 06:28:39.132862
HUB04-HUB02,2023-04-02,2023-04-03,"[1.3, 0.7]","[14.7, 15.6]",2026-08-14 06:28:39.132987
HUB15-HUB05,2024-09-09,2024-09-11,"[0.0, 1.1, 0.2]","[12.6, 20.9, 13.7]",2026-08-14 06:28:39.133121
HUB08-HUB16,2024-11-10,2024-11-11,"[1.3, 0.7]","[11.6, 15.4]",2026-08-14 06:28:39.133282
HUB06-HUB12,2023-09-06,2023-09-10,"[11.0, 0.5, 28.3, 11.1, 17.8]","[9.5, 18.0, 22.2, 15.2, 25.5]",2026-08-14 06:28:39.133442
HUB05-HUB18,2024-09-07,2024-09-09,"[0.0, 1.7, 0.0]","[11.6, 18.8, 19.9]",2026-08-14 06:28:39.133591
HUB02-HUB05,2025-04-18,2025-04-20,"[0.1, 0.1, 0.3]","[11.6, 14.2, 15.2]",2026-08-14 06:28:39.133739
HUB07-HUB05,2024-04-10,2024-04-11,"[1.3, 0.6]","[13.8, 19.8]",2026-08-14 06:28:39.133865
HUB17-HUB09,2023-09-07,2023-09-09,"[16.2, 0.4, 6.0]","[17.7, 15.2, 15.7]",2026-08-14 06:28:39.134000
HUB11-HUB05,2025-10-02,2025-10-05,"[0.1, 0.0, 0.2, 0.0]","[11.2, 16.6, 15.4, 17.2]",2026-08-14 06:28:39.134219
HUB15-HUB17,2023-03-18,2023-03-20,"[0.0, 0.0, 0.6]","[17.7, 15.0, 17.7]",2026-08-14 06:28:39.134379
HUB15-HUB01,2025-12-25,2025-12-27,"[0.4, 1.1, 0.4]","[20.2, 13.9, 20.4]",2026-08-14 06:28:39.134519
HUB13-HUB12,2024-05-22,2024-05-23,"[0.2, 0.6]","[19.1, 23.9]",2026-08-14 06:28:39.134660
HUB14-HUB03,2023-12-20,2023-12-22,"[0.0, 0.9, 0.4]","[14.3, 15.8, 15.7]",2026-08-14 06:28:39.134799
HUB08-HUB13,2023-03-01,2023-03-05,"[0.0, 0.5, 0.3, 0.1, 1.3]","[5.7, 25.7, 1.9, 20.4, 14.9]",2026-08-14 06:28:39.134955
HUB08-HUB05,2024-04-07,2024-04-08,"[0.0, 0.4]","[16.3, 13.8]",2026-08-14 06:28:39.135085
HUB08-HUB14,2025-10-16,2025-10-19,"[0.0, 0.0, 0.8, 0.5]","[21.5, 16.9, 21.4, 18.1]",2026-08-14 06:28:39.135266
HUB06-HUB17,2024-02-05,2024-02-08,"[0.3, 0.0, 0.8, 0.0]","[16.4, 12.9, 15.5, 16.1]",2026-08-14 06:28:39.135417
HUB01-HUB05,2025-08-22,2025-08-25,"[0.1, 1.3, 0.4, 0.0]","[14.5, 16.6, 11.9, 18.4]",2026-08-14 06:28:39.135564
HUB12-HUB03,2025-10-25,2025-10-28,"[0.0, None, 13.1, 0.3]","[0.9, 20.3, 13.0, 29.7]",2026-08-14 06:28:39.135729
HUB12-HUB09,2023-11-30,2023-12-04,"[0.5, 0.1, 13.1, 0.0, 5.6]","[14.2, 10.8, 14.2, 16.9, 16.0]",2026-08-14 06:28:39.135889
HUB08-HUB02,2024-02-10,2024-02-12,"[1.7, 0.0, 0.0]","[11.8, 18.4, 17.0]",2026-08-14 06:28:39.136028
HUB12-HUB15,2024-01-01,2024-01-04,"[0.1, 0.3, 0.0, 0.5]","[18.8, 10.5, 7.0, 27.4]",2026-08-14 06:28:39.136205
HUB14-HUB18,2024-05-21,2024-05-23,"[0.4, 0.2, 0.3]","[26.7, 14.0, 13.6]",2026-08-14 06:28:39.136355
HUB17-HUB18,2025-12-19,2025-12-22,"[0.0, 0.1, 0.4, 0.6]","[18.9, 19.1, 16.0, 19.3]",2026-08-14 06:28:39.136501
HUB16-HUB02,2025-11-13,2025-11-15,"[12.7, 0.4, 0.0]","[11.5, 15.1, 12.8]",2026-08-14 06:28:39.136646
HUB07-HUB18,2024-11-15,2024-11-17,"[0.2, 0.0, 0.0]","[21.4, 22.3, 19.3]",2026-08-14 06:28:39.136782
HUB06-HUB04,2025-03-30,2025-04-01,"[0.0, 0.7, 0.5]","[7.8, 13.0, 5.5]",2026-08-14 06:28:39.136917
HUB09-HUB03,2025-11-20,2025-11-22,"[0.1, 0.4, 0.7]","[19.8, 25.8, 25.8]",2026-08-14 06:28:39.137050
HUB07-HUB10,2023-06-25,2023-06-29,"[42.2, 1.1, 94.3, 0.2, 6.5]","[8.3, 14.9, 8.7, 21.2, 11.1]",2026-08-14 06:28:39.137234
HUB13-HUB11,2025-02-12,2025-02-13,"[0.6, 0.2]","[0.8, 24.8]",2026-08-14 06:28:39.137366
HUB01-HUB05,2025-08-28,2025-08-31,"[9.4, 21.6, 1.4, 1.0]","[6.0, 16.3, 13.3, 14.6]",2026-08-14 06:28:39.137512
HUB05-HUB13,2024-12-26,2024-12-30,"[0.8, 0.8, 0.3, 0.5, 0.6]","[20.3, 12.6, 23.8, 14.6, 13.6]",2026-08-14 06:28:39.137703
HUB08-HUB14,2024-09-14,2024-09-17,"[6.9, 0.0, 0.3, 0.0]","[9.9, 8.5, 17.0, 14.1]",2026-08-14 06:28:39.137853
HUB02-HUB15,2025-09-23,2025-09-24,"[0.0, 0.0]","[10.6, 11.0]",2026-08-14 06:28:39.137976
HUB08-HUB09,2024-05-25,2024-05-26,"[None, 1.0]","[11.2, 10.1]",2026-08-14 06:28:39.138179
HUB03-HUB12,2025-02-17,2025-02-20,"[0.0, 4.3, 0.4, 0.0]","[17.5, 7.6, 20.8, 14.2]",2026-08-14 06:28:39.138355
HUB17-HUB11,2025-12-04,2025-12-06,"[0.6, 0.2, 0.0]","[32.4, 28.3, 31.0]",2026-08-14 06:28:39.138499
HUB02-HUB15,2024-07-04,2024-07-05,"[34.6, 34.7]","[20.8, 14.8]",2026-08-14 06:28:39.138639
HUB08-HUB01,2025-07-16,2025-07-18,"[8.6, 0.6, 2.8]","[14.3, 11.6, 16.0]",2026-08-14 06:28:39.138778
HUB05-HUB03,2025-03-16,2025-03-18,"[0.0, 1.6, 0.0]","[13.6, 23.9, 17.8]",2026-08-14 06:28:39.138911
HUB08-HUB15,2024-02-13,2024-02-15,"[None, 0.0, 0.4]","[12.9, 11.6, 12.5]",2026-08-14 06:28:39.139046
HUB14-HUB05,2025-06-11,2025-06-14,"[0.0, 15.9, 3.3, 0.2]","[9.9, 13.5, 16.5, 14.4]",2026-08-14 06:28:39.139217
HUB06-HUB07,2024-02-26,2024-02-27,"[1.1, 0.7]","[15.7, 12.5]",2026-08-14 06:28:39.139350
HUB14-HUB10,2023-04-23,2023-04-26,"[None, 0.6, 0.7, 0.5]","[15.4, 15.1, 16.6, 14.0]",2026-08-14 06:28:39.139501
HUB02-HUB18,2024-01-06,2024-01-07,"[0.1, 0.6]","[10.5, 19.5]",2026-08-14 06:28:39.139639
HUB18-HUB16,2023-10-20,2023-10-21,"[0.0, 0.2]","[9.6, 14.3]",2026-08-14 06:28:39.139767
HUB11-HUB16,2024-08-29,2024-08-31,"[11.5, 7.8, 2.7]","[18.3, 15.9, 16.8]",2026-08-14 06:28:39.139902
HUB17-HUB11,2025-12-05,2025-12-07,"[0.0, 0.2, 0.5]","[19.4, 16.9, 18.2]",2026-08-14 06:28:39.140038
HUB04-HUB01,2023-06-12,2023-06-14,"[8.3, 1.0, 0.0]","[15.9, 15.2, 12.7]",2026-08-14 06:28:39.140201
HUB13-HUB04,2023-12-30,2024-01-02,"[1.0, 0.0, 0.0, 2.0]","[16.4, 11.7, 22.3, 22.4]",2026-08-14 06:28:39.140363
HUB10-HUB16,2024-04-16,2024-04-19,"[2.7, 0.7, 0.0, 0.7]","[15.7, 18.2, 14.1, 13.6]",2026-08-14 06:28:39.140521
HUB06-HUB07,2023-05-23,2023-05-24,"[0.3, 0.0]","[9.7, 14.2]",2026-08-14 06:28:39.140661
HUB14-HUB04,2023-01-03,2023-01-06,"[1.3, 0.0, 0.0, 0.4]","[12.6, 3.4, 17.6, 10.3]",2026-08-14 06:28:39.140808
HUB09-HUB04,2024-01-07,2024-01-10,"[1.2, 0.0, 0.8, 1.1]","[7.3, 4.7, 17.4, 12.5]",2026-08-14 06:28:39.140952
HUB14-HUB01,2025-10-16,2025-10-18,"[None, 0.3, 0.9]","[17.5, 16.2, 22.9]",2026-08-14 06:28:39.141088
HUB01-HUB08,2024-05-01,2024-05-03,"[6.9, 0.0, 0.0]","[13.0, 16.7, 20.9]",2026-08-14 06:28:39.141265
HUB02-HUB01,2023-04-19,2023-04-20,"[0.0, 0.4]","[8.7, 13.5]",2026-08-14 06:28:39.141396
HUB15-HUB04,2023-02-18,2023-02-21,"[0.6, 0.0, 0.0, 0.0]","[5.4, 6.7, 11.8, 25.9]",2026-08-14 06:28:39.141540
HUB08-HUB16,2024-09-19,2024-09-20,"[6.7, 24.2]","[11.8, 20.1]",2026-08-14 06:28:39.141676
HUB04-HUB11,2024-08-24,2024-08-27,"[5.2, 28.3, 0.0, 0.6]","[1.9, 17.4, 10.8, 19.1]",2026-08-14 06:28:39.141824
HUB15-HUB07,2023-11-26,2023-11-28,"[0.0, 0.3, 0.4]","[19.6, 17.1, 20.2]",2026-08-14 06:28:39.141958
HUB03-HUB10,2023-08-03,2023-08-06,"[0.0, 13.9, 11.0, 13.8]","[5.2, 13.0, 5.1, 7.1]",2026-08-14 06:28:39.142166
HUB01-HUB06,2023-07-19,2023-07-22,"[0.7, 0.5, 14.9, 0.0]","[8.6, 14.6, 14.1, 11.8]",2026-08-14 06:28:39.142338
HUB10-HUB14,2023-10-16,2023-10-19,"[0.9, 0.0, 13.2, 0.4]","[13.7, 19.3, 17.2, 17.8]",2026-08-14 06:28:39.142490
HUB03-HUB15,2023-01-06,2023-01-08,"[0.4, 0.0, 0.0]","[18.6, 7.1, 13.2]",2026-08-14 06:28:39.142640
HUB13-HUB10,2025-10-04,2025-10-07,"[0.3, 1.3, 1.3, 0.5]","[20.4, 19.6, 17.7, 17.7]",2026-08-14 06:28:39.142791
HUB08-HUB18,2024-03-24,2024-03-26,"[0.0, 0.0, 0.7]","[27.7, 9.8, 22.5]",2026-08-14 06:28:39.142928
HUB17-HUB01,2024-06-12,2024-06-14,"[0.1, 7.9, 19.0]","[2.1, 17.6, 6.7]",2026-08-14 06:28:39.143062
HUB10-HUB17,2024-02-16,2024-02-18,"[0.0, 0.0, 0.6]","[30.5, 10.0, 22.8]",2026-08-14 06:28:39.143230
HUB04-HUB11,2025-05-17,2025-05-20,"[0.6, 1.0, 0.4, 16.1]","[23.6, 7.0, 16.1, 9.1]",2026-08-14 06:28:39.143384
HUB10-HUB18,2023-07-17,2023-07-21,"[0.3, 0.4, None, 2.5, 10.1]","[13.2, 10.1, 17.1, 14.6, 25.2]",2026-08-14 06:28:39.143541
HUB12-HUB10,2025-08-02,2025-08-05,"[16.7, 71.5, 0.1, 141.0]","[10.9, 14.5, 23.5, 23.1]",2026-08-14 06:28:39.143702
HUB17-HUB02,2023-08-10,2023-08-12,"[6.9, 1.0, 0.4]","[19.8, 15.9, 4.5]",2026-08-14 06:28:39.143840
HUB03-HUB12,2024-07-18,2024-07-21,"[33.8, 16.6, 32.7, 5.7]","[8.1, 23.3, 0.1, 17.0]",2026-08-14 06:28:39.143989
HUB14-HUB08,2023-01-24,2023-01-27,"[0.4, 0.7, 0.8, 0.1]","[12.9, 13.9, 18.3, 11.3]",2026-08-14 06:28:39.144157
HUB11-HUB17,2023-07-23,2023-07-25,"[14.1, 7.8, 9.4]","[9.7, 22.5, 12.2]",2026-08-14 06:28:39.144306
HUB18-HUB05,2023-02-01,2023-02-03,"[0.0, 0.5, 0.2]","[21.2, 18.7, 15.2]",2026-08-14 06:28:39.144443
HUB11-HUB01,2023-10-25,2023-10-28,"[0.0, 1.2, 0.5, 1.3]","[25.5, 17.6, 17.2, 26.1]",2026-08-14 06:28:39.144598
HUB18-HUB12,2024-10-21,2024-10-24,"[0.1, 0.0, 0.7, 0.1]","[22.5, 15.9, 8.4, 21.8]",2026-08-14 06:28:39.144748
HUB11-HUB09,2025-07-21,2025-07-25,"[10.9, 0.4, 5.8, 40.6, 8.8]","[8.4, 16.1, 11.2, 10.8, 19.7]",2026-08-14 06:28:39.144903
HUB01-HUB18,2025-01-22,2025-01-23,"[0.4, 0.1]","[23.8, 4.7]",2026-08-14 06:28:39.145027
HUB03-HUB11,2024-03-03,2024-03-06,"[0.9, 0.6, 0.6, 0.9]","[9.2, 13.4, 16.7, 22.6]",2026-08-14 06:28:39.145201
HUB02-HUB18,2024-03-02,2024-03-03,"[0.1, 0.4]","[7.3, 13.9]",2026-08-14 06:28:39.145333
HUB10-HUB16,2023-11-03,2023-11-06,"[0.6, 0.2, 1.1, 6.5]","[15.4, 12.8, 8.9, 17.1]",2026-08-14 06:28:39.145480
HUB15-HUB12,2023-11-30,2023-12-03,"[0.5, 0.0, 0.0, 1.2]","[25.2, 36.0, 21.7, 19.1]",2026-08-14 06:28:39.145636
HUB11-HUB16,2023-11-26,2023-11-28,"[1.2, 0.0, 0.0]","[13.9, 12.6, 13.3]",2026-08-14 06:28:39.145776
HUB17-HUB14,2023-04-07,2023-04-08,"[0.0, 0.4]","[24.5, 11.7]",2026-08-14 06:28:39.145902
HUB10-HUB11,2025-06-30,2025-07-03,"[0.5, 0.3, 22.6, 0.0]","[22.1, 20.4, 18.8, 17.6]",2026-08-14 06:28:39.146077
HUB13-HUB16,2025-04-07,2025-04-10,"[0.0, 0.2, 0.0, None]","[10.4, 18.7, 11.0, 9.3]",2026-08-14 06:28:39.146269
HUB04-HUB07,2023-02-05,2023-02-07,"[0.8, 0.7, 0.0]","[15.5, 16.7, 12.7]",2026-08-14 06:28:39.146412
HUB01-HUB08,2024-02-06,2024-02-08,"[0.0, 1.0, 0.2]","[9.5, 15.6, 18.1]",2026-08-14 06:28:39.146556
HUB13-HUB06,2023-04-07,2023-04-11,"[0.0, 0.0, 1.4, 0.4, 0.1]","[19.4, 13.1, 17.2, 14.9, 15.1]",2026-08-14 06:28:39.146737
HUB02-HUB10,2023-01-09,2023-01-12,"[0.0, 0.0, 0.8, 0.8]","[31.3, 18.9, 11.8, 18.1]",2026-08-14 06:28:39.146887
HUB18-HUB11,2023-11-08,2023-11-11,"[0.7, 3.6, 0.4, 4.2]","[26.3, 28.8, 3.1, 23.9]",2026-08-14 06:28:39.147034
HUB18-HUB16,2025-07-31,2025-08-01,"[0.7, 1.8]","[20.0, 15.1]",2026-08-14 06:28:39.147188
HUB04-HUB01,2024-09-16,2024-09-17,"[5.9, 8.5]","[18.3, 8.4]",2026-08-14 06:28:39.147324
HUB02-HUB08,2024-07-31,2024-08-02,"[25.0, 0.3, 4.5]","[13.2, 15.6, 15.1]",2026-08-14 06:28:39.147460
HUB17-HUB06,2024-09-21,2024-09-24,"[1.1, 1.1, 0.0, 5.8]","[12.3, 11.2, 10.2, 10.2]",2026-08-14 06:28:39.147619
HUB17-HUB07,2025-11-24,2025-11-27,"[0.2, 1.4, 0.2, 0.5]","[10.6, 15.2, 11.1, 18.8]",2026-08-14 06:28:39.147772
HUB10-HUB08,2025-01-22,2025-01-25,"[0.7, 0.0, 0.0, 0.0]","[9.5, 10.4, 13.1, 10.5]",2026-08-14 06:28:39.147918
HUB07-HUB16,2023-04-18,2023-04-20,"[0.6, 0.1, None]","[12.9, 11.7, 15.1]",2026-08-14 06:28:39.148058
HUB09-HUB06,2024-08-14,2024-08-15,"[0.3, 0.0]","[12.2, 15.7]",2026-08-14 06:28:39.148209
HUB17-HUB16,2024-03-29,2024-04-01,"[0.5, 0.0, 0.0, 0.0]","[9.3, 16.2, 16.9, 15.1]",2026-08-14 06:28:39.148362
HUB10-HUB18,2025-05-19,2025-05-23,"[0.7, 0.3, 0.2, 0.3, 0.0]","[22.8, 10.0, 24.1, 21.2, 20.5]",2026-08-14 06:28:39.148523
HUB04-HUB14,2023-06-25,2023-06-28,"[13.4, 0.2, 0.3, 10.4]","[21.8, 14.2, 11.7, 11.2]",2026-08-14 06:28:39.148684
HUB13-HUB01,2025-03-25,2025-03-27,"[5.6, 0.4, 7.6]","[5.0, 4.3, 15.7]",2026-08-14 06:28:39.148827
HUB18-HUB09,2023-08-19,2023-08-21,"[4.5, 0.5, 0.0]","[8.9, 8.8, 15.3]",2026-08-14 06:28:39.148965
HUB02-HUB09,2023-12-28,2023-12-30,"[0.0, 0.0, 1.0]","[14.9, 13.6, 18.7]",2026-08-14 06:28:39.149102
HUB10-HUB08,2024-05-02,2024-05-05,"[0.0, 0.1, 1.0, 0.3]","[17.5, 18.2, 14.1, 7.7]",2026-08-14 06:28:39.149284
HUB10-HUB17,2024-02-14,2024-02-16,"[0.3, 6.7, 0.0]","[3.5, 8.5, 12.6]",2026-08-14 06:28:39.149425
HUB14-HUB03,2025-06-03,2025-06-05,"[0.0, 1.5, 0.7]","[7.0, 17.4, 7.3]",2026-08-14 06:28:39.149562
HUB11-HUB02,2023-11-21,2023-11-23,"[10.1, 3.8, 0.3]","[21.2, 23.3, 15.6]",2026-08-14 06:28:39.149713
HUB04-HUB06,2023-08-05,2023-08-07,"[0.7, 0.1, 0.3]","[16.4, 18.2, 8.5]",2026-08-14 06:28:39.149848
HUB11-HUB04,2025-07-27,2025-07-30,"[1.4, 0.3, 2.0, 1.9]","[22.7, 7.9, 4.8, 21.2]",2026-08-14 06:28:39.149994
HUB03-HUB05,2025-10-06,2025-10-08,"[0.0, 0.0, 9.3]","[15.6, 21.5, 16.9]",2026-08-14 06:28:39.150194
HUB10-HUB17,2024-07-10,2024-07-12,"[1.9, 10.1, 32.1]","[23.8, 10.2, 11.9]",2026-08-14 06:28:39.150359
HUB05-HUB04,2025-03-22,2025-03-25,"[0.0, 0.4, 0.0, 0.2]","[7.5, 5.9, 9.8, 13.6]",2026-08-14 06:28:39.150511
HUB18-HUB01,2024-12-24,2024-12-25,"[0.8, 1.1]","[24.1, 17.5]",2026-08-14 06:28:39.150651
HUB14-HUB09,2024-05-25,2024-05-27,"[0.4, 0.8, 0.4]","[8.9, 13.0, 18.3]",2026-08-14 06:28:39.150796
HUB14-HUB13,2025-04-01,2025-04-02,"[0.0, 0.4]","[7.1, 12.0]",2026-08-14 06:28:39.150929
HUB01-HUB12,2024-06-14,2024-06-16,"[0.0, 0.3, 0.1]","[22.2, 36.2, 20.3]",2026-08-14 06:28:39.151073
HUB08-HUB11,2023-08-30,2023-09-02,"[17.5, 0.4, 19.5, 21.3]","[16.5, 12.4, 8.6, 1.6]",2026-08-14 06:28:39.151262
HUB13-HUB02,2024-06-15,2024-06-17,"[0.4, 0.1, 0.3]","[15.5, 19.8, 10.9]",2026-08-14 06:28:39.151410
HUB09-HUB18,2025-05-08,2025-05-10,"[0.4, 0.0, 1.1]","[25.1, 21.4, 19.9]",2026-08-14 06:28:39.151550
HUB02-HUB03,2024-05-15,2024-05-17,"[1.0, 0.7, 1.0]","[18.3, 16.7, 20.0]",2026-08-14 06:28:39.151701
HUB10-HUB03,2025-02-06,2025-02-09,"[0.7, 0.9, 0.7, 0.5]","[19.8, 22.9, 20.0, 1.4]",2026-08-14 06:28:39.151847
HUB12-HUB07,2025-01-23,2025-01-28,"[0.0, 0.8, 5.9, 1.0, 0.5, 1.6]","[12.0, 12.7, 15.1, 12.3, 12.6, 16.9]",2026-08-14 06:28:39.152012
HUB14-HUB04,2023-01-01,2023-01-04,"[0.0, 1.3, 0.5, 0.2]","[20.6, 11.1, 0.3, 8.5]",2026-08-14 06:28:39.152217
HUB06-HUB08,2023-03-29,2023-03-30,"[2.0, 0.2]","[14.7, 14.6]",2026-08-14 06:28:39.152355
HUB11-HUB08,2025-10-26,2025-10-29,"[0.5, None, 0.5, 0.0]","[16.8, 18.6, 19.0, 15.5]",2026-08-14 06:28:39.152502
HUB17-HUB16,2024-03-24,2024-03-26,"[0.3, 0.3, 2.1]","[13.9, 18.4, 9.4]",2026-08-14 06:28:39.152651
HUB18-HUB01,2023-08-31,2023-09-01,"[1.5, 0.0]","[16.3, 14.8]",2026-08-14 06:28:39.152779
HUB06-HUB01,2024-07-06,2024-07-09,"[1.3, 31.0, 23.9, 33.0]","[6.7, 21.7, 7.9, 6.0]",2026-08-14 06:28:39.152923
HUB13-HUB09,2025-09-01,2025-09-04,"[0.2, 32.3, 2.9, 11.7]","[11.7, 9.2, 10.7, 15.4]",2026-08-14 06:28:39.153066
HUB17-HUB05,2024-04-29,2024-05-02,"[0.3, 0.6, 1.1, 0.0]","[14.9, 15.8, 11.2, 12.2]",2026-08-14 06:28:39.153250
HUB02-HUB12,2025-06-03,2025-06-05,"[0.9, 1.9, 1.5]","[14.0, 14.0, 15.4]",2026-08-14 06:28:39.153392
HUB11-HUB16,2024-06-16,2024-06-18,"[1.3, 0.1, 15.4]","[13.7, 19.7, 13.1]",2026-08-14 06:28:39.153528
HUB14-HUB04,2024-12-03,2024-12-06,"[0.2, 0.2, 0.7, 0.0]","[34.6, 25.1, 10.5, 24.7]",2026-08-14 06:28:39.153693
HUB04-HUB07,2024-04-04,2024-04-06,"[6.7, 1.0, 0.2]","[16.6, 12.9, 11.8]",2026-08-14 06:28:39.153834
HUB06-HUB02,2023-09-06,2023-09-09,"[1.0, 5.4, 0.0, 0.7]","[7.6, 11.1, 18.2, 6.5]",2026-08-14 06:28:39.153980
HUB16-HUB05,2025-12-14,2025-12-16,"[0.2, 0.4, 0.0]","[12.7, 9.6, 12.8]",2026-08-14 06:28:39.154188
HUB04-HUB17,2025-03-02,2025-03-05,"[0.7, 0.3, 1.0, 0.5]","[11.0, 17.2, 13.2, 12.5]",2026-08-14 06:28:39.154346
HUB06-HUB11,2024-01-28,2024-02-01,"[0.3, 0.6, 0.6, 0.2, 1.4]","[17.3, 24.2, 12.8, 7.0, 22.5]",2026-08-14 06:28:39.154502
HUB15-HUB01,2025-01-15,2025-01-17,"[0.5, 0.6, 0.8]","[9.2, 14.8, 12.5]",2026-08-14 06:28:39.154652
HUB11-HUB18,2025-04-17,2025-04-20,"[0.0, 0.3, 0.3, 0.7]","[17.7, 10.0, 17.6, 24.9]",2026-08-14 06:28:39.154801
HUB12-HUB13,2024-07-24,2024-07-25,"[7.8, 0.0]","[16.7, 19.5]",2026-08-14 06:28:39.154926
HUB10-HUB17,2025-01-10,2025-01-12,"[0.6, 0.1, 0.0]","[11.0, 6.9, 7.9]",2026-08-14 06:28:39.155061
HUB07-HUB09,2024-03-13,2024-03-15,"[0.8, 0.6, 0.0]","[15.7, 17.3, 14.8]",2026-08-14 06:28:39.155227
HUB15-HUB10,2025-10-29,2025-11-01,"[0.4, 3.4, 0.4, 0.1]","[31.7, 30.1, 19.0, 32.0]",2026-08-14 06:28:39.155383
HUB06-HUB01,2023-04-22,2023-04-25,"[1.3, 0.0, 0.3, 0.8]","[13.5, 9.6, 21.9, 16.3]",2026-08-14 06:28:39.155538
HUB05-HUB02,2025-06-18,2025-06-21,"[0.0, 0.7, 1.0, 14.8]","[13.8, 6.5, 13.1, 7.4]",2026-08-14 06:28:39.155698
HUB09-HUB07,2023-12-10,2023-12-12,"[0.5, 1.9, 0.0]","[14.1, 23.1, 13.3]",2026-08-14 06:28:39.155834
HUB03-HUB11,2024-12-30,2025-01-02,"[8.2, 0.7, 0.0, 0.4]","[30.8, 26.4, 9.8, 21.4]",2026-08-14 06:28:39.155981
HUB12-HUB02,2023-09-06,2023-09-08,"[0.0, 7.1, 0.0]","[17.3, 19.2, 13.6]",2026-08-14 06:28:39.156117
HUB17-HUB06,2025-03-01,2025-03-04,"[0.0, 2.9, 0.0, 0.6]","[18.0, 14.5, 10.3, 17.3]",2026-08-14 06:28:39.156307
HUB13-HUB12,2025-01-09,2025-01-10,"[0.0, None]","[0.4, 8.5]",2026-08-14 06:28:39.156433
HUB06-HUB16,2023-07-12,2023-07-14,"[17.0, 0.2, 0.7]","[13.2, 21.6, 18.1]",2026-08-14 06:28:39.156572
HUB02-HUB04,2024-04-14,2024-04-16,"[0.0, 0.1, 0.3]","[22.8, 14.0, 15.5]",2026-08-14 06:28:39.156721
HUB12-HUB15,2025-01-21,2025-01-24,"[0.2, 0.3, 0.3, 0.0]","[5.3, 12.7, 17.0, 18.4]",2026-08-14 06:28:39.156867
HUB10-HUB01,2024-04-18,2024-04-21,"[1.4, 0.1, 18.2, 0.3]","[12.0, 17.3, 6.6, 22.3]",2026-08-14 06:28:39.157019
HUB16-HUB18,2025-03-05,2025-03-06,"[0.0, 0.0]","[13.2, 9.3]",2026-08-14 06:28:39.157176
HUB09-HUB10,2023-07-20,2023-07-22,"[47.0, 12.7, 35.4]","[12.1, 3.2, 34.1]",2026-08-14 06:28:39.157325
HUB02-HUB10,2025-01-08,2025-01-11,"[0.3, 0.6, 0.7, 0.0]","[11.6, 17.5, 9.2, 1.8]",2026-08-14 06:28:39.157473
HUB17-HUB04,2023-11-09,2023-11-12,"[6.0, 0.1, 0.4, 1.0]","[14.6, 21.6, 11.4, 24.1]",2026-08-14 06:28:39.157631
HUB06-HUB11,2023-10-12,2023-10-15,"[0.0, 1.2, 0.4, 1.1]","[24.2, 9.6, 15.3, 29.7]",2026-08-14 06:28:39.157782
HUB14-HUB05,2023-06-16,2023-06-19,"[0.0, 1.2, 0.0, 0.0]","[16.6, 14.5, 10.9, 11.2]",2026-08-14 06:28:39.157985
HUB02-HUB06,2024-06-08,2024-06-11,"[0.6, 0.9, 0.0, 4.7]","[16.5, 21.0, 11.3, 13.4]",2026-08-14 06:28:39.158259
HUB18-HUB01,2023-02-26,2023-02-27,"[1.1, 0.7]","[21.6, 23.1]",2026-08-14 06:28:39.158399
HUB17-HUB10,2023-06-11,2023-06-13,"[0.0, 18.2, 0.2]","[22.5, 11.5, 15.8]",2026-08-14 06:28:39.158538
HUB02-HUB15,2025-09-14,2025-09-15,"[0.7, 0.0]","[13.2, 20.2]",2026-08-14 06:28:39.158678
HUB17-HUB14,2025-05-28,2025-05-29,"[8.3, 0.1]","[23.7, 14.0]",2026-08-14 06:28:39.158803
HUB15-HUB11,2025-11-09,2025-11-11,"[0.0, 0.0, 0.3]","[20.3, 34.2, 16.2]",2026-08-14 06:28:39.158937
HUB17-HUB01,2025-10-24,2025-10-27,"[0.0, 0.0, 0.1, 0.3]","[18.1, 16.9, 16.1, 21.7]",2026-08-14 06:28:39.159083
HUB05-HUB12,2024-10-10,2024-10-15,"[0.4, 0.0, 0.9, 0.7, 1.1, 0.0]","[27.4, 36.4, 15.3, 12.5, 30.8, 17.8]",2026-08-14 06:28:39.159290
HUB07-HUB16,2023-09-10,2023-09-12,"[19.2, 0.2, 0.4]","[9.6, 10.4, 16.4]",2026-08-14 06:28:39.159438
HUB10-HUB16,2023-09-12,2023-09-15,"[15.3, 0.3, 0.8, 0.5]","[12.1, 18.5, 16.0, 18.3]",2026-08-14 06:28:39.159598
HUB09-HUB12,2024-04-04,2024-04-08,"[0.0, 0.0, 0.2, 1.0, 1.4]","[4.8, 18.1, 6.5, 27.8, 9.3]",2026-08-14 06:28:39.159765
HUB14-HUB18,2024-10-01,2024-10-03,"[0.7, 1.8, 0.4]","[18.2, 15.6, 18.0]",2026-08-14 06:28:39.159903
HUB17-HUB06,2023-01-29,2023-02-01,"[0.0, 1.1, 0.4, 0.0]","[9.5, 14.8, 16.0, 16.3]",2026-08-14 06:28:39.160048
HUB16-HUB15,2024-12-28,2024-12-29,"[0.0, 0.4]","[14.6, 20.0]",2026-08-14 06:28:39.160203
HUB16-HUB06,2023-02-15,2023-02-17,"[0.5, 0.1, 0.6]","[14.8, 4.8, 15.2]",2026-08-14 06:28:39.160349
HUB06-HUB01,2023-06-01,2023-06-04,"[9.0, 0.2, 1.0, 1.0]","[19.3, 15.3, 18.7, 9.0]",2026-08-14 06:28:39.160495
HUB01-HUB18,2025-08-24,2025-08-25,"[0.2, 0.1]","[27.8, 8.4]",2026-08-14 06:28:39.160630
HUB04-HUB10,2023-10-26,2023-10-30,"[0.1, 0.0, 0.2, 0.0, 1.3]","[26.5, 18.0, 18.4, 18.8, 40.5]",2026-08-14 06:28:39.160788
HUB04-HUB06,2023-11-08,2023-11-10,"[0.4, 0.5, 0.3]","[15.2, 11.0, 12.1]",2026-08-14 06:28:39.160924
HUB15-HUB11,2023-12-25,2023-12-27,"[0.5, 0.5, 1.1]","[37.9, 43.2, 19.7]",2026-08-14 06:28:39.161060
HUB08-HUB11,2024-01-14,2024-01-17,"[0.9, 9.1, 0.0, 0.0]","[7.5, 24.1, 12.0, 6.0]",2026-08-14 06:28:39.161236
HUB07-HUB16,2024-12-12,2024-12-14,"[0.7, 0.0, 0.0]","[10.1, 12.1, 17.8]",2026-08-14 06:28:39.161378
HUB14-HUB07,2024-06-19,2024-06-23,"[15.6, 1.4, 0.1, 0.0, 0.5]","[13.2, 12.6, 9.5, 13.6, 13.6]",2026-08-14 06:28:39.161610
HUB02-HUB15,2023-04-27,2023-04-28,"[0.0, 1.7]","[14.0, 10.4]",2026-08-14 06:28:39.161772
HUB07-HUB10,2025-10-27,2025-10-31,"[27.1, 1.4, 0.6, 0.7, 0.1]","[20.8, 8.9, 27.4, 23.8, 22.2]",2026-08-14 06:28:39.161936
HUB08-HUB16,2025-12-29,2025-12-30,"[8.1, 0.8]","[15.5, 5.7]",2026-08-14 06:28:39.162121
HUB04-HUB08,2025-05-23,2025-05-25,"[0.4, 0.5, 0.1]","[12.4, 16.4, 15.9]",2026-08-14 06:28:39.162313
HUB06-HUB02,2023-03-26,2023-03-29,"[0.4, 0.0, 0.7, 0.7]","[12.4, 9.8, 18.2, 8.0]",2026-08-14 06:28:39.162465
HUB15-HUB09,2025-05-23,2025-05-25,"[0.4, 16.5, 43.7]","[17.7, 12.7, 19.1]",2026-08-14 06:28:39.162619
HUB13-HUB06,2025-12-09,2025-12-12,"[0.0, 0.5, None, 0.0]","[16.8, 5.3, 19.6, 15.5]",2026-08-14 06:28:39.162771
HUB07-HUB02,2023-01-09,2023-01-12,"[0.6, 0.0, 0.7, 1.8]","[16.0, 9.6, 9.3, 12.3]",2026-08-14 06:28:39.162917
HUB16-HUB10,2023-02-09,2023-02-12,"[0.7, 0.1, 0.9, 0.0]","[8.6, 15.3, 23.9, 17.6]",2026-08-14 06:28:39.163063
HUB03-HUB02,2024-03-27,2024-03-28,"[0.8, 0.6]","[18.9, 10.4]",2026-08-14 06:28:39.163222
HUB16-HUB10,2023-12-08,2023-12-11,"[18.7, 0.1, 0.0, 0.9]","[15.7, 28.2, 43.9, 23.3]",2026-08-14 06:28:39.163373
HUB12-HUB16,2023-04-23,2023-04-26,"[0.3, 0.3, 0.9, 1.1]","[15.9, 14.4, 15.3, 16.6]",2026-08-14 06:28:39.163522
HUB04-HUB12,2024-03-17,2024-03-21,"[0.0, 0.0, 0.0, 0.7, 0.0]","[18.0, 15.4, 18.4, 17.1, 13.6]",2026-08-14 06:28:39.163696
HUB16-HUB15,2024-01-12,2024-01-13,"[1.0, 0.0]","[20.9, 8.8]",2026-08-14 06:28:39.163828
HUB03-HUB18,2025-09-16,2025-09-17,"[0.3, 0.0]","[2.6, 19.1]",2026-08-14 06:28:39.163953
HUB11-HUB18,2023-01-12,2023-01-15,"[1.1, 0.6, 0.0, 0.2]","[8.4, 3.0, 16.5, 11.9]",2026-08-14 06:28:39.164099
HUB11-HUB15,2023-09-07,2023-09-09,"[0.0, 12.0, 34.0]","[14.8, 15.4, 22.0]",2026-08-14 06:28:39.164271
HUB18-HUB12,2023-08-31,2023-09-03,"[0.2, 1.1, 0.0, 23.7]","[14.0, 11.4, 18.3, 8.3]",2026-08-14 06:28:39.164420
HUB04-HUB12,2023-05-01,2023-05-05,"[0.0, 0.1, 0.2, None, 0.9]","[25.9, 15.2, 22.4, 26.0, 36.2]",2026-08-14 06:28:39.164600
HUB16-HUB06,2025-11-18,2025-11-20,"[0.7, 0.2, 0.3]","[20.3, 20.2, 14.8]",2026-08-14 06:28:39.164742
HUB03-HUB16,2024-11-28,2024-11-29,"[0.0, 0.0]","[14.4, 15.6]",2026-08-14 06:28:39.164866
HUB05-HUB16,2024-06-05,2024-06-07,"[0.2, None, 2.4]","[12.7, 13.4, 16.8]",2026-08-14 06:28:39.165001
HUB01-HUB11,2024-10-20,2024-10-23,"[0.5, 0.0, 0.0, 0.5]","[31.4, 32.3, 18.8, 15.7]",2026-08-14 06:28:39.165175
HUB06-HUB18,2025-04-19,2025-04-21,"[1.1, 0.2, 0.0]","[9.3, 3.5, 5.4]",2026-08-14 06:28:39.165324
HUB14-HUB17,2023-12-27,2023-12-28,"[0.2, 0.0]","[7.8, 28.8]",2026-08-14 06:28:39.165450
HUB04-HUB06,2023-01-16,2023-01-18,"[1.2, 1.0, 0.3]","[15.5, 12.5, 18.8]",2026-08-14 06:28:39.165595
HUB02-HUB14,2024-07-02,2024-07-03,"[22.6, 13.1]","[19.9, 19.7]",2026-08-14 06:28:39.165723
HUB11-HUB08,2025-04-19,2025-04-22,"[0.0, 1.1, 0.4, 1.0]","[14.5, 17.6, 7.6, 18.4]",2026-08-14 06:28:39.165870
HUB01-HUB16,2023-07-26,2023-07-27,"[0.1, 8.9]","[15.0, 17.7]",2026-08-14 06:28:39.165994
HUB12-HUB10,2024-07-10,2024-07-13,"[0.0, 28.1, 0.4, 0.3]","[15.8, 10.4, 12.5, 13.7]",2026-08-14 06:28:39.166209
HUB14-HUB16,2024-12-30,2025-01-01,"[0.0, 0.0, 0.2]","[12.3, 15.7, 12.7]",2026-08-14 06:28:39.166360
HUB14-HUB08,2024-11-03,2024-11-06,"[0.9, 0.7, 0.0, 1.1]","[16.6, 20.9, 11.8, 16.0]",2026-08-14 06:28:39.166509
HUB02-HUB11,2023-08-05,2023-08-07,"[0.0, 0.2, 16.6]","[2.0, 19.8, 1.1]",2026-08-14 06:28:39.166664
HUB10-HUB11,2023-05-24,2023-05-27,"[6.7, 0.2, 0.0, 5.8]","[14.3, 20.0, 19.1, 19.0]",2026-08-14 06:28:39.166815
HUB06-HUB12,2023-06-10,2023-06-14,"[0.0, 0.3, 0.2, 0.5, 0.0]","[22.0, 29.0, 10.9, 15.6, 30.2]",2026-08-14 06:28:39.166969
HUB03-HUB17,2024-08-13,2024-08-16,"[64.4, 0.3, 18.3, 0.6]","[4.6, 21.5, 24.0, 28.4]",2026-08-14 06:28:39.167116
HUB03-HUB11,2025-10-21,2025-10-24,"[0.0, 1.2, 0.0, 0.2]","[38.6, 22.0, 28.7, 25.6]",2026-08-14 06:28:39.167297
HUB05-HUB17,2025-02-27,2025-03-03,"[0.0, 0.7, 0.1, 13.1, 0.6]","[8.3, 10.5, 5.5, 20.6, 11.1]",2026-08-14 06:28:39.167457
HUB14-HUB03,2025-02-06,2025-02-08,"[0.5, 0.9, 0.1]","[24.3, 16.6, 18.5]",2026-08-14 06:28:39.167607
HUB09-HUB02,2024-10-13,2024-10-15,"[0.6, 2.8, 0.1]","[11.0, 14.1, 22.9]",2026-08-14 06:28:39.167749
HUB02-HUB12,2024-07-13,2024-07-15,"[None, 0.4, 20.6]","[14.6, 22.4, 15.5]",2026-08-14 06:28:39.167884
HUB05-HUB13,2024-01-28,2024-02-01,"[0.5, 0.3, 0.4, 0.2, 0.0]","[10.0, 17.7, 13.7, 18.4, 7.9]",2026-08-14 06:28:39.168041
HUB04-HUB09,2023-09-11,2023-09-14,"[19.1, 0.0, 0.0, 0.0]","[16.4, 13.5, 16.0, 13.4]",2026-08-14 06:28:39.168215
HUB01-HUB03,2024-12-27,2024-12-28,"[1.0, 0.0]","[32.7, 18.8]",2026-08-14 06:28:39.168349
HUB16-HUB15,2023-03-04,2023-03-05,"[0.0, 3.3]","[13.0, 4.0]",2026-08-14 06:28:39.168474
HUB17-HUB06,2025-11-28,2025-12-01,"[1.6, 0.0, 0.9, 0.3]","[9.2, 12.9, 12.0, 7.1]",2026-08-14 06:28:39.168629
HUB02-HUB09,2024-08-02,2024-08-04,"[0.0, 33.1, 18.2]","[13.0, 15.9, 16.3]",2026-08-14 06:28:39.168771
HUB10-HUB08,2023-01-25,2023-01-28,"[1.0, 0.0, 0.4, 0.9]","[11.7, 3.4, 15.2, 19.2]",2026-08-14 06:28:39.168915
HUB16-HUB05,2023-10-05,2023-10-07,"[0.7, 0.3, 0.7]","[21.1, 10.2, 13.7]",2026-08-14 06:28:39.169051
HUB11-HUB17,2024-05-10,2024-05-12,"[0.0, 0.0, None]","[8.9, 27.3, 29.4]",2026-08-14 06:28:39.169221
HUB07-HUB04,2024-08-06,2024-08-08,"[0.8, 0.3, 1.0]","[14.7, 11.4, 7.5]",2026-08-14 06:28:39.169372
HUB02-HUB07,2025-01-08,2025-01-11,"[0.7, 0.7, 0.1, 1.4]","[23.1, 15.5, 14.4, 12.6]",2026-08-14 06:28:39.169518
HUB02-HUB15,2023-01-10,2023-01-12,"[1.2, 0.0, 0.6]","[12.4, 6.5, 4.8]",2026-08-14 06:28:39.169667
HUB17-HUB11,2023-02-23,2023-02-25,"[0.4, 0.0, 0.0]","[12.1, 6.6, 20.5]",2026-08-14 06:28:39.169810
HUB12-HUB01,2025-01-01,2025-01-04,"[9.4, 0.3, 1.2, 0.0]","[15.6, 13.9, 11.5, 22.9]",2026-08-14 06:28:39.169955
HUB16-HUB12,2023-09-15,2023-09-18,"[0.6, 0.0, 1.2, 1.3]","[6.4, 3.1, 17.6, 1.1]",2026-08-14 06:28:39.170158
HUB18-HUB15,2025-06-26,2025-06-27,"[13.0, 0.0]","[15.5, 2.0]",2026-08-14 06:28:39.170298
HUB08-HUB07,2025-08-07,2025-08-08,"[0.5, 18.2]","[15.2, 11.8]",2026-08-14 06:28:39.170426
HUB13-HUB15,2025-07-13,2025-07-15,"[5.1, 8.9, 72.4]","[13.6, 11.8, 4.8]",2026-08-14 06:28:39.170561
HUB04-HUB13,2025-04-19,2025-04-22,"[0.7, 0.8, 0.9, 0.0]","[1.4, 8.7, 6.7, 17.9]",2026-08-14 06:28:39.170722
HUB13-HUB10,2023-11-13,2023-11-17,"[0.0, 0.6, 0.7, 0.0, 0.1]","[41.0, 16.8, 31.6, 38.3, 16.0]",2026-08-14 06:28:39.170878
HUB15-HUB10,2023-02-28,2023-03-03,"[0.8, 0.6, 0.0, 0.0]","[11.3, 19.8, 13.9, 5.5]",2026-08-14 06:28:39.171025
HUB10-HUB12,2025-06-11,2025-06-14,"[1.0, 15.3, 9.2, 12.8]","[9.0, 7.1, 8.8, 7.2]",2026-08-14 06:28:39.171199
HUB11-HUB06,2023-09-11,2023-09-15,"[0.0, 12.8, 0.6, 0.7, 0.3]","[11.1, 16.6, 11.0, 7.5, 14.4]",2026-08-14 06:28:39.171370
HUB09-HUB04,2024-05-19,2024-05-22,"[0.4, 0.1, 16.4, 0.5]","[20.1, 26.6, 7.2, 24.9]",2026-08-14 06:28:39.171523
HUB15-HUB09,2025-12-07,2025-12-08,"[4.9, 1.8]","[10.2, 18.3]",2026-08-14 06:28:39.171662
HUB10-HUB01,2024-08-04,2024-08-07,"[30.6, 40.7, 29.9, 14.1]","[6.8, 14.1, 5.7, 19.5]",2026-08-14 06:28:39.171809
HUB09-HUB04,2024-07-21,2024-07-24,"[16.9, None, 12.0, 0.4]","[19.9, 15.2, 12.7, 18.4]",2026-08-14 06:28:39.171955
HUB07-HUB08,2025-12-06,2025-12-07,"[0.0, 1.7]","[17.7, 15.2]",2026-08-14 06:28:39.172079
HUB17-HUB01,2023-03-09,2023-03-12,"[0.0, 0.2, 0.9, 0.8]","[26.8, 10.6, 23.1, 17.9]",2026-08-14 06:28:39.172281
HUB02-HUB16,2024-06-03,2024-06-05,"[0.7, None, 0.0]","[14.2, 19.8, 18.5]",2026-08-14 06:28:39.172423
HUB13-HUB07,2025-05-05,2025-05-09,"[0.0, 0.0, 0.7, 0.6, 0.4]","[11.4, 13.0, 11.3, 20.3, 14.6]",2026-08-14 06:28:39.172600
HUB08-HUB07,2025-09-06,2025-09-07,"[0.0, 0.0]","[13.5, 9.4]",2026-08-14 06:28:39.172731
HUB07-HUB17,2024-10-31,2024-11-03,"[0.0, 2.7, 0.3, 0.0]","[36.1, 27.3, 25.1, 20.1]",2026-08-14 06:28:39.172879
HUB08-HUB15,2025-03-28,2025-03-30,"[0.7, 0.1, 0.2]","[6.3, 12.5, 10.8]",2026-08-14 06:28:39.173014
HUB14-HUB07,2025-03-10,2025-03-14,"[0.0, 0.5, 0.0, 0.1, 0.9]","[24.7, 12.6, 12.2, 13.2, 7.8]",2026-08-14 06:28:39.173205
HUB07-HUB05,2025-12-18,2025-12-19,"[0.5, 0.0]","[12.7, 13.4]",2026-08-14 06:28:39.173345
HUB06-HUB16,2023-03-10,2023-03-12,"[0.0, 0.5, 1.2]","[11.4, 21.1, 13.2]",2026-08-14 06:28:39.173481
HUB18-HUB08,2023-05-19,2023-05-21,"[0.6, 1.4, 0.0]","[14.0, 7.8, 19.6]",2026-08-14 06:28:39.173633
HUB08-HUB02,2024-06-21,2024-06-24,"[34.4, 4.4, 0.0, 9.5]","[14.5, 20.0, 14.1, 19.8]",2026-08-14 06:28:39.173785
HUB15-HUB08,2024-09-12,2024-09-14,"[0.2, 0.1, 6.8]","[13.8, 16.7, 12.7]",2026-08-14 06:28:39.173922
HUB08-HUB09,2023-10-01,2023-10-02,"[0.2, 0.0]","[13.2, 11.4]",2026-08-14 06:28:39.174047
HUB18-HUB11,2024-06-20,2024-06-23,"[0.0, 42.7, 0.0, 0.3]","[30.1, 10.6, 19.8, 15.0]",2026-08-14 06:28:39.174269
HUB08-HUB06,2024-02-13,2024-02-14,"[0.4, 0.0]","[9.9, 13.1]",2026-08-14 06:28:39.174399
HUB07-HUB15,2024-08-19,2024-08-21,"[0.7, 0.0, 17.7]","[21.5, 16.5, 9.5]",2026-08-14 06:28:39.174539
HUB14-HUB08,2024-09-30,2024-10-02,"[0.0, 0.1, 0.0]","[11.1, 14.3, 14.2]",2026-08-14 06:28:39.174694
HUB15-HUB10,2025-01-04,2025-01-07,"[0.2, 0.8, 1.1, 0.0]","[6.1, 11.0, 14.3, 19.8]",2026-08-14 06:28:39.174844
HUB05-HUB13,2024-09-27,2024-10-01,"[0.3, 0.7, 0.6, 1.1, 2.3]","[24.0, 21.0, 9.3, 6.7, 20.4]",2026-08-14 06:28:39.174996
HUB17-HUB15,2025-01-14,2025-01-16,"[0.3, 0.7, 0.4]","[11.9, 14.1, 15.6]",2026-08-14 06:28:39.175149
HUB06-HUB05,2024-08-04,2024-08-05,"[0.6, 10.4]","[16.5, 14.8]",2026-08-14 06:28:39.175284
HUB17-HUB01,2024-10-01,2024-10-04,"[0.9, 1.1, 0.0, 0.0]","[23.5, 10.9, 19.6, 0.9]",2026-08-14 06:28:39.175426
HUB10-HUB03,2025-10-18,2025-10-21,"[0.0, 0.0, 0.0, 0.0]","[33.0, 13.2, 22.8, 35.0]",2026-08-14 06:28:39.175576
HUB11-HUB08,2024-03-27,2024-03-30,"[0.0, 0.0, 3.0, 0.0]","[18.2, 13.6, 9.7, 12.5]",2026-08-14 06:28:39.175725
HUB05-HUB01,2023-12-11,2023-12-14,"[0.8, 0.0, None, 1.4]","[21.6, 21.3, 19.2, 19.0]",2026-08-14 06:28:39.175866
HUB03-HUB09,2025-02-05,2025-02-07,"[1.1, 0.5, 0.0]","[18.1, 16.2, 16.4]",2026-08-14 06:28:39.175997
HUB03-HUB06,2024-10-30,2024-11-01,"[0.0, 0.0, 0.1]","[9.9, 9.1, 11.7]",2026-08-14 06:28:39.176145
HUB03-HUB06,2024-08-29,2024-08-31,"[1.9, 17.3, 9.0]","[16.4, 17.0, 13.7]",2026-08-14 06:28:39.176289
HUB13-HUB09,2024-06-18,2024-06-21,"[8.3, None, 0.0, 16.7]","[8.6, 8.7, 9.2, 10.4]",2026-08-14 06:28:39.176430
HUB12-HUB07,2025-02-20,2025-02-24,"[1.2, 0.0, 0.7, 1.1, 0.8]","[11.7, 12.3, 13.2, 4.0, 13.9]",2026-08-14 06:28:39.176586
HUB11-HUB09,2025-01-27,2025-01-30,"[0.1, 0.7, 0.4, 0.0]","[2.9, 7.9, 16.1, 17.0]",2026-08-14 06:28:39.176733
HUB17-HUB01,2024-10-04,2024-10-07,"[0.9, 16.1, 0.9, 0.5]","[22.9, 22.5, 21.3, 22.9]",2026-08-14 06:28:39.176873
HUB18-HUB12,2023-06-09,2023-06-12,"[0.3, 0.5, 0.7, 0.0]","[23.6, 0.4, 13.4, 19.8]",2026-08-14 06:28:39.177011
HUB09-HUB18,2023-10-09,2023-10-11,"[0.1, 0.0, 0.7]","[27.6, 20.6, 27.8]",2026-08-14 06:28:39.177165
HUB14-HUB05,2025-11-29,2025-12-02,"[0.3, 1.2, 0.0, 0.0]","[13.5, 22.5, 15.2, 14.5]",2026-08-14 06:28:39.177314
HUB02-HUB12,2023-02-26,2023-02-28,"[0.0, 0.1, 0.7]","[11.9, 11.3, 13.5]",2026-08-14 06:28:39.177445
HUB11-HUB17,2024-04-27,2024-04-29,"[0.0, 0.0, 1.0]","[18.2, 11.8, 12.5]",2026-08-14 06:28:39.177598
HUB08-HUB11,2025-06-26,2025-06-29,"[36.8, 0.0, 1.6, 1.6]","[14.0, 8.9, 23.4, 1.6]",2026-08-14 06:28:39.177743
HUB05-HUB15,2025-04-19,2025-04-21,"[0.0, 0.6, 0.3]","[16.6, 10.3, 12.5]",2026-08-14 06:28:39.177877
HUB07-HUB05,2025-09-15,2025-09-16,"[5.5, 0.4]","[15.5, 4.2]",2026-08-14 06:28:39.177996
HUB04-HUB14,2024-10-23,2024-10-26,"[0.5, 0.3, 0.7, 0.8]","[23.5, 14.3, 14.4, 19.0]",2026-08-14 06:28:39.178208
HUB10-HUB08,2023-08-19,2023-08-22,"[1.0, 0.9, 0.2, 0.8]","[10.3, 10.3, 16.4, 9.9]",2026-08-14 06:28:39.178359
HUB10-HUB13,2024-07-06,2024-07-09,"[1.7, 1.4, 4.6, 27.1]","[10.0, 11.4, 11.2, 0.8]",2026-08-14 06:28:39.178506
HUB03-HUB05,2024-11-01,2024-11-03,"[0.5, 0.3, 0.0]","[18.1, 14.3, 16.9]",2026-08-14 06:28:39.178657
HUB09-HUB01,2024-06-04,2024-06-06,"[0.1, 0.0, 37.0]","[5.9, 14.6, 14.5]",2026-08-14 06:28:39.178797
HUB06-HUB02,2023-07-26,2023-07-29,"[3.7, 5.7, 11.7, 0.2]","[22.0, 10.8, 14.0, 13.3]",2026-08-14 06:28:39.178942
HUB08-HUB14,2025-03-31,2025-04-03,"[0.1, 0.0, 0.0, 0.0]","[13.7, 12.3, 10.0, 11.8]",2026-08-14 06:28:39.179087
HUB17-HUB18,2023-07-22,2023-07-25,"[17.9, 0.0, 0.2, 1.5]","[2.2, 5.7, 18.9, 9.0]",2026-08-14 06:28:39.179266
HUB08-HUB04,2024-05-30,2024-06-01,"[0.0, 1.2, 1.4]","[18.3, 27.3, 2.0]",2026-08-14 06:28:39.179405
HUB12-HUB01,2023-03-31,2023-04-02,"[0.0, 0.6, 2.5]","[14.1, 10.3, 16.0]",2026-08-14 06:28:39.179542
HUB04-HUB06,2025-12-07,2025-12-09,"[0.0, 0.7, 0.0]","[20.3, 13.5, 14.0]",2026-08-14 06:28:39.179689
HUB18-HUB16,2024-01-21,2024-01-22,"[1.6, 5.0]","[15.6, 16.6]",2026-08-14 06:28:39.179814
HUB08-HUB04,2024-02-17,2024-02-19,"[0.0, 0.8, 0.4]","[16.5, 3.1, 18.4]",2026-08-14 06:28:39.179951
HUB06-HUB08,2023-06-23,2023-06-24,"[0.0, 0.0]","[13.2, 15.1]",2026-08-14 06:28:39.180073
HUB01-HUB08,2024-02-05,2024-02-07,"[0.0, 0.9, 0.4]","[12.1, 15.3, 15.6]",2026-08-14 06:28:39.180240
HUB16-HUB17,2025-10-03,2025-10-06,"[0.0, 0.0, 0.8, 0.1]","[25.6, 28.4, 20.8, 21.9]",2026-08-14 06:28:39.180391
HUB11-HUB04,2023-06-13,2023-06-16,"[0.8, 7.1, 0.0, 0.2]","[8.5, 23.6, 18.2, 21.5]",2026-08-14 06:28:39.180538
HUB03-HUB16,2025-03-01,2025-03-02,"[0.3, 0.0]","[15.3, 15.3]",2026-08-14 06:28:39.180675
HUB11-HUB16,2024-01-09,2024-01-11,"[0.5, 0.3, 0.7]","[10.5, 8.8, 12.2]",2026-08-14 06:28:39.180812
HUB05-HUB02,2025-11-22,2025-11-25,"[0.6, 0.0, 0.5, 0.0]","[22.5, 20.1, 14.4, 24.9]",2026-08-14 06:28:39.180957
HUB13-HUB08,2023-06-06,2023-06-10,"[0.0, 0.2, 0.8, 0.3, 6.8]","[12.1, 15.6, 11.5, 16.4, 9.1]",2026-08-14 06:28:39.181113
HUB04-HUB03,2023-03-29,2023-03-30,"[0.0, 0.0]","[17.9, 12.5]",2026-08-14 06:28:39.181268
HUB13-HUB12,2023-11-29,2023-11-30,"[0.3, 0.0]","[20.8, 20.4]",2026-08-14 06:28:39.181394
HUB04-HUB02,2025-06-01,2025-06-02,"[0.0, 3.8]","[7.5, 13.1]",2026-08-14 06:28:39.181516
HUB13-HUB14,2025-07-26,2025-07-27,"[0.0, 10.2]","[13.0, 8.9]",2026-08-14 06:28:39.181652
HUB06-HUB01,2023-02-05,2023-02-08,"[0.6, 0.8, 0.0, 0.4]","[14.8, 3.3, 14.2, 20.1]",2026-08-14 06:28:39.181798
HUB15-HUB06,2023-11-04,2023-11-06,"[0.0, 0.7, 0.8]","[16.7, 13.7, 15.3]",2026-08-14 06:28:39.181935
HUB10-HUB13,2023-05-04,2023-05-08,"[8.2, 0.7, 7.6, 0.7, 0.4]","[23.2, 14.5, 11.1, 14.0, 14.1]",2026-08-14 06:28:39.182160
HUB03-HUB10,2024-08-14,2024-08-17,"[24.6, 84.2, 12.6, 0.3]","[13.9, 17.3, 32.2, 5.9]",2026-08-14 06:28:39.182333
HUB16-HUB03,2023-11-13,2023-11-14,"[0.0, 0.0]","[26.7, 15.8]",2026-08-14 06:28:39.182460
HUB16-HUB12,2023-04-15,2023-04-18,"[0.0, None, 0.0, 0.6]","[20.7, 12.8, 12.5, 8.6]",2026-08-14 06:28:39.182623
HUB06-HUB17,2024-08-11,2024-08-14,"[6.0, 10.2, 35.8, 0.3]","[28.1, 19.7, 11.6, 22.3]",2026-08-14 06:28:39.182775
HUB07-HUB11,2025-09-10,2025-09-14,"[9.6, 0.5, 0.0, 0.5, 37.6]","[11.6, 14.6, 13.5, 0.3, 32.6]",2026-08-14 06:28:39.182935
HUB01-HUB08,2025-10-23,2025-10-25,"[1.3, 0.0, 0.1]","[18.7, 18.6, 15.9]",2026-08-14 06:28:39.183073
HUB13-HUB11,2025-05-29,2025-05-30,"[0.0, 0.3]","[22.8, 14.4]",2026-08-14 06:28:39.183235
HUB09-HUB01,2025-02-12,2025-02-15,"[0.4, 0.2, 0.5, 0.3]","[13.4, 12.0, 14.8, 17.3]",2026-08-14 06:28:39.183385
HUB03-HUB02,2025-11-27,2025-11-28,"[0.0, 0.4]","[16.5, 14.8]",2026-08-14 06:28:39.183513
HUB12-HUB04,2025-06-04,2025-06-08,"[0.0, 1.3, 0.0, 0.0, 0.0]","[14.1, 13.2, 14.0, 19.0, 19.7]",2026-08-14 06:28:39.183681
HUB05-HUB09,2024-11-28,2024-11-29,"[0.4, 0.0]","[10.1, 14.4]",2026-08-14 06:28:39.183809
HUB05-HUB02,2023-07-25,2023-07-27,"[0.5, 5.4, 0.0]","[25.7, 15.6, 8.7]",2026-08-14 06:28:39.183946
HUB17-HUB11,2023-12-19,2023-12-21,"[0.4, 0.5, 0.4]","[29.7, 20.0, 17.5]",2026-08-14 06:28:39.184085
HUB14-HUB05,2023-11-22,2023-11-25,"[0.9, 0.8, 0.0, 0.0]","[18.1, 12.5, 16.5, 16.2]",2026-08-14 06:28:39.184277
HUB03-HUB02,2023-09-18,2023-09-19,"[0.1, 20.3]","[11.2, 13.4]",2026-08-14 06:28:39.184417
HUB11-HUB12,2025-12-01,2025-12-02,"[0.0, 0.7]","[3.7, 14.0]",2026-08-14 06:28:39.184544
HUB09-HUB04,2023-12-29,2024-01-01,"[0.0, 1.0, 0.0, 0.4]","[23.4, 13.9, 22.6, 10.4]",2026-08-14 06:28:39.184704
HUB03-HUB14,2025-09-18,2025-09-20,"[59.3, 0.0, 0.4]","[11.1, 14.5, 6.0]",2026-08-14 06:28:39.184843
HUB02-HUB11,2025-04-02,2025-04-05,"[0.2, 0.6, 0.5, None]","[16.0, 17.9, 3.6, 20.9]",2026-08-14 06:28:39.184995
HUB16-HUB11,2024-03-19,2024-03-21,"[0.3, 0.0, 0.0]","[3.1, 3.2, 25.7]",2026-08-14 06:28:39.185151
HUB02-HUB04,2024-01-16,2024-01-17,"[1.0, 0.5]","[24.8, 14.5]",2026-08-14 06:28:39.185292
HUB11-HUB09,2025-01-25,2025-01-28,"[0.0, 0.0, 0.5, 0.0]","[18.3, 13.5, 16.9, 13.1]",2026-08-14 06:28:39.185438
HUB18-HUB10,2023-10-15,2023-10-19,"[27.7, 0.6, 0.0, 0.8, 0.8]","[33.8, 26.4, 23.3, 15.9, 25.6]",2026-08-14 06:28:39.185610
HUB07-HUB05,2024-04-18,2024-04-19,"[0.0, 0.0]","[11.0, 15.7]",2026-08-14 06:28:39.185743
HUB12-HUB04,2024-12-18,2024-12-22,"[0.0, 0.0, 0.5, 1.1, 0.9]","[33.5, 24.4, 23.2, 21.2, 22.6]",2026-08-14 06:28:39.185896
HUB08-HUB18,2024-06-30,2024-07-01,"[0.0, 0.7]","[2.2, 1.8]",2026-08-14 06:28:39.186022
HUB12-HUB04,2025-07-20,2025-07-24,"[28.9, 0.0, 0.8, 3.8, 0.1]","[4.6, 13.0, 16.9, 3.6, 22.5]",2026-08-14 06:28:39.186247
HUB05-HUB18,2024-03-24,2024-03-26,"[0.0, 0.0, 0.8]","[17.4, 3.8, 30.5]",2026-08-14 06:28:39.186395
HUB05-HUB15,2025-01-29,2025-01-31,"[0.0, 0.1, 0.2]","[20.6, 6.7, 19.7]",2026-08-14 06:28:39.186532
HUB11-HUB02,2025-05-16,2025-05-18,"[0.0, 1.1, 0.8]","[17.2, 18.6, 32.9]",2026-08-14 06:28:39.186683
HUB03-HUB15,2025-08-22,2025-08-24,"[21.2, 11.0, 16.5]","[16.0, 7.8, 14.2]",2026-08-14 06:28:39.186824
HUB11-HUB08,2025-02-04,2025-02-07,"[0.3, None, 0.9, 0.1]","[13.7, 12.2, 12.1, 13.3]",2026-08-14 06:28:39.186975
HUB12-HUB06,2024-12-11,2024-12-15,"[1.3, 0.8, 0.0, None, 0.0]","[19.8, 12.5, 12.1, 13.3, 11.5]",2026-08-14 06:28:39.187153
HUB18-HUB11,2023-05-31,2023-06-03,"[16.3, 0.8, 6.4, 0.0]","[25.5, 9.3, 13.3, 16.5]",2026-08-14 06:28:39.187316
HUB05-HUB06,2023-08-02,2023-08-03,"[0.7, 44.5]","[9.7, 10.2]",2026-08-14 06:28:39.187444
HUB02-HUB10,2023-01-24,2023-01-27,"[0.0, 0.2, 1.6, 0.3]","[23.6, 17.1, 20.2, 14.6]",2026-08-14 06:28:39.187601
HUB05-HUB08,2024-12-05,2024-12-06,"[0.0, 1.1]","[16.4, 7.1]",2026-08-14 06:28:39.187734
HUB15-HUB10,2024-02-19,2024-02-22,"[0.8, 0.5, 0.0, 0.0]","[33.8, 2.5, 15.3, 26.6]",2026-08-14 06:28:39.187881
HUB08-HUB04,2024-08-16,2024-08-18,"[0.0, 0.0, 0.0]","[11.1, 14.2, 13.0]",2026-08-14 06:28:39.188016
HUB03-HUB16,2025-04-23,2025-04-24,"[0.8, 0.0]","[13.1, 16.4]",2026-08-14 06:28:39.188175
HUB05-HUB10,2023-03-12,2023-03-15,"[0.0, 0.6, 0.0, 1.7]","[25.8, 8.3, 1.2, 13.2]",2026-08-14 06:28:39.188333
HUB15-HUB03,2025-01-04,2025-01-06,"[0.1, 0.0, 0.9]","[10.2, 31.2, 2.3]",2026-08-14 06:28:39.188469
HUB17-HUB18,2024-10-23,2024-10-25,"[0.0, 0.0, None]","[13.1, 14.1, 11.0]",2026-08-14 06:28:39.188616
HUB03-HUB13,2024-03-25,2024-03-28,"[0.8, 0.2, 1.2, 0.1]","[11.8, 13.8, 5.6, 15.8]",2026-08-14 06:28:39.188767
HUB11-HUB14,2023-07-04,2023-07-05,"[0.0, 13.2]","[12.9, 13.7]",2026-08-14 06:28:39.188892
HUB18-HUB17,2023-02-27,2023-03-02,"[0.4, 0.8, 1.4, 0.0]","[23.3, 11.4, 20.9, 22.9]",2026-08-14 06:28:39.189036
HUB02-HUB06,2023-09-24,2023-09-27,"[9.2, 0.8, 0.5, 13.3]","[16.0, 12.6, 20.1, 11.4]",2026-08-14 06:28:39.189212
HUB03-HUB15,2023-02-21,2023-02-23,"[0.0, 0.0, 0.0]","[20.5, 8.3, 14.2]",2026-08-14 06:28:39.189356
HUB09-HUB07,2025-06-19,2025-06-21,"[11.3, 0.7, 8.5]","[13.5, 12.5, 13.0]",2026-08-14 06:28:39.189493
HUB02-HUB03,2025-11-07,2025-11-08,"[0.3, 0.0]","[12.2, 13.9]",2026-08-14 06:28:39.189628
HUB11-HUB04,2023-03-07,2023-03-10,"[1.1, 0.0, 0.6, 0.4]","[8.9, 24.5, 21.5, 12.5]",2026-08-14 06:28:39.189774
HUB13-HUB14,2023-10-17,2023-10-18,"[0.8, 0.9]","[12.1, 15.3]",2026-08-14 06:28:39.189942
HUB07-HUB13,2023-01-01,2023-01-05,"[0.4, 0.4, None, 0.0, 0.0]","[17.4, 7.4, 13.0, 17.1, 6.7]",2026-08-14 06:28:39.190262
HUB17-HUB15,2024-08-05,2024-08-07,"[23.8, 6.0, 17.0]","[21.7, 18.1, 6.9]",2026-08-14 06:28:39.190437
HUB16-HUB07,2024-12-14,2024-12-16,"[0.9, 4.3, 1.3]","[19.1, 16.4, 13.9]",2026-08-14 06:28:39.190598
HUB13-HUB16,2023-05-10,2023-05-12,"[0.7, 2.4, 0.0]","[11.0, 15.7, 18.0]",2026-08-14 06:28:39.190750
HUB10-HUB16,2025-11-08,2025-11-11,"[1.4, 1.0, 0.2, 0.8]","[14.5, 16.1, 11.7, 16.6]",2026-08-14 06:28:39.190899
HUB02-HUB01,2024-10-31,2024-11-01,"[0.8, 0.0]","[26.6, 15.0]",2026-08-14 06:28:39.191023
HUB05-HUB13,2023-01-09,2023-01-13,"[0.1, 0.0, 0.4, 0.0, 0.3]","[9.2, 16.1, 17.1, 6.9, 28.9]",2026-08-14 06:28:39.191210
HUB18-HUB16,2024-11-28,2024-11-29,"[0.3, 0.9]","[15.4, 14.7]",2026-08-14 06:28:39.191347
HUB10-HUB07,2023-08-24,2023-08-28,"[0.0, 15.3, 0.0, 17.3, 3.3]","[15.7, 9.2, 10.7, 15.7, 14.3]",2026-08-14 06:28:39.191504
HUB08-HUB14,2023-12-17,2023-12-20,"[0.5, 0.0, 0.0, 1.1]","[20.6, 24.2, 15.0, 15.7]",2026-08-14 06:28:39.191671
HUB14-HUB07,2024-07-25,2024-07-29,"[4.4, 71.7, 0.3, 0.2, 26.4]","[14.5, 8.1, 16.9, 11.7, 17.1]",2026-08-14 06:28:39.191833
HUB05-HUB16,2023-01-04,2023-01-06,"[0.1, 0.6, 1.4]","[9.1, 8.9, 11.1]",2026-08-14 06:28:39.191972
HUB06-HUB03,2025-12-19,2025-12-21,"[0.5, 0.2, None]","[22.7, 29.4, 23.3]",2026-08-14 06:28:39.192109
HUB07-HUB14,2024-11-13,2024-11-17,"[0.0, 0.0, 0.8, 0.9, 0.8]","[14.1, 13.6, 14.6, 10.5, 20.5]",2026-08-14 06:28:39.192322
HUB16-HUB09,2024-07-03,2024-07-05,"[0.6, 0.0, 5.2]","[15.2, 18.3, 15.5]",2026-08-14 06:28:39.192463
HUB09-HUB17,2023-02-11,2023-02-13,"[0.0, 0.0, 1.6]","[27.2, 7.6, 12.3]",2026-08-14 06:28:39.192611
HUB02-HUB17,2024-09-07,2024-09-09,"[0.0, 0.2, 0.0]","[11.9, 3.6, 12.7]",2026-08-14 06:28:39.192752
HUB09-HUB14,2024-01-10,2024-01-12,"[0.0, 0.7, 1.5]","[16.0, 20.3, 14.4]",2026-08-14 06:28:39.192886
HUB06-HUB12,2024-10-24,2024-10-29,"[1.2, 0.9, 0.8, 0.2, 0.4, 0.0]","[0.2, 15.4, 24.9, 24.4, 28.5, 17.3]",2026-08-14 06:28:39.193050
HUB09-HUB06,2024-01-07,2024-01-08,"[1.0, 0.0]","[11.8, 13.0]",2026-08-14 06:28:39.193204
HUB17-HUB09,2023-04-21,2023-04-23,"[0.1, 0.0, 1.1]","[10.9, 10.9, 17.8]",2026-08-14 06:28:39.193356
HUB06-HUB12,2023-05-01,2023-05-05,"[0.0, 0.5, 0.0, None, 0.0]","[13.1, 30.2, 44.4, 26.1, 28.0]",2026-08-14 06:28:39.193517
HUB05-HUB08,2025-10-11,2025-10-12,"[0.5, 0.3]","[12.8, 14.5]",2026-08-14 06:28:39.193658
HUB09-HUB17,2024-09-15,2024-09-17,"[0.0, 1.1, 1.0]","[9.9, 12.6, 3.8]",2026-08-14 06:28:39.193795
HUB02-HUB12,2024-12-12,2024-12-14,"[0.1, 0.8, 0.5]","[19.9, 14.9, 25.9]",2026-08-14 06:28:39.193928
HUB04-HUB09,2024-09-03,2024-09-06,"[1.2, 12.5, 0.7, 0.1]","[17.1, 11.4, 14.0, 19.4]",2026-08-14 06:28:39.194124
HUB01-HUB17,2023-08-04,2023-08-07,"[14.1, 0.1, 26.3, 0.4]","[17.8, 23.3, 14.8, 26.9]",2026-08-14 06:28:39.194322
HUB17-HUB03,2023-03-30,2023-04-01,"[0.4, 0.9, 0.2]","[10.8, 21.6, 13.4]",2026-08-14 06:28:39.194463
HUB14-HUB08,2023-04-28,2023-04-30,"[None, 0.1, 1.0]","[17.4, 11.6, 15.3]",2026-08-14 06:28:39.194617
HUB03-HUB02,2023-03-11,2023-03-12,"[1.0, 4.3]","[14.1, 23.0]",2026-08-14 06:28:39.194747
HUB07-HUB12,2025-01-12,2025-01-17,"[4.6, 0.2, 0.8, 0.0, 1.2, 0.4]","[4.8, 6.4, 11.1, 24.2, 14.4, 19.2]",2026-08-14 06:28:39.195756
HUB02-HUB18,2023-06-16,2023-06-17,"[0.4, 0.0]","[8.0, 10.7]",2026-08-14 06:28:39.195965
HUB14-HUB18,2025-09-26,2025-09-28,"[0.7, 1.6, 0.0]","[27.3, 9.5, 8.9]",2026-08-14 06:28:39.196110
HUB03-HUB15,2025-09-18,2025-09-20,"[1.3, 0.8, 14.8]","[14.6, 18.2, 11.4]",2026-08-14 06:28:39.196291
HUB12-HUB11,2024-04-07,2024-04-08,"[0.2, 0.4]","[11.1, 15.8]",2026-08-14 06:28:39.196419
HUB11-HUB01,2025-02-06,2025-02-09,"[1.0, 1.0, 0.6, 0.0]","[11.5, 12.3, 13.8, 9.8]",2026-08-14 06:28:39.196562
HUB14-HUB13,2023-01-27,2023-01-28,"[0.6, 0.5]","[17.1, 20.0]",2026-08-14 06:28:39.196705
HUB16-HUB08,2025-10-25,2025-10-26,"[0.3, 0.0]","[18.0, 12.6]",2026-08-14 06:28:39.196834
HUB17-HUB16,2025-05-19,2025-05-22,"[22.3, 0.3, 1.1, 7.7]","[11.1, 10.4, 13.3, 14.4]",2026-08-14 06:28:39.196982
HUB06-HUB17,2025-10-05,2025-10-08,"[1.1, 1.1, 0.0, 0.0]","[30.1, 21.3, 4.9, 11.6]",2026-08-14 06:28:39.197149
HUB15-HUB09,2025-03-06,2025-03-08,"[0.0, 0.0, 0.4]","[17.5, 21.5, 19.7]",2026-08-14 06:28:39.197312
HUB04-HUB18,2024-12-03,2024-12-04,"[0.2, 0.5]","[15.5, 3.3]",2026-08-14 06:28:39.197442
HUB03-HUB02,2023-11-30,2023-12-01,"[2.1, 0.0]","[16.3, 25.1]",2026-08-14 06:28:39.197603
HUB16-HUB14,2024-12-27,2024-12-29,"[6.2, 0.0, 0.6]","[22.4, 16.0, 14.6]",2026-08-14 06:28:39.197747
HUB17-HUB08,2023-09-30,2023-10-03,"[1.3, 0.0, 1.3, 0.0]","[14.1, 14.0, 16.5, 11.6]",2026-08-14 06:28:39.197893
HUB13-HUB11,2023-01-11,2023-01-12,"[0.0, 0.1]","[23.8, 17.7]",2026-08-14 06:28:39.198020
HUB07-HUB03,2024-09-18,2024-09-20,"[0.0, 3.1, 1.0]","[15.1, 10.4, 16.2]",2026-08-14 06:28:39.198231
HUB08-HUB11,2025-08-19,2025-08-22,"[0.8, 10.5, 25.9, 11.9]","[6.1, 9.2, 5.6, 27.6]",2026-08-14 06:28:39.198388
HUB15-HUB16,2025-05-01,2025-05-02,"[0.0, 1.8]","[10.3, 12.9]",2026-08-14 06:28:39.198516
HUB05-HUB16,2025-04-06,2025-04-08,"[1.0, 0.0, 8.5]","[11.0, 13.9, 12.7]",2026-08-14 06:28:39.198670
HUB10-HUB15,2025-10-30,2025-11-01,"[1.2, 0.4, 0.2]","[10.9, 18.8, 14.5]",2026-08-14 06:28:39.198809
HUB08-HUB07,2024-06-01,2024-06-02,"[8.5, 1.0]","[11.7, 14.8]",2026-08-14 06:28:39.198933
HUB04-HUB14,2023-12-03,2023-12-06,"[0.6, 0.2, 0.4, 0.0]","[9.6, 10.9, 12.1, 2.6]",2026-08-14 06:28:39.199078
HUB11-HUB04,2025-11-22,2025-11-25,"[0.0, 0.0, 0.5, 0.4]","[19.7, 12.7, 13.4, 19.3]",2026-08-14 06:28:39.199253
HUB13-HUB08,2025-02-10,2025-02-14,"[1.0, 4.7, 0.7, 0.0, 0.8]","[13.1, 12.5, 13.5, 17.3, 13.0]",2026-08-14 06:28:39.199416
HUB05-HUB06,2024-05-30,2024-05-31,"[0.0, 0.0]","[9.5, 19.2]",2026-08-14 06:28:39.199547
HUB13-HUB14,2025-07-31,2025-08-01,"[0.0, 0.3]","[14.2, 19.4]",2026-08-14 06:28:39.199687
HUB17-HUB09,2023-12-28,2023-12-30,"[0.3, 1.0, 0.2]","[10.7, 16.2, 17.8]",2026-08-14 06:28:39.199825
HUB17-HUB11,2024-11-10,2024-11-12,"[0.0, 0.6, 4.4]","[40.3, 14.2, 27.4]",2026-08-14 06:28:39.199961
HUB17-HUB03,2023-09-15,2023-09-18,"[0.1, 0.4, 0.1, 0.2]","[13.6, 10.6, 17.8, 16.4]",2026-08-14 06:28:39.200105
HUB08-HUB02,2025-11-17,2025-11-19,"[1.0, 2.2, 0.3]","[28.7, 13.9, 11.9]",2026-08-14 06:28:39.200307
HUB13-HUB18,2025-09-19,2025-09-21,"[0.9, 0.5, 0.4]","[12.0, 18.7, 17.1]",2026-08-14 06:28:39.200523
HUB14-HUB03,2024-06-03,2024-06-05,"[0.8, 0.4, 0.8]","[14.1, 0.5, 9.2]",2026-08-14 06:28:39.200690
HUB18-HUB02,2023-08-03,2023-08-04,"[23.8, 0.8]","[8.7, 13.7]",2026-08-14 06:28:39.200822
HUB10-HUB15,2023-02-02,2023-02-05,"[0.2, 1.4, 1.1, 0.0]","[13.4, 11.4, 13.8, 9.9]",2026-08-14 06:28:39.200970
HUB16-HUB06,2025-12-03,2025-12-05,"[0.1, 0.0, 0.7]","[15.6, 21.1, 12.5]",2026-08-14 06:28:39.201109
HUB10-HUB16,2024-05-01,2024-05-04,"[0.0, 1.0, 0.0, 0.0]","[17.2, 11.8, 12.2, 15.1]",2026-08-14 06:28:39.201308
HUB15-HUB07,2024-12-26,2024-12-28,"[1.1, 0.0, 0.6]","[10.5, 7.0, 17.7]",2026-08-14 06:28:39.201457
HUB07-HUB12,2023-04-14,2023-04-19,"[0.0, 0.7, 1.7, None, 0.9, 0.5]","[11.3, 16.6, 24.9, 11.2, 12.5, 20.1]",2026-08-14 06:28:39.201650
HUB02-HUB06,2024-11-04,2024-11-06,"[0.6, 0.0, 1.1]","[16.0, 3.8, 16.9]",2026-08-14 06:28:39.201795
HUB07-HUB05,2023-03-24,2023-03-25,"[1.2, 0.3]","[16.5, 13.5]",2026-08-14 06:28:39.201920
HUB07-HUB14,2025-11-19,2025-11-23,"[0.3, 0.6, 0.2, 0.2, 0.0]","[14.2, 11.0, 10.6, 16.9, 15.7]",2026-08-14 06:28:39.202149
HUB15-HUB17,2025-03-18,2025-03-20,"[0.0, 0.0, 0.0]","[8.3, 26.2, 5.3]",2026-08-14 06:28:39.202312
HUB13-HUB01,2024-06-26,2024-06-28,"[0.3, 14.4, 5.3]","[18.1, 19.6, 9.8]",2026-08-14 06:28:39.202451
HUB12-HUB16,2023-10-18,2023-10-21,"[2.4, 1.4, 0.0, 0.8]","[10.9, 12.5, 12.4, 14.9]",2026-08-14 06:28:39.202612
HUB04-HUB05,2023-01-12,2023-01-15,"[0.0, 0.5, 0.0, 0.3]","[16.6, 8.5, 12.0, 13.0]",2026-08-14 06:28:39.202764
HUB13-HUB01,2025-02-22,2025-02-24,"[0.3, 0.8, 0.4]","[0.9, 5.5, 25.1]",2026-08-14 06:28:39.202902
HUB13-HUB12,2025-03-22,2025-03-23,"[0.0, 0.4]","[12.7, 18.3]",2026-08-14 06:28:39.203025
HUB17-HUB14,2023-07-04,2023-07-05,"[7.4, 0.1]","[17.0, 7.1]",2026-08-14 06:28:39.203179
HUB05-HUB01,2024-04-16,2024-04-18,"[0.2, 0.7, 0.0]","[16.5, 6.4, 14.1]",2026-08-14 06:28:39.203327
HUB13-HUB02,2025-01-12,2025-01-14,"[0.2, 0.1, 0.9]","[13.6, 18.5, 18.1]",2026-08-14 06:28:39.203467
HUB02-HUB07,2023-11-27,2023-11-30,"[0.3, 0.5, 0.3, 0.0]","[21.3, 16.4, 12.2, 19.9]",2026-08-14 06:28:39.203627
HUB14-HUB07,2024-04-29,2024-05-03,"[0.2, 0.0, 0.0, 0.1, 0.7]","[14.6, 11.6, 18.0, 12.3, 16.3]",2026-08-14 06:28:39.203795
HUB15-HUB02,2024-09-25,2024-09-27,"[0.4, 0.0, 0.0]","[13.2, 19.0, 13.3]",2026-08-14 06:28:39.203934
HUB14-HUB16,2023-04-15,2023-04-17,"[0.0, 0.0, 0.0]","[15.8, 13.2, 16.0]",2026-08-14 06:28:39.204072
HUB09-HUB01,2025-09-09,2025-09-12,"[0.5, 1.0, 1.4, 0.3]","[10.5, 7.3, 16.9, 17.6]",2026-08-14 06:28:39.204253
HUB08-HUB13,2024-11-08,2024-11-11,"[4.0, 0.1, 0.0, 0.8]","[8.9, 17.0, 13.5, 20.4]",2026-08-14 06:28:39.204405
HUB01-HUB15,2024-03-24,2024-03-26,"[0.2, 0.0, 1.1]","[12.1, 23.4, 10.2]",2026-08-14 06:28:39.204540
HUB09-HUB17,2023-10-26,2023-10-28,"[0.8, 0.0, 1.0]","[19.4, 20.7, 7.0]",2026-08-14 06:28:39.204690
HUB13-HUB18,2024-11-29,2024-12-01,"[1.0, None, 0.4]","[11.4, 29.5, 17.1]",2026-08-14 06:28:39.204826
HUB18-HUB02,2024-03-02,2024-03-03,"[2.0, 0.0]","[14.4, 14.4]",2026-08-14 06:28:39.204950
HUB02-HUB03,2023-12-21,2023-12-23,"[0.0, 0.5, 0.9]","[11.8, 17.4, 13.9]",2026-08-14 06:28:39.205085
HUB11-HUB03,2025-12-20,2025-12-23,"[0.0, 0.8, 0.0, 0.1]","[30.2, 29.9, 12.6, 31.0]",2026-08-14 06:28:39.205273
HUB05-HUB08,2024-09-10,2024-09-11,"[0.3, 0.0]","[14.2, 16.0]",2026-08-14 06:28:39.205415
HUB07-HUB18,2025-03-02,2025-03-04,"[0.1, 0.6, 0.6]","[10.5, 8.4, 12.9]",2026-08-14 06:28:39.205556
HUB15-HUB07,2024-05-10,2024-05-12,"[0.9, 2.6, 0.5]","[19.5, 12.7, 17.3]",2026-08-14 06:28:39.205714
HUB02-HUB16,2025-06-21,2025-06-22,"[8.4, 40.9]","[12.5, 14.4]",2026-08-14 06:28:39.205845
HUB01-HUB02,2023-04-14,2023-04-15,"[0.1, 0.0]","[7.7, 14.7]",2026-08-14 06:28:39.205973
HUB04-HUB05,2023-04-29,2023-05-02,"[0.9, 0.0, 1.4, 0.6]","[18.4, 9.1, 17.0, 10.3]",2026-08-14 06:28:39.206198
HUB05-HUB16,2024-03-10,2024-03-12,"[0.5, 0.0, 0.1]","[11.6, 21.3, 18.5]",2026-08-14 06:28:39.206350
HUB15-HUB17,2024-09-10,2024-09-12,"[23.4, 20.1, 0.2]","[14.4, 1.7, 8.7]",2026-08-14 06:28:39.206488
HUB05-HUB13,2024-11-17,2024-11-21,"[0.2, 0.1, 0.5, 0.4, 0.7]","[27.0, 13.6, 18.0, 18.2, 20.3]",2026-08-14 06:28:39.206654
HUB17-HUB01,2023-01-09,2023-01-12,"[1.6, 0.0, 1.1, 0.0]","[9.1, 21.5, 12.2, 13.9]",2026-08-14 06:28:39.206806
HUB18-HUB10,2025-01-21,2025-01-25,"[1.1, 9.1, 0.4, 0.0, 0.1]","[20.9, 10.4, 24.0, 19.1, 3.7]",2026-08-14 06:28:39.206967
HUB15-HUB09,2024-04-09,2024-04-11,"[0.0, 0.1, 7.3]","[20.3, 5.7, 10.5]",2026-08-14 06:28:39.207107
HUB09-HUB16,2025-10-22,2025-10-24,"[0.0, 0.6, 0.0]","[12.4, 15.6, 7.4]",2026-08-14 06:28:39.207278
HUB15-HUB04,2024-10-13,2024-10-16,"[0.0, 6.2, 0.1, 0.4]","[9.6, 26.4, 32.3, 19.1]",2026-08-14 06:28:39.207428
HUB03-HUB18,2023-05-31,2023-06-01,"[1.7, 9.4]","[15.8, 6.2]",2026-08-14 06:28:39.207555
HUB16-HUB17,2025-12-08,2025-12-11,"[0.8, 0.0, 1.0, 0.7]","[17.8, 21.3, 20.6, 42.5]",2026-08-14 06:28:39.207718
HUB07-HUB16,2024-02-18,2024-02-20,"[0.2, 0.1, 0.0]","[17.6, 8.9, 10.1]",2026-08-14 06:28:39.207856
HUB09-HUB18,2025-03-29,2025-03-31,"[0.1, 0.1, 0.0]","[19.8, 10.2, 6.5]",2026-08-14 06:28:39.207992
HUB17-HUB13,2023-03-29,2023-03-31,"[0.6, 1.3, 0.1]","[15.5, 14.4, 15.5]",2026-08-14 06:28:39.208144
HUB03-HUB02,2025-03-19,2025-03-20,"[0.0, 0.8]","[22.0, 19.1]",2026-08-14 06:28:39.208285
HUB02-HUB03,2025-02-25,2025-02-26,"[0.0, 0.7]","[23.9, 18.2]",2026-08-14 06:28:39.208411
HUB12-HUB16,2025-06-24,2025-06-27,"[5.5, 10.6, 16.1, 6.2]","[11.5, 6.7, 10.7, 15.8]",2026-08-14 06:28:39.208557
HUB18-HUB16,2023-04-08,2023-04-09,"[0.3, 0.4]","[8.4, 19.8]",2026-08-14 06:28:39.208696
HUB17-HUB02,2025-08-15,2025-08-18,"[5.0, 0.4, 13.7, 0.0]","[19.7, 18.3, 8.8, 18.2]",2026-08-14 06:28:39.208843
HUB18-HUB11,2023-07-08,2023-07-11,"[18.5, 67.7, 8.9, 0.0]","[21.3, 12.2, 18.4, 16.1]",2026-08-14 06:28:39.208992
HUB09-HUB17,2024-04-02,2024-04-04,"[0.7, 0.8, 0.5]","[3.6, 10.0, 0.1]",2026-08-14 06:28:39.209151
HUB12-HUB08,2024-08-17,2024-08-21,"[1.4, 10.6, 0.0, 0.1, 0.0]","[9.6, 18.7, 17.8, 17.0, 14.2]",2026-08-14 06:28:39.209323
HUB15-HUB17,2025-12-20,2025-12-22,"[0.8, 1.7, None]","[28.8, 11.8, 27.7]",2026-08-14 06:28:39.209462
HUB04-HUB05,2024-04-10,2024-04-13,"[0.0, None, 0.0, 0.2]","[10.7, 16.5, 13.9, 12.8]",2026-08-14 06:28:39.209622
HUB16-HUB15,2023-04-09,2023-04-10,"[0.8, 0.3]","[14.5, 11.3]",2026-08-14 06:28:39.209757
HUB16-HUB08,2025-01-22,2025-01-23,"[0.9, 0.4]","[10.4, 15.0]",2026-08-14 06:28:39.209881
HUB02-HUB01,2024-08-18,2024-08-19,"[18.7, 2.8]","[18.0, 16.4]",2026-08-14 06:28:39.210007
HUB09-HUB06,2024-06-17,2024-06-18,"[0.0, 7.6]","[17.9, 16.3]",2026-08-14 06:28:39.210197
HUB08-HUB05,2024-06-11,2024-06-12,"[0.6, 0.0]","[18.8, 14.6]",2026-08-14 06:28:39.210332
HUB15-HUB10,2023-07-26,2023-07-29,"[23.2, 8.4, 48.0, 0.4]","[1.5, 3.5, 10.3, 12.8]",2026-08-14 06:28:39.210481
HUB09-HUB10,2024-09-03,2024-09-05,"[21.4, 0.5, 0.8]","[24.1, 13.2, 32.0]",2026-08-14 06:28:39.210631
HUB17-HUB18,2024-07-07,2024-07-10,"[0.1, 0.3, 0.7, 1.4]","[15.2, 8.1, 11.5, 21.8]",2026-08-14 06:28:39.210780
HUB08-HUB09,2025-09-04,2025-09-05,"[7.8, 12.5]","[18.6, 13.3]",2026-08-14 06:28:39.210905
HUB09-HUB02,2023-01-09,2023-01-11,"[0.4, 0.3, 0.0]","[2.0, 6.9, 9.1]",2026-08-14 06:28:39.211041
HUB05-HUB08,2025-11-09,2025-11-10,"[0.0, 0.3]","[17.9, 12.4]",2026-08-14 06:28:39.211193
HUB16-HUB15,2023-08-07,2023-08-08,"[14.1, 1.0]","[14.1, 19.5]",2026-08-14 06:28:39.211326
HUB09-HUB13,2023-05-28,2023-05-31,"[0.7, 0.0, 0.0, 0.9]","[17.7, 17.4, 21.2, 20.5]",2026-08-14 06:28:39.211476
HUB09-HUB17,2025-03-17,2025-03-19,"[0.0, 0.0, 0.8]","[2.6, 4.9, 32.6]",2026-08-14 06:28:39.211622
HUB14-HUB03,2023-05-08,2023-05-10,"[0.8, 0.9, 0.1]","[14.9, 28.7, 28.6]",2026-08-14 06:28:39.211764
HUB14-HUB18,2023-04-21,2023-04-23,"[0.0, 0.8, 0.1]","[8.4, 7.6, 5.6]",2026-08-14 06:28:39.211903
HUB13-HUB12,2025-04-09,2025-04-10,"[0.2, 0.6]","[19.0, 29.3]",2026-08-14 06:28:39.212029
HUB03-HUB11,2024-09-16,2024-09-19,"[1.3, 0.1, 5.3, 0.9]","[9.9, 21.7, 25.5, 15.1]",2026-08-14 06:28:39.212223
HUB17-HUB03,2024-03-07,2024-03-10,"[1.0, 0.0, 0.0, 0.0]","[27.4, 7.7, 10.0, 14.7]",2026-08-14 06:28:39.212385
HUB15-HUB03,2024-09-07,2024-09-09,"[0.0, 0.8, 0.5]","[13.0, 22.7, 8.5]",2026-08-14 06:28:39.212523
HUB14-HUB05,2023-05-09,2023-05-12,"[0.2, 0.5, 0.6, 4.6]","[12.2, 16.9, 15.5, 16.0]",2026-08-14 06:28:39.212687
HUB10-HUB14,2023-03-23,2023-03-26,"[4.3, 0.1, 0.3, 0.7]","[20.8, 13.0, 15.0, 9.6]",2026-08-14 06:28:39.212834
HUB14-HUB11,2024-12-17,2024-12-18,"[0.6, 0.8]","[24.1, 19.8]",2026-08-14 06:28:39.212959
HUB13-HUB12,2025-10-03,2025-10-04,"[0.4, 19.5]","[27.0, 29.0]",2026-08-14 06:28:39.213082
HUB06-HUB13,2023-07-28,2023-08-01,"[11.9, 11.9, 0.0, 0.1, 25.1]","[17.8, 13.2, 14.4, 13.5, 9.3]",2026-08-14 06:28:39.213275
HUB09-HUB13,2025-09-12,2025-09-16,"[0.0, 0.1, 0.7, 0.3, 0.0]","[9.3, 15.4, 7.2, 11.9, 25.0]",2026-08-14 06:28:39.213437
HUB01-HUB05,2023-04-22,2023-04-25,"[0.9, 9.4, 1.3, 1.2]","[12.5, 17.1, 12.2, 12.7]",2026-08-14 06:28:39.213603
HUB01-HUB15,2024-02-20,2024-02-22,"[0.1, 0.4, 0.5]","[17.7, 6.9, 15.6]",2026-08-14 06:28:39.213749
HUB10-HUB06,2024-01-03,2024-01-06,"[0.0, 1.1, 0.8, 0.0]","[13.7, 15.9, 15.5, 10.5]",2026-08-14 06:28:39.213901
HUB14-HUB17,2025-12-13,2025-12-14,"[0.1, 0.7]","[14.0, 20.9]",2026-08-14 06:28:39.214028
HUB15-HUB14,2023-06-20,2023-06-22,"[0.9, 3.2, 0.0]","[16.7, 11.5, 17.3]",2026-08-14 06:28:39.214241
HUB15-HUB02,2024-06-26,2024-06-28,"[38.9, 0.0, 0.0]","[13.9, 20.0, 20.5]",2026-08-14 06:28:39.214383
HUB08-HUB11,2025-10-18,2025-10-21,"[0.5, 1.5, 0.1, 0.7]","[15.8, 26.3, 25.2, 19.0]",2026-08-14 06:28:39.214531
HUB10-HUB11,2024-07-15,2024-07-18,"[46.8, 7.0, 4.6, 28.0]","[20.0, 7.5, 2.2, 22.6]",2026-08-14 06:28:39.214696
HUB15-HUB06,2025-02-18,2025-02-20,"[0.3, 0.0, 0.0]","[14.3, 14.9, 14.7]",2026-08-14 06:28:39.214832
HUB01-HUB11,2023-03-14,2023-03-17,"[1.7, 0.6, 0.1, 0.0]","[6.9, 15.4, 4.3, 13.7]",2026-08-14 06:28:39.214976
HUB12-HUB10,2023-06-24,2023-06-27,"[2.1, None, 8.2, 0.5]","[5.1, 6.6, 4.6, 5.6]",2026-08-14 06:28:39.215122
HUB08-HUB13,2024-06-02,2024-06-06,"[0.0, 0.0, 15.8, 0.6, 0.2]","[16.2, 21.4, 15.0, 16.9, 15.1]",2026-08-14 06:28:39.215311
HUB06-HUB03,2025-11-22,2025-11-24,"[0.0, 0.7, 0.9]","[19.9, 23.7, 23.9]",2026-08-14 06:28:39.215451
HUB11-HUB06,2025-12-29,2026-01-02,"[0.0, 0.0, 0.0, 0.3, 0.2]","[13.9, 8.9, 14.1, 15.6, 15.0]",2026-08-14 06:28:39.215619
HUB07-HUB08,2024-03-16,2024-03-17,"[0.0, 0.4]","[15.7, 21.2]",2026-08-14 06:28:39.215750
HUB11-HUB09,2023-06-08,2023-06-11,"[0.1, 9.1, 10.4, 0.7]","[13.9, 12.3, 9.4, 15.4]",2026-08-14 06:28:39.215894
HUB13-HUB15,2023-06-10,2023-06-12,"[0.0, 17.3, 1.0]","[15.2, 22.8, 19.0]",2026-08-14 06:28:39.216032
HUB10-HUB14,2023-08-16,2023-08-18,"[1.9, 22.8, 1.0]","[13.1, 11.7, 14.6]",2026-08-14 06:28:39.216195
HUB11-HUB16,2024-11-29,2024-12-01,"[0.4, 0.0, 0.0]","[22.1, 13.6, 19.4]",2026-08-14 06:28:39.216341
HUB08-HUB05,2023-10-01,2023-10-02,"[0.0, 0.2]","[15.8, 16.2]",2026-08-14 06:28:39.216465
HUB02-HUB01,2023-03-22,2023-03-23,"[4.4, 0.5]","[14.8, 14.0]",2026-08-14 06:28:39.216602
HUB07-HUB01,2024-08-19,2024-08-22,"[32.8, 0.5, 1.5, 1.1]","[10.4, 20.3, 17.2, 15.9]",2026-08-14 06:28:39.216752
HUB10-HUB13,2025-02-06,2025-02-10,"[9.0, 0.1, 0.3, 0.8, 0.0]","[15.0, 9.9, 13.1, 11.2, 12.4]",2026-08-14 06:28:39.216911
HUB07-HUB14,2025-05-10,2025-05-14,"[0.5, 0.0, 0.0, 0.0, 2.2]","[15.4, 19.9, 15.9, 16.9, 11.5]",2026-08-14 06:28:39.217075
HUB01-HUB12,2024-11-14,2024-11-17,"[0.5, 0.9, 0.6, 1.0]","[22.5, 14.7, 19.8, 17.7]",2026-08-14 06:28:39.217264
HUB10-HUB15,2024-05-02,2024-05-05,"[0.1, 0.0, 0.0, 0.2]","[16.7, 22.5, 16.9, 27.3]",2026-08-14 06:28:39.217427
HUB10-HUB14,2024-02-21,2024-02-24,"[0.3, 0.0, 0.0, 0.0]","[11.2, 9.8, 9.1, 9.3]",2026-08-14 06:28:39.217582
HUB16-HUB15,2025-03-23,2025-03-24,"[0.0, 0.2]","[26.2, 18.6]",2026-08-14 06:28:39.217713
HUB17-HUB16,2023-02-05,2023-02-07,"[0.4, 0.0, 0.0]","[18.2, 17.6, 10.5]",2026-08-14 06:28:39.217850
HUB11-HUB12,2025-08-08,2025-08-09,"[83.9, 0.2]","[9.1, 19.8]",2026-08-14 06:28:39.217976
HUB02-HUB17,2024-05-25,2024-05-27,"[0.0, 10.0, 0.0]","[24.3, 23.3, 25.5]",2026-08-14 06:28:39.218184
HUB15-HUB03,2025-05-18,2025-05-20,"[0.7, 7.7, 0.0]","[14.3, 13.8, 14.6]",2026-08-14 06:28:39.218336
HUB09-HUB02,2025-09-01,2025-09-03,"[0.0, 16.6, 5.4]","[16.7, 13.4, 28.8]",2026-08-14 06:28:39.218474
HUB11-HUB09,2025-06-19,2025-06-22,"[1.1, 0.6, 15.5, 0.3]","[10.0, 16.6, 10.7, 12.4]",2026-08-14 06:28:39.218632
HUB14-HUB01,2024-05-12,2024-05-14,"[2.4, 4.4, 0.5]","[25.9, 13.3, 22.3]",2026-08-14 06:28:39.218777
HUB12-HUB11,2025-11-24,2025-11-25,"[0.0, 1.2]","[15.6, 31.4]",2026-08-14 06:28:39.218902
HUB08-HUB07,2025-11-11,2025-11-12,"[4.2, 0.6]","[10.8, 13.4]",2026-08-14 06:28:39.219027
HUB16-HUB07,2023-11-01,2023-11-03,"[6.9, 0.6, 13.9]","[12.8, 18.8, 17.0]",2026-08-14 06:28:39.219191
HUB07-HUB05,2023-11-16,2023-11-17,"[0.0, 0.0]","[16.1, 12.4]",2026-08-14 06:28:39.219326
HUB12-HUB18,2024-08-08,2024-08-11,"[1.3, 1.0, 37.6, 7.4]","[1.1, 10.8, 4.6, 5.2]",2026-08-14 06:28:39.219475
HUB11-HUB08,2023-04-21,2023-04-24,"[0.0, 0.0, 2.0, 0.4]","[13.8, 11.5, 17.1, 13.5]",2026-08-14 06:28:39.219638
HUB15-HUB16,2024-07-14,2024-07-15,"[0.2, 17.4]","[11.9, 22.2]",2026-08-14 06:28:39.219768
HUB16-HUB03,2023-10-13,2023-10-14,"[0.9, 0.0]","[14.5, 21.2]",2026-08-14 06:28:39.219892
HUB05-HUB02,2023-04-23,2023-04-26,"[5.4, 1.1, 1.5, 0.0]","[13.4, 2.5, 8.4, 10.0]",2026-08-14 06:28:39.220040
HUB16-HUB14,2025-04-05,2025-04-07,"[0.0, 0.0, 0.0]","[16.3, 7.5, 17.6]",2026-08-14 06:28:39.220206
HUB11-HUB14,2025-04-20,2025-04-21,"[0.7, 1.5]","[16.8, 15.0]",2026-08-14 06:28:39.220343
HUB05-HUB12,2024-12-24,2024-12-29,"[1.2, 1.6, 14.4, 0.9, 0.3, 0.7]","[14.0, 7.3, 5.9, 23.6, 16.3, 21.6]",2026-08-14 06:28:39.220511
HUB12-HUB07,2025-01-25,2025-01-30,"[0.1, 1.0, None, 0.0, 0.5, 0.3]","[12.5, 14.1, 11.3, 12.2, 14.3, 10.8]",2026-08-14 06:28:39.220687
HUB18-HUB08,2023-06-18,2023-06-20,"[1.1, 5.6, 1.4]","[10.1, 15.7, 12.0]",2026-08-14 06:28:39.220828
HUB12-HUB01,2023-04-27,2023-04-29,"[0.6, 0.0, 0.0]","[18.7, 7.2, 17.9]",2026-08-14 06:28:39.220965
HUB03-HUB13,2024-03-10,2024-03-13,"[0.0, 0.0, 0.4, 0.8]","[16.2, 20.1, 17.6, 12.6]",2026-08-14 06:28:39.221111
HUB09-HUB17,2023-02-27,2023-03-01,"[0.6, 1.1, 2.9]","[18.2, 1.4, 21.3]",2026-08-14 06:28:39.221285
HUB04-HUB07,2024-10-01,2024-10-03,"[0.8, 0.0, 0.8]","[17.4, 19.3, 13.2]",2026-08-14 06:28:39.221424
HUB05-HUB13,2023-06-25,2023-06-29,"[2.8, 0.0, 0.9, 1.1, 39.9]","[11.1, 16.5, 16.6, 11.6, 14.0]",2026-08-14 06:28:39.221588
HUB13-HUB11,2024-09-26,2024-09-27,"[0.0, 0.7]","[24.2, 10.2]",2026-08-14 06:28:39.221719
HUB03-HUB05,2024-03-10,2024-03-12,"[0.0, 0.3, 0.0]","[12.3, 13.6, 11.6]",2026-08-14 06:28:39.221875
HUB16-HUB09,2025-09-01,2025-09-03,"[5.5, 17.3, 1.6]","[12.4, 18.5, 16.6]",2026-08-14 06:28:39.222173
HUB17-HUB04,2025-09-17,2025-09-20,"[7.4, 0.0, 0.6, 6.8]","[15.6, 23.6, 17.5, 4.3]",2026-08-14 06:28:39.222372
HUB04-HUB06,2024-04-15,2024-04-17,"[0.5, 0.2, 1.0]","[21.0, 12.5, 13.9]",2026-08-14 06:28:39.222516
HUB06-HUB13,2024-07-01,2024-07-05,"[1.3, 0.0, 2.1, 12.6, 0.5]","[20.1, 8.3, 8.5, 23.0, 12.7]",2026-08-14 06:28:39.222690
HUB06-HUB02,2023-11-01,2023-11-04,"[0.1, 0.0, 1.5, 0.0]","[17.8, 19.9, 24.2, 23.8]",2026-08-14 06:28:39.222842
HUB01-HUB13,2024-11-05,2024-11-07,"[0.3, 0.2, 0.0]","[16.4, 20.9, 5.3]",2026-08-14 06:28:39.222977
HUB02-HUB06,2024-01-05,2024-01-07,"[0.0, 0.0, 1.3]","[18.0, 13.6, 11.1]",2026-08-14 06:28:39.223113
HUB14-HUB11,2024-10-15,2024-10-16,"[0.0, 0.9]","[3.2, 19.1]",2026-08-14 06:28:39.223287
HUB09-HUB04,2025-01-04,2025-01-07,"[0.0, 0.6, 0.0, 1.0]","[23.0, 3.3, 24.9, 6.9]",2026-08-14 06:28:39.223465
HUB05-HUB08,2025-04-29,2025-04-30,"[0.0, 0.0]","[11.8, 17.0]",2026-08-14 06:28:39.223614
HUB10-HUB06,2025-07-11,2025-07-14,"[1.5, 0.0, 0.5, 0.9]","[14.6, 10.6, 24.4, 19.6]",2026-08-14 06:28:39.223768
HUB05-HUB15,2024-10-25,2024-10-27,"[0.0, 0.0, 1.3]","[17.4, 18.6, 11.0]",2026-08-14 06:28:39.223905
HUB11-HUB18,2024-11-25,2024-11-28,"[0.8, 0.0, 0.0, 0.1]","[23.0, 23.2, 21.5, 16.9]",2026-08-14 06:28:39.224051
HUB04-HUB03,2023-01-26,2023-01-27,"[1.0, 0.0]","[9.0, 7.6]",2026-08-14 06:28:39.224202
HUB04-HUB13,2024-08-29,2024-09-01,"[23.5, 0.0, 15.3, 0.7]","[17.0, 9.5, 11.7, 23.6]",2026-08-14 06:28:39.224359
HUB16-HUB17,2023-04-26,2023-04-28,"[0.0, 0.4, 1.1]","[1.3, 20.9, 9.1]",2026-08-14 06:28:39.224503
HUB05-HUB07,2025-11-06,2025-11-07,"[0.1, 0.5]","[20.1, 9.1]",2026-08-14 06:28:39.224642
HUB06-HUB15,2024-12-26,2024-12-28,"[1.0, 0.8, 0.0]","[19.7, 22.2, 10.9]",2026-08-14 06:28:39.224780
HUB14-HUB13,2023-09-13,2023-09-14,"[0.1, 0.0]","[16.2, 18.2]",2026-08-14 06:28:39.224903
HUB08-HUB17,2023-07-21,2023-07-24,"[3.8, 0.2, 29.5, 7.2]","[16.4, 22.1, 16.2, 1.7]",2026-08-14 06:28:39.225048
HUB02-HUB05,2025-01-01,2025-01-03,"[0.0, 0.0, 0.2]","[8.6, 15.8, 15.7]",2026-08-14 06:28:39.225210
HUB14-HUB13,2023-05-23,2023-05-24,"[23.8, 0.0]","[15.5, 22.8]",2026-08-14 06:28:39.225344
HUB01-HUB10,2024-03-12,2024-03-15,"[0.3, 0.0, 0.0, 0.0]","[21.8, 34.4, 3.5, 11.5]",2026-08-14 06:28:39.225492
HUB09-HUB11,2025-06-10,2025-06-13,"[0.0, 0.2, 31.7, 0.8]","[13.5, 5.3, 6.3, 14.4]",2026-08-14 06:28:39.225658
HUB08-HUB13,2025-06-24,2025-06-28,"[0.1, 0.6, 28.8, 3.9, 0.4]","[5.8, 17.4, 5.5, 17.7, 13.0]",2026-08-14 06:28:39.225823
HUB12-HUB14,2024-10-26,2024-10-28,"[0.1, 0.4, 3.4]","[11.7, 17.4, 19.6]",2026-08-14 06:28:39.225964
HUB11-HUB18,2025-08-07,2025-08-10,"[0.0, 0.0, 0.3, 12.0]","[15.0, 4.8, 10.7, 16.7]",2026-08-14 06:28:39.226183
HUB11-HUB04,2024-02-27,2024-03-01,"[1.2, 0.8, 0.0, 0.4]","[26.1, 10.5, 16.9, 17.9]",2026-08-14 06:28:39.226345
HUB17-HUB10,2024-03-08,2024-03-10,"[0.0, 0.7, 0.2]","[0.0, 13.0, 11.7]",2026-08-14 06:28:39.226486
HUB11-HUB08,2023-10-14,2023-10-17,"[0.0, 0.0, 0.3, 0.7]","[16.1, 9.2, 15.0, 15.3]",2026-08-14 06:28:39.226646
HUB01-HUB14,2024-09-03,2024-09-04,"[1.3, 35.6]","[11.9, 12.2]",2026-08-14 06:28:39.226777
HUB02-HUB14,2023-04-21,2023-04-22,"[0.8, 2.5]","[19.1, 15.6]",2026-08-14 06:28:39.226904
HUB07-HUB15,2024-03-27,2024-03-30,"[0.5, 0.7, 1.5, 0.6]","[13.5, 14.0, 17.3, 16.0]",2026-08-14 06:28:39.227050
HUB01-HUB13,2023-11-02,2023-11-04,"[0.0, 0.3, 0.8]","[21.2, 15.7, 12.2]",2026-08-14 06:28:39.227216
HUB16-HUB07,2024-03-24,2024-03-26,"[1.4, 0.5, 0.6]","[18.7, 16.4, 13.4]",2026-08-14 06:28:39.227357
HUB14-HUB08,2023-11-05,2023-11-07,"[0.5, 1.3, 0.5]","[20.7, 9.6, 14.9]",2026-08-14 06:28:39.227493
HUB13-HUB09,2024-02-14,2024-02-18,"[0.4, 0.5, 0.6, 1.0, 0.7]","[14.6, 12.8, 10.6, 6.7, 9.5]",2026-08-14 06:28:39.227660
HUB13-HUB09,2024-02-29,2024-03-04,"[0.0, 0.7, 0.8, None, 0.0]","[11.8, 11.5, 13.8, 20.9, 11.7]",2026-08-14 06:28:39.227820
HUB12-HUB16,2024-10-13,2024-10-16,"[0.0, 0.0, 0.0, 0.0]","[14.0, 14.6, 13.5, 14.0]",2026-08-14 06:28:39.227975
HUB07-HUB14,2024-11-21,2024-11-25,"[0.4, 1.1, 1.9, 0.2, 0.4]","[20.9, 17.5, 16.7, 24.6, 16.3]",2026-08-14 06:28:39.228156
HUB01-HUB12,2024-07-11,2024-07-13,"[0.0, 0.0, 7.8]","[10.9, 16.2, 18.1]",2026-08-14 06:28:39.228309
HUB03-HUB11,2023-04-17,2023-04-20,"[1.0, 0.8, 0.4, 0.7]","[6.1, 31.1, 11.7, 8.8]",2026-08-14 06:28:39.228458
HUB09-HUB01,2025-06-10,2025-06-12,"[36.8, 22.8, 0.0]","[11.1, 18.4, 16.9]",2026-08-14 06:28:39.228607
HUB05-HUB06,2025-12-01,2025-12-02,"[1.2, 0.7]","[22.2, 8.7]",2026-08-14 06:28:39.228736
HUB18-HUB17,2025-08-30,2025-09-02,"[0.3, 0.3, 0.3, 1.1]","[20.6, 19.7, 25.0, 22.8]",2026-08-14 06:28:39.228883
HUB15-HUB10,2023-08-22,2023-08-24,"[84.1, 47.9, 0.7]","[13.4, 14.2, 31.9]",2026-08-14 06:28:39.229017
HUB13-HUB08,2025-01-19,2025-01-23,"[0.2, 0.7, 0.0, 0.6, 0.0]","[14.2, 17.4, 9.0, 15.8, 16.5]",2026-08-14 06:28:39.229207
HUB08-HUB11,2024-09-01,2024-09-04,"[11.4, 1.4, 4.3, 0.9]","[25.1, 17.7, 16.0, 13.7]",2026-08-14 06:28:39.229362
HUB15-HUB13,2024-10-20,2024-10-22,"[0.0, 1.0, 0.7]","[10.2, 15.3, 18.6]",2026-08-14 06:28:39.229498
HUB08-HUB11,2025-10-05,2025-10-09,"[0.5, 0.0, 9.9, 0.0, 0.3]","[16.5, 28.4, 20.5, 18.0, 15.1]",2026-08-14 06:28:39.229665
HUB10-HUB07,2023-10-22,2023-10-25,"[0.3, 0.0, 1.5, 0.0]","[10.8, 16.7, 10.6, 17.9]",2026-08-14 06:28:39.229813
HUB13-HUB11,2025-02-21,2025-02-22,"[14.4, 1.1]","[10.8, 19.7]",2026-08-14 06:28:39.229936
HUB07-HUB10,2023-11-15,2023-11-19,"[0.3, 0.0, 0.1, 0.0, 0.7]","[28.4, 25.5, 30.7, 34.3, 27.1]",2026-08-14 06:28:39.230152
HUB10-HUB03,2023-03-15,2023-03-18,"[2.2, 0.0, 0.0, 1.2]","[8.7, 12.1, 12.0, 13.9]",2026-08-14 06:28:39.230317
HUB06-HUB09,2024-03-08,2024-03-09,"[0.2, 0.0]","[13.9, 8.2]",2026-08-14 06:28:39.230443
HUB04-HUB14,2024-05-26,2024-05-29,"[5.0, 0.6, 0.0, 0.0]","[22.5, 7.9, 22.3, 12.2]",2026-08-14 06:28:39.230605
HUB15-HUB02,2024-11-15,2024-11-16,"[0.1, 0.1]","[5.4, 18.3]",2026-08-14 06:28:39.230736
HUB18-HUB17,2024-02-18,2024-02-20,"[0.0, 0.6, 0.0]","[1.3, 18.4, 25.8]",2026-08-14 06:28:39.230871
HUB09-HUB08,2024-07-05,2024-07-06,"[0.0, 0.0]","[16.4, 14.3]",2026-08-14 06:28:39.230994
HUB01-HUB15,2025-11-27,2025-11-29,"[0.0, 0.8, 0.3]","[12.2, 18.7, 6.7]",2026-08-14 06:28:39.231149
HUB06-HUB05,2025-11-11,2025-11-12,"[0.0, 0.5]","[18.2, 17.4]",2026-08-14 06:28:39.231290
HUB16-HUB03,2023-06-02,2023-06-03,"[0.6, 22.2]","[0.4, 8.3]",2026-08-14 06:28:39.231415
HUB12-HUB11,2025-09-04,2025-09-05,"[0.2, 0.2]","[17.8, 13.5]",2026-08-14 06:28:39.231541
HUB05-HUB04,2025-12-29,2026-01-01,"[0.9, 0.0, 0.0, 1.3]","[11.9, 16.6, 13.4, 3.9]",2026-08-14 06:28:39.231701
HUB18-HUB11,2024-12-31,2025-01-03,"[0.0, 4.8, 0.8, 0.1]","[18.0, 8.8, 5.3, 18.3]",2026-08-14 06:28:39.231851
HUB03-HUB05,2024-10-27,2024-10-29,"[0.0, 0.0, 0.6]","[14.8, 7.6, 12.8]",2026-08-14 06:28:39.231991
HUB08-HUB15,2025-09-30,2025-10-02,"[11.2, 0.3, 0.3]","[13.4, 16.7, 16.5]",2026-08-14 06:28:39.232147
HUB09-HUB04,2024-06-19,2024-06-22,"[11.8, 0.1, 1.3, 0.0]","[10.3, 12.6, 24.5, 10.9]",2026-08-14 06:28:39.232335
HUB03-HUB17,2023-02-11,2023-02-13,"[1.0, 0.6, 0.2]","[15.2, 32.2, 5.4]",2026-08-14 06:28:39.232475
HUB04-HUB13,2025-08-03,2025-08-06,"[16.2, 1.2, 0.7, 0.0]","[15.0, 6.5, 9.9, 6.1]",2026-08-14 06:28:39.232632
HUB12-HUB09,2025-11-27,2025-12-01,"[0.0, 0.5, 0.0, 0.1, 0.5]","[12.4, 8.9, 17.6, 22.0, 12.5]",2026-08-14 06:28:39.232793
HUB01-HUB06,2023-08-06,2023-08-09,"[14.8, 1.0, 1.3, 0.1]","[9.4, 18.6, 11.3, 7.7]",2026-08-14 06:28:39.232940
HUB08-HUB01,2025-08-06,2025-08-08,"[3.2, 1.2, 1.0]","[12.5, 19.1, 17.0]",2026-08-14 06:28:39.233075
HUB13-HUB10,2024-04-23,2024-04-27,"[0.0, 0.0, 0.0, 0.0, 0.4]","[8.3, 19.1, 27.6, 13.7, 15.7]",2026-08-14 06:28:39.233273
HUB11-HUB05,2023-11-14,2023-11-18,"[0.1, 0.0, 0.6, 0.0, 0.0]","[12.4, 16.2, 15.6, 8.5, 19.4]",2026-08-14 06:28:39.233436
HUB07-HUB08,2025-10-14,2025-10-15,"[1.7, 4.3]","[16.0, 13.8]",2026-08-14 06:28:39.233560
HUB18-HUB09,2024-03-18,2024-03-20,"[0.1, None, 0.3]","[10.7, 13.9, 15.8]",2026-08-14 06:28:39.233710
HUB09-HUB03,2023-01-24,2023-01-26,"[0.0, 1.1, 1.5]","[20.3, 10.0, 8.4]",2026-08-14 06:28:39.233847
HUB09-HUB07,2023-06-29,2023-07-01,"[0.4, 10.2, 12.3]","[15.2, 13.0, 6.3]",2026-08-14 06:28:39.233983
HUB12-HUB04,2023-06-13,2023-06-17,"[10.8, 1.2, 0.5, 0.6, 15.7]","[12.0, 3.9, 16.3, 27.9, 11.5]",2026-08-14 06:28:39.234210
HUB06-HUB09,2023-10-25,2023-10-26,"[0.0, 0.5]","[14.5, 19.3]",2026-08-14 06:28:39.234349
HUB07-HUB11,2023-02-03,2023-02-07,"[0.0, 0.0, 0.4, 1.5, 0.3]","[7.7, 6.0, 21.6, 3.2, 9.4]",2026-08-14 06:28:39.234505
HUB18-HUB16,2024-12-27,2024-12-28,"[0.8, 1.0]","[13.6, 14.7]",2026-08-14 06:28:39.234643
HUB04-HUB10,2024-05-31,2024-06-04,"[0.3, 0.0, 0.0, 0.7, 0.7]","[42.5, 16.3, 2.3, 10.4, 19.0]",2026-08-14 06:28:39.234802
HUB13-HUB01,2023-11-03,2023-11-05,"[0.3, 0.9, 0.3]","[21.0, 17.2, 14.0]",2026-08-14 06:28:39.234939
HUB15-HUB11,2023-11-07,2023-11-09,"[None, 0.3, 1.2]","[27.0, 31.6, 15.4]",2026-08-14 06:28:39.235075
HUB06-HUB04,2025-12-02,2025-12-04,"[0.5, 0.8, 0.2]","[23.4, 7.2, 12.4]",2026-08-14 06:28:39.235240
HUB06-HUB10,2023-02-16,2023-02-19,"[0.7, 0.0, 0.7, 0.2]","[20.7, 20.8, 15.5, 12.9]",2026-08-14 06:28:39.235390
HUB06-HUB18,2024-04-26,2024-04-28,"[1.3, 0.0, 0.0]","[7.8, 11.9, 12.9]",2026-08-14 06:28:39.235532
HUB08-HUB10,2024-03-29,2024-04-01,"[0.9, 0.5, 0.5, 8.0]","[24.2, 14.4, 1.0, 16.7]",2026-08-14 06:28:39.235694
HUB11-HUB09,2024-03-17,2024-03-20,"[0.8, 0.0, 0.0, 1.2]","[10.5, 14.2, 14.4, 11.4]",2026-08-14 06:28:39.235841
HUB14-HUB17,2023-08-23,2023-08-24,"[0.0, 1.5]","[5.4, 19.9]",2026-08-14 06:28:39.235966
HUB07-HUB15,2023-03-08,2023-03-11,"[1.0, 0.0, 6.5, 0.0]","[19.3, 23.2, 6.8, 14.1]",2026-08-14 06:28:39.236110
HUB09-HUB03,2024-09-09,2024-09-11,"[0.0, 0.0, 5.4]","[14.7, 12.3, 14.5]",2026-08-14 06:28:39.236280
HUB14-HUB04,2025-02-24,2025-02-27,"[0.0, 0.4, 0.0, 0.0]","[7.5, 10.5, 12.6, 23.6]",2026-08-14 06:28:39.236427
HUB01-HUB05,2024-12-14,2024-12-17,"[1.0, 0.6, 0.2, 1.0]","[14.3, 16.2, 14.3, 14.2]",2026-08-14 06:28:39.236577
HUB04-HUB08,2023-06-18,2023-06-20,"[0.0, 1.1, 8.8]","[16.1, 12.2, 16.0]",2026-08-14 06:28:39.236721
HUB03-HUB15,2023-08-13,2023-08-15,"[0.5, 9.6, 0.0]","[14.4, 0.9, 19.3]",2026-08-14 06:28:39.236858
HUB04-HUB15,2023-05-01,2023-05-03,"[0.0, 0.0, 1.6]","[22.0, 15.4, 10.5]",2026-08-14 06:28:39.236993
HUB16-HUB04,2023-12-12,2023-12-14,"[0.7, 1.1, 0.0]","[33.2, 16.0, 22.1]",2026-08-14 06:28:39.237143
HUB05-HUB18,2025-10-27,2025-10-30,"[0.3, 0.6, 0.8, 0.7]","[11.4, 14.2, 11.9, 17.9]",2026-08-14 06:28:39.237304
HUB18-HUB09,2023-05-11,2023-05-13,"[1.8, 0.7, 0.5]","[14.3, 10.9, 11.2]",2026-08-14 06:28:39.237447
HUB16-HUB05,2023-01-14,2023-01-16,"[0.0, 1.3, 0.3]","[13.9, 14.7, 10.4]",2026-08-14 06:28:39.237595
HUB07-HUB03,2025-07-02,2025-07-04,"[0.2, 8.3, 19.9]","[12.2, 19.1, 12.4]",2026-08-14 06:28:39.237736
HUB02-HUB15,2024-09-09,2024-09-11,"[10.9, 0.2, 0.5]","[4.1, 4.4, 14.7]",2026-08-14 06:28:39.237871
HUB05-HUB16,2024-01-28,2024-01-30,"[0.9, 0.0, 0.0]","[16.4, 11.7, 13.5]",2026-08-14 06:28:39.238006
HUB11-HUB01,2024-01-17,2024-01-20,"[1.5, 3.2, 0.9, 12.2]","[13.3, 14.0, 8.5, 13.5]",2026-08-14 06:28:39.238221
HUB09-HUB12,2025-11-29,2025-12-03,"[0.0, 0.0, 0.0, 0.6, 0.0]","[30.3, 15.4, 15.2, 22.4, 14.3]",2026-08-14 06:28:39.238398
HUB16-HUB14,2024-12-27,2024-12-29,"[0.0, 1.3, 0.8]","[19.0, 16.8, 17.8]",2026-08-14 06:28:39.238539
HUB07-HUB18,2024-04-06,2024-04-08,"[0.0, 0.0, 0.2]","[21.6, 26.1, 19.6]",2026-08-14 06:28:39.238692
HUB04-HUB16,2024-10-24,2024-10-26,"[0.8, 6.0, 0.2]","[10.5, 19.8, 20.2]",2026-08-14 06:28:39.238832
HUB13-HUB09,2025-05-11,2025-05-15,"[0.0, 0.0, 0.0, 0.0, 0.0]","[13.2, 14.6, 19.5, 15.7, 12.2]",2026-08-14 06:28:39.238988
HUB17-HUB06,2025-05-29,2025-06-01,"[0.5, 0.7, 0.9, 0.4]","[14.9, 12.8, 10.5, 18.9]",2026-08-14 06:28:39.239163
HUB11-HUB18,2025-03-16,2025-03-19,"[0.0, 0.6, 0.6, 0.5]","[28.8, 23.6, 12.4, 18.9]",2026-08-14 06:28:39.239320
HUB13-HUB14,2023-05-18,2023-05-19,"[0.4, 0.0]","[19.5, 17.3]",2026-08-14 06:28:39.239450
HUB11-HUB05,2024-08-13,2024-08-17,"[3.6, 0.0, 0.5, 0.0, 4.4]","[14.0, 12.8, 16.7, 10.7, 14.2]",2026-08-14 06:28:39.239621
HUB05-HUB18,2023-12-07,2023-12-10,"[0.5, 0.5, 0.9, 0.0]","[13.2, 15.2, 3.6, 10.9]",2026-08-14 06:28:39.239775
HUB10-HUB09,2024-04-25,2024-04-28,"[0.8, 1.6, 0.0, 0.0]","[5.0, 16.1, 18.2, 14.0]",2026-08-14 06:28:39.239926
HUB18-HUB12,2024-04-28,2024-05-01,"[0.5, 0.3, 0.6, 0.3]","[21.4, 9.3, 15.1, 34.9]",2026-08-14 06:28:39.240075
HUB18-HUB09,2025-04-13,2025-04-15,"[0.9, 0.4, 7.9]","[14.2, 12.2, 16.1]",2026-08-14 06:28:39.240245
HUB15-HUB11,2025-06-09,2025-06-11,"[0.9, 0.4, 10.3]","[15.3, 9.0, 19.0]",2026-08-14 06:28:39.240389
HUB10-HUB09,2023-11-16,2023-11-18,"[0.6, 0.8, 0.0]","[14.9, 13.3, 20.1]",2026-08-14 06:28:39.240529
HUB02-HUB08,2024-08-11,2024-08-13,"[13.3, 1.0, 0.4]","[12.6, 12.5, 17.3]",2026-08-14 06:28:39.240680
HUB08-HUB11,2023-09-26,2023-09-29,"[0.0, 0.0, 27.5, 8.8]","[11.7, 26.9, 4.9, 6.9]",2026-08-14 06:28:39.240826
HUB15-HUB04,2023-10-07,2023-10-10,"[0.2, 0.3, 1.3, 0.1]","[26.0, 9.7, 24.3, 28.1]",2026-08-14 06:28:39.240973
HUB17-HUB02,2023-02-09,2023-02-11,"[0.0, 0.0, 0.0]","[20.2, 13.4, 22.3]",2026-08-14 06:28:39.241109
HUB11-HUB05,2024-07-01,2024-07-04,"[0.0, 15.4, 4.9, 0.2]","[12.7, 14.4, 14.8, 17.5]",2026-08-14 06:28:39.241289
HUB01-HUB16,2025-04-27,2025-04-29,"[0.7, 0.4, 3.2]","[12.2, 17.3, 16.2]",2026-08-14 06:28:39.241433
HUB17-HUB03,2024-06-02,2024-06-04,"[0.7, 1.1, 0.0]","[17.6, 15.7, 16.2]",2026-08-14 06:28:39.241576
HUB16-HUB13,2025-11-02,2025-11-05,"[0.0, 0.0, 0.7, 0.4]","[8.7, 16.9, 24.8, 5.5]",2026-08-14 06:28:39.241728
HUB11-HUB02,2023-03-24,2023-03-26,"[2.1, 0.8, 0.0]","[12.3, 24.5, 16.3]",2026-08-14 06:28:39.241864
HUB08-HUB11,2024-11-02,2024-11-05,"[0.8, 0.0, 0.2, 1.4]","[27.1, 13.4, 29.2, 19.4]",2026-08-14 06:28:39.242008
HUB15-HUB16,2025-05-05,2025-05-06,"[0.8, 0.0]","[12.7, 12.3]",2026-08-14 06:28:39.242213
HUB06-HUB08,2024-03-20,2024-03-21,"[1.2, 0.4]","[9.7, 21.2]",2026-08-14 06:28:39.242349
HUB15-HUB04,2025-10-20,2025-10-23,"[4.5, 2.6, 0.2, 0.5]","[18.6, 25.2, 18.2, 33.0]",2026-08-14 06:28:39.242497
HUB06-HUB08,2025-06-16,2025-06-17,"[0.1, 0.2]","[11.8, 13.0]",2026-08-14 06:28:39.242637
HUB15-HUB16,2024-08-07,2024-08-08,"[61.5, 0.1]","[13.5, 6.8]",2026-08-14 06:28:39.242764
HUB13-HUB17,2025-01-20,2025-01-22,"[0.1, 0.7, 1.3]","[8.7, 18.7, 23.1]",2026-08-14 06:28:39.242898
HUB02-HUB17,2024-08-05,2024-08-08,"[0.9, 7.5, 11.0, 1.1]","[23.3, 11.8, 22.8, 16.9]",2026-08-14 06:28:39.243047
HUB01-HUB04,2024-01-08,2024-01-09,"[0.5, 0.5]","[8.9, 8.8]",2026-08-14 06:28:39.243202
HUB12-HUB08,2025-05-09,2025-05-12,"[0.0, 3.2, 0.4, 0.0]","[21.8, 16.8, 12.6, 9.8]",2026-08-14 06:28:39.243361
HUB09-HUB07,2024-06-08,2024-06-10,"[0.0, 0.0, 0.9]","[12.2, 13.6, 14.8]",2026-08-14 06:28:39.243497
HUB17-HUB06,2023-03-09,2023-03-12,"[0.9, 4.2, 0.4, 0.0]","[12.5, 13.3, 10.8, 13.6]",2026-08-14 06:28:39.243657
HUB15-HUB05,2025-11-24,2025-11-26,"[0.0, 4.6, 0.1]","[16.3, 20.1, 13.8]",2026-08-14 06:28:39.243798
HUB17-HUB15,2023-11-20,2023-11-22,"[0.0, 1.1, 7.5]","[18.4, 0.9, 14.0]",2026-08-14 06:28:39.243933
HUB04-HUB01,2025-08-11,2025-08-12,"[22.2, 10.1]","[10.6, 9.7]",2026-08-14 06:28:39.244055
HUB14-HUB18,2023-09-18,2023-09-20,"[0.8, 0.0, 9.8]","[20.9, 2.6, 4.4]",2026-08-14 06:28:39.244216
HUB08-HUB14,2023-12-22,2023-12-24,"[0.0, 0.0, 0.0]","[18.3, 20.9, 14.6]",2026-08-14 06:28:39.244358
HUB06-HUB03,2023-11-28,2023-11-30,"[0.0, 0.4, 0.2]","[13.5, 17.1, 13.8]",2026-08-14 06:28:39.244494
HUB07-HUB11,2023-06-17,2023-06-21,"[6.1, 0.0, 0.7, 0.1, 0.4]","[31.6, 5.9, 2.8, 18.2, 11.5]",2026-08-14 06:28:39.244662
HUB16-HUB07,2023-11-16,2023-11-18,"[0.3, 1.0, 0.0]","[13.5, 16.2, 18.2]",2026-08-14 06:28:39.244809
HUB10-HUB05,2023-06-21,2023-06-24,"[1.2, 6.4, 0.0, 3.9]","[9.5, 12.0, 21.3, 15.7]",2026-08-14 06:28:39.244956
HUB01-HUB14,2023-10-12,2023-10-14,"[0.0, 0.0, 0.8]","[13.5, 17.9, 18.5]",2026-08-14 06:28:39.245092
HUB09-HUB08,2024-03-04,2024-03-05,"[1.4, 0.2]","[10.3, 12.9]",2026-08-14 06:28:39.245246
HUB14-HUB01,2024-07-11,2024-07-13,"[15.8, 31.4, 10.3]","[15.0, 24.8, 5.7]",2026-08-14 06:28:39.245384
HUB14-HUB07,2025-10-07,2025-10-10,"[4.5, 0.5, 0.6, 0.0]","[15.5, 22.1, 16.0, 12.9]",2026-08-14 06:28:39.245531
HUB09-HUB07,2023-08-20,2023-08-22,"[0.0, 0.0, 11.8]","[13.8, 17.9, 10.1]",2026-08-14 06:28:39.245682
HUB15-HUB06,2023-04-27,2023-04-29,"[0.7, 0.6, 0.0]","[12.9, 17.3, 16.4]",2026-08-14 06:28:39.245824
HUB16-HUB03,2024-05-26,2024-05-27,"[0.3, 16.9]","[24.1, 7.3]",2026-08-14 06:28:39.245951
HUB02-HUB13,2025-03-05,2025-03-07,"[0.6, 1.1, 0.6]","[0.4, 8.0, 14.9]",2026-08-14 06:28:39.246125
HUB10-HUB15,2024-10-28,2024-10-31,"[0.0, 0.0, 0.3, 1.0]","[21.0, 16.2, 14.7, 16.7]",2026-08-14 06:28:39.246315
HUB16-HUB17,2024-05-09,2024-05-11,"[0.0, 0.4, 0.0]","[15.7, 14.1, 9.2]",2026-08-14 06:28:39.246455
HUB08-HUB05,2023-06-27,2023-06-28,"[25.6, 1.6]","[14.9, 14.2]",2026-08-14 06:28:39.246591
HUB18-HUB10,2024-01-24,2024-01-28,"[0.5, 0.0, 0.6, 0.3, 0.5]","[13.5, 40.7, 29.5, 15.4, 9.4]",2026-08-14 06:28:39.246753
HUB16-HUB12,2025-02-26,2025-03-01,"[0.5, 0.6, 0.0, 0.6]","[13.5, 21.8, 11.3, 21.9]",2026-08-14 06:28:39.246902
HUB04-HUB05,2025-03-27,2025-03-30,"[0.9, 1.0, 2.6, 5.9]","[19.7, 10.9, 14.8, 15.5]",2026-08-14 06:28:39.247047
HUB06-HUB11,2024-10-27,2024-10-31,"[0.2, 1.6, 0.0, 0.7, 0.7]","[29.1, 29.4, 23.6, 20.0, 17.2]",2026-08-14 06:28:39.247228
HUB08-HUB07,2025-10-22,2025-10-23,"[0.9, 0.3]","[17.4, 16.2]",2026-08-14 06:28:39.247361
HUB09-HUB17,2024-07-23,2024-07-25,"[0.7, 0.9, 1.1]","[6.3, 20.7, 12.1]",2026-08-14 06:28:39.247496
HUB13-HUB14,2024-02-11,2024-02-12,"[0.4, None]","[12.7, 12.7]",2026-08-14 06:28:39.247640
HUB16-HUB02,2023-03-04,2023-03-06,"[1.0, 0.6, 0.5]","[19.3, 15.7, 11.4]",2026-08-14 06:28:39.247778
HUB11-HUB05,2025-03-18,2025-03-21,"[0.3, 0.3, 0.1, 0.0]","[14.4, 16.0, 14.3, 15.0]",2026-08-14 06:28:39.247923
HUB01-HUB09,2024-11-11,2024-11-13,"[0.3, 0.7, 0.5]","[16.3, 8.0, 19.6]",2026-08-14 06:28:39.248058
HUB16-HUB01,2024-11-23,2024-11-25,"[1.4, 4.6, 0.2]","[20.9, 15.8, 20.1]",2026-08-14 06:28:39.248223
HUB07-HUB17,2024-04-22,2024-04-26,"[0.2, 12.7, 1.4, 0.0, 0.2]","[12.9, 19.0, 15.9, 12.7, 6.5]",2026-08-14 06:28:39.248387
HUB07-HUB17,2024-03-19,2024-03-22,"[1.0, None, 1.2, 0.3]","[5.0, 0.2, 16.0, 19.0]",2026-08-14 06:28:39.248586
HUB15-HUB10,2023-01-05,2023-01-08,"[0.3, 17.4, 0.5, 0.1]","[8.7, 27.4, 10.2, 6.4]",2026-08-14 06:28:39.248756
HUB15-HUB06,2024-11-07,2024-11-09,"[3.0, 0.0, 0.2]","[16.0, 16.6, 11.4]",2026-08-14 06:28:39.248897
HUB16-HUB18,2023-01-25,2023-01-26,"[1.4, 6.4]","[25.8, 16.2]",2026-08-14 06:28:39.249023
HUB17-HUB03,2023-07-07,2023-07-10,"[0.3, 10.6, 0.2, 21.7]","[9.4, 16.4, 21.5, 17.2]",2026-08-14 06:28:39.249203
HUB03-HUB05,2023-05-01,2023-05-03,"[0.9, 1.5, 0.0]","[16.4, 10.9, 15.7]",2026-08-14 06:28:39.249349
HUB04-HUB11,2024-11-22,2024-11-25,"[0.2, 2.1, 0.0, 1.6]","[14.3, 24.9, 14.7, 31.4]",2026-08-14 06:28:39.249497
HUB09-HUB13,2025-11-23,2025-11-26,"[1.3, 0.0, 0.5, 0.2]","[7.8, 18.3, 16.9, 8.1]",2026-08-14 06:28:39.249656
HUB18-HUB04,2025-02-06,2025-02-07,"[0.2, 0.3]","[10.2, 16.9]",2026-08-14 06:28:39.249786
HUB07-HUB15,2023-08-12,2023-08-14,"[11.9, 22.7, 0.5]","[12.9, 21.5, 8.7]",2026-08-14 06:28:39.249922
HUB07-HUB09,2023-08-21,2023-08-23,"[0.0, 0.9, 0.4]","[14.9, 18.4, 21.8]",2026-08-14 06:28:39.250091
HUB18-HUB09,2023-12-18,2023-12-20,"[0.6, 0.0, 0.5]","[13.8, 13.9, 13.0]",2026-08-14 06:28:39.250265
HUB18-HUB05,2023-05-11,2023-05-14,"[0.4, 0.1, 0.0, 0.0]","[20.6, 16.6, 12.9, 15.5]",2026-08-14 06:28:39.250417
HUB11-HUB05,2025-03-25,2025-03-28,"[1.6, 1.0, 1.1, 0.1]","[13.2, 10.5, 14.4, 10.2]",2026-08-14 06:28:39.250573
HUB11-HUB17,2025-08-12,2025-08-14,"[20.6, 0.0, 0.0]","[12.3, 18.2, 25.6]",2026-08-14 06:28:39.250718
HUB08-HUB02,2023-04-22,2023-04-24,"[0.7, 0.1, 0.0]","[7.3, 7.2, 20.9]",2026-08-14 06:28:39.250853
HUB15-HUB07,2025-09-25,2025-09-28,"[0.0, 0.5, 0.0, 0.8]","[13.2, 10.9, 15.9, 12.6]",2026-08-14 06:28:39.250997
HUB16-HUB13,2023-07-06,2023-07-09,"[0.7, 1.7, 1.6, 1.0]","[21.5, 23.3, 24.0, 13.4]",2026-08-14 06:28:39.251172
HUB05-HUB16,2025-12-07,2025-12-09,"[0.0, 0.6, 0.0]","[14.4, 17.1, 11.9]",2026-08-14 06:28:39.251319
HUB13-HUB03,2023-02-01,2023-02-04,"[0.8, 0.7, 0.2, 0.7]","[6.0, 17.1, 11.6, 21.9]",2026-08-14 06:28:39.251464
HUB10-HUB06,2025-05-15,2025-05-18,"[0.7, 0.6, 0.2, 0.5]","[14.4, 19.9, 20.0, 15.4]",2026-08-14 06:28:39.251621
HUB13-HUB03,2024-11-15,2024-11-18,"[0.2, 0.7, 0.4, None]","[24.1, 24.3, 25.9, 29.7]",2026-08-14 06:28:39.251772
HUB08-HUB18,2023-01-28,2023-01-30,"[0.7, 0.1, 1.0]","[25.9, 11.8, 8.5]",2026-08-14 06:28:39.251908
HUB12-HUB07,2023-10-17,2023-10-22,"[0.0, 0.8, 0.2, 3.0, 0.1, 0.0]","[9.3, 13.2, 16.3, 7.6, 18.6, 13.0]",2026-08-14 06:28:39.252074
HUB12-HUB14,2024-02-03,2024-02-05,"[0.0, 0.5, 0.0]","[15.8, 16.4, 13.6]",2026-08-14 06:28:39.252273
HUB08-HUB17,2023-12-20,2023-12-23,"[0.0, 0.8, 1.5, 0.0]","[33.4, 31.6, 14.8, 5.0]",2026-08-14 06:28:39.252433
HUB04-HUB16,2025-05-07,2025-05-09,"[1.1, 0.5, 0.4]","[19.5, 14.2, 13.3]",2026-08-14 06:28:39.252586
HUB02-HUB11,2023-11-23,2023-11-25,"[0.3, 2.1, 0.0]","[21.4, 9.8, 26.5]",2026-08-14 06:28:39.252732
HUB18-HUB04,2024-08-20,2024-08-21,"[0.0, 0.2]","[12.3, 12.1]",2026-08-14 06:28:39.252856
HUB12-HUB07,2025-05-28,2025-06-02,"[0.1, 5.0, 0.9, 0.3, 5.4, 0.1]","[15.3, 18.3, 11.5, 14.5, 15.3, 14.0]",2026-08-14 06:28:39.253031
HUB09-HUB17,2023-07-02,2023-07-04,"[32.7, 0.0, 25.4]","[1.8, 21.2, 10.2]",2026-08-14 06:28:39.253197
HUB08-HUB17,2023-09-22,2023-09-25,"[1.3, 1.2, 0.0, 2.7]","[10.0, 16.8, 16.7, 12.0]",2026-08-14 06:28:39.253356
HUB08-HUB07,2024-03-03,2024-03-04,"[0.1, 6.5]","[18.7, 18.9]",2026-08-14 06:28:39.253484
HUB09-HUB06,2025-04-25,2025-04-26,"[None, 1.6]","[13.6, 15.8]",2026-08-14 06:28:39.253619
HUB09-HUB10,2024-12-14,2024-12-17,"[0.6, 0.2, 0.7, 0.3]","[10.1, 24.7, 7.4, 27.3]",2026-08-14 06:28:39.253767
HUB17-HUB01,2023-06-08,2023-06-11,"[0.0, 14.0, 19.9, 0.4]","[5.9, 17.4, 17.1, 11.2]",2026-08-14 06:28:39.253914
HUB09-HUB12,2025-04-07,2025-04-10,"[0.3, 0.7, 2.0, 0.7]","[11.1, 30.3, 8.6, 13.3]",2026-08-14 06:28:39.254099
HUB13-HUB07,2023-11-26,2023-11-30,"[0.0, 0.2, 1.1, 1.6, 0.4]","[16.0, 13.8, 14.1, 13.6, 9.9]",2026-08-14 06:28:39.254304
HUB09-HUB17,2025-06-12,2025-06-14,"[25.6, 0.8, 0.3]","[13.7, 16.9, 17.0]",2026-08-14 06:28:39.254448
HUB15-HUB12,2024-07-22,2024-07-25,"[13.1, 8.0, 13.2, 6.7]","[22.5, 20.3, 2.5, 9.7]",2026-08-14 06:28:39.254608
HUB01-HUB06,2025-01-24,2025-01-27,"[0.4, 1.3, 0.0, 0.7]","[16.2, 17.1, 14.5, 19.1]",2026-08-14 06:28:39.254760
HUB14-HUB17,2023-06-08,2023-06-09,"[1.0, 0.0]","[0.8, 6.5]",2026-08-14 06:28:39.254884
HUB04-HUB14,2023-10-04,2023-10-07,"[0.6, 0.7, 1.3, 0.3]","[8.9, 9.9, 12.2, 14.3]",2026-08-14 06:28:39.255028
HUB08-HUB12,2023-09-08,2023-09-12,"[0.0, 8.3, 20.7, 0.4, 0.0]","[17.1, 5.8, 23.4, 34.1, 13.4]",2026-08-14 06:28:39.255213
HUB12-HUB11,2023-06-12,2023-06-13,"[0.3, 0.5]","[3.2, 3.9]",2026-08-14 06:28:39.255345
HUB11-HUB01,2023-09-16,2023-09-18,"[9.8, 0.0, 0.5]","[13.7, 12.7, 6.0]",2026-08-14 06:28:39.255480
HUB01-HUB04,2024-01-14,2024-01-15,"[0.0, 0.5]","[13.3, 4.5]",2026-08-14 06:28:39.255613
HUB10-HUB13,2025-03-02,2025-03-05,"[None, 1.1, 0.0, 0.2]","[16.3, 19.8, 12.8, 1.2]",2026-08-14 06:28:39.255762
HUB03-HUB06,2025-07-03,2025-07-05,"[0.6, 0.0, 0.8]","[8.1, 15.8, 16.4]",2026-08-14 06:28:39.255898
HUB05-HUB04,2023-11-26,2023-11-29,"[10.2, 0.1, 1.1, 0.1]","[12.2, 29.4, 16.2, 15.0]",2026-08-14 06:28:39.256042
HUB09-HUB17,2025-11-24,2025-11-26,"[0.0, 1.0, 0.3]","[37.6, 37.4, 15.6]",2026-08-14 06:28:39.256202
HUB12-HUB16,2023-05-19,2023-05-22,"[0.0, 0.2, 0.3, 1.2]","[14.6, 9.4, 21.8, 10.2]",2026-08-14 06:28:39.256368
HUB10-HUB01,2025-11-14,2025-11-17,"[0.0, 5.9, 0.0, 0.0]","[12.3, 23.0, 37.7, 17.8]",2026-08-14 06:28:39.256515
HUB07-HUB11,2023-08-26,2023-08-30,"[0.3, 0.0, 8.7, None, 0.5]","[4.2, 7.3, 14.1, 6.0, 11.9]",2026-08-14 06:28:39.256685
HUB02-HUB07,2024-02-28,2024-03-02,"[0.1, 1.1, 0.1, 1.4]","[16.1, 16.7, 9.3, 10.0]",2026-08-14 06:28:39.256836
HUB01-HUB10,2025-12-10,2025-12-14,"[0.8, 0.6, 0.0, 0.3, 0.0]","[34.1, 25.3, 19.9, 30.1, 15.5]",2026-08-14 06:28:39.256993
HUB09-HUB16,2025-11-18,2025-11-20,"[0.0, 0.0, 0.0]","[11.0, 17.9, 15.4]",2026-08-14 06:28:39.257145
HUB18-HUB12,2023-02-19,2023-02-22,"[0.4, 0.0, 0.9, 1.6]","[13.2, 13.5, 6.4, 8.8]",2026-08-14 06:28:39.257308
HUB15-HUB09,2023-04-25,2023-04-27,"[0.5, 8.0, 0.0]","[11.7, 17.9, 12.0]",2026-08-14 06:28:39.257447
HUB08-HUB02,2024-02-13,2024-02-15,"[0.4, 0.0, 20.4]","[11.1, 22.6, 15.6]",2026-08-14 06:28:39.257593
HUB04-HUB10,2024-12-07,2024-12-11,"[0.0, 0.0, 1.5, 0.4, 0.8]","[14.9, 28.2, 32.6, 13.4, 24.6]",2026-08-14 06:28:39.257756
HUB07-HUB12,2023-04-28,2023-05-03,"[None, 0.0, 0.8, 1.4, 0.0, 0.6]","[13.4, 31.8, 10.0, 25.7, 11.3, 19.2]",2026-08-14 06:28:39.257935
HUB09-HUB17,2025-01-31,2025-02-02,"[0.3, 0.1, 0.4]","[26.9, 18.5, 11.3]",2026-08-14 06:28:39.258117
HUB12-HUB03,2023-04-21,2023-04-24,"[0.0, 0.2, 0.7, 0.0]","[16.9, 13.9, 15.5, 13.7]",2026-08-14 06:28:39.258305
HUB10-HUB02,2024-01-16,2024-01-19,"[0.3, 0.6, 0.0, 1.8]","[14.5, 11.4, 9.4, 20.5]",2026-08-14 06:28:39.258454
HUB09-HUB10,2024-08-19,2024-08-22,"[27.3, 54.2, 0.2, 0.5]","[26.7, 16.7, 24.5, 1.2]",2026-08-14 06:28:39.258614
HUB12-HUB13,2024-01-25,2024-01-26,"[0.4, 0.0]","[8.2, 11.4]",2026-08-14 06:28:39.258743
HUB18-HUB15,2025-12-21,2025-12-23,"[2.1, 0.0, 0.8]","[19.3, 29.7, 22.1]",2026-08-14 06:28:39.258880
HUB08-HUB16,2023-11-27,2023-11-28,"[1.5, 0.0]","[8.0, 14.7]",2026-08-14 06:28:39.259006
HUB01-HUB03,2024-06-20,2024-06-21,"[0.0, 1.1]","[17.9, 2.1]",2026-08-14 06:28:39.259149
HUB16-HUB01,2023-03-07,2023-03-09,"[0.4, 0.2, 0.3]","[16.0, 14.8, 25.2]",2026-08-14 06:28:39.259300
HUB15-HUB08,2023-11-09,2023-11-11,"[0.0, 0.1, 3.6]","[12.1, 14.2, 9.8]",2026-08-14 06:28:39.259437
HUB11-HUB03,2025-12-06,2025-12-09,"[0.5, 0.2, 0.5, 0.4]","[34.8, 22.9, 16.2, 30.3]",2026-08-14 06:28:39.259592
HUB01-HUB12,2024-05-18,2024-05-20,"[0.6, 10.3, 0.7]","[25.5, 17.6, 13.6]",2026-08-14 06:28:39.259739
HUB17-HUB12,2024-06-30,2024-07-02,"[0.4, 54.1, 17.5]","[10.7, 11.0, 1.3]",2026-08-14 06:28:39.259876
HUB04-HUB12,2023-02-01,2023-02-05,"[0.8, 0.3, 0.8, 0.8, 0.6]","[25.8, 8.6, 8.5, 18.3, 2.4]",2026-08-14 06:28:39.260033
HUB18-HUB09,2023-08-09,2023-08-11,"[29.5, 0.0, 5.9]","[15.6, 9.8, 10.7]",2026-08-14 06:28:39.260198
HUB04-HUB03,2025-02-02,2025-02-03,"[0.0, 1.1]","[27.2, 13.9]",2026-08-14 06:28:39.260337
HUB01-HUB09,2025-09-25,2025-09-27,"[0.0, 1.1, 0.0]","[17.4, 13.0, 10.6]",2026-08-14 06:28:39.260473
HUB07-HUB06,2023-10-08,2023-10-09,"[0.4, 0.1]","[16.8, 18.8]",2026-08-14 06:28:39.260607
HUB09-HUB15,2024-07-31,2024-08-02,"[32.8, 20.3, 11.7]","[0.9, 19.3, 1.4]",2026-08-14 06:28:39.260748
HUB16-HUB01,2024-10-13,2024-10-14,"[0.5, 0.9]","[19.5, 20.8]",2026-08-14 06:28:39.260872
HUB01-HUB12,2025-06-27,2025-06-29,"[26.0, 36.7, 3.9]","[25.9, 1.1, 11.3]",2026-08-14 06:28:39.261005
HUB05-HUB15,2023-04-14,2023-04-16,"[0.3, 0.0, 0.0]","[18.2, 14.5, 16.6]",2026-08-14 06:28:39.261167
HUB12-HUB04,2024-08-24,2024-08-28,"[None, 40.0, 0.8, 0.0, None]","[5.2, 4.8, 9.5, 14.0, 25.1]",2026-08-14 06:28:39.261338
HUB10-HUB15,2023-11-19,2023-11-22,"[0.0, 0.8, 0.4, 0.2]","[18.5, 17.2, 11.3, 22.0]",2026-08-14 06:28:39.261487
HUB16-HUB15,2023-03-10,2023-03-11,"[0.0, 6.3]","[3.0, 15.7]",2026-08-14 06:28:39.261623
HUB09-HUB10,2025-07-24,2025-07-26,"[32.4, 22.0, 0.0]","[6.3, 12.2, 26.0]",2026-08-14 06:28:39.261764
HUB12-HUB04,2025-05-21,2025-05-25,"[0.9, 0.0, 1.5, 1.5, 0.6]","[20.1, 15.1, 18.8, 20.5, 24.9]",2026-08-14 06:28:39.261925
HUB05-HUB18,2023-03-04,2023-03-06,"[0.0, 0.5, 0.0]","[21.7, 15.2, 15.3]",2026-08-14 06:28:39.262170
HUB08-HUB01,2023-10-07,2023-10-09,"[0.5, 5.9, 0.7]","[16.8, 5.8, 16.7]",2026-08-14 06:28:39.262454
HUB09-HUB02,2024-12-19,2024-12-21,"[0.3, 0.8, 0.6]","[4.7, 17.7, 11.2]",2026-08-14 06:28:39.262640
HUB11-HUB04,2024-10-08,2024-10-11,"[1.0, 0.9, 0.2, 0.0]","[24.5, 24.8, 21.0, 16.8]",2026-08-14 06:28:39.262805
HUB16-HUB12,2023-03-15,2023-03-19,"[0.0, 0.0, 0.0, 0.0, 0.0]","[24.2, 5.9, 18.0, 18.1, 5.4]",2026-08-14 06:28:39.262969
HUB06-HUB02,2025-03-17,2025-03-19,"[0.0, 1.4, 0.8]","[9.1, 12.9, 12.6]",2026-08-14 06:28:39.263110
HUB13-HUB04,2023-02-08,2023-02-11,"[0.6, 0.4, 0.3, 0.1]","[22.5, 20.0, 12.5, 17.3]",2026-08-14 06:28:39.263297
HUB04-HUB06,2023-08-03,2023-08-05,"[0.1, 1.0, 0.9]","[18.4, 19.3, 19.9]",2026-08-14 06:28:39.263435
HUB08-HUB07,2025-05-01,2025-05-02,"[0.0, 0.7]","[14.7, 10.8]",2026-08-14 06:28:39.263573
HUB02-HUB18,2025-06-09,2025-06-10,"[0.0, 0.8]","[23.6, 28.9]",2026-08-14 06:28:39.263708
HUB05-HUB01,2025-02-12,2025-02-14,"[1.0, 0.0, 0.6]","[4.5, 11.4, 15.1]",2026-08-14 06:28:39.263846
HUB15-HUB14,2024-01-17,2024-01-19,"[0.4, 0.5, 0.4]","[15.2, 11.4, 17.8]",2026-08-14 06:28:39.263984
HUB10-HUB03,2023-11-05,2023-11-09,"[1.2, 0.0, 1.2, 0.0, 0.5]","[23.5, 7.8, 26.7, 11.3, 9.0]",2026-08-14 06:28:39.264167
HUB17-HUB02,2023-11-04,2023-11-07,"[0.5, 8.4, 0.3, 0.0]","[16.7, 21.2, 15.3, 27.3]",2026-08-14 06:28:39.264329
HUB05-HUB07,2023-01-14,2023-01-15,"[0.5, 0.7]","[13.0, 14.4]",2026-08-14 06:28:39.264457
HUB08-HUB01,2023-08-31,2023-09-02,"[1.1, 36.7, 50.6]","[11.5, 21.7, 17.7]",2026-08-14 06:28:39.264605
HUB03-HUB11,2025-03-01,2025-03-04,"[0.0, 0.0, 0.0, 0.5]","[9.9, 13.0, 21.6, 9.2]",2026-08-14 06:28:39.264761
HUB06-HUB04,2025-08-24,2025-08-26,"[0.1, 0.0, 0.0]","[13.5, 19.8, 15.0]",2026-08-14 06:28:39.264902
HUB01-HUB09,2025-07-27,2025-07-30,"[7.4, 6.0, 17.0, 60.1]","[13.2, 10.9, 20.3, 13.9]",2026-08-14 06:28:39.265051
HUB04-HUB06,2025-02-03,2025-02-05,"[None, 0.1, 0.5]","[21.2, 8.9, 12.4]",2026-08-14 06:28:39.265217
HUB01-HUB18,2025-06-19,2025-06-20,"[14.3, 9.8]","[21.9, 0.4]",2026-08-14 06:28:39.265350
HUB13-HUB16,2025-06-17,2025-06-20,"[0.5, 0.4, None, 1.0]","[20.4, 14.0, 15.7, 13.0]",2026-08-14 06:28:39.265497
HUB18-HUB15,2025-09-01,2025-09-03,"[0.5, 0.6, 29.6]","[16.2, 16.2, 19.4]",2026-08-14 06:28:39.265646
HUB01-HUB17,2023-03-26,2023-03-29,"[0.0, 0.0, 1.2, 0.5]","[13.8, 19.3, 15.7, 18.4]",2026-08-14 06:28:39.265794
HUB07-HUB01,2023-06-05,2023-06-08,"[0.4, 7.8, 0.0, 22.6]","[19.6, 14.4, 11.9, 14.9]",2026-08-14 06:28:39.265940
HUB16-HUB03,2024-09-16,2024-09-17,"[0.8, 0.0]","[12.6, 11.3]",2026-08-14 06:28:39.266169
HUB01-HUB13,2023-05-30,2023-06-01,"[8.3, 0.0, 0.0]","[20.7, 10.5, 19.1]",2026-08-14 06:28:39.266383
HUB13-HUB04,2025-10-23,2025-10-26,"[0.9, 0.0, 0.3, 0.2]","[32.4, 19.6, 14.0, 17.4]",2026-08-14 06:28:39.266543
HUB11-HUB17,2023-03-26,2023-03-28,"[0.0, 0.3, 0.6]","[5.4, 17.5, 13.6]",2026-08-14 06:28:39.266701
HUB15-HUB16,2024-01-10,2024-01-11,"[0.4, 0.0]","[11.1, 14.6]",2026-08-14 06:28:39.266830
HUB09-HUB10,2024-10-14,2024-10-16,"[1.0, 0.0, 0.2]","[24.8, 21.1, 17.2]",2026-08-14 06:28:39.266967
HUB02-HUB11,2025-02-13,2025-02-15,"[0.0, 0.3, 0.8]","[18.3, 16.2, 17.5]",2026-08-14 06:28:39.267103
HUB11-HUB18,2023-04-02,2023-04-05,"[0.7, 0.7, 0.3, 0.0]","[17.5, 10.3, 10.7, 10.4]",2026-08-14 06:28:39.267293
HUB18-HUB07,2025-09-09,2025-09-11,"[0.2, 0.2, 2.9]","[12.6, 15.1, 11.2]",2026-08-14 06:28:39.267432
HUB10-HUB01,2024-09-23,2024-09-26,"[0.2, 0.0, 11.1, 0.0]","[10.7, 11.2, 16.6, 13.9]",2026-08-14 06:28:39.267584
HUB01-HUB08,2024-06-03,2024-06-05,"[1.4, 0.7, 1.7]","[17.3, 12.2, 19.2]",2026-08-14 06:28:39.267727
HUB02-HUB17,2025-08-12,2025-08-15,"[12.6, 0.0, 0.0, 0.0]","[19.8, 2.6, 13.5, 8.8]",2026-08-14 06:28:39.267873
HUB09-HUB10,2025-06-20,2025-06-23,"[8.6, 0.7, 1.1, 22.0]","[10.3, 14.3, 20.5, 9.2]",2026-08-14 06:28:39.268018
HUB14-HUB13,2023-06-30,2023-07-01,"[0.1, 0.0]","[26.7, 15.7]",2026-08-14 06:28:39.268170
HUB04-HUB11,2024-05-05,2024-05-08,"[0.1, 0.1, 0.0, 0.0]","[27.5, 37.3, 23.1, 22.1]",2026-08-14 06:28:39.268335
HUB07-HUB09,2023-10-28,2023-10-30,"[0.3, 0.7, 0.2]","[15.7, 18.0, 16.0]",2026-08-14 06:28:39.268472
HUB18-HUB07,2023-09-26,2023-09-28,"[0.0, 0.9, 0.0]","[7.6, 15.2, 22.7]",2026-08-14 06:28:39.268619
HUB18-HUB05,2024-02-20,2024-02-23,"[0.0, 0.9, 0.7, 1.4]","[15.2, 9.6, 17.5, 13.6]",2026-08-14 06:28:39.268773
HUB17-HUB10,2024-02-19,2024-02-21,"[0.6, 0.1, 0.0]","[13.3, 14.3, 19.2]",2026-08-14 06:28:39.268908
HUB11-HUB10,2023-03-21,2023-03-24,"[0.0, 0.0, None, 2.7]","[27.3, 12.6, 1.7, 6.3]",2026-08-14 06:28:39.269054
HUB17-HUB13,2023-01-12,2023-01-14,"[1.2, 0.0, 0.0]","[17.4, 8.1, 17.0]",2026-08-14 06:28:39.269215
HUB09-HUB13,2023-08-23,2023-08-26,"[25.9, 1.6, 0.0, 0.0]","[11.3, 15.4, 11.9, 20.6]",2026-08-14 06:28:39.269370
HUB18-HUB11,2024-05-07,2024-05-10,"[4.4, 0.9, 0.5, 0.3]","[23.3, 34.9, 27.4, 18.7]",2026-08-14 06:28:39.269525
HUB07-HUB05,2024-11-03,2024-11-04,"[0.0, 0.2]","[16.8, 17.1]",2026-08-14 06:28:39.269664
HUB17-HUB08,2024-11-20,2024-11-23,"[0.7, 0.9, 0.9, None]","[18.6, 8.4, 12.0, 16.9]",2026-08-14 06:28:39.269808
HUB10-HUB15,2025-02-03,2025-02-06,"[0.0, 0.3, 0.6, None]","[7.3, 10.5, 10.0, 17.7]",2026-08-14 06:28:39.269954
HUB17-HUB07,2025-10-02,2025-10-05,"[0.4, 0.7, 1.6, 0.4]","[15.5, 10.9, 15.2, 7.5]",2026-08-14 06:28:39.270172
HUB09-HUB16,2024-05-02,2024-05-04,"[0.0, 0.8, 0.6]","[8.1, 11.8, 17.0]",2026-08-14 06:28:39.270329
HUB16-HUB11,2025-04-08,2025-04-10,"[0.5, 0.0, 0.7]","[18.2, 12.6, 21.1]",2026-08-14 06:28:39.270467
HUB10-HUB12,2025-11-25,2025-11-28,"[0.7, 0.1, 1.4, 0.0]","[29.4, 33.5, 21.9, 15.9]",2026-08-14 06:28:39.270624
HUB15-HUB10,2025-09-11,2025-09-14,"[2.1, 1.4, 31.9, 6.3]","[15.6, 14.2, 13.0, 3.0]",2026-08-14 06:28:39.270776
HUB18-HUB10,2025-05-29,2025-06-02,"[1.7, 6.5, None, 0.6, 0.3]","[20.4, 10.6, 17.1, 29.9, 7.7]",2026-08-14 06:28:39.270935
HUB02-HUB07,2025-09-08,2025-09-11,"[0.9, 0.0, 0.0, 0.9]","[20.8, 12.3, 14.8, 10.5]",2026-08-14 06:28:39.271080
HUB08-HUB17,2025-01-28,2025-01-31,"[0.4, 0.3, 0.7, 0.6]","[12.0, 22.3, 12.9, 27.9]",2026-08-14 06:28:39.271259
HUB01-HUB09,2023-01-28,2023-01-30,"[0.9, 0.0, 0.0]","[17.4, 6.8, 14.0]",2026-08-14 06:28:39.271398
HUB06-HUB07,2023-11-10,2023-11-11,"[0.3, 3.5]","[17.4, 8.9]",2026-08-14 06:28:39.271522
HUB01-HUB06,2024-04-04,2024-04-07,"[0.0, 0.8, 0.0, 0.0]","[14.8, 15.8, 13.0, 15.2]",2026-08-14 06:28:39.271685
HUB08-HUB12,2024-02-05,2024-02-08,"[0.0, 0.3, 1.6, 0.9]","[9.7, 16.4, 9.5, 4.1]",2026-08-14 06:28:39.271833
HUB07-HUB01,2023-12-13,2023-12-16,"[0.0, 0.4, 1.4, 1.3]","[15.6, 21.4, 15.2, 18.9]",2026-08-14 06:28:39.271978
HUB01-HUB09,2023-12-18,2023-12-20,"[0.0, 0.1, 0.0]","[12.4, 15.7, 15.9]",2026-08-14 06:28:39.272112
HUB07-HUB18,2024-06-02,2024-06-04,"[0.4, 0.8, 0.0]","[6.3, 20.2, 17.9]",2026-08-14 06:28:39.272312
HUB09-HUB06,2023-02-19,2023-02-20,"[0.8, 0.0]","[8.7, 11.1]",2026-08-14 06:28:39.272449
HUB01-HUB02,2023-10-02,2023-10-03,"[1.4, 1.4]","[18.3, 19.4]",2026-08-14 06:28:39.272582
HUB17-HUB15,2024-07-23,2024-07-25,"[36.8, 39.3, 31.9]","[15.5, 8.0, 21.1]",2026-08-14 06:28:39.272726
HUB06-HUB16,2025-10-17,2025-10-19,"[7.6, None, 0.3]","[13.3, 9.9, 12.4]",2026-08-14 06:28:39.272861
HUB04-HUB05,2023-07-12,2023-07-15,"[1.5, 18.5, 0.2, 0.3]","[17.4, 14.2, 14.6, 10.2]",2026-08-14 06:28:39.273004
HUB01-HUB15,2025-11-20,2025-11-22,"[0.0, 0.0, 0.0]","[10.8, 10.9, 18.0]",2026-08-14 06:28:39.273157
HUB02-HUB12,2025-11-29,2025-12-02,"[0.3, 6.4, None, 0.0]","[27.7, 20.2, 34.8, 27.4]",2026-08-14 06:28:39.273313
HUB13-HUB07,2023-02-14,2023-02-19,"[0.0, 0.7, 1.0, 0.0, 0.7, 1.4]","[17.4, 13.1, 12.6, 11.9, 13.0, 16.8]",2026-08-14 06:28:39.273476
HUB01-HUB05,2025-03-18,2025-03-20,"[0.2, 0.0, 0.4]","[15.7, 9.4, 13.9]",2026-08-14 06:28:39.273618
HUB02-HUB16,2025-02-01,2025-02-03,"[0.3, 0.0, 0.3]","[15.1, 12.7, 9.0]",2026-08-14 06:28:39.273754
HUB12-HUB11,2024-09-07,2024-09-08,"[1.1, 0.6]","[15.4, 4.8]",2026-08-14 06:28:39.273874
HUB07-HUB15,2024-03-18,2024-03-21,"[1.3, 0.2, 0.4, 1.8]","[11.6, 9.9, 10.4, 13.2]",2026-08-14 06:28:39.274015
HUB14-HUB12,2025-04-15,2025-04-17,"[0.5, 0.6, 0.7]","[11.1, 9.7, 14.0]",2026-08-14 06:28:39.274221
HUB13-HUB01,2025-06-30,2025-07-02,"[5.0, 15.0, 0.7]","[14.4, 13.1, 20.1]",2026-08-14 06:28:39.274363
HUB13-HUB09,2024-12-07,2024-12-11,"[0.1, 0.4, 0.9, 0.7, 0.8]","[11.9, 10.4, 14.3, 21.7, 14.1]",2026-08-14 06:28:39.274515
HUB02-HUB16,2025-01-06,2025-01-08,"[0.0, 0.0, None]","[18.0, 13.7, 20.1]",2026-08-14 06:28:39.274659
HUB12-HUB08,2025-05-09,2025-05-13,"[0.0, 0.3, 0.1, 0.0, 0.8]","[13.0, 11.9, 15.2, 16.9, 4.3]",2026-08-14 06:28:39.274821
HUB17-HUB06,2023-02-26,2023-03-01,"[0.3, 0.0, 0.4, 0.7]","[16.0, 8.1, 22.0, 11.4]",2026-08-14 06:28:39.274965
HUB15-HUB09,2025-09-11,2025-09-13,"[0.8, 1.5, 1.9]","[18.5, 12.9, 17.3]",2026-08-14 06:28:39.275097
HUB17-HUB18,2025-01-25,2025-01-28,"[0.1, 0.0, 0.0, 0.0]","[20.9, 13.7, 13.8, 11.6]",2026-08-14 06:28:39.275271
HUB16-HUB10,2025-07-15,2025-07-18,"[24.5, 1.1, 30.8, 0.6]","[23.3, 7.0, 22.7, 11.3]",2026-08-14 06:28:39.275417
HUB17-HUB12,2023-11-23,2023-11-25,"[0.0, 0.8, 0.0]","[9.0, 30.7, 25.3]",2026-08-14 06:28:39.275550
HUB07-HUB10,2023-04-09,2023-04-13,"[0.2, 0.0, 0.3, 1.5, 0.9]","[6.6, 17.4, 28.7, 11.3, 2.3]",2026-08-14 06:28:39.275720
HUB05-HUB01,2024-07-15,2024-07-18,"[51.6, 21.9, 0.0, 22.4]","[17.1, 15.5, 16.7, 7.8]",2026-08-14 06:28:39.275870
HUB11-HUB03,2025-02-10,2025-02-13,"[0.0, 0.1, 1.1, 0.0]","[13.5, 11.1, 12.9, 9.5]",2026-08-14 06:28:39.276013
HUB04-HUB18,2023-10-28,2023-10-29,"[0.0, 0.0]","[16.5, 12.9]",2026-08-14 06:28:39.276154
HUB12-HUB11,2023-10-05,2023-10-06,"[0.5, 0.0]","[24.4, 16.3]",2026-08-14 06:28:39.276292
HUB18-HUB03,2023-11-22,2023-11-23,"[0.0, 0.0]","[21.1, 21.4]",2026-08-14 06:28:39.276413
HUB07-HUB14,2023-03-02,2023-03-06,"[0.9, 1.0, 0.2, 1.6, 0.8]","[15.7, 11.8, 21.6, 14.2, 9.0]",2026-08-14 06:28:39.276573
HUB07-HUB06,2023-07-02,2023-07-03,"[0.1, 16.6]","[14.1, 12.0]",2026-08-14 06:28:39.276702
HUB12-HUB14,2025-04-07,2025-04-09,"[6.8, 0.5, 0.5]","[21.7, 19.2, 14.6]",2026-08-14 06:28:39.276838
HUB11-HUB17,2024-06-23,2024-06-25,"[0.0, 0.7, 1.9]","[12.2, 6.4, 12.4]",2026-08-14 06:28:39.276969
HUB12-HUB17,2023-01-14,2023-01-16,"[0.0, 1.2, 1.0]","[33.2, 10.7, 11.1]",2026-08-14 06:28:39.277099
HUB08-HUB16,2023-03-31,2023-04-01,"[1.1, 0.0]","[10.2, 12.9]",2026-08-14 06:28:39.277252
HUB01-HUB08,2023-04-08,2023-04-10,"[0.5, 0.7, 1.0]","[14.0, 10.6, 7.6]",2026-08-14 06:28:39.277391
HUB05-HUB17,2023-06-11,2023-06-15,"[13.6, 0.0, 0.4, 0.2, 0.6]","[8.1, 7.8, 22.8, 3.8, 10.1]",2026-08-14 06:28:39.277547
HUB02-HUB10,2023-05-27,2023-05-30,"[6.0, 0.2, 0.7, 16.6]","[17.5, 22.1, 38.9, 30.3]",2026-08-14 06:28:39.277716
HUB03-HUB16,2023-12-02,2023-12-03,"[1.3, 0.8]","[14.1, 17.9]",2026-08-14 06:28:39.277846
HUB14-HUB15,2025-09-28,2025-09-29,"[10.3, 0.3]","[3.4, 11.4]",2026-08-14 06:28:39.277973
HUB02-HUB17,2023-10-14,2023-10-17,"[15.2, 0.0, 0.0, 0.7]","[25.3, 9.1, 17.9, 35.7]",2026-08-14 06:28:39.278190
HUB02-HUB03,2023-11-08,2023-11-10,"[0.0, 0.0, 1.1]","[33.5, 19.0, 12.9]",2026-08-14 06:28:39.278345
HUB04-HUB09,2025-04-14,2025-04-17,"[0.0, 0.3, 1.0, 0.0]","[10.8, 12.4, 14.1, 17.5]",2026-08-14 06:28:39.278498
HUB10-HUB09,2025-07-22,2025-07-24,"[15.1, 0.3, 22.4]","[8.2, 14.5, 13.3]",2026-08-14 06:28:39.278653
HUB01-HUB08,2024-01-19,2024-01-21,"[0.0, 0.5, 0.0]","[19.3, 14.2, 8.7]",2026-08-14 06:28:39.278791
HUB01-HUB09,2023-01-10,2023-01-12,"[0.0, 1.4, 0.0]","[11.3, 14.2, 11.5]",2026-08-14 06:28:39.278925
HUB17-HUB07,2024-10-15,2024-10-18,"[1.4, 0.0, 0.0, 1.4]","[7.4, 13.1, 23.1, 17.7]",2026-08-14 06:28:39.279069
HUB15-HUB12,2024-07-24,2024-07-27,"[5.8, 48.7, 32.9, 32.5]","[1.7, 25.0, 14.6, 7.5]",2026-08-14 06:28:39.279245
HUB04-HUB09,2024-02-04,2024-02-07,"[0.0, 0.3, 0.8, 0.2]","[13.6, 15.8, 8.7, 17.9]",2026-08-14 06:28:39.279396
HUB10-HUB13,2023-11-29,2023-12-02,"[0.3, 0.4, 0.5, 0.0]","[17.9, 15.5, 22.6, 23.1]",2026-08-14 06:28:39.279541
HUB14-HUB02,2025-09-02,2025-09-03,"[0.3, None]","[21.2, 16.1]",2026-08-14 06:28:39.279679
HUB04-HUB16,2025-03-24,2025-03-26,"[0.0, 1.0, 1.4]","[11.4, 10.6, 10.1]",2026-08-14 06:28:39.279815
HUB10-HUB16,2025-01-16,2025-01-19,"[0.0, 0.9, 0.4, 1.6]","[14.5, 13.1, 13.1, 17.0]",2026-08-14 06:28:39.279958
HUB16-HUB04,2024-12-17,2024-12-19,"[0.8, 1.0, None]","[18.1, 19.6, 16.4]",2026-08-14 06:28:39.280233
HUB01-HUB14,2025-04-24,2025-04-26,"[0.7, 0.5, 0.0]","[14.8, 21.7, 13.8]",2026-08-14 06:28:39.280455
HUB03-HUB08,2024-08-25,2024-08-27,"[1.4, 2.7, 0.0]","[7.7, 8.4, 11.2]",2026-08-14 06:28:39.280622
HUB16-HUB09,2025-11-09,2025-11-11,"[0.7, 0.2, 1.3]","[17.6, 8.8, 9.2]",2026-08-14 06:28:39.280768
HUB17-HUB12,2025-01-19,2025-01-21,"[0.0, 0.1, None]","[24.1, 6.2, 13.1]",2026-08-14 06:28:39.280905
HUB13-HUB10,2025-10-22,2025-10-25,"[0.9, 0.0, 0.8, 0.8]","[23.4, 21.3, 13.9, 17.6]",2026-08-14 06:28:39.281053
HUB18-HUB11,2025-12-18,2025-12-21,"[0.0, 0.4, 0.0, 0.7]","[23.7, 40.2, 27.9, 20.4]",2026-08-14 06:28:39.281235
HUB14-HUB15,2025-02-09,2025-02-10,"[0.8, 0.1]","[15.1, 21.5]",2026-08-14 06:28:39.281368
HUB12-HUB04,2023-06-14,2023-06-18,"[14.0, 13.4, 0.0, 0.8, 0.3]","[15.3, 19.4, 13.6, 19.6, 9.5]",2026-08-14 06:28:39.281528
HUB01-HUB03,2024-02-09,2024-02-10,"[0.5, 0.0]","[12.4, 11.5]",2026-08-14 06:28:39.281670
HUB16-HUB11,2025-01-25,2025-01-27,"[0.0, 0.6, 1.0]","[11.1, 16.8, 12.8]",2026-08-14 06:28:39.281807
HUB06-HUB11,2024-11-10,2024-11-14,"[0.0, 0.0, 0.0, 1.4, 0.0]","[19.4, 7.1, 13.6, 16.8, 19.3]",2026-08-14 06:28:39.281964
HUB15-HUB16,2023-12-28,2023-12-29,"[0.0, 0.0]","[13.1, 14.8]",2026-08-14 06:28:39.282153
HUB01-HUB06,2024-02-16,2024-02-19,"[0.5, 0.2, 0.0, 0.1]","[15.5, 15.4, 10.6, 16.0]",2026-08-14 06:28:39.282327
HUB09-HUB03,2025-12-03,2025-12-05,"[1.4, 0.8, 1.6]","[20.3, 29.9, 14.1]",2026-08-14 06:28:39.282464
HUB12-HUB05,2024-07-11,2024-07-16,"[24.9, 9.1, 0.3, 0.0, 0.5, 0.5]","[14.0, 20.2, 12.8, 19.5, 13.6, 11.4]",2026-08-14 06:28:39.282646
HUB03-HUB04,2023-12-08,2023-12-09,"[0.5, 0.1]","[18.6, 22.7]",2026-08-14 06:28:39.282780
HUB07-HUB09,2025-01-20,2025-01-22,"[0.0, 0.0, 0.3]","[7.6, 12.0, 14.9]",2026-08-14 06:28:39.282916
HUB02-HUB04,2023-05-13,2023-05-15,"[0.0, 1.5, 1.7]","[19.5, 21.5, 22.4]",2026-08-14 06:28:39.283055
HUB09-HUB03,2023-08-16,2023-08-18,"[0.3, 0.8, 28.0]","[18.6, 13.9, 16.6]",2026-08-14 06:28:39.283222
HUB02-HUB12,2025-04-30,2025-05-02,"[0.0, 1.4, 0.5]","[20.8, 15.7, 17.1]",2026-08-14 06:28:39.283368
HUB05-HUB02,2025-12-21,2025-12-24,"[0.2, 0.8, 0.0, 0.4]","[8.6, 18.4, 20.8, 9.8]",2026-08-14 06:28:39.283513
HUB10-HUB17,2023-05-15,2023-05-17,"[0.0, 0.7, 0.6]","[17.0, 1.9, 16.0]",2026-08-14 06:28:39.283666
HUB09-HUB12,2025-08-02,2025-08-06,"[22.2, 0.7, 0.4, 18.0, 5.1]","[12.9, 22.6, 11.0, 11.1, 12.1]",2026-08-14 06:28:39.283826
HUB01-HUB08,2025-03-07,2025-03-09,"[0.8, None, 1.3]","[15.1, 6.3, 15.5]",2026-08-14 06:28:39.283995
HUB15-HUB03,2023-06-29,2023-07-01,"[0.8, 13.1, 4.4]","[1.4, 12.6, 6.9]",2026-08-14 06:28:39.284189
HUB09-HUB16,2025-08-21,2025-08-23,"[5.0, 0.2, 8.6]","[15.3, 11.5, 18.0]",2026-08-14 06:28:39.284346
HUB06-HUB17,2025-10-26,2025-10-29,"[0.0, 0.7, 7.6, 0.9]","[9.7, 27.3, 21.5, 23.0]",2026-08-14 06:28:39.284498
HUB06-HUB08,2025-03-24,2025-03-25,"[0.7, 0.4]","[13.7, 14.3]",2026-08-14 06:28:39.284639
HUB02-HUB17,2025-03-20,2025-03-23,"[1.2, 0.0, 0.0, 0.0]","[8.1, 16.1, 14.1, 20.1]",2026-08-14 06:28:39.284788
HUB16-HUB15,2023-05-24,2023-05-25,"[0.0, 1.1]","[27.5, 16.8]",2026-08-14 06:28:39.284915
HUB14-HUB12,2024-08-06,2024-08-08,"[40.9, 16.0, 7.7]","[7.0, 7.9, 0.6]",2026-08-14 06:28:39.285051
HUB02-HUB15,2023-02-10,2023-02-12,"[3.9, 0.0, 1.0]","[21.9, 20.3, 7.7]",2026-08-14 06:28:39.285216
HUB16-HUB17,2025-01-07,2025-01-09,"[0.3, 0.5, 0.0]","[23.8, 21.8, 13.4]",2026-08-14 06:28:39.285360
HUB13-HUB12,2025-11-03,2025-11-04,"[0.5, 0.2]","[24.0, 23.6]",2026-08-14 06:28:39.285486
HUB13-HUB05,2025-11-16,2025-11-20,"[0.0, 0.0, 1.3, 0.5, 0.0]","[11.5, 16.2, 14.9, 15.9, 15.7]",2026-08-14 06:28:39.285651
HUB02-HUB05,2023-02-08,2023-02-11,"[0.7, 0.6, 0.0, 0.3]","[13.9, 13.6, 16.6, 13.9]",2026-08-14 06:28:39.285801
HUB06-HUB05,2025-12-24,2025-12-25,"[1.0, 1.6]","[9.9, 7.4]",2026-08-14 06:28:39.285925
HUB10-HUB01,2023-06-02,2023-06-06,"[9.8, 0.0, 0.8, 0.9, 0.3]","[15.3, 23.3, 11.1, 8.1, 16.8]",2026-08-14 06:28:39.286149
HUB13-HUB14,2023-02-24,2023-02-25,"[None, 0.3]","[22.8, 15.8]",2026-08-14 06:28:39.286302
HUB07-HUB04,2023-01-31,2023-02-02,"[0.5, 0.3, 0.0]","[28.3, 21.4, 16.8]",2026-08-14 06:28:39.286443
HUB15-HUB10,2024-09-26,2024-09-29,"[0.6, 31.5, 1.6, 0.9]","[10.4, 10.2, 12.3, 8.1]",2026-08-14 06:28:39.286601
HUB10-HUB06,2024-05-22,2024-05-25,"[0.4, 1.0, 3.4, 1.3]","[14.3, 12.6, 18.7, 14.5]",2026-08-14 06:28:39.286757
HUB16-HUB15,2023-11-04,2023-11-05,"[0.0, 0.0]","[6.5, 25.4]",2026-08-14 06:28:39.286882
HUB02-HUB14,2025-10-08,2025-10-09,"[0.2, 0.0]","[25.2, 18.2]",2026-08-14 06:28:39.287006
HUB06-HUB09,2024-10-26,2024-10-27,"[7.5, 0.1]","[15.0, 15.9]",2026-08-14 06:28:39.287150
HUB10-HUB13,2025-03-24,2025-03-28,"[0.4, 0.0, 0.0, 0.1, 0.0]","[5.5, 13.2, 22.0, 20.2, 13.6]",2026-08-14 06:28:39.287320
HUB15-HUB02,2023-05-17,2023-05-18,"[0.0, 33.7]","[16.5, 10.6]",2026-08-14 06:28:39.287451
HUB10-HUB04,2024-09-30,2024-10-04,"[0.0, 0.9, 1.1, None, 2.3]","[23.5, 19.8, 31.1, 20.3, 18.1]",2026-08-14 06:28:39.287620
HUB06-HUB03,2023-01-15,2023-01-17,"[0.4, 0.4, 1.2]","[7.8, 24.8, 21.0]",2026-08-14 06:28:39.287763
HUB16-HUB01,2024-02-12,2024-02-14,"[1.0, 0.0, 0.0]","[21.9, 11.2, 22.9]",2026-08-14 06:28:39.287899
HUB01-HUB06,2025-06-19,2025-06-22,"[0.3, 0.0, 0.5, 0.0]","[8.9, 11.4, 16.9, 9.6]",2026-08-14 06:28:39.288043
HUB02-HUB03,2025-08-03,2025-08-04,"[4.2, 0.3]","[9.3, 27.8]",2026-08-14 06:28:39.288194
HUB07-HUB06,2025-03-02,2025-03-03,"[0.6, 0.0]","[8.4, 18.6]",2026-08-14 06:28:39.288326
HUB03-HUB17,2023-01-08,2023-01-10,"[6.7, 0.0, 0.7]","[10.8, 16.3, 19.1]",2026-08-14 06:28:39.288461
HUB06-HUB15,2023-10-29,2023-10-31,"[0.3, 0.0, 0.7]","[10.0, 16.4, 19.1]",2026-08-14 06:28:39.288607
HUB18-HUB13,2024-05-30,2024-06-01,"[0.6, 0.0, 0.8]","[12.1, 21.6, 14.4]",2026-08-14 06:28:39.288749
HUB08-HUB10,2023-11-05,2023-11-08,"[1.0, 12.7, 0.0, 0.8]","[20.8, 27.3, 29.2, 18.1]",2026-08-14 06:28:39.288897
HUB09-HUB17,2023-12-19,2023-12-21,"[0.7, 0.6, 1.4]","[8.0, 17.1, 26.1]",2026-08-14 06:28:39.289030
HUB08-HUB13,2025-06-15,2025-06-19,"[0.0, 0.1, 0.0, 8.1, 0.6]","[16.2, 21.0, 15.3, 17.4, 13.6]",2026-08-14 06:28:39.289212
HUB13-HUB10,2025-03-09,2025-03-13,"[0.8, 0.6, 0.4, 0.0, 0.0]","[6.5, 6.9, 8.8, 27.6, 27.5]",2026-08-14 06:28:39.289376
HUB07-HUB04,2025-09-18,2025-09-20,"[0.0, 1.3, 0.1]","[21.6, 2.1, 12.7]",2026-08-14 06:28:39.289511
HUB06-HUB01,2025-07-13,2025-07-16,"[1.4, 4.3, 5.6, 1.1]","[22.9, 26.4, 10.4, 13.2]",2026-08-14 06:28:39.289668
HUB01-HUB17,2024-03-27,2024-03-30,"[0.0, 0.4, 0.3, 1.5]","[1.1, 23.6, 23.5, 29.2]",2026-08-14 06:28:39.289816
HUB12-HUB15,2025-03-16,2025-03-19,"[0.0, 0.9, 1.1, 1.5]","[19.2, 13.1, 3.3, 20.0]",2026-08-14 06:28:39.289962
HUB15-HUB02,2024-11-08,2024-11-10,"[0.0, 0.0, 7.1]","[26.3, 14.2, 17.5]",2026-08-14 06:28:39.290156
HUB08-HUB18,2025-08-27,2025-08-28,"[0.0, 0.2]","[10.5, 4.6]",2026-08-14 06:28:39.290295
HUB06-HUB11,2024-04-07,2024-04-10,"[0.3, 0.5, 4.7, 0.8]","[30.3, 6.7, 31.1, 22.0]",2026-08-14 06:28:39.290447
HUB15-HUB10,2024-12-25,2024-12-27,"[0.0, None, 0.0]","[31.3, 13.4, 15.5]",2026-08-14 06:28:39.290596
HUB18-HUB07,2024-10-26,2024-10-28,"[1.2, 0.3, 1.4]","[14.8, 19.3, 16.5]",2026-08-14 06:28:39.290736
HUB08-HUB02,2024-11-13,2024-11-15,"[0.4, 1.2, 0.2]","[11.4, 14.0, 22.3]",2026-08-14 06:28:39.290873
HUB04-HUB14,2025-02-07,2025-02-10,"[0.0, 0.3, 0.1, 0.2]","[16.0, 11.8, 11.8, 6.9]",2026-08-14 06:28:39.291018
HUB13-HUB12,2024-09-22,2024-09-23,"[0.6, 0.0]","[14.6, 24.9]",2026-08-14 06:28:39.291169
HUB12-HUB04,2024-04-10,2024-04-13,"[0.1, 0.1, 1.4, 0.6]","[1.1, 24.4, 17.4, 22.0]",2026-08-14 06:28:39.291327
HUB06-HUB14,2023-09-29,2023-10-02,"[0.9, 0.7, 1.0, 3.6]","[12.3, 10.8, 5.5, 14.2]",2026-08-14 06:28:39.291477
HUB15-HUB11,2023-09-03,2023-09-05,"[0.0, 0.6, 0.3]","[3.7, 14.0, 5.5]",2026-08-14 06:28:39.291623
HUB04-HUB15,2024-11-02,2024-11-04,"[0.2, 0.0, 0.4]","[21.7, 9.3, 11.6]",2026-08-14 06:28:39.291762
HUB01-HUB15,2025-11-13,2025-11-15,"[0.0, 0.3, 0.0]","[16.5, 13.2, 12.1]",2026-08-14 06:28:39.291897
HUB04-HUB14,2025-11-26,2025-11-29,"[1.4, 0.2, 0.1, 0.0]","[17.7, 18.4, 15.7, 17.7]",2026-08-14 06:28:39.292041
HUB14-HUB12,2025-01-06,2025-01-08,"[0.0, 0.5, 0.0]","[20.4, 25.1, 4.1]",2026-08-14 06:28:39.292224
HUB11-HUB18,2024-03-11,2024-03-14,"[0.1, 0.0, 0.4, 0.0]","[8.7, 13.8, 11.7, 6.8]",2026-08-14 06:28:39.292382
HUB13-HUB06,2023-12-21,2023-12-24,"[0.6, 0.2, 0.0, 1.0]","[20.4, 12.7, 13.6, 10.0]",2026-08-14 06:28:39.292527
HUB09-HUB07,2025-05-18,2025-05-20,"[0.0, 0.9, 1.3]","[13.5, 4.3, 9.7]",2026-08-14 06:28:39.292681
HUB03-HUB17,2023-10-28,2023-10-31,"[0.0, 0.7, 0.7, 0.7]","[10.1, 29.6, 21.3, 27.6]",2026-08-14 06:28:39.292831
HUB13-HUB14,2025-01-17,2025-01-18,"[0.8, 0.2]","[12.9, 11.2]",2026-08-14 06:28:39.292960
HUB13-HUB14,2023-03-14,2023-03-15,"[0.0, 0.0]","[5.0, 16.6]",2026-08-14 06:28:39.293083
HUB16-HUB13,2024-03-20,2024-03-22,"[0.9, 0.4, 0.0]","[13.1, 17.2, 18.5]",2026-08-14 06:28:39.293256
HUB03-HUB06,2023-06-03,2023-06-05,"[0.6, 0.2, 0.7]","[12.7, 13.4, 15.0]",2026-08-14 06:28:39.293397
HUB01-HUB07,2025-11-13,2025-11-16,"[0.2, 0.1, 1.1, 0.0]","[13.4, 13.6, 13.6, 14.9]",2026-08-14 06:28:39.293545
HUB06-HUB01,2024-02-20,2024-02-23,"[0.9, 0.0, 0.9, 0.0]","[13.4, 7.9, 7.7, 17.2]",2026-08-14 06:28:39.293705
HUB15-HUB17,2025-02-13,2025-02-15,"[0.2, 5.3, 1.3]","[19.0, 20.0, 10.6]",2026-08-14 06:28:39.293843
HUB02-HUB07,2023-02-10,2023-02-13,"[0.0, 0.0, 1.8, 0.3]","[13.1, 21.3, 11.4, 13.0]",2026-08-14 06:28:39.293987
HUB16-HUB05,2023-02-05,2023-02-07,"[0.0, 0.0, 0.9]","[12.8, 10.2, 9.2]",2026-08-14 06:28:39.294192
HUB18-HUB11,2025-01-12,2025-01-15,"[16.0, 0.0, 1.0, 0.8]","[14.7, 10.8, 21.2, 17.7]",2026-08-14 06:28:39.294351
HUB13-HUB11,2025-03-02,2025-03-03,"[0.5, 0.0]","[15.5, 24.5]",2026-08-14 06:28:39.294476
HUB18-HUB09,2024-08-11,2024-08-13,"[16.2, 33.8, 0.4]","[18.3, 10.4, 20.4]",2026-08-14 06:28:39.294619
HUB13-HUB08,2023-05-02,2023-05-06,"[0.2, 1.1, 0.1, 0.0, 0.1]","[13.9, 12.2, 13.9, 14.1, 15.5]",2026-08-14 06:28:39.294790
HUB02-HUB05,2024-04-02,2024-04-05,"[1.1, 0.0, 0.0, 0.5]","[13.4, 13.6, 14.7, 14.2]",2026-08-14 06:28:39.294942
HUB17-HUB06,2024-08-03,2024-08-06,"[1.2, 0.0, 1.2, 0.4]","[20.8, 13.9, 19.2, 18.4]",2026-08-14 06:28:39.295085
HUB15-HUB17,2023-12-30,2024-01-01,"[0.3, 0.0, 0.0]","[24.7, 14.2, 25.1]",2026-08-14 06:28:39.295256
HUB17-HUB03,2025-09-26,2025-09-29,"[0.0, 0.0, 0.0, 5.5]","[18.8, 9.1, 22.2, 21.8]",2026-08-14 06:28:39.295404
HUB03-HUB11,2024-05-11,2024-05-14,"[0.5, 0.7, 0.0, 1.3]","[14.4, 25.7, 14.5, 14.9]",2026-08-14 06:28:39.295554
HUB07-HUB01,2025-01-09,2025-01-12,"[1.1, 0.3, 0.3, 0.0]","[15.9, 16.4, 23.3, 11.7]",2026-08-14 06:28:39.295716
HUB04-HUB09,2023-05-08,2023-05-11,"[1.0, 0.0, 0.0, 0.9]","[11.2, 16.1, 15.8, 12.8]",2026-08-14 06:28:39.295871
HUB12-HUB05,2024-08-04,2024-08-08,"[0.7, 27.4, 0.0, 5.5, 2.7]","[18.6, 10.9, 11.1, 11.8, 19.9]",2026-08-14 06:28:39.296029
HUB12-HUB17,2024-11-14,2024-11-16,"[None, 0.0, 0.0]","[23.8, 8.0, 11.3]",2026-08-14 06:28:39.296195
HUB10-HUB13,2024-01-23,2024-01-26,"[0.0, 0.4, 0.7, 1.4]","[18.1, 17.4, 16.0, 17.1]",2026-08-14 06:28:39.296350
HUB03-HUB17,2024-08-19,2024-08-21,"[14.0, 0.1, 9.4]","[18.4, 18.6, 0.6]",2026-08-14 06:28:39.296487
HUB02-HUB09,2025-01-09,2025-01-11,"[0.0, 0.7, 0.0]","[15.5, 12.9, 11.4]",2026-08-14 06:28:39.296645
HUB18-HUB08,2023-06-10,2023-06-11,"[3.6, 1.0]","[12.2, 14.0]",2026-08-14 06:28:39.296775
HUB05-HUB14,2025-03-31,2025-04-03,"[0.0, 1.3, 0.9, 0.8]","[20.4, 14.4, 6.7, 14.0]",2026-08-14 06:28:39.296925
HUB18-HUB05,2025-06-06,2025-06-08,"[1.4, 0.3, 0.3]","[10.2, 11.4, 11.9]",2026-08-14 06:28:39.297065
HUB10-HUB18,2024-08-09,2024-08-13,"[0.1, 0.6, 0.5, 47.8, 0.5]","[12.9, 24.7, 12.3, 1.0, 24.4]",2026-08-14 06:28:39.297256
HUB01-HUB11,2024-09-28,2024-10-01,"[3.8, 12.5, 0.0, 0.2]","[5.2, 40.0, 5.5, 14.6]",2026-08-14 06:28:39.297411
HUB09-HUB03,2024-09-07,2024-09-09,"[0.1, 0.8, 17.9]","[16.0, 3.8, 12.4]",2026-08-14 06:28:39.297584
HUB16-HUB11,2024-01-26,2024-01-28,"[0.8, 0.4, 0.2]","[14.8, 15.3, 13.2]",2026-08-14 06:28:39.297733
HUB11-HUB07,2024-06-12,2024-06-16,"[3.2, 3.3, 3.2, 0.0, 0.3]","[8.5, 11.5, 19.4, 14.6, 16.9]",2026-08-14 06:28:39.297891
HUB18-HUB15,2024-08-10,2024-08-12,"[40.6, 0.0, 1.2]","[10.5, 6.2, 3.6]",2026-08-14 06:28:39.298029
HUB15-HUB04,2023-05-21,2023-05-23,"[0.4, 0.3, 1.0]","[20.4, 33.8, 24.7]",2026-08-14 06:28:39.298237
HUB16-HUB13,2024-06-21,2024-06-24,"[50.6, 0.8, 12.2, 0.0]","[14.6, 18.2, 12.1, 17.8]",2026-08-14 06:28:39.298389
HUB15-HUB11,2025-04-03,2025-04-05,"[0.5, 0.1, 0.0]","[7.3, 17.6, 10.7]",2026-08-14 06:28:39.298530
HUB13-HUB03,2023-12-24,2023-12-27,"[0.0, 0.3, 0.0, 0.3]","[32.6, 19.0, 26.9, 10.5]",2026-08-14 06:28:39.298689
HUB05-HUB14,2023-11-07,2023-11-10,"[2.8, 0.0, 0.2, 0.0]","[21.1, 19.2, 14.5, 23.3]",2026-08-14 06:28:39.298837
HUB12-HUB02,2024-07-08,2024-07-10,"[13.4, 0.1, 89.7]","[11.4, 4.4, 7.2]",2026-08-14 06:28:39.298974
HUB05-HUB04,2024-09-02,2024-09-05,"[0.2, 19.6, 13.5, 0.5]","[18.1, 15.1, 18.3, 18.2]",2026-08-14 06:28:39.299120
HUB12-HUB06,2023-09-27,2023-10-02,"[0.0, 0.0, 0.0, 1.0, 0.0, 0.1]","[16.0, 14.2, 16.8, 11.6, 17.1, 20.5]",2026-08-14 06:28:39.299317
HUB12-HUB15,2025-05-06,2025-05-09,"[0.0, 18.4, 0.8, 1.1]","[15.7, 21.6, 13.2, 26.5]",2026-08-14 06:28:39.299477
HUB15-HUB04,2025-12-13,2025-12-15,"[1.3, 0.2, 0.0]","[17.8, 23.7, 13.6]",2026-08-14 06:28:39.299701
HUB07-HUB01,2024-04-22,2024-04-25,"[0.0, 6.3, 0.6, 0.0]","[20.6, 10.1, 19.6, 12.6]",2026-08-14 06:28:39.299907
HUB06-HUB03,2025-05-30,2025-06-01,"[11.2, 0.5, 0.0]","[13.9, 22.2, 8.2]",2026-08-14 06:28:39.300057
HUB18-HUB12,2023-03-15,2023-03-18,"[0.9, 0.7, 0.0, 0.9]","[20.4, 14.7, 13.2, 0.5]",2026-08-14 06:28:39.300272
HUB06-HUB11,2025-12-08,2025-12-12,"[0.0, 0.9, 0.8, 0.0, 1.7]","[30.7, 25.4, 20.8, 24.1, 19.0]",2026-08-14 06:28:39.300521
HUB12-HUB16,2024-03-13,2024-03-16,"[0.4, 0.0, 0.0, 0.0]","[17.9, 12.5, 12.0, 17.4]",2026-08-14 06:28:39.300719
HUB16-HUB01,2025-03-16,2025-03-18,"[0.0, 0.4, 0.3]","[9.1, 19.4, 13.5]",2026-08-14 06:28:39.300952
HUB05-HUB17,2024-09-25,2024-09-29,"[13.2, 0.1, 0.0, 0.0, 1.5]","[10.6, 22.8, 22.8, 19.4, 12.7]",2026-08-14 06:28:39.301185
HUB07-HUB13,2025-02-05,2025-02-10,"[0.4, 0.8, 0.0, None, 0.0, 0.0]","[17.6, 0.7, 14.3, 8.0, 17.1, 21.5]",2026-08-14 06:28:39.301375
HUB02-HUB07,2025-12-29,2026-01-01,"[0.1, 0.2, 0.9, 0.0]","[12.0, 10.2, 11.2, 15.7]",2026-08-14 06:28:39.301529
HUB04-HUB10,2025-11-24,2025-11-28,"[0.0, 0.4, 0.4, 0.2, 0.0]","[13.3, 18.1, 40.6, 6.8, 14.6]",2026-08-14 06:28:39.301703
HUB14-HUB02,2024-03-17,2024-03-18,"[0.0, 0.5]","[26.4, 7.4]",2026-08-14 06:28:39.301832
HUB03-HUB12,2024-10-04,2024-10-07,"[0.1, 0.5, 1.3, 0.2]","[26.7, 13.1, 18.2, 12.8]",2026-08-14 06:28:39.301979
HUB06-HUB10,2025-11-15,2025-11-18,"[0.4, 1.5, 0.8, 0.0]","[15.8, 34.0, 15.1, 17.8]",2026-08-14 06:28:39.302206
HUB03-HUB16,2024-07-24,2024-07-25,"[0.1, 5.0]","[14.3, 19.3]",2026-08-14 06:28:39.302351
HUB04-HUB09,2024-07-15,2024-07-18,"[0.2, 1.0, 22.9, 0.0]","[12.0, 15.9, 15.3, 16.5]",2026-08-14 06:28:39.302500
HUB15-HUB16,2024-12-12,2024-12-13,"[0.5, 0.6]","[13.0, 9.5]",2026-08-14 06:28:39.302638
HUB05-HUB12,2025-06-17,2025-06-22,"[0.7, 0.2, 0.1, 0.0, 4.4, 11.7]","[28.7, 4.3, 14.2, 8.3, 16.3, 14.9]",2026-08-14 06:28:39.302813
HUB09-HUB17,2024-07-01,2024-07-03,"[1.0, 4.2, 17.1]","[25.4, 22.6, 10.4]",2026-08-14 06:28:39.302958
HUB13-HUB11,2023-04-07,2023-04-08,"[0.2, 0.0]","[12.9, 7.2]",2026-08-14 06:28:39.303087
HUB17-HUB01,2025-10-15,2025-10-18,"[0.6, 0.1, 0.7, 11.4]","[20.5, 7.5, 14.0, 21.2]",2026-08-14 06:28:39.303277
HUB12-HUB04,2023-07-12,2023-07-15,"[31.8, 0.1, 0.0, 24.6]","[7.5, 14.7, 6.4, 13.8]",2026-08-14 06:28:39.303433
HUB08-HUB01,2024-11-17,2024-11-19,"[1.0, 0.0, 1.6]","[8.3, 17.8, 13.3]",2026-08-14 06:28:39.303579
HUB02-HUB01,2024-05-10,2024-05-11,"[0.8, 0.0]","[16.7, 14.1]",2026-08-14 06:28:39.303718
HUB08-HUB03,2024-05-05,2024-05-07,"[0.8, 0.0, 1.5]","[9.7, 17.8, 14.1]",2026-08-14 06:28:39.303858
HUB12-HUB18,2023-10-20,2023-10-23,"[0.2, 1.0, 0.3, 3.7]","[18.0, 1.9, 18.8, 19.5]",2026-08-14 06:28:39.304008
HUB01-HUB03,2024-09-29,2024-09-30,"[0.0, 0.7]","[8.6, 9.7]",2026-08-14 06:28:39.304169
HUB12-HUB08,2025-05-19,2025-05-23,"[0.7, 0.1, 1.0, 0.6, None]","[9.6, 16.4, 17.7, 14.7, 9.4]",2026-08-14 06:28:39.304345
HUB01-HUB18,2025-04-05,2025-04-06,"[0.3, 0.5]","[12.9, 7.9]",2026-08-14 06:28:39.304474
HUB15-HUB11,2025-05-17,2025-05-19,"[0.7, 0.0, 0.3]","[4.6, 14.0, 23.5]",2026-08-14 06:28:39.304622
HUB18-HUB08,2023-05-31,2023-06-02,"[0.3, 0.2, 0.7]","[13.1, 10.0, 13.0]",2026-08-14 06:28:39.304762
HUB02-HUB01,2023-07-09,2023-07-10,"[39.6, 27.6]","[12.1, 11.5]",2026-08-14 06:28:39.304888
HUB17-HUB04,2023-09-06,2023-09-09,"[12.5, 0.0, 14.1, 0.2]","[25.1, 18.1, 6.6, 7.2]",2026-08-14 06:28:39.305034
HUB05-HUB04,2025-09-06,2025-09-08,"[0.0, 0.1, 0.0]","[3.1, 3.1, 5.6]",2026-08-14 06:28:39.305197
HUB02-HUB12,2023-03-29,2023-03-31,"[0.3, 0.6, 1.6]","[20.0, 16.8, 22.4]",2026-08-14 06:28:39.305342
HUB15-HUB09,2023-08-16,2023-08-18,"[0.7, 32.1, 1.0]","[15.9, 14.8, 9.1]",2026-08-14 06:28:39.305477
HUB06-HUB12,2025-12-02,2025-12-07,"[0.0, 0.0, 0.0, 0.9, 0.7, 0.2]","[21.9, 27.7, 19.0, 33.9, 31.0, 17.4]",2026-08-14 06:28:39.305653
HUB08-HUB09,2023-09-10,2023-09-11,"[24.8, 0.0]","[19.6, 10.6]",2026-08-14 06:28:39.305794
HUB18-HUB10,2023-12-22,2023-12-26,"[10.4, 0.7, 0.0, 0.5, 0.6]","[18.9, 18.9, 19.9, 20.6, 37.6]",2026-08-14 06:28:39.305949
HUB17-HUB05,2024-07-25,2024-07-29,"[0.6, 1.1, 0.0, 27.7, 0.3]","[8.2, 15.6, 14.6, 18.7, 13.3]",2026-08-14 06:28:39.306185
HUB10-HUB01,2023-06-19,2023-06-22,"[7.4, 0.0, 0.5, 7.1]","[14.0, 17.4, 10.9, 18.4]",2026-08-14 06:28:39.306347
HUB13-HUB15,2024-02-26,2024-02-28,"[0.3, 0.5, 0.0]","[7.0, 18.5, 8.8]",2026-08-14 06:28:39.306484
HUB05-HUB08,2023-11-09,2023-11-10,"[0.0, 0.0]","[12.7, 17.1]",2026-08-14 06:28:39.306619
HUB01-HUB17,2025-05-12,2025-05-15,"[0.7, 1.3, 0.0, 0.0]","[34.2, 33.8, 33.3, 25.0]",2026-08-14 06:28:39.306779
HUB13-HUB05,2025-03-29,2025-04-02,"[1.6, 0.0, 2.0, 0.0, 0.7]","[10.9, 18.5, 10.8, 15.1, 16.8]",2026-08-14 06:28:39.306937
HUB09-HUB06,2025-09-29,2025-09-30,"[0.6, 0.0]","[7.4, 13.9]",2026-08-14 06:28:39.307065
HUB17-HUB08,2023-08-23,2023-08-26,"[0.1, 0.0, 0.3, 0.5]","[19.3, 13.3, 18.8, 10.0]",2026-08-14 06:28:39.307242
HUB06-HUB13,2024-09-04,2024-09-08,"[5.3, 0.0, 0.0, 0.3, 3.5]","[15.0, 12.5, 10.7, 12.7, 13.4]",2026-08-14 06:28:39.307405
HUB04-HUB02,2023-12-28,2023-12-30,"[0.0, 0.3, 0.3]","[9.8, 16.5, 18.9]",2026-08-14 06:28:39.307540
HUB14-HUB03,2025-02-12,2025-02-14,"[0.1, 0.7, 0.5]","[13.2, 6.3, 19.6]",2026-08-14 06:28:39.307689
HUB10-HUB03,2025-10-16,2025-10-19,"[1.6, 0.0, 0.8, 0.0]","[24.6, 9.8, 24.4, 28.0]",2026-08-14 06:28:39.307834
HUB03-HUB02,2024-09-18,2024-09-20,"[0.1, 0.9, 0.3]","[1.2, 7.3, 21.0]",2026-08-14 06:28:39.307969
HUB12-HUB07,2023-08-05,2023-08-09,"[0.9, 0.0, 21.4, 0.0, 0.8]","[14.9, 11.9, 4.6, 12.5, 21.8]",2026-08-14 06:28:39.308144
HUB16-HUB04,2024-06-30,2024-07-02,"[0.3, 26.5, 4.0]","[12.8, 13.6, 14.5]",2026-08-14 06:28:39.308297
HUB12-HUB14,2025-09-08,2025-09-10,"[0.7, 0.5, 7.7]","[10.6, 22.6, 20.7]",2026-08-14 06:28:39.308435
HUB14-HUB03,2025-01-03,2025-01-06,"[1.0, 0.1, 0.0, 0.5]","[6.5, 17.8, 10.2, 15.2]",2026-08-14 06:28:39.308592
HUB03-HUB01,2025-07-08,2025-07-09,"[1.0, 0.2]","[20.8, 14.8]",2026-08-14 06:28:39.308722
HUB11-HUB09,2024-12-26,2024-12-29,"[0.6, 0.3, 2.8, 0.0]","[13.0, 15.5, 14.7, 14.3]",2026-08-14 06:28:39.308869
HUB13-HUB03,2024-05-26,2024-05-29,"[0.8, 0.2, 0.6, 7.7]","[21.2, 20.3, 14.1, 28.2]",2026-08-14 06:28:39.309020
HUB11-HUB04,2023-12-11,2023-12-14,"[0.0, 0.7, 6.7, 0.0]","[18.8, 13.7, 11.6, 15.6]",2026-08-14 06:28:39.309199
HUB17-HUB10,2025-02-05,2025-02-07,"[0.4, 0.0, 0.0]","[4.8, 21.8, 18.2]",2026-08-14 06:28:39.309346
HUB18-HUB05,2023-09-11,2023-09-13,"[0.3, 0.4, 2.4]","[11.0, 15.4, 9.0]",2026-08-14 06:28:39.309481
HUB10-HUB02,2025-03-21,2025-03-24,"[0.1, 0.0, 0.0, 0.0]","[20.0, 11.7, 18.2, 19.9]",2026-08-14 06:28:39.309638
HUB16-HUB05,2025-07-31,2025-08-02,"[25.5, 0.0, 11.4]","[18.5, 7.6, 16.8]",2026-08-14 06:28:39.309779
HUB02-HUB17,2025-05-24,2025-05-27,"[0.7, 0.6, 0.6, 0.0]","[21.4, 7.4, 19.4, 27.5]",2026-08-14 06:28:39.309931
HUB17-HUB12,2025-04-03,2025-04-05,"[0.4, 23.4, 0.4]","[11.8, 18.0, 17.7]",2026-08-14 06:28:39.310115
HUB03-HUB07,2025-12-06,2025-12-08,"[0.4, 1.0, 0.0]","[14.9, 14.3, 13.8]",2026-08-14 06:28:39.310290
HUB15-HUB17,2024-05-24,2024-05-26,"[0.0, 0.5, 0.1]","[24.5, 20.3, 19.9]",2026-08-14 06:28:39.310430
HUB09-HUB11,2023-05-09,2023-05-12,"[3.0, 0.2, 0.0, 0.9]","[23.1, 13.3, 32.4, 20.1]",2026-08-14 06:28:39.310586
HUB07-HUB05,2024-05-28,2024-05-29,"[0.0, 0.8]","[14.9, 10.6]",2026-08-14 06:28:39.310717
HUB16-HUB03,2023-05-27,2023-05-28,"[12.4, 0.8]","[8.5, 24.8]",2026-08-14 06:28:39.310840
HUB04-HUB05,2025-07-09,2025-07-12,"[0.2, 21.5, 0.7, 47.0]","[10.8, 17.6, 12.4, 17.8]",2026-08-14 06:28:39.310986
HUB11-HUB18,2023-02-09,2023-02-12,"[0.0, 0.0, 0.1, 0.0]","[21.3, 17.1, 16.0, 21.5]",2026-08-14 06:28:39.311148
HUB06-HUB03,2023-12-22,2023-12-24,"[0.2, 0.1, 0.7]","[20.7, 32.6, 20.4]",2026-08-14 06:28:39.311301
HUB05-HUB12,2024-01-29,2024-02-02,"[0.2, 0.7, 0.9, 0.4, 0.0]","[18.5, 8.5, 10.9, 14.6, 20.9]",2026-08-14 06:28:39.311458
HUB18-HUB15,2024-12-13,2024-12-15,"[0.3, 0.0, 0.3]","[9.4, 20.1, 11.8]",2026-08-14 06:28:39.311605
HUB03-HUB11,2023-06-02,2023-06-05,"[0.5, 0.0, 0.0, 0.0]","[13.5, 15.1, 6.2, 6.8]",2026-08-14 06:28:39.311755
HUB18-HUB15,2024-08-31,2024-09-01,"[4.0, 0.8]","[20.1, 15.8]",2026-08-14 06:28:39.311880
HUB01-HUB09,2024-11-10,2024-11-12,"[0.7, 0.0, 0.6]","[17.1, 14.2, 15.5]",2026-08-14 06:28:39.312013
HUB04-HUB07,2024-12-31,2025-01-02,"[0.0, 0.7, None]","[19.6, 11.2, 19.2]",2026-08-14 06:28:39.312199
HUB07-HUB05,2023-04-28,2023-04-29,"[1.5, 0.0]","[18.8, 18.3]",2026-08-14 06:28:39.312343
HUB05-HUB01,2024-11-07,2024-11-09,"[1.2, 0.8, 0.0]","[9.3, 15.9, 18.1]",2026-08-14 06:28:39.312481
HUB05-HUB11,2024-06-09,2024-06-12,"[0.7, 0.0, 0.8, 0.0]","[5.4, 5.0, 11.0, 11.3]",2026-08-14 06:28:39.312637
HUB12-HUB10,2024-03-26,2024-03-29,"[8.5, 0.2, 1.1, 0.8]","[41.6, 16.8, 30.5, 20.4]",2026-08-14 06:28:39.312787
HUB02-HUB15,2023-01-31,2023-02-02,"[1.0, 0.6, 0.7]","[1.0, 24.6, 13.4]",2026-08-14 06:28:39.312923
HUB10-HUB04,2025-01-21,2025-01-25,"[0.0, 0.8, 0.0, 0.0, 0.5]","[26.4, 3.8, 24.6, 1.7, 10.5]",2026-08-14 06:28:39.313076
HUB08-HUB05,2025-06-28,2025-06-29,"[1.2, 0.0]","[17.6, 9.7]",2026-08-14 06:28:39.313232
HUB11-HUB01,2023-08-28,2023-08-31,"[0.0, 0.0, 15.0, 0.6]","[12.3, 19.1, 22.5, 12.5]",2026-08-14 06:28:39.313388
HUB07-HUB09,2024-10-17,2024-10-19,"[0.4, 0.0, 1.6]","[5.1, 12.3, 14.8]",2026-08-14 06:28:39.313525
HUB17-HUB08,2025-09-10,2025-09-13,"[0.0, 0.0, 0.1, 0.0]","[15.9, 14.8, 11.2, 13.6]",2026-08-14 06:28:39.313684
HUB06-HUB02,2025-11-28,2025-12-01,"[1.2, 0.8, 1.8, 0.2]","[13.8, 19.1, 21.2, 27.0]",2026-08-14 06:28:39.313830
HUB11-HUB12,2025-08-06,2025-08-07,"[26.0, 22.4]","[10.4, 21.3]",2026-08-14 06:28:39.313955
HUB08-HUB04,2023-01-01,2023-01-03,"[0.0, 2.5, 0.0]","[29.6, 17.1, 13.6]",2026-08-14 06:28:39.314147
HUB11-HUB15,2023-12-11,2023-12-13,"[0.0, 0.3, 0.7]","[16.8, 19.5, 19.6]",2026-08-14 06:28:39.314303
HUB08-HUB12,2024-11-26,2024-11-30,"[0.0, 0.0, 0.1, 1.3, 0.6]","[13.2, 29.2, 26.2, 25.3, 22.2]",2026-08-14 06:28:39.314458
HUB12-HUB05,2025-06-04,2025-06-08,"[0.4, 22.2, 11.5, 20.1, 0.3]","[15.5, 17.6, 10.7, 15.7, 8.2]",2026-08-14 06:28:39.314629
HUB04-HUB16,2025-10-31,2025-11-02,"[0.0, 0.8, 4.3]","[17.1, 16.3, 12.2]",2026-08-14 06:28:39.314771
HUB10-HUB09,2025-10-19,2025-10-22,"[39.8, 3.7, 0.1, 1.1]","[16.0, 15.7, 16.6, 17.7]",2026-08-14 06:28:39.314917
HUB16-HUB15,2023-09-12,2023-09-13,"[23.3, 1.5]","[8.3, 12.4]",2026-08-14 06:28:39.315043
HUB11-HUB14,2024-07-27,2024-07-29,"[28.0, 18.4, 5.9]","[13.4, 23.0, 17.9]",2026-08-14 06:28:39.315204
HUB04-HUB05,2024-10-27,2024-10-30,"[0.2, 0.5, 0.6, 0.2]","[12.8, 12.0, 20.7, 17.0]",2026-08-14 06:28:39.315358
HUB14-HUB18,2023-07-01,2023-07-03,"[14.6, 0.2, 15.5]","[20.0, 8.3, 9.4]",2026-08-14 06:28:39.315495
HUB06-HUB03,2023-02-13,2023-02-15,"[0.0, 0.0, 0.4]","[5.5, 13.2, 19.9]",2026-08-14 06:28:39.315638
HUB17-HUB11,2025-08-04,2025-08-06,"[0.0, 16.3, 32.2]","[17.1, 5.3, 6.9]",2026-08-14 06:28:39.315780
HUB15-HUB04,2023-08-26,2023-08-28,"[1.0, 0.1, 0.7]","[11.0, 6.5, 5.6]",2026-08-14 06:28:39.315915
HUB17-HUB06,2023-02-27,2023-03-02,"[0.5, 0.1, 0.6, 0.0]","[20.2, 12.3, 16.1, 19.2]",2026-08-14 06:28:39.316061
HUB16-HUB11,2024-05-06,2024-05-08,"[0.7, 0.6, 0.3]","[21.0, 15.0, 6.7]",2026-08-14 06:28:39.316233
HUB13-HUB08,2024-05-06,2024-05-09,"[0.0, 0.3, 0.4, 0.0]","[9.4, 11.4, 20.7, 19.5]",2026-08-14 06:28:39.316390
HUB12-HUB02,2025-04-27,2025-04-30,"[0.0, 0.5, 0.4, 0.7]","[24.0, 17.8, 7.6, 14.4]",2026-08-14 06:28:39.316538
HUB05-HUB17,2023-04-10,2023-04-14,"[0.8, 0.4, 0.1, 0.7, 0.2]","[13.5, 22.8, 25.6, 23.7, 16.5]",2026-08-14 06:28:39.316711
HUB07-HUB09,2024-08-02,2024-08-04,"[0.0, 0.0, 20.1]","[16.5, 12.3, 22.0]",2026-08-14 06:28:39.316850
HUB16-HUB11,2024-10-05,2024-10-07,"[0.9, 0.7, 0.2]","[5.7, 35.3, 18.6]",2026-08-14 06:28:39.316986
HUB12-HUB17,2024-07-16,2024-07-18,"[21.0, 0.6, 66.4]","[17.8, 3.2, 12.3]",2026-08-14 06:28:39.317122
HUB13-HUB01,2025-10-18,2025-10-20,"[0.3, 0.0, 0.0]","[14.4, 24.6, 11.8]",2026-08-14 06:28:39.317297
HUB04-HUB09,2025-03-28,2025-03-31,"[0.1, 0.0, 0.7, 0.0]","[15.1, 12.6, 17.1, 10.8]",2026-08-14 06:28:39.317443
HUB07-HUB13,2024-07-03,2024-07-08,"[17.9, 0.6, 0.9, 24.6, 0.6, 0.1]","[21.4, 14.0, 7.7, 20.2, 16.0, 16.6]",2026-08-14 06:28:39.317620
HUB05-HUB15,2023-11-20,2023-11-22,"[0.0, 0.2, 0.6]","[22.2, 15.6, 21.9]",2026-08-14 06:28:39.317761
HUB12-HUB09,2024-06-24,2024-06-28,"[0.0, 0.3, 34.1, 0.4, 44.7]","[13.8, 12.9, 5.7, 15.6, 13.0]",2026-08-14 06:28:39.317918
HUB10-HUB11,2023-06-09,2023-06-12,"[0.3, 7.8, 0.1, 29.9]","[7.9, 17.8, 15.4, 13.4]",2026-08-14 06:28:39.318109
HUB08-HUB14,2023-09-24,2023-09-26,"[0.6, 0.0, 1.9]","[5.2, 12.8, 18.1]",2026-08-14 06:28:39.318286
HUB14-HUB04,2025-08-14,2025-08-17,"[15.6, 0.0, 0.1, 19.1]","[19.8, 9.3, 9.9, 17.5]",2026-08-14 06:28:39.318435
HUB16-HUB17,2024-06-21,2024-06-23,"[1.7, 0.2, 0.5]","[1.6, 19.5, 11.2]",2026-08-14 06:28:39.318579
HUB17-HUB13,2023-09-27,2023-09-29,"[1.4, 0.6, 0.0]","[9.8, 11.5, 11.8]",2026-08-14 06:28:39.318720
HUB07-HUB12,2024-11-10,2024-11-14,"[0.4, 0.2, 0.7, 0.3, 0.3]","[31.9, 23.2, 21.5, 31.8, 8.3]",2026-08-14 06:28:39.318879
HUB09-HUB03,2025-10-14,2025-10-16,"[0.0, 0.6, 0.0]","[28.7, 26.0, 18.4]",2026-08-14 06:28:39.319014
HUB08-HUB09,2024-06-21,2024-06-22,"[0.1, 0.0]","[15.9, 13.8]",2026-08-14 06:28:39.319160
HUB17-HUB09,2024-02-17,2024-02-19,"[0.0, 0.1, 0.4]","[11.5, 13.0, 14.3]",2026-08-14 06:28:39.319311
HUB15-HUB08,2024-06-17,2024-06-19,"[2.6, 1.1, 0.3]","[12.4, 14.0, 16.5]",2026-08-14 06:28:39.319450
HUB17-HUB10,2025-05-28,2025-05-30,"[0.1, 0.0, 0.4]","[19.0, 37.1, 30.4]",2026-08-14 06:28:39.319604
HUB04-HUB07,2024-03-21,2024-03-23,"[0.2, 0.6, None]","[14.2, 17.3, 10.7]",2026-08-14 06:28:39.319745
HUB10-HUB11,2023-08-23,2023-08-26,"[16.4, 6.7, 0.0, 0.1]","[14.4, 20.8, 3.2, 15.7]",2026-08-14 06:28:39.319893
HUB11-HUB09,2025-01-30,2025-02-02,"[0.0, 0.2, 1.3, 0.7]","[13.2, 20.6, 13.5, 19.3]",2026-08-14 06:28:39.320040
HUB08-HUB16,2023-07-27,2023-07-28,"[29.6, 0.1]","[16.6, 19.0]",2026-08-14 06:28:39.320194
HUB09-HUB12,2024-01-12,2024-01-15,"[0.1, 0.4, 25.4, 0.6]","[15.0, 27.2, 1.4, 0.5]",2026-08-14 06:28:39.320350
HUB16-HUB11,2023-02-17,2023-02-19,"[0.3, 0.0, 0.1]","[11.9, 7.7, 24.7]",2026-08-14 06:28:39.320490
HUB07-HUB01,2023-11-21,2023-11-24,"[0.7, 0.0, 0.5, 0.0]","[19.1, 21.2, 22.2, 30.4]",2026-08-14 06:28:39.320646
HUB08-HUB06,2025-04-09,2025-04-10,"[0.4, 0.2]","[13.7, 10.4]",2026-08-14 06:28:39.320778
HUB02-HUB16,2023-06-07,2023-06-09,"[0.1, 5.1, 1.1]","[16.6, 16.5, 16.0]",2026-08-14 06:28:39.320913
HUB12-HUB07,2023-09-05,2023-09-10,"[0.6, 0.0, 0.6, 0.0, 0.9, 0.1]","[16.5, 9.2, 16.3, 10.6, 8.5, 11.6]",2026-08-14 06:28:39.321077
HUB01-HUB16,2023-07-31,2023-08-01,"[4.6, 2.5]","[7.2, 13.9]",2026-08-14 06:28:39.321234
HUB14-HUB03,2025-06-18,2025-06-20,"[0.5, 1.1, None]","[21.5, 10.8, 26.8]",2026-08-14 06:28:39.321375
HUB12-HUB04,2024-05-18,2024-05-22,"[None, 1.5, 0.0, 0.9, 0.2]","[24.6, 18.0, 23.9, 20.3, 34.5]",2026-08-14 06:28:39.321538
HUB18-HUB01,2023-05-17,2023-05-18,"[34.1, 3.2]","[23.7, 12.4]",2026-08-14 06:28:39.321678
HUB11-HUB03,2024-12-15,2024-12-18,"[1.4, 0.8, 1.0, 0.9]","[12.1, 14.0, 21.3, 20.5]",2026-08-14 06:28:39.321825
HUB13-HUB02,2025-05-23,2025-05-25,"[0.0, 10.5, 0.3]","[28.6, 10.6, 22.3]",2026-08-14 06:28:39.321965
HUB17-HUB13,2025-07-11,2025-07-13,"[11.1, 20.3, 0.0]","[10.7, 6.4, 27.4]",2026-08-14 06:28:39.322160
HUB05-HUB12,2023-03-01,2023-03-05,"[0.6, 0.0, 0.4, 0.8, 0.5]","[15.6, 17.0, 10.0, 5.5, 11.3]",2026-08-14 06:28:39.322340
HUB06-HUB18,2024-05-10,2024-05-12,"[None, 0.0, 0.2]","[27.5, 20.6, 10.0]",2026-08-14 06:28:39.322481
HUB10-HUB02,2023-10-10,2023-10-13,"[0.1, 0.9, 7.0, 0.0]","[30.7, 23.2, 14.2, 20.7]",2026-08-14 06:28:39.322640
HUB01-HUB03,2023-05-01,2023-05-02,"[0.5, 0.0]","[18.3, 16.2]",2026-08-14 06:28:39.322776
HUB05-HUB11,2024-12-19,2024-12-22,"[0.0, 0.3, 0.8, 0.3]","[25.0, 46.9, 12.1, 17.1]",2026-08-14 06:28:39.322930
HUB09-HUB15,2024-05-27,2024-05-29,"[0.2, 0.0, 1.3]","[16.9, 18.8, 22.6]",2026-08-14 06:28:39.323069
HUB05-HUB12,2024-08-24,2024-08-28,"[28.3, 0.0, 0.4, 39.0, 0.0]","[11.2, 21.0, 0.4, 12.6, 14.7]",2026-08-14 06:28:39.323264
HUB01-HUB18,2023-10-28,2023-10-29,"[0.8, 0.4]","[13.4, 23.9]",2026-08-14 06:28:39.323418
HUB14-HUB13,2023-03-10,2023-03-11,"[0.8, 0.7]","[15.8, 13.8]",2026-08-14 06:28:39.323551
HUB05-HUB15,2023-02-05,2023-02-07,"[1.0, 0.0, 0.3]","[16.6, 11.3, 11.3]",2026-08-14 06:28:39.323700
HUB01-HUB04,2025-02-03,2025-02-04,"[0.0, 1.0]","[15.5, 15.1]",2026-08-14 06:28:39.323826
HUB13-HUB10,2025-01-04,2025-01-08,"[0.0, 0.8, 0.8, 0.6, 0.0]","[14.6, 9.4, 9.8, 18.3, 17.1]",2026-08-14 06:28:39.323979
HUB05-HUB06,2025-05-01,2025-05-02,"[0.8, 0.0]","[15.8, 14.9]",2026-08-14 06:28:39.324108
HUB09-HUB17,2023-12-25,2023-12-27,"[0.9, 0.0, 0.4]","[24.0, 30.8, 32.2]",2026-08-14 06:28:39.324276
HUB14-HUB15,2023-09-08,2023-09-09,"[0.0, 0.3]","[13.1, 14.2]",2026-08-14 06:28:39.324401
HUB06-HUB01,2024-04-23,2024-04-26,"[0.7, 0.0, 1.4, 0.4]","[8.0, 8.0, 18.4, 17.8]",2026-08-14 06:28:39.324549
HUB11-HUB05,2023-01-03,2023-01-06,"[1.3, None, 0.0, 0.4]","[21.6, 15.9, 17.9, 5.2]",2026-08-14 06:28:39.324710
HUB15-HUB16,2025-03-12,2025-03-13,"[1.2, 0.0]","[16.5, 17.1]",2026-08-14 06:28:39.324841
HUB14-HUB18,2023-05-04,2023-05-06,"[0.6, 0.8, 0.0]","[16.4, 18.8, 25.3]",2026-08-14 06:28:39.324978
HUB07-HUB13,2024-09-10,2024-09-14,"[18.5, 0.8, 0.0, 53.2, 3.9]","[17.2, 12.8, 20.7, 17.9, 0.7]",2026-08-14 06:28:39.325155
HUB08-HUB14,2025-12-09,2025-12-11,"[0.0, 0.3, 0.0]","[14.0, 13.5, 17.0]",2026-08-14 06:28:39.325305
HUB03-HUB08,2025-03-13,2025-03-15,"[0.3, 0.4, 0.0]","[16.6, 13.5, 16.6]",2026-08-14 06:28:39.325442
HUB03-HUB17,2023-10-19,2023-10-22,"[0.6, 1.4, 0.0, 0.7]","[33.0, 20.7, 27.4, 33.0]",2026-08-14 06:28:39.325600
HUB06-HUB16,2024-10-11,2024-10-13,"[1.7, 0.3, 0.0]","[16.5, 17.3, 15.1]",2026-08-14 06:28:39.325742
HUB17-HUB13,2024-04-02,2024-04-04,"[0.0, 0.0, 0.4]","[17.1, 21.9, 7.4]",2026-08-14 06:28:39.325880
HUB18-HUB14,2025-05-06,2025-05-08,"[None, 0.3, 0.1]","[23.0, 11.0, 13.5]",2026-08-14 06:28:39.326016
HUB16-HUB03,2024-07-14,2024-07-15,"[0.8, 0.0]","[19.8, 12.9]",2026-08-14 06:28:39.326208
HUB05-HUB15,2023-06-17,2023-06-19,"[0.8, 2.6, 11.5]","[5.5, 19.5, 14.1]",2026-08-14 06:28:39.326354
HUB11-HUB17,2024-12-30,2025-01-01,"[1.0, 0.0, 0.4]","[25.9, 12.9, 13.7]",2026-08-14 06:28:39.326492
HUB07-HUB06,2024-06-13,2024-06-14,"[7.0, 0.6]","[10.6, 12.9]",2026-08-14 06:28:39.326633
HUB05-HUB16,2025-04-06,2025-04-08,"[0.3, 0.5, 0.6]","[13.7, 10.2, 12.7]",2026-08-14 06:28:39.326773
HUB04-HUB11,2025-10-11,2025-10-14,"[0.3, 0.6, 1.0, 0.0]","[28.2, 23.8, 39.2, 26.2]",2026-08-14 06:28:39.326919
HUB18-HUB05,2023-10-13,2023-10-15,"[1.2, 0.4, 0.2]","[12.8, 15.1, 21.7]",2026-08-14 06:28:39.327054
HUB12-HUB07,2024-05-09,2024-05-14,"[0.6, 0.4, 0.3, 0.7, 8.0, 0.7]","[17.7, 6.5, 3.9, 15.7, 20.3, 16.6]",2026-08-14 06:28:39.327258
HUB13-HUB16,2024-08-29,2024-09-01,"[4.6, 0.0, 23.8, 1.6]","[17.2, 10.1, 14.4, 9.5]",2026-08-14 06:28:39.327412
HUB05-HUB12,2024-05-18,2024-05-23,"[0.6, 0.5, 0.3, 1.7, 0.5, 0.0]","[15.7, 24.3, 28.3, 29.1, 29.0, 8.8]",2026-08-14 06:28:39.327599
HUB18-HUB09,2023-06-13,2023-06-15,"[0.0, 14.1, 0.2]","[16.3, 14.3, 14.6]",2026-08-14 06:28:39.327798
HUB04-HUB14,2025-07-17,2025-07-20,"[0.6, 18.1, 24.5, 0.0]","[7.0, 11.2, 16.9, 16.1]",2026-08-14 06:28:39.327963
HUB04-HUB08,2024-04-11,2024-04-13,"[0.0, 0.1, 1.2]","[17.1, 14.6, 13.2]",2026-08-14 06:28:39.328102
HUB11-HUB12,2024-04-03,2024-04-04,"[0.8, 0.8]","[18.1, 14.7]",2026-08-14 06:28:39.328261
HUB17-HUB09,2024-04-25,2024-04-27,"[3.8, 0.0, 0.7]","[9.8, 15.3, 16.2]",2026-08-14 06:28:39.328405
HUB14-HUB16,2024-07-19,2024-07-21,"[29.6, 0.9, 0.0]","[13.2, 15.9, 10.3]",2026-08-14 06:28:39.328542
HUB18-HUB10,2024-01-01,2024-01-05,"[0.0, 1.1, 0.0, 0.6, 0.2]","[4.5, 26.4, 9.5, 4.7, 30.0]",2026-08-14 06:28:39.328710
HUB11-HUB03,2024-07-02,2024-07-05,"[9.5, 0.2, 12.7, 8.5]","[20.2, 17.7, 27.8, 18.2]",2026-08-14 06:28:39.328858
HUB05-HUB13,2024-08-22,2024-08-26,"[0.0, 0.7, 0.3, 23.6, 3.3]","[13.3, 16.9, 7.9, 7.5, 14.4]",2026-08-14 06:28:39.329017
HUB09-HUB10,2023-06-20,2023-06-23,"[0.0, 1.2, 39.5, 1.4]","[5.4, 25.8, 12.7, 5.6]",2026-08-14 06:28:39.329201
HUB09-HUB12,2025-06-28,2025-07-02,"[11.6, 0.4, 1.6, 0.3, 0.0]","[14.2, 22.3, 4.6, 15.7, 13.3]",2026-08-14 06:28:39.329369
HUB18-HUB10,2024-01-07,2024-01-11,"[0.8, 0.0, 0.3, 0.0, 0.6]","[26.5, 9.8, 10.0, 23.9, 16.3]",2026-08-14 06:28:39.329527
HUB06-HUB15,2025-12-01,2025-12-03,"[0.4, 0.3, 0.0]","[14.8, 21.9, 15.8]",2026-08-14 06:28:39.329679
HUB06-HUB14,2025-04-07,2025-04-10,"[0.6, 0.0, 0.5, 1.0]","[10.3, 7.5, 14.4, 19.7]",2026-08-14 06:28:39.329833
HUB08-HUB13,2024-07-02,2024-07-06,"[2.0, 7.6, 0.5, 14.7, 12.9]","[19.6, 18.7, 14.2, 9.7, 11.4]",2026-08-14 06:28:39.329993
HUB09-HUB16,2023-08-12,2023-08-14,"[3.4, 0.6, 0.6]","[20.7, 17.8, 15.0]",2026-08-14 06:28:39.330196
HUB11-HUB05,2024-09-17,2024-09-20,"[0.0, 0.2, 1.0, 0.0]","[3.8, 17.5, 9.7, 14.7]",2026-08-14 06:28:39.330354
HUB04-HUB05,2024-05-23,2024-05-26,"[23.6, 0.8, 0.0, 0.3]","[13.9, 17.9, 16.6, 14.6]",2026-08-14 06:28:39.330509
HUB15-HUB06,2023-05-20,2023-05-22,"[0.0, 0.0, 0.5]","[16.5, 20.5, 24.8]",2026-08-14 06:28:39.330658
HUB10-HUB05,2025-04-10,2025-04-13,"[1.1, 0.1, 0.0, 0.7]","[12.7, 16.2, 10.3, 11.2]",2026-08-14 06:28:39.330807
HUB09-HUB14,2023-05-29,2023-05-31,"[0.1, 4.4, 15.9]","[8.3, 14.7, 9.9]",2026-08-14 06:28:39.330946
HUB09-HUB07,2025-10-16,2025-10-18,"[0.7, 9.8, 0.0]","[18.3, 10.3, 12.2]",2026-08-14 06:28:39.331081
HUB17-HUB12,2025-11-13,2025-11-15,"[0.7, 0.5, 0.0]","[14.7, 18.2, 24.8]",2026-08-14 06:28:39.331248
HUB14-HUB08,2025-11-15,2025-11-18,"[None, 0.4, 0.5, 0.2]","[13.8, 22.1, 12.7, 12.2]",2026-08-14 06:28:39.331398
HUB11-HUB15,2023-03-29,2023-03-31,"[1.4, 0.9, 0.0]","[5.1, 4.3, 9.1]",2026-08-14 06:28:39.331532
HUB09-HUB13,2024-08-19,2024-08-23,"[12.1, 0.2, 8.1, 0.0, 0.1]","[8.9, 12.4, 2.9, 18.3, 20.2]",2026-08-14 06:28:39.331703
HUB05-HUB18,2023-10-18,2023-10-21,"[0.9, 0.1, 1.1, 0.0]","[28.7, 21.3, 16.4, 25.7]",2026-08-14 06:28:39.331849
HUB03-HUB08,2025-05-20,2025-05-21,"[1.2, 0.5]","[20.5, 14.5]",2026-08-14 06:28:39.331975
HUB17-HUB02,2024-05-18,2024-05-21,"[0.0, 1.3, 0.0, 0.5]","[19.1, 22.5, 21.6, 23.2]",2026-08-14 06:28:39.332124
HUB18-HUB04,2023-07-18,2023-07-19,"[0.0, 0.7]","[11.5, 18.1]",2026-08-14 06:28:39.332301
HUB06-HUB03,2024-06-25,2024-06-27,"[3.6, None, 0.6]","[23.0, 5.5, 12.6]",2026-08-14 06:28:39.332442
HUB05-HUB03,2023-10-04,2023-10-06,"[1.2, 2.5, 0.7]","[15.7, 3.9, 22.1]",2026-08-14 06:28:39.332591
HUB16-HUB15,2023-07-10,2023-07-11,"[33.1, 8.5]","[15.7, 11.8]",2026-08-14 06:28:39.332722
HUB05-HUB13,2025-12-23,2025-12-27,"[0.3, 0.0, 0.2, 0.7, 1.8]","[27.3, 25.1, 15.9, 15.2, 19.9]",2026-08-14 06:28:39.332878
HUB13-HUB07,2025-12-23,2025-12-28,"[0.3, 0.3, None, 0.4, 1.0, 0.0]","[16.3, 23.4, 20.4, 11.4, 13.8, 18.1]",2026-08-14 06:28:39.333043
HUB17-HUB03,2025-12-14,2025-12-16,"[0.0, 1.4, 0.6]","[29.9, 18.0, 20.9]",2026-08-14 06:28:39.333209
HUB17-HUB03,2023-05-01,2023-05-03,"[0.7, 0.0, 0.0]","[21.0, 23.6, 32.8]",2026-08-14 06:28:39.333357
HUB12-HUB06,2023-11-17,2023-11-22,"[0.6, 1.0, 0.8, 0.7, 0.8, 0.3]","[13.0, 17.7, 19.7, 7.8, 12.7, 9.7]",2026-08-14 06:28:39.333522
HUB03-HUB10,2023-02-28,2023-03-03,"[0.4, 0.1, 0.0, 0.0]","[22.8, 6.0, 13.6, 2.9]",2026-08-14 06:28:39.333682
HUB16-HUB04,2025-10-23,2025-10-25,"[0.0, 0.4, 0.0]","[27.3, 17.8, 22.5]",2026-08-14 06:28:39.333817
HUB04-HUB13,2024-06-27,2024-06-30,"[1.7, 0.0, 0.4, 0.0]","[17.7, 19.8, 14.9, 24.8]",2026-08-14 06:28:39.333963
HUB06-HUB02,2024-12-26,2024-12-28,"[0.0, 36.5, 0.2]","[19.3, 11.4, 23.7]",2026-08-14 06:28:39.334181
HUB04-HUB06,2023-02-13,2023-02-15,"[1.6, 0.3, 0.0]","[9.1, 14.8, 18.5]",2026-08-14 06:28:39.334347
HUB01-HUB16,2025-04-06,2025-04-07,"[0.0, 0.4]","[13.1, 12.4]",2026-08-14 06:28:39.334480
HUB04-HUB01,2023-08-09,2023-08-10,"[39.2, 0.0]","[12.4, 17.0]",2026-08-14 06:28:39.334617
HUB08-HUB02,2024-07-20,2024-07-22,"[7.9, 28.7, 34.3]","[18.3, 4.4, 16.1]",2026-08-14 06:28:39.334759
HUB01-HUB11,2023-06-03,2023-06-06,"[None, 18.9, 0.1, 0.4]","[21.9, 4.0, 21.0, 14.3]",2026-08-14 06:28:39.334909
HUB05-HUB03,2024-01-09,2024-01-11,"[0.1, 0.6, 0.8]","[15.5, 10.9, 9.3]",2026-08-14 06:28:39.335045
HUB03-HUB07,2023-01-31,2023-02-02,"[0.4, 0.0, 1.7]","[13.1, 12.2, 11.9]",2026-08-14 06:28:39.335207
HUB14-HUB04,2024-06-04,2024-06-07,"[1.3, 0.0, 12.4, 13.8]","[14.7, 0.8, 18.6, 8.6]",2026-08-14 06:28:39.335362
HUB13-HUB03,2025-09-21,2025-09-24,"[0.0, 0.0, 0.6, 0.2]","[10.6, 6.9, 18.0, 15.0]",2026-08-14 06:28:39.335507
HUB04-HUB16,2025-08-20,2025-08-22,"[0.0, 15.4, 0.0]","[18.5, 14.2, 18.4]",2026-08-14 06:28:39.335655
HUB16-HUB12,2024-10-24,2024-10-27,"[0.0, 0.3, 0.0, 0.6]","[15.6, 16.9, 17.8, 29.3]",2026-08-14 06:28:39.335802
HUB02-HUB17,2023-03-07,2023-03-10,"[0.3, 1.0, 0.0, 0.0]","[33.0, 26.0, 4.0, 29.7]",2026-08-14 06:28:39.335946
HUB03-HUB17,2024-06-04,2024-06-06,"[0.4, 1.3, 0.1]","[6.9, 11.8, 18.9]",2026-08-14 06:28:39.336081
HUB09-HUB10,2023-08-28,2023-08-30,"[28.2, 8.8, 0.1]","[35.6, 11.8, 9.2]",2026-08-14 06:28:39.336253
HUB17-HUB01,2025-11-25,2025-11-28,"[13.7, 1.0, 0.8, 0.0]","[14.2, 13.8, 15.9, 25.3]",2026-08-14 06:28:39.336409
HUB06-HUB13,2024-07-31,2024-08-04,"[0.3, 4.2, 62.3, 36.2, 2.6]","[16.6, 8.9, 14.3, 12.5, 14.7]",2026-08-14 06:28:39.336573
HUB18-HUB15,2024-01-02,2024-01-04,"[0.2, 5.1, 0.7]","[14.4, 9.6, 13.8]",2026-08-14 06:28:39.336718
HUB05-HUB16,2023-02-07,2023-02-09,"[0.5, 0.4, 0.0]","[15.7, 14.1, 12.6]",2026-08-14 06:28:39.336856
HUB12-HUB14,2024-04-10,2024-04-12,"[0.5, 0.5, 0.0]","[6.2, 23.2, 15.3]",2026-08-14 06:28:39.336992
HUB06-HUB02,2024-07-03,2024-07-06,"[30.6, 32.3, 8.2, 13.9]","[7.1, 8.0, 12.4, 13.2]",2026-08-14 06:28:39.337156
HUB11-HUB01,2023-01-13,2023-01-16,"[0.1, 0.3, 0.0, 0.8]","[17.7, 18.1, 11.5, 20.1]",2026-08-14 06:28:39.337315
HUB06-HUB10,2023-09-15,2023-09-18,"[36.9, 1.0, 0.0, 0.0]","[19.2, 8.3, 25.1, 29.6]",2026-08-14 06:28:39.337462
HUB05-HUB14,2025-03-15,2025-03-18,"[0.0, 0.3, 0.0, 0.0]","[12.0, 14.3, 14.1, 13.1]",2026-08-14 06:28:39.337618
HUB08-HUB01,2023-01-01,2023-01-03,"[1.5, 0.2, 0.0]","[15.0, 9.3, 6.5]",2026-08-14 06:28:39.337765
HUB06-HUB13,2024-12-19,2024-12-23,"[1.3, 0.7, 0.0, 0.0, 1.4]","[21.6, 16.5, 18.0, 14.2, 15.8]",2026-08-14 06:28:39.337920
HUB11-HUB05,2024-11-10,2024-11-14,"[0.2, 0.5, 1.0, 0.7, 0.0]","[9.9, 12.2, 15.7, 13.8, 13.6]",2026-08-14 06:28:39.338124
HUB09-HUB02,2025-11-21,2025-11-23,"[0.3, 1.0, 0.0]","[15.9, 19.7, 19.7]",2026-08-14 06:28:39.338297
HUB10-HUB15,2025-01-26,2025-01-29,"[0.3, 2.0, None, 0.3]","[12.9, 19.3, 14.0, 10.8]",2026-08-14 06:28:39.338448
HUB03-HUB17,2024-08-27,2024-08-30,"[0.4, 0.2, 0.0, 27.3]","[14.1, 10.8, 19.8, 21.1]",2026-08-14 06:28:39.338609
HUB11-HUB07,2025-11-07,2025-11-12,"[0.6, 0.1, 0.0, 0.0, 0.0, 0.0]","[17.0, 14.5, 11.5, 12.0, 13.6, 10.4]",2026-08-14 06:28:39.338783
HUB14-HUB10,2023-05-25,2023-05-28,"[0.0, 0.4, 0.0, 0.9]","[23.5, 11.8, 31.1, 35.6]",2026-08-14 06:28:39.338938
HUB03-HUB02,2023-09-14,2023-09-15,"[0.9, 0.4]","[14.7, 8.9]",2026-08-14 06:28:39.339064
HUB04-HUB10,2023-04-24,2023-04-28,"[0.2, 0.3, 0.0, 0.1, 0.0]","[2.1, 9.3, 24.1, 21.8, 13.8]",2026-08-14 06:28:39.339252
HUB02-HUB17,2025-01-20,2025-01-23,"[0.4, 0.4, 0.5, 0.5]","[3.1, 20.7, 3.1, 18.8]",2026-08-14 06:28:39.339403
HUB05-HUB17,2025-06-13,2025-06-16,"[0.0, 0.3, 2.7, 0.0]","[21.4, 5.1, 4.9, 22.5]",2026-08-14 06:28:39.339550
HUB17-HUB16,2024-08-24,2024-08-26,"[16.5, 0.0, 15.3]","[14.6, 10.0, 20.2]",2026-08-14 06:28:39.339700
HUB02-HUB06,2025-03-01,2025-03-03,"[1.0, 0.6, 8.9]","[13.9, 17.2, 13.5]",2026-08-14 06:28:39.339840
HUB05-HUB14,2025-03-26,2025-03-29,"[1.1, 1.1, 0.4, 0.3]","[17.0, 11.9, 22.7, 17.9]",2026-08-14 06:28:39.339985
HUB03-HUB10,2025-04-20,2025-04-24,"[0.0, 1.0, 0.0, 0.2, 0.0]","[12.6, 22.2, 16.1, 11.5, 8.0]",2026-08-14 06:28:39.340183
HUB15-HUB12,2024-11-12,2024-11-15,"[1.3, 1.1, 0.8, 0.0]","[27.4, 28.3, 21.4, 25.3]",2026-08-14 06:28:39.340341
HUB11-HUB05,2023-11-07,2023-11-10,"[0.8, 0.7, 0.6, 5.4]","[18.2, 14.3, 16.8, 15.5]",2026-08-14 06:28:39.340488
HUB02-HUB13,2025-07-23,2025-07-25,"[0.8, 0.4, 1.1]","[5.7, 6.7, 16.2]",2026-08-14 06:28:39.340637
HUB05-HUB17,2023-06-27,2023-06-30,"[30.8, 0.3, 0.4, 0.0]","[13.1, 7.0, 1.9, 13.7]",2026-08-14 06:28:39.340788
HUB13-HUB04,2024-08-15,2024-08-17,"[0.3, 0.2, 0.3]","[13.5, 24.7, 13.9]",2026-08-14 06:28:39.340925
HUB14-HUB10,2023-03-20,2023-03-23,"[1.0, 0.9, 1.0, None]","[16.5, 5.9, 21.4, 13.4]",2026-08-14 06:28:39.341071
HUB11-HUB14,2023-01-21,2023-01-23,"[3.3, 0.0, 0.5]","[20.3, 12.3, 17.8]",2026-08-14 06:28:39.341238
HUB11-HUB14,2024-05-20,2024-05-22,"[0.0, 0.0, 1.2]","[11.5, 25.1, 19.1]",2026-08-14 06:28:39.341380
HUB09-HUB11,2024-05-27,2024-05-30,"[0.1, 0.0, 0.0, 4.1]","[8.5, 24.1, 9.6, 31.4]",2026-08-14 06:28:39.341525
HUB16-HUB11,2023-11-20,2023-11-22,"[0.4, 1.1, 0.7]","[26.0, 14.0, 16.2]",2026-08-14 06:28:39.341674
HUB07-HUB01,2024-12-10,2024-12-13,"[0.5, 0.1, 0.0, 1.1]","[14.1, 11.9, 28.3, 25.4]",2026-08-14 06:28:39.341821
HUB18-HUB11,2025-07-08,2025-07-11,"[6.0, 30.7, 54.5, 0.0]","[23.1, 11.3, 0.2, 18.4]",2026-08-14 06:28:39.341972
HUB16-HUB01,2024-08-22,2024-08-23,"[1.4, 0.2]","[10.0, 7.3]",2026-08-14 06:28:39.342164
HUB17-HUB04,2025-10-23,2025-10-26,"[0.7, 0.3, 0.5, 0.6]","[27.1, 23.4, 13.7, 25.5]",2026-08-14 06:28:39.342331
HUB13-HUB04,2023-11-14,2023-11-17,"[0.0, 0.0, 0.0, 1.2]","[29.4, 3.0, 11.5, 23.5]",2026-08-14 06:28:39.342477
HUB07-HUB11,2023-09-04,2023-09-09,"[6.2, 0.5, 0.7, 11.2, 1.8, 9.5]","[25.1, 22.5, 8.3, 10.9, 13.7, 12.8]",2026-08-14 06:28:39.342655
HUB12-HUB15,2025-10-08,2025-10-11,"[0.3, 0.3, 0.0, 0.0]","[6.2, 23.1, 19.7, 18.4]",2026-08-14 06:28:39.342807
HUB09-HUB07,2025-01-04,2025-01-06,"[0.4, 0.8, 0.7]","[14.3, 13.2, 12.3]",2026-08-14 06:28:39.342940
HUB17-HUB11,2025-10-01,2025-10-03,"[0.9, 0.0, 0.1]","[17.2, 15.9, 32.1]",2026-08-14 06:28:39.343074
HUB17-HUB08,2025-04-24,2025-04-27,"[0.0, 0.0, 0.1, 0.0]","[10.7, 14.3, 17.3, 12.3]",2026-08-14 06:28:39.343250
HUB02-HUB11,2025-04-14,2025-04-16,"[0.0, 0.2, 0.0]","[5.4, 10.1, 2.8]",2026-08-14 06:28:39.343392
HUB14-HUB03,2024-12-04,2024-12-07,"[3.8, 0.6, 0.8, 0.8]","[28.9, 8.6, 12.1, 20.0]",2026-08-14 06:28:39.343535
HUB14-HUB18,2025-11-24,2025-11-26,"[0.3, 0.5, 0.1]","[7.3, 19.3, 28.2]",2026-08-14 06:28:39.343683
HUB12-HUB07,2025-05-13,2025-05-18,"[0.0, 0.7, 0.1, 1.0, 0.0, 0.6]","[12.1, 15.2, 8.9, 19.3, 13.6, 17.1]",2026-08-14 06:28:39.343858
HUB18-HUB09,2025-07-18,2025-07-20,"[0.2, 17.1, 0.1]","[11.6, 16.6, 16.1]",2026-08-14 06:28:39.343995
HUB02-HUB11,2023-01-19,2023-01-21,"[1.1, 0.4, 0.0]","[0.9, 6.8, 16.0]",2026-08-14 06:28:39.344148
HUB18-HUB09,2025-08-16,2025-08-18,"[37.3, 38.9, 0.0]","[14.5, 16.1, 17.0]",2026-08-14 06:28:39.344302
HUB01-HUB09,2024-05-10,2024-05-12,"[0.2, 0.2, 0.8]","[14.6, 17.6, 17.4]",2026-08-14 06:28:39.344443
HUB04-HUB09,2023-08-04,2023-08-07,"[1.0, 19.1, 1.4, 0.5]","[14.0, 16.3, 14.9, 8.0]",2026-08-14 06:28:39.344600
HUB12-HUB16,2025-11-09,2025-11-12,"[None, 0.1, 0.0, 0.3]","[16.6, 8.4, 16.0, 17.2]",2026-08-14 06:28:39.344750
HUB15-HUB06,2023-05-09,2023-05-11,"[0.5, 0.0, 12.6]","[12.0, 11.8, 15.6]",2026-08-14 06:28:39.344891
HUB17-HUB08,2024-02-26,2024-02-29,"[1.0, 0.7, 0.5, 0.0]","[15.4, 15.7, 14.1, 25.1]",2026-08-14 06:28:39.345036
HUB02-HUB04,2025-08-07,2025-08-08,"[37.8, 2.6]","[0.5, 12.9]",2026-08-14 06:28:39.345186
HUB15-HUB13,2024-02-03,2024-02-05,"[0.6, 0.0, 0.1]","[20.3, 15.9, 17.9]",2026-08-14 06:28:39.345330
HUB13-HUB02,2025-12-15,2025-12-17,"[0.0, 0.1, 0.7]","[17.2, 17.6, 8.2]",2026-08-14 06:28:39.345466
HUB08-HUB10,2025-09-12,2025-09-15,"[0.4, 2.0, 0.0, 0.0]","[13.4, 23.7, 0.8, 1.1]",2026-08-14 06:28:39.345622
HUB12-HUB06,2025-11-17,2025-11-22,"[0.2, 0.2, 0.0, 0.4, 0.8, 0.9]","[10.4, 14.6, 14.1, 15.1, 18.4, 13.1]",2026-08-14 06:28:39.345792
HUB08-HUB15,2023-05-04,2023-05-06,"[0.1, 0.0, 1.1]","[20.9, 15.6, 18.1]",2026-08-14 06:28:39.345930
HUB09-HUB03,2023-11-11,2023-11-13,"[1.0, 0.3, 0.4]","[16.0, 14.7, 24.6]",2026-08-14 06:28:39.346106
HUB04-HUB08,2023-08-19,2023-08-21,"[1.5, 3.9, 0.5]","[8.6, 14.2, 14.2]",2026-08-14 06:28:39.346283
HUB07-HUB03,2024-05-18,2024-05-20,"[0.9, 0.5, 0.3]","[10.1, 24.6, 15.9]",2026-08-14 06:28:39.346425
HUB12-HUB16,2023-07-06,2023-07-09,"[0.8, 2.7, 0.5, 1.6]","[15.5, 9.5, 16.2, 11.3]",2026-08-14 06:28:39.346612
HUB05-HUB11,2023-06-13,2023-06-17,"[0.0, 1.4, 0.7, 0.0, 0.8]","[25.8, 20.7, 15.1, 4.9, 15.4]",2026-08-14 06:28:39.346801
HUB15-HUB17,2025-01-13,2025-01-15,"[1.6, 0.0, 0.9]","[6.0, 17.7, 19.6]",2026-08-14 06:28:39.346939
HUB07-HUB05,2023-08-29,2023-08-30,"[0.0, 0.0]","[19.7, 15.7]",2026-08-14 06:28:39.347063
HUB17-HUB07,2023-12-12,2023-12-15,"[0.0, 0.0, 1.4, 0.7]","[17.2, 15.8, 9.1, 20.1]",2026-08-14 06:28:39.347252
HUB02-HUB04,2023-02-03,2023-02-04,"[0.0, 0.1]","[11.3, 13.1]",2026-08-14 06:28:39.347383
HUB07-HUB09,2024-08-15,2024-08-17,"[0.7, 0.4, 0.0]","[7.7, 16.4, 20.0]",2026-08-14 06:28:39.347519
HUB06-HUB10,2025-09-08,2025-09-11,"[58.9, 0.2, 0.9, 0.2]","[1.4, 33.7, 16.8, 19.6]",2026-08-14 06:28:39.347680
HUB11-HUB02,2023-03-11,2023-03-13,"[1.2, 0.0, 0.3]","[13.8, 14.0, 13.4]",2026-08-14 06:28:39.347820
HUB10-HUB01,2023-05-21,2023-05-24,"[0.0, 0.1, 0.0, 1.0]","[18.1, 14.6, 17.0, 16.7]",2026-08-14 06:28:39.347975
HUB02-HUB01,2023-08-18,2023-08-19,"[11.9, 0.3]","[12.8, 16.0]",2026-08-14 06:28:39.348100
HUB10-HUB11,2023-07-07,2023-07-10,"[0.0, 57.0, 9.2, 10.3]","[27.5, 4.6, 3.2, 19.8]",2026-08-14 06:28:39.348281
HUB10-HUB11,2024-04-08,2024-04-11,"[0.0, 1.6, 0.6, 0.2]","[24.6, 19.4, 25.1, 4.8]",2026-08-14 06:28:39.348438
HUB11-HUB07,2025-01-17,2025-01-21,"[0.9, 1.2, 0.0, 0.0, 1.1]","[15.0, 13.0, 14.3, 12.3, 12.7]",2026-08-14 06:28:39.348634
HUB10-HUB01,2023-11-09,2023-11-12,"[0.2, 0.6, 0.7, 0.6]","[9.1, 11.0, 9.2, 20.9]",2026-08-14 06:28:39.348790
HUB14-HUB06,2023-10-08,2023-10-11,"[0.9, 0.1, 1.5, 8.1]","[18.0, 16.5, 13.4, 11.3]",2026-08-14 06:28:39.348936
HUB13-HUB03,2023-08-17,2023-08-20,"[7.7, 24.7, 0.0, 0.7]","[10.7, 15.9, 14.2, 7.9]",2026-08-14 06:28:39.349083
HUB03-HUB02,2025-08-14,2025-08-15,"[31.4, 0.8]","[5.5, 16.1]",2026-08-14 06:28:39.349250
HUB12-HUB04,2025-04-26,2025-04-30,"[1.0, 0.0, 0.1, 1.0, 0.5]","[10.9, 20.1, 11.7, 1.3, 29.2]",2026-08-14 06:28:39.349412
HUB16-HUB05,2024-06-18,2024-06-20,"[0.0, 0.3, 0.1]","[19.1, 13.4, 17.6]",2026-08-14 06:28:39.349549
HUB09-HUB03,2023-02-22,2023-02-24,"[0.7, 0.6, 0.0]","[12.3, 12.5, 15.3]",2026-08-14 06:28:39.349697
HUB07-HUB14,2023-04-23,2023-04-27,"[0.9, 0.0, 0.0, 0.0, 0.6]","[15.3, 13.5, 20.9, 11.3, 15.6]",2026-08-14 06:28:39.349861
HUB10-HUB18,2025-06-04,2025-06-08,"[0.8, 0.1, 0.7, 0.1, 0.8]","[11.0, 4.1, 32.2, 24.2, 20.4]",2026-08-14 06:28:39.350017
HUB04-HUB08,2025-05-18,2025-05-20,"[0.4, 0.6, 0.6]","[15.0, 16.2, 20.4]",2026-08-14 06:28:39.350229
HUB09-HUB06,2025-02-11,2025-02-12,"[0.1, 0.2]","[9.9, 10.8]",2026-08-14 06:28:39.350364
HUB04-HUB12,2025-12-03,2025-12-07,"[0.0, 0.4, 0.8, 0.0, 0.2]","[22.3, 15.9, 36.7, 28.4, 6.2]",2026-08-14 06:28:39.350520
HUB07-HUB08,2025-07-16,2025-07-17,"[0.1, 0.7]","[11.6, 16.0]",2026-08-14 06:28:39.350657
HUB15-HUB16,2024-12-19,2024-12-20,"[3.8, 0.0]","[7.8, 11.5]",2026-08-14 06:28:39.350787
HUB17-HUB14,2023-04-08,2023-04-09,"[0.6, 0.1]","[12.3, 12.7]",2026-08-14 06:28:39.350913
HUB09-HUB16,2025-03-20,2025-03-22,"[0.0, 1.6, 0.9]","[13.9, 13.7, 10.4]",2026-08-14 06:28:39.351046
HUB17-HUB04,2023-01-26,2023-01-29,"[0.0, 0.9, 0.4, None]","[7.0, 19.5, 1.1, 19.5]",2026-08-14 06:28:39.351223
HUB05-HUB15,2024-11-23,2024-11-25,"[1.4, 2.4, 0.0]","[13.5, 19.7, 22.3]",2026-08-14 06:28:39.351456
HUB05-HUB07,2023-12-14,2023-12-15,"[1.0, 0.6]","[15.7, 10.6]",2026-08-14 06:28:39.351608
HUB17-HUB03,2023-02-06,2023-02-08,"[1.4, 0.0, 0.2]","[12.1, 8.3, 1.8]",2026-08-14 06:28:39.351752
HUB12-HUB10,2025-12-29,2026-01-02,"[0.1, 0.0, 0.0, 0.9, 1.2]","[20.0, 19.2, 24.6, 35.3, 16.9]",2026-08-14 06:28:39.351910
HUB11-HUB13,2023-05-07,2023-05-08,"[1.0, 5.5]","[20.9, 20.4]",2026-08-14 06:28:39.352035
HUB07-HUB14,2024-07-15,2024-07-19,"[9.5, 10.2, 0.7, 16.6, 42.3]","[21.8, 5.7, 10.9, 18.3, 4.1]",2026-08-14 06:28:39.352242
HUB12-HUB04,2023-05-24,2023-05-28,"[11.8, 0.0, 1.0, 0.8, 0.0]","[30.1, 15.9, 16.8, 24.4, 22.8]",2026-08-14 06:28:39.352417
HUB17-HUB13,2025-08-10,2025-08-12,"[19.2, 38.0, 13.5]","[10.9, 12.3, 13.1]",2026-08-14 06:28:39.352555
HUB05-HUB12,2025-06-11,2025-06-16,"[9.8, 9.6, 0.8, 19.6, 0.0, 9.2]","[12.1, 25.1, 8.4, 25.5, 20.3, 4.4]",2026-08-14 06:28:39.352737
HUB14-HUB18,2023-07-02,2023-07-04,"[1.1, 11.2, 1.1]","[27.2, 18.4, 22.3]",2026-08-14 06:28:39.352877
HUB08-HUB07,2023-12-30,2023-12-31,"[0.3, 0.1]","[18.0, 16.2]",2026-08-14 06:28:39.353002
HUB07-HUB13,2023-05-12,2023-05-16,"[0.5, 0.6, 0.5, 0.7, 0.0]","[17.5, 17.4, 12.4, 15.0, 9.3]",2026-08-14 06:28:39.353202
HUB06-HUB17,2023-07-04,2023-07-08,"[0.3, 6.2, 0.0, 0.0, 0.0]","[12.2, 40.9, 15.6, 18.7, 0.7]",2026-08-14 06:28:39.353368
HUB16-HUB13,2024-05-16,2024-05-19,"[0.5, 0.5, 0.0, 9.3]","[13.2, 11.3, 17.7, 1.8]",2026-08-14 06:28:39.353517
HUB05-HUB07,2023-05-08,2023-05-09,"[0.6, 0.1]","[13.3, 15.1]",2026-08-14 06:28:39.353661
HUB08-HUB17,2024-02-22,2024-02-25,"[0.0, 0.0, 1.1, 0.0]","[20.1, 24.2, 23.3, 2.8]",2026-08-14 06:28:39.353809
HUB17-HUB15,2025-11-02,2025-11-04,"[1.5, 0.9, 0.8]","[21.3, 14.8, 22.2]",2026-08-14 06:28:39.353943
HUB09-HUB01,2024-09-02,2024-09-04,"[10.6, 0.0, 2.1]","[10.8, 16.5, 12.1]",2026-08-14 06:28:39.354142
HUB03-HUB05,2025-05-09,2025-05-11,"[1.4, 15.8, 0.4]","[12.1, 11.5, 20.4]",2026-08-14 06:28:39.354301
HUB18-HUB11,2023-10-03,2023-10-06,"[0.3, 0.0, 0.2, 0.1]","[29.9, 25.7, 30.3, 25.6]",2026-08-14 06:28:39.354454
HUB02-HUB01,2025-11-23,2025-11-24,"[0.0, 0.0]","[22.9, 16.9]",2026-08-14 06:28:39.354590
HUB17-HUB05,2025-07-02,2025-07-05,"[0.5, 27.5, 7.7, 0.0]","[9.3, 11.9, 19.5, 9.0]",2026-08-14 06:28:39.354748
HUB07-HUB14,2024-05-13,2024-05-17,"[0.8, 0.9, 9.2, 0.1, None]","[8.2, 25.9, 11.3, 11.1, 24.3]",2026-08-14 06:28:39.354914
HUB12-HUB08,2023-03-15,2023-03-19,"[0.2, 0.1, 0.1, 0.0, 0.0]","[15.2, 15.5, 16.4, 13.5, 16.2]",2026-08-14 06:28:39.355073
HUB12-HUB13,2025-08-23,2025-08-24,"[10.0, 0.0]","[6.2, 14.9]",2026-08-14 06:28:39.355235
HUB05-HUB09,2023-03-18,2023-03-19,"[0.0, 0.4]","[15.4, 17.3]",2026-08-14 06:28:39.355367
HUB06-HUB04,2025-12-07,2025-12-09,"[0.7, 0.4, 0.0]","[36.4, 10.5, 15.6]",2026-08-14 06:28:39.355504
HUB03-HUB18,2024-11-06,2024-11-07,"[0.0, 0.1]","[22.0, 17.7]",2026-08-14 06:28:39.355641
HUB04-HUB16,2024-10-15,2024-10-17,"[0.1, 0.2, 0.0]","[18.2, 15.5, 14.1]",2026-08-14 06:28:39.355824
HUB01-HUB06,2023-05-02,2023-05-05,"[0.6, 0.6, 0.1, 0.4]","[16.6, 13.2, 10.9, 9.6]",2026-08-14 06:28:39.355999
HUB01-HUB17,2025-04-07,2025-04-10,"[0.9, 0.5, 0.8, 1.3]","[15.6, 11.7, 11.7, 17.4]",2026-08-14 06:28:39.356195
HUB08-HUB07,2024-11-20,2024-11-21,"[0.1, 2.8]","[15.1, 10.9]",2026-08-14 06:28:39.356334
HUB15-HUB08,2024-09-04,2024-09-06,"[0.4, 0.4, 1.0]","[3.6, 12.1, 9.1]",2026-08-14 06:28:39.356473
HUB08-HUB02,2023-11-28,2023-11-30,"[0.6, 0.0, 0.5]","[21.8, 20.3, 20.1]",2026-08-14 06:28:39.356621
HUB14-HUB11,2023-07-06,2023-07-07,"[0.0, 0.0]","[16.6, 0.7]",2026-08-14 06:28:39.356751
HUB06-HUB14,2025-09-02,2025-09-05,"[26.4, 1.7, 28.4, 0.0]","[10.5, 7.4, 21.4, 13.4]",2026-08-14 06:28:39.356897
HUB12-HUB03,2025-03-03,2025-03-06,"[0.5, 0.2, 0.4, 1.0]","[7.1, 1.5, 5.9, 11.8]",2026-08-14 06:28:39.357044
HUB10-HUB08,2025-12-26,2025-12-29,"[0.0, 0.8, 0.6, 0.0]","[11.5, 13.9, 15.4, 15.7]",2026-08-14 06:28:39.357225
HUB14-HUB02,2024-03-09,2024-03-10,"[0.0, 0.4]","[13.6, 16.4]",2026-08-14 06:28:39.357358
HUB13-HUB11,2025-12-18,2025-12-19,"[0.0, 0.0]","[22.3, 14.5]",2026-08-14 06:28:39.357481
HUB16-HUB14,2025-04-18,2025-04-20,"[0.6, 0.5, 1.0]","[8.7, 18.9, 19.8]",2026-08-14 06:28:39.357629
HUB10-HUB08,2025-05-15,2025-05-18,"[0.0, 1.5, 0.0, 17.7]","[13.4, 13.8, 12.4, 18.8]",2026-08-14 06:28:39.357786
HUB05-HUB06,2025-05-29,2025-05-30,"[0.0, None]","[16.7, 18.0]",2026-08-14 06:28:39.357913
HUB02-HUB06,2025-12-03,2025-12-06,"[0.6, None, 0.1, 0.0]","[10.4, 13.2, 14.5, 10.1]",2026-08-14 06:28:39.358094
HUB15-HUB14,2024-06-12,2024-06-13,"[0.6, 0.0]","[19.8, 20.0]",2026-08-14 06:28:39.358282
HUB04-HUB18,2025-04-28,2025-04-29,"[0.0, 0.4]","[3.7, 8.9]",2026-08-14 06:28:39.358419
HUB02-HUB11,2025-12-09,2025-12-11,"[0.3, 0.8, 0.0]","[26.2, 28.6, 30.9]",2026-08-14 06:28:39.358555
HUB08-HUB07,2025-09-24,2025-09-25,"[0.7, 0.1]","[14.7, 13.0]",2026-08-14 06:28:39.358696
HUB17-HUB01,2025-06-28,2025-06-30,"[5.6, 21.2, 8.7]","[14.8, 18.4, 22.2]",2026-08-14 06:28:39.358834
HUB06-HUB17,2024-05-19,2024-05-22,"[1.2, 0.2, 0.0, 0.9]","[32.1, 18.7, 12.1, 34.6]",2026-08-14 06:28:39.358981
HUB11-HUB08,2025-03-08,2025-03-11,"[0.0, 1.0, 0.0, 0.4]","[12.5, 14.8, 16.0, 14.1]",2026-08-14 06:28:39.359147
HUB09-HUB14,2025-05-12,2025-05-14,"[0.0, 0.5, 0.0]","[11.7, 21.8, 8.7]",2026-08-14 06:28:39.359300
HUB14-HUB08,2024-02-15,2024-02-17,"[0.7, 0.5, 0.3]","[18.3, 10.7, 14.8]",2026-08-14 06:28:39.359435
HUB15-HUB09,2025-09-18,2025-09-20,"[0.3, 0.7, 5.9]","[15.3, 13.7, 14.9]",2026-08-14 06:28:39.359579
HUB09-HUB18,2025-02-02,2025-02-04,"[0.0, 0.7, 0.0]","[12.0, 8.9, 4.9]",2026-08-14 06:28:39.359724
HUB08-HUB02,2023-11-27,2023-11-29,"[1.0, 0.9, 0.0]","[24.7, 15.7, 10.0]",2026-08-14 06:28:39.359859
HUB08-HUB01,2024-10-30,2024-11-01,"[0.6, 0.2, 0.6]","[23.7, 19.4, 14.4]",2026-08-14 06:28:39.359993
HUB13-HUB16,2025-08-29,2025-08-31,"[0.1, 34.6, 0.0]","[14.7, 14.7, 16.5]",2026-08-14 06:28:39.360151
HUB13-HUB12,2024-09-11,2024-09-12,"[0.0, 0.0]","[18.5, 26.4]",2026-08-14 06:28:39.360293
HUB05-HUB16,2024-03-17,2024-03-19,"[0.8, 0.7, 0.6]","[16.6, 15.1, 15.0]",2026-08-14 06:28:39.360432
HUB06-HUB15,2023-03-12,2023-03-14,"[0.6, 1.2, 0.9]","[13.2, 12.2, 5.3]",2026-08-14 06:28:39.360576
HUB13-HUB11,2023-10-19,2023-10-20,"[6.8, 0.8]","[38.0, 35.1]",2026-08-14 06:28:39.360709
HUB11-HUB07,2025-05-14,2025-05-19,"[0.3, 11.3, 0.0, 0.0, 1.3, 1.8]","[21.2, 9.1, 22.3, 16.8, 15.3, 8.5]",2026-08-14 06:28:39.360884
HUB14-HUB07,2025-08-15,2025-08-19,"[30.6, 0.0, 0.5, 15.6, 0.6]","[14.3, 9.3, 12.1, 12.6, 11.5]",2026-08-14 06:28:39.361041
HUB01-HUB13,2023-06-01,2023-06-03,"[0.5, 0.9, 13.3]","[9.3, 10.8, 17.7]",2026-08-14 06:28:39.361206
HUB16-HUB02,2025-05-17,2025-05-19,"[0.8, 0.0, 0.1]","[13.5, 6.3, 15.9]",2026-08-14 06:28:39.361353
HUB16-HUB15,2023-11-04,2023-11-05,"[0.4, 0.7]","[23.8, 12.5]",2026-08-14 06:28:39.361536
HUB17-HUB11,2024-11-29,2024-12-01,"[0.0, 1.1, 0.8]","[17.7, 19.7, 19.4]",2026-08-14 06:28:39.361718
HUB04-HUB06,2023-09-14,2023-09-16,"[0.7, 1.2, 0.4]","[7.3, 12.9, 11.9]",2026-08-14 06:28:39.361864
HUB11-HUB08,2024-03-11,2024-03-14,"[1.6, None, 0.3, 0.3]","[13.9, 7.1, 14.5, 12.1]",2026-08-14 06:28:39.362013
HUB12-HUB15,2024-04-14,2024-04-17,"[0.5, 13.1, 0.0, 0.7]","[9.5, 19.4, 18.8, 22.9]",2026-08-14 06:28:39.362235
HUB06-HUB01,2025-10-07,2025-10-10,"[0.3, 22.9, 0.0, 0.6]","[24.8, 15.4, 14.9, 17.7]",2026-08-14 06:28:39.362394
HUB16-HUB18,2025-11-14,2025-11-15,"[0.5, 0.7]","[19.5, 24.1]",2026-08-14 06:28:39.362521
HUB02-HUB08,2023-01-20,2023-01-22,"[0.0, None, 0.4]","[16.4, 14.3, 16.9]",2026-08-14 06:28:39.362672
HUB13-HUB06,2024-12-04,2024-12-08,"[0.8, 0.7, 0.3, 0.8, 0.2]","[13.4, 21.3, 16.9, 11.3, 14.2]",2026-08-14 06:28:39.362830
HUB11-HUB05,2024-11-04,2024-11-07,"[0.0, 0.2, 0.4, 0.0]","[20.2, 15.7, 16.8, 13.5]",2026-08-14 06:28:39.362975
HUB09-HUB04,2023-05-06,2023-05-09,"[0.0, 0.3, 0.0, 0.0]","[22.0, 25.3, 15.4, 26.3]",2026-08-14 06:28:39.363122
HUB14-HUB07,2024-02-05,2024-02-08,"[0.5, 0.1, 0.8, 0.0]","[14.5, 12.5, 15.2, 9.3]",2026-08-14 06:28:39.363302
HUB10-HUB17,2024-01-14,2024-01-16,"[0.0, None, 0.5]","[18.2, 3.5, 23.8]",2026-08-14 06:28:39.363438
HUB02-HUB18,2025-05-11,2025-05-12,"[0.0, 1.0]","[26.4, 22.0]",2026-08-14 06:28:39.363563
HUB08-HUB01,2024-05-23,2024-05-25,"[None, 0.0, 0.6]","[11.6, 24.2, 13.3]",2026-08-14 06:28:39.363719
HUB17-HUB04,2025-07-02,2025-07-05,"[1.0, 0.7, 0.8, 7.5]","[21.6, 18.7, 15.6, 22.8]",2026-08-14 06:28:39.363869
HUB01-HUB03,2025-08-21,2025-08-22,"[0.9, 18.1]","[18.2, 22.2]",2026-08-14 06:28:39.363994
HUB02-HUB13,2023-04-28,2023-04-30,"[0.3, 0.3, 0.2]","[12.5, 10.7, 12.5]",2026-08-14 06:28:39.364155
HUB14-HUB07,2025-01-29,2025-02-02,"[0.8, 0.7, 1.1, 4.9, 3.8]","[13.4, 17.6, 13.0, 17.5, 16.9]",2026-08-14 06:28:39.364326
HUB02-HUB11,2023-05-28,2023-05-30,"[0.5, 1.3, 0.1]","[26.7, 8.1, 18.8]",2026-08-14 06:28:39.364469
HUB18-HUB13,2023-12-31,2024-01-02,"[0.5, 0.0, 1.0]","[13.1, 10.7, 8.3]",2026-08-14 06:28:39.364616
HUB10-HUB18,2023-09-28,2023-10-02,"[0.2, 0.0, 0.8, 0.9, 0.2]","[24.9, 14.9, 6.7, 20.9, 11.1]",2026-08-14 06:28:39.364776
HUB13-HUB17,2024-11-15,2024-11-17,"[0.9, 0.1, 0.7]","[25.3, 22.7, 37.5]",2026-08-14 06:28:39.364911
HUB13-HUB16,2024-01-25,2024-01-28,"[0.3, 1.5, 0.0, 0.3]","[12.3, 14.1, 16.0, 13.9]",2026-08-14 06:28:39.365056
HUB17-HUB10,2023-07-26,2023-07-28,"[27.3, 2.7, 14.6]","[11.4, 22.7, 7.6]",2026-08-14 06:28:39.365221
HUB18-HUB06,2023-09-11,2023-09-13,"[0.0, 1.0, 3.1]","[15.1, 10.1, 20.0]",2026-08-14 06:28:39.365363
HUB16-HUB15,2024-12-20,2024-12-21,"[11.0, 0.1]","[26.2, 10.6]",2026-08-14 06:28:39.365488
HUB13-HUB17,2025-11-25,2025-11-27,"[0.3, 0.1, 0.5]","[16.2, 37.1, 19.6]",2026-08-14 06:28:39.365634
HUB07-HUB05,2025-11-12,2025-11-13,"[1.2, None]","[23.5, 15.0]",2026-08-14 06:28:39.365763
HUB06-HUB07,2023-08-20,2023-08-21,"[29.9, 0.4]","[17.7, 17.3]",2026-08-14 06:28:39.365891
HUB07-HUB13,2025-06-02,2025-06-07,"[4.3, 0.5, 20.8, 0.2, 0.7, 0.9]","[18.4, 15.4, 10.8, 17.1, 7.4, 3.6]",2026-08-14 06:28:39.366088
HUB18-HUB13,2025-04-14,2025-04-16,"[0.7, 0.0, 0.5]","[18.9, 10.2, 16.6]",2026-08-14 06:28:39.366270
HUB09-HUB05,2025-02-12,2025-02-13,"[0.6, 0.0]","[13.3, 17.4]",2026-08-14 06:28:39.366399
HUB01-HUB02,2025-02-27,2025-02-28,"[16.4, 0.9]","[23.5, 10.5]",2026-08-14 06:28:39.366523
HUB02-HUB16,2024-06-11,2024-06-13,"[0.3, 0.2, 1.0]","[12.2, 17.8, 12.8]",2026-08-14 06:28:39.366669
HUB11-HUB14,2025-03-04,2025-03-05,"[0.0, 0.0]","[15.6, 12.8]",2026-08-14 06:28:39.366793
HUB01-HUB07,2024-06-10,2024-06-13,"[0.3, 0.0, 0.0, 0.9]","[17.4, 14.0, 16.2, 17.0]",2026-08-14 06:28:39.366937
HUB13-HUB03,2025-02-08,2025-02-11,"[0.9, 0.1, 0.9, 0.3]","[13.7, 14.6, 13.3, 3.3]",2026-08-14 06:28:39.367082
HUB01-HUB14,2025-02-24,2025-02-26,"[0.5, 1.2, 0.3]","[16.2, 12.1, 16.4]",2026-08-14 06:28:39.367252
HUB13-HUB03,2025-12-24,2025-12-27,"[0.0, 0.0, 0.1, 0.7]","[23.5, 18.6, 13.6, 5.4]",2026-08-14 06:28:39.367401
HUB10-HUB07,2025-01-27,2025-01-31,"[0.6, 0.7, 1.3, 0.0, 0.3]","[20.1, 8.4, 12.5, 8.1, 18.8]",2026-08-14 06:28:39.367558
HUB13-HUB07,2025-07-20,2025-07-25,"[4.0, 8.2, 0.0, 0.0, 6.8, None]","[11.3, 12.6, 9.7, 13.7, 12.7, 11.0]",2026-08-14 06:28:39.367740
HUB10-HUB11,2025-08-19,2025-08-22,"[15.4, 9.6, 20.1, 60.8]","[19.9, 8.4, 7.5, 24.4]",2026-08-14 06:28:39.367888
HUB08-HUB12,2023-11-21,2023-11-25,"[0.0, 0.3, 0.0, 1.1, 0.2]","[2.1, 29.0, 21.0, 28.2, 15.4]",2026-08-14 06:28:39.368042
HUB02-HUB12,2025-01-17,2025-01-20,"[0.5, 0.0, 0.0, 0.0]","[12.1, 28.7, 10.5, 11.1]",2026-08-14 06:28:39.368215
HUB11-HUB16,2023-03-17,2023-03-19,"[0.0, 0.0, 0.7]","[8.0, 12.6, 11.9]",2026-08-14 06:28:39.368362
HUB04-HUB05,2023-04-26,2023-04-29,"[0.2, 0.5, 0.3, 0.5]","[17.0, 25.7, 4.4, 11.7]",2026-08-14 06:28:39.368578
HUB16-HUB07,2024-12-29,2024-12-31,"[0.4, 0.8, 0.2]","[18.7, 11.8, 16.1]",2026-08-14 06:28:39.368728
HUB14-HUB06,2024-11-21,2024-11-24,"[0.2, 0.0, 0.0, 1.3]","[11.9, 13.2, 7.5, 11.0]",2026-08-14 06:28:39.368874
HUB18-HUB13,2025-01-29,2025-01-31,"[0.7, 0.1, 4.9]","[13.0, 20.7, 13.4]",2026-08-14 06:28:39.369049
HUB10-HUB05,2023-06-14,2023-06-17,"[0.0, 0.4, 0.5, None]","[15.5, 16.5, 12.6, 10.7]",2026-08-14 06:28:39.369235
HUB17-HUB13,2023-08-17,2023-08-19,"[0.9, 19.6, 0.7]","[9.0, 17.2, 18.3]",2026-08-14 06:28:39.369378
HUB15-HUB08,2025-10-07,2025-10-09,"[0.2, 0.0, 0.7]","[9.3, 14.4, 12.2]",2026-08-14 06:28:39.369514
HUB15-HUB12,2023-06-24,2023-06-27,"[0.3, 44.2, 9.2, 0.0]","[5.1, 14.5, 21.4, 13.9]",2026-08-14 06:28:39.369795
HUB04-HUB01,2024-02-23,2024-02-24,"[1.1, 0.9]","[5.5, 15.8]",2026-08-14 06:28:39.369927
HUB15-HUB11,2023-05-20,2023-05-22,"[0.0, 4.2, 0.2]","[20.9, 24.6, 21.6]",2026-08-14 06:28:39.370110
HUB11-HUB18,2025-09-21,2025-09-24,"[0.4, 1.1, None, 0.5]","[15.5, 11.3, 13.3, 9.4]",2026-08-14 06:28:39.370305
HUB15-HUB01,2025-03-05,2025-03-07,"[0.6, 0.0, 0.5]","[12.0, 14.9, 18.9]",2026-08-14 06:28:39.370448
HUB05-HUB06,2024-10-05,2024-10-06,"[0.0, 0.0]","[15.2, 15.0]",2026-08-14 06:28:39.370584
HUB05-HUB08,2025-06-02,2025-06-03,"[1.1, 0.3]","[10.2, 21.2]",2026-08-14 06:28:39.370716
HUB18-HUB08,2023-02-19,2023-02-21,"[0.2, 1.0, 0.1]","[15.9, 15.1, 12.5]",2026-08-14 06:28:39.370852
HUB08-HUB03,2023-10-17,2023-10-19,"[0.6, 0.2, 0.3]","[20.8, 28.9, 28.6]",2026-08-14 06:28:39.370986
HUB17-HUB05,2024-01-28,2024-02-01,"[0.3, 0.9, 12.1, 1.4, 1.0]","[13.8, 17.5, 14.1, 19.9, 11.1]",2026-08-14 06:28:39.371284
HUB05-HUB02,2025-05-26,2025-05-28,"[0.0, 0.0, 0.3]","[21.2, 26.6, 12.9]",2026-08-14 06:28:39.371511
HUB06-HUB08,2023-02-03,2023-02-04,"[0.9, 0.5]","[9.2, 15.6]",2026-08-14 06:28:39.371701
HUB08-HUB14,2023-05-23,2023-05-26,"[0.1, 1.3, 0.0, 0.0]","[22.9, 19.3, 13.1, 13.2]",2026-08-14 06:28:39.371864
HUB03-HUB17,2024-01-24,2024-01-27,"[0.0, 0.0, 0.2, 0.0]","[24.1, 18.3, 11.6, 25.8]",2026-08-14 06:28:39.372016
HUB08-HUB11,2025-09-11,2025-09-14,"[10.8, 0.0, 0.0, 0.1]","[12.9, 12.5, 17.6, 15.0]",2026-08-14 06:28:39.372228
HUB03-HUB13,2023-10-02,2023-10-05,"[0.3, 11.6, 0.0, 0.3]","[15.1, 8.5, 18.8, 13.2]",2026-08-14 06:28:39.372393
HUB03-HUB16,2025-06-20,2025-06-21,"[0.0, 0.0]","[8.8, 15.5]",2026-08-14 06:28:39.372525
HUB04-HUB09,2023-10-23,2023-10-26,"[2.6, 1.0, 0.3, 0.3]","[15.1, 10.5, 22.5, 11.2]",2026-08-14 06:28:39.372689
HUB07-HUB11,2024-04-15,2024-04-19,"[0.2, 0.8, 0.5, 9.8, 0.0]","[25.7, 22.2, 13.8, 12.7, 7.3]",2026-08-14 06:28:39.372852
HUB12-HUB13,2025-12-19,2025-12-20,"[None, 0.1]","[20.7, 14.1]",2026-08-14 06:28:39.372979
HUB07-HUB03,2023-07-18,2023-07-20,"[0.0, 14.9, 32.3]","[13.1, 16.4, 20.0]",2026-08-14 06:28:39.373115
HUB04-HUB09,2023-02-19,2023-02-22,"[0.4, 0.5, 0.8, 0.0]","[15.0, 11.0, 7.7, 12.2]",2026-08-14 06:28:39.373302
HUB18-HUB10,2023-03-29,2023-04-02,"[0.0, 1.5, 1.4, 1.3, 0.0]","[5.3, 24.2, 16.3, 16.6, 2.9]",2026-08-14 06:28:39.373460
HUB04-HUB03,2023-11-25,2023-11-26,"[0.6, 0.4]","[2.1, 20.9]",2026-08-14 06:28:39.373597
HUB12-HUB09,2023-11-07,2023-11-11,"[0.0, 0.2, 0.2, 0.7, 0.8]","[12.2, 11.5, 14.2, 15.0, 12.8]",2026-08-14 06:28:39.373756
HUB08-HUB06,2025-03-08,2025-03-09,"[0.9, 0.9]","[11.3, 14.4]",2026-08-14 06:28:39.373881
HUB02-HUB13,2023-05-11,2023-05-13,"[0.0, 5.8, 0.7]","[16.5, 15.5, 11.8]",2026-08-14 06:28:39.374022
HUB15-HUB09,2025-06-22,2025-06-24,"[0.3, 0.9, 0.0]","[10.2, 15.0, 15.2]",2026-08-14 06:28:39.374240
HUB02-HUB06,2025-08-02,2025-08-04,"[10.8, 0.0, 30.5]","[11.0, 17.4, 20.7]",2026-08-14 06:28:39.374392
HUB03-HUB14,2023-06-16,2023-06-18,"[0.7, 1.1, 3.9]","[11.4, 17.9, 7.4]",2026-08-14 06:28:39.374531
HUB01-HUB14,2024-10-27,2024-10-29,"[0.0, 0.0, 0.6]","[18.4, 23.5, 19.3]",2026-08-14 06:28:39.374682
HUB03-HUB01,2025-12-08,2025-12-09,"[0.3, None]","[10.5, 20.3]",2026-08-14 06:28:39.374808
HUB06-HUB12,2025-05-18,2025-05-23,"[0.6, 1.0, 34.0, 0.2, 11.3, 0.0]","[48.3, 28.9, 14.3, 21.6, 20.9, 30.4]",2026-08-14 06:28:39.374985
HUB02-HUB07,2025-07-21,2025-07-24,"[36.5, 0.0, 3.1, 7.4]","[16.7, 19.2, 16.4, 13.8]",2026-08-14 06:28:39.375159
HUB04-HUB01,2024-12-27,2024-12-29,"[0.0, 0.1, 0.0]","[28.7, 14.9, 5.7]",2026-08-14 06:28:39.375314
HUB02-HUB03,2023-11-25,2023-11-27,"[0.7, 0.4, 0.9]","[23.6, 9.8, 19.9]",2026-08-14 06:28:39.375451
HUB04-HUB05,2024-02-19,2024-02-22,"[0.9, 0.3, 0.0, 0.8]","[9.4, 12.8, 7.9, 7.2]",2026-08-14 06:28:39.375609
HUB03-HUB12,2023-02-02,2023-02-05,"[4.9, 0.0, 0.7, 0.1]","[11.1, 17.7, 24.5, 21.4]",2026-08-14 06:28:39.375762
HUB06-HUB08,2023-08-14,2023-08-15,"[7.0, 0.1]","[12.3, 20.9]",2026-08-14 06:28:39.375892
HUB15-HUB04,2023-03-17,2023-03-19,"[1.0, 0.0, 2.0]","[13.4, 7.6, 2.9]",2026-08-14 06:28:39.376027
HUB03-HUB16,2023-06-01,2023-06-02,"[0.8, 0.0]","[17.2, 12.9]",2026-08-14 06:28:39.376180
HUB18-HUB07,2023-05-06,2023-05-08,"[0.6, 0.4, 0.1]","[13.5, 12.3, 11.4]",2026-08-14 06:28:39.376328
HUB10-HUB17,2023-12-24,2023-12-26,"[0.1, 1.2, 0.5]","[19.9, 12.5, 14.2]",2026-08-14 06:28:39.376466
HUB04-HUB08,2025-09-12,2025-09-14,"[1.2, 0.5, 0.0]","[13.4, 13.4, 7.6]",2026-08-14 06:28:39.376614
HUB03-HUB11,2023-09-26,2023-09-28,"[0.8, 1.8, 0.1]","[15.2, 10.0, 17.3]",2026-08-14 06:28:39.376755
HUB04-HUB08,2023-04-11,2023-04-13,"[0.0, 1.0, 0.7]","[13.0, 20.5, 18.4]",2026-08-14 06:28:39.376892
HUB14-HUB07,2025-08-26,2025-08-30,"[0.1, 0.3, 0.7, 5.0, 0.8]","[15.1, 13.9, 15.5, 20.9, 11.9]",2026-08-14 06:28:39.377047
HUB03-HUB10,2024-09-08,2024-09-11,"[4.2, 2.5, 1.5, 51.6]","[3.2, 19.2, 16.8, 4.4]",2026-08-14 06:28:39.377223
HUB10-HUB16,2023-03-26,2023-03-29,"[0.0, 9.2, 0.5, 1.1]","[9.5, 13.6, 10.1, 7.7]",2026-08-14 06:28:39.377377
HUB01-HUB02,2025-12-14,2025-12-15,"[0.8, 1.9]","[9.8, 10.5]",2026-08-14 06:28:39.377504
HUB08-HUB18,2024-03-07,2024-03-08,"[1.3, 0.3]","[14.1, 11.4]",2026-08-14 06:28:39.377638
HUB16-HUB15,2024-11-25,2024-11-26,"[1.2, 0.4]","[22.7, 20.0]",2026-08-14 06:28:39.377766
HUB15-HUB09,2023-03-24,2023-03-26,"[17.4, 0.1, 1.0]","[13.6, 20.9, 15.0]",2026-08-14 06:28:39.377901
HUB10-HUB06,2024-10-13,2024-10-16,"[0.7, 2.0, 0.0, 0.3]","[18.1, 18.4, 15.0, 17.3]",2026-08-14 06:28:39.378079
HUB05-HUB11,2025-01-17,2025-01-21,"[0.8, 0.3, 0.7, 0.7, 0.4]","[1.2, 21.3, 12.8, 23.4, 21.6]",2026-08-14 06:28:39.378293
HUB06-HUB10,2023-09-13,2023-09-16,"[19.8, 0.0, 40.1, 0.1]","[28.1, 14.7, 14.6, 6.0]",2026-08-14 06:28:39.378453
HUB06-HUB08,2024-10-03,2024-10-04,"[0.0, 1.2]","[10.7, 17.1]",2026-08-14 06:28:39.378596
HUB04-HUB06,2023-01-31,2023-02-02,"[0.8, 0.9, 0.5]","[12.8, 13.0, 13.9]",2026-08-14 06:28:39.378739
HUB12-HUB03,2023-07-24,2023-07-27,"[1.1, 0.9, 0.4, 3.3]","[4.4, 24.0, 15.3, 15.1]",2026-08-14 06:28:39.378886
HUB04-HUB01,2025-12-09,2025-12-10,"[0.3, 0.2]","[10.0, 16.8]",2026-08-14 06:28:39.379011
HUB18-HUB02,2023-03-28,2023-03-29,"[0.0, 0.5]","[17.8, 8.7]",2026-08-14 06:28:39.379216
HUB02-HUB11,2025-01-31,2025-02-02,"[1.7, 0.4, 2.5]","[23.0, 15.5, 13.5]",2026-08-14 06:28:39.379361
HUB12-HUB09,2024-01-19,2024-01-23,"[1.0, 0.9, 0.8, 0.0, 0.0]","[7.2, 14.9, 10.5, 19.3, 13.5]",2026-08-14 06:28:39.379520
HUB12-HUB09,2024-10-02,2024-10-06,"[5.1, 0.5, 0.2, 0.1, 0.1]","[13.8, 15.9, 16.3, 22.2, 13.0]",2026-08-14 06:28:39.379693
HUB12-HUB14,2023-06-06,2023-06-08,"[1.7, 16.1, 1.0]","[18.3, 6.8, 11.7]",2026-08-14 06:28:39.379831
HUB12-HUB08,2024-03-19,2024-03-23,"[0.0, 0.9, 0.9, 0.5, 0.0]","[16.3, 12.8, 14.1, 14.3, 17.1]",2026-08-14 06:28:39.379985
HUB09-HUB07,2023-02-28,2023-03-02,"[0.6, 0.0, 0.2]","[9.6, 14.1, 12.3]",2026-08-14 06:28:39.380146
HUB03-HUB10,2024-06-13,2024-06-16,"[24.9, 7.8, 0.0, 1.0]","[5.0, 20.1, 15.2, 17.7]",2026-08-14 06:28:39.380323
HUB12-HUB10,2023-01-08,2023-01-11,"[0.3, 0.7, 1.1, 0.4]","[24.9, 8.6, 6.1, 12.3]",2026-08-14 06:28:39.380472
HUB04-HUB13,2025-11-14,2025-11-17,"[0.0, 7.5, 0.9, 0.2]","[13.2, 31.7, 13.1, 10.8]",2026-08-14 06:28:39.380631
HUB04-HUB18,2025-04-01,2025-04-02,"[0.4, None]","[10.7, 2.7]",2026-08-14 06:28:39.380763
HUB15-HUB10,2024-08-02,2024-08-05,"[21.8, 23.8, 69.0, 0.8]","[2.7, 5.8, 10.1, 15.2]",2026-08-14 06:28:39.380912
HUB03-HUB02,2024-04-10,2024-04-11,"[5.1, 0.3]","[12.3, 10.5]",2026-08-14 06:28:39.381039
HUB10-HUB08,2023-02-26,2023-03-01,"[0.0, 1.2, 0.6, 0.2]","[12.2, 17.1, 16.2, 17.1]",2026-08-14 06:28:39.381214
HUB07-HUB04,2023-10-21,2023-10-23,"[0.0, None, 1.6]","[28.2, 27.1, 15.1]",2026-08-14 06:28:39.381361
HUB04-HUB18,2024-04-27,2024-04-28,"[0.1, 0.0]","[21.8, 7.8]",2026-08-14 06:28:39.381489
HUB18-HUB09,2023-10-09,2023-10-11,"[0.6, 1.5, 0.0]","[17.1, 10.5, 20.1]",2026-08-14 06:28:39.381635
HUB12-HUB11,2024-03-05,2024-03-06,"[0.9, 0.9]","[19.2, 12.3]",2026-08-14 06:28:39.381762
HUB09-HUB10,2025-06-04,2025-06-07,"[8.2, 59.8, 3.7, 1.9]","[4.0, 12.4, 18.5, 6.1]",2026-08-14 06:28:39.381907
HUB16-HUB05,2023-12-23,2023-12-25,"[0.2, 0.0, 0.0]","[15.7, 10.0, 15.2]",2026-08-14 06:28:39.382043
HUB07-HUB04,2025-05-27,2025-05-29,"[8.9, 0.0, 0.7]","[24.7, 33.7, 18.8]",2026-08-14 06:28:39.382274
HUB06-HUB05,2023-08-02,2023-08-03,"[34.7, 9.7]","[9.1, 11.8]",2026-08-14 06:28:39.382408
HUB01-HUB10,2025-08-19,2025-08-22,"[20.9, 0.0, 11.5, 0.0]","[13.9, 0.8, 16.5, 25.3]",2026-08-14 06:28:39.382556
HUB14-HUB09,2024-10-02,2024-10-04,"[0.0, 1.7, 0.0]","[15.6, 16.7, 18.2]",2026-08-14 06:28:39.382710
HUB18-HUB07,2023-01-23,2023-01-25,"[0.8, 3.5, 0.0]","[13.9, 18.4, 14.4]",2026-08-14 06:28:39.382848
HUB16-HUB03,2023-10-16,2023-10-17,"[0.0, 0.9]","[15.8, 22.0]",2026-08-14 06:28:39.382973
HUB01-HUB02,2025-05-12,2025-05-13,"[0.8, 1.4]","[22.1, 20.3]",2026-08-14 06:28:39.383097
HUB07-HUB01,2023-03-04,2023-03-07,"[0.8, 0.2, 0.0, 0.4]","[16.1, 9.8, 19.5, 11.5]",2026-08-14 06:28:39.383276
HUB18-HUB01,2025-08-17,2025-08-18,"[36.3, 25.8]","[19.1, 11.1]",2026-08-14 06:28:39.383406
HUB17-HUB11,2023-06-28,2023-06-30,"[0.7, 12.5, 0.2]","[22.4, 3.2, 23.3]",2026-08-14 06:28:39.383543
HUB04-HUB05,2023-09-28,2023-10-01,"[0.0, 6.7, 1.1, 0.4]","[16.7, 15.7, 11.8, 15.3]",2026-08-14 06:28:39.383708
HUB08-HUB07,2024-05-04,2024-05-05,"[0.0, 0.1]","[19.9, 13.0]",2026-08-14 06:28:39.383843
HUB10-HUB07,2024-02-23,2024-02-26,"[0.0, 0.0, 7.9, 0.9]","[17.2, 16.9, 11.9, 16.9]",2026-08-14 06:28:39.383991
HUB02-HUB15,2023-11-18,2023-11-19,"[1.0, 1.9]","[14.8, 16.5]",2026-08-14 06:28:39.384117
HUB08-HUB02,2023-02-18,2023-02-20,"[0.3, 0.0, 0.7]","[11.4, 12.2, 14.8]",2026-08-14 06:28:39.384287
HUB14-HUB01,2024-09-05,2024-09-07,"[0.3, 0.0, 0.5]","[28.2, 15.4, 18.3]",2026-08-14 06:28:39.384429
HUB14-HUB11,2023-10-07,2023-10-08,"[0.0, 1.4]","[25.3, 16.0]",2026-08-14 06:28:39.384553
HUB04-HUB13,2023-05-18,2023-05-21,"[0.8, 0.0, 0.6, 0.0]","[21.3, 15.2, 19.4, 14.9]",2026-08-14 06:28:39.384715
HUB10-HUB06,2023-08-26,2023-08-29,"[4.4, 0.4, 12.4, 10.6]","[17.2, 10.8, 15.6, 16.5]",2026-08-14 06:28:39.384890
HUB04-HUB13,2023-10-30,2023-11-02,"[0.6, 0.5, 5.7, 0.1]","[23.7, 15.2, 17.5, 9.8]",2026-08-14 06:28:39.385048
HUB14-HUB01,2024-07-28,2024-07-30,"[48.4, 38.9, 58.3]","[9.6, 18.1, 13.1]",2026-08-14 06:28:39.385218
HUB12-HUB16,2024-05-06,2024-05-09,"[0.6, 0.0, 1.0, 1.3]","[12.9, 12.4, 9.7, 15.3]",2026-08-14 06:28:39.385381
HUB13-HUB08,2024-05-20,2024-05-23,"[0.0, 4.8, 0.2, 1.1]","[16.6, 11.3, 13.1, 20.1]",2026-08-14 06:28:39.385531
HUB10-HUB15,2023-07-01,2023-07-03,"[0.8, 6.0, 0.0]","[15.8, 12.3, 15.0]",2026-08-14 06:28:39.385679
HUB07-HUB15,2023-03-03,2023-03-05,"[0.0, 14.4, 18.1]","[20.9, 11.3, 17.0]",2026-08-14 06:28:39.385815
HUB02-HUB18,2025-03-02,2025-03-03,"[1.1, 0.0]","[9.1, 23.4]",2026-08-14 06:28:39.385938
HUB14-HUB09,2024-02-27,2024-02-29,"[0.6, 0.0, 0.5]","[15.9, 19.4, 13.6]",2026-08-14 06:28:39.386118
HUB15-HUB03,2025-06-27,2025-06-29,"[2.5, 0.5, 1.8]","[14.8, 4.8, 23.5]",2026-08-14 06:28:39.386292
HUB08-HUB12,2025-03-14,2025-03-18,"[1.0, 1.7, 0.5, 0.0, 0.0]","[5.3, 16.4, 7.9, 25.6, 10.6]",2026-08-14 06:28:39.386451
HUB01-HUB07,2023-01-20,2023-01-23,"[0.3, 0.0, 0.0, 0.0]","[12.5, 18.2, 18.8, 16.5]",2026-08-14 06:28:39.386610
HUB10-HUB14,2024-06-01,2024-06-04,"[1.2, 1.3, 0.9, 32.1]","[14.1, 14.0, 14.0, 16.6]",2026-08-14 06:28:39.386762
HUB04-HUB18,2023-12-07,2023-12-08,"[0.5, 0.6]","[18.7, 19.8]",2026-08-14 06:28:39.386886
HUB17-HUB01,2025-03-02,2025-03-05,"[None, 0.0, 0.0, 0.5]","[22.8, 5.8, 20.3, 15.8]",2026-08-14 06:28:39.387029
HUB12-HUB15,2023-02-02,2023-02-05,"[0.0, 0.0, 0.7, 0.0]","[15.4, 15.2, 20.9, 20.3]",2026-08-14 06:28:39.387203
HUB18-HUB01,2024-03-29,2024-03-30,"[0.0, 9.5]","[11.7, 7.1]",2026-08-14 06:28:39.387343
HUB14-HUB15,2024-06-05,2024-06-06,"[19.0, 0.7]","[12.0, 19.6]",2026-08-14 06:28:39.387470
HUB16-HUB18,2023-11-19,2023-11-20,"[1.2, 3.2]","[8.5, 29.7]",2026-08-14 06:28:39.387606
HUB09-HUB11,2025-07-25,2025-07-28,"[40.3, 12.9, 27.0, 1.3]","[5.8, 7.5, 4.3, 26.3]",2026-08-14 06:28:39.387759
HUB17-HUB01,2024-06-29,2024-07-02,"[6.8, 0.0, 0.0, 0.6]","[21.0, 14.2, 23.6, 11.5]",2026-08-14 06:28:39.387905
HUB09-HUB18,2024-02-13,2024-02-15,"[0.1, 0.0, 0.2]","[17.7, 18.8, 19.0]",2026-08-14 06:28:39.388042
HUB08-HUB05,2023-12-08,2023-12-09,"[0.0, 0.1]","[10.3, 19.2]",2026-08-14 06:28:39.388192
HUB17-HUB08,2024-01-12,2024-01-15,"[0.0, 0.1, 0.0, 0.3]","[11.0, 10.8, 17.9, 15.0]",2026-08-14 06:28:39.388346
HUB07-HUB17,2023-07-10,2023-07-13,"[8.9, 0.0, 0.5, 0.2]","[33.7, 6.2, 28.2, 18.5]",2026-08-14 06:28:39.388493
HUB06-HUB07,2024-04-20,2024-04-21,"[9.3, 1.0]","[14.2, 10.5]",2026-08-14 06:28:39.388633
HUB10-HUB02,2024-11-17,2024-11-20,"[0.2, 0.6, 0.0, 0.8]","[18.5, 15.2, 16.6, 14.1]",2026-08-14 06:28:39.388782
HUB10-HUB18,2024-07-24,2024-07-28,"[3.2, 0.9, 0.0, 16.1, 1.9]","[13.6, 27.4, 12.0, 18.9, 4.8]",2026-08-14 06:28:39.388940
HUB10-HUB16,2025-07-07,2025-07-10,"[0.0, 24.6, 7.8, 20.1]","[11.9, 19.5, 15.7, 14.1]",2026-08-14 06:28:39.389086
HUB12-HUB07,2023-11-15,2023-11-20,"[0.0, 0.4, 0.6, 0.1, 0.2, 0.3]","[20.6, 22.9, 21.3, 16.5, 15.5, 8.1]",2026-08-14 06:28:39.389286
HUB09-HUB06,2025-04-01,2025-04-02,"[0.8, 0.6]","[11.7, 14.9]",2026-08-14 06:28:39.389418
HUB17-HUB16,2024-04-12,2024-04-15,"[0.0, 0.8, 0.8, 0.0]","[8.4, 20.5, 16.9, 9.9]",2026-08-14 06:28:39.389577
HUB17-HUB18,2024-06-08,2024-06-11,"[0.0, 0.0, 0.7, 0.0]","[25.6, 25.4, 17.6, 1.2]",2026-08-14 06:28:39.389733
HUB14-HUB07,2023-11-03,2023-11-06,"[0.7, 0.2, 0.0, 0.2]","[13.8, 9.8, 12.5, 11.1]",2026-08-14 06:28:39.389878
HUB07-HUB05,2025-07-02,2025-07-03,"[1.2, 1.4]","[17.4, 13.7]",2026-08-14 06:28:39.390001
HUB03-HUB14,2023-03-20,2023-03-22,"[0.3, 0.2, 0.4]","[7.1, 17.1, 13.2]",2026-08-14 06:28:39.390202
HUB01-HUB10,2023-08-26,2023-08-29,"[2.2, 1.0, 0.0, 0.7]","[6.5, 10.8, 2.3, 12.9]",2026-08-14 06:28:39.390361
HUB14-HUB09,2023-03-21,2023-03-23,"[0.7, 0.0, 0.9]","[14.9, 16.8, 14.1]",2026-08-14 06:28:39.390498
HUB03-HUB02,2025-09-14,2025-09-15,"[9.6, 0.1]","[10.6, 11.4]",2026-08-14 06:28:39.390635
HUB12-HUB11,2024-05-16,2024-05-17,"[0.7, 0.0]","[32.9, 24.8]",2026-08-14 06:28:39.390763
HUB08-HUB02,2025-12-24,2025-12-26,"[None, 0.0, 1.8]","[19.9, 24.9, 18.3]",2026-08-14 06:28:39.390896
HUB14-HUB17,2024-06-05,2024-06-06,"[1.0, 1.8]","[29.2, 15.5]",2026-08-14 06:28:39.391020
HUB16-HUB05,2024-06-18,2024-06-20,"[0.1, 0.3, 0.2]","[14.4, 10.4, 13.3]",2026-08-14 06:28:39.391185
HUB02-HUB13,2024-07-23,2024-07-25,"[0.4, 0.5, 42.8]","[11.6, 15.4, 13.3]",2026-08-14 06:28:39.391332
HUB09-HUB03,2025-04-28,2025-04-30,"[1.0, 15.6, 0.3]","[11.6, 11.4, 15.5]",2026-08-14 06:28:39.391468
HUB17-HUB15,2024-11-10,2024-11-12,"[0.3, 0.0, 0.3]","[29.0, 23.3, 27.6]",2026-08-14 06:28:39.391613
HUB07-HUB08,2025-02-15,2025-02-16,"[0.9, 0.7]","[10.6, 6.7]",2026-08-14 06:28:39.391800
HUB15-HUB09,2024-08-20,2024-08-22,"[17.1, 0.0, 9.2]","[12.4, 12.3, 13.8]",2026-08-14 06:28:39.391949
HUB14-HUB02,2025-05-08,2025-05-09,"[0.2, 1.0]","[19.2, 23.0]",2026-08-14 06:28:39.392078
HUB16-HUB02,2025-02-10,2025-02-12,"[0.1, 0.6, 1.6]","[12.8, 16.6, 13.7]",2026-08-14 06:28:39.392271
HUB02-HUB15,2023-11-30,2023-12-01,"[0.7, 0.3]","[19.3, 5.0]",2026-08-14 06:28:39.392464
HUB16-HUB17,2024-03-25,2024-03-27,"[0.4, 0.1, 0.6]","[0.6, 7.3, 7.8]",2026-08-14 06:28:39.392651
HUB01-HUB11,2023-07-29,2023-08-01,"[20.7, 0.5, 56.0, 0.5]","[18.0, 5.6, 8.0, 8.4]",2026-08-14 06:28:39.392903
HUB02-HUB18,2025-12-13,2025-12-14,"[0.0, 0.0]","[12.5, 22.7]",2026-08-14 06:28:39.393074
HUB04-HUB07,2024-06-20,2024-06-22,"[0.2, 0.3, 0.0]","[4.8, 14.9, 16.9]",2026-08-14 06:28:39.393267
HUB15-HUB06,2025-04-12,2025-04-14,"[0.9, 0.4, 0.0]","[18.3, 18.4, 11.2]",2026-08-14 06:28:39.393414
HUB03-HUB15,2024-07-18,2024-07-20,"[0.4, 10.4, 11.1]","[18.9, 5.4, 10.0]",2026-08-14 06:28:39.393554
HUB13-HUB16,2023-07-30,2023-08-02,"[4.0, 0.0, 15.2, 0.8]","[21.0, 9.0, 18.3, 15.6]",2026-08-14 06:28:39.393720
HUB06-HUB02,2023-12-23,2023-12-26,"[0.1, 0.8, 0.4, 0.0]","[15.9, 17.1, 12.2, 21.3]",2026-08-14 06:28:39.393866
HUB13-HUB11,2024-10-20,2024-10-21,"[0.3, 6.7]","[22.9, 23.0]",2026-08-14 06:28:39.393992
HUB13-HUB14,2025-01-05,2025-01-06,"[0.0, 0.0]","[18.9, 16.4]",2026-08-14 06:28:39.394184
HUB07-HUB12,2025-05-21,2025-05-26,"[9.8, 0.0, 0.0, 0.3, 0.0, 0.9]","[21.7, 26.1, 30.4, 30.7, 18.2, 20.3]",2026-08-14 06:28:39.394372
HUB18-HUB08,2023-12-29,2023-12-30,"[0.4, 0.3]","[16.1, 13.3]",2026-08-14 06:28:39.394502
HUB05-HUB01,2023-10-14,2023-10-17,"[0.0, 0.8, 0.3, 0.7]","[11.4, 12.9, 9.4, 24.1]",2026-08-14 06:28:39.394665
HUB02-HUB06,2023-07-22,2023-07-25,"[8.0, 20.4, 37.5, 0.0]","[15.0, 12.5, 10.2, 10.6]",2026-08-14 06:28:39.394819
HUB11-HUB15,2024-04-01,2024-04-03,"[0.0, 0.6, 0.2]","[18.1, 9.2, 10.3]",2026-08-14 06:28:39.394961
HUB01-HUB18,2023-04-06,2023-04-07,"[0.2, 0.2]","[5.2, 14.5]",2026-08-14 06:28:39.395087
HUB06-HUB18,2023-06-01,2023-06-03,"[0.0, 6.6, 0.1]","[12.8, 4.0, 12.0]",2026-08-14 06:28:39.395260
HUB10-HUB09,2024-09-09,2024-09-12,"[0.7, 0.2, 1.3, 0.9]","[14.2, 12.0, 12.9, 16.0]",2026-08-14 06:28:39.395409
HUB17-HUB04,2023-08-31,2023-09-03,"[0.2, 13.0, 0.0, 0.3]","[2.3, 0.3, 10.2, 5.6]",2026-08-14 06:28:39.395555
HUB13-HUB18,2025-12-29,2025-12-31,"[0.3, 0.1, 0.5]","[16.7, 18.8, 27.9]",2026-08-14 06:28:39.395703
HUB11-HUB01,2024-09-12,2024-09-15,"[0.0, 0.6, 4.2, 18.7]","[11.6, 15.2, 11.1, 18.8]",2026-08-14 06:28:39.395851
HUB10-HUB14,2025-02-05,2025-02-08,"[0.8, 0.0, 0.0, 0.6]","[10.2, 10.3, 14.4, 15.8]",2026-08-14 06:28:39.395996
HUB07-HUB06,2025-02-01,2025-02-02,"[3.3, 0.0]","[6.9, 11.6]",2026-08-14 06:28:39.396120
HUB15-HUB06,2025-02-07,2025-02-09,"[0.9, 0.9, 5.8]","[17.4, 16.4, 15.5]",2026-08-14 06:28:39.396288
HUB01-HUB17,2024-08-27,2024-08-30,"[0.1, 61.0, 1.1, 0.2]","[21.2, 6.1, 9.4, 24.7]",2026-08-14 06:28:39.396438
HUB03-HUB17,2024-04-11,2024-04-13,"[0.0, 0.3, None]","[12.2, 7.6, 23.5]",2026-08-14 06:28:39.396588
HUB03-HUB16,2023-01-09,2023-01-10,"[0.4, 0.0]","[12.8, 11.9]",2026-08-14 06:28:39.396718
HUB12-HUB14,2024-08-17,2024-08-19,"[0.0, 1.0, 23.0]","[13.2, 16.4, 13.9]",2026-08-14 06:28:39.396853
HUB06-HUB08,2024-09-11,2024-09-12,"[5.1, 0.5]","[8.9, 8.7]",2026-08-14 06:28:39.396977
HUB02-HUB09,2023-08-16,2023-08-18,"[0.8, 19.1, 1.4]","[15.8, 14.3, 9.2]",2026-08-14 06:28:39.397112
HUB03-HUB15,2024-05-02,2024-05-04,"[13.5, 1.7, 0.4]","[20.7, 20.9, 14.5]",2026-08-14 06:28:39.397285
HUB12-HUB17,2023-06-19,2023-06-21,"[13.3, 37.3, 0.9]","[2.0, 7.6, 23.0]",2026-08-14 06:28:39.397423
HUB10-HUB06,2024-06-11,2024-06-14,"[15.5, 0.0, 0.6, 1.2]","[14.6, 12.1, 10.6, 12.5]",2026-08-14 06:28:39.397602
HUB10-HUB11,2024-10-28,2024-10-31,"[0.3, 0.0, 0.0, 0.2]","[25.0, 11.5, 14.4, 21.1]",2026-08-14 06:28:39.397755
HUB13-HUB11,2023-02-16,2023-02-17,"[1.2, 0.5]","[17.9, 6.5]",2026-08-14 06:28:39.397884
HUB10-HUB03,2024-08-27,2024-08-31,"[1.0, 1.4, 0.3, 0.6, 9.4]","[19.1, 3.6, 7.9, 12.1, 13.6]",2026-08-14 06:28:39.398039
HUB16-HUB13,2024-02-19,2024-02-22,"[13.4, 0.4, 0.0, 5.8]","[16.0, 9.2, 23.9, 17.5]",2026-08-14 06:28:39.398259
HUB11-HUB04,2024-03-23,2024-03-26,"[0.7, 4.4, 2.9, 1.3]","[2.7, 10.0, 3.2, 0.7]",2026-08-14 06:28:39.398412
HUB12-HUB03,2023-03-11,2023-03-14,"[0.6, 0.3, 0.3, 0.0]","[15.8, 10.8, 13.2, 2.1]",2026-08-14 06:28:39.398559
HUB06-HUB11,2024-12-01,2024-12-05,"[0.6, 0.0, 0.0, 0.0, 0.0]","[24.7, 11.3, 27.5, 23.4, 0.6]",2026-08-14 06:28:39.398726
HUB11-HUB03,2024-04-22,2024-04-24,"[1.3, 2.3, 8.0]","[5.1, 19.3, 10.2]",2026-08-14 06:28:39.398866
HUB04-HUB17,2025-08-25,2025-08-28,"[15.9, 0.0, 0.2, 11.3]","[15.3, 13.8, 2.4, 9.4]",2026-08-14 06:28:39.399013
HUB05-HUB02,2023-01-27,2023-01-30,"[1.6, 0.0, 2.1, 0.8]","[10.3, 8.6, 7.2, 18.1]",2026-08-14 06:28:39.399189
HUB18-HUB15,2023-09-27,2023-09-29,"[14.2, 0.3, 1.2]","[15.2, 7.8, 14.9]",2026-08-14 06:28:39.399337
HUB16-HUB18,2025-07-28,2025-07-29,"[0.0, 16.9]","[22.3, 11.8]",2026-08-14 06:28:39.399462
HUB08-HUB18,2024-11-14,2024-11-15,"[1.1, 0.0]","[17.1, 10.1]",2026-08-14 06:28:39.399596
HUB06-HUB08,2023-04-20,2023-04-21,"[5.7, 0.0]","[11.5, 12.4]",2026-08-14 06:28:39.399725
HUB12-HUB09,2025-07-03,2025-07-07,"[9.5, 0.0, 5.8, 0.4, 0.0]","[12.2, 12.6, 13.7, 20.0, 12.5]",2026-08-14 06:28:39.399880
HUB13-HUB06,2025-04-04,2025-04-08,"[0.0, 9.2, 0.6, 0.8, 0.2]","[10.6, 17.2, 18.3, 9.2, 16.4]",2026-08-14 06:28:39.400161
HUB01-HUB18,2025-09-01,2025-09-02,"[0.0, 1.1]","[19.6, 11.2]",2026-08-14 06:28:39.400352
HUB14-HUB07,2024-08-05,2024-08-09,"[3.6, 0.7, 1.1, 21.2, 13.5]","[16.1, 16.2, 9.8, 16.8, 12.8]",2026-08-14 06:28:39.400517
HUB01-HUB11,2024-10-29,2024-11-01,"[0.3, 1.1, 0.7, 0.4]","[31.2, 24.9, 39.3, 15.0]",2026-08-14 06:28:39.400681
HUB01-HUB18,2025-02-28,2025-03-01,"[2.6, 0.0]","[14.5, 18.7]",2026-08-14 06:28:39.400810
HUB09-HUB02,2025-08-08,2025-08-10,"[0.4, 41.1, 4.8]","[17.9, 14.4, 18.7]",2026-08-14 06:28:39.400945
HUB12-HUB01,2025-05-08,2025-05-10,"[0.5, 0.4, 0.2]","[24.0, 28.8, 10.0]",2026-08-14 06:28:39.401089
HUB07-HUB16,2024-01-18,2024-01-20,"[0.2, 0.5, 0.7]","[10.8, 14.4, 12.1]",2026-08-14 06:28:39.401272
HUB17-HUB15,2024-01-20,2024-01-22,"[0.0, 8.9, 0.0]","[16.5, 10.1, 15.2]",2026-08-14 06:28:39.401418
HUB08-HUB03,2023-11-12,2023-11-14,"[1.2, 0.4, 1.0]","[18.6, 23.0, 22.9]",2026-08-14 06:28:39.401558
HUB13-HUB11,2023-07-30,2023-07-31,"[0.7, 16.9]","[11.5, 16.7]",2026-08-14 06:28:39.401698
HUB10-HUB13,2024-02-17,2024-02-20,"[0.0, 0.7, 0.0, 1.1]","[11.7, 16.0, 15.2, 14.4]",2026-08-14 06:28:39.401846
HUB09-HUB10,2023-01-29,2023-01-31,"[0.0, 0.2, 0.2]","[29.4, 11.3, 11.0]",2026-08-14 06:28:39.401981
HUB06-HUB07,2023-11-16,2023-11-17,"[0.0, 0.0]","[13.8, 16.5]",2026-08-14 06:28:39.402184
HUB08-HUB07,2025-11-02,2025-11-03,"[0.0, 0.4]","[9.1, 11.4]",2026-08-14 06:28:39.402327
HUB07-HUB06,2025-11-11,2025-11-12,"[0.3, 1.4]","[11.8, 13.5]",2026-08-14 06:28:39.402454
HUB03-HUB01,2023-12-17,2023-12-18,"[0.7, 0.0]","[8.8, 19.0]",2026-08-14 06:28:39.402656
HUB14-HUB17,2023-12-14,2023-12-15,"[0.4, 0.8]","[30.9, 41.1]",2026-08-14 06:28:39.402791
HUB05-HUB16,2025-10-20,2025-10-22,"[0.2, 0.2, 0.0]","[15.7, 11.1, 10.9]",2026-08-14 06:28:39.402929
HUB01-HUB16,2024-12-28,2024-12-30,"[1.0, 2.9, 0.0]","[15.9, 16.4, 15.3]",2026-08-14 06:28:39.403065
HUB17-HUB10,2024-12-09,2024-12-11,"[0.0, 0.0, 0.3]","[16.4, 19.5, 7.7]",2026-08-14 06:28:39.403239
HUB13-HUB06,2024-02-14,2024-02-18,"[0.0, 1.8, 0.5, 0.0, 0.9]","[9.7, 12.5, 14.7, 13.3, 14.6]",2026-08-14 06:28:39.403403
HUB08-HUB01,2023-05-22,2023-05-24,"[0.0, 1.2, 1.1]","[23.5, 19.8, 17.5]",2026-08-14 06:28:39.403541
HUB14-HUB13,2025-07-29,2025-07-30,"[0.0, 0.8]","[18.1, 17.3]",2026-08-14 06:28:39.403679
HUB03-HUB13,2024-03-09,2024-03-12,"[0.0, 0.3, 0.0, 0.0]","[7.5, 13.9, 22.3, 9.4]",2026-08-14 06:28:39.403825
HUB07-HUB16,2024-05-26,2024-05-28,"[0.0, 0.0, 1.4]","[15.7, 13.7, 14.3]",2026-08-14 06:28:39.403966
HUB08-HUB16,2025-06-04,2025-06-05,"[18.2, 0.3]","[16.9, 13.0]",2026-08-14 06:28:39.404092
HUB09-HUB12,2025-05-18,2025-05-22,"[0.0, 7.9, 0.0, 0.0, 0.0]","[32.0, 23.3, 36.5, 30.8, 15.7]",2026-08-14 06:28:39.404288
HUB08-HUB16,2024-04-15,2024-04-16,"[0.0, 0.0]","[9.4, 12.0]",2026-08-14 06:28:39.404418
HUB08-HUB18,2024-06-24,2024-06-26,"[0.4, None, 1.3]","[18.4, 15.1, 12.6]",2026-08-14 06:28:39.404555
HUB07-HUB02,2024-05-26,2024-05-29,"[8.3, 0.0, 0.3, 19.2]","[22.5, 13.5, 21.5, 16.0]",2026-08-14 06:28:39.404723
HUB08-HUB11,2025-08-18,2025-08-21,"[41.9, 25.1, 0.0, 6.8]","[24.5, 13.3, 17.1, 0.0]",2026-08-14 06:28:39.404871
HUB01-HUB13,2025-08-06,2025-08-08,"[0.0, 0.0, 7.5]","[11.1, 16.9, 18.1]",2026-08-14 06:28:39.405002
HUB01-HUB14,2023-08-02,2023-08-04,"[37.2, 0.7, 21.8]","[13.9, 6.5, 17.7]",2026-08-14 06:28:39.405152
HUB07-HUB12,2024-04-26,2024-05-01,"[1.2, 0.0, 1.0, 0.6, 1.3, 0.8]","[2.5, 11.1, 0.6, 10.6, 14.6, 34.3]",2026-08-14 06:28:39.405329
HUB13-HUB18,2024-11-30,2024-12-02,"[0.0, 0.5, 0.5]","[21.7, 6.8, 25.1]",2026-08-14 06:28:39.405466
HUB17-HUB18,2023-06-27,2023-06-29,"[28.0, 0.0, 0.0]","[7.3, 25.2, 4.3]",2026-08-14 06:28:39.405610
HUB17-HUB02,2023-12-20,2023-12-23,"[0.2, 0.4, 0.2, 2.6]","[22.2, 19.7, 15.2, 17.6]",2026-08-14 06:28:39.405755
HUB05-HUB02,2023-08-07,2023-08-10,"[7.8, 14.1, 14.3, 16.2]","[19.4, 13.0, 4.3, 2.0]",2026-08-14 06:28:39.405896
HUB10-HUB09,2023-07-07,2023-07-10,"[0.0, 13.6, 0.0, 1.1]","[12.7, 11.2, 13.9, 12.3]",2026-08-14 06:28:39.406036
HUB07-HUB18,2024-08-13,2024-08-16,"[6.6, 25.2, 0.0, 1.2]","[9.1, 21.3, 18.5, 21.5]",2026-08-14 06:28:39.406248
HUB02-HUB08,2023-03-18,2023-03-20,"[0.0, 0.0, 0.0]","[16.6, 12.5, 16.8]",2026-08-14 06:28:39.406384
HUB13-HUB09,2023-06-27,2023-07-01,"[0.7, 0.5, 0.0, 0.5, 0.0]","[14.4, 22.9, 12.7, 14.5, 14.5]",2026-08-14 06:28:39.406611
HUB01-HUB13,2024-07-18,2024-07-20,"[None, 0.1, 0.0]","[21.0, 14.1, 16.1]",2026-08-14 06:28:39.406761
HUB03-HUB01,2024-09-26,2024-09-27,"[0.1, 0.0]","[15.4, 15.8]",2026-08-14 06:28:39.406885
HUB16-HUB14,2024-09-03,2024-09-05,"[3.0, 0.7, 18.3]","[15.2, 12.7, 16.7]",2026-08-14 06:28:39.407020
HUB16-HUB14,2023-10-15,2023-10-17,"[4.1, 0.0, 9.2]","[20.8, 19.3, 15.4]",2026-08-14 06:28:39.407189
HUB11-HUB18,2024-05-10,2024-05-13,"[0.0, 0.1, 0.7, 0.0]","[18.2, 19.6, 16.4, 23.7]",2026-08-14 06:28:39.407350
HUB10-HUB08,2023-01-01,2023-01-04,"[0.1, 0.4, 0.2, 0.6]","[9.1, 10.2, 11.6, 12.8]",2026-08-14 06:28:39.407491
HUB14-HUB04,2023-08-12,2023-08-15,"[0.0, 0.5, 0.1, 0.5]","[14.2, 6.3, 10.3, 16.5]",2026-08-14 06:28:39.407644
HUB10-HUB02,2025-03-09,2025-03-12,"[0.7, 0.0, 1.1, 0.0]","[22.9, 13.9, 19.5, 20.5]",2026-08-14 06:28:39.407787
HUB14-HUB06,2023-09-21,2023-09-24,"[1.4, 0.9, 8.4, 0.0]","[13.0, 10.0, 8.9, 12.8]",2026-08-14 06:28:39.407927
HUB03-HUB05,2025-06-12,2025-06-14,"[0.0, 0.1, 0.3]","[11.3, 9.5, 13.5]",2026-08-14 06:28:39.408056
HUB18-HUB12,2023-07-17,2023-07-20,"[23.8, 8.2, 0.0, 20.0]","[14.8, 1.8, 4.5, 17.4]",2026-08-14 06:28:39.408227
HUB02-HUB18,2025-11-12,2025-11-13,"[1.1, 0.0]","[13.7, 16.7]",2026-08-14 06:28:39.408355
HUB14-HUB07,2024-04-28,2024-05-02,"[0.7, 1.2, None, 0.6, 1.2]","[13.3, 13.2, 8.2, 16.0, 7.2]",2026-08-14 06:28:39.408513
HUB16-HUB12,2024-01-26,2024-01-29,"[0.8, 0.6, 1.2, 1.3]","[5.1, 16.4, 15.9, 12.7]",2026-08-14 06:28:39.408667
HUB01-HUB13,2025-01-29,2025-01-31,"[1.2, 0.6, 1.0]","[1.2, 12.3, 17.8]",2026-08-14 06:28:39.408802
HUB04-HUB18,2023-05-21,2023-05-22,"[0.0, 0.1]","[27.3, 28.6]",2026-08-14 06:28:39.408924
HUB05-HUB13,2023-03-03,2023-03-07,"[0.7, 0.7, 0.0, 0.0, 0.6]","[16.3, 12.1, 10.9, 16.0, 22.5]",2026-08-14 06:28:39.409071
HUB08-HUB14,2024-03-29,2024-03-31,"[0.2, 1.2, 0.0]","[14.7, 13.6, 6.7]",2026-08-14 06:28:39.409235
HUB04-HUB05,2025-03-14,2025-03-17,"[0.1, 0.0, 2.6, 1.0]","[10.6, 14.9, 16.8, 10.1]",2026-08-14 06:28:39.409380
HUB10-HUB12,2025-05-26,2025-05-29,"[0.1, 9.1, 0.0, 14.3]","[26.4, 10.2, 10.9, 25.5]",2026-08-14 06:28:39.409527
HUB18-HUB13,2024-12-08,2024-12-10,"[0.5, 0.3, 0.9]","[6.8, 20.0, 18.0]",2026-08-14 06:28:39.409673
HUB01-HUB03,2025-11-03,2025-11-04,"[0.1, 1.2]","[14.9, 23.5]",2026-08-14 06:28:39.409796
HUB16-HUB13,2025-04-25,2025-04-28,"[15.2, 0.2, 9.2, 0.0]","[22.7, 21.5, 18.9, 8.2]",2026-08-14 06:28:39.409942
HUB13-HUB09,2023-06-04,2023-06-07,"[None, 0.0, 0.7, 0.3]","[15.8, 14.5, 12.3, 13.1]",2026-08-14 06:28:39.410152
HUB08-HUB18,2023-06-05,2023-06-07,"[0.5, 0.0, 1.7]","[8.7, 18.4, 15.4]",2026-08-14 06:28:39.410320
HUB10-HUB05,2024-02-02,2024-02-05,"[0.2, None, 0.8, 0.5]","[18.2, 17.2, 14.2, 13.3]",2026-08-14 06:28:39.410474
HUB03-HUB09,2023-07-30,2023-08-01,"[0.0, 0.2, 4.4]","[19.2, 7.2, 15.7]",2026-08-14 06:28:39.410625
HUB17-HUB03,2024-04-03,2024-04-06,"[0.0, 0.7, 0.0, 0.0]","[20.5, 8.9, 3.3, 16.4]",2026-08-14 06:28:39.410782
HUB01-HUB02,2025-11-04,2025-11-05,"[0.9, 0.2]","[12.4, 12.2]",2026-08-14 06:28:39.410906
HUB03-HUB09,2025-02-20,2025-02-22,"[3.9, None, 0.7]","[13.7, 12.7, 14.9]",2026-08-14 06:28:39.411041
HUB13-HUB18,2024-10-31,2024-11-02,"[0.2, 0.0, 0.2]","[14.1, 25.8, 7.3]",2026-08-14 06:28:39.411205
HUB04-HUB06,2025-08-09,2025-08-11,"[0.0, 1.1, 4.0]","[12.1, 14.0, 14.2]",2026-08-14 06:28:39.411352
HUB02-HUB16,2024-10-20,2024-10-22,"[0.0, 22.5, 0.4]","[9.8, 11.5, 12.5]",2026-08-14 06:28:39.411489
HUB05-HUB18,2024-08-25,2024-08-27,"[0.0, 0.9, 0.3]","[16.5, 10.9, 10.2]",2026-08-14 06:28:39.411634
HUB11-HUB15,2025-02-01,2025-02-03,"[0.0, 0.9, 1.0]","[21.2, 18.7, 6.6]",2026-08-14 06:28:39.411779
HUB06-HUB01,2024-06-04,2024-06-07,"[8.2, 0.0, 0.2, 4.2]","[12.8, 21.4, 16.5, 11.3]",2026-08-14 06:28:39.411928
HUB16-HUB14,2023-11-28,2023-11-30,"[0.4, None, 0.8]","[19.2, 15.4, 9.0]",2026-08-14 06:28:39.412065
HUB17-HUB01,2023-11-16,2023-11-19,"[1.4, 0.0, 0.0, 0.9]","[23.8, 13.5, 12.8, 20.1]",2026-08-14 06:28:39.412265
HUB08-HUB05,2023-12-07,2023-12-08,"[3.2, 0.3]","[15.4, 17.2]",2026-08-14 06:28:39.412400
HUB11-HUB12,2023-04-24,2023-04-25,"[25.5, 0.0]","[14.5, 16.7]",2026-08-14 06:28:39.412533
HUB11-HUB18,2024-12-09,2024-12-12,"[0.4, 0.5, 0.0, 0.0]","[26.4, 19.5, 14.7, 27.4]",2026-08-14 06:28:39.412693
HUB05-HUB02,2023-09-01,2023-09-03,"[1.9, 0.6, 0.0]","[12.9, 0.0, 16.0]",2026-08-14 06:28:39.412834
HUB09-HUB18,2025-04-05,2025-04-07,"[0.6, 0.3, 0.0]","[28.4, 10.7, 5.3]",2026-08-14 06:28:39.412970
HUB04-HUB10,2025-05-27,2025-05-31,"[0.5, 10.5, 0.2, 11.1, 0.6]","[14.4, 24.3, 26.0, 15.2, 21.5]",2026-08-14 06:28:39.413147
HUB18-HUB14,2024-09-18,2024-09-20,"[0.0, 0.0, 0.6]","[14.7, 11.6, 13.3]",2026-08-14 06:28:39.413298
HUB10-HUB15,2025-05-30,2025-06-02,"[0.0, 0.7, 0.3, 0.4]","[6.1, 16.8, 13.1, 5.4]",2026-08-14 06:28:39.413447
HUB08-HUB10,2025-01-08,2025-01-11,"[0.0, 0.4, 0.0, 0.8]","[10.0, 11.4, 1.9, 10.5]",2026-08-14 06:28:39.413605
HUB04-HUB03,2024-01-12,2024-01-13,"[0.0, None]","[4.1, 6.2]",2026-08-14 06:28:39.413734
HUB03-HUB15,2025-10-27,2025-10-29,"[0.0, 0.0, 0.3]","[18.5, 22.7, 15.7]",2026-08-14 06:28:39.413868
HUB02-HUB06,2023-05-10,2023-05-13,"[0.3, 0.0, 0.0, 0.0]","[12.2, 12.7, 6.5, 13.8]",2026-08-14 06:28:39.414018
HUB06-HUB03,2024-03-10,2024-03-12,"[0.1, None, 1.2]","[14.7, 14.8, 11.9]",2026-08-14 06:28:39.414224
HUB12-HUB18,2025-08-20,2025-08-23,"[0.6, 3.8, 0.0, 4.2]","[15.8, 12.0, 2.3, 12.1]",2026-08-14 06:28:39.414387
HUB17-HUB02,2023-06-23,2023-06-26,"[0.0, 0.3, 0.3, 10.4]","[21.2, 20.5, 14.9, 14.1]",2026-08-14 06:28:39.414534
HUB13-HUB16,2023-11-22,2023-11-25,"[0.5, 0.0, 0.8, 0.5]","[17.1, 15.3, 14.6, 13.1]",2026-08-14 06:28:39.414695
HUB03-HUB17,2023-07-21,2023-07-24,"[15.2, 0.3, 12.3, 11.4]","[8.0, 10.1, 7.2, 14.6]",2026-08-14 06:28:39.414842
HUB02-HUB05,2025-11-06,2025-11-09,"[0.0, None, 5.5, 1.1]","[9.4, 14.1, 17.3, 12.4]",2026-08-14 06:28:39.414986
HUB10-HUB18,2023-12-17,2023-12-21,"[1.3, 0.7, 0.4, 0.0, 0.7]","[11.8, 26.1, 11.5, 20.1, 16.8]",2026-08-14 06:28:39.415162
HUB10-HUB09,2024-01-16,2024-01-18,"[0.0, 0.8, 0.0]","[15.3, 18.6, 15.8]",2026-08-14 06:28:39.415312
HUB02-HUB11,2024-05-12,2024-05-14,"[13.8, 0.0, 0.8]","[26.6, 17.4, 23.9]",2026-08-14 06:28:39.415454
HUB11-HUB03,2025-08-28,2025-08-31,"[1.2, 0.0, 31.4, 0.4]","[24.0, 7.5, 10.8, 23.3]",2026-08-14 06:28:39.415612
HUB02-HUB13,2023-03-26,2023-03-28,"[0.6, 0.8, 4.1]","[10.2, 10.5, 16.8]",2026-08-14 06:28:39.415751
HUB12-HUB16,2023-06-11,2023-06-14,"[0.0, 21.9, 0.5, 5.3]","[16.6, 18.1, 11.4, 13.9]",2026-08-14 06:28:39.415897
HUB18-HUB08,2025-01-27,2025-01-28,"[0.2, 0.0]","[11.4, 18.2]",2026-08-14 06:28:39.416021
HUB01-HUB04,2024-05-19,2024-05-20,"[0.0, 0.5]","[23.3, 19.5]",2026-08-14 06:28:39.416172
HUB05-HUB04,2025-04-23,2025-04-26,"[0.1, 0.6, 0.0, 0.0]","[29.4, 11.9, 21.2, 20.1]",2026-08-14 06:28:39.416334
HUB15-HUB08,2024-10-21,2024-10-23,"[0.6, 0.3, 0.0]","[14.8, 12.5, 17.9]",2026-08-14 06:28:39.416472
HUB14-HUB15,2023-09-01,2023-09-03,"[28.3, 0.1, 0.1]","[17.0, 15.5, 8.3]",2026-08-14 06:28:39.416616
HUB10-HUB05,2024-03-22,2024-03-25,"[0.0, 0.8, 0.2, 4.4]","[12.1, 14.0, 13.9, 11.2]",2026-08-14 06:28:39.416767
HUB17-HUB01,2024-07-13,2024-07-15,"[4.6, 24.1, 7.9]","[5.7, 11.3, 12.9]",2026-08-14 06:28:39.416902
HUB08-HUB02,2024-12-24,2024-12-26,"[0.0, 0.5, 1.5]","[17.5, 18.1, 24.7]",2026-08-14 06:28:39.417037
HUB12-HUB08,2025-07-15,2025-07-19,"[0.2, 0.3, 1.1, 0.7, 8.5]","[20.2, 21.6, 14.4, 16.5, 13.7]",2026-08-14 06:28:39.417224
HUB08-HUB04,2025-10-23,2025-10-25,"[1.7, 0.5, 0.0]","[35.5, 21.3, 26.3]",2026-08-14 06:28:39.417380
HUB18-HUB09,2024-03-23,2024-03-25,"[0.8, 0.7, 0.3]","[14.6, 12.4, 12.9]",2026-08-14 06:28:39.417519
HUB09-HUB10,2024-05-30,2024-06-01,"[17.6, 0.0, 1.3]","[25.3, 28.3, 24.0]",2026-08-14 06:28:39.417669
HUB03-HUB02,2023-03-30,2023-03-31,"[0.0, 0.0]","[9.9, 12.2]",2026-08-14 06:28:39.417796
HUB16-HUB10,2024-09-29,2024-10-02,"[0.0, 0.9, 0.4, 0.0]","[9.2, 19.4, 20.2, 8.8]",2026-08-14 06:28:39.417939
HUB08-HUB15,2024-02-21,2024-02-23,"[0.0, 13.1, 0.2]","[24.0, 8.9, 14.4]",2026-08-14 06:28:39.418119
HUB13-HUB01,2023-07-29,2023-07-31,"[0.0, 43.9, 16.3]","[6.1, 22.5, 11.7]",2026-08-14 06:28:39.418293
HUB08-HUB11,2025-03-20,2025-03-24,"[0.4, 1.4, 1.1, 1.0, 1.0]","[10.0, 13.4, 16.3, 18.5, 4.3]",2026-08-14 06:28:39.418451
HUB06-HUB03,2024-03-23,2024-03-25,"[0.2, 0.0, 0.2]","[5.3, 24.0, 16.7]",2026-08-14 06:28:39.418599
HUB05-HUB15,2024-01-26,2024-01-28,"[1.6, 0.0, 1.5]","[16.8, 15.0, 18.0]",2026-08-14 06:28:39.418741
HUB01-HUB10,2024-01-11,2024-01-15,"[3.9, 0.9, 0.3, 0.6, 0.0]","[16.5, 41.0, 3.3, 11.3, 11.3]",2026-08-14 06:28:39.418901
HUB02-HUB04,2023-04-29,2023-05-01,"[0.2, 0.4, 0.5]","[17.1, 13.6, 21.1]",2026-08-14 06:28:39.419048
HUB07-HUB02,2025-08-08,2025-08-11,"[7.0, 26.1, 38.1, 3.3]","[19.1, 6.4, 13.2, 16.2]",2026-08-14 06:28:39.419224
HUB14-HUB06,2025-03-29,2025-04-01,"[0.0, 0.7, 0.0, 0.8]","[12.1, 13.9, 10.6, 12.9]",2026-08-14 06:28:39.419380
HUB04-HUB07,2023-03-26,2023-03-28,"[0.2, 0.0, 0.2]","[15.9, 17.9, 15.1]",2026-08-14 06:28:39.419520
HUB13-HUB06,2024-10-05,2024-10-09,"[7.8, 0.0, 0.0, 0.2, 0.0]","[12.2, 15.8, 12.8, 18.0, 14.8]",2026-08-14 06:28:39.419693
HUB11-HUB07,2023-07-25,2023-07-29,"[2.4, 0.6, 0.8, 0.0, 0.1]","[15.8, 13.8, 17.0, 13.8, 6.8]",2026-08-14 06:28:39.419853
HUB13-HUB03,2025-09-30,2025-10-03,"[1.2, 0.0, 1.2, 8.5]","[22.0, 32.5, 11.6, 17.0]",2026-08-14 06:28:39.420000
HUB12-HUB09,2025-09-03,2025-09-07,"[0.3, 0.0, 3.7, 1.1, 0.7]","[13.3, 17.8, 13.4, 20.5, 12.5]",2026-08-14 06:28:39.420192
HUB16-HUB06,2025-09-10,2025-09-12,"[1.4, 9.0, 5.3]","[17.6, 15.5, 14.1]",2026-08-14 06:28:39.420335
HUB06-HUB13,2025-01-13,2025-01-17,"[0.9, 0.0, 0.0, 0.6, 0.0]","[11.5, 13.7, 20.1, 11.6, 9.8]",2026-08-14 06:28:39.420491
HUB13-HUB14,2023-10-23,2023-10-24,"[0.0, 0.6]","[12.9, 22.1]",2026-08-14 06:28:39.420627
HUB16-HUB05,2024-07-05,2024-07-07,"[20.5, 0.3, 6.2]","[17.4, 13.0, 12.3]",2026-08-14 06:28:39.420767
HUB12-HUB03,2025-08-25,2025-08-28,"[0.4, 0.0, 28.7, 22.8]","[9.7, 4.6, 14.0, 18.9]",2026-08-14 06:28:39.420912
HUB18-HUB06,2025-11-15,2025-11-17,"[0.0, 0.0, 0.4]","[14.3, 7.6, 16.1]",2026-08-14 06:28:39.421048
HUB15-HUB03,2024-01-09,2024-01-11,"[0.0, 0.3, 0.5]","[3.2, 9.7, 3.5]",2026-08-14 06:28:39.421211
HUB09-HUB08,2025-03-19,2025-03-20,"[1.1, 2.6]","[17.1, 15.9]",2026-08-14 06:28:39.421343
HUB14-HUB17,2024-08-25,2024-08-26,"[9.2, 5.2]","[13.3, 18.0]",2026-08-14 06:28:39.421468
HUB09-HUB08,2025-04-08,2025-04-09,"[2.5, 3.2]","[16.7, 11.7]",2026-08-14 06:28:39.421606
HUB17-HUB16,2023-05-14,2023-05-16,"[0.0, 0.4, 0.6]","[11.4, 13.5, 12.8]",2026-08-14 06:28:39.421749
HUB02-HUB13,2023-10-12,2023-10-14,"[0.0, 0.9, 0.3]","[15.1, 15.7, 17.6]",2026-08-14 06:28:39.421884
HUB18-HUB16,2024-10-31,2024-11-01,"[0.0, 0.8]","[20.0, 15.3]",2026-08-14 06:28:39.422008
HUB16-HUB01,2023-08-07,2023-08-09,"[7.3, 94.2, 3.0]","[13.0, 2.3, 6.3]",2026-08-14 06:28:39.422221
HUB06-HUB13,2024-03-01,2024-03-05,"[0.7, 0.0, 0.6, 0.0, 0.1]","[16.5, 11.7, 16.6, 7.8, 18.8]",2026-08-14 06:28:39.422393
HUB03-HUB11,2024-12-03,2024-12-06,"[0.0, 0.0, 0.2, 0.1]","[23.1, 28.2, 27.3, 17.9]",2026-08-14 06:28:39.422543
HUB11-HUB15,2025-06-18,2025-06-20,"[0.3, 0.0, 6.4]","[13.0, 14.7, 17.1]",2026-08-14 06:28:39.422695
HUB12-HUB03,2024-11-08,2024-11-11,"[0.0, 0.5, 0.1, 0.5]","[17.6, 23.7, 25.6, 25.0]",2026-08-14 06:28:39.422841
HUB07-HUB16,2025-11-26,2025-11-28,"[1.2, 0.0, 0.5]","[20.9, 10.2, 11.7]",2026-08-14 06:28:39.422976
HUB12-HUB10,2024-09-25,2024-09-29,"[0.3, 8.3, 1.1, 0.5, 0.0]","[22.1, 16.3, 20.7, 10.8, 10.7]",2026-08-14 06:28:39.423152
HUB10-HUB11,2025-01-23,2025-01-26,"[0.1, 0.6, 0.0, 0.5]","[15.4, 21.3, 24.0, 21.5]",2026-08-14 06:28:39.423313
HUB07-HUB02,2024-09-22,2024-09-25,"[0.8, 1.5, 0.2, 1.0]","[19.6, 3.0, 18.8, 12.7]",2026-08-14 06:28:39.423487
HUB09-HUB06,2025-10-28,2025-10-29,"[0.4, 0.9]","[10.4, 9.2]",2026-08-14 06:28:39.423623
HUB02-HUB15,2023-03-22,2023-03-24,"[0.0, 0.7, 0.5]","[25.1, 18.6, 13.3]",2026-08-14 06:28:39.423763
HUB10-HUB16,2023-09-30,2023-10-03,"[0.0, 0.1, 0.0, 0.3]","[17.6, 15.8, 7.5, 20.2]",2026-08-14 06:28:39.423907
HUB12-HUB15,2023-11-11,2023-11-14,"[0.0, 0.0, 0.1, 0.0]","[15.1, 17.9, 18.3, 6.0]",2026-08-14 06:28:39.424051
HUB18-HUB12,2024-09-12,2024-09-15,"[7.1, 0.0, 24.4, 41.7]","[2.8, 14.7, 2.1, 25.2]",2026-08-14 06:28:39.424224
HUB07-HUB18,2023-06-07,2023-06-09,"[30.2, 0.4, 0.4]","[16.3, 10.7, 12.2]",2026-08-14 06:28:39.424367
HUB02-HUB16,2023-01-13,2023-01-15,"[0.3, 0.2, 0.0]","[11.8, 15.6, 15.4]",2026-08-14 06:28:39.424502
HUB03-HUB01,2023-05-31,2023-06-01,"[41.7, 16.2]","[16.2, 12.7]",2026-08-14 06:28:39.424638
HUB16-HUB03,2024-09-18,2024-09-19,"[1.4, None]","[8.1, 29.4]",2026-08-14 06:28:39.424763
HUB17-HUB04,2025-11-14,2025-11-17,"[0.1, 0.9, 0.3, 8.5]","[18.5, 22.1, 16.7, 10.7]",2026-08-14 06:28:39.424909
HUB15-HUB03,2025-12-30,2026-01-01,"[0.0, 0.8, 0.2]","[16.3, 18.3, 22.2]",2026-08-14 06:28:39.425044
HUB09-HUB10,2024-06-28,2024-07-01,"[55.7, 28.0, 48.7, 12.6]","[8.4, 24.7, 23.8, 6.0]",2026-08-14 06:28:39.425217
HUB18-HUB12,2025-07-31,2025-08-03,"[32.9, 36.6, 19.1, 0.3]","[20.4, 0.0, 15.7, 3.6]",2026-08-14 06:28:39.425373
HUB13-HUB17,2024-01-05,2024-01-07,"[0.1, 0.0, 1.0]","[14.7, 22.0, 23.1]",2026-08-14 06:28:39.425510
HUB05-HUB10,2025-03-09,2025-03-12,"[0.8, 1.5, 0.0, 5.3]","[9.8, 8.8, 11.4, 10.1]",2026-08-14 06:28:39.425666
HUB06-HUB10,2024-11-04,2024-11-07,"[0.7, 0.0, 7.4, 0.3]","[10.2, 17.9, 32.2, 22.9]",2026-08-14 06:28:39.425817
HUB18-HUB02,2023-01-18,2023-01-19,"[0.4, 0.0]","[3.5, 10.5]",2026-08-14 06:28:39.425941
HUB03-HUB07,2024-04-10,2024-04-12,"[0.3, 0.4, 0.5]","[9.9, 17.2, 17.0]",2026-08-14 06:28:39.426123
HUB13-HUB04,2024-09-22,2024-09-25,"[1.1, 2.4, 1.2, 0.1]","[22.2, 7.2, 18.8, 20.5]",2026-08-14 06:28:39.426305
HUB01-HUB16,2023-05-11,2023-05-13,"[1.2, 0.6, 0.7]","[13.4, 13.2, 15.0]",2026-08-14 06:28:39.426450
HUB13-HUB07,2025-02-04,2025-02-08,"[0.0, 0.3, 0.3, 0.1, 0.7]","[12.8, 12.6, 14.6, 20.0, 19.1]",2026-08-14 06:28:39.426619
HUB07-HUB14,2023-02-16,2023-02-20,"[0.4, 0.8, 0.0, 0.7, 0.5]","[14.0, 18.0, 17.4, 4.6, 18.8]",2026-08-14 06:28:39.426779
HUB01-HUB02,2024-08-03,2024-08-04,"[18.0, 13.9]","[9.9, 6.7]",2026-08-14 06:28:39.426904
HUB01-HUB15,2025-09-01,2025-09-03,"[2.8, 42.6, 66.6]","[8.0, 14.6, 8.9]",2026-08-14 06:28:39.427040
HUB04-HUB12,2023-02-14,2023-02-18,"[1.3, 0.0, 2.1, 1.1, 1.6]","[6.5, 10.3, 3.4, 6.7, 10.7]",2026-08-14 06:28:39.427216
HUB18-HUB05,2023-07-30,2023-08-02,"[7.9, 0.0, 0.1, 0.0]","[11.0, 15.3, 13.0, 5.6]",2026-08-14 06:28:39.427367
HUB18-HUB14,2025-02-22,2025-02-24,"[0.6, 0.7, 0.0]","[9.2, 8.2, 17.5]",2026-08-14 06:28:39.427498
HUB05-HUB12,2025-02-28,2025-03-04,"[1.5, 0.8, 0.4, 0.5, 0.3]","[2.0, 0.9, 12.5, 9.5, 15.6]",2026-08-14 06:28:39.427661
HUB06-HUB12,2024-12-01,2024-12-05,"[0.0, 0.3, 0.9, 0.3, 0.0]","[24.0, 8.4, 25.0, 25.3, 18.3]",2026-08-14 06:28:39.427821
HUB03-HUB04,2025-04-25,2025-04-26,"[1.3, 0.0]","[9.5, 12.1]",2026-08-14 06:28:39.427955
HUB10-HUB09,2023-11-09,2023-11-12,"[0.6, 0.4, 0.0, 0.9]","[12.7, 15.3, 16.5, 10.7]",2026-08-14 06:28:39.428102
HUB15-HUB09,2023-09-01,2023-09-03,"[0.6, 9.4, 1.1]","[13.5, 15.5, 11.3]",2026-08-14 06:28:39.428271
HUB10-HUB04,2025-04-05,2025-04-09,"[0.2, 0.0, 0.7, 0.6, 2.8]","[12.7, 21.4, 23.1, 16.1, 7.5]",2026-08-14 06:28:39.428433
HUB15-HUB16,2024-04-02,2024-04-03,"[0.3, 0.0]","[17.2, 10.6]",2026-08-14 06:28:39.428556
HUB18-HUB11,2025-02-15,2025-02-18,"[0.3, 0.5, 4.3, 1.0]","[21.7, 10.2, 16.8, 23.4]",2026-08-14 06:28:39.428713
HUB18-HUB15,2025-03-12,2025-03-13,"[0.0, 0.3]","[8.7, 21.6]",2026-08-14 06:28:39.428834
HUB06-HUB18,2023-10-22,2023-10-24,"[0.2, 0.9, 0.0]","[21.7, 9.9, 15.2]",2026-08-14 06:28:39.428967
HUB05-HUB10,2025-10-03,2025-10-06,"[0.9, 0.3, 0.9, 0.0]","[22.3, 34.1, 27.9, 26.6]",2026-08-14 06:28:39.429106
HUB09-HUB06,2023-12-21,2023-12-22,"[0.3, 0.3]","[13.1, 12.5]",2026-08-14 06:28:39.429260
HUB01-HUB14,2023-12-07,2023-12-09,"[0.0, 0.0, 0.7]","[15.9, 14.3, 17.5]",2026-08-14 06:28:39.429393
HUB09-HUB11,2025-04-10,2025-04-13,"[0.0, 0.4, None, 0.6]","[11.1, 24.0, 11.3, 1.6]",2026-08-14 06:28:39.429534
HUB14-HUB02,2023-10-15,2023-10-16,"[0.0, 0.3]","[12.4, 12.7]",2026-08-14 06:28:39.429668
HUB04-HUB07,2024-01-26,2024-01-28,"[0.6, 0.4, 0.6]","[16.2, 15.0, 11.9]",2026-08-14 06:28:39.429799
HUB15-HUB13,2025-04-04,2025-04-06,"[0.4, 0.1, 0.0]","[11.0, 14.4, 12.9]",2026-08-14 06:28:39.429933
HUB16-HUB11,2023-07-07,2023-07-09,"[49.4, 4.2, 25.7]","[5.7, 14.0, 29.0]",2026-08-14 06:28:39.430103
HUB07-HUB15,2025-08-05,2025-08-07,"[4.8, 3.2, 24.0]","[19.1, 13.7, 18.5]",2026-08-14 06:28:39.430272
HUB06-HUB18,2025-02-21,2025-02-23,"[0.0, 0.0, 0.0]","[19.3, 12.5, 21.5]",2026-08-14 06:28:39.430406
HUB17-HUB14,2025-09-16,2025-09-17,"[1.4, 0.0]","[19.7, 19.4]",2026-08-14 06:28:39.430527
HUB15-HUB06,2025-10-04,2025-10-06,"[0.7, 0.9, 0.0]","[13.4, 13.0, 12.0]",2026-08-14 06:28:39.430671
HUB14-HUB03,2023-05-20,2023-05-22,"[0.0, 0.0, 0.6]","[19.7, 22.8, 22.6]",2026-08-14 06:28:39.430806
HUB07-HUB04,2023-12-11,2023-12-13,"[0.0, 0.2, 1.1]","[20.1, 21.9, 25.9]",2026-08-14 06:28:39.430937
HUB08-HUB04,2024-10-07,2024-10-09,"[0.0, 7.2, 1.6]","[35.2, 7.5, 21.5]",2026-08-14 06:28:39.431070
HUB13-HUB08,2024-04-18,2024-04-22,"[0.0, 0.0, 1.1, 0.0, 1.3]","[11.2, 22.3, 16.5, 8.3, 16.1]",2026-08-14 06:28:39.431256
HUB13-HUB04,2023-07-02,2023-07-05,"[0.0, 1.3, 0.6, 0.0]","[9.2, 9.0, 11.0, 22.8]",2026-08-14 06:28:39.431404
HUB05-HUB14,2024-06-11,2024-06-14,"[0.5, 0.0, 11.2, 0.0]","[11.4, 11.0, 15.2, 12.7]",2026-08-14 06:28:39.431545
HUB01-HUB13,2023-04-22,2023-04-24,"[0.0, 0.3, 0.7]","[10.1, 19.3, 12.7]",2026-08-14 06:28:39.431689
HUB02-HUB03,2025-02-12,2025-02-13,"[0.1, 0.0]","[25.0, 6.8]",2026-08-14 06:28:39.431810
HUB07-HUB06,2025-11-23,2025-11-24,"[0.3, 0.8]","[8.8, 13.7]",2026-08-14 06:28:39.431929
HUB09-HUB02,2023-04-27,2023-04-30,"[0.3, 0.3, 0.4, 0.2]","[14.0, 12.4, 10.7, 18.0]",2026-08-14 06:28:39.432070
HUB04-HUB03,2023-04-22,2023-04-23,"[0.8, 15.2]","[10.8, 8.6]",2026-08-14 06:28:39.432247
HUB01-HUB12,2024-08-04,2024-08-07,"[0.0, 27.4, 9.8, 0.0]","[17.1, 10.5, 13.2, 13.6]",2026-08-14 06:28:39.432409
HUB06-HUB11,2024-07-31,2024-08-04,"[22.6, 24.4, 49.2, 44.6, 0.2]","[7.0, 2.6, 12.0, 15.7, 12.9]",2026-08-14 06:28:39.432572
HUB16-HUB05,2023-03-13,2023-03-15,"[0.7, 0.3, 0.1]","[10.5, 12.6, 19.1]",2026-08-14 06:28:39.432714
HUB04-HUB07,2025-02-11,2025-02-14,"[0.1, 1.8, 0.4, 0.1]","[10.3, 10.9, 16.9, 12.1]",2026-08-14 06:28:39.432854
HUB12-HUB17,2023-10-28,2023-10-30,"[0.3, 0.0, 0.2]","[30.6, 22.2, 28.3]",2026-08-14 06:28:39.432985
HUB13-HUB09,2023-01-11,2023-01-15,"[0.3, 0.0, 0.8, 0.0, 0.0]","[12.0, 15.0, 13.7, 14.6, 11.6]",2026-08-14 06:28:39.433159
HUB12-HUB15,2024-12-03,2024-12-06,"[0.7, 0.5, 1.1, 0.7]","[13.1, 20.1, 18.1, 14.7]",2026-08-14 06:28:39.433315
HUB15-HUB14,2023-12-14,2023-12-16,"[0.0, 1.5, 0.0]","[14.6, 15.9, 19.2]",2026-08-14 06:28:39.433447
HUB06-HUB08,2024-04-09,2024-04-10,"[0.0, 1.0]","[14.1, 13.4]",2026-08-14 06:28:39.433576
HUB04-HUB05,2024-08-26,2024-08-29,"[14.4, 0.1, 0.0, 0.0]","[12.9, 11.2, 13.8, 16.0]",2026-08-14 06:28:39.433723
HUB03-HUB17,2023-01-12,2023-01-15,"[0.0, 0.4, None, 0.4]","[14.4, 8.4, 17.1, 9.4]",2026-08-14 06:28:39.433863
HUB08-HUB17,2023-05-26,2023-05-29,"[15.5, 0.9, 5.4, 0.7]","[25.3, 17.8, 28.7, 30.1]",2026-08-14 06:28:39.434010
HUB10-HUB04,2024-08-26,2024-08-30,"[0.1, 1.1, 0.0, 0.5, None]","[12.7, 4.1, 11.4, 20.4, 4.6]",2026-08-14 06:28:39.434231
HUB11-HUB13,2024-08-10,2024-08-11,"[0.7, 0.6]","[19.4, 16.8]",2026-08-14 06:28:39.434371
HUB16-HUB04,2023-12-22,2023-12-24,"[0.0, 0.2, 0.0]","[20.2, 3.7, 24.1]",2026-08-14 06:28:39.434504
HUB03-HUB15,2023-10-05,2023-10-07,"[1.3, 2.8, 0.9]","[20.4, 27.0, 17.0]",2026-08-14 06:28:39.434649
HUB11-HUB01,2025-09-27,2025-09-30,"[10.1, 0.0, 0.0, 8.5]","[13.6, 15.3, 7.7, 11.7]",2026-08-14 06:28:39.434792
HUB07-HUB08,2024-05-25,2024-05-26,"[0.3, 0.0]","[14.4, 13.3]",2026-08-14 06:28:39.434915
HUB13-HUB07,2025-07-06,2025-07-10,"[0.0, 18.8, 0.0, 1.5, 0.0]","[14.7, 17.6, 14.5, 15.8, 8.1]",2026-08-14 06:28:39.435065
HUB04-HUB11,2023-10-17,2023-10-20,"[0.5, 0.0, 0.7, 0.6]","[20.1, 20.4, 37.8, 19.6]",2026-08-14 06:28:39.435238
HUB01-HUB14,2025-06-02,2025-06-04,"[0.6, 0.0, 5.9]","[3.9, 19.7, 18.7]",2026-08-14 06:28:39.435376
HUB11-HUB15,2025-07-12,2025-07-14,"[64.2, 0.2, 0.0]","[28.6, 18.1, 19.8]",2026-08-14 06:28:39.435508
HUB06-HUB07,2023-01-25,2023-01-26,"[0.3, 0.2]","[13.8, 16.0]",2026-08-14 06:28:39.435638
HUB17-HUB01,2025-02-25,2025-02-28,"[1.6, 0.0, 0.9, 1.0]","[9.3, 17.1, 3.7, 13.9]",2026-08-14 06:28:39.435779
HUB14-HUB17,2024-02-04,2024-02-05,"[0.1, 0.5]","[12.1, 15.0]",2026-08-14 06:28:39.435899
HUB09-HUB07,2025-11-02,2025-11-04,"[0.0, 0.3, 0.2]","[17.2, 15.9, 15.5]",2026-08-14 06:28:39.436027
HUB07-HUB17,2023-06-06,2023-06-10,"[52.1, 0.5, 0.0, None, 0.0]","[9.3, 9.9, 3.8, 7.5, 20.4]",2026-08-14 06:28:39.436208
HUB13-HUB03,2025-12-14,2025-12-16,"[0.8, 0.0, 0.7]","[25.0, 16.2, 33.9]",2026-08-14 06:28:39.436355
HUB09-HUB14,2023-12-31,2024-01-02,"[0.3, 0.1, 0.0]","[19.0, 20.1, 18.2]",2026-08-14 06:28:39.436492
HUB13-HUB15,2025-06-09,2025-06-11,"[1.1, 0.1, 0.9]","[21.0, 9.7, 6.0]",2026-08-14 06:28:39.436640
HUB14-HUB04,2024-08-02,2024-08-06,"[0.0, 1.5, 0.8, 0.8, 11.9]","[11.5, 18.1, 13.9, 12.3, 3.0]",2026-08-14 06:28:39.436799
HUB18-HUB07,2023-05-16,2023-05-18,"[0.0, 1.3, 0.0]","[15.1, 19.4, 13.4]",2026-08-14 06:28:39.436941
HUB06-HUB02,2023-12-31,2024-01-03,"[0.6, 0.0, 1.1, 1.0]","[2.4, 18.8, 19.9, 8.9]",2026-08-14 06:28:39.437091
HUB12-HUB17,2025-02-20,2025-02-22,"[0.0, 1.4, 2.5]","[15.9, 19.6, 14.8]",2026-08-14 06:28:39.437261
HUB09-HUB05,2024-02-03,2024-02-04,"[0.1, 0.0]","[9.5, 16.0]",2026-08-14 06:28:39.437389
HUB04-HUB17,2024-05-09,2024-05-12,"[0.9, 4.8, 1.5, 0.0]","[31.4, 29.2, 19.5, 14.2]",2026-08-14 06:28:39.437540
HUB05-HUB06,2025-09-02,2025-09-03,"[0.0, 0.5]","[8.5, 14.5]",2026-08-14 06:28:39.437684
HUB01-HUB07,2025-01-12,2025-01-15,"[0.8, 0.9, 0.1, 0.5]","[14.0, 8.0, 14.8, 13.1]",2026-08-14 06:28:39.437834
HUB06-HUB11,2024-05-22,2024-05-26,"[0.8, 0.2, 0.0, 0.8, 0.0]","[16.0, 23.8, 26.4, 44.3, 17.5]",2026-08-14 06:28:39.437995
HUB03-HUB10,2024-09-30,2024-10-04,"[0.3, 0.0, 0.1, 0.7, 8.3]","[19.3, 22.0, 33.4, 37.5, 32.3]",2026-08-14 06:28:39.438217
HUB04-HUB16,2024-10-09,2024-10-11,"[0.3, 0.3, 0.3]","[16.0, 7.3, 14.6]",2026-08-14 06:28:39.438364
HUB03-HUB08,2025-06-20,2025-06-22,"[0.0, 0.0, 1.8]","[13.9, 22.6, 14.4]",2026-08-14 06:28:39.438501
HUB01-HUB07,2024-12-14,2024-12-17,"[0.2, 0.0, 0.7, 4.9]","[12.4, 18.8, 11.6, 13.1]",2026-08-14 06:28:39.438658
HUB10-HUB07,2025-03-22,2025-03-25,"[4.4, 0.0, 0.0, 0.0]","[12.2, 8.8, 19.5, 17.5]",2026-08-14 06:28:39.438807
HUB17-HUB10,2024-03-06,2024-03-08,"[0.2, None, 0.0]","[31.8, 7.0, 22.1]",2026-08-14 06:28:39.438944
HUB08-HUB01,2024-11-17,2024-11-19,"[12.6, 0.4, 0.0]","[22.6, 27.0, 5.8]",2026-08-14 06:28:39.439079
HUB10-HUB12,2023-02-19,2023-02-23,"[1.1, 1.7, 6.5, 0.7, 0.7]","[13.6, 5.9, 14.4, 19.8, 4.5]",2026-08-14 06:28:39.439269
HUB12-HUB11,2025-12-15,2025-12-16,"[0.3, 2.0]","[20.9, 21.2]",2026-08-14 06:28:39.439405
HUB11-HUB07,2025-04-10,2025-04-14,"[0.6, 0.0, 0.0, 0.0, 0.0]","[10.0, 17.1, 17.9, 15.2, 16.5]",2026-08-14 06:28:39.439574
HUB02-HUB15,2023-03-02,2023-03-03,"[0.3, 0.0]","[13.7, 12.2]",2026-08-14 06:28:39.439706
HUB09-HUB01,2023-04-18,2023-04-20,"[0.3, 0.9, 0.0]","[27.0, 17.2, 1.1]",2026-08-14 06:28:39.439847
HUB15-HUB08,2025-12-07,2025-12-09,"[0.0, 0.9, 0.7]","[10.0, 14.8, 15.4]",2026-08-14 06:28:39.439981
HUB04-HUB06,2025-05-19,2025-05-21,"[0.5, 0.0, 0.6]","[8.7, 12.1, 14.7]",2026-08-14 06:28:39.440123
HUB02-HUB16,2025-12-14,2025-12-16,"[0.4, 0.3, 0.1]","[15.0, 11.5, 17.5]",2026-08-14 06:28:39.440294
HUB12-HUB13,2025-04-23,2025-04-24,"[0.4, 0.4]","[15.6, 14.6]",2026-08-14 06:28:39.440458
HUB13-HUB09,2025-08-09,2025-08-13,"[2.2, 21.7, 7.9, 0.9, 14.6]","[15.4, 12.6, 14.5, 17.8, 8.7]",2026-08-14 06:28:39.440632
HUB14-HUB06,2024-06-12,2024-06-15,"[0.7, 0.1, 0.0, 2.0]","[11.4, 10.5, 8.8, 16.4]",2026-08-14 06:28:39.440785
HUB13-HUB12,2023-07-13,2023-07-14,"[30.2, 1.3]","[25.2, 4.8]",2026-08-14 06:28:39.440911
HUB06-HUB14,2023-12-16,2023-12-19,"[1.9, 0.3, 0.3, 0.0]","[14.3, 18.6, 10.1, 21.6]",2026-08-14 06:28:39.441052
HUB11-HUB01,2023-07-10,2023-07-13,"[8.4, 0.3, 0.0, 12.9]","[7.9, 14.2, 18.3, 19.0]",2026-08-14 06:28:39.441228
HUB16-HUB18,2025-05-12,2025-05-13,"[2.3, 9.0]","[26.2, 27.8]",2026-08-14 06:28:39.441360
HUB04-HUB12,2023-09-07,2023-09-11,"[4.0, 7.6, 1.7, 0.5, 0.3]","[20.9, 1.2, 9.5, 16.6, 13.6]",2026-08-14 06:28:39.441516
HUB13-HUB08,2025-09-18,2025-09-22,"[0.8, 0.0, 0.0, 1.0, 0.6]","[15.5, 15.4, 10.4, 16.8, 10.3]",2026-08-14 06:28:39.441683
HUB12-HUB06,2025-01-17,2025-01-21,"[0.0, 0.9, 0.7, 0.0, 0.0]","[10.6, 10.1, 19.0, 16.2, 14.4]",2026-08-14 06:28:39.441839
HUB05-HUB12,2023-02-17,2023-02-22,"[0.4, 0.5, 1.0, 0.9, 0.0, 0.5]","[8.4, 6.4, 15.5, 16.1, 6.0, 7.1]",2026-08-14 06:28:39.442006
HUB17-HUB15,2025-05-04,2025-05-05,"[0.0, 0.0]","[14.3, 16.5]",2026-08-14 06:28:39.442217
HUB03-HUB16,2025-01-10,2025-01-11,"[1.4, 1.1]","[12.2, 20.0]",2026-08-14 06:28:39.442360
HUB15-HUB01,2023-05-25,2023-05-27,"[0.1, 0.6, 0.9]","[16.5, 13.5, 13.7]",2026-08-14 06:28:39.442501
HUB11-HUB12,2024-08-01,2024-08-02,"[7.5, 13.5]","[23.3, 11.5]",2026-08-14 06:28:39.442641
HUB03-HUB02,2025-03-23,2025-03-24,"[0.0, 0.1]","[14.7, 23.2]",2026-08-14 06:28:39.442770
HUB08-HUB05,2025-06-19,2025-06-20,"[2.9, 8.6]","[8.3, 8.9]",2026-08-14 06:28:39.442894
HUB06-HUB15,2025-08-07,2025-08-09,"[1.3, 8.4, 0.0]","[16.5, 15.0, 5.1]",2026-08-14 06:28:39.443031
HUB08-HUB03,2023-10-08,2023-10-10,"[0.4, 0.3, 0.0]","[30.6, 12.7, 21.7]",2026-08-14 06:28:39.443196
HUB15-HUB09,2025-03-07,2025-03-09,"[0.6, 0.4, 0.0]","[14.8, 9.6, 16.5]",2026-08-14 06:28:39.443341
HUB12-HUB01,2025-11-11,2025-11-13,"[1.1, 0.4, 0.3]","[21.7, 16.6, 17.4]",2026-08-14 06:28:39.443479
HUB04-HUB05,2025-03-27,2025-03-29,"[3.9, 0.5, 0.1]","[13.0, 11.7, 13.9]",2026-08-14 06:28:39.443625
HUB14-HUB10,2023-04-01,2023-04-04,"[0.0, 31.6, 0.0, 0.9]","[15.4, 9.7, 19.4, 7.5]",2026-08-14 06:28:39.443782
HUB13-HUB01,2024-04-27,2024-04-29,"[0.0, 0.0, 0.4]","[15.4, 14.7, 14.0]",2026-08-14 06:28:39.443919
HUB02-HUB17,2025-08-18,2025-08-21,"[0.0, 23.4, 0.0, 14.2]","[7.1, 21.7, 21.2, 6.5]",2026-08-14 06:28:39.444063
HUB17-HUB07,2023-05-21,2023-05-25,"[0.1, 0.2, 0.4, 0.6, 8.7]","[12.9, 18.6, 11.8, 13.2, 9.8]",2026-08-14 06:28:39.444254
HUB01-HUB02,2025-08-15,2025-08-16,"[0.5, 20.3]","[5.4, 10.4]",2026-08-14 06:28:39.444385
HUB06-HUB15,2025-02-07,2025-02-09,"[1.5, 1.0, 0.1]","[15.9, 18.5, 10.4]",2026-08-14 06:28:39.444521
HUB06-HUB01,2025-12-19,2025-12-22,"[0.0, 0.0, 0.5, None]","[17.3, 21.9, 27.4, 21.4]",2026-08-14 06:28:39.444678
HUB02-HUB10,2023-06-11,2023-06-14,"[0.6, 1.6, 21.1, 0.7]","[17.2, 18.7, 19.6, 21.8]",2026-08-14 06:28:39.444827
HUB12-HUB06,2024-08-03,2024-08-08,"[2.2, 5.1, 0.5, 0.0, 0.5, 30.8]","[10.4, 14.9, 7.9, 14.9, 14.7, 15.2]",2026-08-14 06:28:39.444991
HUB09-HUB03,2023-12-15,2023-12-17,"[0.0, 0.0, 0.0]","[27.2, 18.8, 8.1]",2026-08-14 06:28:39.445144
HUB15-HUB07,2023-12-12,2023-12-14,"[0.0, 0.3, 1.4]","[18.9, 9.0, 15.9]",2026-08-14 06:28:39.445297
HUB06-HUB07,2025-07-31,2025-08-01,"[19.9, 0.0]","[13.1, 17.3]",2026-08-14 06:28:39.445429
HUB16-HUB07,2023-05-20,2023-05-22,"[0.7, 0.0, 0.7]","[17.6, 21.2, 20.6]",2026-08-14 06:28:39.445573
HUB10-HUB07,2024-12-25,2024-12-28,"[1.1, 1.0, 0.0, 0.1]","[8.8, 14.9, 12.4, 21.4]",2026-08-14 06:28:39.445727
HUB01-HUB03,2024-01-14,2024-01-15,"[0.9, 1.0]","[16.9, 13.0]",2026-08-14 06:28:39.445854
HUB06-HUB02,2023-10-25,2023-10-28,"[0.6, 1.6, 0.1, 0.3]","[19.3, 20.3, 23.1, 18.3]",2026-08-14 06:28:39.445999
HUB07-HUB18,2023-01-29,2023-01-31,"[0.9, 2.9, 8.8]","[23.0, 13.6, 8.5]",2026-08-14 06:28:39.446203
HUB10-HUB07,2023-04-27,2023-04-30,"[0.7, 0.0, 6.0, 0.9]","[16.7, 10.5, 15.5, 14.7]",2026-08-14 06:28:39.446365
HUB13-HUB18,2024-06-18,2024-06-20,"[0.8, 0.6, 0.0]","[1.9, 10.3, 7.4]",2026-08-14 06:28:39.446502
HUB03-HUB07,2024-06-01,2024-06-03,"[0.1, 0.1, 0.0]","[10.5, 8.2, 10.8]",2026-08-14 06:28:39.446651
HUB15-HUB14,2024-08-10,2024-08-11,"[32.6, 10.5]","[13.8, 16.3]",2026-08-14 06:28:39.446777
HUB04-HUB13,2023-12-19,2023-12-22,"[0.9, 0.0, 0.0, 0.0]","[23.4, 29.6, 9.4, 17.5]",2026-08-14 06:28:39.446921
HUB18-HUB10,2025-03-14,2025-03-18,"[1.0, 10.8, 0.2, 0.5, 0.6]","[23.8, 19.7, 27.6, 2.1, 25.7]",2026-08-14 06:28:39.447077
HUB07-HUB05,2023-04-21,2023-04-22,"[0.0, 0.5]","[13.1, 12.3]",2026-08-14 06:28:39.447233
HUB17-HUB05,2024-01-23,2024-01-27,"[None, 0.0, None, 1.2, 1.8]","[12.0, 15.6, 8.6, 14.9, 20.7]",2026-08-14 06:28:39.447393
HUB02-HUB06,2023-10-07,2023-10-10,"[0.0, 0.4, 0.0, 1.2]","[18.3, 17.2, 16.5, 14.9]",2026-08-14 06:28:39.447538
HUB04-HUB13,2023-11-08,2023-11-11,"[3.4, 0.2, 0.1, 0.8]","[11.2, 12.8, 21.8, 11.5]",2026-08-14 06:28:39.447697
HUB18-HUB03,2025-01-25,2025-01-26,"[0.7, 0.0]","[8.2, 21.0]",2026-08-14 06:28:39.447819
HUB04-HUB05,2023-10-18,2023-10-21,"[0.8, 4.7, 4.4, 0.2]","[15.1, 18.4, 14.9, 15.1]",2026-08-14 06:28:39.447958
HUB06-HUB15,2023-06-10,2023-06-12,"[0.8, 0.1, 12.6]","[19.5, 15.3, 17.3]",2026-08-14 06:28:39.448091
HUB11-HUB01,2023-01-26,2023-01-28,"[0.0, 11.2, 0.8]","[12.1, 18.3, 16.8]",2026-08-14 06:28:39.448257
HUB04-HUB17,2025-11-05,2025-11-08,"[0.7, 0.0, 0.0, 0.3]","[32.7, 21.3, 26.1, 45.8]",2026-08-14 06:28:39.448406
HUB07-HUB15,2024-02-19,2024-02-21,"[0.0, 0.4, 1.0]","[15.5, 11.8, 14.6]",2026-08-14 06:28:39.448608
HUB13-HUB04,2024-06-30,2024-07-03,"[0.0, 0.3, 0.3, 20.4]","[18.0, 8.4, 14.8, 21.0]",2026-08-14 06:28:39.448783
HUB09-HUB04,2023-12-03,2023-12-06,"[0.0, 0.2, 0.3, 0.0]","[4.8, 22.9, 17.2, 23.9]",2026-08-14 06:28:39.448936
HUB08-HUB10,2024-02-08,2024-02-11,"[0.0, 0.4, 1.3, 0.0]","[1.4, 20.9, 25.4, 16.1]",2026-08-14 06:28:39.449083
HUB13-HUB08,2023-07-31,2023-08-04,"[6.8, 3.1, 0.2, 0.2, 1.1]","[16.2, 13.3, 16.7, 7.5, 18.2]",2026-08-14 06:28:39.449282
HUB18-HUB17,2023-05-12,2023-05-14,"[0.0, 0.1, 0.8]","[8.5, 29.4, 11.1]",2026-08-14 06:28:39.449429
HUB16-HUB06,2025-02-04,2025-02-06,"[0.3, 0.5, 1.2]","[10.8, 12.8, 15.4]",2026-08-14 06:28:39.449572
HUB01-HUB17,2024-04-09,2024-04-12,"[1.1, 0.6, 1.6, 0.8]","[3.6, 9.7, 10.3, 25.8]",2026-08-14 06:28:39.449727
HUB12-HUB11,2023-11-21,2023-11-22,"[0.3, 0.8]","[43.4, 32.7]",2026-08-14 06:28:39.449852
HUB09-HUB03,2023-10-29,2023-10-31,"[0.0, 1.6, 0.0]","[23.3, 10.3, 12.3]",2026-08-14 06:28:39.449988
HUB08-HUB17,2024-02-01,2024-02-04,"[0.0, 1.6, 1.7, 0.8]","[5.4, 13.9, 18.8, 16.0]",2026-08-14 06:28:39.450206
HUB05-HUB11,2023-01-06,2023-01-09,"[0.9, 15.5, 1.6, 0.4]","[22.5, 5.7, 26.4, 1.3]",2026-08-14 06:28:39.450366
HUB05-HUB06,2025-08-04,2025-08-05,"[0.0, 0.7]","[18.0, 13.5]",2026-08-14 06:28:39.450494
HUB13-HUB10,2025-02-03,2025-02-07,"[1.2, 9.7, 0.3, 0.5, 0.9]","[33.9, 6.1, 9.3, 2.1, 5.7]",2026-08-14 06:28:39.450661
HUB18-HUB12,2024-05-07,2024-05-10,"[0.0, 0.0, 0.0, 0.7]","[22.0, 23.0, 21.5, 33.3]",2026-08-14 06:28:39.450814
HUB10-HUB08,2023-05-24,2023-05-27,"[0.8, 5.5, 2.1, 0.2]","[16.5, 19.3, 12.8, 13.3]",2026-08-14 06:28:39.450966
HUB04-HUB15,2025-07-19,2025-07-21,"[0.1, 0.2, 9.5]","[15.3, 11.4, 10.9]",2026-08-14 06:28:39.451107
HUB05-HUB15,2025-09-28,2025-09-30,"[0.0, 20.2, 23.7]","[14.6, 13.6, 7.5]",2026-08-14 06:28:39.451281
HUB04-HUB18,2025-04-04,2025-04-05,"[0.0, 0.9]","[9.1, 2.0]",2026-08-14 06:28:39.451409
HUB10-HUB01,2025-01-11,2025-01-14,"[0.2, 0.3, 0.8, 0.0]","[10.8, 13.3, 17.9, 16.6]",2026-08-14 06:28:39.451553
HUB13-HUB03,2023-11-29,2023-12-02,"[1.0, 0.5, 0.9, 0.3]","[16.8, 22.1, 29.6, 23.5]",2026-08-14 06:28:39.451712
HUB15-HUB16,2023-02-22,2023-02-23,"[0.3, 0.0]","[16.4, 15.5]",2026-08-14 06:28:39.451838
HUB12-HUB16,2023-05-15,2023-05-18,"[0.1, 1.4, 1.3, 0.0]","[17.9, 13.1, 9.7, 20.6]",2026-08-14 06:28:39.451990
HUB18-HUB05,2025-01-24,2025-01-27,"[0.1, 0.0, 0.1, 0.0]","[13.9, 15.4, 12.6, 13.3]",2026-08-14 06:28:39.452155
HUB17-HUB18,2024-07-19,2024-07-21,"[0.0, 1.7, 0.0]","[16.4, 14.4, 9.9]",2026-08-14 06:28:39.452323
HUB05-HUB03,2023-07-05,2023-07-07,"[8.6, 0.8, 2.4]","[28.1, 19.6, 28.0]",2026-08-14 06:28:39.452462
HUB17-HUB03,2024-08-31,2024-09-03,"[3.8, 0.2, 23.5, 0.0]","[22.5, 8.6, 13.8, 0.4]",2026-08-14 06:28:39.452620
HUB01-HUB12,2024-10-02,2024-10-04,"[0.6, 1.1, 0.3]","[24.7, 23.7, 12.9]",2026-08-14 06:28:39.452761
HUB14-HUB17,2023-04-28,2023-04-29,"[9.3, 2.3]","[16.0, 16.0]",2026-08-14 06:28:39.452886
HUB11-HUB17,2024-05-19,2024-05-21,"[0.0, 0.0, 13.5]","[20.8, 26.3, 42.0]",2026-08-14 06:28:39.453030
HUB01-HUB03,2023-01-13,2023-01-14,"[None, 0.1]","[8.1, 21.8]",2026-08-14 06:28:39.453185
HUB06-HUB10,2023-09-09,2023-09-12,"[1.0, 18.7, 22.8, 1.8]","[24.6, 15.6, 22.6, 18.6]",2026-08-14 06:28:39.453342
HUB16-HUB07,2023-03-23,2023-03-25,"[0.0, 0.0, 0.8]","[13.3, 11.1, 14.1]",2026-08-14 06:28:39.453479
HUB14-HUB18,2024-01-22,2024-01-24,"[1.2, 0.2, 0.2]","[19.5, 4.0, 26.4]",2026-08-14 06:28:39.453628
HUB11-HUB18,2025-08-28,2025-08-31,"[0.3, 0.5, 0.5, 0.0]","[13.4, 24.0, 34.5, 8.3]",2026-08-14 06:28:39.453778
HUB14-HUB12,2025-09-07,2025-09-09,"[0.0, 0.2, 5.6]","[9.1, 11.8, 10.7]",2026-08-14 06:28:39.453913
HUB04-HUB05,2025-11-26,2025-11-29,"[0.4, 0.0, 0.0, 0.1]","[14.7, 16.5, 5.6, 12.8]",2026-08-14 06:28:39.454095
HUB04-HUB11,2023-05-12,2023-05-15,"[0.0, 1.3, 0.0, 0.7]","[13.9, 41.0, 21.7, 14.0]",2026-08-14 06:28:39.454285
HUB12-HUB11,2023-09-29,2023-09-30,"[10.3, 0.0]","[8.0, 8.6]",2026-08-14 06:28:39.454414
HUB09-HUB04,2023-12-07,2023-12-10,"[0.0, 0.2, 0.8, None]","[22.7, 25.3, 30.7, 31.1]",2026-08-14 06:28:39.454559
HUB05-HUB13,2024-05-19,2024-05-23,"[0.1, 0.0, 6.2, 0.0, 1.0]","[19.0, 9.0, 13.8, 13.5, 16.4]",2026-08-14 06:28:39.454737
HUB01-HUB03,2023-10-19,2023-10-20,"[0.6, 0.7]","[20.4, 16.9]",2026-08-14 06:28:39.454865
HUB08-HUB02,2025-04-17,2025-04-19,"[0.6, 0.6, 0.2]","[8.2, 7.2, 9.8]",2026-08-14 06:28:39.455005
HUB14-HUB12,2024-03-11,2024-03-13,"[0.7, 0.0, 0.2]","[26.8, 2.1, 17.8]",2026-08-14 06:28:39.455169
HUB07-HUB15,2024-05-23,2024-05-26,"[0.0, 10.9, 3.2, 0.0]","[14.2, 26.6, 24.9, 21.2]",2026-08-14 06:28:39.455333
HUB10-HUB02,2025-11-01,2025-11-04,"[0.0, 0.2, 1.7, 0.0]","[20.0, 22.2, 19.3, 13.0]",2026-08-14 06:28:39.455481
HUB04-HUB11,2024-09-25,2024-09-28,"[4.3, 1.7, 11.9, 1.7]","[21.4, 23.5, 21.7, 26.2]",2026-08-14 06:28:39.455637
HUB18-HUB14,2025-05-03,2025-05-05,"[0.3, 1.1, 2.5]","[21.0, 20.3, 14.2]",2026-08-14 06:28:39.455781
HUB15-HUB18,2025-02-08,2025-02-10,"[1.2, 1.0, 0.5]","[23.2, 32.9, 19.9]",2026-08-14 06:28:39.455916
HUB07-HUB06,2025-01-02,2025-01-03,"[0.0, 0.6]","[14.3, 11.9]",2026-08-14 06:28:39.456041
HUB09-HUB18,2025-11-22,2025-11-24,"[1.3, 0.0, 0.0]","[16.6, 36.0, 27.1]",2026-08-14 06:28:39.456200
HUB12-HUB09,2024-01-24,2024-01-28,"[1.1, 0.0, 1.0, 9.2, 1.2]","[13.3, 14.4, 12.6, 18.5, 15.3]",2026-08-14 06:28:39.456365
HUB03-HUB02,2024-11-23,2024-11-24,"[0.0, 0.0]","[11.3, 11.2]",2026-08-14 06:28:39.456495
HUB11-HUB04,2025-11-13,2025-11-16,"[0.5, 1.3, 0.6, 1.0]","[22.9, 19.4, 16.8, 25.0]",2026-08-14 06:28:39.456653
HUB05-HUB10,2024-06-05,2024-06-08,"[0.6, 0.6, 2.7, 0.0]","[2.2, 5.2, 13.3, 9.0]",2026-08-14 06:28:39.456804
HUB10-HUB09,2024-04-25,2024-04-27,"[1.3, 0.7, 0.3]","[13.3, 21.7, 13.0]",2026-08-14 06:28:39.456939
HUB09-HUB03,2025-10-22,2025-10-24,"[0.2, 0.4, 1.0]","[28.5, 18.7, 13.3]",2026-08-14 06:28:39.457074
HUB08-HUB05,2025-09-03,2025-09-04,"[1.5, 0.0]","[11.1, 12.6]",2026-08-14 06:28:39.457229
HUB12-HUB16,2023-12-15,2023-12-18,"[0.0, 0.4, 0.0, 0.0]","[12.3, 11.6, 15.3, 21.3]",2026-08-14 06:28:39.457380
HUB07-HUB16,2023-11-20,2023-11-22,"[0.8, 0.0, 0.1]","[11.4, 19.1, 8.2]",2026-08-14 06:28:39.457516
HUB14-HUB08,2025-02-14,2025-02-16,"[0.0, 0.0, 0.2]","[13.3, 17.5, 11.9]",2026-08-14 06:28:39.457666
HUB05-HUB02,2025-07-20,2025-07-23,"[14.7, 0.0, 2.0, 4.0]","[12.5, 18.2, 25.2, 9.3]",2026-08-14 06:28:39.457820
HUB01-HUB10,2024-07-31,2024-08-03,"[10.8, 0.3, 13.7, 33.8]","[15.4, 12.5, 15.8, 18.9]",2026-08-14 06:28:39.457970
HUB13-HUB08,2024-01-29,2024-02-01,"[0.0, 0.1, 0.0, 0.1]","[8.3, 12.5, 11.1, 11.9]",2026-08-14 06:28:39.458188
HUB11-HUB07,2023-05-13,2023-05-17,"[0.7, 0.9, 0.0, 0.9, 3.4]","[15.5, 14.3, 17.3, 14.7, 19.4]",2026-08-14 06:28:39.458369
HUB13-HUB14,2024-01-23,2024-01-24,"[None, 0.9]","[7.7, 16.5]",2026-08-14 06:28:39.458496
HUB08-HUB14,2025-11-26,2025-11-28,"[0.4, 0.4, 0.2]","[19.0, 25.1, 10.2]",2026-08-14 06:28:39.458644
HUB13-HUB16,2025-09-05,2025-09-08,"[38.4, 0.6, 0.2, 7.0]","[22.9, 7.2, 9.3, 16.7]",2026-08-14 06:28:39.458795
HUB01-HUB15,2023-10-08,2023-10-10,"[0.0, 0.0, 0.0]","[8.3, 23.6, 7.0]",2026-08-14 06:28:39.458931
HUB18-HUB09,2024-02-19,2024-02-21,"[0.4, 0.2, 0.6]","[14.2, 13.7, 10.2]",2026-08-14 06:28:39.459065
HUB16-HUB08,2025-04-07,2025-04-08,"[1.0, 0.0]","[17.9, 12.7]",2026-08-14 06:28:39.459224
HUB06-HUB02,2025-05-17,2025-05-20,"[0.5, 1.0, 21.1, 0.2]","[15.6, 18.0, 16.3, 17.6]",2026-08-14 06:28:39.459381
HUB06-HUB10,2024-06-27,2024-06-30,"[1.0, 4.6, 0.8, 8.6]","[14.8, 4.2, 14.6, 8.6]",2026-08-14 06:28:39.459529
HUB03-HUB01,2023-07-09,2023-07-10,"[0.7, 0.0]","[13.7, 14.9]",2026-08-14 06:28:39.459667
HUB18-HUB02,2023-09-26,2023-09-27,"[0.7, 0.8]","[10.9, 19.1]",2026-08-14 06:28:39.459792
HUB02-HUB05,2023-05-08,2023-05-11,"[0.5, 0.9, 0.0, 0.3]","[14.9, 11.8, 15.5, 16.0]",2026-08-14 06:28:39.459945
HUB15-HUB03,2024-07-17,2024-07-19,"[19.7, 0.3, 10.0]","[26.9, 5.4, 16.8]",2026-08-14 06:28:39.460083
HUB03-HUB18,2025-05-07,2025-05-08,"[0.0, 0.0]","[13.8, 21.4]",2026-08-14 06:28:39.460244
HUB18-HUB11,2024-02-24,2024-02-27,"[1.3, 0.2, 1.0, 0.1]","[16.6, 0.3, 13.6, 14.1]",2026-08-14 06:28:39.460395
HUB05-HUB18,2025-12-18,2025-12-21,"[1.1, 0.3, 0.0, 1.6]","[19.7, 13.7, 24.6, 35.4]",2026-08-14 06:28:39.460541
HUB08-HUB11,2024-02-25,2024-02-28,"[0.9, 0.6, 0.0, 0.7]","[7.0, 14.8, 22.9, 8.5]",2026-08-14 06:28:39.460700
HUB02-HUB11,2025-10-27,2025-10-29,"[0.5, 1.0, 12.6]","[16.3, 10.8, 8.7]",2026-08-14 06:28:39.460838
HUB06-HUB02,2024-08-13,2024-08-15,"[0.1, 18.0, 0.4]","[20.1, 19.6, 20.9]",2026-08-14 06:28:39.460974
HUB17-HUB14,2025-11-11,2025-11-12,"[0.0, 0.0]","[16.7, 6.5]",2026-08-14 06:28:39.461097
HUB11-HUB09,2025-01-09,2025-01-13,"[0.5, 0.4, 1.2, 0.8, 0.0]","[18.5, 11.6, 11.1, 10.2, 9.3]",2026-08-14 06:28:39.461285
HUB06-HUB09,2023-06-06,2023-06-07,"[20.1, 0.3]","[12.5, 11.4]",2026-08-14 06:28:39.461413
HUB17-HUB01,2024-06-21,2024-06-23,"[0.6, 25.1, 0.5]","[5.3, 9.2, 19.4]",2026-08-14 06:28:39.461547
HUB17-HUB06,2025-03-24,2025-03-27,"[0.0, 1.0, 0.3, 0.0]","[12.6, 13.1, 13.6, 15.2]",2026-08-14 06:28:39.461704
HUB08-HUB10,2023-09-14,2023-09-17,"[25.5, 20.7, 21.2, 25.8]","[14.6, 13.7, 6.5, 33.1]",2026-08-14 06:28:39.461851
HUB07-HUB02,2024-09-26,2024-09-29,"[0.4, None, 0.0, 0.0]","[5.3, 5.4, 14.6, 11.8]",2026-08-14 06:28:39.461998
HUB16-HUB14,2024-08-04,2024-08-06,"[4.6, 23.8, 0.0]","[18.7, 17.6, 16.5]",2026-08-14 06:28:39.462212
HUB10-HUB15,2024-01-20,2024-01-23,"[0.0, 13.2, 10.1, 0.0]","[9.7, 11.9, 18.7, 9.7]",2026-08-14 06:28:39.462384
HUB06-HUB02,2023-02-09,2023-02-11,"[0.6, 0.8, 0.9]","[15.3, 10.8, 15.2]",2026-08-14 06:28:39.462524
HUB11-HUB09,2023-09-13,2023-09-16,"[0.5, 19.2, 19.4, 0.0]","[10.8, 18.8, 17.9, 14.5]",2026-08-14 06:28:39.462688
HUB07-HUB05,2024-04-09,2024-04-10,"[0.0, 0.0]","[9.3, 17.2]",2026-08-14 06:28:39.462816
HUB08-HUB09,2024-02-20,2024-02-21,"[0.2, 1.2]","[19.5, 8.5]",2026-08-14 06:28:39.462942
HUB12-HUB15,2023-12-15,2023-12-18,"[1.1, 0.0, 0.4, 0.9]","[18.6, 14.0, 15.4, 14.3]",2026-08-14 06:28:39.463089
HUB07-HUB11,2024-03-06,2024-03-10,"[0.9, 0.8, 11.5, 0.3, 1.1]","[11.4, 12.8, 13.9, 2.8, 8.4]",2026-08-14 06:28:39.463282
HUB10-HUB04,2025-10-19,2025-10-23,"[1.1, 0.9, 0.0, 0.4, 0.0]","[8.5, 19.8, 24.6, 26.5, 36.2]",2026-08-14 06:28:39.463444
HUB12-HUB09,2023-04-07,2023-04-10,"[0.0, 0.0, 0.0, 0.1]","[11.8, 13.3, 13.1, 14.9]",2026-08-14 06:28:39.463611
HUB17-HUB13,2024-02-11,2024-02-13,"[0.0, 0.0, 0.1]","[12.8, 7.9, 16.4]",2026-08-14 06:28:39.463755
HUB17-HUB16,2025-01-05,2025-01-08,"[0.7, 0.4, 0.0, 0.9]","[18.0, 7.9, 9.4, 14.0]",2026-08-14 06:28:39.463901
HUB16-HUB03,2024-08-10,2024-08-11,"[4.7, 33.8]","[6.4, 3.4]",2026-08-14 06:28:39.464026
HUB14-HUB05,2023-10-26,2023-10-29,"[0.8, 0.0, 1.4, 0.0]","[13.6, 12.5, 14.9, 13.5]",2026-08-14 06:28:39.464198
HUB09-HUB06,2023-11-12,2023-11-13,"[0.2, 0.0]","[16.4, 18.5]",2026-08-14 06:28:39.464331
HUB08-HUB03,2024-08-05,2024-08-07,"[1.1, 7.0, 1.3]","[4.1, 15.5, 21.3]",2026-08-14 06:28:39.464468
HUB02-HUB08,2025-03-15,2025-03-17,"[1.2, 0.0, 0.2]","[15.2, 10.4, 9.6]",2026-08-14 06:28:39.464615
HUB15-HUB12,2025-02-02,2025-02-05,"[0.7, 0.6, 0.6, 0.1]","[18.8, 14.3, 8.3, 18.9]",2026-08-14 06:28:39.464766
HUB17-HUB11,2025-01-15,2025-01-17,"[0.0, 0.3, 1.0]","[32.4, 0.8, 21.2]",2026-08-14 06:28:39.464902
HUB12-HUB14,2023-02-02,2023-02-04,"[0.2, 0.0, 0.0]","[10.0, 14.7, 8.3]",2026-08-14 06:28:39.465035
HUB17-HUB06,2025-09-12,2025-09-15,"[0.5, 1.1, 0.0, 0.0]","[13.2, 6.5, 10.7, 17.3]",2026-08-14 06:28:39.465206
HUB10-HUB09,2024-04-25,2024-04-27,"[0.0, 0.0, 0.0]","[12.6, 16.1, 9.5]",2026-08-14 06:28:39.465353
HUB03-HUB17,2025-12-18,2025-12-21,"[0.1, 1.6, 0.8, 0.4]","[28.8, 19.9, 11.0, 10.8]",2026-08-14 06:28:39.465502
HUB16-HUB12,2023-04-05,2023-04-08,"[0.4, 0.7, 0.4, 0.1]","[26.1, 6.9, 34.9, 26.0]",2026-08-14 06:28:39.465666
HUB08-HUB09,2023-11-02,2023-11-03,"[None, 0.3]","[11.3, 21.2]",2026-08-14 06:28:39.465793
HUB10-HUB09,2024-08-15,2024-08-18,"[10.1, 0.0, 0.5, 0.9]","[11.3, 10.5, 9.3, 8.8]",2026-08-14 06:28:39.465938
HUB12-HUB05,2023-03-07,2023-03-12,"[0.9, 0.0, 0.2, 0.0, 1.5, 0.5]","[12.5, 9.6, 11.9, 15.8, 10.9, 17.8]",2026-08-14 06:28:39.466182
HUB08-HUB15,2024-05-28,2024-05-30,"[0.1, 11.2, 0.0]","[19.7, 15.3, 14.5]",2026-08-14 06:28:39.466338
HUB08-HUB18,2024-12-30,2025-01-01,"[0.5, 1.3, 1.0]","[17.2, 19.3, 14.1]",2026-08-14 06:28:39.466475
HUB13-HUB04,2024-01-27,2024-01-30,"[0.0, 0.8, 0.0, 0.6]","[14.2, 4.4, 8.5, 17.7]",2026-08-14 06:28:39.466630
HUB06-HUB11,2023-05-21,2023-05-25,"[0.0, 0.9, 3.7, 0.0, 0.5]","[29.1, 17.7, 32.5, 32.2, 24.6]",2026-08-14 06:28:39.466792
HUB08-HUB18,2023-11-02,2023-11-04,"[0.5, 8.3, 14.3]","[18.4, 12.1, 25.1]",2026-08-14 06:28:39.466929
HUB03-HUB06,2023-01-11,2023-01-13,"[0.6, 1.9, 0.5]","[12.9, 15.7, 15.1]",2026-08-14 06:28:39.467062
HUB06-HUB11,2024-09-21,2024-09-25,"[15.7, 1.3, 1.0, 19.9, 5.1]","[0.6, 13.5, 21.3, 15.8, 4.2]",2026-08-14 06:28:39.467248
HUB14-HUB13,2025-04-27,2025-04-28,"[1.1, 0.4]","[15.4, 9.5]",2026-08-14 06:28:39.467379
HUB10-HUB13,2024-08-29,2024-09-02,"[19.0, 12.6, 1.2, 23.4, 14.8]","[20.2, 17.1, 6.8, 16.6, 13.9]",2026-08-14 06:28:39.467542
HUB07-HUB17,2023-06-02,2023-06-06,"[None, 0.4, 0.8, 0.0, 0.0]","[13.4, 19.1, 19.2, 17.2, 20.5]",2026-08-14 06:28:39.467714
HUB17-HUB10,2024-05-04,2024-05-06,"[0.5, 0.1, 0.0]","[11.9, 23.2, 22.1]",2026-08-14 06:28:39.467859
HUB04-HUB08,2024-10-09,2024-10-11,"[0.8, 0.6, 0.0]","[15.7, 19.4, 13.9]",2026-08-14 06:28:39.467994
HUB10-HUB08,2025-09-15,2025-09-18,"[2.0, 0.8, 0.9, 0.4]","[10.2, 15.8, 16.3, 21.5]",2026-08-14 06:28:39.468167
HUB02-HUB06,2023-01-30,2023-02-01,"[0.2, 0.6, 0.4]","[8.6, 19.2, 14.2]",2026-08-14 06:28:39.468315
HUB18-HUB02,2023-10-12,2023-10-13,"[0.0, 18.6]","[9.8, 18.5]",2026-08-14 06:28:39.468442
HUB16-HUB17,2023-10-18,2023-10-20,"[0.0, 0.3, 11.8]","[17.2, 27.4, 17.0]",2026-08-14 06:28:39.468585
HUB15-HUB09,2025-03-04,2025-03-06,"[1.3, 0.5, 1.1]","[13.1, 17.8, 13.4]",2026-08-14 06:28:39.468727
HUB05-HUB14,2025-02-10,2025-02-13,"[0.2, 0.0, 0.9, 0.0]","[15.2, 10.8, 16.2, 11.1]",2026-08-14 06:28:39.468871
HUB09-HUB05,2025-06-09,2025-06-10,"[0.0, 1.1]","[17.4, 12.8]",2026-08-14 06:28:39.468996
HUB09-HUB04,2024-06-20,2024-06-23,"[0.0, 10.3, 4.8, 0.2]","[19.2, 8.6, 18.2, 16.9]",2026-08-14 06:28:39.469172
HUB07-HUB18,2025-05-24,2025-05-26,"[0.3, 0.0, 0.0]","[28.6, 12.4, 13.2]",2026-08-14 06:28:39.469322
HUB01-HUB04,2025-07-31,2025-08-01,"[0.3, 1.5]","[16.1, 24.5]",2026-08-14 06:28:39.469449
HUB12-HUB17,2023-07-19,2023-07-21,"[21.4, 24.7, 25.7]","[16.1, 10.2, 7.6]",2026-08-14 06:28:39.469595
HUB01-HUB12,2023-04-03,2023-04-05,"[0.0, 1.0, 0.2]","[8.4, 19.0, 9.7]",2026-08-14 06:28:39.469741
HUB18-HUB08,2024-11-28,2024-11-29,"[0.0, 0.0]","[17.3, 13.9]",2026-08-14 06:28:39.469866
HUB03-HUB07,2024-02-07,2024-02-09,"[0.9, 0.0, 0.0]","[17.5, 15.8, 11.2]",2026-08-14 06:28:39.470002
HUB08-HUB02,2025-07-29,2025-07-31,"[12.8, 42.6, 10.6]","[12.1, 20.6, 12.7]",2026-08-14 06:28:39.470201
HUB06-HUB07,2023-07-20,2023-07-21,"[6.4, 0.8]","[17.0, 15.7]",2026-08-14 06:28:39.470336
HUB04-HUB07,2024-11-25,2024-11-27,"[0.0, 0.7, 0.4]","[9.8, 15.1, 16.0]",2026-08-14 06:28:39.470473
HUB18-HUB03,2023-12-03,2023-12-04,"[0.1, 0.5]","[12.6, 14.5]",2026-08-14 06:28:39.470608
HUB03-HUB18,2023-02-19,2023-02-20,"[0.0, 0.2]","[19.3, 2.6]",2026-08-14 06:28:39.470739
HUB15-HUB17,2023-07-21,2023-07-23,"[20.2, 0.0, 8.5]","[16.7, 7.7, 6.1]",2026-08-14 06:28:39.470875
HUB10-HUB02,2025-05-09,2025-05-12,"[1.3, 0.1, 0.4, 0.7]","[12.5, 11.0, 32.0, 19.2]",2026-08-14 06:28:39.471030
HUB13-HUB11,2023-06-28,2023-06-29,"[0.2, 0.4]","[14.1, 4.7]",2026-08-14 06:28:39.471182
HUB08-HUB17,2023-06-17,2023-06-20,"[13.6, 21.8, 0.3, 0.0]","[13.7, 18.0, 27.2, 9.2]",2026-08-14 06:28:39.471339
HUB01-HUB02,2025-06-30,2025-07-01,"[3.4, 0.3]","[19.9, 16.3]",2026-08-14 06:28:39.471466
HUB10-HUB02,2024-10-11,2024-10-14,"[1.3, 17.7, 0.0, 0.8]","[11.6, 20.7, 17.0, 14.4]",2026-08-14 06:28:39.471623
HUB01-HUB06,2024-03-03,2024-03-06,"[0.9, 0.6, 0.3, None]","[15.3, 14.2, 12.2, 16.7]",2026-08-14 06:28:39.471779
HUB09-HUB11,2025-03-08,2025-03-11,"[0.7, 0.0, 0.7, 0.2]","[6.8, 16.5, 16.6, 17.9]",2026-08-14 06:28:39.471927
HUB11-HUB10,2023-11-18,2023-11-21,"[1.3, 0.7, 1.2, 0.0]","[21.0, 38.1, 31.0, 25.8]",2026-08-14 06:28:39.472072
HUB11-HUB16,2023-08-12,2023-08-14,"[19.4, 0.0, 6.1]","[12.6, 9.5, 12.6]",2026-08-14 06:28:39.472284
HUB13-HUB17,2024-11-22,2024-11-24,"[None, 0.0, 0.9]","[31.7, 20.9, 32.9]",2026-08-14 06:28:39.472433
HUB06-HUB12,2023-06-13,2023-06-18,"[0.3, 5.8, 13.4, 21.9, 0.4, 1.1]","[11.4, 16.2, 6.1, 11.0, 7.9, 17.2]",2026-08-14 06:28:39.472612
HUB18-HUB02,2025-11-02,2025-11-03,"[14.8, 0.9]","[19.2, 22.7]",2026-08-14 06:28:39.472743
HUB09-HUB04,2025-12-01,2025-12-04,"[0.0, 0.6, 0.8, 0.1]","[13.4, 25.6, 20.5, 21.0]",2026-08-14 06:28:39.472887
HUB13-HUB15,2023-04-15,2023-04-17,"[0.4, 0.7, 0.2]","[20.4, 12.7, 19.8]",2026-08-14 06:28:39.473019
HUB08-HUB18,2025-09-17,2025-09-18,"[0.0, 0.0]","[6.7, 12.6]",2026-08-14 06:28:39.473169
HUB07-HUB02,2023-01-25,2023-01-28,"[0.5, 0.0, 0.3, None]","[6.8, 16.5, 19.1, 11.3]",2026-08-14 06:28:39.473323
HUB10-HUB16,2025-09-12,2025-09-15,"[0.0, 1.3, 16.1, 9.5]","[15.2, 14.3, 12.1, 16.8]",2026-08-14 06:28:39.473475
HUB16-HUB08,2023-10-06,2023-10-07,"[1.1, 0.3]","[11.3, 12.8]",2026-08-14 06:28:39.473607
HUB09-HUB03,2023-04-04,2023-04-06,"[0.0, 0.0, 0.1]","[13.3, 12.8, 12.3]",2026-08-14 06:28:39.473744
HUB02-HUB14,2023-03-14,2023-03-15,"[1.6, 0.0]","[6.7, 11.7]",2026-08-14 06:28:39.473864
HUB12-HUB10,2024-10-25,2024-10-29,"[0.3, 0.4, 0.0, 0.8, 0.0]","[16.0, 22.1, 14.4, 21.3, 21.9]",2026-08-14 06:28:39.474014
HUB07-HUB04,2023-04-09,2023-04-11,"[0.0, 0.8, 0.5]","[21.1, 3.1, 20.6]",2026-08-14 06:28:39.474218
HUB13-HUB12,2024-02-11,2024-02-12,"[1.0, 0.5]","[27.0, 8.3]",2026-08-14 06:28:39.474354
HUB15-HUB03,2025-12-06,2025-12-08,"[0.2, 0.3, 0.1]","[33.6, 14.7, 32.9]",2026-08-14 06:28:39.474488
HUB08-HUB11,2023-02-05,2023-02-08,"[0.7, 0.9, 1.4, 0.9]","[15.3, 23.7, 26.0, 14.9]",2026-08-14 06:28:39.474639
HUB17-HUB15,2025-04-20,2025-04-22,"[1.1, 0.1, 0.0]","[13.7, 14.6, 13.5]",2026-08-14 06:28:39.474780
HUB14-HUB07,2025-10-26,2025-10-30,"[0.0, 0.0, 7.3, 0.4, 0.2]","[15.5, 11.5, 12.4, 8.1, 16.3]",2026-08-14 06:28:39.474932
HUB13-HUB03,2025-06-11,2025-06-14,"[0.0, 10.1, 1.0, 12.4]","[10.5, 17.3, 18.1, 11.7]",2026-08-14 06:28:39.475073
HUB17-HUB15,2023-03-09,2023-03-11,"[0.0, 0.1, 0.0]","[8.1, 10.6, 19.9]",2026-08-14 06:28:39.475237
HUB16-HUB03,2023-12-01,2023-12-02,"[5.9, 1.2]","[30.3, 25.2]",2026-08-14 06:28:39.475365
HUB14-HUB06,2023-06-29,2023-07-02,"[None, 9.5, 0.2, 0.6]","[16.5, 17.4, 12.6, 8.3]",2026-08-14 06:28:39.475509
HUB18-HUB01,2025-04-06,2025-04-07,"[0.0, 0.0]","[12.3, 12.9]",2026-08-14 06:28:39.475644
HUB14-HUB06,2023-12-10,2023-12-13,"[0.1, 0.7, 0.3, 0.7]","[12.8, 14.0, 10.6, 17.6]",2026-08-14 06:28:39.475788
HUB16-HUB01,2025-12-01,2025-12-03,"[0.1, 0.6, 0.0]","[18.1, 15.9, 17.3]",2026-08-14 06:28:39.475919
HUB14-HUB10,2023-11-08,2023-11-11,"[0.0, 0.5, 0.3, 0.5]","[22.2, 22.5, 30.2, 19.9]",2026-08-14 06:28:39.476064
HUB09-HUB03,2025-10-16,2025-10-18,"[0.7, 0.1, 0.0]","[14.5, 17.4, 20.6]",2026-08-14 06:28:39.476225
HUB08-HUB02,2024-10-31,2024-11-02,"[1.5, 0.0, 1.2]","[20.5, 17.3, 5.8]",2026-08-14 06:28:39.476366
HUB15-HUB01,2023-06-30,2023-07-02,"[0.2, 38.3, 41.4]","[15.8, 6.8, 6.4]",2026-08-14 06:28:39.476502
HUB18-HUB02,2025-07-24,2025-07-25,"[42.9, 11.5]","[11.9, 14.3]",2026-08-14 06:28:39.476637
HUB11-HUB07,2024-08-19,2024-08-23,"[0.6, 0.4, 0.0, 0.7, 0.0]","[14.2, 7.8, 9.4, 24.6, 9.2]",2026-08-14 06:28:39.476792
HUB04-HUB18,2024-03-26,2024-03-27,"[0.7, 0.0]","[12.2, 11.0]",2026-08-14 06:28:39.476919
HUB15-HUB08,2024-11-05,2024-11-07,"[3.8, 0.0, 0.8]","[16.3, 13.2, 9.9]",2026-08-14 06:28:39.477054
HUB06-HUB08,2023-08-03,2023-08-04,"[8.9, 5.3]","[15.1, 11.4]",2026-08-14 06:28:39.477207
HUB14-HUB13,2024-05-22,2024-05-23,"[0.0, 16.3]","[17.5, 26.1]",2026-08-14 06:28:39.477342
HUB04-HUB11,2024-01-26,2024-01-29,"[0.5, 0.4, 0.4, 0.8]","[7.7, 3.2, 19.5, 13.2]",2026-08-14 06:28:39.477487
HUB16-HUB15,2025-01-14,2025-01-15,"[0.9, 0.0]","[10.9, 20.0]",2026-08-14 06:28:39.477624
HUB09-HUB18,2023-08-22,2023-08-24,"[0.4, 1.5, 0.1]","[18.5, 1.9, 8.5]",2026-08-14 06:28:39.477764
HUB07-HUB11,2024-06-25,2024-06-29,"[9.0, 0.5, 0.0, 0.4, 0.2]","[27.2, 8.3, 12.0, 26.9, 11.3]",2026-08-14 06:28:39.477918
HUB14-HUB18,2023-04-24,2023-04-26,"[0.4, 0.8, 0.0]","[12.8, 13.0, 18.8]",2026-08-14 06:28:39.478085
HUB13-HUB03,2025-06-27,2025-06-30,"[7.3, 7.7, 0.7, 27.6]","[21.6, 15.8, 3.1, 9.7]",2026-08-14 06:28:39.478269
HUB05-HUB14,2025-11-12,2025-11-15,"[1.1, 0.6, 0.0, 0.0]","[17.4, 8.7, 15.2, 14.8]",2026-08-14 06:28:39.478418
HUB02-HUB10,2024-09-22,2024-09-25,"[0.8, 0.1, 37.7, 0.0]","[11.4, 19.7, 11.3, 8.3]",2026-08-14 06:28:39.478564
HUB18-HUB11,2024-12-05,2024-12-08,"[1.5, 0.4, 0.2, 0.0]","[23.7, 19.1, 31.4, 24.0]",2026-08-14 06:28:39.478723
HUB18-HUB15,2025-07-07,2025-07-09,"[0.0, 0.1, 1.0]","[18.4, 16.3, 7.6]",2026-08-14 06:28:39.478858
HUB12-HUB05,2023-02-11,2023-02-16,"[0.0, 0.0, 1.1, 0.2, 0.0, 0.6]","[14.6, 12.9, 19.8, 15.8, 14.3, 11.3]",2026-08-14 06:28:39.479023
HUB02-HUB11,2023-06-12,2023-06-14,"[0.6, 10.6, 0.2]","[14.6, 13.2, 22.2]",2026-08-14 06:28:39.479191
HUB17-HUB04,2023-04-26,2023-04-29,"[0.6, 0.7, 1.0, 0.4]","[19.9, 7.8, 16.7, 10.1]",2026-08-14 06:28:39.479346
HUB09-HUB15,2024-06-01,2024-06-03,"[0.9, 0.0, 0.6]","[11.4, 5.8, 11.2]",2026-08-14 06:28:39.479482
HUB11-HUB03,2023-03-28,2023-03-31,"[0.4, 0.1, 0.0, 1.0]","[17.4, 16.0, 14.8, 10.5]",2026-08-14 06:28:39.479635
HUB13-HUB04,2023-01-17,2023-01-20,"[0.0, 0.0, 0.8, 0.0]","[1.7, 2.6, 8.8, 12.0]",2026-08-14 06:28:39.479785
HUB11-HUB07,2024-03-24,2024-03-28,"[0.5, 1.1, 0.0, 1.0, 0.1]","[16.8, 14.5, 13.5, 14.8, 15.8]",2026-08-14 06:28:39.479937
HUB05-HUB10,2023-02-21,2023-02-24,"[0.2, 0.0, 0.4, 0.0]","[10.5, 8.3, 1.7, 11.5]",2026-08-14 06:28:39.480081
HUB18-HUB05,2025-05-12,2025-05-15,"[0.7, None, 0.7, 1.2]","[11.0, 12.5, 13.0, 15.6]",2026-08-14 06:28:39.480279
HUB10-HUB11,2025-06-30,2025-07-03,"[11.4, 0.3, 32.1, 0.3]","[11.7, 7.6, 18.6, 14.7]",2026-08-14 06:28:39.480542
HUB18-HUB16,2025-10-25,2025-10-26,"[1.4, 0.9]","[15.5, 13.5]",2026-08-14 06:28:39.480724
HUB03-HUB07,2025-07-30,2025-08-01,"[1.4, 19.5, 0.1]","[13.0, 20.6, 16.2]",2026-08-14 06:28:39.480872
HUB13-HUB17,2023-10-23,2023-10-25,"[1.2, 0.0, 1.3]","[29.9, 22.9, 25.9]",2026-08-14 06:28:39.481013
HUB04-HUB13,2023-07-20,2023-07-23,"[4.6, 19.1, 25.1, 0.2]","[14.4, 15.6, 24.9, 13.1]",2026-08-14 06:28:39.481204
HUB03-HUB11,2024-10-18,2024-10-21,"[0.0, 1.0, 0.1, 0.8]","[13.1, 21.3, 35.7, 20.4]",2026-08-14 06:28:39.481366
HUB16-HUB11,2023-08-17,2023-08-19,"[0.4, 12.7, 24.7]","[27.6, 14.5, 17.7]",2026-08-14 06:28:39.481504
HUB03-HUB12,2023-04-11,2023-04-14,"[1.1, 0.2, 0.0, 2.5]","[10.1, 10.9, 16.5, 11.6]",2026-08-14 06:28:39.481673
HUB01-HUB07,2023-03-19,2023-03-22,"[0.3, 0.8, 0.0, 0.0]","[7.3, 14.3, 20.4, 13.2]",2026-08-14 06:28:39.481823
HUB01-HUB10,2024-09-03,2024-09-07,"[0.8, 0.0, 0.8, 27.7, 0.9]","[8.0, 7.5, 22.1, 3.8, 11.3]",2026-08-14 06:28:39.481982
HUB07-HUB01,2025-10-30,2025-11-02,"[9.8, 0.6, 0.5, 0.3]","[22.7, 22.2, 20.2, 16.4]",2026-08-14 06:28:39.482210
HUB03-HUB02,2025-06-17,2025-06-18,"[0.3, 1.5]","[1.2, 11.2]",2026-08-14 06:28:39.482349
HUB02-HUB10,2025-04-26,2025-04-29,"[0.8, 0.8, 0.0, 0.4]","[2.5, 19.7, 12.2, 15.9]",2026-08-14 06:28:39.482498
HUB10-HUB16,2023-06-08,2023-06-11,"[7.0, 2.4, 0.0, 0.0]","[15.5, 12.3, 13.8, 14.2]",2026-08-14 06:28:39.482656
HUB04-HUB01,2024-07-08,2024-07-09,"[2.5, 38.7]","[11.6, 13.1]",2026-08-14 06:28:39.482787
HUB09-HUB01,2023-08-17,2023-08-19,"[105.8, 0.0, 0.0]","[14.2, 7.4, 18.8]",2026-08-14 06:28:39.482923
HUB02-HUB09,2025-09-16,2025-09-19,"[0.8, 4.7, 0.0, None]","[9.8, 14.5, 17.1, 17.6]",2026-08-14 06:28:39.483070
HUB13-HUB01,2023-02-15,2023-02-17,"[0.0, 0.3, 0.6]","[9.8, 15.7, 13.8]",2026-08-14 06:28:39.483242
HUB08-HUB16,2025-02-26,2025-02-27,"[0.4, 0.7]","[15.3, 16.9]",2026-08-14 06:28:39.483373
HUB17-HUB03,2025-02-02,2025-02-04,"[3.7, 0.1, 1.4]","[13.7, 18.6, 10.3]",2026-08-14 06:28:39.483510
HUB15-HUB17,2024-11-06,2024-11-08,"[0.0, 1.1, 0.5]","[7.2, 20.4, 27.0]",2026-08-14 06:28:39.483661
HUB07-HUB15,2025-12-15,2025-12-17,"[0.0, 0.9, 4.3]","[9.2, 12.1, 11.7]",2026-08-14 06:28:39.483801
HUB06-HUB13,2023-12-25,2023-12-29,"[0.0, 0.2, 0.0, 0.8, 0.0]","[17.0, 14.3, 20.2, 12.7, 14.6]",2026-08-14 06:28:39.483956
HUB16-HUB12,2023-09-04,2023-09-07,"[0.0, 0.6, 10.9, 26.7]","[11.6, 8.4, 12.9, 6.9]",2026-08-14 06:28:39.484103
HUB07-HUB18,2024-04-23,2024-04-25,"[0.3, 1.2, 1.9]","[10.0, 12.3, 16.0]",2026-08-14 06:28:39.484272
HUB17-HUB05,2023-05-09,2023-05-13,"[1.6, 0.7, 1.4, 0.8, 11.5]","[12.9, 15.6, 16.2, 10.7, 16.3]",2026-08-14 06:28:39.484435
HUB02-HUB17,2025-01-08,2025-01-10,"[0.7, 0.9, 0.6]","[3.5, 5.1, 11.7]",2026-08-14 06:28:39.484582
HUB13-HUB14,2024-09-05,2024-09-07,"[0.0, 0.4, 0.2]","[13.5, 10.7, 12.8]",2026-08-14 06:28:39.484726
HUB09-HUB14,2024-05-23,2024-05-25,"[0.0, 0.4, 2.3]","[18.8, 7.7, 14.7]",2026-08-14 06:28:39.484866
HUB16-HUB15,2025-06-24,2025-06-25,"[6.7, 0.5]","[5.2, 14.9]",2026-08-14 06:28:39.484991
HUB02-HUB01,2023-06-19,2023-06-20,"[0.2, 22.8]","[13.0, 25.2]",2026-08-14 06:28:39.485113
HUB17-HUB09,2024-12-15,2024-12-17,"[0.1, 1.5, 0.9]","[10.3, 15.5, 5.9]",2026-08-14 06:28:39.485283
HUB18-HUB12,2023-12-02,2023-12-05,"[0.1, 0.0, 0.9, 0.7]","[14.7, 24.7, 22.5, 16.4]",2026-08-14 06:28:39.485430
HUB09-HUB10,2024-10-07,2024-10-10,"[0.0, 0.7, 0.7, 0.0]","[23.6, 28.5, 8.9, 30.7]",2026-08-14 06:28:39.485583
HUB12-HUB17,2023-05-27,2023-05-29,"[0.0, 0.0, 0.7]","[14.5, 28.9, 23.9]",2026-08-14 06:28:39.485726
HUB10-HUB02,2023-01-29,2023-02-01,"[1.4, 0.0, 1.3, 1.2]","[5.3, 10.0, 8.2, 14.9]",2026-08-14 06:28:39.485875
HUB11-HUB17,2025-01-27,2025-01-29,"[0.0, 0.0, 0.9]","[14.4, 1.5, 21.1]",2026-08-14 06:28:39.486011
HUB10-HUB08,2023-06-02,2023-06-05,"[1.0, 0.5, 0.3, 0.6]","[12.4, 13.6, 15.3, 10.5]",2026-08-14 06:28:39.486226
HUB12-HUB09,2025-02-01,2025-02-04,"[1.0, 5.1, 0.2, 0.8]","[14.2, 12.5, 15.7, 18.8]",2026-08-14 06:28:39.486382
HUB09-HUB12,2024-12-03,2024-12-06,"[0.0, 0.4, 0.0, 0.1]","[13.4, 9.7, 13.1, 24.9]",2026-08-14 06:28:39.486529
HUB18-HUB15,2025-12-06,2025-12-08,"[1.0, 0.0, 0.5]","[19.2, 18.2, 9.0]",2026-08-14 06:28:39.486676
HUB18-HUB02,2025-03-30,2025-03-31,"[0.0, 0.9]","[17.1, 15.2]",2026-08-14 06:28:39.486801
HUB15-HUB14,2023-01-05,2023-01-07,"[0.0, 1.7, 0.0]","[15.2, 5.5, 23.2]",2026-08-14 06:28:39.486935
HUB02-HUB07,2025-06-10,2025-06-13,"[1.9, 1.7, 0.5, 6.5]","[14.4, 11.2, 10.1, 19.3]",2026-08-14 06:28:39.487079
HUB05-HUB12,2024-01-16,2024-01-21,"[0.9, 0.0, 0.6, 1.1, 0.0, None]","[9.1, 16.2, 12.0, 23.7, 24.9, 25.1]",2026-08-14 06:28:39.487277
HUB07-HUB09,2025-07-12,2025-07-14,"[14.6, 0.4, 17.5]","[14.9, 12.0, 13.8]",2026-08-14 06:28:39.487419
HUB03-HUB04,2025-05-14,2025-05-15,"[0.3, 0.0]","[20.7, 5.8]",2026-08-14 06:28:39.487549
HUB17-HUB13,2025-02-18,2025-02-20,"[0.8, 0.4, 0.5]","[10.6, 11.4, 16.5]",2026-08-14 06:28:39.487696
HUB05-HUB14,2024-08-06,2024-08-09,"[0.1, 7.1, 0.0, 12.4]","[15.4, 9.2, 13.8, 11.7]",2026-08-14 06:28:39.487843
HUB14-HUB07,2025-04-29,2025-05-03,"[0.0, 0.0, 0.0, 0.0, 0.0]","[11.7, 12.9, 15.3, 12.9, 13.3]",2026-08-14 06:28:39.488002
HUB17-HUB03,2023-01-16,2023-01-18,"[0.3, 0.4, 0.0]","[13.2, 9.2, 7.6]",2026-08-14 06:28:39.488158
HUB06-HUB17,2024-05-04,2024-05-07,"[0.9, 0.0, 2.4, 1.4]","[31.3, 20.5, 29.1, 9.2]",2026-08-14 06:28:39.488323
HUB14-HUB06,2024-12-01,2024-12-04,"[0.8, 0.6, 0.4, 0.0]","[14.5, 13.3, 13.7, 10.6]",2026-08-14 06:28:39.488470
HUB12-HUB15,2023-09-03,2023-09-06,"[0.8, 0.9, 1.5, 30.6]","[20.2, 14.1, 23.6, 15.2]",2026-08-14 06:28:39.488629
HUB12-HUB07,2024-01-15,2024-01-20,"[0.0, 0.8, 0.4, 0.0, 0.5, 0.4]","[12.9, 14.3, 13.7, 16.8, 12.3, 17.9]",2026-08-14 06:28:39.488798
HUB01-HUB10,2025-03-22,2025-03-25,"[0.9, 2.2, 0.5, 0.0]","[17.6, 8.4, 13.3, 2.2]",2026-08-14 06:28:39.488946
HUB10-HUB16,2024-12-14,2024-12-17,"[0.0, 0.0, 0.9, 1.4]","[12.4, 12.4, 5.8, 16.6]",2026-08-14 06:28:39.489092
HUB10-HUB13,2023-04-30,2023-05-04,"[1.0, 13.9, 0.8, 0.0, 6.7]","[8.8, 20.4, 12.7, 13.0, 20.9]",2026-08-14 06:28:39.489284
HUB01-HUB12,2023-10-26,2023-10-28,"[0.7, 0.0, 0.0]","[23.3, 18.6, 18.0]",2026-08-14 06:28:39.489423
HUB17-HUB06,2023-04-25,2023-04-28,"[0.0, 0.0, 0.0, 0.3]","[8.3, 14.4, 20.8, 11.2]",2026-08-14 06:28:39.489578
HUB14-HUB03,2025-05-26,2025-05-28,"[0.0, 0.0, 0.3]","[37.5, 9.7, 15.4]",2026-08-14 06:28:39.489728
HUB12-HUB09,2024-05-09,2024-05-12,"[12.8, 0.2, 0.2, 0.0]","[12.6, 16.3, 19.9, 12.2]",2026-08-14 06:28:39.489879
HUB07-HUB08,2024-01-30,2024-01-31,"[0.2, 0.4]","[15.8, 14.6]",2026-08-14 06:28:39.490003
HUB17-HUB11,2024-11-22,2024-11-24,"[0.4, 0.4, 0.3]","[17.9, 17.2, 29.5]",2026-08-14 06:28:39.490210
HUB08-HUB09,2023-01-13,2023-01-14,"[0.0, 0.3]","[14.0, 16.5]",2026-08-14 06:28:39.490352
HUB02-HUB06,2025-06-15,2025-06-18,"[3.3, 0.0, 13.6, 0.8]","[15.9, 12.9, 13.8, 14.9]",2026-08-14 06:28:39.490501
HUB18-HUB02,2025-03-24,2025-03-25,"[0.6, 0.6]","[5.8, 20.3]",2026-08-14 06:28:39.490640
HUB10-HUB16,2023-12-02,2023-12-05,"[0.2, 0.4, 0.1, 0.4]","[15.4, 15.6, 20.3, 14.5]",2026-08-14 06:28:39.490789
HUB11-HUB02,2024-02-15,2024-02-17,"[0.0, 0.4, 1.4]","[10.3, 6.7, 11.0]",2026-08-14 06:28:39.490926
HUB13-HUB10,2024-12-21,2024-12-25,"[0.4, 0.2, 0.4, 0.3, 0.2]","[17.6, 15.7, 26.5, 33.4, 25.1]",2026-08-14 06:28:39.491080
HUB03-HUB11,2025-09-24,2025-09-27,"[0.0, 0.5, 0.7, 1.4]","[20.6, 5.2, 19.1, 9.1]",2026-08-14 06:28:39.491258
HUB01-HUB09,2024-09-02,2024-09-04,"[0.7, 0.0, 0.0]","[16.7, 19.1, 15.2]",2026-08-14 06:28:39.491399
HUB09-HUB02,2025-06-13,2025-06-16,"[1.6, 86.3, 13.2, 0.0]","[14.6, 3.8, 12.9, 19.2]",2026-08-14 06:28:39.491544
HUB16-HUB06,2023-03-25,2023-03-27,"[0.7, 0.5, 0.3]","[15.2, 13.7, 17.9]",2026-08-14 06:28:39.491691
HUB18-HUB09,2024-10-09,2024-10-11,"[0.5, 0.3, 0.0]","[14.8, 17.1, 17.9]",2026-08-14 06:28:39.491826
HUB05-HUB16,2023-12-26,2023-12-28,"[0.0, 0.3, 1.2]","[14.8, 12.7, 15.7]",2026-08-14 06:28:39.491959
HUB18-HUB09,2025-05-03,2025-05-05,"[0.0, 1.0, 0.4]","[14.1, 7.7, 14.9]",2026-08-14 06:28:39.492100
HUB16-HUB06,2025-07-25,2025-07-27,"[0.8, 0.2, 3.8]","[20.0, 16.1, 14.7]",2026-08-14 06:28:39.492293
HUB15-HUB13,2024-07-19,2024-07-21,"[0.4, 16.4, 0.0]","[7.9, 6.1, 21.2]",2026-08-14 06:28:39.492433
HUB06-HUB03,2025-07-07,2025-07-09,"[14.1, 0.0, 0.7]","[7.8, 12.8, 14.1]",2026-08-14 06:28:39.492577
HUB14-HUB09,2024-05-23,2024-05-25,"[0.0, 0.0, 0.6]","[15.3, 24.2, 12.9]",2026-08-14 06:28:39.492729
HUB18-HUB02,2025-07-15,2025-07-16,"[21.5, 12.8]","[13.7, 9.4]",2026-08-14 06:28:39.492856
HUB11-HUB08,2024-05-25,2024-05-28,"[1.0, 0.3, 0.2, 0.0]","[12.8, 15.1, 15.3, 17.1]",2026-08-14 06:28:39.493007
HUB16-HUB18,2024-12-18,2024-12-19,"[0.8, 0.1]","[21.7, 28.4]",2026-08-14 06:28:39.493155
HUB05-HUB02,2025-10-05,2025-10-07,"[0.0, 0.1, 0.8]","[26.6, 25.0, 26.5]",2026-08-14 06:28:39.493304
HUB16-HUB06,2024-09-18,2024-09-20,"[0.9, 0.0, 1.3]","[18.6, 11.7, 15.8]",2026-08-14 06:28:39.493441
HUB04-HUB09,2023-08-09,2023-08-12,"[0.2, 8.4, 6.7, 0.0]","[12.5, 12.8, 9.5, 11.1]",2026-08-14 06:28:39.493600
HUB13-HUB12,2024-05-16,2024-05-17,"[1.5, 1.0]","[28.4, 20.3]",2026-08-14 06:28:39.493733
HUB07-HUB13,2023-11-20,2023-11-25,"[33.2, 1.6, 0.7, 0.9, 0.7, 8.7]","[21.5, 11.1, 15.6, 14.0, 20.7, 12.9]",2026-08-14 06:28:39.493900
HUB08-HUB18,2024-05-05,2024-05-07,"[0.5, 0.6, 0.0]","[25.0, 18.3, 22.5]",2026-08-14 06:28:39.494041
HUB14-HUB12,2023-11-14,2023-11-16,"[0.0, 0.2, 0.0]","[18.9, 11.1, 25.9]",2026-08-14 06:28:39.494245
HUB09-HUB05,2023-03-28,2023-03-29,"[0.8, 0.5]","[9.6, 13.9]",2026-08-14 06:28:39.494375
HUB16-HUB14,2023-07-31,2023-08-02,"[7.8, 4.0, 0.0]","[19.5, 13.6, 10.2]",2026-08-14 06:28:39.494512
HUB11-HUB12,2023-10-03,2023-10-04,"[0.0, 0.5]","[18.4, 20.9]",2026-08-14 06:28:39.494657
HUB10-HUB09,2024-10-16,2024-10-18,"[0.8, 1.5, 0.1]","[12.3, 11.9, 9.7]",2026-08-14 06:28:39.494800
HUB05-HUB10,2025-10-20,2025-10-23,"[0.4, 14.9, 0.0, 0.7]","[21.3, 27.8, 6.6, 35.8]",2026-08-14 06:28:39.494949
HUB12-HUB09,2025-05-02,2025-05-06,"[0.7, 0.4, 0.0, 0.2, 1.4]","[11.8, 15.9, 14.7, 16.8, 15.5]",2026-08-14 06:28:39.495114
HUB05-HUB02,2023-11-30,2023-12-02,"[6.4, 0.0, 0.0]","[16.2, 21.0, 18.0]",2026-08-14 06:28:39.495285
HUB14-HUB01,2025-07-14,2025-07-16,"[0.5, 8.1, 18.2]","[20.9, 10.0, 2.6]",2026-08-14 06:28:39.495424
HUB09-HUB07,2025-04-04,2025-04-06,"[0.4, 0.4, 0.0]","[13.7, 19.1, 11.2]",2026-08-14 06:28:39.495562
HUB10-HUB13,2023-03-01,2023-03-05,"[0.0, 1.2, 5.6, 17.2, 1.2]","[7.4, 7.2, 13.2, 12.4, 21.7]",2026-08-14 06:28:39.495733
HUB10-HUB03,2024-09-30,2024-10-04,"[0.3, 3.8, 0.4, 0.3, 1.1]","[16.4, 15.9, 14.2, 29.5, 15.8]",2026-08-14 06:28:39.495891
HUB01-HUB09,2024-10-09,2024-10-11,"[0.0, 1.1, None]","[18.7, 16.1, 10.0]",2026-08-14 06:28:39.496026
HUB15-HUB05,2024-02-10,2024-02-12,"[0.0, 0.0, 0.0]","[19.1, 13.5, 13.0]",2026-08-14 06:28:39.496191
HUB18-HUB14,2023-10-15,2023-10-17,"[0.0, 0.7, 0.8]","[19.9, 15.1, 11.3]",2026-08-14 06:28:39.496334
HUB14-HUB16,2023-03-17,2023-03-19,"[2.6, 0.7, 1.1]","[11.2, 11.3, 16.5]",2026-08-14 06:28:39.496469
HUB04-HUB16,2024-03-25,2024-03-27,"[0.0, 0.0, 0.0]","[16.0, 16.9, 11.2]",2026-08-14 06:28:39.496613
HUB12-HUB06,2023-03-23,2023-03-28,"[0.1, 0.7, 0.0, 0.0, 1.6, 0.7]","[15.0, 14.7, 17.5, 13.2, 17.0, 14.2]",2026-08-14 06:28:39.496781
HUB03-HUB15,2024-09-29,2024-10-01,"[0.5, 1.1, 11.4]","[7.6, 12.2, 23.5]",2026-08-14 06:28:39.496918
HUB12-HUB01,2024-06-29,2024-07-01,"[0.0, 14.0, 0.7]","[17.7, 18.0, 15.1]",2026-08-14 06:28:39.497053
HUB08-HUB06,2024-01-09,2024-01-10,"[1.0, 0.0]","[12.3, 17.7]",2026-08-14 06:28:39.497203
HUB16-HUB18,2024-05-07,2024-05-08,"[0.7, 0.0]","[30.1, 5.1]",2026-08-14 06:28:39.497343
HUB11-HUB10,2023-05-15,2023-05-18,"[0.6, 0.2, 18.2, 0.0]","[26.3, 31.9, 34.3, 31.2]",2026-08-14 06:28:39.497491
HUB02-HUB17,2024-08-05,2024-08-07,"[0.2, 29.7, 0.5]","[1.0, 4.9, 11.7]",2026-08-14 06:28:39.497718
HUB16-HUB13,2024-12-16,2024-12-19,"[0.4, 0.1, 0.9, 0.0]","[18.0, 15.9, 15.7, 18.8]",2026-08-14 06:28:39.497874
HUB11-HUB10,2024-06-18,2024-06-21,"[0.3, 2.0, 14.4, 0.0]","[13.1, 13.4, 22.0, 18.4]",2026-08-14 06:28:39.498022
HUB16-HUB06,2025-09-03,2025-09-05,"[4.9, 19.8, 0.5]","[10.7, 9.1, 16.4]",2026-08-14 06:28:39.498235
HUB02-HUB07,2025-06-13,2025-06-16,"[0.0, 0.6, 7.7, 1.6]","[18.5, 13.6, 13.8, 14.8]",2026-08-14 06:28:39.498389
HUB05-HUB02,2025-10-24,2025-10-27,"[1.2, 0.1, 0.5, 0.5]","[10.2, 11.8, 16.9, 9.0]",2026-08-14 06:28:39.498537
HUB02-HUB15,2023-04-07,2023-04-09,"[0.3, 0.3, 0.6]","[17.2, 28.7, 23.2]",2026-08-14 06:28:39.498694
HUB06-HUB17,2025-08-22,2025-08-25,"[0.5, 20.7, 13.0, 1.0]","[22.8, 2.5, 14.2, 11.4]",2026-08-14 06:28:39.498841
HUB09-HUB02,2025-04-08,2025-04-10,"[0.0, 0.8, 0.0]","[15.3, 17.4, 17.8]",2026-08-14 06:28:39.498997
HUB12-HUB13,2024-08-04,2024-08-05,"[0.8, 0.2]","[18.6, 19.5]",2026-08-14 06:28:39.499190
HUB08-HUB12,2023-02-26,2023-03-02,"[0.0, 0.0, 0.4, 0.7, None]","[19.7, 8.9, 2.2, 24.1, 7.8]",2026-08-14 06:28:39.499364
HUB09-HUB18,2024-09-17,2024-09-19,"[0.0, 0.0, 10.6]","[8.5, 17.6, 14.2]",2026-08-14 06:28:39.499502
HUB14-HUB03,2024-08-15,2024-08-17,"[1.6, 0.0, 0.4]","[8.1, 23.1, 13.2]",2026-08-14 06:28:39.499652
HUB08-HUB15,2023-11-23,2023-11-25,"[6.3, 0.7, 0.0]","[22.4, 16.4, 25.5]",2026-08-14 06:28:39.499790
HUB15-HUB16,2024-09-11,2024-09-12,"[0.9, 0.0]","[12.7, 12.5]",2026-08-14 06:28:39.499915
HUB03-HUB04,2024-08-20,2024-08-21,"[23.8, 5.5]","[7.6, 7.2]",2026-08-14 06:28:39.500039
HUB15-HUB14,2024-03-27,2024-03-28,"[0.5, 0.5]","[11.0, 10.4]",2026-08-14 06:28:39.500193
HUB15-HUB10,2023-10-26,2023-10-29,"[0.7, 0.0, 0.9, None]","[15.5, 23.0, 25.5, 7.6]",2026-08-14 06:28:39.500381
HUB11-HUB17,2024-07-15,2024-07-17,"[21.2, 7.7, 0.0]","[4.2, 8.1, 6.4]",2026-08-14 06:28:39.500634
HUB06-HUB03,2025-01-13,2025-01-15,"[0.7, 0.4, 0.4]","[1.1, 17.8, 24.7]",2026-08-14 06:28:39.500809
HUB01-HUB18,2023-05-14,2023-05-15,"[0.8, 1.4]","[18.0, 20.4]",2026-08-14 06:28:39.500944
HUB18-HUB11,2023-03-29,2023-04-01,"[1.4, 1.1, 0.0, 1.6]","[21.4, 29.4, 14.8, 21.9]",2026-08-14 06:28:39.501092
HUB01-HUB15,2023-08-23,2023-08-25,"[0.5, 0.0, 28.8]","[9.4, 7.1, 13.2]",2026-08-14 06:28:39.501277
HUB02-HUB08,2024-10-15,2024-10-17,"[1.2, 1.6, 0.0]","[16.6, 17.6, 17.8]",2026-08-14 06:28:39.501425
HUB04-HUB05,2025-06-22,2025-06-24,"[15.3, 1.0, 3.9]","[16.2, 12.4, 17.6]",2026-08-14 06:28:39.501561
HUB04-HUB12,2025-11-05,2025-11-09,"[0.2, 0.6, 0.2, 0.7, 1.0]","[33.1, 19.5, 15.1, 19.1, 13.3]",2026-08-14 06:28:39.501733
HUB05-HUB12,2025-07-23,2025-07-28,"[0.6, 0.4, 13.4, 0.0, 0.2, 16.1]","[21.9, 21.1, 4.1, 17.7, 25.3, 15.8]",2026-08-14 06:28:39.501903
HUB04-HUB15,2023-03-01,2023-03-03,"[0.3, 0.8, 0.3]","[16.4, 15.9, 15.1]",2026-08-14 06:28:39.502038
HUB09-HUB17,2024-07-07,2024-07-09,"[26.4, 0.0, 0.6]","[4.4, 16.4, 22.3]",2026-08-14 06:28:39.502258
HUB17-HUB08,2024-01-12,2024-01-15,"[0.8, 0.3, 0.4, 0.0]","[14.5, 15.8, 11.5, 14.0]",2026-08-14 06:28:39.502411
HUB07-HUB04,2023-07-18,2023-07-20,"[6.1, None, 4.0]","[15.4, 24.8, 18.6]",2026-08-14 06:28:39.502548
HUB03-HUB15,2024-12-06,2024-12-08,"[0.0, 0.4, 0.9]","[23.4, 23.0, 15.0]",2026-08-14 06:28:39.502699
HUB03-HUB04,2025-05-02,2025-05-03,"[0.1, 0.9]","[19.3, 16.1]",2026-08-14 06:28:39.502825
HUB16-HUB17,2023-07-01,2023-07-03,"[57.3, 11.6, 2.9]","[15.8, 3.6, 15.6]",2026-08-14 06:28:39.502960
HUB02-HUB14,2024-12-13,2024-12-15,"[0.6, 0.0, 1.2]","[15.0, 5.3, 14.4]",2026-08-14 06:28:39.503090
HUB18-HUB16,2023-08-16,2023-08-17,"[0.4, 13.4]","[12.6, 16.9]",2026-08-14 06:28:39.503245
HUB01-HUB12,2025-02-20,2025-02-22,"[0.4, 0.1, 0.0]","[13.0, 6.1, 5.8]",2026-08-14 06:28:39.503384
HUB01-HUB06,2025-04-19,2025-04-22,"[0.1, 1.2, 0.0, 0.7]","[13.7, 15.8, 13.1, 17.1]",2026-08-14 06:28:39.503530
HUB02-HUB09,2023-12-18,2023-12-21,"[0.0, 0.0, 1.3, 0.8]","[9.1, 13.8, 18.7, 13.0]",2026-08-14 06:28:39.503689
HUB17-HUB14,2025-11-13,2025-11-14,"[0.0, 0.4]","[10.9, 19.7]",2026-08-14 06:28:39.503813
HUB01-HUB02,2024-08-16,2024-08-17,"[7.0, 0.3]","[12.5, 7.6]",2026-08-14 06:28:39.503938
HUB16-HUB01,2024-09-13,2024-09-15,"[22.1, 0.5, 0.3]","[18.3, 8.3, 17.0]",2026-08-14 06:28:39.504070
HUB01-HUB14,2023-05-12,2023-05-14,"[0.0, 0.5, 8.1]","[9.2, 13.3, 12.2]",2026-08-14 06:28:39.504245
HUB13-HUB11,2023-08-24,2023-08-25,"[0.3, 0.6]","[19.6, 28.5]",2026-08-14 06:28:39.504382
HUB09-HUB07,2024-03-28,2024-03-30,"[5.2, 0.0, 5.2]","[14.9, 7.9, 16.5]",2026-08-14 06:28:39.504519
HUB05-HUB12,2024-06-08,2024-06-13,"[0.2, 0.0, 19.6, 1.5, 11.5, 0.0]","[14.8, 6.2, 6.2, 15.9, 17.9, 9.4]",2026-08-14 06:28:39.504698
HUB13-HUB17,2025-12-15,2025-12-17,"[0.0, 0.3, 0.0]","[6.4, 27.9, 32.5]",2026-08-14 06:28:39.504836
HUB13-HUB10,2024-12-15,2024-12-18,"[0.0, 0.0, 0.5, 0.8]","[29.8, 13.8, 20.3, 25.6]",2026-08-14 06:28:39.504980
HUB08-HUB11,2025-03-20,2025-03-24,"[0.4, 2.6, 0.6, 0.7, 0.0]","[2.2, 1.9, 11.2, 6.4, 22.0]",2026-08-14 06:28:39.505155
HUB02-HUB16,2025-04-14,2025-04-16,"[8.0, 0.0, 0.5]","[13.3, 19.4, 7.0]",2026-08-14 06:28:39.505307
HUB05-HUB14,2025-04-05,2025-04-08,"[0.1, 0.0, 0.9, 1.2]","[13.3, 8.6, 10.9, 20.8]",2026-08-14 06:28:39.505453
HUB01-HUB06,2024-10-10,2024-10-13,"[1.2, 0.3, 0.4, 4.7]","[16.2, 15.0, 14.1, 14.8]",2026-08-14 06:28:39.505610
HUB12-HUB04,2024-09-19,2024-09-23,"[0.0, 10.9, 1.1, 0.0, 0.0]","[2.1, 24.2, 14.4, 20.6, 11.0]",2026-08-14 06:28:39.505770
HUB07-HUB01,2023-11-25,2023-11-28,"[0.0, 0.5, 0.0, 0.0]","[13.5, 21.3, 23.2, 20.6]",2026-08-14 06:28:39.505916
HUB12-HUB13,2025-03-19,2025-03-20,"[0.6, 0.0]","[2.0, 18.9]",2026-08-14 06:28:39.506039
HUB10-HUB17,2024-12-13,2024-12-15,"[1.0, 0.0, 0.0]","[11.8, 32.2, 32.2]",2026-08-14 06:28:39.506247
HUB13-HUB18,2024-08-03,2024-08-05,"[0.5, 4.0, 1.2]","[12.3, 12.5, 17.3]",2026-08-14 06:28:39.506389
HUB09-HUB06,2025-08-23,2025-08-24,"[14.7, 0.4]","[13.7, 17.8]",2026-08-14 06:28:39.506518
HUB06-HUB05,2024-10-18,2024-10-19,"[0.0, 0.0]","[11.1, 11.5]",2026-08-14 06:28:39.506654
HUB12-HUB16,2023-11-27,2023-11-30,"[0.0, 0.2, 0.6, 0.0]","[15.7, 19.9, 14.8, 17.7]",2026-08-14 06:28:39.506803
HUB18-HUB14,2024-04-16,2024-04-18,"[0.9, 0.8, 0.6]","[19.1, 8.3, 12.5]",2026-08-14 06:28:39.506942
HUB13-HUB06,2025-11-30,2025-12-03,"[1.6, 0.6, 0.0, 0.2]","[15.8, 16.0, 8.6, 15.9]",2026-08-14 06:28:39.507085
HUB04-HUB08,2024-05-17,2024-05-19,"[0.0, 0.5, 7.1]","[11.4, 18.7, 17.5]",2026-08-14 06:28:39.507262
HUB05-HUB04,2023-09-20,2023-09-23,"[3.1, 0.9, 0.6, 0.0]","[12.2, 11.2, 16.2, 15.3]",2026-08-14 06:28:39.507411
HUB18-HUB02,2024-07-21,2024-07-22,"[5.1, 11.0]","[6.5, 7.5]",2026-08-14 06:28:39.507534
HUB13-HUB06,2023-10-21,2023-10-24,"[0.7, 0.0, 0.8, 0.0]","[15.1, 11.5, 8.6, 21.1]",2026-08-14 06:28:39.507689
HUB12-HUB17,2023-01-04,2023-01-06,"[0.0, 0.0, 0.4]","[17.1, 15.5, 17.9]",2026-08-14 06:28:39.507826
HUB14-HUB11,2023-09-25,2023-09-26,"[0.0, 1.3]","[20.7, 16.7]",2026-08-14 06:28:39.507948
HUB05-HUB08,2023-08-23,2023-08-24,"[0.0, 0.3]","[13.8, 17.4]",2026-08-14 06:28:39.508072
HUB17-HUB14,2025-10-17,2025-10-18,"[1.5, 0.1]","[13.8, 12.7]",2026-08-14 06:28:39.508226
HUB04-HUB07,2024-04-02,2024-04-04,"[0.7, 0.0, 0.2]","[17.2, 11.7, 18.1]",2026-08-14 06:28:39.508372
HUB17-HUB04,2024-04-07,2024-04-10,"[0.5, 0.0, 0.0, 1.9]","[6.2, 12.0, 19.9, 14.9]",2026-08-14 06:28:39.508523
HUB05-HUB15,2023-12-30,2024-01-01,"[0.1, 0.3, 0.0]","[27.8, 20.0, 13.7]",2026-08-14 06:28:39.508673
HUB06-HUB07,2024-12-29,2024-12-30,"[0.3, 0.6]","[10.6, 11.7]",2026-08-14 06:28:39.508798
HUB12-HUB01,2023-03-21,2023-03-24,"[8.5, 0.0, 0.0, 0.1]","[23.2, 14.5, 15.3, 11.1]",2026-08-14 06:28:39.508948
HUB09-HUB01,2025-09-24,2025-09-26,"[0.1, 0.3, 0.0]","[17.4, 19.6, 14.6]",2026-08-14 06:28:39.509085
HUB18-HUB11,2025-08-18,2025-08-21,"[0.0, 0.2, 0.2, 9.5]","[11.8, 17.5, 14.0, 2.2]",2026-08-14 06:28:39.509270
HUB16-HUB01,2025-01-22,2025-01-23,"[0.5, 0.1]","[15.4, 19.6]",2026-08-14 06:28:39.509399
HUB16-HUB01,2025-03-26,2025-03-28,"[0.0, 0.0, 1.0]","[16.6, 19.2, 18.9]",2026-08-14 06:28:39.509533
HUB11-HUB05,2024-09-16,2024-09-19,"[3.6, 0.3, 0.9, None]","[11.8, 11.7, 15.4, 7.4]",2026-08-14 06:28:39.509693
HUB18-HUB17,2025-10-17,2025-10-20,"[5.1, 0.6, 0.0, 0.0]","[21.3, 31.8, 23.2, 32.0]",2026-08-14 06:28:39.509843
HUB14-HUB05,2023-07-10,2023-07-13,"[8.6, 17.7, 0.0, 0.0]","[16.8, 14.8, 8.4, 7.7]",2026-08-14 06:28:39.509987
HUB06-HUB17,2023-04-13,2023-04-16,"[0.3, 0.8, 0.8, 0.1]","[20.9, 7.6, 17.8, 17.0]",2026-08-14 06:28:39.510278
HUB11-HUB09,2025-10-11,2025-10-14,"[0.6, 0.5, 0.0, 0.0]","[14.1, 18.2, 16.6, 15.9]",2026-08-14 06:28:39.510464
HUB07-HUB12,2023-05-07,2023-05-12,"[0.0, 1.2, 0.7, 0.1, 0.0, 0.0]","[22.3, 36.3, 16.4, 13.3, 31.9, 24.0]",2026-08-14 06:28:39.510660
HUB05-HUB06,2024-05-10,2024-05-11,"[1.1, 6.1]","[13.6, 12.1]",2026-08-14 06:28:39.510795
HUB14-HUB10,2025-03-26,2025-03-29,"[0.0, 0.3, 0.1, 1.0]","[3.3, 17.6, 2.8, 5.6]",2026-08-14 06:28:39.510944
HUB08-HUB06,2024-02-20,2024-02-21,"[0.4, 1.4]","[8.1, 13.9]",2026-08-14 06:28:39.511069
HUB05-HUB15,2024-01-23,2024-01-25,"[0.7, 0.9, 0.9]","[20.9, 9.4, 8.4]",2026-08-14 06:28:39.511245
HUB16-HUB17,2025-07-02,2025-07-04,"[0.0, 0.3, 0.0]","[20.0, 27.3, 15.7]",2026-08-14 06:28:39.511387
HUB07-HUB13,2024-06-18,2024-06-22,"[0.0, 0.0, 3.3, 0.9, 1.3]","[14.7, 13.0, 10.6, 14.9, 18.2]",2026-08-14 06:28:39.511544
HUB14-HUB03,2024-10-06,2024-10-08,"[0.3, 0.3, 0.4]","[20.0, 17.7, 9.3]",2026-08-14 06:28:39.511696
HUB06-HUB08,2024-03-23,2024-03-24,"[0.0, 0.0]","[11.8, 17.1]",2026-08-14 06:28:39.511822
HUB07-HUB04,2025-11-02,2025-11-04,"[0.0, 0.5, 9.5]","[28.4, 25.8, 10.5]",2026-08-14 06:28:39.511957
HUB08-HUB03,2023-02-24,2023-02-25,"[0.1, 0.0]","[17.5, 17.1]",2026-08-14 06:28:39.512081
HUB09-HUB01,2023-07-13,2023-07-15,"[0.7, 0.3, 0.0]","[13.7, 19.4, 15.8]",2026-08-14 06:28:39.512270
HUB14-HUB16,2025-04-01,2025-04-03,"[1.6, 0.5, 0.0]","[15.1, 18.3, 10.7]",2026-08-14 06:28:39.512421
HUB07-HUB12,2024-06-06,2024-06-10,"[None, 0.5, 0.8, 14.5, 0.0]","[8.9, 10.2, 19.8, 21.0, 13.9]",2026-08-14 06:28:39.512590
HUB01-HUB13,2024-06-15,2024-06-17,"[9.8, 18.8, 0.4]","[8.1, 16.2, 6.0]",2026-08-14 06:28:39.512735
HUB03-HUB05,2024-05-25,2024-05-27,"[0.0, 0.6, 0.0]","[15.4, 9.3, 12.9]",2026-08-14 06:28:39.512870
HUB01-HUB06,2025-03-13,2025-03-16,"[0.6, 0.2, 0.0, 0.0]","[20.8, 14.6, 10.4, 16.7]",2026-08-14 06:28:39.513015
HUB17-HUB12,2024-10-29,2024-10-31,"[0.3, 0.8, 0.0]","[10.0, 13.9, 26.6]",2026-08-14 06:28:39.513185
HUB01-HUB08,2025-07-09,2025-07-11,"[6.0, 0.0, 0.0]","[9.4, 8.2, 17.3]",2026-08-14 06:28:39.513332
HUB17-HUB04,2023-09-24,2023-09-27,"[0.1, 0.8, 1.0, 1.3]","[20.9, 18.5, 21.3, 28.6]",2026-08-14 06:28:39.513500
HUB12-HUB14,2025-02-02,2025-02-04,"[0.2, 0.0, 0.9]","[14.4, 13.7, 11.1]",2026-08-14 06:28:39.513668
HUB01-HUB13,2024-06-01,2024-06-03,"[9.6, 0.0, 0.0]","[22.4, 5.8, 16.3]",2026-08-14 06:28:39.513806
HUB07-HUB12,2024-03-15,2024-03-20,"[0.0, 0.0, 0.0, 1.1, 0.6, 0.0]","[18.6, 8.2, 18.6, 22.1, 17.4, 4.6]",2026-08-14 06:28:39.513970
HUB14-HUB04,2024-05-10,2024-05-13,"[1.0, 0.0, 0.0, 0.0]","[17.4, 21.2, 20.3, 14.7]",2026-08-14 06:28:39.514200
HUB09-HUB17,2023-09-02,2023-09-04,"[0.0, 0.0, 19.2]","[4.3, 8.7, 10.0]",2026-08-14 06:28:39.514362
HUB15-HUB16,2024-11-04,2024-11-05,"[0.0, 0.5]","[16.2, 17.2]",2026-08-14 06:28:39.514491
HUB09-HUB01,2025-05-11,2025-05-13,"[18.6, 1.8, 34.6]","[13.2, 13.9, 18.1]",2026-08-14 06:28:39.514640
HUB07-HUB12,2023-08-06,2023-08-11,"[0.9, 0.0, 0.1, 0.0, 17.5, 16.9]","[12.9, 25.4, 14.8, 30.0, 17.1, 4.9]",2026-08-14 06:28:39.514812
HUB04-HUB12,2025-11-17,2025-11-21,"[0.8, 0.0, None, 0.2, 0.1]","[21.8, 20.1, 36.7, 28.9, 13.4]",2026-08-14 06:28:39.514970
HUB12-HUB14,2025-08-21,2025-08-23,"[0.9, 6.2, 0.1]","[25.2, 14.3, 18.9]",2026-08-14 06:28:39.515108
HUB15-HUB07,2025-06-21,2025-06-24,"[0.0, 8.8, 6.9, 0.9]","[14.9, 15.2, 11.9, 11.0]",2026-08-14 06:28:39.515289
HUB13-HUB06,2025-11-14,2025-11-17,"[0.7, 0.5, 0.0, 0.5]","[10.7, 17.2, 12.3, 10.0]",2026-08-14 06:28:39.515438
HUB04-HUB06,2024-03-15,2024-03-17,"[0.2, 0.4, 0.7]","[13.6, 10.9, 15.7]",2026-08-14 06:28:39.515594
HUB07-HUB16,2024-06-13,2024-06-15,"[3.5, 1.3, 1.0]","[12.2, 10.8, 20.1]",2026-08-14 06:28:39.515747
HUB13-HUB17,2025-12-18,2025-12-20,"[1.1, 0.0, 0.0]","[25.5, 17.7, 18.8]",2026-08-14 06:28:39.515888
HUB04-HUB07,2025-02-20,2025-02-22,"[0.5, 2.5, 0.2]","[14.8, 14.0, 8.2]",2026-08-14 06:28:39.516027
HUB14-HUB08,2023-08-25,2023-08-28,"[0.7, 0.3, 0.0, 0.5]","[13.5, 11.4, 13.3, 13.7]",2026-08-14 06:28:39.516207
HUB17-HUB13,2023-10-28,2023-10-30,"[0.4, 0.9, 0.0]","[19.9, 13.2, 13.6]",2026-08-14 06:28:39.516351
HUB05-HUB08,2025-02-21,2025-02-22,"[0.2, 0.0]","[12.3, 14.3]",2026-08-14 06:28:39.516475
HUB07-HUB11,2024-04-26,2024-04-30,"[0.0, 0.4, 2.3, 0.4, 0.8]","[17.0, 7.5, 9.4, 18.3, 14.5]",2026-08-14 06:28:39.516646
HUB13-HUB06,2025-07-03,2025-07-06,"[1.1, 0.0, 0.0, 0.1]","[14.1, 14.5, 16.4, 19.6]",2026-08-14 06:28:39.516798
HUB14-HUB12,2023-07-09,2023-07-11,"[0.6, 0.8, 27.7]","[24.3, 12.9, 8.1]",2026-08-14 06:28:39.516935
HUB04-HUB14,2025-10-31,2025-11-03,"[1.3, 0.6, 0.9, 0.2]","[17.7, 14.0, 17.1, 20.8]",2026-08-14 06:28:39.517079
HUB09-HUB07,2024-05-11,2024-05-13,"[0.0, None, 0.9]","[13.2, 11.0, 13.0]",2026-08-14 06:28:39.517257
HUB10-HUB08,2025-11-06,2025-11-09,"[0.0, 0.6, 1.1, 1.1]","[4.5, 13.8, 16.8, 15.2]",2026-08-14 06:28:39.517406
HUB15-HUB16,2025-09-04,2025-09-05,"[0.0, 0.5]","[15.2, 22.3]",2026-08-14 06:28:39.517532
HUB13-HUB08,2023-08-15,2023-08-19,"[0.6, 0.0, 0.0, 0.4, 0.0]","[11.8, 13.7, 14.4, 11.8, 12.2]",2026-08-14 06:28:39.517702
HUB03-HUB05,2024-03-11,2024-03-13,"[0.0, 0.9, 0.1]","[15.7, 16.6, 15.0]",2026-08-14 06:28:39.517840
HUB03-HUB13,2025-11-02,2025-11-05,"[0.8, 0.5, 0.9, 0.0]","[17.9, 15.1, 11.1, 20.6]",2026-08-14 06:28:39.517984
HUB17-HUB10,2023-11-16,2023-11-18,"[1.0, 1.1, 0.2]","[4.7, 23.7, 24.7]",2026-08-14 06:28:39.518192
HUB13-HUB12,2023-08-03,2023-08-04,"[42.9, 1.2]","[27.8, 25.6]",2026-08-14 06:28:39.518329
HUB16-HUB15,2023-10-24,2023-10-25,"[0.4, 0.8]","[21.7, 15.0]",2026-08-14 06:28:39.518453
HUB03-HUB18,2025-10-16,2025-10-17,"[1.1, 0.4]","[12.8, 18.1]",2026-08-14 06:28:39.518585
HUB10-HUB07,2024-06-12,2024-06-16,"[1.3, 0.2, 0.6, 0.9, 35.6]","[13.2, 12.5, 17.7, 17.9, 10.4]",2026-08-14 06:28:39.518747
HUB02-HUB06,2024-07-08,2024-07-11,"[0.0, 0.0, 0.0, 0.1]","[13.0, 11.7, 12.6, 17.8]",2026-08-14 06:28:39.518896
HUB09-HUB03,2025-07-01,2025-07-03,"[3.6, 0.7, 4.9]","[14.7, 17.3, 13.9]",2026-08-14 06:28:39.519032
HUB07-HUB17,2024-02-02,2024-02-06,"[0.3, 0.6, 0.0, 0.0, 0.8]","[18.0, 7.3, 10.4, 20.0, 14.6]",2026-08-14 06:28:39.519216
HUB06-HUB13,2025-10-16,2025-10-20,"[0.2, 0.0, 0.9, 0.4, 0.6]","[21.7, 14.3, 19.9, 20.9, 27.9]",2026-08-14 06:28:39.519379
HUB04-HUB10,2024-04-20,2024-04-24,"[1.7, 0.4, 0.0, 0.1, 0.0]","[16.3, 10.7, 11.9, 12.5, 18.4]",2026-08-14 06:28:39.519538
HUB03-HUB16,2024-10-13,2024-10-14,"[0.4, 0.4]","[11.2, 12.9]",2026-08-14 06:28:39.519675
HUB03-HUB01,2023-03-26,2023-03-27,"[1.4, 0.1]","[1.5, 14.1]",2026-08-14 06:28:39.519802
HUB10-HUB18,2024-05-06,2024-05-10,"[0.2, 0.0, 0.5, 0.0, 0.6]","[23.1, 12.2, 11.4, 20.3, 14.7]",2026-08-14 06:28:39.519958
HUB05-HUB13,2025-02-01,2025-02-05,"[0.0, 1.3, 0.3, 0.0, 0.0]","[12.1, 12.1, 24.1, 13.2, 14.0]",2026-08-14 06:28:39.520118
HUB06-HUB12,2023-01-27,2023-01-31,"[0.9, 0.2, 0.0, 0.0, 0.2]","[7.4, 3.8, 4.5, 18.3, 21.0]",2026-08-14 06:28:39.520310
HUB14-HUB07,2025-05-11,2025-05-15,"[0.7, 3.9, 0.0, 0.2, 7.5]","[14.2, 9.7, 10.7, 10.3, 12.9]",2026-08-14 06:28:39.520479
HUB08-HUB15,2024-03-29,2024-03-31,"[6.1, 0.0, 0.8]","[16.9, 16.7, 12.3]",2026-08-14 06:28:39.520628
HUB16-HUB17,2025-11-04,2025-11-07,"[1.4, 0.0, 0.0, 0.6]","[20.7, 17.1, 26.0, 8.4]",2026-08-14 06:28:39.520779
HUB12-HUB03,2024-04-15,2024-04-18,"[0.7, 0.6, 0.0, 5.1]","[7.2, 11.5, 22.3, 14.9]",2026-08-14 06:28:39.520932
HUB17-HUB08,2024-03-23,2024-03-26,"[1.1, 1.2, 0.9, 0.8]","[9.7, 15.9, 19.0, 17.5]",2026-08-14 06:28:39.521075
HUB13-HUB10,2024-03-09,2024-03-12,"[0.3, 0.2, 0.2, 0.7]","[9.6, 15.3, 27.9, 1.7]",2026-08-14 06:28:39.521252
HUB18-HUB03,2025-09-23,2025-09-24,"[5.4, 0.0]","[8.0, 21.5]",2026-08-14 06:28:39.521380
HUB14-HUB06,2025-11-09,2025-11-12,"[0.8, 0.0, 0.6, 0.0]","[16.9, 15.0, 12.9, 23.0]",2026-08-14 06:28:39.521523
HUB12-HUB13,2024-01-02,2024-01-03,"[0.0, 1.1]","[15.3, 6.2]",2026-08-14 06:28:39.521660
HUB07-HUB06,2025-01-02,2025-01-03,"[0.0, 1.0]","[18.6, 20.8]",2026-08-14 06:28:39.521784
HUB13-HUB07,2025-05-30,2025-06-04,"[0.0, 0.0, 0.2, 4.2, 0.0, 5.4]","[13.2, 15.8, 16.6, 13.6, 10.9, 10.5]",2026-08-14 06:28:39.521950
HUB08-HUB03,2024-09-11,2024-09-13,"[1.5, 0.3, 0.6]","[12.0, 8.4, 11.6]",2026-08-14 06:28:39.522148
HUB06-HUB12,2025-05-22,2025-05-27,"[0.4, 0.4, 0.6, 0.9, 0.0, 0.5]","[29.4, 19.3, 19.2, 20.9, 43.8, 12.1]",2026-08-14 06:28:39.522360
HUB01-HUB05,2023-08-11,2023-08-13,"[2.1, 0.0, 0.0]","[15.1, 11.2, 13.7]",2026-08-14 06:28:39.522506
HUB17-HUB06,2025-04-18,2025-04-21,"[0.3, 1.2, 0.0, 0.1]","[21.7, 16.8, 14.3, 16.8]",2026-08-14 06:28:39.522675
HUB06-HUB18,2023-08-18,2023-08-20,"[16.8, 0.6, 1.9]","[17.5, 6.7, 5.6]",2026-08-14 06:28:39.522814
HUB07-HUB01,2025-07-17,2025-07-20,"[0.8, 0.0, 24.2, 40.4]","[16.9, 25.5, 15.9, 20.3]",2026-08-14 06:28:39.522959
HUB15-HUB14,2023-03-29,2023-03-30,"[0.0, 1.3]","[6.7, 16.5]",2026-08-14 06:28:39.523083
HUB14-HUB10,2023-02-03,2023-02-06,"[0.0, 0.4, 1.1, 7.5]","[17.4, 7.1, 8.9, 10.5]",2026-08-14 06:28:39.523262
HUB13-HUB04,2023-12-06,2023-12-09,"[0.7, 0.0, 0.0, 0.0]","[13.2, 8.2, 18.5, 36.7]",2026-08-14 06:28:39.523433
HUB15-HUB10,2025-03-20,2025-03-23,"[0.0, 0.8, 0.5, 0.4]","[17.7, 3.2, 4.4, 13.2]",2026-08-14 06:28:39.523597
HUB18-HUB09,2025-01-28,2025-01-30,"[0.6, 0.0, 0.2]","[15.7, 19.2, 15.3]",2026-08-14 06:28:39.523739
HUB18-HUB12,2023-10-28,2023-10-31,"[0.4, 0.0, 0.0, 1.4]","[25.3, 15.3, 16.2, 28.7]",2026-08-14 06:28:39.523883
HUB09-HUB18,2024-03-02,2024-03-04,"[0.1, 0.3, 0.0]","[9.8, 7.8, 24.5]",2026-08-14 06:28:39.524017
HUB01-HUB10,2024-11-18,2024-11-21,"[1.1, 0.2, 7.0, 0.0]","[17.8, 29.6, 22.8, 22.5]",2026-08-14 06:28:39.524193
HUB03-HUB17,2025-02-26,2025-03-01,"[0.0, 0.1, 0.0, 1.4]","[16.8, 27.9, 0.1, 20.9]",2026-08-14 06:28:39.524348
HUB05-HUB11,2023-09-05,2023-09-08,"[1.0, 20.9, 0.0, 0.0]","[13.3, 10.6, 19.3, 15.2]",2026-08-14 06:28:39.524494
HUB10-HUB02,2023-03-14,2023-03-17,"[0.0, 0.0, 0.7, 0.9]","[5.4, 12.5, 16.8, 19.2]",2026-08-14 06:28:39.524648
HUB09-HUB16,2025-01-12,2025-01-14,"[0.9, 0.0, 0.2]","[17.5, 13.7, 18.3]",2026-08-14 06:28:39.524789
HUB11-HUB14,2023-07-05,2023-07-06,"[23.8, 1.2]","[10.8, 19.8]",2026-08-14 06:28:39.524914
HUB15-HUB01,2024-12-23,2024-12-25,"[0.4, 0.0, 0.4]","[14.8, 23.5, 15.8]",2026-08-14 06:28:39.525048
HUB13-HUB01,2023-08-28,2023-08-30,"[9.7, 0.0, 0.0]","[3.8, 7.5, 19.3]",2026-08-14 06:28:39.525208
HUB14-HUB17,2025-11-28,2025-11-29,"[0.4, 0.0]","[8.5, 24.3]",2026-08-14 06:28:39.525340
HUB16-HUB06,2024-12-16,2024-12-18,"[0.5, 0.8, 1.4]","[12.7, 17.7, 17.6]",2026-08-14 06:28:39.525474
HUB02-HUB07,2024-04-04,2024-04-07,"[0.0, 0.7, 1.7, 0.2]","[16.2, 9.5, 17.5, 14.4]",2026-08-14 06:28:39.525630
HUB08-HUB11,2023-09-20,2023-09-23,"[1.3, 0.9, 0.7, 3.6]","[18.2, 14.1, 25.0, 24.8]",2026-08-14 06:28:39.525781
HUB16-HUB15,2025-07-06,2025-07-07,"[0.1, 0.0]","[23.9, 14.2]",2026-08-14 06:28:39.525905
HUB03-HUB11,2025-08-11,2025-08-14,"[40.3, 42.9, 0.9, 1.0]","[11.0, 16.4, 17.0, 22.0]",2026-08-14 06:28:39.526083
HUB08-HUB11,2025-09-01,2025-09-04,"[27.6, 0.6, 0.1, 22.1]","[29.6, 18.3, 19.7, 22.2]",2026-08-14 06:28:39.526272
HUB15-HUB02,2023-08-21,2023-08-23,"[7.1, 2.1, 0.3]","[20.2, 16.6, 17.7]",2026-08-14 06:28:39.526413
HUB16-HUB08,2025-01-11,2025-01-12,"[0.6, 1.1]","[19.3, 17.5]",2026-08-14 06:28:39.526536
HUB15-HUB04,2023-06-14,2023-06-16,"[0.0, 0.8, None]","[16.4, 11.5, 21.2]",2026-08-14 06:28:39.526688
HUB16-HUB07,2023-04-22,2023-04-24,"[0.6, 0.0, 0.2]","[15.1, 18.8, 14.2]",2026-08-14 06:28:39.526842
HUB02-HUB11,2023-07-12,2023-07-14,"[17.5, 31.5, 0.0]","[25.2, 13.8, 28.7]",2026-08-14 06:28:39.526996
HUB17-HUB16,2024-02-29,2024-03-03,"[0.7, 0.2, 0.0, 0.5]","[13.6, 20.4, 8.6, 14.2]",2026-08-14 06:28:39.527192
HUB09-HUB10,2025-06-05,2025-06-08,"[0.0, 0.5, 0.0, 0.2]","[26.4, 23.1, 24.7, 25.0]",2026-08-14 06:28:39.527357
HUB15-HUB17,2025-09-21,2025-09-23,"[None, 0.2, 0.0]","[29.7, 14.3, 19.4]",2026-08-14 06:28:39.527495
HUB05-HUB04,2023-06-11,2023-06-14,"[0.3, 0.0, 0.0, 0.6]","[17.7, 7.8, 15.0, 16.0]",2026-08-14 06:28:39.527653
HUB14-HUB06,2023-10-25,2023-10-28,"[0.4, 0.5, 0.0, 0.0]","[11.0, 16.2, 17.9, 14.4]",2026-08-14 06:28:39.527802
HUB03-HUB14,2023-06-15,2023-06-17,"[4.3, 0.0, 0.6]","[15.1, 13.1, 12.7]",2026-08-14 06:28:39.527937
HUB10-HUB12,2023-03-15,2023-03-19,"[0.2, 0.6, 0.8, 0.6, 0.0]","[6.1, 13.5, 20.8, 2.6, 14.5]",2026-08-14 06:28:39.528092
HUB01-HUB05,2023-09-12,2023-09-15,"[1.4, 0.7, 0.4, 0.0]","[20.0, 16.5, 13.2, 19.7]",2026-08-14 06:28:39.528277
HUB11-HUB04,2023-09-12,2023-09-15,"[0.0, 0.2, 0.0, 0.0]","[14.1, 13.8, 29.9, 9.6]",2026-08-14 06:28:39.528427
HUB18-HUB07,2025-03-04,2025-03-06,"[0.0, 0.7, 0.0]","[14.7, 13.8, 16.6]",2026-08-14 06:28:39.528563
HUB10-HUB12,2025-08-09,2025-08-12,"[9.8, 0.6, 12.3, 0.0]","[22.2, 17.2, 11.5, 8.0]",2026-08-14 06:28:39.528722
HUB01-HUB14,2023-12-16,2023-12-18,"[0.2, 4.0, 0.7]","[15.6, 19.0, 18.2]",2026-08-14 06:28:39.528857
HUB10-HUB17,2024-05-13,2024-05-15,"[0.2, 0.0, 1.7]","[18.5, 20.6, 22.9]",2026-08-14 06:28:39.528995
HUB04-HUB13,2025-02-17,2025-02-20,"[0.6, 0.8, 0.0, 0.0]","[9.6, 9.3, 5.9, 16.8]",2026-08-14 06:28:39.529164
HUB04-HUB12,2025-03-01,2025-03-05,"[16.5, 0.5, 0.0, 0.7, 0.0]","[20.3, 4.7, 15.2, 12.4, 10.0]",2026-08-14 06:28:39.529336
HUB11-HUB07,2023-01-16,2023-01-21,"[1.6, 0.7, 0.5, 0.0, 0.7, 0.0]","[16.6, 12.9, 12.9, 13.3, 9.2, 14.0]",2026-08-14 06:28:39.529503
HUB06-HUB14,2023-12-03,2023-12-06,"[1.2, 0.6, 3.6, 0.0]","[22.4, 15.7, 19.9, 20.1]",2026-08-14 06:28:39.529661
HUB07-HUB11,2025-07-19,2025-07-24,"[49.5, 0.7, 0.0, 43.3, 17.5, 41.3]","[22.4, 0.9, 7.3, 4.3, 24.4, 15.7]",2026-08-14 06:28:39.529830
HUB04-HUB16,2024-11-06,2024-11-08,"[0.0, 0.7, 0.9]","[16.3, 17.6, 8.4]",2026-08-14 06:28:39.529966
HUB12-HUB02,2023-03-29,2023-04-01,"[0.0, 0.4, 0.1, 0.4]","[12.3, 13.3, 11.2, 13.3]",2026-08-14 06:28:39.530181
HUB13-HUB01,2024-04-29,2024-05-01,"[0.0, 1.1, 0.4]","[9.6, 9.1, 21.7]",2026-08-14 06:28:39.530336
HUB17-HUB05,2025-08-07,2025-08-11,"[0.0, 6.2, 2.3, 0.7, 19.8]","[18.5, 11.9, 13.0, 8.4, 13.8]",2026-08-14 06:28:39.530493
HUB08-HUB05,2024-05-19,2024-05-20,"[1.4, 1.3]","[12.1, 16.5]",2026-08-14 06:28:39.530635
HUB01-HUB18,2025-04-01,2025-04-02,"[0.0, 0.0]","[19.1, 21.2]",2026-08-14 06:28:39.530771
HUB05-HUB12,2025-07-10,2025-07-14,"[14.7, 6.9, 33.4, 26.9, 31.8]","[11.0, 19.9, 9.7, 3.8, 0.6]",2026-08-14 06:28:39.530927
HUB18-HUB05,2023-02-24,2023-02-26,"[1.3, 0.0, 1.4]","[7.8, 17.5, 14.4]",2026-08-14 06:28:39.531065
HUB15-HUB17,2025-03-21,2025-03-23,"[0.0, 0.5, 0.9]","[16.2, 20.9, 1.7]",2026-08-14 06:28:39.531235
HUB10-HUB09,2025-03-31,2025-04-03,"[0.0, 0.1, 0.2, 0.0]","[12.9, 15.3, 12.0, 16.0]",2026-08-14 06:28:39.531389
HUB17-HUB14,2024-12-20,2024-12-21,"[0.8, 0.1]","[19.0, 22.9]",2026-08-14 06:28:39.531515
HUB05-HUB09,2024-03-02,2024-03-03,"[0.3, 1.0]","[22.2, 12.8]",2026-08-14 06:28:39.531650
HUB01-HUB05,2023-06-28,2023-07-01,"[0.1, 2.6, 0.8, 1.0]","[14.1, 10.7, 18.6, 13.7]",2026-08-14 06:28:39.531797
HUB12-HUB13,2025-01-27,2025-01-28,"[0.0, 0.5]","[11.8, 19.5]",2026-08-14 06:28:39.531922
HUB16-HUB17,2024-06-02,2024-06-04,"[0.0, 0.0, 0.1]","[11.4, 15.9, 20.2]",2026-08-14 06:28:39.532056
HUB03-HUB12,2025-11-10,2025-11-13,"[0.6, 0.0, 0.2, 1.2]","[5.5, 25.7, 21.9, 34.6]",2026-08-14 06:28:39.532245
HUB01-HUB17,2023-07-01,2023-07-04,"[0.0, 26.4, 12.2, 17.8]","[16.8, 8.9, 22.9, 11.0]",2026-08-14 06:28:39.532401
HUB14-HUB06,2024-02-27,2024-03-01,"[0.0, 0.6, 0.4, 0.1]","[14.7, 6.8, 6.5, 12.8]",2026-08-14 06:28:39.532546
HUB13-HUB05,2024-05-01,2024-05-05,"[0.2, 0.3, 0.2, 0.9, 0.1]","[16.8, 12.1, 16.6, 17.8, 19.4]",2026-08-14 06:28:39.532723
HUB01-HUB03,2024-01-11,2024-01-12,"[0.0, 0.2]","[8.4, 7.9]",2026-08-14 06:28:39.532846
HUB16-HUB07,2025-12-02,2025-12-04,"[1.0, 0.6, 0.0]","[20.5, 12.3, 18.7]",2026-08-14 06:28:39.532980
HUB18-HUB08,2025-11-16,2025-11-18,"[1.5, 0.9, None]","[13.2, 12.5, 18.1]",2026-08-14 06:28:39.533112
HUB05-HUB03,2024-02-03,2024-02-05,"[0.0, 0.0, 0.3]","[18.0, 6.3, 9.2]",2026-08-14 06:28:39.533283
HUB16-HUB11,2023-09-29,2023-10-01,"[0.0, 13.7, 7.0]","[30.1, 11.8, 24.0]",2026-08-14 06:28:39.533424
HUB17-HUB10,2025-08-25,2025-08-27,"[0.0, 0.6, 0.7]","[11.1, 17.8, 5.8]",2026-08-14 06:28:39.533561
HUB09-HUB10,2023-10-26,2023-10-29,"[19.9, 0.2, 0.5, 0.0]","[24.4, 18.5, 36.5, 27.8]",2026-08-14 06:28:39.533723
HUB13-HUB11,2023-03-13,2023-03-14,"[0.0, 0.0]","[10.3, 14.0]",2026-08-14 06:28:39.533849
HUB09-HUB14,2023-12-21,2023-12-23,"[0.5, 0.4, 0.2]","[15.6, 15.1, 14.3]",2026-08-14 06:28:39.533986
HUB18-HUB06,2025-12-08,2025-12-10,"[3.0, 0.0, 0.4]","[10.1, 13.4, 22.1]",2026-08-14 06:28:39.534195
HUB02-HUB12,2025-10-16,2025-10-19,"[0.0, 5.7, 0.0, 0.2]","[12.5, 18.2, 21.9, 20.9]",2026-08-14 06:28:39.534356
HUB04-HUB05,2024-07-06,2024-07-09,"[0.5, 0.0, 4.3, 19.7]","[13.2, 10.9, 7.0, 14.2]",2026-08-14 06:28:39.534509
HUB05-HUB17,2025-10-27,2025-10-30,"[5.7, 0.2, 0.8, 0.0]","[33.7, 17.8, 34.4, 25.4]",2026-08-14 06:28:39.534672
HUB03-HUB11,2025-05-04,2025-05-07,"[0.9, 0.0, 0.0, 0.7]","[34.8, 32.8, 25.0, 13.4]",2026-08-14 06:28:39.534822
HUB02-HUB08,2025-12-03,2025-12-05,"[0.0, 0.1, 0.7]","[14.5, 16.5, 9.3]",2026-08-14 06:28:39.534958
HUB12-HUB18,2024-03-05,2024-03-08,"[0.0, 0.1, 0.9, 1.7]","[20.2, 7.9, 10.0, 14.9]",2026-08-14 06:28:39.535101
HUB11-HUB09,2024-10-27,2024-10-30,"[0.0, 4.5, 0.0, 0.3]","[13.2, 16.1, 16.3, 18.5]",2026-08-14 06:28:39.535279
HUB10-HUB09,2025-11-26,2025-11-28,"[0.4, 6.1, 0.0]","[12.6, 18.4, 15.6]",2026-08-14 06:28:39.535418
HUB14-HUB05,2023-12-31,2024-01-03,"[0.0, 1.3, 0.2, 0.3]","[14.8, 18.3, 6.8, 8.6]",2026-08-14 06:28:39.535564
HUB15-HUB18,2023-05-25,2023-05-27,"[0.8, 1.3, 1.6]","[10.2, 18.8, 30.3]",2026-08-14 06:28:39.535717
HUB05-HUB12,2025-10-23,2025-10-27,"[0.9, 0.9, 10.9, 1.5, 0.6]","[2.0, 8.5, 23.9, 19.8, 31.3]",2026-08-14 06:28:39.535876
HUB08-HUB14,2025-05-23,2025-05-26,"[0.0, 0.1, 0.0, 12.8]","[13.3, 23.1, 20.8, 18.8]",2026-08-14 06:28:39.536026
HUB12-HUB17,2024-02-27,2024-02-29,"[0.7, 0.3, 1.0]","[20.6, 16.2, 16.8]",2026-08-14 06:28:39.536196
HUB01-HUB13,2024-11-26,2024-11-28,"[1.2, 1.0, 0.0]","[26.4, 16.9, 15.4]",2026-08-14 06:28:39.536343
HUB10-HUB18,2024-07-01,2024-07-05,"[0.1, 4.7, 1.1, 0.3, 0.0]","[24.2, 10.5, 0.3, 13.0, 18.1]",2026-08-14 06:28:39.536499
HUB09-HUB03,2024-07-29,2024-07-31,"[0.3, 7.5, 0.0]","[18.7, 16.3, 6.1]",2026-08-14 06:28:39.536648
HUB05-HUB09,2025-12-02,2025-12-03,"[1.0, 0.0]","[13.4, 11.3]",2026-08-14 06:28:39.536774
HUB12-HUB04,2024-01-18,2024-01-21,"[0.0, 0.4, None, None]","[8.8, 9.7, 13.5, 19.0]",2026-08-14 06:28:39.536920
HUB06-HUB10,2023-10-04,2023-10-07,"[0.0, 0.8, 0.9, 1.1]","[44.2, 12.2, 30.6, 18.3]",2026-08-14 06:28:39.537065
HUB06-HUB14,2025-01-28,2025-01-31,"[0.0, 0.0, 0.6, 0.0]","[17.8, 14.3, 23.2, 16.7]",2026-08-14 06:28:39.537240
HUB14-HUB10,2025-07-24,2025-07-27,"[0.2, 54.8, 0.2, 0.0]","[19.9, 18.2, 9.5, 28.6]",2026-08-14 06:28:39.537390
HUB10-HUB03,2024-04-08,2024-04-12,"[0.5, 0.8, 0.0, 0.0, 0.7]","[14.2, 5.6, 13.6, 19.5, 16.6]",2026-08-14 06:28:39.537547
HUB04-HUB13,2025-08-12,2025-08-15,"[0.0, 7.6, 0.0, 0.3]","[14.1, 4.8, 13.7, 6.6]",2026-08-14 06:28:39.537706
HUB11-HUB10,2024-02-14,2024-02-17,"[0.0, 0.3, 1.4, 0.6]","[18.7, 18.6, 10.7, 11.7]",2026-08-14 06:28:39.537853
HUB06-HUB07,2023-10-03,2023-10-04,"[0.0, 0.0]","[20.2, 18.2]",2026-08-14 06:28:39.537976
HUB13-HUB10,2023-06-26,2023-06-30,"[18.2, 23.4, 2.9, 0.7, 1.6]","[16.7, 39.5, 13.1, 19.7, 2.9]",2026-08-14 06:28:39.538203
HUB09-HUB15,2025-10-02,2025-10-04,"[19.1, 0.0, 0.3]","[17.8, 26.1, 16.4]",2026-08-14 06:28:39.538352
HUB05-HUB14,2024-09-04,2024-09-07,"[0.0, 1.3, 35.0, 0.1]","[11.1, 10.2, 7.8, 10.6]",2026-08-14 06:28:39.538499
HUB02-HUB04,2025-01-21,2025-01-22,"[1.3, 0.2]","[18.5, 20.5]",2026-08-14 06:28:39.538637
HUB05-HUB10,2023-12-28,2023-12-31,"[0.0, 0.5, 0.2, 0.2]","[33.8, 26.1, 15.2, 18.8]",2026-08-14 06:28:39.538787
HUB12-HUB07,2025-02-28,2025-03-05,"[1.5, 0.0, 0.4, 0.6, 0.4, 1.3]","[9.2, 12.5, 13.6, 14.2, 11.3, 15.1]",2026-08-14 06:28:39.538956
HUB13-HUB04,2023-09-13,2023-09-16,"[0.2, 15.0, 16.1, 0.5]","[20.2, 12.3, 9.2, 17.1]",2026-08-14 06:28:39.539105
HUB15-HUB18,2025-09-15,2025-09-17,"[0.7, 1.2, 0.9]","[4.0, 15.9, 14.2]",2026-08-14 06:28:39.539273
HUB07-HUB15,2024-06-18,2024-06-20,"[0.0, 16.5, 0.0]","[20.9, 22.2, 7.9]",2026-08-14 06:28:39.539411
HUB17-HUB16,2024-07-23,2024-07-25,"[0.0, 0.0, 0.2]","[8.6, 11.1, 15.6]",2026-08-14 06:28:39.539547
HUB14-HUB15,2025-03-31,2025-04-01,"[0.0, 0.2]","[21.2, 12.7]",2026-08-14 06:28:39.539684
HUB06-HUB15,2024-02-15,2024-02-17,"[0.7, 0.0, 0.0]","[14.6, 16.9, 22.3]",2026-08-14 06:28:39.539817
HUB05-HUB01,2024-10-14,2024-10-16,"[0.0, 0.1, 1.1]","[20.9, 12.5, 19.5]",2026-08-14 06:28:39.539951
HUB11-HUB18,2024-01-10,2024-01-13,"[0.8, 0.0, 1.5, None]","[14.2, 21.8, 9.3, 19.6]",2026-08-14 06:28:39.540094
HUB14-HUB10,2024-12-30,2025-01-02,"[0.6, 0.1, 0.6, 0.0]","[22.1, 24.5, 8.1, 18.1]",2026-08-14 06:28:39.540273
HUB09-HUB06,2024-02-12,2024-02-13,"[None, 0.4]","[9.0, 8.9]",2026-08-14 06:28:39.540401
HUB03-HUB02,2025-09-14,2025-09-15,"[21.9, 0.2]","[12.0, 11.4]",2026-08-14 06:28:39.540527
HUB14-HUB01,2023-09-11,2023-09-13,"[0.0, 0.0, 0.0]","[17.3, 10.4, 14.2]",2026-08-14 06:28:39.540672
HUB09-HUB03,2024-06-12,2024-06-15,"[0.0, 1.3, 12.6, 0.9]","[14.5, 5.3, 17.3, 5.9]",2026-08-14 06:28:39.540818
HUB01-HUB06,2025-08-28,2025-08-31,"[0.0, 18.5, 8.9, 0.1]","[10.8, 13.3, 19.6, 9.9]",2026-08-14 06:28:39.540965
HUB04-HUB02,2023-04-05,2023-04-06,"[0.2, 0.3]","[16.2, 10.9]",2026-08-14 06:28:39.541090
HUB11-HUB05,2025-01-07,2025-01-10,"[0.0, 0.1, 0.7, 0.8]","[11.6, 12.4, 14.4, 12.0]",2026-08-14 06:28:39.541268
HUB10-HUB14,2023-07-13,2023-07-16,"[0.0, 1.3, 1.3, 0.3]","[18.8, 7.9, 15.5, 9.8]",2026-08-14 06:28:39.541416
HUB03-HUB07,2024-06-23,2024-06-25,"[0.0, 0.1, 22.4]","[5.3, 10.6, 13.3]",2026-08-14 06:28:39.541552
HUB13-HUB11,2024-05-24,2024-05-25,"[None, 0.0]","[7.6, 15.8]",2026-08-14 06:28:39.541690
HUB12-HUB14,2025-01-19,2025-01-21,"[0.2, 0.3, 0.0]","[14.8, 15.7, 8.6]",2026-08-14 06:28:39.541825
HUB10-HUB03,2024-07-28,2024-07-31,"[0.4, 27.0, 22.4, 21.1]","[17.9, 15.3, 3.8, 17.7]",2026-08-14 06:28:39.541969
HUB02-HUB09,2025-02-22,2025-02-24,"[1.2, 0.6, 0.0]","[13.3, 10.0, 12.3]",2026-08-14 06:28:39.542172
HUB03-HUB04,2025-01-19,2025-01-20,"[0.0, 0.3]","[12.5, 17.1]",2026-08-14 06:28:39.542317
HUB04-HUB06,2024-04-16,2024-04-18,"[1.1, 0.0, 0.2]","[17.8, 17.2, 21.2]",2026-08-14 06:28:39.542457
HUB17-HUB01,2024-05-06,2024-05-09,"[9.3, 0.0, 0.8, 0.3]","[25.8, 15.5, 22.3, 14.4]",2026-08-14 06:28:39.542618
HUB05-HUB01,2025-06-28,2025-07-01,"[0.0, 4.3, 14.8, 74.3]","[18.8, 12.7, 11.9, 19.4]",2026-08-14 06:28:39.542771
HUB01-HUB05,2023-04-20,2023-04-22,"[0.3, 0.0, 0.2]","[18.6, 7.3, 18.8]",2026-08-14 06:28:39.542907
HUB06-HUB02,2024-02-03,2024-02-06,"[0.9, 0.7, 8.6, 0.0]","[13.6, 9.6, 1.3, 19.6]",2026-08-14 06:28:39.543052
HUB14-HUB06,2024-08-05,2024-08-08,"[0.5, 0.2, 0.4, 26.0]","[9.7, 11.2, 12.3, 19.2]",2026-08-14 06:28:39.543225
HUB04-HUB01,2025-12-27,2025-12-28,"[0.4, 1.2]","[22.9, 25.0]",2026-08-14 06:28:39.543355
HUB14-HUB16,2023-09-18,2023-09-20,"[1.1, 0.5, 1.4]","[12.6, 13.7, 11.4]",2026-08-14 06:28:39.543487
HUB01-HUB13,2024-01-04,2024-01-06,"[0.9, 4.5, 1.0]","[11.8, 12.7, 22.8]",2026-08-14 06:28:39.543631
HUB17-HUB03,2024-12-21,2024-12-24,"[0.0, 0.5, 0.5, 1.3]","[19.5, 18.9, 20.9, 9.1]",2026-08-14 06:28:39.543785
HUB10-HUB04,2025-03-24,2025-03-28,"[0.0, 0.0, 1.6, 0.5, 1.2]","[1.5, 16.7, 10.5, 12.0, 9.7]",2026-08-14 06:28:39.543942
HUB16-HUB04,2024-01-27,2024-01-29,"[0.0, 0.0, 5.2]","[17.6, 14.6, 9.3]",2026-08-14 06:28:39.544079
HUB13-HUB04,2024-12-03,2024-12-06,"[0.0, 0.6, 1.4, 0.6]","[18.0, 23.1, 21.0, 0.4]",2026-08-14 06:28:39.544254
HUB03-HUB09,2025-10-17,2025-10-19,"[0.1, 0.3, 0.8]","[12.4, 16.0, 20.3]",2026-08-14 06:28:39.544395
HUB12-HUB05,2023-06-12,2023-06-16,"[7.8, 0.0, 1.3, 9.5, 6.8]","[11.4, 14.9, 11.5, 12.8, 16.3]",2026-08-14 06:28:39.544552
HUB18-HUB15,2023-05-16,2023-05-18,"[0.7, 0.0, 0.0]","[17.6, 14.3, 11.9]",2026-08-14 06:28:39.544705
HUB09-HUB10,2024-08-15,2024-08-17,"[20.6, 14.4, 0.3]","[14.0, 20.2, 24.8]",2026-08-14 06:28:39.544842
HUB03-HUB08,2025-08-03,2025-08-05,"[0.2, 6.8, 0.1]","[12.7, 7.0, 17.5]",2026-08-14 06:28:39.544978
HUB10-HUB04,2025-01-13,2025-01-17,"[0.6, 0.0, 0.0, 0.0, 0.5]","[14.9, 14.7, 2.7, 8.4, 11.4]",2026-08-14 06:28:39.545148
HUB11-HUB02,2023-05-22,2023-05-24,"[0.2, 1.0, 3.8]","[10.0, 15.2, 21.0]",2026-08-14 06:28:39.545303
HUB15-HUB16,2025-03-23,2025-03-24,"[0.2, 0.0]","[23.3, 13.7]",2026-08-14 06:28:39.545428
HUB03-HUB10,2024-02-16,2024-02-19,"[0.2, 1.0, 0.3, 0.8]","[18.9, 4.1, 3.0, 16.1]",2026-08-14 06:28:39.545580
HUB12-HUB09,2023-07-20,2023-07-23,"[1.4, 31.3, 18.3, 5.9]","[11.9, 13.9, 17.7, 16.5]",2026-08-14 06:28:39.545731
HUB07-HUB10,2024-02-29,2024-03-03,"[0.1, 0.2, 0.0, 0.1]","[8.7, 10.9, 29.5, 3.9]",2026-08-14 06:28:39.545880
HUB05-HUB09,2025-06-28,2025-06-29,"[11.3, 5.0]","[11.6, 9.1]",2026-08-14 06:28:39.546003
HUB15-HUB08,2025-05-15,2025-05-17,"[0.5, 0.0, 0.7]","[12.8, 12.6, 18.9]",2026-08-14 06:28:39.546209
HUB10-HUB08,2024-09-27,2024-09-30,"[0.2, 0.6, 0.0, 0.0]","[15.5, 12.6, 6.3, 13.7]",2026-08-14 06:28:39.546371
HUB17-HUB16,2024-04-06,2024-04-08,"[0.7, 0.0, 0.4]","[12.6, 16.3, 14.9]",2026-08-14 06:28:39.546510
HUB05-HUB15,2023-05-26,2023-05-28,"[0.1, 0.8, 10.5]","[7.7, 13.9, 15.0]",2026-08-14 06:28:39.546660
HUB06-HUB11,2024-01-12,2024-01-15,"[0.0, 0.0, 0.8, 0.0]","[27.5, 1.6, 0.6, 12.2]",2026-08-14 06:28:39.546807
HUB17-HUB15,2024-12-21,2024-12-23,"[0.3, 0.9, 0.4]","[12.7, 29.1, 26.8]",2026-08-14 06:28:39.546944
HUB08-HUB01,2023-10-04,2023-10-06,"[0.5, 1.7, 5.6]","[20.5, 8.7, 12.1]",2026-08-14 06:28:39.547080
HUB08-HUB13,2023-02-07,2023-02-10,"[0.2, 0.7, 0.0, 0.5]","[8.2, 10.1, 12.2, 15.7]",2026-08-14 06:28:39.547255
HUB15-HUB06,2023-05-28,2023-05-30,"[0.0, 10.1, 0.7]","[9.2, 16.8, 11.7]",2026-08-14 06:28:39.547400
HUB02-HUB04,2024-03-30,2024-04-01,"[3.3, 0.2, 0.9]","[7.5, 16.6, 14.0]",2026-08-14 06:28:39.547535
HUB11-HUB14,2025-01-31,2025-02-01,"[3.2, 0.8]","[18.4, 13.5]",2026-08-14 06:28:39.547671
HUB07-HUB15,2024-02-27,2024-03-01,"[0.2, 0.1, 0.0, 16.7]","[11.9, 17.2, 13.3, 16.7]",2026-08-14 06:28:39.547817
HUB17-HUB03,2024-05-28,2024-05-31,"[0.0, 0.0, 0.6, 1.0]","[23.8, 19.5, 21.8, 20.3]",2026-08-14 06:28:39.547968
HUB03-HUB11,2023-09-15,2023-09-18,"[0.5, 14.9, 0.0, 0.4]","[7.1, 13.6, 9.8, 5.4]",2026-08-14 06:28:39.548113
HUB06-HUB16,2023-06-27,2023-06-29,"[0.2, 0.5, 10.5]","[19.3, 16.7, 10.2]",2026-08-14 06:28:39.548280
HUB04-HUB12,2024-05-31,2024-06-03,"[0.0, 0.1, 0.8, 0.0]","[24.7, 21.9, 33.7, 15.7]",2026-08-14 06:28:39.548426
HUB04-HUB10,2025-09-09,2025-09-13,"[17.8, 0.5, 2.6, 2.1, 0.0]","[13.8, 8.9, 10.5, 2.1, 16.2]",2026-08-14 06:28:39.548591
HUB05-HUB03,2023-05-31,2023-06-02,"[0.0, 17.1, 0.0]","[26.5, 3.6, 27.6]",2026-08-14 06:28:39.548733
HUB10-HUB06,2023-08-12,2023-08-15,"[1.6, 8.5, 10.7, 0.0]","[10.0, 15.7, 17.2, 15.5]",2026-08-14 06:28:39.548880
HUB09-HUB16,2023-04-24,2023-04-26,"[1.1, 1.1, 0.3]","[19.4, 11.8, 13.9]",2026-08-14 06:28:39.549017
HUB09-HUB04,2025-04-13,2025-04-16,"[0.8, 0.7, 0.6, 0.7]","[17.8, 7.6, 14.0, 9.0]",2026-08-14 06:28:39.549197
HUB16-HUB02,2024-05-23,2024-05-25,"[4.4, 0.0, 0.4]","[19.4, 20.3, 11.2]",2026-08-14 06:28:39.549344
HUB16-HUB06,2023-12-11,2023-12-13,"[0.0, 0.4, 0.7]","[9.6, 13.1, 16.3]",2026-08-14 06:28:39.549480
HUB04-HUB07,2023-04-08,2023-04-10,"[0.0, 0.0, 0.0]","[12.9, 14.3, 17.8]",2026-08-14 06:28:39.549625
HUB02-HUB01,2024-01-17,2024-01-18,"[0.6, 0.0]","[7.3, 18.8]",2026-08-14 06:28:39.549754
HUB13-HUB10,2024-04-26,2024-04-30,"[15.0, 0.9, 0.1, 0.0, 24.9]","[8.0, 10.2, 5.3, 18.5, 4.6]",2026-08-14 06:28:39.549913
HUB01-HUB11,2024-10-31,2024-11-03,"[8.4, 1.2, 0.1, 0.1]","[11.8, 24.5, 8.5, 15.1]",2026-08-14 06:28:39.550088
HUB11-HUB17,2025-01-01,2025-01-03,"[0.9, 0.0, 0.0]","[10.6, 13.7, 26.1]",2026-08-14 06:28:39.550262
HUB04-HUB05,2024-07-22,2024-07-24,"[18.3, 65.7, 15.6]","[16.3, 13.2, 14.3]",2026-08-14 06:28:39.550402
HUB04-HUB06,2025-08-21,2025-08-23,"[1.3, 6.7, 0.0]","[16.3, 7.1, 10.2]",2026-08-14 06:28:39.550537
HUB13-HUB16,2025-11-27,2025-11-30,"[0.4, 0.0, 9.8, 0.0]","[19.9, 12.9, 11.8, 11.5]",2026-08-14 06:28:39.550696
HUB14-HUB08,2024-04-28,2024-04-30,"[0.0, 0.0, 3.0]","[17.2, 10.0, 12.6]",2026-08-14 06:28:39.550834
HUB06-HUB03,2023-09-19,2023-09-21,"[0.7, 1.0, 0.5]","[15.2, 6.4, 13.6]",2026-08-14 06:28:39.550970
HUB07-HUB11,2023-01-09,2023-01-13,"[0.0, 1.1, 0.0, 1.2, 0.7]","[22.0, 21.1, 10.5, 4.7, 4.0]",2026-08-14 06:28:39.551150
HUB02-HUB09,2023-02-09,2023-02-12,"[0.1, 0.0, 0.1, 0.1]","[17.8, 13.0, 15.6, 13.3]",2026-08-14 06:28:39.551310
HUB17-HUB10,2023-10-19,2023-10-21,"[0.5, 0.0, 6.1]","[6.1, 24.3, 26.3]",2026-08-14 06:28:39.551447
HUB16-HUB14,2024-05-31,2024-06-02,"[1.6, 1.1, 18.1]","[11.9, 7.9, 18.3]",2026-08-14 06:28:39.551591
HUB03-HUB17,2024-03-01,2024-03-04,"[0.0, 0.6, 0.8, 0.6]","[19.3, 24.5, 0.3, 24.3]",2026-08-14 06:28:39.551742
HUB14-HUB10,2025-11-24,2025-11-27,"[0.2, 0.4, 5.9, None]","[12.4, 24.9, 16.6, 14.0]",2026-08-14 06:28:39.551888
HUB17-HUB15,2024-03-07,2024-03-08,"[0.0, 0.0]","[15.6, 9.9]",2026-08-14 06:28:39.552011
HUB16-HUB04,2024-02-04,2024-02-06,"[1.3, 0.2, 2.6]","[7.7, 12.4, 31.1]",2026-08-14 06:28:39.552186
HUB08-HUB16,2024-11-03,2024-11-04,"[0.0, 0.0]","[7.9, 13.5]",2026-08-14 06:28:39.552328
HUB03-HUB18,2024-06-17,2024-06-18,"[None, 0.0]","[13.2, 2.5]",2026-08-14 06:28:39.552453
HUB10-HUB02,2025-03-19,2025-03-22,"[0.0, 0.0, 0.0, 0.1]","[12.3, 21.4, 20.8, 12.3]",2026-08-14 06:28:39.552608
HUB06-HUB18,2024-01-16,2024-01-18,"[0.0, 1.4, 0.0]","[17.8, 15.4, 19.5]",2026-08-14 06:28:39.552749
HUB07-HUB08,2023-10-08,2023-10-09,"[1.3, 0.0]","[9.8, 13.8]",2026-08-14 06:28:39.552874
HUB12-HUB08,2024-12-28,2025-01-01,"[0.8, 0.7, 0.0, 1.3, 0.1]","[13.8, 9.4, 13.1, 9.9, 15.3]",2026-08-14 06:28:39.553028
HUB11-HUB12,2023-09-01,2023-09-02,"[0.2, 0.9]","[12.4, 9.7]",2026-08-14 06:28:39.553181
HUB02-HUB09,2023-12-21,2023-12-23,"[0.0, 0.1, 0.0]","[15.1, 12.1, 11.5]",2026-08-14 06:28:39.553329
HUB12-HUB09,2025-10-27,2025-10-31,"[0.7, 1.4, 0.0, 0.8, 0.3]","[20.8, 12.7, 10.7, 17.9, 14.6]",2026-08-14 06:28:39.553553
HUB18-HUB07,2024-12-07,2024-12-09,"[0.7, 0.0, 0.0]","[13.7, 17.0, 13.4]",2026-08-14 06:28:39.553845
HUB04-HUB07,2025-01-22,2025-01-24,"[0.0, 0.0, 0.5]","[16.0, 13.6, 15.8]",2026-08-14 06:28:39.554198
HUB18-HUB08,2025-01-05,2025-01-06,"[0.2, 0.9]","[7.3, 17.7]",2026-08-14 06:28:39.554395
HUB02-HUB11,2024-07-17,2024-07-19,"[8.4, 0.0, 0.6]","[17.0, 7.3, 3.1]",2026-08-14 06:28:39.554548
HUB10-HUB15,2023-05-10,2023-05-13,"[0.8, 10.9, 0.0, 3.0]","[15.6, 9.6, 19.3, 17.1]",2026-08-14 06:28:39.554721
HUB02-HUB03,2024-06-27,2024-06-28,"[0.6, None]","[13.4, 8.4]",2026-08-14 06:28:39.554851
HUB18-HUB10,2025-03-05,2025-03-09,"[0.4, 0.7, 0.1, 0.2, 0.2]","[20.3, 7.3, 10.3, 23.1, 33.1]",2026-08-14 06:28:39.555009
HUB15-HUB09,2023-07-18,2023-07-20,"[0.5, 17.7, 47.1]","[12.3, 14.7, 16.9]",2026-08-14 06:28:39.555194
HUB17-HUB16,2024-07-25,2024-07-27,"[1.4, 0.0, 28.9]","[18.9, 9.5, 17.3]",2026-08-14 06:28:39.555346
HUB01-HUB03,2024-10-27,2024-10-28,"[0.0, 0.0]","[22.8, 19.9]",2026-08-14 06:28:39.555474
HUB11-HUB08,2025-04-10,2025-04-13,"[0.0, 0.3, 4.1, 0.0]","[10.2, 12.9, 16.9, 16.5]",2026-08-14 06:28:39.555637
HUB15-HUB06,2025-11-27,2025-11-29,"[4.6, 0.5, 0.2]","[13.6, 13.1, 13.5]",2026-08-14 06:28:39.555780
HUB02-HUB13,2024-01-24,2024-01-26,"[0.9, 0.8, 0.2]","[12.8, 9.8, 23.1]",2026-08-14 06:28:39.555918
HUB17-HUB03,2023-08-20,2023-08-22,"[0.2, 13.2, 20.8]","[9.4, 17.1, 9.1]",2026-08-14 06:28:39.556052
HUB03-HUB14,2024-03-21,2024-03-23,"[0.0, 0.5, 0.0]","[8.7, 12.9, 15.7]",2026-08-14 06:28:39.556216
HUB02-HUB18,2025-01-21,2025-01-22,"[0.3, 5.5]","[20.9, 11.6]",2026-08-14 06:28:39.556348
HUB06-HUB07,2024-07-11,2024-07-12,"[18.9, 0.8]","[18.2, 17.6]",2026-08-14 06:28:39.556474
HUB17-HUB06,2025-06-15,2025-06-18,"[7.1, 0.0, 0.0, 3.3]","[15.4, 14.8, 15.2, 16.5]",2026-08-14 06:28:39.556628
HUB15-HUB17,2023-04-19,2023-04-20,"[0.9, 0.5]","[23.0, 16.1]",2026-08-14 06:28:39.556760
HUB08-HUB05,2025-01-15,2025-01-16,"[0.0, 0.5]","[15.4, 10.6]",2026-08-14 06:28:39.556883
HUB10-HUB08,2024-11-14,2024-11-17,"[0.0, 0.3, 0.0, 0.5]","[13.0, 15.0, 13.0, 13.9]",2026-08-14 06:28:39.557027
HUB01-HUB03,2024-10-12,2024-10-13,"[0.7, 0.9]","[23.8, 22.5]",2026-08-14 06:28:39.557180
HUB15-HUB10,2024-02-01,2024-02-04,"[32.9, 0.0, 0.0, 0.4]","[13.3, 13.6, 14.2, 2.2]",2026-08-14 06:28:39.557343
HUB01-HUB15,2025-12-06,2025-12-08,"[0.7, 0.6, 0.0]","[14.1, 20.4, 16.4]",2026-08-14 06:28:39.557481
HUB13-HUB01,2025-06-07,2025-06-09,"[27.8, 0.4, 12.3]","[9.0, 29.1, 22.1]",2026-08-14 06:28:39.557629
HUB07-HUB14,2023-12-20,2023-12-24,"[1.0, 0.3, 0.3, 0.3, 0.0]","[14.6, 11.7, 10.4, 15.9, 9.7]",2026-08-14 06:28:39.557790
HUB15-HUB16,2023-03-31,2023-04-01,"[0.0, 0.0]","[16.9, 14.5]",2026-08-14 06:28:39.557915
HUB01-HUB03,2024-10-05,2024-10-06,"[0.5, 0.8]","[17.2, 23.3]",2026-08-14 06:28:39.558039
HUB05-HUB11,2023-09-08,2023-09-11,"[1.1, 0.9, 4.5, 0.0]","[3.4, 18.1, 11.9, 13.0]",2026-08-14 06:28:39.558263
HUB12-HUB11,2024-11-25,2024-11-26,"[1.0, 0.0]","[27.9, 26.0]",2026-08-14 06:28:39.558395
HUB13-HUB05,2024-12-09,2024-12-13,"[0.9, 0.0, 0.1, 0.9, 0.0]","[11.6, 15.3, 13.8, 15.2, 4.6]",2026-08-14 06:28:39.558598
HUB01-HUB06,2024-09-05,2024-09-08,"[2.9, 1.1, 0.0, 0.0]","[11.6, 14.6, 12.1, 15.1]",2026-08-14 06:28:39.558756
HUB02-HUB06,2023-03-27,2023-03-30,"[0.0, 0.0, 0.9, 0.3]","[13.8, 3.4, 9.8, 13.7]",2026-08-14 06:28:39.558904
HUB07-HUB11,2024-02-28,2024-03-03,"[0.0, 0.3, 0.2, 1.4, 0.7]","[5.4, 11.5, 22.2, 29.1, 17.9]",2026-08-14 06:28:39.559059
HUB13-HUB07,2023-11-20,2023-11-25,"[0.8, 0.7, 0.5, 0.4, 0.0, 0.0]","[14.8, 13.3, 10.1, 13.3, 10.3, 8.4]",2026-08-14 06:28:39.559258
HUB12-HUB01,2023-10-02,2023-10-04,"[0.4, 0.0, 23.2]","[24.7, 20.2, 22.6]",2026-08-14 06:28:39.559402
HUB09-HUB16,2024-01-28,2024-01-30,"[0.3, 0.3, 0.0]","[15.5, 15.3, 13.3]",2026-08-14 06:28:39.559540
HUB11-HUB14,2024-05-10,2024-05-11,"[3.8, 1.0]","[22.1, 18.1]",2026-08-14 06:28:39.559681
HUB07-HUB15,2024-03-16,2024-03-18,"[0.2, 0.6, 1.6]","[12.0, 7.9, 9.3]",2026-08-14 06:28:39.559821
HUB11-HUB16,2023-12-06,2023-12-08,"[1.1, 0.0, 0.0]","[14.4, 11.9, 13.1]",2026-08-14 06:28:39.559960
HUB13-HUB10,2024-05-15,2024-05-19,"[0.4, 0.3, 2.8, 0.6, 0.0]","[26.7, 16.0, 17.6, 12.5, 22.5]",2026-08-14 06:28:39.560149
HUB04-HUB09,2024-07-20,2024-07-23,"[0.0, 0.4, 0.0, 17.7]","[12.5, 11.0, 11.1, 9.8]",2026-08-14 06:28:39.560315
HUB01-HUB15,2025-09-16,2025-09-18,"[8.5, 6.2, 0.0]","[24.2, 10.1, 12.3]",2026-08-14 06:28:39.560455
HUB06-HUB17,2023-11-12,2023-11-15,"[0.8, 1.0, 0.4, 0.8]","[23.1, 17.8, 17.1, 22.7]",2026-08-14 06:28:39.560614
HUB14-HUB11,2025-02-04,2025-02-06,"[0.0, 0.0, 0.2]","[4.8, 20.1, 22.9]",2026-08-14 06:28:39.560755
HUB16-HUB04,2023-11-29,2023-12-01,"[10.5, 0.9, 0.0]","[14.7, 15.7, 27.7]",2026-08-14 06:28:39.560891
HUB10-HUB03,2023-03-06,2023-03-10,"[0.2, 0.0, 0.3, 0.2, 0.5]","[9.0, 19.2, 15.8, 8.5, 15.4]",2026-08-14 06:28:39.561048
HUB16-HUB15,2025-12-12,2025-12-13,"[0.2, 0.7]","[18.9, 14.6]",2026-08-14 06:28:39.561202
HUB08-HUB04,2025-10-15,2025-10-17,"[1.1, 0.0, 0.7]","[39.8, 27.3, 30.0]",2026-08-14 06:28:39.561346
HUB14-HUB09,2024-03-13,2024-03-15,"[0.4, 0.3, 0.7]","[12.8, 19.4, 11.2]",2026-08-14 06:28:39.561484
HUB10-HUB06,2024-03-06,2024-03-09,"[0.6, 0.0, 0.0, 0.0]","[14.0, 14.0, 10.3, 17.1]",2026-08-14 06:28:39.561637
HUB01-HUB15,2025-09-02,2025-09-04,"[11.3, 1.3, 0.9]","[11.4, 16.1, 13.8]",2026-08-14 06:28:39.561777
HUB05-HUB16,2023-01-09,2023-01-11,"[1.1, 0.4, 0.2]","[19.9, 15.4, 11.8]",2026-08-14 06:28:39.561913
HUB13-HUB09,2024-04-11,2024-04-15,"[0.7, 0.8, 0.1, 0.4, None]","[13.2, 6.3, 13.7, 14.6, 14.4]",2026-08-14 06:28:39.562123
HUB12-HUB17,2023-09-24,2023-09-26,"[2.7, 0.0, 0.7]","[8.6, 18.9, 1.1]",2026-08-14 06:28:39.562307
HUB14-HUB09,2025-02-09,2025-02-11,"[0.4, 0.8, 0.6]","[22.9, 15.3, 12.6]",2026-08-14 06:28:39.562446
HUB05-HUB04,2023-02-10,2023-02-13,"[0.0, 0.0, 0.5, 0.0]","[24.7, 6.9, 27.4, 14.4]",2026-08-14 06:28:39.562603
HUB04-HUB06,2024-01-11,2024-01-13,"[0.7, 15.2, 0.3]","[10.5, 10.8, 15.2]",2026-08-14 06:28:39.562744
HUB17-HUB02,2024-03-04,2024-03-06,"[0.4, 0.4, 0.4]","[20.9, 13.0, 7.4]",2026-08-14 06:28:39.562878
HUB07-HUB15,2023-07-21,2023-07-23,"[16.5, 4.5, 1.5]","[20.6, 14.6, 10.7]",2026-08-14 06:28:39.563014
HUB15-HUB16,2025-01-16,2025-01-17,"[1.2, None]","[3.5, 16.6]",2026-08-14 06:28:39.563161
HUB02-HUB18,2024-07-13,2024-07-14,"[0.5, 1.1]","[16.1, 18.7]",2026-08-14 06:28:39.563298
HUB16-HUB03,2023-05-17,2023-05-18,"[0.0, 0.5]","[4.0, 22.7]",2026-08-14 06:28:39.563424
HUB16-HUB05,2024-06-01,2024-06-03,"[0.0, 0.4, 0.4]","[9.7, 13.7, 17.7]",2026-08-14 06:28:39.563558
HUB13-HUB01,2023-09-11,2023-09-13,"[0.0, 14.0, 0.7]","[19.4, 19.7, 8.6]",2026-08-14 06:28:39.563706
HUB06-HUB09,2024-06-11,2024-06-12,"[None, 12.4]","[8.1, 14.3]",2026-08-14 06:28:39.563832
HUB02-HUB13,2024-10-02,2024-10-04,"[0.5, 0.7, 0.0]","[9.9, 21.8, 18.8]",2026-08-14 06:28:39.563971
HUB04-HUB06,2024-09-04,2024-09-06,"[0.4, 0.0, 0.0]","[8.8, 13.4, 20.3]",2026-08-14 06:28:39.564105
HUB10-HUB03,2024-09-25,2024-09-29,"[0.6, 0.8, 0.1, 0.6, 0.0]","[16.2, 19.7, 21.0, 20.3, 6.5]",2026-08-14 06:28:39.564296
HUB18-HUB02,2025-05-23,2025-05-24,"[22.6, 1.0]","[11.8, 25.7]",2026-08-14 06:28:39.564426
HUB13-HUB08,2023-01-27,2023-01-31,"[0.9, 1.5, 1.2, 0.5, 0.7]","[14.0, 18.1, 16.0, 15.1, 14.9]",2026-08-14 06:28:39.564650
HUB09-HUB15,2023-01-13,2023-01-15,"[0.0, 0.4, 13.1]","[7.7, 23.0, 19.2]",2026-08-14 06:28:39.564802
HUB12-HUB06,2023-01-23,2023-01-28,"[0.0, 0.0, 1.1, 1.2, 0.2, 0.0]","[16.4, 13.6, 15.3, 11.9, 18.2, 16.1]",2026-08-14 06:28:39.564987
HUB14-HUB12,2025-12-02,2025-12-04,"[0.0, 0.1, 0.0]","[29.9, 30.3, 18.5]",2026-08-14 06:28:39.565152
HUB13-HUB18,2023-06-18,2023-06-20,"[23.4, 5.1, 0.7]","[17.9, 8.5, 12.2]",2026-08-14 06:28:39.565305
HUB02-HUB18,2025-06-27,2025-06-28,"[0.6, 50.4]","[14.4, 16.2]",2026-08-14 06:28:39.565432
HUB10-HUB02,2023-08-04,2023-08-07,"[1.2, 61.8, 0.0, 2.6]","[15.4, 15.3, 11.9, 3.5]",2026-08-14 06:28:39.565586
HUB17-HUB14,2025-09-17,2025-09-18,"[1.5, 35.9]","[23.3, 10.6]",2026-08-14 06:28:39.565718
HUB12-HUB02,2023-10-22,2023-10-24,"[1.5, 0.0, 0.0]","[16.6, 13.4, 17.8]",2026-08-14 06:28:39.565853
HUB07-HUB09,2023-06-15,2023-06-17,"[0.3, 0.0, 0.0]","[13.5, 11.8, 7.1]",2026-08-14 06:28:39.565987
HUB11-HUB14,2025-06-08,2025-06-09,"[0.0, 7.6]","[10.9, 8.3]",2026-08-14 06:28:39.566183
HUB13-HUB14,2024-09-29,2024-09-30,"[1.0, 0.5]","[14.3, 8.3]",2026-08-14 06:28:39.566331
HUB02-HUB06,2023-11-15,2023-11-18,"[0.0, 0.3, 0.4, 0.1]","[15.5, 11.9, 14.5, 16.4]",2026-08-14 06:28:39.566483
HUB04-HUB03,2025-12-22,2025-12-23,"[10.9, 0.0]","[16.0, 23.3]",2026-08-14 06:28:39.566622
HUB11-HUB10,2025-06-29,2025-07-02,"[31.4, 0.4, 17.9, 32.1]","[20.9, 10.9, 15.8, 15.7]",2026-08-14 06:28:39.566774
HUB02-HUB07,2024-04-01,2024-04-04,"[0.5, 0.0, 0.0, 0.0]","[13.7, 13.9, 19.8, 20.0]",2026-08-14 06:28:39.566928
HUB09-HUB01,2023-01-09,2023-01-11,"[1.1, 0.0, 0.3]","[11.8, 22.4, 7.6]",2026-08-14 06:28:39.567064
HUB14-HUB16,2023-01-05,2023-01-07,"[0.2, 0.1, 0.3]","[13.2, 13.9, 9.2]",2026-08-14 06:28:39.567230
HUB10-HUB18,2025-02-26,2025-03-02,"[1.1, 0.2, 0.8, 0.0, 0.4]","[15.0, 17.1, 20.1, 25.8, 5.5]",2026-08-14 06:28:39.567391
HUB15-HUB01,2025-09-30,2025-10-02,"[7.3, 0.8, 0.0]","[11.0, 8.9, 12.1]",2026-08-14 06:28:39.567529
HUB02-HUB12,2023-08-25,2023-08-28,"[0.0, 7.1, 0.0, 11.1]","[13.4, 8.6, 12.2, 26.2]",2026-08-14 06:28:39.567687
HUB09-HUB05,2023-08-16,2023-08-17,"[21.7, 0.7]","[13.9, 14.3]",2026-08-14 06:28:39.567813
HUB17-HUB12,2023-11-07,2023-11-09,"[0.9, 0.0, 0.0]","[23.6, 12.0, 11.6]",2026-08-14 06:28:39.567946
HUB11-HUB02,2023-12-19,2023-12-21,"[0.4, 0.0, 1.0]","[30.2, 3.2, 19.6]",2026-08-14 06:28:39.568080
HUB16-HUB14,2025-04-15,2025-04-17,"[0.0, 1.4, 0.6]","[11.3, 17.4, 15.5]",2026-08-14 06:28:39.568250
HUB08-HUB02,2024-09-06,2024-09-08,"[27.7, 9.4, 7.7]","[25.8, 11.9, 4.0]",2026-08-14 06:28:39.568391
HUB01-HUB07,2024-12-06,2024-12-09,"[0.2, 0.6, 0.4, 0.7]","[9.3, 17.1, 16.6, 10.9]",2026-08-14 06:28:39.568542
HUB06-HUB18,2024-04-29,2024-05-01,"[0.4, 0.0, 0.3]","[14.4, 17.3, 16.2]",2026-08-14 06:28:39.568698
HUB17-HUB08,2023-08-05,2023-08-08,"[0.5, 3.9, 0.6, 0.8]","[14.2, 17.4, 16.3, 15.0]",2026-08-14 06:28:39.568844
HUB04-HUB09,2025-11-10,2025-11-13,"[0.2, 0.9, 0.0, 0.2]","[20.9, 14.9, 10.3, 12.9]",2026-08-14 06:28:39.568989
HUB16-HUB08,2023-12-30,2023-12-31,"[0.0, 1.4]","[11.7, 11.3]",2026-08-14 06:28:39.569113
HUB12-HUB04,2024-01-06,2024-01-10,"[0.8, 1.2, 0.0, 0.0, 0.0]","[13.9, 13.5, 11.5, 12.3, 23.3]",2026-08-14 06:28:39.569300
HUB14-HUB15,2023-06-01,2023-06-03,"[26.0, 0.7, 0.2]","[7.9, 10.0, 15.0]",2026-08-14 06:28:39.569440
HUB18-HUB10,2023-12-25,2023-12-29,"[0.0, 0.0, 10.2, 0.0, 1.2]","[17.5, 27.0, 25.2, 8.4, 8.3]",2026-08-14 06:28:39.569606
HUB17-HUB02,2023-05-30,2023-06-02,"[0.1, 0.3, 8.6, 19.3]","[20.8, 17.2, 17.6, 8.7]",2026-08-14 06:28:39.569759
HUB10-HUB11,2025-08-16,2025-08-19,"[4.4, 0.0, 0.0, 30.5]","[12.5, 13.4, 11.7, 22.7]",2026-08-14 06:28:39.569907
HUB12-HUB06,2024-02-26,2024-03-01,"[0.0, 0.9, 0.8, 0.4, 0.0]","[15.3, 13.3, 8.6, 12.2, 8.2]",2026-08-14 06:28:39.570097
HUB03-HUB18,2023-03-20,2023-03-21,"[0.0, 0.0]","[19.7, 28.0]",2026-08-14 06:28:39.570263
HUB03-HUB15,2023-10-14,2023-10-16,"[0.7, 1.6, 0.0]","[14.0, 12.0, 25.7]",2026-08-14 06:28:39.570406
HUB17-HUB12,2025-04-05,2025-04-07,"[0.0, 0.1, 0.4]","[10.0, 12.1, 1.9]",2026-08-14 06:28:39.570549
HUB03-HUB02,2025-09-14,2025-09-15,"[4.7, 4.5]","[13.3, 8.9]",2026-08-14 06:28:39.570691
HUB01-HUB15,2025-06-22,2025-06-24,"[1.8, 0.1, 15.3]","[20.2, 16.7, 13.3]",2026-08-14 06:28:39.570829
HUB02-HUB18,2025-02-26,2025-02-27,"[1.1, 0.5]","[13.1, 6.5]",2026-08-14 06:28:39.570955
HUB01-HUB17,2023-07-04,2023-07-07,"[29.1, 30.9, 56.8, 31.9]","[19.3, 7.0, 9.6, 7.4]",2026-08-14 06:28:39.571100
HUB08-HUB10,2023-03-30,2023-04-02,"[0.1, 0.0, 5.5, 0.7]","[4.1, 2.0, 16.0, 30.3]",2026-08-14 06:28:39.571284
HUB02-HUB12,2023-02-01,2023-02-03,"[0.6, 0.6, 1.9]","[17.9, 13.3, 25.3]",2026-08-14 06:28:39.571423
HUB03-HUB04,2023-04-08,2023-04-09,"[0.0, 0.0]","[18.3, 20.8]",2026-08-14 06:28:39.571548
HUB16-HUB01,2024-12-05,2024-12-07,"[0.0, 0.9, 0.2]","[21.2, 15.4, 15.3]",2026-08-14 06:28:39.571694
HUB01-HUB04,2023-08-08,2023-08-09,"[21.9, 9.6]","[15.1, 21.8]",2026-08-14 06:28:39.571820
HUB03-HUB07,2023-09-23,2023-09-25,"[0.6, None, 0.8]","[14.2, 12.6, 19.8]",2026-08-14 06:28:39.571953
HUB10-HUB04,2024-01-02,2024-01-05,"[0.7, 0.0, 1.6, 0.3]","[2.0, 13.3, 21.1, 20.8]",2026-08-14 06:28:39.572097
HUB04-HUB09,2025-11-16,2025-11-19,"[0.8, 0.0, 0.3, 0.9]","[20.9, 11.0, 8.1, 5.6]",2026-08-14 06:28:39.572299
HUB06-HUB04,2025-11-26,2025-11-28,"[1.1, 0.2, 0.9]","[34.5, 19.3, 19.2]",2026-08-14 06:28:39.572450
HUB09-HUB15,2025-09-06,2025-09-08,"[1.1, 0.0, 0.0]","[14.8, 18.2, 14.1]",2026-08-14 06:28:39.572599
HUB04-HUB10,2025-04-29,2025-05-03,"[5.4, 0.5, 0.0, 0.3, 0.8]","[1.8, 11.7, 23.1, 10.6, 28.4]",2026-08-14 06:28:39.572767
HUB14-HUB02,2023-05-01,2023-05-02,"[0.4, 0.0]","[13.8, 16.5]",2026-08-14 06:28:39.572894
HUB13-HUB15,2023-08-02,2023-08-04,"[29.8, 0.0, 10.9]","[22.8, 7.2, 11.9]",2026-08-14 06:28:39.573029
HUB01-HUB06,2025-06-05,2025-06-08,"[0.9, 0.7, 1.1, 0.1]","[16.3, 16.1, 14.0, 17.1]",2026-08-14 06:28:39.573208
HUB11-HUB03,2025-01-23,2025-01-26,"[0.7, 0.3, 0.0, 14.1]","[23.3, 1.7, 22.5, 9.3]",2026-08-14 06:28:39.573368
HUB06-HUB13,2024-08-07,2024-08-11,"[0.2, 30.1, 0.0, 0.0, 14.2]","[19.4, 5.0, 20.9, 14.8, 3.1]",2026-08-14 06:28:39.573527
HUB10-HUB01,2023-02-26,2023-03-01,"[1.0, 1.3, 0.0, 1.1]","[19.3, 21.2, 12.3, 17.1]",2026-08-14 06:28:39.573687
HUB12-HUB05,2024-10-06,2024-10-11,"[0.0, 5.7, 0.0, 2.1, 4.2, 0.0]","[10.4, 20.0, 18.5, 18.3, 13.6, 19.4]",2026-08-14 06:28:39.573856
HUB07-HUB01,2023-09-08,2023-09-11,"[12.7, 0.0, 2.8, 13.5]","[15.3, 12.0, 21.0, 15.4]",2026-08-14 06:28:39.574008
HUB11-HUB01,2023-08-03,2023-08-06,"[20.7, 3.8, 13.0, 43.8]","[4.9, 15.4, 10.0, 11.1]",2026-08-14 06:28:39.574224
HUB14-HUB03,2023-02-10,2023-02-12,"[0.0, 0.0, 0.7]","[11.2, 22.1, 12.4]",2026-08-14 06:28:39.574376
HUB15-HUB03,2024-01-03,2024-01-05,"[0.0, 0.8, 0.0]","[4.8, 22.5, 6.4]",2026-08-14 06:28:39.574512
HUB03-HUB04,2023-06-06,2023-06-07,"[10.9, 7.3]","[5.7, 6.2]",2026-08-14 06:28:39.574648
HUB10-HUB16,2025-10-31,2025-11-03,"[1.8, 1.2, 0.0, 0.0]","[20.1, 15.0, 14.2, 11.4]",2026-08-14 06:28:39.574797
HUB09-HUB08,2025-12-20,2025-12-21,"[8.0, 0.5]","[17.0, 8.3]",2026-08-14 06:28:39.574923
HUB17-HUB01,2024-09-22,2024-09-25,"[0.0, 1.0, 0.2, 0.0]","[15.3, 17.9, 17.3, 4.3]",2026-08-14 06:28:39.575067
HUB07-HUB14,2024-08-12,2024-08-15,"[14.1, 0.0, 0.4, 0.2]","[11.5, 18.6, 14.7, 11.6]",2026-08-14 06:28:39.575244
HUB05-HUB02,2023-05-18,2023-05-21,"[0.8, 0.3, 0.2, 0.5]","[8.8, 14.6, 26.6, 28.4]",2026-08-14 06:28:39.575403
HUB15-HUB01,2024-09-29,2024-10-01,"[0.3, 0.5, 1.0]","[8.1, 12.0, 14.4]",2026-08-14 06:28:39.575541
HUB08-HUB12,2025-08-12,2025-08-16,"[1.1, 0.0, 12.2, 25.2, 7.5]","[21.7, 21.7, 18.9, 11.1, 14.7]",2026-08-14 06:28:39.575711
HUB04-HUB06,2024-05-25,2024-05-27,"[3.6, 0.0, 0.6]","[18.1, 17.8, 16.2]",2026-08-14 06:28:39.575853
HUB10-HUB17,2023-12-12,2023-12-14,"[0.3, None, 0.1]","[30.5, 24.7, 26.5]",2026-08-14 06:28:39.575989
HUB18-HUB01,2024-10-07,2024-10-08,"[0.0, 0.7]","[17.8, 15.3]",2026-08-14 06:28:39.576112
HUB06-HUB05,2023-05-06,2023-05-07,"[0.4, 6.3]","[8.6, 16.0]",2026-08-14 06:28:39.576271
HUB03-HUB18,2024-03-29,2024-03-30,"[0.7, 0.0]","[18.0, 4.9]",2026-08-14 06:28:39.576397
HUB09-HUB14,2023-06-08,2023-06-10,"[0.0, 1.3, 0.8]","[11.8, 17.7, 14.8]",2026-08-14 06:28:39.576532
HUB08-HUB13,2023-02-16,2023-02-19,"[0.6, 0.2, 0.0, 1.0]","[11.5, 15.3, 10.8, 22.6]",2026-08-14 06:28:39.576694
HUB06-HUB02,2023-06-25,2023-06-28,"[0.3, 0.6, 4.9, 21.3]","[14.9, 2.6, 14.8, 12.5]",2026-08-14 06:28:39.576844
HUB11-HUB04,2025-05-24,2025-05-27,"[0.0, 0.0, 0.0, 0.0]","[29.1, 23.9, 8.6, 21.6]",2026-08-14 06:28:39.576995
HUB01-HUB11,2024-06-11,2024-06-13,"[0.3, 20.1, 9.2]","[20.1, 21.0, 14.7]",2026-08-14 06:28:39.577150
HUB08-HUB02,2024-08-26,2024-08-28,"[0.9, 8.5, 14.1]","[19.6, 13.6, 7.9]",2026-08-14 06:28:39.577300
HUB03-HUB14,2024-12-17,2024-12-19,"[0.4, 0.0, 0.9]","[17.9, 16.8, 18.8]",2026-08-14 06:28:39.577438
HUB16-HUB06,2023-04-21,2023-04-23,"[0.0, 0.0, 0.2]","[12.8, 16.9, 13.0]",2026-08-14 06:28:39.577588
HUB10-HUB09,2025-04-16,2025-04-19,"[1.6, 0.4, 0.7, 0.0]","[13.4, 20.6, 13.2, 13.7]",2026-08-14 06:28:39.577744
HUB12-HUB14,2024-08-21,2024-08-23,"[6.9, 0.1, 4.9]","[6.2, 18.3, 24.8]",2026-08-14 06:28:39.577880
HUB11-HUB01,2024-09-18,2024-09-21,"[1.9, 8.2, 12.3, 1.4]","[6.7, 16.0, 5.9, 17.0]",2026-08-14 06:28:39.578025
HUB13-HUB18,2024-06-16,2024-06-18,"[0.0, 0.8, 0.1]","[15.8, 14.6, 23.8]",2026-08-14 06:28:39.578231
HUB13-HUB16,2023-09-29,2023-10-02,"[0.8, 6.1, 5.8, 0.8]","[11.7, 11.0, 15.1, 16.4]",2026-08-14 06:28:39.578384
HUB16-HUB05,2023-11-07,2023-11-09,"[0.6, 0.0, 0.0]","[15.5, 16.3, 16.1]",2026-08-14 06:28:39.578520
HUB12-HUB05,2025-12-23,2025-12-28,"[0.2, 0.0, 0.0, 0.8, 0.0, 0.0]","[16.4, 13.3, 16.3, 15.6, 10.8, 19.5]",2026-08-14 06:28:39.578697
HUB03-HUB15,2025-11-07,2025-11-09,"[0.2, 0.2, 17.5]","[15.2, 19.4, 21.5]",2026-08-14 06:28:39.578839
HUB07-HUB13,2023-06-07,2023-06-12,"[0.0, 29.6, 0.4, 0.6, 1.8, 25.3]","[17.2, 20.1, 9.8, 17.6, 9.3, 16.0]",2026-08-14 06:28:39.579005
HUB09-HUB15,2023-09-04,2023-09-06,"[48.3, 10.8, 0.3]","[17.5, 4.6, 14.4]",2026-08-14 06:28:39.579168
HUB17-HUB10,2023-05-04,2023-05-06,"[17.9, 0.0, 1.1]","[28.0, 10.5, 22.9]",2026-08-14 06:28:39.579324
HUB08-HUB13,2023-01-12,2023-01-16,"[1.2, 0.6, 0.4, 0.0, 0.0]","[21.6, 18.7, 20.5, 12.0, 10.1]",2026-08-14 06:28:39.579481
HUB16-HUB18,2023-03-08,2023-03-09,"[1.6, 3.8]","[7.3, 5.5]",2026-08-14 06:28:39.579617
HUB14-HUB10,2023-11-10,2023-11-13,"[0.0, 0.8, 0.3, 0.0]","[36.5, 22.1, 39.6, 28.4]",2026-08-14 06:28:39.579769
HUB08-HUB09,2024-12-21,2024-12-22,"[0.0, 0.4]","[7.7, 12.7]",2026-08-14 06:28:39.579894
HUB16-HUB17,2023-02-21,2023-02-24,"[0.0, 0.0, 0.1, 0.2]","[20.9, 20.9, 4.2, 20.2]",2026-08-14 06:28:39.580038
HUB09-HUB16,2024-11-22,2024-11-24,"[4.4, 0.0, 0.0]","[13.8, 16.2, 8.3]",2026-08-14 06:28:39.580199
HUB09-HUB12,2025-03-20,2025-03-23,"[0.0, 0.1, 0.0, 0.0]","[10.1, 7.2, 19.6, 5.9]",2026-08-14 06:28:39.580351
HUB03-HUB08,2025-09-15,2025-09-17,"[0.0, 0.9, 0.5]","[16.1, 15.7, 6.7]",2026-08-14 06:28:39.580487
HUB03-HUB10,2024-05-24,2024-05-28,"[32.8, 15.8, 0.0, 1.0, 10.0]","[25.0, 5.9, 36.9, 15.5, 21.2]",2026-08-14 06:28:39.580658
HUB10-HUB13,2024-03-03,2024-03-07,"[1.1, 0.0, 0.5, 4.0, 1.1]","[15.2, 15.2, 12.6, 12.3, 20.5]",2026-08-14 06:28:39.580818
HUB14-HUB11,2025-01-31,2025-02-01,"[0.6, 0.3]","[6.1, 0.8]",2026-08-14 06:28:39.580943
HUB16-HUB09,2025-11-20,2025-11-22,"[0.6, 0.2, 1.1]","[17.9, 14.0, 16.3]",2026-08-14 06:28:39.581076
HUB15-HUB14,2023-04-02,2023-04-03,"[None, 0.0]","[17.0, 12.5]",2026-08-14 06:28:39.581233
HUB09-HUB11,2025-01-11,2025-01-14,"[0.0, 0.2, 0.0, 0.0]","[10.6, 10.2, 0.4, 9.2]",2026-08-14 06:28:39.581383
HUB05-HUB03,2025-05-26,2025-05-28,"[0.3, 0.0, 0.3]","[4.4, 22.4, 8.4]",2026-08-14 06:28:39.581522
HUB08-HUB03,2025-07-09,2025-07-11,"[11.6, 0.0, 22.7]","[0.4, 30.3, 13.7]",2026-08-14 06:28:39.581672
HUB04-HUB15,2025-08-16,2025-08-19,"[1.4, 0.2, 9.5, 6.4]","[13.4, 14.5, 18.0, 13.4]",2026-08-14 06:28:39.581820
HUB10-HUB06,2024-06-07,2024-06-11,"[0.0, 1.0, 0.0, 0.0, 0.2]","[7.4, 17.3, 13.4, 18.8, 16.9]",2026-08-14 06:28:39.581977
HUB03-HUB16,2024-10-07,2024-10-08,"[0.4, 0.4]","[14.7, 15.0]",2026-08-14 06:28:39.582165
HUB14-HUB09,2023-08-12,2023-08-14,"[4.1, 0.2, 44.5]","[16.0, 15.0, 10.7]",2026-08-14 06:28:39.582324
HUB02-HUB07,2023-10-23,2023-10-26,"[10.1, 0.0, 0.6, 0.0]","[21.4, 10.3, 7.0, 19.9]",2026-08-14 06:28:39.582472
HUB08-HUB05,2024-04-26,2024-04-27,"[0.0, 1.0]","[9.4, 16.0]",2026-08-14 06:28:39.582614
HUB06-HUB02,2024-06-26,2024-06-29,"[18.2, 30.1, 0.7, 0.0]","[18.9, 14.1, 24.9, 15.4]",2026-08-14 06:28:39.582767
HUB12-HUB02,2025-10-18,2025-10-20,"[0.6, 1.2, 0.5]","[13.3, 14.9, 18.3]",2026-08-14 06:28:39.582903
HUB13-HUB15,2024-09-12,2024-09-14,"[16.2, 0.8, 14.3]","[6.6, 20.0, 10.6]",2026-08-14 06:28:39.583037
HUB08-HUB14,2024-12-06,2024-12-09,"[0.0, 4.8, 0.0, 0.0]","[18.0, 18.5, 15.9, 16.4]",2026-08-14 06:28:39.583209
HUB06-HUB16,2025-01-15,2025-01-17,"[0.2, 18.9, 1.1]","[16.6, 12.4, 16.5]",2026-08-14 06:28:39.583354
HUB17-HUB15,2023-06-28,2023-06-30,"[20.2, 16.4, 0.7]","[21.3, 11.2, 14.1]",2026-08-14 06:28:39.583489
HUB16-HUB11,2023-07-15,2023-07-17,"[17.4, 19.9, 33.6]","[0.5, 11.4, 19.1]",2026-08-14 06:28:39.583633
HUB16-HUB02,2023-04-29,2023-05-01,"[0.0, 0.4, 0.6]","[3.3, 13.6, 17.6]",2026-08-14 06:28:39.583774
HUB07-HUB14,2024-09-11,2024-09-15,"[0.3, 0.4, 0.0, 0.0, 0.5]","[14.8, 12.3, 17.2, 20.4, 12.7]",2026-08-14 06:28:39.583931
HUB01-HUB11,2024-09-28,2024-09-30,"[0.9, 1.0, 0.2]","[11.3, 13.7, 4.7]",2026-08-14 06:28:39.584070
HUB13-HUB14,2024-06-23,2024-06-24,"[0.4, 22.4]","[12.3, 15.4]",2026-08-14 06:28:39.584226
HUB04-HUB11,2023-06-21,2023-06-24,"[0.0, 0.0, 4.4, 0.0]","[5.4, 8.3, 15.1, 6.3]",2026-08-14 06:28:39.584377
HUB04-HUB06,2025-05-24,2025-05-26,"[0.0, 0.3, 0.0]","[13.2, 9.5, 10.8]",2026-08-14 06:28:39.584515
HUB15-HUB05,2024-08-14,2024-08-16,"[0.5, 0.7, 0.9]","[17.8, 12.5, 12.0]",2026-08-14 06:28:39.584667
HUB03-HUB17,2025-03-04,2025-03-07,"[0.2, 0.2, 0.2, 0.0]","[10.2, 10.8, 18.4, 14.4]",2026-08-14 06:28:39.584817
HUB16-HUB07,2025-04-19,2025-04-21,"[0.0, 0.0, 0.0]","[12.5, 10.9, 14.1]",2026-08-14 06:28:39.584955
HUB05-HUB16,2023-08-04,2023-08-06,"[0.0, 4.3, 24.4]","[9.2, 17.2, 10.8]",2026-08-14 06:28:39.585092
HUB06-HUB04,2023-05-13,2023-05-15,"[0.9, 1.2, 0.4]","[30.4, 37.0, 12.4]",2026-08-14 06:28:39.585261
HUB12-HUB05,2023-08-10,2023-08-15,"[4.9, 0.6, 6.9, 5.3, 0.0, 4.8]","[7.7, 17.2, 16.3, 9.4, 12.1, 14.4]",2026-08-14 06:28:39.585437
HUB13-HUB04,2024-09-30,2024-10-03,"[0.0, 0.4, 1.0, 0.2]","[3.2, 21.9, 32.8, 15.1]",2026-08-14 06:28:39.585685
HUB12-HUB08,2025-01-27,2025-01-31,"[0.0, 1.0, 0.0, 0.0, 0.4]","[13.4, 17.9, 9.2, 8.4, 16.0]",2026-08-14 06:28:39.585995
HUB10-HUB03,2023-05-01,2023-05-04,"[0.2, 0.5, 9.1, 0.2]","[21.7, 29.9, 22.1, 22.0]",2026-08-14 06:28:39.586330
HUB12-HUB16,2024-01-27,2024-01-30,"[0.7, 0.8, 0.5, 0.0]","[14.2, 7.8, 10.6, 20.2]",2026-08-14 06:28:39.586517
HUB07-HUB17,2023-09-17,2023-09-21,"[0.9, 0.0, 16.5, 0.5, 26.9]","[26.9, 8.9, 2.7, 18.4, 19.5]",2026-08-14 06:28:39.586705
HUB08-HUB06,2023-03-27,2023-03-28,"[0.0, 0.0]","[13.5, 15.4]",2026-08-14 06:28:39.586839
HUB03-HUB02,2023-08-13,2023-08-15,"[17.8, 73.0, 0.0]","[14.8, 16.1, 10.0]",2026-08-14 06:28:39.586980
HUB11-HUB08,2023-06-26,2023-06-29,"[0.0, 7.1, 3.3, 7.2]","[15.7, 14.8, 13.3, 14.4]",2026-08-14 06:28:39.587164
HUB07-HUB01,2024-04-12,2024-04-15,"[0.2, 0.0, 0.7, 1.1]","[9.8, 14.3, 15.7, 6.4]",2026-08-14 06:28:39.587334
HUB17-HUB01,2023-12-05,2023-12-08,"[0.8, 0.5, 0.2, 0.2]","[16.4, 23.9, 21.7, 23.1]",2026-08-14 06:28:39.587482
HUB18-HUB09,2025-11-11,2025-11-13,"[0.0, 0.0, 0.9]","[15.5, 15.9, 18.5]",2026-08-14 06:28:39.587629
HUB02-HUB12,2024-08-08,2024-08-10,"[35.1, 0.0, 0.1]","[20.2, 17.5, 8.7]",2026-08-14 06:28:39.587771
HUB12-HUB09,2023-02-21,2023-02-25,"[0.4, 6.1, 0.2, 0.5, 1.2]","[11.7, 23.4, 16.9, 15.7, 16.4]",2026-08-14 06:28:39.587926
HUB02-HUB12,2025-02-08,2025-02-10,"[4.6, 0.0, 0.4]","[8.1, 27.4, 23.0]",2026-08-14 06:28:39.588063
HUB07-HUB08,2023-02-08,2023-02-09,"[0.4, 4.7]","[15.2, 15.4]",2026-08-14 06:28:39.588220
HUB09-HUB18,2025-01-31,2025-02-02,"[0.9, 0.0, 0.1]","[10.8, 12.1, 6.7]",2026-08-14 06:28:39.588361
HUB06-HUB13,2024-11-29,2024-12-02,"[0.0, 0.3, 11.1, 0.7]","[16.7, 22.7, 13.9, 16.3]",2026-08-14 06:28:39.588509
HUB15-HUB03,2024-04-21,2024-04-23,"[0.0, 0.4, 0.6]","[24.4, 10.1, 11.0]",2026-08-14 06:28:39.588666
HUB01-HUB18,2024-01-27,2024-01-28,"[0.0, 0.1]","[18.0, 5.0]",2026-08-14 06:28:39.588792
HUB16-HUB17,2024-04-02,2024-04-04,"[0.0, 0.1, 11.0]","[18.6, 9.0, 18.3]",2026-08-14 06:28:39.588934
HUB18-HUB05,2025-01-15,2025-01-17,"[0.7, 1.8, 0.0]","[16.0, 16.6, 12.8]",2026-08-14 06:28:39.589070
HUB14-HUB03,2023-10-09,2023-10-11,"[0.0, 0.8, 1.0]","[12.5, 17.5, 18.8]",2026-08-14 06:28:39.589237
HUB18-HUB08,2024-07-20,2024-07-22,"[0.0, 0.6, 0.0]","[14.8, 14.6, 17.0]",2026-08-14 06:28:39.589377
HUB04-HUB16,2025-12-19,2025-12-21,"[0.0, 0.4, 0.0]","[7.1, 14.3, 16.7]",2026-08-14 06:28:39.589511
HUB12-HUB09,2023-04-23,2023-04-27,"[0.0, 0.0, 0.0, 0.0, 0.2]","[14.0, 19.6, 14.6, 11.5, 9.9]",2026-08-14 06:28:39.589681
HUB14-HUB16,2025-06-28,2025-06-30,"[13.6, 22.8, 2.7]","[16.6, 17.0, 11.8]",2026-08-14 06:28:39.589819
HUB07-HUB16,2024-04-14,2024-04-16,"[6.0, 0.1, 0.5]","[14.8, 11.2, 8.5]",2026-08-14 06:28:39.589957
HUB04-HUB01,2023-12-29,2023-12-30,"[0.7, 0.0]","[9.1, 6.4]",2026-08-14 06:28:39.590142
HUB07-HUB13,2024-08-23,2024-08-28,"[3.0, 27.7, 1.1, 1.2, 0.6, 0.3]","[17.8, 11.4, 18.7, 15.4, 16.3, 13.6]",2026-08-14 06:28:39.590338
HUB01-HUB07,2023-03-26,2023-03-29,"[0.0, 0.8, 0.8, 0.0]","[12.9, 10.2, 8.2, 12.2]",2026-08-14 06:28:39.590489
HUB10-HUB18,2023-03-19,2023-03-23,"[0.7, 0.0, None, 0.3, 0.9]","[5.1, 26.1, 17.2, 9.2, 7.3]",2026-08-14 06:28:39.590656
HUB03-HUB04,2024-02-05,2024-02-06,"[1.3, 0.0]","[6.5, 1.3]",2026-08-14 06:28:39.590785
HUB06-HUB12,2023-02-03,2023-02-08,"[0.0, 0.0, 0.5, 13.3, 0.1, 0.1]","[16.3, 4.1, 16.5, 19.2, 17.6, 16.4]",2026-08-14 06:28:39.590950
HUB18-HUB16,2024-05-14,2024-05-15,"[0.0, 0.3]","[12.0, 17.9]",2026-08-14 06:28:39.591079
HUB02-HUB14,2023-07-26,2023-07-27,"[1.6, 0.5]","[13.4, 4.2]",2026-08-14 06:28:39.591234
HUB13-HUB06,2024-02-07,2024-02-11,"[0.0, 0.0, 1.3, 1.3, 0.0]","[15.4, 11.3, 12.2, 13.6, 17.3]",2026-08-14 06:28:39.591393
HUB05-HUB18,2024-05-26,2024-05-28,"[0.0, 0.1, 0.9]","[21.4, 19.6, 24.7]",2026-08-14 06:28:39.591537
HUB03-HUB10,2023-11-02,2023-11-06,"[0.3, 0.0, 0.7, None, 0.6]","[14.4, 23.8, 16.3, 17.9, 18.1]",2026-08-14 06:28:39.591705
HUB10-HUB15,2025-01-01,2025-01-03,"[0.6, 0.1, 0.0]","[5.3, 15.0, 12.0]",2026-08-14 06:28:39.591842
HUB06-HUB08,2025-09-14,2025-09-15,"[1.2, 0.4]","[18.6, 10.1]",2026-08-14 06:28:39.591967
HUB13-HUB12,2023-06-04,2023-06-05,"[0.2, 0.3]","[9.3, 11.1]",2026-08-14 06:28:39.592090
HUB16-HUB10,2023-05-23,2023-05-26,"[8.7, 1.6, 2.0, 7.2]","[23.8, 22.9, 28.5, 39.7]",2026-08-14 06:28:39.592302
HUB13-HUB12,2025-12-13,2025-12-14,"[None, 0.6]","[22.8, 29.0]",2026-08-14 06:28:39.592437
HUB13-HUB07,2023-08-08,2023-08-13,"[6.3, 0.7, 19.8, 0.0, 47.0, 0.0]","[14.2, 11.8, 8.5, 13.6, 11.7, 14.3]",2026-08-14 06:28:39.592618
HUB12-HUB16,2025-12-18,2025-12-21,"[1.6, 0.2, 0.9, 3.5]","[10.0, 8.4, 9.4, 13.9]",2026-08-14 06:28:39.592772
HUB05-HUB07,2025-06-28,2025-06-29,"[1.0, 17.2]","[11.3, 15.2]",2026-08-14 06:28:39.592897
HUB09-HUB12,2025-12-21,2025-12-24,"[0.3, 0.6, 1.0, 0.0]","[13.2, 16.7, 27.5, 19.6]",2026-08-14 06:28:39.593042
HUB18-HUB17,2024-10-11,2024-10-13,"[0.0, 1.8, 0.4]","[20.6, 21.3, 17.6]",2026-08-14 06:28:39.593204
HUB10-HUB15,2023-07-27,2023-07-30,"[0.3, 1.0, 20.6, 16.7]","[7.5, 14.7, 18.9, 9.3]",2026-08-14 06:28:39.593360
HUB11-HUB05,2023-05-23,2023-05-26,"[1.4, 0.0, 0.0, 0.0]","[14.4, 11.6, 10.6, 10.1]",2026-08-14 06:28:39.593509
HUB12-HUB06,2023-08-01,2023-08-05,"[0.9, 0.3, 0.8, 0.0, 53.1]","[13.7, 18.6, 14.5, 16.0, 12.8]",2026-08-14 06:28:39.593677
HUB10-HUB16,2024-09-27,2024-09-30,"[0.8, 1.1, 0.0, 0.1]","[16.0, 12.5, 11.1, 15.9]",2026-08-14 06:28:39.593832
HUB03-HUB18,2023-03-22,2023-03-23,"[0.0, 0.3]","[16.7, 12.4]",2026-08-14 06:28:39.593957
HUB11-HUB08,2025-05-23,2025-05-26,"[0.3, 0.4, 12.6, 0.4]","[11.4, 13.2, 14.7, 18.8]",2026-08-14 06:28:39.594169
HUB03-HUB08,2024-10-29,2024-10-31,"[0.9, 0.8, 0.2]","[12.3, 14.5, 16.4]",2026-08-14 06:28:39.594337
HUB14-HUB17,2025-03-11,2025-03-12,"[0.6, 1.7]","[19.6, 15.0]",2026-08-14 06:28:39.594469
HUB17-HUB02,2024-04-03,2024-04-06,"[0.0, 0.8, 0.1, 0.5]","[15.1, 8.2, 11.6, 19.3]",2026-08-14 06:28:39.594632
HUB05-HUB16,2025-12-17,2025-12-19,"[1.1, 0.0, 0.0]","[16.7, 16.7, 15.5]",2026-08-14 06:28:39.594775
HUB06-HUB18,2023-11-09,2023-11-11,"[0.0, 0.0, 0.9]","[10.7, 25.8, 13.1]",2026-08-14 06:28:39.594912
HUB01-HUB14,2025-01-20,2025-01-22,"[0.6, 0.1, 0.0]","[17.2, 16.0, 5.7]",2026-08-14 06:28:39.595046
HUB06-HUB07,2025-08-08,2025-08-09,"[35.1, 1.1]","[18.7, 13.5]",2026-08-14 06:28:39.595195
HUB12-HUB07,2023-02-06,2023-02-11,"[0.0, 0.1, 0.7, 0.0, 0.5, 0.0]","[15.4, 19.3, 11.9, 18.3, 16.7, 15.9]",2026-08-14 06:28:39.595369
HUB04-HUB07,2025-06-15,2025-06-17,"[5.0, 0.9, 1.1]","[13.7, 16.2, 6.7]",2026-08-14 06:28:39.595509
HUB09-HUB04,2025-07-03,2025-07-06,"[0.0, 0.0, 0.0, 0.5]","[13.6, 15.3, 22.0, 5.7]",2026-08-14 06:28:39.595667
HUB15-HUB05,2023-12-29,2023-12-31,"[0.0, 3.9, 0.0]","[14.4, 14.0, 12.7]",2026-08-14 06:28:39.595805
HUB15-HUB17,2025-09-23,2025-09-25,"[0.6, 0.7, 0.3]","[4.5, 29.9, 20.2]",2026-08-14 06:28:39.595940
HUB01-HUB11,2024-02-23,2024-02-25,"[0.0, 0.7, 0.3]","[10.7, 15.3, 3.5]",2026-08-14 06:28:39.596075
HUB17-HUB03,2024-12-24,2024-12-26,"[0.4, 0.2, 0.0]","[18.2, 23.2, 21.0]",2026-08-14 06:28:39.596240
HUB16-HUB04,2024-01-01,2024-01-03,"[0.0, 0.0, 0.6]","[26.9, 17.9, 6.3]",2026-08-14 06:28:39.596379
HUB11-HUB01,2025-11-24,2025-11-27,"[0.1, 0.1, 0.0, 0.5]","[25.3, 18.6, 16.6, 9.8]",2026-08-14 06:28:39.596523
HUB15-HUB06,2023-02-12,2023-02-14,"[1.4, 0.0, 1.1]","[15.1, 17.5, 15.5]",2026-08-14 06:28:39.596670
HUB11-HUB16,2025-06-30,2025-07-02,"[16.8, 0.9, 25.6]","[14.6, 15.9, 16.5]",2026-08-14 06:28:39.596808
HUB08-HUB12,2025-11-08,2025-11-12,"[0.4, 0.9, 0.7, 8.3, 0.3]","[24.1, 24.8, 13.1, 17.9, 25.8]",2026-08-14 06:28:39.596963
HUB12-HUB15,2024-10-02,2024-10-04,"[0.9, 0.4, 3.7]","[15.1, 14.8, 22.4]",2026-08-14 06:28:39.597100
HUB16-HUB06,2025-01-24,2025-01-26,"[0.0, 0.1, 0.0]","[13.6, 11.2, 16.9]",2026-08-14 06:28:39.597268
HUB02-HUB17,2023-04-17,2023-04-20,"[0.4, 0.8, 0.2, 0.0]","[4.9, 17.6, 18.6, 17.5]",2026-08-14 06:28:39.597420
HUB14-HUB17,2023-02-16,2023-02-17,"[0.1, 0.6]","[17.8, 24.9]",2026-08-14 06:28:39.597572
HUB07-HUB14,2024-12-16,2024-12-20,"[0.7, 0.0, 0.0, 0.0, 0.3]","[15.5, 16.1, 18.6, 13.3, 10.6]",2026-08-14 06:28:39.597740
HUB16-HUB03,2025-05-01,2025-05-02,"[0.0, 3.9]","[17.6, 25.4]",2026-08-14 06:28:39.597871
HUB12-HUB16,2024-10-16,2024-10-19,"[0.0, 1.0, 0.0, 0.6]","[16.2, 10.1, 17.7, 12.3]",2026-08-14 06:28:39.598016
HUB02-HUB07,2025-01-25,2025-01-28,"[1.1, 0.0, 0.0, 1.1]","[14.5, 14.5, 10.7, 16.7]",2026-08-14 06:28:39.598227
HUB10-HUB03,2023-01-04,2023-01-08,"[1.4, 0.0, 0.0, 0.0, 3.1]","[17.6, 8.1, 13.9, 13.2, 15.8]",2026-08-14 06:28:39.598393
HUB16-HUB17,2025-08-07,2025-08-09,"[22.6, 0.4, 0.1]","[5.9, 14.2, 28.2]",2026-08-14 06:28:39.598533
HUB15-HUB11,2024-03-13,2024-03-15,"[0.0, 0.0, 0.7]","[10.1, 14.8, 5.8]",2026-08-14 06:28:39.598681
HUB13-HUB10,2024-02-11,2024-02-14,"[0.2, 0.3, 0.1, 0.0]","[15.2, 13.1, 19.2, 8.2]",2026-08-14 06:28:39.598830
HUB03-HUB17,2024-11-24,2024-11-27,"[0.7, 0.5, 0.0, 0.6]","[35.6, 5.7, 22.0, 33.6]",2026-08-14 06:28:39.598976
HUB18-HUB03,2025-07-29,2025-07-30,"[1.0, 3.1]","[0.5, 13.6]",2026-08-14 06:28:39.599100
HUB12-HUB17,2024-09-23,2024-09-25,"[19.9, 0.0, 0.0]","[11.1, 23.0, 3.1]",2026-08-14 06:28:39.599274
HUB15-HUB07,2025-09-26,2025-09-29,"[0.3, 9.6, None, 3.1]","[15.4, 16.7, 16.4, 13.5]",2026-08-14 06:28:39.599423
HUB16-HUB17,2024-08-31,2024-09-02,"[0.8, 0.3, None]","[10.4, 18.1, 11.4]",2026-08-14 06:28:39.599558
HUB18-HUB01,2024-10-21,2024-10-22,"[0.8, 21.9]","[25.4, 16.8]",2026-08-14 06:28:39.599696
HUB12-HUB13,2023-04-07,2023-04-08,"[0.4, 0.5]","[12.8, 20.8]",2026-08-14 06:28:39.599826
HUB10-HUB07,2025-08-23,2025-08-26,"[0.0, 5.6, 1.6, 0.8]","[14.1, 17.1, 15.4, 15.8]",2026-08-14 06:28:39.600015
HUB02-HUB07,2024-09-27,2024-09-30,"[3.0, 0.0, 0.0, 0.5]","[15.6, 14.2, 13.7, 14.5]",2026-08-14 06:28:39.600351
HUB03-HUB18,2023-05-30,2023-05-31,"[0.0, 6.6]","[16.0, 23.3]",2026-08-14 06:28:39.600595
HUB12-HUB04,2023-06-03,2023-06-06,"[0.2, 7.7, 0.0, 1.0]","[8.5, 22.1, 22.9, 14.4]",2026-08-14 06:28:39.600830
HUB17-HUB03,2024-03-04,2024-03-06,"[0.9, 0.1, 0.0]","[20.5, 18.0, 6.6]",2026-08-14 06:28:39.601031
HUB16-HUB02,2023-09-17,2023-09-18,"[0.5, 0.6]","[11.8, 16.4]",2026-08-14 06:28:39.601250
HUB16-HUB13,2024-09-02,2024-09-05,"[22.4, 0.6, 0.9, 1.5]","[5.8, 14.6, 18.6, 17.4]",2026-08-14 06:28:39.601444
HUB03-HUB02,2025-08-11,2025-08-12,"[8.5, 0.1]","[16.5, 1.0]",2026-08-14 06:28:39.601603
HUB09-HUB18,2024-09-14,2024-09-16,"[25.1, 0.6, 0.0]","[15.9, 8.6, 16.7]",2026-08-14 06:28:39.601750
HUB12-HUB03,2023-06-10,2023-06-13,"[0.0, 1.3, 8.7, 10.9]","[10.3, 4.2, 13.6, 20.2]",2026-08-14 06:28:39.601899
HUB12-HUB11,2023-08-04,2023-08-05,"[0.0, 0.0]","[0.5, 16.5]",2026-08-14 06:28:39.602025
HUB09-HUB11,2023-03-13,2023-03-16,"[0.5, 1.0, 0.0, 0.5]","[15.1, 20.6, 16.3, 19.1]",2026-08-14 06:28:39.602291
HUB17-HUB08,2025-03-03,2025-03-06,"[0.9, 0.0, 0.0, 1.2]","[15.7, 9.1, 6.8, 16.8]",2026-08-14 06:28:39.602455
HUB05-HUB01,2024-11-20,2024-11-22,"[0.0, None, 0.9]","[22.8, 3.8, 12.0]",2026-08-14 06:28:39.602610
HUB16-HUB13,2025-07-01,2025-07-04,"[0.9, 24.7, 5.8, 0.1]","[18.5, 23.0, 18.0, 9.4]",2026-08-14 06:28:39.602764
HUB08-HUB04,2025-05-20,2025-05-22,"[0.0, 0.2, 0.1]","[22.8, 16.6, 14.0]",2026-08-14 06:28:39.602903
HUB12-HUB05,2024-12-12,2024-12-16,"[0.6, 0.4, 0.0, 0.0, 1.2]","[12.5, 18.1, 12.8, 15.2, 9.9]",2026-08-14 06:28:39.603061
HUB08-HUB07,2024-03-04,2024-03-05,"[0.5, 0.9]","[12.2, 11.1]",2026-08-14 06:28:39.603242
HUB07-HUB11,2024-02-23,2024-02-27,"[0.0, 0.0, 0.0, 0.5, 0.6]","[18.1, 21.3, 17.5, 9.1, 10.7]",2026-08-14 06:28:39.603423
HUB11-HUB12,2025-10-06,2025-10-07,"[0.0, 0.0]","[29.3, 17.7]",2026-08-14 06:28:39.603556
HUB10-HUB17,2025-02-20,2025-02-22,"[0.0, 0.2, 0.0]","[21.6, 5.1, 8.5]",2026-08-14 06:28:39.603708
HUB14-HUB16,2023-06-06,2023-06-08,"[17.9, 0.0, 0.4]","[12.1, 17.1, 11.6]",2026-08-14 06:28:39.603848
HUB02-HUB11,2024-09-12,2024-09-14,"[14.0, 0.0, 0.0]","[28.1, 33.2, 26.3]",2026-08-14 06:28:39.603984
HUB02-HUB08,2023-11-05,2023-11-07,"[0.2, None, 1.4]","[6.2, 9.5, 12.1]",2026-08-14 06:28:39.604122
HUB07-HUB17,2025-05-10,2025-05-14,"[0.6, 0.0, 0.6, 1.2, 0.9]","[8.7, 9.4, 10.6, 17.0, 21.9]",2026-08-14 06:28:39.604356
HUB04-HUB07,2024-03-24,2024-03-26,"[0.4, 0.0, 0.1]","[16.7, 19.8, 14.0]",2026-08-14 06:28:39.604499
HUB13-HUB10,2023-03-26,2023-03-29,"[0.0, None, 0.0, 1.0]","[16.1, 21.2, 22.3, 11.9]",2026-08-14 06:28:39.604659
HUB12-HUB10,2023-08-01,2023-08-04,"[29.6, 35.4, 31.3, 18.2]","[3.8, 19.2, 16.6, 1.1]",2026-08-14 06:28:39.604810
HUB03-HUB06,2025-04-13,2025-04-15,"[0.0, 1.8, 0.8]","[18.9, 13.1, 11.8]",2026-08-14 06:28:39.604950
HUB03-HUB11,2023-09-27,2023-09-30,"[24.5, 10.8, 37.9, 0.0]","[14.5, 19.7, 26.7, 11.1]",2026-08-14 06:28:39.605101
HUB16-HUB13,2024-05-26,2024-05-29,"[0.2, 0.0, 0.5, 6.9]","[18.9, 16.5, 16.7, 23.3]",2026-08-14 06:28:39.605299
HUB12-HUB07,2025-05-23,2025-05-28,"[0.3, 5.0, 1.7, 0.0, 0.6, 1.1]","[16.2, 11.1, 18.7, 14.9, 12.0, 14.1]",2026-08-14 06:28:39.605478
HUB17-HUB01,2024-06-29,2024-07-02,"[0.4, 17.2, 24.1, 18.6]","[12.9, 11.0, 12.0, 7.2]",2026-08-14 06:28:39.605639
HUB12-HUB13,2024-04-26,2024-04-27,"[0.0, 1.1]","[14.5, 17.5]",2026-08-14 06:28:39.605771
HUB08-HUB04,2023-04-10,2023-04-12,"[0.9, 0.0, None]","[7.9, 12.4, 5.2]",2026-08-14 06:28:39.605912
HUB07-HUB08,2023-01-07,2023-01-08,"[0.0, 0.9]","[8.4, 13.8]",2026-08-14 06:28:39.606037
HUB15-HUB17,2024-11-22,2024-11-24,"[0.6, 1.1, 0.4]","[25.9, 15.0, 33.1]",2026-08-14 06:28:39.606259
HUB18-HUB04,2023-08-12,2023-08-13,"[2.3, 0.1]","[25.0, 1.8]",2026-08-14 06:28:39.606391
HUB08-HUB02,2023-06-22,2023-06-24,"[0.0, 21.2, 3.8]","[8.6, 17.9, 20.0]",2026-08-14 06:28:39.606527
HUB09-HUB16,2025-09-25,2025-09-27,"[0.0, 2.2, 0.5]","[13.4, 13.6, 23.3]",2026-08-14 06:28:39.606680
HUB08-HUB16,2025-10-01,2025-10-02,"[0.9, 0.6]","[16.7, 15.3]",2026-08-14 06:28:39.606803
HUB18-HUB04,2025-04-11,2025-04-12,"[0.6, 1.0]","[20.8, 29.6]",2026-08-14 06:28:39.606927
HUB03-HUB04,2025-09-11,2025-09-12,"[0.0, 11.9]","[10.8, 26.0]",2026-08-14 06:28:39.607050
HUB04-HUB15,2025-05-05,2025-05-08,"[0.1, 0.0, 0.9, 0.0]","[15.9, 17.2, 21.6, 11.8]",2026-08-14 06:28:39.607237
HUB15-HUB11,2023-12-14,2023-12-16,"[0.7, 0.4, 0.2]","[17.8, 14.2, 25.0]",2026-08-14 06:28:39.607383
HUB17-HUB11,2024-06-18,2024-06-20,"[0.0, 0.0, 0.3]","[8.2, 31.1, 4.9]",2026-08-14 06:28:39.607518
HUB05-HUB15,2023-08-29,2023-08-31,"[0.6, 1.3, 6.4]","[9.6, 19.0, 19.2]",2026-08-14 06:28:39.607668
HUB11-HUB14,2024-05-07,2024-05-09,"[0.2, 0.2, 0.0]","[18.4, 24.4, 17.7]",2026-08-14 06:28:39.607806
HUB06-HUB07,2023-01-19,2023-01-20,"[1.5, 0.0]","[11.6, 13.7]",2026-08-14 06:28:39.607931
HUB18-HUB01,2025-04-02,2025-04-03,"[0.6, 0.0]","[13.1, 13.3]",2026-08-14 06:28:39.608055
HUB02-HUB06,2024-09-06,2024-09-09,"[10.6, 0.3, 9.6, 0.1]","[17.7, 13.1, 12.6, 13.1]",2026-08-14 06:28:39.608232
HUB11-HUB04,2024-09-26,2024-09-29,"[None, 0.0, 0.2, 0.0]","[13.5, 15.1, 15.3, 20.1]",2026-08-14 06:28:39.608388
HUB11-HUB12,2025-08-14,2025-08-15,"[1.4, 0.0]","[19.0, 14.9]",2026-08-14 06:28:39.608515
HUB17-HUB08,2025-06-08,2025-06-11,"[0.4, 1.3, 0.8, 0.9]","[6.6, 12.8, 11.8, 11.7]",2026-08-14 06:28:39.608672
HUB11-HUB02,2023-02-26,2023-02-28,"[0.1, 0.0, 0.0]","[12.6, 12.5, 17.7]",2026-08-14 06:28:39.608809
HUB07-HUB16,2025-10-09,2025-10-11,"[1.3, 0.5, 0.5]","[15.5, 20.5, 16.5]",2026-08-14 06:28:39.608946
HUB09-HUB02,2023-06-15,2023-06-17,"[7.4, 0.2, 0.4]","[20.1, 8.1, 13.4]",2026-08-14 06:28:39.609086
HUB12-HUB02,2025-04-20,2025-04-23,"[0.0, 0.0, 2.6, 0.0]","[22.6, 13.7, 21.0, 11.4]",2026-08-14 06:28:39.609270
HUB16-HUB17,2025-08-05,2025-08-08,"[0.0, 12.6, 0.0, 15.3]","[5.7, 7.4, 17.1, 31.2]",2026-08-14 06:28:39.609421
HUB01-HUB11,2025-06-06,2025-06-09,"[0.4, 13.1, 0.1, 6.2]","[20.2, 17.9, 8.8, 12.6]",2026-08-14 06:28:39.609573
HUB13-HUB15,2025-06-30,2025-07-02,"[0.9, 0.0, 4.1]","[6.5, 16.5, 19.0]",2026-08-14 06:28:39.609730
HUB11-HUB16,2025-11-17,2025-11-19,"[0.0, None, 0.0]","[17.6, 18.0, 15.5]",2026-08-14 06:28:39.609878
HUB04-HUB03,2025-10-10,2025-10-11,"[18.0, 0.0]","[11.8, 20.1]",2026-08-14 06:28:39.610005
HUB07-HUB01,2025-05-12,2025-05-15,"[0.0, 0.5, 11.1, 1.1]","[16.8, 17.5, 22.2, 7.8]",2026-08-14 06:28:39.610228
HUB10-HUB08,2025-05-22,2025-05-25,"[0.4, 0.6, 0.0, 0.0]","[13.1, 12.1, 20.3, 15.7]",2026-08-14 06:28:39.610390
HUB15-HUB01,2023-11-27,2023-11-29,"[0.1, 0.0, 0.0]","[24.2, 6.6, 16.6]",2026-08-14 06:28:39.610528
HUB16-HUB06,2023-07-08,2023-07-10,"[0.1, 0.3, 7.5]","[13.1, 12.0, 17.5]",2026-08-14 06:28:39.610679
HUB09-HUB08,2025-05-24,2025-05-25,"[0.0, 0.7]","[15.0, 11.8]",2026-08-14 06:28:39.610806
HUB13-HUB08,2025-09-08,2025-09-12,"[0.0, 1.0, 0.0, 0.0, 2.7]","[11.2, 12.6, 13.4, 14.1, 16.5]",2026-08-14 06:28:39.610962
HUB10-HUB02,2025-01-14,2025-01-17,"[0.4, 0.2, 0.5, 1.2]","[8.9, 5.5, 16.0, 2.2]",2026-08-14 06:28:39.611108
HUB13-HUB04,2023-05-05,2023-05-07,"[0.9, 0.0, 1.0]","[19.2, 21.2, 27.7]",2026-08-14 06:28:39.611282
HUB18-HUB02,2025-09-20,2025-09-21,"[0.6, 7.6]","[13.1, 8.0]",2026-08-14 06:28:39.611414
HUB02-HUB12,2023-09-09,2023-09-11,"[46.5, 0.1, 13.2]","[19.8, 4.1, 13.1]",2026-08-14 06:28:39.611552
HUB17-HUB04,2024-04-06,2024-04-09,"[0.0, 0.2, 0.4, 0.0]","[13.9, 33.5, 7.3, 6.7]",2026-08-14 06:28:39.611715
HUB04-HUB11,2023-03-15,2023-03-18,"[0.0, 1.6, 0.9, 1.3]","[14.0, 10.6, 12.7, 6.0]",2026-08-14 06:28:39.611865
HUB17-HUB09,2025-08-20,2025-08-22,"[0.4, 0.4, 0.0]","[8.4, 16.8, 14.6]",2026-08-14 06:28:39.611999
HUB08-HUB14,2023-06-24,2023-06-27,"[0.5, 0.5, 0.0, 9.6]","[20.8, 18.0, 16.8, 16.8]",2026-08-14 06:28:39.612195
HUB04-HUB06,2024-03-02,2024-03-04,"[0.5, 0.5, 0.7]","[14.4, 12.9, 12.6]",2026-08-14 06:28:39.612351
HUB01-HUB08,2025-04-09,2025-04-11,"[0.6, 0.0, 0.0]","[9.3, 15.0, 13.6]",2026-08-14 06:28:39.612494
HUB16-HUB18,2024-11-12,2024-11-13,"[0.0, 0.2]","[21.9, 27.2]",2026-08-14 06:28:39.612631
HUB14-HUB17,2023-08-05,2023-08-06,"[1.2, 22.6]","[9.4, 20.9]",2026-08-14 06:28:39.612760
HUB08-HUB09,2025-08-28,2025-08-29,"[0.2, 0.2]","[13.2, 17.8]",2026-08-14 06:28:39.612884
HUB17-HUB02,2024-05-17,2024-05-20,"[0.4, 0.4, 0.0, 0.5]","[16.4, 17.5, 27.5, 10.7]",2026-08-14 06:28:39.613029
HUB16-HUB11,2025-10-18,2025-10-20,"[0.0, 0.6, None]","[25.1, 6.8, 18.0]",2026-08-14 06:28:39.613194
HUB04-HUB11,2024-06-26,2024-06-29,"[28.2, 1.2, 26.4, 1.3]","[7.1, 18.2, 0.8, 7.5]",2026-08-14 06:28:39.613353
HUB10-HUB07,2024-07-15,2024-07-19,"[0.0, 2.8, 0.6, 0.2, 0.7]","[14.1, 15.4, 15.4, 12.7, 18.2]",2026-08-14 06:28:39.613514
HUB12-HUB05,2024-11-05,2024-11-09,"[0.5, 0.3, 0.0, None, 0.0]","[15.5, 9.4, 13.1, 11.2, 16.5]",2026-08-14 06:28:39.613739
HUB13-HUB02,2024-01-17,2024-01-19,"[0.3, 1.3, 0.9]","[10.8, 17.6, 11.9]",2026-08-14 06:28:39.613912
HUB10-HUB09,2025-10-05,2025-10-08,"[0.0, 1.0, 5.8, 0.2]","[19.5, 10.8, 14.6, 9.0]",2026-08-14 06:28:39.614182
HUB05-HUB08,2025-05-03,2025-05-04,"[0.9, 0.0]","[9.2, 19.7]",2026-08-14 06:28:39.614384
HUB05-HUB10,2025-01-03,2025-01-06,"[2.9, 0.0, 0.7, 0.4]","[16.8, 18.0, 21.7, 16.4]",2026-08-14 06:28:39.614581
HUB04-HUB09,2023-04-18,2023-04-21,"[0.0, 0.0, 0.8, 0.0]","[16.7, 21.6, 15.6, 6.9]",2026-08-14 06:28:39.614746
HUB09-HUB18,2025-10-08,2025-10-10,"[0.0, 0.3, 0.1]","[19.0, 17.2, 26.3]",2026-08-14 06:28:39.614885
HUB11-HUB18,2025-07-06,2025-07-09,"[11.3, 0.0, 11.5, 0.0]","[11.6, 19.2, 12.4, 29.3]",2026-08-14 06:28:39.615032
HUB18-HUB17,2023-09-25,2023-09-27,"[0.1, 0.0, 26.5]","[9.8, 24.5, 17.7]",2026-08-14 06:28:39.615225
HUB03-HUB17,2025-03-09,2025-03-12,"[0.0, 5.0, 0.9, 0.5]","[2.8, 38.2, 23.1, 17.6]",2026-08-14 06:28:39.615406
HUB09-HUB17,2025-06-19,2025-06-21,"[0.0, 0.0, 14.9]","[15.6, 3.5, 16.3]",2026-08-14 06:28:39.615547
HUB12-HUB01,2023-06-28,2023-06-30,"[0.3, 1.4, 39.5]","[16.1, 18.6, 0.5]",2026-08-14 06:28:39.615720
HUB08-HUB17,2025-01-21,2025-01-24,"[0.0, 1.3, 0.6, 0.0]","[5.0, 1.6, 8.3, 15.0]",2026-08-14 06:28:39.615921
HUB01-HUB05,2023-05-10,2023-05-13,"[0.4, 0.1, 1.2, 0.1]","[14.0, 11.2, 14.6, 13.3]",2026-08-14 06:28:39.616080
HUB13-HUB05,2025-05-22,2025-05-26,"[0.0, 0.0, 0.6, 0.4, 0.0]","[18.1, 16.5, 13.7, 13.6, 13.5]",2026-08-14 06:28:39.616345
HUB04-HUB11,2024-05-27,2024-05-30,"[15.4, 0.6, 19.3, 0.8]","[7.7, 34.4, 9.9, 23.8]",2026-08-14 06:28:39.616516
HUB14-HUB10,2025-11-30,2025-12-03,"[0.0, 0.0, 0.0, 0.0]","[42.9, 13.6, 39.1, 35.6]",2026-08-14 06:28:39.616679
HUB05-HUB13,2024-11-09,2024-11-13,"[0.9, 0.0, 0.2, 1.4, 2.1]","[22.8, 26.8, 19.3, 17.3, 15.1]",2026-08-14 06:28:39.616834
HUB13-HUB16,2025-07-04,2025-07-07,"[15.8, 9.8, 8.7, 0.8]","[15.6, 14.1, 13.3, 12.8]",2026-08-14 06:28:39.616977
HUB04-HUB09,2024-02-09,2024-02-12,"[0.0, 0.0, 2.6, 0.7]","[11.1, 6.3, 7.8, 14.3]",2026-08-14 06:28:39.617120
HUB12-HUB15,2024-01-21,2024-01-24,"[0.3, 0.3, 0.0, 0.3]","[16.1, 10.4, 8.8, 11.6]",2026-08-14 06:28:39.617307
HUB03-HUB13,2024-02-29,2024-03-02,"[0.1, 1.2, 0.2]","[6.7, 7.8, 11.0]",2026-08-14 06:28:39.617440
HUB06-HUB13,2024-06-12,2024-06-16,"[10.4, 0.5, None, 0.9, 15.8]","[15.3, 14.1, 13.2, 15.6, 18.3]",2026-08-14 06:28:39.617634
HUB14-HUB13,2024-11-02,2024-11-03,"[0.2, 1.8]","[12.5, 14.9]",2026-08-14 06:28:39.617810
HUB05-HUB09,2025-12-05,2025-12-06,"[0.0, 0.7]","[16.0, 21.5]",2026-08-14 06:28:39.617942
HUB08-HUB13,2025-11-01,2025-11-05,"[0.0, 0.5, 0.2, 0.0, 6.9]","[15.6, 14.0, 21.4, 18.3, 5.6]",2026-08-14 06:28:39.618185
HUB08-HUB11,2024-11-22,2024-11-25,"[0.0, 0.6, 0.7, 0.4]","[29.8, 10.1, 19.0, 13.9]",2026-08-14 06:28:39.618350
HUB05-HUB08,2023-06-14,2023-06-15,"[1.1, 0.5]","[12.1, 17.2]",2026-08-14 06:28:39.618475
HUB11-HUB13,2025-07-09,2025-07-10,"[6.7, 12.3]","[20.0, 18.9]",2026-08-14 06:28:39.618608
HUB06-HUB01,2023-01-09,2023-01-12,"[0.4, 0.0, 2.2, 1.1]","[16.3, 18.3, 12.2, 10.3]",2026-08-14 06:28:39.618756
HUB10-HUB16,2025-02-26,2025-03-01,"[0.8, 0.5, 0.0, 0.0]","[12.6, 17.7, 18.2, 9.2]",2026-08-14 06:28:39.618897
HUB15-HUB04,2024-12-27,2024-12-30,"[1.3, 0.0, 0.2, 1.6]","[19.7, 26.9, 20.0, 19.6]",2026-08-14 06:28:39.619039
HUB14-HUB15,2023-08-06,2023-08-08,"[12.1, 28.3, 9.3]","[2.8, 9.6, 21.4]",2026-08-14 06:28:39.619199
HUB05-HUB07,2025-03-16,2025-03-17,"[0.8, 0.0]","[10.6, 12.7]",2026-08-14 06:28:39.619338
HUB13-HUB14,2024-06-06,2024-06-07,"[0.0, 9.0]","[14.6, 19.0]",2026-08-14 06:28:39.619462
HUB14-HUB09,2025-03-10,2025-03-12,"[0.3, 0.1, 5.3]","[15.4, 16.8, 12.4]",2026-08-14 06:28:39.619608
HUB11-HUB13,2023-04-08,2023-04-09,"[0.4, 0.5]","[10.2, 13.4]",2026-08-14 06:28:39.619737
HUB14-HUB02,2025-11-12,2025-11-13,"[0.0, 0.4]","[13.5, 17.1]",2026-08-14 06:28:39.619857
HUB08-HUB14,2024-02-19,2024-02-21,"[0.2, 2.2, 0.0]","[14.1, 9.9, 14.9]",2026-08-14 06:28:39.619989
HUB02-HUB13,2025-05-02,2025-05-04,"[6.0, 0.6, 3.1]","[17.1, 15.1, 20.3]",2026-08-14 06:28:39.620146
HUB11-HUB17,2023-02-07,2023-02-09,"[0.0, 0.3, 0.3]","[0.2, 15.0, 11.2]",2026-08-14 06:28:39.620294
HUB17-HUB03,2025-01-19,2025-01-22,"[0.4, None, 0.0, 0.0]","[17.6, 8.4, 13.7, 14.7]",2026-08-14 06:28:39.620435
HUB09-HUB16,2024-09-05,2024-09-07,"[11.0, 1.5, 30.2]","[14.4, 16.1, 14.7]",2026-08-14 06:28:39.620577
HUB11-HUB06,2025-06-21,2025-06-25,"[0.0, 0.0, 15.0, 0.0, 1.2]","[14.5, 10.9, 11.8, 14.6, 14.5]",2026-08-14 06:28:39.620742
HUB13-HUB18,2024-08-23,2024-08-25,"[0.5, 4.5, 16.6]","[14.0, 16.1, 9.7]",2026-08-14 06:28:39.620878
HUB16-HUB06,2025-08-29,2025-08-31,"[0.0, 3.4, 0.0]","[17.7, 17.8, 13.2]",2026-08-14 06:28:39.621013
HUB09-HUB12,2025-02-02,2025-02-05,"[0.7, 0.9, 1.3, 0.3]","[9.3, 14.5, 8.5, 20.5]",2026-08-14 06:28:39.621192
HUB06-HUB11,2025-11-21,2025-11-24,"[0.1, 1.4, 0.2, 0.9]","[22.3, 21.3, 15.4, 17.4]",2026-08-14 06:28:39.621349
HUB12-HUB10,2024-04-30,2024-05-03,"[0.9, 0.6, 0.7, 0.0]","[6.6, 22.9, 13.6, 10.5]",2026-08-14 06:28:39.621497
HUB13-HUB14,2025-11-21,2025-11-22,"[0.4, 0.4]","[10.1, 15.9]",2026-08-14 06:28:39.621632
HUB13-HUB02,2024-11-13,2024-11-15,"[0.8, 0.4, 0.2]","[20.9, 22.2, 14.8]",2026-08-14 06:28:39.621771
HUB11-HUB06,2025-01-04,2025-01-08,"[2.7, 0.4, 0.0, 0.0, 0.3]","[11.1, 16.2, 18.3, 9.9, 12.7]",2026-08-14 06:28:39.621929
HUB18-HUB13,2024-02-08,2024-02-10,"[0.0, 0.4, 0.9]","[8.0, 16.5, 11.1]",2026-08-14 06:28:39.622107
HUB05-HUB16,2024-08-27,2024-08-29,"[25.8, 10.6, 1.0]","[12.8, 9.3, 11.7]",2026-08-14 06:28:39.622290
HUB06-HUB11,2025-02-02,2025-02-06,"[0.0, 0.0, 1.6, 0.7, 0.0]","[15.3, 11.5, 11.7, 26.6, 36.6]",2026-08-14 06:28:39.622450
HUB16-HUB07,2023-07-13,2023-07-15,"[0.0, 11.8, 0.0]","[16.6, 11.8, 14.5]",2026-08-14 06:28:39.622598
HUB04-HUB12,2025-07-21,2025-07-25,"[11.1, 14.5, 17.9, 38.0, 25.0]","[13.3, 15.2, 21.0, 10.4, 13.9]",2026-08-14 06:28:39.622756
HUB15-HUB18,2023-11-23,2023-11-25,"[1.2, 0.0, 0.5]","[13.2, 17.0, 22.5]",2026-08-14 06:28:39.622891
HUB05-HUB12,2025-08-22,2025-08-27,"[0.4, 12.8, 0.0, 3.9, 69.3, 20.1]","[9.0, 20.6, 20.6, 4.2, 19.7, 1.0]",2026-08-14 06:28:39.623099
HUB13-HUB03,2023-08-10,2023-08-13,"[0.2, 0.9, 0.6, 0.8]","[8.9, 18.8, 16.0, 5.9]",2026-08-14 06:28:39.623345
HUB16-HUB03,2025-04-07,2025-04-08,"[0.3, 0.2]","[13.7, 13.3]",2026-08-14 06:28:39.623518
HUB16-HUB07,2024-11-01,2024-11-03,"[0.0, 0.6, 1.0]","[16.6, 15.6, 11.7]",2026-08-14 06:28:39.623676
HUB11-HUB18,2023-06-09,2023-06-12,"[1.3, 0.4, 0.8, 0.8]","[6.6, 7.6, 3.4, 20.9]",2026-08-14 06:28:39.623825
HUB04-HUB11,2025-07-12,2025-07-15,"[None, 0.6, 62.7, 0.8]","[17.2, 3.4, 2.1, 4.7]",2026-08-14 06:28:39.624011
HUB07-HUB14,2023-08-01,2023-08-05,"[0.1, 0.0, 0.1, 7.2, 45.6]","[9.5, 5.7, 13.3, 13.0, 11.1]",2026-08-14 06:28:39.624238
HUB13-HUB10,2024-03-12,2024-03-16,"[0.4, 0.3, 0.0, 0.9, 0.5]","[27.0, 17.0, 23.4, 18.4, 12.9]",2026-08-14 06:28:39.624410
HUB12-HUB04,2023-01-29,2023-02-02,"[0.0, 0.5, 0.2, 0.0, 0.0]","[22.7, 5.3, 0.2, 25.8, 12.2]",2026-08-14 06:28:39.624581
HUB06-HUB07,2023-03-31,2023-04-01,"[0.0, 1.9]","[12.7, 15.9]",2026-08-14 06:28:39.624717
HUB11-HUB01,2024-08-29,2024-09-01,"[0.7, 0.0, 0.0, 1.3]","[15.1, 8.5, 15.0, 10.7]",2026-08-14 06:28:39.624865
HUB17-HUB04,2023-04-16,2023-04-19,"[0.0, 0.8, 0.0, 0.7]","[0.9, 12.4, 12.1, 12.6]",2026-08-14 06:28:39.625017
HUB02-HUB13,2024-07-21,2024-07-23,"[8.9, 0.5, 0.6]","[18.9, 20.3, 2.3]",2026-08-14 06:28:39.625189
HUB11-HUB10,2025-10-06,2025-10-09,"[0.0, 1.4, 0.7, 0.4]","[22.2, 34.3, 16.5, 37.6]",2026-08-14 06:28:39.625346
HUB10-HUB18,2023-08-05,2023-08-09,"[0.0, 43.1, 0.5, 0.0, 0.1]","[8.9, 6.9, 17.7, 9.0, 12.1]",2026-08-14 06:28:39.625504
HUB16-HUB02,2023-04-10,2023-04-12,"[0.0, 0.5, 0.6]","[16.3, 22.9, 19.6]",2026-08-14 06:28:39.625657
HUB05-HUB02,2023-03-20,2023-03-22,"[0.0, 0.0, 0.8]","[6.1, 17.9, 9.2]",2026-08-14 06:28:39.625795
HUB04-HUB08,2023-08-20,2023-08-22,"[0.2, 0.0, 0.0]","[11.2, 12.3, 7.5]",2026-08-14 06:28:39.625933
HUB08-HUB16,2024-09-11,2024-09-12,"[0.5, 0.9]","[12.7, 14.7]",2026-08-14 06:28:39.626094
HUB06-HUB02,2024-04-02,2024-04-05,"[0.6, 0.0, 0.0, 0.4]","[10.1, 10.7, 11.2, 7.6]",2026-08-14 06:28:39.626286
HUB16-HUB10,2025-06-22,2025-06-25,"[0.4, None, 1.7, 0.0]","[5.2, 22.9, 24.3, 8.2]",2026-08-14 06:28:39.626437
HUB14-HUB08,2024-02-10,2024-02-13,"[0.7, 0.9, 0.1, 0.2]","[10.6, 15.0, 9.2, 14.7]",2026-08-14 06:28:39.626597
HUB08-HUB15,2025-05-19,2025-05-21,"[15.7, 0.3, 0.6]","[19.7, 8.7, 12.0]",2026-08-14 06:28:39.626742
HUB07-HUB18,2025-12-02,2025-12-05,"[0.9, 0.3, 0.1, 1.0]","[23.9, 15.3, 25.4, 17.6]",2026-08-14 06:28:39.626888
HUB01-HUB10,2025-09-09,2025-09-12,"[0.9, 0.0, 0.0, 0.0]","[12.2, 24.1, 17.3, 19.0]",2026-08-14 06:28:39.627033
HUB02-HUB09,2025-03-04,2025-03-06,"[1.3, 0.7, 0.7]","[11.6, 16.8, 13.4]",2026-08-14 06:28:39.627198
HUB11-HUB05,2023-08-04,2023-08-08,"[7.6, 7.9, 0.5, 0.0, 9.7]","[17.2, 19.0, 14.4, 6.5, 13.2]",2026-08-14 06:28:39.627363
HUB12-HUB11,2023-08-20,2023-08-21,"[0.0, 0.9]","[10.3, 12.3]",2026-08-14 06:28:39.627486
HUB15-HUB03,2025-06-26,2025-06-28,"[0.0, 0.7, 0.2]","[14.1, 8.0, 20.2]",2026-08-14 06:28:39.627630
HUB02-HUB10,2023-02-15,2023-02-18,"[0.0, 0.3, 0.2, 0.0]","[26.2, 10.3, 14.1, 14.9]",2026-08-14 06:28:39.627781
HUB03-HUB02,2025-03-14,2025-03-15,"[0.2, 0.8]","[19.8, 14.4]",2026-08-14 06:28:39.627905
HUB11-HUB04,2023-12-17,2023-12-20,"[0.1, 0.5, 0.4, 1.1]","[12.6, 16.6, 17.5, 13.9]",2026-08-14 06:28:39.628049
HUB02-HUB04,2024-01-05,2024-01-07,"[11.2, 0.2, 0.3]","[18.7, 9.1, 5.1]",2026-08-14 06:28:39.628212
HUB16-HUB02,2025-07-10,2025-07-12,"[18.8, 13.5, 20.2]","[22.2, 7.8, 3.4]",2026-08-14 06:28:39.628357
HUB08-HUB02,2025-04-07,2025-04-09,"[0.6, 0.0, 0.6]","[12.5, 17.6, 14.0]",2026-08-14 06:28:39.628495
HUB11-HUB07,2024-10-26,2024-10-31,"[0.7, 0.3, 0.5, 0.0, 0.4, 0.3]","[19.2, 17.1, 16.7, 9.8, 17.9, 9.6]",2026-08-14 06:28:39.628671
HUB15-HUB06,2025-11-05,2025-11-07,"[0.9, 0.2, 0.1]","[15.8, 14.3, 15.9]",2026-08-14 06:28:39.628809
HUB10-HUB11,2025-08-25,2025-08-28,"[23.7, 0.5, 1.6, 0.1]","[0.6, 9.5, 6.5, 15.4]",2026-08-14 06:28:39.628955
HUB02-HUB08,2025-12-16,2025-12-18,"[1.0, 0.0, 0.0]","[13.8, 15.2, 11.7]",2026-08-14 06:28:39.629089
HUB05-HUB13,2025-11-11,2025-11-15,"[0.6, 0.6, 0.2, 1.1, 0.3]","[21.3, 19.8, 5.4, 25.9, 19.0]",2026-08-14 06:28:39.629276
HUB07-HUB13,2023-04-16,2023-04-21,"[0.2, 0.1, 0.0, 0.7, 0.2, None]","[5.3, 12.6, 9.6, 15.7, 15.2, 21.5]",2026-08-14 06:28:39.629450
HUB03-HUB12,2024-05-21,2024-05-24,"[0.6, 0.7, 0.7, 0.1]","[33.3, 12.0, 17.6, 34.5]",2026-08-14 06:28:39.629613
HUB10-HUB17,2024-11-24,2024-11-26,"[0.8, 0.0, 0.6]","[23.1, 21.7, 10.5]",2026-08-14 06:28:39.629754
HUB01-HUB10,2023-01-16,2023-01-19,"[0.8, 0.0, 1.3, 0.0]","[2.1, 21.0, 25.5, 12.4]",2026-08-14 06:28:39.629901
HUB03-HUB10,2023-12-11,2023-12-14,"[0.2, 0.0, 0.9, 0.0]","[28.4, 16.9, 42.7, 23.3]",2026-08-14 06:28:39.630045
HUB15-HUB07,2024-08-26,2024-08-28,"[1.9, 0.6, 0.9]","[10.1, 15.7, 13.1]",2026-08-14 06:28:39.630256
HUB03-HUB10,2024-07-06,2024-07-09,"[51.9, 0.0, 4.9, 4.8]","[12.2, 23.2, 19.5, 14.1]",2026-08-14 06:28:39.630409
HUB01-HUB05,2025-05-26,2025-05-28,"[0.5, 0.0, 0.2]","[16.0, 18.9, 10.9]",2026-08-14 06:28:39.630553
HUB09-HUB18,2025-04-21,2025-04-23,"[0.4, 0.2, 0.6]","[16.8, 18.9, 2.3]",2026-08-14 06:28:39.630704
HUB16-HUB14,2025-07-09,2025-07-11,"[1.3, 0.7, 1.3]","[22.7, 15.8, 4.3]",2026-08-14 06:28:39.630839
HUB05-HUB08,2025-01-27,2025-01-28,"[0.0, 0.0]","[20.1, 11.9]",2026-08-14 06:28:39.630963
HUB08-HUB17,2023-04-08,2023-04-11,"[0.0, 0.0, 0.9, 0.0]","[22.0, 12.6, 27.0, 9.2]",2026-08-14 06:28:39.631112
HUB14-HUB16,2024-10-24,2024-10-26,"[1.2, 5.8, 0.4]","[14.4, 19.5, 11.8]",2026-08-14 06:28:39.631292
HUB17-HUB12,2024-03-30,2024-04-01,"[0.4, 1.6, 0.3]","[21.5, 16.5, 29.2]",2026-08-14 06:28:39.631434
HUB06-HUB13,2025-07-02,2025-07-06,"[0.2, 1.0, 0.2, 5.7, 43.3]","[17.3, 15.8, 10.6, 16.7, 13.7]",2026-08-14 06:28:39.631605
HUB03-HUB02,2023-09-09,2023-09-11,"[0.8, 0.8, 0.7]","[20.2, 18.6, 5.7]",2026-08-14 06:28:39.631747
HUB05-HUB02,2023-12-01,2023-12-04,"[0.0, 1.1, 0.4, 0.3]","[15.3, 15.0, 17.6, 9.8]",2026-08-14 06:28:39.631892
HUB15-HUB01,2023-09-29,2023-10-01,"[1.0, 0.3, 1.1]","[15.8, 13.4, 8.9]",2026-08-14 06:28:39.632027
HUB07-HUB03,2025-02-05,2025-02-07,"[0.0, 0.5, 1.1]","[13.4, 20.8, 21.6]",2026-08-14 06:28:39.632219
HUB16-HUB11,2023-05-27,2023-05-29,"[0.0, 16.4, 31.3]","[12.9, 32.4, 34.8]",2026-08-14 06:28:39.632450
HUB09-HUB02,2023-12-08,2023-12-11,"[3.6, 0.0, 0.3, 13.2]","[11.4, 13.1, 27.5, 31.7]",2026-08-14 06:28:39.632644
HUB08-HUB12,2023-05-27,2023-05-31,"[8.7, 33.7, 0.6, 13.0, 0.5]","[14.0, 26.9, 9.2, 18.5, 13.9]",2026-08-14 06:28:39.632818
HUB14-HUB02,2024-06-09,2024-06-10,"[13.6, 0.7]","[8.9, 20.8]",2026-08-14 06:28:39.632946
HUB18-HUB13,2023-07-27,2023-07-29,"[5.6, 44.1, 0.0]","[18.5, 9.2, 19.0]",2026-08-14 06:28:39.633085
HUB14-HUB02,2024-01-03,2024-01-04,"[10.7, 0.8]","[10.4, 10.8]",2026-08-14 06:28:39.633258
HUB04-HUB09,2023-08-16,2023-08-19,"[0.0, None, 10.1, 39.6]","[9.1, 10.3, 13.2, 21.1]",2026-08-14 06:28:39.633414
HUB06-HUB08,2023-07-28,2023-07-29,"[0.0, 0.9]","[13.0, 13.6]",2026-08-14 06:28:39.633540
HUB03-HUB10,2025-03-27,2025-03-31,"[0.9, 1.2, 1.8, 0.0, 1.2]","[26.5, 16.5, 15.6, 23.1, 27.1]",2026-08-14 06:28:39.633708
HUB11-HUB01,2025-07-23,2025-07-26,"[0.7, 0.9, 0.4, 6.6]","[14.3, 8.1, 9.2, 14.9]",2026-08-14 06:28:39.633856
HUB18-HUB06,2024-12-28,2024-12-30,"[0.0, None, 0.1]","[12.7, 19.7, 19.9]",2026-08-14 06:28:39.633993
HUB06-HUB08,2023-10-24,2023-10-25,"[0.5, 0.2]","[11.5, 18.5]",2026-08-14 06:28:39.634189
HUB05-HUB12,2025-02-20,2025-02-25,"[0.6, 1.5, 0.6, 0.0, 0.0, 0.3]","[20.5, 14.0, 14.0, 15.8, 13.3, 23.6]",2026-08-14 06:28:39.634368
HUB17-HUB05,2024-04-02,2024-04-06,"[0.6, None, 0.0, 1.4, 0.0]","[7.6, 11.2, 17.9, 16.0, 18.3]",2026-08-14 06:28:39.634529
HUB01-HUB09,2023-12-20,2023-12-22,"[0.5, 0.4, 0.0]","[14.0, 16.3, 13.1]",2026-08-14 06:28:39.634682
HUB04-HUB10,2025-03-19,2025-03-23,"[0.3, 0.0, 0.0, 1.8, 0.5]","[0.2, 2.4, 18.9, 21.4, 19.6]",2026-08-14 06:28:39.634840
HUB08-HUB07,2025-01-03,2025-01-04,"[0.6, 0.0]","[15.9, 10.5]",2026-08-14 06:28:39.634964
HUB17-HUB01,2023-04-21,2023-04-24,"[0.0, 6.9, 0.8, 0.0]","[12.9, 13.9, 14.3, 16.8]",2026-08-14 06:28:39.635116
HUB18-HUB05,2024-02-09,2024-02-11,"[0.0, 0.7, 0.6]","[16.4, 13.3, 13.3]",2026-08-14 06:28:39.635286
HUB17-HUB08,2025-03-26,2025-03-29,"[0.0, 0.2, 0.6, 0.4]","[13.2, 14.3, 21.0, 13.9]",2026-08-14 06:28:39.635435
HUB16-HUB12,2024-02-02,2024-02-05,"[1.1, 0.0, 0.4, 0.0]","[26.2, 17.9, 12.5, 25.2]",2026-08-14 06:28:39.635594
HUB01-HUB02,2025-07-21,2025-07-22,"[0.0, 86.0]","[15.7, 13.2]",2026-08-14 06:28:39.635726
HUB02-HUB09,2024-09-21,2024-09-23,"[0.0, 0.0, 0.5]","[18.7, 14.5, 10.3]",2026-08-14 06:28:39.635861
HUB17-HUB07,2024-07-24,2024-07-27,"[0.0, 0.4, 0.7, 0.3]","[17.7, 18.2, 17.0, 13.1]",2026-08-14 06:28:39.636006
HUB07-HUB04,2024-12-05,2024-12-07,"[0.2, 1.0, 0.0]","[22.9, 6.6, 23.0]",2026-08-14 06:28:39.636168
HUB03-HUB13,2024-02-17,2024-02-20,"[0.0, 0.0, 1.0, 0.9]","[21.5, 16.4, 8.3, 15.4]",2026-08-14 06:28:39.636327
HUB10-HUB15,2025-10-24,2025-10-26,"[0.5, 0.3, 1.1]","[26.0, 16.2, 23.8]",2026-08-14 06:28:39.636463
HUB17-HUB11,2024-04-08,2024-04-10,"[1.2, 0.0, 0.3]","[9.1, 18.3, 14.9]",2026-08-14 06:28:39.636613
HUB15-HUB10,2023-01-10,2023-01-12,"[0.3, 16.3, 2.0]","[24.1, 14.9, 22.7]",2026-08-14 06:28:39.636755
HUB08-HUB10,2024-06-28,2024-07-01,"[6.6, 0.4, 0.1, 32.2]","[9.0, 28.4, 7.6, 22.2]",2026-08-14 06:28:39.636900
HUB04-HUB12,2023-04-07,2023-04-11,"[0.0, 0.0, 0.0, 0.8, 0.7]","[0.4, 23.3, 3.1, 2.5, 15.9]",2026-08-14 06:28:39.637057
HUB14-HUB16,2024-03-22,2024-03-24,"[None, 0.3, 0.8]","[16.5, 15.1, 12.3]",2026-08-14 06:28:39.637229
HUB02-HUB11,2023-01-18,2023-01-20,"[0.7, 0.5, 0.0]","[15.8, 14.6, 13.4]",2026-08-14 06:28:39.637372
HUB03-HUB16,2023-07-26,2023-07-27,"[0.4, 0.0]","[18.8, 14.7]",2026-08-14 06:28:39.637497
HUB14-HUB12,2023-05-13,2023-05-15,"[0.0, 14.2, 13.1]","[16.5, 28.3, 23.6]",2026-08-14 06:28:39.637645
HUB04-HUB09,2023-06-11,2023-06-14,"[0.1, 16.7, 0.0, 0.3]","[15.0, 19.0, 16.5, 14.7]",2026-08-14 06:28:39.637795
HUB01-HUB02,2024-01-15,2024-01-16,"[0.1, 0.0]","[10.4, 16.4]",2026-08-14 06:28:39.637922
HUB18-HUB04,2024-05-31,2024-06-01,"[0.4, 5.9]","[28.4, 6.7]",2026-08-14 06:28:39.638083
HUB10-HUB06,2024-02-06,2024-02-09,"[0.4, 0.4, 2.1, 0.0]","[12.6, 9.7, 15.2, 15.6]",2026-08-14 06:28:39.638271
HUB15-HUB10,2024-11-13,2024-11-16,"[0.6, 0.0, 1.0, 1.2]","[31.0, 5.4, 26.1, 39.5]",2026-08-14 06:28:39.638425
HUB13-HUB14,2023-06-03,2023-06-04,"[4.9, 9.9]","[8.5, 12.6]",2026-08-14 06:28:39.638553
HUB15-HUB10,2023-01-02,2023-01-05,"[1.4, 0.0, 1.4, 0.4]","[3.9, 11.9, 7.1, 21.6]",2026-08-14 06:28:39.638711
HUB13-HUB15,2023-06-07,2023-06-09,"[10.0, 15.8, 35.5]","[13.6, 6.5, 16.4]",2026-08-14 06:28:39.638848
HUB13-HUB16,2024-08-02,2024-08-05,"[37.9, 0.8, 0.8, 9.4]","[15.3, 14.3, 12.6, 10.1]",2026-08-14 06:28:39.638995
HUB10-HUB01,2024-10-28,2024-10-31,"[0.7, 0.5, 0.0, 0.7]","[12.9, 13.4, 11.7, 23.3]",2026-08-14 06:28:39.639166
HUB03-HUB11,2024-12-17,2024-12-20,"[0.2, 0.0, 0.0, 0.9]","[17.7, 18.0, 24.9, 36.6]",2026-08-14 06:28:39.639321
HUB15-HUB14,2024-02-01,2024-02-02,"[0.0, 0.3]","[11.7, 10.2]",2026-08-14 06:28:39.639447
HUB09-HUB18,2024-06-10,2024-06-12,"[36.1, 0.0, None]","[24.7, 13.8, 12.5]",2026-08-14 06:28:39.639594
HUB11-HUB05,2023-08-30,2023-09-03,"[0.9, 9.7, 0.2, 11.6, 1.4]","[10.3, 19.1, 19.4, 11.6, 14.1]",2026-08-14 06:28:39.639758
HUB06-HUB13,2024-02-04,2024-02-07,"[0.3, 0.0, 0.0, 0.0]","[20.8, 7.8, 14.6, 23.9]",2026-08-14 06:28:39.639907
HUB15-HUB16,2023-01-30,2023-01-31,"[0.0, 0.6]","[19.1, 16.3]",2026-08-14 06:28:39.640032
HUB14-HUB09,2025-06-25,2025-06-27,"[5.3, 13.0, 10.6]","[17.0, 14.9, 14.3]",2026-08-14 06:28:39.640193
HUB11-HUB07,2023-11-14,2023-11-19,"[1.1, 0.6, 0.0, 0.4, 0.3, 0.0]","[16.4, 21.6, 7.5, 13.8, 16.9, 13.2]",2026-08-14 06:28:39.640369
HUB04-HUB06,2025-11-04,2025-11-06,"[0.0, 1.0, 0.7]","[15.3, 17.4, 16.4]",2026-08-14 06:28:39.640504
HUB08-HUB06,2025-01-03,2025-01-04,"[0.7, 1.5]","[19.3, 15.8]",2026-08-14 06:28:39.640640
HUB05-HUB11,2024-08-30,2024-09-02,"[18.6, 9.0, 0.3, 0.9]","[3.9, 3.0, 12.9, 2.8]",2026-08-14 06:28:39.640788
HUB11-HUB06,2025-11-20,2025-11-24,"[0.0, 0.0, 0.7, 0.4, 0.9]","[16.9, 11.0, 13.6, 14.9, 12.0]",2026-08-14 06:28:39.641006
HUB02-HUB18,2024-10-28,2024-10-29,"[0.0, 0.2]","[22.3, 19.5]",2026-08-14 06:28:39.641292
HUB08-HUB13,2025-11-07,2025-11-11,"[0.8, 0.0, 0.5, 0.9, 1.1]","[22.7, 8.4, 14.7, 13.9, 7.3]",2026-08-14 06:28:39.641621
HUB18-HUB09,2025-06-18,2025-06-20,"[0.0, 14.7, 3.8]","[14.0, 10.5, 13.5]",2026-08-14 06:28:39.641886
HUB04-HUB13,2024-03-11,2024-03-13,"[0.7, 0.1, 0.0]","[13.0, 9.3, 24.9]",2026-08-14 06:28:39.642186
HUB09-HUB08,2023-02-28,2023-03-01,"[0.9, 0.6]","[17.8, 11.6]",2026-08-14 06:28:39.642385
HUB09-HUB11,2023-10-13,2023-10-16,"[0.4, 0.2, 0.0, 0.0]","[23.5, 33.1, 19.2, 26.0]",2026-08-14 06:28:39.642660
HUB16-HUB09,2025-06-15,2025-06-17,"[19.5, 21.7, 18.1]","[14.4, 10.8, 17.8]",2026-08-14 06:28:39.642881
HUB18-HUB16,2025-02-19,2025-02-20,"[0.7, 0.3]","[17.0, 20.3]",2026-08-14 06:28:39.643066
HUB16-HUB04,2023-11-16,2023-11-18,"[0.1, 0.5, 0.4]","[26.8, 21.2, 12.9]",2026-08-14 06:28:39.643339
HUB11-HUB06,2023-07-05,2023-07-09,"[9.3, 1.3, 0.0, 0.8, 13.5]","[19.4, 12.6, 12.7, 19.5, 10.8]",2026-08-14 06:28:39.643558
HUB08-HUB13,2024-11-29,2024-12-03,"[0.4, 0.0, 0.6, 0.5, 0.4]","[16.4, 19.1, 17.7, 20.6, 9.4]",2026-08-14 06:28:39.643750
HUB14-HUB12,2023-08-04,2023-08-06,"[8.5, 46.9, 35.0]","[9.5, 7.4, 19.8]",2026-08-14 06:28:39.643893
HUB01-HUB05,2023-01-19,2023-01-22,"[0.0, 0.3, 0.6, 0.8]","[17.5, 14.3, 16.6, 12.4]",2026-08-14 06:28:39.644042
HUB12-HUB08,2024-07-12,2024-07-16,"[47.4, 0.6, 0.0, 1.6, 0.0]","[10.0, 15.7, 12.3, 13.5, 12.5]",2026-08-14 06:28:39.644237
HUB06-HUB12,2023-07-16,2023-07-20,"[8.2, 24.5, 18.1, 0.3, 18.5]","[31.5, 25.8, 6.9, 19.9, 17.1]",2026-08-14 06:28:39.644403
HUB09-HUB11,2024-04-05,2024-04-08,"[1.1, 0.0, 1.4, 0.2]","[15.2, 8.7, 0.5, 35.3]",2026-08-14 06:28:39.644558
HUB12-HUB17,2023-10-20,2023-10-22,"[0.5, 0.3, 0.6]","[20.4, 22.4, 13.0]",2026-08-14 06:28:39.644708
HUB08-HUB03,2025-03-29,2025-03-31,"[0.6, 0.0, 0.4]","[17.8, 9.7, 25.8]",2026-08-14 06:28:39.644843
HUB06-HUB03,2023-09-23,2023-09-25,"[0.5, 0.0, 0.5]","[13.4, 21.4, 14.3]",2026-08-14 06:28:39.644978
HUB04-HUB17,2023-03-26,2023-03-29,"[0.1, 0.0, None, 0.4]","[10.4, 15.2, 1.5, 12.7]",2026-08-14 06:28:39.645125
HUB08-HUB13,2023-08-11,2023-08-15,"[36.1, 0.0, 19.6, 7.8, 0.0]","[15.8, 12.3, 16.5, 12.8, 13.0]",2026-08-14 06:28:39.645321
HUB01-HUB16,2025-07-17,2025-07-18,"[0.2, 6.2]","[17.2, 7.0]",2026-08-14 06:28:39.645450
HUB16-HUB06,2024-01-18,2024-01-20,"[0.5, 1.5, 0.3]","[15.0, 11.2, 14.8]",2026-08-14 06:28:39.645598
HUB16-HUB18,2023-09-17,2023-09-18,"[25.7, 0.2]","[5.9, 23.9]",2026-08-14 06:28:39.645730
HUB13-HUB08,2025-08-21,2025-08-25,"[5.1, 0.6, 0.4, 0.0, 8.0]","[16.9, 8.7, 15.7, 13.0, 16.3]",2026-08-14 06:28:39.645886
HUB05-HUB14,2025-01-07,2025-01-10,"[0.1, 0.1, 0.2, 0.0]","[10.8, 9.7, 12.5, 13.8]",2026-08-14 06:28:39.646033
HUB14-HUB08,2024-06-03,2024-06-06,"[0.0, 0.6, 0.4, 0.7]","[15.1, 11.8, 10.5, 5.7]",2026-08-14 06:28:39.646258
HUB11-HUB13,2024-11-09,2024-11-10,"[0.2, 0.1]","[18.6, 20.9]",2026-08-14 06:28:39.646389
HUB05-HUB17,2023-10-07,2023-10-11,"[0.0, 0.1, 19.7, 5.5, 0.0]","[18.1, 23.5, 29.2, 25.8, 37.0]",2026-08-14 06:28:39.646546
HUB09-HUB01,2023-06-13,2023-06-15,"[17.9, 0.3, 0.3]","[17.3, 17.8, 17.3]",2026-08-14 06:28:39.646698
HUB02-HUB17,2024-08-16,2024-08-19,"[0.9, 0.3, 1.0, 5.8]","[23.1, 9.1, 16.7, 15.6]",2026-08-14 06:28:39.646846
HUB02-HUB08,2024-03-02,2024-03-04,"[0.2, 0.0, 0.1]","[18.2, 16.7, 13.3]",2026-08-14 06:28:39.646982
HUB07-HUB10,2024-03-18,2024-03-22,"[0.6, 1.8, 2.5, 0.0, 0.0]","[26.3, 17.7, 7.6, 15.4, 25.3]",2026-08-14 06:28:39.647155
HUB01-HUB02,2024-10-12,2024-10-13,"[0.0, None]","[19.9, 18.0]",2026-08-14 06:28:39.647292
HUB16-HUB01,2024-03-30,2024-04-01,"[0.5, 0.0, 0.0]","[9.8, 25.5, 10.9]",2026-08-14 06:28:39.647436
HUB17-HUB07,2025-06-04,2025-06-07,"[0.4, 0.1, 0.5, 0.0]","[15.7, 10.9, 14.4, 18.2]",2026-08-14 06:28:39.647617
HUB06-HUB17,2025-06-03,2025-06-06,"[1.0, 0.4, 0.1, 0.0]","[27.2, 3.5, 7.6, 10.4]",2026-08-14 06:28:39.647773
HUB07-HUB11,2023-04-12,2023-04-16,"[0.0, 0.0, 1.0, 0.0, 1.9]","[14.5, 20.2, 8.3, 22.4, 19.7]",2026-08-14 06:28:39.647935
HUB14-HUB12,2024-03-01,2024-03-03,"[1.2, 0.0, 0.6]","[15.3, 22.8, 3.7]",2026-08-14 06:28:39.648072
HUB06-HUB02,2024-02-28,2024-03-02,"[0.0, 0.1, 0.9, 0.2]","[28.8, 11.9, 15.5, 9.9]",2026-08-14 06:28:39.648253
HUB15-HUB13,2024-01-06,2024-01-08,"[0.0, 0.0, 0.0]","[15.0, 15.0, 23.9]",2026-08-14 06:28:39.648391
HUB02-HUB11,2023-09-14,2023-09-16,"[1.4, 0.8, 15.4]","[8.8, 1.8, 20.3]",2026-08-14 06:28:39.648529
HUB10-HUB17,2024-08-15,2024-08-17,"[88.7, 0.8, 15.8]","[3.1, 12.8, 10.0]",2026-08-14 06:28:39.648677
HUB01-HUB12,2023-04-09,2023-04-12,"[0.6, 0.0, 0.8, 0.1]","[6.7, 10.6, 3.2, 5.1]",2026-08-14 06:28:39.648826
HUB14-HUB16,2025-06-09,2025-06-11,"[0.1, 0.0, 0.7]","[12.6, 11.7, 15.7]",2026-08-14 06:28:39.648958
HUB14-HUB18,2024-07-27,2024-07-29,"[0.0, 0.6, None]","[18.0, 21.5, 19.5]",2026-08-14 06:28:39.649093
HUB09-HUB17,2024-01-25,2024-01-27,"[0.6, 0.0, 0.3]","[12.4, 24.5, 24.2]",2026-08-14 06:28:39.649261
HUB16-HUB12,2024-11-09,2024-11-12,"[0.8, 0.0, 0.7, 0.0]","[0.8, 14.7, 15.1, 17.7]",2026-08-14 06:28:39.649411
HUB12-HUB17,2023-06-12,2023-06-14,"[1.0, 20.0, 0.3]","[0.4, 8.7, 20.6]",2026-08-14 06:28:39.649546
HUB05-HUB15,2025-10-19,2025-10-21,"[0.2, 0.0, 0.7]","[14.9, 23.1, 21.6]",2026-08-14 06:28:39.649699
HUB11-HUB03,2025-01-29,2025-02-01,"[0.0, 0.0, 0.1, 0.0]","[2.4, 17.7, 14.7, 4.0]",2026-08-14 06:28:39.649846
HUB09-HUB14,2025-03-25,2025-03-27,"[0.1, 0.3, 0.0]","[13.5, 19.6, 15.1]",2026-08-14 06:28:39.650029
HUB13-HUB10,2025-04-15,2025-04-19,"[0.4, 0.7, 0.0, 4.6, 0.9]","[13.5, 20.4, 15.0, 15.0, 24.7]",2026-08-14 06:28:39.650290
HUB12-HUB13,2024-10-11,2024-10-12,"[1.3, 0.0]","[17.0, 19.9]",2026-08-14 06:28:39.650425
HUB15-HUB11,2023-09-07,2023-09-09,"[15.9, 0.4, 0.3]","[17.2, 3.5, 8.3]",2026-08-14 06:28:39.650562
HUB04-HUB02,2024-01-28,2024-01-30,"[0.2, 0.7, 0.7]","[18.4, 16.9, 0.9]",2026-08-14 06:28:39.650717
HUB01-HUB12,2024-11-21,2024-11-23,"[0.8, 0.0, 0.5]","[15.7, 25.3, 16.9]",2026-08-14 06:28:39.650855
HUB07-HUB02,2025-01-14,2025-01-17,"[0.0, 0.1, 0.8, 1.0]","[15.0, 19.4, 13.6, 13.1]",2026-08-14 06:28:39.650999
HUB02-HUB15,2024-12-25,2024-12-26,"[0.1, 5.2]","[21.3, 21.0]",2026-08-14 06:28:39.651123
HUB09-HUB14,2024-11-13,2024-11-15,"[0.0, 0.0, 0.8]","[16.1, 13.5, 18.0]",2026-08-14 06:28:39.651308
HUB07-HUB17,2023-09-23,2023-09-26,"[None, 1.6, 1.2, 13.3]","[7.5, 11.5, 2.4, 20.1]",2026-08-14 06:28:39.651460
HUB12-HUB17,2024-11-22,2024-11-24,"[0.1, 0.0, 0.0]","[29.8, 42.3, 33.7]",2026-08-14 06:28:39.651611
HUB13-HUB16,2023-03-13,2023-03-15,"[0.8, 0.1, 0.0]","[9.7, 13.0, 15.8]",2026-08-14 06:28:39.651756
HUB18-HUB03,2025-10-11,2025-10-12,"[0.0, None]","[18.7, 17.7]",2026-08-14 06:28:39.651884
HUB01-HUB11,2024-07-08,2024-07-11,"[8.6, 36.1, 5.1, 30.7]","[14.6, 22.5, 11.6, 15.9]",2026-08-14 06:28:39.652028
HUB09-HUB01,2023-04-24,2023-04-26,"[0.5, 0.3, 0.4]","[15.2, 16.9, 15.9]",2026-08-14 06:28:39.652216
HUB15-HUB06,2023-10-30,2023-11-01,"[0.0, 1.0, 1.0]","[18.1, 15.8, 10.8]",2026-08-14 06:28:39.652367
HUB05-HUB16,2025-05-29,2025-05-31,"[0.6, 0.3, 2.2]","[14.0, 16.2, 11.9]",2026-08-14 06:28:39.652507
HUB16-HUB13,2025-09-21,2025-09-23,"[0.7, 15.5, 0.0]","[14.0, 14.8, 8.6]",2026-08-14 06:28:39.652653
HUB12-HUB05,2024-12-01,2024-12-06,"[0.0, 0.1, 1.0, 0.5, 0.0, 1.3]","[16.0, 13.3, 10.1, 8.1, 16.5, 11.5]",2026-08-14 06:28:39.652822
HUB09-HUB15,2024-08-13,2024-08-15,"[12.0, 9.8, 0.7]","[19.8, 7.1, 22.5]",2026-08-14 06:28:39.652962
HUB03-HUB10,2023-11-10,2023-11-13,"[0.0, 1.0, 0.0, 0.0]","[15.5, 31.6, 26.0, 19.5]",2026-08-14 06:28:39.653108
HUB11-HUB14,2024-06-29,2024-06-30,"[7.7, 14.4]","[22.0, 11.6]",2026-08-14 06:28:39.653265
HUB01-HUB18,2024-10-28,2024-10-29,"[0.0, 0.0]","[32.9, 18.8]",2026-08-14 06:28:39.653393
HUB06-HUB09,2025-12-25,2025-12-26,"[0.1, 0.0]","[15.0, 16.5]",2026-08-14 06:28:39.653518
HUB07-HUB14,2025-07-03,2025-07-07,"[1.6, 1.4, 4.3, 13.4, 8.1]","[5.0, 6.3, 19.0, 17.6, 16.1]",2026-08-14 06:28:39.653698
HUB02-HUB10,2024-04-08,2024-04-11,"[0.9, 0.1, 0.5, 1.3]","[23.7, 4.3, 28.7, 16.4]",2026-08-14 06:28:39.653850
HUB02-HUB03,2023-08-07,2023-08-08,"[0.4, 7.8]","[15.0, 21.7]",2026-08-14 06:28:39.653974
HUB16-HUB13,2023-08-14,2023-08-16,"[0.9, 0.2, 0.3]","[12.2, 13.2, 9.0]",2026-08-14 06:28:39.654187
HUB09-HUB17,2025-04-26,2025-04-28,"[0.0, 0.2, 0.7]","[21.2, 7.8, 5.0]",2026-08-14 06:28:39.654346
HUB02-HUB16,2023-02-23,2023-02-25,"[0.5, 0.0, 4.8]","[13.4, 18.2, 16.1]",2026-08-14 06:28:39.654484
HUB06-HUB04,2025-01-06,2025-01-08,"[0.0, 0.5, 0.6]","[27.2, 6.7, 26.5]",2026-08-14 06:28:39.654630
HUB11-HUB16,2025-11-10,2025-11-12,"[0.0, 0.9, 0.3]","[23.6, 16.5, 13.6]",2026-08-14 06:28:39.654769
HUB17-HUB15,2024-08-27,2024-08-29,"[0.0, 26.7, 0.6]","[16.0, 20.4, 19.0]",2026-08-14 06:28:39.654906
HUB09-HUB04,2023-05-31,2023-06-03,"[0.0, 3.7, 0.0, 1.0]","[11.2, 18.0, 23.3, 9.7]",2026-08-14 06:28:39.655052
HUB04-HUB01,2023-07-04,2023-07-05,"[11.0, 0.0]","[11.8, 14.1]",2026-08-14 06:28:39.655205
HUB09-HUB17,2023-12-28,2023-12-30,"[0.2, 0.2, 1.2]","[24.0, 20.1, 23.8]",2026-08-14 06:28:39.655348
HUB13-HUB05,2025-03-27,2025-03-31,"[0.0, 0.7, 0.0, 0.0, 0.0]","[15.6, 13.2, 10.7, 12.6, 11.9]",2026-08-14 06:28:39.655503
HUB03-HUB01,2025-01-02,2025-01-03,"[0.4, 0.9]","[9.0, 12.1]",2026-08-14 06:28:39.655637
HUB12-HUB02,2025-07-31,2025-08-02,"[0.0, 17.9, 3.3]","[20.7, 14.8, 10.6]",2026-08-14 06:28:39.655775
HUB07-HUB18,2023-04-08,2023-04-11,"[0.0, 0.3, 1.0, 0.0]","[12.6, 16.0, 14.5, 8.6]",2026-08-14 06:28:39.655925
HUB18-HUB11,2023-03-14,2023-03-17,"[0.3, 1.1, 0.3, 0.5]","[29.5, 11.1, 9.5, 13.2]",2026-08-14 06:28:39.656071
HUB08-HUB14,2023-09-30,2023-10-02,"[4.9, 10.3, 1.3]","[18.5, 25.8, 22.0]",2026-08-14 06:28:39.656241
HUB11-HUB14,2024-12-20,2024-12-21,"[0.7, 0.1]","[14.4, 10.6]",2026-08-14 06:28:39.656376
HUB13-HUB05,2024-08-29,2024-09-02,"[0.2, 0.0, 0.0, 0.6, 1.4]","[10.4, 20.7, 17.1, 14.5, 11.2]",2026-08-14 06:28:39.656532
HUB15-HUB13,2023-04-08,2023-04-10,"[0.7, 0.8, 1.8]","[17.3, 10.7, 17.6]",2026-08-14 06:28:39.656687
HUB01-HUB10,2024-06-07,2024-06-10,"[0.0, 1.2, 8.3, 0.0]","[14.1, 7.8, 1.1, 6.3]",2026-08-14 06:28:39.656835
HUB07-HUB06,2023-02-23,2023-02-24,"[0.3, 0.1]","[10.5, 13.9]",2026-08-14 06:28:39.656960
HUB01-HUB06,2025-10-14,2025-10-17,"[0.7, 0.0, 0.2, 0.1]","[12.8, 17.0, 14.8, 6.6]",2026-08-14 06:28:39.657105
HUB02-HUB18,2023-02-26,2023-02-27,"[4.2, 0.9]","[24.2, 16.3]",2026-08-14 06:28:39.657265
HUB09-HUB12,2023-07-27,2023-07-31,"[0.5, 13.2, 3.8, 1.1, 19.4]","[9.2, 9.3, 22.3, 10.4, 24.1]",2026-08-14 06:28:39.657425
HUB08-HUB01,2024-10-30,2024-11-01,"[0.7, 1.4, 1.4]","[18.2, 13.1, 11.2]",2026-08-14 06:28:39.657561
HUB13-HUB05,2025-02-11,2025-02-15,"[0.0, 0.0, 1.0, 1.1, 1.5]","[13.0, 21.1, 12.9, 11.1, 13.8]",2026-08-14 06:28:39.657729
HUB13-HUB06,2025-09-24,2025-09-28,"[0.0, 0.0, 1.3, 0.0, 0.6]","[10.7, 11.8, 15.1, 17.3, 15.6]",2026-08-14 06:28:39.657886
HUB17-HUB15,2025-03-23,2025-03-25,"[0.2, 1.0, 0.5]","[20.1, 21.7, 17.8]",2026-08-14 06:28:39.658021
HUB05-HUB02,2023-05-18,2023-05-21,"[44.7, 2.7, 0.9, 0.6]","[15.0, 12.4, 23.9, 23.8]",2026-08-14 06:28:39.658247
HUB10-HUB17,2023-01-06,2023-01-08,"[0.7, 0.4, 0.0]","[20.7, 13.5, 7.9]",2026-08-14 06:28:39.658396
HUB03-HUB07,2025-01-21,2025-01-23,"[0.1, 0.7, 0.0]","[15.1, 19.3, 21.8]",2026-08-14 06:28:39.658535
HUB08-HUB07,2023-11-19,2023-11-20,"[0.0, 1.0]","[14.6, 13.8]",2026-08-14 06:28:39.658673
HUB02-HUB18,2023-09-17,2023-09-18,"[0.4, 14.0]","[8.8, 14.6]",2026-08-14 06:28:39.658800
HUB17-HUB03,2023-08-15,2023-08-18,"[31.6, 16.6, 0.3, None]","[15.6, 15.9, 18.2, 19.4]",2026-08-14 06:28:39.658946
HUB10-HUB06,2024-05-20,2024-05-23,"[0.3, 2.6, 0.6, 0.0]","[10.4, 11.2, 14.5, 16.7]",2026-08-14 06:28:39.659095
HUB02-HUB10,2023-11-14,2023-11-17,"[0.0, 1.0, 0.0, 0.3]","[30.6, 24.1, 2.6, 31.7]",2026-08-14 06:28:39.659275
HUB07-HUB06,2024-05-05,2024-05-06,"[0.7, 1.0]","[15.1, 10.1]",2026-08-14 06:28:39.659405
HUB14-HUB11,2025-01-29,2025-01-31,"[0.0, 1.4, 0.3]","[12.8, 18.1, 4.2]",2026-08-14 06:28:39.659541
HUB14-HUB06,2024-06-01,2024-06-04,"[1.2, 1.4, 1.1, 0.5]","[14.6, 14.0, 7.0, 11.8]",2026-08-14 06:28:39.659698
HUB14-HUB04,2023-06-19,2023-06-22,"[0.9, 1.0, 5.2, 0.5]","[23.5, 12.2, 15.6, 11.4]",2026-08-14 06:28:39.659847
HUB12-HUB15,2023-09-22,2023-09-25,"[1.3, 0.4, 9.6, 18.8]","[6.6, 19.2, 13.2, 24.1]",2026-08-14 06:28:39.659992
HUB18-HUB16,2023-12-29,2023-12-30,"[0.0, 0.6]","[15.8, 12.3]",2026-08-14 06:28:39.660117
HUB17-HUB11,2025-06-29,2025-07-01,"[1.7, 0.5, 0.8]","[0.2, 3.0, 0.9]",2026-08-14 06:28:39.660289
HUB08-HUB14,2025-12-07,2025-12-09,"[0.6, 0.0, 0.2]","[12.3, 18.7, 18.8]",2026-08-14 06:28:39.660427
HUB18-HUB08,2023-06-24,2023-06-25,"[0.2, 16.4]","[12.7, 11.7]",2026-08-14 06:28:39.660552
HUB13-HUB01,2025-06-10,2025-06-12,"[0.1, 0.0, 12.2]","[23.8, 21.0, 18.6]",2026-08-14 06:28:39.660704
HUB01-HUB07,2023-05-16,2023-05-19,"[0.9, 0.0, 0.0, 0.0]","[15.9, 16.0, 11.7, 11.6]",2026-08-14 06:28:39.660852
HUB14-HUB07,2025-07-23,2025-07-27,"[0.4, 0.8, 0.0, 0.7, 8.1]","[13.6, 21.1, 12.8, 14.4, 18.8]",2026-08-14 06:28:39.661007
HUB05-HUB13,2025-01-26,2025-01-30,"[0.0, 0.8, 0.6, 0.9, 0.6]","[21.2, 17.0, 18.5, 11.8, 24.8]",2026-08-14 06:28:39.661197
HUB16-HUB13,2025-11-18,2025-11-21,"[0.0, 7.6, 0.0, 1.5]","[19.6, 14.9, 8.6, 28.3]",2026-08-14 06:28:39.661352
HUB05-HUB18,2024-03-01,2024-03-03,"[0.3, 0.5, 0.6]","[10.4, 13.0, 13.8]",2026-08-14 06:28:39.661488
HUB09-HUB02,2024-06-22,2024-06-25,"[0.4, 0.8, 0.4, 0.7]","[17.3, 14.3, 18.0, 13.3]",2026-08-14 06:28:39.661643
HUB16-HUB09,2025-12-06,2025-12-08,"[8.1, 0.0, 1.7]","[14.5, 16.8, 16.0]",2026-08-14 06:28:39.661783
HUB15-HUB07,2023-02-15,2023-02-17,"[1.2, 0.3, 0.0]","[17.2, 14.7, 11.0]",2026-08-14 06:28:39.661917
HUB03-HUB05,2024-10-07,2024-10-09,"[0.9, 0.8, None]","[9.0, 12.6, 8.3]",2026-08-14 06:28:39.662084
HUB18-HUB07,2024-05-31,2024-06-02,"[1.2, 0.0, 0.0]","[15.9, 14.6, 12.3]",2026-08-14 06:28:39.662271
HUB08-HUB01,2025-05-15,2025-05-17,"[0.0, 0.0, 0.1]","[15.6, 15.0, 28.1]",2026-08-14 06:28:39.662414
HUB10-HUB15,2025-03-24,2025-03-26,"[0.5, 0.0, 0.9]","[20.5, 22.0, 18.5]",2026-08-14 06:28:39.662550
HUB01-HUB04,2024-01-28,2024-01-29,"[0.7, 0.5]","[12.6, 12.3]",2026-08-14 06:28:39.662690
HUB01-HUB15,2023-11-27,2023-11-29,"[0.7, 0.0, 0.7]","[8.8, 27.5, 11.4]",2026-08-14 06:28:39.662824
HUB09-HUB12,2024-07-29,2024-08-01,"[0.0, 14.3, 43.5, 14.5]","[7.4, 26.2, 26.7, 24.0]",2026-08-14 06:28:39.662972
HUB07-HUB18,2023-06-12,2023-06-14,"[1.0, 0.0, 0.0]","[6.5, 12.8, 19.9]",2026-08-14 06:28:39.663110
HUB01-HUB03,2024-11-04,2024-11-05,"[0.0, None]","[21.8, 14.4]",2026-08-14 06:28:39.663272
HUB02-HUB16,2025-02-06,2025-02-08,"[0.0, 0.2, 0.7]","[14.3, 9.5, 13.6]",2026-08-14 06:28:39.663410
HUB14-HUB08,2024-01-30,2024-02-01,"[0.9, 0.9, 0.8]","[13.6, 14.7, 14.8]",2026-08-14 06:28:39.663544
HUB11-HUB03,2025-10-12,2025-10-15,"[1.1, 0.6, 0.9, 0.0]","[15.9, 23.8, 9.6, 30.5]",2026-08-14 06:28:39.663703
HUB10-HUB01,2025-04-07,2025-04-10,"[0.4, 0.0, 0.6, 0.0]","[11.3, 13.5, 7.6, 21.3]",2026-08-14 06:28:39.663849
HUB11-HUB02,2024-11-25,2024-11-27,"[0.3, 0.1, 0.0]","[6.4, 18.2, 20.9]",2026-08-14 06:28:39.663985
HUB18-HUB01,2025-04-28,2025-04-29,"[0.0, 1.2]","[10.0, 11.7]",2026-08-14 06:28:39.664113
HUB09-HUB11,2025-02-14,2025-02-17,"[0.0, 0.3, 0.5, 0.4]","[12.2, 9.1, 3.6, 11.7]",2026-08-14 06:28:39.664295
HUB18-HUB07,2024-09-12,2024-09-14,"[0.0, 1.1, 5.8]","[14.0, 19.6, 11.7]",2026-08-14 06:28:39.664436
HUB06-HUB09,2024-01-18,2024-01-19,"[1.3, 0.6]","[18.0, 9.1]",2026-08-14 06:28:39.664574
HUB15-HUB14,2023-10-26,2023-10-27,"[0.8, 0.7]","[14.5, 19.5]",2026-08-14 06:28:39.664708
HUB12-HUB13,2025-12-10,2025-12-11,"[0.1, 0.0]","[23.1, 17.4]",2026-08-14 06:28:39.664834
HUB06-HUB13,2024-10-11,2024-10-15,"[0.0, 0.5, 1.3, 0.0, 1.2]","[13.6, 24.5, 18.5, 15.2, 15.2]",2026-08-14 06:28:39.664990
HUB03-HUB09,2024-02-10,2024-02-12,"[0.0, 0.0, 0.3]","[14.0, 12.1, 16.2]",2026-08-14 06:28:39.665147
HUB03-HUB17,2024-08-08,2024-08-10,"[38.0, 26.5, 14.3]","[0.8, 14.8, 27.0]",2026-08-14 06:28:39.665301
HUB12-HUB02,2023-03-03,2023-03-06,"[1.1, 0.3, 0.4, 0.4]","[15.2, 20.3, 12.5, 16.3]",2026-08-14 06:28:39.665448
HUB03-HUB08,2024-09-16,2024-09-18,"[0.8, 0.9, 0.9]","[7.1, 14.2, 10.8]",2026-08-14 06:28:39.665597
HUB12-HUB15,2023-10-13,2023-10-16,"[0.0, 0.2, 0.3, 0.3]","[23.6, 15.2, 14.2, 18.0]",2026-08-14 06:28:39.665746
HUB13-HUB03,2023-10-31,2023-11-03,"[0.0, 1.0, 0.3, 0.3]","[13.9, 21.4, 27.7, 24.3]",2026-08-14 06:28:39.665893
HUB14-HUB17,2025-09-27,2025-09-28,"[16.4, 29.5]","[12.2, 4.7]",2026-08-14 06:28:39.666017
HUB03-HUB02,2025-03-02,2025-03-03,"[0.1, 0.9]","[12.7, 18.1]",2026-08-14 06:28:39.666209
HUB03-HUB10,2024-08-16,2024-08-20,"[0.7, 19.6, 0.0, 0.0, 33.4]","[18.6, 6.1, 3.9, 26.8, 7.6]",2026-08-14 06:28:39.666374
HUB06-HUB05,2023-05-30,2023-05-31,"[1.3, 0.0]","[19.8, 17.6]",2026-08-14 06:28:39.666503
HUB09-HUB14,2023-09-18,2023-09-20,"[None, 0.0, 0.0]","[16.0, 9.8, 10.8]",2026-08-14 06:28:39.666651
HUB02-HUB10,2024-07-24,2024-07-27,"[20.5, 0.6, 0.0, 0.1]","[25.1, 8.9, 25.7, 12.9]",2026-08-14 06:28:39.666802
HUB09-HUB14,2024-12-10,2024-12-12,"[0.0, 2.2, 0.0]","[20.2, 16.0, 23.7]",2026-08-14 06:28:39.666937
HUB01-HUB06,2024-12-08,2024-12-11,"[0.6, 0.0, 0.9, 0.0]","[15.0, 12.8, 18.1, 18.1]",2026-08-14 06:28:39.667080
HUB03-HUB15,2023-03-16,2023-03-18,"[0.2, 0.2, 1.5]","[14.8, 8.6, 18.8]",2026-08-14 06:28:39.667249
HUB08-HUB14,2025-08-29,2025-09-01,"[0.5, 14.0, 14.5, 0.3]","[7.6, 16.5, 10.2, 17.8]",2026-08-14 06:28:39.667403
HUB11-HUB15,2024-09-04,2024-09-06,"[27.2, 16.1, 0.0]","[9.9, 17.3, 12.4]",2026-08-14 06:28:39.667540
HUB08-HUB12,2023-01-11,2023-01-15,"[0.4, 0.2, 0.2, 0.0, 0.0]","[3.8, 23.2, 17.8, 16.9, 23.3]",2026-08-14 06:28:39.667708
HUB13-HUB15,2023-12-04,2023-12-06,"[0.0, 0.9, 0.2]","[20.2, 20.8, 19.6]",2026-08-14 06:28:39.667845
HUB04-HUB08,2023-07-11,2023-07-13,"[1.0, 7.0, 0.5]","[10.6, 11.6, 15.4]",2026-08-14 06:28:39.667981
HUB02-HUB12,2025-05-17,2025-05-19,"[1.0, 0.0, 0.2]","[21.5, 21.4, 29.9]",2026-08-14 06:28:39.668117
HUB17-HUB13,2024-09-09,2024-09-11,"[0.2, 0.5, 0.9]","[14.0, 5.4, 19.1]",2026-08-14 06:28:39.668287
HUB08-HUB14,2025-09-30,2025-10-03,"[0.6, 1.0, 0.1, 0.0]","[18.0, 18.8, 20.8, 14.1]",2026-08-14 06:28:39.668436
HUB11-HUB09,2024-05-29,2024-06-01,"[None, 0.0, 7.8, 0.3]","[16.5, 15.5, 9.3, 11.5]",2026-08-14 06:28:39.668603
HUB13-HUB06,2025-09-03,2025-09-06,"[15.9, 0.5, 0.0, 0.0]","[9.8, 19.3, 22.0, 17.2]",2026-08-14 06:28:39.668752
HUB06-HUB01,2025-01-04,2025-01-07,"[0.0, 0.0, 0.5, 0.9]","[21.8, 9.8, 7.2, 17.9]",2026-08-14 06:28:39.668897
HUB02-HUB03,2023-06-06,2023-06-07,"[5.2, 5.1]","[14.6, 16.2]",2026-08-14 06:28:39.669017
HUB16-HUB14,2023-06-15,2023-06-17,"[6.7, 0.0, 12.0]","[10.5, 12.1, 13.3]",2026-08-14 06:28:39.669184
HUB13-HUB01,2023-11-09,2023-11-11,"[0.1, 0.0, 0.8]","[23.3, 14.3, 14.3]",2026-08-14 06:28:39.669330
HUB10-HUB12,2023-04-03,2023-04-06,"[0.3, 0.6, 0.4, 0.4]","[27.6, 21.0, 16.9, 12.4]",2026-08-14 06:28:39.669480
HUB16-HUB13,2025-10-06,2025-10-09,"[0.8, 0.3, 0.8, 0.5]","[11.9, 14.3, 17.1, 14.7]",2026-08-14 06:28:39.669634
HUB09-HUB10,2023-06-06,2023-06-08,"[16.8, 10.7, 0.2]","[1.8, 0.5, 8.0]",2026-08-14 06:28:39.669780
HUB01-HUB11,2024-07-22,2024-07-24,"[25.1, 0.0, 0.0]","[9.5, 17.5, 10.1]",2026-08-14 06:28:39.669917
HUB14-HUB03,2023-04-22,2023-04-24,"[1.7, 1.1, 0.0]","[5.8, 5.7, 15.0]",2026-08-14 06:28:39.670087
HUB15-HUB06,2023-11-26,2023-11-28,"[0.5, None, 0.5]","[16.3, 14.8, 18.5]",2026-08-14 06:28:39.670263
HUB07-HUB10,2023-10-30,2023-11-03,"[0.0, 0.4, 0.0, 1.1, 0.3]","[20.0, 26.2, 13.6, 19.8, 33.2]",2026-08-14 06:28:39.670424
HUB04-HUB15,2025-05-16,2025-05-19,"[0.0, 0.7, 1.3, 22.6]","[21.1, 15.4, 6.5, 16.6]",2026-08-14 06:28:39.670586
HUB15-HUB05,2025-12-27,2025-12-29,"[0.0, 0.3, 1.3]","[19.1, 12.3, 12.0]",2026-08-14 06:28:39.670728
HUB02-HUB17,2025-05-02,2025-05-05,"[0.0, 0.0, 1.3, 0.0]","[29.3, 24.4, 16.2, 34.4]",2026-08-14 06:28:39.670874
HUB01-HUB18,2023-04-10,2023-04-11,"[0.0, 4.0]","[12.8, 27.4]",2026-08-14 06:28:39.670999
HUB16-HUB11,2024-04-27,2024-04-29,"[0.0, 0.2, 0.0]","[7.2, 13.2, 12.8]",2026-08-14 06:28:39.671164
HUB05-HUB09,2023-10-26,2023-10-27,"[0.0, 0.7]","[16.4, 11.0]",2026-08-14 06:28:39.671300
HUB15-HUB14,2024-07-16,2024-07-17,"[0.0, 7.5]","[22.0, 8.6]",2026-08-14 06:28:39.671424
HUB10-HUB15,2023-12-18,2023-12-20,"[1.3, 0.1, 0.6]","[18.1, 19.9, 18.0]",2026-08-14 06:28:39.671558
HUB17-HUB12,2023-07-25,2023-07-27,"[2.0, 40.3, 22.6]","[27.4, 18.3, 7.3]",2026-08-14 06:28:39.671708
HUB16-HUB11,2024-04-11,2024-04-13,"[0.3, 1.3, 0.7]","[16.1, 17.1, 7.1]",2026-08-14 06:28:39.671845
HUB09-HUB12,2024-11-16,2024-11-19,"[0.0, 0.4, 1.2, 0.7]","[35.4, 16.1, 36.6, 22.8]",2026-08-14 06:28:39.671989
HUB14-HUB15,2023-10-23,2023-10-25,"[1.0, 0.0, 0.1]","[21.5, 25.9, 12.3]",2026-08-14 06:28:39.672125
HUB03-HUB07,2025-05-11,2025-05-13,"[0.1, 0.8, 0.5]","[9.7, 14.4, 8.5]",2026-08-14 06:28:39.672328
HUB17-HUB09,2023-08-25,2023-08-27,"[10.5, 0.5, 0.0]","[20.6, 14.3, 13.6]",2026-08-14 06:28:39.672474
HUB17-HUB10,2024-10-07,2024-10-09,"[0.0, 1.0, 0.0]","[18.1, 33.5, 21.0]",2026-08-14 06:28:39.672621
HUB05-HUB11,2025-01-30,2025-02-03,"[0.0, 0.2, 0.0, 0.9, 0.0]","[15.5, 1.5, 10.3, 16.1, 23.0]",2026-08-14 06:28:39.672782
HUB10-HUB04,2025-02-01,2025-02-05,"[0.0, 0.9, 0.3, 0.6, 1.4]","[18.2, 21.4, 13.4, 12.9, 5.2]",2026-08-14 06:28:39.672938
HUB17-HUB09,2023-04-15,2023-04-17,"[0.6, 0.0, 0.0]","[14.0, 18.1, 6.3]",2026-08-14 06:28:39.673076
HUB06-HUB13,2025-12-19,2025-12-22,"[8.5, 0.3, 2.9, None]","[16.9, 19.7, 17.8, 10.9]",2026-08-14 06:28:39.673259
HUB03-HUB17,2024-12-16,2024-12-18,"[0.4, 0.9, 5.9]","[15.6, 23.8, 21.0]",2026-08-14 06:28:39.673399
HUB18-HUB01,2025-06-19,2025-06-20,"[25.6, 2.9]","[13.4, 10.4]",2026-08-14 06:28:39.673523
HUB04-HUB03,2025-09-02,2025-09-03,"[3.3, 0.0]","[11.2, 14.7]",2026-08-14 06:28:39.673660
HUB03-HUB08,2024-04-23,2024-04-24,"[0.7, 0.0]","[14.0, 11.7]",2026-08-14 06:28:39.673787
HUB09-HUB07,2023-10-30,2023-11-01,"[1.2, 1.1, 1.1]","[14.6, 18.3, 14.0]",2026-08-14 06:28:39.673920
HUB09-HUB15,2025-04-12,2025-04-14,"[0.0, 0.0, 0.0]","[27.2, 24.4, 19.4]",2026-08-14 06:28:39.674100
HUB04-HUB10,2025-01-20,2025-01-24,"[0.5, 0.4, 0.0, 0.7, 0.6]","[0.9, 10.4, 27.0, 1.7, 6.1]",2026-08-14 06:28:39.674299
HUB16-HUB09,2025-03-21,2025-03-23,"[0.0, 0.5, 0.0]","[17.2, 13.6, 10.1]",2026-08-14 06:28:39.674441
HUB01-HUB02,2024-01-24,2024-01-25,"[0.0, 1.3]","[15.2, 4.1]",2026-08-14 06:28:39.674572
HUB17-HUB01,2025-10-29,2025-11-01,"[0.7, 0.1, 0.8, 0.3]","[10.2, 21.7, 17.6, 16.3]",2026-08-14 06:28:39.674729
HUB12-HUB16,2023-09-15,2023-09-18,"[16.3, 0.2, 0.5, 6.9]","[10.6, 13.4, 16.4, 10.3]",2026-08-14 06:28:39.674878
HUB05-HUB11,2023-10-21,2023-10-25,"[0.0, 0.0, 0.0, 1.0, 0.5]","[18.7, 20.4, 21.0, 21.1, 17.3]",2026-08-14 06:28:39.675035
HUB08-HUB16,2024-01-14,2024-01-15,"[0.9, 0.3]","[18.3, 11.6]",2026-08-14 06:28:39.675188
HUB02-HUB09,2024-07-05,2024-07-08,"[0.7, 3.7, 0.6, 14.8]","[16.1, 15.6, 17.6, 17.2]",2026-08-14 06:28:39.675344
HUB17-HUB04,2025-10-07,2025-10-10,"[0.0, 0.5, 0.9, 0.4]","[20.0, 31.2, 22.8, 32.4]",2026-08-14 06:28:39.675490
HUB13-HUB11,2023-12-08,2023-12-09,"[0.0, 0.5]","[28.0, 23.7]",2026-08-14 06:28:39.675624
HUB18-HUB17,2025-08-04,2025-08-07,"[0.1, 0.3, 0.5, 1.0]","[15.2, 8.5, 26.1, 10.6]",2026-08-14 06:28:39.675771
HUB01-HUB03,2025-02-20,2025-02-21,"[0.1, 0.0]","[24.7, 14.7]",2026-08-14 06:28:39.675895
HUB17-HUB12,2023-03-20,2023-03-22,"[0.0, 1.4, 1.1]","[5.6, 3.6, 12.7]",2026-08-14 06:28:39.676028
HUB15-HUB06,2023-06-30,2023-07-02,"[20.1, 14.7, 0.5]","[15.8, 10.2, 11.9]",2026-08-14 06:28:39.676195
HUB10-HUB11,2023-02-22,2023-02-25,"[1.0, 0.1, 0.9, 0.3]","[8.1, 16.3, 23.2, 14.7]",2026-08-14 06:28:39.676352
HUB12-HUB10,2025-09-07,2025-09-11,"[5.0, 0.7, 92.4, 1.5, 5.4]","[12.4, 12.8, 19.0, 10.2, 25.4]",2026-08-14 06:28:39.676510
HUB06-HUB07,2023-08-11,2023-08-12,"[0.5, 16.1]","[8.6, 17.2]",2026-08-14 06:28:39.676650
HUB10-HUB06,2024-12-20,2024-12-23,"[0.8, 0.4, 0.0, 0.3]","[9.6, 22.3, 13.5, 15.0]",2026-08-14 06:28:39.676795
HUB18-HUB11,2023-04-12,2023-04-15,"[0.0, 1.3, 0.3, 0.3]","[12.2, 5.8, 2.2, 10.8]",2026-08-14 06:28:39.676943
HUB15-HUB10,2024-04-24,2024-04-27,"[0.8, 0.9, 0.2, 0.6]","[33.4, 16.1, 24.2, 4.4]",2026-08-14 06:28:39.677091
HUB07-HUB05,2025-04-16,2025-04-17,"[None, 0.0]","[16.2, 17.9]",2026-08-14 06:28:39.677249
HUB10-HUB06,2024-08-27,2024-08-30,"[0.0, 0.6, 1.0, 0.0]","[16.3, 11.1, 11.4, 8.4]",2026-08-14 06:28:39.677396
HUB07-HUB01,2023-08-28,2023-08-31,"[2.1, 5.1, 1.4, 0.7]","[3.0, 11.7, 2.3, 12.0]",2026-08-14 06:28:39.677540
HUB07-HUB06,2023-09-07,2023-09-08,"[0.4, 11.2]","[16.6, 18.9]",2026-08-14 06:28:39.677679
HUB12-HUB14,2024-12-30,2025-01-01,"[1.6, 0.1, 0.7]","[22.0, 16.7, 12.9]",2026-08-14 06:28:39.677815
HUB08-HUB15,2025-12-22,2025-12-24,"[0.0, 1.4, 5.2]","[3.9, 19.0, 8.4]",2026-08-14 06:28:39.677953
HUB12-HUB18,2023-01-11,2023-01-14,"[1.4, 0.0, 2.2, 0.0]","[21.3, 16.7, 13.5, 8.5]",2026-08-14 06:28:39.678157
HUB18-HUB11,2023-10-17,2023-10-20,"[0.1, 1.8, 0.8, 0.4]","[28.4, 30.0, 12.6, 26.0]",2026-08-14 06:28:39.678321
HUB02-HUB10,2023-07-14,2023-07-17,"[2.6, 19.9, 10.1, 85.4]","[13.3, 2.5, 20.6, 6.7]",2026-08-14 06:28:39.678467
HUB08-HUB02,2025-12-15,2025-12-17,"[0.2, 17.0, 0.0]","[20.7, 20.2, 14.9]",2026-08-14 06:28:39.678613
HUB04-HUB11,2024-03-31,2024-04-03,"[0.9, 0.7, 0.6, 0.3]","[10.9, 14.7, 5.8, 9.7]",2026-08-14 06:28:39.678767
HUB02-HUB04,2025-11-28,2025-11-29,"[0.2, 0.9]","[22.4, 28.4]",2026-08-14 06:28:39.678889
HUB01-HUB05,2023-01-01,2023-01-04,"[None, 0.6, 0.2, 0.3]","[15.7, 10.9, 14.7, 18.7]",2026-08-14 06:28:39.679034
HUB07-HUB01,2025-08-29,2025-09-01,"[13.6, 0.0, 1.1, 0.0]","[21.2, 16.2, 25.9, 2.6]",2026-08-14 06:28:39.679206
HUB02-HUB07,2025-03-08,2025-03-11,"[1.1, 0.0, 14.9, 0.0]","[15.0, 21.2, 12.6, 15.5]",2026-08-14 06:28:39.679367
HUB13-HUB12,2023-05-12,2023-05-13,"[0.0, 0.9]","[19.1, 12.9]",2026-08-14 06:28:39.679496
HUB07-HUB06,2023-06-18,2023-06-19,"[0.2, 18.7]","[13.4, 17.3]",2026-08-14 06:28:39.679632
HUB04-HUB12,2023-02-13,2023-02-16,"[0.5, 0.0, 1.4, 0.3]","[5.5, 14.4, 2.4, 6.6]",2026-08-14 06:28:39.679779
HUB18-HUB02,2025-06-25,2025-06-26,"[0.0, 14.8]","[12.7, 17.7]",2026-08-14 06:28:39.679904
HUB12-HUB15,2023-07-23,2023-07-26,"[0.0, 0.0, 1.1, 1.6]","[10.8, 9.7, 12.7, 10.2]",2026-08-14 06:28:39.680048
HUB15-HUB18,2024-06-25,2024-06-27,"[20.2, 0.4, 20.8]","[7.9, 27.2, 24.6]",2026-08-14 06:28:39.680214
HUB14-HUB03,2023-10-25,2023-10-27,"[0.6, 0.2, 0.5]","[21.3, 12.1, 13.8]",2026-08-14 06:28:39.680356
HUB05-HUB11,2023-02-03,2023-02-07,"[1.5, 0.2, 0.0, 0.1, 0.0]","[25.6, 21.5, 3.3, 5.6, 13.4]",2026-08-14 06:28:39.680511
HUB12-HUB16,2023-11-28,2023-12-01,"[0.1, 0.0, 0.0, 0.5]","[10.2, 16.9, 20.2, 13.0]",2026-08-14 06:28:39.680671
HUB03-HUB11,2023-08-15,2023-08-18,"[18.5, 0.4, 0.0, 0.5]","[4.6, 25.5, 6.0, 28.2]",2026-08-14 06:28:39.680818
HUB10-HUB17,2023-03-22,2023-03-24,"[0.0, 0.0, 1.3]","[4.7, 7.8, 3.7]",2026-08-14 06:28:39.680953
HUB18-HUB11,2025-01-06,2025-01-09,"[0.5, 0.0, 0.3, 0.0]","[28.4, 3.2, 29.8, 14.3]",2026-08-14 06:28:39.681098
HUB04-HUB01,2024-08-17,2024-08-18,"[21.2, 12.9]","[25.7, 21.9]",2026-08-14 06:28:39.681255
HUB13-HUB02,2023-10-06,2023-10-08,"[0.0, 0.7, 0.8]","[4.0, 13.4, 23.5]",2026-08-14 06:28:39.681394
HUB01-HUB14,2023-09-05,2023-09-07,"[5.3, 0.5, 9.5]","[19.2, 9.4, 12.4]",2026-08-14 06:28:39.681528
HUB10-HUB08,2023-05-07,2023-05-10,"[0.1, 0.2, 0.1, 1.4]","[17.5, 13.8, 13.3, 14.5]",2026-08-14 06:28:39.681695
HUB03-HUB16,2025-08-14,2025-08-15,"[29.0, 13.6]","[12.8, 20.9]",2026-08-14 06:28:39.681825
HUB18-HUB17,2025-04-16,2025-04-18,"[0.1, 1.7, 0.0]","[10.1, 27.0, 15.1]",2026-08-14 06:28:39.681964
HUB09-HUB04,2025-07-31,2025-08-03,"[0.3, 17.3, 16.2, 1.3]","[11.9, 4.5, 19.5, 16.7]",2026-08-14 06:28:39.682182
HUB18-HUB10,2024-04-21,2024-04-25,"[0.2, 0.2, 0.0, 0.0, 0.6]","[19.6, 15.7, 15.6, 24.6, 18.2]",2026-08-14 06:28:39.682360
HUB17-HUB13,2023-12-02,2023-12-04,"[0.6, 1.0, 0.7]","[19.1, 18.9, 11.8]",2026-08-14 06:28:39.682498
HUB03-HUB08,2025-04-21,2025-04-23,"[0.0, 0.8, 0.5]","[7.8, 15.5, 12.5]",2026-08-14 06:28:39.682649
HUB10-HUB16,2025-09-26,2025-09-29,"[0.3, 0.0, 1.3, 4.6]","[13.7, 16.3, 19.0, 15.8]",2026-08-14 06:28:39.682797
HUB12-HUB04,2024-06-20,2024-06-24,"[2.6, 0.7, 0.0, 15.8, 0.7]","[6.3, 23.5, 8.9, 14.5, 11.3]",2026-08-14 06:28:39.682951
HUB08-HUB06,2024-06-07,2024-06-08,"[0.3, 1.5]","[11.7, 10.0]",2026-08-14 06:28:39.683074
HUB13-HUB05,2025-05-05,2025-05-09,"[0.6, 0.2, 0.0, 0.2, 0.5]","[11.0, 17.4, 14.4, 15.6, 13.9]",2026-08-14 06:28:39.683264
HUB09-HUB04,2024-03-05,2024-03-08,"[1.7, 0.0, 0.9, 0.0]","[10.8, 14.6, 23.0, 24.6]",2026-08-14 06:28:39.683415
HUB16-HUB15,2023-08-20,2023-08-21,"[24.1, 14.6]","[1.6, 11.4]",2026-08-14 06:28:39.683540
HUB12-HUB15,2025-08-08,2025-08-11,"[0.2, 1.2, 66.8, 8.0]","[28.6, 18.6, 4.4, 24.2]",2026-08-14 06:28:39.683704
HUB09-HUB12,2023-05-13,2023-05-17,"[0.1, 0.4, 0.0, 0.4, 0.0]","[10.7, 24.6, 17.0, 14.5, 37.1]",2026-08-14 06:28:39.683912
HUB16-HUB04,2023-08-02,2023-08-04,"[1.1, 8.2, 22.7]","[31.4, 11.9, 17.7]",2026-08-14 06:28:39.684059
HUB13-HUB06,2023-10-12,2023-10-15,"[0.3, 1.3, 0.0, 0.3]","[15.7, 14.8, 16.5, 13.9]",2026-08-14 06:28:39.684250
HUB05-HUB03,2025-08-21,2025-08-23,"[0.0, 0.8, 18.3]","[3.1, 2.4, 10.9]",2026-08-14 06:28:39.684395
HUB07-HUB17,2023-12-25,2023-12-28,"[0.1, 0.0, 0.0, 0.9]","[10.9, 31.1, 34.1, 7.8]",2026-08-14 06:28:39.684543
HUB02-HUB10,2024-08-19,2024-08-22,"[0.1, 9.1, 4.8, 7.6]","[5.1, 18.9, 16.5, 15.3]",2026-08-14 06:28:39.684705
HUB08-HUB01,2024-07-28,2024-07-30,"[13.0, 20.9, 15.3]","[12.4, 11.4, 12.0]",2026-08-14 06:28:39.684842
HUB11-HUB17,2024-09-19,2024-09-21,"[0.2, 0.0, 0.0]","[23.0, 4.0, 1.0]",2026-08-14 06:28:39.684977
HUB11-HUB14,2023-01-25,2023-01-26,"[0.3, 0.0]","[16.5, 8.3]",2026-08-14 06:28:39.685100
HUB15-HUB12,2024-11-07,2024-11-10,"[8.4, 1.1, 3.5, 0.1]","[25.6, 19.2, 17.3, 24.4]",2026-08-14 06:28:39.685283
HUB04-HUB10,2024-10-14,2024-10-17,"[0.5, 0.0, 0.1, 0.2]","[27.9, 18.1, 12.0, 30.2]",2026-08-14 06:28:39.685432
HUB08-HUB02,2025-07-06,2025-07-08,"[1.2, 0.1, 45.6]","[10.5, 16.3, 10.3]",2026-08-14 06:28:39.685577
HUB15-HUB17,2023-10-26,2023-10-27,"[1.7, 0.6]","[18.3, 26.8]",2026-08-14 06:28:39.685709
HUB14-HUB02,2025-01-14,2025-01-15,"[0.0, 0.0]","[17.5, 19.9]",2026-08-14 06:28:39.685834
HUB09-HUB16,2025-05-15,2025-05-17,"[0.3, 1.8, 0.0]","[12.1, 12.1, 5.9]",2026-08-14 06:28:39.685976
HUB15-HUB02,2023-03-15,2023-03-16,"[0.6, 0.0]","[16.2, 11.1]",2026-08-14 06:28:39.686180
HUB16-HUB06,2025-10-16,2025-10-18,"[1.0, 0.2, 0.0]","[12.9, 18.2, 16.9]",2026-08-14 06:28:39.686371
HUB08-HUB18,2023-12-05,2023-12-07,"[0.4, 0.8, 0.1]","[21.2, 17.1, 16.6]",2026-08-14 06:28:39.686579
HUB15-HUB01,2025-05-31,2025-06-02,"[0.5, 1.2, 1.4]","[21.3, 9.5, 9.2]",2026-08-14 06:28:39.686735
HUB05-HUB08,2023-06-19,2023-06-20,"[0.0, 0.5]","[11.6, 11.9]",2026-08-14 06:28:39.686860
HUB11-HUB16,2024-07-15,2024-07-17,"[20.9, 0.9, 47.1]","[6.2, 12.1, 16.4]",2026-08-14 06:28:39.686997
HUB05-HUB01,2025-05-23,2025-05-25,"[0.2, 0.5, 0.7]","[28.0, 15.3, 23.1]",2026-08-14 06:28:39.687161
HUB13-HUB15,2025-07-08,2025-07-10,"[1.2, 0.4, 11.0]","[15.7, 16.4, 7.9]",2026-08-14 06:28:39.687312
HUB07-HUB06,2025-08-21,2025-08-22,"[0.0, 0.0]","[11.7, 17.9]",2026-08-14 06:28:39.687437
HUB16-HUB03,2025-02-24,2025-02-25,"[0.0, 2.7]","[15.7, 16.7]",2026-08-14 06:28:39.687559
HUB17-HUB18,2024-08-17,2024-08-19,"[0.0, 1.8, 10.0]","[13.5, 13.5, 29.4]",2026-08-14 06:28:39.687707
HUB07-HUB10,2023-05-31,2023-06-03,"[0.0, 10.2, 0.4, 12.5]","[24.8, 18.6, 7.3, 12.7]",2026-08-14 06:28:39.687855
HUB01-HUB10,2023-03-08,2023-03-12,"[0.0, 0.3, 0.1, 0.7, 1.3]","[3.5, 21.6, 12.5, 3.8, 38.9]",2026-08-14 06:28:39.688009
HUB14-HUB07,2023-01-31,2023-02-04,"[0.0, 2.7, 2.1, 0.3, 0.1]","[14.3, 9.8, 10.8, 13.2, 10.9]",2026-08-14 06:28:39.688196
HUB17-HUB11,2023-12-21,2023-12-23,"[0.2, 7.5, 0.6]","[31.1, 25.1, 22.7]",2026-08-14 06:28:39.688345
HUB17-HUB14,2024-06-11,2024-06-12,"[14.7, 32.8]","[10.6, 15.3]",2026-08-14 06:28:39.688475
HUB05-HUB13,2023-10-23,2023-10-27,"[2.2, 1.2, 0.0, 0.1, 0.1]","[9.9, 19.8, 15.1, 20.4, 12.1]",2026-08-14 06:28:39.688642
HUB01-HUB16,2025-07-30,2025-07-31,"[0.0, 11.7]","[12.9, 12.7]",2026-08-14 06:28:39.688773
HUB02-HUB07,2023-09-24,2023-09-27,"[0.0, 0.3, 0.0, 0.4]","[16.3, 11.2, 10.6, 12.2]",2026-08-14 06:28:39.688918
HUB09-HUB12,2024-06-15,2024-06-19,"[0.0, 0.9, 16.2, 21.7, 0.6]","[13.0, 7.0, 14.8, 4.4, 2.0]",2026-08-14 06:28:39.689075
HUB05-HUB02,2025-04-05,2025-04-08,"[0.3, 0.0, 0.7, 1.0]","[8.6, 21.2, 17.1, 19.2]",2026-08-14 06:28:39.689259
HUB03-HUB18,2025-03-30,2025-03-31,"[0.4, 0.5]","[1.6, 14.4]",2026-08-14 06:28:39.689388
HUB04-HUB07,2025-03-15,2025-03-17,"[0.0, 4.1, 1.0]","[19.6, 19.0, 15.9]",2026-08-14 06:28:39.689524
HUB07-HUB01,2025-04-29,2025-05-02,"[0.0, 0.0, 1.1, 0.1]","[19.5, 15.0, 19.9, 24.6]",2026-08-14 06:28:39.689686
HUB01-HUB05,2025-03-13,2025-03-16,"[0.0, 0.0, 0.0, 0.0]","[12.6, 14.3, 11.9, 13.4]",2026-08-14 06:28:39.689833
HUB15-HUB08,2025-12-19,2025-12-21,"[1.4, 0.7, 1.1]","[16.8, 17.0, 16.9]",2026-08-14 06:28:39.689970
HUB18-HUB02,2023-05-29,2023-05-30,"[12.0, 0.0]","[20.9, 14.3]",2026-08-14 06:28:39.690163
HUB04-HUB07,2024-06-30,2024-07-02,"[0.0, 0.2, 0.6]","[10.6, 12.5, 12.2]",2026-08-14 06:28:39.690317
HUB11-HUB09,2023-05-26,2023-05-29,"[0.0, 0.2, 1.1, 0.8]","[21.1, 12.1, 11.8, 14.7]",2026-08-14 06:28:39.690479
HUB01-HUB05,2023-02-28,2023-03-03,"[4.4, 0.0, 1.1, 0.7]","[13.5, 11.3, 16.2, 12.4]",2026-08-14 06:28:39.690639
HUB02-HUB14,2025-11-12,2025-11-13,"[1.2, 0.8]","[12.7, 10.5]",2026-08-14 06:28:39.690770
HUB06-HUB07,2025-11-02,2025-11-03,"[0.0, 0.3]","[20.9, 11.6]",2026-08-14 06:28:39.690894
HUB16-HUB17,2025-10-07,2025-10-10,"[0.0, 0.1, 0.3, 0.0]","[16.7, 36.8, 30.4, 1.1]",2026-08-14 06:28:39.691037
HUB15-HUB03,2025-04-29,2025-05-01,"[2.1, 0.0, 1.0]","[21.3, 10.0, 11.9]",2026-08-14 06:28:39.691205
HUB13-HUB15,2023-04-24,2023-04-26,"[0.9, 0.1, 0.2]","[17.7, 8.9, 16.5]",2026-08-14 06:28:39.691354
HUB02-HUB10,2025-07-21,2025-07-24,"[68.0, 22.9, 15.4, 138.2]","[28.5, 11.1, 2.3, 8.7]",2026-08-14 06:28:39.691502
HUB04-HUB15,2025-10-12,2025-10-15,"[1.1, 0.0, 0.0, 0.0]","[22.3, 17.3, 13.7, 21.4]",2026-08-14 06:28:39.691657
HUB11-HUB06,2023-01-19,2023-01-23,"[0.0, 0.0, 0.3, 0.7, 0.3]","[12.1, 12.6, 19.9, 13.9, 9.0]",2026-08-14 06:28:39.691816
HUB07-HUB15,2023-04-12,2023-04-14,"[1.1, 0.5, 0.0]","[16.0, 16.7, 15.7]",2026-08-14 06:28:39.691953
HUB14-HUB11,2023-10-13,2023-10-14,"[0.4, 0.5]","[13.8, 18.2]",2026-08-14 06:28:39.692077
HUB10-HUB05,2023-10-12,2023-10-15,"[0.3, 0.2, 0.0, 0.0]","[17.1, 16.6, 15.6, 16.0]",2026-08-14 06:28:39.692277
HUB11-HUB08,2023-12-10,2023-12-14,"[0.0, 0.4, 1.4, 0.0, 0.1]","[17.0, 12.5, 9.3, 15.7, 21.4]",2026-08-14 06:28:39.692453
HUB11-HUB04,2023-06-14,2023-06-17,"[0.0, 10.3, 1.0, 0.0]","[14.9, 14.7, 5.9, 21.1]",2026-08-14 06:28:39.692618
HUB17-HUB01,2023-10-27,2023-10-30,"[0.0, 0.0, 0.4, 0.1]","[14.8, 19.0, 16.8, 11.5]",2026-08-14 06:28:39.692772
HUB11-HUB08,2023-12-24,2023-12-27,"[0.2, 0.1, 0.3, None]","[12.1, 12.3, 11.2, 15.6]",2026-08-14 06:28:39.692918
HUB14-HUB10,2024-12-25,2024-12-28,"[0.0, 0.0, 0.0, 0.4]","[18.2, 36.2, 34.4, 19.8]",2026-08-14 06:28:39.693066
HUB09-HUB13,2023-06-07,2023-06-10,"[8.4, 1.3, 0.4, 6.9]","[19.7, 10.8, 22.1, 18.9]",2026-08-14 06:28:39.693249
HUB02-HUB10,2025-07-09,2025-07-12,"[20.1, 16.3, 30.6, 73.8]","[8.3, 12.9, 3.7, 13.9]",2026-08-14 06:28:39.693402
HUB10-HUB06,2023-06-04,2023-06-07,"[0.5, 0.3, 0.0, 0.0]","[16.7, 17.5, 10.1, 13.4]",2026-08-14 06:28:39.693547
HUB16-HUB05,2023-12-13,2023-12-15,"[1.2, 0.0, 0.1]","[14.7, 12.5, 13.7]",2026-08-14 06:28:39.693695
HUB14-HUB18,2024-09-04,2024-09-06,"[1.1, 19.1, 0.4]","[22.9, 17.8, 8.4]",2026-08-14 06:28:39.693831
HUB10-HUB06,2025-03-25,2025-03-28,"[0.3, 1.0, 1.3, 0.3]","[12.8, 12.8, 14.3, 12.4]",2026-08-14 06:28:39.693977
HUB18-HUB12,2025-01-07,2025-01-10,"[0.8, 0.7, 0.1, 0.0]","[11.6, 20.5, 7.2, 2.9]",2026-08-14 06:28:39.694198
HUB18-HUB14,2023-12-19,2023-12-21,"[1.1, 0.0, 0.0]","[13.4, 11.0, 21.2]",2026-08-14 06:28:39.694357
HUB17-HUB01,2025-10-17,2025-10-19,"[0.6, 0.6, 0.0]","[15.2, 20.4, 15.9]",2026-08-14 06:28:39.694496
HUB18-HUB16,2024-09-12,2024-09-13,"[None, 1.2]","[17.7, 7.1]",2026-08-14 06:28:39.694635
HUB06-HUB15,2025-03-06,2025-03-08,"[0.0, 0.6, 0.2]","[14.9, 8.8, 16.4]",2026-08-14 06:28:39.694774
HUB03-HUB13,2023-05-04,2023-05-07,"[0.3, 0.9, 0.2, 0.0]","[5.6, 17.6, 12.0, 10.7]",2026-08-14 06:28:39.694928
HUB08-HUB03,2025-06-09,2025-06-11,"[0.2, 8.1, None]","[12.8, 20.1, 11.6]",2026-08-14 06:28:39.695062
HUB05-HUB03,2024-02-17,2024-02-19,"[0.6, 0.3, 0.0]","[14.8, 19.4, 9.8]",2026-08-14 06:28:39.695227
HUB03-HUB11,2024-06-05,2024-06-08,"[0.1, 0.9, 17.6, 0.4]","[16.6, 1.1, 28.0, 4.2]",2026-08-14 06:28:39.695379
HUB12-HUB08,2023-08-16,2023-08-20,"[13.2, 0.0, 0.3, 5.9, 0.5]","[12.8, 17.3, 10.7, 11.5, 18.2]",2026-08-14 06:28:39.695535
HUB02-HUB18,2023-01-31,2023-02-01,"[1.1, 0.0]","[21.9, 24.5]",2026-08-14 06:28:39.695672
HUB02-HUB08,2025-03-13,2025-03-15,"[0.1, None, 1.0]","[11.8, 18.0, 12.5]",2026-08-14 06:28:39.695809
HUB04-HUB03,2025-12-21,2025-12-22,"[0.7, 0.0]","[24.5, 20.0]",2026-08-14 06:28:39.695933
HUB08-HUB05,2025-01-07,2025-01-08,"[0.1, 0.0]","[15.0, 17.6]",2026-08-14 06:28:39.696056
HUB12-HUB11,2025-08-26,2025-08-27,"[0.3, 3.2]","[27.3, 17.0]",2026-08-14 06:28:39.696205
HUB18-HUB07,2024-04-05,2024-04-07,"[0.3, 0.0, 1.9]","[4.5, 11.3, 11.1]",2026-08-14 06:28:39.696349
HUB12-HUB02,2025-07-13,2025-07-15,"[8.0, 13.4, 17.6]","[23.2, 13.2, 14.9]",2026-08-14 06:28:39.696484
HUB10-HUB13,2024-06-08,2024-06-12,"[0.7, 0.6, None, 21.3, 31.6]","[2.2, 16.7, 11.3, 15.1, 8.8]",2026-08-14 06:28:39.696655
HUB06-HUB01,2024-02-23,2024-02-26,"[1.1, 0.4, 0.0, 0.0]","[6.2, 17.9, 13.3, 11.3]",2026-08-14 06:28:39.696811
HUB06-HUB07,2024-03-23,2024-03-24,"[0.0, 1.8]","[17.4, 14.2]",2026-08-14 06:28:39.696936
HUB12-HUB02,2025-02-27,2025-03-02,"[0.3, 0.6, 0.3, 0.4]","[11.7, 8.2, 12.2, 15.5]",2026-08-14 06:28:39.697078
HUB04-HUB14,2025-01-13,2025-01-16,"[0.7, 0.7, 1.7, 0.0]","[18.8, 14.3, 13.2, 13.5]",2026-08-14 06:28:39.697258
HUB02-HUB15,2024-06-14,2024-06-16,"[0.7, 1.0, 0.3]","[5.4, 13.4, 15.9]",2026-08-14 06:28:39.697399
HUB14-HUB15,2023-11-12,2023-11-13,"[0.0, 0.9]","[23.8, 11.1]",2026-08-14 06:28:39.697543
HUB18-HUB11,2023-06-03,2023-06-06,"[11.7, 0.2, 21.3, 0.5]","[24.0, 3.1, 17.1, 15.7]",2026-08-14 06:28:39.697715
HUB17-HUB07,2023-07-08,2023-07-11,"[0.0, 0.5, 0.8, 1.0]","[13.3, 15.0, 16.4, 17.9]",2026-08-14 06:28:39.697861
HUB13-HUB07,2023-05-15,2023-05-20,"[0.0, 0.0, 0.9, 0.0, 0.0, 0.4]","[13.1, 20.3, 13.7, 16.1, 17.3, 15.5]",2026-08-14 06:28:39.698032
HUB17-HUB08,2024-05-05,2024-05-08,"[1.1, 0.4, 0.0, 1.0]","[13.2, 14.8, 16.4, 19.7]",2026-08-14 06:28:39.698258
HUB14-HUB10,2024-12-01,2024-12-04,"[None, None, 0.0, 0.1]","[26.7, 35.1, 21.4, 17.2]",2026-08-14 06:28:39.698411
HUB02-HUB03,2023-03-21,2023-03-22,"[0.6, 1.3]","[14.7, 25.6]",2026-08-14 06:28:39.698535
HUB08-HUB03,2024-02-09,2024-02-11,"[0.6, 0.5, 0.6]","[10.0, 9.4, 23.9]",2026-08-14 06:28:39.698683
HUB02-HUB15,2023-11-22,2023-11-23,"[0.0, 0.3]","[4.9, 29.3]",2026-08-14 06:28:39.698809
HUB05-HUB09,2024-11-25,2024-11-26,"[1.1, 0.2]","[14.0, 15.6]",2026-08-14 06:28:39.698933
HUB18-HUB02,2023-09-15,2023-09-16,"[0.1, 7.1]","[13.2, 8.2]",2026-08-14 06:28:39.699056
HUB15-HUB08,2025-02-11,2025-02-13,"[0.0, 0.0, 0.0]","[15.6, 15.7, 12.5]",2026-08-14 06:28:39.699218
HUB18-HUB11,2024-05-01,2024-05-04,"[0.8, 1.2, 1.0, 0.0]","[15.3, 27.5, 14.6, 17.0]",2026-08-14 06:28:39.699378
HUB09-HUB12,2024-07-21,2024-07-24,"[0.7, 24.0, 0.0, 0.0]","[0.9, 11.0, 14.9, 6.9]",2026-08-14 06:28:39.699527
HUB04-HUB14,2024-04-29,2024-05-02,"[0.3, 1.1, 0.1, 7.6]","[16.0, 12.7, 11.9, 26.0]",2026-08-14 06:28:39.699695
HUB07-HUB03,2024-09-20,2024-09-22,"[0.0, 2.9, 0.0]","[2.7, 11.1, 21.9]",2026-08-14 06:28:39.699833
HUB04-HUB03,2025-05-30,2025-05-31,"[0.8, 1.4]","[13.0, 20.5]",2026-08-14 06:28:39.699963
HUB18-HUB10,2024-06-15,2024-06-19,"[19.7, 8.2, 10.4, 23.7, 13.1]","[6.7, 19.7, 23.5, 16.7, 20.8]",2026-08-14 06:28:39.700119
HUB11-HUB06,2024-08-25,2024-08-29,"[27.5, 0.0, 15.3, 3.5, 0.8]","[21.6, 10.6, 20.4, 17.4, 15.2]",2026-08-14 06:28:39.700313
HUB01-HUB18,2023-07-03,2023-07-04,"[41.5, 3.6]","[16.5, 19.9]",2026-08-14 06:28:39.700439
HUB06-HUB18,2023-07-27,2023-07-29,"[4.5, 19.9, 11.3]","[13.6, 17.1, 15.6]",2026-08-14 06:28:39.700580
HUB09-HUB10,2024-10-12,2024-10-14,"[0.4, 0.1, 5.0]","[24.5, 12.9, 25.2]",2026-08-14 06:28:39.700722
HUB13-HUB09,2023-05-16,2023-05-20,"[0.5, 0.0, 12.0, 0.3, 1.0]","[15.9, 10.2, 8.2, 13.2, 16.0]",2026-08-14 06:28:39.700932
HUB17-HUB10,2023-07-07,2023-07-09,"[8.3, 0.7, 7.4]","[7.3, 6.2, 24.7]",2026-08-14 06:28:39.701073
HUB04-HUB11,2025-09-15,2025-09-18,"[0.6, 0.6, 0.0, 0.0]","[8.8, 16.4, 11.6, 7.0]",2026-08-14 06:28:39.701249
HUB13-HUB17,2024-05-04,2024-05-06,"[0.3, 1.8, 1.4]","[16.3, 22.3, 37.0]",2026-08-14 06:28:39.701391
HUB15-HUB16,2025-09-16,2025-09-17,"[0.6, 0.3]","[13.7, 18.0]",2026-08-14 06:28:39.701516
HUB15-HUB01,2025-09-04,2025-09-06,"[15.0, 6.9, 1.1]","[10.7, 13.4, 4.1]",2026-08-14 06:28:39.701663
HUB06-HUB17,2023-12-12,2023-12-15,"[0.8, 0.4, 6.5, 0.0]","[19.8, 21.9, 27.8, 29.6]",2026-08-14 06:28:39.701810
HUB07-HUB05,2025-10-04,2025-10-05,"[0.2, 13.3]","[15.6, 15.5]",2026-08-14 06:28:39.701932
HUB03-HUB07,2023-12-05,2023-12-07,"[0.0, 0.0, 0.6]","[5.9, 13.4, 14.9]",2026-08-14 06:28:39.702111
HUB11-HUB09,2023-02-09,2023-02-12,"[0.0, 0.2, 0.0, 0.5]","[17.4, 11.7, 16.1, 16.4]",2026-08-14 06:28:39.702305
HUB07-HUB16,2023-08-10,2023-08-12,"[0.2, 20.8, 41.3]","[9.8, 15.9, 13.5]",2026-08-14 06:28:39.702445
HUB08-HUB17,2024-05-19,2024-05-22,"[0.9, 5.4, 0.4, 0.8]","[18.6, 31.2, 22.1, 29.0]",2026-08-14 06:28:39.702607
HUB01-HUB06,2025-06-12,2025-06-15,"[0.4, None, 21.0, 0.0]","[11.8, 13.0, 13.7, 9.7]",2026-08-14 06:28:39.702760
HUB17-HUB12,2023-11-03,2023-11-05,"[0.3, 0.0, 0.0]","[23.2, 15.3, 17.8]",2026-08-14 06:28:39.702896
HUB12-HUB15,2025-12-28,2025-12-31,"[0.2, 0.1, 0.0, 0.8]","[22.5, 21.2, 15.3, 18.0]",2026-08-14 06:28:39.703040
HUB05-HUB18,2023-12-24,2023-12-26,"[0.3, 0.0, 0.1]","[15.6, 27.7, 24.7]",2026-08-14 06:28:39.703200
HUB02-HUB15,2024-06-09,2024-06-11,"[0.0, 0.0, 1.0]","[17.6, 21.8, 11.0]",2026-08-14 06:28:39.703342
HUB08-HUB18,2024-01-27,2024-01-28,"[1.0, 1.8]","[3.1, 10.7]",2026-08-14 06:28:39.703469
HUB03-HUB11,2023-09-26,2023-09-29,"[0.0, 1.3, 0.1, 0.0]","[8.6, 7.7, 29.0, 18.3]",2026-08-14 06:28:39.703626
HUB04-HUB02,2024-04-11,2024-04-12,"[0.4, 0.0]","[3.5, 10.8]",2026-08-14 06:28:39.703756
HUB15-HUB12,2023-05-20,2023-05-23,"[0.0, 0.0, 0.5, 0.0]","[24.8, 18.6, 12.1, 26.4]",2026-08-14 06:28:39.703905
HUB01-HUB13,2024-08-05,2024-08-07,"[0.6, 0.0, 3.2]","[13.3, 9.9, 12.7]",2026-08-14 06:28:39.704040
HUB10-HUB11,2023-08-17,2023-08-20,"[15.6, 5.2, 1.6, 18.5]","[12.5, 17.4, 7.5, 30.6]",2026-08-14 06:28:39.704209
HUB14-HUB05,2023-07-24,2023-07-27,"[0.0, 0.2, 11.3, 0.0]","[17.2, 17.6, 17.7, 12.7]",2026-08-14 06:28:39.704363
HUB11-HUB02,2025-03-09,2025-03-11,"[8.2, 0.9, 0.3]","[9.4, 19.6, 22.2]",2026-08-14 06:28:39.704499
HUB03-HUB02,2025-11-08,2025-11-10,"[0.0, 0.0, 3.7]","[14.7, 5.9, 20.1]",2026-08-14 06:28:39.704645
HUB06-HUB08,2025-12-21,2025-12-22,"[0.0, 0.0]","[14.5, 13.3]",2026-08-14 06:28:39.704774
HUB04-HUB09,2023-05-21,2023-05-24,"[0.5, 0.6, 1.0, 1.6]","[19.0, 14.3, 13.8, 11.6]",2026-08-14 06:28:39.704922
HUB18-HUB03,2024-09-17,2024-09-18,"[0.4, 0.5]","[18.4, 6.9]",2026-08-14 06:28:39.705048
HUB13-HUB08,2025-07-05,2025-07-09,"[0.3, 0.0, 0.8, 2.9, 6.7]","[14.4, 14.7, 18.9, 16.3, 14.8]",2026-08-14 06:28:39.705233
HUB18-HUB01,2023-07-31,2023-08-01,"[1.0, 0.9]","[15.4, 16.8]",2026-08-14 06:28:39.705365
HUB03-HUB05,2023-05-03,2023-05-05,"[2.4, 0.4, 0.0]","[9.9, 15.8, 19.6]",2026-08-14 06:28:39.705505
HUB07-HUB09,2023-12-16,2023-12-18,"[0.0, 0.3, 0.5]","[17.2, 16.3, 21.3]",2026-08-14 06:28:39.705654
HUB07-HUB05,2023-01-29,2023-01-30,"[0.0, 1.0]","[19.8, 18.6]",2026-08-14 06:28:39.705782
HUB15-HUB05,2023-08-14,2023-08-16,"[1.5, 10.1, 3.6]","[16.0, 13.8, 9.6]",2026-08-14 06:28:39.705918
HUB02-HUB06,2023-11-13,2023-11-15,"[1.1, 1.3, 7.2]","[10.9, 12.6, 13.8]",2026-08-14 06:28:39.706084
HUB15-HUB07,2025-12-06,2025-12-08,"[1.7, 0.0, 0.0]","[19.1, 15.4, 16.2]",2026-08-14 06:28:39.706259
HUB09-HUB17,2025-09-07,2025-09-09,"[0.0, 1.9, 8.3]","[25.4, 0.5, 9.3]",2026-08-14 06:28:39.706399
HUB17-HUB12,2023-05-28,2023-05-30,"[1.1, 0.4, 17.4]","[34.0, 13.9, 19.0]",2026-08-14 06:28:39.706540
HUB06-HUB03,2025-05-24,2025-05-26,"[0.1, 0.0, 0.0]","[25.2, 15.8, 21.1]",2026-08-14 06:28:39.706690
HUB16-HUB09,2025-09-02,2025-09-04,"[0.0, 0.0, 0.0]","[14.0, 20.9, 17.1]",2026-08-14 06:28:39.706825
HUB17-HUB15,2024-08-02,2024-08-04,"[26.4, 1.5, 45.4]","[14.4, 11.9, 9.7]",2026-08-14 06:28:39.706964
HUB08-HUB11,2025-04-10,2025-04-13,"[0.0, 0.9, 0.6, 0.0]","[9.4, 24.5, 11.0, 15.9]",2026-08-14 06:28:39.707117
HUB17-HUB10,2023-04-17,2023-04-19,"[0.3, 0.4, 0.0]","[16.1, 26.5, 26.3]",2026-08-14 06:28:39.707292
HUB07-HUB13,2023-08-12,2023-08-17,"[0.0, 11.0, 26.5, 12.6, 10.5, 0.8]","[22.6, 16.4, 8.4, 11.7, 12.4, 17.3]",2026-08-14 06:28:39.707460
HUB12-HUB17,2024-04-24,2024-04-26,"[0.0, 0.7, 0.2]","[22.5, 3.7, 24.2]",2026-08-14 06:28:39.707616
HUB17-HUB13,2023-11-19,2023-11-21,"[0.0, 1.1, 0.3]","[15.4, 14.7, 13.7]",2026-08-14 06:28:39.707759
HUB04-HUB13,2025-08-23,2025-08-25,"[1.5, 0.0, 0.5]","[11.4, 12.4, 18.9]",2026-08-14 06:28:39.707895
HUB08-HUB13,2023-07-04,2023-07-08,"[8.0, 6.6, 37.3, 0.0, 30.9]","[16.1, 13.3, 10.0, 15.1, 10.4]",2026-08-14 06:28:39.708050
HUB01-HUB15,2023-04-22,2023-04-24,"[0.7, 0.2, 1.2]","[29.0, 10.7, 12.5]",2026-08-14 06:28:39.708212
HUB10-HUB09,2024-10-28,2024-10-31,"[None, 7.3, 0.0, 0.6]","[10.5, 17.2, 13.6, 16.2]",2026-08-14 06:28:39.708367
HUB05-HUB02,2024-12-29,2025-01-01,"[0.0, 0.7, 0.0, 0.0]","[15.0, 21.5, 16.6, 17.1]",2026-08-14 06:28:39.708516
HUB02-HUB13,2023-03-31,2023-04-02,"[0.0, 1.8, 0.8]","[16.8, 12.4, 8.2]",2026-08-14 06:28:39.708666
HUB17-HUB09,2025-01-03,2025-01-05,"[0.4, 0.4, 0.4]","[15.4, 12.1, 17.5]",2026-08-14 06:28:39.708803
HUB06-HUB05,2023-12-03,2023-12-04,"[3.0, 0.9]","[10.7, 17.0]",2026-08-14 06:28:39.708929
HUB14-HUB12,2025-05-20,2025-05-22,"[0.0, 0.6, 0.5]","[24.0, 7.3, 18.8]",2026-08-14 06:28:39.709064
HUB03-HUB14,2025-04-03,2025-04-05,"[0.0, 1.2, 1.4]","[14.4, 10.6, 17.4]",2026-08-14 06:28:39.709236
HUB05-HUB04,2023-10-08,2023-10-10,"[0.6, 0.0, 0.0]","[30.6, 21.0, 34.4]",2026-08-14 06:28:39.709376
HUB02-HUB15,2025-03-26,2025-03-28,"[0.2, 0.0, 0.7]","[18.0, 15.6, 8.6]",2026-08-14 06:28:39.709513
HUB13-HUB10,2023-02-20,2023-02-24,"[0.2, 0.1, 0.7, 1.0, 0.1]","[9.1, 9.9, 11.3, 11.8, 7.8]",2026-08-14 06:28:39.709679
HUB07-HUB17,2023-06-24,2023-06-28,"[23.3, 0.4, 7.7, 0.7, 27.4]","[19.1, 12.7, 13.2, 16.4, 19.2]",2026-08-14 06:28:39.709838
HUB17-HUB15,2023-11-26,2023-11-28,"[0.4, 0.4, 0.4]","[17.8, 20.8, 10.4]",2026-08-14 06:28:39.709973
HUB10-HUB17,2024-11-18,2024-11-20,"[0.0, 0.2, 0.6]","[26.7, 21.6, 29.1]",2026-08-14 06:28:39.710177
HUB04-HUB16,2025-09-11,2025-09-13,"[0.7, 2.5, None]","[14.7, 7.0, 22.1]",2026-08-14 06:28:39.710327
HUB15-HUB10,2023-03-24,2023-03-27,"[0.1, 0.8, 0.0, 0.2]","[0.6, 2.3, 16.7, 16.8]",2026-08-14 06:28:39.710474
HUB16-HUB07,2024-06-30,2024-07-02,"[0.8, 0.8, 0.4]","[15.8, 14.2, 18.9]",2026-08-14 06:28:39.710621
HUB11-HUB10,2024-01-09,2024-01-12,"[0.4, 0.0, 27.2, 0.6]","[14.3, 4.4, 5.3, 8.8]",2026-08-14 06:28:39.710771
HUB13-HUB06,2024-10-09,2024-10-12,"[0.4, 0.4, 0.0, 1.5]","[12.1, 12.8, 12.4, 12.3]",2026-08-14 06:28:39.710917
HUB15-HUB07,2023-11-11,2023-11-14,"[0.4, 0.4, 0.5, 0.5]","[19.8, 22.3, 17.2, 16.3]",2026-08-14 06:28:39.711060
HUB02-HUB17,2024-06-03,2024-06-06,"[35.1, 0.4, 5.0, 0.3]","[12.0, 20.7, 15.9, 12.3]",2026-08-14 06:28:39.711233
HUB05-HUB14,2025-05-01,2025-05-04,"[0.6, 0.2, 0.0, 0.0]","[12.4, 18.7, 16.4, 21.8]",2026-08-14 06:28:39.711388
HUB15-HUB01,2025-12-08,2025-12-10,"[0.0, 1.0, 0.0]","[18.7, 19.0, 8.8]",2026-08-14 06:28:39.711523
HUB15-HUB05,2024-06-02,2024-06-04,"[0.3, 0.0, 0.4]","[16.2, 16.6, 13.5]",2026-08-14 06:28:39.711673
HUB04-HUB11,2023-02-01,2023-02-04,"[0.6, 1.0, 0.0, 0.6]","[17.8, 2.3, 17.1, 14.5]",2026-08-14 06:28:39.711819
HUB01-HUB12,2023-03-28,2023-03-31,"[0.3, 0.5, 0.0, 0.6]","[17.4, 15.1, 14.6, 3.7]",2026-08-14 06:28:39.711964
HUB10-HUB01,2025-03-31,2025-04-03,"[1.1, 0.2, 0.9, 0.0]","[4.0, 14.2, 15.4, 15.7]",2026-08-14 06:28:39.712113
HUB05-HUB11,2024-05-23,2024-05-27,"[0.0, 0.2, 0.7, 6.7, 0.3]","[17.3, 20.0, 8.4, 16.5, 31.3]",2026-08-14 06:28:39.712382
HUB03-HUB12,2024-12-02,2024-12-05,"[12.2, 0.5, 0.9, 0.5]","[29.5, 25.6, 18.7, 21.8]",2026-08-14 06:28:39.712537
HUB08-HUB06,2023-03-29,2023-03-30,"[1.1, 0.5]","[10.2, 17.5]",2026-08-14 06:28:39.712688
HUB05-HUB09,2025-08-28,2025-08-29,"[0.0, 0.2]","[17.3, 15.8]",2026-08-14 06:28:39.712820
HUB18-HUB05,2024-12-29,2025-01-01,"[0.1, 0.3, 0.1, 0.6]","[3.7, 11.6, 16.7, 19.2]",2026-08-14 06:28:39.712966
HUB15-HUB07,2023-02-10,2023-02-12,"[12.6, 1.1, 0.8]","[12.1, 16.1, 15.6]",2026-08-14 06:28:39.713104
HUB02-HUB03,2023-09-11,2023-09-13,"[1.7, 0.6, 27.3]","[21.3, 15.1, 24.4]",2026-08-14 06:28:39.713279
HUB18-HUB17,2025-02-01,2025-02-03,"[0.0, 0.0, 1.8]","[18.7, 2.1, 7.8]",2026-08-14 06:28:39.713419
HUB05-HUB14,2025-08-12,2025-08-15,"[3.0, 0.0, 48.9, 0.5]","[16.4, 9.9, 12.5, 16.8]",2026-08-14 06:28:39.713571
HUB03-HUB02,2024-01-12,2024-01-13,"[None, 0.0]","[9.5, 4.1]",2026-08-14 06:28:39.713704
HUB03-HUB15,2025-05-18,2025-05-20,"[0.3, 4.4, 23.5]","[15.8, 13.3, 18.8]",2026-08-14 06:28:39.713843
HUB07-HUB12,2024-06-07,2024-06-12,"[0.8, 0.0, 0.9, 24.4, None, 0.0]","[24.1, 0.7, 1.8, 11.6, 20.0, 20.9]",2026-08-14 06:28:39.714008
HUB08-HUB04,2025-04-25,2025-04-27,"[1.2, 0.6, 0.3]","[16.4, 7.1, 22.6]",2026-08-14 06:28:39.714216
HUB17-HUB03,2024-10-13,2024-10-15,"[0.2, 1.7, 0.2]","[20.6, 24.6, 18.4]",2026-08-14 06:28:39.714362
HUB06-HUB17,2025-08-12,2025-08-15,"[66.2, 12.2, 41.2, 0.0]","[9.5, 33.3, 10.6, 25.2]",2026-08-14 06:28:39.714510
HUB13-HUB06,2025-08-02,2025-08-06,"[0.8, 49.7, 0.8, 0.0, 40.2]","[11.2, 6.6, 5.6, 14.1, 17.5]",2026-08-14 06:28:39.714678
HUB02-HUB04,2024-04-16,2024-04-17,"[0.2, 0.7]","[19.3, 11.0]",2026-08-14 06:28:39.714810
HUB15-HUB05,2023-09-15,2023-09-17,"[4.7, 4.0, 1.2]","[9.2, 14.7, 14.2]",2026-08-14 06:28:39.714944
HUB09-HUB02,2025-11-07,2025-11-09,"[0.6, 0.5, 0.6]","[7.7, 27.5, 19.8]",2026-08-14 06:28:39.715079
HUB11-HUB10,2023-06-26,2023-06-29,"[29.7, 2.3, 0.2, 0.0]","[20.6, 20.9, 5.7, 5.6]",2026-08-14 06:28:39.715259
HUB09-HUB16,2024-03-21,2024-03-23,"[1.3, 0.6, 0.2]","[10.5, 14.3, 18.3]",2026-08-14 06:28:39.715399
HUB14-HUB11,2025-05-06,2025-05-07,"[0.1, 0.3]","[33.3, 11.1]",2026-08-14 06:28:39.715527
HUB12-HUB17,2023-08-30,2023-09-01,"[21.8, 53.7, 1.0]","[10.6, 1.9, 4.1]",2026-08-14 06:28:39.715682
HUB07-HUB17,2023-01-08,2023-01-11,"[None, 0.0, 0.0, 0.7]","[19.6, 32.2, 14.2, 32.3]",2026-08-14 06:28:39.715830
HUB16-HUB03,2025-11-19,2025-11-20,"[1.1, 1.1]","[20.5, 26.1]",2026-08-14 06:28:39.715957
HUB02-HUB09,2024-10-06,2024-10-09,"[0.0, 0.3, 0.0, 22.7]","[20.2, 13.4, 11.7, 13.2]",2026-08-14 06:28:39.716104
HUB18-HUB04,2023-10-02,2023-10-03,"[0.5, 0.0]","[9.2, 14.3]",2026-08-14 06:28:39.716266
HUB12-HUB02,2023-05-13,2023-05-16,"[0.0, 0.3, 0.0, 0.0]","[22.7, 7.9, 28.2, 12.6]",2026-08-14 06:28:39.716418
HUB02-HUB06,2023-03-22,2023-03-25,"[0.0, 0.5, 0.1, 1.0]","[14.5, 14.4, 11.9, 13.5]",2026-08-14 06:28:39.716571
HUB09-HUB01,2024-12-08,2024-12-10,"[0.0, 0.0, 0.0]","[17.1, 9.3, 18.1]",2026-08-14 06:28:39.716713
HUB07-HUB02,2025-08-11,2025-08-14,"[13.6, 55.5, 0.0, 0.0]","[14.1, 15.0, 10.5, 16.9]",2026-08-14 06:28:39.716857
HUB01-HUB10,2023-04-23,2023-04-26,"[0.0, 0.0, 1.3, 0.8]","[2.4, 15.5, 18.3, 20.2]",2026-08-14 06:28:39.717045
HUB18-HUB08,2023-07-05,2023-07-06,"[9.6, 0.4]","[14.7, 16.1]",2026-08-14 06:28:39.717211
HUB16-HUB15,2024-06-09,2024-06-10,"[0.0, 1.0]","[21.7, 23.3]",2026-08-14 06:28:39.717345
HUB11-HUB13,2025-08-06,2025-08-07,"[60.1, 1.7]","[12.6, 13.1]",2026-08-14 06:28:39.717471
HUB03-HUB18,2024-05-21,2024-05-22,"[0.1, 0.3]","[20.1, 10.9]",2026-08-14 06:28:39.717610
HUB08-HUB02,2024-04-16,2024-04-18,"[0.0, 0.0, 0.0]","[15.8, 10.5, 15.2]",2026-08-14 06:28:39.717752
HUB13-HUB14,2025-04-16,2025-04-17,"[1.5, 0.0]","[16.8, 17.3]",2026-08-14 06:28:39.717881
HUB08-HUB06,2025-06-19,2025-06-20,"[0.9, 0.8]","[13.9, 13.9]",2026-08-14 06:28:39.718006
HUB10-HUB13,2024-12-13,2024-12-17,"[0.3, 0.1, 0.6, 0.6, 0.7]","[17.9, 15.0, 19.4, 14.8, 18.4]",2026-08-14 06:28:39.718232
HUB16-HUB07,2023-11-21,2023-11-23,"[0.3, 0.8, 0.5]","[14.9, 15.3, 15.7]",2026-08-14 06:28:39.718386
HUB04-HUB15,2025-03-06,2025-03-08,"[0.0, 0.9, 1.1]","[16.7, 7.6, 1.9]",2026-08-14 06:28:39.718525
HUB16-HUB17,2025-03-05,2025-03-07,"[0.5, 0.0, 0.0]","[11.9, 19.5, 23.6]",2026-08-14 06:28:39.718676
HUB18-HUB03,2023-07-01,2023-07-02,"[0.7, 17.8]","[13.9, 10.0]",2026-08-14 06:28:39.718802
HUB06-HUB14,2024-08-19,2024-08-22,"[18.7, 0.2, 16.1, 0.6]","[8.4, 15.5, 13.6, 7.5]",2026-08-14 06:28:39.718949
HUB17-HUB03,2023-07-25,2023-07-28,"[3.2, 4.9, 0.4, 26.3]","[17.1, 14.6, 7.7, 18.2]",2026-08-14 06:28:39.719093
HUB06-HUB07,2023-03-02,2023-03-03,"[0.0, 0.9]","[8.6, 15.9]",2026-08-14 06:28:39.719248
HUB13-HUB12,2024-10-31,2024-11-01,"[0.0, 17.9]","[37.8, 16.4]",2026-08-14 06:28:39.719416
HUB13-HUB04,2025-09-19,2025-09-22,"[3.7, 0.7, 2.7, 2.7]","[24.6, 17.0, 14.8, 8.0]",2026-08-14 06:28:39.719575
HUB17-HUB16,2025-03-13,2025-03-15,"[0.4, 0.0, 0.0]","[13.0, 13.5, 11.6]",2026-08-14 06:28:39.719719
HUB02-HUB16,2024-10-02,2024-10-04,"[0.5, 0.7, 1.0]","[14.8, 12.5, 15.7]",2026-08-14 06:28:39.719854
HUB11-HUB14,2023-06-10,2023-06-11,"[0.0, 0.9]","[17.1, 19.1]",2026-08-14 06:28:39.719978
HUB16-HUB06,2024-10-02,2024-10-04,"[0.0, 0.6, 0.1]","[14.3, 16.1, 11.5]",2026-08-14 06:28:39.720110
HUB02-HUB16,2023-03-24,2023-03-25,"[0.8, 0.6]","[13.4, 11.8]",2026-08-14 06:28:39.720268
HUB01-HUB12,2023-02-11,2023-02-14,"[0.0, 0.0, 0.4, 0.0]","[20.1, 14.2, 10.8, 1.9]",2026-08-14 06:28:39.720416
HUB02-HUB13,2024-04-23,2024-04-25,"[0.0, 12.2, 0.0]","[16.1, 11.6, 18.3]",2026-08-14 06:28:39.720556
HUB09-HUB13,2024-01-19,2024-01-23,"[1.1, 0.7, 0.0, 1.5, 0.0]","[10.8, 13.0, 11.8, 10.2, 18.1]",2026-08-14 06:28:39.720728
HUB11-HUB02,2025-04-27,2025-04-29,"[0.2, 0.0, 0.1]","[0.4, 14.1, 6.5]",2026-08-14 06:28:39.720866
HUB15-HUB17,2023-12-24,2023-12-26,"[1.5, 0.2, 0.0]","[13.4, 1.1, 33.5]",2026-08-14 06:28:39.721003
HUB08-HUB17,2023-04-01,2023-04-04,"[0.1, 1.2, 0.0, 0.0]","[16.3, 17.9, 5.6, 2.3]",2026-08-14 06:28:39.721191
HUB17-HUB12,2023-04-04,2023-04-06,"[3.2, 0.9, 0.3]","[9.4, 26.8, 3.7]",2026-08-14 06:28:39.721342
HUB03-HUB07,2025-03-05,2025-03-07,"[0.0, 0.9, 0.0]","[8.8, 19.8, 13.6]",2026-08-14 06:28:39.721479
HUB12-HUB08,2025-04-20,2025-04-24,"[1.1, 0.9, 0.5, 0.0, 0.9]","[16.7, 11.8, 16.6, 10.2, 13.1]",2026-08-14 06:28:39.721714
HUB09-HUB15,2024-08-06,2024-08-08,"[0.3, 0.0, 0.0]","[15.4, 22.9, 14.1]",2026-08-14 06:28:39.721855
HUB10-HUB03,2023-12-15,2023-12-19,"[0.0, 0.4, 0.0, 0.1, 0.7]","[0.3, 30.8, 15.5, 27.2, 17.2]",2026-08-14 06:28:39.722005
HUB10-HUB15,2024-05-30,2024-06-02,"[0.2, 1.5, 0.6, 0.8]","[15.7, 19.8, 7.4, 2.2]",2026-08-14 06:28:39.722231
HUB13-HUB04,2023-09-01,2023-09-04,"[0.9, 4.4, 0.0, 1.0]","[14.8, 16.2, 2.7, 19.6]",2026-08-14 06:28:39.722392
HUB13-HUB10,2025-10-03,2025-10-07,"[0.4, 0.3, 0.0, 6.8, 0.3]","[15.2, 28.0, 14.7, 12.8, 37.6]",2026-08-14 06:28:39.722549
HUB16-HUB11,2025-11-29,2025-12-01,"[0.0, 0.0, 0.2]","[20.9, 33.6, 31.5]",2026-08-14 06:28:39.722699
HUB07-HUB18,2023-04-07,2023-04-09,"[0.0, 0.0, 0.0]","[14.3, 7.0, 19.1]",2026-08-14 06:28:39.722838
HUB01-HUB09,2025-05-09,2025-05-11,"[0.5, 1.5, 0.9]","[19.9, 13.7, 13.8]",2026-08-14 06:28:39.722971
HUB03-HUB11,2025-10-14,2025-10-17,"[0.2, 0.0, 0.3, 0.0]","[19.0, 20.7, 42.9, 24.5]",2026-08-14 06:28:39.723110
HUB11-HUB07,2024-12-26,2024-12-31,"[8.1, 0.7, 0.2, 0.2, 0.9, 0.0]","[9.5, 16.3, 16.0, 16.8, 11.8, 22.3]",2026-08-14 06:28:39.723306
HUB03-HUB15,2024-10-07,2024-10-09,"[1.1, 2.2, 0.4]","[18.8, 29.5, 11.4]",2026-08-14 06:28:39.723467
HUB14-HUB10,2024-09-08,2024-09-11,"[1.3, 0.0, 19.1, 0.0]","[13.2, 22.9, 17.2, 7.8]",2026-08-14 06:28:39.723625
HUB01-HUB03,2024-01-19,2024-01-20,"[3.6, 0.0]","[14.1, 3.9]",2026-08-14 06:28:39.723752
HUB17-HUB16,2024-12-23,2024-12-26,"[3.8, 0.1, 0.9, 0.5]","[12.5, 13.1, 9.2, 10.2]",2026-08-14 06:28:39.723895
HUB18-HUB12,2024-03-14,2024-03-17,"[0.1, 0.0, 0.0, 0.0]","[2.4, 12.7, 14.6, 17.5]",2026-08-14 06:28:39.724038
HUB08-HUB01,2025-11-15,2025-11-17,"[0.7, 0.1, 0.0]","[18.1, 23.1, 16.6]",2026-08-14 06:28:39.724197
HUB16-HUB08,2025-04-20,2025-04-21,"[1.6, 0.4]","[10.1, 13.3]",2026-08-14 06:28:39.724330
HUB17-HUB03,2025-05-10,2025-05-12,"[6.8, 0.7, 0.3]","[12.5, 23.2, 11.3]",2026-08-14 06:28:39.724468
HUB15-HUB10,2023-10-08,2023-10-10,"[1.0, 1.6, 0.1]","[12.8, 13.3, 31.0]",2026-08-14 06:28:39.724609
HUB12-HUB01,2023-07-20,2023-07-22,"[0.0, 23.3, 51.5]","[0.7, 12.5, 12.5]",2026-08-14 06:28:39.724746
HUB04-HUB08,2025-11-27,2025-11-29,"[0.0, 0.1, 0.0]","[15.4, 9.5, 18.9]",2026-08-14 06:28:39.724911
HUB07-HUB06,2024-01-24,2024-01-25,"[0.8, 0.1]","[17.5, 11.5]",2026-08-14 06:28:39.725037
HUB07-HUB02,2023-04-16,2023-04-19,"[0.8, 1.0, 0.2, 0.5]","[11.0, 8.5, 24.4, 10.5]",2026-08-14 06:28:39.725211
HUB18-HUB03,2023-08-24,2023-08-25,"[0.0, 1.2]","[29.8, 14.2]",2026-08-14 06:28:39.725341
HUB12-HUB11,2025-06-15,2025-06-16,"[0.8, 0.2]","[8.2, 5.7]",2026-08-14 06:28:39.725462
HUB02-HUB06,2025-02-11,2025-02-13,"[0.0, 2.6, 0.0]","[10.6, 13.2, 15.8]",2026-08-14 06:28:39.725605
HUB03-HUB10,2025-11-01,2025-11-04,"[0.0, 0.3, 1.7, 0.0]","[15.9, 16.7, 12.4, 24.0]",2026-08-14 06:28:39.725752
HUB16-HUB02,2024-12-12,2024-12-14,"[0.1, 0.0, 1.3]","[19.5, 12.8, 16.7]",2026-08-14 06:28:39.725888
HUB09-HUB16,2023-09-14,2023-09-16,"[0.3, 1.2, 0.0]","[13.3, 14.4, 13.1]",2026-08-14 06:28:39.726022
HUB10-HUB07,2024-09-28,2024-10-02,"[21.5, 0.5, 0.0, 0.3, 1.8]","[18.9, 12.0, 12.7, 18.6, 17.4]",2026-08-14 06:28:39.726265
HUB17-HUB03,2025-12-02,2025-12-04,"[0.2, 0.6, 0.0]","[25.8, 17.7, 17.4]",2026-08-14 06:28:39.726416
HUB11-HUB08,2024-03-11,2024-03-14,"[0.7, 0.1, 0.3, 0.0]","[11.2, 11.0, 19.8, 13.0]",2026-08-14 06:28:39.726564
HUB08-HUB07,2023-02-06,2023-02-07,"[0.0, 1.0]","[15.0, 11.6]",2026-08-14 06:28:39.726705
HUB15-HUB17,2025-09-18,2025-09-20,"[5.0, 0.2, 5.6]","[3.7, 15.0, 9.2]",2026-08-14 06:28:39.726875
HUB07-HUB04,2025-06-07,2025-06-09,"[0.7, 0.7, 0.0]","[17.5, 6.8, 21.7]",2026-08-14 06:28:39.727027
HUB17-HUB11,2025-08-01,2025-08-03,"[14.8, 1.6, 73.7]","[13.9, 18.6, 13.9]",2026-08-14 06:28:39.727201
HUB02-HUB03,2023-09-01,2023-09-02,"[5.3, 6.5]","[21.8, 16.4]",2026-08-14 06:28:39.727335
HUB17-HUB16,2023-01-22,2023-01-24,"[0.8, 0.0, 0.7]","[17.6, 18.6, 15.8]",2026-08-14 06:28:39.727472
HUB03-HUB16,2023-03-03,2023-03-04,"[0.0, 10.0]","[13.2, 15.8]",2026-08-14 06:28:39.727608
HUB09-HUB12,2023-04-22,2023-04-26,"[0.4, 0.0, 8.0, 0.0, 0.3]","[26.2, 18.2, 14.1, 19.8, 20.1]",2026-08-14 06:28:39.727764
HUB04-HUB10,2025-12-24,2025-12-28,"[0.7, 0.1, 0.0, 1.1, 0.0]","[27.3, 13.9, 18.7, 30.1, 39.8]",2026-08-14 06:28:39.727916
HUB13-HUB09,2023-08-27,2023-08-30,"[9.5, 0.8, 0.4, 11.3]","[15.6, 14.6, 15.8, 13.7]",2026-08-14 06:28:39.728057
HUB09-HUB18,2025-11-01,2025-11-03,"[0.2, 0.1, 1.6]","[17.9, 21.1, 18.5]",2026-08-14 06:28:39.728220
HUB14-HUB17,2023-07-19,2023-07-20,"[12.0, 0.0]","[13.8, 29.8]",2026-08-14 06:28:39.728356
HUB11-HUB12,2025-10-13,2025-10-14,"[0.1, 0.1]","[18.9, 11.1]",2026-08-14 06:28:39.728489
HUB07-HUB14,2024-04-25,2024-04-29,"[0.8, 0.3, 0.2, 1.1, 0.5]","[20.1, 15.0, 17.0, 16.5, 17.7]",2026-08-14 06:28:39.728667
HUB14-HUB12,2024-02-18,2024-02-20,"[0.0, 1.5, 0.9]","[6.8, 27.8, 9.1]",2026-08-14 06:28:39.728810
HUB06-HUB01,2025-12-11,2025-12-14,"[0.9, 0.8, 0.0, 0.9]","[13.3, 21.7, 24.7, 2.7]",2026-08-14 06:28:39.728956
HUB05-HUB11,2025-09-20,2025-09-23,"[7.1, 0.0, 8.1, 0.6]","[9.0, 2.9, 21.9, 5.0]",2026-08-14 06:28:39.729103
HUB15-HUB04,2024-04-05,2024-04-07,"[0.4, 2.2, 0.0]","[16.9, 20.6, 22.0]",2026-08-14 06:28:39.729282
HUB18-HUB11,2025-06-23,2025-06-26,"[5.1, 16.9, 0.0, 4.1]","[11.6, 16.0, 6.1, 17.0]",2026-08-14 06:28:39.729432
HUB10-HUB18,2023-09-22,2023-09-26,"[0.0, 10.4, 0.9, 0.0, 0.6]","[13.7, 8.1, 10.0, 16.0, 15.8]",2026-08-14 06:28:39.729599
HUB18-HUB08,2024-10-20,2024-10-22,"[0.5, 1.1, 0.0]","[9.6, 10.9, 20.3]",2026-08-14 06:28:39.729742
HUB05-HUB14,2024-06-25,2024-06-28,"[0.2, 0.4, 0.9, 1.2]","[24.6, 14.8, 16.3, 12.2]",2026-08-14 06:28:39.729888
HUB01-HUB18,2024-02-26,2024-02-27,"[1.0, None]","[10.9, 10.9]",2026-08-14 06:28:39.730014
HUB16-HUB08,2025-02-13,2025-02-14,"[0.7, 0.7]","[18.7, 17.5]",2026-08-14 06:28:39.730209
HUB15-HUB13,2025-02-20,2025-02-22,"[0.5, 0.4, 0.4]","[14.3, 14.4, 20.2]",2026-08-14 06:28:39.730353
HUB09-HUB11,2025-01-23,2025-01-26,"[0.0, 0.7, None, 0.2]","[8.7, 16.9, 18.9, 2.9]",2026-08-14 06:28:39.730503
HUB16-HUB05,2024-06-26,2024-06-28,"[0.0, 0.0, 0.0]","[14.8, 11.6, 20.5]",2026-08-14 06:28:39.730655
HUB16-HUB14,2025-02-13,2025-02-15,"[0.7, 0.0, 0.4]","[9.8, 14.0, 13.3]",2026-08-14 06:28:39.730794
HUB07-HUB01,2023-12-14,2023-12-17,"[1.0, 0.7, 0.0, 0.0]","[27.4, 21.4, 23.3, 15.7]",2026-08-14 06:28:39.730941
HUB03-HUB08,2025-07-30,2025-08-01,"[0.5, 0.3, 10.0]","[13.7, 11.9, 8.3]",2026-08-14 06:28:39.731077
HUB12-HUB02,2025-08-27,2025-08-29,"[69.8, 0.0, 0.5]","[12.1, 12.4, 15.5]",2026-08-14 06:28:39.731244
HUB17-HUB01,2023-11-14,2023-11-17,"[0.7, 0.9, 0.0, 0.0]","[20.0, 14.0, 15.8, 12.0]",2026-08-14 06:28:39.731396
HUB11-HUB06,2025-06-13,2025-06-17,"[0.2, 0.0, 0.8, 7.5, 19.9]","[12.6, 14.6, 14.9, 13.3, 18.2]",2026-08-14 06:28:39.731552
HUB08-HUB12,2023-04-08,2023-04-12,"[1.0, 0.6, 0.9, 0.3, 0.6]","[11.9, 29.7, 16.3, 6.2, 9.2]",2026-08-14 06:28:39.731726
HUB05-HUB17,2025-12-10,2025-12-14,"[0.0, 0.6, 0.0, 0.1, 0.5]","[42.4, 22.5, 26.5, 21.9, 19.2]",2026-08-14 06:28:39.731883
HUB06-HUB03,2025-02-19,2025-02-21,"[0.1, 0.0, 1.2]","[6.9, 26.5, 25.0]",2026-08-14 06:28:39.732020
HUB14-HUB07,2025-10-04,2025-10-08,"[0.3, 0.8, 0.0, None, 2.3]","[12.2, 12.6, 17.1, 18.7, 8.4]",2026-08-14 06:28:39.732234
HUB07-HUB05,2023-10-23,2023-10-24,"[0.0, 0.0]","[16.2, 10.4]",2026-08-14 06:28:39.732386
HUB10-HUB16,2025-03-31,2025-04-03,"[0.0, 0.5, 0.8, 0.7]","[10.3, 14.8, 16.4, 10.5]",2026-08-14 06:28:39.732548
HUB11-HUB10,2025-02-23,2025-02-26,"[3.3, None, 1.0, 0.0]","[15.7, 28.8, 19.3, 6.4]",2026-08-14 06:28:39.732718
HUB06-HUB16,2023-11-10,2023-11-12,"[0.1, 1.0, 1.3]","[11.0, 16.2, 11.9]",2026-08-14 06:28:39.732860
HUB06-HUB15,2024-02-02,2024-02-04,"[3.9, 1.1, 4.1]","[11.6, 5.0, 7.0]",2026-08-14 06:28:39.732997
HUB13-HUB09,2024-01-12,2024-01-16,"[0.0, 0.0, 0.2, 0.6, 0.2]","[18.0, 12.1, 13.1, 15.0, 9.4]",2026-08-14 06:28:39.733193
HUB12-HUB05,2025-11-10,2025-11-14,"[0.0, 0.0, 0.6, 0.2, 1.3]","[17.2, 17.2, 14.7, 16.4, 16.2]",2026-08-14 06:28:39.733360
HUB14-HUB11,2025-09-03,2025-09-04,"[0.1, 1.6]","[16.3, 23.2]",2026-08-14 06:28:39.733488
HUB10-HUB04,2024-11-29,2024-12-03,"[0.2, 0.0, 0.7, 1.7, 0.1]","[16.4, 12.5, 15.3, 9.7, 8.6]",2026-08-14 06:28:39.733653
HUB01-HUB18,2024-03-16,2024-03-17,"[0.0, 0.2]","[14.6, 17.6]",2026-08-14 06:28:39.733782
HUB12-HUB08,2024-09-23,2024-09-27,"[0.2, 0.0, 0.2, 0.0, 0.0]","[15.1, 16.7, 8.0, 15.4, 14.4]",2026-08-14 06:28:39.733936
HUB01-HUB08,2023-12-15,2023-12-17,"[0.5, 4.1, 0.4]","[13.6, 15.3, 16.2]",2026-08-14 06:28:39.734118
HUB07-HUB03,2025-05-08,2025-05-10,"[0.0, 0.0, 0.1]","[31.8, 23.9, 31.8]",2026-08-14 06:28:39.734302
HUB14-HUB13,2023-04-20,2023-04-21,"[6.0, 1.1]","[12.2, 6.3]",2026-08-14 06:28:39.734434
HUB05-HUB13,2023-07-19,2023-07-23,"[7.4, 15.0, 10.1, 1.6, 15.5]","[18.3, 10.6, 12.7, 13.7, 1.5]",2026-08-14 06:28:39.734605
HUB16-HUB06,2025-01-21,2025-01-23,"[0.0, 0.0, 0.1]","[15.3, 17.7, 15.9]",2026-08-14 06:28:39.734746
HUB13-HUB06,2024-07-01,2024-07-05,"[0.5, 0.9, 0.6, 12.0, 12.9]","[17.4, 14.3, 13.3, 12.7, 11.9]",2026-08-14 06:28:39.734903
HUB17-HUB05,2025-06-13,2025-06-17,"[0.0, 0.0, 0.5, 0.4, 0.1]","[12.4, 17.9, 14.0, 16.9, 22.9]",2026-08-14 06:28:39.735059
HUB10-HUB15,2025-08-08,2025-08-10,"[0.2, 11.5, 71.4]","[12.5, 10.3, 11.4]",2026-08-14 06:28:39.735232
HUB09-HUB16,2023-03-17,2023-03-19,"[0.0, 22.1, 0.0]","[9.1, 11.6, 14.0]",2026-08-14 06:28:39.735376
HUB03-HUB12,2024-10-21,2024-10-24,"[0.0, 0.0, 10.4, 0.1]","[5.2, 22.8, 29.5, 24.7]",2026-08-14 06:28:39.735523
HUB17-HUB18,2023-06-02,2023-06-04,"[16.8, 0.2, 1.1]","[10.4, 27.3, 19.8]",2026-08-14 06:28:39.735673
HUB12-HUB07,2023-06-30,2023-07-05,"[14.1, 0.0, 18.2, 4.7, 0.6, 0.0]","[14.6, 13.4, 17.0, 22.3, 18.5, 16.2]",2026-08-14 06:28:39.735840
HUB15-HUB16,2023-08-04,2023-08-05,"[52.9, 0.0]","[12.4, 20.5]",2026-08-14 06:28:39.735966
HUB05-HUB18,2023-11-25,2023-11-28,"[0.0, 0.1, 1.6, 1.1]","[11.3, 22.2, 18.9, 27.4]",2026-08-14 06:28:39.736109
HUB04-HUB02,2024-09-07,2024-09-08,"[0.2, 0.0]","[11.8, 7.0]",2026-08-14 06:28:39.736266
HUB07-HUB05,2025-03-24,2025-03-25,"[0.6, 0.0]","[13.7, 14.0]",2026-08-14 06:28:39.736393
HUB09-HUB10,2025-02-16,2025-02-19,"[0.0, 0.9, 0.6, 0.4]","[23.4, 23.5, 3.9, 25.7]",2026-08-14 06:28:39.736538
HUB16-HUB10,2023-05-31,2023-06-03,"[0.6, 9.4, 1.4, 0.3]","[23.6, 20.5, 5.2, 14.9]",2026-08-14 06:28:39.736705
HUB05-HUB11,2025-09-16,2025-09-20,"[14.4, 0.0, 1.4, 1.5, 1.4]","[10.4, 27.5, 1.3, 17.5, 16.6]",2026-08-14 06:28:39.736862
HUB04-HUB12,2023-12-02,2023-12-05,"[0.0, 0.0, 0.0, 0.6]","[15.4, 29.6, 17.4, 14.9]",2026-08-14 06:28:39.737008
HUB03-HUB02,2025-02-21,2025-02-22,"[0.6, 1.1]","[7.0, 13.0]",2026-08-14 06:28:39.737153
HUB08-HUB18,2023-09-29,2023-10-01,"[0.2, 0.7, 0.0]","[16.7, 24.0, 18.2]",2026-08-14 06:28:39.737302
HUB02-HUB01,2023-05-01,2023-05-02,"[1.1, 0.0]","[17.2, 18.9]",2026-08-14 06:28:39.737428
HUB02-HUB16,2024-08-21,2024-08-22,"[8.2, 9.4]","[12.7, 10.4]",2026-08-14 06:28:39.737553
HUB07-HUB10,2023-05-28,2023-06-01,"[1.5, None, 42.8, 0.8, 0.0]","[12.8, 22.3, 25.6, 27.3, 9.7]",2026-08-14 06:28:39.737725
HUB09-HUB07,2023-09-10,2023-09-12,"[0.4, 0.7, 0.4]","[14.4, 10.2, 13.0]",2026-08-14 06:28:39.737862
HUB08-HUB04,2025-12-07,2025-12-09,"[0.0, 0.5, 0.2]","[20.5, 24.6, 7.2]",2026-08-14 06:28:39.737997
HUB17-HUB10,2024-12-19,2024-12-21,"[1.1, None, 0.0]","[35.8, 23.4, 15.5]",2026-08-14 06:28:39.738197
HUB17-HUB01,2023-11-15,2023-11-18,"[0.7, 1.2, 1.2, 1.0]","[12.7, 13.5, 18.0, 24.4]",2026-08-14 06:28:39.738353
HUB11-HUB09,2024-07-27,2024-07-30,"[0.7, 0.0, 0.7, 0.0]","[13.9, 18.4, 16.5, 15.8]",2026-08-14 06:28:39.738503
HUB17-HUB18,2024-09-23,2024-09-26,"[1.5, 0.3, 0.0, 0.0]","[9.9, 6.3, 11.3, 14.1]",2026-08-14 06:28:39.738666
HUB16-HUB06,2025-05-02,2025-05-04,"[None, 0.0, 0.4]","[19.1, 9.9, 12.2]",2026-08-14 06:28:39.738808
HUB01-HUB07,2025-08-01,2025-08-04,"[19.6, 2.1, 0.0, 1.0]","[12.9, 16.4, 16.1, 20.1]",2026-08-14 06:28:39.738954
HUB10-HUB09,2024-05-12,2024-05-15,"[0.5, None, 0.0, 6.5]","[22.5, 12.6, 18.5, 16.2]",2026-08-14 06:28:39.739107
HUB07-HUB18,2025-03-23,2025-03-26,"[0.7, 0.8, 0.0, 0.6]","[20.6, 9.6, 14.4, 7.7]",2026-08-14 06:28:39.739288
HUB02-HUB10,2023-09-24,2023-09-27,"[1.1, 3.6, 13.5, 0.3]","[4.7, 24.2, 11.0, 25.6]",2026-08-14 06:28:39.739517
HUB12-HUB06,2025-06-26,2025-07-01,"[0.7, 0.0, 0.5, 0.2, 0.9, 0.2]","[12.7, 11.0, 13.6, 16.4, 11.5, 13.8]",2026-08-14 06:28:39.739737
HUB10-HUB01,2025-11-12,2025-11-15,"[0.0, 0.0, 0.4, 0.4]","[15.4, 17.3, 7.5, 21.0]",2026-08-14 06:28:39.739894
HUB12-HUB02,2023-02-05,2023-02-07,"[0.6, 0.0, 0.5]","[7.9, 15.0, 19.4]",2026-08-14 06:28:39.740034
HUB05-HUB02,2024-05-13,2024-05-16,"[0.1, 0.7, 1.0, 3.1]","[17.4, 12.1, 14.8, 21.4]",2026-08-14 06:28:39.740224
HUB16-HUB06,2023-09-02,2023-09-04,"[0.1, 0.2, 0.0]","[14.2, 12.7, 12.7]",2026-08-14 06:28:39.740371
HUB08-HUB03,2025-12-10,2025-12-12,"[1.4, 0.5, 0.9]","[22.9, 13.9, 16.6]",2026-08-14 06:28:39.740507
HUB05-HUB14,2025-10-25,2025-10-28,"[0.0, 0.0, 0.5, 0.7]","[15.8, 20.0, 10.0, 18.3]",2026-08-14 06:28:39.740665
HUB05-HUB06,2023-04-27,2023-04-28,"[0.3, 0.6]","[2.8, 14.2]",2026-08-14 06:28:39.740797
HUB05-HUB08,2023-09-21,2023-09-22,"[0.4, 0.8]","[14.1, 15.4]",2026-08-14 06:28:39.740921
HUB03-HUB12,2025-10-01,2025-10-04,"[1.2, 9.6, 6.4, 0.7]","[24.6, 18.0, 20.5, 25.6]",2026-08-14 06:28:39.741067
HUB16-HUB07,2025-08-03,2025-08-05,"[0.0, 1.2, 0.3]","[13.6, 11.9, 19.8]",2026-08-14 06:28:39.741237
HUB04-HUB16,2024-01-04,2024-01-06,"[0.9, 0.0, 7.0]","[20.5, 14.6, 14.2]",2026-08-14 06:28:39.741380
HUB14-HUB12,2023-08-04,2023-08-06,"[0.0, 0.9, 0.5]","[13.9, 5.8, 10.2]",2026-08-14 06:28:39.741518
HUB08-HUB15,2025-04-01,2025-04-03,"[8.0, 0.5, None]","[17.8, 10.3, 19.0]",2026-08-14 06:28:39.741671
HUB03-HUB13,2023-06-13,2023-06-16,"[16.1, 1.1, 0.5, 1.3]","[12.9, 17.3, 12.2, 12.3]",2026-08-14 06:28:39.741820
HUB15-HUB06,2023-10-19,2023-10-21,"[0.8, 1.3, 1.2]","[17.2, 17.3, 16.0]",2026-08-14 06:28:39.741956
HUB15-HUB11,2025-07-30,2025-08-01,"[0.3, 31.2, 5.6]","[11.0, 11.9, 25.5]",2026-08-14 06:28:39.742152
HUB14-HUB01,2024-06-12,2024-06-14,"[0.8, 1.4, 31.4]","[16.9, 8.4, 14.5]",2026-08-14 06:28:39.742329
HUB07-HUB04,2024-04-22,2024-04-24,"[0.5, 0.7, 0.0]","[21.9, 22.1, 14.3]",2026-08-14 06:28:39.742474
HUB01-HUB10,2025-06-18,2025-06-21,"[0.3, 0.9, 0.6, 0.7]","[12.8, 30.2, 16.2, 29.7]",2026-08-14 06:28:39.742633
HUB15-HUB02,2025-09-23,2025-09-24,"[0.0, 6.1]","[6.7, 6.1]",2026-08-14 06:28:39.742760
HUB14-HUB15,2023-03-31,2023-04-01,"[0.0, 0.0]","[11.4, 19.3]",2026-08-14 06:28:39.742881
HUB16-HUB04,2023-03-28,2023-03-30,"[0.2, 0.3, 1.1]","[23.7, 17.0, 11.6]",2026-08-14 06:28:39.743012
HUB01-HUB16,2024-10-06,2024-10-08,"[0.0, 0.3, 1.3]","[16.1, 10.9, 13.5]",2026-08-14 06:28:39.743176
HUB16-HUB18,2024-03-19,2024-03-20,"[0.0, 0.6]","[12.3, 11.3]",2026-08-14 06:28:39.743311
HUB02-HUB17,2025-11-07,2025-11-10,"[0.1, 0.0, 0.4, 0.3]","[16.3, 14.2, 24.0, 26.2]",2026-08-14 06:28:39.743454
HUB01-HUB11,2023-01-31,2023-02-03,"[0.9, 0.0, 0.9, 0.5]","[16.6, 5.4, 5.4, 28.1]",2026-08-14 06:28:39.743610
HUB14-HUB18,2023-02-06,2023-02-08,"[0.2, 0.0, 0.0]","[15.4, 5.6, 21.1]",2026-08-14 06:28:39.743750
HUB14-HUB03,2023-03-03,2023-03-05,"[0.4, 0.6, 0.2]","[13.4, 11.0, 3.0]",2026-08-14 06:28:39.743880
HUB08-HUB16,2024-05-06,2024-05-07,"[0.0, 0.0]","[16.3, 17.0]",2026-08-14 06:28:39.744002
HUB14-HUB03,2025-01-26,2025-01-28,"[0.3, 0.0, 0.2]","[9.6, 15.4, 8.4]",2026-08-14 06:28:39.744148
HUB06-HUB07,2024-09-29,2024-09-30,"[0.0, 5.0]","[6.4, 13.5]",2026-08-14 06:28:39.744284
HUB03-HUB06,2025-01-09,2025-01-11,"[1.5, 0.1, 0.0]","[17.7, 15.7, 14.1]",2026-08-14 06:28:39.744417
HUB07-HUB09,2023-06-23,2023-06-25,"[0.2, 12.4, 0.0]","[8.8, 16.5, 12.7]",2026-08-14 06:28:39.744552
HUB17-HUB12,2023-08-30,2023-09-01,"[6.6, 0.0, None]","[20.1, 20.3, 11.2]",2026-08-14 06:28:39.744699
HUB10-HUB15,2025-06-11,2025-06-14,"[0.3, 0.2, 0.2, 0.0]","[15.5, 13.6, 17.8, 14.3]",2026-08-14 06:28:39.744841
HUB14-HUB11,2023-08-20,2023-08-22,"[1.1, 39.4, 11.7]","[14.1, 22.8, 7.9]",2026-08-14 06:28:39.744972
HUB11-HUB17,2024-04-21,2024-04-23,"[0.0, 0.1, 1.4]","[10.9, 11.3, 20.2]",2026-08-14 06:28:39.745105
HUB12-HUB11,2023-11-19,2023-11-20,"[0.8, 0.6]","[29.3, 20.1]",2026-08-14 06:28:39.745261
HUB13-HUB07,2024-05-04,2024-05-08,"[0.5, 0.0, 0.0, 0.5, 12.7]","[14.5, 19.0, 22.5, 18.0, 12.1]",2026-08-14 06:28:39.745424
HUB02-HUB11,2025-09-08,2025-09-10,"[0.8, 0.1, 0.4]","[25.9, 10.2, 20.3]",2026-08-14 06:28:39.745558
HUB02-HUB12,2023-03-31,2023-04-02,"[0.6, 0.0, 0.0]","[13.7, 20.2, 22.3]",2026-08-14 06:28:39.745709
HUB03-HUB09,2023-03-06,2023-03-08,"[0.1, 1.3, 0.0]","[19.0, 12.0, 15.9]",2026-08-14 06:28:39.745847
HUB03-HUB04,2024-03-03,2024-03-04,"[0.4, 0.3]","[29.3, 19.0]",2026-08-14 06:28:39.745971
HUB13-HUB06,2023-01-26,2023-01-30,"[0.0, 0.3, 0.0, 0.8, 0.6]","[19.6, 13.4, 18.0, 10.3, 8.8]",2026-08-14 06:28:39.746198
HUB08-HUB01,2025-08-03,2025-08-05,"[28.2, 8.4, 0.2]","[13.0, 17.9, 13.8]",2026-08-14 06:28:39.746361
HUB07-HUB11,2023-09-26,2023-10-01,"[1.2, 0.6, 0.0, 0.0, None, 15.2]","[15.9, 15.4, 12.8, 18.7, 22.8, 14.0]",2026-08-14 06:28:39.746532
HUB16-HUB07,2023-08-10,2023-08-12,"[1.1, 0.7, 0.7]","[18.6, 13.1, 15.0]",2026-08-14 06:28:39.746685
HUB09-HUB15,2025-06-07,2025-06-09,"[0.0, 0.0, 0.1]","[12.8, 14.9, 10.7]",2026-08-14 06:28:39.746823
HUB14-HUB17,2024-09-09,2024-09-10,"[54.1, 10.1]","[0.1, 19.1]",2026-08-14 06:28:39.746951
HUB12-HUB18,2024-01-29,2024-02-01,"[0.4, 0.0, 0.7, 0.5]","[10.1, 16.6, 6.7, 16.2]",2026-08-14 06:28:39.747098
HUB04-HUB12,2025-09-17,2025-09-21,"[12.0, 14.3, 0.6, 0.0, 2.1]","[13.7, 21.6, 7.9, 0.1, 8.5]",2026-08-14 06:28:39.747289
HUB07-HUB18,2023-01-03,2023-01-06,"[1.3, 0.2, 0.0, 0.0]","[26.5, 10.7, 21.4, 23.9]",2026-08-14 06:28:39.747437
HUB06-HUB17,2025-03-21,2025-03-24,"[0.0, 1.0, 0.0, 3.0]","[1.7, 11.9, 19.0, 14.8]",2026-08-14 06:28:39.747594
HUB13-HUB18,2025-06-28,2025-06-30,"[7.0, 0.2, 0.3]","[29.2, 12.9, 23.4]",2026-08-14 06:28:39.747738
HUB07-HUB10,2024-09-14,2024-09-18,"[0.0, 0.0, 14.1, 12.7, 0.0]","[3.3, 10.8, 12.0, 6.1, 12.6]",2026-08-14 06:28:39.747892
HUB11-HUB06,2025-07-31,2025-08-04,"[4.5, 0.5, 18.5, 0.1, 10.3]","[19.0, 9.7, 9.2, 11.5, 14.9]",2026-08-14 06:28:39.748044
HUB16-HUB01,2023-04-08,2023-04-10,"[10.3, 0.4, 0.0]","[17.5, 19.3, 13.9]",2026-08-14 06:28:39.748206
HUB07-HUB11,2024-04-23,2024-04-28,"[0.1, 0.0, 0.0, 0.7, 0.0, 5.3]","[14.5, 4.1, 32.1, 13.3, 3.7, 4.5]",2026-08-14 06:28:39.748378
HUB18-HUB07,2024-04-08,2024-04-11,"[0.0, 0.6, 0.0, None]","[11.8, 17.0, 12.7, 13.7]",2026-08-14 06:28:39.748523
HUB04-HUB16,2023-11-15,2023-11-17,"[0.3, 0.6, 0.5]","[13.4, 11.7, 17.9]",2026-08-14 06:28:39.748669
HUB02-HUB08,2024-03-12,2024-03-14,"[0.0, 0.2, 0.6]","[11.5, 10.6, 17.9]",2026-08-14 06:28:39.748802
HUB04-HUB06,2023-05-11,2023-05-13,"[0.8, 0.2, 9.0]","[14.6, 14.9, 23.3]",2026-08-14 06:28:39.748935
HUB09-HUB13,2023-05-01,2023-05-05,"[0.0, 1.5, 0.3, 0.0, 0.9]","[21.0, 22.8, 17.4, 20.2, 14.2]",2026-08-14 06:28:39.749087
HUB01-HUB05,2025-08-15,2025-08-17,"[0.0, 1.0, 21.5]","[17.3, 17.9, 16.5]",2026-08-14 06:28:39.749254
HUB07-HUB18,2024-03-13,2024-03-15,"[0.7, 4.2, 1.0]","[14.4, 9.8, 19.0]",2026-08-14 06:28:39.749388
HUB06-HUB11,2025-04-02,2025-04-06,"[0.3, 0.0, 0.0, 2.2, 0.1]","[9.0, 10.9, 25.8, 19.5, 8.4]",2026-08-14 06:28:39.749540
HUB06-HUB12,2023-02-17,2023-02-21,"[0.4, 0.3, 0.0, 0.5, 0.0]","[15.4, 9.6, 21.0, 26.4, 0.8]",2026-08-14 06:28:39.749705
HUB04-HUB11,2025-09-09,2025-09-12,"[0.5, 0.0, None, 0.4]","[24.6, 14.4, 8.7, 5.0]",2026-08-14 06:28:39.749863
HUB09-HUB14,2023-05-06,2023-05-08,"[0.0, 1.6, 0.8]","[13.9, 12.7, 14.4]",2026-08-14 06:28:39.750210
HUB05-HUB07,2023-01-31,2023-02-01,"[0.0, 0.1]","[11.2, 12.8]",2026-08-14 06:28:39.750379
HUB13-HUB16,2025-04-04,2025-04-06,"[0.5, 0.1, 0.4]","[17.2, 18.3, 12.9]",2026-08-14 06:28:39.750526
HUB11-HUB02,2024-10-14,2024-10-16,"[1.0, 0.0, 1.0]","[12.4, 20.0, 17.3]",2026-08-14 06:28:39.750676
