order_id,anomaly_type,requires_manual_review
ORD025565,,0
ORD031488,,0
ORD025280,,0
ORD000373,,0
ORD046699,,0
ORD001975,weight_discrepancy,1
ORD005161,,0
ORD001090,,0
ORD019871,,0
ORD058977,,0
ORD027479,,0
ORD054032,,0
ORD044594,,0
ORD050589,,0
ORD006792,,0
ORD029487,,0
ORD010954,,0
ORD037942,,0
ORD031387,,0
ORD009372,,0
ORD001724,,0
ORD029326,,0
ORD037543,,0
ORD057250,,0
ORD019176,,0
ORD001238,,0
ORD006121,detention_padding,1
ORD055775,,0
ORD024753,,0
ORD041049,,0
ORD054388,,0
ORD003387,,0
ORD041992,,0
ORD058304,,0
ORD035322,,0
ORD026917,,0
ORD012439,,0
ORD017689,,0
ORD035096,toll_inflation,1
ORD046375,,0
ORD024809,,0
ORD000009,,0
ORD031876,weight_discrepancy,1
ORD025963,,0
ORD046100,,0
ORD034601,,0
ORD033707,,0
ORD024264,,0
ORD028335,,0
ORD029540,,0
ORD018369,,0
ORD016526,,0
ORD037598,,0
ORD050495,,0
ORD042951,,0
ORD015432,toll_inflation,1
ORD055292,,0
ORD002780,,0
ORD002935,,0
ORD056621,,0
ORD059100,,0
ORD049243,,0
ORD046443,,0
ORD052732,detention_padding,1
ORD037428,,0
ORD035633,,0
ORD036008,,0
ORD025912,,0
ORD010046,,0
ORD025853,,0
ORD033863,,0
ORD044137,,0
ORD007405,,0
ORD010627,,0
ORD040385,,0
ORD056716,detention_padding,1
ORD046125,,0
ORD057470,,0
ORD033428,,0
ORD012899,,0
ORD054244,,0
ORD046860,toll_inflation,1
ORD046154,,0
ORD030024,,0
ORD009442,,0
ORD023486,,0
ORD057907,,0
ORD043973,,0
ORD016740,,0
ORD041887,,0
ORD034692,,0
ORD059909,,0
ORD035377,,0
ORD058050,,0
ORD019715,,0
ORD053019,,0
ORD051281,,0
ORD056221,toll_inflation,1
ORD052803,,0
ORD028846,,0
ORD031635,,0
ORD035037,,0
ORD055022,,0
ORD012786,,0
ORD022953,,0
ORD017221,,0
ORD046634,,0
ORD014351,weight_discrepancy,1
ORD004900,,0
ORD036357,,0
ORD057763,,0
ORD035441,,0
ORD035597,,0
ORD009470,,0
ORD020869,,0
ORD012469,,0
ORD035827,,0
ORD035296,toll_inflation,1
ORD059049,,0
ORD025460,,0
ORD046051,,0
ORD048809,,0
ORD047096,,0
ORD025547,,0
ORD057207,,0
ORD058985,detention_padding,1
ORD020179,,0
ORD054490,,0
ORD011982,weight_discrepancy,1
ORD006309,,0
ORD044328,,0
ORD033367,,0
ORD010499,,0
ORD009277,,0
ORD058365,,0
ORD016754,,0
ORD021303,,0
ORD041594,,0
ORD030284,,0
ORD037084,,0
ORD053244,,0
ORD000994,weight_discrepancy,1
ORD039790,,0
ORD042869,,0
ORD050462,,0
ORD008219,,0
ORD021584,,0
ORD027111,,0
ORD042925,,0
ORD039864,,0
ORD016097,,0
ORD052545,,0
ORD017569,,0
ORD053360,,0
ORD018012,,0
ORD010337,,0
ORD001649,,0
ORD005612,,0
ORD002850,,0
ORD013695,,0
ORD033989,,0
ORD013910,,0
ORD020736,,0
ORD038766,,0
ORD047661,,0
ORD031591,,0
ORD059361,,0
ORD014912,,0
ORD031841,,0
ORD015916,,0
ORD035834,,0
ORD053397,,0
ORD031724,,0
ORD026352,,0
ORD052777,,0
ORD051580,,0
ORD037940,,0
ORD022329,,0
ORD026462,,0
ORD043810,,0
ORD057180,,0
ORD049992,,0
ORD032414,,0
ORD041562,,0
ORD025421,,0
ORD004053,,0
ORD028611,,0
ORD016727,,0
ORD038773,,0
ORD004645,,0
ORD014343,,0
ORD033580,,0
ORD022462,,0
ORD056264,,0
ORD019827,,0
ORD006415,toll_inflation,1
ORD039922,,0
ORD020220,,0
ORD020539,,0
ORD024255,,0
ORD034867,,0
ORD008813,,0
ORD023373,,0
ORD000979,detention_padding,1
ORD030693,,0
ORD010388,,0
ORD001986,,0
ORD021174,,0
ORD049050,,0
ORD006434,,0
ORD021399,,0
ORD035330,,0
ORD024521,,0
ORD039190,,0
ORD036746,,0
ORD011790,,0
ORD009983,,0
ORD059752,weight_discrepancy,1
ORD012535,,0
ORD030236,,0
ORD055384,,0
ORD010746,,0
ORD045862,,0
ORD023654,toll_inflation,1
ORD024661,,0
ORD050530,,0
ORD015104,,0
ORD036094,,0
ORD031278,,0
ORD043330,,0
ORD013784,,0
ORD046101,,0
ORD047663,,0
ORD001088,,0
ORD039727,detention_padding,1
ORD024648,detention_padding,1
ORD059222,,0
ORD046123,,0
ORD042292,,0
ORD027518,,0
ORD028506,,0
ORD026931,,0
ORD004442,,0
ORD021117,,0
ORD059711,,0
ORD041850,,0
ORD035614,,0
ORD048089,,0
ORD047170,,0
ORD056577,,0
ORD026251,,0
ORD048009,,0
ORD019462,,0
ORD030557,,0
ORD040825,,0
ORD003916,,0
ORD029403,,0
ORD006185,,0
ORD020017,,0
ORD037322,,0
ORD046595,toll_inflation,1
ORD040631,,0
ORD058957,,0
ORD054481,,0
ORD002355,,0
ORD035440,,0
ORD035034,,0
ORD020460,,0
ORD024467,,0
ORD048676,,0
ORD058462,,0
ORD024588,,0
ORD047807,,0
ORD028008,,0
ORD059836,,0
ORD009311,,0
ORD059266,,0
ORD013996,,0
ORD033202,,0
ORD020489,,0
ORD036705,,0
ORD007462,,0
ORD059931,,0
ORD005022,,0
ORD019184,,0
ORD026860,,0
ORD046489,,0
ORD032906,,0
ORD056883,,0
ORD042481,,0
ORD035654,,0
ORD003673,,0
ORD030645,,0
ORD018994,,0
ORD045853,,0
ORD058265,,0
ORD012727,,0
ORD036160,,0
ORD018805,,0
ORD018712,,0
ORD012837,,0
ORD001661,,0
ORD051794,,0
ORD036795,,0
ORD027399,,0
ORD046820,,0
ORD022326,,0
ORD057466,,0
ORD026930,,0
ORD039613,,0
ORD037413,,0
ORD048322,,0
ORD026970,,0
ORD009545,,0
ORD008319,,0
ORD000004,,0
ORD049186,,0
ORD021972,,0
ORD009405,,0
ORD053212,,0
ORD033034,,0
ORD055996,,0
ORD015005,,0
ORD009150,,0
ORD004691,,0
ORD041601,detention_padding,1
ORD008851,detention_padding,1
ORD048158,,0
ORD044634,,0
ORD023601,,0
ORD049079,,0
ORD048984,,0
ORD058890,,0
ORD056679,,0
ORD059182,,0
ORD040988,,0
ORD028072,,0
ORD031357,,0
ORD047593,,0
ORD033954,,0
ORD010326,,0
ORD013895,,0
ORD013897,,0
ORD055112,,0
ORD027941,,0
ORD013819,,0
ORD028343,,0
ORD033666,,0
ORD034901,,0
ORD002615,,0
ORD026969,,0
ORD019652,,0
ORD057345,,0
ORD030634,,0
ORD042980,,0
ORD000898,,0
ORD057159,,0
ORD045864,,0
ORD047315,detention_padding,1
ORD030419,,0
ORD044713,,0
ORD058301,,0
ORD010922,weight_discrepancy,1
ORD049601,,0
ORD006584,,0
ORD025390,,0
ORD035858,,0
ORD024178,,0
ORD058079,,0
ORD039287,,0
ORD015502,,0
ORD058136,,0
ORD050764,,0
ORD020728,,0
ORD043849,,0
ORD041770,,0
ORD003210,,0
ORD052262,,0
ORD034384,,0
ORD038043,,0
ORD022823,,0
ORD044848,,0
ORD000345,,0
ORD036448,,0
ORD028055,,0
ORD005404,,0
ORD024399,,0
ORD029528,,0
ORD037324,,0
ORD054142,,0
ORD032447,,0
ORD007403,,0
ORD026490,,0
ORD046781,,0
ORD038905,,0
ORD043078,,0
ORD043194,,0
ORD037472,,0
ORD043279,,0
ORD050113,,0
ORD001689,,0
ORD002106,weight_discrepancy,1
ORD038048,,0
ORD002077,,0
ORD023914,,0
ORD003317,,0
ORD050810,,0
ORD034806,,0
ORD024916,,0
ORD026654,,0
ORD001793,,0
ORD016932,,0
ORD036398,,0
ORD051076,,0
ORD032830,,0
ORD050189,,0
ORD040717,,0
ORD037949,,0
ORD041705,,0
ORD033605,,0
ORD001981,,0
ORD024498,,0
ORD033796,,0
ORD025598,,0
ORD004407,,0
ORD015981,,0
ORD032000,,0
ORD004441,weight_discrepancy,1
ORD042690,,0
ORD045919,,0
ORD023471,,0
ORD010384,detention_padding,1
ORD055742,,0
ORD030244,,0
ORD036863,,0
ORD043607,,0
ORD029926,,0
ORD006033,,0
ORD029169,,0
ORD014805,,0
ORD039368,,0
ORD004771,,0
ORD038664,,0
ORD008150,,0
ORD030464,,0
ORD031174,,0
ORD038529,,0
ORD054660,,0
ORD053016,,0
ORD027043,,0
ORD055541,,0
ORD054282,,0
ORD042662,,0
ORD004338,,0
ORD042796,,0
ORD012998,,0
ORD046158,,0
ORD046793,,0
ORD022347,,0
ORD012464,,0
ORD012403,,0
ORD000252,,0
ORD030021,,0
ORD050718,,0
ORD059149,,0
ORD033805,,0
ORD023207,,0
ORD050229,,0
ORD004887,,0
ORD002553,detention_padding,1
ORD048849,,0
ORD019426,,0
ORD043694,,0
ORD023918,,0
ORD017706,,0
ORD034124,,0
ORD022972,,0
ORD027925,,0
ORD019300,toll_inflation,1
ORD029070,,0
ORD028722,,0
ORD047187,,0
ORD034759,,0
ORD023413,,0
ORD051694,,0
ORD001838,,0
ORD041752,,0
ORD028765,,0
ORD012496,,0
ORD046186,,0
ORD021686,,0
ORD052736,,0
ORD027460,,0
ORD036162,,0
ORD015301,,0
ORD042986,,0
ORD006946,,0
ORD052509,,0
ORD010782,,0
ORD032962,,0
ORD032747,,0
ORD016596,,0
ORD029687,,0
ORD050442,,0
ORD049745,,0
ORD044554,,0
ORD022216,,0
ORD031660,,0
ORD026772,,0
ORD020391,,0
ORD053190,,0
ORD037023,,0
ORD035844,,0
ORD041349,,0
ORD030621,,0
ORD028119,,0
ORD051948,,0
ORD003784,,0
ORD026967,,0
ORD044196,,0
ORD058891,,0
ORD020625,,0
ORD034070,,0
ORD057267,,0
ORD043392,,0
ORD047285,detention_padding,1
ORD025537,,0
ORD009909,,0
ORD015833,,0
ORD032826,,0
ORD024666,,0
ORD015482,,0
ORD039512,,0
ORD057163,toll_inflation,1
ORD054548,,0
ORD053127,,0
ORD055810,,0
ORD050730,,0
ORD030663,,0
ORD023753,,0
ORD009794,,0
ORD008049,toll_inflation,1
ORD043853,,0
ORD030998,,0
ORD043049,,0
ORD047706,,0
ORD033146,,0
ORD048840,,0
ORD038702,detention_padding,1
ORD003559,detention_padding,1
ORD046964,,0
ORD034404,,0
ORD008812,,0
ORD033035,,0
ORD008636,,0
ORD055065,,0
ORD024956,,0
ORD056849,,0
ORD019828,weight_discrepancy,1
ORD014327,,0
ORD009589,,0
ORD002020,,0
ORD054949,,0
ORD010468,,0
ORD001346,,0
ORD017951,,0
ORD040612,,0
ORD027440,,0
ORD050116,,0
ORD005155,,0
ORD042514,detention_padding,1
ORD000193,,0
ORD005085,,0
ORD050125,detention_padding,1
ORD002050,,0
ORD001801,detention_padding,1
ORD006103,,0
ORD019317,,0
ORD035709,,0
ORD033661,,0
ORD012298,,0
ORD025228,,0
ORD057237,,0
ORD055615,,0
ORD042075,,0
ORD011612,,0
ORD056576,,0
ORD007478,,0
ORD053643,,0
ORD036713,,0
ORD038204,,0
ORD016808,,0
ORD034681,,0
ORD014922,,0
ORD026043,,0
ORD057609,,0
ORD027932,,0
ORD032064,,0
ORD030223,,0
ORD018326,,0
ORD018352,,0
ORD054145,,0
ORD004523,,0
ORD034994,,0
ORD014157,,0
ORD038116,,0
ORD047727,weight_discrepancy,1
ORD034764,,0
ORD045284,,0
ORD002488,,0
ORD008090,,0
ORD051604,,0
ORD025712,,0
ORD038513,,0
ORD003564,,0
ORD028430,,0
ORD027271,,0
ORD052695,,0
ORD017183,weight_discrepancy,1
ORD040803,,0
ORD043595,weight_discrepancy,1
ORD021499,,0
ORD003500,,0
ORD022483,,0
ORD027547,,0
ORD020152,,0
ORD010988,,0
ORD017116,,0
ORD042446,weight_discrepancy,1
ORD059835,,0
ORD040701,,0
ORD037447,,0
ORD052975,,0
ORD003938,,0
ORD020440,,0
ORD026707,,0
ORD004426,,0
ORD050246,,0
ORD027327,,0
ORD003692,,0
ORD010419,,0
ORD032467,,0
ORD038679,,0
ORD026544,,0
ORD041550,,0
ORD024180,,0
ORD056081,,0
ORD059384,,0
ORD033100,,0
ORD033098,,0
ORD038974,,0
ORD018391,detention_padding,1
ORD006247,,0
ORD059463,,0
ORD058774,,0
ORD002932,,0
ORD057420,,0
ORD041213,,0
ORD036949,detention_padding,1
ORD000726,,0
ORD054453,,0
ORD006116,,0
ORD005911,,0
ORD056512,,0
ORD043602,,0
ORD033681,,0
ORD023529,,0
ORD011263,,0
ORD024513,,0
ORD026088,,0
ORD017726,,0
ORD041668,,0
ORD041408,,0
ORD031924,,0
ORD034033,,0
ORD027949,,0
ORD043821,,0
ORD006505,,0
ORD031524,,0
ORD008537,,0
ORD029919,weight_discrepancy,1
ORD034055,,0
ORD055923,,0
ORD037187,,0
ORD055912,,0
ORD021569,,0
ORD030247,,0
ORD001004,,0
ORD046601,,0
ORD021609,,0
ORD002281,,0
ORD059616,,0
ORD006379,,0
ORD012155,,0
ORD059884,,0
ORD002457,,0
ORD028570,,0
ORD018986,,0
ORD036833,,0
ORD041725,,0
ORD002541,,0
ORD043170,,0
ORD047400,,0
ORD027746,,0
ORD000269,,0
ORD036440,,0
ORD014349,,0
ORD018394,,0
ORD053815,,0
ORD032121,,0
ORD057646,,0
ORD057861,,0
ORD057150,,0
ORD037758,,0
ORD033715,,0
ORD039217,,0
ORD059226,,0
ORD000441,,0
ORD058306,,0
ORD020404,weight_discrepancy,1
ORD048178,,0
ORD045396,,0
ORD026596,,0
ORD036201,,0
ORD009912,,0
ORD041809,,0
ORD044260,,0
ORD047150,,0
ORD051155,,0
ORD020317,,0
ORD014348,,0
ORD039743,,0
ORD050520,,0
ORD055958,,0
ORD050350,,0
ORD026268,,0
ORD039750,,0
ORD014476,,0
ORD024116,,0
ORD036075,,0
ORD014651,,0
ORD032426,detention_padding,1
ORD026444,,0
ORD056139,,0
ORD009134,detention_padding,1
ORD027580,,0
ORD017062,,0
ORD041586,,0
ORD058576,,0
ORD024687,,0
ORD021329,,0
ORD020483,,0
ORD024817,,0
ORD036656,,0
ORD020248,,0
ORD010722,,0
ORD007563,,0
ORD041647,,0
ORD020064,,0
ORD035365,,0
ORD042070,,0
ORD009610,,0
ORD006626,,0
ORD050731,,0
ORD027928,,0
ORD055755,,0
ORD043404,,0
ORD021043,,0
ORD039023,,0
ORD002610,,0
ORD012845,,0
ORD007778,,0
ORD007798,,0
ORD041156,,0
ORD007846,,0
ORD030222,,0
ORD018322,,0
ORD057600,detention_padding,1
ORD027951,,0
ORD058920,,0
ORD028401,,0
ORD052977,,0
ORD022809,,0
ORD024012,,0
ORD000570,,0
ORD022951,,0
ORD043633,,0
ORD049699,,0
ORD004194,,0
ORD017733,,0
ORD014653,,0
ORD001811,,0
ORD051180,,0
ORD059142,,0
ORD025030,,0
ORD058619,,0
ORD015581,,0
ORD023535,,0
ORD006417,,0
ORD004843,,0
ORD040040,,0
ORD042048,,0
ORD047920,,0
ORD059006,,0
ORD036118,,0
ORD041294,,0
ORD046399,,0
ORD033383,,0
ORD021936,,0
ORD050611,,0
ORD014382,,0
ORD015342,,0
ORD025295,,0
ORD015351,,0
ORD051919,,0
ORD014156,,0
ORD045946,,0
ORD042766,,0
ORD000583,,0
ORD017675,,0
ORD036234,,0
ORD017127,toll_inflation,1
ORD031030,,0
ORD013003,,0
ORD028514,,0
ORD027522,,0
ORD055702,,0
ORD000724,toll_inflation,1
ORD056017,,0
ORD008367,,0
ORD031310,,0
ORD003924,,0
ORD026185,,0
ORD056260,,0
ORD010767,,0
ORD045182,,0
ORD011522,,0
ORD038242,,0
ORD052622,,0
ORD028738,,0
ORD003870,,0
ORD032939,,0
ORD001468,,0
ORD035792,,0
ORD018537,,0
ORD000910,,0
ORD035060,,0
ORD044734,,0
ORD057471,,0
ORD008548,toll_inflation,1
ORD032502,,0
ORD057416,,0
ORD037445,,0
ORD031560,,0
ORD015383,,0
ORD008963,,0
ORD033838,weight_discrepancy,1
ORD006219,,0
ORD022120,,0
ORD021261,,0
ORD000886,toll_inflation,1
ORD042390,,0
ORD011979,detention_padding,1
ORD000417,,0
ORD038231,,0
ORD059481,,0
ORD059137,,0
ORD035836,,0
ORD042371,,0
ORD006445,,0
ORD024317,,0
ORD010210,,0
ORD009566,,0
ORD049224,,0
ORD020615,,0
ORD047327,,0
ORD051361,,0
ORD019181,,0
ORD021889,,0
ORD010930,,0
ORD053445,,0
ORD014798,,0
ORD014903,,0
ORD051422,,0
ORD025497,detention_padding,1
ORD021730,,0
ORD046974,,0
ORD029413,,0
ORD052191,,0
ORD030065,,0
ORD006181,,0
ORD052370,,0
ORD058886,,0
ORD003510,weight_discrepancy,1
ORD009394,,0
ORD045742,,0
ORD040763,,0
ORD029613,,0
ORD044773,,0
ORD058729,,0
ORD040259,,0
ORD016822,,0
ORD010698,,0
ORD039604,,0
ORD016236,,0
ORD029638,toll_inflation,1
ORD010868,,0
ORD015943,,0
ORD021745,,0
ORD041017,,0
ORD009110,,0
ORD052842,,0
ORD038681,,0
ORD059893,,0
ORD042154,,0
ORD039004,,0
ORD020108,,0
ORD046581,,0
ORD016641,,0
ORD004891,,0
ORD046566,,0
ORD050606,,0
ORD053895,,0
ORD023637,,0
ORD036250,,0
ORD024822,,0
ORD047636,,0
ORD014189,,0
ORD018936,,0
ORD052361,,0
ORD013915,,0
ORD017165,,0
ORD026435,,0
ORD014916,,0
ORD005936,,0
ORD005245,,0
ORD002976,,0
ORD039799,,0
ORD055118,,0
ORD042689,,0
ORD006524,,0
ORD037637,,0
ORD055505,,0
ORD055242,,0
ORD019750,,0
ORD019745,,0
ORD040781,,0
ORD033018,,0
ORD029682,,0
ORD009756,,0
ORD014069,,0
ORD029772,,0
ORD032181,,0
ORD041612,,0
ORD028924,,0
ORD022167,,0
ORD007927,,0
ORD000393,,0
ORD036013,,0
ORD039562,,0
ORD020618,,0
ORD004928,,0
ORD042931,,0
ORD023756,,0
ORD018448,weight_discrepancy,1
ORD058234,,0
ORD058372,,0
ORD034868,,0
ORD032692,,0
ORD010548,,0
ORD016326,,0
ORD040856,,0
ORD040929,,0
ORD050461,,0
ORD043052,,0
ORD018952,,0
ORD016347,,0
ORD029625,,0
ORD012977,,0
ORD004704,,0
ORD055301,,0
ORD037747,,0
ORD048834,,0
ORD052379,,0
ORD011685,,0
ORD034415,,0
ORD041119,,0
ORD005680,,0
ORD028065,,0
ORD039581,,0
ORD027929,,0
ORD047927,,0
ORD003251,,0
ORD026798,,0
ORD042787,,0
ORD055028,,0
ORD039215,,0
ORD032048,,0
ORD057205,,0
ORD055592,,0
ORD046522,weight_discrepancy,1
ORD038012,,0
ORD033452,,0
ORD037800,,0
ORD020644,,0
ORD027557,,0
ORD018743,,0
ORD030872,,0
ORD032311,,0
ORD003096,,0
ORD022395,,0
ORD016412,,0
ORD007672,,0
ORD026053,,0
ORD034927,,0
ORD000211,,0
ORD038754,,0
ORD012663,,0
ORD040571,,0
ORD051393,,0
ORD049371,,0
ORD018424,detention_padding,1
ORD053175,,0
ORD055641,detention_padding,1
ORD006603,,0
ORD008892,,0
ORD057551,,0
ORD046379,,0
ORD035969,,0
ORD054863,,0
ORD020237,,0
ORD029479,,0
ORD010464,,0
ORD027000,,0
ORD013832,,0
ORD021294,,0
ORD013945,,0
ORD043313,,0
ORD019854,,0
ORD055218,,0
ORD002957,,0
ORD040675,,0
ORD012047,,0
ORD022153,,0
ORD052232,,0
ORD036394,,0
ORD026959,,0
ORD020817,,0
ORD049190,,0
ORD045288,,0
ORD008833,,0
ORD054600,,0
ORD040846,,0
ORD006296,,0
ORD038951,,0
ORD058972,,0
ORD029357,,0
ORD048646,,0
ORD028425,,0
ORD011084,,0
ORD008690,,0
ORD057385,,0
ORD034846,,0
ORD025636,,0
ORD054802,,0
ORD010934,,0
ORD027326,,0
ORD058738,,0
ORD007165,,0
ORD034698,,0
ORD025419,,0
ORD049542,,0
ORD014423,,0
ORD008496,,0
ORD029637,,0
ORD007861,,0
ORD041341,,0
ORD017068,,0
ORD026339,,0
ORD047172,,0
ORD016632,,0
ORD043755,,0
ORD045372,detention_padding,1
ORD047645,detention_padding,1
ORD014494,,0
ORD033992,,0
ORD039296,,0
ORD032058,,0
ORD054712,,0
ORD037088,,0
ORD005872,,0
ORD028018,,0
ORD040513,,0
ORD047477,,0
ORD028682,,0
ORD007157,,0
ORD009923,,0
ORD021667,,0
ORD051817,detention_padding,1
ORD000336,,0
ORD043252,,0
ORD022048,,0
ORD018468,weight_discrepancy,1
ORD000923,,0
ORD053264,,0
ORD013450,,0
ORD028396,,0
ORD056986,,0
ORD029080,,0
ORD047580,,0
ORD012197,,0
ORD016282,,0
ORD031111,detention_padding,1
ORD020352,,0
ORD052897,,0
ORD045187,,0
ORD054359,weight_discrepancy,1
ORD026421,,0
ORD011881,,0
ORD037971,,0
ORD054731,,0
ORD036268,,0
ORD031558,,0
ORD051188,,0
ORD019078,,0
ORD030176,,0
ORD025512,,0
ORD039574,,0
ORD051421,,0
ORD056715,weight_discrepancy,1
ORD005481,,0
ORD032746,,0
ORD059200,,0
ORD015635,,0
ORD022002,,0
ORD049252,,0
ORD024352,,0
ORD040449,,0
ORD045625,,0
ORD025743,,0
ORD042249,,0
ORD040084,,0
ORD032094,,0
ORD038135,toll_inflation,1
ORD042914,,0
ORD020528,,0
ORD013715,,0
ORD020865,,0
ORD059355,,0
ORD023403,,0
ORD032385,,0
ORD009149,,0
ORD024670,,0
ORD018998,,0
ORD045433,,0
ORD046262,,0
ORD038930,,0
ORD034135,,0
ORD008008,,0
ORD041560,,0
ORD023779,,0
ORD016755,,0
ORD007523,,0
ORD010958,,0
ORD026660,,0
ORD020479,,0
ORD049110,,0
ORD023573,,0
ORD037735,,0
ORD058261,,0
ORD054578,,0
ORD032535,,0
ORD049425,,0
ORD034008,weight_discrepancy,1
ORD032688,,0
ORD014596,,0
ORD020027,,0
ORD056686,,0
ORD017756,,0
ORD015139,,0
ORD004427,detention_padding,1
ORD023154,,0
ORD054847,,0
ORD001446,,0
ORD037907,,0
ORD042862,,0
ORD033240,,0
ORD000838,,0
ORD037638,detention_padding,1
ORD046834,,0
ORD049211,,0
ORD051652,,0
ORD026102,,0
ORD006282,,0
ORD021681,,0
ORD053520,,0
ORD042400,,0
ORD018681,,0
ORD047924,,0
ORD046394,,0
ORD032497,,0
ORD027238,,0
ORD027916,,0
ORD014074,,0
ORD041320,,0
ORD003226,,0
ORD056190,,0
ORD049215,,0
ORD028980,,0
ORD038504,,0
ORD053713,,0
ORD046802,,0
ORD030013,,0
ORD002256,,0
ORD028938,,0
ORD056133,,0
ORD044670,,0
ORD034660,,0
ORD052502,,0
ORD040164,,0
ORD008677,,0
ORD042151,,0
ORD040528,,0
ORD019443,,0
ORD019168,,0
ORD027658,,0
ORD049641,,0
ORD018635,,0
ORD029131,,0
ORD041399,,0
ORD026702,,0
ORD031237,,0
ORD042988,,0
ORD057517,,0
ORD005862,,0
ORD041513,,0
ORD007148,,0
ORD037156,,0
ORD014320,,0
ORD057994,detention_padding,1
ORD025733,,0
ORD054874,,0
ORD020358,,0
ORD055555,,0
ORD013601,,0
ORD036326,,0
ORD039188,,0
ORD057231,detention_padding,1
ORD057489,,0
ORD058311,,0
ORD040454,,0
ORD001958,,0
ORD001671,,0
ORD041796,,0
ORD030606,,0
ORD046469,,0
ORD040274,,0
ORD037070,,0
ORD050818,,0
ORD006854,,0
ORD053112,,0
ORD010738,,0
ORD058521,,0
ORD007905,,0
ORD045402,,0
ORD005666,,0
ORD003826,,0
ORD003576,,0
ORD028054,,0
ORD034000,,0
ORD036223,,0
ORD030709,detention_padding,1
ORD001833,detention_padding,1
ORD012777,,0
ORD048317,,0
ORD051734,,0
ORD045286,,0
ORD047711,,0
ORD006291,,0
ORD008629,,0
ORD007811,,0
ORD008396,,0
ORD042883,,0
ORD039731,,0
ORD008069,weight_discrepancy,1
ORD057849,,0
ORD018384,toll_inflation,1
ORD032834,,0
ORD026283,,0
ORD006632,,0
ORD024140,,0
ORD037629,,0
ORD053362,,0
ORD007254,,0
ORD049621,,0
ORD018044,,0
ORD046985,,0
ORD057571,,0
ORD037079,,0
ORD046082,,0
ORD049958,,0
ORD037483,,0
ORD028569,,0
ORD045457,,0
ORD014089,,0
ORD047919,,0
ORD042867,,0
ORD002357,,0
ORD047083,,0
ORD001419,,0
ORD022064,,0
ORD034358,,0
ORD030339,,0
ORD005201,,0
ORD014823,,0
ORD024890,,0
ORD015350,,0
ORD011669,,0
ORD018815,toll_inflation,1
ORD002192,,0
ORD027645,,0
ORD054220,,0
ORD059296,,0
ORD008516,,0
ORD023591,,0
ORD026598,weight_discrepancy,1
ORD020668,,0
ORD003660,,0
ORD030338,,0
ORD000302,,0
ORD040256,toll_inflation,1
ORD006287,,0
ORD054416,,0
ORD006877,,0
ORD001466,,0
ORD041904,,0
ORD025100,,0
ORD029716,,0
ORD025060,,0
ORD044359,,0
ORD003022,,0
ORD053891,,0
ORD027993,,0
ORD038539,,0
ORD039239,,0
ORD025400,,0
ORD046917,,0
ORD008927,,0
ORD045248,,0
ORD007692,,0
ORD039256,,0
ORD005604,,0
ORD021200,,0
ORD059146,,0
ORD045966,,0
ORD022052,,0
ORD009050,,0
ORD007366,,0
ORD052782,,0
ORD013016,,0
ORD031945,,0
ORD044653,,0
ORD016570,,0
ORD025265,,0
ORD019198,,0
ORD028740,,0
ORD051102,,0
ORD054640,,0
ORD045235,weight_discrepancy,1
ORD036995,,0
ORD010218,toll_inflation,1
ORD025840,,0
ORD002011,,0
ORD026183,,0
ORD007255,,0
ORD046825,,0
ORD051849,,0
ORD019640,,0
ORD037898,,0
ORD055045,,0
ORD046886,,0
ORD040174,,0
ORD036463,,0
ORD057085,,0
ORD045806,,0
ORD029882,toll_inflation,1
ORD003333,,0
ORD049854,,0
ORD026473,,0
ORD046650,,0
ORD019098,,0
ORD000591,,0
ORD050905,,0
ORD031806,,0
ORD009653,,0
ORD000503,,0
ORD006025,,0
ORD028604,,0
ORD058465,,0
ORD007584,,0
ORD048958,,0
ORD057283,,0
ORD036959,,0
ORD009769,,0
ORD009772,,0
ORD033067,,0
ORD052688,,0
ORD053278,,0
ORD027213,,0
ORD004134,,0
ORD034190,,0
ORD059524,,0
ORD013251,,0
ORD027420,,0
ORD014530,,0
ORD039862,,0
ORD049290,,0
ORD004425,,0
ORD044203,,0
ORD027907,,0
ORD008307,,0
ORD008630,,0
ORD032855,,0
ORD028087,,0
ORD026742,,0
ORD032545,,0
ORD057510,,0
ORD030316,,0
ORD014607,,0
ORD027364,,0
ORD022512,,0
ORD056744,,0
ORD002502,,0
ORD046289,,0
ORD046809,,0
ORD011784,weight_discrepancy,1
ORD052802,,0
ORD047022,,0
ORD046801,,0
ORD030054,,0
ORD032465,,0
ORD038695,,0
ORD025908,,0
ORD037842,,0
ORD035204,weight_discrepancy,1
ORD015782,,0
ORD038218,,0
ORD044606,,0
ORD055088,detention_padding,1
ORD031281,,0
ORD040911,,0
ORD034596,,0
ORD048583,,0
ORD053419,,0
ORD043445,,0
ORD031318,,0
ORD036057,,0
ORD031211,,0
ORD056908,,0
ORD021969,,0
ORD002376,,0
ORD059465,,0
ORD050204,,0
ORD027283,,0
ORD035820,,0
ORD034896,,0
ORD009162,,0
ORD042023,,0
ORD050966,,0
ORD050664,,0
ORD051777,,0
ORD007154,,0
ORD029248,,0
ORD035274,,0
ORD013505,,0
ORD003909,,0
ORD012844,,0
ORD006601,,0
ORD046356,,0
ORD003646,,0
ORD050673,,0
ORD053598,,0
ORD007493,toll_inflation,1
ORD044672,,0
ORD011124,,0
ORD035808,,0
ORD019413,,0
ORD008230,,0
ORD026434,,0
ORD008747,,0
ORD053472,weight_discrepancy,1
ORD048494,,0
ORD042431,,0
ORD020477,,0
ORD027714,,0
ORD010488,,0
ORD015860,,0
ORD020970,,0
ORD012334,,0
ORD022633,,0
ORD030249,,0
ORD009674,,0
ORD035632,,0
ORD023729,,0
ORD021708,,0
ORD003351,,0
ORD044561,,0
ORD047105,,0
ORD020215,,0
ORD037268,,0
ORD052980,,0
ORD057158,,0
ORD051541,,0
ORD037422,,0
ORD004808,,0
ORD053342,,0
ORD052234,,0
ORD054150,,0
ORD013070,,0
ORD005338,,0
ORD046602,,0
ORD038005,,0
ORD050194,,0
ORD057405,,0
ORD030904,,0
ORD023494,,0
ORD010865,toll_inflation,1
ORD012160,,0
ORD024403,,0
ORD001775,,0
ORD044399,,0
ORD049555,detention_padding,1
ORD058023,,0
ORD025338,,0
ORD042643,,0
ORD023840,,0
ORD036683,,0
ORD053958,,0
ORD009028,,0
ORD012566,toll_inflation,1
ORD024018,detention_padding,1
ORD051445,,0
ORD033267,,0
ORD031976,,0
ORD011282,,0
ORD054671,,0
ORD050711,,0
ORD058671,,0
ORD057440,,0
ORD058793,,0
ORD000347,,0
ORD025353,,0
ORD023954,,0
ORD037887,,0
ORD053355,,0
ORD058275,,0
ORD043012,,0
ORD030495,,0
ORD033746,,0
ORD013091,,0
ORD000142,,0
ORD006209,,0
ORD018909,,0
ORD045507,,0
ORD006779,,0
ORD046743,,0
ORD051264,,0
ORD031675,,0
ORD022983,,0
ORD003792,detention_padding,1
ORD038148,,0
ORD052129,,0
ORD013737,,0
ORD039007,,0
ORD034038,,0
ORD009152,,0
ORD004909,,0
ORD010927,,0
ORD028694,,0
ORD028385,,0
ORD053120,,0
ORD034266,,0
ORD052016,,0
ORD005636,,0
ORD035036,weight_discrepancy,1
ORD048302,,0
ORD051486,,0
ORD052833,,0
ORD051257,,0
ORD056800,,0
ORD046958,,0
ORD005270,,0
ORD032594,,0
ORD053018,,0
ORD032673,,0
ORD002772,,0
ORD005221,,0
ORD021231,,0
ORD006279,,0
ORD018428,,0
ORD006113,,0
ORD019045,,0
ORD015135,,0
ORD005586,,0
ORD027261,,0
ORD024517,,0
ORD034820,,0
ORD044418,,0
ORD005630,,0
ORD013424,,0
ORD058541,,0
ORD017927,,0
ORD030882,,0
ORD049106,,0
ORD052022,,0
ORD009841,,0
ORD018899,,0
ORD010169,,0
ORD045271,,0
ORD059103,,0
ORD058048,,0
ORD041838,,0
ORD029884,,0
ORD021763,,0
ORD002601,,0
ORD044625,,0
ORD055801,,0
ORD016961,,0
ORD048312,,0
ORD013689,,0
ORD003199,,0
ORD045999,,0
ORD001455,,0
ORD040522,,0
ORD035153,,0
ORD057017,,0
ORD001573,,0
ORD002918,,0
ORD020240,,0
ORD023998,,0
ORD001673,,0
ORD026195,,0
ORD008917,,0
ORD006140,,0
ORD040447,,0
ORD043532,,0
ORD045441,,0
ORD021374,,0
ORD053909,,0
ORD008743,,0
ORD040906,weight_discrepancy,1
ORD023004,,0
ORD045727,,0
ORD015655,toll_inflation,1
ORD050629,,0
ORD025154,,0
ORD007421,,0
ORD052240,,0
ORD030331,,0
ORD008872,,0
ORD045257,,0
ORD044295,,0
ORD005378,,0
ORD044334,,0
ORD044886,,0
ORD002429,,0
ORD021759,,0
ORD046605,,0
ORD048237,,0
ORD022486,,0
ORD016630,,0
ORD022094,,0
ORD000049,,0
ORD050179,,0
ORD036738,,0
ORD019271,,0
ORD018496,,0
ORD034326,,0
ORD009647,,0
ORD043362,,0
ORD005893,,0
ORD025664,,0
ORD002373,,0
ORD012460,,0
ORD041918,,0
ORD014496,,0
ORD029173,,0
ORD047454,weight_discrepancy,1
ORD004470,,0
ORD026511,,0
ORD033975,,0
ORD059379,,0
ORD003255,,0
ORD059010,,0
ORD035757,,0
ORD046090,,0
ORD056484,,0
ORD049001,,0
ORD009876,,0
ORD037829,,0
ORD018927,,0
ORD049328,,0
ORD017736,,0
ORD038054,,0
ORD007800,,0
ORD008932,,0
ORD056258,,0
ORD012079,,0
ORD003771,,0
ORD031166,,0
ORD044740,,0
ORD052092,,0
ORD037303,,0
ORD055504,,0
ORD023498,,0
ORD032923,,0
ORD024095,,0
ORD012918,,0
ORD003179,,0
ORD033093,,0
ORD027132,,0
ORD015907,,0
ORD009141,,0
ORD022627,,0
ORD026308,,0
ORD054850,,0
ORD039454,,0
ORD030015,,0
ORD018495,,0
ORD000383,detention_padding,1
ORD042140,,0
ORD018215,,0
ORD055960,,0
ORD024440,,0
ORD031187,weight_discrepancy,1
ORD002039,,0
ORD005171,,0
ORD021445,,0
ORD001085,,0
ORD036402,,0
ORD025457,,0
ORD010184,,0
ORD059185,,0
ORD047552,,0
ORD017003,,0
ORD000587,,0
ORD002260,,0
ORD010077,,0
ORD035474,detention_padding,1
ORD018887,,0
ORD011555,,0
ORD020453,,0
ORD031888,,0
ORD002997,,0
ORD009498,,0
ORD027634,,0
ORD047758,,0
ORD054438,,0
ORD024010,,0
ORD038087,,0
ORD007480,,0
ORD039179,,0
ORD021977,,0
ORD049982,,0
ORD003153,,0
ORD001106,,0
ORD020381,,0
ORD028953,,0
ORD004596,,0
ORD045677,,0
ORD009600,,0
ORD049298,,0
ORD036883,,0
ORD010616,,0
ORD043637,,0
ORD041091,,0
ORD055834,,0
ORD004153,,0
ORD026534,,0
ORD014593,,0
ORD040937,,0
ORD033056,,0
ORD015601,,0
ORD038976,,0
ORD017135,,0
ORD036359,,0
ORD034653,,0
ORD033519,,0
ORD011999,,0
ORD007747,,0
ORD015775,,0
ORD013906,,0
ORD022054,,0
ORD024826,,0
ORD025752,,0
ORD041719,,0
ORD019126,,0
ORD023349,,0
ORD039166,,0
ORD026731,,0
ORD023785,,0
ORD034406,detention_padding,1
ORD042440,,0
ORD006606,,0
ORD059147,,0
ORD000251,,0
ORD041547,,0
ORD046618,,0
ORD049120,,0
ORD044741,,0
ORD011725,,0
ORD052768,,0
ORD024713,,0
ORD028164,,0
ORD058207,,0
ORD054745,detention_padding,1
ORD023794,,0
ORD028507,,0
ORD007264,,0
ORD009178,,0
ORD010276,,0
ORD047282,toll_inflation,1
ORD049725,,0
ORD026913,,0
ORD043121,,0
ORD043100,,0
ORD037827,,0
ORD052618,,0
ORD049748,,0
ORD033497,,0
ORD009253,,0
ORD012154,,0
ORD037208,,0
ORD002843,,0
ORD050519,,0
ORD022739,,0
ORD051394,,0
ORD057052,,0
ORD011344,,0
ORD038670,,0
ORD048572,,0
ORD002653,,0
ORD001920,,0
ORD035738,,0
ORD019488,,0
ORD037290,,0
ORD053102,,0
ORD008170,,0
ORD055001,,0
ORD055387,,0
ORD006952,,0
ORD013923,,0
ORD010687,,0
ORD019835,detention_padding,1
ORD047138,,0
ORD048433,,0
ORD002151,,0
ORD019349,,0
ORD025550,,0
ORD040120,,0
ORD014611,,0
ORD034934,,0
ORD008085,,0
ORD042637,,0
ORD033861,,0
ORD001686,,0
ORD052520,,0
ORD012959,,0
ORD053866,,0
ORD046516,,0
ORD041775,,0
ORD036651,,0
ORD059971,,0
ORD003835,,0
ORD043369,,0
ORD047443,,0
ORD056523,,0
ORD013534,,0
ORD013515,,0
ORD050627,,0
ORD054385,,0
ORD033874,,0
ORD050285,,0
ORD056398,,0
ORD036618,,0
ORD009242,,0
ORD005562,,0
ORD001521,,0
ORD048303,,0
ORD024603,,0
ORD038213,,0
ORD058188,,0
ORD005638,,0
ORD053887,,0
ORD047331,,0
ORD013239,,0
ORD057463,,0
ORD052195,,0
ORD042039,,0
ORD020236,,0
ORD005587,,0
ORD054673,,0
ORD013738,,0
ORD051913,,0
ORD021954,,0
ORD026334,weight_discrepancy,1
ORD022466,,0
ORD056598,,0
ORD035541,,0
ORD042498,,0
ORD000551,,0
ORD000054,,0
ORD031198,,0
ORD000533,,0
ORD014106,detention_padding,1
ORD045534,,0
ORD046288,,0
ORD051035,,0
ORD056594,,0
ORD012140,,0
ORD032030,,0
ORD006760,,0
ORD016228,,0
ORD008541,,0
ORD021920,,0
ORD023436,,0
ORD041726,,0
ORD055927,toll_inflation,1
ORD038686,,0
ORD001283,,0
ORD036451,,0
ORD027396,,0
ORD016749,,0
ORD045468,,0
ORD040097,detention_padding,1
ORD012586,,0
ORD001027,,0
ORD043341,,0
ORD004625,,0
ORD025524,,0
ORD026287,,0
ORD012141,,0
ORD003025,,0
ORD051975,,0
ORD005476,,0
ORD026504,,0
ORD044163,,0
ORD059867,,0
ORD045945,,0
ORD053699,,0
ORD028673,,0
ORD031372,,0
ORD054487,,0
ORD044162,,0
ORD006517,,0
ORD052362,,0
ORD033691,,0
ORD035339,,0
ORD009206,,0
ORD023124,,0
ORD018711,,0
ORD020628,,0
ORD030996,,0
ORD054046,,0
ORD055696,,0
ORD020903,,0
ORD009690,,0
ORD055681,,0
ORD059397,,0
ORD041282,,0
ORD040804,,0
ORD027816,,0
ORD014230,,0
ORD045569,,0
ORD042296,,0
ORD012942,,0
ORD024554,,0
ORD024458,,0
ORD013639,weight_discrepancy,1
ORD036417,,0
ORD026783,,0
ORD016629,,0
ORD008704,,0
ORD051934,,0
ORD015882,,0
ORD030071,,0
ORD011785,,0
ORD014856,,0
ORD004312,,0
ORD025067,,0
ORD005716,,0
ORD004782,,0
ORD001389,,0
ORD031347,,0
ORD030135,,0
ORD015834,,0
ORD056727,,0
ORD007467,,0
ORD002929,,0
ORD041188,,0
ORD041628,,0
ORD002449,,0
ORD053314,,0
ORD031555,weight_discrepancy,1
ORD046235,,0
ORD006554,,0
ORD007626,,0
ORD045936,,0
ORD042360,,0
ORD025387,detention_padding,1
ORD013523,,0
ORD035248,,0
ORD007124,,0
ORD033974,,0
ORD018300,,0
ORD009487,,0
ORD052078,,0
ORD006036,,0
ORD024995,,0
ORD055559,,0
ORD008106,weight_discrepancy,1
ORD050802,,0
ORD058905,,0
ORD006087,,0
ORD026814,,0
ORD034655,,0
ORD017941,,0
ORD000907,,0
ORD043745,,0
ORD040264,,0
ORD019416,,0
ORD054714,,0
ORD021403,,0
ORD002597,,0
ORD053993,,0
ORD025258,,0
ORD027969,,0
ORD055722,weight_discrepancy,1
ORD004578,,0
ORD006480,,0
ORD035842,,0
ORD018709,,0
ORD000889,,0
ORD038587,,0
ORD041301,weight_discrepancy,1
ORD053473,,0
ORD000398,,0
ORD012664,,0
ORD034942,,0
ORD028588,,0
ORD008905,,0
ORD057305,,0
ORD001113,,0
ORD011491,,0
ORD019343,,0
ORD010921,,0
ORD053945,,0
ORD040441,,0
ORD020576,,0
ORD047547,,0
ORD005710,,0
ORD041882,weight_discrepancy,1
ORD054928,,0
ORD027992,,0
ORD025278,,0
ORD002760,,0
ORD028262,detention_padding,1
ORD026488,,0
ORD020463,,0
ORD012567,,0
ORD022198,,0
ORD027388,,0
ORD006807,,0
ORD021211,,0
ORD057360,,0
ORD057381,,0
ORD055279,,0
ORD029582,,0
ORD025260,,0
ORD005314,,0
ORD044395,,0
ORD049065,,0
ORD052815,,0
ORD020229,,0
ORD001057,,0
ORD056408,,0
ORD054066,,0
ORD019743,,0
ORD019031,,0
ORD025490,,0
ORD017438,,0
ORD007495,,0
ORD058475,,0
ORD004339,,0
ORD058178,detention_padding,1
ORD011752,,0
ORD003754,,0
ORD032241,toll_inflation,1
ORD031528,detention_padding,1
ORD002304,,0
ORD053867,,0
ORD035197,,0
ORD001794,,0
ORD040835,,0
ORD014872,,0
ORD013224,,0
ORD005386,,0
ORD049307,,0
ORD004411,,0
ORD053717,detention_padding,1
ORD044641,,0
ORD015997,,0
ORD010822,,0
ORD013168,,0
ORD039543,,0
ORD040204,,0
ORD021647,,0
ORD018645,,0
ORD051710,,0
ORD013028,,0
ORD038112,,0
ORD057528,,0
ORD056047,,0
ORD058704,,0
ORD040639,,0
ORD002593,,0
ORD053135,,0
ORD023653,,0
ORD029377,,0
ORD049598,,0
ORD037828,,0
ORD009343,,0
ORD029556,weight_discrepancy,1
ORD033548,,0
ORD023074,,0
ORD002652,,0
ORD022107,,0
ORD021003,,0
ORD054402,,0
ORD011809,,0
ORD053646,,0
ORD023473,,0
ORD051431,,0
ORD057106,,0
ORD006593,,0
ORD040497,,0
ORD004489,,0
ORD012126,,0
ORD036421,,0
ORD015134,,0
ORD023493,,0
ORD027517,,0
ORD053259,,0
ORD020727,,0
ORD029009,,0
ORD016086,,0
ORD054418,,0
ORD053370,,0
ORD033190,,0
ORD010027,,0
ORD023923,,0
ORD029484,,0
ORD049648,,0
ORD045357,,0
ORD003865,,0
ORD001990,,0
ORD018337,,0
ORD024584,,0
ORD014370,,0
ORD033104,,0
ORD017149,,0
ORD049470,,0
ORD008213,,0
ORD057655,,0
ORD043816,,0
ORD048969,,0
ORD039121,,0
ORD000862,,0
ORD019097,,0
ORD036763,,0
ORD049858,,0
ORD032723,,0
ORD051663,,0
ORD044523,,0
ORD056082,,0
ORD044011,,0
ORD035038,,0
ORD000642,,0
ORD055331,,0
ORD000255,,0
ORD002247,,0
ORD005435,,0
ORD012605,,0
ORD046719,,0
ORD049466,,0
ORD033399,,0
ORD008180,,0
ORD013098,,0
ORD016092,,0
ORD024405,,0
ORD024583,,0
ORD047652,,0
ORD046027,,0
ORD050997,,0
ORD051230,,0
ORD012616,,0
ORD032132,,0
ORD023270,,0
ORD031986,,0
ORD042280,,0
ORD041688,,0
ORD041713,,0
ORD050480,,0
ORD037487,,0
ORD015080,,0
ORD046926,,0
ORD040455,,0
ORD018878,,0
ORD034709,weight_discrepancy,1
ORD021602,,0
ORD047860,,0
ORD039868,,0
ORD008408,,0
ORD037209,,0
ORD004634,,0
ORD033988,,0
ORD036104,,0
ORD042214,,0
ORD055836,,0
ORD000450,,0
ORD053459,,0
ORD034018,,0
ORD013917,,0
ORD016310,,0
ORD019977,,0
ORD029037,toll_inflation,1
ORD021543,,0
ORD001149,,0
ORD010103,,0
ORD048071,,0
ORD049814,,0
ORD012428,,0
ORD019696,,0
ORD050241,,0
ORD052258,,0
ORD044158,,0
ORD036813,,0
ORD011741,,0
ORD033296,,0
ORD045634,,0
ORD036019,,0
ORD031706,,0
ORD019817,,0
ORD038477,,0
ORD026382,,0
ORD045722,,0
ORD027153,,0
ORD038577,,0
ORD011279,,0
ORD016836,,0
ORD028152,detention_padding,1
ORD011974,,0
ORD001312,,0
ORD048881,detention_padding,1
ORD020083,,0
ORD046263,,0
ORD017691,,0
ORD035213,,0
ORD021327,,0
ORD013888,,0
ORD012173,,0
ORD038266,,0
ORD034460,,0
ORD009016,,0
ORD058131,,0
ORD005166,,0
ORD025346,,0
ORD038830,,0
ORD015700,,0
ORD049165,,0
ORD055551,,0
ORD046704,,0
ORD000191,,0
ORD051477,,0
ORD007432,detention_padding,1
ORD019200,,0
ORD040150,,0
ORD038071,,0
ORD019991,,0
ORD026690,,0
ORD008857,,0
ORD002912,,0
ORD037738,,0
ORD032114,,0
ORD027924,,0
ORD035414,,0
ORD024324,,0
ORD019080,,0
ORD015819,,0
ORD041388,,0
ORD031149,,0
ORD042656,,0
ORD016341,,0
ORD051803,,0
ORD000389,,0
ORD051875,,0
ORD041467,,0
ORD019694,,0
ORD045798,,0
ORD011429,,0
ORD029649,toll_inflation,1
ORD002790,,0
ORD054484,,0
ORD020887,,0
ORD018458,,0
ORD042306,,0
ORD059402,,0
ORD043120,,0
ORD058344,,0
ORD029100,,0
ORD029240,,0
ORD048926,,0
ORD025108,,0
ORD029698,,0
ORD020858,,0
ORD036559,,0
ORD032602,,0
ORD023135,,0
ORD037014,,0
ORD039058,,0
ORD021784,,0
ORD018684,,0
ORD055223,,0
ORD038590,,0
ORD027667,,0
ORD033213,,0
ORD015661,,0
ORD044066,,0
ORD026689,,0
ORD053257,,0
ORD002516,detention_padding,1
ORD003518,,0
ORD023097,,0
ORD027403,,0
ORD022921,,0
ORD026360,,0
ORD028345,,0
ORD041444,,0
ORD047756,,0
ORD051942,,0
ORD023680,,0
ORD011742,,0
ORD010966,,0
ORD048339,,0
ORD058276,,0
ORD006553,,0
ORD015960,,0
ORD012157,,0
ORD006129,,0
ORD048298,,0
ORD000451,,0
ORD040979,,0
ORD050122,,0
ORD047804,,0
ORD011936,,0
ORD032063,,0
ORD022945,,0
ORD014386,,0
ORD053250,,0
ORD054831,,0
ORD056421,,0
ORD020777,,0
ORD010651,,0
ORD001181,toll_inflation,1
ORD007314,,0
ORD039756,,0
ORD050258,,0
ORD041667,,0
ORD029697,,0
ORD024906,,0
ORD029537,,0
ORD019686,,0
ORD024728,,0
ORD051263,,0
ORD059250,,0
ORD046321,,0
ORD036774,,0
ORD020423,,0
ORD037663,,0
ORD036320,,0
ORD029247,toll_inflation,1
ORD040230,,0
ORD027511,,0
ORD027071,,0
ORD013064,,0
ORD059696,,0
ORD039925,,0
ORD044996,,0
ORD050602,,0
ORD056038,,0
ORD041072,,0
ORD025649,,0
ORD006492,,0
ORD047625,,0
ORD033162,,0
ORD018607,,0
ORD041855,,0
ORD059806,,0
ORD030195,,0
ORD017678,,0
ORD045251,detention_padding,1
ORD003891,,0
ORD035718,,0
ORD009249,,0
ORD018783,,0
ORD052218,,0
ORD025332,,0
ORD034476,,0
ORD044298,,0
ORD000355,,0
ORD029828,,0
ORD059618,,0
ORD043092,,0
ORD046965,,0
ORD050265,,0
ORD038013,,0
ORD019237,,0
ORD055453,,0
ORD027341,,0
ORD021544,,0
ORD001777,,0
ORD005046,,0
ORD014926,toll_inflation,1
ORD049932,,0
ORD035611,,0
ORD042367,,0
ORD047002,,0
ORD051620,,0
ORD038584,,0
ORD004829,,0
ORD047742,,0
ORD014962,,0
ORD021756,,0
ORD008640,,0
ORD033924,,0
ORD023967,weight_discrepancy,1
ORD018885,,0
ORD030043,,0
ORD042220,,0
ORD046196,,0
ORD054521,,0
ORD041954,,0
ORD029269,,0
ORD033470,,0
ORD007556,,0
ORD040281,,0
ORD024579,,0
ORD000140,,0
ORD037512,,0
ORD013230,,0
ORD039551,,0
ORD022137,,0
ORD003515,,0
ORD039322,,0
ORD009736,,0
ORD044253,,0
ORD019350,,0
ORD052222,,0
ORD030111,,0
ORD049731,,0
ORD025312,,0
ORD050824,,0
ORD002266,toll_inflation,1
ORD003325,,0
ORD020234,,0
ORD036257,,0
ORD012612,,0
ORD009738,,0
ORD020669,,0
ORD028251,,0
ORD045183,,0
ORD045113,,0
ORD041585,,0
ORD042758,,0
ORD032253,,0
ORD010395,,0
ORD004505,,0
ORD034536,,0
ORD023512,,0
ORD031440,,0
ORD019563,,0
ORD004640,,0
ORD050362,,0
ORD032460,,0
ORD042810,,0
ORD019175,,0
ORD040184,,0
ORD008161,,0
ORD021432,,0
ORD027294,,0
ORD019066,,0
ORD050743,,0
ORD052756,,0
ORD012022,,0
ORD013372,,0
ORD059385,,0
ORD050683,,0
ORD001251,,0
ORD051929,,0
ORD026990,,0
ORD008817,,0
ORD047185,,0
ORD042894,,0
ORD021996,,0
ORD047983,,0
ORD037634,,0
ORD042441,,0
ORD018047,,0
ORD002822,,0
ORD031078,,0
ORD040066,,0
ORD009951,,0
ORD051292,,0
ORD025691,,0
ORD017285,,0
ORD025694,,0
ORD010135,,0
ORD058654,,0
ORD025186,,0
ORD054999,,0
ORD039273,,0
ORD040006,,0
ORD057000,weight_discrepancy,1
ORD058961,,0
ORD001495,,0
ORD010541,,0
ORD039638,,0
ORD058105,,0
ORD042830,,0
ORD056150,,0
ORD013180,,0
ORD049033,,0
ORD031962,,0
ORD059918,,0
ORD005627,,0
ORD008685,,0
ORD056493,,0
ORD027039,,0
ORD046333,,0
ORD057686,,0
ORD027835,,0
ORD033972,,0
ORD027794,,0
ORD037471,,0
ORD024799,,0
ORD008041,toll_inflation,1
ORD008425,,0
ORD045538,,0
ORD048250,,0
ORD034302,,0
ORD021738,,0
ORD015558,,0
ORD013513,,0
ORD045087,,0
ORD038705,,0
ORD030486,,0
ORD015154,,0
ORD041944,,0
ORD012796,,0
ORD003618,,0
ORD039361,,0
ORD040451,,0
ORD015520,,0
ORD034988,,0
ORD047937,,0
ORD052404,,0
ORD015446,,0
ORD023997,,0
ORD010333,,0
ORD054766,,0
ORD023048,,0
ORD038747,,0
ORD008210,,0
ORD032469,,0
ORD043663,toll_inflation,1
ORD029695,,0
ORD000556,,0
ORD039935,,0
ORD055465,,0
ORD017450,,0
ORD022918,,0
ORD026483,,0
ORD054502,detention_padding,1
ORD026475,detention_padding,1
ORD052339,,0
ORD003236,,0
ORD042145,,0
ORD020473,,0
ORD017272,,0
ORD054334,,0
ORD024779,,0
ORD028646,,0
ORD037482,,0
ORD017325,,0
ORD036662,,0
ORD024611,,0
ORD020765,,0
ORD013775,,0
ORD057621,,0
ORD051144,,0
ORD001654,,0
ORD024448,,0
ORD016056,,0
ORD028802,,0
ORD000043,,0
ORD054611,,0
ORD039692,,0
ORD023732,,0
ORD020917,,0
ORD024558,,0
ORD030162,,0
ORD047243,,0
ORD015637,,0
ORD010866,,0
ORD022749,,0
ORD019411,,0
ORD058813,,0
ORD055076,,0
ORD055130,,0
ORD046918,,0
ORD051382,,0
ORD006942,,0
ORD055297,,0
ORD031316,,0
ORD003163,,0
ORD001503,,0
ORD019997,weight_discrepancy,1
ORD028109,,0
ORD010349,,0
ORD002509,toll_inflation,1
ORD034314,,0
ORD032294,,0
ORD003600,,0
ORD057167,,0
ORD041316,,0
ORD052096,,0
ORD023491,,0
ORD031229,,0
ORD012917,,0
ORD007398,,0
ORD054621,,0
ORD023552,,0
ORD054295,,0
ORD003149,,0
ORD030909,,0
ORD036809,,0
ORD027637,,0
ORD057970,,0
ORD036478,,0
ORD028567,,0
ORD005917,,0
ORD012020,,0
ORD030687,,0
ORD053547,,0
ORD040361,,0
ORD010758,,0
ORD009128,,0
ORD021699,,0
ORD046114,,0
ORD025794,,0
ORD047993,,0
ORD006798,,0
ORD003809,,0
ORD048477,,0
ORD042645,,0
ORD048604,,0
ORD035946,,0
ORD033530,detention_padding,1
ORD049200,,0
ORD012817,,0
ORD040457,,0
ORD040559,weight_discrepancy,1
ORD007617,,0
ORD033487,,0
ORD010177,,0
ORD031158,,0
ORD020797,,0
ORD036880,,0
ORD010667,weight_discrepancy,1
ORD054529,,0
ORD021518,,0
ORD035448,,0
ORD015233,,0
ORD015660,,0
ORD048599,,0
ORD002411,,0
ORD038992,weight_discrepancy,1
ORD009035,,0
ORD023646,,0
ORD056983,,0
ORD027276,,0
ORD052922,,0
ORD056851,,0
ORD011740,,0
ORD043277,,0
ORD033371,,0
ORD029733,,0
ORD015717,,0
ORD018445,,0
ORD025720,,0
ORD025345,,0
ORD037912,,0
ORD012503,,0
ORD036485,,0
ORD033026,,0
ORD031766,,0
ORD033703,,0
ORD037724,,0
ORD024251,,0
ORD011908,,0
ORD038306,,0
ORD058863,,0
ORD033576,,0
ORD027426,,0
ORD030522,,0
ORD005364,,0
ORD005910,,0
ORD038962,,0
ORD036939,,0
ORD045300,,0
ORD015491,,0
ORD020242,,0
ORD014737,toll_inflation,1
ORD020251,,0
ORD028421,,0
ORD038680,,0
ORD052557,,0
ORD039347,,0
ORD046610,,0
ORD050056,,0
ORD046555,,0
ORD007511,,0
ORD019179,,0
ORD001285,,0
ORD022901,,0
ORD007444,,0
ORD040333,,0
ORD058123,detention_padding,1
ORD042090,,0
ORD015845,,0
ORD004576,,0
ORD042570,,0
ORD051299,,0
ORD049550,,0
ORD034496,,0
ORD019700,,0
ORD016216,,0
ORD041914,,0
ORD012978,weight_discrepancy,1
ORD047990,,0
ORD004527,,0
ORD043940,,0
ORD037180,,0
ORD043141,,0
ORD037266,,0
ORD010935,,0
ORD050822,,0
ORD041911,,0
ORD052993,,0
ORD024691,,0
ORD051261,,0
ORD019985,,0
ORD022969,,0
ORD040152,,0
ORD035715,,0
ORD058856,,0
ORD003872,,0
ORD043172,,0
ORD044276,,0
ORD052884,,0
ORD041212,,0
ORD054975,,0
ORD009060,,0
ORD001970,,0
ORD009765,weight_discrepancy,1
ORD049394,,0
ORD040600,,0
ORD054222,,0
ORD048500,,0
ORD018883,,0
ORD040108,,0
ORD055188,,0
ORD046976,,0
ORD032735,,0
ORD056531,,0
ORD007792,,0
ORD053301,,0
ORD015006,,0
ORD007884,,0
ORD026507,,0
ORD018178,,0
ORD049780,,0
ORD052631,,0
ORD055248,,0
ORD042063,detention_padding,1
ORD005143,,0
ORD043837,,0
ORD027728,,0
ORD052716,,0
ORD042283,,0
ORD009191,toll_inflation,1
ORD014147,,0
ORD046069,,0
ORD030834,,0
ORD018831,,0
ORD046879,toll_inflation,1
ORD056763,,0
ORD026797,,0
ORD013465,,0
ORD003012,,0
ORD029847,,0
ORD050234,,0
ORD006837,,0
ORD003683,,0
ORD008035,,0
ORD024171,,0
ORD052645,,0
ORD010676,,0
ORD028838,,0
ORD058527,,0
ORD053109,,0
ORD005013,,0
ORD049257,,0
ORD055228,,0
ORD026408,,0
ORD011847,,0
ORD018747,,0
ORD055434,,0
ORD050328,,0
ORD037796,,0
ORD022913,,0
ORD032020,,0
ORD048427,,0
ORD011801,,0
ORD046436,,0
ORD053097,,0
ORD030368,,0
ORD050795,,0
ORD035744,,0
ORD006796,,0
ORD057011,,0
ORD022842,,0
ORD045041,,0
ORD000185,,0
ORD046775,,0
ORD043893,detention_padding,1
ORD018592,,0
ORD042607,,0
ORD026905,,0
ORD049570,,0
ORD030684,,0
ORD006612,,0
ORD057399,,0
ORD021673,,0
ORD050045,,0
ORD006241,,0
ORD031731,,0
ORD057599,,0
ORD045762,,0
ORD034099,,0
ORD055359,toll_inflation,1
ORD001839,,0
ORD001250,,0
ORD054452,weight_discrepancy,1
ORD025198,,0
ORD027644,,0
ORD045773,,0
ORD054779,,0
ORD021207,,0
ORD004996,,0
ORD020991,,0
ORD053099,,0
ORD025469,,0
ORD039038,,0
ORD018873,,0
ORD031864,,0
ORD015725,,0
ORD051121,toll_inflation,1
ORD002600,,0
ORD038683,,0
ORD014749,,0
ORD034523,,0
ORD026754,,0
ORD047424,,0
ORD010906,,0
ORD009502,,0
ORD022941,,0
ORD009558,weight_discrepancy,1
ORD043055,,0
ORD020709,weight_discrepancy,1
ORD034946,toll_inflation,1
ORD011791,,0
ORD004081,,0
ORD019856,,0
ORD040369,,0
ORD027988,,0
ORD044167,,0
ORD030838,,0
ORD018600,,0
ORD030733,,0
ORD032832,,0
ORD025545,,0
ORD046729,,0
ORD050459,,0
ORD040018,,0
ORD053181,,0
ORD028141,,0
ORD009367,,0
ORD058454,,0
ORD010308,,0
ORD049102,,0
ORD023661,,0
ORD013190,detention_padding,1
ORD036977,,0
ORD054787,,0
ORD050706,,0
ORD024740,,0
ORD018951,,0
ORD016853,,0
ORD043858,toll_inflation,1
ORD023938,,0
ORD020939,,0
ORD004204,,0
ORD052142,,0
ORD056836,,0
ORD045924,toll_inflation,1
ORD040805,,0
ORD048674,,0
ORD042403,,0
ORD055816,,0
ORD016139,,0
ORD043485,,0
ORD037071,,0
ORD026006,,0
ORD055627,,0
ORD056609,,0
ORD042156,,0
ORD058650,,0
ORD007593,,0
ORD012488,,0
ORD016010,,0
ORD028189,,0
ORD055669,,0
ORD037069,,0
ORD006352,,0
ORD006234,,0
ORD054618,,0
ORD017400,,0
ORD036343,,0
ORD015726,,0
ORD058517,,0
ORD029994,,0
ORD051047,,0
ORD001315,,0
ORD049319,,0
ORD031484,,0
ORD033028,,0
ORD045511,,0
ORD027329,,0
ORD018510,,0
ORD005942,,0
ORD030643,,0
ORD045325,,0
ORD009597,,0
ORD015022,,0
ORD048584,,0
ORD030720,,0
ORD049732,,0
ORD047656,,0
ORD016982,,0
ORD036281,,0
ORD048495,,0
ORD029652,,0
ORD008258,,0
ORD011689,,0
ORD054194,,0
ORD045984,,0
ORD059574,toll_inflation,1
ORD044780,,0
ORD037239,,0
ORD005015,,0
ORD006362,,0
ORD013246,toll_inflation,1
ORD004485,,0
ORD031894,,0
ORD000011,,0
ORD003997,,0
ORD023852,,0
ORD020387,,0
ORD055741,,0
ORD041464,,0
ORD001764,,0
ORD052306,,0
ORD042148,,0
ORD007812,,0
ORD059132,,0
ORD017886,,0
ORD007257,,0
ORD010001,,0
ORD035360,,0
ORD025750,,0
ORD037037,,0
ORD033809,,0
ORD034304,,0
ORD003215,,0
ORD018330,,0
ORD050163,,0
ORD000842,,0
ORD018830,,0
ORD026627,,0
ORD039100,,0
ORD015102,weight_discrepancy,1
ORD055645,,0
ORD045707,,0
ORD059265,,0
ORD011594,toll_inflation,1
ORD028123,,0
ORD046281,,0
ORD031221,,0
ORD055161,,0
ORD024381,,0
ORD001890,,0
ORD028389,,0
ORD027463,,0
ORD011589,,0
ORD048384,,0
ORD016590,,0
ORD056270,,0
ORD033248,,0
ORD037592,,0
ORD001007,,0
ORD026559,,0
ORD035425,,0
ORD049811,,0
ORD011247,,0
ORD048275,,0
ORD004710,,0
ORD049950,,0
ORD012576,,0
ORD002526,,0
ORD012236,,0
ORD028688,,0
ORD021335,,0
ORD009205,,0
ORD040389,,0
ORD025873,,0
ORD041413,,0
ORD041322,,0
ORD025758,,0
ORD040456,,0
ORD054689,,0
ORD030094,,0
ORD054622,,0
ORD020838,,0
ORD001968,,0
ORD044324,,0
ORD054852,detention_padding,1
ORD059040,,0
ORD026982,,0
ORD044685,,0
ORD024983,,0
ORD005802,,0
ORD012361,,0
ORD036310,,0
ORD021120,,0
ORD053873,,0
ORD046349,,0
ORD042185,,0
ORD039243,,0
ORD048100,,0
ORD006011,,0
ORD049126,,0
ORD026386,,0
ORD002793,,0
ORD043780,,0
ORD032307,,0
ORD016938,,0
ORD015607,,0
ORD042005,,0
ORD019938,,0
ORD000985,,0
ORD024802,,0
ORD007010,,0
ORD002174,,0
ORD033057,,0
ORD026888,,0
ORD031247,,0
ORD008209,,0
ORD027961,,0
ORD029370,,0
ORD043989,,0
ORD012783,,0
ORD040260,,0
ORD030476,,0
ORD036335,,0
ORD005237,,0
ORD048268,toll_inflation,1
ORD032099,,0
ORD020852,,0
ORD038550,,0
ORD032503,,0
ORD012427,,0
ORD019011,,0
ORD051403,,0
ORD026479,,0
ORD044956,,0
ORD050581,,0
ORD016678,,0
ORD011917,,0
ORD048307,,0
ORD055813,toll_inflation,1
ORD013257,,0
ORD022626,,0
ORD022473,,0
ORD058011,,0
ORD008059,,0
ORD009096,toll_inflation,1
ORD018917,,0
ORD053996,,0
ORD028032,,0
ORD001847,,0
ORD004920,,0
ORD040001,,0
ORD003208,,0
ORD001132,,0
ORD017101,,0
ORD030381,,0
ORD046632,,0
ORD048333,,0
ORD020019,,0
ORD047289,detention_padding,1
ORD047525,,0
ORD016303,,0
ORD053341,,0
ORD018353,weight_discrepancy,1
ORD051377,,0
ORD022617,,0
ORD045320,,0
ORD026087,,0
ORD020354,,0
ORD056928,,0
ORD002908,,0
ORD011300,,0
ORD046232,,0
ORD019401,,0
ORD023747,,0
ORD009423,,0
ORD009779,,0
ORD055236,,0
ORD031676,,0
ORD006918,,0
ORD039451,,0
ORD016115,,0
ORD003974,weight_discrepancy,1
ORD034910,,0
ORD004014,,0
ORD022072,,0
ORD052846,,0
ORD036614,,0
ORD009207,,0
ORD046354,detention_padding,1
ORD048895,,0
ORD028729,,0
ORD021836,,0
ORD034657,,0
ORD015465,,0
ORD045510,,0
ORD022642,,0
ORD034174,,0
ORD027391,,0
ORD038152,,0
ORD047897,,0
ORD013930,,0
ORD030405,,0
ORD047171,,0
ORD000028,,0
ORD001610,,0
ORD030716,,0
ORD006101,,0
ORD044400,,0
ORD024977,,0
ORD014520,,0
ORD040331,,0
ORD002834,,0
ORD006014,,0
ORD028563,,0
ORD005696,,0
ORD033261,,0
ORD047873,,0
ORD047984,,0
ORD006224,,0
ORD030234,,0
ORD058622,,0
ORD028599,,0
ORD043768,,0
ORD035624,,0
ORD018226,,0
ORD022308,,0
ORD000946,,0
ORD048705,,0
ORD040996,,0
ORD003603,,0
ORD039904,,0
ORD044302,,0
ORD051336,,0
ORD054992,,0
ORD006173,,0
ORD022971,,0
ORD058802,,0
ORD038912,,0
ORD054356,,0
ORD015582,,0
ORD055316,,0
ORD013802,,0
ORD027135,,0
ORD058520,,0
ORD018849,,0
ORD024017,,0
ORD056142,,0
ORD021675,,0
ORD002537,,0
ORD005427,,0
ORD038147,,0
ORD018891,,0
ORD035850,,0
ORD041044,,0
ORD015035,,0
ORD035529,,0
ORD010481,,0
ORD050043,,0
ORD059035,,0
ORD008957,,0
ORD017553,,0
ORD020093,,0
ORD022989,,0
ORD044720,,0
ORD027657,,0
ORD029089,,0
ORD056166,,0
ORD048231,,0
ORD008239,,0
ORD019577,,0
ORD003398,,0
ORD038010,,0
ORD050106,,0
ORD005842,,0
ORD028764,,0
ORD058012,,0
ORD005070,,0
ORD052744,,0
ORD006880,,0
ORD025684,,0
ORD038298,,0
ORD011013,,0
ORD044860,,0
ORD022803,,0
ORD036063,,0
ORD052727,,0
ORD029239,,0
ORD022806,,0
ORD030619,,0
ORD021721,,0
ORD012832,,0
ORD005588,,0
ORD009833,,0
ORD051496,toll_inflation,1
ORD058564,weight_discrepancy,1
ORD025778,,0
ORD000305,,0
ORD038235,,0
ORD041475,,0
ORD024391,,0
ORD027482,,0
ORD016690,,0
ORD006144,,0
ORD010397,,0
ORD003246,,0
ORD048118,,0
ORD008057,,0
ORD030809,,0
ORD051384,,0
ORD022992,,0
ORD049866,,0
ORD001369,,0
ORD022127,,0
ORD048395,,0
ORD007256,,0
ORD023359,,0
ORD005482,,0
ORD019524,,0
ORD012192,,0
ORD052303,,0
ORD056852,,0
ORD030324,,0
ORD022263,,0
ORD057483,,0
ORD024643,,0
ORD055802,,0
ORD050937,,0
ORD049644,,0
ORD011024,,0
ORD035612,,0
ORD052651,toll_inflation,1
ORD049838,,0
ORD017233,,0
ORD012622,,0
ORD046172,,0
ORD018954,,0
ORD038949,,0
ORD050021,,0
ORD000692,,0
ORD042742,,0
ORD034167,,0
ORD045706,,0
ORD000611,,0
ORD002443,,0
ORD024387,,0
ORD046745,,0
ORD058782,,0
ORD011635,,0
ORD005853,,0
ORD011358,,0
ORD022735,,0
ORD009046,,0
ORD014700,,0
ORD054571,,0
ORD001830,,0
ORD040037,,0
ORD009011,,0
ORD002349,,0
ORD011883,,0
ORD054871,,0
ORD049925,,0
ORD022791,,0
ORD019781,,0
ORD010792,toll_inflation,1
ORD051248,,0
ORD037979,,0
ORD014179,,0
ORD015101,,0
ORD014123,,0
ORD034612,,0
ORD043428,,0
ORD011144,,0
ORD033864,,0
ORD031501,,0
ORD006426,,0
ORD035830,,0
ORD018437,,0
ORD039282,,0
ORD036211,,0
ORD008216,,0
ORD052252,,0
ORD028157,,0
ORD039133,,0
ORD047061,,0
ORD046161,,0
ORD056274,detention_padding,1
ORD045268,,0
ORD058512,,0
ORD003229,,0
ORD055135,,0
ORD040879,,0
ORD005808,,0
ORD051524,,0
ORD025209,,0
ORD000525,,0
ORD052759,,0
ORD006759,,0
ORD008384,,0
ORD042479,,0
ORD057288,,0
ORD021786,,0
ORD038936,,0
ORD046335,,0
ORD059883,,0
ORD013991,,0
ORD029764,,0
ORD042206,,0
ORD048134,,0
ORD018259,,0
ORD013918,,0
ORD040953,,0
ORD031767,toll_inflation,1
ORD016666,,0
ORD058659,,0
ORD058296,,0
ORD034744,,0
ORD053778,detention_padding,1
ORD030399,,0
ORD055517,,0
ORD045529,,0
ORD007373,,0
ORD010719,,0
ORD022585,,0
ORD039052,,0
ORD008592,,0
ORD012594,,0
ORD015972,,0
ORD045617,,0
ORD037185,,0
ORD043036,,0
ORD019452,,0
ORD059314,,0
ORD008659,,0
ORD005969,,0
ORD029223,,0
ORD021070,,0
ORD054049,weight_discrepancy,1
ORD033176,,0
ORD059536,,0
ORD055186,,0
ORD009914,,0
ORD018128,,0
ORD036953,,0
ORD012150,,0
ORD025246,,0
ORD045738,,0
ORD047495,,0
ORD029725,toll_inflation,1
ORD017510,,0
ORD028317,,0
ORD037020,,0
ORD028526,detention_padding,1
ORD023834,,0
ORD045552,,0
ORD045894,,0
ORD045025,,0
ORD057803,,0
ORD029692,,0
ORD008829,,0
ORD038160,toll_inflation,1
ORD009679,,0
ORD039905,,0
ORD018158,,0
ORD009194,,0
ORD039658,,0
ORD051664,,0
ORD016289,,0
ORD032997,,0
ORD049236,,0
ORD055460,,0
ORD056065,weight_discrepancy,1
ORD042201,,0
ORD004401,,0
ORD044148,,0
ORD043874,,0
ORD054089,,0
ORD050151,,0
ORD007992,,0
ORD038431,,0
ORD050101,,0
ORD028010,,0
ORD016407,,0
ORD005602,,0
ORD011990,,0
ORD042007,,0
ORD053002,,0
ORD009907,,0
ORD025631,,0
ORD055156,,0
ORD014953,,0
ORD053446,,0
ORD055575,,0
ORD046663,,0
ORD026518,,0
ORD000812,,0
ORD039137,,0
ORD041393,,0
ORD046269,,0
ORD020295,,0
ORD031603,toll_inflation,1
ORD038262,,0
ORD015978,,0
ORD017246,,0
ORD029260,,0
ORD035537,,0
ORD049680,,0
ORD012319,,0
ORD002923,,0
ORD028126,,0
ORD038740,,0
ORD023252,,0
ORD051511,,0
ORD022007,,0
ORD045500,,0
ORD001508,,0
ORD020087,,0
ORD030938,,0
ORD027710,,0
ORD040175,,0
ORD035337,,0
ORD046418,,0
ORD013087,,0
ORD001973,detention_padding,1
ORD057902,,0
ORD009863,,0
ORD045575,,0
ORD024800,,0
ORD059587,,0
ORD025804,,0
ORD056374,,0
ORD017070,,0
ORD025984,,0
ORD048436,,0
ORD021991,,0
ORD033955,,0
ORD058631,,0
ORD042047,,0
ORD040881,,0
ORD013329,,0
ORD019858,,0
ORD027759,,0
ORD039689,,0
ORD003778,,0
ORD002424,,0
ORD020547,,0
ORD010872,,0
ORD053701,,0
ORD041696,,0
ORD046589,,0
ORD039010,weight_discrepancy,1
ORD050729,,0
ORD028522,,0
ORD048763,,0
ORD056833,,0
ORD050875,detention_padding,1
ORD039820,,0
ORD008464,,0
ORD021778,,0
ORD010507,detention_padding,1
ORD046884,,0
ORD007688,,0
ORD016811,,0
ORD002271,,0
ORD029569,,0
ORD009533,,0
ORD049292,,0
ORD055714,,0
ORD012270,,0
ORD008644,,0
ORD045922,,0
ORD039156,,0
ORD025139,,0
ORD043174,,0
ORD047589,,0
ORD052952,,0
ORD059151,,0
ORD042899,,0
ORD055992,,0
ORD010759,,0
ORD058166,,0
ORD015974,,0
ORD031108,,0
ORD052392,,0
ORD055885,,0
ORD058845,,0
ORD000730,,0
ORD038384,,0
ORD022620,,0
ORD024942,,0
ORD023188,,0
ORD009874,,0
ORD020208,,0
ORD028712,,0
ORD055926,,0
ORD012294,,0
ORD041127,,0
ORD055848,,0
ORD017880,,0
ORD051452,,0
ORD020400,,0
ORD004524,,0
ORD040500,,0
ORD028965,,0
ORD033312,,0
ORD047877,toll_inflation,1
ORD025104,,0
ORD037274,,0
ORD000603,,0
ORD023205,,0
ORD059645,,0
ORD009398,,0
ORD030365,,0
ORD052449,,0
ORD049483,,0
ORD005220,,0
ORD000749,,0
ORD027169,,0
ORD007328,,0
ORD013799,,0
ORD053039,,0
ORD003839,,0
ORD013476,,0
ORD056049,,0
ORD026766,,0
ORD038451,,0
ORD034077,,0
ORD057475,,0
ORD042006,,0
ORD053037,,0
ORD056257,,0
ORD026834,,0
ORD050713,,0
ORD022614,,0
ORD000341,detention_padding,1
ORD019074,,0
ORD045651,,0
ORD031952,,0
ORD030558,,0
ORD023290,,0
ORD027001,,0
ORD008839,,0
ORD051479,toll_inflation,1
ORD021687,,0
ORD001192,weight_discrepancy,1
ORD008340,,0
ORD000827,,0
ORD008457,,0
ORD014129,,0
ORD002321,,0
ORD059298,,0
ORD051625,,0
ORD058606,,0
ORD048812,,0
ORD040849,,0
ORD056853,,0
ORD026179,,0
ORD031677,,0
ORD011520,,0
ORD025231,,0
ORD009696,weight_discrepancy,1
ORD025986,,0
ORD054270,,0
ORD043489,,0
ORD017230,,0
ORD044917,,0
ORD040924,,0
ORD026240,,0
ORD006785,,0
ORD016785,,0
ORD001855,,0
ORD012072,toll_inflation,1
ORD022290,,0
ORD049423,,0
ORD013726,,0
ORD042613,,0
ORD013707,detention_padding,1
ORD057886,,0
ORD021406,,0
ORD021139,,0
ORD001863,,0
ORD013791,,0
ORD044470,,0
ORD033773,,0
ORD037009,,0
ORD030393,,0
ORD044099,,0
ORD011033,,0
ORD052043,,0
ORD041081,,0
ORD023862,,0
ORD012992,,0
ORD030926,,0
ORD059732,,0
ORD012691,toll_inflation,1
ORD005687,,0
ORD011949,,0
ORD046242,,0
ORD001137,,0
ORD036025,,0
ORD028001,,0
ORD002440,,0
ORD044998,,0
ORD057514,,0
ORD007177,,0
ORD001271,,0
ORD032043,,0
ORD016244,,0
ORD027727,,0
ORD058255,,0
ORD014396,,0
ORD037460,,0
ORD001258,,0
ORD012914,,0
ORD023284,,0
ORD002842,,0
ORD057370,,0
ORD021057,,0
ORD030711,,0
ORD046732,,0
ORD043218,,0
ORD033395,,0
ORD034455,,0
ORD015242,weight_discrepancy,1
ORD055379,weight_discrepancy,1
ORD013575,,0
ORD003000,,0
ORD047273,,0
ORD045887,,0
ORD044954,,0
ORD009990,,0
ORD016266,,0
ORD057130,,0
ORD015523,,0
ORD029924,,0
ORD016985,,0
ORD020467,,0
ORD027919,,0
ORD042519,,0
ORD009651,,0
ORD035556,,0
ORD017888,,0
ORD056521,,0
ORD027007,,0
ORD032089,,0
ORD039726,,0
ORD056009,,0
ORD059336,,0
ORD015966,,0
ORD051085,,0
ORD045392,,0
ORD051691,,0
ORD039516,,0
ORD056647,,0
ORD051128,,0
ORD039660,,0
ORD020762,,0
ORD027151,,0
ORD050990,,0
ORD059834,,0
ORD012043,,0
ORD000311,toll_inflation,1
ORD000978,detention_padding,1
ORD034892,,0
ORD021612,,0
ORD001509,,0
ORD018374,,0
ORD040079,,0
ORD029305,,0
ORD002004,,0
ORD033445,,0
ORD025253,,0
ORD023642,,0
ORD016626,,0
ORD036658,,0
ORD030422,,0
ORD038700,detention_padding,1
ORD003329,,0
ORD059003,,0
ORD050528,,0
ORD045591,,0
ORD059454,,0
ORD049314,,0
ORD014310,,0
ORD026075,,0
ORD048899,,0
ORD020564,,0
ORD020125,,0
ORD051840,,0
ORD055837,,0
ORD027851,,0
ORD029290,,0
ORD003083,,0
ORD000133,,0
ORD025382,,0
ORD050682,,0
ORD037712,,0
ORD049125,,0
ORD034374,,0
ORD014306,,0
ORD050370,,0
ORD022262,,0
ORD038548,,0
ORD050157,,0
ORD001225,,0
ORD032260,,0
ORD012058,,0
ORD027004,,0
ORD015267,,0
ORD019040,,0
ORD016942,,0
ORD041132,,0
ORD041106,,0
ORD033690,,0
ORD054209,,0
ORD022000,,0
ORD056004,,0
ORD051338,,0
ORD007140,detention_padding,1
ORD013867,,0
ORD001262,,0
ORD036835,,0
ORD042038,,0
ORD029254,,0
ORD047442,,0
ORD041074,,0
ORD046564,,0
ORD008295,,0
ORD005930,,0
ORD026256,,0
ORD032456,,0
ORD010162,,0
ORD050516,,0
ORD025054,,0
ORD006879,,0
ORD015459,weight_discrepancy,1
ORD005752,,0
ORD028155,,0
ORD019943,,0
ORD027805,,0
ORD001963,,0
ORD046227,,0
ORD000063,,0
ORD021598,,0
ORD050578,,0
ORD033384,,0
ORD016148,,0
ORD048654,,0
ORD035106,,0
ORD029645,,0
ORD024028,,0
ORD036473,,0
ORD050657,,0
ORD004667,,0
ORD009730,,0
ORD052336,,0
ORD014908,,0
ORD000786,,0
ORD004978,,0
ORD051863,,0
ORD043996,,0
ORD030068,,0
ORD048931,,0
ORD007831,,0
ORD054445,,0
ORD051775,,0
ORD006108,,0
ORD001042,,0
ORD055864,,0
ORD040564,,0
ORD037826,weight_discrepancy,1
ORD057531,,0
ORD035401,,0
ORD057068,,0
ORD012450,,0
ORD040624,,0
ORD019243,,0
ORD053808,,0
ORD047762,,0
ORD027277,,0
ORD003556,,0
ORD012947,,0
ORD021485,,0
ORD010054,,0
ORD059588,,0
ORD046659,,0
ORD011864,,0
ORD034194,,0
ORD019230,,0
ORD021324,,0
ORD021719,,0
ORD004223,,0
ORD025375,,0
ORD042715,,0
ORD054181,,0
ORD028898,,0
ORD038275,,0
ORD023327,,0
ORD034136,,0
ORD033440,,0
ORD007411,,0
ORD057093,,0
ORD057191,,0
ORD007123,,0
ORD053014,,0
ORD053960,weight_discrepancy,1
ORD002132,,0
ORD025776,,0
ORD024130,,0
ORD033733,,0
ORD025975,,0
ORD051134,,0
ORD043028,,0
ORD026837,,0
ORD028176,,0
ORD024292,,0
ORD023823,,0
ORD027937,,0
ORD025388,,0
ORD015643,,0
ORD005007,,0
ORD029264,weight_discrepancy,1
ORD044390,,0
ORD015983,,0
ORD053319,,0
ORD010791,,0
ORD051208,,0
ORD006545,,0
ORD050102,,0
ORD054855,toll_inflation,1
ORD030397,weight_discrepancy,1
ORD004162,,0
ORD038520,,0
ORD010264,,0
ORD012010,,0
ORD044965,,0
ORD034784,,0
ORD021036,,0
ORD053309,,0
ORD046750,,0
ORD037762,,0
ORD010403,,0
ORD035498,,0
ORD049959,,0
ORD027410,,0
ORD054697,,0
ORD029648,,0
ORD003830,,0
ORD023960,,0
ORD028321,,0
ORD058284,,0
ORD036523,detention_padding,1
ORD030614,,0
ORD055880,,0
ORD046977,,0
ORD031047,,0
ORD036316,,0
ORD059917,,0
ORD048218,,0
ORD056272,,0
ORD006736,,0
ORD002646,,0
ORD044511,,0
ORD028641,,0
ORD028407,,0
ORD028244,,0
ORD016611,,0
ORD031405,,0
ORD015803,,0
ORD018981,,0
ORD042724,,0
ORD004185,,0
ORD010004,,0
ORD002447,,0
ORD018765,toll_inflation,1
ORD045996,,0
ORD035851,,0
ORD023408,,0
ORD057183,detention_padding,1
ORD058133,,0
ORD020376,detention_padding,1
ORD028258,,0
ORD056508,,0
ORD017191,,0
ORD020847,,0
ORD057021,,0
ORD045157,,0
ORD009927,,0
ORD028629,,0
ORD045400,,0
ORD031964,detention_padding,1
ORD002232,,0
ORD031606,,0
ORD008038,,0
ORD036649,,0
ORD025416,,0
ORD011621,,0
ORD051217,,0
ORD027345,,0
ORD048815,,0
ORD026595,detention_padding,1
ORD014844,,0
ORD058014,,0
ORD050042,,0
ORD058021,,0
ORD034754,weight_discrepancy,1
ORD004730,,0
ORD027881,,0
ORD008794,,0
ORD050536,,0
ORD008524,,0
ORD024321,,0
ORD035685,,0
ORD029246,,0
ORD005208,,0
ORD042970,,0
ORD026420,,0
ORD003046,,0
ORD029811,,0
ORD057315,,0
ORD031772,,0
ORD053821,,0
ORD033082,,0
ORD016495,,0
ORD052786,,0
ORD055209,,0
ORD012240,,0
ORD002691,,0
ORD006685,,0
ORD034699,detention_padding,1
ORD017679,,0
ORD031757,,0
ORD049317,,0
ORD059874,,0
ORD032210,,0
ORD026466,toll_inflation,1
ORD044215,,0
ORD057486,,0
ORD014232,,0
ORD052281,,0
ORD011885,,0
ORD057900,,0
ORD055630,,0
ORD059400,,0
ORD056234,,0
ORD049084,,0
ORD057649,,0
ORD000139,,0
ORD050849,,0
ORD053899,,0
ORD034682,,0
ORD041435,,0
ORD031112,,0
ORD009183,,0
ORD039914,weight_discrepancy,1
ORD039303,,0
ORD022754,,0
ORD008068,,0
ORD038523,,0
ORD009483,,0
ORD012590,,0
ORD007863,,0
ORD034472,,0
ORD016133,,0
ORD045516,,0
ORD048970,,0
ORD041776,,0
ORD056940,,0
ORD051810,,0
ORD024526,toll_inflation,1
ORD012827,,0
ORD014762,,0
ORD005082,,0
ORD039115,,0
ORD012189,,0
ORD019799,,0
ORD013730,,0
ORD013218,,0
ORD006702,,0
ORD041693,,0
ORD040107,,0
ORD018122,,0
ORD034539,,0
ORD059187,,0
ORD003979,,0
ORD052966,,0
ORD025051,,0
ORD053471,,0
ORD036545,,0
ORD010357,,0
ORD053496,,0
ORD036909,,0
ORD051226,,0
ORD022899,,0
ORD003134,detention_padding,1
ORD054221,,0
ORD020052,,0
ORD058572,,0
ORD024805,,0
ORD056948,,0
ORD036367,,0
ORD029368,,0
ORD033234,,0
ORD048420,,0
ORD015638,,0
ORD034689,,0
ORD013873,,0
ORD033221,,0
ORD040290,,0
ORD005532,,0
ORD045876,,0
ORD040912,,0
ORD010226,,0
ORD016917,,0
ORD038947,,0
ORD015283,,0
ORD053689,,0
ORD034108,,0
ORD036334,,0
ORD000455,,0
ORD040224,,0
ORD033474,weight_discrepancy,1
ORD018146,,0
ORD028944,,0
ORD057119,,0
ORD031526,,0
ORD020256,,0
ORD028466,,0
ORD031937,,0
ORD003181,,0
ORD015852,,0
ORD000261,,0
ORD003380,,0
ORD032865,,0
ORD034428,,0
ORD030953,,0
ORD018071,,0
ORD003048,,0
ORD021839,,0
ORD018529,,0
ORD016906,,0
ORD010739,,0
ORD024360,detention_padding,1
ORD016558,,0
ORD009202,,0
ORD047222,,0
ORD038625,detention_padding,1
ORD018120,,0
ORD044640,,0
ORD020947,,0
ORD019582,,0
ORD006498,,0
ORD022550,,0
ORD000099,,0
ORD051964,,0
ORD022519,,0
ORD058229,,0
ORD052101,,0
ORD013770,,0
ORD016386,,0
ORD008347,weight_discrepancy,1
ORD018674,,0
ORD031297,,0
ORD019193,,0
ORD046677,,0
ORD054558,,0
ORD012532,,0
ORD035405,,0
ORD043925,,0
ORD051868,,0
ORD050872,,0
ORD024787,,0
ORD038869,,0
ORD001606,,0
ORD027227,,0
ORD021409,,0
ORD000676,,0
ORD009820,,0
ORD007653,,0
ORD057589,,0
ORD047199,,0
ORD018477,toll_inflation,1
ORD036750,,0
ORD019533,,0
ORD036036,,0
ORD043670,,0
ORD045278,,0
ORD042365,,0
ORD024751,,0
ORD004594,,0
ORD041354,,0
ORD006019,,0
ORD031360,,0
ORD044671,,0
ORD053021,,0
ORD015058,,0
ORD000247,,0
ORD025737,,0
ORD053416,toll_inflation,1
ORD007546,,0
ORD041310,,0
ORD039849,,0
ORD035104,,0
ORD025845,,0
ORD027343,,0
ORD012734,,0
ORD017302,,0
ORD053092,,0
ORD023685,,0
ORD059469,,0
ORD053629,,0
ORD036387,,0
ORD057865,,0
ORD041781,,0
ORD057842,,0
ORD030699,,0
ORD042702,,0
ORD039807,,0
ORD029006,,0
ORD044973,,0
ORD055767,,0
ORD009853,,0
ORD015890,detention_padding,1
ORD018604,,0
ORD049612,,0
ORD018251,,0
ORD055051,,0
ORD024960,,0
ORD003882,,0
ORD020875,detention_padding,1
ORD006297,,0
ORD058144,,0
ORD046267,,0
ORD023490,,0
ORD026939,,0
ORD009576,,0
ORD016416,,0
ORD036685,,0
ORD017399,,0
ORD012414,,0
ORD003275,,0
ORD058557,,0
ORD020371,,0
ORD007788,,0
ORD023628,,0
ORD038751,,0
ORD002956,,0
ORD014809,,0
ORD050220,,0
ORD008149,,0
ORD005141,,0
ORD053898,,0
ORD000590,,0
ORD004816,,0
ORD032425,,0
ORD021752,,0
ORD009705,,0
ORD013014,,0
ORD045929,,0
ORD009333,,0
ORD052377,,0
ORD029011,,0
ORD039566,,0
ORD024673,,0
ORD045954,,0
ORD042651,,0
ORD037900,,0
ORD055928,,0
ORD035293,,0
ORD044279,,0
ORD038064,,0
ORD039858,,0
ORD008183,,0
ORD031994,,0
ORD035056,,0
ORD004462,,0
ORD052203,,0
ORD024593,,0
ORD041982,,0
ORD010596,,0
ORD044547,,0
ORD021092,,0
ORD014887,,0
ORD037852,,0
ORD057402,,0
ORD010206,,0
ORD041078,,0
ORD041582,,0
ORD029495,,0
ORD058003,,0
ORD014418,weight_discrepancy,1
ORD058661,,0
ORD057444,,0
ORD034321,,0
ORD001544,,0
ORD055293,,0
ORD051295,weight_discrepancy,1
ORD009835,,0
ORD047638,,0
ORD004061,,0
ORD008509,toll_inflation,1
ORD055372,,0
ORD059489,,0
ORD019754,,0
ORD016511,,0
ORD055590,,0
ORD022779,,0
ORD048805,,0
ORD010052,,0
ORD047602,,0
ORD014158,,0
ORD041033,,0
ORD021257,,0
ORD008532,,0
ORD017021,,0
ORD030727,,0
ORD057014,,0
ORD031130,,0
ORD005289,,0
ORD056348,,0
ORD045917,,0
ORD051751,,0
ORD027831,,0
ORD024510,,0
ORD023502,,0
ORD003277,,0
ORD014255,,0
ORD053569,,0
ORD044803,,0
ORD018660,,0
ORD007657,,0
ORD026889,,0
ORD010517,,0
ORD042912,,0
ORD038468,,0
ORD021320,,0
ORD001477,,0
ORD034416,,0
ORD002487,,0
ORD024065,,0
ORD024958,,0
ORD055935,,0
ORD014450,detention_padding,1
ORD017203,,0
ORD037021,,0
ORD016619,,0
ORD014950,,0
ORD031564,toll_inflation,1
ORD026639,,0
ORD027473,,0
ORD001013,,0
ORD024838,,0
ORD027221,,0
ORD040221,,0
ORD036522,detention_padding,1
ORD005409,detention_padding,1
ORD022226,,0
ORD038812,,0
ORD059339,,0
ORD002143,,0
ORD053027,,0
ORD030823,,0
ORD043706,,0
ORD045204,,0
ORD049879,,0
ORD012473,toll_inflation,1
ORD040306,toll_inflation,1
ORD051290,,0
ORD056696,,0
ORD016828,,0
ORD050273,,0
ORD034651,,0
ORD000408,,0
ORD020774,,0
ORD000108,,0
ORD017814,,0
ORD033321,,0
ORD030332,,0
ORD040800,,0
ORD050384,,0
ORD013188,,0
ORD003495,,0
ORD017012,,0
ORD034873,,0
ORD022964,,0
ORD019275,,0
ORD004616,,0
ORD033477,,0
ORD045154,,0
ORD053763,,0
ORD001515,weight_discrepancy,1
ORD015939,,0
ORD046168,,0
ORD052820,toll_inflation,1
ORD005174,,0
ORD037962,,0
ORD022162,,0
ORD024454,,0
ORD048005,,0
ORD007740,,0
ORD058837,,0
ORD051206,,0
ORD036137,,0
ORD016909,,0
ORD023969,,0
ORD037838,,0
ORD003981,,0
ORD034256,,0
ORD045213,,0
ORD052832,,0
ORD040060,,0
ORD003694,toll_inflation,1
ORD018569,,0
ORD017523,,0
ORD056788,,0
ORD043191,,0
ORD047053,,0
ORD009646,,0
ORD001270,weight_discrepancy,1
ORD042418,weight_discrepancy,1
ORD027374,,0
ORD059510,,0
ORD036761,,0
ORD026262,,0
ORD038284,,0
ORD042125,,0
ORD020955,,0
ORD031235,,0
ORD020807,,0
ORD002118,,0
ORD007975,,0
ORD006477,,0
ORD043216,,0
ORD023271,,0
ORD000053,,0
ORD053773,,0
ORD014812,,0
ORD000396,,0
ORD049517,,0
ORD055418,,0
ORD041772,,0
ORD033169,,0
ORD021973,,0
ORD000096,,0
ORD017692,,0
ORD013929,,0
ORD056620,,0
ORD010905,,0
ORD007214,,0
ORD010287,,0
ORD010360,,0
ORD002045,,0
ORD057988,,0
ORD025499,,0
ORD014481,,0
ORD033738,,0
ORD019800,,0
ORD016711,,0
ORD032669,,0
ORD052799,,0
ORD026999,,0
ORD045217,,0
ORD019572,,0
ORD011805,detention_padding,1
ORD055192,,0
ORD029987,,0
ORD054876,,0
ORD059943,,0
ORD030394,,0
ORD005369,,0
ORD007623,,0
ORD001064,,0
ORD044991,,0
ORD037679,,0
ORD020055,,0
ORD013700,,0
ORD001338,,0
ORD015686,,0
ORD038113,,0
ORD002309,,0
ORD017719,,0
ORD013184,,0
ORD008047,,0
ORD050248,toll_inflation,1
ORD045998,,0
ORD054699,,0
ORD018650,,0
ORD007394,,0
ORD026893,,0
ORD005434,,0
ORD013525,,0
ORD053658,,0
ORD055798,,0
ORD016646,weight_discrepancy,1
ORD030423,,0
ORD023239,,0
ORD039091,detention_padding,1
ORD007015,,0
ORD059389,,0
ORD044425,weight_discrepancy,1
ORD042576,,0
ORD001587,,0
ORD056785,,0
ORD057958,,0
ORD021091,,0
ORD059424,,0
ORD003194,,0
ORD028120,,0
ORD034473,,0
ORD026070,,0
ORD022408,,0
ORD018525,,0
ORD021099,,0
ORD036348,,0
ORD040267,,0
ORD036627,toll_inflation,1
ORD001339,,0
ORD029551,,0
ORD051895,,0
ORD043271,weight_discrepancy,1
ORD028046,,0
ORD046056,,0
ORD046625,,0
ORD009100,toll_inflation,1
ORD054728,,0
ORD021225,,0
ORD023206,,0
ORD044702,,0
ORD045587,,0
ORD001595,,0
ORD053113,,0
ORD016947,,0
ORD031811,,0
ORD054710,,0
ORD049230,,0
ORD021929,,0
ORD028371,,0
ORD003947,,0
ORD032931,,0
ORD042428,,0
ORD009491,,0
ORD058691,,0
ORD051466,,0
ORD025367,,0
ORD039297,,0
ORD052896,,0
ORD033996,,0
ORD036548,,0
ORD013354,,0
ORD026400,,0
ORD021863,,0
ORD056688,,0
ORD054129,,0
ORD023199,,0
ORD056377,,0
ORD001305,,0
ORD057439,,0
ORD023609,,0
ORD012589,,0
ORD042812,,0
ORD010521,,0
ORD000815,weight_discrepancy,1
ORD051676,,0
ORD029120,,0
ORD025397,,0
ORD004593,,0
ORD004682,,0
ORD054909,,0
ORD004935,,0
ORD056226,,0
ORD051830,,0
ORD054942,,0
ORD029098,,0
ORD054987,,0
ORD003190,,0
ORD035880,,0
ORD028508,,0
ORD040472,,0
ORD015973,,0
ORD028763,,0
ORD053885,,0
ORD032086,,0
ORD051648,,0
ORD012465,,0
ORD048129,,0
ORD056678,,0
ORD025334,,0
ORD030402,,0
ORD004131,,0
ORD048385,,0
ORD053752,,0
ORD039492,,0
ORD016440,,0
ORD003467,,0
ORD015760,,0
ORD059681,,0
ORD052669,,0
ORD020000,,0
ORD059320,,0
ORD038966,,0
ORD044187,,0
ORD032156,,0
ORD003442,,0
ORD050588,,0
ORD040757,,0
ORD012723,,0
ORD040302,,0
ORD007060,detention_padding,1
ORD058341,,0
ORD015354,,0
ORD001790,,0
ORD054759,,0
ORD056456,,0
ORD047677,toll_inflation,1
ORD055729,,0
ORD026296,,0
ORD039327,,0
ORD002466,,0
ORD007727,,0
ORD044904,,0
ORD042683,,0
ORD020249,,0
ORD012779,,0
ORD018171,,0
ORD048002,,0
ORD033752,,0
ORD026614,weight_discrepancy,1
ORD002471,,0
ORD000256,,0
ORD025101,weight_discrepancy,1
ORD031102,,0
ORD058018,,0
ORD010254,,0
ORD037537,,0
ORD049336,,0
ORD012146,,0
ORD001311,,0
ORD023292,,0
ORD013444,,0
ORD039532,,0
ORD048595,,0
ORD045395,,0
ORD047542,,0
ORD052928,,0
ORD011414,,0
ORD012071,,0
ORD023174,,0
ORD015813,,0
ORD007980,,0
ORD010604,,0
ORD042887,,0
ORD033951,,0
ORD031844,,0
ORD040553,,0
ORD048682,,0
ORD022222,,0
ORD043476,,0
ORD021473,,0
ORD011928,,0
ORD034932,,0
ORD010439,,0
ORD041933,,0
ORD004387,,0
ORD028445,,0
ORD034332,,0
ORD027417,toll_inflation,1
ORD042444,,0
ORD029054,toll_inflation,1
ORD040743,,0
ORD056706,,0
ORD016298,,0
ORD054143,,0
ORD026523,,0
ORD050544,,0
ORD059513,,0
ORD043642,,0
ORD024309,,0
ORD014020,,0
ORD006717,,0
ORD009675,,0
ORD058727,,0
ORD004569,,0
ORD017292,,0
ORD053376,,0
ORD028446,,0
ORD007710,,0
ORD014891,,0
ORD056996,,0
ORD003869,,0
ORD005582,,0
ORD040727,,0
ORD026611,,0
ORD031740,,0
ORD008406,,0
ORD054321,,0
ORD035939,,0
ORD043722,,0
ORD006009,,0
ORD007612,,0
ORD029387,weight_discrepancy,1
ORD040394,,0
ORD055310,,0
ORD010847,,0
ORD022266,,0
ORD011823,,0
ORD039196,,0
ORD056098,,0
ORD040632,,0
ORD015441,,0
ORD021469,,0
ORD040220,,0
ORD021477,,0
ORD050295,,0
ORD047855,,0
ORD040056,,0
ORD056143,,0
ORD029693,,0
ORD033534,,0
ORD018211,,0
ORD033538,,0
ORD022780,,0
ORD000337,,0
ORD032543,,0
ORD000146,,0
ORD051894,,0
ORD010362,,0
ORD056175,,0
ORD025846,,0
ORD029800,,0
ORD021350,,0
ORD040424,,0
ORD003202,,0
ORD013638,,0
ORD042917,,0
ORD033825,,0
ORD014644,,0
ORD030845,,0
ORD028719,,0
ORD026237,,0
ORD049551,,0
ORD007461,toll_inflation,1
ORD015771,,0
ORD003965,,0
ORD016254,,0
ORD051105,,0
ORD013395,,0
ORD005379,,0
ORD013336,,0
ORD029538,,0
ORD053593,,0
ORD047783,,0
ORD054284,,0
ORD030470,,0
ORD009252,,0
ORD023146,,0
ORD032065,,0
ORD039751,,0
ORD053663,,0
ORD012482,,0
ORD008505,,0
ORD023090,,0
ORD035945,,0
ORD011865,,0
ORD011325,,0
ORD023477,,0
ORD054692,,0
ORD005383,,0
ORD027678,,0
ORD046853,,0
ORD010702,,0
ORD053704,,0
ORD028998,,0
ORD045939,,0
ORD023116,,0
ORD028657,,0
ORD012828,,0
ORD034767,,0
ORD002722,,0
ORD043255,,0
ORD043945,,0
ORD021362,,0
ORD019852,,0
ORD041817,,0
ORD026948,,0
ORD032493,,0
ORD017394,detention_padding,1
ORD058615,,0
ORD016106,,0
ORD016911,,0
ORD026460,,0
ORD026457,,0
ORD050820,,0
ORD004198,,0
ORD015486,,0
ORD058102,,0
ORD018926,toll_inflation,1
ORD002086,,0
ORD003164,,0
ORD004008,,0
ORD015504,,0
ORD024327,,0
ORD001725,,0
ORD043688,,0
ORD016489,,0
ORD037956,,0
ORD024830,,0
ORD004152,,0
ORD023934,,0
ORD002894,,0
ORD027350,,0
ORD001916,,0
ORD032741,,0
ORD040831,,0
ORD049398,,0
ORD033566,,0
ORD021113,,0
ORD017147,,0
ORD015198,,0
ORD047958,,0
ORD059246,,0
ORD055906,,0
ORD048688,,0
ORD057979,toll_inflation,1
ORD014436,,0
ORD032038,,0
ORD053008,,0
ORD032319,,0
ORD052187,,0
ORD018228,,0
ORD021186,,0
ORD018493,,0
ORD004469,,0
ORD006679,,0
ORD008094,,0
ORD028895,,0
ORD030770,,0
ORD057622,,0
ORD011874,,0
ORD040243,,0
ORD058180,,0
ORD042816,,0
ORD029164,,0
ORD015762,,0
ORD006317,,0
ORD037031,,0
ORD031652,,0
ORD051385,,0
ORD053968,,0
ORD029794,,0
ORD020109,,0
ORD007304,,0
ORD010317,,0
ORD032548,,0
ORD012641,,0
ORD007206,,0
ORD031940,,0
ORD041172,,0
ORD032639,,0
ORD020563,,0
ORD019947,toll_inflation,1
ORD023474,,0
ORD009561,,0
ORD026722,,0
ORD029623,,0
ORD047352,,0
ORD014081,,0
ORD057333,,0
ORD007802,,0
ORD021942,,0
ORD003456,,0
ORD033059,,0
ORD006092,,0
ORD054130,,0
ORD034858,,0
ORD017225,,0
ORD007096,,0
ORD024911,,0
ORD002002,,0
ORD001904,,0
ORD044574,,0
ORD014151,,0
ORD056655,,0
ORD046290,,0
ORD023950,,0
ORD059179,,0
ORD056629,,0
ORD022006,,0
ORD045976,,0
ORD001483,,0
ORD030830,,0
ORD006987,,0
ORD005357,,0
ORD013859,,0
ORD046041,,0
ORD047595,,0
ORD040089,,0
ORD021012,,0
ORD002542,,0
ORD007752,,0
ORD020686,,0
ORD046603,detention_padding,1
ORD029510,,0
ORD040070,,0
ORD055464,,0
ORD004381,,0
ORD027682,,0
ORD051838,,0
ORD053757,weight_discrepancy,1
ORD055639,,0
ORD054250,detention_padding,1
ORD022531,,0
ORD005581,,0
ORD016904,,0
ORD027595,,0
ORD013539,,0
ORD014886,,0
ORD031807,,0
ORD008766,,0
ORD058424,,0
ORD004809,,0
ORD057321,,0
ORD008657,,0
ORD057249,weight_discrepancy,1
ORD059519,,0
ORD034229,,0
ORD012163,detention_padding,1
ORD037044,,0
ORD005601,,0
ORD008118,toll_inflation,1
ORD045416,,0
ORD027562,,0
ORD018077,,0
ORD034769,,0
ORD026628,,0
ORD027660,,0
ORD013074,,0
ORD026636,,0
ORD020168,weight_discrepancy,1
ORD014284,,0
ORD024176,detention_padding,1
ORD053095,,0
ORD014395,,0
ORD057458,,0
ORD046867,,0
ORD054133,,0
ORD000992,,0
ORD014243,,0
ORD024877,,0
ORD050437,,0
ORD031103,,0
ORD022142,,0
ORD032926,,0
ORD046641,,0
ORD019931,,0
ORD022534,,0
ORD053411,,0
ORD059873,,0
ORD003630,,0
ORD039810,,0
ORD023805,,0
ORD022088,,0
ORD051203,,0
ORD014024,,0
ORD045831,,0
ORD032290,,0
ORD014015,,0
ORD009555,,0
ORD059349,,0
ORD018306,,0
ORD008984,,0
ORD027635,,0
ORD011365,,0
ORD009187,detention_padding,1
ORD042487,,0
ORD023595,,0
ORD005440,,0
ORD058780,,0
ORD026138,,0
ORD032476,,0
ORD057644,,0
ORD013674,detention_padding,1
ORD056482,,0
ORD025482,,0
ORD038173,,0
ORD041384,,0
ORD009712,weight_discrepancy,1
ORD030322,,0
ORD014972,,0
ORD000819,,0
ORD038791,,0
ORD006673,,0
ORD013779,,0
ORD001597,,0
ORD033271,,0
ORD051746,,0
ORD005840,,0
ORD059673,,0
ORD030301,,0
ORD008301,,0
ORD056216,,0
ORD026621,,0
ORD025916,,0
ORD038866,,0
ORD054157,,0
ORD029902,,0
ORD050307,,0
ORD046403,,0
ORD056888,,0
ORD049368,,0
ORD006969,,0
ORD004535,,0
ORD043415,,0
ORD056866,,0
ORD012287,,0
ORD059769,,0
ORD026297,,0
ORD017140,,0
ORD046881,,0
ORD028760,,0
ORD050594,,0
ORD011642,,0
ORD049196,,0
ORD045841,,0
ORD057820,,0
ORD002475,,0
ORD027662,,0
ORD001203,,0
ORD044461,,0
ORD050621,,0
ORD048921,,0
ORD003802,,0
ORD041649,,0
ORD005097,,0
ORD016410,,0
ORD054865,,0
ORD014207,,0
ORD038268,,0
ORD010899,,0
ORD047921,,0
ORD013869,,0
ORD023139,,0
ORD048546,,0
ORD019636,,0
ORD025464,,0
ORD029334,,0
ORD012591,,0
ORD022621,,0
ORD050177,,0
ORD041820,,0
ORD050062,,0
ORD040857,,0
ORD007359,,0
ORD054633,,0
ORD011146,,0
ORD055442,,0
ORD042993,,0
ORD048015,,0
ORD043522,,0
ORD035002,,0
ORD011301,,0
ORD025973,,0
ORD059116,,0
ORD054682,,0
ORD052737,,0
ORD006427,,0
ORD007242,,0
ORD051177,,0
ORD031965,,0
ORD020780,,0
ORD050939,,0
ORD014706,,0
ORD000795,,0
ORD000700,,0
ORD042222,,0
ORD000905,,0
ORD043420,,0
ORD008022,,0
ORD049671,,0
ORD027738,detention_padding,1
ORD007660,,0
ORD059319,,0
ORD038576,,0
ORD026001,,0
ORD056368,,0
ORD005441,,0
ORD024482,,0
ORD052600,,0
ORD015778,,0
ORD045032,,0
ORD047770,,0
ORD039785,,0
ORD023009,,0
ORD038070,,0
ORD051110,,0
ORD040625,,0
ORD020613,,0
ORD045129,,0
ORD050870,,0
ORD023366,,0
ORD032390,,0
ORD059041,,0
ORD050302,,0
ORD019548,,0
ORD034260,detention_padding,1
ORD000432,,0
ORD013978,,0
ORD034924,,0
ORD016199,,0
ORD034272,,0
ORD022426,,0
ORD014879,,0
ORD012315,,0
ORD034252,,0
ORD050007,,0
ORD039371,,0
ORD055883,,0
ORD042857,,0
ORD019761,,0
ORD017417,,0
ORD048596,,0
ORD012349,,0
ORD053832,,0
ORD027469,,0
ORD021916,,0
ORD044591,,0
ORD003829,,0
ORD029007,,0
ORD015331,,0
ORD032589,,0
ORD041744,,0
ORD049169,,0
ORD001184,,0
ORD054083,,0
ORD048577,,0
ORD034456,,0
ORD030294,,0
ORD030031,,0
ORD007503,,0
ORD007544,,0
ORD009002,,0
ORD030628,,0
ORD024422,,0
ORD021326,toll_inflation,1
ORD051211,,0
ORD018041,,0
ORD003775,,0
ORD023597,,0
ORD014704,,0
ORD052885,,0
ORD030517,,0
ORD011623,,0
ORD021333,,0
ORD012692,,0
ORD012220,,0
ORD050895,,0
ORD007019,,0
ORD004271,,0
ORD057100,,0
ORD046243,,0
ORD050571,,0
ORD054413,,0
ORD023485,,0
ORD038674,,0
ORD011731,,0
ORD035581,,0
ORD047693,,0
ORD031069,,0
ORD015806,,0
ORD033868,,0
ORD027503,,0
ORD034422,,0
ORD027801,,0
ORD059302,,0
ORD024550,,0
ORD011470,,0
ORD048598,,0
ORD009000,,0
ORD038596,,0
ORD043612,,0
ORD047558,,0
ORD008433,,0
ORD032274,,0
ORD022850,,0
ORD025528,,0
ORD052637,,0
ORD035312,,0
ORD051161,,0
ORD017626,,0
ORD053130,,0
ORD020339,,0
ORD047748,,0
ORD032695,,0
ORD025408,,0
ORD049435,,0
ORD029892,,0
ORD055761,,0
ORD025247,,0
ORD025519,,0
ORD011337,,0
ORD030784,,0
ORD011334,,0
ORD052957,,0
ORD018287,,0
ORD046889,,0
ORD000170,,0
ORD023367,,0
ORD051819,,0
ORD023365,,0
ORD019424,,0
ORD042032,,0
ORD006825,,0
ORD006330,,0
ORD037347,weight_discrepancy,1
ORD017752,,0
ORD001317,toll_inflation,1
ORD037996,,0
ORD038857,,0
ORD032818,,0
ORD040875,,0
ORD058071,,0
ORD057535,,0
ORD019012,weight_discrepancy,1
ORD011825,,0
ORD000234,,0
ORD039411,,0
ORD003306,,0
ORD024344,,0
ORD035970,,0
ORD019969,,0
ORD023173,,0
ORD020045,,0
ORD055404,,0
ORD055386,,0
ORD039498,,0
ORD029647,,0
ORD050898,weight_discrepancy,1
ORD016381,,0
ORD031156,,0
ORD033835,,0
ORD045379,,0
ORD026404,,0
ORD050028,,0
ORD000770,,0
ORD053735,,0
ORD000248,,0
ORD015451,,0
ORD012708,,0
ORD017124,,0
ORD020300,,0
ORD042958,,0
ORD044508,,0
ORD015295,,0
ORD047673,,0
ORD059194,,0
ORD035925,,0
ORD021030,,0
ORD018859,,0
ORD037767,,0
ORD032513,,0
ORD053359,,0
ORD051138,,0
ORD017676,,0
ORD026104,,0
ORD037576,,0
ORD005450,,0
ORD034067,,0
ORD029301,,0
ORD018706,,0
ORD021100,,0
ORD054964,,0
ORD034989,,0
ORD024367,,0
ORD039563,,0
ORD018051,,0
ORD027348,,0
ORD004889,,0
ORD001688,,0
ORD001683,,0
ORD001076,,0
ORD045469,,0
ORD003761,,0
ORD056229,,0
ORD032712,,0
ORD048122,,0
ORD048888,,0
ORD027570,,0
ORD016782,,0
ORD009061,,0
ORD046520,,0
ORD029147,,0
ORD046730,,0
ORD058194,,0
ORD002707,,0
ORD012644,,0
ORD021944,,0
ORD034639,,0
ORD025130,,0
ORD008647,,0
ORD031799,,0
ORD032842,,0
ORD003993,,0
ORD013481,,0
ORD053340,,0
ORD000499,,0
ORD013452,,0
ORD028528,,0
ORD012308,,0
ORD057349,,0
ORD045063,,0
ORD020849,,0
ORD057323,,0
ORD017461,,0
ORD004655,,0
ORD001492,detention_padding,1
ORD039443,,0
ORD032015,,0
ORD056070,,0
ORD058313,,0
ORD052062,,0
ORD004328,,0
ORD019562,,0
ORD005509,,0
ORD023966,weight_discrepancy,1
ORD032567,,0
ORD055833,,0
ORD050158,,0
ORD004471,,0
ORD020061,,0
ORD043132,,0
ORD005617,,0
ORD058160,,0
ORD057077,,0
ORD017141,,0
ORD014221,,0
ORD041941,,0
ORD040025,,0
ORD057073,,0
ORD011820,,0
ORD049738,,0
ORD058683,,0
ORD019712,,0
ORD035942,,0
ORD041191,,0
ORD002090,,0
ORD034393,,0
ORD016398,,0
ORD003020,,0
ORD011568,,0
ORD037011,,0
ORD039819,,0
ORD014013,,0
ORD035195,,0
ORD029388,,0
ORD014084,,0
ORD058573,,0
ORD041916,,0
ORD005006,,0
ORD050228,,0
ORD002543,,0
ORD019183,,0
ORD026448,,0
ORD004851,,0
ORD053266,,0
ORD022894,,0
ORD021450,,0
ORD055916,,0
ORD032846,,0
ORD009380,,0
ORD010127,,0
ORD035463,,0
ORD004778,,0
ORD005011,,0
ORD029391,,0
ORD041151,,0
ORD021369,,0
ORD046019,,0
ORD021387,,0
ORD054981,,0
ORD017331,,0
ORD009303,,0
ORD006150,,0
ORD053695,,0
ORD025902,,0
ORD012838,,0
ORD035957,,0
ORD058193,,0
ORD047265,,0
ORD030566,,0
ORD035947,,0
ORD059575,,0
ORD040844,,0
ORD012640,,0
ORD003832,,0
ORD017406,,0
ORD012701,,0
ORD022732,,0
ORD028503,,0
ORD047269,,0
ORD012513,,0
ORD044674,,0
ORD030656,,0
ORD001082,,0
ORD034544,,0
ORD044059,weight_discrepancy,1
ORD028519,,0
ORD014854,,0
ORD021492,,0
ORD057540,,0
ORD040554,,0
ORD059007,,0
ORD050662,,0
ORD034661,,0
ORD010130,,0
ORD059274,,0
ORD010167,,0
ORD014045,,0
ORD002531,,0
ORD007716,,0
ORD039693,,0
ORD053579,,0
ORD033522,,0
ORD015797,,0
ORD009443,,0
ORD035576,,0
ORD034645,,0
ORD059053,,0
ORD002097,,0
ORD013964,,0
ORD051468,,0
ORD041478,,0
ORD034926,,0
ORD001377,,0
ORD004959,,0
ORD055221,,0
ORD007859,,0
ORD044668,,0
ORD014564,,0
ORD020195,,0
ORD035637,,0
ORD033840,,0
ORD029086,,0
ORD054810,,0
ORD034159,,0
ORD021988,,0
ORD009889,,0
ORD040725,,0
ORD013961,,0
ORD038849,,0
ORD013473,,0
ORD026291,,0
ORD016272,toll_inflation,1
ORD035902,,0
ORD048816,,0
ORD022069,,0
ORD054151,,0
ORD007151,,0
ORD051036,,0
ORD009212,,0
ORD012495,,0
ORD004690,,0
ORD026902,,0
ORD020884,,0
ORD057544,,0
ORD038613,,0
ORD006196,,0
ORD050483,,0
ORD019221,,0
ORD031705,,0
ORD012570,toll_inflation,1
ORD004815,,0
ORD008594,,0
ORD030541,,0
ORD026321,,0
ORD055484,,0
ORD050760,,0
ORD053447,,0
ORD042515,,0
ORD022663,,0
ORD005107,toll_inflation,1
ORD014590,,0
ORD000340,,0
ORD014537,,0
ORD035655,,0
ORD059202,,0
ORD008818,,0
ORD011978,,0
ORD028400,detention_padding,1
ORD042177,,0
ORD043808,,0
ORD002797,,0
ORD047158,,0
ORD034633,,0
ORD014868,,0
ORD032697,,0
ORD025188,,0
ORD041846,,0
ORD026868,,0
ORD049344,detention_padding,1
ORD000719,,0
ORD054095,,0
ORD037470,,0
ORD040452,,0
ORD049700,,0
ORD020115,,0
ORD013394,,0
ORD019527,,0
ORD028589,,0
ORD009953,,0
ORD000793,,0
ORD015363,,0
ORD022688,,0
ORD038526,,0
ORD010072,,0
ORD009626,,0
ORD026640,,0
ORD005744,,0
ORD055748,,0
ORD042361,,0
ORD003881,,0
ORD030669,,0
ORD058377,,0
ORD031007,,0
ORD019778,,0
ORD053240,,0
ORD043948,,0
ORD019748,,0
ORD059078,,0
ORD029675,,0
ORD029670,,0
ORD012596,,0
ORD031218,,0
ORD008229,toll_inflation,1
ORD029630,,0
ORD012658,toll_inflation,1
ORD051005,,0
ORD045060,,0
ORD052060,,0
ORD038461,,0
ORD052992,,0
ORD034537,,0
ORD017841,,0
ORD038455,toll_inflation,1
ORD001068,,0
ORD058075,,0
ORD042294,,0
ORD013787,,0
ORD017734,,0
ORD049373,,0
ORD034940,,0
ORD048355,,0
ORD049390,,0
ORD058930,,0
ORD000152,,0
ORD008841,,0
ORD025600,,0
ORD003187,,0
ORD040814,,0
ORD044683,,0
ORD044446,,0
ORD050591,,0
ORD046537,,0
ORD015743,,0
ORD000372,,0
ORD005147,,0
ORD057996,,0
ORD049315,,0
ORD024291,,0
ORD051583,,0
ORD041246,,0
ORD012731,,0
ORD033292,,0
ORD055282,,0
ORD059671,,0
ORD036029,,0
ORD054838,,0
ORD058834,detention_padding,1
ORD011817,,0
ORD001157,,0
ORD046691,,0
ORD014175,,0
ORD009972,,0
ORD027052,,0
ORD025732,,0
ORD039850,,0
ORD047203,,0
ORD043310,,0
ORD037202,,0
ORD053596,,0
ORD051037,,0
ORD058666,,0
ORD021881,,0
ORD013050,,0
ORD029017,,0
ORD043575,,0
ORD037135,,0
ORD053100,,0
ORD004953,,0
ORD008676,,0
ORD029636,,0
ORD029390,,0
ORD033560,,0
ORD036154,,0
ORD013475,,0
ORD057984,,0
ORD024562,,0
ORD058232,,0
ORD036520,,0
ORD057284,,0
ORD049841,,0
ORD005246,,0
ORD025155,,0
ORD023630,,0
ORD042058,toll_inflation,1
ORD000117,,0
ORD017429,,0
ORD040572,,0
ORD023468,,0
ORD059364,,0
ORD008706,,0
ORD012329,,0
ORD026349,,0
ORD044246,,0
ORD005920,,0
ORD029445,,0
ORD019618,,0
ORD012356,,0
ORD029034,,0
ORD039670,,0
ORD017143,,0
ORD037389,,0
ORD043820,detention_padding,1
ORD008938,,0
ORD010289,weight_discrepancy,1
ORD035631,,0
ORD012395,,0
ORD020267,,0
ORD018008,,0
ORD034254,,0
ORD025403,,0
ORD024621,,0
ORD026086,,0
ORD019165,,0
ORD035863,,0
ORD016687,,0
ORD056896,,0
ORD006923,toll_inflation,1
ORD025146,,0
ORD032925,,0
ORD011955,,0
ORD012970,,0
ORD007771,,0
ORD039797,,0
ORD011918,,0
ORD055115,,0
ORD011892,,0
ORD050900,,0
ORD012507,toll_inflation,1
ORD007763,detention_padding,1
ORD042052,,0
ORD043051,toll_inflation,1
ORD026366,,0
ORD023356,,0
ORD047679,,0
ORD053543,,0
ORD004069,,0
ORD027836,,0
ORD022607,,0
ORD048045,,0
ORD057648,,0
ORD028053,,0
ORD027359,detention_padding,1
ORD040524,,0
ORD053046,,0
ORD032721,,0
ORD049548,,0
ORD043994,,0
ORD053572,,0
ORD027216,,0
ORD058067,,0
ORD027049,,0
ORD057780,,0
ORD026505,,0
ORD041483,,0
ORD020144,,0
ORD002043,,0
ORD040215,,0
ORD047761,,0
ORD002437,,0
ORD046617,,0
ORD041590,,0
ORD056789,,0
ORD047907,,0
ORD046742,,0
ORD046434,,0
ORD038232,,0
ORD054872,,0
ORD007073,,0
ORD016510,,0
ORD028300,,0
ORD053879,,0
ORD001037,,0
ORD035277,,0
ORD051659,,0
ORD008514,,0
ORD037309,,0
ORD038095,,0
ORD029773,,0
ORD002072,,0
ORD052851,,0
ORD007113,toll_inflation,1
ORD000165,toll_inflation,1
ORD033072,,0
ORD026388,,0
ORD031573,,0
ORD049984,,0
ORD050854,,0
ORD026850,,0
ORD042109,,0
ORD011902,,0
ORD006956,,0
ORD029742,,0
ORD023600,,0
ORD023913,,0
ORD029346,,0
ORD040862,,0
ORD036839,,0
ORD043676,,0
ORD047998,,0
ORD003824,,0
ORD013828,,0
ORD012855,weight_discrepancy,1
ORD027107,,0
ORD023733,,0
ORD049312,,0
ORD033577,,0
ORD029980,,0
ORD058070,,0
ORD019392,,0
ORD008492,,0
ORD033870,,0
ORD042764,,0
ORD007658,,0
ORD009471,,0
ORD028438,,0
ORD036832,,0
ORD026309,,0
ORD045393,,0
ORD046485,,0
ORD026318,,0
ORD032490,,0
ORD014569,,0
ORD033198,,0
ORD033071,,0
ORD013586,,0
ORD054642,,0
ORD007914,,0
ORD008127,,0
ORD035828,,0
ORD017972,,0
ORD043571,,0
ORD025893,,0
ORD035136,,0
ORD043387,,0
ORD012569,,0
ORD037068,,0
ORD043129,,0
ORD011372,,0
ORD015175,,0
ORD047367,,0
ORD026807,,0
ORD039891,,0
ORD013296,,0
ORD007717,,0
ORD050886,,0
ORD025237,,0
ORD043863,weight_discrepancy,1
ORD028275,,0
ORD056665,,0
ORD002059,toll_inflation,1
ORD042126,,0
ORD015522,,0
ORD016585,,0
ORD009918,,0
ORD025082,,0
ORD010301,,0
ORD010496,,0
ORD043748,,0
ORD029654,,0
ORD019998,weight_discrepancy,1
ORD005121,,0
ORD001925,,0
ORD030600,,0
ORD020209,,0
ORD056729,,0
ORD042433,,0
ORD047089,,0
ORD013464,,0
ORD041716,,0
ORD035734,,0
ORD031877,,0
ORD034144,,0
ORD005466,,0
ORD036653,,0
ORD020079,,0
ORD007369,,0
ORD023511,,0
ORD058803,,0
ORD008002,,0
ORD037813,,0
ORD021132,,0
ORD044329,,0
ORD004811,,0
ORD055371,,0
ORD017640,,0
ORD036232,,0
ORD018738,,0
ORD027256,,0
ORD034188,,0
ORD014909,,0
ORD046061,,0
ORD033933,detention_padding,1
ORD025062,,0
ORD059297,,0
ORD035412,,0
ORD001566,,0
ORD015470,,0
ORD020757,,0
ORD022447,,0
ORD045370,,0
ORD040202,,0
ORD013019,,0
ORD004840,,0
ORD053874,,0
ORD053728,,0
ORD059352,,0
ORD057975,,0
ORD017028,,0
ORD055920,,0
ORD023192,,0
ORD017973,,0
ORD040311,,0
ORD052498,,0
ORD012636,,0
ORD051386,,0
ORD020183,,0
ORD009132,,0
ORD010788,,0
ORD019592,,0
ORD041477,,0
ORD020363,,0
ORD018736,,0
ORD037047,,0
ORD001540,,0
ORD057091,,0
ORD028896,,0
ORD053364,,0
ORD015913,,0
ORD050436,,0
ORD012768,toll_inflation,1
ORD009986,,0
ORD048288,,0
ORD045735,,0
ORD013211,,0
ORD004639,toll_inflation,1
ORD047702,,0
ORD047349,,0
ORD058605,,0
ORD011367,,0
ORD050472,,0
ORD013688,,0
ORD013559,,0
ORD038603,,0
ORD034095,,0
ORD036182,,0
ORD050078,,0
ORD005348,,0
ORD039899,,0
ORD023077,,0
ORD007967,,0
ORD054636,,0
ORD034786,,0
ORD009454,,0
ORD033323,detention_padding,1
ORD055616,,0
ORD016568,,0
ORD028879,,0
ORD010980,detention_padding,1
ORD036528,,0
ORD043268,,0
ORD022185,,0
ORD050402,,0
ORD000306,,0
ORD039120,,0
ORD002220,,0
ORD040655,,0
ORD026173,,0
ORD031913,,0
ORD014264,detention_padding,1
ORD019651,,0
ORD059993,,0
ORD000593,,0
ORD038110,,0
ORD037234,,0
ORD033653,,0
ORD037577,,0
ORD032155,,0
ORD031926,,0
ORD022963,,0
ORD053174,,0
ORD027796,,0
ORD039530,,0
ORD054514,,0
ORD047213,,0
ORD029448,,0
ORD024820,,0
ORD049860,,0
ORD030118,,0
ORD001697,,0
ORD034287,,0
ORD010531,toll_inflation,1
ORD054399,,0
ORD052347,,0
ORD034570,,0
ORD001303,,0
ORD022482,,0
ORD047709,,0
ORD030578,,0
ORD058647,,0
ORD043533,,0
ORD015602,,0
ORD004747,,0
ORD001381,,0
ORD006567,,0
ORD048833,,0
ORD028968,,0
ORD018271,,0
ORD020337,,0
ORD059119,,0
ORD056176,,0
ORD042765,,0
ORD055057,,0
ORD032837,,0
ORD044115,,0
ORD016348,,0
ORD003604,,0
ORD021103,,0
ORD031938,detention_padding,1
ORD011014,toll_inflation,1
ORD027614,weight_discrepancy,1
ORD013798,,0
ORD045136,,0
ORD043886,,0
ORD015429,,0
ORD040161,,0
ORD052903,,0
ORD023164,,0
ORD042450,weight_discrepancy,1
ORD000387,,0
ORD012952,,0
ORD036433,,0
ORD057606,,0
ORD027356,,0
ORD006004,,0
ORD042105,,0
ORD051649,,0
ORD010406,,0
ORD015467,,0
ORD040683,,0
ORD015403,,0
ORD058726,,0
ORD051893,,0
ORD059662,,0
ORD022134,,0
ORD036245,,0
ORD031612,,0
ORD007586,,0
ORD050527,,0
ORD004373,,0
ORD035845,,0
ORD028876,,0
ORD033925,,0
ORD009615,,0
ORD013381,,0
ORD027896,,0
ORD051695,,0
ORD021254,,0
ORD021401,,0
ORD039259,,0
ORD059136,,0
ORD058910,,0
ORD045793,,0
ORD033498,,0
ORD050266,,0
ORD015186,weight_discrepancy,1
ORD022392,,0
ORD001653,,0
ORD020415,,0
ORD038406,,0
ORD016783,,0
ORD003337,,0
ORD046213,,0
ORD017614,,0
ORD038968,,0
ORD027823,,0
ORD027530,,0
ORD059057,,0
ORD030766,,0
ORD017042,,0
ORD016321,,0
ORD056365,toll_inflation,1
ORD044144,,0
ORD026927,,0
ORD056360,,0
ORD033803,,0
ORD005526,,0
ORD025955,,0
ORD007212,,0
ORD049842,,0
ORD043245,,0
ORD026340,,0
ORD042086,,0
ORD013209,,0
ORD050853,,0
ORD055957,,0
ORD043134,,0
ORD030329,,0
ORD008186,,0
ORD057533,,0
ORD045695,,0
ORD046012,,0
ORD027876,,0
ORD039464,,0
ORD057572,,0
ORD018623,,0
ORD054235,,0
ORD044452,,0
ORD010916,,0
ORD015021,,0
ORD035283,,0
ORD059532,,0
ORD054018,,0
ORD027011,,0
ORD001403,,0
ORD014133,,0
ORD006168,,0
ORD009369,,0
ORD019325,,0
ORD043025,,0
ORD032901,,0
ORD042437,,0
ORD000294,,0
ORD043884,,0
ORD011096,,0
ORD004283,,0
ORD048358,,0
ORD017349,,0
ORD001198,,0
ORD048136,,0
ORD021045,,0
ORD030280,,0
ORD036686,,0
ORD034130,,0
ORD053720,,0
ORD008088,,0
ORD004876,,0
ORD001277,,0
ORD047562,weight_discrepancy,1
ORD038003,,0
ORD008040,,0
ORD016878,,0
ORD006433,,0
ORD042520,,0
ORD033432,,0
ORD015800,,0
ORD057009,,0
ORD004511,,0
ORD012704,,0
ORD047446,,0
ORD054296,,0
ORD049377,,0
ORD007689,,0
ORD005886,,0
ORD041564,,0
ORD044337,,0
ORD016827,,0
ORD053227,,0
ORD022537,,0
ORD002112,,0
ORD038558,,0
ORD002417,,0
ORD013852,,0
ORD023566,,0
ORD003653,,0
ORD019197,,0
ORD027931,,0
ORD002163,,0
ORD002210,,0
ORD030039,detention_padding,1
ORD008194,,0
ORD038798,,0
ORD028894,,0
ORD051977,,0
ORD019829,,0
ORD015140,,0
ORD010200,,0
ORD057932,,0
ORD035549,weight_discrepancy,1
ORD001995,,0
ORD051860,,0
ORD045533,,0
ORD040923,,0
ORD029058,,0
ORD057972,,0
ORD038307,,0
ORD000093,,0
ORD008929,,0
ORD027789,weight_discrepancy,1
ORD025422,,0
ORD039691,,0
ORD002123,,0
ORD006211,,0
ORD002369,,0
ORD056859,,0
ORD031085,,0
ORD010860,,0
ORD015215,,0
ORD019410,,0
ORD005483,,0
ORD022240,,0
ORD036519,,0
ORD055610,,0
ORD029929,,0
ORD018498,,0
ORD010265,,0
ORD020707,,0
ORD040263,toll_inflation,1
ORD007755,,0
ORD014114,,0
ORD005101,,0
ORD005354,,0
ORD016037,toll_inflation,1
ORD025611,,0
ORD004177,,0
ORD001429,,0
ORD049025,,0
ORD053870,,0
ORD043389,,0
ORD020830,,0
ORD029189,,0
ORD020574,,0
ORD007823,,0
ORD014321,,0
ORD039332,,0
ORD054749,weight_discrepancy,1
ORD006823,,0
ORD041152,,0
ORD030993,,0
ORD046568,,0
ORD035099,,0
ORD020614,,0
ORD001746,,0
ORD007365,,0
ORD035055,,0
ORD038658,,0
ORD053420,,0
ORD014826,,0
ORD003553,,0
ORD038982,,0
ORD048281,,0
ORD005739,,0
ORD030689,,0
ORD050575,,0
ORD054419,,0
ORD057426,,0
ORD008879,,0
ORD003549,,0
ORD000438,,0
ORD048235,,0
ORD038938,,0
ORD047236,,0
ORD007178,,0
ORD016734,,0
ORD047557,,0
ORD048796,,0
ORD017457,,0
ORD010168,,0
ORD021373,,0
ORD054213,,0
ORD049422,,0
ORD046694,,0
ORD024118,,0
ORD003013,,0
ORD000688,,0
ORD039385,,0
ORD033832,,0
ORD056783,,0
ORD046672,,0
ORD000058,,0
ORD049795,,0
ORD004588,,0
ORD040710,,0
ORD009426,,0
ORD052606,,0
ORD001230,,0
ORD049158,,0
ORD011997,,0
ORD050481,,0
ORD016664,,0
ORD049131,,0
ORD028830,,0
ORD042640,,0
ORD005412,,0
ORD029393,,0
ORD001640,,0
ORD051709,,0
ORD019826,,0
ORD013120,,0
ORD009407,,0
ORD018061,,0
ORD056223,,0
ORD001324,,0
ORD002166,,0
ORD041523,,0
ORD031710,,0
ORD018095,,0
ORD027003,,0
ORD034172,,0
ORD018156,,0
ORD057241,,0
ORD007851,,0
ORD051569,,0
ORD038820,,0
ORD001797,,0
ORD059650,,0
ORD021658,,0
ORD035958,,0
ORD021298,,0
ORD048498,,0
ORD041835,,0
ORD034714,,0
ORD015259,,0
ORD000922,,0
ORD007830,,0
ORD013530,,0
ORD013309,,0
ORD020344,,0
ORD007578,,0
ORD033745,,0
ORD012720,,0
ORD021737,,0
ORD022264,,0
ORD004981,,0
ORD037565,,0
ORD054938,,0
ORD031315,,0
ORD000293,,0
ORD025903,,0
ORD002944,,0
ORD014512,,0
ORD014104,,0
ORD047665,toll_inflation,1
ORD003859,,0
ORD013107,,0
ORD037091,,0
ORD036997,,0
ORD005242,,0
ORD036371,,0
ORD030229,,0
ORD008190,,0
ORD039508,,0
ORD028756,,0
ORD029974,,0
ORD048837,,0
ORD019933,,0
ORD059451,,0
ORD030587,,0
ORD014622,,0
ORD029293,,0
ORD011843,,0
ORD051355,,0
ORD040578,,0
ORD016394,,0
ORD033239,,0
ORD050283,,0
ORD037541,,0
ORD004324,,0
ORD033944,,0
ORD013957,,0
ORD040416,,0
ORD020760,,0
ORD039923,,0
ORD048154,,0
ORD003421,,0
ORD009153,,0
ORD006527,,0
ORD044166,,0
ORD018386,,0
ORD007166,,0
ORD033272,,0
ORD015161,,0
ORD042833,toll_inflation,1
ORD003933,,0
ORD058625,,0
ORD025149,,0
ORD035044,,0
ORD046929,,0
ORD009427,,0
ORD046265,,0
ORD031787,,0
ORD016941,,0
ORD019473,,0
ORD057726,,0
ORD020900,,0
ORD014493,,0
ORD040474,,0
ORD026810,,0
ORD006389,,0
ORD056125,,0
ORD023059,,0
ORD014468,,0
ORD046086,,0
ORD025284,,0
ORD033455,,0
ORD012925,,0
ORD029296,detention_padding,1
ORD011061,,0
ORD012210,,0
ORD057220,,0
ORD010171,,0
ORD044762,,0
ORD009606,weight_discrepancy,1
ORD058805,,0
ORD020543,,0
ORD038435,,0
ORD012770,,0
ORD023289,,0
ORD050172,,0
ORD050921,,0
ORD056387,,0
ORD022248,,0
ORD016702,,0
ORD002412,,0
ORD022454,,0
ORD020448,,0
ORD042494,,0
ORD038907,,0
ORD000897,,0
ORD007642,,0
ORD013221,,0
ORD037864,,0
ORD035886,,0
ORD013671,,0
ORD052678,weight_discrepancy,1
ORD030591,,0
ORD042268,,0
ORD028381,,0
ORD023223,weight_discrepancy,1
ORD028664,,0
ORD011728,weight_discrepancy,1
ORD034010,,0
ORD038241,,0
ORD049826,,0
ORD022322,,0
ORD046411,,0
ORD055580,,0
ORD044191,,0
ORD025476,,0
ORD038155,,0
ORD045935,,0
ORD058710,,0
ORD051146,,0
ORD002194,,0
ORD032076,,0
ORD052823,,0
ORD020465,,0
ORD055720,,0
ORD059589,,0
ORD033927,,0
ORD017229,,0
ORD003867,,0
ORD048256,,0
ORD054191,,0
ORD047206,,0
ORD036568,,0
ORD003135,,0
ORD022455,,0
ORD016940,,0
ORD049679,,0
ORD032006,,0
ORD010294,,0
ORD040005,,0
ORD039466,,0
ORD029709,,0
ORD047374,,0
ORD014580,,0
ORD059900,,0
ORD057963,detention_padding,1
ORD037275,,0
ORD039981,,0
ORD050677,detention_padding,1
ORD045580,,0
ORD058975,,0
ORD021435,,0
ORD055571,,0
ORD017105,,0
ORD030098,,0
ORD002172,,0
ORD051428,,0
ORD006904,,0
ORD057928,,0
ORD050851,,0
ORD006902,,0
ORD048509,,0
ORD057831,,0
ORD022440,,0
ORD005837,,0
ORD046754,,0
ORD001786,,0
ORD005567,weight_discrepancy,1
ORD003647,,0
ORD032491,,0
ORD056283,,0
ORD018509,,0
ORD002336,,0
ORD046777,,0
ORD008607,,0
ORD003552,,0
ORD046906,,0
ORD024386,,0
ORD034145,,0
ORD048125,,0
ORD058526,,0
ORD057873,,0
ORD008281,,0
ORD019178,,0
ORD012742,,0
ORD032368,,0
ORD040036,toll_inflation,1
ORD033831,toll_inflation,1
ORD032272,,0
ORD007562,,0
ORD049448,,0
ORD052907,,0
ORD030851,detention_padding,1
ORD055988,,0
ORD030818,,0
ORD017497,,0
ORD029378,,0
ORD044089,,0
ORD058381,,0
ORD052990,,0
ORD032023,,0
ORD046376,,0
ORD000435,,0
ORD011873,,0
ORD008912,,0
ORD011777,,0
ORD037375,,0
ORD021859,,0
ORD045142,,0
ORD038906,,0
ORD015898,,0
ORD056261,,0
ORD006861,,0
ORD007590,,0
ORD020513,detention_padding,1
ORD047372,,0
ORD026633,,0
ORD007648,,0
ORD042087,,0
ORD049589,,0
ORD056596,,0
ORD013004,,0
ORD044932,,0
ORD046644,,0
ORD014674,,0
ORD002768,,0
ORD035628,,0
ORD020603,,0
ORD037924,,0
ORD051865,,0
ORD022601,,0
ORD018757,,0
ORD038246,,0
ORD050166,,0
ORD021615,,0
ORD037450,,0
ORD013922,,0
ORD027618,,0
ORD016995,,0
ORD008623,,0
ORD022503,,0
ORD003690,,0
ORD024803,,0
ORD015639,,0
ORD056315,,0
ORD055694,,0
ORD018649,,0
ORD018647,weight_discrepancy,1
ORD056823,,0
ORD002415,,0
ORD059559,,0
ORD035457,,0
ORD003106,,0
ORD057700,,0
ORD002003,,0
ORD010020,,0
ORD042264,,0
ORD032648,,0
ORD026322,,0
ORD044977,,0
ORD016213,,0
ORD053517,detention_padding,1
ORD027212,,0
ORD014771,weight_discrepancy,1
ORD009123,,0
ORD035991,,0
ORD028094,,0
ORD000245,,0
ORD023274,,0
ORD053928,,0
ORD015032,,0
ORD030650,,0
ORD044608,,0
ORD023568,,0
ORD049364,,0
ORD007322,,0
ORD045274,,0
ORD013164,,0
ORD055531,,0
ORD034774,,0
ORD054634,,0
ORD050957,,0
ORD030141,,0
ORD017780,,0
ORD014323,,0
ORD033581,,0
ORD021782,,0
ORD027244,weight_discrepancy,1
ORD048107,,0
ORD002073,,0
ORD040837,,0
ORD001424,,0
ORD037481,,0
ORD012323,,0
ORD056511,,0
ORD058646,,0
ORD014600,,0
ORD057336,,0
ORD056931,,0
ORD016352,,0
ORD040090,,0
ORD058511,,0
ORD047129,,0
ORD014635,,0
ORD053839,,0
ORD028391,,0
ORD036276,,0
ORD018677,,0
ORD041662,,0
ORD031165,,0
ORD033466,,0
ORD027622,,0
ORD046616,,0
ORD014051,,0
ORD006088,,0
ORD027810,,0
ORD039986,,0
ORD050915,,0
ORD008441,,0
ORD045812,,0
ORD044726,,0
ORD021353,,0
ORD045021,,0
ORD024644,detention_padding,1
ORD009591,,0
ORD039335,,0
ORD047910,,0
ORD022032,,0
ORD025835,,0
ORD040315,,0
ORD015274,,0
ORD018034,,0
ORD007144,,0
ORD018073,,0
ORD053533,,0
ORD043927,,0
ORD004552,,0
ORD003464,,0
ORD037670,,0
ORD045191,,0
ORD041293,,0
ORD034996,,0
ORD020080,,0
ORD052627,,0
ORD028594,,0
ORD006248,,0
ORD023261,,0
ORD022015,,0
ORD025249,,0
ORD027783,detention_padding,1
ORD041767,,0
ORD021666,,0
ORD010600,,0
ORD051987,,0
ORD052182,,0
ORD016433,,0
ORD040932,,0
ORD016505,,0
ORD054436,,0
ORD019707,,0
ORD008884,,0
ORD015846,,0
ORD025872,,0
ORD008711,detention_padding,1
ORD003931,,0
ORD031881,,0
ORD011705,,0
ORD045638,,0
ORD040645,,0
ORD036255,,0
ORD028585,,0
ORD007344,,0
ORD032012,,0
ORD057573,,0
ORD028264,,0
ORD014515,,0
ORD023000,,0
ORD030436,,0
ORD007945,weight_discrepancy,1
ORD035652,,0
ORD027870,,0
ORD020681,,0
ORD040807,,0
ORD041104,toll_inflation,1
ORD002906,,0
ORD049684,,0
ORD049381,,0
ORD007965,weight_discrepancy,1
ORD045525,,0
ORD018418,,0
ORD050385,,0
ORD040734,,0
ORD034696,,0
ORD002359,weight_discrepancy,1
ORD051728,,0
ORD035646,,0
ORD034444,,0
ORD014011,,0
ORD047587,,0
ORD031780,,0
ORD032738,,0
ORD012377,,0
ORD012935,,0
ORD013994,toll_inflation,1
ORD014723,,0
ORD026482,,0
ORD004480,,0
ORD000960,weight_discrepancy,1
ORD011907,,0
ORD021285,,0
ORD058268,,0
ORD030562,,0
ORD004566,,0
ORD002837,,0
ORD018253,,0
ORD010411,,0
ORD001066,toll_inflation,1
ORD001804,,0
ORD005546,,0
ORD039555,,0
ORD013058,,0
ORD029348,,0
ORD023719,toll_inflation,1
ORD014575,,0
ORD042741,,0
ORD059428,,0
ORD013587,,0
ORD005623,,0
ORD012674,,0
ORD002277,,0
ORD001996,,0
ORD040323,,0
ORD024742,,0
ORD016070,,0
ORD052596,,0
ORD008292,,0
ORD056310,detention_padding,1
ORD056490,,0
ORD045899,,0
ORD002657,,0
ORD050830,,0
ORD031980,,0
ORD017715,,0
ORD013495,,0
ORD008034,,0
ORD037224,,0
ORD040403,,0
ORD040103,,0
ORD050467,,0
ORD029181,,0
ORD033128,,0
ORD050351,,0
ORD017218,,0
ORD013375,,0
ORD046249,,0
ORD014565,,0
ORD034216,,0
ORD010895,,0
ORD036172,,0
ORD039233,detention_padding,1
ORD046363,,0
ORD026882,,0
ORD040155,,0
ORD043817,,0
ORD003052,,0
ORD009952,,0
ORD005896,,0
ORD014552,,0
ORD026023,,0
ORD037080,,0
ORD024325,,0
ORD013817,,0
ORD056303,,0
ORD035079,,0
ORD045030,,0
ORD017567,,0
ORD035390,,0
ORD036632,,0
ORD027379,,0
ORD044981,,0
ORD051342,,0
ORD056347,,0
ORD020099,,0
ORD005881,,0
ORD027178,detention_padding,1
ORD012712,,0
ORD019804,,0
ORD058933,,0
ORD013533,,0
ORD051650,,0
ORD019979,,0
ORD044153,,0
ORD013786,,0
ORD024697,,0
ORD018744,,0
ORD025018,toll_inflation,1
ORD015672,,0
ORD008642,,0
ORD041004,,0
ORD040955,,0
ORD032938,,0
ORD011749,,0
ORD052705,,0
ORD022804,,0
ORD015518,,0
ORD042631,,0
ORD051072,,0
ORD000729,,0
ORD050639,,0
ORD013013,,0
ORD020260,,0
ORD027024,,0
ORD000656,,0
ORD047346,,0
ORD023996,,0
ORD014417,,0
ORD033049,,0
ORD012614,,0
ORD050404,,0
ORD049957,,0
ORD013478,,0
ORD023915,,0
ORD018930,,0
ORD017188,,0
ORD025956,,0
ORD047436,,0
ORD017638,,0
ORD011834,,0
ORD031346,,0
ORD045653,,0
ORD010050,weight_discrepancy,1
ORD012662,,0
ORD009196,,0
ORD022776,,0
ORD017681,,0
ORD051722,,0
ORD047703,,0
ORD005336,,0
ORD039720,,0
ORD055978,,0
ORD057694,,0
ORD042241,,0
ORD019948,,0
ORD006119,,0
ORD000913,,0
ORD040987,,0
ORD055124,,0
ORD038904,,0
ORD021634,,0
ORD058486,,0
ORD001922,,0
ORD000925,,0
ORD059272,,0
ORD017029,,0
ORD038817,,0
ORD015956,detention_padding,1
ORD036246,,0
ORD031692,,0
ORD005265,,0
ORD034370,,0
ORD051538,,0
ORD024714,,0
ORD047069,,0
ORD002988,,0
ORD001472,,0
ORD008108,,0
ORD053667,,0
ORD035889,,0
ORD004522,,0
ORD019454,,0
ORD029912,,0
ORD000380,,0
ORD013203,,0
ORD025308,,0
ORD048105,,0
ORD016983,,0
ORD038572,,0
ORD017781,,0
ORD007529,,0
ORD017958,,0
ORD032556,,0
ORD056136,,0
ORD010374,,0
ORD011525,,0
ORD049714,,0
ORD044315,,0
ORD043324,,0
ORD002852,,0
ORD040495,,0
ORD013882,,0
ORD015235,,0
ORD028068,,0
ORD023118,,0
ORD018278,,0
ORD039483,,0
ORD033750,,0
ORD036648,,0
ORD041714,,0
ORD012592,,0
ORD037707,weight_discrepancy,1
ORD015180,,0
ORD046747,,0
ORD006460,,0
ORD034480,,0
ORD041217,,0
ORD024999,,0
ORD021127,,0
ORD007524,,0
ORD052219,,0
ORD055241,,0
ORD019380,,0
ORD010643,,0
ORD020324,,0
ORD013950,,0
ORD004726,,0
ORD025058,,0
ORD019298,,0
ORD057701,,0
ORD041456,,0
ORD059702,,0
ORD019180,,0
ORD033915,,0
ORD057864,,0
ORD048142,,0
ORD025047,,0
ORD021821,,0
ORD048708,,0
ORD044767,,0
ORD022238,,0
ORD014226,,0
ORD057875,,0
ORD049676,,0
ORD040129,,0
ORD021679,,0
ORD000443,,0
ORD022042,,0
ORD028771,,0
ORD043552,,0
ORD057298,,0
ORD025944,,0
ORD016319,,0
ORD028893,,0
ORD022943,,0
ORD028704,,0
ORD030311,,0
ORD039806,,0
ORD017533,,0
ORD020639,,0
ORD006805,,0
ORD007876,,0
ORD022328,,0
ORD023514,,0
ORD059461,,0
ORD040704,,0
ORD057784,,0
ORD014404,,0
ORD051593,,0
ORD044200,,0
ORD027029,,0
ORD040591,,0
ORD007729,,0
ORD007640,detention_padding,1
ORD016059,,0
ORD041603,,0
ORD044645,,0
ORD026307,,0
ORD053481,toll_inflation,1
ORD047071,,0
ORD026932,,0
ORD033112,,0
ORD023533,,0
ORD016793,,0
ORD017217,,0
ORD047757,,0
ORD028286,,0
ORD047574,,0
ORD044832,,0
ORD015649,,0
ORD031955,,0
ORD006602,,0
ORD027589,,0
ORD019865,,0
ORD050826,,0
ORD048331,,0
ORD009474,,0
ORD019355,,0
ORD046133,,0
ORD040029,,0
ORD037392,,0
ORD009045,,0
ORD005629,,0
ORD003099,,0
ORD019718,,0
ORD012061,,0
ORD057485,,0
ORD031203,,0
ORD047631,,0
ORD000424,,0
ORD007200,,0
ORD006274,detention_padding,1
ORD003183,,0
ORD023905,,0
ORD056276,weight_discrepancy,1
ORD023189,,0
ORD015461,,0
ORD044958,,0
ORD015118,,0
ORD038926,,0
ORD045418,,0
ORD057098,,0
ORD035575,,0
ORD049581,,0
ORD051362,,0
ORD029162,,0
ORD040384,,0
ORD041076,,0
ORD004502,,0
ORD049487,,0
ORD034625,,0
ORD014906,weight_discrepancy,1
ORD028460,,0
ORD000594,,0
ORD013265,,0
ORD023217,,0
ORD046303,,0
ORD039738,,0
ORD006514,,0
ORD029559,,0
ORD028926,,0
ORD009288,,0
ORD051298,,0
ORD017432,,0
ORD039221,,0
ORD013874,,0
ORD023602,,0
ORD057557,,0
ORD037004,,0
ORD030739,,0
ORD016987,,0
ORD039795,,0
ORD042929,,0
ORD028990,,0
ORD018336,weight_discrepancy,1
ORD037137,toll_inflation,1
ORD020399,,0
ORD036424,,0
ORD021176,,0
ORD019160,,0
ORD043340,,0
ORD020764,,0
ORD057386,,0
ORD026103,weight_discrepancy,1
ORD013078,,0
ORD016776,,0
ORD039082,,0
ORD052365,,0
ORD058466,toll_inflation,1
ORD009963,,0
ORD029317,,0
ORD031182,,0
ORD047723,,0
ORD005179,,0
ORD009226,,0
ORD043648,,0
ORD003027,,0
ORD024508,,0
ORD010408,,0
ORD053792,,0
ORD054686,,0
ORD005683,,0
ORD027996,,0
ORD024523,,0
ORD004071,,0
ORD009899,,0
ORD014093,,0
ORD028574,,0
ORD059244,,0
ORD012943,,0
ORD038479,,0
ORD010840,,0
ORD056018,,0
ORD041160,,0
ORD029124,,0
ORD038192,,0
ORD015856,,0
ORD041311,,0
ORD009726,,0
ORD040720,,0
ORD022977,,0
ORD035022,,0
ORD036575,,0
ORD005932,,0
ORD011317,,0
ORD014388,,0
ORD019966,detention_padding,1
ORD002111,,0
ORD040752,,0
ORD007205,,0
ORD040751,,0
ORD031163,,0
ORD037719,,0
ORD010347,,0
ORD040518,,0
ORD017335,,0
ORD059952,,0
ORD042918,,0
ORD058373,,0
ORD003737,,0
ORD040359,,0
ORD035226,,0
ORD057418,weight_discrepancy,1
ORD038834,,0
ORD023041,,0
ORD050216,,0
ORD044092,,0
ORD008836,,0
ORD056346,,0
ORD054030,,0
ORD028424,,0
ORD024884,,0
ORD038357,,0
ORD003037,,0
ORD008082,,0
ORD059495,,0
ORD014553,,0
ORD054025,,0
ORD022327,,0
ORD035247,,0
ORD002664,,0
ORD050661,,0
ORD034849,,0
ORD041016,,0
ORD054104,,0
ORD050799,,0
ORD048717,,0
ORD017488,,0
ORD049151,,0
ORD008983,,0
ORD015344,,0
ORD001394,,0
ORD051665,weight_discrepancy,1
ORD034854,,0
ORD006808,,0
ORD050439,,0
ORD023397,,0
ORD058495,,0
ORD041330,,0
ORD040741,,0
ORD055269,,0
ORD057392,,0
ORD006664,,0
ORD036380,,0
ORD026515,,0
ORD002981,,0
ORD056453,,0
ORD047833,toll_inflation,1
ORD030253,,0
ORD052982,,0
ORD051198,,0
ORD044320,,0
ORD007268,toll_inflation,1
ORD026011,,0
ORD058548,detention_padding,1
ORD006432,,0
ORD040877,,0
ORD019957,,0
ORD012383,,0
ORD055431,,0
ORD003899,,0
ORD031826,,0
ORD002117,,0
ORD032700,detention_padding,1
ORD006138,,0
ORD034694,,0
ORD013007,,0
ORD015189,,0
ORD054793,,0
ORD024825,,0
ORD010982,,0
ORD036414,,0
ORD016613,,0
ORD008461,,0
ORD055534,,0
ORD031684,,0
ORD038510,,0
ORD034431,,0
ORD026419,,0
ORD042913,,0
ORD015030,,0
ORD033287,,0
ORD023169,,0
ORD026242,,0
ORD035592,weight_discrepancy,1
ORD013684,,0
ORD051962,,0
ORD017381,,0
ORD044501,,0
ORD047042,,0
ORD048396,,0
ORD047166,,0
ORD048636,,0
ORD019204,,0
ORD007852,,0
ORD010533,,0
ORD002756,,0
ORD051323,detention_padding,1
ORD025455,,0
ORD032560,,0
ORD008997,,0
ORD056488,,0
ORD009745,,0
ORD031029,,0
ORD024382,,0
ORD043659,,0
ORD034800,,0
ORD026753,,0
ORD003431,,0
ORD012108,,0
ORD048195,toll_inflation,1
ORD022421,,0
ORD005661,,0
ORD004755,,0
ORD046140,,0
ORD056024,,0
ORD025251,,0
ORD001978,,0
ORD044486,,0
ORD059288,,0
ORD032814,,0
ORD058024,,0
ORD034131,,0
ORD038581,,0
ORD047345,,0
ORD039583,,0
ORD004359,,0
ORD008680,,0
ORD027654,,0
ORD024384,,0
ORD031369,,0
ORD054765,,0
ORD037226,,0
ORD050120,,0
ORD035431,,0
ORD049600,,0
ORD047550,,0
ORD048889,,0
ORD022009,toll_inflation,1
ORD003168,,0
ORD044853,,0
ORD026467,detention_padding,1
ORD016746,,0
ORD040658,weight_discrepancy,1
ORD005622,,0
ORD046165,,0
ORD057419,toll_inflation,1
ORD031546,,0
ORD010723,,0
ORD050152,,0
ORD047159,,0
ORD058081,,0
ORD053289,,0
ORD051380,,0
ORD003513,,0
ORD016975,,0
ORD054792,,0
ORD002366,,0
ORD002280,,0
ORD059332,,0
ORD023117,,0
ORD014279,,0
ORD011193,,0
ORD043815,,0
ORD053138,,0
ORD021204,,0
ORD006055,,0
ORD008322,,0
ORD031439,,0
ORD038090,,0
ORD048791,,0
ORD046656,,0
ORD025180,,0
ORD042336,,0
ORD038302,,0
ORD048779,,0
ORD027304,,0
ORD025915,,0
ORD018735,,0
ORD051122,,0
ORD035142,,0
ORD043473,detention_padding,1
ORD043848,,0
ORD012368,,0
ORD054506,,0
ORD038910,,0
ORD046786,,0
ORD025066,,0
ORD056411,,0
ORD059605,toll_inflation,1
ORD013195,,0
ORD022904,,0
ORD031697,,0
ORD019857,,0
ORD048345,detention_padding,1
ORD014546,,0
ORD004029,,0
ORD020920,,0
ORD003667,,0
ORD058053,,0
ORD035363,,0
ORD048627,,0
ORD022573,,0
ORD032850,,0
ORD032098,,0
ORD003699,,0
ORD047121,,0
ORD013034,,0
ORD054036,,0
ORD023614,,0
ORD050831,,0
ORD046234,,0
ORD024641,,0
ORD037876,,0
ORD058245,,0
ORD031541,,0
ORD058684,,0
ORD025693,,0
ORD055210,,0
ORD044614,,0
ORD020216,,0
ORD024919,,0
ORD044610,,0
ORD020121,,0
ORD027802,,0
ORD052154,,0
ORD036152,,0
ORD053437,,0
ORD058611,,0
ORD038424,,0
ORD037945,,0
ORD045103,,0
ORD041425,,0
ORD039697,,0
ORD032979,,0
ORD038816,,0
ORD005164,,0
ORD042644,,0
ORD048073,,0
ORD056781,,0
ORD015764,,0
ORD044195,,0
ORD016981,,0
ORD003034,,0
ORD021372,,0
ORD006778,,0
ORD055858,,0
ORD045252,,0
ORD032614,,0
ORD043739,,0
ORD014401,,0
ORD004893,,0
ORD049916,,0
ORD029060,,0
ORD042806,,0
ORD029354,,0
ORD058879,,0
ORD048683,,0
ORD008613,,0
ORD002579,,0
ORD016953,,0
ORD055500,,0
ORD025571,,0
ORD043446,,0
ORD038675,,0
ORD027508,,0
ORD040007,,0
ORD048567,,0
ORD026481,,0
ORD029493,,0
ORD035931,,0
ORD021159,weight_discrepancy,1
ORD017080,,0
ORD004562,,0
ORD042107,toll_inflation,1
ORD005408,,0
ORD038970,,0
ORD023384,,0
ORD005193,,0
ORD033676,,0
ORD009919,,0
ORD042223,weight_discrepancy,1
ORD017856,,0
ORD040086,,0
ORD008345,,0
ORD034552,,0
ORD013564,,0
ORD036594,,0
ORD024488,,0
ORD023273,,0
ORD014559,,0
ORD035697,,0
ORD000808,,0
ORD044663,,0
ORD007383,,0
ORD050751,,0
ORD038720,,0
ORD020217,,0
ORD055304,,0
ORD003726,,0
ORD025815,,0
ORD015415,,0
ORD011738,,0
ORD032237,,0
ORD052018,,0
ORD019951,,0
ORD059409,,0
ORD030291,,0
ORD030029,,0
ORD008828,,0
ORD015052,,0
ORD015168,,0
ORD041929,,0
ORD035135,,0
ORD044985,,0
ORD015034,,0
ORD021590,,0
ORD056083,,0
ORD039579,,0
ORD044943,,0
ORD009511,,0
ORD049163,,0
ORD008154,,0
ORD057930,,0
ORD037709,,0
ORD017237,,0
ORD026477,,0
ORD012123,,0
ORD045007,,0
ORD028866,,0
ORD052565,,0
ORD034414,,0
ORD045404,,0
ORD007098,,0
ORD019515,,0
ORD019346,,0
ORD047115,,0
ORD057060,,0
ORD043502,,0
ORD019429,,0
ORD012926,,0
ORD022946,,0
ORD011363,,0
ORD003482,,0
ORD035265,,0
ORD036383,,0
ORD059031,,0
ORD028959,,0
ORD022598,,0
ORD057264,,0
ORD031222,,0
ORD042073,,0
ORD004007,,0
ORD052415,,0
ORD040755,,0
ORD018935,,0
ORD035206,,0
ORD038248,,0
ORD040092,,0
ORD032345,,0
ORD046531,,0
ORD047420,,0
ORD012525,,0
ORD030662,,0
ORD020717,,0
ORD036695,,0
ORD010456,,0
ORD032171,,0
ORD050012,,0
ORD023603,,0
ORD017001,,0
ORD010511,,0
ORD037691,,0
ORD011933,,0
ORD002583,,0
ORD023872,,0
ORD056156,,0
ORD048667,,0
ORD005286,,0
ORD033520,toll_inflation,1
ORD035743,,0
ORD006479,,0
ORD022493,,0
ORD024253,,0
ORD051506,,0
ORD003684,,0
ORD047483,,0
ORD043210,,0
ORD043640,,0
ORD011851,,0
ORD011853,,0
ORD015659,,0
ORD021628,,0
ORD011280,,0
ORD056132,,0
ORD024499,,0
ORD003986,,0
ORD050499,weight_discrepancy,1
ORD031720,,0
ORD028936,,0
ORD012750,,0
ORD020773,,0
ORD020839,,0
ORD038647,,0
ORD023309,,0
ORD046150,,0
ORD019929,,0
ORD024427,,0
ORD017634,,0
ORD000651,,0
ORD029665,,0
ORD052689,,0
ORD014987,,0
ORD032304,,0
ORD025084,,0
ORD058278,,0
ORD051062,detention_padding,1
ORD041630,,0
ORD047996,,0
ORD046628,,0
ORD001456,,0
ORD042738,,0
ORD011767,,0
ORD008153,,0
ORD020246,,0
ORD051787,,0
ORD057348,,0
ORD031246,,0
ORD049108,,0
ORD005791,,0
ORD049924,,0
ORD042825,detention_padding,1
ORD004295,,0
ORD049504,,0
ORD058118,,0
ORD055521,,0
ORD058366,,0
ORD055416,,0
ORD030327,,0
ORD005039,,0
ORD006950,,0
ORD042540,,0
ORD001293,,0
ORD003585,,0
ORD021279,,0
ORD048428,,0
ORD040282,,0
ORD046347,,0
ORD059751,,0
ORD013763,,0
ORD013896,,0
ORD034102,,0
ORD050445,,0
ORD010923,,0
ORD000901,,0
ORD006728,,0
ORD010189,,0
ORD014474,,0
ORD048714,,0
ORD033313,,0
ORD044225,,0
ORD045604,,0
ORD009913,,0
ORD007142,,0
ORD058308,,0
ORD016401,,0
ORD050030,,0
ORD019708,,0
ORD014952,,0
ORD023588,,0
ORD005305,,0
ORD015320,,0
ORD028315,,0
ORD057121,,0
ORD048774,,0
ORD013507,,0
ORD022291,,0
ORD020877,,0
ORD017388,,0
ORD045612,,0
ORD007655,,0
ORD008562,,0
ORD030501,,0
ORD052817,,0
ORD026699,,0
ORD057442,,0
ORD030204,,0
ORD019211,,0
ORD006703,,0
ORD043269,,0
ORD054308,,0
ORD004417,,0
ORD036591,,0
ORD001539,,0
ORD048487,weight_discrepancy,1
ORD037499,weight_discrepancy,1
ORD022923,,0
ORD002830,,0
ORD008595,,0
ORD042859,,0
ORD009210,,0
ORD015185,,0
ORD050320,,0
ORD051019,,0
ORD014307,,0
ORD043921,,0
ORD050141,,0
ORD007245,,0
ORD017754,,0
ORD010556,,0
ORD010445,,0
ORD052728,,0
ORD044631,,0
ORD033633,,0
ORD056772,,0
ORD023002,,0
ORD024685,,0
ORD018157,,0
ORD033020,,0
ORD002608,,0
ORD009637,weight_discrepancy,1
ORD029855,,0
ORD010056,,0
ORD039763,weight_discrepancy,1
ORD038115,,0
ORD005021,,0
ORD003239,,0
ORD009643,,0
ORD026332,,0
ORD052830,,0
ORD034270,,0
ORD004496,,0
ORD010962,,0
ORD018960,,0
ORD023988,,0
ORD034607,,0
ORD028469,,0
ORD000565,,0
ORD031820,,0
ORD022368,,0
ORD016425,,0
ORD044494,,0
ORD011027,toll_inflation,1
ORD033092,,0
ORD043180,,0
ORD024379,detention_padding,1
ORD014367,,0
ORD056247,,0
ORD021443,,0
ORD014527,,0
ORD056757,,0
ORD038540,,0
ORD012116,,0
ORD045237,,0
ORD027847,,0
ORD027044,,0
ORD024462,,0
ORD041401,,0
ORD030388,,0
ORD047865,,0
ORD031761,,0
ORD016071,,0
ORD044875,,0
ORD019685,,0
ORD024871,,0
ORD025307,,0
ORD037683,,0
ORD009493,,0
ORD055998,,0
ORD002293,,0
ORD008256,,0
ORD010704,,0
ORD010693,detention_padding,1
ORD047858,,0
ORD027626,,0
ORD054755,detention_padding,1
ORD023678,,0
ORD016915,,0
ORD001448,,0
ORD046297,,0
ORD001496,,0
ORD030959,,0
ORD049937,,0
ORD045880,,0
ORD011019,,0
ORD020141,,0
ORD027948,,0
ORD026859,,0
ORD016614,,0
ORD034831,,0
ORD022014,,0
ORD056651,,0
ORD023816,,0
ORD053254,,0
ORD050255,,0
ORD030718,,0
ORD008096,,0
ORD041967,,0
ORD051463,,0
ORD006451,,0
ORD031365,,0
ORD038166,,0
ORD046670,,0
ORD010844,,0
ORD002405,,0
ORD042579,,0
ORD056279,,0
ORD001864,,0
ORD020696,,0
ORD021483,,0
ORD008555,,0
ORD049227,,0
ORD013759,,0
ORD025601,,0
ORD021459,,0
ORD019408,,0
ORD045089,,0
ORD044061,,0
ORD039974,,0
ORD052925,,0
ORD057148,,0
ORD046741,,0
ORD039430,,0
ORD001077,,0
ORD042997,,0
ORD057216,,0
ORD040840,,0
ORD023129,,0
ORD007522,,0
ORD000224,,0
ORD053353,,0
ORD002888,,0
ORD041368,weight_discrepancy,1
ORD022632,,0
ORD025568,,0
ORD049799,,0
ORD006120,,0
ORD003543,,0
ORD037423,,0
ORD051789,,0
ORD057523,,0
ORD020812,,0
ORD018365,,0
ORD006093,,0
ORD041251,,0
ORD005325,,0
ORD026816,,0
ORD014578,,0
ORD049138,,0
ORD051375,,0
ORD048930,,0
ORD015083,,0
ORD024445,,0
ORD019679,,0
ORD056671,,0
ORD033183,,0
ORD003144,,0
ORD040567,toll_inflation,1
ORD001586,,0
ORD010983,,0
ORD055554,,0
ORD010375,,0
ORD052708,,0
ORD031033,,0
ORD003642,,0
ORD035985,,0
ORD010434,,0
ORD056417,,0
ORD049009,,0
ORD048130,,0
ORD046498,,0
ORD037237,,0
ORD011117,,0
ORD003397,,0
ORD036009,,0
ORD005332,,0
ORD017893,,0
ORD003633,,0
ORD035518,,0
ORD034402,,0
ORD053206,,0
ORD033078,,0
ORD008961,,0
ORD039776,,0
ORD017737,,0
ORD038157,,0
ORD046350,,0
ORD048418,,0
ORD026035,,0
ORD028691,,0
ORD058263,,0
ORD002679,,0
ORD000173,,0
ORD012104,,0
ORD055964,,0
ORD012668,,0
ORD029275,,0
ORD008196,,0
ORD022625,,0
ORD035821,,0
ORD048517,,0
ORD030627,,0
ORD039224,,0
ORD013777,,0
ORD053129,,0
ORD028224,,0
ORD035046,,0
ORD007712,,0
ORD040887,,0
ORD031172,,0
ORD053222,,0
ORD034265,,0
ORD056016,,0
ORD003782,,0
ORD035723,,0
ORD036672,,0
ORD020014,,0
ORD006254,,0
ORD011697,,0
ORD011627,,0
ORD003001,,0
ORD052174,,0
ORD047266,detention_padding,1
ORD036811,,0
ORD026135,,0
ORD044776,,0
ORD000448,,0
ORD042213,,0
ORD052788,,0
ORD043579,,0
ORD017206,,0
ORD056442,,0
ORD022180,toll_inflation,1
ORD013065,weight_discrepancy,1
ORD057434,,0
ORD035078,,0
ORD059066,,0
ORD010045,,0
ORD023218,,0
ORD007494,,0
ORD053830,,0
ORD028395,,0
ORD041426,,0
ORD054031,,0
ORD048613,,0
ORD025628,,0
ORD042394,,0
ORD056578,,0
ORD031800,,0
ORD035088,,0
ORD044169,,0
ORD051440,,0
ORD035031,,0
ORD025340,,0
ORD047667,detention_padding,1
ORD036405,,0
ORD056917,,0
ORD012920,,0
ORD001300,,0
ORD055904,,0
ORD053834,,0
ORD053594,,0
ORD046451,,0
ORD015562,,0
ORD009838,,0
ORD012538,,0
ORD004299,,0
ORD028831,,0
ORD021550,,0
ORD042619,,0
ORD038442,,0
ORD014621,,0
ORD055325,,0
ORD040928,,0
ORD035981,,0
ORD027483,,0
ORD031796,,0
ORD003361,,0
ORD039184,,0
ORD015108,,0
ORD057949,,0
ORD017873,,0
ORD031719,,0
ORD004613,,0
ORD012002,,0
ORD026864,weight_discrepancy,1
ORD039153,,0
ORD028849,,0
ORD040868,,0
ORD004605,,0
ORD037391,,0
ORD003154,,0
ORD058189,,0
ORD054585,,0
ORD028861,,0
ORD043721,,0
ORD008102,,0
ORD046468,,0
ORD045837,,0
ORD026197,,0
ORD044793,,0
ORD057634,toll_inflation,1
ORD057689,,0
ORD030971,,0
ORD059644,,0
ORD011222,,0
ORD001648,,0
ORD014637,,0
ORD038282,,0
ORD019730,,0
ORD040959,,0
ORD055338,,0
ORD032161,,0
ORD024234,,0
ORD040356,,0
ORD032703,,0
ORD042636,,0
ORD027792,,0
ORD012699,,0
ORD040664,,0
ORD055585,,0
ORD016317,,0
ORD055129,,0
ORD018972,,0
ORD053163,,0
ORD058310,,0
ORD015801,,0
ORD030565,,0
ORD007239,,0
ORD012578,,0
ORD014095,detention_padding,1
ORD015893,,0
ORD044881,,0
ORD029521,,0
ORD058455,,0
ORD041069,,0
ORD045309,,0
ORD002200,weight_discrepancy,1
ORD013369,,0
ORD025727,,0
ORD019818,,0
ORD030579,,0
ORD014955,,0
ORD050940,,0
ORD044888,,0
ORD047094,,0
ORD048576,,0
ORD016653,,0
ORD027892,weight_discrepancy,1
ORD030439,,0
ORD041041,,0
ORD028821,,0
ORD012891,detention_padding,1
ORD039112,,0
ORD056304,,0
ORD003677,,0
ORD047967,,0
ORD047883,,0
ORD020189,,0
ORD032429,weight_discrepancy,1
ORD014202,,0
ORD059188,weight_discrepancy,1
ORD054425,weight_discrepancy,1
ORD053755,,0
ORD055491,,0
ORD046779,,0
ORD058544,,0
ORD030624,,0
ORD053687,,0
ORD022168,,0
ORD049410,,0
ORD014774,,0
ORD044157,,0
ORD057455,,0
ORD032863,,0
ORD020076,,0
ORD024436,,0
ORD047246,weight_discrepancy,1
ORD048141,,0
ORD053739,,0
ORD044401,,0
ORD001819,,0
ORD012056,,0
ORD053284,,0
ORD026759,,0
ORD013236,,0
ORD054574,,0
ORD033614,,0
ORD056611,,0
ORD039345,,0
ORD058799,,0
ORD012497,,0
ORD026376,,0
ORD000258,,0
ORD020963,,0
ORD018657,,0
ORD019015,,0
ORD048485,,0
ORD050860,,0
ORD054370,,0
ORD040512,,0
ORD003029,,0
ORD050193,,0
ORD007832,,0
ORD002591,,0
ORD037134,,0
ORD001003,,0
ORD006821,,0
ORD052181,toll_inflation,1
ORD009936,,0
ORD008708,,0
ORD052389,,0
ORD009935,,0
ORD012124,,0
ORD015853,,0
ORD012218,,0
ORD042267,,0
ORD001417,,0
ORD048499,,0
ORD050322,,0
ORD031737,weight_discrepancy,1
ORD040063,,0
ORD034707,,0
ORD050024,,0
ORD025771,,0
ORD042028,toll_inflation,1
ORD042658,,0
ORD059611,,0
ORD002942,,0
ORD016637,toll_inflation,1
ORD032776,,0
ORD043544,,0
ORD020160,,0
ORD036759,,0
ORD043733,,0
ORD024763,toll_inflation,1
ORD000085,,0
ORD004235,,0
ORD037316,,0
ORD040607,,0
ORD041039,,0
ORD057235,,0
ORD051459,,0
ORD052567,,0
ORD013293,,0
ORD058204,,0
ORD000585,,0
ORD003621,,0
ORD042763,,0
ORD014283,,0
ORD007644,,0
ORD039377,,0
ORD001112,,0
ORD035909,,0
ORD053979,,0
ORD008928,,0
ORD034700,,0
ORD005776,,0
ORD003565,,0
ORD049369,,0
ORD012369,,0
ORD017234,,0
ORD049827,,0
ORD014541,,0
ORD014835,,0
ORD026303,,0
ORD028708,,0
ORD050371,,0
ORD021753,,0
ORD027600,,0
ORD057521,,0
ORD054060,,0
ORD057721,,0
ORD058741,,0
ORD050998,,0
ORD056544,,0
ORD040187,,0
ORD031620,,0
ORD050805,,0
ORD056797,,0
ORD054818,,0
ORD058990,,0
ORD001287,,0
ORD046558,,0
ORD033743,weight_discrepancy,1
ORD023026,,0
ORD006450,,0
ORD009305,,0
ORD059706,,0
ORD007441,,0
ORD004308,,0
ORD043561,,0
ORD049971,,0
ORD018810,,0
ORD019194,,0
ORD022244,,0
ORD046936,,0
ORD059672,,0
ORD056691,,0
ORD005236,,0
ORD046514,weight_discrepancy,1
ORD043221,,0
ORD012057,,0
ORD056949,,0
ORD049806,,0
ORD052418,,0
ORD034622,,0
ORD004859,,0
ORD004861,,0
ORD033326,,0
ORD007158,,0
ORD035103,,0
ORD035161,,0
ORD003908,,0
ORD013980,,0
ORD041514,,0
ORD031681,,0
ORD031553,,0
ORD040896,,0
ORD036890,,0
ORD034825,,0
ORD052974,,0
ORD041549,,0
ORD023071,,0
ORD039242,,0
ORD022708,,0
ORD019512,,0
ORD044369,,0
ORD016550,,0
ORD015160,,0
ORD009445,,0
ORD028027,,0
ORD039260,,0
ORD000895,,0
ORD002758,,0
ORD036431,,0
ORD033871,,0
ORD052491,,0
ORD002545,,0
ORD027490,,0
ORD059321,,0
ORD016305,,0
ORD024225,,0
ORD020778,,0
ORD005875,,0
ORD013602,,0
ORD050719,,0
ORD054691,,0
ORD031713,,0
ORD028670,,0
ORD048390,,0
ORD039163,,0
ORD034152,,0
ORD001161,,0
ORD021915,,0
ORD015964,,0
ORD032488,,0
ORD036562,,0
ORD030616,,0
ORD003108,,0
ORD045310,,0
ORD059181,,0
ORD053036,,0
ORD018404,,0
ORD038324,,0
ORD052448,,0
ORD029511,,0
ORD027541,,0
ORD057467,,0
ORD041177,,0
ORD017071,,0
ORD010682,,0
ORD055091,,0
ORD040099,,0
ORD005977,,0
ORD050817,,0
ORD040112,,0
ORD046600,,0
ORD017821,,0
ORD031793,,0
ORD029105,,0
ORD029196,,0
ORD005343,,0
ORD016928,,0
ORD041501,,0
ORD005548,,0
ORD052608,,0
ORD045351,,0
ORD026427,,0
ORD050318,,0
ORD008403,,0
ORD006724,,0
ORD041679,,0
ORD012884,,0
ORD029437,,0
ORD000420,,0
ORD044822,,0
ORD033739,,0
ORD039588,,0
ORD016583,,0
ORD058150,,0
ORD040205,,0
ORD057443,,0
ORD056043,,0
ORD038595,,0
ORD049861,,0
ORD002109,,0
ORD028949,,0
ORD035389,,0
ORD056771,,0
ORD031183,,0
ORD033843,,0
ORD008656,,0
ORD046149,,0
ORD021284,,0
ORD004313,,0
ORD006939,,0
ORD020895,,0
ORD042194,,0
ORD057545,,0
ORD018338,,0
ORD027354,,0
ORD031662,,0
ORD009640,,0
ORD005897,,0
ORD007705,,0
ORD024688,,0
ORD017540,,0
ORD048324,,0
ORD025566,,0
ORD039410,,0
ORD001585,,0
ORD026232,,0
ORD016152,,0
ORD012791,,0
ORD006257,,0
ORD039328,,0
ORD039360,,0
ORD042111,,0
ORD016075,,0
ORD032964,,0
ORD005234,,0
ORD018965,,0
ORD034139,,0
ORD056333,weight_discrepancy,1
ORD010183,,0
ORD050924,,0
ORD046504,,0
ORD018579,,0
ORD012896,toll_inflation,1
ORD024909,,0
ORD013149,,0
ORD038301,,0
ORD005670,,0
ORD056881,,0
ORD051850,,0
ORD018289,,0
ORD013118,,0
ORD039772,,0
ORD043898,,0
ORD020122,,0
ORD014585,,0
ORD014428,,0
ORD042152,,0
ORD002890,,0
ORD038863,,0
ORD050722,,0
ORD020933,,0
ORD058300,,0
ORD044242,,0
ORD025696,,0
ORD036213,,0
ORD009856,,0
ORD005665,,0
ORD045918,,0
ORD014359,,0
ORD032318,,0
ORD054125,,0
ORD012924,,0
ORD017857,,0
ORD035230,,0
ORD033795,,0
ORD052649,,0
ORD055526,,0
ORD004459,,0
ORD058035,,0
ORD032435,,0
ORD025281,,0
ORD031854,,0
ORD055271,,0
ORD049776,,0
ORD042646,,0
ORD046105,,0
ORD045062,,0
ORD023565,,0
ORD036136,,0
ORD019793,,0
ORD014866,,0
ORD038532,,0
ORD032652,,0
ORD045685,,0
ORD008323,,0
ORD005077,,0
ORD011624,,0
ORD019191,toll_inflation,1
ORD004658,,0
ORD009486,,0
ORD015809,,0
ORD035345,,0
ORD017158,,0
ORD021364,,0
ORD028954,,0
ORD037116,,0
ORD024333,,0
ORD018013,,0
ORD037997,,0
ORD059368,,0
ORD006429,,0
ORD016012,toll_inflation,1
ORD023010,,0
ORD016022,,0
ORD048315,,0
ORD016174,,0
ORD031707,,0
ORD030292,,0
ORD016158,,0
ORD052499,,0
ORD044111,,0
ORD024605,,0
ORD043350,,0
ORD021556,,0
ORD037255,,0
ORD044049,,0
ORD035359,,0
ORD002469,,0
ORD059540,,0
ORD057833,,0
ORD048111,,0
ORD031348,,0
ORD013809,,0
ORD016950,,0
ORD024540,,0
ORD032635,detention_padding,1
ORD030377,,0
ORD048891,toll_inflation,1
ORD018121,,0
ORD042436,,0
ORD059815,,0
ORD002082,,0
ORD050215,,0
ORD017199,,0
ORD040579,toll_inflation,1
ORD058858,,0
ORD027375,,0
ORD052909,,0
ORD052026,,0
ORD037609,,0
ORD035950,,0
ORD008995,,0
ORD014072,toll_inflation,1
ORD028122,,0
ORD046778,,0
ORD015047,,0
ORD030695,,0
ORD048882,,0
ORD028780,,0
ORD045280,,0
ORD001956,,0
ORD011958,,0
ORD019073,,0
ORD043962,,0
ORD031180,,0
ORD048457,,0
ORD054612,,0
ORD005742,toll_inflation,1
ORD004322,,0
ORD036910,,0
ORD007508,,0
ORD020213,,0
ORD049651,,0
ORD025240,,0
ORD002718,,0
ORD005219,,0
ORD005541,,0
ORD043698,,0
ORD010480,,0
ORD008799,,0
ORD020702,,0
ORD016636,,0
ORD043133,,0
ORD035781,,0
ORD056519,,0
ORD005000,,0
ORD056622,,0
ORD049692,,0
ORD051473,,0
ORD058810,,0
ORD037857,,0
ORD050077,detention_padding,1
ORD040095,,0
ORD023447,,0
ORD003501,,0
ORD028011,,0
ORD047005,,0
ORD054347,toll_inflation,1
ORD037018,,0
ORD018670,,0
ORD023433,,0
ORD051703,,0
ORD026819,,0
ORD053123,,0
ORD013291,,0
ORD018694,,0
ORD012128,,0
ORD021878,,0
ORD017260,,0
ORD052576,,0
ORD036227,,0
ORD011639,,0
ORD014421,,0
ORD015327,,0
ORD022207,,0
ORD020158,,0
ORD024006,weight_discrepancy,1
ORD049100,,0
ORD021376,,0
ORD046839,toll_inflation,1
ORD028245,,0
ORD016552,,0
ORD050232,,0
ORD024122,,0
ORD035824,,0
ORD050398,,0
ORD018014,,0
ORD048813,,0
ORD048003,,0
ORD026641,,0
ORD043379,,0
ORD036206,,0
ORD022500,,0
ORD011678,,0
ORD007197,,0
ORD032736,,0
ORD033255,,0
ORD034126,,0
ORD003307,,0
ORD044787,,0
ORD004457,,0
ORD032773,,0
ORD033994,,0
ORD058182,,0
ORD057086,,0
ORD040365,,0
ORD003087,,0
ORD005686,,0
ORD056635,,0
ORD059448,,0
ORD031045,,0
ORD001778,,0
ORD003182,,0
ORD058467,,0
ORD038146,,0
ORD024085,,0
ORD056389,,0
ORD008903,,0
ORD043019,,0
ORD050366,,0
ORD032621,,0
ORD043464,,0
ORD011929,,0
ORD052028,,0
ORD037988,,0
ORD015237,,0
ORD005534,,0
ORD034292,,0
ORD036344,,0
ORD031337,,0
ORD046038,,0
ORD021017,,0
ORD036361,,0
ORD006806,,0
ORD021336,,0
ORD029268,toll_inflation,1
ORD022995,,0
ORD045991,,0
ORD052115,,0
ORD046856,,0
ORD029056,,0
ORD029026,,0
ORD030649,,0
ORD000906,,0
ORD032313,,0
ORD044356,,0
ORD019773,detention_padding,1
ORD006859,,0
ORD012405,,0
ORD002764,,0
ORD034498,,0
ORD022469,,0
ORD015970,,0
ORD051397,,0
ORD036003,,0
ORD003788,,0
ORD034477,,0
ORD012858,,0
ORD023679,,0
ORD041410,,0
ORD013177,,0
ORD025596,,0
ORD002599,detention_padding,1
ORD000348,,0
ORD003911,,0
ORD019337,,0
ORD051376,,0
ORD002240,,0
ORD007713,,0
ORD009701,,0
ORD012728,,0
ORD022265,,0
ORD048523,,0
ORD016747,,0
ORD045632,,0
ORD025143,,0
ORD000599,,0
ORD041682,detention_padding,1
ORD045190,,0
ORD058913,,0
ORD054123,,0
ORD023076,,0
ORD002648,,0
ORD032231,,0
ORD039291,,0
ORD033781,,0
ORD002916,,0
ORD036470,,0
ORD033632,,0
ORD005284,weight_discrepancy,1
ORD042618,,0
ORD008160,,0
ORD037636,,0
ORD004899,,0
ORD056205,,0
ORD019768,,0
ORD017897,,0
ORD036954,,0
ORD053541,,0
ORD056183,,0
ORD056155,,0
ORD028473,,0
ORD052137,,0
ORD057244,,0
ORD042621,,0
ORD009542,toll_inflation,1
ORD007109,,0
ORD010483,,0
ORD048336,,0
ORD021591,,0
ORD041336,,0
ORD010343,,0
ORD056633,,0
ORD037238,,0
ORD021709,,0
ORD040077,,0
ORD017253,,0
ORD000273,,0
ORD046139,,0
ORD033081,,0
ORD029727,,0
ORD041529,,0
ORD022396,,0
ORD055466,,0
ORD038096,,0
ORD022445,,0
ORD016020,,0
ORD006941,,0
ORD043523,,0
ORD022775,,0
ORD043526,,0
ORD004659,,0
ORD040702,,0
ORD007903,,0
ORD059072,,0
ORD022102,,0
ORD022847,,0
ORD005256,,0
ORD035955,,0
ORD016385,,0
ORD052470,,0
ORD014907,,0
ORD028146,,0
ORD015571,,0
ORD056642,,0
ORD032685,,0
ORD044243,,0
ORD052580,,0
ORD034745,,0
ORD049447,,0
ORD019505,,0
ORD035098,,0
ORD016485,,0
ORD050326,,0
ORD051327,,0
ORD042327,,0
ORD009516,,0
ORD038422,,0
ORD005674,,0
ORD031362,,0
ORD012083,,0
ORD046072,,0
ORD001318,,0
ORD003405,,0
ORD055305,,0
ORD004604,,0
ORD054880,,0
ORD050829,,0
ORD053378,,0
ORD008871,,0
ORD057857,,0
ORD024480,,0
ORD033962,,0
ORD057062,,0
ORD044857,,0
ORD027563,,0
ORD044936,,0
ORD011806,,0
ORD038726,,0
ORD055426,,0
ORD020301,,0
ORD050968,,0
ORD028883,,0
ORD008838,,0
ORD054232,,0
ORD031884,,0
ORD042653,,0
ORD013040,,0
ORD055900,detention_padding,1
ORD002467,,0
ORD018850,,0
ORD001151,,0
ORD054153,,0
ORD028237,,0
ORD011071,,0
ORD056445,,0
ORD000382,,0
ORD046033,,0
ORD021161,,0
ORD029451,,0
ORD054655,,0
ORD057388,,0
ORD031656,,0
ORD059118,,0
ORD010009,,0
ORD044993,,0
ORD010300,,0
ORD031537,,0
ORD023890,,0
ORD009741,,0
ORD046448,,0
ORD008084,,0
ORD039061,,0
ORD031223,,0
ORD048785,,0
ORD059311,,0
ORD011315,,0
ORD046611,,0
ORD024566,,0
ORD023544,,0
ORD008141,,0
ORD020978,,0
ORD055104,,0
ORD059857,,0
ORD018522,,0
ORD003406,,0
ORD008486,,0
ORD036157,,0
ORD040883,,0
ORD047978,,0
ORD015757,,0
ORD033343,,0
ORD015842,,0
ORD016643,,0
ORD032486,,0
ORD042975,,0
ORD032269,,0
ORD016100,,0
ORD017489,,0
ORD048496,,0
ORD015266,,0
ORD003206,,0
ORD032453,,0
ORD032440,weight_discrepancy,1
ORD004677,,0
ORD027545,,0
ORD027558,,0
ORD024512,,0
ORD059455,,0
ORD011185,,0
ORD038614,,0
ORD051646,,0
ORD024582,,0
ORD011351,,0
ORD045227,,0
ORD031552,,0
ORD033889,,0
ORD006337,,0
ORD059163,detention_padding,1
ORD001915,,0
ORD034876,,0
ORD044491,,0
ORD037972,,0
ORD005094,,0
ORD047034,,0
ORD033931,,0
ORD034789,,0
ORD021277,,0
ORD026818,,0
ORD030285,,0
ORD048128,,0
ORD016142,,0
ORD052660,weight_discrepancy,1
ORD003747,,0
ORD016642,,0
ORD050119,,0
ORD044701,weight_discrepancy,1
ORD044258,,0
ORD003580,,0
ORD017007,,0
ORD021226,,0
ORD007348,,0
ORD023560,,0
ORD022935,,0
ORD010217,,0
ORD058487,,0
ORD004491,,0
ORD034263,,0
ORD015056,,0
ORD021579,,0
ORD049264,,0
ORD044211,,0
ORD005099,,0
ORD036116,,0
ORD007342,,0
ORD027858,,0
ORD039873,,0
ORD005750,,0
ORD008251,,0
ORD005675,,0
ORD005690,,0
ORD051373,,0
ORD013256,,0
ORD008661,,0
ORD033521,,0
ORD057587,,0
ORD005789,,0
ORD029627,,0
ORD043515,,0
ORD027778,weight_discrepancy,1
ORD022306,,0
ORD007629,,0
ORD022230,,0
ORD011854,,0
ORD050231,,0
ORD016895,detention_padding,1
ORD040203,,0
ORD004901,,0
ORD033226,,0
ORD056282,,0
ORD011346,,0
ORD026200,,0
ORD021420,,0
ORD057839,,0
ORD008355,,0
ORD033083,,0
ORD025751,,0
ORD053288,,0
ORD029212,,0
ORD032388,,0
ORD005254,,0
ORD010458,,0
ORD008329,,0
ORD004520,,0
ORD038626,,0
ORD037343,,0
ORD046803,,0
ORD003499,,0
ORD037093,,0
ORD059860,,0
ORD019669,,0
ORD007870,,0
ORD042574,,0
ORD002825,,0
ORD054545,,0
ORD026988,,0
ORD053623,,0
ORD019650,,0
ORD037791,,0
ORD058698,detention_padding,1
ORD003887,,0
ORD016403,,0
ORD058563,,0
ORD002138,,0
ORD034719,,0
ORD004504,,0
ORD035471,,0
ORD040614,,0
ORD056752,,0
ORD023348,,0
ORD042507,toll_inflation,1
ORD058290,,0
ORD020832,,0
ORD042512,,0
ORD002395,,0
ORD055973,,0
ORD014289,,0
ORD002389,,0
ORD007985,,0
ORD001135,,0
ORD044134,,0
ORD059043,,0
ORD031789,,0
ORD028413,,0
ORD039431,,0
ORD024419,,0
ORD034235,,0
ORD054163,,0
ORD018487,,0
ORD039835,detention_padding,1
ORD056943,,0
ORD025625,,0
ORD018874,,0
ORD056795,,0
ORD030759,,0
ORD048334,,0
ORD053731,,0
ORD013066,,0
ORD059801,,0
ORD053639,detention_padding,1
ORD047733,,0
ORD012764,,0
ORD052630,,0
ORD015753,toll_inflation,1
ORD035721,,0
ORD045885,,0
ORD022084,,0
ORD029031,,0
ORD018311,,0
ORD045585,,0
ORD033214,,0
ORD020230,,0
ORD045672,,0
ORD031633,,0
ORD007592,,0
ORD032885,,0
ORD042697,,0
ORD059204,,0
ORD028110,,0
ORD009270,,0
ORD017729,,0
ORD059919,,0
ORD023897,detention_padding,1
ORD045440,,0
ORD029989,,0
ORD017209,,0
ORD054116,,0
ORD053923,,0
ORD029486,,0
ORD001080,,0
ORD042143,,0
ORD018682,,0
ORD048353,,0
ORD013039,,0
ORD036481,,0
ORD052532,,0
ORD034491,,0
ORD013588,,0
ORD045110,,0
ORD010159,,0
ORD010138,,0
ORD015229,,0
ORD009190,,0
ORD015225,,0
ORD054140,toll_inflation,1
ORD043882,,0
ORD045472,,0
ORD013067,,0
ORD030158,,0
ORD058425,,0
ORD017363,,0
ORD019101,,0
ORD015644,,0
ORD055640,,0
ORD039569,,0
ORD036783,,0
ORD039048,,0
ORD042472,,0
ORD058680,,0
ORD040499,,0
ORD008658,,0
ORD048925,,0
ORD028494,,0
ORD043756,,0
ORD000215,,0
ORD011328,,0
ORD012667,,0
ORD035779,,0
ORD011410,,0
ORD002806,,0
ORD014389,,0
ORD042630,,0
ORD004804,,0
ORD034177,,0
ORD047366,,0
ORD038053,,0
ORD043328,detention_padding,1
ORD051804,,0
ORD046439,,0
ORD051853,,0
ORD048414,,0
ORD057814,,0
ORD014215,,0
ORD054576,,0
ORD040207,,0
ORD028052,,0
ORD041216,,0
ORD001887,,0
ORD030432,,0
ORD048361,,0
ORD025239,,0
ORD054398,,0
ORD033788,,0
ORD020073,,0
ORD036609,,0
ORD010946,,0
ORD052051,,0
ORD030163,,0
ORD054516,,0
ORD005432,,0
ORD042593,,0
ORD007397,,0
ORD017999,,0
ORD038001,,0
ORD054098,,0
ORD040679,,0
ORD034949,,0
ORD003659,,0
ORD042369,,0
ORD001820,,0
ORD056529,weight_discrepancy,1
ORD019508,,0
ORD051525,,0
ORD048929,,0
ORD041999,,0
ORD059211,,0
ORD057776,,0
ORD016029,,0
ORD013966,,0
ORD027748,,0
ORD022149,,0
ORD022488,,0
ORD036778,,0
ORD007311,,0
ORD022575,,0
ORD023671,,0
ORD033713,,0
ORD028531,,0
ORD021517,,0
ORD002670,,0
ORD052294,,0
ORD004665,,0
ORD030188,,0
ORD053693,,0
ORD037631,,0
ORD035288,,0
ORD044135,,0
ORD047821,,0
ORD022802,,0
ORD021287,,0
ORD022840,,0
ORD001160,,0
ORD032506,,0
ORD047803,,0
ORD002139,,0
ORD013865,,0
ORD026276,,0
ORD034323,,0
ORD032375,,0
ORD020997,,0
ORD040062,,0
ORD025434,,0
ORD022589,,0
ORD029242,,0
ORD012811,,0
ORD044393,,0
ORD053423,,0
ORD049090,,0
ORD034011,,0
ORD038941,,0
ORD040731,,0
ORD059088,,0
ORD057552,,0
ORD056446,,0
ORD047311,,0
ORD046285,,0
ORD037049,,0
ORD014153,,0
ORD033662,,0
ORD033552,,0
ORD023953,,0
ORD037542,,0
ORD047799,,0
ORD024165,,0
ORD000929,,0
ORD007155,,0
ORD038082,,0
ORD029315,,0
ORD043409,,0
ORD005845,,0
ORD037750,,0
ORD013854,,0
ORD017531,,0
ORD040113,,0
ORD026205,,0
ORD043435,,0
ORD055232,,0
ORD049185,,0
ORD013993,,0
ORD002544,,0
ORD007231,,0
ORD006795,,0
ORD011244,,0
ORD020171,toll_inflation,1
ORD001765,,0
ORD004182,,0
ORD003637,detention_padding,1
ORD005659,,0
ORD016877,,0
ORD017948,,0
ORD009942,,0
ORD020059,,0
ORD023980,,0
ORD031531,,0
ORD003443,,0
ORD017907,,0
ORD004894,,0
ORD041880,,0
ORD015291,,0
ORD056733,,0
ORD029150,,0
ORD050294,,0
ORD052940,,0
ORD028658,,0
ORD046317,detention_padding,1
ORD046414,,0
ORD030648,,0
ORD039839,,0
ORD046620,,0
ORD058137,,0
ORD023964,,0
ORD025575,,0
ORD042565,,0
ORD013510,,0
ORD005054,,0
ORD009258,,0
ORD016113,,0
ORD026380,,0
ORD009512,,0
ORD020894,,0
ORD025635,,0
ORD032371,,0
ORD010010,,0
ORD010635,,0
ORD054456,,0
ORD032935,,0
ORD004964,,0
ORD009590,toll_inflation,1
ORD057398,,0
ORD028254,,0
ORD021162,,0
ORD025920,,0
ORD019029,,0
ORD027398,,0
ORD034589,,0
ORD043928,,0
ORD056939,,0
ORD018563,,0
ORD002398,,0
ORD014963,,0
ORD055705,,0
ORD007507,,0
ORD005773,,0
ORD051455,,0
ORD046163,,0
ORD050146,,0
ORD029910,,0
ORD000406,,0
ORD001645,,0
ORD059144,,0
ORD059225,,0
ORD004294,,0
ORD053847,,0
ORD007993,,0
ORD009319,,0
ORD029541,,0
ORD006481,,0
ORD015758,,0
ORD050791,,0
ORD045036,,0
ORD031471,,0
ORD019586,,0
ORD016859,,0
ORD003866,,0
ORD049244,,0
ORD016196,,0
ORD016818,,0
ORD059214,weight_discrepancy,1
ORD027275,,0
ORD058116,,0
ORD002258,,0
ORD002870,,0
ORD036181,,0
ORD032755,,0
ORD029599,,0
ORD028609,,0
ORD025931,,0
ORD026137,,0
ORD005982,,0
ORD044864,,0
ORD030513,,0
ORD015278,,0
ORD025034,,0
ORD013299,,0
ORD007279,,0
ORD002993,,0
ORD001156,,0
ORD029700,,0
ORD032007,,0
ORD049588,,0
ORD037797,,0
ORD055307,,0
ORD048846,,0
ORD001911,,0
ORD013187,,0
ORD005574,,0
ORD036724,,0
ORD008004,,0
ORD004945,,0
ORD011205,weight_discrepancy,1
ORD007382,weight_discrepancy,1
ORD026566,,0
ORD041414,,0
ORD003821,,0
ORD011882,,0
ORD008103,,0
ORD008436,,0
ORD025626,,0
ORD033435,,0
ORD008684,,0
ORD037493,,0
ORD052806,,0
ORD058745,,0
ORD047556,,0
ORD038730,,0
ORD032277,,0
ORD032555,,0
ORD010834,,0
ORD046542,,0
ORD013361,,0
ORD009799,,0
ORD049664,,0
ORD013214,,0
ORD027795,,0
ORD051595,,0
ORD057853,,0
ORD006652,,0
ORD016718,,0
ORD053881,weight_discrepancy,1
ORD057592,,0
ORD044777,,0
ORD046496,,0
ORD029990,,0
ORD005955,,0
ORD000309,,0
ORD021522,,0
ORD007273,,0
ORD056495,,0
ORD053211,,0
ORD013235,,0
ORD041509,toll_inflation,1
ORD045034,,0
ORD003139,,0
ORD004769,,0
ORD010699,,0
ORD025286,,0
ORD011663,detention_padding,1
ORD002569,,0
ORD039001,,0
ORD013449,,0
ORD037117,,0
ORD005250,,0
ORD045056,,0
ORD034398,,0
ORD041365,,0
ORD025257,,0
ORD028461,,0
ORD052856,,0
ORD041810,,0
ORD048894,,0
ORD004176,,0
ORD004184,,0
ORD059281,,0
ORD019805,,0
ORD048437,,0
ORD056740,,0
ORD027252,,0
ORD005095,,0
ORD033726,,0
ORD012174,,0
ORD004434,,0
ORD056100,,0
ORD011111,,0
ORD032528,,0
ORD011412,,0
ORD037941,,0
ORD019703,,0
ORD027045,,0
ORD033957,,0
ORD005984,,0
ORD005814,,0
ORD045969,,0
ORD046795,,0
ORD019139,,0
ORD025178,,0
ORD048042,,0
ORD043510,,0
ORD052357,,0
ORD023362,,0
ORD055984,,0
ORD057516,,0
ORD022973,,0
ORD020060,,0
ORD029845,,0
ORD054748,,0
ORD000235,,0
ORD024795,,0
ORD017806,,0
ORD018556,,0
ORD044799,,0
ORD001575,,0
ORD017828,,0
ORD004712,,0
ORD035664,,0
ORD022114,,0
ORD059475,toll_inflation,1
ORD037977,,0
ORD014533,,0
ORD044090,,0
ORD050309,,0
ORD022139,detention_padding,1
ORD049914,,0
ORD053394,,0
ORD007862,,0
ORD038890,,0
ORD014795,,0
ORD020630,,0
ORD020187,,0
ORD018371,,0
ORD027859,,0
ORD008215,,0
ORD059658,,0
ORD032606,,0
ORD001762,,0
ORD009525,,0
ORD051988,,0
ORD038900,,0
ORD037975,,0
ORD031191,,0
ORD051540,,0
ORD048751,,0
ORD054696,toll_inflation,1
ORD018416,,0
ORD037213,,0
ORD034888,,0
ORD059327,,0
ORD027668,,0
ORD025117,toll_inflation,1
ORD024589,,0
ORD029859,,0
ORD057806,,0
ORD023001,,0
ORD002006,,0
ORD049047,,0
ORD021446,,0
ORD030825,,0
ORD039095,,0
ORD032377,,0
ORD034032,,0
ORD029532,,0
ORD000754,,0
ORD033311,,0
ORD012101,,0
ORD016535,,0
ORD008362,,0
ORD003171,,0
ORD054780,,0
ORD058315,,0
ORD021239,,0
ORD012112,,0
ORD030270,,0
ORD051068,,0
ORD022261,,0
ORD036814,,0
ORD013231,,0
ORD052911,,0
ORD053969,,0
ORD018778,,0
ORD047697,,0
ORD038236,,0
ORD002861,,0
ORD001178,,0
ORD018334,,0
ORD009462,,0
ORD014355,,0
ORD046229,,0
ORD009042,,0
ORD000851,,0
ORD019779,,0
ORD011001,,0
ORD026992,,0
ORD001168,,0
ORD037417,,0
ORD019052,,0
ORD043444,,0
ORD030878,,0
ORD028981,,0
ORD023228,,0
ORD050310,,0
ORD019975,,0
ORD058112,,0
ORD017483,,0
ORD035228,,0
ORD026974,,0
ORD031058,,0
ORD024265,,0
ORD047767,,0
ORD003813,,0
ORD026508,,0
ORD025458,,0
ORD000115,,0
ORD002328,,0
ORD051109,,0
ORD016055,,0
ORD036769,,0
ORD006331,,0
ORD057391,,0
ORD031353,,0
ORD025854,,0
ORD032725,,0
ORD025080,,0
ORD027777,,0
ORD055519,,0
ORD017994,,0
ORD007246,,0
ORD008093,,0
ORD029491,,0
ORD016891,,0
ORD014532,,0
ORD058038,,0
ORD009214,,0
ORD033303,,0
ORD000189,,0
ORD019157,,0
ORD050342,,0
ORD000198,,0
ORD057295,,0
ORD000998,,0
ORD001197,,0
ORD022496,,0
ORD027675,,0
ORD052319,,0
ORD057013,,0
ORD000989,,0
ORD009753,,0
ORD002275,,0
ORD017847,,0
ORD005165,,0
ORD004429,,0
ORD017142,,0
ORD036052,,0
ORD009943,,0
ORD034104,,0
ORD013412,,0
ORD052171,,0
ORD047633,,0
ORD052164,,0
ORD058435,,0
ORD010887,,0
ORD014924,,0
ORD043014,,0
ORD024457,,0
ORD029838,,0
ORD047364,,0
ORD030123,,0
ORD059029,,0
ORD052116,,0
ORD055103,toll_inflation,1
ORD016967,,0
ORD019590,,0
ORD032519,weight_discrepancy,1
ORD002171,,0
ORD051911,,0
ORD033610,,0
ORD011590,,0
ORD044630,,0
ORD020544,,0
ORD021725,,0
ORD031726,,0
ORD037005,,0
ORD006391,,0
ORD053682,,0
ORD028813,,0
ORD054538,,0
ORD040078,,0
ORD015995,,0
ORD026973,,0
ORD038447,,0
ORD003322,detention_padding,1
ORD055206,,0
ORD028320,,0
ORD025429,,0
ORD040068,,0
ORD035683,,0
ORD035558,,0
ORD056773,,0
ORD045173,,0
ORD021271,,0
ORD043011,,0
ORD054775,,0
ORD049497,,0
ORD040143,,0
ORD053293,,0
ORD014941,,0
ORD008129,,0
ORD047514,,0
ORD038772,,0
ORD050774,,0
ORD005032,,0
ORD005212,,0
ORD033126,,0
ORD007753,,0
ORD013925,,0
ORD039852,,0
ORD026685,,0
ORD055524,,0
ORD035870,,0
ORD003904,,0
ORD042609,,0
ORD002728,,0
ORD056037,,0
ORD053653,,0
ORD039193,,0
ORD010569,,0
ORD023360,,0
ORD007711,,0
ORD044664,weight_discrepancy,1
ORD052428,toll_inflation,1
ORD025238,,0
ORD051185,,0
ORD038359,,0
ORD045149,,0
ORD017717,,0
ORD032728,,0
ORD023191,,0
ORD033443,,0
ORD000536,,0
ORD045148,,0
ORD016655,,0
ORD018247,,0
ORD057111,,0
ORD051158,,0
ORD038531,,0
ORD037886,,0
ORD027257,,0
ORD017435,,0
ORD017053,,0
ORD051961,,0
ORD037716,,0
ORD025078,toll_inflation,1
ORD053283,,0
ORD053604,,0
ORD040908,,0
ORD050180,weight_discrepancy,1
ORD052413,,0
ORD006839,,0
ORD012697,,0
ORD048826,,0
ORD054328,,0
ORD058867,,0
ORD023817,,0
ORD032235,,0
ORD025855,,0
ORD038632,,0
ORD034178,toll_inflation,1
ORD047233,,0
ORD010768,,0
ORD032034,,0
ORD023943,,0
ORD036093,,0
ORD036086,,0
ORD028026,,0
ORD042229,,0
ORD007435,,0
ORD010320,,0
ORD031113,,0
ORD002879,,0
ORD047184,,0
ORD053662,,0
ORD002127,,0
ORD045545,,0
ORD000208,,0
ORD047812,,0
ORD031567,,0
ORD027692,,0
ORD055613,,0
ORD018124,,0
ORD059695,,0
ORD039149,,0
ORD039436,,0
ORD007317,,0
ORD016293,,0
ORD027291,,0
ORD026373,,0
ORD025718,,0
ORD041931,,0
ORD056555,,0
ORD053491,,0
ORD006165,,0
ORD010410,,0
ORD013765,,0
ORD013878,,0
ORD048737,,0
ORD055532,,0
ORD028748,,0
ORD008393,weight_discrepancy,1
ORD035988,,0
ORD014159,,0
ORD006926,,0
ORD050609,,0
ORD051603,,0
ORD030741,,0
ORD051074,,0
ORD042672,,0
ORD018174,,0
ORD024444,,0
ORD015318,,0
ORD004556,,0
ORD027382,,0
ORD034538,,0
ORD038058,,0
ORD002330,,0
ORD041542,,0
ORD026099,,0
ORD050852,,0
ORD001278,,0
ORD058468,,0
ORD034128,,0
ORD049734,,0
ORD047599,,0
ORD028579,,0
ORD019595,,0
ORD035100,,0
ORD006690,,0
ORD056195,,0
ORD011428,,0
ORD035399,,0
ORD025095,,0
ORD054989,,0
ORD023387,,0
ORD038185,,0
ORD029077,,0
ORD025567,,0
ORD053933,,0
ORD040376,,0
ORD012577,,0
ORD052108,,0
ORD046982,,0
ORD018407,,0
ORD020579,,0
ORD046914,,0
ORD000629,toll_inflation,1
ORD057683,,0
ORD035758,,0
ORD037468,,0
ORD041974,,0
ORD000630,,0
ORD034132,,0
ORD016801,,0
ORD053827,,0
ORD025564,,0
ORD016647,,0
ORD041385,,0
ORD018970,,0
ORD014929,,0
ORD024129,,0
ORD027409,,0
ORD034228,,0
ORD000834,,0
ORD024854,,0
ORD039146,,0
ORD048538,,0
ORD013501,,0
ORD015794,,0
ORD009386,,0
ORD032018,,0
ORD033764,,0
ORD032212,,0
ORD019842,,0
ORD004694,detention_padding,1
ORD020898,weight_discrepancy,1
ORD031293,,0
ORD018126,weight_discrepancy,1
ORD000742,,0
ORD049812,,0
ORD047475,,0
ORD031308,,0
ORD044774,,0
ORD032040,,0
ORD001588,,0
ORD007064,,0
ORD023358,,0
ORD042459,,0
ORD028754,weight_discrepancy,1
ORD006347,,0
ORD009043,,0
ORD016035,,0
ORD054811,,0
ORD024948,,0
ORD016109,,0
ORD021448,,0
ORD012682,,0
ORD053224,,0
ORD019689,,0
ORD014369,,0
ORD016160,,0
ORD012360,,0
ORD022170,,0
ORD057087,,0
ORD045422,,0
ORD000138,,0
ORD008762,,0
ORD027953,,0
ORD040890,,0
ORD053536,,0
ORD026916,,0
ORD054447,,0
ORD053733,,0
ORD054238,,0
ORD032986,,0
ORD029689,,0
ORD045688,,0
ORD034236,,0
ORD023505,,0
ORD036416,,0
ORD001908,,0
ORD005861,,0
ORD046180,,0
ORD018064,,0
ORD021187,,0
ORD009530,,0
ORD032080,,0
ORD058142,,0
ORD044112,,0
ORD006564,,0
ORD038636,,0
ORD020703,,0
ORD018456,detention_padding,1
ORD059184,,0
ORD053768,,0
ORD005593,,0
ORD026735,toll_inflation,1
ORD003434,,0
ORD029419,,0
ORD040482,,0
ORD027126,,0
ORD041687,,0
ORD054043,,0
ORD027401,,0
ORD002133,,0
ORD025105,,0
ORD055643,,0
ORD034440,,0
ORD003142,,0
ORD058655,,0
ORD018720,,0
ORD048657,,0
ORD045350,,0
ORD056780,,0
ORD026282,,0
ORD059887,,0
ORD039374,,0
ORD023906,,0
ORD024632,,0
ORD021428,,0
ORD046751,,0
ORD047676,,0
ORD054672,,0
ORD038109,,0
ORD050133,,0
ORD030305,,0
ORD053058,,0
ORD012813,,0
ORD059553,,0
ORD043418,,0
ORD045559,,0
ORD040843,,0
ORD034464,,0
ORD022236,,0
ORD017892,,0
ORD044034,,0
ORD004732,,0
ORD029788,,0
ORD019655,,0
ORD013822,,0
ORD015462,,0
ORD020902,,0
ORD052455,,0
ORD054364,,0
ORD000280,,0
ORD046882,,0
ORD016279,,0
ORD015333,,0
ORD006167,,0
ORD046939,toll_inflation,1
ORD038457,,0
ORD014584,,0
ORD009575,toll_inflation,1
ORD038182,,0
ORD058410,,0
ORD049094,,0
ORD005037,,0
ORD039488,,0
ORD036297,,0
ORD019268,,0
ORD007337,,0
ORD013295,,0
ORD005365,,0
ORD049415,detention_padding,1
ORD058768,,0
ORD041720,,0
ORD059768,,0
ORD050908,,0
ORD040994,,0
ORD040941,,0
ORD000738,,0
ORD022229,,0
ORD029130,,0
ORD044984,,0
ORD033256,,0
ORD022576,,0
ORD008599,,0
ORD001625,,0
ORD031615,,0
ORD022017,,0
ORD000078,,0
ORD006261,,0
ORD040153,,0
ORD006502,,0
ORD059499,,0
ORD031516,,0
ORD001701,,0
ORD056478,,0
ORD052161,,0
ORD024492,,0
ORD044277,,0
ORD006020,,0
ORD059625,,0
ORD021913,,0
ORD051474,,0
ORD012681,,0
ORD030907,,0
ORD040907,,0
ORD059863,,0
ORD002176,,0
ORD037837,,0
ORD050434,toll_inflation,1
ORD009541,,0
ORD001589,detention_padding,1
ORD027528,,0
ORD000196,,0
ORD053948,,0
ORD015903,,0
ORD016991,,0
ORD017364,,0
ORD040031,,0
ORD012400,,0
ORD048621,,0
ORD059058,,0
ORD019115,,0
ORD046195,,0
ORD008933,,0
ORD016031,,0
ORD028049,,0
ORD004506,,0
ORD059838,,0
ORD022324,,0
ORD009700,,0
ORD035552,,0
ORD014280,detention_padding,1
ORD036546,detention_padding,1
ORD038916,,0
ORD053306,,0
ORD001479,,0
ORD039673,,0
ORD008244,toll_inflation,1
ORD045368,,0
ORD000178,,0
ORD014170,,0
ORD013333,,0
ORD035013,,0
ORD013349,,0
ORD020043,,0
ORD039725,,0
ORD028161,,0
ORD005400,,0
ORD022792,,0
ORD040367,,0
ORD054409,,0
ORD015923,,0
ORD026577,,0
ORD004251,,0
ORD023482,,0
ORD000875,,0
ORD042610,,0
ORD016370,,0
ORD031013,,0
ORD007708,,0
ORD019683,,0
ORD022333,,0
ORD034920,,0
ORD016351,,0
ORD056863,,0
ORD028408,,0
ORD044292,,0
ORD038731,,0
ORD022629,,0
ORD026329,,0
ORD058612,,0
ORD035619,,0
ORD012916,,0
ORD021496,,0
ORD027231,,0
ORD044509,,0
ORD028742,,0
ORD011574,,0
ORD027782,,0
ORD040442,,0
ORD034706,,0
ORD038177,,0
ORD051179,,0
ORD004571,,0
ORD038374,,0
ORD051815,,0
ORD024791,,0
ORD050653,,0
ORD006386,,0
ORD027225,,0
ORD037007,,0
ORD006490,weight_discrepancy,1
ORD029224,,0
ORD002954,,0
ORD033896,,0
ORD012463,,0
ORD025680,toll_inflation,1
ORD050108,,0
ORD016683,,0
ORD057718,,0
ORD014848,,0
ORD015878,toll_inflation,1
ORD016658,,0
ORD050016,detention_padding,1
ORD032285,,0
ORD012877,,0
ORD050087,,0
ORD015279,,0
ORD030460,,0
ORD018162,,0
ORD052880,,0
ORD037260,,0
ORD035711,,0
ORD034372,,0
ORD033859,,0
ORD054657,detention_padding,1
ORD055560,,0
ORD008631,,0
ORD058125,,0
ORD022639,,0
ORD007149,,0
ORD001099,,0
ORD021061,,0
ORD011861,,0
ORD050211,,0
ORD006592,,0
ORD002341,,0
ORD004319,,0
ORD003375,,0
ORD041500,,0
ORD003381,,0
ORD044934,,0
ORD004753,,0
ORD003812,weight_discrepancy,1
ORD021478,,0
ORD022907,,0
ORD043168,,0
ORD018713,,0
ORD016496,,0
ORD033893,,0
ORD052176,,0
ORD032870,,0
ORD037178,,0
ORD034348,,0
ORD058721,,0
ORD004209,,0
ORD011814,,0
ORD028905,,0
ORD021310,,0
ORD013758,,0
ORD054469,,0
ORD024204,,0
ORD040349,,0
ORD016522,,0
ORD056386,detention_padding,1
ORD057933,,0
ORD050383,,0
ORD023291,,0
ORD000161,,0
ORD056162,,0
ORD052374,,0
ORD020598,,0
ORD012204,,0
ORD050026,,0
ORD015561,,0
ORD045409,,0
ORD046362,,0
ORD034722,,0
ORD004550,,0
ORD035379,,0
ORD023695,weight_discrepancy,1
ORD006226,,0
ORD042666,,0
ORD003231,,0
ORD058336,,0
ORD032905,,0
ORD050595,,0
ORD056215,,0
ORD012330,,0
ORD021750,,0
ORD055166,,0
ORD015381,,0
ORD041169,,0
ORD047015,detention_padding,1
ORD052962,,0
ORD058329,,0
ORD054277,,0
ORD052279,,0
ORD040322,,0
ORD019918,,0
ORD006832,,0
ORD030456,,0
ORD039489,,0
ORD046111,,0
ORD039871,,0
ORD008668,,0
ORD002257,,0
ORD016978,detention_padding,1
ORD056415,,0
ORD043792,,0
ORD057461,,0
ORD044377,,0
ORD009181,,0
ORD007908,,0
ORD059233,,0
ORD042661,,0
ORD041243,,0
ORD056593,,0
ORD042339,,0
ORD013198,,0
ORD003841,,0
ORD038245,,0
ORD050187,,0
ORD015219,,0
ORD039059,,0
ORD055513,,0
ORD044197,weight_discrepancy,1
ORD011652,,0
ORD047641,,0
ORD035239,,0
ORD042269,,0
ORD030177,,0
ORD015785,,0
ORD002586,,0
ORD000701,,0
ORD047067,,0
ORD017889,,0
ORD050983,,0
ORD007454,,0
ORD045882,,0
ORD006871,,0
ORD031511,,0
ORD030231,,0
ORD049370,,0
ORD040541,,0
ORD000801,,0
ORD011769,,0
ORD053172,,0
ORD047604,toll_inflation,1
ORD022320,,0
ORD020569,,0
ORD044022,,0
ORD051923,,0
ORD039978,,0
ORD003848,,0
ORD027716,,0
ORD050698,,0
ORD025818,,0
ORD006401,,0
ORD005142,,0
ORD034597,,0
ORD015854,,0
ORD022518,,0
ORD027914,,0
ORD000835,,0
ORD007988,,0
ORD001542,,0
ORD019551,,0
ORD053836,,0
ORD015818,,0
ORD046221,,0
ORD034587,,0
ORD022353,,0
ORD039766,,0
ORD017912,detention_padding,1
ORD027195,weight_discrepancy,1
ORD023152,,0
ORD016900,,0
ORD041746,,0
ORD023472,,0
ORD039872,,0
ORD055471,,0
ORD055201,,0
ORD016047,,0
ORD049580,,0
ORD014838,,0
ORD058292,,0
ORD041653,,0
ORD011321,,0
ORD005535,,0
ORD034585,,0
ORD020057,,0
ORD020752,,0
ORD021179,,0
ORD029432,,0
ORD012549,,0
ORD022055,,0
ORD014224,,0
ORD026085,,0
ORD010724,,0
ORD034170,,0
ORD002481,,0
ORD056388,,0
ORD023764,,0
ORD009798,,0
ORD018875,,0
ORD003245,,0
ORD004213,detention_padding,1
ORD043646,,0
ORD020559,,0
ORD030519,,0
ORD031711,,0
ORD002789,,0
ORD024044,,0
ORD051818,,0
ORD040626,,0
ORD024658,,0
ORD024062,,0
ORD045751,,0
ORD023265,,0
ORD039386,,0
ORD007127,weight_discrepancy,1
ORD013470,,0
ORD047007,,0
ORD027664,,0
ORD034080,,0
ORD032418,,0
ORD004020,,0
ORD038478,,0
ORD009718,,0
ORD020582,,0
ORD035491,,0
ORD009048,,0
ORD039099,,0
ORD009752,weight_discrepancy,1
ORD050292,toll_inflation,1
ORD022729,,0
ORD023986,,0
ORD058801,,0
ORD047755,,0
ORD052342,,0
ORD036874,,0
ORD047866,toll_inflation,1
ORD007278,,0
ORD008125,,0
ORD048398,,0
ORD046850,detention_padding,1
ORD035505,,0
ORD006695,,0
ORD015648,,0
ORD044680,,0
ORD005424,,0
ORD007844,,0
ORD010325,,0
ORD052335,,0
ORD034059,,0
ORD017771,,0
ORD044236,,0
ORD056281,,0
ORD029117,,0
ORD001378,,0
ORD032819,,0
ORD011186,,0
ORD051731,,0
ORD014900,,0
ORD048789,,0
ORD007821,,0
ORD026156,weight_discrepancy,1
ORD003547,,0
ORD002538,,0
ORD049018,,0
ORD033637,,0
ORD003032,,0
ORD001457,,0
ORD055006,,0
ORD030778,,0
ORD050717,,0
ORD046662,,0
ORD028525,,0
ORD051464,,0
ORD022667,,0
ORD055071,,0
ORD006118,,0
ORD021031,,0
ORD016095,,0
ORD010368,,0
ORD045609,,0
ORD033210,,0
ORD039649,,0
ORD043443,,0
ORD053403,,0
ORD026097,,0
ORD002384,,0
ORD023524,,0
ORD044718,,0
ORD020379,,0
ORD041511,,0
ORD037934,,0
ORD007928,,0
ORD045208,,0
ORD049604,,0
ORD035952,,0
ORD022451,,0
ORD013650,,0
ORD017629,,0
ORD008577,,0
ORD059186,,0
ORD007890,,0
ORD024074,,0
ORD007371,,0
ORD010409,,0
ORD000857,,0
ORD010510,,0
ORD058648,,0
ORD013912,,0
ORD010147,,0
ORD029586,,0
ORD046511,,0
ORD010311,,0
ORD009677,,0
ORD031708,,0
ORD055905,,0
ORD006903,,0
ORD031691,,0
ORD033507,,0
ORD038573,,0
ORD007553,,0
ORD037158,,0
ORD026962,,0
ORD022692,,0
ORD017536,,0
ORD039703,,0
ORD008759,,0
ORD019981,,0
ORD039150,,0
ORD008026,,0
ORD034119,,0
ORD026447,,0
ORD047941,,0
ORD039033,,0
ORD015509,,0
ORD042518,,0
ORD056153,,0
ORD053228,,0
ORD001454,,0
ORD034058,,0
ORD020936,,0
ORD037113,,0
ORD015330,,0
ORD034687,,0
ORD034114,,0
ORD001458,,0
ORD057542,,0
ORD012227,,0
ORD024604,,0
ORD005302,,0
ORD043077,,0
ORD023238,,0
ORD017703,,0
ORD031562,,0
ORD028810,toll_inflation,1
ORD006422,,0
ORD011960,,0
ORD007479,,0
ORD022043,,0
ORD013491,,0
ORD040530,,0
ORD059757,,0
ORD034563,,0
ORD035303,,0
ORD052828,,0
ORD027688,,0
ORD026765,,0
ORD005001,,0
ORD058098,,0
ORD055790,,0
ORD031735,,0
ORD005353,,0
ORD024106,,0
ORD025331,,0
ORD018555,detention_padding,1
ORD020383,,0
ORD045483,,0
ORD021897,,0
ORD002053,,0
ORD017037,,0
ORD043955,toll_inflation,1
ORD004468,,0
ORD006141,,0
ORD029522,,0
ORD001967,,0
ORD006552,,0
ORD048887,,0
ORD018838,,0
ORD052862,,0
ORD038295,,0
ORD009142,,0
ORD058699,,0
ORD023928,,0
ORD038274,,0
ORD041140,,0
ORD050778,,0
ORD049278,,0
ORD003035,,0
ORD059509,,0
ORD011529,,0
ORD055827,,0
ORD047180,,0
ORD011495,toll_inflation,1
ORD057630,,0
ORD017373,,0
ORD010002,,0
ORD042416,,0
ORD021081,,0
ORD030097,weight_discrepancy,1
ORD046592,,0
ORD034511,,0
ORD019735,,0
ORD007799,,0
ORD054747,,0
ORD050047,,0
ORD020278,,0
ORD029092,,0
ORD010304,,0
ORD057275,weight_discrepancy,1
ORD043287,,0
ORD033937,,0
ORD004164,,0
ORD003687,,0
ORD049739,,0
ORD038409,,0
ORD044502,,0
ORD039699,,0
ORD025126,,0
ORD044014,,0
ORD029776,,0
ORD055440,,0
ORD046478,,0
ORD056603,,0
ORD024398,,0
ORD009476,,0
ORD029936,,0
ORD050224,,0
ORD053335,,0
ORD022902,,0
ORD029407,,0
ORD029421,,0
ORD017574,,0
ORD027540,weight_discrepancy,1
ORD045560,,0
ORD056862,,0
ORD037856,,0
ORD021549,,0
ORD005413,toll_inflation,1
ORD041296,,0
ORD032348,,0
ORD025990,,0
ORD004925,,0
ORD033132,,0
ORD046674,,0
ORD041450,,0
ORD012812,,0
ORD023819,,0
ORD050131,,0
ORD011091,,0
ORD027243,,0
ORD017255,,0
ORD027218,,0
ORD057993,,0
ORD027249,,0
ORD006833,,0
ORD048311,,0
ORD051316,,0
ORD030018,,0
ORD027908,,0
ORD005711,,0
ORD025669,,0
ORD034227,,0
ORD041681,,0
ORD031579,,0
ORD020919,,0
ORD043615,,0
ORD050923,weight_discrepancy,1
ORD057282,,0
ORD059878,,0
ORD028006,,0
ORD011684,,0
ORD035212,,0
ORD040378,toll_inflation,1
ORD001092,,0
ORD049031,,0
ORD047620,,0
ORD044051,,0
ORD019163,,0
ORD043285,,0
ORD002371,,0
ORD041700,,0
ORD029297,,0
ORD018834,,0
ORD053978,,0
ORD043559,,0
ORD045132,,0
ORD023067,,0
ORD013830,,0
ORD018845,,0
ORD024760,,0
ORD050954,,0
ORD024026,toll_inflation,1
ORD007795,,0
ORD015364,,0
ORD009875,,0
ORD058483,,0
ORD016673,,0
ORD046546,,0
ORD029927,,0
ORD039676,toll_inflation,1
ORD002992,,0
ORD053103,,0
ORD030550,,0
ORD003057,,0
ORD022010,,0
ORD053438,,0
ORD017937,,0
ORD043868,,0
ORD009417,,0
ORD023909,,0
ORD058248,,0
ORD016604,,0
ORD026364,,0
ORD015516,,0
ORD017154,,0
ORD024354,,0
ORD032708,,0
ORD001430,,0
ORD019764,,0
ORD040288,,0
ORD014820,,0
ORD038592,,0
ORD011941,,0
ORD031217,,0
ORD023760,,0
ORD012278,,0
ORD055851,weight_discrepancy,1
ORD011489,toll_inflation,1
ORD031236,,0
ORD041174,,0
ORD020219,,0
ORD002358,,0
ORD008756,,0
ORD040125,,0
ORD030169,,0
ORD003378,,0
ORD023845,,0
ORD015230,toll_inflation,1
ORD039680,,0
ORD003003,,0
ORD003538,,0
ORD015153,,0
ORD033358,,0
ORD034183,,0
ORD018629,,0
ORD053196,,0
ORD027395,,0
ORD017437,,0
ORD005306,,0
ORD047731,,0
ORD018172,,0
ORD022942,,0
ORD051387,,0
ORD052898,,0
ORD041158,,0
ORD011687,,0
ORD034432,,0
ORD010544,,0
ORD049159,,0
ORD011832,,0
ORD037969,,0
ORD042490,,0
ORD012836,,0
ORD001526,,0
ORD018624,,0
ORD021873,,0
ORD024732,,0
ORD004722,,0
ORD023058,,0
ORD018699,,0
ORD037916,,0
ORD051328,,0
ORD008840,,0
ORD038563,,0
ORD041201,,0
ORD047356,,0
ORD033227,,0
ORD043914,,0
ORD042208,,0
ORD035146,,0
ORD033720,,0
ORD057170,,0
ORD021227,,0
ORD050912,,0
ORD010779,,0
ORD025221,,0
ORD054280,,0
ORD049882,,0
ORD009617,,0
ORD037659,,0
ORD041517,,0
ORD035049,,0
ORD051482,,0
ORD053617,,0
ORD000460,,0
ORD051252,toll_inflation,1
ORD017803,,0
ORD024917,,0
ORD051118,,0
ORD054019,detention_padding,1
ORD005285,,0
ORD049172,,0
ORD026761,toll_inflation,1
ORD009294,,0
ORD011596,,0
ORD020845,,0
ORD009422,,0
ORD038887,,0
ORD038375,,0
ORD044531,,0
ORD026333,,0
ORD002092,,0
ORD010149,,0
ORD043641,,0
ORD044266,,0
ORD028412,,0
ORD012990,,0
ORD017485,weight_discrepancy,1
ORD011179,,0
ORD053003,,0
ORD002719,detention_padding,1
ORD051785,,0
ORD026353,,0
ORD032329,,0
ORD044642,,0
ORD033851,,0
ORD025125,,0
ORD029209,,0
ORD036447,weight_discrepancy,1
ORD034457,,0
ORD000032,,0
ORD022565,,0
ORD010019,,0
ORD032789,,0
ORD009313,,0
ORD018261,,0
ORD047678,,0
ORD059503,,0
ORD058395,,0
ORD013258,,0
ORD033175,,0
ORD053919,,0
ORD025163,,0
ORD040463,,0
ORD004112,,0
ORD044902,,0
ORD018996,,0
ORD019615,,0
ORD009001,,0
ORD019170,,0
ORD006077,,0
ORD026679,,0
ORD014804,,0
ORD003735,,0
ORD055462,,0
ORD036973,,0
ORD042900,,0
ORD024091,,0
ORD052870,,0
ORD058025,,0
ORD044783,,0
ORD025005,,0
ORD012003,,0
ORD058749,,0
ORD014478,,0
ORD047458,,0
ORD021657,,0
ORD042099,,0
ORD033406,,0
ORD023084,,0
ORD002902,,0
ORD054733,weight_discrepancy,1
ORD001011,,0
ORD015920,,0
ORD025159,,0
ORD037807,,0
ORD026652,,0
ORD017385,,0
ORD003264,,0
ORD025698,,0
ORD006359,,0
ORD013396,,0
ORD007086,,0
ORD053279,,0
ORD013804,,0
ORD004068,,0
ORD008175,,0
ORD034546,,0
ORD011232,,0
ORD059911,toll_inflation,1
ORD003613,,0
ORD041763,,0
ORD009129,,0
ORD022302,,0
ORD057827,,0
ORD034548,,0
ORD024466,,0
ORD048537,,0
ORD001489,,0
ORD034486,,0
ORD030121,,0
ORD042699,,0
ORD021804,,0
ORD047554,,0
ORD037261,,0
ORD035903,,0
ORD059081,,0
ORD030785,,0
ORD055888,,0
ORD006763,,0
ORD026947,,0
ORD021315,,0
ORD014437,,0
ORD058369,,0
ORD019504,,0
ORD020504,,0
ORD020501,,0
ORD009844,,0
ORD058922,,0
ORD022731,,0
ORD046562,,0
ORD041651,,0
ORD055963,,0
ORD013574,,0
ORD013048,,0
ORD042009,,0
ORD052167,,0
ORD039950,,0
ORD025071,,0
ORD047103,,0
ORD037732,,0
ORD027520,,0
ORD014754,,0
ORD042130,,0
ORD031407,weight_discrepancy,1
ORD040395,,0
ORD009860,,0
ORD026602,,0
ORD030891,detention_padding,1
ORD057450,,0
ORD053464,,0
ORD029314,,0
ORD037051,,0
ORD041722,,0
ORD043249,,0
ORD016219,,0
ORD026517,,0
ORD044778,,0
ORD055025,,0
ORD044682,,0
ORD022819,,0
ORD040252,,0
ORD049070,,0
ORD045668,,0
ORD021870,,0
ORD010344,,0
ORD039274,,0
ORD000183,,0
ORD010239,,0
ORD017088,,0
ORD031565,,0
ORD049906,,0
ORD010230,,0
ORD026866,,0
ORD047073,,0
ORD057645,,0
ORD013877,,0
ORD005087,toll_inflation,1
ORD026788,,0
ORD008740,,0
ORD041861,,0
ORD008383,,0
ORD050955,,0
ORD051265,,0
ORD041439,,0
ORD039828,,0
ORD021280,,0
ORD010953,,0
ORD014381,,0
ORD035951,,0
ORD045568,,0
ORD001753,,0
ORD033963,,0
ORD058199,,0
ORD016914,,0
ORD054849,,0
ORD006681,,0
ORD052650,,0
ORD053253,,0
ORD039729,,0
ORD036967,,0
ORD041650,,0
ORD025420,,0
ORD022289,,0
ORD055106,,0
ORD058594,,0
ORD057432,,0
ORD038668,,0
ORD016179,,0
ORD027525,weight_discrepancy,1
ORD048294,,0
ORD001498,,0
ORD000919,,0
ORD042345,detention_padding,1
ORD022852,,0
ORD001463,detention_padding,1
ORD057236,,0
ORD037500,,0
ORD011672,,0
ORD045596,,0
ORD015631,,0
ORD021511,,0
ORD032612,,0
ORD052752,,0
ORD002709,,0
ORD030888,,0
ORD048752,,0
ORD025157,,0
ORD002513,,0
ORD042567,,0
ORD035968,,0
ORD054050,,0
ORD049022,,0
ORD004178,,0
ORD050396,,0
ORD050857,,0
ORD056249,,0
ORD018093,,0
ORD035671,,0
ORD054530,,0
ORD001449,,0
ORD057756,,0
ORD015447,,0
ORD013159,,0
ORD031817,,0
ORD015303,,0
ORD004797,,0
ORD022799,,0
ORD057033,,0
ORD022178,,0
ORD018938,,0
ORD037131,,0
ORD035032,,0
ORD004273,,0
ORD034577,,0
ORD041718,,0
ORD037228,,0
ORD007775,,0
ORD014776,,0
ORD058322,,0
ORD028148,,0
ORD006791,,0
ORD018729,,0
ORD011352,,0
ORD029203,,0
ORD008517,,0
ORD039025,,0
ORD055211,toll_inflation,1
ORD003611,,0
ORD012363,,0
ORD000395,,0
ORD052564,,0
ORD006494,,0
ORD025475,,0
ORD018429,,0
ORD020682,,0
ORD010122,,0
ORD033472,,0
ORD016741,weight_discrepancy,1
ORD059698,,0
ORD019900,,0
ORD037970,,0
ORD057579,,0
ORD004082,,0
ORD057171,,0
ORD031918,,0
ORD050827,,0
ORD046484,,0
ORD033324,,0
ORD036547,,0
ORD027852,,0
ORD034400,,0
ORD045844,,0
ORD037981,,0
ORD008378,,0
ORD033702,,0
ORD053273,,0
ORD001138,,0
ORD044422,,0
ORD025492,,0
ORD035326,,0
ORD007801,,0
ORD048999,,0
ORD039553,,0
ORD011604,,0
ORD040188,,0
ORD034127,,0
ORD038476,,0
ORD050969,,0
ORD024612,,0
ORD001183,,0
ORD024592,,0
ORD044712,,0
ORD042750,,0
ORD038208,,0
ORD053060,,0
ORD029873,,0
ORD032715,,0
ORD057687,,0
ORD007147,,0
ORD031638,,0
ORD056116,,0
ORD049821,,0
ORD014657,,0
ORD023180,,0
ORD029213,,0
ORD038706,,0
ORD054233,,0
ORD038689,,0
ORD055283,,0
ORD054276,,0
ORD059004,,0
ORD045346,,0
ORD014551,,0
ORD049363,,0
ORD036781,,0
ORD009956,,0
ORD037095,detention_padding,1
ORD019498,,0
ORD005157,,0
ORD039394,,0
ORD030180,,0
ORD005938,,0
ORD052015,detention_padding,1
ORD028732,,0
ORD010044,,0
ORD019240,,0
ORD057122,,0
ORD043203,,0
ORD044272,,0
ORD031990,,0
ORD055193,,0
ORD059634,,0
ORD006707,,0
ORD048401,,0
ORD004551,,0
ORD026151,,0
ORD058911,,0
ORD037966,,0
ORD056914,,0
ORD025792,,0
ORD031868,,0
ORD024110,,0
ORD017545,,0
ORD024132,,0
ORD014282,,0
ORD001452,,0
ORD007287,,0
ORD035799,,0
ORD044270,,0
ORD009670,,0
ORD022268,toll_inflation,1
ORD033930,,0
ORD039080,,0
ORD013988,,0
ORD041654,,0
ORD048423,,0
ORD016471,,0
ORD014801,,0
ORD030540,,0
ORD013391,weight_discrepancy,1
ORD006041,,0
ORD020466,,0
ORD026725,,0
ORD015418,,0
ORD025822,,0
ORD030192,,0
ORD046636,,0
ORD035810,,0
ORD006938,,0
ORD004930,,0
ORD053656,,0
ORD036115,,0
ORD010910,,0
ORD020499,,0
ORD055762,,0
ORD023078,,0
ORD044872,,0
ORD051796,,0
ORD007690,,0
ORD031068,,0
ORD018113,,0
ORD019433,,0
ORD028918,,0
ORD013825,,0
ORD011743,,0
ORD051821,,0
ORD023449,,0
ORD008238,,0
ORD030174,,0
ORD016700,detention_padding,1
ORD011045,,0
ORD026425,,0
ORD019070,,0
ORD047362,detention_padding,1
ORD041837,,0
ORD019127,,0
ORD040650,,0
ORD047869,,0
ORD057019,,0
ORD050776,detention_padding,1
ORD048607,,0
ORD040490,,0
ORD051174,,0
ORD033344,,0
ORD007669,,0
ORD005939,,0
ORD001474,,0
ORD050689,,0
ORD020026,,0
ORD033036,,0
ORD029520,,0
ORD030359,,0
ORD056684,,0
ORD025462,,0
ORD022719,toll_inflation,1
ORD041751,,0
ORD059351,toll_inflation,1
ORD053237,,0
ORD058516,,0
ORD034176,,0
ORD023662,,0
ORD043208,,0
ORD005668,,0
ORD039694,,0
ORD056154,,0
ORD033531,,0
ORD012379,,0
ORD015434,,0
ORD009778,,0
ORD003392,toll_inflation,1
ORD055085,,0
ORD044411,weight_discrepancy,1
ORD039315,,0
ORD020938,,0
ORD006214,,0
ORD006096,,0
ORD056918,,0
ORD016850,,0
ORD015172,,0
ORD023772,,0
ORD050800,,0
ORD055838,,0
ORD027683,,0
ORD036961,,0
ORD027696,,0
ORD042558,,0
ORD020562,,0
ORD045574,,0
ORD033485,weight_discrepancy,1
ORD032887,,0
ORD018446,,0
ORD035087,,0
ORD046466,,0
ORD050415,,0
ORD018037,,0
ORD033244,,0
ORD007990,,0
ORD046310,,0
ORD036249,,0
ORD022147,,0
ORD045256,,0
ORD040740,,0
ORD034652,,0
ORD045198,,0
ORD032073,,0
ORD030272,,0
ORD055410,,0
ORD032766,,0
ORD001667,,0
ORD018331,,0
ORD049367,,0
ORD048442,,0
ORD053707,,0
ORD054630,,0
ORD058630,,0
ORD007020,,0
ORD000357,,0
ORD000764,,0
ORD018062,,0
ORD048371,,0
ORD033365,,0
ORD048521,,0
ORD015077,,0
ORD037166,,0
ORD015078,,0
ORD015249,,0
ORD035467,,0
ORD058259,,0
ORD017332,,0
ORD003162,,0
ORD046599,,0
ORD028030,,0
ORD011387,,0
ORD016671,,0
ORD018020,,0
ORD054489,,0
ORD049261,,0
ORD058496,,0
ORD058917,,0
ORD024326,,0
ORD023246,,0
ORD020824,,0
ORD016197,,0
ORD025954,,0
ORD015238,,0
ORD022641,,0
ORD007305,,0
ORD038391,,0
ORD044032,,0
ORD051322,,0
ORD057923,,0
ORD004017,,0
ORD042723,,0
ORD046512,,0
ORD028901,,0
ORD028191,,0
ORD045759,,0
ORD017516,,0
ORD031878,,0
ORD043414,,0
ORD006466,,0
ORD026823,,0
ORD002899,,0
ORD028033,,0
ORD015670,detention_padding,1
ORD026669,,0
ORD055258,,0
ORD013664,,0
ORD026909,,0
ORD004362,,0
ORD025527,,0
ORD024293,,0
ORD006192,detention_padding,1
ORD041660,,0
ORD023250,,0
ORD040986,,0
ORD037529,,0
ORD051793,,0
ORD051835,,0
ORD023390,,0
ORD035659,detention_padding,1
ORD056034,,0
ORD035747,,0
ORD043215,,0
ORD038684,,0
ORD007625,,0
ORD009563,,0
ORD006650,,0
ORD054720,detention_padding,1
ORD013593,,0
ORD059304,,0
ORD028096,,0
ORD034373,,0
ORD012937,,0
ORD059350,,0
ORD024931,,0
ORD034656,,0
ORD000077,,0
ORD058052,,0
ORD048975,,0
ORD000080,,0
ORD013548,,0
ORD041286,,0
ORD019415,,0
ORD048912,,0
ORD003801,,0
ORD026546,,0
ORD033186,,0
ORD027885,,0
ORD026182,,0
ORD040686,,0
ORD046826,,0
ORD034504,,0
ORD036096,,0
ORD058720,,0
ORD006598,,0
ORD051654,,0
ORD005487,,0
ORD026896,,0
ORD015098,,0
ORD027901,,0
ORD036125,,0
ORD001659,,0
ORD029673,,0
ORD014755,,0
ORD043560,,0
ORD039134,,0
ORD033170,,0
ORD005527,,0
ORD058832,toll_inflation,1
ORD030255,,0
ORD059717,,0
ORD022330,,0
ORD057532,,0
ORD025001,,0
ORD008416,,0
ORD049515,,0
ORD003878,,0
ORD024401,,0
ORD028576,,0
ORD025650,,0
ORD056904,,0
ORD003806,,0
ORD018619,,0
ORD007814,toll_inflation,1
ORD040275,,0
ORD001758,,0
ORD012582,,0
ORD046627,,0
ORD013166,,0
ORD042187,,0
ORD036505,,0
ORD049722,,0
ORD051297,,0
ORD045158,,0
ORD005463,,0
ORD016790,,0
ORD047771,weight_discrepancy,1
ORD010711,,0
ORD031898,,0
ORD008969,,0
ORD004302,,0
ORD040176,,0
ORD027204,,0
ORD015040,,0
ORD029282,,0
ORD010030,,0
ORD016391,,0
ORD035861,,0
ORD000221,,0
ORD056799,,0
ORD020961,,0
ORD048301,,0
ORD016342,,0
ORD055452,detention_padding,1
ORD037987,,0
ORD044498,,0
ORD017211,,0
ORD023712,,0
ORD058220,,0
ORD002198,,0
ORD003810,,0
ORD035515,,0
ORD053316,,0
ORD018119,,0
ORD027286,,0
ORD016886,,0
ORD046141,,0
ORD004414,,0
ORD003436,,0
ORD044580,,0
ORD047980,,0
ORD025837,,0
ORD011444,,0
ORD029140,,0
ORD059723,,0
ORD026502,,0
ORD018068,,0
ORD024544,,0
ORD029589,,0
ORD038547,,0
ORD050067,,0
ORD024965,,0
ORD050184,,0
ORD047198,,0
ORD024069,toll_inflation,1
ORD000419,,0
ORD021794,,0
ORD035727,,0
ORD037921,weight_discrepancy,1
ORD026953,,0
ORD014364,,0
ORD007860,,0
ORD035853,,0
ORD009416,,0
ORD011356,,0
ORD029122,,0
ORD027761,,0
ORD050110,,0
ORD008288,,0
ORD047849,,0
ORD007474,,0
ORD031434,,0
ORD040421,,0
ORD007734,,0
ORD007940,,0
ORD006684,,0
ORD051678,,0
ORD040918,,0
ORD013416,,0
ORD037612,,0
ORD027199,,0
ORD011876,,0
ORD048452,,0
ORD037674,,0
ORD024551,,0
ORD035548,,0
ORD014521,,0
ORD043690,,0
ORD043669,,0
ORD044656,,0
ORD030072,,0
ORD033025,,0
ORD001902,,0
ORD013709,,0
ORD028387,,0
ORD031897,,0
ORD033578,,0
ORD029857,,0
ORD041462,,0
ORD058127,,0
ORD017700,,0
ORD056108,,0
ORD039534,,0
ORD054841,,0
ORD047111,,0
ORD057974,,0
ORD043199,,0
ORD003304,,0
ORD018822,,0
ORD044458,,0
ORD017487,,0
ORD026047,,0
ORD016732,,0
ORD018704,,0
ORD038688,,0
ORD019305,,0
ORD001024,,0
ORD037455,,0
ORD020429,,0
ORD026782,,0
ORD000826,,0
ORD044156,,0
ORD041123,,0
ORD041592,,0
ORD039208,,0
ORD035287,,0
ORD019832,,0
ORD015387,,0
ORD056640,,0
ORD021256,,0
ORD040794,,0
ORD058588,,0
ORD032297,detention_padding,1
ORD059110,,0
ORD050669,,0
ORD049194,,0
ORD019585,,0
ORD017623,,0
ORD007138,,0
ORD011258,,0
ORD016025,,0
ORD008605,,0
ORD008278,,0
ORD038150,,0
ORD007697,,0
ORD014734,,0
ORD005168,,0
ORD031544,,0
ORD012422,,0
ORD018503,,0
ORD029415,,0
ORD011462,,0
ORD005672,,0
ORD022588,,0
ORD036817,,0
ORD010631,,0
ORD010912,toll_inflation,1
ORD001672,,0
ORD018912,,0
ORD047566,,0
ORD048911,,0
ORD025710,,0
ORD030200,,0
ORD050111,,0
ORD023402,,0
ORD040864,,0
ORD049017,,0
ORD058106,,0
ORD047169,,0
ORD027137,,0
ORD012014,,0
ORD031331,,0
ORD049238,,0
ORD047426,,0
ORD007837,,0
ORD051579,,0
ORD043086,,0
ORD013307,,0
ORD036810,,0
ORD024610,,0
ORD001162,,0
ORD008920,,0
ORD059682,,0
ORD054117,,0
ORD048808,,0
ORD015947,,0
ORD047960,,0
ORD033779,,0
ORD051528,,0
ORD058547,,0
ORD031473,,0
ORD033141,,0
ORD032666,,0
ORD041281,,0
ORD038337,,0
ORD012119,,0
ORD003200,,0
ORD034845,,0
ORD019607,,0
ORD046701,,0
ORD031313,,0
ORD030524,,0
ORD019614,,0
ORD036847,,0
ORD042686,,0
ORD027652,,0
ORD019888,,0
ORD011877,,0
ORD015016,,0
ORD005328,,0
ORD013981,,0
ORD001494,,0
ORD030683,,0
ORD026372,,0
ORD050676,,0
ORD012320,,0
ORD032092,,0
ORD041735,,0
ORD042983,,0
ORD044532,,0
ORD017898,,0
ORD050344,,0
ORD015861,,0
ORD008110,,0
ORD010076,,0
ORD043314,,0
ORD038835,,0
ORD043064,,0
ORD026101,,0
ORD026228,,0
ORD021247,,0
ORD036875,,0
ORD045018,,0
ORD005112,,0
ORD054179,,0
ORD006125,,0
ORD034733,,0
ORD022647,,0
ORD017251,,0
ORD019497,,0
ORD056250,,0
ORD014273,,0
ORD059442,,0
ORD040919,,0
ORD042807,,0
ORD027485,,0
ORD055562,,0
ORD032079,,0
ORD003469,,0
ORD058196,,0
ORD024144,,0
ORD053337,,0
ORD037602,,0
ORD032310,,0
ORD013138,,0
ORD039214,,0
ORD010453,,0
ORD001443,,0
ORD043975,,0
ORD021066,,0
ORD008765,,0
ORD050070,,0
ORD052408,,0
ORD018351,,0
ORD020656,,0
ORD021447,weight_discrepancy,1
ORD005426,,0
ORD014595,,0
ORD042202,,0
ORD013199,,0
ORD029984,,0
ORD027875,,0
ORD001934,weight_discrepancy,1
ORD042050,,0
ORD052556,,0
ORD027109,,0
ORD019744,,0
ORD052839,,0
ORD009201,,0
ORD044925,,0
ORD041845,,0
ORD045384,,0
ORD020637,,0
ORD012359,,0
ORD032973,,0
ORD000334,detention_padding,1
ORD001900,,0
ORD033905,,0
ORD057162,,0
ORD023648,,0
ORD020296,,0
ORD029010,,0
ORD045906,,0
ORD016844,,0
ORD052892,,0
ORD040697,,0
ORD001814,,0
ORD007845,,0
ORD044080,,0
ORD021716,,0
ORD004598,,0
ORD010305,,0
ORD048388,,0
ORD042707,,0
ORD021396,,0
ORD046676,,0
ORD019009,,0
ORD053613,,0
ORD051334,,0
ORD059886,,0
ORD021314,,0
ORD057548,,0
ORD010246,,0
ORD025287,,0
ORD010387,,0
ORD016944,,0
ORD003113,,0
ORD016948,,0
ORD036718,,0
ORD012995,,0
ORD044761,,0
ORD015029,,0
ORD028218,,0
ORD018467,,0
ORD004892,,0
ORD051950,,0
ORD058432,,0
ORD014246,,0
ORD055158,,0
ORD002102,,0
ORD029145,,0
ORD006003,,0
ORD040082,,0
ORD028582,,0
ORD040183,,0
ORD030940,,0
ORD004612,detention_padding,1
ORD025459,,0
ORD048668,,0
ORD014099,,0
ORD056171,detention_padding,1
ORD005671,,0
ORD009259,,0
ORD058479,,0
ORD052598,,0
ORD051449,,0
ORD008801,,0
ORD012928,,0
ORD001289,,0
ORD016742,,0
ORD007589,,0
ORD022211,,0
ORD002820,,0
ORD006599,,0
ORD016129,,0
ORD005303,,0
ORD016103,,0
ORD026723,,0
ORD028031,,0
ORD004863,,0
ORD027935,,0
ORD025648,,0
ORD049218,,0
ORD018344,,0
ORD036457,,0
ORD017698,,0
ORD043746,,0
ORD026108,,0
ORD007938,,0
ORD054577,,0
ORD039541,,0
ORD044768,,0
ORD042425,,0
ORD040693,,0
ORD058846,,0
ORD010208,,0
ORD042972,,0
ORD024392,,0
ORD038943,,0
ORD005016,,0
ORD028632,,0
ORD018388,toll_inflation,1
ORD020842,,0
ORD015651,,0
ORD026449,,0
ORD054351,,0
ORD051224,,0
ORD005945,,0
ORD024831,,0
ORD001398,,0
ORD036176,,0
ORD006105,detention_padding,1
ORD014218,,0
ORD045010,,0
ORD026028,,0
ORD045326,,0
ORD057667,,0
ORD004866,,0
ORD042687,,0
ORD053499,,0
ORD042777,,0
ORD023949,,0
ORD030334,,0
ORD013630,,0
ORD034364,,0
ORD045446,,0
ORD044607,,0
ORD040374,,0
ORD057004,,0
ORD029998,,0
ORD048467,,0
ORD051207,,0
ORD001205,,0
ORD002121,,0
ORD007558,toll_inflation,1
ORD000332,,0
ORD032704,detention_padding,1
ORD040916,,0
ORD039375,,0
ORD009031,,0
ORD044723,,0
ORD047407,,0
ORD017557,,0
ORD046640,,0
ORD000539,,0
ORD047893,,0
ORD028934,,0
ORD007105,,0
ORD020191,,0
ORD015627,,0
ORD030130,,0
ORD023263,,0
ORD003292,,0
ORD048883,,0
ORD052726,,0
ORD024625,,0
ORD017606,,0
ORD010960,,0
ORD023908,,0
ORD017508,,0
ORD049205,,0
ORD020042,,0
ORD001174,,0
ORD053054,,0
ORD038368,,0
ORD007736,,0
ORD008786,,0
ORD009748,,0
ORD049339,,0
ORD006739,,0
ORD058828,,0
ORD014296,,0
ORD012597,,0
ORD037012,,0
ORD022427,,0
ORD023400,,0
ORD045369,,0
ORD035402,,0
ORD041259,,0
ORD006562,,0
ORD056354,,0
ORD010804,,0
ORD027817,,0
ORD013362,,0
ORD048184,,0
ORD009296,,0
ORD010617,,0
ORD016239,,0
ORD049606,,0
ORD057617,,0
ORD035007,,0
ORD038709,toll_inflation,1
ORD014247,,0
ORD050314,,0
ORD016739,,0
ORD057743,,0
ORD055062,,0
ORD000171,,0
ORD041011,,0
ORD052390,weight_discrepancy,1
ORD037647,,0
ORD044344,,0
ORD040055,,0
ORD053703,,0
ORD058294,,0
ORD031614,,0
ORD006299,,0
ORD003459,,0
ORD040773,,0
ORD012831,,0
ORD045982,,0
ORD016424,,0
ORD018232,,0
ORD042350,,0
ORD005998,,0
ORD051406,,0
ORD006838,,0
ORD054615,,0
ORD011335,weight_discrepancy,1
ORD038792,,0
ORD025927,,0
ORD054726,,0
ORD056801,,0
ORD039559,,0
ORD054563,,0
ORD054756,,0
ORD050317,,0
ORD003519,,0
ORD023971,,0
ORD006992,,0
ORD039794,,0
ORD059515,,0
ORD001401,,0
ORD000060,,0
ORD024771,toll_inflation,1
ORD047571,,0
ORD018559,,0
ORD040132,,0
ORD047074,,0
ORD036726,,0
ORD042101,,0
ORD054926,,0
ORD057666,,0
ORD056409,,0
ORD009116,,0
ORD027105,,0
ORD027009,,0
ORD028458,,0
ORD028459,,0
ORD047646,,0
ORD026591,,0
ORD046690,,0
ORD037108,,0
ORD055881,,0
ORD033565,,0
ORD031015,,0
ORD057218,,0
ORD038946,,0
ORD021178,,0
ORD022300,,0
ORD003297,,0
ORD038972,,0
ORD028344,toll_inflation,1
ORD003349,,0
ORD059131,,0
ORD019403,,0
ORD000454,,0
ORD017370,,0
ORD013334,,0
ORD044989,,0
ORD013182,,0
ORD025227,,0
ORD019427,,0
ORD003408,,0
ORD033282,,0
ORD051982,,0
ORD035791,,0
ORD015946,,0
ORD056532,toll_inflation,1
ORD047013,,0
ORD016250,,0
ORD034029,,0
ORD000360,,0
ORD059647,,0
ORD031954,,0
ORD028782,,0
ORD057084,,0
ORD022275,,0
ORD009247,,0
ORD019135,toll_inflation,1
ORD052945,,0
ORD022332,,0
ORD029507,,0
ORD005855,,0
ORD036608,,0
ORD053186,,0
ORD007088,,0
ORD008270,,0
ORD018112,,0
ORD027849,,0
ORD012962,,0
ORD005335,,0
ORD037110,,0
ORD057746,,0
ORD017850,,0
ORD003666,,0
ORD040111,,0
ORD029995,,0
ORD010598,,0
ORD044771,,0
ORD027620,,0
ORD046328,,0
ORD017518,,0
ORD039174,,0
ORD046935,,0
ORD023669,,0
ORD035501,,0
ORD030880,,0
ORD036708,toll_inflation,1
ORD041085,,0
ORD059818,,0
ORD020259,,0
ORD019549,,0
ORD044824,,0
ORD047640,,0
ORD040641,,0
ORD030721,,0
ORD032978,,0
ORD049063,,0
ORD024080,,0
ORD007449,,0
ORD051692,,0
ORD012241,,0
ORD046844,,0
ORD003966,,0
ORD006868,,0
ORD002827,,0
ORD025314,,0
ORD007533,,0
ORD044790,,0
ORD032232,,0
ORD021238,,0
ORD050000,,0
ORD040398,,0
ORD039504,,0
ORD030604,,0
ORD036621,,0
ORD004683,,0
ORD048146,,0
ORD014500,,0
ORD026471,,0
ORD054723,,0
ORD051411,,0
ORD020327,,0
ORD045686,,0
ORD040730,,0
ORD027142,,0
ORD035737,detention_padding,1
ORD021583,,0
ORD004614,,0
ORD027020,,0
ORD024439,,0
ORD030592,,0
ORD037421,,0
ORD016670,,0
ORD049064,,0
ORD011194,,0
ORD052012,,0
ORD041922,,0
ORD029321,,0
ORD014990,,0
ORD013646,,0
ORD045275,,0
ORD004806,,0
ORD028540,,0
ORD015587,,0
ORD022985,,0
ORD021610,,0
ORD010055,,0
ORD014212,,0
ORD048407,,0
ORD020474,,0
ORD019169,,0
ORD014387,,0
ORD010356,,0
ORD023068,,0
ORD046807,,0
ORD005194,,0
ORD000943,,0
ORD032284,,0
ORD056161,weight_discrepancy,1
ORD013405,,0
ORD041801,,0
ORD025330,toll_inflation,1
ORD047520,weight_discrepancy,1
ORD003223,,0
ORD009829,,0
ORD040689,,0
ORD008919,,0
ORD010839,,0
ORD034087,,0
ORD024355,,0
ORD029380,,0
ORD001188,,0
ORD036689,,0
ORD003372,,0
ORD054178,,0
ORD030890,,0
ORD006183,,0
ORD004481,,0
ORD026615,,0
ORD001957,,0
ORD055982,,0
ORD051653,,0
ORD031941,,0
ORD010753,,0
ORD012467,,0
ORD016076,,0
ORD020775,,0
ORD026681,,0
ORD045168,,0
ORD053791,,0
ORD011195,,0
ORD022487,,0
ORD048208,,0
ORD028128,,0
ORD043901,,0
ORD017642,,0
ORD019461,,0
ORD047012,,0
ORD045554,,0
ORD020445,,0
ORD007450,,0
ORD054414,,0
ORD027340,,0
ORD004488,,0
ORD012685,,0
ORD059025,,0
ORD051434,toll_inflation,1
ORD008338,,0
ORD037671,,0
ORD052589,,0
ORD025805,,0
ORD051407,,0
ORD002038,,0
ORD056180,,0
ORD023281,,0
ORD013124,,0
ORD035174,,0
ORD008372,,0
ORD025681,,0
ORD047585,,0
ORD018548,,0
ORD044450,,0
ORD057186,,0
ORD043158,,0
ORD014709,,0
ORD044362,,0
ORD013490,,0
ORD003853,,0
ORD017581,,0
ORD014331,,0
ORD008308,,0
ORD035147,,0
ORD058874,,0
ORD045364,,0
ORD004121,,0
ORD048051,,0
ORD002450,,0
ORD027877,,0
ORD028700,,0
ORD044342,,0
ORD017357,,0
ORD017293,,0
ORD033698,,0
ORD019565,toll_inflation,1
ORD056465,,0
ORD029560,,0
ORD039289,,0
ORD029113,,0
ORD031065,,0
ORD056687,,0
ORD010850,,0
ORD023531,,0
ORD001658,,0
ORD042169,,0
ORD034034,,0
ORD022994,,0
ORD036807,,0
ORD039919,,0
ORD059843,toll_inflation,1
ORD030801,,0
ORD050447,detention_padding,1
ORD007472,,0
ORD007631,,0
ORD021676,,0
ORD008003,,0
ORD046198,,0
ORD022108,,0
ORD015226,toll_inflation,1
ORD016186,,0
ORD004561,,0
ORD045955,,0
ORD051521,,0
ORD037399,,0
ORD010964,,0
ORD015388,,0
ORD047048,,0
ORD045539,,0
ORD038361,,0
ORD020451,,0
ORD049696,,0
ORD050406,,0
ORD009213,,0
ORD002979,,0
ORD007333,,0
ORD012904,,0
ORD044254,,0
ORD004927,,0
ORD024511,,0
ORD049851,,0
ORD001471,,0
ORD017644,,0
ORD044770,weight_discrepancy,1
ORD004431,,0
ORD030371,,0
ORD002001,,0
ORD004826,,0
ORD019136,,0
ORD045101,,0
ORD041552,,0
ORD034724,,0
ORD029825,,0
ORD016431,,0
ORD035517,,0
ORD045947,,0
ORD016962,,0
ORD046689,,0
ORD048585,,0
ORD031792,,0
ORD040582,,0
ORD052293,,0
ORD005536,,0
ORD049525,,0
ORD013766,,0
ORD018622,,0
ORD056513,,0
ORD028735,,0
ORD055189,,0
ORD040824,,0
ORD034439,,0
ORD036907,,0
ORD013521,,0
ORD041157,,0
ORD033481,,0
ORD005572,,0
ORD046214,,0
ORD051826,,0
ORD011838,,0
ORD031333,weight_discrepancy,1
ORD035396,,0
ORD055703,,0
ORD006423,,0
ORD004666,detention_padding,1
ORD008493,,0
ORD037164,,0
ORD033969,,0
ORD000564,,0
ORD025214,,0
ORD023047,,0
ORD011118,,0
ORD046675,,0
ORD033165,,0
ORD049418,,0
ORD017343,,0
ORD026040,,0
ORD052327,,0
ORD016586,,0
ORD046762,,0
ORD045501,,0
ORD029090,,0
ORD042827,,0
ORD036925,,0
ORD040251,,0
ORD017261,,0
ORD028545,,0
ORD004736,detention_padding,1
ORD007573,,0
ORD035130,,0
ORD023019,,0
ORD000045,,0
ORD043046,,0
ORD004814,,0
ORD004453,,0
ORD005975,,0
ORD020899,,0
ORD001818,,0
ORD019567,,0
ORD023109,,0
ORD034730,,0
ORD006842,,0
ORD001709,,0
ORD028301,,0
ORD001581,,0
ORD050989,,0
ORD034316,,0
ORD043939,,0
ORD032172,,0
ORD033976,,0
ORD044443,,0
ORD042842,,0
ORD015501,,0
ORD047274,,0
ORD007756,,0
ORD017004,,0
ORD002740,,0
ORD010539,,0
ORD008950,,0
ORD047575,,0
ORD025042,,0
ORD034202,,0
ORD030496,,0
ORD022532,,0
ORD029590,,0
ORD028318,,0
ORD010211,,0
ORD021805,,0
ORD056085,,0
ORD037737,,0
ORD038761,,0
ORD051986,,0
ORD044571,,0
ORD043550,,0
ORD034192,,0
ORD015910,,0
ORD026863,,0
ORD029366,,0
ORD049561,,0
ORD008718,,0
ORD030475,,0
ORD049962,,0
ORD006377,,0
ORD058386,,0
ORD015199,,0
ORD053026,,0
ORD002250,,0
ORD017913,,0
ORD010880,,0
ORD004098,,0
ORD024288,,0
ORD007684,,0
ORD027768,,0
ORD057981,,0
ORD051791,,0
ORD050098,,0
ORD025041,,0
ORD022580,,0
ORD049864,,0
ORD057372,,0
ORD032386,,0
ORD042526,,0
ORD056052,,0
ORD014148,,0
ORD004774,,0
ORD036132,,0
ORD048077,,0
ORD034274,,0
ORD012794,,0
ORD032529,,0
ORD050655,,0
ORD041703,,0
ORD011746,,0
ORD035237,,0
ORD012325,,0
ORD014860,,0
ORD028662,,0
ORD007964,,0
ORD058944,,0
ORD044620,,0
ORD050952,,0
ORD036253,,0
ORD016797,,0
ORD009587,,0
ORD003377,,0
ORD027299,,0
ORD026426,,0
ORD017002,,0
ORD012367,,0
ORD009581,,0
ORD019806,,0
ORD003485,,0
ORD020685,,0
ORD026371,,0
ORD038522,,0
ORD026368,,0
ORD039618,,0
ORD032591,,0
ORD011355,,0
ORD012078,,0
ORD041624,detention_padding,1
ORD019046,,0
ORD030183,,0
ORD040850,,0
ORD000725,,0
ORD029230,,0
ORD018536,,0
ORD037771,,0
ORD016454,,0
ORD027650,,0
ORD000791,,0
ORD042112,,0
ORD014408,,0
ORD004993,,0
ORD036017,,0
ORD057614,,0
ORD051467,,0
ORD018248,,0
ORD043131,,0
ORD000902,,0
ORD016240,,0
ORD043603,,0
ORD023553,,0
ORD012508,,0
ORD020452,,0
ORD020476,,0
ORD030694,,0
ORD002108,,0
ORD032026,,0
ORD023035,,0
ORD027452,,0
ORD021356,,0
ORD028253,,0
ORD014980,,0
ORD021417,,0
ORD013568,,0
ORD026188,,0
ORD034023,,0
ORD031809,,0
ORD012642,,0
ORD007139,,0
ORD018977,,0
ORD055614,,0
ORD033173,,0
ORD014974,,0
ORD010523,,0
ORD044791,,0
ORD007599,detention_padding,1
ORD050512,,0
ORD013306,,0
ORD059523,,0
ORD009447,,0
ORD012200,,0
ORD055343,,0
ORD048650,,0
ORD046945,,0
ORD023584,,0
ORD025630,,0
ORD024313,,0
ORD016841,,0
ORD044818,,0
ORD047479,,0
ORD032628,detention_padding,1
ORD051935,,0
ORD025760,,0
ORD004607,,0
ORD059719,,0
ORD057947,,0
ORD022293,,0
ORD009777,,0
ORD017299,,0
ORD012648,,0
ORD050813,weight_discrepancy,1
ORD012693,,0
ORD047791,,0
ORD004473,,0
ORD058593,,0
ORD044261,,0
ORD035648,,0
ORD057414,,0
ORD011067,,0
ORD014262,,0
ORD056963,,0
ORD041458,,0
ORD001234,,0
ORD044845,,0
ORD053665,,0
ORD025793,,0
ORD055365,,0
ORD051176,,0
ORD013974,,0
ORD005641,,0
ORD013919,,0
ORD049708,,0
ORD030375,,0
ORD016649,,0
ORD032801,toll_inflation,1
ORD016665,,0
ORD008405,,0
ORD049898,,0
ORD008994,,0
ORD055981,,0
ORD016426,,0
ORD034271,,0
ORD049998,,0
ORD052629,,0
ORD023141,,0
ORD012341,,0
ORD007694,,0
ORD021694,,0
ORD057124,,0
ORD056042,,0
ORD029671,,0
ORD030308,,0
ORD058497,,0
ORD016387,,0
ORD021083,,0
ORD019926,,0
ORD026492,,0
ORD030757,,0
ORD019961,,0
ORD054596,,0
ORD001019,,0
ORD054208,,0
ORD037249,,0
ORD046372,,0
ORD044026,weight_discrepancy,1
ORD035999,,0
ORD047001,,0
ORD021412,,0
ORD002430,,0
ORD053323,,0
ORD023973,,0
ORD044101,,0
ORD040715,,0
ORD031736,,0
ORD032510,,0
ORD030676,,0
ORD056462,,0
ORD006032,,0
ORD032707,,0
ORD000132,,0
ORD032699,,0
ORD036583,,0
ORD048870,,0
ORD045231,,0
ORD023700,,0
ORD033283,,0
ORD002914,,0
ORD055203,,0
ORD021515,,0
ORD018727,detention_padding,1
ORD032757,,0
ORD032262,,0
ORD019534,,0
ORD043894,,0
ORD003960,,0
ORD016405,,0
ORD049133,,0
ORD022815,,0
ORD032252,,0
ORD040583,,0
ORD055999,,0
ORD006200,,0
ORD005315,,0
ORD008076,,0
ORD034246,,0
ORD053799,,0
ORD037929,,0
ORD059193,,0
ORD005607,,0
ORD038060,,0
ORD044573,,0
ORD008651,,0
ORD034838,,0
ORD051164,,0
ORD058340,,0
ORD029067,,0
ORD037258,,0
ORD028675,,0
ORD024041,,0
ORD059676,,0
ORD013249,,0
ORD052733,,0
ORD006878,,0
ORD034971,,0
ORD001335,,0
ORD001669,,0
ORD027866,,0
ORD019106,,0
ORD006442,,0
ORD009663,toll_inflation,1
ORD024704,,0
ORD038437,,0
ORD048021,,0
ORD038272,,0
ORD010324,,0
ORD044028,,0
ORD004801,,0
ORD029458,,0
ORD006390,,0
ORD041023,,0
ORD013461,,0
ORD004563,,0
ORD058833,,0
ORD032882,,0
ORD031311,,0
ORD034294,weight_discrepancy,1
ORD059790,,0
ORD037943,,0
ORD009506,,0
ORD042057,,0
ORD026452,,0
ORD030313,,0
ORD008480,,0
ORD044922,,0
ORD011911,,0
ORD048232,,0
ORD007997,,0
ORD052397,,0
ORD024223,,0
ORD018409,,0
ORD019148,,0
ORD004148,,0
ORD028919,,0
ORD022707,,0
ORD042963,,0
ORD000976,,0
ORD030544,toll_inflation,1
ORD056439,,0
ORD029345,,0
ORD014210,,0
ORD039270,,0
ORD023735,,0
ORD040504,,0
ORD005145,toll_inflation,1
ORD047837,,0
ORD046836,,0
ORD038599,,0
ORD017180,,0
ORD019038,,0
ORD055368,,0
ORD036140,,0
ORD013984,,0
ORD054857,,0
ORD029677,,0
ORD020468,toll_inflation,1
ORD017460,,0
ORD025181,,0
ORD004936,,0
ORD048346,,0
ORD023213,,0
ORD058724,,0
ORD035482,,0
ORD013373,,0
ORD033391,,0
ORD012792,,0
ORD054021,,0
ORD008261,,0
ORD024260,,0
ORD029827,,0
ORD014840,,0
ORD047752,,0
ORD010773,,0
ORD013350,,0
ORD037525,,0
ORD049712,,0
ORD042852,,0
ORD028982,,0
ORD010609,,0
ORD007391,,0
ORD036225,,0
ORD016265,,0
ORD024996,,0
ORD046731,,0
ORD014566,,0
ORD017758,,0
ORD014770,,0
ORD019201,,0
ORD024642,,0
ORD000223,,0
ORD050247,,0
ORD052568,,0
ORD018317,,0
ORD031942,,0
ORD005349,,0
ORD012504,,0
ORD046959,,0
ORD009571,weight_discrepancy,1
ORD011245,,0
ORD016338,,0
ORD024683,,0
ORD040598,,0
ORD005653,,0
ORD027633,,0
ORD056575,,0
ORD020519,,0
ORD024364,,0
ORD039865,,0
ORD037986,,0
ORD010634,,0
ORD042300,,0
ORD043740,,0
ORD042186,,0
ORD004542,toll_inflation,1
ORD056656,,0
ORD016164,,0
ORD007674,,0
ORD047747,,0
ORD020827,,0
ORD003388,,0
ORD047760,,0
ORD057028,,0
ORD007141,,0
ORD051498,,0
ORD008494,,0
ORD054761,,0
ORD056681,,0
ORD048284,,0
ORD002363,,0
ORD017023,,0
ORD033709,,0
ORD055867,,0
ORD014822,,0
ORD013826,,0
ORD013560,,0
ORD025857,,0
ORD003819,,0
ORD022410,,0
ORD024231,,0
ORD022404,,0
ORD032820,,0
ORD002885,,0
ORD004693,,0
ORD004323,,0
ORD011940,,0
ORD017464,,0
ORD038017,,0
ORD059371,,0
ORD013356,,0
ORD049453,,0
ORD004570,,0
ORD038645,,0
ORD044980,,0
ORD013248,,0
ORD055727,,0
ORD051423,,0
ORD032147,,0
ORD042502,,0
ORD001028,,0
ORD012409,,0
ORD040801,,0
ORD054112,,0
ORD035872,,0
ORD039884,,0
ORD037126,,0
ORD010969,,0
ORD024772,,0
ORD053987,,0
ORD010805,,0
ORD017709,,0
ORD023380,,0
ORD041755,,0
ORD011659,,0
ORD017825,,0
ORD052937,,0
ORD036083,,0
ORD042563,detention_padding,1
ORD018204,,0
ORD015999,weight_discrepancy,1
ORD035617,,0
ORD002276,,0
ORD038837,,0
ORD049473,,0
ORD012533,,0
ORD000860,,0
ORD042288,,0
ORD042209,,0
ORD042041,weight_discrepancy,1
ORD050315,,0
ORD023863,,0
ORD052385,,0
ORD048373,,0
ORD021526,,0
ORD037635,,0
ORD041741,,0
ORD045726,,0
ORD051500,,0
ORD009293,,0
ORD021250,,0
ORD040893,,0
ORD023302,,0
ORD052780,,0
ORD027979,,0
ORD039129,,0
ORD010089,,0
ORD036210,,0
ORD004994,,0
ORD033914,detention_padding,1
ORD040144,,0
ORD055059,,0
ORD026943,,0
ORD005843,,0
ORD019642,,0
ORD012544,detention_padding,1
ORD009968,,0
ORD040519,,0
ORD015682,,0
ORD016114,detention_padding,1
ORD033949,,0
ORD005339,,0
ORD035151,,0
ORD037586,,0
ORD038569,,0
ORD047745,weight_discrepancy,1
ORD014617,,0
ORD020922,,0
ORD011934,,0
ORD040010,,0
ORD003180,,0
ORD052656,,0
ORD040484,detention_padding,1
ORD007354,,0
ORD012122,,0
ORD053880,,0
ORD021741,,0
ORD050733,,0
ORD015374,,0
ORD000775,,0
ORD021318,,0
ORD015037,,0
ORD025206,,0
ORD030242,,0
ORD009757,,0
ORD015715,,0
ORD055080,,0
ORD027119,,0
ORD015986,,0
ORD026987,,0
ORD052165,,0
ORD027609,,0
ORD000755,,0
ORD023462,,0
ORD032245,,0
ORD005883,,0
ORD057123,,0
ORD010341,,0
ORD019050,toll_inflation,1
ORD026757,toll_inflation,1
ORD052927,,0
ORD030281,,0
ORD050134,,0
ORD021142,,0
ORD045156,,0
ORD040551,,0
ORD022141,,0
ORD033981,,0
ORD011983,,0
ORD027180,,0
ORD053540,,0
ORD000966,,0
ORD041487,,0
ORD027507,,0
ORD011229,toll_inflation,1
ORD007368,,0
ORD022851,,0
ORD056910,,0
ORD030902,,0
ORD018464,,0
ORD054223,,0
ORD057232,,0
ORD011435,,0
ORD038014,,0
ORD005026,,0
ORD013359,,0
ORD021106,,0
ORD007290,,0
ORD022656,,0
ORD034778,,0
ORD028783,,0
ORD025647,toll_inflation,1
ORD005173,,0
ORD032744,,0
ORD020951,,0
ORD056966,,0
ORD049226,,0
ORD004117,,0
ORD025613,,0
ORD051910,,0
ORD036095,,0
ORD053608,,0
ORD043244,,0
ORD023488,,0
ORD005828,,0
ORD036081,,0
ORD004865,,0
ORD047415,,0
ORD035273,,0
ORD049389,,0
ORD034672,,0
ORD002140,,0
ORD012969,,0
ORD017979,,0
ORD047688,,0
ORD036681,,0
ORD037524,,0
ORD026746,,0
ORD044928,detention_padding,1
ORD007282,,0
ORD034125,,0
ORD053785,,0
ORD042489,,0
ORD018355,,0
ORD015339,,0
ORD021283,,0
ORD041437,,0
ORD028306,,0
ORD004022,,0
ORD019083,,0
ORD016340,,0
ORD020091,,0
ORD027915,,0
ORD033086,,0
ORD002723,weight_discrepancy,1
ORD050646,,0
ORD026841,,0
ORD055366,,0
ORD007678,,0
ORD004446,,0
ORD025780,,0
ORD048120,,0
ORD053142,,0
ORD052340,,0
ORD039185,,0
ORD027325,,0
ORD047603,,0
ORD018357,,0
ORD017409,,0
ORD002580,,0
ORD026519,,0
ORD003320,,0
ORD026537,,0
ORD005269,,0
ORD011306,,0
ORD006919,,0
ORD020135,,0
ORD029320,,0
ORD058767,,0
ORD017185,,0
ORD038604,,0
ORD034412,,0
ORD019006,,0
ORD046217,,0
ORD050332,,0
ORD000365,,0
ORD032151,,0
ORD015289,,0
ORD020488,,0
ORD021891,detention_padding,1
ORD033813,toll_inflation,1
ORD022131,detention_padding,1
ORD044291,,0
ORD030981,,0
ORD008284,,0
ORD048280,,0
ORD026409,,0
ORD010924,,0
ORD024203,,0
ORD059946,,0
ORD000948,,0
ORD056559,,0
ORD003008,,0
ORD003880,,0
ORD005327,,0
ORD035684,,0
ORD017851,,0
ORD006137,,0
ORD019882,,0
ORD010073,,0
ORD026105,,0
ORD013179,,0
ORD010794,,0
ORD043569,,0
ORD056068,,0
ORD000326,,0
ORD047845,,0
ORD049439,,0
ORD026514,,0
ORD027100,,0
ORD022790,,0
ORD036120,,0
ORD040336,,0
ORD023869,,0
ORD023233,,0
ORD045779,,0
ORD050678,,0
ORD027386,,0
ORD046446,,0
ORD022004,,0
ORD017379,,0
ORD007963,,0
ORD006689,,0
ORD049753,,0
ORD020923,,0
ORD018257,,0
ORD050446,,0
ORD025517,,0
ORD003889,,0
ORD029112,detention_padding,1
ORD020439,toll_inflation,1
ORD032478,,0
ORD003140,,0
ORD011909,,0
ORD022122,toll_inflation,1
ORD023287,,0
ORD010785,,0
ORD031306,,0
ORD045306,toll_inflation,1
ORD027093,,0
ORD008853,,0
ORD004150,,0
ORD009082,,0
ORD059842,,0
ORD039307,,0
ORD026073,,0
ORD032376,,0
ORD038875,,0
ORD027173,,0
ORD032657,,0
ORD056366,,0
ORD051723,,0
ORD044804,,0
ORD051590,detention_padding,1
ORD000461,,0
ORD026125,,0
ORD020924,,0
ORD007389,,0
ORD047167,,0
ORD047794,,0
ORD033385,,0
ORD055141,,0
ORD053964,,0
ORD055143,,0
ORD009375,,0
ORD043767,,0
ORD010398,,0
ORD038128,,0
ORD035681,,0
ORD012005,,0
ORD019709,,0
ORD007202,,0
ORD003002,,0
ORD040569,,0
ORD021832,,0
ORD031161,,0
ORD036564,detention_padding,1
ORD057761,,0
ORD026325,,0
ORD009782,,0
ORD017123,,0
ORD000207,,0
ORD043401,,0
ORD008883,,0
ORD040905,,0
ORD023127,,0
ORD028653,,0
ORD051260,,0
ORD008810,,0
ORD009256,,0
ORD047854,,0
ORD000578,,0
ORD015087,,0
ORD000330,,0
ORD028943,,0
ORD009568,,0
ORD018039,,0
ORD009087,,0
ORD052973,,0
ORD033490,,0
ORD015614,,0
ORD020815,,0
ORD056839,,0
ORD052762,detention_padding,1
ORD028298,,0
ORD045895,,0
ORD021655,,0
ORD038777,,0
ORD025282,,0
ORD052328,,0
ORD011704,,0
ORD059970,,0
ORD059594,,0
ORD043790,,0
ORD025285,,0
ORD001896,,0
ORD026154,,0
ORD043916,,0
ORD039866,,0
ORD053521,,0
ORD027266,,0
ORD025313,,0
ORD013281,,0
ORD058258,,0
ORD011242,,0
ORD047370,,0
ORD029558,,0
ORD054684,,0
ORD036770,,0
ORD037508,,0
ORD032173,,0
ORD022430,,0
ORD034569,,0
ORD028211,,0
ORD001703,,0
ORD040783,,0
ORD027182,,0
ORD017228,,0
ORD002990,,0
ORD038784,weight_discrepancy,1
ORD044821,,0
ORD004817,,0
ORD027842,,0
ORD019182,,0
ORD049251,,0
ORD002335,,0
ORD056806,,0
ORD031985,,0
ORD027837,,0
ORD043193,,0
ORD005596,,0
ORD028439,,0
ORD042937,,0
ORD048454,,0
ORD035561,,0
ORD017934,,0
ORD021643,,0
ORD051378,,0
ORD043226,,0
ORD021321,,0
ORD005191,,0
ORD033413,,0
ORD041252,,0
ORD036513,,0
ORD055298,,0
ORD004827,toll_inflation,1
ORD011055,,0
ORD036055,,0
ORD054185,weight_discrepancy,1
ORD035054,,0
ORD022583,,0
ORD025040,,0
ORD028749,,0
ORD028686,,0
ORD037600,,0
ORD035793,,0
ORD000013,,0
ORD048841,,0
ORD045891,,0
ORD031034,detention_padding,1
ORD022481,,0
ORD044911,,0
ORD003118,,0
ORD032983,,0
ORD019719,,0
ORD004368,,0
ORD055965,,0
ORD033129,,0
ORD044076,,0
ORD000562,,0
ORD039847,,0
ORD044495,,0
ORD059916,,0
ORD011478,,0
ORD022334,,0
ORD043381,,0
ORD008472,,0
ORD043725,,0
ORD041372,,0
ORD011694,,0
ORD023687,,0
ORD024169,toll_inflation,1
ORD022910,toll_inflation,1
ORD053715,,0
ORD025443,,0
ORD012857,,0
ORD035676,,0
ORD056561,,0
ORD008855,,0
ORD046880,,0
ORD019684,,0
ORD042772,detention_padding,1
ORD017532,,0
ORD052741,,0
ORD032308,,0
ORD049340,,0
ORD051186,,0
ORD026381,,0
ORD050686,,0
ORD048671,,0
ORD023346,,0
ORD010937,,0
ORD036313,,0
ORD031626,,0
ORD006566,,0
ORD024888,,0
ORD053535,,0
ORD016697,,0
ORD055073,,0
ORD028402,,0
ORD018924,,0
ORD020507,,0
ORD041640,,0
ORD046256,,0
ORD022856,,0
ORD036067,,0
ORD043754,,0
ORD008908,,0
ORD002364,,0
ORD022916,,0
ORD037830,,0
ORD029867,,0
ORD032751,,0
ORD031200,,0
ORD058609,,0
ORD012139,,0
ORD056661,,0
ORD034066,,0
ORD052908,,0
ORD048864,,0
ORD041519,,0
ORD042612,,0
ORD050807,,0
ORD044814,,0
ORD031561,,0
ORD030664,,0
ORD055561,,0
ORD049372,,0
ORD004174,,0
ORD026077,,0
ORD044397,,0
ORD013135,detention_padding,1
ORD038554,,0
ORD050006,,0
ORD021291,,0
ORD049086,,0
ORD016050,,0
ORD017499,,0
ORD044244,,0
ORD029434,,0
ORD044077,,0
ORD026280,,0
ORD054275,detention_padding,1
ORD054936,,0
ORD011953,,0
ORD055683,,0
ORD041707,,0
ORD046029,,0
ORD042218,,0
ORD015121,,0
ORD043824,,0
ORD034462,,0
ORD045822,,0
ORD000047,,0
ORD019678,,0
ORD017350,,0
ORD000962,,0
ORD031815,,0
ORD054643,,0
ORD034623,,0
ORD003857,,0
ORD002224,,0
ORD015244,,0
ORD059960,,0
ORD017870,,0
ORD052112,,0
ORD057125,,0
ORD019502,,0
ORD021171,,0
ORD054916,detention_padding,1
ORD049481,,0
ORD052590,,0
ORD008320,,0
ORD023254,toll_inflation,1
ORD034113,,0
ORD046991,,0
ORD001309,,0
ORD026032,,0
ORD032093,,0
ORD019068,,0
ORD000717,,0
ORD010255,,0
ORD017024,,0
ORD036187,,0
ORD036339,,0
ORD012380,,0
ORD016578,,0
ORD046360,,0
ORD039191,,0
ORD010440,,0
ORD019212,,0
ORD012672,,0
ORD030596,,0
ORD033473,,0
ORD054141,,0
ORD047455,weight_discrepancy,1
ORD029982,,0
ORD024984,,0
ORD024072,,0
ORD055439,,0
ORD056172,,0
ORD052398,,0
ORD054922,,0
ORD041952,weight_discrepancy,1
ORD002818,,0
ORD017317,,0
ORD034369,,0
ORD004055,,0
ORD030755,,0
ORD002734,,0
ORD026089,,0
ORD054266,toll_inflation,1
ORD009009,,0
ORD026095,,0
ORD013315,,0
ORD058610,,0
ORD002489,,0
ORD025507,,0
ORD004009,,0
ORD002270,,0
ORD051704,,0
ORD008719,,0
ORD043944,,0
ORD049182,,0
ORD059664,,0
ORD024543,,0
ORD054789,,0
ORD048272,,0
ORD043650,,0
ORD049876,,0
ORD059391,,0
ORD031535,,0
ORD009595,,0
ORD025132,,0
ORD046184,,0
ORD016559,weight_discrepancy,1
ORD012710,,0
ORD004030,,0
ORD039331,,0
ORD030992,,0
ORD054256,,0
ORD040481,,0
ORD046331,,0
ORD028016,,0
ORD025589,,0
ORD046770,,0
ORD039675,,0
ORD043433,,0
ORD058471,,0
ORD018475,,0
ORD028369,,0
ORD007989,,0
ORD032611,,0
ORD049837,,0
ORD014141,,0
ORD001983,,0
ORD017155,,0
ORD039765,,0
ORD052140,,0
ORD005467,,0
ORD046420,,0
ORD052034,,0
ORD045980,,0
ORD021838,,0
ORD054664,,0
ORD056340,,0
ORD026389,,0
ORD047175,,0
ORD009136,,0
ORD022024,weight_discrepancy,1
ORD052729,,0
ORD015777,,0
ORD052831,,0
ORD043606,,0
ORD014682,,0
ORD053488,,0
ORD026726,,0
ORD021414,,0
ORD025405,,0
ORD011137,,0
ORD004107,,0
ORD054137,,0
ORD048637,,0
ORD039070,,0
ORD042999,,0
ORD059926,,0
ORD010997,,0
ORD005117,,0
ORD007439,,0
ORD057064,,0
ORD030346,,0
ORD025441,,0
ORD017240,,0
ORD000662,,0
ORD059830,detention_padding,1
ORD005764,,0
ORD025212,,0
ORD011637,,0
ORD010266,,0
ORD045873,,0
ORD025976,,0
ORD021312,,0
ORD036044,,0
ORD035381,,0
ORD059344,,0
ORD032168,,0
ORD036487,,0
ORD053143,,0
ORD011987,,0
ORD004445,,0
ORD032643,,0
ORD027977,weight_discrepancy,1
ORD036155,,0
ORD037804,,0
ORD026442,,0
ORD016624,,0
ORD019914,,0
ORD006156,,0
ORD020960,,0
ORD020719,,0
ORD006613,,0
ORD021107,,0
ORD025555,,0
ORD016668,,0
ORD008869,,0
ORD015414,,0
ORD006572,,0
ORD017125,,0
ORD034219,,0
ORD029604,,0
ORD002792,,0
ORD051181,,0
ORD010591,,0
ORD055850,,0
ORD031605,,0
ORD029574,,0
ORD007731,weight_discrepancy,1
ORD031477,,0
ORD000986,,0
ORD031598,,0
ORD022651,,0
ORD055890,,0
ORD012238,,0
ORD019886,,0
ORD002407,,0
ORD044030,toll_inflation,1
ORD006128,,0
ORD057215,,0
ORD001102,,0
ORD026745,,0
ORD055528,,0
ORD027502,,0
ORD054654,,0
ORD014206,,0
ORD040897,,0
ORD005995,,0
ORD058285,,0
ORD008079,,0
ORD000837,,0
ORD041207,,0
ORD009819,,0
ORD012617,,0
ORD031540,,0
ORD003240,,0
ORD027814,,0
ORD020831,,0
ORD025953,,0
ORD054201,,0
ORD036107,,0
ORD040576,,0
ORD001388,,0
ORD003276,,0
ORD024848,,0
ORD022062,,0
ORD005898,,0
ORD018575,,0
ORD041126,,0
ORD056232,,0
ORD027888,,0
ORD041893,,0
ORD023089,,0
ORD013269,weight_discrepancy,1
ORD041159,,0
ORD020486,weight_discrepancy,1
ORD041315,,0
ORD048147,,0
ORD011857,,0
ORD058963,,0
ORD035387,,0
ORD029417,,0
ORD059802,,0
ORD037992,,0
ORD046408,,0
ORD023214,,0
ORD027015,,0
ORD026839,,0
ORD041602,,0
ORD006817,,0
ORD020660,,0
ORD055974,,0
ORD037611,,0
ORD053567,,0
ORD047361,,0
ORD045255,,0
ORD044748,,0
ORD025321,,0
ORD032914,,0
ORD018733,,0
ORD032461,,0
ORD047867,detention_padding,1
ORD005485,toll_inflation,1
ORD056819,,0
ORD028138,,0
ORD033880,,0
ORD008699,,0
ORD035857,,0
ORD019543,,0
ORD006010,,0
ORD049934,,0
ORD015216,,0
ORD029440,toll_inflation,1
ORD028416,,0
ORD048490,,0
ORD011582,,0
ORD053674,,0
ORD051282,,0
ORD006364,,0
ORD055543,,0
ORD020594,,0
ORD044972,,0
ORD033850,,0
ORD033860,,0
ORD059089,,0
ORD029816,,0
ORD032605,,0
ORD057895,,0
ORD058665,,0
ORD047540,,0
ORD047901,,0
ORD031352,,0
ORD009071,,0
ORD014361,,0
ORD048155,,0
ORD002775,,0
ORD019895,,0
ORD010661,,0
ORD011888,,0
ORD026935,,0
ORD045578,,0
ORD025235,,0
ORD032994,,0
ORD018895,,0
ORD018192,,0
ORD001155,,0
ORD009032,,0
ORD048344,,0
ORD008916,,0
ORD005151,,0
ORD037946,weight_discrepancy,1
ORD031991,,0
ORD035391,,0
ORD002925,,0
ORD056775,,0
ORD057537,,0
ORD004166,toll_inflation,1
ORD036434,,0
ORD009429,,0
ORD000574,,0
ORD016374,,0
ORD047268,,0
ORD046422,,0
ORD045496,,0
ORD033993,toll_inflation,1
ORD019912,,0
ORD050051,,0
ORD016974,,0
ORD043016,,0
ORD032546,,0
ORD046419,,0
ORD058590,,0
ORD006548,,0
ORD012408,,0
ORD009122,,0
ORD034471,,0
ORD022925,,0
ORD039560,,0
ORD002995,weight_discrepancy,1
ORD035897,,0
ORD004702,,0
ORD021919,,0
ORD046706,,0
ORD040526,,0
ORD043805,,0
ORD022873,,0
ORD016923,,0
ORD028906,,0
ORD025203,,0
ORD009905,,0
ORD023865,,0
ORD058587,,0
ORD058086,,0
ORD021746,,0
ORD043682,,0
ORD000220,weight_discrepancy,1
ORD018107,,0
ORD037766,,0
ORD026809,,0
ORD016190,,0
ORD025017,,0
ORD027072,,0
ORD035883,,0
ORD023889,,0
ORD046266,,0
ORD027390,,0
ORD009030,,0
ORD021082,,0
ORD036860,,0
ORD034772,,0
ORD031851,,0
ORD006810,,0
ORD052714,,0
ORD013610,,0
ORD026165,weight_discrepancy,1
ORD023011,,0
ORD058214,,0
ORD046810,,0
ORD022745,,0
ORD024724,,0
ORD032889,,0
ORD044386,,0
ORD056827,,0
ORD041702,,0
ORD053004,,0
ORD034923,,0
ORD013803,,0
ORD052486,,0
ORD038616,,0
ORD036510,,0
ORD001718,,0
ORD037083,,0
ORD048949,,0
ORD034983,,0
ORD007072,weight_discrepancy,1
ORD046831,,0
ORD049004,,0
ORD004907,,0
ORD001018,,0
ORD056464,,0
ORD051647,,0
ORD044017,,0
ORD032575,,0
ORD032604,,0
ORD035971,,0
ORD023036,,0
ORD016323,,0
ORD024769,,0
ORD050035,,0
ORD016631,,0
ORD005403,,0
ORD038533,,0
ORD039240,toll_inflation,1
ORD006446,,0
ORD054092,,0
ORD048221,,0
ORD034978,,0
ORD024776,,0
ORD027946,,0
ORD017144,weight_discrepancy,1
ORD011254,,0
ORD022359,,0
ORD010407,,0
ORD024899,,0
ORD005594,,0
ORD031617,,0
ORD007492,,0
ORD011206,,0
ORD015761,,0
ORD052106,,0
ORD051400,,0
ORD024837,,0
ORD026106,,0
ORD006750,,0
ORD051346,,0
ORD013710,,0
ORD048110,,0
ORD030737,,0
ORD044540,,0
ORD051762,,0
ORD025554,weight_discrepancy,1
ORD048108,,0
ORD041555,,0
ORD044454,,0
ORD049387,,0
ORD019483,,0
ORD028069,,0
ORD034380,,0
ORD008115,detention_padding,1
ORD052360,detention_padding,1
ORD008621,,0
ORD014947,toll_inflation,1
ORD031929,,0
ORD020101,,0
ORD034644,,0
ORD048259,,0
ORD046175,,0
ORD015380,,0
ORD002458,,0
ORD001728,,0
ORD040193,,0
ORD007733,detention_padding,1
ORD007132,,0
ORD003309,,0
ORD050610,,0
ORD037106,,0
ORD023804,,0
ORD038765,,0
ORD014176,,0
ORD047247,,0
ORD001803,,0
ORD000444,,0
ORD057935,,0
ORD011675,,0
ORD037230,,0
ORD044304,,0
ORD044488,,0
ORD055621,,0
ORD056002,,0
ORD029736,,0
ORD013519,,0
ORD050723,,0
ORD023884,,0
ORD057040,,0
ORD037692,,0
ORD003423,,0
ORD055463,,0
ORD044164,,0
ORD051458,,0
ORD010674,,0
ORD056277,,0
ORD017137,detention_padding,1
ORD009361,,0
ORD020646,,0
ORD003448,,0
ORD057151,,0
ORD050865,,0
ORD037695,,0
ORD005480,,0
ORD051157,toll_inflation,1
ORD030451,,0
ORD027860,,0
ORD052477,,0
ORD025161,,0
ORD037505,,0
ORD005447,,0
ORD029921,,0
ORD018410,weight_discrepancy,1
ORD004352,,0
ORD003525,,0
ORD053626,,0
ORD044396,,0
ORD038518,,0
ORD037516,,0
ORD057791,,0
ORD013676,,0
ORD051374,,0
ORD031249,,0
ORD055090,,0
ORD007009,,0
ORD059383,,0
ORD018628,,0
ORD019755,,0
ORD044637,,0
ORD026498,,0
ORD045848,,0
ORD043890,,0
ORD008477,,0
ORD026302,,0
ORD033085,,0
ORD000468,,0
ORD035260,,0
ORD050788,,0
ORD008130,,0
ORD038755,,0
ORD055412,,0
ORD008635,,0
ORD057317,,0
ORD053427,,0
ORD004095,,0
ORD019693,,0
ORD008662,,0
ORD056786,,0
ORD055747,,0
ORD034805,,0
ORD015400,,0
ORD054955,,0
ORD055598,,0
ORD011691,,0
ORD000493,,0
ORD039679,weight_discrepancy,1
ORD009879,,0
ORD049908,,0
ORD015399,,0
ORD023737,,0
ORD010105,detention_padding,1
ORD046135,,0
ORD042344,,0
ORD040433,detention_padding,1
ORD026744,,0
ORD005564,,0
ORD025995,,0
ORD020619,,0
ORD006424,,0
ORD045797,,0
ORD022990,,0
ORD035896,,0
ORD021797,,0
ORD042700,,0
ORD017473,,0
ORD006604,,0
ORD046799,,0
ORD013386,,0
ORD036636,,0
ORD032289,,0
ORD054532,,0
ORD020366,,0
ORD053741,,0
ORD028619,,0
ORD029251,,0
ORD008420,,0
ORD037190,,0
ORD018184,,0
ORD051784,,0
ORD008357,,0
ORD024049,,0
ORD042897,,0
ORD044402,,0
ORD038316,,0
ORD033456,,0
ORD057605,,0
ORD043122,,0
ORD025959,,0
ORD044142,,0
ORD017988,,0
ORD017262,,0
ORD052298,,0
ORD036309,,0
ORD002636,,0
ORD003927,,0
ORD029111,,0
ORD037620,weight_discrepancy,1
ORD035898,,0
ORD019620,,0
ORD035251,,0
ORD034818,,0
ORD048884,,0
ORD058950,,0
ORD029061,,0
ORD040719,,0
ORD054598,,0
ORD023138,,0
ORD021143,,0
ORD043924,,0
ORD020872,,0
ORD032154,,0
ORD024541,,0
ORD035846,,0
ORD025592,,0
ORD048337,,0
ORD027771,,0
ORD050453,,0
ORD009112,,0
ORD039666,,0
ORD038393,,0
ORD059183,,0
ORD032936,,0
ORD042503,,0
ORD044174,,0
ORD001141,,0
ORD022678,,0
ORD056214,,0
ORD000971,,0
ORD038069,,0
ORD047555,,0
ORD019989,,0
ORD051994,,0
ORD050185,,0
ORD028312,,0
ORD002966,,0
ORD058847,,0
ORD007119,,0
ORD035210,,0
ORD046648,,0
ORD011389,,0
ORD027865,,0
ORD040945,,0
ORD028036,,0
ORD045339,,0
ORD059761,,0
ORD026739,,0
ORD018097,,0
ORD008797,,0
ORD034715,,0
ORD006384,,0
ORD019077,,0
ORD046032,,0
ORD045817,toll_inflation,1
ORD049376,,0
ORD037874,,0
ORD003897,,0
ORD011910,,0
ORD004521,,0
ORD021901,,0
ORD012621,,0
ORD029220,weight_discrepancy,1
ORD048441,,0
ORD018244,,0
ORD037799,,0
ORD008544,,0
ORD014698,,0
ORD019987,,0
ORD018854,,0
ORD053202,,0
ORD006787,,0
ORD054300,,0
ORD021258,,0
ORD024471,,0
ORD058446,toll_inflation,1
ORD027144,,0
ORD027576,,0
ORD014244,,0
ORD004161,,0
ORD042094,,0
ORD013772,,0
ORD053372,,0
ORD015605,,0
ORD028645,,0
ORD009310,,0
ORD015480,,0
ORD042216,,0
ORD006350,,0
ORD027475,,0
ORD013401,,0
ORD038828,,0
ORD022753,,0
ORD037757,,0
ORD023171,,0
ORD053672,,0
ORD027790,,0
ORD039246,,0
ORD013275,,0
ORD039228,,0
ORD057035,,0
ORD027967,,0
ORD046488,,0
ORD025269,,0
ORD046761,,0
ORD035588,,0
ORD058638,,0
ORD057719,toll_inflation,1
ORD011271,,0
ORD000227,,0
ORD035805,,0
ORD052030,,0
ORD028338,,0
ORD054869,,0
ORD029757,,0
ORD025298,,0
ORD019339,,0
ORD051286,,0
ORD010781,,0
ORD028636,,0
ORD049193,,0
ORD046201,,0
ORD005178,,0
ORD007372,,0
ORD002826,,0
ORD016300,,0
ORD010936,,0
ORD059550,,0
ORD058227,,0
ORD030820,,0
ORD021966,,0
ORD008820,,0
ORD019293,detention_padding,1
ORD052341,,0
ORD021559,,0
ORD035891,,0
ORD031455,,0
ORD047655,detention_padding,1
ORD001736,,0
ORD002720,,0
ORD012839,toll_inflation,1
ORD010956,,0
ORD042761,,0
ORD026729,,0
ORD009744,,0
ORD001600,toll_inflation,1
ORD012059,,0
ORD011131,,0
ORD050188,,0
ORD034046,,0
ORD031753,,0
ORD009846,,0
ORD018773,,0
ORD001750,,0
ORD035035,detention_padding,1
ORD028610,,0
ORD039616,,0
ORD011859,,0
ORD056325,,0
ORD025325,,0
ORD011559,,0
ORD028971,,0
ORD055842,detention_padding,1
ORD059899,,0
ORD022078,,0
ORD027608,,0
ORD001481,,0
ORD007093,,0
ORD027999,,0
ORD059295,,0
ORD010165,,0
ORD023163,,0
ORD051856,,0
ORD043910,,0
ORD008528,,0
ORD028552,,0
ORD008944,detention_padding,1
ORD041018,,0
ORD008414,weight_discrepancy,1
ORD028612,,0
ORD006031,,0
ORD030106,,0
ORD000479,,0
ORD058983,,0
ORD021198,,0
ORD005866,,0
ORD022683,,0
ORD055898,,0
ORD026017,,0
ORD055945,,0
ORD005152,,0
ORD000868,,0
ORD036805,,0
ORD034285,,0
ORD049501,,0
ORD059572,,0
ORD029385,,0
ORD042977,,0
ORD032174,,0
ORD036540,,0
ORD032762,,0
ORD017398,,0
ORD041959,,0
ORD058138,,0
ORD051418,,0
ORD034966,,0
ORD021906,,0
ORD021674,,0
ORD010389,,0
ORD022249,,0
ORD001604,,0
ORD001802,,0
ORD017865,,0
ORD037198,,0
ORD056208,,0
ORD019516,,0
ORD048212,,0
ORD056877,,0
ORD016327,,0
ORD008802,,0
ORD034775,,0
ORD037433,,0
ORD043543,,0
ORD039323,,0
ORD035608,,0
ORD045855,,0
ORD027246,,0
ORD015759,,0
ORD017507,,0
ORD014880,,0
ORD013463,,0
ORD056134,,0
ORD028736,,0
ORD028390,,0
ORD012339,,0
ORD009770,,0
ORD033556,,0
ORD004970,,0
ORD029453,,0
ORD003615,,0
ORD053218,,0
ORD050896,toll_inflation,1
ORD012573,,0
ORD029441,,0
ORD004383,,0
ORD038296,,0
ORD018697,,0
ORD031458,,0
ORD034449,,0
ORD040871,,0
ORD028873,,0
ORD011783,,0
ORD058233,,0
ORD010099,,0
ORD059607,,0
ORD019451,,0
ORD013506,,0
ORD045031,,0
ORD053786,,0
ORD052064,,0
ORD001052,,0
ORD059535,,0
ORD051051,,0
ORD009104,,0
ORD044412,,0
ORD039098,,0
ORD019234,,0
ORD015611,,0
ORD040880,,0
ORD030154,,0
ORD011828,,0
ORD022437,,0
ORD033276,,0
ORD024312,,0
ORD050839,,0
ORD024108,,0
ORD002397,,0
ORD047559,,0
ORD021600,toll_inflation,1
ORD051885,,0
ORD053177,,0
ORD008796,,0
ORD039219,toll_inflation,1
ORD013021,,0
ORD056406,,0
ORD023005,,0
ORD008600,,0
ORD029211,weight_discrepancy,1
ORD034443,,0
ORD004487,,0
ORD051032,,0
ORD014664,,0
ORD032763,,0
ORD028541,,0
ORD042743,,0
ORD042568,detention_padding,1
ORD029121,,0
ORD057616,,0
ORD044463,,0
ORD002848,,0
ORD018511,,0
ORD049137,toll_inflation,1
ORD020673,,0
ORD047939,,0
ORD004728,detention_padding,1
ORD024224,,0
ORD000799,,0
ORD056173,,0
ORD018944,,0
ORD044249,weight_discrepancy,1
ORD004855,detention_padding,1
ORD059514,,0
ORD021949,,0
ORD041057,,0
ORD000375,,0
ORD028079,,0
ORD036462,,0
ORD031302,,0
ORD035166,,0
ORD051667,,0
ORD032976,,0
ORD036782,,0
ORD047393,,0
ORD014790,,0
ORD055830,,0
ORD054184,,0
ORD045603,,0
ORD021111,,0
ORD029149,,0
ORD017872,,0
ORD011517,,0
ORD042722,,0
ORD047239,,0
ORD003693,,0
ORD008729,,0
ORD055587,,0
ORD040393,,0
ORD036138,,0
ORD017083,,0
ORD008439,,0
ORD009290,,0
ORD041528,,0
ORD049749,,0
ORD024394,weight_discrepancy,1
ORD030185,,0
ORD046579,,0
ORD012752,,0
ORD043491,,0
ORD038293,,0
ORD007234,,0
ORD035879,,0
ORD029747,,0
ORD018920,,0
ORD029976,,0
ORD058090,,0
ORD044199,,0
ORD047392,,0
ORD028867,detention_padding,1
ORD020921,,0
ORD013880,,0
ORD018690,,0
ORD000831,,0
ORD021090,,0
ORD045239,,0
ORD031595,,0
ORD054921,,0
ORD029199,,0
ORD025823,,0
ORD030973,,0
ORD038149,,0
ORD030010,,0
ORD030216,,0
ORD025918,,0
ORD002725,,0
ORD058653,,0
ORD022008,toll_inflation,1
ORD032610,,0
ORD051943,,0
ORD023453,,0
ORD053132,,0
ORD008964,,0
ORD016745,,0
ORD007018,,0
ORD025320,,0
ORD045647,,0
ORD014540,,0
ORD000075,,0
ORD005549,,0
ORD012042,,0
ORD047280,,0
ORD020523,,0
ORD030048,,0
ORD009689,,0
ORD034269,,0
ORD033002,,0
ORD041665,,0
ORD001771,,0
ORD059334,,0
ORD041827,,0
ORD011750,,0
ORD035593,,0
ORD045934,,0
ORD013960,,0
ORD035598,,0
ORD022797,,0
ORD012254,,0
ORD008036,detention_padding,1
ORD022315,,0
ORD050703,,0
ORD023885,,0
ORD017727,,0
ORD037582,,0
ORD023103,,0
ORD039511,,0
ORD000405,,0
ORD007782,,0
ORD039290,,0
ORD013116,,0
ORD004419,,0
ORD001828,,0
ORD036051,,0
ORD023894,,0
ORD046565,,0
ORD047179,,0
ORD041684,,0
ORD015312,,0
ORD010729,,0
ORD057539,,0
ORD010731,,0
ORD038803,,0
ORD022527,,0
ORD038080,,0
ORD035001,,0
ORD030726,,0
ORD010700,,0
ORD059562,,0
ORD058787,,0
ORD006268,,0
ORD050739,,0
ORD010283,,0
ORD056658,,0
ORD019612,,0
ORD026903,,0
ORD006109,,0
ORD005387,detention_padding,1
ORD047863,,0
ORD012352,,0
ORD015839,,0
ORD011297,toll_inflation,1
ORD005809,,0
ORD000813,,0
ORD002749,,0
ORD003114,,0
ORD042944,,0
ORD013811,,0
ORD047565,,0
ORD031032,,0
ORD031795,,0
ORD015692,,0
ORD041150,,0
ORD054844,,0
ORD001849,,0
ORD004268,,0
ORD020791,toll_inflation,1
ORD022212,,0
ORD006898,,0
ORD012076,,0
ORD021455,,0
ORD049978,,0
ORD059001,,0
ORD012310,,0
ORD019622,,0
ORD033188,,0
ORD055995,,0
ORD013889,,0
ORD006182,,0
ORD020010,,0
ORD033755,,0
ORD043029,,0
ORD032717,,0
ORD038040,,0
ORD045821,,0
ORD029812,,0
ORD025770,,0
ORD045347,,0
ORD042102,,0
ORD023507,,0
ORD015125,,0
ORD001212,,0
ORD048335,,0
ORD037976,detention_padding,1
ORD038418,,0
ORD001591,,0
ORD004186,,0
ORD031525,,0
ORD021457,,0
ORD016271,weight_discrepancy,1
ORD035137,,0
ORD004187,,0
ORD007153,,0
ORD020342,,0
ORD053412,,0
ORD007005,toll_inflation,1
ORD023355,,0
ORD057908,,0
ORD016372,,0
ORD030974,toll_inflation,1
ORD051311,,0
ORD055472,,0
ORD051715,,0
ORD001772,,0
ORD054930,,0
ORD023758,,0
ORD011167,,0
ORD036221,,0
ORD057178,,0
ORD012987,,0
ORD023060,weight_discrepancy,1
ORD042026,,0
ORD005921,,0
ORD056530,,0
ORD036820,,0
ORD034028,,0
ORD012552,,0
ORD024397,,0
ORD002786,,0
ORD043880,,0
ORD043794,,0
ORD016221,,0
ORD021566,,0
ORD018949,,0
ORD043513,,0
ORD058332,,0
ORD024076,,0
ORD004257,,0
ORD025048,,0
ORD047838,,0
ORD027139,,0
ORD038191,,0
ORD032670,,0
ORD026576,,0
ORD014060,,0
ORD038239,,0
ORD005792,,0
ORD005757,,0
ORD059426,,0
ORD050147,,0
ORD027101,,0
ORD018243,,0
ORD001107,,0
ORD049618,,0
ORD022882,,0
ORD026926,toll_inflation,1
ORD049844,,0
ORD059460,,0
ORD018541,,0
ORD045121,,0
ORD036787,,0
ORD056816,,0
ORD008501,,0
ORD015393,,0
ORD017120,,0
ORD022402,,0
ORD009489,,0
ORD050494,,0
ORD003755,,0
ORD030860,,0
ORD008502,,0
ORD058808,,0
ORD008388,,0
ORD002197,,0
ORD007957,,0
ORD011129,,0
ORD030980,,0
ORD029235,,0
ORD051841,,0
ORD029456,,0
ORD046544,,0
ORD049407,weight_discrepancy,1
ORD039077,,0
ORD045582,,0
ORD003197,,0
ORD044935,,0
ORD024668,,0
ORD042329,,0
ORD036913,,0
ORD044649,,0
ORD014511,,0
ORD035908,,0
ORD031968,,0
ORD032139,,0
ORD051974,,0
ORD022246,toll_inflation,1
ORD035551,,0
ORD020416,,0
ORD058892,,0
ORD057365,,0
ORD018360,,0
ORD034731,,0
ORD054996,,0
ORD029663,,0
ORD055151,,0
ORD012500,,0
ORD044861,,0
ORD053774,,0
ORD028313,,0
ORD038254,,0
ORD032480,,0
ORD005908,,0
ORD009958,,0
ORD003091,,0
ORD015770,,0
ORD003750,,0
ORD015549,,0
ORD016834,,0
ORD056015,,0
ORD048606,,0
ORD036111,,0
ORD014832,,0
ORD010186,,0
ORD030879,,0
ORD042144,,0
ORD032919,,0
ORD053577,,0
ORD004957,,0
ORD024495,,0
ORD023193,toll_inflation,1
ORD005472,,0
ORD048535,detention_padding,1
ORD013073,,0
ORD008204,,0
ORD025784,,0
ORD031309,,0
ORD008667,,0
ORD006921,,0
ORD022283,,0
ORD033651,,0
ORD040160,toll_inflation,1
ORD019628,,0
ORD029497,,0
ORD002943,,0
ORD059178,,0
ORD049558,,0
ORD050136,,0
ORD009335,,0
ORD018609,,0
ORD014662,,0
ORD020704,,0
ORD014597,,0
ORD045846,,0
ORD013971,,0
ORD037199,,0
ORD057045,,0
ORD030211,,0
ORD008504,,0
ORD037795,,0
ORD043386,,0
ORD035224,,0
ORD020197,,0
ORD000265,,0
ORD002933,,0
ORD039337,,0
ORD045385,,0
ORD058827,,0
ORD036477,,0
ORD048803,weight_discrepancy,1
ORD042393,,0
ORD001126,,0
ORD038574,,0
ORD015665,,0
ORD043828,,0
ORD023441,,0
ORD001165,,0
ORD055447,,0
ORD039941,,0
ORD029085,,0
ORD011726,,0
ORD005398,,0
ORD014767,,0
ORD038566,,0
ORD040142,,0
ORD023585,,0
ORD007053,,0
ORD058443,,0
ORD022796,,0
ORD005293,,0
ORD011645,,0
ORD017834,,0
ORD028721,,0
ORD047628,,0
ORD044264,,0
ORD055323,,0
ORD001841,,0
ORD010494,,0
ORD029981,,0
ORD047009,,0
ORD000442,,0
ORD049631,,0
ORD023799,,0
ORD027477,,0
ORD000485,,0
ORD056599,,0
ORD033782,,0
ORD006909,,0
ORD025830,,0
ORD004318,,0
ORD014085,,0
ORD055324,,0
ORD002034,,0
ORD010970,,0
ORD048047,,0
ORD037247,,0
ORD005133,,0
ORD001405,,0
ORD008203,,0
ORD053710,,0
ORD048411,,0
ORD043117,,0
ORD037703,,0
ORD048180,,0
ORD002399,,0
ORD049596,,0
ORD010141,,0
ORD007363,detention_padding,1
ORD059238,,0
ORD035310,detention_padding,1
ORD025103,,0
ORD018266,,0
ORD041754,,0
ORD025363,,0
ORD044047,,0
ORD057871,,0
ORD018100,,0
ORD045033,,0
ORD021945,,0
ORD037140,,0
ORD042427,,0
ORD024961,,0
ORD015695,detention_padding,1
ORD039811,,0
ORD043273,,0
ORD038525,,0
ORD007484,,0
ORD040116,,0
ORD054093,,0
ORD052237,,0
ORD041111,,0
ORD010330,,0
ORD011212,,0
ORD016484,,0
ORD047874,,0
ORD014027,,0
ORD053823,,0
ORD026074,,0
ORD055969,,0
ORD025709,,0
ORD052063,,0
ORD042513,weight_discrepancy,1
ORD048234,,0
ORD044575,,0
ORD019758,,0
ORD056164,,0
ORD036978,,0
ORD000601,,0
ORD042903,,0
ORD020116,,0
ORD029779,,0
ORD011190,,0
ORD048505,,0
ORD042657,,0
ORD010107,,0
ORD035342,,0
ORD031040,detention_padding,1
ORD039432,,0
ORD054479,,0
ORD012911,weight_discrepancy,1
ORD025556,,0
ORD048245,,0
ORD007384,,0
ORD039496,,0
ORD054382,,0
ORD009235,,0
ORD044140,,0
ORD020389,,0
ORD056954,,0
ORD053297,,0
ORD035281,,0
ORD041885,,0
ORD030799,,0
ORD028431,,0
ORD051712,,0
ORD038669,,0
ORD005025,,0
ORD052547,,0
ORD021792,,0
ORD046901,,0
ORD048139,,0
ORD048392,,0
ORD004939,,0
ORD055874,,0
ORD030898,,0
ORD033692,,0
ORD004661,,0
ORD029270,,0
ORD032619,,0
ORD000453,,0
ORD013033,,0
ORD004568,,0
ORD040396,,0
ORD028745,,0
ORD023331,,0
ORD022091,,0
ORD005983,,0
ORD040663,,0
ORD024834,,0
ORD030777,,0
ORD038263,,0
ORD056755,,0
ORD038488,,0
ORD020645,,0
ORD000378,,0
ORD043181,,0
ORD031759,,0
ORD001148,,0
ORD057139,,0
ORD048483,,0
ORD031225,,0
ORD055428,,0
ORD036504,detention_padding,1
ORD002325,,0
ORD025220,,0
ORD047190,,0
ORD038257,,0
ORD019986,,0
ORD032027,,0
ORD027008,,0
ORD016617,,0
ORD053924,,0
ORD047696,,0
ORD020950,,0
ORD034017,,0
ORD009662,,0
ORD016571,,0
ORD025229,,0
ORD005745,,0
ORD055868,,0
ORD025909,,0
ORD059660,,0
ORD029603,,0
ORD031935,,0
ORD049743,weight_discrepancy,1
ORD001937,,0
ORD048579,,0
ORD040681,,0
ORD010594,,0
ORD025820,,0
ORD007261,,0
ORD026730,,0
ORD046819,,0
ORD039212,,0
ORD008760,,0
ORD005078,weight_discrepancy,1
ORD015228,,0
ORD042728,detention_padding,1
ORD021493,,0
ORD048865,,0
ORD035493,,0
ORD032706,,0
ORD000296,,0
ORD031818,,0
ORD004287,,0
ORD054889,,0
ORD024428,,0
ORD038870,,0
ORD055685,,0
ORD034208,,0
ORD053888,,0
ORD016984,,0
ORD021764,,0
ORD048677,,0
ORD035256,,0
ORD005967,,0
ORD044719,,0
ORD038407,,0
ORD052223,,0
ORD004337,,0
ORD005892,,0
ORD044426,,0
ORD012740,,0
ORD026394,,0
ORD025988,,0
ORD054971,,0
ORD058046,,0
ORD036824,,0
ORD053077,,0
ORD038037,,0
ORD047732,,0
ORD026323,,0
ORD043969,,0
ORD041161,,0
ORD027300,,0
ORD001501,,0
ORD005824,,0
ORD028511,,0
ORD041865,,0
ORD042597,,0
ORD055620,,0
ORD027289,,0
ORD043018,,0
ORD045883,,0
ORD006633,,0
ORD047245,,0
ORD058082,,0
ORD038286,,0
ORD050871,,0
ORD007106,,0
ORD019155,,0
ORD059816,,0
ORD045112,,0
ORD053784,,0
ORD052019,,0
ORD042737,,0
ORD023690,,0
ORD036604,,0
ORD033336,,0
ORD016773,,0
ORD016593,,0
ORD009612,,0
ORD000127,,0
ORD043113,,0
ORD037768,,0
ORD015915,,0
ORD030038,,0
ORD022643,,0
ORD032716,,0
ORD048343,,0
ORD027429,,0
ORD028977,,0
ORD055456,,0
ORD010870,,0
ORD032143,,0
ORD020419,,0
ORD024359,,0
ORD032821,,0
ORD017484,,0
ORD029439,,0
ORD057987,,0
ORD008163,,0
ORD035081,,0
ORD045293,,0
ORD018889,detention_padding,1
ORD054023,,0
ORD006035,,0
ORD019263,,0
ORD038560,,0
ORD018907,,0
ORD031764,,0
ORD049907,,0
ORD045008,,0
ORD011323,,0
ORD023085,,0
ORD052400,,0
ORD009873,,0
ORD052947,,0
ORD032668,,0
ORD004170,,0
ORD016308,,0
ORD024139,,0
ORD033332,,0
ORD041925,,0
ORD024370,,0
ORD031268,,0
ORD004050,,0
ORD056224,,0
ORD039206,,0
ORD007936,,0
ORD001331,,0
ORD015194,,0
ORD050086,,0
ORD000386,,0
ORD044173,,0
ORD038031,,0
ORD032816,,0
ORD033130,detention_padding,1
ORD036597,,0
ORD026777,,0
ORD022372,,0
ORD054931,,0
ORD049081,,0
ORD032576,,0
ORD046391,,0
ORD014368,,0
ORD019286,,0
ORD019262,,0
ORD050365,,0
ORD046794,,0
ORD022867,,0
ORD022881,,0
ORD046026,,0
ORD009473,,0
ORD035780,,0
ORD053151,,0
ORD045985,weight_discrepancy,1
ORD021678,,0
ORD020325,,0
ORD009652,,0
ORD001543,,0
ORD054132,,0
ORD011483,,0
ORD042211,,0
ORD050305,,0
ORD050058,,0
ORD009220,,0
ORD036222,,0
ORD053561,,0
ORD019911,,0
ORD055595,,0
ORD050640,,0
ORD012829,,0
ORD018313,,0
ORD059813,,0
ORD056528,,0
ORD023458,,0
ORD021810,detention_padding,1
ORD013990,,0
ORD039944,,0
ORD023750,,0
ORD052938,,0
ORD006945,weight_discrepancy,1
ORD057156,,0
ORD015783,,0
ORD011569,,0
ORD019970,,0
ORD011035,,0
ORD027362,,0
ORD056957,,0
ORD003390,,0
ORD021462,,0
ORD045827,,0
ORD035657,detention_padding,1
ORD032229,,0
ORD011184,,0
ORD005568,,0
ORD022046,,0
ORD046153,,0
ORD058192,,0
ORD039854,,0
ORD006741,detention_padding,1
ORD010319,,0
ORD041165,,0
ORD056147,weight_discrepancy,1
ORD029886,,0
ORD028649,,0
ORD019361,,0
ORD005848,,0
ORD048056,,0
ORD041034,,0
ORD054486,,0
ORD007014,,0
ORD012510,,0
ORD005033,,0
ORD024237,,0
ORD007594,,0
ORD019674,,0
ORD027611,,0
ORD037925,detention_padding,1
ORD041756,weight_discrepancy,1
ORD009845,toll_inflation,1
ORD010645,,0
ORD046304,,0
ORD022546,detention_padding,1
ORD026678,,0
ORD038845,,0
ORD033694,,0
ORD052559,,0
ORD034231,,0
ORD033409,,0
ORD044827,,0
ORD047428,,0
ORD030795,,0
ORD040360,,0
ORD026666,,0
ORD038682,,0
ORD032867,,0
ORD053828,,0
ORD027543,,0
ORD010049,,0
ORD000471,,0
ORD048425,,0
ORD016724,detention_padding,1
ORD013529,,0
ORD051200,,0
ORD010067,,0
ORD006147,,0
ORD047084,,0
ORD016743,,0
ORD002385,,0
ORD024101,,0
ORD059986,toll_inflation,1
ORD021365,,0
ORD051301,,0
ORD049835,,0
ORD037573,,0
ORD005495,,0
ORD036497,,0
ORD008305,,0
ORD059563,,0
ORD055939,,0
ORD058428,,0
ORD026968,,0
ORD029804,,0
ORD026673,,0
ORD048696,,0
ORD007853,,0
ORD026463,,0
ORD044012,,0
ORD017178,,0
ORD004474,,0
ORD012161,,0
ORD006561,,0
ORD050340,,0
ORD028697,,0
ORD006030,,0
ORD043250,,0
ORD004976,,0
ORD040768,,0
ORD055021,,0
ORD013276,,0
ORD026109,weight_discrepancy,1
ORD025833,,0
ORD042581,,0
ORD055856,,0
ORD045786,,0
ORD007951,,0
ORD052009,,0
ORD037783,,0
ORD043588,,0
ORD036857,,0
ORD059807,,0
ORD044147,,0
ORD026836,,0
ORD050251,,0
ORD004934,detention_padding,1
ORD008686,,0
ORD034976,,0
ORD053912,weight_discrepancy,1
ORD024946,,0
ORD037935,,0
ORD045660,,0
ORD021024,,0
ORD022889,,0
ORD025454,detention_padding,1
ORD043542,,0
ORD016307,,0
ORD051527,,0
ORD007381,,0
ORD013001,,0
ORD024856,,0
ORD009932,,0
ORD043339,,0
ORD032265,,0
ORD026862,,0
ORD014197,toll_inflation,1
ORD029618,,0
ORD009630,,0
ORD037395,,0
ORD019075,,0
ORD043246,,0
ORD013154,,0
ORD009920,,0
ORD018910,,0
ORD041370,,0
ORD052056,,0
ORD058434,,0
ORD059275,,0
ORD036001,,0
ORD051613,,0
ORD039716,,0
ORD057356,toll_inflation,1
ORD014692,,0
ORD042402,,0
ORD047313,,0
ORD009115,,0
ORD051596,,0
ORD040772,,0
ORD035535,,0
ORD004409,,0
ORD046081,,0
ORD041506,,0
ORD019289,,0
ORD005559,,0
ORD014171,weight_discrepancy,1
ORD023338,,0
ORD008864,weight_discrepancy,1
ORD010891,detention_padding,1
ORD045522,,0
ORD027947,,0
ORD000392,,0
ORD005226,,0
ORD029339,,0
ORD053767,,0
ORD045794,,0
ORD001969,,0
ORD020159,,0
ORD008696,,0
ORD010454,,0
ORD002807,,0
ORD020942,,0
ORD043005,,0
ORD000716,,0
ORD004090,,0
ORD033222,,0
ORD039065,,0
ORD027722,,0
ORD055994,,0
ORD030240,,0
ORD033262,,0
ORD035169,,0
ORD007327,,0
ORD052407,,0
ORD043149,,0
ORD022697,,0
ORD025950,,0
ORD027273,,0
ORD024987,,0
ORD009832,,0
ORD009379,,0
ORD010632,,0
ORD014669,,0
ORD012397,,0
ORD022316,,0
ORD026763,weight_discrepancy,1
ORD012247,,0
ORD053990,,0
ORD001351,toll_inflation,1
ORD023856,,0
ORD056095,,0
ORD025156,,0
ORD042398,,0
ORD009025,,0
ORD007007,,0
ORD007719,,0
ORD004750,,0
ORD043157,,0
ORD029408,,0
ORD017095,,0
ORD035241,,0
ORD016234,,0
ORD031773,,0
ORD040737,,0
ORD045127,weight_discrepancy,1
ORD049867,,0
ORD033793,,0
ORD047423,,0
ORD042278,,0
ORD015776,,0
ORD026533,,0
ORD006334,,0
ORD028235,,0
ORD054055,,0
ORD021790,,0
ORD004054,,0
ORD009384,,0
ORD048327,detention_padding,1
ORD015532,,0
ORD007281,,0
ORD039089,,0
ORD059699,,0
ORD017403,,0
ORD014446,weight_discrepancy,1
ORD046960,,0
ORD029250,,0
ORD048897,,0
ORD001209,,0
ORD010256,,0
ORD042036,weight_discrepancy,1
ORD016648,,0
ORD019094,,0
ORD056769,,0
ORD034282,,0
ORD010321,toll_inflation,1
ORD029684,,0
ORD042308,,0
ORD037076,,0
ORD038748,,0
ORD030156,,0
ORD022140,,0
ORD037575,,0
ORD009855,,0
ORD040170,,0
ORD028832,,0
ORD017952,,0
ORD047586,,0
ORD027393,,0
ORD019465,,0
ORD036731,,0
ORD017329,,0
ORD059565,,0
ORD056122,,0
ORD050264,,0
ORD025311,weight_discrepancy,1
ORD022312,,0
ORD052503,,0
ORD003736,,0
ORD049272,,0
ORD043539,,0
ORD002302,,0
ORD003186,,0
ORD057459,toll_inflation,1
ORD051096,,0
ORD009949,,0
ORD036084,,0
ORD020825,,0
ORD047971,,0
ORD019309,,0
ORD014945,,0
ORD030990,,0
ORD024117,,0
ORD001568,,0
ORD044736,,0
ORD058820,,0
ORD006651,,0
ORD018892,,0
ORD020740,,0
ORD039578,,0
ORD000156,,0
ORD028181,,0
ORD005606,,0
ORD002484,,0
ORD032085,,0
ORD043127,,0
ORD021014,,0
ORD030602,,0
ORD034646,detention_padding,1
ORD005323,,0
ORD026551,,0
ORD033380,,0
ORD011988,detention_padding,1
ORD043613,,0
ORD002686,,0
ORD009327,,0
ORD015113,,0
ORD051182,,0
ORD025230,,0
ORD026844,,0
ORD027035,,0
ORD003334,,0
ORD053044,,0
ORD049961,,0
ORD000970,,0
ORD033872,,0
ORD004685,,0
ORD034564,,0
ORD058242,,0
ORD026732,,0
ORD006277,,0
ORD046916,,0
ORD000055,,0
ORD033390,,0
ORD002810,,0
ORD027239,,0
ORD041843,,0
ORD033019,,0
ORD030128,,0
ORD051057,,0
ORD013404,,0
ORD023790,,0
ORD045311,,0
ORD041107,,0
ORD038793,,0
ORD053063,,0
ORD039732,,0
ORD007169,,0
ORD021542,,0
ORD032101,,0
ORD026392,,0
ORD018542,,0
ORD023827,,0
ORD033006,,0
ORD058501,,0
ORD032553,,0
ORD047304,,0
ORD023075,,0
ORD030995,,0
ORD039997,,0
ORD003232,,0
ORD023396,,0
ORD036674,,0
ORD042821,,0
ORD022124,,0
ORD012148,,0
ORD029372,,0
ORD033626,,0
ORD027057,,0
ORD019128,,0
ORD012763,,0
ORD012256,,0
ORD056890,,0
ORD046122,,0
ORD049940,toll_inflation,1
ORD058389,,0
ORD014725,,0
ORD042959,,0
ORD020435,,0
ORD043188,,0
ORD056135,,0
ORD020511,,0
ORD059414,,0
ORD017650,,0
ORD031823,,0
ORD056466,,0
ORD043716,,0
ORD014841,,0
ORD024807,,0
ORD057568,,0
ORD014519,,0
ORD008024,,0
ORD055227,,0
ORD008597,,0
ORD049857,,0
ORD006217,,0
ORD053766,,0
ORD045606,,0
ORD003110,toll_inflation,1
ORD022231,,0
ORD018111,,0
ORD049431,,0
ORD021049,,0
ORD058719,,0
ORD052286,,0
ORD048351,,0
ORD004220,,0
ORD015685,,0
ORD006802,,0
ORD031060,,0
ORD057936,,0
ORD046207,,0
ORD030701,,0
ORD019820,,0
ORD003700,,0
ORD008998,weight_discrepancy,1
ORD028147,,0
ORD026858,,0
ORD002635,,0
ORD017341,weight_discrepancy,1
ORD016176,,0
ORD031774,detention_padding,1
ORD037811,toll_inflation,1
ORD030835,,0
ORD005545,,0
ORD001150,,0
ORD041121,,0
ORD045714,,0
ORD023638,,0
ORD049941,,0
ORD015099,,0
ORD030273,,0
ORD023877,,0
ORD045164,,0
ORD040266,,0
ORD025708,,0
ORD017397,,0
ORD010929,,0
ORD015239,,0
ORD033140,,0
ORD000021,,0
ORD054450,,0
ORD004516,,0
ORD055052,,0
ORD005876,,0
ORD009969,,0
ORD000722,,0
ORD042632,,0
ORD017902,,0
ORD017537,,0
ORD038492,,0
ORD054237,,0
ORD053462,,0
ORD000767,,0
ORD004857,,0
ORD008663,,0
ORD020175,,0
ORD000968,,0
ORD029367,,0
ORD008019,,0
ORD028703,,0
ORD033932,,0
ORD046344,,0
ORD014053,,0
ORD001333,,0
ORD047164,,0
ORD041116,,0
ORD038410,,0
ORD009198,,0
ORD028284,,0
ORD045909,,0
ORD030218,,0
ORD023445,,0
ORD039529,,0
ORD056689,,0
ORD047543,,0
ORD006441,,0
ORD020329,,0
ORD024336,,0
ORD028663,,0
ORD045550,,0
ORD029418,,0
ORD054995,,0
ORD033488,,0
ORD038650,,0
ORD038927,,0
ORD018567,,0
ORD017290,,0
ORD042456,,0
ORD039417,,0
ORD030398,,0
ORD020631,,0
ORD007061,,0
ORD024266,,0
ORD039983,,0
ORD032782,,0
ORD003496,,0
ORD019726,,0
ORD058752,,0
ORD036920,,0
ORD017401,,0
ORD030151,,0
ORD029761,,0
ORD041278,,0
ORD057003,,0
ORD034290,,0
ORD019940,weight_discrepancy,1
ORD002019,,0
ORD035756,,0
ORD038984,,0
ORD019924,,0
ORD055467,,0
ORD056306,,0
ORD043580,,0
ORD016889,,0
ORD005008,,0
ORD032332,,0
ORD023225,,0
ORD042840,,0
ORD023755,,0
ORD016903,,0
ORD051354,,0
ORD025263,,0
ORD007074,,0
ORD053795,,0
ORD048848,,0
ORD047594,,0
ORD025702,,0
ORD007649,,0
ORD002142,weight_discrepancy,1
ORD023851,,0
ORD034540,,0
ORD009160,,0
ORD044114,,0
ORD038846,,0
ORD056553,,0
ORD020370,,0
ORD053546,,0
ORD022818,,0
ORD006997,,0
ORD013425,,0
ORD017128,,0
ORD032544,,0
ORD028114,,0
ORD045072,,0
ORD057253,,0
ORD042706,toll_inflation,1
ORD058792,,0
ORD020695,,0
ORD001147,,0
ORD019953,,0
ORD016436,detention_padding,1
ORD032616,,0
ORD031506,,0
ORD007121,,0
ORD026281,,0
ORD000391,,0
ORD051490,,0
ORD047134,,0
ORD053624,,0
ORD011009,,0
ORD039470,,0
ORD055819,,0
ORD042754,,0
ORD011513,,0
ORD047635,,0
ORD010428,,0
ORD014167,toll_inflation,1
ORD023307,,0
ORD001867,toll_inflation,1
ORD052382,,0
ORD019631,,0
ORD051078,,0
ORD011657,detention_padding,1
ORD032758,,0
ORD056291,,0
ORD005754,,0
ORD046373,,0
ORD007277,,0
ORD014103,,0
ORD038028,,0
ORD013079,,0
ORD031700,,0
ORD046575,,0
ORD015247,,0
ORD036381,,0
ORD017175,,0
ORD027171,,0
ORD010145,,0
ORD047524,,0
ORD004390,,0
ORD003157,,0
ORD005407,,0
ORD021656,,0
ORD038756,,0
ORD008746,,0
ORD040939,,0
ORD053136,,0
ORD006643,,0
ORD038201,,0
ORD020305,,0
ORD038129,detention_padding,1
ORD010142,,0
ORD027134,,0
ORD041704,,0
ORD050964,,0
ORD017138,,0
ORD050033,,0
ORD013633,,0
ORD041521,,0
ORD008415,,0
ORD038021,,0
ORD008800,,0
ORD054039,,0
ORD021755,,0
ORD058291,,0
ORD054355,,0
ORD056817,,0
ORD007809,,0
ORD054828,,0
ORD040444,,0
ORD016581,,0
ORD016772,,0
ORD015691,,0
ORD023147,,0
ORD037216,,0
ORD025478,,0
ORD032791,,0
ORD053829,,0
ORD023575,detention_padding,1
ORD022638,,0
ORD031210,,0
ORD039754,,0
ORD000506,,0
ORD006294,,0
ORD002510,,0
ORD034002,,0
ORD056828,toll_inflation,1
ORD011198,,0
ORD035920,,0
ORD019393,,0
ORD035446,,0
ORD007819,,0
ORD039715,,0
ORD035452,,0
ORD038411,,0
ORD044567,,0
ORD037490,,0
ORD039198,,0
ORD053150,,0
ORD054546,,0
ORD038137,,0
ORD019838,,0
ORD036849,,0
ORD004250,,0
ORD036271,,0
ORD003967,,0
ORD006476,detention_padding,1
ORD051015,,0
ORD012145,,0
ORD011796,,0
ORD010512,,0
ORD024547,,0
ORD031438,,0
ORD001096,,0
ORD029431,,0
ORD043783,,0
ORD013161,,0
ORD051761,,0
ORD014353,,0
ORD041026,,0
ORD018984,,0
ORD030353,,0
ORD048544,,0
ORD035639,,0
ORD014128,,0
ORD010673,,0
ORD018182,,0
ORD021505,,0
ORD038876,,0
ORD019156,,0
ORD025402,,0
ORD058601,,0
ORD013883,,0
ORD052135,,0
ORD045628,,0
ORD038750,,0
ORD003042,,0
ORD008300,,0
ORD058872,,0
ORD059792,,0
ORD052451,,0
ORD053395,,0
ORD026111,,0
ORD024275,detention_padding,1
ORD036571,,0
ORD058546,,0
ORD011878,,0
ORD024863,,0
ORD043251,,0
ORD008176,,0
ORD047054,,0
ORD022843,,0
ORD016124,,0
ORD012842,,0
ORD052119,,0
ORD007848,,0
ORD002396,,0
ORD041274,,0
ORD059793,,0
ORD002901,,0
ORD000089,,0
ORD029329,,0
ORD033562,,0
ORD027091,,0
ORD001221,,0
ORD019076,,0
ORD014375,weight_discrepancy,1
ORD014021,,0
ORD004244,,0
ORD013172,,0
ORD007334,,0
ORD056929,,0
ORD029358,,0
ORD042322,,0
ORD047135,,0
ORD010931,,0
ORD033786,,0
ORD014592,,0
ORD012223,,0
ORD017802,,0
ORD004311,,0
ORD012541,,0
ORD029221,,0
ORD007999,,0
ORD031748,,0
ORD023571,,0
ORD012481,,0
ORD012279,,0
ORD035355,,0
ORD022145,,0
ORD003569,,0
ORD001422,,0
ORD058682,,0
ORD045792,,0
ORD037892,,0
ORD030824,,0
ORD048052,detention_padding,1
ORD044600,,0
ORD039019,,0
ORD039515,,0
ORD036901,,0
ORD051343,weight_discrepancy,1
ORD047326,detention_padding,1
ORD023487,,0
ORD053400,,0
ORD009341,,0
ORD022093,,0
ORD010274,,0
ORD008116,,0
ORD053137,,0
ORD043852,,0
ORD046074,,0
ORD039942,,0
ORD043291,,0
ORD049335,,0
ORD032057,,0
ORD023963,,0
ORD059840,,0
ORD034261,,0
ORD008721,,0
ORD035651,,0
ORD045262,,0
ORD001834,,0
ORD018231,,0
ORD025810,,0
ORD025184,,0
ORD056737,,0
ORD014441,,0
ORD053303,,0
ORD014061,,0
ORD001523,,0
ORD052350,,0
ORD048116,,0
ORD059537,weight_discrepancy,1
ORD002535,,0
ORD050323,,0
ORD026060,,0
ORD049756,,0
ORD005817,,0
ORD037418,,0
ORD007598,,0
ORD023398,,0
ORD043342,,0
ORD011793,,0
ORD057950,,0
ORD013511,,0
ORD047672,,0
ORD036657,,0
ORD017404,,0
ORD005177,detention_padding,1
ORD030117,,0
ORD000619,,0
ORD039305,,0
ORD022592,,0
ORD010928,,0
ORD013735,,0
ORD049843,,0
ORD028512,,0
ORD040096,,0
ORD005925,,0
ORD012286,,0
ORD036831,,0
ORD015584,,0
ORD011219,,0
ORD051773,,0
ORD026854,,0
ORD051921,,0
ORD042714,,0
ORD059231,,0
ORD015256,,0
ORD046798,,0
ORD021444,,0
ORD025417,weight_discrepancy,1
ORD022975,,0
ORD046004,,0
ORD037086,,0
ORD031947,,0
ORD035506,,0
ORD031742,,0
ORD040503,toll_inflation,1
ORD016257,,0
ORD052251,,0
ORD015280,,0
ORD059578,,0
ORD044086,,0
ORD042391,,0
ORD008627,,0
ORD003828,,0
ORD058363,,0
ORD053595,,0
ORD048251,,0
ORD055171,,0
ORD034430,,0
ORD045210,,0
ORD011288,,0
ORD025960,,0
ORD055847,,0
ORD028342,,0
ORD006706,,0
ORD056747,,0
ORD058449,,0
ORD007083,,0
ORD026369,,0
ORD057080,,0
ORD049142,,0
ORD030112,detention_padding,1
ORD044836,detention_padding,1
ORD005858,,0
ORD042337,,0
ORD000718,,0
ORD019487,detention_padding,1
ORD016061,,0
ORD033564,,0
ORD015889,,0
ORD057811,,0
ORD002303,,0
ORD033394,,0
ORD048041,,0
ORD016251,,0
ORD047596,,0
ORD022057,,0
ORD014430,,0
ORD059858,,0
ORD032912,,0
ORD057728,,0
ORD038925,,0
ORD037605,,0
ORD050126,,0
ORD053291,,0
ORD031227,,0
ORD045624,,0
ORD021152,,0
ORD041797,,0
ORD059979,,0
ORD004944,,0
ORD047137,,0
ORD041655,,0
ORD049183,,0
ORD021731,toll_inflation,1
ORD002444,,0
ORD059410,,0
ORD048778,,0
ORD043119,,0
ORD053770,weight_discrepancy,1
ORD042085,,0
ORD033139,,0
ORD024111,,0
ORD045333,,0
ORD003655,,0
ORD024876,,0
ORD001387,,0
ORD032186,,0
ORD003238,,0
ORD059905,,0
ORD056749,,0
ORD051080,,0
ORD002433,,0
ORD030435,,0
ORD023324,,0
ORD014699,,0
ORD005462,,0
ORD006978,,0
ORD044838,toll_inflation,1
ORD036680,,0
ORD012915,,0
ORD014743,,0
ORD001100,,0
ORD045871,,0
ORD025372,,0
ORD030274,,0
ORD057023,,0
ORD049484,,0
ORD051283,,0
ORD047411,,0
ORD016295,,0
ORD006625,,0
ORD056893,,0
ORD051718,,0
ORD003730,,0
ORD004350,,0
ORD037761,,0
ORD033182,,0
ORD043411,,0
ORD050121,,0
ORD054193,,0
ORD015592,,0
ORD023054,,0
ORD032918,,0
ORD038989,detention_padding,1
ORD013460,,0
ORD038140,,0
ORD056255,,0
ORD051419,,0
ORD029721,,0
ORD036902,weight_discrepancy,1
ORD005362,,0
ORD039440,,0
ORD056867,,0
ORD035960,,0
ORD014058,,0
ORD050389,,0
ORD041570,,0
ORD003007,,0
ORD055768,,0
ORD053354,weight_discrepancy,1
ORD003626,,0
ORD007565,,0
ORD010894,,0
ORD027314,,0
ORD031343,,0
ORD022857,,0
ORD043196,,0
ORD028577,,0
ORD007796,weight_discrepancy,1
ORD006018,,0
ORD036639,,0
ORD022543,,0
ORD013557,,0
ORD022439,,0
ORD032206,,0
ORD031992,,0
ORD035101,,0
ORD023991,,0
ORD028496,,0
ORD026601,,0
ORD016912,,0
ORD036203,,0
ORD051727,,0
ORD006506,,0
ORD029979,,0
ORD040972,,0
ORD046907,,0
ORD057903,,0
ORD037038,,0
ORD043781,,0
ORD017380,,0
ORD007055,,0
ORD042971,,0
ORD039767,,0
ORD013010,,0
ORD025425,,0
ORD034788,,0
ORD033535,,0
ORD035503,,0
ORD031956,,0
ORD010625,,0
ORD026133,,0
ORD040430,,0
ORD057112,,0
ORD001888,,0
ORD015851,,0
ORD028985,,0
ORD056624,,0
ORD025827,,0
ORD059703,,0
ORD003218,,0
ORD034407,toll_inflation,1
ORD035656,,0
ORD006398,,0
ORD048756,,0
ORD004585,,0
ORD032074,,0
ORD048438,,0
ORD053635,,0
ORD024833,,0
ORD000999,,0
ORD051135,,0
ORD000073,,0
ORD027384,,0
ORD008620,,0
ORD037379,,0
ORD051042,,0
ORD014508,,0
ORD011676,detention_padding,1
ORD028394,,0
ORD025135,,0
ORD002836,,0
ORD019717,,0
ORD015985,,0
ORD042749,,0
ORD036466,,0
ORD033742,,0
ORD019575,,0
ORD007070,,0
ORD035677,,0
ORD041139,,0
ORD032805,,0
ORD013644,,0
ORD058877,,0
ORD033817,,0
ORD032698,,0
ORD051900,,0
ORD039893,,0
ORD008272,,0
ORD017711,,0
ORD059685,,0
ORD055902,,0
ORD007401,,0
ORD053197,,0
ORD026946,,0
ORD033725,,0
ORD053207,,0
ORD029483,,0
ORD009269,,0
ORD049740,,0
ORD027115,,0
ORD024726,,0
ORD000327,,0
ORD051092,,0
ORD035429,,0
ORD046160,,0
ORD046194,,0
ORD009884,,0
ORD029333,,0
ORD018305,detention_padding,1
ORD026252,toll_inflation,1
ORD034057,,0
ORD015654,,0
ORD033888,,0
ORD035787,,0
ORD053982,,0
ORD032184,,0
ORD051273,,0
ORD044808,,0
ORD019798,,0
ORD006410,,0
ORD058798,,0
ORD015849,,0
ORD031493,,0
ORD006066,,0
ORD007579,,0
ORD049698,,0
ORD033295,,0
ORD048276,,0
ORD006501,,0
ORD037959,,0
ORD051551,weight_discrepancy,1
ORD045835,,0
ORD021820,,0
ORD010990,,0
ORD017368,,0
ORD039457,,0
ORD029862,,0
ORD056356,,0
ORD014687,,0
ORD051998,,0
ORD040498,,0
ORD023432,,0
ORD033378,,0
ORD000560,,0
ORD020470,,0
ORD049284,,0
ORD014639,,0
ORD008058,,0
ORD035823,,0
ORD015190,,0
ORD022409,,0
ORD044353,,0
ORD007784,,0
ORD037434,,0
ORD022075,,0
ORD053606,,0
ORD018811,,0
ORD031889,,0
ORD051846,toll_inflation,1
ORD019306,,0
ORD011132,,0
ORD048653,,0
ORD033711,,0
ORD002331,,0
ORD052607,,0
ORD024702,detention_padding,1
ORD053952,,0
ORD018297,weight_discrepancy,1
ORD012941,,0
ORD047629,toll_inflation,1
ORD032536,,0
ORD028351,,0
ORD048183,,0
ORD027027,,0
ORD028336,,0
ORD057727,,0
ORD045693,detention_padding,1
ORD000303,,0
ORD020196,,0
ORD018419,,0
ORD001761,,0
ORD019876,,0
ORD003483,,0
ORD053813,,0
ORD023892,,0
ORD050848,,0
ORD058553,,0
ORD010890,,0
ORD013754,,0
ORD001144,,0
ORD038484,,0
ORD014959,,0
ORD003793,,0
ORD019440,,0
ORD033438,,0
ORD006371,toll_inflation,1
ORD055330,,0
ORD044517,,0
ORD045573,,0
ORD055597,,0
ORD038402,,0
ORD005841,,0
ORD043556,,0
ORD054435,,0
ORD005248,,0
ORD005195,,0
ORD038915,,0
ORD000531,,0
ORD016101,,0
ORD019499,,0
ORD043503,,0
ORD047405,,0
ORD026116,,0
ORD050508,,0
ORD007126,,0
ORD036565,,0
ORD059987,,0
ORD021975,,0
ORD035051,,0
ORD041089,,0
ORD022650,,0
ORD012994,,0
ORD052456,,0
ORD046219,,0
ORD059420,,0
ORD059027,,0
ORD051812,,0
ORD045189,weight_discrepancy,1
ORD059764,,0
ORD006344,,0
ORD014745,,0
ORD017337,,0
ORD011736,,0
ORD002165,,0
ORD039110,,0
ORD014066,,0
ORD039968,,0
ORD044269,,0
ORD009546,,0
ORD020166,,0
ORD043299,,0
ORD005247,,0
ORD009171,,0
ORD055482,,0
ORD015991,,0
ORD014538,,0
ORD006235,weight_discrepancy,1
ORD032234,,0
ORD004921,,0
ORD014491,,0
ORD054617,,0
ORD031788,,0
ORD054806,,0
ORD021360,,0
ORD029525,,0
ORD051872,,0
ORD022599,,0
ORD026123,,0
ORD014576,,0
ORD002866,,0
ORD024304,,0
ORD005072,,0
ORD036238,,0
ORD026428,,0
ORD032473,,0
ORD034928,,0
ORD039924,,0
ORD034307,,0
ORD044145,,0
ORD034683,,0
ORD031131,,0
ORD053484,,0
ORD046624,,0
ORD042941,,0
ORD033212,,0
ORD047440,,0
ORD042358,,0
ORD041168,,0
ORD040345,,0
ORD032815,,0
ORD036794,,0
ORD041788,,0
ORD001450,,0
ORD004463,,0
ORD050943,,0
ORD041185,,0
ORD015156,,0
ORD048997,,0
ORD024114,,0
ORD012477,,0
ORD009830,,0
ORD040083,,0
ORD018180,,0
ORD054327,,0
ORD054458,,0
ORD047537,,0
ORD038627,,0
ORD032858,,0
ORD014810,,0
ORD051790,,0
ORD027400,,0
ORD015519,,0
ORD021971,,0
ORD033029,,0
ORD034685,,0
ORD003303,,0
ORD054192,,0
ORD050299,,0
ORD048800,,0
ORD012225,,0
ORD047608,,0
ORD001421,,0
ORD017996,detention_padding,1
ORD048531,,0
ORD025446,,0
ORD021002,,0
ORD057804,,0
ORD028410,,0
ORD048720,,0
ORD024189,,0
ORD032987,,0
ORD011551,,0
ORD056538,,0
ORD002208,,0
ORD002548,,0
ORD007946,,0
ORD047377,,0
ORD035602,,0
ORD018499,,0
ORD050841,,0
ORD041802,,0
ORD017643,,0
ORD024094,,0
ORD041166,,0
ORD059270,,0
ORD047435,,0
ORD009094,,0
ORD040550,,0
ORD045788,,0
ORD045611,,0
ORD036327,,0
ORD050607,,0
ORD059484,,0
ORD042233,,0
ORD023450,,0
ORD007926,,0
ORD054703,,0
ORD057513,,0
ORD009008,,0
ORD000229,,0
ORD011913,,0
ORD020330,,0
ORD006461,,0
ORD006373,,0
ORD025617,,0
ORD025621,,0
ORD036209,,0
ORD014049,,0
ORD003978,,0
ORD034516,,0
ORD018962,,0
ORD008007,,0
ORD006456,,0
ORD041240,,0
ORD050539,,0
ORD044338,,0
ORD014884,,0
ORD003385,,0
ORD000071,,0
ORD010286,,0
ORD045080,,0
ORD017800,,0
ORD001945,detention_padding,1
ORD023813,,0
ORD010015,,0
ORD045281,,0
ORD017712,,0
ORD019186,,0
ORD039503,,0
ORD033001,,0
ORD012996,,0
ORD012888,,0
ORD018056,,0
ORD053328,,0
ORD007820,,0
ORD003535,toll_inflation,1
ORD045854,,0
ORD024616,,0
ORD058969,,0
ORD054245,,0
ORD048758,,0
ORD054495,,0
ORD009300,,0
ORD039237,,0
ORD020756,,0
ORD012187,,0
ORD023492,,0
ORD043723,,0
ORD029846,toll_inflation,1
ORD035949,,0
ORD057210,,0
ORD014075,weight_discrepancy,1
ORD042800,,0
ORD055736,,0
ORD012919,,0
ORD007732,,0
ORD027240,,0
ORD003227,,0
ORD030610,,0
ORD011075,,0
ORD056480,,0
ORD036365,,0
ORD007181,,0
ORD022077,,0
ORD041698,,0
ORD045336,,0
ORD056241,,0
ORD045373,,0
ORD039938,,0
ORD036596,,0
ORD022362,,0
ORD006812,,0
ORD040246,,0
ORD048098,,0
ORD001414,,0
ORD018812,,0
ORD046597,,0
ORD014201,,0
ORD000617,,0
ORD034702,,0
ORD006616,,0
ORD021334,,0
ORD039786,weight_discrepancy,1
ORD053931,,0
ORD029135,,0
ORD013940,,0
ORD044151,,0
ORD010448,,0
ORD008697,,0
ORD038657,,0
ORD010372,,0
ORD033359,,0
ORD023028,,0
ORD034120,weight_discrepancy,1
ORD045816,toll_inflation,1
ORD001660,,0
ORD039592,,0
ORD001310,,0
ORD030920,,0
ORD023099,,0
ORD031629,,0
ORD001284,,0
ORD021561,,0
ORD025300,,0
ORD034913,,0
ORD025500,,0
ORD054734,,0
ORD011116,,0
ORD047409,,0
ORD020136,,0
ORD017766,,0
ORD057088,,0
ORD035916,,0
ORD028239,,0
ORD017030,,0
ORD003573,,0
ORD039158,,0
ORD035279,,0
ORD051800,,0
ORD056021,,0
ORD008618,,0
ORD035344,,0
ORD012472,,0
ORD012696,,0
ORD010662,,0
ORD016378,,0
ORD022807,,0
ORD039674,,0
ORD035790,,0
ORD040491,,0
ORD012602,,0
ORD022341,,0
ORD015707,,0
ORD003150,,0
ORD048512,,0
ORD038917,,0
ORD022987,,0
ORD048513,,0
ORD055871,,0
ORD037744,,0
ORD017421,,0
ORD002377,,0
ORD026243,,0
ORD020028,,0
ORD000081,,0
ORD024267,,0
ORD005156,,0
ORD032404,,0
ORD013716,,0
ORD012292,,0
ORD043789,,0
ORD008608,,0
ORD011376,,0
ORD001974,,0
ORD043919,,0
ORD017132,,0
ORD007628,,0
ORD035242,,0
ORD034006,,0
ORD040199,,0
ORD032831,,0
ORD051567,,0
ORD002049,,0
ORD040406,,0
ORD001097,,0
ORD015071,,0
ORD019383,,0
ORD006900,,0
ORD022035,,0
ORD041239,,0
ORD050296,detention_padding,1
ORD017060,,0
ORD040033,,0
ORD048381,,0
ORD055576,,0
ORD045974,toll_inflation,1
ORD040219,,0
ORD031082,,0
ORD009848,,0
ORD011243,,0
ORD053334,,0
ORD025073,,0
ORD045170,,0
ORD012778,,0
ORD027438,,0
ORD043173,,0
ORD037415,,0
ORD008454,toll_inflation,1
ORD059973,,0
ORD036834,,0
ORD003794,,0
ORD050014,detention_padding,1
ORD037475,,0
ORD031153,weight_discrepancy,1
ORD015657,,0
ORD011553,,0
ORD013192,,0
ORD029344,,0
ORD054556,,0
ORD043465,,0
ORD057706,,0
ORD020112,,0
ORD030763,toll_inflation,1
ORD013099,,0
ORD037920,,0
ORD002896,,0
ORD001536,,0
ORD015927,,0
ORD051495,,0
ORD003658,,0
ORD040529,,0
ORD020676,,0
ORD043867,,0
ORD044325,,0
ORD011241,,0
ORD037097,,0
ORD017305,weight_discrepancy,1
ORD037786,,0
ORD024343,,0
ORD010224,,0
ORD008937,,0
ORD005575,,0
ORD045017,,0
ORD054967,,0
ORD046772,,0
ORD046992,,0
ORD045108,,0
ORD015573,toll_inflation,1
ORD003703,,0
ORD012284,,0
ORD052200,,0
ORD047512,,0
ORD038725,,0
ORD031092,,0
ORD020205,,0
ORD004340,weight_discrepancy,1
ORD032873,,0
ORD048593,,0
ORD005937,,0
ORD018897,,0
ORD050115,,0
ORD011730,toll_inflation,1
ORD017572,,0
ORD056003,,0
ORD040379,,0
ORD015632,,0
ORD047189,,0
ORD020534,,0
ORD044220,detention_padding,1
ORD051672,,0
ORD031946,,0
ORD042978,,0
ORD011512,,0
ORD013527,,0
ORD020750,,0
ORD023330,,0
ORD003084,toll_inflation,1
ORD054575,,0
ORD050017,,0
ORD029022,,0
ORD039875,,0
ORD032953,,0
ORD056759,,0
ORD002856,,0
ORD045143,,0
ORD014234,,0
ORD055875,weight_discrepancy,1
ORD013875,,0
ORD034900,,0
ORD000885,,0
ORD023201,,0
ORD054846,,0
ORD014372,,0
ORD023130,,0
ORD018543,,0
ORD036629,,0
ORD036364,,0
ORD007176,,0
ORD030883,,0
ORD018793,,0
ORD008083,,0
ORD012110,,0
ORD042040,,0
ORD033077,,0
ORD044204,,0
ORD044316,,0
ORD007004,,0
ORD030312,,0
ORD036711,,0
ORD048802,,0
ORD035523,,0
ORD052790,,0
ORD048619,,0
ORD001642,,0
ORD012652,,0
ORD010197,,0
ORD037403,,0
ORD052416,,0
ORD039143,,0
ORD059076,,0
ORD015905,detention_padding,1
ORD008067,,0
ORD019131,detention_padding,1
ORD002713,,0
ORD048270,,0
ORD059608,,0
ORD016084,,0
ORD033639,,0
ORD026458,,0
ORD023660,,0
ORD011667,,0
ORD054647,,0
ORD029840,,0
ORD015617,,0
ORD004932,,0
ORD025736,,0
ORD045322,,0
ORD047936,toll_inflation,1
ORD046549,,0
ORD057505,,0
ORD032632,detention_padding,1
ORD030740,,0
ORD025764,,0
ORD059954,,0
ORD033437,,0
ORD047260,,0
ORD044447,,0
ORD005134,,0
ORD057925,,0
ORD043038,,0
ORD040969,,0
ORD054984,,0
ORD009192,,0
ORD003216,,0
ORD005682,,0
ORD026713,,0
ORD020272,toll_inflation,1
ORD017496,,0
ORD024187,,0
ORD036445,,0
ORD027671,,0
ORD030406,,0
ORD042884,,0
ORD038141,,0
ORD021115,,0
ORD011360,,0
ORD004052,,0
ORD042089,,0
ORD023318,,0
ORD050561,,0
ORD011775,,0
ORD014833,,0
ORD045078,,0
ORD033650,,0
ORD034590,,0
ORD041445,weight_discrepancy,1
ORD030913,,0
ORD037556,,0
ORD030116,,0
ORD027237,,0
ORD052185,,0
ORD021994,,0
ORD046413,,0
ORD032138,,0
ORD017314,,0
ORD011576,,0
ORD056373,,0
ORD039481,,0
ORD049198,,0
ORD021263,,0
ORD017449,,0
ORD014680,,0
ORD008830,,0
ORD058318,,0
ORD053087,,0
ORD002229,,0
ORD029360,,0
ORD007243,,0
ORD000129,,0
ORD017647,,0
ORD014563,,0
ORD028777,,0
ORD026263,,0
ORD035437,,0
ORD003530,,0
ORD038349,,0
ORD036976,,0
ORD007309,,0
ORD001370,,0
ORD041415,,0
ORD012149,,0
ORD048081,detention_padding,1
ORD018853,,0
ORD042551,,0
ORD006881,,0
ORD017164,,0
ORD004433,,0
ORD031608,toll_inflation,1
ORD024571,,0
ORD029737,,0
ORD054866,,0
ORD014724,,0
ORD033748,,0
ORD016532,,0
ORD005513,,0
ORD046551,,0
ORD057300,,0
ORD021696,,0
ORD054937,,0
ORD039450,,0
ORD010763,,0
ORD004543,,0
ORD007237,,0
ORD005224,,0
ORD040652,,0
ORD056228,,0
ORD049801,weight_discrepancy,1
ORD023023,,0
ORD017903,,0
ORD028058,,0
ORD054646,,0
ORD024886,,0
ORD020572,,0
ORD047161,,0
ORD003474,weight_discrepancy,1
ORD033069,,0
ORD057254,,0
ORD058380,,0
ORD035732,,0
ORD051001,,0
ORD035263,,0
ORD046613,,0
ORD025494,,0
ORD052267,,0
ORD026196,,0
ORD013592,,0
ORD023728,,0
ORD033684,,0
ORD049313,,0
ORD053208,,0
ORD039268,,0
ORD003159,,0
ORD034811,,0
ORD005115,,0
ORD028214,,0
ORD003877,,0
ORD027448,,0
ORD027521,detention_padding,1
ORD040898,,0
ORD023783,,0
ORD026738,,0
ORD021817,,0
ORD049614,,0
ORD058303,,0
ORD038153,,0
ORD050271,,0
ORD049071,,0
ORD036837,,0
ORD034195,,0
ORD041833,,0
ORD000119,,0
ORD043207,,0
ORD037090,,0
ORD023752,,0
ORD051570,,0
ORD043195,,0
ORD045378,,0
ORD038171,,0
ORD026516,,0
ORD022505,,0
ORD026554,,0
ORD022997,,0
ORD036397,,0
ORD048421,,0
ORD017045,,0
ORD034701,,0
ORD055557,,0
ORD039154,,0
ORD008863,,0
ORD036188,,0
ORD056591,,0
ORD055137,,0
ORD004122,,0
ORD044127,,0
ORD036128,,0
ORD038804,,0
ORD006949,,0
ORD041997,,0
ORD015527,,0
ORD008114,,0
ORD053261,,0
ORD008751,,0
ORD047303,,0
ORD004870,,0
ORD014921,,0
ORD057597,,0
ORD030588,,0
ORD014686,,0
ORD056170,,0
ORD058164,,0
ORD008503,,0
ORD053361,,0
ORD007463,weight_discrepancy,1
ORD034388,,0
ORD040046,weight_discrepancy,1
ORD008055,,0
ORD047471,,0
ORD036790,,0
ORD030765,,0
ORD052858,,0
ORD032381,,0
ORD017833,,0
ORD045051,,0
ORD043736,,0
ORD050984,,0
ORD017216,,0
ORD002259,,0
ORD037713,,0
ORD045348,,0
ORD055214,,0
ORD001519,,0
ORD032660,,0
ORD003645,,0
ORD004183,,0
ORD016094,,0
ORD028366,,0
ORD028357,,0
ORD051061,,0
ORD008962,,0
ORD044900,,0
ORD001674,,0
ORD049706,,0
ORD028680,,0
ORD052776,,0
ORD013263,,0
ORD044130,,0
ORD031260,,0
ORD057642,,0
ORD006954,,0
ORD058844,,0
ORD053269,,0
ORD017433,,0
ORD021771,,0
ORD018324,,0
ORD055488,,0
ORD010911,,0
ORD005170,,0
ORD055510,,0
ORD026348,,0
ORD015159,,0
ORD041045,,0
ORD018678,,0
ORD017522,,0
ORD039412,,0
ORD022529,,0
ORD029379,,0
ORD045470,,0
ORD015275,,0
ORD048160,,0
ORD042314,,0
ORD004004,,0
ORD024363,,0
ORD022397,,0
ORD000510,toll_inflation,1
ORD013543,weight_discrepancy,1
ORD018683,,0
ORD053563,,0
ORD020837,,0
ORD031070,,0
ORD001465,,0
ORD024516,,0
ORD055566,,0
ORD046145,,0
ORD025789,,0
ORD005109,,0
ORD018199,,0
ORD057002,,0
ORD021034,,0
ORD005205,,0
ORD001434,,0
ORD045775,detention_padding,1
ORD017008,,0
ORD013043,,0
ORD013892,,0
ORD005065,,0
ORD038734,,0
ORD003765,,0
ORD046039,,0
ORD029662,,0
ORD048691,,0
ORD009796,,0
ORD033373,,0
ORD000975,,0
ORD011518,,0
ORD012196,,0
ORD004222,,0
ORD036595,,0
ORD028536,,0
ORD006266,,0
ORD039138,,0
ORD054255,,0
ORD039055,,0
ORD048340,,0
ORD042200,,0
ORD002063,,0
ORD052123,,0
ORD001780,,0
ORD023419,,0
ORD003932,,0
ORD009209,,0
ORD007922,,0
ORD058244,,0
ORD030569,,0
ORD012184,,0
ORD033678,,0
ORD042068,detention_padding,1
ORD028741,,0
ORD031802,,0
ORD046700,,0
ORD026637,,0
ORD015119,,0
ORD025046,,0
ORD014258,,0
ORD017074,,0
ORD051287,,0
ORD057346,,0
ORD042985,,0
ORD031482,toll_inflation,1
ORD057971,,0
ORD052663,,0
ORD036000,,0
ORD012266,,0
ORD025677,,0
ORD018483,,0
ORD010938,,0
ORD031243,,0
ORD032140,,0
ORD030527,,0
ORD006734,,0
ORD005251,weight_discrepancy,1
ORD037356,toll_inflation,1
ORD020658,,0
ORD059122,,0
ORD046417,,0
ORD012520,,0
ORD040746,,0
ORD023253,,0
ORD037625,,0
ORD021835,,0
ORD021355,,0
ORD022778,,0
ORD030214,,0
ORD037488,,0
ORD051398,,0
ORD022533,,0
ORD024768,,0
ORD020280,,0
ORD054234,,0
ORD017922,,0
ORD019468,,0
ORD044182,,0
ORD039712,,0
ORD052039,,0
ORD016390,,0
ORD009079,,0
ORD023793,,0
ORD030014,,0
ORD059597,,0
ORD002483,,0
ORD042348,,0
ORD004157,,0
ORD016560,,0
ORD002841,,0
ORD044940,,0
ORD049794,,0
ORD002534,,0
ORD033398,,0
ORD012967,,0
ORD012515,,0
ORD049355,,0
ORD000504,,0
ORD019851,,0
ORD021840,,0
ORD055342,,0
ORD012289,,0
ORD035864,,0
ORD027170,toll_inflation,1
ORD018807,,0
ORD025746,,0
ORD006082,detention_padding,1
ORD042321,,0
ORD034141,,0
ORD028422,,0
ORD042496,,0
ORD018406,,0
ORD045965,,0
ORD013855,,0
ORD039204,,0
ORD019834,,0
ORD024792,,0
ORD017560,,0
ORD034007,,0
ORD043999,,0
ORD047976,,0
ORD003558,,0
ORD007033,,0
ORD004108,,0
ORD055268,weight_discrepancy,1
ORD032365,,0
ORD039608,,0
ORD012337,,0
ORD011506,,0
ORD029103,,0
ORD049197,,0
ORD002644,,0
ORD038057,,0
ORD048408,,0
ORD038452,,0
ORD051740,,0
ORD011563,,0
ORD006970,weight_discrepancy,1
ORD058219,,0
ORD035439,,0
ORD020836,,0
ORD032283,,0
ORD049936,,0
ORD027512,,0
ORD021481,,0
ORD032291,,0
ORD053511,,0
ORD024150,,0
ORD013621,,0
ORD010945,,0
ORD034140,,0
ORD019728,,0
ORD059008,,0
ORD022572,,0
ORD018029,,0
ORD045151,,0
ORD018620,,0
ORD008508,,0
ORD016268,,0
ORD002616,weight_discrepancy,1
ORD031859,,0
ORD037265,,0
ORD035680,,0
ORD049146,,0
ORD015708,,0
ORD045386,,0
ORD030539,,0
ORD003671,,0
ORD020233,,0
ORD053711,,0
ORD028212,,0
ORD030731,,0
ORD034355,,0
ORD015609,,0
ORD030963,,0
ORD023027,,0
ORD019630,,0
ORD023826,,0
ORD039554,,0
ORD012927,,0
ORD028281,,0
ORD054559,,0
ORD056617,,0
ORD046638,,0
ORD014633,,0
ORD014333,,0
ORD028500,,0
ORD011160,,0
ORD011106,,0
ORD029666,,0
ORD044394,,0
ORD051243,,0
ORD014507,,0
ORD054620,,0
ORD031927,,0
ORD033599,,0
ORD046255,,0
ORD014917,,0
ORD022281,,0
ORD006045,,0
ORD029381,,0
ORD058841,weight_discrepancy,1
ORD053075,,0
ORD024631,,0
ORD021038,weight_discrepancy,1
ORD006154,,0
ORD045434,,0
ORD042017,,0
ORD024895,,0
ORD028728,,0
ORD013418,,0
ORD054247,,0
ORD050583,,0
ORD025583,toll_inflation,1
ORD028975,,0
ORD036634,,0
ORD058080,,0
ORD036331,,0
ORD033289,,0
ORD032278,,0
ORD017663,weight_discrepancy,1
ORD058216,,0
ORD005103,,0
ORD052793,,0
ORD009406,,0
ORD059784,,0
ORD053285,,0
ORD000482,,0
ORD057790,,0
ORD057670,,0
ORD021639,,0
ORD027296,,0
ORD004982,,0
ORD026146,,0
ORD009786,,0
ORD047903,,0
ORD009323,weight_discrepancy,1
ORD023430,,0
ORD058307,,0
ORD022830,,0
ORD003241,,0
ORD033204,,0
ORD036121,,0
ORD036979,,0
ORD052356,,0
ORD043530,,0
ORD005127,,0
ORD021664,,0
ORD022610,,0
ORD053474,,0
ORD049234,,0
ORD019018,,0
ORD020866,weight_discrepancy,1
ORD058907,,0
ORD008739,,0
ORD031485,,0
ORD031086,,0
ORD013312,,0
ORD034560,,0
ORD030473,,0
ORD050281,,0
ORD042121,,0
ORD038172,,0
ORD005073,,0
ORD059129,,0
ORD052697,,0
ORD058660,,0
ORD038319,,0
ORD046295,,0
ORD011935,,0
ORD042572,,0
ORD042298,weight_discrepancy,1
ORD036219,,0
ORD012784,,0
ORD038480,,0
ORD056026,,0
ORD040649,,0
ORD048862,,0
ORD052084,,0
ORD027322,,0
ORD011714,,0
ORD037089,,0
ORD037651,detention_padding,1
ORD028992,,0
ORD051906,,0
ORD040347,,0
ORD007695,,0
ORD017590,,0
ORD025914,,0
ORD024537,,0
ORD040291,,0
ORD026227,,0
ORD010677,,0
ORD026799,,0
ORD032117,,0
ORD006913,,0
ORD032068,,0
ORD045881,,0
ORD049296,,0
ORD040756,,0
ORD051168,,0
ORD047533,,0
ORD039340,,0
ORD031142,weight_discrepancy,1
ORD049104,,0
ORD013701,,0
ORD013497,,0
ORD017333,weight_discrepancy,1
ORD015901,,0
ORD026983,,0
ORD047301,,0
ORD052983,,0
ORD036090,,0
ORD012938,,0
ORD059440,,0
ORD035266,,0
ORD000397,,0
ORD015079,,0
ORD049831,,0
ORD022623,,0
ORD013468,,0
ORD045986,,0
ORD025031,,0
ORD031667,,0
ORD033462,,0
ORD037851,,0
ORD057280,,0
ORD043834,,0
ORD052093,weight_discrepancy,1
ORD033921,,0
ORD031559,,0
ORD033732,,0
ORD059750,,0
ORD042448,,0
ORD010466,,0
ORD043839,,0
ORD007420,,0
ORD039803,,0
ORD052459,,0
ORD055966,,0
ORD023619,,0
ORD052664,,0
ORD037293,,0
ORD051020,,0
ORD036169,,0
ORD002183,,0
ORD054912,,0
ORD047382,,0
ORD045572,,0
ORD034111,,0
ORD034300,,0
ORD002160,,0
ORD011023,,0
ORD042115,,0
ORD045312,,0
ORD037968,,0
ORD022820,,0
ORD054315,,0
ORD044659,,0
ORD012707,,0
ORD049673,,0
ORD037534,,0
ORD035302,,0
ORD044065,,0
ORD032663,,0
ORD034545,,0
ORD031298,,0
ORD058999,,0
ORD042562,,0
ORD035572,,0
ORD032392,weight_discrepancy,1
ORD047195,,0
ORD042014,,0
ORD002212,,0
ORD025273,,0
ORD040651,,0
ORD015948,,0
ORD041449,,0
ORD034107,,0
ORD017161,,0
ORD041176,,0
ORD004601,,0
ORD056965,,0
ORD036773,toll_inflation,1
ORD036186,weight_discrepancy,1
ORD039879,,0
ORD032932,weight_discrepancy,1
ORD007440,,0
ORD011729,,0
ORD059620,,0
ORD027424,,0
ORD032224,,0
ORD008601,,0
ORD024565,detention_padding,1
ORD049099,,0
ORD055032,,0
ORD054038,,0
ORD013330,,0
ORD003783,,0
ORD036015,,0
ORD047445,,0
ORD012629,,0
ORD048553,,0
ORD010459,,0
ORD044250,,0
ORD008099,,0
ORD003776,,0
ORD019967,,0
ORD028111,,0
ORD027991,,0
ORD005784,,0
ORD007514,,0
ORD012951,,0
ORD047110,,0
ORD050840,,0
ORD010377,,0
ORD046320,,0
ORD051127,,0
ORD009785,,0
ORD046837,,0
ORD027515,,0
ORD022179,,0
ORD041266,,0
ORD034746,,0
ORD023475,,0
ORD019887,,0
ORD016214,,0
ORD046358,,0
ORD003273,,0
ORD028113,,0
ORD053460,weight_discrepancy,1
ORD051993,,0
ORD058376,,0
ORD029874,,0
ORD045635,,0
ORD058460,,0
ORD025513,,0
ORD007345,,0
ORD048039,,0
ORD025374,,0
ORD042849,,0
ORD058168,,0
ORD056796,,0
ORD058823,,0
ORD024198,,0
ORD031239,,0
ORD010826,,0
ORD032753,,0
ORD007079,,0
ORD005318,,0
ORD044563,,0
ORD040674,,0
ORD038002,,0
ORD039717,,0
ORD006372,,0
ORD024893,,0
ORD057138,,0
ORD024832,,0
ORD001680,,0
ORD036840,,0
ORD000465,,0
ORD048459,,0
ORD023762,,0
ORD043643,,0
ORD002263,,0
ORD027708,,0
ORD005800,,0
ORD009465,,0
ORD051412,,0
ORD047511,,0
ORD048610,,0
ORD041738,,0
ORD017089,,0
ORD048589,,0
ORD002604,,0
ORD019203,,0
ORD058692,,0
ORD053655,,0
ORD018087,,0
ORD027713,,0
ORD002456,,0
ORD027564,,0
ORD032406,,0
ORD048644,,0
ORD018263,,0
ORD048647,,0
ORD003089,,0
ORD039075,,0
ORD038347,,0
ORD023921,,0
ORD034561,,0
ORD007607,,0
ORD055299,,0
ORD039926,,0
ORD006528,,0
ORD028798,,0
ORD016395,,0
ORD051052,,0
ORD050375,,0
ORD050945,,0
ORD039523,,0
ORD023771,detention_padding,1
ORD058282,,0
ORD056667,,0
ORD034459,,0
ORD006672,,0
ORD036803,,0
ORD001921,,0
ORD015934,,0
ORD025029,,0
ORD011406,toll_inflation,1
ORD030608,,0
ORD011396,,0
ORD035871,,0
ORD000057,,0
ORD040716,,0
ORD027067,,0
ORD037136,,0
ORD021202,weight_discrepancy,1
ORD012872,,0
ORD054283,,0
ORD002455,,0
ORD002214,,0
ORD057576,,0
ORD011257,,0
ORD034755,,0
ORD037163,,0
ORD001047,,0
ORD048591,,0
ORD006947,,0
ORD054788,,0
ORD020893,,0
ORD047615,,0
ORD055437,,0
ORD052951,,0
ORD034777,,0
ORD013555,,0
ORD052427,,0
ORD034081,,0
ORD046047,,0
ORD018478,,0
ORD040425,,0
ORD011427,,0
ORD045981,,0
ORD055132,,0
ORD002618,,0
ORD011867,,0
ORD005648,,0
ORD036889,,0
ORD017682,,0
ORD055679,,0
ORD038628,,0
ORD030457,,0
ORD048859,,0
ORD017708,,0
ORD026062,,0
ORD019890,,0
ORD004679,,0
ORD032468,,0
ORD047226,weight_discrepancy,1
ORD040769,,0
ORD026513,,0
ORD041376,,0
ORD017651,,0
ORD027324,,0
ORD012442,,0
ORD057783,,0
ORD037680,,0
ORD049638,,0
ORD048817,weight_discrepancy,1
ORD028472,,0
ORD038575,,0
ORD006936,,0
ORD014817,,0
ORD019003,,0
ORD043167,,0
ORD017295,,0
ORD050715,,0
ORD035358,,0
ORD027040,,0
ORD021168,,0
ORD026219,weight_discrepancy,1
ORD050697,,0
ORD024371,,0
ORD056976,,0
ORD020814,,0
ORD014985,,0
ORD058663,,0
ORD017665,,0
ORD029944,,0
ORD018075,,0
ORD037111,,0
ORD007721,,0
ORD033290,,0
ORD007509,,0
ORD033241,,0
ORD055846,,0
ORD046746,,0
ORD007393,toll_inflation,1
ORD043116,,0
ORD015921,,0
ORD043806,,0
ORD058212,,0
ORD040087,,0
ORD027632,,0
ORD055361,,0
ORD010500,,0
ORD007057,,0
ORD052172,,0
ORD008941,,0
ORD044812,,0
ORD034571,,0
ORD017667,,0
ORD058618,,0
ORD058161,,0
ORD043289,,0
ORD044930,,0
ORD037456,toll_inflation,1
ORD044083,,0
ORD048959,,0
ORD035275,,0
ORD026429,,0
ORD045451,,0
ORD048806,,0
ORD019103,,0
ORD033586,,0
ORD035812,,0
ORD048023,,0
ORD012850,,0
ORD019255,,0
ORD012932,,0
ORD051012,,0
ORD009836,,0
ORD048464,,0
ORD005895,,0
ORD024340,,0
ORD002952,,0
ORD034413,,0
ORD006437,,0
ORD052841,,0
ORD049030,,0
ORD004517,,0
ORD035082,,0
ORD053892,,0
ORD049223,,0
ORD021717,,0
ORD040075,,0
ORD056746,,0
ORD001577,,0
ORD033357,,0
ORD039199,weight_discrepancy,1
ORD046760,,0
ORD051721,,0
ORD034338,,0
ORD038395,,0
ORD027253,weight_discrepancy,1
ORD046898,,0
ORD032774,,0
ORD031119,,0
ORD002264,,0
ORD054103,toll_inflation,1
ORD054698,detention_padding,1
ORD004447,,0
ORD002683,,0
ORD005940,,0
ORD042176,,0
ORD003166,,0
ORD054508,,0
ORD035447,,0
ORD054172,,0
ORD015528,,0
ORD031486,,0
ORD052958,detention_padding,1
ORD016832,,0
ORD028248,,0
ORD046031,,0
ORD057223,,0
ORD044219,,0
ORD035862,,0
ORD018993,,0
ORD009408,,0
ORD019021,,0
ORD057008,,0
ORD054877,toll_inflation,1
ORD054463,,0
ORD000068,,0
ORD020180,,0
ORD051319,,0
ORD008545,,0
ORD044639,,0
ORD008473,,0
ORD049329,weight_discrepancy,1
ORD016775,,0
ORD052749,,0
ORD057383,,0
ORD013903,,0
ORD025075,,0
ORD033233,,0
ORD044361,,0
ORD033902,,0
ORD052508,,0
ORD015591,,0
ORD001781,,0
ORD003845,,0
ORD041639,,0
ORD023714,,0
ORD030867,weight_discrepancy,1
ORD032354,,0
ORD014615,,0
ORD023675,,0
ORD031828,,0
ORD049565,,0
ORD001690,,0
ORD034408,,0
ORD007512,,0
ORD047900,,0
ORD047650,toll_inflation,1
ORD018164,,0
ORD056402,,0
ORD017157,,0
ORD048446,,0
ORD011347,,0
ORD016628,,0
ORD026387,toll_inflation,1
ORD029043,,0
ORD043782,,0
ORD002549,,0
ORD036486,,0
ORD045098,,0
ORD036464,,0
ORD051732,,0
ORD044322,toll_inflation,1
ORD052889,,0
ORD058783,,0
ORD057615,,0
ORD032025,,0
ORD000917,,0
ORD036673,,0
ORD001127,,0
ORD003656,,0
ORD047986,,0
ORD052553,,0
ORD009661,,0
ORD024667,,0
ORD055177,,0
ORD048652,,0
ORD031699,,0
ORD008874,,0
ORD051150,,0
ORD032410,,0
ORD015936,,0
ORD054549,detention_padding,1
ORD001517,,0
ORD022854,,0
ORD001760,,0
ORD033216,,0
ORD030187,,0
ORD020149,,0
ORD032336,,0
ORD038902,,0
ORD055852,,0
ORD046978,,0
ORD037050,,0
ORD006774,,0
ORD040920,,0
ORD024389,,0
ORD033044,,0
ORD021244,,0
ORD003006,,0
ORD033008,,0
ORD011957,,0
ORD016111,,0
ORD021380,,0
ORD035983,,0
ORD030866,,0
ORD033561,,0
ORD014245,,0
ORD042419,,0
ORD037211,,0
ORD049356,,0
ORD027899,,0
ORD041479,,0
ORD002425,,0
ORD052541,,0
ORD034352,,0
ORD024092,,0
ORD033772,,0
ORD040909,,0
ORD010435,,0
ORD044590,,0
ORD053247,,0
ORD002730,,0
ORD043862,,0
ORD059964,,0
ORD004622,,0
ORD019881,,0
ORD005096,,0
ORD040026,,0
ORD048102,,0
ORD000124,,0
ORD024250,,0
ORD032985,,0
ORD017554,,0
ORD049213,,0
ORD003524,,0
ORD022129,,0
ORD045381,,0
ORD008337,,0
ORD017501,,0
ORD002503,toll_inflation,1
ORD052939,,0
ORD004525,,0
ORD047021,,0
ORD043059,,0
ORD042877,,0
ORD005516,,0
ORD054523,,0
ORD026768,,0
ORD053379,,0
ORD042226,,0
ORD027413,,0
ORD030706,,0
ORD044613,,0
ORD028605,,0
ORD041611,,0
ORD053975,,0
ORD019593,,0
ORD023162,,0
ORD041794,,0
ORD030760,,0
ORD049305,,0
ORD030202,,0
ORD027763,,0
ORD010232,,0
ORD013551,,0
ORD020299,,0
ORD057047,,0
ORD021368,,0
ORD037696,,0
ORD024821,,0
ORD020606,,0
ORD006447,toll_inflation,1
ORD024730,,0
ORD016490,,0
ORD050877,,0
ORD040423,,0
ORD058312,,0
ORD018521,,0
ORD037201,,0
ORD027754,,0
ORD004987,,0
ORD040954,,0
ORD041015,,0
ORD047741,,0
ORD028484,,0
ORD011605,,0
ORD058335,,0
ORD052069,,0
ORD034299,,0
ORD052038,,0
ORD030933,,0
ORD031527,,0
ORD043689,,0
ORD023353,,0
ORD050401,,0
ORD056191,,0
ORD047174,,0
ORD042745,,0
ORD013739,,0
ORD027938,,0
ORD029129,,0
ORD035403,toll_inflation,1
ORD041261,,0
ORD019845,,0
ORD011314,,0
ORD010233,,0
ORD058730,,0
ORD053721,,0
ORD005373,,0
ORD008155,,0
ORD028311,,0
ORD010976,,0
ORD006656,,0
ORD028140,,0
ORD023643,,0
ORD023773,,0
ORD043506,,0
ORD048453,,0
ORD054582,,0
ORD002989,,0
ORD024629,toll_inflation,1
ORD055701,,0
ORD018700,,0
ORD054373,,0
ORD045849,,0
ORD045095,toll_inflation,1
ORD000597,,0
ORD028881,,0
ORD005798,,0
ORD039015,,0
ORD033277,,0
ORD030413,,0
ORD037710,,0
ORD051651,,0
ORD045861,,0
ORD013670,,0
ORD019808,,0
ORD029893,,0
ORD030629,,0
ORD048033,,0
ORD003497,,0
ORD053056,,0
ORD016125,,0
ORD040718,,0
ORD026361,,0
ORD017297,,0
ORD026293,,0
ORD015595,,0
ORD016640,,0
ORD015967,,0
ORD005283,,0
ORD029562,,0
ORD019486,,0
ORD048725,,0
ORD001552,,0
ORD024217,detention_padding,1
ORD004398,,0
ORD041020,,0
ORD018482,,0
ORD046401,,0
ORD042719,,0
ORD011609,,0
ORD043796,,0
ORD038862,,0
ORD003348,,0
ORD003766,,0
ORD043235,,0
ORD040690,,0
ORD019090,,0
ORD015512,,0
ORD045561,,0
ORD024905,,0
ORD009072,,0
ORD041392,detention_padding,1
ORD027647,,0
ORD052098,,0
ORD017226,,0
ORD034599,,0
ORD026020,,0
ORD054407,,0
ORD053762,,0
ORD019704,,0
ORD016422,,0
ORD055840,,0
ORD015710,,0
ORD018050,,0
ORD006301,,0
ORD009503,,0
ORD008701,,0
ORD016121,,0
ORD055726,,0
ORD036020,,0
ORD050991,,0
ORD051888,detention_padding,1
ORD042996,,0
ORD057985,,0
ORD036715,,0
ORD021300,detention_padding,1
ORD021165,,0
ORD059141,,0
ORD040762,,0
ORD018866,,0
ORD035740,,0
ORD046271,,0
ORD005751,,0
ORD005340,,0
ORD010097,,0
ORD036694,,0
ORD020592,,0
ORD054813,,0
ORD024061,,0
ORD001924,,0
ORD037437,,0
ORD023626,,0
ORD021760,,0
ORD034375,,0
ORD013908,,0
ORD051305,,0
ORD029229,,0
ORD048847,,0
ORD007618,,0
ORD006457,,0
ORD001846,,0
ORD044257,,0
ORD012965,,0
ORD009900,,0
ORD023513,,0
ORD021023,,0
ORD054081,,0
ORD048289,detention_padding,1
ORD039972,,0
ORD047624,,0
ORD015875,,0
ORD009436,,0
ORD010263,,0
ORD037544,,0
ORD013167,,0
ORD008334,,0
ORD024943,,0
ORD043075,,0
ORD041666,,0
ORD038660,,0
ORD058099,,0
ORD053907,,0
ORD028092,,0
ORD018630,,0
ORD045461,weight_discrepancy,1
ORD047561,,0
ORD043066,,0
ORD033982,,0
ORD000661,,0
ORD059940,,0
ORD008087,,0
ORD002253,,0
ORD011481,,0
ORD023530,,0
ORD041381,,0
ORD004911,,0
ORD030418,,0
ORD021952,,0
ORD038810,,0
ORD057195,,0
ORD010745,,0
ORD002965,weight_discrepancy,1
ORD038536,,0
ORD012654,,0
ORD047485,,0
ORD017151,,0
ORD005507,,0
ORD041040,,0
ORD014316,,0
ORD005028,,0
ORD035841,detention_padding,1
ORD027287,,0
ORD012961,,0
ORD056130,,0
ORD049769,,0
ORD020255,weight_discrepancy,1
ORD023956,,0
ORD003964,,0
ORD005873,,0
ORD041190,,0
ORD021015,,0
ORD053098,,0
ORD038858,,0
ORD009531,toll_inflation,1
ORD033447,,0
ORD036578,,0
ORD024383,,0
ORD030756,,0
ORD030570,,0
ORD028165,,0
ORD005620,,0
ORD041326,detention_padding,1
ORD056077,,0
ORD005552,,0
ORD042253,,0
ORD016508,,0
ORD053441,,0
ORD054075,,0
ORD009051,,0
ORD003269,,0
ORD036974,,0
ORD029977,detention_padding,1
ORD009496,,0
ORD002231,,0
ORD022280,,0
ORD039770,,0
ORD028615,toll_inflation,1
ORD056719,,0
ORD028066,,0
ORD039197,,0
ORD058883,detention_padding,1
ORD056392,detention_padding,1
ORD007724,,0
ORD058197,,0
ORD021787,,0
ORD039615,,0
ORD004437,,0
ORD041620,,0
ORD021854,,0
ORD028978,,0
ORD006311,,0
ORD013228,,0
ORD034212,,0
ORD057583,,0
ORD030300,,0
ORD056254,,0
ORD048933,,0
ORD006387,,0
ORD026464,,0
ORD041305,,0
ORD008159,,0
ORD011147,,0
ORD047365,,0
ORD050431,,0
ORD010744,,0
ORD048866,,0
ORD046169,,0
ORD008374,,0
ORD053620,,0
ORD019051,toll_inflation,1
ORD030832,,0
ORD030426,,0
ORD000440,,0
ORD001282,,0
ORD040279,,0
ORD006369,,0
ORD059851,,0
ORD030874,,0
ORD052348,,0
ORD038687,,0
ORD004120,,0
ORD036550,,0
ORD042947,,0
ORD002329,,0
ORD057446,,0
ORD036037,,0
ORD004924,,0
ORD030251,,0
ORD006308,,0
ORD005730,,0
ORD056638,,0
ORD049670,toll_inflation,1
ORD032664,,0
ORD057697,,0
ORD003352,toll_inflation,1
ORD037167,,0
ORD018794,,0
ORD002161,,0
ORD024548,,0
ORD036924,,0
ORD055589,,0
ORD039147,,0
ORD043963,toll_inflation,1
ORD021568,weight_discrepancy,1
ORD011578,,0
ORD045961,,0
ORD021586,,0
ORD054572,,0
ORD040353,,0
ORD021122,,0
ORD021128,,0
ORD021635,,0
ORD002300,,0
ORD051585,,0
ORD043766,,0
ORD044122,,0
ORD047515,,0
ORD021085,,0
ORD003419,,0
ORD018166,weight_discrepancy,1
ORD007067,detention_padding,1
ORD047647,,0
ORD057116,,0
ORD008193,detention_padding,1
ORD049123,,0
ORD038530,,0
ORD040067,,0
ORD043630,,0
ORD016695,,0
ORD054042,,0
ORD029472,detention_padding,1
ORD050554,,0
ORD051050,,0
ORD059552,,0
ORD033079,,0
ORD059744,,0
ORD040592,,0
ORD031335,detention_padding,1
ORD023186,,0
ORD042819,,0
ORD028025,,0
ORD037588,,0
ORD059478,,0
ORD050334,,0
ORD002907,,0
ORD047118,,0
ORD017839,,0
ORD051999,,0
ORD034741,,0
ORD007078,,0
ORD020170,,0
ORD035083,,0
ORD014336,,0
ORD046968,,0
ORD041520,,0
ORD023049,,0
ORD029148,,0
ORD005733,,0
ORD028518,,0
ORD037944,,0
ORD007233,,0
ORD027679,,0
ORD049630,,0
ORD029957,,0
ORD054301,,0
ORD019587,,0
ORD015097,,0
ORD025063,,0
ORD037010,,0
ORD045209,,0
ORD016178,,0
ORD006342,,0
ORD037333,,0
ORD001464,,0
ORD015827,,0
ORD026887,,0
ORD033500,weight_discrepancy,1
ORD041420,weight_discrepancy,1
ORD003818,,0
ORD024104,,0
ORD023875,,0
ORD033918,,0
ORD035752,,0
ORD031885,,0
ORD014319,weight_discrepancy,1
ORD034503,,0
ORD037627,,0
ORD045942,,0
ORD048449,,0
ORD011686,,0
ORD058097,,0
ORD012687,,0
ORD052421,,0
ORD036163,,0
ORD011608,,0
ORD034116,detention_padding,1
ORD028607,,0
ORD034959,,0
ORD000794,,0
ORD017017,,0
ORD017807,,0
ORD014623,,0
ORD049433,toll_inflation,1
ORD057335,,0
ORD015041,,0
ORD047985,,0
ORD057906,,0
ORD003235,,0
ORD012179,,0
ORD017498,,0
ORD046384,,0
ORD008873,,0
ORD040726,,0
ORD015224,,0
ORD032562,,0
ORD025162,,0
ORD011764,toll_inflation,1
ORD050075,,0
ORD042649,,0
ORD049454,,0
ORD015855,,0
ORD049255,,0
ORD013165,,0
ORD054701,,0
ORD057840,detention_padding,1
ORD024421,,0
ORD018903,,0
ORD024560,,0
ORD048314,,0
ORD048028,,0
ORD000358,,0
ORD051214,,0
ORD046587,,0
ORD016077,,0
ORD023480,,0
ORD006409,,0
ORD014966,,0
ORD007868,,0
ORD003258,,0
ORD028478,,0
ORD027148,,0
ORD005351,,0
ORD013683,,0
ORD027418,,0
ORD049535,,0
ORD021019,,0
ORD014130,,0
ORD033430,,0
ORD054421,,0
ORD029049,toll_inflation,1
ORD009107,,0
ORD042575,,0
ORD044499,,0
ORD032642,,0
ORD017315,,0
ORD051187,,0
ORD005598,,0
ORD002439,,0
ORD005024,,0
ORD010859,,0
ORD017664,,0
ORD012054,,0
ORD010777,,0
ORD036599,,0
ORD008954,,0
ORD029595,,0
ORD028580,,0
ORD039003,,0
ORD022801,,0
ORD002960,,0
ORD028448,,0
ORD010164,,0
ORD001296,,0
ORD018565,,0
ORD048319,,0
ORD006708,,0
ORD001467,,0
ORD052087,,0
ORD030337,,0
ORD002323,,0
ORD030828,,0
ORD023859,,0
ORD023791,,0
ORD027639,,0
ORD048919,detention_padding,1
ORD044118,,0
ORD018653,,0
ORD018005,detention_padding,1
ORD023224,,0
ORD021040,,0
ORD015213,,0
ORD019172,,0
ORD029713,,0
ORD049541,,0
ORD016955,,0
ORD017167,,0
ORD049105,,0
ORD015265,,0
ORD004389,,0
ORD040827,,0
ORD003962,,0
ORD032778,detention_padding,1
ORD002804,,0
ORD034582,,0
ORD040123,,0
ORD054415,,0
ORD003721,,0
ORD024464,,0
ORD057066,,0
ORD025236,,0
ORD044479,,0
ORD021930,,0
ORD054670,,0
ORD024997,,0
ORD012748,,0
ORD050046,,0
ORD010601,,0
ORD023716,,0
ORD041421,,0
ORD059140,,0
ORD043813,,0
ORD028942,,0
ORD021714,,0
ORD005421,,0
ORD041265,,0
ORD046055,,0
ORD018176,,0
ORD009098,,0
ORD015067,,0
ORD038217,toll_inflation,1
ORD052488,,0
ORD002823,,0
ORD034594,,0
ORD032190,,0
ORD001486,,0
ORD047690,,0
ORD059683,,0
ORD007810,,0
ORD036415,,0
ORD020586,,0
ORD059462,,0
ORD040811,,0
ORD001708,,0
ORD029806,,0
ORD047721,,0
ORD036785,,0
ORD041382,,0
ORD017591,,0
ORD008572,,0
ORD027964,,0
ORD040278,,0
ORD027437,,0
ORD032163,,0
ORD040983,toll_inflation,1
ORD049963,,0
ORD003132,,0
ORD009285,,0
ORD015055,,0
ORD021137,,0
ORD036876,,0
ORD036467,,0
ORD044381,,0
ORD020721,,0
ORD014696,,0
ORD000034,,0
ORD058865,,0
ORD050443,,0
ORD037096,,0
ORD056830,,0
ORD008942,,0
ORD011176,,0
ORD009611,,0
ORD047753,,0
ORD014936,,0
ORD000310,,0
ORD054982,,0
ORD016717,,0
ORD054236,,0
ORD019965,,0
ORD044149,,0
ORD027546,,0
ORD031444,,0
ORD023393,,0
ORD056574,weight_discrepancy,1
ORD003670,,0
ORD008956,,0
ORD050346,,0
ORD044262,,0
ORD007350,,0
ORD002536,,0
ORD018233,,0
ORD006265,,0
ORD057413,,0
ORD050355,,0
ORD019463,,0
ORD036305,,0
ORD053726,,0
ORD033275,,0
ORD025409,detention_padding,1
ORD003435,,0
ORD048993,,0
ORD038006,,0
ORD001936,,0
ORD012073,,0
ORD025639,,0
ORD026998,toll_inflation,1
ORD027807,,0
ORD019227,detention_padding,1
ORD038593,,0
ORD058748,,0
ORD039519,,0
ORD033064,,0
ORD005291,,0
ORD045670,,0
ORD024866,,0
ORD057851,,0
ORD000472,,0
ORD034173,,0
ORD009715,,0
ORD026155,,0
ORD054503,,0
ORD010961,,0
ORD042521,,0
ORD057854,,0
ORD020338,,0
ORD014645,,0
ORD010194,weight_discrepancy,1
ORD001445,,0
ORD036413,,0
ORD052818,,0
ORD058442,,0
ORD033603,,0
ORD010812,toll_inflation,1
ORD025518,detention_padding,1
ORD036699,,0
ORD021580,,0
ORD052313,,0
ORD031456,,0
ORD010057,,0
ORD000855,,0
ORD033278,,0
ORD022416,,0
ORD041070,,0
ORD000238,,0
ORD037406,toll_inflation,1
ORD004799,,0
ORD021379,,0
ORD024656,,0
ORD041124,,0
ORD048539,,0
ORD055037,,0
ORD047085,,0
ORD054737,,0
ORD006278,,0
ORD031653,,0
ORD033619,,0
ORD035033,weight_discrepancy,1
ORD025395,,0
ORD057584,,0
ORD002381,,0
ORD029978,,0
ORD015867,,0
ORD004000,,0
ORD030951,weight_discrepancy,1
ORD016817,,0
ORD000803,,0
ORD036941,,0
ORD037439,,0
ORD058439,,0
ORD038678,,0
ORD002530,,0
ORD024609,,0
ORD047431,,0
ORD037254,,0
ORD006024,weight_discrepancy,1
ORD056927,,0
ORD007675,,0
ORD013643,,0
ORD044226,,0
ORD032684,,0
ORD010161,toll_inflation,1
ORD047338,,0
ORD006397,,0
ORD058257,,0
ORD023364,,0
ORD042320,,0
ORD048189,,0
ORD057491,,0
ORD053560,,0
ORD013121,,0
ORD017957,,0
ORD012575,,0
ORD046224,,0
ORD058277,,0
ORD012974,,0
ORD005702,,0
ORD034634,,0
ORD049819,,0
ORD014329,,0
ORD058777,,0
ORD034506,,0
ORD052393,,0
ORD005906,,0
ORD018043,,0
ORD016053,,0
ORD023641,,0
ORD034410,,0
ORD052495,,0
ORD009351,,0
ORD024500,,0
ORD030219,,0
ORD051767,,0
ORD032927,,0
ORD009551,,0
ORD056787,,0
ORD015042,,0
ORD048020,,0
ORD053925,detention_padding,1
ORD042255,,0
ORD055152,,0
ORD027307,,0
ORD041825,,0
ORD053322,,0
ORD023056,,0
ORD019560,weight_discrepancy,1
ORD011792,weight_discrepancy,1
ORD039980,,0
ORD042141,,0
ORD024509,,0
ORD052835,,0
ORD039039,,0
ORD050048,,0
ORD049775,weight_discrepancy,1
ORD021800,,0
ORD059418,,0
ORD053199,,0
ORD033124,,0
ORD016563,,0
ORD019375,toll_inflation,1
ORD055857,,0
ORD056443,,0
ORD034267,,0
ORD003177,,0
ORD025572,,0
ORD041877,,0
ORD057200,,0
ORD056426,,0
ORD024472,,0
ORD028628,,0
ORD026981,,0
ORD044109,,0
ORD005537,,0
ORD010623,,0
ORD037808,,0
ORD006335,,0
ORD045752,,0
ORD023388,,0
ORD057269,,0
ORD023574,,0
ORD044052,,0
ORD003165,,0
ORD046894,,0
ORD054565,,0
ORD031408,,0
ORD033688,,0
ORD000732,weight_discrepancy,1
ORD015379,,0
ORD008259,,0
ORD019899,,0
ORD049527,,0
ORD019092,,0
ORD028869,,0
ORD049327,,0
ORD006047,,0
ORD013973,,0
ORD048016,,0
ORD042259,,0
ORD004040,,0
ORD017327,,0
ORD021234,,0
ORD026929,,0
ORD056826,detention_padding,1
ORD057357,,0
ORD012694,,0
ORD043747,,0
ORD033516,,0
ORD008456,,0
ORD043190,,0
ORD047430,,0
ORD035852,,0
ORD019096,weight_discrepancy,1
ORD033571,,0
ORD051435,weight_discrepancy,1
ORD002391,,0
ORD027855,,0
ORD033467,,0
ORD039876,,0
ORD049789,,0
ORD010227,,0
ORD005102,,0
ORD040283,,0
ORD040951,,0
ORD001657,,0
ORD008511,,0
ORD033984,,0
ORD026920,,0
ORD048741,,0
ORD057929,,0
ORD037457,,0
ORD027846,,0
ORD017291,,0
ORD002403,,0
ORD005366,,0
ORD018523,,0
ORD047916,,0
ORD037841,,0
ORD041584,,0
ORD017282,,0
ORD021554,,0
ORD059330,,0
ORD045412,,0
ORD015837,,0
ORD058667,,0
ORD015633,,0
ORD027740,,0
ORD019657,,0
ORD044504,,0
ORD049871,,0
ORD053409,,0
ORD020173,,0
ORD030450,,0
ORD046298,,0
ORD001682,,0
ORD014458,,0
ORD034085,,0
ORD040237,,0
ORD034817,weight_discrepancy,1
ORD043535,,0
ORD030224,,0
ORD041090,,0
ORD006070,,0
ORD028160,,0
ORD047848,,0
ORD051347,,0
ORD030590,,0
ORD007379,,0
ORD018870,,0
ORD000810,,0
ORD028014,,0
ORD042136,,0
ORD041352,,0
ORD006469,,0
ORD031250,,0
ORD051491,,0
ORD008824,,0
ORD011931,,0
ORD011469,,0
ORD002422,,0
ORD003078,,0
ORD049717,,0
ORD016008,,0
ORD025569,weight_discrepancy,1
ORD006471,,0
ORD041638,,0
ORD000371,,0
ORD054423,,0
ORD035859,,0
ORD012608,,0
ORD013648,,0
ORD056294,,0
ORD024599,,0
ORD052323,,0
ORD043685,,0
ORD028219,,0
ORD053277,,0
ORD045485,,0
ORD012234,detention_padding,1
ORD019236,,0
ORD049428,,0
ORD017462,,0
ORD007864,,0
ORD018282,,0
ORD053388,,0
ORD001145,detention_padding,1
ORD004721,detention_padding,1
ORD004046,,0
ORD017469,,0
ORD025949,,0
ORD019898,,0
ORD009461,,0
ORD006238,,0
ORD052944,,0
ORD043187,,0
ORD032118,,0
ORD018101,,0
ORD044227,,0
ORD005052,,0
ORD002056,,0
ORD047379,,0
ORD012244,,0
ORD028236,,0
ORD041302,,0
ORD013059,,0
ORD058533,,0
ORD013598,,0
ORD023519,,0
ORD027095,,0
ORD010033,,0
ORD007840,,0
ORD047399,,0
ORD032070,,0
ORD039549,,0
ORD023749,,0
ORD048941,,0
ORD033062,,0
ORD014473,,0
ORD023014,detention_padding,1
ORD010285,,0
ORD032342,,0
ORD019932,,0
ORD014979,,0
ORD049518,,0
ORD026682,,0
ORD042735,,0
ORD006418,,0
ORD003056,,0
ORD033416,,0
ORD025938,,0
ORD046768,,0
ORD008776,,0
ORD028493,,0
ORD031035,,0
ORD058108,,0
ORD045674,detention_padding,1
ORD020031,weight_discrepancy,1
ORD017838,,0
ORD034356,,0
ORD005172,,0
ORD012374,,0
ORD010441,,0
ORD050586,,0
ORD045119,,0
ORD028174,,0
ORD029467,,0
ORD055067,,0
ORD021246,,0
ORD050556,,0
ORD012143,,0
ORD031581,,0
ORD018905,,0
ORD006740,,0
ORD034742,,0
ORD023278,,0
ORD044079,,0
ORD056259,,0
ORD042082,detention_padding,1
ORD055139,,0
ORD028561,,0
ORD000002,,0
ORD002327,,0
ORD049175,,0
ORD057868,,0
ORD053938,,0
ORD038758,,0
ORD003418,,0
ORD042277,,0
ORD040206,,0
ORD021880,,0
ORD001180,,0
ORD042892,,0
ORD038644,,0
ORD010903,weight_discrepancy,1
ORD021429,,0
ORD057057,detention_padding,1
ORD024780,,0
ORD044004,,0
ORD056186,,0
ORD020540,,0
ORD018069,,0
ORD046022,,0
ORD037328,,0
ORD038470,,0
ORD018923,,0
ORD003682,,0
ORD034053,,0
ORD055807,,0
ORD004400,,0
ORD053722,,0
ORD014803,,0
ORD009970,,0
ORD044190,,0
ORD050599,,0
ORD001917,,0
ORD026128,,0
ORD040997,,0
ORD045631,,0
ORD008143,,0
ORD028091,,0
ORD045744,,0
ORD031185,,0
ORD008856,,0
ORD057135,,0
ORD039889,,0
ORD002557,,0
ORD026581,,0
ORD024678,,0
ORD011898,,0
ORD046813,,0
ORD000896,,0
ORD010153,,0
ORD016363,,0
ORD033264,,0
ORD050420,,0
ORD052587,,0
ORD027098,,0
ORD044638,,0
ORD035120,weight_discrepancy,1
ORD008376,,0
ORD058243,,0
ORD054084,,0
ORD019377,,0
ORD043054,,0
ORD029694,,0
ORD013509,,0
ORD058988,,0
ORD053231,toll_inflation,1
ORD042598,,0
ORD037690,weight_discrepancy,1
ORD003290,,0
ORD047970,,0
ORD019037,,0
ORD029622,,0
ORD041313,,0
ORD015110,,0
ORD031367,,0
ORD038123,,0
ORD055295,,0
ORD036725,,0
ORD016897,,0
ORD047510,,0
ORD046752,weight_discrepancy,1
ORD023448,,0
ORD058866,,0
ORD022673,,0
ORD024247,,0
ORD002017,,0
ORD045458,,0
ORD059176,,0
ORD018440,,0
ORD046518,,0
ORD018918,,0
ORD033220,,0
ORD021558,,0
ORD034779,,0
ORD031998,,0
ORD003971,,0
ORD026781,,0
ORD047109,,0
ORD054246,,0
ORD052493,,0
ORD027788,,0
ORD019528,,0
ORD008162,,0
ORD038097,,0
ORD025930,,0
ORD019596,,0
ORD054693,,0
ORD000634,,0
ORD048966,,0
ORD030454,,0
ORD014238,,0
ORD041348,,0
ORD014227,,0
ORD049784,,0
ORD001616,,0
ORD009371,,0
ORD001681,,0
ORD045473,,0
ORD045375,,0
ORD012344,,0
ORD010096,,0
ORD023062,,0
ORD013400,,0
ORD044665,,0
ORD045296,,0
ORD020310,,0
ORD056011,,0
ORD024038,,0
ORD058476,,0
ORD033960,,0
ORD015533,,0
ORD023878,,0
ORD040568,toll_inflation,1
ORD031961,,0
ORD016503,,0
ORD043729,,0
ORD028797,,0
ORD009964,,0
ORD040822,,0
ORD018230,,0
ORD003840,,0
ORD030160,,0
ORD028818,,0
ORD020595,,0
ORD019767,,0
ORD010249,weight_discrepancy,1
ORD034855,,0
ORD046437,,0
ORD038555,,0
ORD041661,,0
ORD016207,,0
ORD027360,,0
ORD008020,,0
ORD058436,,0
ORD037847,,0
ORD022376,,0
ORD009055,,0
ORD054288,,0
ORD058993,,0
ORD026588,,0
ORD004856,,0
ORD011779,,0
ORD052808,,0
ORD016519,,0
ORD041366,,0
ORD006605,,0
ORD050836,,0
ORD056980,detention_padding,1
ORD057128,toll_inflation,1
ORD044728,toll_inflation,1
ORD013748,,0
ORD043294,,0
ORD059157,,0
ORD057487,,0
ORD052396,,0
ORD010971,,0
ORD018143,,0
ORD016446,,0
ORD013692,,0
ORD020041,,0
ORD006449,,0
ORD042588,,0
ORD025092,,0
ORD030719,toll_inflation,1
ORD020036,,0
ORD005902,,0
ORD049622,,0
ORD002546,,0
ORD049511,,0
ORD033483,,0
ORD053841,,0
ORD038839,,0
ORD029848,,0
ORD006320,detention_padding,1
ORD058384,,0
ORD049430,,0
ORD022089,,0
ORD000908,,0
ORD056145,,0
ORD014411,,0
ORD016143,,0
ORD038959,,0
ORD036379,,0
ORD050566,,0
ORD049187,,0
ORD003906,,0
ORD008977,,0
ORD049294,,0
ORD003941,,0
ORD038774,,0
ORD000563,,0
ORD053489,,0
ORD059632,,0
ORD027312,,0
ORD013332,,0
ORD037041,,0
ORD005184,,0
ORD041065,,0
ORD017171,,0
ORD023882,,0
ORD053451,,0
ORD007208,,0
ORD005543,,0
ORD018858,toll_inflation,1
ORD041048,,0
ORD011002,,0
ORD041886,,0
ORD009088,,0
ORD027063,,0
ORD048468,,0
ORD018691,,0
ORD016034,,0
ORD015346,,0
ORD004195,,0
ORD050783,,0
ORD024369,,0
ORD002027,,0
ORD030479,,0
ORD037617,,0
ORD006079,,0
ORD056717,toll_inflation,1
ORD036351,,0
ORD021088,,0
ORD005359,,0
ORD051963,,0
ORD011901,,0
ORD043140,,0
ORD024880,weight_discrepancy,1
ORD046774,,0
ORD035470,detention_padding,1
ORD034037,,0
ORD017181,,0
ORD018968,,0
ORD006233,,0
ORD050941,,0
ORD012807,,0
ORD036336,,0
ORD039040,detention_padding,1
ORD000088,,0
ORD028022,,0
ORD018717,,0
ORD018434,,0
ORD015619,,0
ORD009941,,0
ORD041625,,0
ORD022604,,0
ORD003808,,0
ORD008885,,0
ORD048760,,0
ORD022023,,0
ORD057680,,0
ORD034382,,0
ORD056289,,0
ORD039931,,0
ORD059520,,0
ORD052814,,0
ORD043474,,0
ORD003664,toll_inflation,1
ORD025242,,0
ORD014504,weight_discrepancy,1
ORD043209,,0
ORD059012,,0
ORD046389,,0
ORD052105,,0
ORD005086,,0
ORD028631,,0
ORD029870,,0
ORD024665,,0
ORD011057,,0
ORD011142,,0
ORD046143,,0
ORD059734,,0
ORD041821,,0
ORD031984,,0
ORD014324,,0
ORD029964,,0
ORD046456,,0
ORD058013,,0
ORD011926,weight_discrepancy,1
ORD045471,,0
ORD012358,,0
ORD047152,,0
ORD032823,,0
ORD052275,,0
ORD029392,,0
ORD018397,,0
ORD010863,,0
ORD039314,,0
ORD053131,,0
ORD039420,,0
ORD028677,,0
ORD058247,,0
ORD047649,,0
ORD048265,toll_inflation,1
ORD041489,,0
ORD048713,,0
ORD057478,,0
ORD022800,,0
ORD046816,,0
ORD033218,detention_padding,1
ORD047318,,0
ORD032042,,0
ORD051487,,0
ORD054750,,0
ORD046433,,0
ORD055618,,0
ORD004573,,0
ORD009337,,0
ORD005210,,0
ORD020666,,0
ORD049875,,0
ORD052783,,0
ORD049931,,0
ORD037606,,0
ORD027077,toll_inflation,1
ORD020745,,0
ORD020132,detention_padding,1
ORD000709,weight_discrepancy,1
ORD052149,,0
ORD016769,,0
ORD032213,,0
ORD020012,,0
ORD013313,,0
ORD046094,,0
ORD005313,,0
ORD026259,,0
ORD015548,,0
ORD033593,,0
ORD027707,,0
ORD007777,,0
ORD019566,,0
ORD050772,,0
ORD024729,,0
ORD059808,,0
ORD056332,,0
ORD041814,,0
ORD020008,,0
ORD030122,,0
ORD019391,,0
ORD010334,,0
ORD039047,,0
ORD023592,,0
ORD004394,detention_padding,1
ORD019720,,0
ORD027411,toll_inflation,1
ORD018206,,0
ORD035848,,0
ORD037026,,0
ORD033181,,0
ORD037980,,0
ORD044976,,0
ORD038892,,0
ORD055270,,0
ORD026313,,0
ORD020471,,0
ORD045535,,0
ORD010683,,0
ORD030491,,0
ORD029176,,0
ORD049167,,0
ORD032840,,0
ORD030197,,0
ORD006034,,0
ORD046934,,0
ORD024491,,0
ORD050448,,0
ORD010769,,0
ORD051475,,0
ORD030771,,0
ORD055533,,0
ORD033157,,0
ORD057561,,0
ORD056419,,0
ORD013181,,0
ORD053955,,0
ORD053649,,0
ORD024737,,0
ORD054688,,0
ORD042853,,0
ORD040615,,0
ORD042782,,0
ORD019787,,0
ORD011524,,0
ORD043290,,0
ORD004154,,0
ORD006699,,0
ORD017864,,0
ORD009238,,0
ORD003701,,0
ORD000286,,0
ORD057316,,0
ORD003253,weight_discrepancy,1
ORD041007,toll_inflation,1
ORD033196,,0
ORD047773,toll_inflation,1
ORD036299,,0
ORD033705,,0
ORD022373,,0
ORD013820,,0
ORD016057,,0
ORD026593,,0
ORD017015,,0
ORD052680,,0
ORD002295,,0
ORD030681,detention_padding,1
ORD005989,,0
ORD054526,weight_discrepancy,1
ORD027758,,0
ORD040604,,0
ORD042096,,0
ORD032802,,0
ORD054702,,0
ORD000098,,0
ORD010963,,0
ORD021642,,0
ORD039176,,0
ORD011461,,0
ORD043461,,0
ORD048867,,0
ORD031114,,0
ORD018273,,0
ORD031361,,0
ORD046910,,0
ORD021744,,0
ORD011610,,0
ORD026401,,0
ORD029298,,0
ORD033596,,0
ORD003420,,0
ORD028090,,0
ORD011849,,0
ORD059670,weight_discrepancy,1
ORD030237,,0
ORD039046,weight_discrepancy,1
ORD033351,,0
ORD018835,,0
ORD003533,,0
ORD056326,,0
ORD016108,,0
ORD043261,,0
ORD039493,,0
ORD031424,,0
ORD042495,,0
ORD052324,weight_discrepancy,1
ORD030248,,0
ORD052653,,0
ORD017767,,0
ORD014096,,0
ORD002577,,0
ORD031704,,0
ORD003262,,0
ORD057570,,0
ORD040432,,0
ORD006826,,0
ORD031665,,0
ORD019438,,0
ORD056754,,0
ORD018393,,0
ORD004860,,0
ORD020789,detention_padding,1
ORD024793,,0
ORD000168,,0
ORD050223,,0
ORD039993,,0
ORD042457,,0
ORD043545,detention_padding,1
ORD053083,,0
ORD050268,,0
ORD024783,,0
ORD001796,,0
ORD040662,toll_inflation,1
ORD005138,,0
ORD013616,,0
ORD055255,,0
ORD044847,,0
ORD007051,,0
ORD036962,,0
ORD059745,,0
ORD026450,,0
ORD044465,,0
ORD009014,,0
ORD054454,,0
ORD030829,,0
ORD041530,,0
ORD013454,,0
ORD006143,,0
ORD035776,,0
ORD000545,,0
ORD032515,,0
ORD026124,,0
ORD043507,,0
ORD041218,,0
ORD012195,,0
ORD001087,,0
ORD050809,,0
ORD027333,,0
ORD053456,weight_discrepancy,1
ORD018803,weight_discrepancy,1
ORD050648,detention_padding,1
ORD025359,,0
ORD052179,,0
ORD044091,,0
ORD032256,,0
ORD032087,,0
ORD035466,,0
ORD007576,,0
ORD049533,,0
ORD031512,,0
ORD027422,,0
ORD025197,,0
ORD024027,,0
ORD009058,,0
ORD006597,,0
ORD024968,,0
ORD034527,,0
ORD030941,,0
ORD039210,,0
ORD023936,,0
ORD023802,,0
ORD030498,,0
ORD022933,,0
ORD051854,,0
ORD014022,,0
ORD015157,,0
ORD052422,,0
ORD040448,,0
ORD022020,,0
ORD011600,,0
ORD040334,,0
ORD053794,,0
ORD024005,,0
ORD016082,,0
ORD029707,,0
ORD035508,,0
ORD040128,,0
ORD051572,,0
ORD044303,,0
ORD043661,toll_inflation,1
ORD041197,,0
ORD030885,,0
ORD006228,,0
ORD032909,,0
ORD007100,,0
ORD006607,,0
ORD012107,,0
ORD018439,,0
ORD033251,,0
ORD001418,,0
ORD041733,,0
ORD028549,,0
ORD048079,,0
ORD052682,,0
ORD011098,,0
ORD031141,toll_inflation,1
ORD049019,,0
ORD042003,,0
ORD037210,,0
ORD055909,,0
ORD005249,,0
ORD059242,,0
ORD051137,,0
ORD028370,,0
ORD019474,,0
ORD000710,,0
ORD044233,,0
ORD024351,,0
ORD054947,,0
ORD027619,,0
ORD022425,,0
ORD019328,,0
ORD026019,,0
ORD023337,,0
ORD036740,,0
ORD041831,,0
ORD013046,,0
ORD049301,,0
ORD003843,,0
ORD054441,,0
ORD034937,,0
ORD057817,weight_discrepancy,1
ORD024790,,0
ORD006468,,0
ORD056631,,0
ORD012376,,0
ORD026031,,0
ORD009019,,0
ORD036159,,0
ORD028132,,0
ORD041732,,0
ORD000750,,0
ORD000111,,0
ORD024900,,0
ORD049507,,0
ORD025871,,0
ORD012424,,0
ORD050633,,0
ORD000329,,0
ORD016618,,0
ORD010173,detention_padding,1
ORD001748,,0
ORD052263,,0
ORD013467,toll_inflation,1
ORD021423,,0
ORD025377,,0
ORD024940,,0
ORD048078,,0
ORD002781,,0
ORD019545,,0
ORD036965,,0
ORD007013,,0
ORD016913,,0
ORD015488,,0
ORD021188,,0
ORD043744,,0
ORD022484,,0
ORD046631,,0
ORD009349,,0
ORD024175,,0
ORD028359,,0
ORD050099,,0
ORD027385,,0
ORD033348,,0
ORD033147,,0
ORD059848,,0
ORD054465,,0
ORD001879,,0
ORD034328,,0
ORD024693,,0
ORD038994,,0
ORD039125,,0
ORD014466,,0
ORD005964,,0
ORD026113,,0
ORD011492,detention_padding,1
ORD044679,,0
ORD031201,,0
ORD029993,,0
ORD029678,,0
ORD041598,,0
ORD018578,,0
ORD006872,,0
ORD016018,,0
ORD052865,,0
ORD014392,,0
ORD023821,,0
ORD035334,,0
ORD016761,,0
ORD012382,,0
ORD053804,,0
ORD043871,,0
ORD002747,,0
ORD041498,,0
ORD052722,,0
ORD056113,,0
ORD050749,,0
ORD003544,,0
ORD004844,,0
ORD004327,,0
ORD052949,,0
ORD040620,,0
ORD011281,toll_inflation,1
ORD044126,weight_discrepancy,1
ORD052473,,0
ORD052249,,0
ORD037779,weight_discrepancy,1
ORD022903,,0
ORD012169,,0
ORD049886,,0
ORD045361,,0
ORD048365,,0
ORD012069,,0
ORD010825,,0
ORD039096,,0
ORD023053,,0
ORD018979,,0
ORD035562,,0
ORD039966,,0
ORD043957,,0
ORD032124,,0
ORD033389,,0
ORD005311,,0
ORD012512,,0
ORD033917,,0
ORD054412,,0
ORD050863,,0
ORD024870,,0
ORD039822,,0
ORD041544,,0
ORD007164,,0
ORD031011,,0
ORD013697,,0
ORD038276,,0
ORD007188,,0
ORD048085,,0
ORD038111,,0
ORD030836,,0
ORD003640,,0
ORD031804,,0
ORD035236,,0
ORD050482,,0
ORD004500,,0
ORD009246,detention_padding,1
ORD051195,,0
ORD054215,,0
ORD038707,,0
ORD044060,,0
ORD042461,,0
ORD026700,,0
ORD002278,,0
ORD002996,,0
ORD022590,,0
ORD014012,,0
ORD032785,,0
ORD054609,,0
ORD021276,,0
ORD027868,,0
ORD051729,,0
ORD036567,,0
ORD027921,,0
ORD032947,,0
ORD040545,,0
ORD014016,,0
ORD025386,,0
ORD055950,,0
ORD055666,,0
ORD052446,,0
ORD035658,,0
ORD034518,,0
ORD028979,,0
ORD028330,,0
ORD055547,,0
ORD035177,,0
ORD029826,,0
ORD050920,,0
ORD027554,,0
ORD022027,,0
ORD029777,,0
ORD005257,,0
ORD059009,,0
ORD011560,detention_padding,1
ORD049383,,0
ORD013757,,0
ORD027089,,0
ORD021245,weight_discrepancy,1
ORD048370,,0
ORD042421,,0
ORD030093,,0
ORD011566,,0
ORD007336,,0
ORD052891,weight_discrepancy,1
ORD050451,,0
ORD030437,,0
ORD035123,,0
ORD011230,,0
ORD020009,,0
ORD037306,,0
ORD037411,,0
ORD013535,,0
ORD028428,weight_discrepancy,1
ORD016383,,0
ORD027297,weight_discrepancy,1
ORD037307,,0
ORD014892,,0
ORD002506,,0
ORD009118,,0
ORD047497,,0
ORD059415,,0
ORD025189,,0
ORD041134,,0
ORD033087,,0
ORD057382,,0
ORD031079,,0
ORD018745,,0
ORD007661,,0
ORD003024,,0
ORD004700,,0
ORD016259,,0
ORD044963,,0
ORD005504,,0
ORD026938,,0
ORD057581,,0
ORD014666,,0
ORD053418,,0
ORD032002,,0
ORD057771,,0
ORD042946,,0
ORD045834,,0
ORD007482,,0
ORD042936,,0
ORD047191,,0
ORD046503,,0
ORD046924,,0
ORD016491,toll_inflation,1
ORD029232,,0
ORD057278,,0
ORD053299,,0
ORD014249,,0
ORD055708,,0
ORD059232,,0
ORD045489,,0
ORD057041,,0
ORD026433,,0
ORD010175,,0
ORD016162,,0
ORD008843,,0
ORD003561,,0
ORD019373,,0
ORD021311,,0
ORD036385,,0
ORD007183,,0
ORD008845,,0
ORD010495,,0
ORD050441,,0
ORD011153,,0
ORD040961,,0
ORD035539,,0
ORD017559,,0
ORD003356,,0
ORD026359,,0
ORD014620,,0
ORD014697,,0
ORD016202,,0
ORD057730,,0
ORD001549,,0
ORD015353,,0
ORD050747,,0
ORD030889,,0
ORD043623,,0
ORD019122,,0
ORD040784,,0
ORD016846,,0
ORD007388,weight_discrepancy,1
ORD049777,,0
ORD041945,,0
ORD023034,,0
ORD008782,,0
ORD020264,,0
ORD010018,weight_discrepancy,1
ORD056685,,0
ORD023990,,0
ORD022049,,0
ORD042843,,0
ORD032687,,0
ORD022110,,0
ORD051874,,0
ORD044207,,0
ORD034576,,0
ORD016482,,0
ORD032967,,0
ORD053724,,0
ORD017671,,0
ORD050935,,0
ORD011748,,0
ORD014222,toll_inflation,1
ORD048983,,0
ORD024064,,0
ORD012394,,0
ORD025275,,0
ORD029422,,0
ORD014422,,0
ORD043080,,0
ORD012144,,0
ORD045125,,0
ORD003720,,0
ORD012912,,0
ORD010573,,0
ORD005524,,0
ORD029545,,0
ORD003639,,0
ORD006253,,0
ORD026406,,0
ORD044453,,0
ORD049642,,0
ORD017411,,0
ORD005445,,0
ORD003758,,0
ORD013572,,0
ORD050403,weight_discrepancy,1
ORD017287,,0
ORD053906,,0
ORD049729,,0
ORD014397,,0
ORD047003,,0
ORD009108,,0
ORD003612,,0
ORD055959,,0
ORD026618,,0
ORD027337,,0
ORD026300,,0
ORD044577,,0
ORD014757,,0
ORD038624,,0
ORD041459,,0
ORD046382,,0
ORD059984,,0
ORD019993,,0
ORD026069,,0
ORD020277,,0
ORD009669,,0
ORD005337,,0
ORD035717,,0
ORD041237,,0
ORD043771,,0
ORD024154,,0
ORD059579,,0
ORD021747,,0
ORD031151,,0
ORD037881,,0
ORD037885,,0
ORD028456,,0
ORD006062,,0
ORD004190,,0
ORD041319,,0
ORD040469,,0
ORD058461,weight_discrepancy,1
ORD020418,,0
ORD047969,,0
ORD050057,,0
ORD049465,,0
ORD014161,,0
ORD040465,,0
ORD012564,detention_padding,1
ORD059223,,0
ORD043214,,0
ORD054405,,0
ORD041616,,0
ORD050726,,0
ORD011761,,0
ORD020181,,0
ORD028767,,0
ORD015658,,0
ORD011166,,0
ORD032954,,0
ORD041203,weight_discrepancy,1
ORD051079,,0
ORD043742,,0
ORD001984,,0
ORD043457,,0
ORD052202,,0
ORD042077,,0
ORD008900,,0
ORD021116,detention_padding,1
ORD053386,,0
ORD016200,,0
ORD004831,,0
ORD026042,,0
ORD023706,,0
ORD017212,,0
ORD022624,,0
ORD022615,,0
ORD030213,,0
ORD021618,,0
ORD028305,,0
ORD007791,,0
ORD057723,,0
ORD014113,,0
ORD025803,,0
ORD051881,,0
ORD013992,,0
ORD053154,,0
ORD046155,,0
ORD013402,,0
ORD043171,,0
ORD003438,,0
ORD048550,,0
ORD041729,,0
ORD031179,,0
ORD055349,,0
ORD047493,,0
ORD049847,,0
ORD014415,,0
ORD016322,,0
ORD046993,,0
ORD026831,,0
ORD043578,,0
ORD015091,weight_discrepancy,1
ORD008489,,0
ORD003355,,0
ORD023371,,0
ORD057965,,0
ORD036986,,0
ORD017596,,0
ORD016696,,0
ORD051926,weight_discrepancy,1
ORD040222,toll_inflation,1
ORD009602,,0
ORD005111,,0
ORD030977,,0
ORD048486,,0
ORD014312,,0
ORD025355,,0
ORD016857,,0
ORD031395,,0
ORD021293,,0
ORD050987,,0
ORD025496,,0
ORD015865,,0
ORD055262,,0
ORD002507,,0
ORD015566,,0
ORD025036,,0
ORD057541,,0
ORD048240,weight_discrepancy,1
ORD056811,,0
ORD008390,,0
ORD010514,,0
ORD056702,,0
ORD021516,detention_padding,1
ORD045045,,0
ORD037893,,0
ORD013797,,0
ORD057668,,0
ORD023328,,0
ORD029922,toll_inflation,1
ORD033144,,0
ORD004025,,0
ORD057108,,0
ORD012444,,0
ORD042471,,0
ORD052076,,0
ORD051508,,0
ORD041440,,0
ORD047235,,0
ORD054485,,0
ORD002365,,0
ORD049791,,0
ORD048382,,0
ORD043201,,0
ORD012102,,0
ORD049157,,0
ORD042566,,0
ORD058005,,0
ORD058603,,0
ORD000323,,0
ORD022798,,0
ORD050808,,0
ORD019000,,0
ORD020254,,0
ORD015731,,0
ORD050238,,0
ORD008960,,0
ORD020321,,0
ORD008653,toll_inflation,1
ORD053392,,0
ORD001001,,0
ORD005261,,0
ORD007400,weight_discrepancy,1
ORD041295,,0
ORD043240,,0
ORD020781,,0
ORD025056,,0
ORD017519,,0
ORD047117,,0
ORD024967,,0
ORD047324,,0
ORD004448,,0
ORD038909,,0
ORD035801,,0
ORD048145,,0
ORD020674,,0
ORD000915,,0
ORD046107,,0
ORD002619,,0
ORD026668,,0
ORD010392,,0
ORD008092,,0
ORD003651,,0
ORD016088,,0
ORD037154,,0
ORD024912,,0
ORD029175,,0
ORD030936,,0
ORD035299,,0
ORD001935,,0
ORD018154,,0
ORD044705,,0
ORD026792,,0
ORD042785,,0
ORD027423,,0
ORD050615,,0
ORD046912,,0
ORD056420,,0
ORD046386,,0
ORD057717,,0
ORD014090,,0
ORD034885,,0
ORD055208,,0
ORD009312,,0
ORD042628,,0
ORD029947,,0
ORD033569,,0
ORD017701,,0
ORD008293,,0
ORD050162,,0
ORD034953,,0
ORD031175,,0
ORD044237,,0
ORD041457,,0
ORD052536,,0
ORD051030,,0
ORD003376,,0
ORD030193,,0
ORD055788,,0
ORD009448,,0
ORD027602,weight_discrepancy,1
ORD016435,,0
ORD054257,,0
ORD024774,,0
ORD033935,,0
ORD024929,toll_inflation,1
ORD033350,,0
ORD052354,,0
ORD031098,,0
ORD007582,,0
ORD037015,,0
ORD017113,,0
ORD047737,,0
ORD004873,,0
ORD052826,,0
ORD022272,,0
ORD056497,,0
ORD012772,,0
ORD032861,,0
ORD004380,weight_discrepancy,1
ORD034311,,0
ORD015306,,0
ORD011547,,0
ORD001609,,0
ORD022209,,0
ORD044826,,0
ORD039317,,0
ORD007071,,0
ORD015815,,0
ORD057417,,0
ORD056985,,0
ORD055042,,0
ORD002379,,0
ORD019109,,0
ORD040581,,0
ORD014991,,0
ORD034654,,0
ORD049147,,0
ORD000213,,0
ORD035943,,0
ORD040548,,0
ORD058555,,0
ORD050071,toll_inflation,1
ORD049161,,0
ORD058364,,0
ORD029214,,0
ORD034042,,0
ORD022213,,0
ORD008967,,0
ORD053219,,0
ORD053550,,0
ORD053338,,0
ORD007318,,0
ORD035838,,0
ORD004353,,0
ORD004224,,0
ORD011698,,0
ORD030152,,0
ORD027474,,0
ORD054807,,0
ORD000260,,0
ORD055642,,0
ORD026175,,0
ORD045389,detention_padding,1
ORD032580,,0
ORD053396,,0
ORD022199,,0
ORD002642,,0
ORD005222,,0
ORD036854,,0
ORD054770,,0
ORD052550,,0
ORD046548,,0
ORD050597,,0
ORD049539,,0
ORD009890,,0
ORD027017,,0
ORD039833,,0
ORD049944,,0
ORD051492,,0
ORD006259,,0
ORD039861,,0
ORD039714,,0
ORD013547,,0
ORD034907,,0
ORD013337,,0
ORD053236,,0
ORD011781,,0
ORD040863,,0
ORD003532,,0
ORD044892,,0
ORD033207,,0
ORD045973,,0
ORD030632,,0
ORD029934,,0
ORD002066,,0
ORD021292,,0
ORD007170,,0
ORD006539,,0
ORD041380,,0
ORD013745,,0
ORD040930,,0
ORD005695,,0
ORD002326,,0
ORD052487,,0
ORD001376,,0
ORD017849,,0
ORD033953,,0
ORD049360,,0
ORD007833,,0
ORD002726,,0
ORD050256,,0
ORD054952,,0
ORD055123,,0
ORD036472,,0
ORD002761,,0
ORD059091,,0
ORD040732,,0
ORD012015,,0
ORD049246,,0
ORD014138,,0
ORD025391,,0
ORD025052,detention_padding,1
ORD055400,,0
ORD036167,,0
ORD024782,weight_discrepancy,1
ORD021651,,0
ORD005857,,0
ORD006001,,0
ORD035910,,0
ORD021788,,0
ORD012246,,0
ORD044176,,0
ORD051399,,0
ORD039056,,0
ORD058058,,0
ORD051914,,0
ORD023888,,0
ORD054171,,0
ORD007167,,0
ORD054707,,0
ORD019431,,0
ORD028329,,0
ORD003568,,0
ORD010444,,0
ORD035892,,0
ORD034530,,0
ORD026922,,0
ORD053156,,0
ORD013229,,0
ORD030666,,0
ORD046108,,0
ORD055897,,0
ORD021451,weight_discrepancy,1
ORD040517,,0
ORD019125,,0
ORD007601,,0
ORD036741,,0
ORD040355,,0
ORD003298,,0
ORD053015,,0
ORD053201,,0
ORD051851,,0
ORD031214,,0
ORD049920,,0
ORD029075,,0
ORD042778,,0
ORD041264,,0
ORD044990,,0
ORD039031,,0
ORD017362,,0
ORD010775,,0
ORD053449,,0
ORD045383,,0
ORD016943,,0
ORD008061,,0
ORD041619,,0
ORD039113,,0
ORD033053,,0
ORD021547,,0
ORD050793,,0
ORD021089,weight_discrepancy,1
ORD005963,,0
ORD028891,,0
ORD050347,,0
ORD003221,,0
ORD032459,,0
ORD036110,,0
ORD008033,,0
ORD000494,,0
ORD033149,,0
ORD024723,,0
ORD025137,,0
ORD039611,,0
ORD048757,,0
ORD015667,,0
ORD029594,,0
ORD048113,,0
ORD024211,,0
ORD011800,,0
ORD057847,,0
ORD059271,,0
ORD034903,,0
ORD044391,,0
ORD017205,,0
ORD039672,,0
ORD022138,weight_discrepancy,1
ORD035250,,0
ORD000428,,0
ORD015492,,0
ORD005957,,0
ORD026756,,0
ORD009275,,0
ORD032796,,0
ORD006800,,0
ORD045232,,0
ORD003184,,0
ORD027133,,0
ORD055503,,0
ORD002682,,0
ORD026852,,0
ORD019322,,0
ORD051504,,0
ORD007301,,0
ORD006280,toll_inflation,1
ORD036602,,0
ORD049751,,0
ORD058093,,0
ORD039881,,0
ORD010342,,0
ORD034281,,0
ORD000894,,0
ORD029308,,0
ORD005439,,0
ORD013075,,0
ORD023293,,0
ORD020049,,0
ORD053091,weight_discrepancy,1
ORD007378,,0
ORD005320,,0
ORD044945,,0
ORD045583,,0
ORD022728,,0
ORD005252,,0
ORD020222,,0
ORD032811,,0
ORD026701,,0
ORD014618,toll_inflation,1
ORD011938,,0
ORD041554,,0
ORD037197,,0
ORD015766,,0
ORD019024,,0
ORD048389,,0
ORD005676,detention_padding,1
ORD015872,,0
ORD011998,,0
ORD018459,,0
ORD001782,,0
ORD039853,,0
ORD021000,detention_padding,1
ORD052405,,0
ORD046465,,0
ORD021039,,0
ORD004458,detention_padding,1
ORD013252,,0
ORD003896,,0
ORD015669,,0
ORD006986,,0
ORD007682,,0
ORD041757,,0
ORD045769,,0
ORD053176,,0
ORD014166,,0
ORD012031,,0
ORD056327,,0
ORD026510,,0
ORD026431,,0
ORD051813,,0
ORD018851,,0
ORD041029,,0
ORD002847,,0
ORD020422,,0
ORD037477,,0
ORD055540,,0
ORD005197,,0
ORD021453,,0
ORD052894,,0
ORD025798,,0
ORD050513,,0
ORD043647,,0
ORD006621,,0
ORD045437,,0
ORD042911,,0
ORD046899,,0
ORD021999,,0
ORD025744,,0
ORD053802,,0
ORD009871,,0
ORD013752,detention_padding,1
ORD013723,,0
ORD005907,,0
ORD054377,,0
ORD051864,weight_discrepancy,1
ORD008232,,0
ORD039207,toll_inflation,1
ORD018471,,0
ORD046179,,0
ORD058165,,0
ORD048707,,0
ORD047295,,0
ORD008886,,0
ORD050478,,0
ORD005880,,0
ORD028199,,0
ORD045005,,0
ORD014788,,0
ORD010981,,0
ORD001208,,0
ORD012774,,0
ORD056695,,0
ORD000473,,0
ORD003949,,0
ORD048466,,0
ORD025141,,0
ORD024058,,0
ORD056692,,0
ORD053954,toll_inflation,1
ORD058000,,0
ORD020759,,0
ORD035472,,0
ORD051587,,0
ORD024885,toll_inflation,1
ORD011370,,0
ORD011368,,0
ORD017322,,0
ORD040319,,0
ORD041351,,0
ORD008499,,0
ORD053638,,0
ORD045463,,0
ORD035719,,0
ORD016887,,0
ORD048811,,0
ORD039090,,0
ORD037603,,0
ORD015045,,0
ORD049747,,0
ORD050959,,0
ORD045359,,0
ORD010732,,0
ORD033194,,0
ORD026620,,0
ORD011973,,0
ORD021683,,0
ORD035420,,0
ORD041627,,0
ORD041226,,0
ORD048985,,0
ORD000987,,0
ORD030082,,0
ORD035618,,0
ORD034547,,0
ORD012391,,0
ORD050236,,0
ORD001337,,0
ORD031320,,0
ORD046513,,0
ORD046560,,0
ORD010789,,0
ORD014707,toll_inflation,1
ORD028824,,0
ORD055408,,0
ORD051390,,0
ORD019143,,0
ORD055105,,0
ORD016016,,0
ORD056524,,0
ORD051661,,0
ORD005777,,0
ORD037871,,0
ORD045754,,0
ORD021004,,0
ORD008344,,0
ORD035065,detention_padding,1
ORD019963,,0
ORD038170,,0
ORD045537,,0
ORD000627,,0
ORD022528,,0
ORD049353,,0
ORD018398,,0
ORD033463,,0
ORD014150,,0
ORD001810,,0
ORD039275,,0
ORD028835,,0
ORD018685,,0
ORD041206,weight_discrepancy,1
ORD015879,,0
ORD041891,,0
ORD031414,,0
ORD021206,,0
ORD006585,,0
ORD021195,,0
ORD052774,,0
ORD044360,,0
ORD042231,,0
ORD018754,,0
ORD033007,,0
ORD043017,,0
ORD008424,,0
ORD053371,,0
ORD050416,,0
ORD016210,,0
ORD019450,,0
ORD042258,,0
ORD013105,,0
ORD057620,,0
ORD031727,,0
ORD024913,,0
ORD012889,,0
ORD004255,,0
ORD053825,,0
ORD002573,,0
ORD036771,,0
ORD013681,,0
ORD014751,,0
ORD042811,,0
ORD037351,,0
ORD051330,,0
ORD041828,,0
ORD006195,,0
ORD002736,,0
ORD050411,,0
ORD026084,,0
ORD006328,,0
ORD038819,,0
ORD005002,,0
ORD039072,,0
ORD006519,detention_padding,1
ORD029159,,0
ORD018837,,0
ORD048501,toll_inflation,1
ORD044879,,0
ORD038953,,0
ORD009176,,0
ORD059357,,0
ORD051623,,0
ORD007676,,0
ORD023925,,0
ORD001704,,0
ORD042468,,0
ORD019544,weight_discrepancy,1
ORD043741,,0
ORD042158,,0
ORD009458,,0
ORD009787,,0
ORD007924,,0
ORD029975,,0
ORD036716,,0
ORD042768,,0
ORD038496,,0
ORD000699,,0
ORD006943,,0
ORD027295,,0
ORD002032,weight_discrepancy,1
ORD006944,,0
ORD018363,toll_inflation,1
ORD007044,,0
ORD042560,,0
ORD005678,weight_discrepancy,1
ORD031790,weight_discrepancy,1
ORD011514,,0
ORD025642,,0
ORD038194,,0
ORD020577,,0
ORD022391,,0
ORD027723,,0
ORD012257,,0
ORD045218,detention_padding,1
ORD005034,,0
ORD034249,detention_padding,1
ORD026211,,0
ORD028440,,0
ORD051909,,0
ORD051726,,0
ORD004628,,0
ORD014240,,0
ORD041760,,0
ORD058940,,0
ORD032609,,0
ORD001939,,0
ORD017592,,0
ORD008267,,0
ORD023554,,0
ORD019602,detention_padding,1
ORD057046,,0
ORD030321,,0
ORD006887,detention_padding,1
ORD026014,,0
ORD053111,,0
ORD014193,,0
ORD015377,,0
ORD049446,,0
ORD018443,,0
ORD050685,detention_padding,1
ORD042210,toll_inflation,1
ORD045447,,0
ORD053242,,0
ORD028731,,0
ORD006928,,0
ORD050936,,0
ORD005719,,0
ORD054764,,0
ORD035295,,0
ORD059731,,0
ORD010382,,0
ORD054932,,0
ORD022864,,0
ORD046254,,0
ORD041179,,0
ORD004591,,0
ORD038546,,0
ORD010584,,0
ORD003302,weight_discrepancy,1
ORD013567,,0
ORD045196,,0
ORD016565,,0
ORD019665,,0
ORD001646,,0
ORD045970,,0
ORD040118,,0
ORD015181,,0
ORD015147,,0
ORD015455,,0
ORD035259,,0
ORD012579,,0
ORD051912,,0
ORD001356,,0
ORD029949,,0
ORD026825,,0
ORD022366,,0
ORD012193,,0
ORD002660,,0
ORD013041,,0
ORD018059,,0
ORD038378,,0
ORD005865,,0
ORD024679,,0
ORD015613,,0
ORD016882,,0
ORD032908,,0
ORD036439,,0
ORD004059,,0
ORD007855,,0
ORD032382,,0
ORD049156,,0
ORD048701,,0
ORD020585,,0
ORD010038,,0
ORD016996,,0
ORD035367,,0
ORD049577,,0
ORD022593,detention_padding,1
ORD003033,,0
ORD026898,,0
ORD004455,,0
ORD036244,,0
ORD034385,detention_padding,1
ORD040250,detention_padding,1
ORD037039,,0
ORD043478,,0
ORD039789,,0
ORD053180,,0
ORD017799,,0
ORD047720,,0
ORD054459,,0
ORD028215,,0
ORD034445,,0
ORD020909,,0
ORD035173,,0
ORD040208,detention_padding,1
ORD009223,,0
ORD056654,,0
ORD011762,,0
ORD034197,,0
ORD028121,,0
ORD001342,,0
ORD035061,,0
ORD057725,,0
ORD003109,,0
ORD029918,,0
ORD029091,,0
ORD008352,,0
ORD004234,,0
ORD001022,,0
ORD053141,,0
ORD006155,toll_inflation,1
ORD024089,,0
ORD055046,,0
ORD045211,,0
ORD003586,,0
ORD034207,,0
ORD055438,,0
ORD054056,,0
ORD011007,,0
ORD045076,,0
ORD012484,,0
ORD026202,,0
ORD031718,,0
ORD050364,,0
ORD059286,,0
ORD056734,,0
ORD055411,toll_inflation,1
ORD008688,,0
ORD023895,,0
ORD057187,,0
ORD056714,,0
ORD029241,,0
ORD051383,,0
ORD003582,,0
ORD024941,,0
ORD053114,,0
ORD044933,,0
ORD010879,,0
ORD037277,,0
ORD030640,,0
ORD042401,,0
ORD036904,,0
ORD047238,,0
ORD039589,weight_discrepancy,1
ORD027038,,0
ORD042932,,0
ORD012135,,0
ORD020573,,0
ORD009556,,0
ORD021819,,0
ORD043936,,0
ORD049210,,0
ORD050866,,0
ORD056777,,0
ORD050529,,0
ORD021704,,0
ORD016087,,0
ORD024014,,0
ORD029561,,0
ORD006271,,0
ORD024568,,0
ORD011029,,0
ORD023145,,0
ORD001618,,0
ORD046024,,0
ORD026521,,0
ORD038079,,0
ORD051687,,0
ORD019267,,0
ORD052210,,0
ORD026170,,0
ORD047316,,0
ORD013714,,0
ORD017472,,0
ORD051660,,0
ORD002876,,0
ORD048394,,0
ORD052444,,0
ORD013411,,0
ORD057453,,0
ORD045460,,0
ORD019310,,0
ORD053936,,0
ORD005829,,0
ORD041002,,0
ORD036403,,0
ORD058996,,0
ORD013080,,0
ORD032128,,0
ORD017198,,0
ORD026335,,0
ORD004632,,0
ORD048675,,0
ORD018136,,0
ORD013590,,0
ORD031865,,0
ORD004143,,0
ORD052290,,0
ORD035229,,0
ORD020182,,0
ORD053997,,0
ORD029502,,0
ORD026703,,0
ORD031371,,0
ORD017274,,0
ORD035531,,0
ORD000840,,0
ORD038580,detention_padding,1
ORD055942,,0
ORD048269,,0
ORD005918,,0
ORD046205,,0
ORD008353,,0
ORD018639,toll_inflation,1
ORD056560,,0
ORD035280,,0
ORD051170,,0
ORD041902,,0
ORD020506,,0
ORD034458,,0
ORD023910,,0
ORD024738,,0
ORD053214,,0
ORD019214,,0
ORD008604,,0
ORD057422,,0
ORD033658,,0
ORD057628,toll_inflation,1
ORD018599,,0
ORD040673,,0
ORD019436,,0
ORD014305,,0
ORD006964,,0
ORD010772,,0
ORD004475,,0
ORD046874,,0
ORD006669,,0
ORD024463,,0
ORD040312,,0
ORD023342,,0
ORD042117,,0
ORD018217,detention_padding,1
ORD055333,,0
ORD055805,,0
ORD026412,,0
ORD002928,,0
ORD033412,,0
ORD005772,,0
ORD033877,,0
ORD030139,,0
ORD059913,,0
ORD019973,,0
ORD021482,,0
ORD038104,,0
ORD019983,,0
ORD015094,,0
ORD054020,,0
ORD035729,,0
ORD019057,,0
ORD026911,,0
ORD013808,,0
ORD005844,,0
ORD029427,,0
ORD007952,,0
ORD056924,,0
ORD015391,,0
ORD010310,,0
ORD002125,,0
ORD018396,,0
ORD014821,,0
ORD036301,,0
ORD051577,,0
ORD004490,,0
ORD017624,,0
ORD004864,,0
ORD029386,,0
ORD043212,,0
ORD052717,toll_inflation,1
ORD021875,,0
ORD048943,,0
ORD007407,,0
ORD014228,,0
ORD017477,,0
ORD053482,,0
ORD033439,,0
ORD018956,,0
ORD000916,,0
ORD047277,,0
ORD036693,,0
ORD026292,,0
ORD045824,,0
ORD042663,,0
ORD013384,,0
ORD051899,,0
ORD054253,,0
ORD059541,,0
ORD051088,,0
ORD039339,,0
ORD031379,,0
ORD052264,,0
ORD035700,,0
ORD051884,,0
ORD032009,weight_discrepancy,1
ORD046170,,0
ORD059531,,0
ORD041791,,0
ORD024485,,0
ORD036842,,0
ORD047952,,0
ORD011593,,0
ORD015001,,0
ORD050154,,0
ORD039063,,0
ORD047068,,0
ORD011925,,0
ORD053723,,0
ORD013436,,0
ORD018214,,0
ORD048022,,0
ORD012735,weight_discrepancy,1
ORD035211,,0
ORD018236,,0
ORD007163,,0
ORD051026,,0
ORD050965,,0
ORD034050,,0
ORD055579,,0
ORD051359,,0
ORD035893,,0
ORD005640,,0
ORD030036,,0
ORD005571,weight_discrepancy,1
ORD058716,,0
ORD000689,weight_discrepancy,1
ORD005765,,0
ORD000056,,0
ORD035069,detention_padding,1
ORD058448,,0
ORD037810,,0
ORD034534,,0
ORD036166,,0
ORD054310,,0
ORD052613,,0
ORD046532,,0
ORD013084,,0
ORD049421,,0
ORD018876,,0
ORD033821,detention_padding,1
ORD042590,,0
ORD044081,,0
ORD037335,,0
ORD010503,,0
ORD011119,,0
ORD027461,detention_padding,1
ORD057626,,0
ORD024623,,0
ORD034217,,0
ORD051513,,0
ORD006281,,0
ORD045399,,0
ORD042492,,0
ORD054656,,0
ORD004288,,0
ORD027053,,0
ORD032072,,0
ORD006275,toll_inflation,1
ORD000559,,0
ORD026503,,0
ORD044438,,0
ORD021539,,0
ORD026906,,0
ORD005713,,0
ORD026606,,0
ORD048088,detention_padding,1
ORD017923,,0
ORD043366,,0
ORD058974,,0
ORD008727,,0
ORD058779,,0
ORD053356,,0
ORD022245,,0
ORD006221,,0
ORD049097,,0
ORD006752,,0
ORD038827,,0
ORD039333,,0
ORD048922,,0
ORD058117,,0
ORD023345,,0
ORD043463,,0
ORD003507,,0
ORD005820,,0
ORD057174,,0
ORD058072,,0
ORD010268,,0
ORD058009,,0
ORD004832,,0
ORD009308,,0
ORD051178,,0
ORD009550,,0
ORD019846,,0
ORD009044,,0
ORD033442,,0
ORD055990,,0
ORD024418,,0
ORD035400,,0
ORD035815,,0
ORD045206,,0
ORD012024,,0
ORD009299,,0
ORD051618,,0
ORD009295,detention_padding,1
ORD000241,,0
ORD012820,,0
ORD002185,,0
ORD042822,,0
ORD010701,detention_padding,1
ORD054948,,0
ORD026094,,0
ORD005953,,0
ORD009234,,0
ORD018925,,0
ORD001641,,0
ORD000367,,0
ORD019464,,0
ORD026569,,0
ORD046070,,0
ORD052216,,0
ORD017976,,0
ORD031321,,0
ORD055924,,0
ORD034240,,0
ORD041685,,0
ORD029047,toll_inflation,1
ORD000927,,0
ORD037801,,0
ORD016208,,0
ORD040190,,0
ORD020553,,0
ORD015737,,0
ORD032770,,0
ORD039688,,0
ORD010257,,0
ORD027450,,0
ORD055281,,0
ORD048143,,0
ORD053862,,0
ORD053366,,0
ORD016225,,0
ORD004956,,0
ORD033812,,0
ORD040860,,0
ORD019064,,0
ORD058753,,0
ORD043935,,0
ORD048712,,0
ORD013119,weight_discrepancy,1
ORD013827,,0
ORD009012,,0
ORD036812,,0
ORD009729,,0
ORD020971,,0
ORD021981,,0
ORD009852,,0
ORD041405,,0
ORD045877,,0
ORD019855,,0
ORD055136,,0
ORD056944,,0
ORD052810,,0
ORD004456,,0
ORD019005,toll_inflation,1
ORD055979,,0
ORD013127,,0
ORD053368,detention_padding,1
ORD033649,,0
ORD026214,,0
ORD028241,,0
ORD020262,,0
ORD026848,,0
ORD024158,,0
ORD030105,,0
ORD007968,,0
ORD042150,,0
ORD028107,,0
ORD050929,,0
ORD012551,,0
ORD052277,,0
ORD029903,,0
ORD030652,,0
ORD054126,,0
ORD053510,,0
ORD039474,,0
ORD018955,,0
ORD006220,,0
ORD044475,,0
ORD047050,,0
ORD001650,,0
ORD043363,,0
ORD053692,,0
ORD032995,,0
ORD034781,,0
ORD025404,toll_inflation,1
ORD001994,,0
ORD059538,,0
ORD046409,,0
ORD023803,,0
ORD050069,,0
ORD024088,,0
ORD016233,,0
ORD035977,toll_inflation,1
ORD027986,,0
ORD048297,,0
ORD022740,,0
ORD020990,,0
ORD009784,,0
ORD050209,,0
ORD002881,,0
ORD037341,detention_padding,1
ORD025922,,0
ORD016625,,0
ORD059324,,0
ORD017466,,0
ORD013894,,0
ORD048199,,0
ORD025923,,0
ORD030356,,0
ORD049209,,0
ORD038441,,0
ORD052518,toll_inflation,1
ORD047909,weight_discrepancy,1
ORD048318,,0
ORD025504,,0
ORD013157,,0
ORD024944,,0
ORD012168,,0
ORD037362,,0
ORD058545,,0
ORD031949,,0
ORD035691,,0
ORD049802,,0
ORD035940,,0
ORD046435,,0
ORD055356,,0
ORD013110,,0
ORD032647,,0
ORD006267,,0
ORD010391,,0
ORD054786,,0
ORD051151,,0
ORD023911,,0
ORD008948,,0
ORD052268,,0
ORD054248,,0
ORD006170,,0
ORD042318,,0
ORD041917,,0
ORD008815,,0
ORD053310,,0
ORD047011,,0
ORD049768,,0
ORD057102,,0
ORD034390,,0
ORD027809,,0
ORD012860,,0
ORD009509,,0
ORD052103,toll_inflation,1
ORD036295,,0
ORD055792,,0
ORD034320,toll_inflation,1
ORD030678,,0
ORD018421,,0
ORD027968,,0
ORD002318,,0
ORD010709,,0
ORD057884,,0
ORD017306,,0
ORD039057,,0
ORD054579,,0
ORD015888,,0
ORD007815,,0
ORD043704,,0
ORD039916,,0
ORD000288,,0
ORD041690,,0
ORD006591,,0
ORD007341,,0
ORD038948,,0
ORD006201,,0
ORD029584,,0
ORD003984,,0
ORD019849,,0
ORD042848,,0
ORD025882,,0
ORD038715,,0
ORD028844,weight_discrepancy,1
ORD046947,toll_inflation,1
ORD044432,,0
ORD044013,,0
ORD048092,,0
ORD018679,toll_inflation,1
ORD052027,,0
ORD019301,,0
ORD013173,,0
ORD005371,,0
ORD030137,,0
ORD036228,weight_discrepancy,1
ORD047895,,0
ORD038267,,0
ORD036943,,0
ORD048062,,0
ORD027850,,0
ORD023347,weight_discrepancy,1
ORD012798,,0
ORD040489,,0
ORD057819,,0
ORD046104,,0
ORD045124,,0
ORD035145,,0
ORD025370,,0
ORD057953,,0
ORD028903,,0
ORD002917,,0
ORD059945,,0
ORD046030,,0
ORD056987,,0
ORD041476,,0
ORD052769,,0
ORD013627,,0
ORD036242,,0
ORD001913,,0
ORD038397,,0
ORD010558,,0
ORD003478,,0
ORD015054,,0
ORD058994,,0
ORD022196,,0
ORD037931,,0
ORD051915,,0
ORD007218,,0
ORD025274,,0
ORD017861,,0
ORD020097,,0
ORD018718,,0
ORD012162,,0
ORD002472,,0
ORD025978,,0
ORD050313,,0
ORD029808,,0
ORD021299,,0
ORD053807,,0
ORD037338,,0
ORD053935,,0
ORD034857,weight_discrepancy,1
ORD051645,,0
ORD018741,,0
ORD052544,,0
ORD011415,,0
ORD042027,,0
ORD035292,,0
ORD013542,,0
ORD033946,,0
ORD024975,,0
ORD020785,,0
ORD016173,,0
ORD058675,,0
ORD009414,,0
ORD054716,,0
ORD016396,,0
ORD016301,,0
ORD016014,,0
ORD046159,,0
ORD034308,,0
ORD000876,,0
ORD017658,,0
ORD004264,,0
ORD001992,,0
ORD008924,,0
ORD036031,,0
ORD036049,,0
ORD050797,,0
ORD022378,,0
ORD025939,,0
ORD010703,,0
ORD053265,,0
ORD048586,,0
ORD055704,,0
ORD044650,,0
ORD011713,,0
ORD028435,,0
ORD012118,detention_padding,1
ORD040536,,0
ORD015992,,0
ORD033460,,0
ORD048735,,0
ORD000752,,0
ORD035600,,0
ORD038131,,0
ORD037323,,0
ORD046131,,0
ORD004412,,0
ORD023784,,0
ORD037063,,0
ORD052282,,0
ORD017318,,0
ORD024035,weight_discrepancy,1
ORD047772,,0
ORD050003,,0
ORD045291,,0
ORD004216,,0
ORD056450,,0
ORD043604,,0
ORD049674,,0
ORD022076,toll_inflation,1
ORD013862,,0
ORD009139,,0
ORD015474,,0
ORD040381,weight_discrepancy,1
ORD059256,,0
ORD037336,,0
ORD003463,,0
ORD034020,,0
ORD013647,,0
ORD016389,,0
ORD046460,,0
ORD023299,,0
ORD036030,,0
ORD015398,detention_padding,1
ORD014550,,0
ORD033820,,0
ORD032890,,0
ORD026692,,0
ORD006016,,0
ORD001352,,0
ORD015857,,0
ORD010751,,0
ORD011021,,0
ORD027950,,0
ORD015405,,0
ORD016894,,0
ORD012878,,0
ORD054371,,0
ORD054816,,0
ORD005518,,0
ORD005390,,0
ORD015389,,0
ORD044759,,0
ORD043302,,0
ORD015253,,0
ORD014670,,0
ORD042902,,0
ORD023177,,0
ORD051847,,0
ORD036927,,0
ORD046010,,0
ORD039383,,0
ORD051231,,0
ORD050755,,0
ORD056518,,0
ORD040705,,0
ORD044880,,0
ORD036932,,0
ORD059713,,0
ORD036916,,0
ORD048360,,0
ORD033943,,0
ORD050287,,0
ORD059030,,0
ORD037057,,0
ORD015824,,0
ORD037467,,0
ORD059215,,0
ORD023612,detention_padding,1
ORD015111,,0
ORD058399,,0
ORD009167,,0
ORD002821,,0
ORD038226,,0
ORD018286,,0
ORD034064,toll_inflation,1
ORD054384,weight_discrepancy,1
ORD018989,,0
ORD029632,,0
ORD027749,detention_padding,1
ORD013721,,0
ORD030276,,0
ORD027174,,0
ORD003263,,0
ORD008218,,0
ORD010824,,0
ORD003429,,0
ORD055715,,0
ORD030529,,0
ORD008628,,0
ORD004309,,0
ORD004016,weight_discrepancy,1
ORD001799,,0
ORD022988,,0
ORD028205,,0
ORD007037,,0
ORD055184,,0
ORD045777,,0
ORD008753,,0
ORD054977,,0
ORD027592,,0
ORD052099,,0
ORD015534,,0
ORD020700,,0
ORD045366,,0
ORD027681,,0
ORD048736,,0
ORD027697,,0
ORD044424,,0
ORD005669,,0
ORD001260,,0
ORD012628,,0
ORD032255,,0
ORD058223,,0
ORD021574,,0
ORD058370,,0
ORD031173,,0
ORD040750,,0
ORD007295,weight_discrepancy,1
ORD055893,,0
ORD059655,,0
ORD012560,,0
ORD026789,,0
ORD007346,,0
ORD025133,,0
ORD030125,,0
ORD028583,,0
ORD011573,,0
ORD028872,,0
ORD050321,,0
ORD056321,,0
ORD022539,,0
ORD018617,,0
ORD014973,,0
ORD022277,,0
ORD042752,,0
ORD022252,,0
ORD053125,,0
ORD009743,,0
ORD053162,,0
ORD042751,,0
ORD042375,,0
ORD032177,,0
ORD041786,,0
ORD020604,,0
ORD049675,,0
ORD031143,,0
ORD016564,,0
ORD016926,,0
ORD059168,,0
ORD034286,,0
ORD011330,,0
ORD022560,,0
ORD003644,,0
ORD024051,,0
ORD005931,,0
ORD037302,,0
ORD045717,,0
ORD024614,,0
ORD033016,,0
ORD020734,,0
ORD015752,,0
ORD035555,,0
ORD020783,,0
ORD044104,,0
ORD029194,detention_padding,1
ORD011871,,0
ORD019955,weight_discrepancy,1
ORD002400,,0
ORD005135,detention_padding,1
ORD009792,,0
ORD014196,,0
ORD003101,,0
ORD023386,detention_padding,1
ORD036016,,0
ORD016681,,0
ORD039845,,0
ORD034810,,0
ORD045177,,0
ORD055600,,0
ORD001177,,0
ORD028671,weight_discrepancy,1
ORD039316,,0
ORD001783,,0
ORD032501,,0
ORD013768,toll_inflation,1
ORD054070,,0
ORD052111,,0
ORD009467,,0
ORD030367,,0
ORD035885,,0
ORD007209,toll_inflation,1
ORD026357,,0
ORD046733,,0
ORD000723,,0
ORD016060,,0
ORD013899,,0
ORD036229,,0
ORD019759,,0
ORD044807,,0
ORD050469,,0
ORD029656,,0
ORD021502,,0
ORD039783,,0
ORD021604,,0
ORD036352,,0
ORD020648,,0
ORD008734,,0
ORD049773,,0
ORD021659,,0
ORD007878,,0
ORD055903,,0
ORD015575,,0
ORD030150,,0
ORD025467,,0
ORD024684,,0
ORD000020,,0
ORD030235,,0
ORD020769,,0
ORD009948,,0
ORD020584,,0
ORD055148,,0
ORD027339,,0
ORD050034,,0
ORD007001,,0
ORD007047,,0
ORD029190,,0
ORD012572,,0
ORD021614,,0
ORD056200,,0
ORD056871,,0
ORD040195,,0
ORD056337,,0
ORD014577,,0
ORD011803,,0
ORD021924,,0
ORD049366,,0
ORD037317,,0
ORD041717,,0
ORD046535,,0
ORD036097,,0
ORD047785,,0
ORD019026,,0
ORD016804,,0
ORD050272,,0
ORD047214,,0
ORD052489,,0
ORD033288,,0
ORD039028,,0
ORD003928,,0
ORD004895,,0
ORD046519,,0
ORD036164,,0
ORD043883,,0
ORD037773,,0
ORD053455,,0
ORD045065,,0
ORD057362,,0
ORD013351,,0
ORD059742,,0
ORD015957,,0
ORD025004,,0
ORD000696,,0
ORD008655,,0
ORD044560,,0
ORD037327,,0
ORD025785,,0
ORD051370,,0
ORD032729,,0
ORD032424,,0
ORD018361,,0
ORD048440,,0
ORD007765,,0
ORD041545,,0
ORD017106,,0
ORD001943,,0
ORD035157,,0
ORD019682,,0
ORD018804,,0
ORD008449,,0
ORD003439,,0
ORD021148,,0
ORD055498,,0
ORD015402,,0
ORD015112,,0
ORD034484,,0
ORD004349,,0
ORD053549,,0
ORD002418,,0
ORD020889,,0
ORD039306,,0
ORD016455,,0
ORD054464,,0
ORD031743,,0
ORD011466,,0
ORD014612,,0
ORD050458,,0
ORD023255,,0
ORD003918,,0
ORD030090,,0
ORD001344,,0
ORD059766,,0
ORD030952,,0
ORD055134,,0
ORD037118,,0
ORD036443,,0
ORD057369,,0
ORD027147,,0
ORD041472,,0
ORD028727,,0
ORD052450,,0
ORD007554,,0
ORD059038,,0
ORD054540,,0
ORD026021,,0
ORD058179,,0
ORD034250,,0
ORD039930,,0
ORD025864,,0
ORD021967,detention_padding,1
ORD011294,,0
ORD039550,,0
ORD042422,,0
ORD023350,,0
ORD026580,,0
ORD041832,,0
ORD000237,,0
ORD037742,,0
ORD051321,,0
ORD004329,,0
ORD012303,,0
ORD031288,,0
ORD016762,,0
ORD016547,,0
ORD032745,,0
ORD037753,,0
ORD002454,,0
ORD011754,,0
ORD013219,,0
ORD055622,weight_discrepancy,1
ORD028933,,0
ORD022018,toll_inflation,1
ORD012755,,0
ORD022295,,0
ORD010443,,0
ORD007956,,0
ORD059338,,0
ORD045207,,0
ORD017169,,0
ORD009840,,0
ORD055478,,0
ORD033107,,0
ORD045027,,0
ORD035622,,0
ORD042420,,0
ORD019649,,0
ORD040771,,0
ORD011641,,0
ORD054372,,0
ORD040516,,0
ORD048605,,0
ORD004743,,0
ORD006782,,0
ORD058600,,0
ORD032907,,0
ORD047951,,0
ORD028956,,0
ORD000259,,0
ORD042957,,0
ORD010497,detention_padding,1
ORD013290,,0
ORD008952,detention_padding,1
ORD002285,,0
ORD034185,,0
ORD020714,,0
ORD025304,,0
ORD049788,,0
ORD056891,,0
ORD054264,,0
ORD013352,,0
ORD022523,,0
ORD043699,,0
ORD018642,,0
ORD051534,,0
ORD013201,,0
ORD000694,toll_inflation,1
ORD029351,,0
ORD044189,,0
ORD028340,,0
ORD011374,,0
ORD008622,,0
ORD041803,,0
ORD056632,,0
ORD052687,,0
ORD005064,,0
ORD035547,,0
ORD054271,weight_discrepancy,1
ORD033408,,0
ORD037527,,0
ORD029231,,0
ORD022485,,0
ORD014429,,0
ORD050027,toll_inflation,1
ORD015544,,0
ORD026924,,0
ORD040589,,0
ORD032713,,0
ORD004938,,0
ORD011283,,0
ORD010736,,0
ORD027215,,0
ORD043564,,0
ORD042334,,0
ORD035797,,0
ORD052588,,0
ORD023437,,0
ORD035726,toll_inflation,1
ORD016855,,0
ORD047147,,0
ORD015576,,0
ORD011077,toll_inflation,1
ORD032972,,0
ORD029991,,0
ORD001514,,0
ORD028761,,0
ORD016546,,0
ORD020188,,0
ORD025811,,0
ORD013212,,0
ORD009435,,0
ORD019976,,0
ORD039308,,0
ORD004243,toll_inflation,1
ORD003346,weight_discrepancy,1
ORD015870,,0
ORD048853,,0
ORD041299,,0
ORD052378,,0
ORD043015,,0
ORD013447,,0
ORD032539,,0
ORD031417,,0
ORD005708,,0
ORD044562,,0
ORD051090,,0
ORD053680,,0
ORD003204,,0
ORD006627,,0
ORD021101,,0
ORD020994,,0
ORD017695,,0
ORD051656,,0
ORD013727,,0
ORD012776,,0
ORD040703,,0
ORD014393,,0
ORD032115,,0
ORD010688,,0
ORD000109,,0
ORD014942,,0
ORD035536,,0
ORD008277,,0
ORD045321,,0
ORD059504,,0
ORD026284,,0
ORD018591,,0
ORD005456,weight_discrepancy,1
ORD059953,,0
ORD047355,,0
ORD047518,,0
ORD050873,,0
ORD018705,,0
ORD032915,,0
ORD029703,,0
ORD046937,,0
ORD005437,,0
ORD018303,,0
ORD011122,,0
ORD015877,,0
ORD022356,,0
ORD021421,toll_inflation,1
ORD052578,,0
ORD027338,,0
ORD029865,,0
ORD052132,,0
ORD057334,,0
ORD002552,,0
ORD048733,weight_discrepancy,1
ORD000044,,0
ORD009170,,0
ORD020464,,0
ORD059549,detention_padding,1
ORD024151,,0
ORD050549,,0
ORD036484,,0
ORD055383,,0
ORD046806,,0
ORD010637,,0
ORD057448,,0
ORD055405,,0
ORD010735,,0
ORD029336,,0
ORD017757,,0
ORD010898,,0
ORD055345,,0
ORD010896,,0
ORD000690,,0
ORD000628,,0
ORD018798,,0
ORD014195,,0
ORD039490,,0
ORD041551,,0
ORD046574,,0
ORD034763,,0
ORD003753,,0
ORD055294,,0
ORD010586,,0
ORD056468,,0
ORD051771,,0
ORD048536,,0
ORD010841,,0
ORD040942,,0
ORD027853,,0
ORD012098,,0
ORD045294,,0
ORD020516,,0
ORD053041,,0
ORD025366,,0
ORD014842,,0
ORD037017,,0
ORD026485,,0
ORD019554,,0
ORD008826,,0
ORD024676,,0
ORD003347,,0
ORD031829,,0
ORD035477,,0
ORD023131,,0
ORD020200,,0
ORD024586,,0
ORD028752,,0
ORD044306,,0
ORD015773,,0
ORD054200,,0
ORD056131,,0
ORD020968,,0
ORD039205,,0
ORD012064,,0
ORD034841,,0
ORD019345,,0
ORD032764,,0
ORD059977,,0
ORD044944,,0
ORD017714,,0
ORD020502,,0
ORD033824,,0
ORD021978,,0
ORD022130,,0
ORD019333,,0
ORD053268,,0
ORD050239,detention_padding,1
ORD043892,,0
ORD019340,,0
ORD015250,,0
ORD001206,,0
ORD027392,,0
ORD013794,,0
ORD038369,,0
ORD045052,,0
ORD023332,,0
ORD034734,,0
ORD000823,,0
ORD044850,,0
ORD000206,,0
ORD020840,,0
ORD042236,,0
ORD028890,,0
ORD001906,,0
ORD004762,,0
ORD000102,,0
ORD059902,,0
ORD021743,,0
ORD035750,,0
ORD006496,,0
ORD029171,,0
ORD012509,,0
ORD032667,,0
ORD020873,,0
ORD040303,,0
ORD051229,,0
ORD034040,,0
ORD042205,,0
ORD057197,,0
ORD014526,,0
ORD054188,,0
ORD018526,,0
ORD057272,,0
ORD008947,,0
ORD015061,,0
ORD040071,,0
ORD000899,,0
ORD053788,weight_discrepancy,1
ORD046117,,0
ORD037485,,0
ORD059958,,0
ORD029435,,0
ORD032507,,0
ORD053336,,0
ORD043213,,0
ORD043671,,0
ORD029799,,0
ORD042297,,0
ORD035762,,0
ORD025588,,0
ORD006927,,0
ORD052048,,0
ORD045267,,0
ORD003695,,0
ORD037846,,0
ORD042824,,0
ORD007490,,0
ORD024215,,0
ORD050695,,0
ORD022637,,0
ORD007097,,0
ORD031637,,0
ORD022232,,0
ORD034791,,0
ORD042389,,0
ORD059700,,0
ORD054908,,0
ORD038661,weight_discrepancy,1
ORD035690,,0
ORD000646,,0
ORD017746,,0
ORD005673,,0
ORD026651,,0
ORD029299,,0
ORD042753,,0
ORD006149,,0
ORD014708,,0
ORD044064,,0
ORD057199,,0
ORD045323,,0
ORD021354,,0
ORD034123,,0
ORD012632,,0
ORD002667,,0
ORD018480,,0
ORD017005,,0
ORD025688,,0
ORD019906,detention_padding,1
ORD040882,,0
ORD050574,,0
ORD048474,,0
ORD044027,,0
ORD012618,,0
ORD026127,,0
ORD059639,,0
ORD004075,,0
ORD011884,,0
ORD008513,,0
ORD036050,,0
ORD048285,,0
ORD046931,toll_inflation,1
ORD020454,,0
ORD045028,,0
ORD019140,,0
ORD034502,,0
ORD003654,,0
ORD029307,,0
ORD046938,,0
ORD028915,,0
ORD008895,,0
ORD055179,,0
ORD059580,,0
ORD027370,weight_discrepancy,1
ORD055822,,0
ORD028590,,0
ORD016023,,0
ORD013062,,0
ORD050786,,0
ORD056701,,0
ORD053712,,0
ORD048074,,0
ORD034519,,0
ORD051515,weight_discrepancy,1
ORD022407,,0
ORD029340,,0
ORD018408,,0
ORD055047,,0
ORD018734,,0
ORD048914,,0
ORD008725,,0
ORD055049,,0
ORD020962,,0
ORD033828,,0
ORD046351,,0
ORD057279,,0
ORD053450,,0
ORD049657,,0
ORD041643,,0
ORD021129,,0
ORD003727,weight_discrepancy,1
ORD018957,,0
ORD003713,,0
ORD051747,,0
ORD036882,,0
ORD025652,,0
ORD025656,,0
ORD054742,,0
ORD038519,,0
ORD042395,,0
ORD033759,,0
ORD050785,,0
ORD057340,toll_inflation,1
ORD024700,,0
ORD056865,,0
ORD013675,,0
ORD042760,,0
ORD031887,,0
ORD054541,,0
ORD022530,,0
ORD051631,,0
ORD053679,,0
ORD056549,,0
ORD034984,,0
ORD045826,,0
ORD051478,,0
ORD034016,,0
ORD008046,detention_padding,1
ORD015018,,0
ORD021799,,0
ORD035644,,0
ORD018009,,0
ORD057737,,0
ORD025413,,0
ORD025667,,0
ORD008832,,0
ORD055425,,0
ORD016145,,0
ORD054161,,0
ORD058045,,0
ORD010838,,0
ORD052118,,0
ORD005465,,0
ORD047114,,0
ORD010705,,0
ORD033094,,0
ORD029931,detention_padding,1
ORD021218,,0
ORD027905,weight_discrepancy,1
ORD020550,,0
ORD044384,,0
ORD003155,,0
ORD016805,,0
ORD054751,,0
ORD048397,,0
ORD004367,,0
ORD006780,,0
ORD005131,,0
ORD015537,,0
ORD045304,,0
ORD058190,,0
ORD027703,,0
ORD029856,,0
ORD011930,,0
ORD017704,,0
ORD041743,,0
ORD044968,weight_discrepancy,1
ORD010515,,0
ORD002342,,0
ORD000158,,0
ORD000452,,0
ORD029041,toll_inflation,1
ORD009254,,0
ORD022564,,0
ORD027500,,0
ORD024762,,0
ORD014893,,0
ORD021345,,0
ORD022720,,0
ORD050526,,0
ORD042060,,0
ORD037291,,0
ORD023025,,0
ORD032658,,0
ORD015557,,0
ORD004962,,0
ORD030725,,0
ORD036476,,0
ORD028143,,0
ORD015922,,0
ORD049810,,0
ORD027298,,0
ORD026661,,0
ORD024301,,0
ORD021726,detention_padding,1
ORD048068,,0
ORD027785,,0
ORD044895,,0
ORD019274,,0
ORD024841,,0
ORD049942,,0
ORD037973,,0
ORD013273,,0
ORD046231,,0
ORD037538,,0
ORD000670,,0
ORD015629,,0
ORD010039,,0
ORD002420,,0
ORD024927,,0
ORD011900,,0
ORD044863,,0
ORD057860,,0
ORD026826,,0
ORD041924,,0
ORD044252,,0
ORD035937,,0
ORD038985,,0
ORD047202,,0
ORD013017,,0
ORD027975,,0
ORD022143,,0
ORD039187,,0
ORD054204,,0
ORD027869,,0
ORD009704,,0
ORD008590,,0
ORD014174,weight_discrepancy,1
ORD045937,,0
ORD055658,,0
ORD044459,,0
ORD018165,detention_padding,1
ORD003112,,0
ORD021086,,0
ORD027002,,0
ORD036878,,0
ORD027640,,0
ORD024489,,0
ORD001302,,0
ORD001548,,0
ORD021027,,0
ORD015348,,0
ORD010915,,0
ORD033095,,0
ORD014125,,0
ORD015511,,0
ORD042488,,0
ORD053789,,0
ORD056369,,0
ORD009231,detention_padding,1
ORD009523,,0
ORD006289,,0
ORD014752,,0
ORD028804,,0
ORD003536,weight_discrepancy,1
ORD046687,,0
ORD034819,,0
ORD008399,,0
ORD035378,,0
ORD027693,,0
ORD022679,,0
ORD058348,,0
ORD024280,,0
ORD035107,,0
ORD008875,,0
ORD051972,,0
ORD034488,,0
ORD010340,,0
ORD029096,,0
ORD013310,,0
ORD057883,,0
ORD006744,,0
ORD053476,,0
ORD036675,,0
ORD036256,,0
ORD057882,,0
ORD051564,,0
ORD033922,,0
ORD018593,weight_discrepancy,1
ORD002676,,0
ORD020834,,0
ORD051436,,0
ORD054342,,0
ORD003462,,0
ORD043099,,0
ORD059963,,0
ORD034807,toll_inflation,1
ORD042414,,0
ORD036537,,0
ORD020771,toll_inflation,1
ORD003395,detention_padding,1
ORD052950,,0
ORD025127,,0
ORD031963,,0
ORD003855,toll_inflation,1
ORD044769,weight_discrepancy,1
ORD057104,,0
ORD041137,,0
ORD042698,,0
ORD018254,,0
ORD007790,,0
ORD034995,,0
ORD016810,,0
ORD038331,,0
ORD000607,,0
ORD059128,,0
ORD032264,,0
ORD049345,,0
ORD007465,,0
ORD003781,,0
ORD053625,,0
ORD004567,,0
ORD005322,,0
ORD020276,,0
ORD047368,,0
ORD006329,,0
ORD021933,,0
ORD009985,,0
ORD008158,,0
ORD014484,,0
ORD057688,,0
ORD014263,,0
ORD054667,,0
ORD048528,,0
ORD004291,,0
ORD048913,,0
ORD032197,,0
ORD004582,,0
ORD044335,,0
ORD014969,,0
ORD034166,,0
ORD054979,,0
ORD022742,,0
ORD021108,,0
ORD057473,,0
ORD052124,,0
ORD028268,,0
ORD051505,,0
ORD041610,,0
ORD021209,,0
ORD011152,,0
ORD041245,,0
ORD052147,,0
ORD021348,,0
ORD000064,,0
ORD021912,,0
ORD046060,,0
ORD020629,,0
ORD006061,,0
ORD059306,,0
ORD008803,,0
ORD046014,,0
ORD001739,,0
ORD031750,toll_inflation,1
ORD033701,,0
ORD004391,,0
ORD032737,,0
ORD021248,,0
ORD018545,,0
ORD019209,,0
ORD031467,,0
ORD029139,,0
ORD054946,,0
ORD000388,,0
ORD042059,,0
ORD036179,,0
ORD006718,,0
ORD004971,,0
ORD018756,,0
ORD049350,,0
ORD009393,,0
ORD016355,,0
ORD005972,,0
ORD016919,,0
ORD016777,,0
ORD059472,,0
ORD055451,,0
ORD002284,,0
ORD036156,,0
ORD010801,,0
ORD048024,,0
ORD052995,,0
ORD035733,,0
ORD049833,,0
ORD001827,,0
ORD030033,,0
ORD057734,,0
ORD009208,,0
ORD034999,,0
ORD031415,,0
ORD050011,,0
ORD003151,,0
ORD036944,,0
ORD008000,,0
ORD005051,toll_inflation,1
ORD033229,,0
ORD055578,,0
ORD022299,,0
ORD016468,,0
ORD055377,,0
ORD007066,,0
ORD041637,,0
ORD012393,,0
ORD015471,detention_padding,1
ORD005610,,0
ORD015526,,0
ORD046062,,0
ORD051324,,0
ORD037229,,0
ORD047139,,0
ORD021562,,0
ORD049325,,0
ORD003725,toll_inflation,1
ORD030691,,0
ORD021305,,0
ORD051892,,0
ORD036935,,0
ORD050191,,0
ORD026270,,0
ORD017247,,0
ORD014579,,0
ORD030617,,0
ORD057374,,0
ORD035333,,0
ORD013493,,0
ORD017207,,0
ORD002762,,0
ORD058523,,0
ORD017900,,0
ORD011920,,0
ORD029364,,0
ORD037825,,0
ORD053776,,0
ORD047087,,0
ORD029204,,0
ORD027228,,0
ORD026058,,0
ORD043079,,0
ORD025471,,0
ORD022096,,0
ORD011474,weight_discrepancy,1
ORD033205,,0
ORD038465,,0
ORD045908,,0
ORD059216,,0
ORD059312,,0
ORD040429,,0
ORD010610,,0
ORD037192,,0
ORD009596,,0
ORD036815,,0
ORD022355,,0
ORD013866,,0
ORD014472,,0
ORD030774,,0
ORD030182,,0
ORD024133,,0
ORD041375,,0
ORD038767,,0
ORD048121,,0
ORD009692,,0
ORD030264,,0
ORD022885,,0
ORD040668,,0
ORD027882,,0
ORD007944,,0
ORD003936,,0
ORD026884,,0
ORD013954,,0
ORD031145,,0
ORD045092,,0
ORD017632,,0
ORD052169,,0
ORD005057,,0
ORD036363,,0
ORD037218,,0
ORD051517,,0
ORD024777,,0
ORD050569,,0
ORD042149,toll_inflation,1
ORD050391,detention_padding,1
ORD031959,,0
ORD041829,,0
ORD031860,,0
ORD048745,,0
ORD023044,,0
ORD012738,detention_padding,1
ORD010571,,0
ORD029116,,0
ORD008184,,0
ORD048054,,0
ORD029669,,0
ORD052546,,0
ORD006641,,0
ORD012557,,0
ORD057258,,0
ORD042002,,0
ORD001583,,0
ORD058723,,0
ORD007786,,0
ORD042445,,0
ORD043101,,0
ORD045898,,0
ORD009783,,0
ORD048838,,0
ORD027083,,0
ORD010190,,0
ORD051905,,0
ORD034974,,0
ORD029879,,0
ORD043484,,0
ORD049922,detention_padding,1
ORD014899,,0
ORD046236,,0
ORD040351,,0
ORD023070,,0
ORD033003,,0
ORD042120,,0
ORD037186,,0
ORD056764,,0
ORD017346,,0
ORD018275,,0
ORD043263,,0
ORD023132,,0
ORD059777,,0
ORD042779,,0
ORD015681,,0
ORD001416,,0
ORD059050,,0
ORD029774,,0
ORD039742,,0
ORD031150,,0
ORD028378,,0
ORD041658,,0
ORD016794,,0
ORD010112,,0
ORD025033,,0
ORD037142,,0
ORD059273,,0
ORD033138,,0
ORD045315,,0
ORD027037,,0
ORD033422,,0
ORD003672,,0
ORD004377,,0
ORD047308,,0
ORD053402,weight_discrepancy,1
ORD052584,,0
ORD045979,,0
ORD007434,weight_discrepancy,1
ORD057256,,0
ORD000320,,0
ORD012008,,0
ORD055734,,0
ORD004905,,0
ORD026624,,0
ORD043295,,0
ORD024300,,0
ORD059788,,0
ORD037909,,0
ORD034674,,0
ORD050779,,0
ORD019439,,0
ORD035030,,0
ORD017943,toll_inflation,1
ORD019879,,0
ORD010581,,0
ORD032417,,0
ORD035484,,0
ORD039299,,0
ORD009003,toll_inflation,1
ORD017006,,0
ORD050665,,0
ORD031300,,0
ORD039996,,0
ORD022480,,0
ORD033780,,0
ORD019039,,0
ORD016149,,0
ORD031049,,0
ORD010136,,0
ORD055483,,0
ORD026560,,0
ORD037099,,0
ORD016699,,0
ORD051106,,0
ORD057918,,0
ORD009805,,0
ORD027353,,0
ORD010853,,0
ORD059470,,0
ORD032617,,0
ORD036623,,0
ORD057172,,0
ORD028368,,0
ORD045556,,0
ORD007803,,0
ORD028073,,0
ORD027404,,0
ORD039051,detention_padding,1
ORD048004,,0
ORD016715,,0
ORD056106,,0
ORD052425,,0
ORD034357,,0
ORD038651,,0
ORD043151,,0
ORD003407,,0
ORD058986,,0
ORD024897,,0
ORD018775,,0
ORD039092,,0
ORD054345,,0
ORD043651,,0
ORD038469,,0
ORD004127,,0
ORD010251,,0
ORD005517,,0
ORD008880,,0
ORD038350,,0
ORD031481,,0
ORD008198,,0
ORD047619,,0
ORD053564,,0
ORD054254,,0
ORD022723,,0
ORD000639,,0
ORD009809,,0
ORD046633,,0
ORD008234,,0
ORD000016,,0
ORD037560,,0
ORD033450,,0
ORD046343,,0
ORD044615,,0
ORD022721,,0
ORD055733,,0
ORD012873,,0
ORD004879,,0
ORD019331,,0
ORD054560,,0
ORD027861,,0
ORD058085,,0
ORD043399,,0
ORD037337,,0
ORD014119,,0
ORD039895,,0
ORD058151,,0
ORD007939,,0
ORD028882,,0
ORD050656,,0
ORD018893,weight_discrepancy,1
ORD021813,,0
ORD018782,,0
ORD003588,,0
ORD016030,,0
ORD022258,,0
ORD058870,,0
ORD031209,,0
ORD006388,,0
ORD020221,,0
ORD004284,,0
ORD023157,,0
ORD013393,,0
ORD002378,,0
ORD041567,,0
ORD025561,,0
ORD004219,,0
ORD031882,,0
ORD045118,,0
ORD017056,,0
ORD041862,,0
ORD006993,,0
ORD053764,,0
ORD002984,,0
ORD041839,,0
ORD020238,,0
ORD044689,,0
ORD051547,,0
ORD052065,,0
ORD050423,,0
ORD057816,,0
ORD050680,,0
ORD004908,,0
ORD055169,,0
ORD028159,,0
ORD035351,,0
ORD006581,,0
ORD016449,,0
ORD003578,,0
ORD053525,,0
ORD005701,,0
ORD000788,,0
ORD043087,,0
ORD004345,,0
ORD044813,,0
ORD045057,,0
ORD020810,,0
ORD019701,,0
ORD022579,,0
ORD014539,,0
ORD048362,,0
ORD030278,,0
ORD049461,,0
ORD054152,,0
ORD023652,detention_padding,1
ORD017090,toll_inflation,1
ORD036236,,0
ORD002556,,0
ORD008578,,0
ORD029266,,0
ORD029539,,0
ORD051642,,0
ORD024452,,0
ORD058915,,0
ORD013300,,0
ORD013191,,0
ORD008421,,0
ORD012265,,0
ORD031312,,0
ORD042133,,0
ORD053970,,0
ORD033671,toll_inflation,1
ORD025735,,0
ORD054216,,0
ORD030819,,0
ORD049427,,0
ORD007211,,0
ORD019113,,0
ORD059080,,0
ORD014118,,0
ORD035316,,0
ORD007670,,0
ORD053991,,0
ORD001008,,0
ORD021885,,0
ORD024659,,0
ORD012999,,0
ORD016122,,0
ORD006781,,0
ORD017386,,0
ORD013196,,0
ORD004595,,0
ORD026234,,0
ORD045901,,0
ORD024515,,0
ORD045890,,0
ORD001909,detention_padding,1
ORD037371,,0
ORD054499,,0
ORD014679,,0
ORD018098,,0
ORD049686,,0
ORD002505,,0
ORD003100,,0
ORD042589,,0
ORD012815,,0
ORD013101,,0
ORD009604,,0
ORD013796,,0
ORD018666,,0
ORD021344,,0
ORD058272,,0
ORD046533,,0
ORD054329,,0
ORD001613,,0
ORD007252,,0
ORD045605,,0
ORD036455,,0
ORD018540,,0
ORD058367,,0
ORD057054,,0
ORD027731,,0
ORD020804,,0
ORD033464,,0
ORD022471,,0
ORD041942,,0
ORD053900,,0
ORD059234,,0
ORD027349,,0
ORD041262,,0
ORD057764,,0
ORD058825,,0
ORD025326,,0
ORD006002,,0
ORD001687,,0
ORD045024,,0
ORD010137,,0
ORD024453,,0
ORD038516,,0
ORD038086,,0
ORD053192,,0
ORD045564,,0
ORD043622,,0
ORD053966,,0
ORD053166,,0
ORD036021,,0
ORD032021,,0
ORD017084,,0
ORD015191,,0
ORD054146,,0
ORD021442,weight_discrepancy,1
ORD031703,,0
ORD050044,,0
ORD004897,,0
ORD027373,,0
ORD054739,,0
ORD024001,,0
ORD043582,,0
ORD044557,,0
ORD017213,,0
ORD025218,,0
ORD043254,,0
ORD013943,weight_discrepancy,1
ORD057273,,0
ORD013536,,0
ORD058796,,0
ORD041798,,0
ORD049817,,0
ORD044603,,0
ORD034110,,0
ORD053688,,0
ORD039985,,0
ORD008015,,0
ORD045549,,0
ORD014239,,0
ORD059433,,0
ORD045464,,0
ORD027779,,0
ORD054677,,0
ORD014510,,0
ORD015332,,0
ORD037571,,0
ORD049619,,0
ORD033010,,0
ORD059630,,0
ORD051172,,0
ORD042067,detention_padding,1
ORD029814,,0
ORD021054,,0
ORD045888,,0
ORD047197,,0
ORD052086,,0
ORD052507,,0
ORD022895,,0
ORD040599,,0
ORD047441,,0
ORD011112,,0
ORD025398,,0
ORD011647,,0
ORD025755,,0
ORD013194,,0
ORD044217,,0
ORD028294,,0
ORD030744,,0
ORD047563,,0
ORD028521,,0
ORD059795,,0
ORD008333,,0
ORD017584,,0
ORD029443,,0
ORD030487,,0
ORD047735,,0
ORD045105,,0
ORD019190,,0
ORD003804,,0
ORD031355,,0
ORD009037,,0
ORD008584,,0
ORD059810,,0
ORD024867,,0
ORD020257,,0
ORD010379,,0
ORD019326,,0
ORD041334,weight_discrepancy,1
ORD045335,,0
ORD035813,,0
ORD029332,,0
ORD059392,,0
ORD055102,,0
ORD049361,,0
ORD024486,,0
ORD016989,weight_discrepancy,1
ORD001473,,0
ORD034495,,0
ORD039998,,0
ORD009135,,0
ORD038136,,0
ORD033699,,0
ORD015148,,0
ORD022962,,0
ORD004599,,0
ORD053845,,0
ORD009682,toll_inflation,1
ORD015578,,0
ORD047789,,0
ORD012973,,0
ORD020554,,0
ORD000668,,0
ORD048775,,0
ORD015799,,0
ORD026377,,0
ORD024021,,0
ORD043488,,0
ORD030745,,0
ORD029024,,0
ORD042992,,0
ORD011299,,0
ORD054389,,0
ORD048511,,0
ORD044321,,0
ORD041538,,0
ORD018457,,0
ORD006319,,0
ORD054644,,0
ORD037441,,0
ORD041167,,0
ORD007547,toll_inflation,1
ORD012689,,0
ORD008077,,0
ORD041108,,0
ORD003665,,0
ORD057732,,0
ORD022194,,0
ORD000457,,0
ORD053971,detention_padding,1
ORD018776,,0
ORD038829,,0
ORD004794,,0
ORD010366,,0
ORD023484,,0
ORD012744,,0
ORD039933,,0
ORD046785,,0
ORD000233,,0
ORD041973,,0
ORD042532,,0
ORD014948,,0
ORD059826,,0
ORD052844,,0
ORD057238,,0
ORD046657,,0
ORD013948,,0
ORD056784,,0
ORD050139,,0
ORD047648,,0
ORD007221,,0
ORD006559,,0
ORD037067,,0
ORD006850,weight_discrepancy,1
ORD030258,,0
ORD035807,,0
ORD004877,,0
ORD012137,toll_inflation,1
ORD009018,weight_discrepancy,1
ORD019946,,0
ORD042954,,0
ORD012100,,0
ORD056469,,0
ORD044097,,0
ORD031459,,0
ORD057166,detention_padding,1
ORD012984,,0
ORD050348,,0
ORD043037,,0
ORD009396,,0
ORD005290,,0
ORD042224,,0
ORD006084,,0
ORD033875,,0
ORD031933,,0
ORD033021,,0
ORD030582,,0
ORD006394,,0
ORD044296,,0
ORD034157,,0
ORD000321,,0
ORD042939,,0
ORD004761,,0
ORD056457,,0
ORD011868,,0
ORD002570,,0
ORD026220,,0
ORD008306,,0
ORD053029,,0
ORD050091,,0
ORD028003,,0
ORD008512,,0
ORD059386,,0
ORD015257,,0
ORD039406,,0
ORD001532,,0
ORD049468,,0
ORD009507,,0
ORD026561,,0
ORD020926,,0
ORD010172,detention_padding,1
ORD038514,,0
ORD042409,,0
ORD014031,,0
ORD030677,,0
ORD043197,,0
ORD032017,,0
ORD048961,,0
ORD048964,,0
ORD004821,,0
ORD056708,,0
ORD039976,,0
ORD000914,,0
ORD022582,,0
ORD051543,,0
ORD047782,,0
ORD049093,,0
ORD009711,,0
ORD031966,,0
ORD026573,,0
ORD026410,,0
ORD054383,,0
ORD019944,,0
ORD021215,,0
ORD020692,,0
ORD058147,,0
ORD030290,,0
ORD058124,,0
ORD021940,,0
ORD025801,,0
ORD027168,,0
ORD058225,,0
ORD022219,,0
ORD030611,,0
ORD014071,,0
ORD047509,,0
ORD010678,,0
ORD039958,,0
ORD008126,,0
ORD001534,,0
ORD035775,,0
ORD056564,,0
ORD054462,,0
ORD001617,,0
ORD008245,,0
ORD041357,,0
ORD034757,,0
ORD033151,,0
ORD059583,,0
ORD019825,,0
ORD005068,,0
ORD023407,,0
ORD003977,,0
ORD023656,,0
ORD041852,,0
ORD033339,,0
ORD050782,,0
ORD055594,,0
ORD036498,,0
ORD011991,,0
ORD056266,detention_padding,1
ORD045171,,0
ORD024320,toll_inflation,1
ORD005903,,0
ORD053671,,0
ORD002348,,0
ORD055949,,0
ORD050708,,0
ORD004648,,0
ORD044796,,0
ORD026989,,0
ORD015158,,0
ORD055656,weight_discrepancy,1
ORD051807,,0
ORD058734,,0
ORD009870,,0
ORD028679,,0
ORD024162,,0
ORD012536,,0
ORD045884,,0
ORD043864,,0
ORD003762,,0
ORD033847,,0
ORD007900,,0
ORD025979,toll_inflation,1
ORD059827,,0
ORD048226,,0
ORD049850,,0
ORD028471,,0
ORD034915,,0
ORD042601,,0
ORD044655,,0
ORD059477,,0
ORD050704,,0
ORD003833,,0
ORD032869,,0
ORD041493,,0
ORD047686,,0
ORD025077,,0
ORD012053,,0
ORD040034,,0
ORD051743,,0
ORD021404,,0
ORD048481,,0
ORD056860,,0
ORD014786,,0
ORD016461,,0
ORD002611,toll_inflation,1
ORD022911,,0
ORD052226,,0
ORD027222,,0
ORD032287,,0
ORD008246,,0
ORD050742,,0
ORD008074,,0
ORD017269,,0
ORD012447,,0
ORD007709,,0
ORD057175,,0
ORD047258,,0
ORD055111,,0
ORD006958,,0
ORD049082,,0
ORD016540,,0
ORD030901,,0
ORD035538,toll_inflation,1
ORD019043,,0
ORD022401,,0
ORD032808,,0
ORD037614,,0
ORD015709,,0
ORD055570,,0
ORD004266,,0
ORD036975,,0
ORD015938,,0
ORD054298,,0
ORD048868,,0
ORD013241,,0
ORD042071,,0
ORD040166,,0
ORD006332,,0
ORD041230,,0
ORD021980,,0
ORD013056,,0
ORD008673,,0
ORD022464,,0
ORD022611,,0
ORD036129,,0
ORD053232,,0
ORD009514,,0
ORD003261,,0
ORD008297,,0
ORD055786,,0
ORD056434,,0
ORD053545,,0
ORD007838,,0
ORD030946,,0
ORD041505,,0
ORD036079,,0
ORD038718,,0
ORD007635,,0
ORD053308,,0
ORD023599,,0
ORD046461,,0
ORD055870,,0
ORD045505,,0
ORD015887,detention_padding,1
ORD013023,,0
ORD044537,,0
ORD001023,,0
ORD035867,,0
ORD002413,,0
ORD012407,,0
ORD037174,,0
ORD041676,,0
ORD025542,,0
ORD034257,,0
ORD011053,toll_inflation,1
ORD019409,,0
ORD013615,,0
ORD047416,,0
ORD036200,,0
ORD011107,,0
ORD053914,,0
ORD051152,,0
ORD057270,,0
ORD021682,,0
ORD016979,,0
ORD033366,detention_padding,1
ORD021865,,0
ORD044383,,0
ORD028028,,0
ORD001361,,0
ORD026952,,0
ORD029375,,0
ORD001637,,0
ORD047579,,0
ORD001869,,0
ORD016765,,0
ORD045324,,0
ORD028457,,0
ORD020044,,0
ORD011786,,0
ORD011253,,0
ORD051681,,0
ORD011272,,0
ORD032784,,0
ORD022403,,0
ORD002215,,0
ORD026430,,0
ORD003360,,0
ORD000197,,0
ORD046808,,0
ORD056295,,0
ORD032896,,0
ORD001706,,0
ORD047142,,0
ORD013734,,0
ORD014233,,0
ORD046395,,0
ORD053126,,0
ORD013516,,0
ORD018102,,0
ORD009839,,0
ORD016169,,0
ORD031299,,0
ORD028265,,0
ORD059846,,0
ORD026740,,0
ORD030289,,0
ORD004249,,0
ORD045586,,0
ORD014105,weight_discrepancy,1
ORD028520,,0
ORD021203,,0
ORD013419,,0
ORD027615,weight_discrepancy,1
ORD049891,,0
ORD033153,,0
ORD031390,,0
ORD013049,,0
ORD022905,detention_padding,1
ORD037739,,0
ORD038373,,0
ORD044364,,0
ORD030713,,0
ORD059098,,0
ORD033747,,0
ORD025172,,0
ORD027799,,0
ORD008570,weight_discrepancy,1
ORD051476,,0
ORD011607,,0
ORD013750,,0
ORD001582,,0
ORD035338,,0
ORD023483,,0
ORD005922,,0
ORD013842,,0
ORD014967,,0
ORD023160,,0
ORD048354,,0
ORD021935,,0
ORD032066,weight_discrepancy,1
ORD026548,,0
ORD003075,,0
ORD010707,,0
ORD001131,detention_padding,1
ORD013339,,0
ORD052125,,0
ORD021205,,0
ORD054102,,0
ORD001267,toll_inflation,1
ORD037030,,0
ORD036390,,0
ORD037383,,0
ORD016195,toll_inflation,1
ORD033073,,0
ORD057550,,0
ORD025573,,0
ORD020916,,0
ORD010248,,0
ORD011538,,0
ORD050868,,0
ORD015769,weight_discrepancy,1
ORD044431,,0
ORD019511,,0
ORD013537,,0
ORD009120,,0
ORD042585,,0
ORD004262,,0
ORD022370,,0
ORD054492,detention_padding,1
ORD007446,,0
ORD025032,,0
ORD018129,,0
ORD015136,,0
ORD028614,,0
ORD031685,,0
ORD023939,,0
ORD048873,,0
ORD003942,,0
ORD019621,,0
ORD017389,,0
ORD030360,,0
ORD059229,,0
ORD056562,,0
ORD037121,,0
ORD020937,,0
ORD008311,,0
ORD002574,,0
ORD035479,,0
ORD041031,,0
ORD020918,,0
ORD012882,,0
ORD053922,,0
ORD004301,,0
ORD014231,,0
ORD026574,,0
ORD029691,,0
ORD039255,,0
ORD047560,,0
ORD028999,weight_discrepancy,1
ORD023063,,0
ORD023767,,0
ORD017546,,0
ORD031845,,0
ORD031089,,0
ORD033971,,0
ORD021520,,0
ORD048472,,0
ORD057675,,0
ORD019162,,0
ORD001050,,0
ORD006467,,0
ORD010947,,0
ORD018205,,0
ORD012142,,0
ORD037780,detention_padding,1
ORD021961,,0
ORD031969,,0
ORD058921,,0
ORD056846,,0
ORD031382,,0
ORD036197,detention_padding,1
ORD000518,,0
ORD046561,,0
ORD041853,,0
ORD001231,,0
ORD001665,,0
ORD013244,,0
ORD002814,,0
ORD001907,,0
ORD017035,,0
ORD048413,,0
ORD026933,,0
ORD024337,,0
ORD037867,,0
ORD046127,,0
ORD042137,,0
ORD031987,,0
ORD027069,weight_discrepancy,1
ORD004884,,0
ORD042783,,0
ORD034535,,0
ORD017906,,0
ORD031062,,0
ORD034669,,0
ORD031399,,0
ORD058569,,0
ORD056964,,0
ORD039452,,0
ORD055917,,0
ORD039086,,0
ORD053998,,0
ORD031364,,0
ORD044110,,0
ORD015994,,0
ORD034403,,0
ORD003350,,0
ORD049710,,0
ORD027532,toll_inflation,1
ORD053274,,0
ORD046500,,0
ORD016144,,0
ORD033947,,0
ORD056328,,0
ORD059638,,0
ORD054721,,0
ORD021818,,0
ORD042051,,0
ORD051275,,0
ORD058394,,0
ORD046142,,0
ORD032851,,0
ORD012782,,0
ORD024767,,0
ORD036637,,0
ORD005267,,0
ORD030490,,0
ORD008612,,0
ORD049689,,0
ORD054144,,0
ORD017439,,0
ORD046832,,0
ORD020545,,0
ORD002084,,0
ORD059255,,0
ORD023787,,0
ORD016140,,0
ORD042072,,0
ORD050492,,0
ORD024527,,0
ORD029236,,0
ORD031071,,0
ORD054448,,0
ORD058822,,0
ORD000972,,0
ORD016476,,0
ORD052190,,0
ORD052490,,0
ORD029875,,0
ORD032325,weight_discrepancy,1
ORD039294,,0
ORD043558,,0
ORD030403,,0
ORD051896,,0
ORD057353,,0
ORD053255,,0
ORD034200,,0
ORD025510,,0
ORD010272,,0
ORD047850,,0
ORD028913,,0
ORD058912,detention_padding,1
ORD056748,,0
ORD008181,detention_padding,1
ORD054845,,0
ORD059468,,0
ORD041303,,0
ORD027648,,0
ORD009412,,0
ORD045117,,0
ORD021316,,0
ORD042677,,0
ORD048127,,0
ORD005490,,0
ORD002236,,0
ORD049985,,0
ORD013840,,0
ORD011442,,0
ORD016049,,0
ORD036630,,0
ORD050304,,0
ORD004780,,0
ORD021419,,0
ORD000787,,0
ORD007430,,0
ORD021346,,0
ORD059262,detention_padding,1
ORD025861,,0
ORD034881,weight_discrepancy,1
ORD025552,,0
ORD028812,,0
ORD018777,,0
ORD050173,,0
ORD025190,,0
ORD002486,,0
ORD059381,,0
ORD054335,,0
ORD009758,,0
ORD003327,,0
ORD011016,,0
ORD031010,,0
ORD020089,,0
ORD023301,,0
ORD033801,,0
ORD003731,,0
ORD036215,,0
ORD001960,,0
ORD027974,,0
ORD038250,,0
ORD013071,,0
ORD040902,,0
ORD027687,,0
ORD013205,,0
ORD043200,,0
ORD037982,,0
ORD007894,,0
ORD023622,,0
ORD036240,,0
ORD009849,,0
ORD023562,,0
ORD048718,,0
ORD046486,,0
ORD017993,,0
ORD011558,,0
ORD043057,,0
ORD030722,,0
ORD034621,detention_padding,1
ORD012905,,0
ORD045809,,0
ORD028856,,0
ORD032288,,0
ORD003662,,0
ORD029109,,0
ORD031463,,0
ORD048936,,0
ORD027943,,0
ORD031912,,0
ORD003178,,0
ORD007805,,0
ORD037677,,0
ORD039890,,0
ORD010449,,0
ORD038622,,0
ORD029620,,0
ORD012780,,0
ORD047249,,0
ORD054885,detention_padding,1
ORD008752,,0
ORD056097,,0
ORD042895,,0
ORD024342,,0
ORD006995,,0
ORD015442,,0
ORD002485,,0
ORD054832,,0
ORD051533,,0
ORD034386,,0
ORD020051,,0
ORD035915,,0
ORD053205,,0
ORD014852,,0
ORD057056,,0
ORD002650,,0
ORD030914,,0
ORD012177,,0
ORD045377,,0
ORD022082,,0
ORD023871,,0
ORD030159,,0
ORD014378,,0
ORD043148,,0
ORD031808,,0
ORD052120,,0
ORD024390,detention_padding,1
ORD040136,,0
ORD020663,,0
ORD054289,,0
ORD006081,,0
ORD039373,,0
ORD030567,,0
ORD051366,,0
ORD051197,,0
ORD009821,,0
ORD033102,,0
ORD050766,,0
ORD034089,,0
ORD053772,,0
ORD038398,,0
ORD034704,,0
ORD030085,toll_inflation,1
ORD026083,,0
ORD051320,,0
ORD033696,,0
ORD003757,,0
ORD021904,,0
ORD008490,,0
ORD056657,,0
ORD000703,,0
ORD011879,,0
ORD005927,,0
ORD035366,,0
ORD019653,,0
ORD058728,,0
ORD009824,,0
ORD051300,,0
ORD040405,,0
ORD038923,,0
ORD022041,,0
ORD051765,,0
ORD034636,,0
ORD004074,,0
ORD023746,,0
ORD055034,,0
ORD002124,,0
ORD048818,,0
ORD049707,,0
ORD005870,,0
ORD034056,,0
ORD035753,,0
ORD030822,,0
ORD039170,,0
ORD010965,,0
ORD018193,,0
ORD001428,,0
ORD031836,,0
ORD043844,,0
ORD026144,,0
ORD028314,,0
ORD020441,,0
ORD020541,,0
ORD019746,,0
ORD043234,,0
ORD017723,,0
ORD043040,,0
ORD056318,,0
ORD002149,,0
ORD035158,,0
ORD045003,,0
ORD040339,,0
ORD000222,,0
ORD038775,,0
ORD023807,,0
ORD010730,,0
ORD053849,,0
ORD023739,,0
ORD013319,,0
ORD052834,,0
ORD058624,,0
ORD047659,,0
ORD024000,,0
ORD003458,,0
ORD032573,,0
ORD014390,,0
ORD021648,,0
ORD037866,,0
ORD048460,,0
ORD050506,,0
ORD016456,,0
ORD013531,,0
ORD044332,,0
ORD055415,,0
ORD041271,,0
ORD018274,weight_discrepancy,1
ORD017210,,0
ORD014261,,0
ORD022538,,0
ORD031215,,0
ORD012756,,0
ORD056742,,0
ORD056351,,0
ORD045912,,0
ORD050359,,0
ORD035404,,0
ORD001528,,0
ORD023520,,0
ORD005821,,0
ORD040904,,0
ORD028441,,0
ORD030186,,0
ORD028200,,0
ORD043787,,0
ORD051611,,0
ORD009357,,0
ORD019875,,0
ORD048292,,0
ORD006678,,0
ORD017622,,0
ORD022919,,0
ORD000164,,0
ORD054803,,0
ORD020284,,0
ORD028331,,0
ORD018950,,0
ORD043397,,0
ORD009944,,0
ORD015171,,0
ORD003038,,0
ORD048977,,0
ORD034726,,0
ORD020568,,0
ORD040214,,0
ORD013097,,0
ORD033665,,0
ORD006580,,0
ORD030715,,0
ORD047961,,0
ORD020533,,0
ORD045042,,0
ORD042909,,0
ORD015704,,0
ORD052581,,0
ORD048545,,0
ORD053194,,0
ORD046319,,0
ORD029643,,0
ORD017608,,0
ORD003143,,0
ORD012060,,0
ORD040637,,0
ORD025351,,0
ORD017617,,0
ORD027721,,0
ORD055035,,0
ORD053934,,0
ORD025069,,0
ORD025957,,0
ORD008066,,0
ORD056808,,0
ORD031466,,0
ORD053568,,0
ORD040186,,0
ORD033265,,0
ORD032122,,0
ORD026741,,0
ORD005944,,0
ORD004630,toll_inflation,1
ORD005278,,0
ORD038100,,0
ORD029915,,0
ORD052289,,0
ORD019613,,0
ORD026213,,0
ORD030988,,0
ORD028555,,0
ORD019727,,0
ORD032845,,0
ORD003234,,0
ORD050798,,0
ORD052999,,0
ORD028647,toll_inflation,1
ORD008140,,0
ORD047401,,0
ORD045987,,0
ORD045287,,0
ORD015115,,0
ORD014384,,0
ORD057899,,0
ORD033966,,0
ORD052804,,0
ORD011543,,0
ORD033751,,0
ORD027491,,0
ORD004674,,0
ORD053890,,0
ORD043856,,0
ORD008483,detention_padding,1
ORD006273,,0
ORD008117,,0
ORD049987,,0
ORD053012,,0
ORD005698,,0
ORD049144,,0
ORD022788,,0
ORD039405,weight_discrepancy,1
ORD009737,detention_padding,1
ORD009161,,0
ORD059438,,0
ORD034161,,0
ORD023647,,0
ORD018980,,0
ORD009015,,0
ORD016469,,0
ORD035317,,0
ORD025514,,0
ORD022676,,0
ORD053972,toll_inflation,1
ORD000848,,0
ORD003740,,0
ORD055395,,0
ORD058641,,0
ORD006713,toll_inflation,1
ORD014062,,0
ORD027048,,0
ORD022658,,0
ORD008081,,0
ORD059877,,0
ORD032061,,0
ORD011264,,0
ORD011476,,0
ORD035944,toll_inflation,1
ORD043845,,0
ORD017538,,0
ORD016117,,0
ORD018347,,0
ORD057506,,0
ORD056558,,0
ORD047488,,0
ORD023867,detention_padding,1
ORD046536,,0
ORD013259,,0
ORD017467,,0
ORD026341,,0
ORD032268,,0
ORD031536,,0
ORD035901,,0
ORD023932,,0
ORD042815,,0
ORD022760,,0
ORD032004,,0
ORD018042,,0
ORD043026,,0
ORD037225,,0
ORD043110,,0
ORD053571,,0
ORD014671,,0
ORD056273,,0
ORD040238,,0
ORD047006,,0
ORD006784,,0
ORD037073,,0
ORD008418,,0
ORD013504,,0
ORD010526,,0
ORD022863,toll_inflation,1
ORD025000,,0
ORD003742,,0
ORD043481,,0
ORD050054,,0
ORD017527,,0
ORD034278,,0
ORD022361,,0
ORD015222,,0
ORD017249,,0
ORD044974,,0
ORD033524,,0
ORD019597,,0
ORD036628,,0
ORD029286,,0
ORD029759,,0
ORD058936,,0
ORD047325,,0
ORD014895,,0
ORD046911,weight_discrepancy,1
ORD046530,,0
ORD028278,,0
ORD007241,,0
ORD001033,,0
ORD054087,,0
ORD007457,,0
ORD026914,,0
ORD014017,,0
ORD013077,,0
ORD046171,,0
ORD042135,,0
ORD029726,detention_padding,1
ORD041204,,0
ORD050565,,0
ORD032052,,0
ORD010570,,0
ORD027459,,0
ORD013108,,0
ORD013054,,0
ORD052852,weight_discrepancy,1
ORD013068,,0
ORD015183,,0
ORD047063,detention_padding,1
ORD027912,,0
ORD016607,,0
ORD024295,,0
ORD055493,,0
ORD011922,,0
ORD044628,,0
ORD037557,,0
ORD018915,,0
ORD001639,,0
ORD013953,,0
ORD042092,,0
ORD024396,,0
ORD043105,,0
ORD002982,,0
ORD005498,,0
ORD009708,,0
ORD049008,,0
ORD010559,,0
ORD038690,,0
ORD039442,,0
ORD049951,,0
ORD025643,,0
ORD008576,,0
ORD004461,,0
ORD055239,,0
ORD022030,,0
ORD010245,,0
ORD009659,,0
ORD018568,,0
ORD055420,,0
ORD005655,,0
ORD055832,,0
ORD027280,weight_discrepancy,1
ORD058094,,0
ORD002729,,0
ORD047607,,0
ORD044955,,0
ORD006555,,0
ORD037366,,0
ORD025705,,0
ORD016800,,0
ORD034979,,0
ORD051677,,0
ORD037816,,0
ORD034030,,0
ORD026891,,0
ORD044676,,0
ORD031443,,0
ORD025888,,0
ORD037850,,0
ORD043953,,0
ORD030210,,0
ORD014003,,0
ORD055358,,0
ORD057476,,0
ORD026830,,0
ORD058362,,0
ORD041516,toll_inflation,1
ORD012716,,0
ORD053917,,0
ORD020185,,0
ORD020074,,0
ORD043405,,0
ORD011830,,0
ORD011382,,0
ORD031583,,0
ORD011094,,0
ORD049567,,0
ORD054281,,0
ORD004238,,0
ORD021249,,0
ORD038524,,0
ORD028930,,0
ORD058784,,0
ORD046758,,0
ORD023651,,0
ORD032640,,0
ORD022013,,0
ORD008650,,0
ORD045528,,0
ORD021886,,0
ORD013029,,0
ORD040617,,0
ORD036377,,0
ORD042407,,0
ORD018573,,0
ORD035148,weight_discrepancy,1
ORD013741,,0
ORD003248,,0
ORD002206,,0
ORD007453,,0
ORD004316,,0
ORD058458,,0
ORD058506,,0
ORD026527,,0
ORD004214,,0
ORD027305,,0
ORD012847,,0
ORD045863,,0
ORD050274,,0
ORD035490,,0
ORD041857,,0
ORD019320,detention_padding,1
ORD020793,,0
ORD015450,detention_padding,1
ORD008988,,0
ORD056391,,0
ORD040633,,0
ORD058976,,0
ORD035398,,0
ORD051465,,0
ORD044652,,0
ORD051424,,0
ORD042486,,0
ORD011915,,0
ORD041596,,0
ORD006470,,0
ORD013083,,0
ORD004955,,0
ORD014086,,0
ORD046872,,0
ORD002408,,0
ORD053754,,0
ORD036027,,0
ORD047463,,0
ORD012111,,0
ORD040241,,0
ORD057990,,0
ORD035127,,0
ORD042304,,0
ORD041447,,0
ORD033765,,0
ORD047658,,0
ORD035245,,0
ORD034555,,0
ORD012983,,0
ORD045048,,0
ORD006381,,0
ORD030887,detention_padding,1
ORD040982,,0
ORD031128,,0
ORD025037,detention_padding,1
ORD006529,,0
ORD025456,,0
ORD036153,,0
ORD006743,,0
ORD047241,,0
ORD051581,,0
ORD017301,detention_padding,1
ORD058528,,0
ORD038999,,0
ORD030603,,0
ORD043359,,0
ORD036669,,0
ORD052548,,0
ORD033333,,0
ORD021758,detention_padding,1
ORD005703,,0
ORD040121,,0
ORD052483,,0
ORD029363,,0
ORD004388,,0
ORD057676,,0
ORD021823,,0
ORD020362,,0
ORD021748,,0
ORD050541,,0
ORD018086,,0
ORD013909,,0
ORD030032,,0
ORD026363,,0
ORD052533,,0
ORD055584,,0
ORD024125,,0
ORD054505,,0
ORD050972,,0
ORD006693,,0
ORD041438,,0
ORD033400,,0
ORD036369,,0
ORD040004,,0
ORD033068,,0
ORD049832,,0
ORD021688,,0
ORD048955,,0
ORD042818,,0
ORD028853,,0
ORD035102,toll_inflation,1
ORD009982,,0
ORD012176,,0
ORD012485,,0
ORD048799,,0
ORD024494,,0
ORD057131,,0
ORD007452,,0
ORD029225,,0
ORD050291,,0
ORD002216,,0
ORD047173,,0
ORD004179,,0
ORD012801,,0
ORD045967,,0
ORD015567,,0
ORD035481,,0
ORD011431,,0
ORD047461,,0
ORD013578,,0
ORD020720,,0
ORD007046,,0
ORD011375,,0
ORD004303,,0
ORD046828,,0
ORD029526,,0
ORD024128,,0
ORD046244,,0
ORD049563,,0
ORD031871,,0
ORD013374,,0
ORD031048,,0
ORD005819,,0
ORD046679,,0
ORD004763,,0
ORD049091,,0
ORD044979,,0
ORD053352,,0
ORD059906,,0
ORD018611,,0
ORD034096,,0
ORD028483,detention_padding,1
ORD047581,,0
ORD032108,,0
ORD018469,,0
ORD041742,,0
ORD018229,,0
ORD056451,,0
ORD035014,,0
ORD018560,,0
ORD012081,,0
ORD048821,,0
ORD010670,,0
ORD032084,,0
ORD009477,,0
ORD050471,weight_discrepancy,1
ORD045905,,0
ORD023508,,0
ORD009056,,0
ORD056841,,0
ORD009634,,0
ORD047251,,0
ORD050486,,0
ORD047130,,0
ORD041964,weight_discrepancy,1
ORD018795,,0
ORD016869,,0
ORD040022,,0
ORD039102,,0
ORD019920,,0
ORD059170,,0
ORD031024,,0
ORD012228,,0
ORD015369,,0
ORD039171,,0
ORD051060,,0
ORD059741,,0
ORD056616,,0
ORD032518,,0
ORD054048,,0
ORD036700,,0
ORD030303,,0
ORD046967,,0
ORD003486,,0
ORD026305,weight_discrepancy,1
ORD043062,,0
ORD046509,,0
ORD024256,,0
ORD058584,,0
ORD034247,,0
ORD011102,,0
ORD032464,,0
ORD041027,,0
ORD014440,,0
ORD027492,,0
ORD028354,,0
ORD035346,,0
ORD048597,,0
ORD047776,,0
ORD004954,,0
ORD056211,,0
ORD042648,,0
ORD037240,,0
ORD038068,,0
ORD045958,,0
ORD013137,,0
ORD049900,,0
ORD055181,,0
ORD057143,,0
ORD004342,,0
ORD023663,,0
ORD038939,,0
ORD025858,,0
ORD010712,,0
ORD048205,,0
ORD027989,,0
ORD026937,,0
ORD056189,,0
ORD050267,,0
ORD037858,,0
ORD048402,weight_discrepancy,1
ORD029863,,0
ORD015340,,0
ORD048202,,0
ORD005043,,0
ORD049758,,0
ORD040855,,0
ORD016661,,0
ORD056432,,0
ORD055390,,0
ORD048892,,0
ORD012063,,0
ORD033579,,0
ORD004158,,0
ORD046016,,0
ORD004947,,0
ORD045414,,0
ORD040975,weight_discrepancy,1
ORD018175,,0
ORD014438,,0
ORD042469,,0
ORD022223,,0
ORD029617,,0
ORD056886,,0
ORD032314,weight_discrepancy,1
ORD029585,,0
ORD006191,,0
ORD021413,,0
ORD034434,,0
ORD002065,,0
ORD038066,,0
ORD018290,,0
ORD040748,,0
ORD023115,,0
ORD011952,,0
ORD042927,,0
ORD020496,,0
ORD043658,,0
ORD054314,,0
ORD022150,,0
ORD047358,,0
ORD031566,,0
ORD004208,,0
ORD032485,,0
ORD001679,,0
ORD029878,,0
ORD019725,,0
ORD040297,,0
ORD000697,,0
ORD042549,detention_padding,1
ORD022157,,0
ORD011386,,0
ORD048197,,0
ORD059969,,0
ORD038278,,0
ORD021718,,0
ORD016541,,0
ORD010315,,0
ORD035231,,0
ORD047805,,0
ORD046202,,0
ORD019460,,0
ORD029745,,0
ORD004733,,0
ORD018152,,0
ORD043229,,0
ORD054796,,0
ORD056127,,0
ORD036269,,0
ORD048603,,0
ORD029881,,0
ORD026114,,0
ORD047165,toll_inflation,1
ORD025883,detention_padding,1
ORD047750,,0
ORD033228,,0
ORD033425,,0
ORD047449,,0
ORD033807,,0
ORD047133,,0
ORD031460,,0
ORD047582,,0
ORD046903,,0
ORD024238,toll_inflation,1
ORD044834,,0
ORD034632,,0
ORD041474,,0
ORD022940,toll_inflation,1
ORD007986,,0
ORD001678,,0
ORD039465,,0
ORD056520,,0
ORD016081,,0
ORD005603,,0
ORD004532,,0
ORD006286,,0
ORD042608,,0
ORD038365,,0
ORD015307,,0
ORD058135,,0
ORD003816,,0
ORD043068,toll_inflation,1
ORD041854,,0
ORD006366,,0
ORD005992,,0
ORD018403,,0
ORD020661,,0
ORD052461,,0
ORD009599,,0
ORD052462,,0
ORD002386,,0
ORD013769,,0
ORD036988,,0
ORD008713,,0
ORD037823,,0
ORD038760,,0
ORD039232,,0
ORD038630,,0
ORD040602,,0
ORD057508,,0
ORD055490,,0
ORD008266,,0
ORD008849,,0
ORD015949,,0
ORD055205,,0
ORD010747,,0
ORD022081,,0
ORD059654,detention_padding,1
ORD050551,,0
ORD012908,,0
ORD038841,,0
ORD001032,,0
ORD015214,,0
ORD043878,,0
ORD048368,detention_padding,1
ORD007227,,0
ORD058736,,0
ORD022674,,0
ORD046130,,0
ORD042801,,0
ORD030782,,0
ORD004673,,0
ORD040470,,0
ORD049451,detention_padding,1
ORD030816,,0
ORD038022,toll_inflation,1
ORD011256,,0
ORD054842,toll_inflation,1
ORD026009,,0
ORD039771,,0
ORD020390,,0
ORD022305,,0
ORD014968,,0
ORD047613,,0
ORD001510,,0
ORD004660,,0
ORD044908,,0
ORD007326,,0
ORD030243,,0
ORD012922,,0
ORD013963,,0
ORD006325,,0
ORD018772,,0
ORD054076,,0
ORD004413,,0
ORD024243,,0
ORD020118,,0
ORD010354,,0
ORD016211,,0
ORD002332,,0
ORD016185,,0
ORD033784,,0
ORD021458,,0
ORD017470,,0
ORD027702,,0
ORD035645,,0
ORD050393,,0
ORD026812,,0
ORD046848,,0
ORD026808,,0
ORD032641,,0
ORD048124,,0
ORD017115,,0
ORD024979,,0
ORD000833,,0
ORD015315,,0
ORD046369,,0
ORD000759,,0
ORD008844,,0
ORD030385,,0
ORD057696,,0
ORD009858,,0
ORD033517,,0
ORD055791,,0
ORD016002,,0
ORD019206,,0
ORD047469,,0
ORD012655,,0
ORD049547,,0
ORD044373,,0
ORD018399,,0
ORD014847,,0
ORD032244,,0
ORD027729,,0
ORD003219,,0
ORD015874,,0
ORD035419,,0
ORD056614,,0
ORD045486,,0
ORD029685,,0
ORD029659,,0
ORD058139,,0
ORD004231,,0
ORD026390,,0
ORD046233,,0
ORD026396,,0
ORD012909,,0
ORD056379,,0
ORD037072,,0
ORD010949,,0
ORD005190,,0
ORD045851,,0
ORD049232,,0
ORD007941,weight_discrepancy,1
ORD022251,toll_inflation,1
ORD012816,,0
ORD047125,,0
ORD041605,,0
ORD036261,,0
ORD041404,,0
ORD055895,,0
ORD011848,,0
ORD007575,,0
ORD017646,weight_discrepancy,1
ORD035216,,0
ORD006094,,0
ORD024922,,0
ORD043204,,0
ORD036043,,0
ORD051227,,0
ORD022205,weight_discrepancy,1
ORD059450,,0
ORD057376,,0
ORD011499,,0
ORD011472,,0
ORD039825,,0
ORD049107,,0
ORD019071,,0
ORD011438,,0
ORD059421,,0
ORD045308,,0
ORD046199,,0
ORD003598,,0
ORD056033,,0
ORD047342,,0
ORD044961,,0
ORD042363,,0
ORD019279,,0
ORD023415,,0
ORD040156,,0
ORD009725,detention_padding,1
ORD059077,,0
ORD037217,,0
ORD059074,,0
ORD009818,,0
ORD004405,,0
ORD051882,,0
ORD029714,,0
ORD009960,,0
ORD017474,,0
ORD054013,,0
ORD046759,,0
ORD011962,,0
ORD030157,,0
ORD047237,,0
ORD021156,,0
ORD025074,,0
ORD032877,,0
ORD022349,,0
ORD000512,,0
ORD007370,weight_discrepancy,1
ORD024434,,0
ORD003759,,0
ORD034515,,0
ORD035751,,0
ORD016599,,0
ORD046286,,0
ORD055087,toll_inflation,1
ORD026717,,0
ORD050572,,0
ORD007215,,0
ORD021347,,0
ORD034992,,0
ORD012036,,0
ORD052369,,0
ORD057943,,0
ORD043042,,0
ORD008177,,0
ORD021625,,0
ORD030690,,0
ORD055899,toll_inflation,1
ORD018879,toll_inflation,1
ORD036454,,0
ORD015277,,0
ORD055160,,0
ORD033369,,0
ORD015305,,0
ORD021427,,0
ORD033827,,0
ORD029498,,0
ORD009789,,0
ORD002115,,0
ORD042412,,0
ORD052919,,0
ORD039500,,0
ORD011115,,0
ORD026656,,0
ORD035566,,0
ORD001440,,0
ORD036438,,0
ORD036060,,0
ORD024587,,0
ORD035514,,0
ORD035154,weight_discrepancy,1
ORD033101,weight_discrepancy,1
ORD019013,,0
ORD044795,,0
ORD036494,,0
ORD027550,,0
ORD003192,,0
ORD030408,,0
ORD022352,,0
ORD014894,toll_inflation,1
ORD008814,,0
ORD016752,,0
ORD005890,,0
ORD030921,detention_padding,1
ORD010093,,0
ORD051046,,0
ORD014178,,0
ORD004344,,0
ORD038979,,0
ORD018262,,0
ORD036530,,0
ORD049715,,0
ORD036004,,0
ORD017869,,0
ORD020265,,0
ORD046893,,0
ORD036158,,0
ORD053904,,0
ORD023853,,0
ORD009759,,0
ORD035068,,0
ORD035826,,0
ORD029937,,0
ORD049859,,0
ORD039173,,0
ORD032996,,0
ORD013171,,0
ORD014362,,0
ORD032588,,0
ORD014079,,0
ORD056870,,0
ORD033453,weight_discrepancy,1
ORD031244,detention_padding,1
ORD050762,,0
ORD014778,,0
ORD058769,,0
ORD051553,,0
ORD011433,,0
ORD008723,,0
ORD057377,,0
ORD052551,,0
ORD037367,,0
ORD038187,toll_inflation,1
ORD020478,,0
ORD041892,toll_inflation,1
ORD033179,,0
ORD018123,,0
ORD047598,,0
ORD039049,,0
ORD038499,,0
ORD008507,,0
ORD037868,detention_padding,1
ORD045720,,0
ORD008471,,0
ORD035993,,0
ORD040834,,0
ORD005706,detention_padding,1
ORD031176,,0
ORD002207,,0
ORD045188,,0
ORD023172,,0
ORD030931,,0
ORD000475,,0
ORD050961,,0
ORD012065,,0
ORD036420,,0
ORD036871,,0
ORD002233,,0
ORD014092,,0
ORD024696,,0
ORD058354,,0
ORD029233,,0
ORD030833,,0
ORD040201,,0
ORD012412,,0
ORD012539,detention_padding,1
ORD050380,,0
ORD016445,,0
ORD017475,,0
ORD020102,,0
ORD058850,,0
ORD024581,,0
ORD043731,,0
ORD054537,,0
ORD044686,,0
ORD035071,,0
ORD004140,,0
ORD012362,,0
ORD012365,,0
ORD033923,,0
ORD006223,,0
ORD058800,,0
ORD018395,detention_padding,1
ORD023065,,0
ORD052004,,0
ORD018809,,0
ORD003363,,0
ORD058980,,0
ORD021545,,0
ORD048686,,0
ORD008976,,0
ORD046483,,0
ORD057661,,0
ORD024716,,0
ORD003061,,0
ORD033990,,0
ORD026776,,0
ORD037947,,0
ORD016376,,0
ORD059393,,0
ORD001459,,0
ORD036937,,0
ORD048680,,0
ORD008222,,0
ORD026734,,0
ORD055199,,0
ORD007904,,0
ORD057147,,0
ORD056121,,0
ORD005941,,0
ORD044421,,0
ORD016102,,0
ORD043001,,0
ORD016091,,0
ORD031651,,0
ORD005644,,0
ORD032659,,0
ORD058001,,0
ORD021449,,0
ORD036430,,0
ORD025534,,0
ORD007520,,0
ORD007560,,0
ORD029118,,0
ORD031301,,0
ORD051532,,0
ORD031039,,0
ORD020934,,0
ORD021046,,0
ORD040217,,0
ORD020442,,0
ORD037646,,0
ORD058368,,0
ORD024258,,0
ORD044078,,0
ORD040627,,0
ORD045536,,0
ORD002178,,0
ORD052933,,0
ORD002173,toll_inflation,1
ORD021322,,0
ORD056424,,0
ORD019550,,0
ORD014949,,0
ORD008192,,0
ORD047380,,0
ORD026140,detention_padding,1
ORD002074,,0
ORD010195,,0
ORD042813,,0
ORD010940,,0
ORD049403,,0
ORD017812,,0
ORD021918,,0
ORD010555,,0
ORD055828,,0
ORD038914,,0
ORD015965,,0
ORD037129,detention_padding,1
ORD040494,,0
ORD003432,,0
ORD022765,,0
ORD042146,,0
ORD000500,,0
ORD056256,,0
ORD054659,,0
ORD036516,,0
ORD006438,,0
ORD018531,,0
ORD037888,,0
ORD018527,,0
ORD032756,,0
ORD022297,,0
ORD028463,,0
ORD003092,,0
ORD004118,,0
ORD007385,,0
ORD028476,,0
ORD036589,,0
ORD044510,,0
ORD016427,,0
ORD009137,,0
ORD022301,,0
ORD056711,,0
ORD014065,,0
ORD005475,,0
ORD021494,,0
ORD024003,,0
ORD031031,,0
ORD033549,,0
ORD019287,,0
ORD015820,,0
ORD027211,,0
ORD022884,,0
ORD004919,,0
ORD009664,,0
ORD030939,,0
ORD010590,weight_discrepancy,1
ORD047144,,0
ORD017052,,0
ORD002641,,0
ORD035643,,0
ORD049537,,0
ORD000658,,0
ORD003705,,0
ORD048114,,0
ORD050353,,0
ORD052414,,0
ORD048393,,0
ORD001248,,0
ORD037554,,0
ORD006953,,0
ORD007872,,0
ORD048038,,0
ORD036303,,0
ORD044564,,0
ORD032109,,0
ORD018627,,0
ORD034331,,0
ORD033693,,0
ORD035980,,0
ORD024935,,0
ORD022271,,0
ORD025396,,0
ORD050709,,0
ORD010051,,0
ORD050637,weight_discrepancy,1
ORD039959,,0
ORD058697,,0
ORD055946,,0
ORD004807,,0
ORD007885,,0
ORD054561,,0
ORD020365,,0
ORD051907,,0
ORD034340,,0
ORD009338,,0
ORD056454,,0
ORD002201,,0
ORD050631,,0
ORD033363,,0
ORD054517,,0
ORD034507,,0
ORD025982,,0
ORD018200,,0
ORD021123,,0
ORD014624,,0
ORD024289,,0
ORD026402,,0
ORD005621,,0
ORD031262,,0
ORD020145,,0
ORD025907,,0
ORD032530,,0
ORD058473,,0
ORD025213,,0
ORD044951,,0
ORD038156,,0
ORD041499,,0
ORD033402,,0
ORD034631,,0
ORD015401,,0
ORD046421,,0
ORD029968,,0
ORD037599,,0
ORD047892,,0
ORD015412,,0
ORD000187,,0
ORD048801,,0
ORD059174,toll_inflation,1
ORD001744,,0
ORD021690,,0
ORD042820,,0
ORD002693,,0
ORD048526,,0
ORD021825,,0
ORD018108,,0
ORD031384,,0
ORD004404,weight_discrepancy,1
ORD025885,,0
ORD040968,,0
ORD055686,,0
ORD037839,,0
ORD046106,,0
ORD023378,,0
ORD006022,,0
ORD055710,,0
ORD058002,,0
ORD051004,toll_inflation,1
ORD026813,,0
ORD006392,,0
ORD019772,,0
ORD018267,,0
ORD059093,,0
ORD020581,,0
ORD022587,,0
ORD034251,,0
ORD007760,,0
ORD014435,,0
ORD011774,,0
ORD056548,weight_discrepancy,1
ORD014488,,0
ORD020776,,0
ORD050781,,0
ORD044348,,0
ORD008208,,0
ORD040348,,0
ORD024473,,0
ORD025199,,0
ORD001158,weight_discrepancy,1
ORD038635,weight_discrepancy,1
ORD022999,,0
ORD008558,,0
ORD056636,,0
ORD022428,,0
ORD020946,,0
ORD030571,,0
ORD057948,,0
ORD039106,,0
ORD005625,,0
ORD028486,,0
ORD004647,,0
ORD059560,,0
ORD032984,,0
ORD045622,,0
ORD007766,,0
ORD014173,,0
ORD059585,detention_padding,1
ORD040354,,0
ORD051957,,0
ORD035246,,0
ORD010653,,0
ORD012029,,0
ORD014131,,0
ORD044178,,0
ORD031905,,0
ORD014134,,0
ORD032817,,0
ORD032899,,0
ORD015367,,0
ORD035856,,0
ORD006177,,0
ORD045046,,0
ORD022554,,0
ORD000945,,0
ORD025618,,0
ORD009826,,0
ORD049061,,0
ORD046720,,0
ORD020738,,0
ORD047093,,0
ORD045022,,0
ORD014604,,0
ORD033718,,0
ORD000891,,0
ORD047965,,0
ORD027183,,0
ORD021751,,0
ORD036321,,0
ORD054614,,0
ORD052989,,0
ORD022594,,0
ORD015051,,0
ORD012624,,0
ORD015007,,0
ORD005458,,0
ORD029151,,0
ORD000319,,0
ORD055877,,0
ORD031825,,0
ORD020013,,0
ORD044909,,0
ORD011143,,0
ORD012814,,0
ORD059772,,0
ORD042509,,0
ORD000653,,0
ORD048299,,0
ORD010192,,0
ORD041321,,0
ORD010091,,0
ORD010234,,0
ORD053745,,0
ORD059284,,0
ORD044724,,0
ORD011208,,0
ORD038795,,0
ORD004093,,0
ORD053325,,0
ORD026912,,0
ORD041989,,0
ORD017395,,0
ORD012870,,0
ORD044544,,0
ORD054305,,0
ORD044300,,0
ORD040628,,0
ORD036642,,0
ORD046577,,0
ORD058031,,0
ORD022354,weight_discrepancy,1
ORD013886,,0
ORD028230,,0
ORD058154,,0
ORD009527,,0
ORD057431,,0
ORD011128,toll_inflation,1
ORD042016,,0
ORD017894,,0
ORD039954,,0
ORD051632,,0
ORD014267,,0
ORD036082,,0
ORD025866,,0
ORD029055,,0
ORD058352,,0
ORD059804,,0
ORD031832,,0
ORD028293,,0
ORD038174,,0
ORD059722,,0
ORD017697,,0
ORD026092,,0
ORD022059,,0
ORD019020,,0
ORD004103,,0
ORD045923,,0
ORD035521,weight_discrepancy,1
ORD026143,,0
ORD021697,,0
ORD033929,,0
ORD035003,,0
ORD046822,,0
ORD010036,weight_discrepancy,1
ORD000368,,0
ORD013277,,0
ORD009366,,0
ORD009854,,0
ORD032974,,0
ORD023627,,0
ORD034345,,0
ORD047264,,0
ORD057999,,0
ORD008123,,0
ORD029889,,0
ORD056452,,0
ORD059034,,0
ORD055976,,0
ORD023581,,0
ORD002137,,0
ORD027455,,0
ORD055855,,0
ORD037400,,0
ORD055680,,0
ORD020407,,0
ORD012910,,0
ORD035794,,0
ORD036319,,0
ORD059437,,0
ORD001072,,0
ORD022948,,0
ORD018299,,0
ORD011648,,0
ORD024743,,0
ORD014556,,0
ORD016314,,0
ORD016438,,0
ORD036072,,0
ORD015304,,0
ORD006495,,0
ORD017239,,0
ORD005522,,0
ORD022387,,0
ORD025061,,0
ORD027689,,0
ORD004393,,0
ORD016924,,0
ORD001375,weight_discrepancy,1
ORD020147,,0
ORD049523,,0
ORD035012,,0
ORD017871,,0
ORD045160,,0
ORD029442,,0
ORD033152,,0
ORD026178,,0
ORD045352,,0
ORD056160,,0
ORD002699,,0
ORD002269,,0
ORD030074,toll_inflation,1
ORD008716,,0
ORD039510,,0
ORD030119,,0
ORD032558,,0
ORD007110,,0
ORD051837,,0
ORD033426,,0
ORD018613,,0
ORD058273,,0
ORD003082,detention_padding,1
ORD021104,,0
ORD052406,,0
ORD029951,,0
ORD024601,,0
ORD030750,,0
ORD046492,,0
ORD024595,,0
ORD058853,,0
ORD020156,,0
ORD040105,,0
ORD051058,,0
ORD009678,,0
ORD024385,,0
ORD036456,,0
ORD017026,,0
ORD008773,,0
ORD042330,weight_discrepancy,1
ORD017612,,0
ORD043426,,0
ORD000778,,0
ORD001229,,0
ORD051426,,0
ORD023269,,0
ORD019167,,0
ORD045593,,0
ORD028687,,0
ORD059441,,0
ORD010710,,0
ORD012109,,0
ORD001798,,0
ORD047375,,0
ORD014266,,0
ORD028781,,0
ORD042604,,0
ORD012023,,0
ORD023870,,0
ORD011756,,0
ORD054045,,0
ORD000024,,0
ORD022747,,0
ORD038996,,0
ORD000990,,0
ORD047141,detention_padding,1
ORD023379,,0
ORD023414,,0
ORD022444,,0
ORD035843,,0
ORD049965,,0
ORD008966,,0
ORD002520,,0
ORD045761,,0
ORD042247,,0
ORD053050,,0
ORD035888,,0
ORD025739,,0
ORD050962,,0
ORD051758,,0
ORD044024,,0
ORD010378,,0
ORD033254,detention_padding,1
ORD021869,,0
ORD019609,,0
ORD059117,,0
ORD035509,,0
ORD043631,,0
ORD042305,,0
ORD059516,toll_inflation,1
ORD020755,detention_padding,1
ORD017344,,0
ORD031891,detention_padding,1
ORD058700,,0
ORD036259,,0
ORD017441,,0
ORD004948,,0
ORD054595,,0
ORD048820,,0
ORD049862,,0
ORD035526,,0
ORD052160,,0
ORD012886,,0
ORD019069,,0
ORD051083,,0
ORD013524,,0
ORD002255,,0
ORD055008,,0
ORD056982,,0
ORD059928,,0
ORD051059,,0
ORD051578,,0
ORD046821,,0
ORD028179,,0
ORD009981,,0
ORD028093,,0
ORD032254,,0
ORD051933,,0
ORD036645,,0
ORD038789,,0
ORD001942,,0
ORD042599,,0
ORD052905,,0
ORD046896,,0
ORD023539,,0
ORD039722,,0
ORD020952,,0
ORD031358,,0
ORD043653,,0
ORD007769,,0
ORD021124,,0
ORD019823,,0
ORD039857,,0
ORD050009,,0
ORD040329,,0
ORD049520,,0
ORD056319,,0
ORD024549,,0
ORD009172,,0
ORD041131,,0
ORD018618,,0
ORD016576,,0
ORD047466,,0
ORD041343,,0
ORD054619,,0
ORD022552,,0
ORD002354,,0
ORD035421,,0
ORD016898,,0
ORD037256,,0
ORD018065,,0
ORD003207,,0
ORD048547,,0
ORD043442,,0
ORD048935,,0
ORD005584,detention_padding,1
ORD049623,,0
ORD027127,,0
ORD026051,,0
ORD025881,,0
ORD006851,,0
ORD026940,,0
ORD021157,,0
ORD002312,,0
ORD032037,,0
ORD035375,,0
ORD037675,,0
ORD049759,,0
ORD027175,,0
ORD024655,,0
ORD011101,,0
ORD001380,detention_padding,1
ORD047417,,0
ORD023219,,0
ORD015128,,0
ORD016705,,0
ORD040169,,0
ORD029319,,0
ORD000249,,0
ORD019762,,0
ORD026587,,0
ORD014447,,0
ORD010939,,0
ORD016462,,0
ORD056329,,0
ORD033298,,0
ORD009857,,0
ORD008053,,0
ORD039407,,0
ORD016959,,0
ORD054868,,0
ORD051938,,0
ORD007614,,0
ORD007744,,0
ORD002647,,0
ORD020459,,0
ORD040585,,0
ORD009665,detention_padding,1
ORD038806,,0
ORD030433,,0
ORD039473,,0
ORD012997,,0
ORD051867,,0
ORD042531,,0
ORD046071,,0
ORD009109,,0
ORD018436,,0
ORD007776,,0
ORD036827,,0
ORD008583,,0
ORD041879,detention_padding,1
ORD010884,,0
ORD000930,,0
ORD048191,,0
ORD000638,,0
ORD005401,,0
ORD016553,,0
ORD035578,,0
ORD013606,,0
ORD056177,,0
ORD043395,,0
ORD057967,,0
ORD002817,,0
ORD024415,,0
ORD014485,,0
ORD001073,,0
ORD011683,,0
ORD034847,,0
ORD025191,,0
ORD026857,,0
ORD054776,,0
ORD044444,,0
ORD054449,,0
ORD053373,,0
ORD047840,toll_inflation,1
ORD016277,,0
ORD021629,,0
ORD032654,,0
ORD030416,,0
ORD036551,,0
ORD049012,,0
ORD005726,,0
ORD036884,,0
ORD022204,,0
ORD010734,,0
ORD058507,,0
ORD049044,,0
ORD032922,,0
ORD053622,,0
ORD041364,,0
ORD043327,,0
ORD058088,,0
ORD036033,,0
ORD027086,,0
ORD043139,,0
ORD009633,,0
ORD044476,,0
ORD010793,,0
ORD038376,,0
ORD021062,,0
ORD033558,,0
ORD004369,,0
ORD051296,,0
ORD001194,,0
ORD027680,,0
ORD018888,,0
ORD035164,,0
ORD032230,,0
ORD042008,,0
ORD008891,,0
ORD016958,,0
ORD051272,,0
ORD054817,,0
ORD008868,,0
ORD046567,,0
ORD021033,,0
ORD027030,,0
ORD007534,,0
ORD006905,,0
ORD031326,,0
ORD048356,,0
ORD029208,,0
ORD010675,,0
ORD006722,,0
ORD013999,,0
ORD007646,,0
ORD047412,,0
ORD044172,,0
ORD003449,,0
ORD033757,,0
ORD020438,,0
ORD056625,,0
ORD017773,,0
ORD032504,detention_padding,1
ORD012638,,0
ORD004890,,0
ORD012851,,0
ORD056743,,0
ORD039632,,0
ORD036646,weight_discrepancy,1
ORD053605,,0
ORD010084,,0
ORD013204,,0
ORD053256,,0
ORD008304,,0
ORD013152,,0
ORD014379,,0
ORD048065,,0
ORD000935,,0
ORD056355,,0
ORD036603,toll_inflation,1
ORD049946,,0
ORD013104,,0
ORD041576,,0
ORD047391,,0
ORD023196,,0
ORD041774,,0
ORD056959,,0
ORD057556,,0
ORD006977,,0
ORD028173,detention_padding,1
ORD041484,,0
ORD027516,,0
ORD020120,,0
ORD057885,detention_padding,1
ORD004139,,0
ORD031824,,0
ORD011380,,0
ORD013595,,0
ORD003454,,0
ORD013755,,0
ORD025697,,0
ORD041593,,0
ORD003461,,0
ORD058444,,0
ORD045542,,0
ORD014479,,0
ORD036853,,0
ORD030751,,0
ORD019954,,0
ORD011963,,0
ORD037673,,0
ORD003328,,0
ORD004079,,0
ORD040764,,0
ORD017459,,0
ORD005279,,0
ORD018462,,0
ORD054555,,0
ORD034366,,0
ORD024727,,0
ORD052213,,0
ORD020514,,0
ORD012456,,0
ORD031479,,0
ORD044070,,0
ORD044536,,0
ORD007921,,0
ORD000821,,0
ORD045497,,0
ORD033978,,0
ORD016542,,0
ORD055765,,0
ORD016667,,0
ORD022256,,0
ORD009565,detention_padding,1
ORD021513,,0
ORD049293,,0
ORD055389,,0
ORD008860,,0
ORD021508,,0
ORD015553,,0
ORD037286,,0
ORD053300,,0
ORD042864,,0
ORD043761,,0
ORD059258,,0
ORD027162,,0
ORD018716,,0
ORD037340,,0
ORD058634,,0
ORD048132,,0
ORD042385,,0
ORD038387,,0
ORD001727,weight_discrepancy,1
ORD031431,,0
ORD003871,,0
ORD024184,,0
ORD032853,,0
ORD030983,,0
ORD013130,,0
ORD002062,,0
ORD026919,,0
ORD015506,,0
ORD024533,,0
ORD044074,,0
ORD058882,,0
ORD001663,,0
ORD004681,,0
ORD046528,,0
ORD046714,,0
ORD046034,,0
ORD033811,,0
ORD043949,,0
ORD019265,,0
ORD011699,,0
ORD018430,toll_inflation,1
ORD024663,,0
ORD009265,,0
ORD015366,,0
ORD037873,toll_inflation,1
ORD024068,,0
ORD016325,,0
ORD006237,,0
ORD033841,,0
ORD054158,,0
ORD024652,,0
ORD009186,,0
ORD039343,,0
ORD042462,,0
ORD028710,,0
ORD025548,,0
ORD016497,,0
ORD013094,,0
ORD009767,,0
ORD029365,,0
ORD012866,,0
ORD031107,,0
ORD055014,,0
ORD039021,toll_inflation,1
ORD056968,,0
ORD047322,,0
ORD026550,,0
ORD000546,,0
ORD002213,,0
ORD026878,,0
ORD014802,,0
ORD044113,,0
ORD007291,toll_inflation,1
ORD020449,,0
ORD029132,,0
ORD019216,,0
ORD016753,,0
ORD000612,,0
ORD028229,,0
ORD001950,,0
ORD045988,,0
ORD015568,,0
ORD045541,,0
ORD032675,,0
ORD039444,,0
ORD022616,,0
ORD013500,,0
ORD054605,,0
ORD055671,,0
ORD051369,,0
ORD031366,toll_inflation,1
ORD015349,,0
ORD008411,toll_inflation,1
ORD000144,,0
ORD040138,,0
ORD027685,,0
ORD052569,,0
ORD032321,,0
ORD019239,,0
ORD026212,,0
ORD037985,,0
ORD012854,,0
ORD045571,,0
ORD054015,,0
ORD046953,,0
ORD034158,,0
ORD036955,,0
ORD040235,,0
ORD050901,,0
ORD015836,,0
ORD047945,,0
ORD052794,,0
ORD058807,,0
ORD003291,,0
ORD052534,,0
ORD024532,,0
ORD003980,,0
ORD018763,,0
ORD023681,,0
ORD057565,,0
ORD022136,,0
ORD033274,,0
ORD035653,,0
ORD032661,,0
ORD019753,,0
ORD030564,,0
ORD058831,,0
ORD050301,,0
ORD031340,toll_inflation,1
ORD027060,,0
ORD015231,,0
ORD039768,,0
ORD001966,,0
ORD033573,,0
ORD002771,,0
ORD024182,,0
ORD035835,,0
ORD029651,,0
ORD000349,weight_discrepancy,1
ORD039927,,0
ORD031190,,0
ORD025754,,0
ORD052068,,0
ORD059709,,0
ORD052170,,0
ORD028630,,0
ORD046885,,0
ORD021467,,0
ORD013879,,0
ORD040094,,0
ORD050308,,0
ORD003851,,0
ORD007498,,0
ORD020040,,0
ORD019447,,0
ORD025107,,0
ORD005722,,0
ORD044758,,0
ORD041561,,0
ORD031932,,0
ORD049728,,0
ORD052053,detention_padding,1
ORD048967,detention_padding,1
ORD054218,,0
ORD050277,,0
ORD023182,,0
ORD009548,,0
ORD045295,,0
ORD050421,,0
ORD050577,,0
ORD045813,,0
ORD016820,,0
ORD052681,,0
ORD043306,,0
ORD059921,,0
ORD052948,,0
ORD059978,weight_discrepancy,1
ORD030559,,0
ORD010117,,0
ORD031410,,0
ORD015049,,0
ORD016954,,0
ORD053305,,0
ORD053332,,0
ORD006614,,0
ORD057259,,0
ORD032590,,0
ORD044913,,0
ORD013255,,0
ORD015835,,0
ORD051928,,0
ORD020943,,0
ORD045067,,0
ORD001795,,0
ORD053010,,0
ORD006535,,0
ORD025831,,0
ORD042530,,0
ORD033246,,0
ORD033405,,0
ORD004003,,0
ORD021729,,0
ORD047611,,0
ORD036262,,0
ORD051927,,0
ORD001878,detention_padding,1
ORD018818,weight_discrepancy,1
ORD031004,,0
ORD000110,,0
ORD047535,,0
ORD040098,,0
ORD052624,,0
ORD010650,,0
ORD030929,,0
ORD002624,,0
ORD025207,,0
ORD002211,,0
ORD041504,,0
ORD011681,detention_padding,1
ORD021199,,0
ORD007920,,0
ORD025848,,0
ORD018082,,0
ORD024646,,0
ORD013292,,0
ORD029963,,0
ORD040678,,0
ORD059228,,0
ORD054956,,0
ORD010855,detention_padding,1
ORD058162,,0
ORD016189,,0
ORD043274,,0
ORD036697,detention_padding,1
ORD030708,,0
ORD045494,,0
ORD014859,,0
ORD015164,,0
ORD007937,,0
ORD000143,,0
ORD040841,,0
ORD034904,,0
ORD024829,,0
ORD057588,,0
ORD031193,,0
ORD021281,weight_discrepancy,1
ORD011028,,0
ORD019093,,0
ORD043529,,0
ORD054306,,0
ORD057190,,0
ORD053296,,0
ORD007714,,0
ORD055699,,0
ORD059337,,0
ORD057956,,0
ORD001297,,0
ORD027504,,0
ORD004031,,0
ORD039262,,0
ORD007129,,0
ORD028007,,0
ORD001301,,0
ORD005888,,0
ORD014897,,0
ORD034737,,0
ORD048173,,0
ORD031028,,0
ORD007329,,0
ORD006227,,0
ORD027200,,0
ORD049258,,0
ORD011196,,0
ORD048690,,0
ORD052494,weight_discrepancy,1
ORD033349,,0
ORD034196,,0
ORD051949,,0
ORD038383,,0
ORD059479,,0
ORD035665,,0
ORD040261,detention_padding,1
ORD049913,,0
ORD017524,,0
ORD009229,,0
ORD014192,,0
ORD009431,detention_padding,1
ORD021422,,0
ORD005743,,0
ORD037064,,0
ORD057973,,0
ORD019553,,0
ORD017232,,0
ORD008089,,0
ORD042011,,0
ORD059124,,0
ORD052371,,0
ORD029015,,0
ORD024994,,0
ORD049514,,0
ORD007723,toll_inflation,1
ORD047925,,0
ORD037055,,0
ORD041115,,0
ORD050564,toll_inflation,1
ORD011103,,0
ORD032454,,0
ORD034171,,0
ORD036586,,0
ORD009463,toll_inflation,1
ORD044437,,0
ORD001699,,0
ORD036671,,0
ORD050354,weight_discrepancy,1
ORD014839,,0
ORD016719,,0
ORD031958,,0
ORD009791,,0
ORD010836,,0
ORD017201,,0
ORD023137,,0
ORD000932,,0
ORD058062,,0
ORD004136,,0
ORD036059,,0
ORD009755,,0
ORD010900,,0
ORD036588,,0
ORD026547,,0
ORD002268,,0
ORD027806,,0
ORD037831,,0
ORD054004,,0
ORD034908,,0
ORD029288,,0
ORD003256,toll_inflation,1
ORD035356,,0
ORD009673,,0
ORD043773,,0
ORD024199,,0
ORD046753,,0
ORD029496,,0
ORD049013,,0
ORD024553,,0
ORD028698,,0
ORD024862,,0
ORD047288,,0
ORD032437,,0
ORD042064,,0
ORD038759,,0
ORD021167,,0
ORD040964,,0
ORD001256,,0
ORD003399,,0
ORD025068,,0
ORD009245,,0
ORD054903,,0
ORD004503,,0
ORD023563,,0
ORD044592,,0
ORD004314,,0
ORD012826,,0
ORD041490,,0
ORD010102,,0
ORD035394,,0
ORD015680,,0
ORD025748,,0
ORD004853,,0
ORD032028,,0
ORD039000,,0
ORD039564,toll_inflation,1
ORD057509,,0
ORD032585,,0
ORD031204,,0
ORD009806,,0
ORD059309,,0
ORD040459,,0
ORD052796,,0
ORD011126,,0
ORD009148,,0
ORD057844,,0
ORD039662,,0
ORD039324,,0
ORD039261,,0
ORD028993,,0
ORD004950,weight_discrepancy,1
ORD011870,,0
ORD025158,,0
ORD030145,,0
ORD036660,,0
ORD056414,,0
ORD016502,,0
ORD011139,,0
ORD049489,,0
ORD029187,,0
ORD058627,,0
ORD007504,,0
ORD024420,weight_discrepancy,1
ORD031543,,0
ORD038240,,0
ORD056119,,0
ORD008744,,0
ORD059797,,0
ORD053833,,0
ORD059374,detention_padding,1
ORD048179,toll_inflation,1
ORD042065,,0
ORD021780,,0
ORD013044,,0
ORD043811,,0
ORD008211,,0
ORD030412,,0
ORD041194,,0
ORD026304,,0
ORD015724,,0
ORD032625,,0
ORD025445,,0
ORD037141,,0
ORD054730,,0
ORD029858,,0
ORD008434,,0
ORD005159,,0
ORD030572,,0
ORD048532,,0
ORD030441,,0
ORD046396,,0
ORD014705,,0
ORD021164,,0
ORD018213,,0
ORD051607,,0
ORD019081,,0
ORD014076,,0
ORD056814,,0
ORD055407,,0
ORD028562,,0
ORD031219,,0
ORD030899,,0
ORD010733,,0
ORD006339,,0
ORD034961,,0
ORD024246,,0
ORD049878,,0
ORD014039,,0
ORD059564,,0
ORD052785,,0
ORD035426,,0
ORD018366,,0
ORD014122,,0
ORD020252,,0
ORD038056,,0
ORD059198,,0
ORD024047,weight_discrepancy,1
ORD019417,,0
ORD012044,,0
ORD027770,,0
ORD006028,,0
ORD027982,,0
ORD030361,,0
ORD059721,,0
ORD056961,,0
ORD050202,,0
ORD040848,,0
ORD009119,,0
ORD029969,,0
ORD043735,,0
ORD051454,,0
ORD043934,,0
ORD020374,,0
ORD048694,,0
ORD033476,,0
ORD004440,,0
ORD016684,,0
ORD020307,,0
ORD042923,,0
ORD057563,,0
ORD025373,,0
ORD043591,detention_padding,1
ORD005962,,0
ORD051099,,0
ORD040223,,0
ORD040414,,0
ORD014824,,0
ORD014816,,0
ORD015693,,0
ORD003305,,0
ORD033901,,0
ORD043423,,0
ORD014360,,0
ORD015258,,0
ORD024314,,0
ORD056338,,0
ORD051306,,0
ORD024338,,0
ORD010279,,0
ORD035629,,0
ORD016464,,0
ORD020749,,0
ORD024536,,0
ORD037263,,0
ORD058735,,0
ORD015120,,0
ORD011502,,0
ORD026820,,0
ORD054791,,0
ORD028955,,0
ORD005780,,0
ORD052454,weight_discrepancy,1
ORD035138,,0
ORD007306,,0
ORD034981,,0
ORD000832,,0
ORD048632,,0
ORD044969,,0
ORD004872,,0
ORD045626,,0
ORD019916,,0
ORD004583,,0
ORD036576,,0
ORD006751,,0
ORD019990,detention_padding,1
ORD032408,,0
ORD051616,,0
ORD004819,,0
ORD018665,,0
ORD032050,,0
ORD030660,,0
ORD026437,,0
ORD027760,,0
ORD011968,,0
ORD015895,,0
ORD017179,,0
ORD003527,,0
ORD014322,,0
ORD058409,,0
ORD056428,,0
ORD027844,,0
ORD040745,,0
ORD053681,,0
ORD012250,,0
ORD017654,,0
ORD050913,,0
ORD028871,,0
ORD028917,,0
ORD054823,,0
ORD029084,,0
ORD026925,,0
ORD033664,,0
ORD002093,,0
ORD002658,,0
ORD052766,,0
ORD038304,,0
ORD059207,,0
ORD004057,,0
ORD002858,,0
ORD001520,detention_padding,1
ORD014983,,0
ORD054925,,0
ORD049152,,0
ORD034075,,0
ORD022418,,0
ORD054907,,0
ORD010974,,0
ORD047286,,0
ORD010079,,0
ORD048924,weight_discrepancy,1
ORD047351,,0
ORD048443,,0
ORD013823,detention_padding,1
ORD048451,,0
ORD007285,,0
ORD023142,,0
ORD024921,,0
ORD059849,,0
ORD038975,,0
ORD000354,,0
ORD035091,,0
ORD031269,,0
ORD043315,,0
ORD023341,,0
ORD018256,,0
ORD036399,,0
ORD014797,,0
ORD056664,,0
ORD019430,,0
ORD028037,,0
ORD039254,,0
ORD046491,,0
ORD020266,,0
ORD006677,,0
ORD009133,,0
ORD034804,,0
ORD055593,,0
ORD057810,,0
ORD024056,,0
ORD042873,,0
ORD010502,,0
ORD042476,,0
ORD014913,,0
ORD032320,,0
ORD048504,,0
ORD039683,,0
ORD002873,,0
ORD058708,,0
ORD012964,,0
ORD011120,,0
ORD046580,,0
ORD019025,,0
ORD044423,,0
ORD034339,,0
ORD052109,,0
ORD007390,,0
ORD007577,,0
ORD004620,,0
ORD046132,,0
ORD006646,,0
ORD043365,,0
ORD034319,,0
ORD023618,,0
ORD017276,,0
ORD022758,,0
ORD000869,,0
ORD041883,,0
ORD049505,,0
ORD034474,,0
ORD003409,,0
ORD056193,,0
ORD020927,,0
ORD036864,,0
ORD023305,,0
ORD028601,,0
ORD000046,,0
ORD000680,,0
ORD012301,,0
ORD027112,,0
ORD045664,,0
ORD047383,,0
ORD029518,,0
ORD048689,,0
ORD055446,,0
ORD021757,,0
ORD027059,,0
ORD059974,,0
ORD010726,,0
ORD048641,,0
ORD050081,,0
ORD050167,,0
ORD023236,,0
ORD031810,,0
ORD047425,,0
ORD044082,,0
ORD059614,,0
ORD012466,,0
ORD011557,,0
ORD001735,,0
ORD001241,,0
ORD015337,,0
ORD053169,,0
ORD005642,,0
ORD001773,detention_padding,1
ORD039064,,0
ORD011771,,0
ORD011677,,0
ORD018288,,0
ORD020761,,0
ORD006929,,0
ORD016651,,0
ORD032637,,0
ORD039739,,0
ORD056878,,0
ORD040181,,0
ORD056906,,0
ORD043711,,0
ORD045172,,0
ORD040914,,0
ORD004169,,0
ORD021053,,0
ORD031363,toll_inflation,1
ORD058274,toll_inflation,1
ORD058325,,0
ORD039702,,0
ORD048900,,0
ORD031672,,0
ORD026908,,0
ORD002504,,0
ORD044460,,0
ORD050700,,0
ORD040778,,0
ORD006639,,0
ORD048559,,0
ORD047209,,0
ORD032397,,0
ORD020225,,0
ORD031584,,0
ORD005275,weight_discrepancy,1
ORD034829,,0
ORD048928,,0
ORD007115,,0
ORD007764,,0
ORD036828,,0
ORD011701,weight_discrepancy,1
ORD011696,,0
ORD031934,,0
ORD035543,detention_padding,1
ORD020016,,0
ORD025989,,0
ORD059443,,0
ORD011155,,0
ORD005851,,0
ORD012401,,0
ORD049585,,0
ORD031021,,0
ORD020977,,0
ORD059458,,0
ORD045064,detention_padding,1
ORD015357,,0
ORD021510,,0
ORD046851,weight_discrepancy,1
ORD030040,,0
ORD013125,,0
ORD038509,,0
ORD009547,,0
ORD055048,,0
ORD006855,,0
ORD036474,,0
ORD013005,,0
ORD009810,,0
ORD004931,,0
ORD005493,weight_discrepancy,1
ORD028178,,0
ORD057292,,0
ORD045920,,0
ORD048716,,0
ORD029327,,0
ORD010882,,0
ORD047884,,0
ORD040496,toll_inflation,1
ORD037176,toll_inflation,1
ORD019278,,0
ORD031722,,0
ORD000195,,0
ORD028208,,0
ORD040307,,0
ORD036479,,0
ORD016501,,0
ORD041051,,0
ORD012092,,0
ORD032142,,0
ORD038969,,0
ORD026229,,0
ORD018234,,0
ORD041566,,0
ORD039908,,0
ORD014203,,0
ORD059872,,0
ORD017662,,0
ORD013096,,0
ORD057526,,0
ORD040053,,0
ORD028125,,0
ORD000586,,0
ORD035934,,0
ORD050979,detention_padding,1
ORD017959,detention_padding,1
ORD012625,,0
ORD012715,,0
ORD032090,,0
ORD025896,,0
ORD034289,,0
ORD012131,,0
ORD004307,,0
ORD055259,,0
ORD052638,,0
ORD020088,,0
ORD011220,,0
ORD027394,,0
ORD011235,,0
ORD004729,,0
ORD033166,,0
ORD058766,,0
ORD037369,,0
ORD026748,,0
ORD058731,,0
ORD054879,,0
ORD057869,,0
ORD010784,,0
ORD016771,,0
ORD056020,,0
ORD053107,weight_discrepancy,1
ORD046942,,0
ORD038449,,0
ORD042921,,0
ORD030646,,0
ORD015828,,0
ORD020881,,0
ORD039167,,0
ORD052954,,0
ORD011072,,0
ORD019624,,0
ORD054917,,0
ORD052537,toll_inflation,1
ORD015723,toll_inflation,1
ORD059299,,0
ORD006533,detention_padding,1
ORD002288,,0
ORD014555,,0
ORD053492,toll_inflation,1
ORD049493,,0
ORD030465,,0
ORD008852,,0
ORD056324,,0
ORD054183,,0
ORD039628,,0
ORD013063,,0
ORD048722,,0
ORD015706,,0
ORD038392,,0
ORD010062,,0
ORD031771,,0
ORD009577,,0
ORD056067,,0
ORD057406,,0
ORD035837,,0
ORD039816,,0
ORD052334,,0
ORD011758,,0
ORD028941,,0
ORD006634,,0
ORD053691,,0
ORD006503,,0
ORD047136,,0
ORD036076,,0
ORD017791,toll_inflation,1
ORD025678,,0
ORD031099,,0
ORD026491,,0
ORD053406,,0
ORD005884,,0
ORD053790,,0
ORD027985,,0
ORD029094,,0
ORD053865,,0
ORD011628,,0
ORD054022,,0
ORD001386,,0
ORD041867,,0
ORD023288,,0
ORD024985,,0
ORD041255,,0
ORD002009,,0
ORD023688,,0
ORD043516,,0
ORD043349,,0
ORD002628,,0
ORD059875,,0
ORD001611,,0
ORD036728,toll_inflation,1
ORD050192,,0
ORD037094,,0
ORD021332,,0
ORD049716,toll_inflation,1
ORD022146,,0
ORD050068,,0
ORD004058,,0
ORD021974,weight_discrepancy,1
ORD038203,,0
ORD021007,,0
ORD056993,,0
ORD048244,,0
ORD006403,,0
ORD005619,,0
ORD019950,,0
ORD021946,,0
ORD008764,,0
ORD058925,,0
ORD055257,,0
ORD009733,,0
ORD030407,,0
ORD035261,,0
ORD043904,,0
ORD019509,,0
ORD025468,,0
ORD038444,,0
ORD049647,,0
ORD042001,,0
ORD013622,,0
ORD033269,,0
ORD004992,,0
ORD004886,,0
ORD003004,,0
ORD019189,,0
ORD000501,,0
ORD006283,,0
ORD018655,,0
ORD052439,,0
ORD049229,,0
ORD028826,,0
ORD058215,,0
ORD014588,,0
ORD031109,,0
ORD050882,,0
ORD037104,,0
ORD022340,,0
ORD004247,,0
ORD014269,,0
ORD040981,,0
ORD026749,,0
ORD030630,,0
ORD008356,,0
ORD008325,,0
ORD003756,,0
ORD032302,,0
ORD030935,,0
ORD002079,,0
ORD007258,,0
ORD016588,,0
ORD053188,,0
ORD044810,,0
ORD014044,,0
ORD044648,weight_discrepancy,1
ORD018964,,0
ORD046204,,0
ORD027670,,0
ORD059471,,0
ORD052673,,0
ORD026708,,0
ORD057393,,0
ORD059617,,0
ORD057699,,0
ORD007481,,0
ORD031077,,0
ORD057637,,0
ORD020600,,0
ORD043618,toll_inflation,1
ORD050547,,0
ORD008877,,0
ORD020910,,0
ORD039349,,0
ORD013949,,0
ORD034747,,0
ORD054404,,0
ORD000572,toll_inflation,1
ORD023616,detention_padding,1
ORD020959,,0
ORD003562,,0
ORD043013,,0
ORD012553,,0
ORD003669,,0
ORD038822,,0
ORD047228,,0
ORD030452,,0
ORD023893,,0
ORD015009,toll_inflation,1
ORD017309,,0
ORD018092,,0
ORD006959,,0
ORD031430,,0
ORD050750,,0
ORD020641,,0
ORD058636,,0
ORD012340,,0
ORD025773,,0
ORD033142,,0
ORD026828,,0
ORD024252,,0
ORD042942,,0
ORD044596,,0
ORD019399,detention_padding,1
ORD019386,,0
ORD019129,,0
ORD023383,,0
ORD045134,,0
ORD043440,,0
ORD049262,,0
ORD026778,,0
ORD052917,toll_inflation,1
ORD047977,,0
ORD002634,,0
ORD037906,,0
ORD045343,,0
ORD011204,,0
ORD041084,toll_inflation,1
ORD016881,,0
ORD016365,,0
ORD046740,,0
ORD002930,,0
ORD024686,,0
ORD050861,,0
ORD002096,,0
ORD037802,,0
ORD001295,,0
ORD043501,weight_discrepancy,1
ORD024842,,0
ORD037564,toll_inflation,1
ORD035058,,0
ORD050243,,0
ORD054470,,0
ORD023319,,0
ORD005850,,0
ORD001603,weight_discrepancy,1
ORD026279,,0
ORD035803,,0
ORD054829,,0
ORD010063,,0
ORD045927,,0
ORD040141,,0
ORD031090,,0
ORD054170,,0
ORD000439,,0
ORD014975,toll_inflation,1
ORD029064,,0
ORD052525,,0
ORD021532,,0
ORD032350,,0
ORD038780,,0
ORD003511,,0
ORD016848,,0
ORD021855,,0
ORD043081,,0
ORD003214,,0
ORD032650,,0
ORD058515,,0
ORD016833,toll_inflation,1
ORD001330,,0
ORD004408,,0
ORD036461,,0
ORD029271,,0
ORD045019,,0
ORD056779,,0
ORD033909,weight_discrepancy,1
ORD034676,,0
ORD015989,,0
ORD043047,toll_inflation,1
ORD040630,,0
ORD030787,,0
ORD037331,,0
ORD030620,,0
ORD030348,,0
ORD043039,,0
ORD053570,,0
ORD043380,,0
ORD047028,,0
ORD026644,,0
ORD023093,,0
ORD039841,,0
ORD032765,detention_padding,1
ORD021439,,0
ORD010567,,0
ORD043083,,0
ORD022037,,0
ORD021533,,0
ORD035935,,0
ORD000166,detention_padding,1
ORD044313,,0
ORD048991,,0
ORD048762,,0
ORD055670,,0
ORD044842,,0
ORD013342,,0
ORD030492,,0
ORD031083,,0
ORD023515,,0
ORD032398,,0
ORD031590,,0
ORD052085,,0
ORD003316,,0
ORD016791,,0
ORD016159,,0
ORD050605,,0
ORD041588,,0
ORD028916,,0
ORD036426,,0
ORD020331,,0
ORD002872,,0
ORD017000,,0
ORD036534,,0
ORD051565,toll_inflation,1
ORD005324,,0
ORD015508,,0
ORD051834,,0
ORD005113,,0
ORD013955,,0
ORD032561,,0
ORD021076,,0
ORD024501,,0
ORD021943,,0
ORD004572,,0
ORD033040,,0
ORD000429,,0
ORD027366,,0
ORD031432,,0
ORD055309,,0
ORD021441,,0
ORD003271,,0
ORD058421,,0
ORD000672,,0
ORD031427,,0
ORD028163,,0
ORD031521,,0
ORD059235,,0
ORD047953,,0
ORD027368,,0
ORD012041,,0
ORD015886,,0
ORD006136,,0
ORD053523,,0
ORD056778,,0
ORD013486,,0
ORD046811,,0
ORD014875,,0
ORD058703,,0
ORD026691,,0
ORD021185,,0
ORD026802,,0
ORD009681,,0
ORD057604,,0
ORD042898,,0
ORD036712,,0
ORD013030,,0
ORD045123,,0
ORD017743,,0
ORD047128,,0
ORD014659,,0
ORD030762,,0
ORD021528,,0
ORD014650,,0
ORD006951,,0
ORD020203,,0
ORD047546,,0
ORD055450,,0
ORD030772,,0
ORD025226,,0
ORD019721,,0
ORD011437,,0
ORD039245,,0
ORD024098,,0
ORD009248,,0
ORD040015,,0
ORD055311,,0
ORD058952,,0
ORD044825,,0
ORD044311,,0
ORD016524,,0
ORD036851,,0
ORD048025,,0
ORD008536,,0
ORD052201,,0
ORD028940,,0
ORD026522,,0
ORD048217,,0
ORD012290,,0
ORD041270,,0
ORD056879,,0
ORD010465,,0
ORD023456,,0
ORD027439,toll_inflation,1
ORD006194,,0
ORD059831,,0
ORD018189,,0
ORD046063,detention_padding,1
ORD042564,,0
ORD020833,,0
ORD001320,,0
ORD012759,,0
ORD030607,,0
ORD033956,,0
ORD013694,,0
ORD020153,,0
ORD011550,,0
ORD032624,,0
ORD011079,,0
ORD040712,,0
ORD015419,,0
ORD036869,,0
ORD006960,,0
ORD001754,,0
ORD046152,,0
ORD036735,,0
ORD043982,,0
ORD049534,,0
ORD015299,,0
ORD006735,,0
ORD044247,,0
ORD004590,,0
ORD054052,,0
ORD043091,,0
ORD011447,,0
ORD039977,,0
ORD022135,,0
ORD046087,,0
ORD044815,,0
ORD029350,,0
ORD055700,,0
ORD050891,,0
ORD034021,,0
ORD052478,,0
ORD022255,,0
ORD022090,,0
ORD008907,,0
ORD019196,,0
ORD012702,,0
ORD019757,,0
ORD044588,,0
ORD010123,,0
ORD003093,,0
ORD043155,,0
ORD021853,,0
ORD016650,,0
ORD035253,,0
ORD021175,,0
ORD019535,,0
ORD049203,,0
ORD038429,,0
ORD049655,,0
ORD000225,,0
ORD019810,,0
ORD035595,,0
ORD034343,,0
ORD018301,,0
ORD044604,toll_inflation,1
ORD031634,,0
ORD057500,,0
ORD003160,,0
ORD059218,,0
ORD036216,,0
ORD023104,,0
ORD031475,,0
ORD009501,,0
ORD037754,,0
ORD037077,,0
ORD038487,,0
ORD003367,,0
ORD013321,,0
ORD029347,,0
ORD014736,,0
ORD017163,,0
ORD007189,,0
ORD058122,,0
ORD009976,,0
ORD000037,,0
ORD014433,,0
ORD017978,,0
ORD059028,,0
ORD047570,,0
ORD014363,,0
ORD011954,,0
ORD004138,,0
ORD007232,,0
ORD047033,,0
ORD038118,,0
ORD019676,,0
ORD014999,,0
ORD044239,,0
ORD055362,,0
ORD038735,,0
ORD055690,,0
ORD038741,,0
ORD002181,,0
ORD049933,,0
ORD027566,,0
ORD058407,,0
ORD059206,,0
ORD053401,,0
ORD006225,,0
ORD057031,,0
ORD007824,,0
ORD005775,,0
ORD036441,,0
ORD057043,,0
ORD044018,,0
ORD058758,,0
ORD053747,,0
ORD018481,,0
ORD044844,,0
ORD004047,,0
ORD021507,,0
ORD039642,,0
ORD005417,,0
ORD021871,,0
ORD049661,,0
ORD005397,,0
ORD015392,,0
ORD041481,,0
ORD012062,,0
ORD027822,,0
ORD037313,,0
ORD011036,,0
ORD059996,,0
ORD011000,,0
ORD029928,,0
ORD016304,toll_inflation,1
ORD054354,,0
ORD042237,,0
ORD009237,,0
ORD038440,,0
ORD042803,,0
ORD052634,,0
ORD054242,toll_inflation,1
ORD045836,toll_inflation,1
ORD008633,,0
ORD045787,,0
ORD021553,,0
ORD007949,,0
ORD032331,,0
ORD028820,,0
ORD002054,detention_padding,1
ORD041448,,0
ORD056396,,0
ORD018518,,0
ORD050832,,0
ORD050181,,0
ORD033434,,0
ORD030507,,0
ORD004280,,0
ORD044817,,0
ORD035533,,0
ORD058592,,0
ORD013967,,0
ORD054180,,0
ORD008525,,0
ORD036502,weight_discrepancy,1
ORD001647,,0
ORD017621,,0
ORD023234,,0
ORD022160,,0
ORD013287,,0
ORD023300,,0
ORD051220,,0
ORD046508,,0
ORD007768,,0
ORD053074,,0
ORD024207,,0
ORD038219,,0
ORD029500,,0
ORD020494,,0
ORD047949,toll_inflation,1
ORD010487,,0
ORD043283,,0
ORD019737,,0
ORD056903,,0
ORD016262,,0
ORD049658,,0
ORD039901,,0
ORD038722,,0
ORD040838,,0
ORD023722,,0
ORD052229,,0
ORD043718,,0
ORD055986,,0
ORD052204,weight_discrepancy,1
ORD045892,,0
ORD025328,,0
ORD048273,,0
ORD021620,,0
ORD046252,,0
ORD015641,,0
ORD015456,,0
ORD031682,,0
ORD026225,,0
ORD019769,,0
ORD014970,,0
ORD041812,,0
ORD012492,,0
ORD048341,toll_inflation,1
ORD034298,,0
ORD051450,,0
ORD014461,,0
ORD032152,,0
ORD009076,,0
ORD007253,,0
ORD050150,,0
ORD009097,toll_inflation,1
ORD007974,,0
ORD026718,,0
ORD021692,detention_padding,1
ORD057891,,0
ORD040759,,0
ORD058174,,0
ORD028598,,0
ORD033655,,0
ORD042232,,0
ORD056824,detention_padding,1
ORD028292,,0
ORD037507,,0
ORD011145,,0
ORD027487,,0
ORD001946,,0
ORD035710,,0
ORD015286,,0
ORD056762,,0
ORD055056,,0
ORD013278,,0
ORD020137,,0
ORD029555,,0
ORD053916,,0
ORD042573,,0
ORD031397,,0
ORD047376,,0
ORD041785,,0
ORD039139,,0
ORD051744,,0
ORD009543,,0
ORD006315,detention_padding,1
ORD053161,,0
ORD001756,,0
ORD049139,,0
ORD027342,,0
ORD016011,,0
ORD041765,,0
ORD057596,detention_padding,1
ORD045725,,0
ORD041290,,0
ORD053213,,0
ORD040330,,0
ORD020455,,0
ORD016063,,0
ORD030919,,0
ORD011660,,0
ORD041991,,0
ORD030345,,0
ORD011080,,0
ORD003546,,0
ORD053171,,0
ORD018931,,0
ORD032849,,0
ORD025763,,0
ORD024933,,0
ORD006738,,0
ORD048338,,0
ORD057332,,0
ORD028772,,0
ORD028568,,0
ORD049927,,0
ORD001021,,0
ORD011060,,0
ORD050616,,0
ORD058172,,0
ORD025262,,0
ORD056925,,0
ORD013810,,0
ORD051353,,0
ORD039478,,0
ORD007222,,0
ORD055953,,0
ORD027090,,0
ORD011829,,0
ORD041936,,0
ORD027113,,0
ORD009494,,0
ORD007880,,0
ORD011548,,0
ORD027960,,0
ORD006888,,0
ORD032159,,0
ORD007352,,0
ORD043384,,0
ORD056572,,0
ORD033482,,0
ORD016929,,0
ORD001075,,0
ORD035141,,0
ORD015716,,0
ORD032105,,0
ORD039999,,0
ORD059427,,0
ORD028733,,0
ORD056057,,0
ORD049616,,0
ORD001133,,0
ORD046361,,0
ORD015787,,0
ORD005871,weight_discrepancy,1
ORD034493,,0
ORD059094,,0
ORD028288,,0
ORD024053,,0
ORD010386,,0
ORD028690,weight_discrepancy,1
ORD029397,,0
ORD013129,,0
ORD046849,,0
ORD043581,,0
ORD016274,,0
ORD057145,,0
ORD040976,,0
ORD023896,,0
ORD029052,,0
ORD059677,weight_discrepancy,1
ORD057671,,0
ORD052642,,0
ORD047480,,0
ORD040466,,0
ORD021359,,0
ORD032726,,0
ORD038073,,0
ORD035800,,0
ORD004129,detention_padding,1
ORD040903,,0
ORD033489,,0
ORD055625,,0
ORD007552,,0
ORD008550,,0
ORD014292,,0
ORD006667,,0
ORD056101,,0
ORD020178,,0
ORD056349,,0
ORD038491,,0
ORD006899,,0
ORD022756,,0
ORD020015,,0
ORD026589,,0
ORD022786,,0
ORD035689,,0
ORD059115,,0
ORD027389,,0
ORD017156,,0
ORD036921,,0
ORD021887,,0
ORD057257,detention_padding,1
ORD040842,,0
ORD013406,,0
ORD058331,,0
ORD047049,,0
ORD049813,,0
ORD055972,,0
ORD019921,,0
ORD058104,,0
ORD012834,,0
ORD003265,,0
ORD031967,,0
ORD049988,detention_padding,1
ORD050142,,0
ORD005988,,0
ORD037896,,0
ORD016612,,0
ORD031589,,0
ORD031453,,0
ORD039558,,0
ORD004581,toll_inflation,1
ORD031910,,0
ORD010639,weight_discrepancy,1
ORD042851,,0
ORD030526,,0
ORD021059,,0
ORD005183,,0
ORD037672,,0
ORD030554,,0
ORD005597,,0
ORD037740,detention_padding,1
ORD024037,,0
ORD057941,,0
ORD054809,,0
ORD042127,,0
ORD009592,,0
ORD029429,,0
ORD043692,,0
ORD037958,,0
ORD039912,,0
ORD031170,,0
ORD008132,,0
ORD037048,,0
ORD018125,,0
ORD049964,,0
ORD006901,,0
ORD050088,,0
ORD024408,,0
ORD009959,,0
ORD000944,,0
ORD005926,,0
ORD054951,,0
ORD058287,,0
ORD046553,,0
ORD059533,,0
ORD057248,,0
ORD034997,,0
ORD055081,,0
ORD016429,,0
ORD059069,,0
ORD021555,,0
ORD059359,,0
ORD002353,,0
ORD041103,,0
ORD002689,,0
ORD048151,,0
ORD024276,,0
ORD032872,,0
ORD014815,,0
ORD022040,,0
ORD046783,,0
ORD036324,,0
ORD052193,,0
ORD056061,,0
ORD017102,,0
ORD050770,,0
ORD034957,,0
ORD043649,,0
ORD058597,,0
ORD024630,,0
ORD050752,,0
ORD047788,,0
ORD040777,,0
ORD003331,,0
ORD029107,,0
ORD017208,,0
ORD050195,detention_padding,1
ORD043891,,0
ORD008906,,0
ORD032054,,0
ORD043076,,0
ORD043166,,0
ORD038697,,0
ORD012296,,0
ORD005578,,0
ORD041428,,0
ORD005923,weight_discrepancy,1
ORD022838,,0
ORD013489,,0
ORD032596,,0
ORD028364,,0
ORD059598,,0
ORD040149,,0
ORD007210,,0
ORD006967,,0
ORD040130,,0
ORD031291,,0
ORD031259,,0
ORD014400,,0
ORD000977,,0
ORD012498,,0
ORD017824,,0
ORD022682,,0
ORD044698,,0
ORD017796,,0
ORD037704,,0
ORD042910,,0
ORD053524,,0
ORD019241,toll_inflation,1
ORD029566,detention_padding,1
ORD020139,,0
ORD026827,,0
ORD014337,,0
ORD026833,,0
ORD032578,detention_padding,1
ORD018245,,0
ORD034611,,0
ORD037756,,0
ORD017148,weight_discrepancy,1
ORD032876,,0
ORD005618,,0
ORD002849,,0
ORD014642,,0
ORD000126,,0
ORD014309,,0
ORD011174,,0
ORD022225,,0
ORD037040,,0
ORD027023,toll_inflation,1
ORD019087,,0
ORD002252,,0
ORD006906,,0
ORD011498,,0
ORD005436,,0
ORD010109,,0
ORD045900,,0
ORD020718,,0
ORD005126,,0
ORD038289,,0
ORD030796,,0
ORD001257,,0
ORD027627,,0
ORD003898,,0
ORD035796,detention_padding,1
ORD043971,weight_discrepancy,1
ORD030488,,0
ORD019303,,0
ORD030500,,0
ORD051742,,0
ORD028616,,0
ORD022981,,0
ORD000647,,0
ORD057181,weight_discrepancy,1
ORD057022,,0
ORD012795,,0
ORD058956,,0
ORD012305,,0
ORD019697,,0
ORD025533,,0
ORD043402,,0
ORD050015,,0
ORD029819,,0
ORD022103,,0
ORD025175,,0
ORD058159,,0
ORD014933,,0
ORD058157,,0
ORD049359,toll_inflation,1
ORD021803,,0
ORD031251,,0
ORD015479,,0
ORD011260,,0
ORD049208,,0
ORD009992,,0
ORD020610,,0
ORD028134,,0
ORD058762,,0
ORD008028,,0
ORD021640,,0
ORD052913,,0
ORD059920,,0
ORD021900,,0
ORD051752,,0
ORD009385,,0
ORD041350,,0
ORD054381,detention_padding,1
ORD051674,,0
ORD043162,,0
ORD048187,,0
ORD051145,,0
ORD006152,,0
ORD020879,,0
ORD031763,,0
ORD016863,,0
ORD019670,,0
ORD058687,,0
ORD047564,,0
ORD019836,,0
ORD031610,,0
ORD031611,,0
ORD018223,,0
ORD051054,,0
ORD023621,,0
ORD032359,,0
ORD011108,,0
ORD005148,,0
ORD047224,,0
ORD054160,,0
ORD028097,,0
ORD010101,,0
ORD001059,weight_discrepancy,1
ORD005350,,0
ORD028309,,0
ORD014789,,0
ORD049288,,0
ORD059511,,0
ORD052259,,0
ORD023797,,0
ORD023339,,0
ORD047724,,0
ORD046248,,0
ORD046709,,0
ORD016127,,0
ORD032841,,0
ORD047786,,0
ORD019359,,0
ORD052895,,0
ORD020503,,0
ORD043449,,0
ORD043238,,0
ORD038515,,0
ORD006518,,0
ORD002296,,0
ORD024173,,0
ORD045828,,0
ORD035309,,0
ORD023021,,0
ORD005489,,0
ORD058064,,0
ORD006815,,0
ORD027581,,0
ORD015542,,0
ORD028474,,0
ORD058712,,0
ORD028784,,0
ORD020412,toll_inflation,1
ORD024322,,0
ORD059175,,0
ORD043164,,0
ORD003773,,0
ORD029450,,0
ORD015117,,0
ORD055095,,0
ORD036894,,0
ORD009250,weight_discrepancy,1
ORD047922,,0
ORD049709,,0
ORD011993,,0
ORD022724,,0
ORD018768,,0
ORD031052,,0
ORD047205,,0
ORD026648,,0
ORD056997,,0
ORD016977,,0
ORD021815,,0
ORD015287,,0
ORD052276,,0
ORD040422,,0
ORD010322,,0
ORD058904,,0
ORD021051,,0
ORD037995,,0
ORD016369,,0
ORD030096,,0
ORD059360,,0
ORD000101,,0
ORD036012,,0
ORD021381,,0
ORD024542,,0
ORD002874,,0
ORD050884,weight_discrepancy,1
ORD003717,,0
ORD012316,,0
ORD058481,,0
ORD044275,,0
ORD028914,,0
ORD004689,,0
ORD048947,,0
ORD025119,,0
ORD010328,,0
ORD010527,weight_discrepancy,1
ORD010132,,0
ORD004110,,0
ORD000761,,0
ORD054562,,0
ORD058017,,0
ORD028651,,0
ORD011711,,0
ORD058020,,0
ORD004544,,0
ORD000200,,0
ORD051880,,0
ORD033740,,0
ORD056990,,0
ORD034346,,0
ORD000635,,0
ORD003373,,0
ORD000112,,0
ORD009528,,0
ORD015623,,0
ORD047330,weight_discrepancy,1
ORD038934,,0
ORD027032,,0
ORD030153,,0
ORD021896,,0
ORD059373,,0
ORD011218,,0
ORD021073,,0
ORD045241,,0
ORD051981,,0
ORD034691,,0
ORD045264,,0
ORD002267,,0
ORD017798,,0
ORD031921,,0
ORD044073,,0
ORD004330,,0
ORD044472,,0
ORD000029,,0
ORD029114,,0
ORD054386,,0
ORD029182,,0
ORD015495,,0
ORD014456,,0
ORD058488,,0
ORD040946,weight_discrepancy,1
ORD008379,,0
ORD056471,,0
ORD053852,,0
ORD009052,,0
ORD003631,toll_inflation,1
ORD045363,,0
ORD001891,,0
ORD011259,,0
ORD043970,,0
ORD013835,,0
ORD000687,,0
ORD034894,,0
ORD039834,,0
ORD042286,,0
ORD029830,,0
ORD013631,,0
ORD033802,,0
ORD028517,,0
ORD012353,,0
ORD032005,,0
ORD036796,,0
ORD047588,,0
ORD003217,,0
ORD045856,,0
ORD052261,,0
ORD027715,,0
ORD010475,,0
ORD040990,,0
ORD012258,,0
ORD025965,,0
ORD032356,,0
ORD014208,,0
ORD013581,,0
ORD032711,,0
ORD053636,,0
ORD038188,,0
ORD038737,weight_discrepancy,1
ORD029295,,0
ORD039318,,0
ORD052967,,0
ORD044068,,0
ORD001298,,0
ORD019385,,0
ORD036098,,0
ORD037074,,0
ORD024119,,0
ORD058173,,0
ORD055496,,0
ORD024365,,0
ORD012690,,0
ORD024705,weight_discrepancy,1
ORD006169,,0
ORD011710,,0
ORD041280,,0
ORD035374,,0
ORD045247,,0
ORD008095,,0
ORD039350,,0
ORD029729,,0
ORD012562,,0
ORD005108,,0
ORD048780,,0
ORD018212,,0
ORD036058,,0
ORD049276,,0
ORD047835,,0
ORD035168,,0
ORD057828,,0
ORD036585,,0
ORD057511,,0
ORD042990,,0
ORD006270,,0
ORD026872,,0
ORD012331,weight_discrepancy,1
ORD022595,,0
ORD036679,,0
ORD028177,,0
ORD013749,,0
ORD045730,,0
ORD037902,,0
ORD014544,,0
ORD049124,detention_padding,1
ORD034768,,0
ORD052725,,0
ORD043911,,0
ORD020575,,0
ORD005976,,0
ORD036190,,0
ORD052431,,0
ORD036748,,0
ORD015742,,0
ORD044031,,0
ORD015899,,0
ORD049179,,0
ORD030148,,0
ORD009939,,0
ORD029731,,0
ORD017190,,0
ORD002297,,0
ORD024323,,0
ORD019254,,0
ORD019478,,0
ORD023665,,0
ORD017971,,0
ORD029792,,0
ORD046948,,0
ORD058794,,0
ORD003394,,0
ORD009332,,0
ORD000287,,0
ORD051448,,0
ORD037232,,0
ORD035516,,0
ORD004336,,0
ORD007473,,0
ORD044188,,0
ORD010094,,0
ORD027186,,0
ORD051395,,0
ORD037522,,0
ORD032971,detention_padding,1
ORD035789,,0
ORD042804,,0
ORD052901,,0
ORD010574,,0
ORD004199,,0
ORD005297,,0
ORD050988,,0
ORD018011,,0
ORD050425,,0
ORD029824,,0
ORD027604,,0
ORD044403,,0
ORD036508,,0
ORD029818,,0
ORD014710,,0
ORD000160,,0
ORD058971,,0
ORD031909,,0
ORD043778,,0
ORD050410,,0
ORD022182,,0
ORD010762,,0
ORD024974,,0
ORD015739,,0
ORD026658,,0
ORD024084,,0
ORD036887,,0
ORD001731,,0
ORD035040,,0
ORD043304,,0
ORD008542,,0
ORD028452,,0
ORD012789,,0
ORD021465,,0
ORD002057,,0
ORD029078,,0
ORD010346,,0
ORD057324,,0
ORD019008,,0
ORD004452,,0
ORD052872,,0
ORD037532,,0
ORD001578,,0
ORD021761,,0
ORD001281,,0
ORD043224,,0
ORD010721,,0
ORD012725,,0
ORD017908,,0
ORD033180,,0
ORD041541,,0
ORD033839,,0
ORD041068,,0
ORD008866,,0
ORD057536,,0
ORD012824,,0
ORD009728,,0
ORD047470,detention_padding,1
ORD051288,,0
ORD005707,,0
ORD032369,,0
ORD057569,,0
ORD016521,,0
ORD051502,,0
ORD052775,,0
ORD032150,,0
ORD058695,,0
ORD033424,,0
ORD006284,,0
ORD041001,,0
ORD039538,,0
ORD050550,,0
ORD000343,,0
ORD012769,,0
ORD045581,,0
ORD004790,,0
ORD030947,,0
ORD011191,,0
ORD045527,,0
ORD025998,,0
ORD012253,,0
ORD017236,,0
ORD015076,,0
ORD031376,,0
ORD025666,weight_discrepancy,1
ORD031230,,0
ORD017265,,0
ORD035388,,0
ORD054379,,0
ORD046045,,0
ORD031327,,0
ORD020561,,0
ORD055040,,0
ORD007192,,0
ORD006375,,0
ORD017875,,0
ORD017637,,0
ORD059627,,0
ORD056262,,0
ORD045499,,0
ORD058343,,0
ORD045345,,0
ORD039348,,0
ORD036668,toll_inflation,1
ORD026246,,0
ORD043990,,0
ORD056114,,0
ORD007025,,0
ORD038782,,0
ORD006973,,0
ORD014931,,0
ORD056895,,0
ORD011996,,0
ORD030144,,0
ORD050543,,0
ORD056394,,0
ORD051014,,0
ORD045337,,0
ORD011965,,0
ORD043421,,0
ORD002041,toll_inflation,1
ORD008763,toll_inflation,1
ORD057966,,0
ORD001652,,0
ORD006773,,0
ORD020779,,0
ORD050226,,0
ORD010888,,0
ORD017214,,0
ORD018207,,0
ORD041947,,0
ORD035192,,0
ORD044662,,0
ORD037960,,0
ORD032508,,0
ORD012979,,0
ORD048163,,0
ORD038164,,0
ORD010874,,0
ORD032627,,0
ORD006142,,0
ORD033625,weight_discrepancy,1
ORD042976,,0
ORD017081,,0
ORD000413,,0
ORD035172,,0
ORD013432,,0
ORD053405,,0
ORD020551,,0
ORD001026,,0
ORD048227,,0
ORD049016,,0
ORD023037,,0
ORD053986,,0
ORD011572,,0
ORD005295,,0
ORD039283,,0
ORD056044,,0
ORD035219,,0
ORD029864,,0
ORD049502,,0
ORD006520,,0
ORD021008,,0
ORD006547,weight_discrepancy,1
ORD035324,,0
ORD011262,,0
ORD034475,,0
ORD039045,,0
ORD004215,,0
ORD035023,,0
ORD013335,,0
ORD052157,,0
ORD050105,,0
ORD011269,,0
ORD049474,,0
ORD033525,weight_discrepancy,1
ORD047459,,0
ORD035788,,0
ORD036178,,0
ORD017666,,0
ORD007376,,0
ORD044376,,0
ORD026865,,0
ORD053475,,0
ORD039582,,0
ORD002495,,0
ORD059901,,0
ORD026068,,0
ORD056308,,0
ORD016809,,0
ORD005928,,0
ORD009859,,0
ORD023849,,0
ORD007050,,0
ORD053573,,0
ORD014409,,0
ORD001415,,0
ORD044520,,0
ORD023873,,0
ORD037295,,0
ORD055766,,0
ORD039650,,0
ORD023285,,0
ORD055069,weight_discrepancy,1
ORD018105,,0
ORD022666,,0
ORD053616,toll_inflation,1
ORD052773,,0
ORD046324,,0
ORD031883,,0
ORD025985,,0
ORD019249,detention_padding,1
ORD041699,toll_inflation,1
ORD058269,,0
ORD026951,,0
ORD054905,,0
ORD017939,,0
ORD002148,,0
ORD028768,,0
ORD019673,,0
ORD001705,,0
ORD051609,weight_discrepancy,1
ORD059771,,0
ORD018597,,0
ORD057290,,0
ORD047923,,0
ORD000561,,0
ORD022097,,0
ORD035325,,0
ORD045930,,0
ORD038258,,0
ORD030390,,0
ORD031674,,0
ORD057880,,0
ORD042744,,0
ORD026562,,0
ORD043006,,0
ORD029376,,0
ORD003321,,0
ORD051218,,0
ORD030542,,0
ORD055328,,0
ORD020886,,0
ORD059036,,0
ORD016946,,0
ORD023466,,0
ORD008989,,0
ORD015596,,0
ORD034397,detention_padding,1
ORD012892,,0
ORD032373,,0
ORD048825,,0
ORD012217,,0
ORD006688,,0
ORD013972,,0
ORD028057,,0
ORD034001,,0
ORD019513,,0
ORD036535,,0
ORD008909,,0
ORD022080,,0
ORD050276,,0
ORD030066,,0
ORD034624,,0
ORD057795,,0
ORD023691,weight_discrepancy,1
ORD043774,,0
ORD013928,,0
ORD034045,,0
ORD042100,,0
ORD048316,,0
ORD019518,,0
ORD025582,weight_discrepancy,1
ORD006206,toll_inflation,1
ORD010460,,0
ORD025715,,0
ORD020113,weight_discrepancy,1
ORD019316,weight_discrepancy,1
ORD019327,,0
ORD016477,,0
ORD046969,,0
ORD025807,,0
ORD054346,,0
ORD033307,,0
ORD025474,,0
ORD030016,,0
ORD021939,,0
ORD017107,,0
ORD045760,,0
ORD016825,,0
ORD030453,,0
ORD058414,,0
ORD057354,,0
ORD052644,,0
ORD055872,,0
ORD005915,,0
ORD043786,,0
ORD000212,,0
ORD025772,,0
ORD022298,,0
ORD001185,,0
ORD053469,,0
ORD047204,,0
ORD053750,,0
ORD056436,,0
ORD032434,toll_inflation,1
ORD048788,,0
ORD013806,,0
ORD016731,,0
ORD054804,,0
ORD011724,,0
ORD003789,weight_discrepancy,1
ORD041075,,0
ORD026555,,0
ORD001017,,0
ORD003233,,0
ORD000492,,0
ORD044002,,0
ORD010642,,0
ORD005308,,0
ORD025604,,0
ORD043320,,0
ORD022613,,0
ORD054771,,0
ORD003925,,0
ORD054325,,0
ORD005599,,0
ORD017684,,0
ORD051592,,0
ORD022234,,0
ORD016615,,0
ORD034303,,0
ORD013628,,0
ORD012821,,0
ORD015811,,0
ORD009362,,0
ORD024570,,0
ORD016610,,0
ORD030644,,0
ORD008121,,0
ORD008445,,0
ORD049938,,0
ORD035111,,0
ORD048484,,0
ORD015814,,0
ORD036174,,0
ORD010078,,0
ORD035574,,0
ORD006126,,0
ORD053053,,0
ORD056873,,0
ORD033724,,0
ORD021259,,0
ORD048907,,0
ORD054001,,0
ORD051539,,0
ORD038433,,0
ORD008479,,0
ORD038198,,0
ORD047871,,0
ORD056545,,0
ORD014782,,0
ORD053478,,0
ORD050892,,0
ORD030449,,0
ORD034671,,0
ORD036799,,0
ORD038871,,0
ORD042113,toll_inflation,1
ORD037279,,0
ORD026536,,0
ORD058571,,0
ORD005029,,0
ORD001246,,0
ORD020032,,0
ORD059864,weight_discrepancy,1
ORD002482,,0
ORD033695,,0
ORD001211,,0
ORD039892,,0
ORD003963,,0
ORD001139,,0
ORD000581,,0
ORD051967,,0
ORD059356,,0
ORD008063,,0
ORD026610,,0
ORD002712,,0
ORD037760,,0
ORD026250,,0
ORD017110,,0
ORD010817,,0
ORD005756,toll_inflation,1
ORD013076,,0
ORD035519,,0
ORD005287,,0
ORD049807,,0
ORD024645,,0
ORD019807,,0
ORD032041,,0
ORD058485,,0
ORD047802,,0
ORD049723,,0
ORD044406,,0
ORD039009,,0
ORD020177,,0
ORD039189,,0
ORD014009,,0
ORD044449,,0
ORD054840,,0
ORD048875,,0
ORD031110,,0
ORD010968,,0
ORD048080,,0
ORD050049,,0
ORD042922,,0
ORD055661,,0
ORD010613,,0
ORD027998,,0
ORD027478,,0
ORD047940,,0
ORD050178,,0
ORD022929,,0
ORD036966,detention_padding,1
ORD047057,,0
ORD011845,,0
ORD022214,,0
ORD036969,,0
ORD029576,,0
ORD028339,,0
ORD022389,,0
ORD001576,,0
ORD029568,,0
ORD012046,,0
ORD014677,,0
ORD000402,,0
ORD053020,detention_padding,1
ORD055079,,0
ORD059052,detention_padding,1
ORD023069,,0
ORD059148,,0
ORD059241,,0
ORD043546,,0
ORD028360,,0
ORD016415,,0
ORD050880,,0
ORD037536,,0
ORD031332,,0
ORD004281,,0
ORD052023,,0
ORD004132,,0
ORD058250,,0
ORD002795,,0
ORD030884,,0
ORD052330,toll_inflation,1
ORD017320,,0
ORD026317,,0
ORD017170,,0
ORD056290,,0
ORD008510,,0
ORD056209,,0
ORD003243,,0
ORD035567,,0
ORD021236,,0
ORD052654,,0
ORD055884,,0
ORD043903,,0
ORD031392,,0
ORD048857,,0
ORD002794,,0
ORD018638,,0
ORD044340,,0
ORD005589,,0
ORD006232,,0
ORD019145,,0
ORD045704,,0
ORD058415,,0
ORD046345,,0
ORD049056,,0
ORD022183,toll_inflation,1
ORD025096,,0
ORD029252,,0
ORD030061,,0
ORD048776,,0
ORD059762,,0
ORD039605,,0
ORD003676,,0
ORD032201,,0
ORD050773,,0
ORD036134,,0
ORD056253,,0
ORD002490,,0
ORD025424,,0
ORD047896,,0
ORD046423,,0
ORD058959,,0
ORD055296,,0
ORD016768,,0
ORD050345,,0
ORD016603,,0
ORD055962,,0
ORD045039,,0
ORD033341,,0
ORD008395,,0
ORD044107,,0
ORD017355,,0
ORD042710,,0
ORD045454,,0
ORD007715,,0
ORD043103,,0
ORD037563,,0
ORD040296,,0
ORD050980,,0
ORD044063,,0
ORD043126,weight_discrepancy,1
ORD018444,,0
ORD000839,,0
ORD012402,,0
ORD004703,,0
ORD011494,,0
ORD012656,,0
ORD029059,,0
ORD038825,,0
ORD042020,,0
ORD019873,,0
ORD003985,,0
ORD044289,,0
ORD024966,,0
ORD012251,,0
ORD037689,,0
ORD026711,,0
ORD042998,,0
ORD026506,,0
ORD057501,,0
ORD008750,,0
ORD025749,,0
ORD021037,,0
ORD047465,,0
ORD012490,weight_discrepancy,1
ORD010247,,0
ORD010425,,0
ORD030191,,0
ORD058657,,0
ORD039265,,0
ORD059912,,0
ORD049730,,0
ORD030958,,0
ORD052243,,0
ORD030918,,0
ORD027556,,0
ORD044108,,0
ORD017480,,0
ORD040758,,0
ORD058239,,0
ORD048670,,0
ORD020698,,0
ORD027607,,0
ORD047010,,0
ORD014676,,0
ORD032993,,0
ORD031135,,0
ORD052386,,0
ORD045438,,0
ORD011912,,0
ORD008312,,0
ORD005830,,0
ORD027344,,0
ORD019774,,0
ORD017039,,0
ORD034093,,0
ORD011511,,0
ORD009627,,0
ORD058819,,0
ORD009619,,0
ORD020184,,0
ORD010815,,0
ORD035384,,0
ORD050724,,0
ORD035615,,0
ORD021976,,0
ORD039494,,0
ORD006761,,0
ORD046429,,0
ORD042426,,0
ORD000734,,0
ORD024366,,0
ORD050592,,0
ORD047422,,0
ORD012004,,0
ORD015490,weight_discrepancy,1
ORD051277,,0
ORD009173,,0
ORD044366,,0
ORD035329,,0
ORD042352,,0
ORD009005,,0
ORD031641,,0
ORD052620,,0
ORD010332,toll_inflation,1
ORD050540,,0
ORD021182,,0
ORD002867,,0
ORD002340,,0
ORD057797,,0
ORD053526,,0
ORD029916,,0
ORD027436,,0
ORD003589,,0
ORD003935,,0
ORD025993,,0
ORD023919,,0
ORD052055,,0
ORD035435,,0
ORD043455,,0
ORD027704,,0
ORD021424,,0
ORD027018,,0
ORD027506,,0
ORD056517,weight_discrepancy,1
ORD056422,,0
ORD009945,,0
ORD054494,,0
ORD006694,,0
ORD032337,,0
ORD002070,,0
ORD016784,,0
ORD057939,,0
ORD038602,,0
ORD039433,,0
ORD053838,,0
ORD008870,,0
ORD025113,,0
ORD037919,,0
ORD059382,,0
ORD047031,,0
ORD002978,,0
ORD020651,,0
ORD007116,,0
ORD004072,,0
ORD054777,,0
ORD011855,,0
ORD014394,,0
ORD039621,,0
ORD042215,,0
ORD020846,,0
ORD017072,,0
ORD003386,,0
ORD053542,,0
ORD038165,,0
ORD056212,,0
ORD014469,,0
ORD028805,,0
ORD018103,,0
ORD042888,,0
ORD043311,,0
ORD053621,,0
ORD004392,,0
ORD055245,,0
ORD001835,,0
ORD004094,,0
ORD045317,,0
ORD034848,,0
ORD044143,,0
ORD042251,,0
ORD020998,,0
ORD000746,,0
ORD002711,,0
ORD056644,,0
ORD039572,,0
ORD035459,,0
ORD019635,,0
ORD032238,,0
ORD009169,,0
ORD012976,,0
ORD055844,,0
ORD002835,,0
ORD025217,,0
ORD010179,,0
ORD021525,,0
ORD039635,,0
ORD043259,,0
ORD017129,detention_padding,1
ORD040540,,0
ORD015038,,0
ORD022197,,0
ORD033945,,0
ORD051951,,0
ORD057409,,0
ORD059760,,0
ORD023634,,0
ORD056648,,0
ORD058393,,0
ORD055121,,0
ORD002662,,0
ORD039886,,0
ORD039234,,0
ORD038978,,0
ORD021914,,0
ORD007092,weight_discrepancy,1
ORD025463,,0
ORD038570,,0
ORD006841,weight_discrepancy,1
ORD044006,,0
ORD012436,,0
ORD026879,,0
ORD004114,,0
ORD058617,,0
ORD019412,,0
ORD042353,,0
ORD029093,,0
ORD032955,weight_discrepancy,1
ORD023810,,0
ORD037708,,0
ORD014073,,0
ORD038356,,0
ORD057479,,0
ORD029923,,0
ORD047020,,0
ORD010848,,0
ORD043573,,0
ORD036788,,0
ORD052233,,0
ORD014855,,0
ORD010140,,0
ORD025283,,0
ORD017731,,0
ORD008124,,0
ORD053893,,0
ORD009441,,0
ORD043619,,0
ORD047931,,0
ORD000909,,0
ORD027719,,0
ORD026509,,0
ORD054229,,0
ORD058843,,0
ORD024850,weight_discrepancy,1
ORD018387,,0
ORD053737,,0
ORD032112,,0
ORD057037,,0
ORD040191,weight_discrepancy,1
ORD026531,,0
ORD033879,,0
ORD044946,,0
ORD003440,,0
ORD018025,,0
ORD057412,,0
ORD033189,,0
ORD025800,,0
ORD013890,,0
ORD038913,,0
ORD020072,,0
ORD034677,,0
ORD038749,,0
ORD055663,,0
ORD054553,,0
ORD025289,weight_discrepancy,1
ORD033325,,0
ORD015919,,0
ORD016287,,0
ORD057274,detention_padding,1
ORD033529,,0
ORD030052,,0
ORD054954,,0
ORD035175,,0
ORD054993,,0
ORD040198,,0
ORD005557,,0
ORD040270,,0
ORD002157,,0
ORD021331,,0
ORD037257,,0
ORD026663,,0
ORD035415,,0
ORD044820,,0
ORD008554,,0
ORD058651,,0
ORD050298,,0
ORD012216,,0
ORD015807,,0
ORD036960,,0
ORD008741,toll_inflation,1
ORD056952,,0
ORD040643,,0
ORD045456,,0
ORD018091,,0
ORD025877,,0
ORD047890,,0
ORD028837,detention_padding,1
ORD011340,,0
ORD052299,,0
ORD001264,,0
ORD035476,,0
ORD014784,,0
ORD007663,,0
ORD055604,,0
ORD041014,,0
ORD032794,,0
ORD014656,,0
ORD052127,,0
ORD022541,,0
ORD037152,,0
ORD018052,,0
ORD005563,toll_inflation,1
ORD009961,,0
ORD017863,,0
ORD022609,,0
ORD007358,,0
ORD050958,,0
ORD030674,,0
ORD024126,,0
ORD017967,,0
ORD004191,,0
ORD037736,,0
ORD051003,,0
ORD015817,,0
ORD042908,,0
ORD020712,,0
ORD016472,,0
ORD037547,weight_discrepancy,1
ORD006166,,0
ORD019905,,0
ORD039711,,0
ORD000712,,0
ORD026694,,0
ORD046673,,0
ORD025522,,0
ORD015740,,0
ORD003045,,0
ORD010154,,0
ORD034401,,0
ORD057069,,0
ORD013782,,0
ORD050660,,0
ORD023032,,0
ORD012767,,0
ORD019783,,0
ORD024206,,0
ORD041761,,0
ORD014004,,0
ORD056838,,0
ORD057020,,0
ORD055777,,0
ORD026331,,0
ORD023073,,0
ORD006336,,0
ORD001143,,0
ORD049220,,0
ORD015288,,0
ORD040390,,0
ORD044228,,0
ORD021921,detention_padding,1
ORD018435,,0
ORD047329,weight_discrepancy,1
ORD017837,,0
ORD038553,,0
ORD020395,,0
ORD056090,,0
ORD033017,,0
ORD012338,,0
ORD045223,,0
ORD050775,,0
ORD025509,,0
ORD022557,,0
ORD033502,,0
ORD011944,,0
ORD036760,,0
ORD004597,,0
ORD034279,,0
ORD023649,,0
ORD017749,,0
ORD050878,,0
ORD013663,,0
ORD050155,,0
ORD032937,,0
ORD044960,,0
ORD050280,,0
ORD013669,,0
ORD044862,,0
ORD020320,,0
ORD059353,,0
ORD009309,,0
ORD021196,,0
ORD033585,,0
ORD010296,,0
ORD027826,,0
ORD015427,,0
ORD028182,,0
ORD015203,,0
ORD029706,,0
ORD017189,,0
ORD015539,,0
ORD011188,,0
ORD054507,,0
ORD040085,,0
ORD026417,,0
ORD026832,,0
ORD031319,,0
ORD011058,detention_padding,1
ORD038401,,0
ORD056202,,0
ORD049263,,0
ORD048685,,0
ORD045146,,0
ORD013162,,0
ORD058776,,0
ORD054738,,0
ORD022645,,0
ORD009975,,0
ORD034417,,0
ORD034333,,0
ORD041764,,0
ORD026167,,0
ORD035607,,0
ORD030846,,0
ORD007738,,0
ORD032961,,0
ORD029095,,0
ORD050079,,0
ORD053779,,0
ORD055603,,0
ORD031783,,0
ORD050925,,0
ORD022547,,0
ORD028538,,0
ORD054361,,0
ORD008926,,0
ORD059755,,0
ORD014730,,0
ORD049275,,0
ORD050358,,0
ORD027867,,0
ORD040622,,0
ORD005801,,0
ORD056084,,0
ORD055619,,0
ORD004395,,0
ORD006658,,0
ORD056971,,0
ORD039409,,0
ORD014120,,0
ORD038425,,0
ORD015473,,0
ORD048091,,0
ORD013498,,0
ORD014127,,0
ORD025905,,0
ORD028823,,0
ORD042858,,0
ORD016194,,0
ORD001721,,0
ORD046776,,0
ORD040826,,0
ORD017936,,0
ORD046120,,0
ORD044184,,0
ORD041971,,0
ORD032458,,0
ORD056146,,0
ORD045428,,0
ORD041141,,0
ORD025699,,0
ORD050916,,0
ORD013303,,0
ORD027310,,0
ORD041826,,0
ORD041870,,0
ORD054318,,0
ORD049627,,0
ORD003961,,0
ORD043227,,0
ORD050093,,0
ORD015673,,0
ORD018724,,0
ORD011419,weight_discrepancy,1
ORD008546,,0
ORD010007,,0
ORD006038,,0
ORD051684,,0
ORD033279,,0
ORD030930,,0
ORD008722,,0
ORD039940,,0
ORD014080,,0
ORD006157,detention_padding,1
ORD016492,,0
ORD040593,,0
ORD045886,,0
ORD046643,,0
ORD048475,,0
ORD031464,,0
ORD010498,,0
ORD008313,,0
ORD025368,,0
ORD003036,,0
ORD035456,detention_padding,1
ORD024852,,0
ORD053439,,0
ORD056072,,0
ORD003279,,0
ORD026005,,0
ORD049192,,0
ORD012096,,0
ORD038860,,0
ORD053085,,0
ORD014531,,0
ORD008217,,0
ORD028884,,0
ORD049492,,0
ORD035571,,0
ORD040538,,0
ORD038036,,0
ORD012868,,0
ORD022019,,0
ORD008431,,0
ORD023930,,0
ORD007789,,0
ORD014601,,0
ORD030895,,0
ORD013145,,0
ORD017981,,0
ORD055409,detention_padding,1
ORD032790,,0
ORD057580,,0
ORD026176,,0
ORD057781,toll_inflation,1
ORD039144,,0
ORD043111,,0
ORD057061,,0
ORD053375,,0
ORD017929,,0
ORD055693,,0
ORD041905,,0
ORD051364,,0
ORD014453,,0
ORD041480,,0
ORD016110,,0
ORD004738,,0
ORD004049,,0
ORD006666,,0
ORD052017,,0
ORD006670,,0
ORD041859,,0
ORD054352,,0
ORD054202,,0
ORD027625,,0
ORD043211,,0
ORD031858,,0
ORD001054,weight_discrepancy,1
ORD022506,,0
ORD057203,,0
ORD014314,,0
ORD035073,,0
ORD041985,,0
ORD043727,,0
ORD055596,,0
ORD013712,,0
ORD006202,,0
ORD028172,,0
ORD058206,,0
ORD046950,,0
ORD046972,,0
ORD016587,,0
ORD030647,,0
ORD030309,,0
ORD030427,,0
ORD026649,,0
ORD039426,,0
ORD038212,,0
ORD052591,,0
ORD001410,,0
ORD026712,,0
ORD015298,,0
ORD049217,,0
ORD022026,,0
ORD055795,,0
ORD008567,,0
ORD056027,weight_discrepancy,1
ORD059000,,0
ORD016952,,0
ORD033829,,0
ORD055515,,0
ORD055536,,0
ORD031001,detention_padding,1
ORD052320,,0
ORD036278,weight_discrepancy,1
ORD053076,,0
ORD008048,,0
ORD057083,,0
ORD006521,,0
ORD044690,,0
ORD034482,,0
ORD023664,,0
ORD024029,,0
ORD010743,,0
ORD022772,,0
ORD055018,,0
ORD058918,detention_padding,1
ORD021941,,0
ORD026493,,0
ORD000938,,0
ORD035649,,0
ORD002427,,0
ORD059456,,0
ORD020515,,0
ORD019980,,0
ORD052192,,0
ORD022702,,0
ORD001512,,0
ORD002991,,0
ORD049556,,0
ORD018654,,0
ORD022619,,0
ORD005816,,0
ORD002829,,0
ORD046146,,0
ORD041202,,0
ORD057464,,0
ORD035755,,0
ORD045774,,0
ORD021619,,0
ORD026294,,0
ORD057591,,0
ORD052943,,0
ORD054082,,0
ORD036526,,0
ORD032036,,0
ORD043703,,0
ORD013584,toll_inflation,1
ORD002869,,0
ORD029306,,0
ORD021552,,0
ORD030670,,0
ORD058881,,0
ORD016645,,0
ORD006207,,0
ORD002898,,0
ORD040888,,0
ORD015122,,0
ORD015124,,0
ORD016066,weight_discrepancy,1
ORD021582,,0
ORD003445,,0
ORD004201,,0
ORD017990,weight_discrepancy,1
ORD020308,,0
ORD015165,,0
ORD008240,,0
ORD053267,,0
ORD032677,,0
ORD055083,,0
ORD039620,toll_inflation,1
ORD027857,,0
ORD003072,,0
ORD008571,,0
ORD048090,,0
ORD005316,,0
ORD016161,,0
ORD054167,,0
ORD046788,,0
ORD013571,,0
ORD045829,,0
ORD019603,,0
ORD055915,,0
ORD009699,,0
ORD054230,,0
ORD009165,,0
ORD055937,,0
ORD012790,,0
ORD006102,detention_padding,1
ORD033697,,0
ORD018760,,0
ORD023615,,0
ORD052848,toll_inflation,1
ORD001850,,0
ORD010628,,0
ORD055552,,0
ORD006711,,0
ORD010750,,0
ORD057012,,0
ORD049849,detention_padding,1
ORD000664,,0
ORD038381,,0
ORD051809,,0
ORD048608,,0
ORD012745,,0
ORD030430,,0
ORD011554,,0
ORD033584,,0
ORD007609,,0
ORD026258,,0
ORD052246,,0
ORD021425,toll_inflation,1
ORD054883,,0
ORD047107,,0
ORD050438,,0
ORD058314,,0
ORD016284,,0
ORD003691,,0
ORD003702,,0
ORD029021,,0
ORD001336,,0
ORD058198,,0
ORD028862,detention_padding,1
ORD053732,,0
ORD041953,,0
ORD035544,,0
ORD048940,,0
ORD043266,,0
ORD011837,,0
ORD016760,,0
ORD036218,,0
ORD053444,,0
ORD047337,,0
ORD018530,,0
ORD021489,,0
ORD005027,,0
ORD059753,,0
ORD015864,,0
ORD038495,,0
ORD000705,,0
ORD044763,,0
ORD031256,,0
ORD020157,,0
ORD008551,,0
ORD021987,,0
ORD031389,,0
ORD028759,,0
ORD018203,,0
ORD030561,,0
ORD049892,,0
ORD023829,,0
ORD006777,,0
ORD011278,,0
ORD055674,,0
ORD045764,,0
ORD003244,,0
ORD021715,,0
ORD044738,,0
ORD010011,,0
ORD036515,,0
ORD018018,,0
ORD037990,,0
ORD051627,,0
ORD055529,,0
ORD051753,,0
ORD059276,,0
ORD009896,,0
ORD047975,,0
ORD041972,,0
ORD039320,,0
ORD012639,,0
ORD013792,,0
ORD006242,,0
ORD002958,,0
ORD052094,,0
ORD056363,,0
ORD053515,,0
ORD020724,,0
ORD010299,,0
ORD057835,,0
ORD013380,,0
ORD026324,,0
ORD039032,,0
ORD011720,,0
ORD038685,,0
ORD034492,,0
ORD028255,,0
ORD016215,,0
ORD004841,,0
ORD020844,,0
ORD019245,detention_padding,1
ORD021022,,0
ORD022887,,0
ORD000758,,0
ORD049790,,0
ORD001619,,0
ORD023392,,0
ORD023406,,0
ORD017783,,0
ORD040767,,0
ORD030533,,0
ORD027603,,0
ORD032060,,0
ORD007572,,0
ORD008547,,0
ORD048530,,0
ORD006203,,0
ORD048404,,0
ORD027833,,0
ORD039321,,0
ORD010144,,0
ORD055731,,0
ORD028307,,0
ORD024407,,0
ORD030088,,0
ORD020123,,0
ORD031462,,0
ORD017858,,0
ORD047930,,0
ORD015217,weight_discrepancy,1
ORD035881,,0
ORD012375,,0
ORD021862,,0
ORD009500,,0
ORD023316,,0
ORD016131,,0
ORD025170,,0
ORD057325,,0
ORD039735,,0
ORD052857,,0
ORD027164,,0
ORD036845,,0
ORD017917,,0
ORD030668,,0
ORD017570,,0
ORD010755,,0
ORD014001,,0
ORD043334,,0
ORD014410,,0
ORD044213,,0
ORD005416,,0
ORD007970,,0
ORD015880,,0
ORD053311,,0
ORD051055,,0
ORD033741,,0
ORD000466,,0
ORD045790,,0
ORD033669,,0
ORD000836,,0
ORD049620,,0
ORD051159,,0
ORD025432,,0
ORD006462,,0
ORD033635,,0
ORD025574,,0
ORD049705,,0
ORD048161,,0
ORD037798,,0
ORD057901,,0
ORD044493,,0
ORD008666,,0
ORD021548,,0
ORD002603,,0
ORD003592,,0
ORD055396,,0
ORD057713,,0
ORD050063,,0
ORD031723,detention_padding,1
ORD053921,,0
ORD057812,,0
ORD028375,,0
ORD047548,,0
ORD056179,,0
ORD003854,,0
ORD052309,,0
ORD019065,,0
ORD037103,,0
ORD012093,toll_inflation,1
ORD009200,,0
ORD049140,,0
ORD001259,,0
ORD050414,,0
ORD021626,,0
ORD055821,,0
ORD035626,,0
ORD052046,,0
ORD055167,,0
ORD033106,,0
ORD041565,,0
ORD032787,,0
ORD050548,,0
ORD043382,,0
ORD028793,,0
ORD034223,,0
ORD020314,,0
ORD052346,,0
ORD011831,,0
ORD030534,,0
ORD047899,,0
ORD031328,,0
ORD040938,,0
ORD041600,,0
ORD001608,,0
ORD040023,,0
ORD001041,,0
ORD044546,,0
ORD035698,,0
ORD018583,,0
ORD045558,,0
ORD010901,,0
ORD036450,,0
ORD036664,,0
ORD052402,,0
ORD005381,,0
ORD034071,,0
ORD003954,,0
ORD050862,,0
ORD002887,,0
ORD003902,,0
ORD028878,detention_padding,1
ORD047414,,0
ORD049839,,0
ORD003103,,0
ORD043686,,0
ORD029567,,0
ORD050918,,0
ORD000708,,0
ORD057358,,0
ORD048781,,0
ORD047038,,0
ORD053559,,0
ORD047868,,0
ORD057892,,0
ORD008037,,0
ORD049646,,0
ORD051788,,0
ORD021537,,0
ORD049983,,0
ORD003706,,0
ORD026771,,0
ORD056547,,0
ORD015088,weight_discrepancy,1
ORD011068,,0
ORD033588,,0
ORD039585,,0
ORD027414,,0
ORD042841,,0
ORD028477,,0
ORD013082,,0
ORD004326,,0
ORD009090,detention_padding,1
ORD041876,,0
ORD046312,,0
ORD006857,,0
ORD020897,,0
ORD027843,,0
ORD054057,,0
ORD040048,,0
ORD046576,,0
ORD027476,,0
ORD040544,,0
ORD056483,,0
ORD012203,,0
ORD052215,,0
ORD046845,,0
ORD037195,,0
ORD039403,,0
ORD008253,,0
ORD034568,,0
ORD007718,,0
ORD002755,,0
ORD047573,,0
ORD009504,,0
ORD055092,,0
ORD050671,,0
ORD032783,,0
ORD058688,,0
ORD013399,,0
ORD006058,,0
ORD001476,,0
ORD056410,,0
ORD038565,,0
ORD033236,,0
ORD007351,,0
ORD050636,,0
ORD015187,,0
ORD036525,,0
ORD013693,,0
ORD036981,,0
ORD039982,,0
ORD001005,,0
ORD015703,,0
ORD015105,,0
ORD033555,,0
ORD011005,,0
ORD032433,,0
ORD026110,,0
ORD045459,,0
ORD030078,,0
ORD016815,,0
ORD010025,,0
ORD033789,,0
ORD056587,,0
ORD038629,,0
ORD042319,,0
ORD015830,,0
ORD011986,,0
ORD011156,,0
ORD004275,,0
ORD025766,,0
ORD022100,,0
ORD039540,,0
ORD004531,toll_inflation,1
ORD019962,,0
ORD033636,,0
ORD018752,,0
ORD019084,,0
ORD027765,weight_discrepancy,1
ORD053422,,0
ORD059689,,0
ORD040145,,0
ORD014989,,0
ORD025942,,0
ORD049902,,0
ORD043498,,0
ORD003571,,0
ORD004086,,0
ORD004499,,0
ORD024814,,0
ORD055941,,0
ORD007702,,0
ORD038977,,0
ORD033381,,0
ORD029014,,0
ORD059622,,0
ORD035304,,0
ORD017795,,0
ORD049500,,0
ORD001715,,0
ORD020725,,0
ORD029008,,0
ORD036536,,0
ORD043587,weight_discrepancy,1
ORD024296,,0
ORD034798,,0
ORD048684,,0
ORD043071,,0
ORD022166,,0
ORD017456,,0
ORD041110,,0
ORD056613,,0
ORD010774,,0
ORD006976,,0
ORD032383,,0
ORD013026,,0
ORD017324,,0
ORD026720,,0
ORD031602,,0
ORD015554,,0
ORD040189,,0
ORD043319,,0
ORD048278,,0
ORD043056,,0
ORD000283,,0
ORD047698,,0
ORD047040,,0
ORD016258,,0
ORD002153,,0
ORD031234,,0
ORD015500,,0
ORD040861,,0
ORD030155,,0
ORD021645,,0
ORD051276,,0
ORD034258,,0
ORD020694,,0
ORD035930,,0
ORD005854,,0
ORD033370,,0
ORD053385,,0
ORD027233,,0
ORD003956,,0
ORD001631,,0
ORD041578,,0
ORD024712,,0
ORD008107,,0
ORD018582,,0
ORD057607,,0
ORD057703,,0
ORD016408,,0
ORD002234,,0
ORD044033,,0
ORD000263,,0
ORD000232,,0
ORD051339,,0
ORD057801,,0
ORD033306,,0
ORD047408,,0
ORD000301,,0
ORD002746,,0
ORD055494,,0
ORD037446,,0
ORD043784,,0
ORD015745,,0
ORD037310,,0
ORD040438,,0
ORD052978,,0
ORD039951,,0
ORD036290,,0
ORD052787,,0
ORD036702,,0
ORD034221,,0
ORD003364,,0
ORD004686,,0
ORD044415,,0
ORD020235,,0
ORD029342,,0
ORD046902,,0
ORD004600,detention_padding,1
ORD059416,,0
ORD026096,,0
ORD052899,,0
ORD010519,,0
ORD050996,,0
ORD014402,detention_padding,1
ORD033060,,0
ORD043620,,0
ORD043621,,0
ORD012224,toll_inflation,1
ORD002337,,0
ORD033074,,0
ORD052143,,0
ORD030575,,0
ORD056844,,0
ORD042234,,0
ORD003369,,0
ORD018376,,0
ORD000828,,0
ORD030104,,0
ORD055029,,0
ORD057120,,0
ORD042545,,0
ORD010827,,0
ORD041229,,0
ORD008257,,0
ORD024306,,0
ORD036275,,0
ORD001571,,0
ORD046173,,0
ORD024220,,0
ORD059278,,0
ORD000820,,0
ORD016302,,0
ORD053312,,0
ORD022491,,0
ORD046332,,0
ORD002959,,0
ORD028524,,0
ORD018021,,0
ORD032780,,0
ORD047248,,0
ORD048175,weight_discrepancy,1
ORD053032,,0
ORD016414,,0
ORD014806,,0
ORD007887,,0
ORD002839,,0
ORD043233,,0
ORD029809,,0
ORD000675,,0
ORD048279,,0
ORD052874,,0
ORD041170,,0
ORD004757,,0
ORD014495,,0
ORD029020,,0
ORD000621,,0
ORD039312,,0
ORD012880,,0
ORD007216,,0
ORD017369,,0
ORD010290,,0
ORD056700,,0
ORD047219,,0
ORD012371,,0
ORD019314,,0
ORD030563,,0
ORD005660,,0
ORD014993,,0
ORD042366,,0
ORD054331,,0
ORD026330,,0
ORD042411,,0
ORD024152,,0
ORD041275,,0
ORD049919,,0
ORD007858,,0
ORD007028,,0
ORD036655,,0
ORD047528,,0
ORD002757,,0
ORD035746,,0
ORD009979,,0
ORD058153,,0
ORD020699,,0
ORD000040,,0
ORD025288,,0
ORD020398,detention_padding,1
ORD050217,,0
ORD025296,,0
ORD011966,,0
ORD004317,,0
ORD035085,detention_padding,1
ORD025852,,0
ORD003779,,0
ORD026845,,0
ORD007622,weight_discrepancy,1
ORD009325,,0
ORD046897,detention_padding,1
ORD022472,,0
ORD042262,,0
ORD057739,,0
ORD020521,,0
ORD005979,,0
ORD038505,,0
ORD011197,,0
ORD047328,,0
ORD045938,,0
ORD051760,,0
ORD043176,,0
ORD026657,,0
ORD055374,,0
ORD039468,,0
ORD059305,,0
ORD047025,,0
ORD039718,,0
ORD037583,,0
ORD007783,,0
ORD016245,,0
ORD040008,,0
ORD023617,,0
ORD023993,,0
ORD032827,,0
ORD015362,,0
ORD035018,,0
ORD046928,,0
ORD047914,,0
ORD020956,,0
ORD011159,,0
ORD025769,,0
ORD043951,,0
ORD011449,weight_discrepancy,1
ORD009272,,0
ORD054599,,0
ORD033533,,0
ORD029842,,0
ORD045740,,0
ORD042025,,0
ORD000521,,0
ORD010470,,0
ORD045743,,0
ORD007364,,0
ORD057845,,0
ORD056405,,0
ORD044355,,0
ORD010614,,0
ORD054735,,0
ORD005091,,0
ORD057016,,0
ORD041292,,0
ORD059459,,0
ORD039132,,0
ORD011357,,0
ORD010273,,0
ORD013210,,0
ORD055424,,0
ORD039949,,0
ORD029781,,0
ORD033237,,0
ORD010941,,0
ORD032407,,0
ORD054568,,0
ORD046529,,0
ORD052337,,0
ORD018104,,0
ORD015062,,0
ORD016119,,0
ORD052781,,0
ORD051959,,0
ORD028180,,0
ORD018785,,0
ORD042935,,0
ORD043710,,0
ORD019238,,0
ORD021654,,0
ORD018707,,0
ORD037207,detention_padding,1
ORD023143,,0
ORD036582,,0
ORD013846,,0
ORD050257,,0
ORD021390,,0
ORD011010,,0
ORD001511,,0
ORD032807,,0
ORD006630,weight_discrepancy,1
ORD018382,,0
ORD002030,,0
ORD048106,,0
ORD045925,,0
ORD001502,,0
ORD044756,,0
ORD055809,,0
ORD053589,,0
ORD055187,,0
ORD012598,,0
ORD003455,,0
ORD009937,,0
ORD039235,,0
ORD030254,,0
ORD026273,,0
ORD008563,,0
ORD001903,,0
ORD023469,detention_padding,1
ORD000715,,0
ORD044216,,0
ORD018631,,0
ORD041407,,0
ORD002617,detention_padding,1
ORD020870,toll_inflation,1
ORD054965,,0
ORD007725,,0
ORD032131,,0
ORD005446,,0
ORD014863,,0
ORD012695,,0
ORD013642,,0
ORD038445,,0
ORD044046,,0
ORD048378,,0
ORD005994,,0
ORD037320,,0
ORD039423,,0
ORD039131,,0
ORD020393,,0
ORD044420,,0
ORD022733,,0
ORD032423,,0
ORD031231,,0
ORD007961,,0
ORD009645,toll_inflation,1
ORD032360,,0
ORD049480,,0
ORD012822,,0
ORD047194,,0
ORD038432,,0
ORD042557,,0
ORD044717,weight_discrepancy,1
ORD051848,,0
ORD014298,,0
ORD026594,,0
ORD016823,,0
ORD040958,,0
ORD006726,toll_inflation,1
ORD028136,,0
ORD058338,,0
ORD021402,,0
ORD008913,,0
ORD009065,detention_padding,1
ORD048196,,0
ORD007117,toll_inflation,1
ORD046838,,0
ORD007911,,0
ORD017759,,0
ORD002262,,0
ORD029547,,0
ORD052114,,0
ORD027856,,0
ORD046796,,0
ORD059621,,0
ORD024316,,0
ORD026599,,0
ORD046352,,0
ORD004341,,0
ORD015146,,0
ORD049755,,0
ORD044988,,0
ORD045868,,0
ORD035149,,0
ORD042891,,0
ORD053974,,0
ORD042919,,0
ORD057436,,0
ORD005048,,0
ORD016248,,0
ORD032024,,0
ORD028004,,0
ORD057567,,0
ORD047496,,0
ORD004896,,0
ORD004320,,0
ORD025723,,0
ORD014524,,0
ORD030509,,0
ORD032689,,0
ORD035313,,0
ORD021842,,0
ORD012548,,0
ORD028947,,0
ORD027824,,0
ORD033217,,0
ORD048220,,0
ORD053686,,0
ORD005031,weight_discrepancy,1
ORD012077,,0
ORD002026,,0
ORD024221,,0
ORD009795,,0
ORD054012,,0
ORD034987,,0
ORD010452,,0
ORD056760,,0
ORD049966,,0
ORD051441,,0
ORD013656,,0
ORD055346,,0
ORD052221,,0
ORD000542,,0
ORD019489,,0
ORD026890,,0
ORD045692,,0
ORD045993,,0
ORD026705,,0
ORD047819,,0
ORD007680,,0
ORD027187,,0
ORD016729,,0
ORD052424,,0
ORD030639,,0
ORD009771,,0
ORD003252,,0
ORD037452,,0
ORD004418,,0
ORD003649,,0
ORD044673,,0
ORD020701,,0
ORD031668,,0
ORD040154,,0
ORD018137,,0
ORD044535,,0
ORD032563,,0
ORD026456,,0
ORD056427,,0
ORD057962,,0
ORD035311,weight_discrepancy,1
ORD040173,,0
ORD058347,,0
ORD020283,,0
ORD010416,,0
ORD055421,,0
ORD042725,,0
ORD004092,weight_discrepancy,1
ORD023636,,0
ORD015606,,0
ORD021979,,0
ORD050858,,0
ORD003868,,0
ORD027435,,0
ORD013502,,0
ORD044478,,0
ORD012517,,0
ORD010152,,0
ORD047982,toll_inflation,1
ORD016829,,0
ORD002134,,0
ORD052283,,0
ORD002508,,0
ORD022001,,0
ORD002307,,0
ORD010396,,0
ORD008324,,0
ORD010258,,0
ORD059240,,0
ORD036766,,0
ORD056568,,0
ORD049395,,0
ORD000179,,0
ORD046043,,0
ORD050812,,0
ORD006860,,0
ORD058388,detention_padding,1
ORD057841,,0
ORD037793,,0
ORD031400,,0
ORD016595,,0
ORD050488,,0
ORD036984,,0
ORD006405,,0
ORD000236,,0
ORD025640,,0
ORD013226,,0
ORD004211,,0
ORD053454,,0
ORD000433,,0
ORD000401,,0
ORD045893,weight_discrepancy,1
ORD005709,,0
ORD014738,,0
ORD054552,,0
ORD017600,,0
ORD040411,,0
ORD052175,,0
ORD049160,,0
ORD034658,,0
ORD010486,,0
ORD014951,,0
ORD026132,,0
ORD048728,,0
ORD014172,,0
ORD021021,,0
ORD007173,,0
ORD039752,,0
ORD038637,,0
ORD058529,,0
ORD044417,,0
ORD000825,,0
ORD005377,,0
ORD015556,weight_discrepancy,1
ORD057636,,0
ORD008377,,0
ORD053440,,0
ORD019902,,0
ORD001856,,0
ORD040570,,0
ORD048630,,0
ORD033475,,0
ORD010993,,0
ORD007780,,0
ORD010467,,0
ORD038788,,0
ORD007893,,0
ORD002478,,0
ORD012404,,0
ORD047225,,0
ORD029464,,0
ORD011992,,0
ORD046048,,0
ORD039391,,0
ORD053184,,0
ORD021772,,0
ORD048515,,0
ORD006811,,0
ORD002037,,0
ORD010952,,0
ORD012547,,0
ORD053513,,0
ORD006216,,0
ORD032779,,0
ORD004942,,0
ORD005374,,0
ORD048214,,0
ORD009706,,0
ORD034783,,0
ORD039724,,0
ORD012879,,0
ORD041429,,0
ORD036302,,0
ORD043644,,0
ORD052904,,0
ORD044877,,0
ORD034740,,0
ORD048096,,0
ORD013550,,0
ORD016512,,0
ORD010770,,0
ORD001899,,0
ORD019118,,0
ORD019736,,0
ORD052510,,0
ORD056104,,0
ORD035006,,0
ORD031917,,0
ORD058583,,0
ORD032921,,0
ORD018868,,0
ORD031837,,0
ORD039775,,0
ORD027539,,0
ORD023860,,0
ORD016786,,0
ORD049953,,0
ORD021233,,0
ORD007737,,0
ORD014837,,0
ORD031425,,0
ORD057704,,0
ORD012558,,0
ORD020677,,0
ORD020318,,0
ORD049786,,0
ORD008712,,0
ORD003417,,0
ORD018089,,0
ORD058945,,0
ORD009864,,0
ORD050455,,0
ORD002919,,0
ORD015092,,0
ORD002924,,0
ORD043673,,0
ORD024404,,0
ORD039319,,0
ORD049101,,0
ORD042584,,0
ORD015341,,0
ORD038677,,0
ORD045902,,0
ORD035109,,0
ORD024635,,0
ORD033364,,0
ORD015955,,0
ORD058293,,0
ORD037991,,0
ORD031413,,0
ORD025293,,0
ORD003257,,0
ORD012700,,0
ORD045192,,0
ORD024695,,0
ORD030261,,0
ORD051644,weight_discrepancy,1
ORD001200,,0
ORD015866,,0
ORD003716,,0
ORD005746,,0
ORD020621,,0
ORD033005,,0
ORD030481,,0
ORD003281,,0
ORD021739,detention_padding,1
ORD011903,,0
ORD058878,,0
ORD046980,,0
ORD052517,,0
ORD038243,,0
ORD024844,,0
ORD052864,weight_discrepancy,1
ORD021472,,0
ORD042397,,0
ORD016420,,0
ORD020268,,0
ORD001807,,0
ORD050176,,0
ORD028029,,0
ORD021313,,0
ORD058036,,0
ORD006256,,0
ORD017653,,0
ORD010041,,0
ORD048904,,0
ORD016105,,0
ORD018663,,0
ORD005268,,0
ORD037540,,0
ORD059121,,0
ORD034635,,0
ORD036533,,0
ORD038303,,0
ORD019578,,0
ORD018479,,0
ORD025259,,0
ORD027781,,0
ORD023848,,0
ORD015909,,0
ORD006700,,0
ORD017982,,0
ORD054182,,0
ORD011309,,0
ORD044794,,0
ORD035269,,0
ORD035462,,0
ORD052163,,0
ORD036198,,0
ORD044782,,0
ORD015033,,0
ORD022649,detention_padding,1
ORD050053,,0
ORD012085,,0
ORD000116,,0
ORD047097,,0
ORD001045,,0
ORD014187,,0
ORD035926,,0
ORD004776,,0
ORD036345,,0
ORD057520,,0
ORD032361,,0
ORD037965,,0
ORD023438,,0
ORD014413,,0
ORD023329,,0
ORD006804,,0
ORD019493,,0
ORD020570,,0
ORD041465,,0
ORD052661,,0
ORD051234,,0
ORD013156,,0
ORD044512,,0
ORD040711,,0
ORD048554,,0
ORD048555,,0
ORD044229,,0
ORD057173,,0
ORD011759,,0
ORD004084,,0
ORD035294,,0
ORD033776,detention_padding,1
ORD033777,,0
ORD038367,,0
ORD050390,,0
ORD041028,,0
ORD052724,,0
ORD045615,,0
ORD017428,,0
ORD024978,,0
ORD027548,,0
ORD012417,,0
ORD015365,,0
ORD000244,,0
ORD041397,,0
ORD010120,,0
ORD011718,,0
ORD034665,,0
ORD024925,,0
ORD055485,,0
ORD017408,,0
ORD031973,,0
ORD016722,,0
ORD015089,,0
ORD004540,,0
ORD055751,,0
ORD000095,,0
ORD011011,,0
ORD021155,,0
ORD035638,,0
ORD026787,,0
ORD029536,,0
ORD007427,,0
ORD040247,,0
ORD055789,,0
ORD023018,,0
ORD037052,,0
ORD005188,,0
ORD056882,,0
ORD056915,detention_padding,1
ORD016686,,0
ORD023587,,0
ORD031276,,0
ORD038247,,0
ORD051410,,0
ORD031368,,0
ORD000744,,0
ORD037396,detention_padding,1
ORD044581,,0
ORD037394,,0
ORD046089,,0
ORD053179,,0
ORD016592,,0
ORD020602,,0
ORD025762,,0
ORD050716,,0
ORD037923,,0
ORD019570,,0
ORD011215,,0
ORD030170,,0
ORD035804,,0
ORD008881,,0
ORD014181,,0
ORD007787,weight_discrepancy,1
ORD056138,,0
ORD019500,,0
ORD044516,,0
ORD028009,,0
ORD019158,,0
ORD005012,,0
ORD042705,,0
ORD043475,,0
ORD022031,,0
ORD058765,,0
ORD052256,,0
ORD039477,,0
ORD036289,,0
ORD017119,,0
ORD044116,,0
ORD059313,,0
ORD013938,,0
ORD030702,,0
ORD005392,,0
ORD056159,,0
ORD037114,,0
ORD039024,weight_discrepancy,1
ORD038439,,0
ORD021530,,0
ORD042991,,0
ORD012620,,0
ORD058121,detention_padding,1
ORD023282,,0
ORD042675,,0
ORD003272,,0
ORD028326,,0
ORD057787,,0
ORD053961,,0
ORD036006,,0
ORD049678,,0
ORD059679,,0
ORD000706,,0
ORD045420,,0
ORD024218,,0
ORD035527,,0
ORD004032,,0
ORD025516,,0
ORD002320,,0
ORD057428,,0
ORD008703,toll_inflation,1
ORD005277,,0
ORD009916,,0
ORD036274,,0
ORD007134,detention_padding,1
ORD059411,,0
ORD018106,,0
ORD041171,,0
ORD006504,,0
ORD014920,,0
ORD049003,,0
ORD037442,,0
ORD013666,,0
ORD032466,,0
ORD009553,,0
ORD046493,,0
ORD048419,,0
ORD041485,toll_inflation,1
ORD039622,,0
ORD047373,,0
ORD038024,,0
ORD049956,,0
ORD045514,,0
ORD048748,,0
ORD034668,,0
ORD033388,,0
ORD007651,,0
ORD007499,,0
ORD056627,,0
ORD013206,,0
ORD001763,,0
ORD058786,,0
ORD040453,,0
ORD012248,,0
ORD022165,,0
ORD020067,,0
ORD011634,,0
ORD023709,,0
ORD034592,,0
ORD002770,,0
ORD032884,,0
ORD045584,,0
ORD026976,,0
ORD036068,,0
ORD010352,,0
ORD005414,,0
ORD027140,,0
ORD007668,,0
ORD015616,,0
ORD020424,,0
ORD028875,detention_padding,1
ORD019441,detention_padding,1
ORD017728,,0
ORD059090,,0
ORD041672,,0
ORD046887,,0
ORD015027,toll_inflation,1
ORD005321,,0
ORD017051,,0
ORD012528,,0
ORD049822,,0
ORD044798,,0
ORD036392,,0
ORD000015,,0
ORD009648,,0
ORD031604,,0
ORD045959,,0
ORD016733,,0
ORD023977,,0
ORD059796,,0
ORD004862,,0
ORD009895,,0
ORD055054,,0
ORD000486,,0
ORD046744,,0
ORD029588,,0
ORD007152,,0
ORD032236,detention_padding,1
ORD052044,,0
ORD020273,,0
ORD006402,,0
ORD014514,,0
ORD008073,,0
ORD010524,weight_discrepancy,1
ORD047966,,0
ORD038506,,0
ORD008248,,0
ORD032761,,0
ORD015044,,0
ORD027376,,0
ORD005724,,0
ORD044186,,0
ORD045484,,0
ORD040739,,0
ORD015220,,0
ORD036453,,0
ORD006491,,0
ORD023961,weight_discrepancy,1
ORD010823,,0
ORD000243,,0
ORD024706,,0
ORD030612,,0
ORD009536,,0
ORD050894,,0
ORD011515,,0
ORD011022,,0
ORD006655,,0
ORD051768,,0
ORD043872,,0
ORD054154,,0
ORD059135,,0
ORD049800,,0
ORD038144,,0
ORD011463,,0
ORD004906,,0
ORD052058,,0
ORD009801,,0
ORD021052,,0
ORD017424,,0
ORD008777,,0
ORD030858,,0
ORD050546,,0
ORD035933,,0
ORD027255,,0
ORD036294,,0
ORD011333,,0
ORD017347,,0
ORD033486,,0
ORD052953,,0
ORD025862,,0
ORD007460,,0
ORD003125,,0
ORD031294,,0
ORD022691,detention_padding,1
ORD017391,,0
ORD036757,,0
ORD017680,,0
ORD034985,,0
ORD017402,,0
ORD049829,,0
ORD023259,,0
ORD011457,,0
ORD028266,,0
ORD040106,,0
ORD053448,,0
ORD004508,,0
ORD034242,,0
ORD003323,,0
ORD029170,,0
ORD008291,,0
ORD043772,,0
ORD040533,,0
ORD017020,,0
ORD057778,,0
ORD059554,,0
ORD024319,,0
ORD056248,,0
ORD011054,,0
ORD004420,,0
ORD035613,,0
ORD003123,,0
ORD048910,,0
ORD032062,,0
ORD022063,,0
ORD036801,,0
ORD029746,,0
ORD030355,,0
ORD032293,,0
ORD005223,,0
ORD059156,,0
ORD006333,,0
ORD055393,,0
ORD055668,,0
ORD018877,,0
ORD018528,,0
ORD045997,,0
ORD003548,,0
ORD002101,,0
ORD010831,,0
ORD040696,,0
ORD053575,,0
ORD028429,,0
ORD023518,,0
ORD025138,detention_padding,1
ORD018323,,0
ORD055198,,0
ORD025150,,0
ORD044038,,0
ORD010446,,0
ORD039460,,0
ORD054086,,0
ORD058690,,0
ORD038512,,0
ORD058987,,0
ORD022119,,0
ORD027179,,0
ORD007987,,0
ORD003610,,0
ORD019226,,0
ORD026059,,0
ORD025553,weight_discrepancy,1
ORD004764,,0
ORD003067,,0
ORD006835,,0
ORD040461,,0
ORD045860,,0
ORD026275,,0
ORD005577,,0
ORD013163,,0
ORD057400,,0
ORD025177,,0
ORD047439,,0
ORD016004,,0
ORD056036,,0
ORD057524,,0
ORD040163,,0
ORD031116,,0
ORD051673,,0
ORD001236,,0
ORD022603,,0
ORD034922,,0
ORD008936,,0
ORD020388,,0
ORD020293,,0
ORD013956,,0
ORD009988,,0
ORD037574,,0
ORD007899,,0
ORD043645,,0
ORD054601,,0
ORD022825,,0
ORD055348,,0
ORD004124,,0
ORD029473,,0
ORD046405,,0
ORD023596,,0
ORD011225,,0
ORD002677,,0
ORD008789,,0
ORD038072,,0
ORD001664,,0
ORD037380,,0
ORD004269,,0
ORD052297,,0
ORD013469,,0
ORD019600,,0
ORD034954,,0
ORD053229,,0
ORD034448,,0
ORD026343,,0
ORD052784,,0
ORD019147,,0
ORD057740,,0
ORD019941,,0
ORD049650,,0
ORD051633,,0
ORD034600,,0
ORD005959,,0
ORD028794,,0
ORD006131,,0
ORD028799,weight_discrepancy,1
ORD026985,,0
ORD014290,,0
ORD000830,,0
ORD022769,,0
ORD017947,,0
ORD003209,,0
ORD036389,,0
ORD002863,,0
ORD017713,,0
ORD014048,,0
ORD017660,,0
ORD024329,,0
ORD041731,,0
ORD026204,,0
ORD041604,detention_padding,1
ORD037233,,0
ORD012518,,0
ORD059112,,0
ORD030700,,0
ORD059125,,0
ORD044218,,0
ORD017013,,0
ORD046374,,0
ORD052458,,0
ORD030325,,0
ORD048731,,0
ORD044102,detention_padding,1
ORD028228,,0
ORD020163,,0
ORD006482,,0
ORD004104,,0
ORD037514,weight_discrepancy,1
ORD054136,,0
ORD028911,,0
ORD045490,detention_padding,1
ORD006218,,0
ORD050930,,0
ORD050897,,0
ORD009215,,0
ORD011615,,0
ORD023451,,0
ORD035118,,0
ORD055385,,0
ORD005282,,0
ORD033602,,0
ORD009519,,0
ORD035473,,0
ORD032959,,0
ORD008280,,0
ORD046400,,0
ORD032300,,0
ORD048246,,0
ORD026436,,0
ORD038180,,0
ORD005664,,0
ORD040609,,0
ORD011052,,0
ORD035305,,0
ORD001717,toll_inflation,1
ORD037179,,0
ORD059308,,0
ORD025152,,0
ORD041875,,0
ORD000062,,0
ORD057318,,0
ORD029425,,0
ORD045652,,0
ORD048543,,0
ORD000912,,0
ORD047653,,0
ORD026012,,0
ORD044323,,0
ORD058644,toll_inflation,1
ORD012159,,0
ORD014137,,0
ORD042708,,0
ORD035133,,0
ORD045203,,0
ORD048571,,0
ORD021269,,0
ORD036844,,0
ORD019766,,0
ORD046222,,0
ORD020693,,0
ORD028717,,0
ORD000961,,0
ORD041988,,0
ORD019471,detention_padding,1
ORD005300,,0
ORD005227,,0
ORD019525,detention_padding,1
ORD008515,,0
ORD047777,,0
ORD024476,,0
ORD037729,,0
ORD012263,,0
ORD034963,,0
ORD017609,,0
ORD007829,,0
ORD028638,,0
ORD021588,,0
ORD030856,,0
ORD050428,,0
ORD037241,,0
ORD012457,,0
ORD054394,,0
ORD001327,,0
ORD013876,,0
ORD008142,,0
ORD030748,,0
ORD001358,,0
ORD008178,,0
ORD026289,,0
ORD010306,,0
ORD037147,,0
ORD021982,,0
ORD001719,weight_discrepancy,1
ORD017043,,0
ORD020973,,0
ORD025937,,0
ORD052893,detention_padding,1
ORD053967,,0
ORD045889,,0
ORD054760,,0
ORD015188,,0
ORD057915,,0
ORD004085,,0
ORD025511,,0
ORD048973,,0
ORD009347,,0
ORD025003,toll_inflation,1
ORD018906,,0
ORD018295,,0
ORD024710,,0
ORD042374,,0
ORD009146,,0
ORD016669,,0
ORD045567,,0
ORD047682,,0
ORD049060,,0
ORD053421,,0
ORD025015,,0
ORD031762,,0
ORD026285,,0
ORD047839,toll_inflation,1
ORD029852,,0
ORD043952,,0
ORD052805,,0
ORD056151,,0
ORD025759,,0
ORD044214,,0
ORD030961,,0
ORD009007,,0
ORD039513,,0
ORD010363,,0
ORD007424,,0
ORD048087,,0
ORD033368,,0
ORD020462,,0
ORD034379,,0
ORD049572,,0
ORD020372,,0
ORD045599,,0
ORD049994,,0
ORD032662,,0
ORD012418,,0
ORD047320,,0
ORD020130,,0
ORD059407,,0
ORD047334,,0
ORD004515,,0
ORD059283,,0
ORD001733,,0
ORD048989,,0
ORD014211,,0
ORD050278,,0
ORD020690,,0
ORD027514,,0
ORD020747,,0
ORD020599,,0
ORD000257,,0
ORD053601,,0
ORD048364,,0
ORD055523,,0
ORD057823,,0
ORD028081,,0
ORD024281,,0
ORD051749,,0
ORD046457,,0
ORD046482,,0
ORD044175,,0
ORD059922,,0
ORD030064,,0
ORD005781,,0
ORD000083,,0
ORD008770,,0
ORD010513,,0
ORD004347,,0
ORD030466,,0
ORD056395,,0
ORD018758,,0
ORD030753,,0
ORD002100,,0
ORD022287,,0
ORD057887,,0
ORD027972,,0
ORD017057,,0
ORD049269,,0
ORD059166,,0
ORD023351,,0
ORD011798,,0
ORD046134,,0
ORD002815,,0
ORD020944,,0
ORD047541,,0
ORD032267,,0
ORD055985,,0
ORD051891,,0
ORD015439,,0
ORD054998,,0
ORD020941,,0
ORD036241,,0
ORD052739,,0
ORD022927,,0
ORD023102,,0
ORD046571,,0
ORD004077,toll_inflation,1
ORD057989,,0
ORD018197,,0
ORD010778,,0
ORD008200,,0
ORD059015,,0
ORD038752,,0
ORD001883,weight_discrepancy,1
ORD015084,,0
ORD057920,,0
ORD008286,,0
ORD021960,,0
ORD004701,,0
ORD006771,,0
ORD040728,,0
ORD026016,,0
ORD003989,,0
ORD044473,,0
ORD047279,detention_padding,1
ORD006590,,0
ORD018003,,0
ORD003282,,0
ORD020409,,0
ORD049180,,0
ORD037280,,0
ORD007538,,0
ORD011688,,0
ORD021570,,0
ORD041032,,0
ORD011778,,0
ORD039216,,0
ORD004259,,0
ORD058702,,0
ORD020851,,0
ORD046847,,0
ORD003011,detention_padding,1
ORD006809,,0
ORD035868,,0
ORD006231,,0
ORD054649,,0
ORD048556,,0
ORD042776,,0
ORD036775,,0
ORD003648,,0
ORD059310,,0
ORD051586,,0
ORD034743,,0
ORD044055,,0
ORD044349,,0
ORD041377,,0
ORD052959,,0
ORD044727,,0
ORD059852,,0
ORD043987,,0
ORD034572,,0
ORD042670,,0
ORD023272,,0
ORD025241,,0
ORD055455,,0
ORD009695,,0
ORD041583,,0
ORD036826,,0
ORD059577,,0
ORD016134,,0
ORD045684,,0
ORD019053,,0
ORD041935,,0
ORD056467,,0
ORD020347,,0
ORD048942,,0
ORD047621,,0
ORD001089,,0
ORD019059,,0
ORD010429,,0
ORD058924,,0
ORD005811,,0
ORD012309,,0
ORD049191,,0
ORD027465,,0
ORD052145,,0
ORD026064,detention_padding,1
ORD032247,,0
ORD042399,,0
ORD058642,,0
ORD021114,,0
ORD025997,,0
ORD021110,,0
ORD006731,,0
ORD028287,,0
ORD046015,,0
ORD044601,detention_padding,1
ORD058453,,0
ORD013311,,0
ORD038052,,0
ORD030848,,0
ORD001785,,0
ORD051219,,0
ORD002246,,0
ORD034025,,0
ORD044524,,0
ORD008276,,0
ORD008025,,0
ORD017044,,0
ORD024936,,0
ORD019863,weight_discrepancy,1
ORD054265,,0
ORD038694,,0
ORD027141,detention_padding,1
ORD035122,,0
ORD050433,,0
ORD039505,,0
ORD041706,,0
ORD033652,detention_padding,1
ORD033842,,0
ORD018882,,0
ORD014554,,0
ORD055096,detention_padding,1
ORD021927,,0
ORD037227,,0
ORD009331,,0
ORD054442,,0
ORD047257,,0
ORD044919,,0
ORD045867,,0
ORD008634,,0
ORD001868,,0
ORD030688,,0
ORD056293,,0
ORD056219,,0
ORD041130,,0
ORD018833,,0
ORD003294,weight_discrepancy,1
ORD025790,,0
ORD019531,detention_padding,1
ORD035234,,0
ORD003798,,0
ORD005187,,0
ORD052746,,0
ORD031508,,0
ORD046702,,0
ORD017895,,0
ORD046346,,0
ORD038399,,0
ORD055312,,0
ORD037723,,0
ORD007849,detention_padding,1
ORD039231,,0
ORD033492,,0
ORD043929,,0
ORD031661,,0
ORD057424,,0
ORD026539,,0
ORD002423,,0
ORD052955,,0
ORD016720,,0
ORD025086,,0
ORD052602,,0
ORD057389,,0
ORD038865,,0
ORD058862,,0
ORD033433,,0
ORD054258,,0
ORD024954,weight_discrepancy,1
ORD006430,,0
ORD050741,,0
ORD001865,,0
ORD007871,,0
ORD056063,,0
ORD038990,,0
ORD007023,detention_padding,1
ORD028809,,0
ORD013623,,0
ORD052560,,0
ORD012875,,0
ORD023982,,0
ORD026904,,0
ORD053145,,0
ORD055682,,0
ORD031194,,0
ORD022133,,0
ORD007561,,0
ORD035865,,0
ORD000636,,0
ORD053696,,0
ORD002813,,0
ORD055853,,0
ORD021397,,0
ORD055337,,0
ORD016458,,0
ORD023686,,0
ORD002680,,0
ORD045238,,0
ORD034792,,0
ORD017911,,0
ORD059249,,0
ORD048167,,0
ORD035443,,0
ORD017589,,0
ORD056448,,0
ORD002809,,0
ORD003748,,0
ORD051636,,0
ORD018821,,0
ORD032242,,0
ORD032517,,0
ORD045512,,0
ORD037551,,0
ORD055060,,0
ORD048823,,0
ORD047056,,0
ORD057909,,0
ORD048814,,0
ORD048594,,0
ORD014717,,0
ORD047832,,0
ORD057136,,0
ORD037584,,0
ORD053853,,0
ORD008482,,0
ORD014235,,0
ORD052971,,0
ORD039249,,0
ORD032116,,0
ORD032436,,0
ORD052539,,0
ORD027797,,0
ORD025977,,0
ORD023940,,0
ORD008274,,0
ORD030100,,0
ORD050975,,0
ORD013208,,0
ORD032720,,0
ORD038551,,0
ORD040973,,0
ORD027922,,0
ORD027700,,0
ORD010438,,0
ORD006578,,0
ORD017446,,0
ORD031518,,0
ORD037705,,0
ORD021589,,0
ORD024928,,0
ORD010371,,0
ORD006052,,0
ORD028240,,0
ORD031803,,0
ORD005044,,0
ORD027467,weight_discrepancy,1
ORD027025,,0
ORD049881,,0
ORD019161,,0
ORD014986,,0
ORD005778,,0
ORD047223,,0
ORD019862,,0
ORD020823,,0
ORD016475,,0
ORD048053,,0
ORD022680,weight_discrepancy,1
ORD013951,,0
ORD033670,,0
ORD053463,,0
ORD046091,,0
ORD018127,,0
ORD028270,,0
ORD004555,,0
ORD028900,,0
ORD029894,,0
ORD034283,,0
ORD015668,,0
ORD033421,,0
ORD058374,,0
ORD051738,,0
ORD000262,,0
ORD012267,,0
ORD042546,,0
ORD053241,,0
ORD058835,,0
ORD002540,,0
ORD000145,,0
ORD004274,,0
ORD006579,,0
ORD027328,,0
ORD008972,,0
ORD031374,,0
ORD039244,,0
ORD017319,,0
ORD034220,,0
ORD007076,,0
ORD019014,,0
ORD038932,,0
ORD018946,,0
ORD034454,,0
ORD025070,,0
ORD042701,,0
ORD049010,,0
ORD026525,,0
ORD059483,,0
ORD015756,,0
ORD029243,weight_discrepancy,1
ORD050687,detention_padding,1
ORD028672,,0
ORD028842,,0
ORD044128,,0
ORD031136,,0
ORD029985,,0
ORD022060,detention_padding,1
ORD022522,,0
ORD016073,,0
ORD029674,,0
ORD013672,,0
ORD058849,,0
ORD057836,,0
ORD048348,,0
ORD029106,,0
ORD039310,,0
ORD042325,,0
ORD034816,,0
ORD016430,,0
ORD016659,,0
ORD050400,,0
ORD034419,,0
ORD034276,detention_padding,1
ORD057530,,0
ORD056218,,0
ORD031568,,0
ORD037552,,0
ORD047798,,0
ORD039325,,0
ORD018723,,0
ORD016397,,0
ORD011214,,0
ORD059177,,0
ORD057769,,0
ORD039480,,0
ORD024197,,0
ORD025488,,0
ORD044739,,0
ORD051022,,0
ORD059653,,0
ORD011020,,0
ORD043072,detention_padding,1
ORD032760,,0
ORD020835,,0
ORD035695,,0
ORD007174,,0
ORD047902,weight_discrepancy,1
ORD059967,,0
ORD032146,,0
ORD002805,,0
ORD027887,,0
ORD036423,,0
ORD020385,,0
ORD003368,,0
ORD046174,,0
ORD028907,,0
ORD010854,,0
ORD058317,,0
ORD055698,,0
ORD014313,,0
ORD056718,,0
ORD012206,,0
ORD051034,,0
ORD041608,,0
ORD054881,,0
ORD009317,,0
ORD053243,,0
ORD024378,,0
ORD011177,,0
ORD039042,,0
ORD005849,,0
ORD017447,,0
ORD052837,,0
ORD014825,,0
ORD059457,,0
ORD046666,,0
ORD044025,,0
ORD041342,,0
ORD021876,,0
ORD055182,,0
ORD005169,,0
ORD003858,,0
ORD032893,,0
ORD011580,,0
ORD005497,weight_discrepancy,1
ORD002900,,0
ORD020912,,0
ORD038223,,0
ORD017987,,0
ORD022630,,0
ORD021798,,0
ORD025945,toll_inflation,1
ORD000643,,0
ORD055717,,0
ORD056546,,0
ORD023564,,0
ORD054472,,0
ORD030972,,0
ORD041128,,0
ORD021340,,0
ORD021474,,0
ORD054639,,0
ORD035673,,0
ORD009559,,0
ORD034602,,0
ORD040157,,0
ORD048662,,0
ORD056573,,0
ORD052879,,0
ORD032029,,0
ORD000753,,0
ORD058537,,0
ORD033334,,0
ORD011338,,0
ORD009304,,0
ORD008227,,0
ORD037194,,0
ORD017259,,0
ORD050696,,0
ORD004740,,0
ORD044927,,0
ORD002048,weight_discrepancy,1
ORD033156,,0
ORD057338,,0
ORD040708,,0
ORD005954,,0
ORD051115,,0
ORD030667,,0
ORD047887,,0
ORD007082,,0
ORD034859,,0
ORD020532,,0
ORD035215,,0
ORD005502,detention_padding,1
ORD004545,,0
ORD027616,,0
ORD057578,,0
ORD028921,,0
ORD048204,,0
ORD041267,,0
ORD058937,,0
ORD034248,,0
ORD055901,,0
ORD050794,,0
ORD002128,,0
ORD043608,,0
ORD051702,,0
ORD052748,,0
ORD043360,,0
ORD025676,,0
ORD039577,,0
ORD034327,,0
ORD057074,,0
ORD046871,,0
ORD057481,,0
ORD039736,,0
ORD040242,,0
ORD006516,,0
ORD033527,,0
ORD038801,,0
ORD014377,,0
ORD044806,,0
ORD030103,detention_padding,1
ORD041978,,0
ORD025672,,0
ORD050632,,0
ORD050630,,0
ORD052104,,0
ORD026835,,0
ORD034378,,0
ORD025887,,0
ORD012208,detention_padding,1
ORD010572,,0
ORD035770,,0
ORD041232,toll_inflation,1
ORD035972,,0
ORD019110,,0
ORD031914,,0
ORD051199,,0
ORD021301,,0
ORD009475,,0
ORD032943,,0
ORD023107,,0
ORD046066,,0
ORD023594,,0
ORD042952,,0
ORD022339,,0
ORD040167,,0
ORD019695,,0
ORD040357,,0
ORD050083,,0
ORD018076,weight_discrepancy,1
ORD003734,,0
ORD038205,,0
ORD054239,,0
ORD010787,,0
ORD042377,,0
ORD059704,,0
ORD017816,,0
ORD002910,,0
ORD033617,,0
ORD030232,,0
ORD042611,,0
ORD010312,,0
ORD021892,,0
ORD053775,,0
ORD026018,,0
ORD017231,,0
ORD004360,,0
ORD042165,,0
ORD021983,,0
ORD057306,,0
ORD007325,,0
ORD014690,,0
ORD028571,,0
ORD051141,,0
ORD047888,,0
ORD054068,,0
ORD052280,toll_inflation,1
ORD054317,,0
ORD022636,,0
ORD051965,,0
ORD041728,,0
ORD043763,,0
ORD030395,,0
ORD030934,,0
ORD019775,,0
ORD056088,,0
ORD004888,,0
ORD035332,,0
ORD006478,,0
ORD040028,,0
ORD023320,,0
ORD013200,weight_discrepancy,1
ORD056662,,0
ORD048328,,0
ORD056937,,0
ORD034573,,0
ORD049719,,0
ORD056605,,0
ORD042284,,0
ORD003505,,0
ORD049912,,0
ORD000624,,0
ORD014525,,0
ORD018140,,0
ORD058413,toll_inflation,1
ORD046257,,0
ORD017490,,0
ORD042845,,0
ORD011274,,0
ORD015937,,0
ORD040020,,0
ORD020444,,0
ORD043992,,0
ORD036841,,0
ORD036337,,0
ORD017919,,0
ORD057379,,0
ORD033897,,0
ORD015751,,0
ORD030035,,0
ORD016990,,0
ORD016956,,0
ORD046368,,0
ORD018372,,0
ORD015719,,0
ORD010803,,0
ORD019964,,0
ORD000118,,0
ORD049798,detention_padding,1
ORD001173,,0
ORD048992,,0
ORD056358,,0
ORD008755,,0
ORD049485,,0
ORD040117,,0
ORD045299,,0
ORD020037,,0
ORD030638,,0
ORD013554,,0
ORD017890,,0
ORD049792,,0
ORD044159,,0
ORD059287,,0
ORD026446,,0
ORD004988,,0
ORD027674,,0
ORD036950,,0
ORD003983,,0
ORD027161,,0
ORD043738,,0
ORD040779,,0
ORD039413,,0
ORD041129,,0
ORD000219,,0
ORD015437,,0
ORD034395,,0
ORD032431,,0
ORD015628,,0
ORD020557,,0
ORD050260,,0
ORD051073,,0
ORD019494,,0
ORD028551,,0
ORD053048,,0
ORD031264,,0
ORD028542,,0
ORD034112,,0
ORD056141,,0
ORD021680,,0
ORD036552,,0
ORD034565,,0
ORD046996,,0
ORD050634,,0
ORD016778,,0
ORD004688,,0
ORD015073,,0
ORD017440,,0
ORD016879,,0
ORD055101,,0
ORD044326,,0
ORD035348,,0
ORD040640,,0
ORD003260,,0
ORD016170,,0
ORD045669,,0
ORD043237,,0
ORD044688,,0
ORD035193,,0
ORD014901,,0
ORD005235,,0
ORD043572,,0
ORD034528,,0
ORD025256,,0
ORD022158,,0
ORD012722,,0
ORD037354,,0
ORD038585,,0
ORD011059,,0
ORD001948,,0
ORD046325,,0
ORD059048,detention_padding,1
ORD039907,,0
ORD038125,,0
ORD058623,,0
ORD051671,,0
ORD002741,,0
ORD048982,,0
ORD054694,,0
ORD002428,,0
ORD018596,,0
ORD017492,,0
ORD013977,,0
ORD007570,,0
ORD007585,,0
ORD048375,,0
ORD005370,,0
ORD055327,,0
ORD043430,,0
ORD020218,,0
ORD029506,,0
ORD018484,,0
ORD022243,,0
ORD053940,,0
ORD049911,,0
ORD059619,,0
ORD027561,,0
ORD018188,detention_padding,1
ORD036868,,0
ORD025847,,0
ORD010022,,0
ORD013614,,0
ORD035268,,0
ORD037372,,0
ORD003663,,0
ORD033045,,0
ORD046406,,0
ORD046412,,0
ORD048476,weight_discrepancy,1
ORD010717,,0
ORD007040,toll_inflation,1
ORD008670,,0
ORD056981,,0
ORD016875,,0
ORD042118,,0
ORD032878,,0
ORD006523,,0
ORD006844,,0
ORD033066,,0
ORD033027,,0
ORD007353,,0
ORD000051,,0
ORD017718,,0
ORD048157,weight_discrepancy,1
ORD021641,,0
ORD021405,detention_padding,1
ORD000589,,0
ORD022777,,0
ORD005529,,0
ORD000880,,0
ORD025450,,0
ORD059480,,0
ORD057826,,0
ORD008733,,0
ORD001210,,0
ORD005839,,0
ORD057387,,0
ORD002706,,0
ORD048233,,0
ORD018913,,0
ORD059277,,0
ORD017122,,0
ORD008100,,0
ORD002182,,0
ORD002305,,0
ORD057741,,0
ORD004240,,0
ORD051402,,0
ORD017579,,0
ORD035094,,0
ORD049450,,0
ORD050845,,0
ORD006730,,0
ORD013233,toll_inflation,1
ORD042387,,0
ORD028554,,0
ORD012121,,0
ORD010657,,0
ORD029465,,0
ORD039155,,0
ORD012613,toll_inflation,1
ORD039186,,0
ORD011544,,0
ORD036581,,0
ORD044937,,0
ORD001291,,0
ORD022824,,0
ORD054014,,0
ORD048578,,0
ORD027402,detention_padding,1
ORD031228,,0
ORD051763,,0
ORD022382,,0
ORD038840,weight_discrepancy,1
ORD008985,,0
ORD037443,,0
ORD058643,,0
ORD016548,,0
ORD019556,,0
ORD055914,,0
ORD007566,,0
ORD040736,,0
ORD038579,,0
ORD057092,,0
ORD043705,,0
ORD044096,,0
ORD052619,,0
ORD000464,,0
ORD052395,,0
ORD015060,detention_padding,1
ORD043243,,0
ORD018309,,0
ORD027527,,0
ORD054040,,0
ORD042709,,0
ORD012825,toll_inflation,1
ORD001172,,0
ORD002877,,0
ORD033810,,0
ORD002884,,0
ORD013344,,0
ORD031295,,0
ORD032257,,0
ORD009488,,0
ORD026468,,0
ORD007017,,0
ORD034955,,0
ORD039479,,0
ORD021899,,0
ORD037545,,0
ORD014522,,0
ORD001812,detention_padding,1
ORD035042,,0
ORD020369,,0
ORD041112,,0
ORD024971,,0
ORD042164,,0
ORD032286,,0
ORD054165,,0
ORD014223,,0
ORD020786,,0
ORD012491,,0
ORD028527,,0
ORD053749,,0
ORD001989,,0
ORD057677,,0
ORD017769,,0
ORD002803,,0
ORD056804,,0
ORD033211,,0
ORD029754,toll_inflation,1
ORD007930,,0
ORD019114,,0
ORD059747,,0
ORD029428,,0
ORD018345,,0
ORD044245,,0
ORD034481,,0
ORD031948,,0
ORD043947,,0
ORD053009,,0
ORD010472,,0
ORD056089,,0
ORD017032,,0
ORD044496,,0
ORD026153,,0
ORD050814,,0
ORD029720,,0
ORD037251,,0
ORD013286,,0
ORD051069,,0
ORD044071,,0
ORD059929,,0
ORD002931,,0
ORD038521,,0
ORD015570,,0
ORD010028,,0
ORD047208,,0
ORD006991,,0
ORD057403,weight_discrepancy,1
ORD016701,,0
ORD056014,,0
ORD011369,,0
ORD037473,detention_padding,1
ORD038417,,0
ORD052235,,0
ORD038460,,0
ORD007701,,0
ORD035785,,0
ORD034241,,0
ORD014731,,0
ORD058431,,0
ORD040165,,0
ORD055272,,0
ORD034550,,0
ORD019558,,0
ORD018307,,0
ORD020245,,0
ORD014439,,0
ORD024009,,0
ORD011181,,0
ORD011807,detention_padding,1
ORD025379,,0
ORD011772,,0
ORD036506,,0
ORD011757,,0
ORD028433,,0
ORD015825,,0
ORD011150,,0
ORD053585,,0
ORD018507,,0
ORD049463,,0
ORD043850,,0
ORD030343,,0
ORD030335,weight_discrepancy,1
ORD033013,,0
ORD031694,,0
ORD033654,,0
ORD042174,,0
ORD030302,,0
ORD007643,,0
ORD042695,,0
ORD042435,,0
ORD014205,,0
ORD049602,,0
ORD007603,,0
ORD013736,,0
ORD058635,,0
ORD024622,weight_discrepancy,1
ORD029523,,0
ORD041536,,0
ORD038802,,0
ORD045179,,0
ORD021382,,0
ORD057285,,0
ORD041921,,0
ORD001634,,0
ORD046649,,0
ORD032343,,0
ORD019814,,0
ORD018079,,0
ORD023372,toll_inflation,1
ORD035406,,0
ORD034638,,0
ORD036554,,0
ORD014043,,0
ORD017984,,0
ORD031738,,0
ORD028246,,0
ORD043600,,0
ORD027269,,0
ORD043956,,0
ORD019927,,0
ORD006820,,0
ORD018761,,0
ORD055624,,0
ORD040324,,0
ORD050096,,0
ORD026954,,0
ORD011894,,0
ORD044278,,0
ORD027064,,0
ORD020871,,0
ORD029285,,0
ORD022381,,0
ORD043776,,0
ORD044389,toll_inflation,1
ORD016126,,0
ORD005136,,0
ORD010432,,0
ORD020954,,0
ORD026695,,0
ORD011354,,0
ORD001274,,0
ORD038154,,0
ORD009377,,0
ORD008402,,0
ORD053530,,0
ORD041556,,0
ORD014475,,0
ORD054293,,0
ORD012406,,0
ORD026453,detention_padding,1
ORD016679,,0
ORD043684,,0
ORD042934,toll_inflation,1
ORD003475,,0
ORD046052,,0
ORD042878,,0
ORD012819,,0
ORD056608,,0
ORD037200,,0
ORD047332,,0
ORD039956,,0
ORD007706,,0
ORD002237,,0
ORD012306,,0
ORD021650,,0
ORD025904,,0
ORD022917,,0
ORD007423,,0
ORD021214,,0
ORD028643,toll_inflation,1
ORD006230,,0
ORD058403,,0
ORD030075,,0
ORD004846,,0
ORD024721,,0
ORD001897,weight_discrepancy,1
ORD040327,,0
ORD001729,,0
ORD040648,,0
ORD034629,,0
ORD017628,,0
ORD000779,,0
ORD000147,,0
ORD014888,,0
ORD032144,,0
ORD044876,,0
ORD039012,,0
ORD015270,,0
ORD034389,,0
ORD023352,,0
ORD039392,,0
ORD048376,,0
ORD050889,,0
ORD031869,,0
ORD053209,,0
ORD058568,,0
ORD047101,,0
ORD010229,,0
ORD045044,,0
ORD059162,,0
ORD004227,,0
ORD048063,,0
ORD055351,,0
ORD037404,,0
ORD038323,,0
ORD045613,,0
ORD033589,,0
ORD058764,,0
ORD050624,,0
ORD045355,,0
ORD025892,,0
ORD033762,,0
ORD056869,,0
ORD033493,,0
ORD054711,,0
ORD033022,,0
ORD047572,,0
ORD032898,,0
ORD021219,,0
ORD032844,,0
ORD014300,,0
ORD017820,,0
ORD045097,,0
ORD040931,,0
ORD039979,,0
ORD057722,,0
ORD002104,,0
ORD053115,,0
ORD047685,,0
ORD030917,,0
ORD040249,,0
ORD012751,,0
ORD052694,,0
ORD011217,,0
ORD044693,,0
ORD011658,,0
ORD020368,,0
ORD020596,,0
ORD028274,,0
ORD044942,,0
ORD057308,,0
ORD027818,,0
ORD043593,,0
ORD021392,,0
ORD047309,,0
ORD015103,,0
ORD036496,,0
ORD005934,,0
ORD042021,,0
ORD032035,,0
ORD048626,,0
ORD004015,,0
ORD006674,,0
ORD013484,,0
ORD046083,,0
ORD041248,,0
ORD029961,,0
ORD036282,,0
ORD041771,,0
ORD000846,,0
ORD009243,,0
ORD041482,,0
ORD022814,,0
ORD011420,,0
ORD000535,,0
ORD012040,,0
ORD014523,,0
ORD020744,,0
ORD036661,,0
ORD031289,,0
ORD014529,weight_discrepancy,1
ORD012676,,0
ORD019984,,0
ORD015894,,0
ORD021286,,0
ORD016001,,0
ORD009790,,0
ORD016242,,0
ORD020432,,0
ORD025587,,0
ORD021879,,0
ORD049066,,0
ORD058427,,0
ORD015417,,0
ORD032374,,0
ORD019366,,0
ORD000128,,0
ORD000796,,0
ORD037419,detention_padding,1
ORD010950,,0
ORD049510,weight_discrepancy,1
ORD059084,weight_discrepancy,1
ORD032740,,0
ORD029471,,0
ORD022025,,0
ORD059591,,0
ORD032940,,0
ORD003888,,0
ORD004125,,0
ORD011519,,0
ORD018610,,0
ORD020199,,0
ORD058266,,0
ORD049129,,0
ORD023119,,0
ORD047853,toll_inflation,1
ORD008071,,0
ORD038404,,0
ORD022502,,0
ORD011521,detention_padding,1
ORD049724,,0
ORD037751,,0
ORD021102,,0
ORD022542,,0
ORD057378,,0
ORD004980,,0
ORD039178,,0
ORD005685,,0
ORD054661,,0
ORD043576,,0
ORD016336,,0
ORD033604,,0
ORD018327,detention_padding,1
ORD009355,,0
ORD045960,,0
ORD042967,,0
ORD047464,,0
ORD009885,,0
ORD026249,,0
ORD045778,,0
ORD016040,,0
ORD016154,,0
ORD002684,,0
ORD035596,,0
ORD012714,,0
ORD031122,weight_discrepancy,1
ORD021131,,0
ORD000988,,0
ORD007406,,0
ORD046292,weight_discrepancy,1
ORD009484,,0
ORD025204,,0
ORD056064,,0
ORD037843,,0
ORD006158,,0
ORD047506,,0
ORD031164,,0
ORD029514,,0
ORD019792,,0
ORD024970,,0
ORD031167,,0
ORD009329,,0
ORD049687,,0
ORD031053,,0
ORD016935,,0
ORD024806,,0
ORD025655,,0
ORD019107,,0
ORD059850,,0
ORD041466,,0
ORD000502,,0
ORD005891,,0
ORD019819,,0
ORD020688,,0
ORD046009,,0
ORD024219,,0
ORD023782,,0
ORD025972,weight_discrepancy,1
ORD044866,,0
ORD057595,,0
ORD040000,,0
ORD024785,,0
ORD014685,,0
ORD032680,,0
ORD015988,,0
ORD059019,,0
ORD058790,,0
ORD047448,,0
ORD026315,,0
ORD032395,,0
ORD055948,,0
ORD006007,,0
ORD030793,,0
ORD043184,,0
ORD034394,,0
ORD007748,,0
ORD024904,,0
ORD015081,,0
ORD058830,,0
ORD022846,,0
ORD032848,,0
ORD029626,,0
ORD016831,,0
ORD032565,,0
ORD042642,,0
ORD001815,,0
ORD045479,,0
ORD058253,,0
ORD028039,,0
ORD010185,,0
ORD033103,,0
ORD032920,,0
ORD033167,,0
ORD032133,,0
ORD041133,,0
ORD001083,,0
ORD009451,,0
ORD007196,,0
ORD037682,,0
ORD039791,,0
ORD017613,,0
ORD039740,weight_discrepancy,1
ORD036069,,0
ORD056364,,0
ORD021661,,0
ORD001712,,0
ORD058030,,0
ORD027159,,0
ORD051845,,0
ORD013562,,0
ORD015352,,0
ORD028637,,0
ORD031930,,0
ORD030227,,0
ORD058649,,0
ORD054542,,0
ORD008774,,0
ORD015276,,0
ORD033884,,0
ORD053052,,0
ORD052685,,0
ORD016656,,0
ORD017022,,0
ORD013272,,0
ORD037693,,0
ORD032496,,0
ORD006264,,0
ORD052008,detention_padding,1
ORD027367,,0
ORD032775,,0
ORD005822,,0
ORD025343,,0
ORD020482,,0
ORD049408,,0
ORD033354,,0
ORD051308,,0
ORD010359,,0
ORD045683,,0
ORD036993,,0
ORD033631,,0
ORD004371,,0
ORD002219,,0
ORD025962,,0
ORD012698,,0
ORD008392,weight_discrepancy,1
ORD033594,,0
ORD026696,,0
ORD036332,,0
ORD002333,,0
ORD032520,,0
ORD046905,,0
ORD006176,,0
ORD023167,detention_padding,1
ORD026758,,0
ORD030680,,0
ORD021769,,0
ORD044729,,0
ORD049111,,0
ORD045747,toll_inflation,1
ORD048209,,0
ORD033934,,0
ORD035238,,0
ORD015424,,0
ORD014688,,0
ORD024048,,0
ORD027488,,0
ORD056782,,0
ORD055089,,0
ORD031756,,0
ORD002576,,0
ORD015935,,0
ORD047433,,0
ORD006522,,0
ORD048186,,0
ORD057330,,0
ORD033683,,0
ORD057921,,0
ORD039896,,0
ORD005812,,0
ORD006091,,0
ORD015141,,0
ORD028024,detention_padding,1
ORD040782,,0
ORD001374,,0
ORD029750,,0
ORD017266,,0
ORD054594,,0
ORD040271,,0
ORD016543,,0
ORD013123,,0
ORD023024,,0
ORD039285,,0
ORD009973,,0
ORD049122,,0
ORD025685,,0
ORD056623,,0
ORD037521,,0
ORD054597,,0
ORD020965,,0
ORD040420,,0
ORD038742,,0
ORD055339,,0
ORD055530,,0
ORD040830,,0
ORD013853,,0
ORD007513,,0
ORD013935,,0
ORD045082,,0
ORD048462,,0
ORD026869,,0
ORD009697,,0
ORD026910,,0
ORD046658,,0
ORD023279,,0
ORD012269,,0
ORD024233,,0
ORD004929,,0
ORD051253,,0
ORD051930,,0
ORD023209,,0
ORD041946,,0
ORD021563,,0
ORD049177,,0
ORD023155,,0
ORD035641,,0
ORD036196,toll_inflation,1
ORD053913,,0
ORD029128,,0
ORD010110,,0
ORD000973,,0
ORD051699,,0
ORD019311,,0
ORD007817,,0
ORD025350,,0
ORD029193,,0
ORD051739,,0
ORD022568,,0
ORD039669,,0
ORD048759,,0
ORD014571,,0
ORD038805,,0
ORD025644,,0
ORD036007,,0
ORD042974,,0
ORD027575,,0
ORD011620,,0
ORD040003,,0
ORD040373,,0
ORD009158,,0
ORD032917,,0
ORD003450,,0
ORD044852,,0
ORD051255,detention_padding,1
ORD000568,,0
ORD049635,,0
ORD046854,,0
ORD021536,,0
ORD015810,,0
ORD016028,,0
ORD053220,,0
ORD018615,,0
ORD007343,,0
ORD034851,,0
ORD020413,,0
ORD037243,,0
ORD052080,,0
ORD031342,,0
ORD004416,,0
ORD043472,,0
ORD025348,,0
ORD038042,,0
ORD031134,,0
ORD001826,,0
ORD046338,,0
ORD041976,,0
ORD014499,,0
ORD014528,,0
ORD041052,,0
ORD059239,,0
ORD051619,,0
ORD048738,weight_discrepancy,1
ORD013589,,0
ORD026169,,0
ORD030854,,0
ORD028513,,0
ORD020522,,0
ORD036721,,0
ORD038988,,0
ORD038355,,0
ORD057560,,0
ORD033372,,0
ORD049945,,0
ORD052041,,0
ORD022429,,0
ORD054830,,0
ORD040440,,0
ORD000748,,0
ORD053753,,0
ORD052513,,0
ORD027405,,0
ORD054477,,0
ORD029770,,0
ORD036407,,0
ORD052410,,0
ORD015109,,0
ORD032944,,0
ORD032924,,0
ORD021529,toll_inflation,1
ORD037148,,0
ORD030504,,0
ORD045180,,0
ORD028482,,0
ORD006111,,0
ORD014032,,0
ORD049434,,0
ORD052859,,0
ORD046330,,0
ORD055207,,0
ORD011808,,0
ORD028654,,0
ORD002860,,0
ORD017416,,0
ORD036173,,0
ORD031043,,0
ORD035687,,0
ORD034306,,0
ORD002164,,0
ORD031695,,0
ORD008021,,0
ORD051536,,0
ORD006654,,0
ORD000853,,0
ORD013086,,0
ORD034155,weight_discrepancy,1
ORD019299,,0
ORD034438,,0
ORD027319,,0
ORD009929,,0
ORD038894,,0
ORD040819,,0
ORD029400,,0
ORD042019,,0
ORD000304,,0
ORD034558,,0
ORD011032,,0
ORD025493,,0
ORD028908,toll_inflation,1
ORD009264,detention_padding,1
ORD047163,,0
ORD032732,,0
ORD054554,,0
ORD055030,,0
ORD031574,,0
ORD044489,,0
ORD054303,,0
ORD055332,toll_inflation,1
ORD025590,,0
ORD017308,,0
ORD010509,,0
ORD006421,,0
ORD053272,,0
ORD031290,,0
ORD006292,,0
ORD042729,,0
ORD045957,,0
ORD040137,,0
ORD055288,,0
ORD043480,,0
ORD048405,,0
ORD003028,,0
ORD042871,,0
ORD006348,,0
ORD002532,,0
ORD029606,,0
ORD012633,,0
ORD007416,,0
ORD046211,,0
ORD002130,,0
ORD012288,,0
ORD029373,,0
ORD022163,,0
ORD053851,,0
ORD033642,,0
ORD004741,,0
ORD002703,,0
ORD032701,,0
ORD059328,detention_padding,1
ORD041219,,0
ORD011795,,0
ORD032123,,0
ORD022849,,0
ORD059348,,0
ORD022837,,0
ORD034803,,0
ORD004005,,0
ORD016080,,0
ORD022646,,0
ORD019400,weight_discrepancy,1
ORD017177,,0
ORD036514,,0
ORD008404,,0
ORD009510,,0
ORD036113,,0
ORD016362,,0
ORD041890,,0
ORD047823,,0
ORD015858,,0
ORD039288,toll_inflation,1
ORD057638,,0
ORD009574,,0
ORD054690,,0
ORD032412,,0
ORD000325,,0
ORD057397,,0
ORD006013,,0
ORD028988,,0
ORD050092,,0
ORD019552,,0
ORD023091,,0
ORD040623,,0
ORD019047,,0
ORD008254,,0
ORD005213,,0
ORD055652,,0
ORD023545,,0
ORD023178,,0
ORD040352,,0
ORD034879,,0
ORD017965,,0
ORD020876,,0
ORD055094,,0
ORD013605,,0
ORD030817,,0
ORD029940,,0
ORD008615,,0
ORD002800,,0
ORD031659,,0
ORD058441,,0
ORD020748,,0
ORD050944,,0
ORD025465,,0
ORD038215,,0
ORD045643,,0
ORD009898,,0
ORD035198,,0
ORD005110,,0
ORD015292,,0
ORD013131,,0
ORD036368,,0
ORD052863,weight_discrepancy,1
ORD035186,weight_discrepancy,1
ORD018411,,0
ORD036435,,0
ORD057050,,0
ORD046735,,0
ORD007662,,0
ORD024894,,0
ORD035408,,0
ORD000264,,0
ORD010518,,0
ORD047272,,0
ORD048744,,0
ORD038746,,0
ORD047926,,0
ORD034893,,0
ORD011540,,0
ORD033441,,0
ORD059601,,0
ORD052227,,0
ORD042814,,0
ORD014772,,0
ORD023476,detention_padding,1
ORD047590,,0
ORD027301,,0
ORD046998,weight_discrepancy,1
ORD022029,,0
ORD008437,,0
ORD011858,,0
ORD015699,,0
ORD045565,,0
ORD046302,,0
ORD032439,,0
ORD039401,,0
ORD008309,,0
ORD020546,,0
ORD037624,,0
ORD036184,,0
ORD053458,,0
ORD054148,,0
ORD057659,,0
ORD039384,,0
ORD023081,,0
ORD036598,,0
ORD053771,,0
ORD023257,,0
ORD025381,,0
ORD015409,,0
ORD008598,,0
ORD025094,,0
ORD048742,,0
ORD017242,,0
ORD023374,,0
ORD028042,,0
ORD020039,,0
ORD027321,,0
ORD004358,,0
ORD011961,,0
ORD041784,,0
ORD031509,,0
ORD040974,,0
ORD011700,toll_inflation,1
ORD037046,,0
ORD037262,toll_inflation,1
ORD024039,,0
ORD031378,,0
ORD011399,,0
ORD003738,,0
ORD015930,weight_discrepancy,1
ORD050740,,0
ORD045623,,0
ORD013848,,0
ORD015410,,0
ORD055015,,0
ORD043609,,0
ORD058693,,0
ORD040102,,0
ORD012443,,0
ORD034084,weight_discrepancy,1
ORD027129,,0
ORD025437,,0
ORD029570,,0
ORD039746,,0
ORD039458,,0
ORD040653,,0
ORD037686,,0
ORD027131,,0
ORD015713,,0
ORD031307,,0
ORD030843,,0
ORD028280,,0
ORD024955,,0
ORD039748,,0
ORD041804,,0
ORD039814,,0
ORD010016,,0
ORD007907,,0
ORD014190,,0
ORD054898,,0
ORD026984,,0
ORD021592,,0
ORD045492,,0
ORD003296,,0
ORD057344,,0
ORD054497,,0
ORD030023,,0
ORD013872,,0
ORD041996,,0
ORD057072,,0
ORD012385,,0
ORD056522,,0
ORD037285,,0
ORD015908,,0
ORD038139,,0
ORD052291,,0
ORD012067,,0
ORD057566,,0
ORD050622,weight_discrepancy,1
ORD052126,,0
ORD025859,,0
ORD037688,,0
ORD017921,,0
ORD044687,,0
ORD003382,,0
ORD001670,,0
ORD039842,,0
ORD044514,,0
ORD018356,,0
ORD051114,,0
ORD028297,detention_padding,1
ORD005978,,0
ORD023708,,0
ORD021990,,0
ORD052542,,0
ORD014350,,0
ORD016536,,0
ORD030279,,0
ORD052452,,0
ORD045765,,0
ORD046092,,0
ORD027453,,0
ORD032541,,0
ORD054961,,0
ORD057090,,0
ORD025679,,0
ORD009989,,0
ORD003686,,0
ORD025294,,0
ORD015712,toll_inflation,1
ORD040059,,0
ORD017223,,0
ORD017876,,0
ORD034082,,0
ORD028950,,0
ORD002875,toll_inflation,1
ORD029133,,0
ORD042950,,0
ORD057038,,0
ORD051156,,0
ORD028365,,0
ORD058840,,0
ORD006712,,0
ORD026824,,0
ORD003952,,0
ORD050796,,0
ORD039250,detention_padding,1
ORD035964,,0
ORD025869,,0
ORD045644,,0
ORD031666,,0
ORD052878,,0
ORD033014,,0
ORD018686,,0
ORD032856,,0
ORD049785,,0
ORD054528,,0
ORD018131,,0
ORD038047,,0
ORD042726,,0
ORD056947,,0
ORD059002,weight_discrepancy,1
ORD020932,,0
ORD026874,,0
ORD043048,,0
ORD006090,,0
ORD052861,weight_discrepancy,1
ORD039164,,0
ORD057518,,0
ORD026714,,0
ORD053676,,0
ORD014008,,0
ORD029905,,0
ORD047151,,0
ORD020635,,0
ORD037248,,0
ORD004396,,0
ORD057748,,0
ORD030307,,0
ORD043454,,0
ORD006078,,0
ORD044469,,0
ORD045084,,0
ORD000276,,0
ORD016573,,0
ORD002915,,0
ORD009175,,0
ORD023031,,0
ORD053957,,0
ORD037549,,0
ORD058903,toll_inflation,1
ORD004586,detention_padding,1
ORD026319,,0
ORD036293,,0
ORD048730,,0
ORD040443,,0
ORD042933,,0
ORD013626,,0
ORD055360,,0
ORD028855,,0
ORD030366,,0
ORD029797,,0
ORD031835,,0
ORD056109,toll_inflation,1
ORD048673,,0
ORD011862,,0
ORD047715,,0
ORD009761,,0
ORD005856,,0
ORD007229,,0
ORD013764,,0
ORD014994,,0
ORD048844,,0
ORD043439,,0
ORD030975,,0
ORD012934,,0
ORD017187,,0
ORD049634,,0
ORD004051,,0
ORD016525,,0
ORD022155,,0
ORD051713,,0
ORD001853,,0
ORD008241,,0
ORD001355,,0
ORD035499,,0
ORD010383,,0
ORD052797,,0
ORD013414,,0
ORD049037,,0
ORD019100,,0
ORD057818,,0
ORD021367,,0
ORD009601,,0
ORD032409,,0
ORD017434,,0
ORD028221,,0
ORD005748,toll_inflation,1
ORD016283,,0
ORD059770,,0
ORD054064,,0
ORD046569,,0
ORD052505,,0
ORD047489,,0
ORD039094,,0
ORD032492,toll_inflation,1
ORD013834,weight_discrepancy,1
ORD043537,,0
ORD025502,,0
ORD047875,,0
ORD011332,,0
ORD028363,,0
ORD004812,,0
ORD025819,,0
ORD000667,,0
ORD032083,,0
ORD022926,,0
ORD009013,,0
ORD025797,,0
ORD049880,,0
ORD034350,,0
ORD005296,,0
ORD021754,weight_discrepancy,1
ORD017136,,0
ORD051971,,0
ORD049135,,0
ORD050825,,0
ORD055518,,0
ORD016045,,0
ORD055509,,0
ORD055772,,0
ORD059534,,0
ORD017520,,0
ORD025201,,0
ORD011432,,0
ORD040477,,0
ORD053742,,0
ORD011460,,0
ORD019891,weight_discrepancy,1
ORD049222,,0
ORD057982,,0
ORD032271,,0
ORD038648,,0
ORD017940,,0
ORD023405,,0
ORD005100,,0
ORD007080,toll_inflation,1
ORD023322,,0
ORD048508,,0
ORD002393,,0
ORD056946,,0
ORD051946,,0
ORD006983,,0
ORD019840,,0
ORD052757,,0
ORD008214,,0
ORD040723,,0
ORD017365,,0
ORD012903,,0
ORD041518,,0
ORD050118,,0
ORD023007,,0
ORD031928,,0
ORD015781,,0
ORD016964,,0
ORD030319,,0
ORD050801,,0
ORD023994,,0
ORD041327,,0
ORD036666,,0
ORD017631,,0
ORD004333,,0
ORD034101,,0
ORD036103,,0
ORD001570,,0
ORD053835,,0
ORD029253,,0
ORD023087,,0
ORD011579,,0
ORD019576,,0
ORD059609,,0
ORD023094,,0
ORD025653,,0
ORD000887,,0
ORD043021,,0
ORD040017,,0
ORD049436,,0
ORD041010,,0
ORD038981,,0
ORD010550,,0
ORD041824,,0
ORD050417,,0
ORD030657,,0
ORD023083,,0
ORD020450,detention_padding,1
ORD008582,,0
ORD007834,,0
ORD048698,,0
ORD040383,,0
ORD048703,,0
ORD001029,,0
ORD057711,,0
ORD010394,,0
ORD013327,,0
ORD022221,,0
ORD046067,,0
ORD027108,,0
ORD005879,,0
ORD029257,,0
ORD026375,,0
ORD029312,,0
ORD017969,,0
ORD040539,,0
ORD049464,,0
ORD034666,,0
ORD046381,,0
ORD001272,,0
ORD002511,,0
ORD012336,,0
ORD048262,,0
ORD000082,,0
ORD009802,,0
ORD025418,,0
ORD003283,,0
ORD052538,,0
ORD052711,,0
ORD016714,,0
ORD021802,,0
ORD011614,,0
ORD043765,,0
ORD043308,,0
ORD046215,,0
ORD053930,,0
ORD036133,weight_discrepancy,1
ORD018474,,0
ORD054953,,0
ORD054911,,0
ORD052199,,0
ORD045202,,0
ORD023559,,0
ORD021711,,0
ORD014535,,0
ORD004260,,0
ORD034489,,0
ORD024167,,0
ORD002347,,0
ORD016007,,0
ORD046006,,0
ORD039445,,0
ORD010536,,0
ORD022398,,0
ORD034688,,0
ORD051279,,0
ORD002702,,0
ORD045049,,0
ORD024662,,0
ORD045186,,0
ORD055659,,0
ORD000079,,0
ORD057893,,0
ORD034073,,0
ORD001742,,0
ORD019797,,0
ORD039399,detention_padding,1
ORD016218,,0
ORD019815,weight_discrepancy,1
ORD024932,,0
ORD036317,,0
ORD013885,,0
ORD024947,,0
ORD007542,,0
ORD006135,,0
ORD005079,,0
ORD017150,,0
ORD005974,,0
ORD042880,,0
ORD033448,,0
ORD048434,weight_discrepancy,1
ORD020517,,0
ORD048726,,0
ORD039209,,0
ORD040963,,0
ORD013008,,0
ORD004882,,0
ORD011773,weight_discrepancy,1
ORD028423,,0
ORD050938,,0
ORD003267,,0
ORD001233,,0
ORD037397,,0
ORD050598,,0
ORD052516,,0
ORD002555,,0
ORD048248,,0
ORD012653,,0
ORD058228,,0
ORD039449,,0
ORD053716,,0
ORD023644,,0
ORD011418,,0
ORD021864,,0
ORD025116,,0
ORD053066,,0
ORD041323,,0
ORD038727,,0
ORD014654,,0
ORD058238,,0
ORD028779,,0
ORD037983,,0
ORD048587,,0
ORD051857,,0
ORD028840,,0
ORD020654,,0
ORD024827,detention_padding,1
ORD031577,,0
ORD029280,,0
ORD040492,,0
ORD041896,,0
ORD037593,,0
ORD040605,,0
ORD042817,,0
ORD014791,,0
ORD058747,,0
ORD011501,,0
ORD004363,,0
ORD053479,,0
ORD040922,,0
ORD032367,,0
ORD006153,,0
ORD035150,,0
ORD045205,,0
ORD015020,detention_padding,1
ORD002727,,0
ORD040428,,0
ORD014568,,0
ORD040124,,0
ORD037730,,0
ORD032768,,0
ORD040287,,0
ORD021240,,0
ORD006575,,0
ORD049241,,0
ORD001985,,0
ORD056583,,0
ORD039497,,0
ORD008602,,0
ORD036933,,0
ORD010451,,0
ORD051991,,0
ORD000369,,0
ORD016263,,0
ORD009621,,0
ORD038351,,0
ORD028045,,0
ORD050143,,0
ORD034609,,0
ORD049663,,0
ORD017846,toll_inflation,1
ORD016231,,0
ORD010118,weight_discrepancy,1
ORD055340,,0
ORD045107,,0
ORD034322,,0
ORD044743,,0
ORD030803,,0
ORD042272,,0
ORD022126,,0
ORD031027,,0
ORD018026,,0
ORD056425,,0
ORD052366,,0
ORD053929,,0
ORD007355,,0
ORD055380,,0
ORD056978,,0
ORD026141,,0
ORD022832,,0
ORD044201,,0
ORD049391,,0
ORD038230,,0
ORD032533,,0
ORD012856,,0
ORD024100,,0
ORD021491,,0
ORD027054,,0
ORD017702,,0
ORD035668,,0
ORD022654,,0
ORD047450,,0
ORD059087,,0
ORD059197,,0
ORD043375,,0
ORD057708,,0
ORD032992,,0
ORD027380,,0
ORD040547,,0
ORD056359,,0
ORD034865,,0
ORD041102,,0
ORD029513,,0
ORD028158,,0
ORD001322,,0
ORD018900,,0
ORD014383,detention_padding,1
ORD046596,,0
ORD017160,,0
ORD038151,,0
ORD048055,,0
ORD052445,,0
ORD058498,,0
ORD005901,,0
ORD020792,,0
ORD018990,,0
ORD048770,,0
ORD036264,,0
ORD026626,,0
ORD029416,,0
ORD015297,,0
ORD031087,,0
ORD041324,,0
ORD037535,,0
ORD042979,,0
ORD052082,,0
ORD010690,,0
ORD048201,,0
ORD033000,,0
ORD012677,,0
ORD011031,,0
ORD056357,,0
ORD020667,,0
ORD047207,,0
ORD053280,,0
ORD017077,,0
ORD022436,,0
ORD040713,,0
ORD023503,weight_discrepancy,1
ORD051792,,0
ORD030979,,0
ORD035257,,0
ORD050378,,0
ORD040386,,0
ORD015823,,0
ORD005553,,0
ORD019291,,0
ORD014890,,0
ORD010913,,0
ORD035900,,0
ORD035139,,0
ORD011439,,0
ORD010669,,0
ORD047801,,0
ORD012350,,0
ORD048093,detention_padding,1
ORD009869,,0
ORD028204,detention_padding,1
ORD059799,,0
ORD004961,,0
ORD054843,,0
ORD051101,,0
ORD040555,,0
ORD013986,,0
ORD002787,,0
ORD055250,,0
ORD047487,,0
ORD007219,,0
ORD003242,,0
ORD040427,,0
ORD019999,,0
ORD024435,,0
ORD021440,,0
ORD036923,,0
ORD037725,,0
ORD045796,,0
ORD055815,,0
ORD025503,,0
ORD036607,,0
ORD007501,,0
ORD031253,,0
ORD018455,toll_inflation,1
ORD059051,,0
ORD032534,,0
ORD043665,,0
ORD006914,,0
ORD028083,weight_discrepancy,1
ORD034060,,0
ORD050672,weight_discrepancy,1
ORD012494,,0
ORD015552,toll_inflation,1
ORD023763,,0
ORD041263,,0
ORD031975,,0
ORD025716,,0
ORD046192,,0
ORD041146,,0
ORD001332,,0
ORD004277,,0
ORD056236,,0
ORD037655,,0
ORD012277,,0
ORD005199,,0
ORD023968,,0
ORD037777,,0
ORD044141,,0
ORD051531,,0
ORD008315,,0
ORD045548,,0
ORD023479,,0
ORD025495,,0
ORD026829,,0
ORD037590,,0
ORD024538,,0
ORD024227,,0
ORD013139,,0
ORD009239,,0
ORD037954,,0
ORD042788,,0
ORD026677,,0
ORD005797,,0
ORD006766,,0
ORD031157,,0
ORD033177,,0
ORD027898,,0
ORD030207,,0
ORD028973,,0
ORD019777,toll_inflation,1
ORD020583,,0
ORD019273,,0
ORD052574,,0
ORD038327,toll_inflation,1
ORD030110,,0
ORD012068,,0
ORD033977,,0
ORD012260,,0
ORD046859,,0
ORD009156,,0
ORD048773,,0
ORD028409,,0
ORD021776,,0
ORD034027,,0
ORD053609,,0
ORD049683,,0
ORD006754,,0
ORD040917,,0
ORD017564,,0
ORD037165,,0
ORD015252,,0
ORD037107,toll_inflation,1
ORD033903,,0
ORD053590,,0
ORD053612,,0
ORD056437,,0
ORD013722,,0
ORD051013,,0
ORD056238,,0
ORD019270,,0
ORD057957,,0
ORD021938,,0
ORD022343,,0
ORD011093,,0
ORD004241,,0
ORD050072,,0
ORD005053,,0
ORD008289,,0
ORD045270,,0
ORD029917,,0
ORD019740,,0
ORD039357,,0
ORD001555,,0
ORD055423,,0
ORD037623,,0
ORD055716,,0
ORD030994,,0
ORD046371,detention_padding,1
ORD001504,,0
ORD015002,weight_discrepancy,1
ORD022424,,0
ORD005882,,0
ORD028886,,0
ORD057408,,0
ORD046416,,0
ORD008593,,0
ORD032299,,0
ORD034762,,0
ORD023333,,0
ORD050525,,0
ORD055373,,0
ORD052317,,0
ORD019660,,0
ORD058145,,0
ORD007475,,0
ORD057640,,0
ORD028127,,0
ORD027309,,0
ORD045713,,0
ORD027263,,0
ORD007270,,0
ORD007551,,0
ORD016591,,0
ORD033623,,0
ORD046505,,0
ORD010875,,0
ORD045913,,0
ORD025339,,0
ORD007324,,0
ORD037355,,0
ORD000993,,0
ORD019559,,0
ORD033299,,0
ORD053358,,0
ORD012797,,0
ORD012607,,0
ORD054758,detention_padding,1
ORD035979,,0
ORD051555,,0
ORD054279,,0
ORD044119,,0
ORD026199,,0
ORD006765,,0
ORD006797,,0
ORD053942,,0
ORD048909,,0
ORD002927,,0
ORD047934,,0
ORD002434,,0
ORD057665,,0
ORD033783,,0
ORD041957,,0
ORD041512,,0
ORD040998,,0
ORD001693,,0
ORD035973,,0
ORD030622,,0
ORD003555,,0
ORD041003,,0
ORD035669,,0
ORD042355,,0
ORD025401,,0
ORD057126,,0
ORD011715,,0
ORD047816,,0
ORD049967,,0
ORD016368,,0
ORD047751,,0
ORD022783,toll_inflation,1
ORD001094,,0
ORD035924,,0
ORD027456,,0
ORD025607,,0
ORD046890,,0
ORD011533,,0
ORD015821,,0
ORD016344,,0
ORD037196,,0
ORD006683,,0
ORD046334,,0
ORD003724,,0
ORD032494,,0
ORD014660,,0
ORD039937,,0
ORD033712,,0
ORD031744,,0
ORD032975,,0
ORD041144,,0
ORD040660,,0
ORD016707,,0
ORD018169,,0
ORD011248,,0
ORD006487,weight_discrepancy,1
ORD020809,,0
ORD028839,,0
ORD029036,,0
ORD022112,,0
ORD051658,toll_inflation,1
ORD003622,,0
ORD019919,,0
ORD045341,,0
ORD028462,,0
ORD014302,,0
ORD044121,,0
ORD048824,,0
ORD025891,,0
ORD018929,,0
ORD039382,,0
ORD028935,,0
ORD018461,,0
ORD020186,,0
ORD013619,,0
ORD006586,,0
ORD053995,,0
ORD036298,,0
ORD056117,,0
ORD048915,,0
ORD051932,,0
ORD000845,,0
ORD058107,,0
ORD013202,,0
ORD016708,detention_padding,1
ORD010837,,0
ORD046495,,0
ORD033568,,0
ORD040647,,0
ORD037520,,0
ORD041087,,0
ORD020417,,0
ORD054920,,0
ORD047905,,0
ORD030230,,0
ORD031213,,0
ORD001111,,0
ORD034517,,0
ORD026411,,0
ORD017541,,0
ORD035019,,0
ORD011844,,0
ORD001252,,0
ORD005728,,0
ORD027567,,0
ORD059812,,0
ORD022318,,0
ORD023391,,0
ORD058504,,0
ORD029426,,0
ORD009908,,0
ORD054641,,0
ORD049825,,0
ORD042183,,0
ORD022915,,0
ORD013485,,0
ORD016437,,0
ORD013031,,0
ORD013061,,0
ORD003584,,0
ORD018746,,0
ORD056286,,0
ORD057736,,0
ORD024722,,0
ORD052447,,0
ORD040531,,0
ORD059390,,0
ORD030661,,0
ORD055474,,0
ORD045397,,0
ORD020024,,0
ORD016905,,0
ORD027751,,0
ORD049426,,0
ORD050010,,0
ORD059582,,0
ORD016758,,0
ORD044764,,0
ORD027591,,0
ORD026877,,0
ORD016693,,0
ORD005346,,0
ORD016432,,0
ORD025309,,0
ORD046359,,0
ORD004902,,0
ORD024016,,0
ORD001832,,0
ORD033714,,0
ORD056541,,0
ORD021785,weight_discrepancy,1
ORD050374,,0
ORD026224,toll_inflation,1
ORD003213,,0
ORD056449,,0
ORD017762,,0
ORD027209,,0
ORD036151,,0
ORD024229,,0
ORD055256,,0
ORD031042,,0
ORD010696,,0
ORD002798,,0
ORD055246,,0
ORD012264,weight_discrepancy,1
ORD045130,,0
ORD001030,,0
ORD015382,toll_inflation,1
ORD012887,,0
ORD002659,,0
ORD041847,,0
ORD004043,,0
ORD024282,,0
ORD022510,,0
ORD043881,,0
ORD023446,,0
ORD049214,,0
ORD027078,,0
ORD017577,,0
ORD051985,,0
ORD038168,,0
ORD018572,,0
ORD059106,,0
ORD042010,,0
ORD031600,,0
ORD001433,,0
ORD014714,,0
ORD006285,,0
ORD037897,,0
ORD000995,,0
ORD056585,,0
ORD011546,,0
ORD018177,,0
ORD034580,,0
ORD053709,,0
ORD034526,,0
ORD024368,,0
ORD055891,,0
ORD013466,,0
ORD042477,,0
ORD009962,toll_inflation,1
ORD020198,,0
ORD024901,,0
ORD057058,,0
ORD043241,,0
ORD059881,,0
ORD047942,,0
ORD034770,,0
ORD041497,,0
ORD046473,,0
ORD057562,,0
ORD055147,,0
ORD037717,,0
ORD029205,,0
ORD037497,,0
ORD026489,,0
ORD035218,,0
ORD047991,,0
ORD017345,,0
ORD003516,,0
ORD058383,detention_padding,1
ORD029653,,0
ORD043024,,0
ORD050210,,0
ORD053846,,0
ORD039932,,0
ORD003638,,0
ORD032292,,0
ORD053286,,0
ORD023605,,0
ORD026571,,0
ORD056263,,0
ORD041864,weight_discrepancy,1
ORD012151,,0
ORD021096,,0
ORD003752,,0
ORD051314,,0
ORD023256,,0
ORD011308,,0
ORD053425,,0
ORD046904,,0
ORD051372,,0
ORD007184,,0
ORD040677,,0
ORD003554,,0
ORD024075,,0
ORD013655,,0
ORD003996,,0
ORD010174,,0
ORD054851,,0
ORD002665,,0
ORD044487,,0
ORD047335,,0
ORD045926,,0
ORD024747,,0
ORD043058,,0
ORD016888,,0
ORD022665,,0
ORD048561,,0
ORD006624,toll_inflation,1
ORD036349,,0
ORD034886,,0
ORD016757,,0
ORD042505,,0
ORD059710,,0
ORD020722,,0
ORD042920,,0
ORD049438,,0
ORD023945,,0
ORD031377,,0
ORD001852,,0
ORD055854,,0
ORD013383,,0
ORD010336,,0
ORD049750,,0
ORD058855,,0
ORD001875,,0
ORD017924,,0
ORD037312,,0
ORD044910,,0
ORD032411,,0
ORD011536,,0
ORD044893,,0
ORD041750,,0
ORD057322,,0
ORD051696,,0
ORD052254,,0
ORD003987,,0
ORD036112,,0
ORD053758,,0
ORD001976,,0
ORD058126,,0
ORD052217,,0
ORD053133,,0
ORD018090,,0
ORD037701,,0
ORD035693,,0
ORD052315,,0
ORD034054,,0
ORD048103,,0
ORD046988,,0
ORD034036,,0
ORD032443,,0
ORD022377,,0
ORD023363,detention_padding,1
ORD015370,,0
ORD024230,,0
ORD054590,,0
ORD050933,,0
ORD035427,,0
ORD012478,,0
ORD012091,,0
ORD040638,,0
ORD013175,,0
ORD020689,,0
ORD011426,detention_padding,1
ORD037267,,0
ORD004285,,0
ORD040670,,0
ORD005326,,0
ORD016155,,0
ORD022288,,0
ORD014873,,0
ORD026065,,0
ORD028639,,0
ORD003767,,0
ORD054962,,0
ORD003341,,0
ORD041187,,0
ORD002317,toll_inflation,1
ORD042178,,0
ORD050148,,0
ORD056045,,0
ORD032482,,0
ORD049702,toll_inflation,1
ORD057897,toll_inflation,1
ORD033461,,0
ORD058420,,0
ORD026774,,0
ORD042668,,0
ORD028067,detention_padding,1
ORD009517,,0
ORD050036,,0
ORD024163,,0
ORD038778,,0
ORD038649,,0
ORD044500,,0
ORD005736,,0
ORD002592,,0
ORD021349,,0
ORD044938,,0
ORD058110,,0
ORD043441,,0
ORD054820,,0
ORD051064,,0
ORD005444,,0
ORD034524,,0
ORD055319,,0
ORD007265,,0
ORD019749,,0
ORD049771,,0
ORD054437,,0
ORD050498,,0
ORD054812,,0
ORD039594,,0
ORD048109,,0
ORD016038,,0
ORD053984,,0
ORD047298,,0
ORD037289,,0
ORD036723,,0
ORD022743,,0
ORD034367,,0
ORD020311,,0
ORD039008,,0
ORD012007,,0
ORD030870,,0
ORD033881,,0
ORD003922,,0
ORD021809,,0
ORD059331,,0
ORD028796,,0
ORD056491,,0
ORD016193,,0
ORD015735,,0
ORD001836,,0
ORD012037,,0
ORD051522,,0
ORD005799,weight_discrepancy,1
ORD041670,,0
ORD058450,,0
ORD001560,,0
ORD029616,,0
ORD033987,,0
ORD045857,,0
ORD059160,,0
ORD030551,,0
ORD011826,,0
ORD045131,,0
ORD012989,toll_inflation,1
ORD046274,toll_inflation,1
ORD006107,weight_discrepancy,1
ORD025843,,0
ORD026306,,0
ORD011695,,0
ORD020334,,0
ORD008455,toll_inflation,1
ORD007602,,0
ORD036127,,0
ORD057034,,0
ORD059880,,0
ORD027753,,0
ORD058251,,0
ORD038597,,0
ORD056767,,0
ORD019027,,0
ORD012125,,0
ORD053800,,0
ORD012373,,0
ORD052747,,0
ORD014098,,0
ORD021213,,0
ORD051071,,0
ORD042173,,0
ORD004484,,0
ORD022304,,0
ORD024414,,0
ORD017699,,0
ORD029851,,0
ORD002315,,0
ORD011395,,0
ORD032671,,0
ORD042823,,0
ORD009739,,0
ORD006382,,0
ORD007042,,0
ORD057916,,0
ORD008943,,0
ORD033148,,0
ORD024086,,0
ORD031245,,0
ORD023718,,0
ORD010191,,0
ORD001129,,0
ORD019171,,0
ORD056199,,0
ORD016589,,0
ORD046084,,0
ORD046607,,0
ORD053518,,0
ORD010648,,0
ORD041899,,0
ORD051862,,0
ORD008363,,0
ORD034297,,0
ORD011475,,0
ORD038007,,0
ORD005069,,0
ORD037860,,0
ORD009861,,0
ORD039859,,0
ORD028591,,0
ORD029160,,0
ORD025606,weight_discrepancy,1
ORD025530,,0
ORD027208,,0
ORD032618,,0
ORD039524,,0
ORD014718,detention_padding,1
ORD051843,,0
ORD016388,,0
ORD019017,,0
ORD019866,,0
ORD002162,,0
ORD045897,,0
ORD057018,,0
ORD029459,,0
ORD007500,,0
ORD007103,,0
ORD058509,,0
ORD042928,,0
ORD022034,,0
ORD011082,,0
ORD037580,,0
ORD000728,,0
ORD039646,,0
ORD033494,,0
ORD016172,,0
ORD029932,,0
ORD043368,,0
ORD004575,,0
ORD042290,,0
ORD032328,,0
ORD054440,,0
ORD009091,,0
ORD043177,,0
ORD059085,,0
ORD001014,,0
ORD058551,,0
ORD043007,,0
ORD054016,,0
ORD043296,,0
ORD009034,,0
ORD012255,,0
ORD058714,weight_discrepancy,1
ORD031096,,0
ORD057127,,0
ORD049349,,0
ORD027571,,0
ORD015848,,0
ORD005914,,0
ORD039372,,0
ORD052316,,0
ORD015873,,0
ORD031023,,0
ORD014799,,0
ORD033912,,0
ORD043752,,0
ORD021228,,0
ORD008351,,0
ORD044883,,0
ORD042279,,0
ORD016594,,0
ORD059868,,0
ORD039421,,0
ORD050356,,0
ORD024573,,0
ORD054754,,0
ORD054510,,0
ORD026671,,0
ORD026934,,0
ORD020820,,0
ORD037029,,0
ORD037752,,0
ORD026049,weight_discrepancy,1
ORD000281,,0
ORD010433,,0
ORD041358,,0
ORD051044,,0
ORD021041,,0
ORD013891,,0
ORD028888,,0
ORD033816,,0
ORD011577,,0
ORD028099,,0
ORD029650,,0
ORD007804,,0
ORD037498,,0
ORD032378,,0
ORD007179,,0
ORD000981,,0
ORD020356,,0
ORD056225,,0
ORD027990,,0
ORD009762,,0
ORD054374,,0
ORD013905,,0
ORD047390,,0
ORD017393,,0
ORD057586,,0
ORD002673,detention_padding,1
ORD035494,,0
ORD053393,,0
ORD032800,,0
ORD025438,,0
ORD037360,,0
ORD015984,,0
ORD001529,,0
ORD012086,,0
ORD007608,,0
ORD044859,,0
ORD003650,,0
ORD040320,,0
ORD019713,,0
ORD044579,,0
ORD043301,,0
ORD008566,,0
ORD012673,,0
ORD051877,,0
ORD059467,,0
ORD008231,,0
ORD035768,,0
ORD028816,toll_inflation,1
ORD003567,,0
ORD006532,,0
ORD000714,,0
ORD046035,,0
ORD015329,,0
ORD041622,,0
ORD051278,,0
ORD052079,,0
ORD057624,,0
ORD051124,,0
ORD017277,,0
ORD035357,,0
ORD049506,,0
ORD023443,,0
ORD020138,,0
ORD046979,,0
ORD003764,,0
ORD013320,,0
ORD002678,,0
ORD032888,,0
ORD055612,,0
ORD059022,,0
ORD051246,,0
ORD014502,,0
ORD006463,,0
ORD028892,,0
ORD031409,,0
ORD007683,,0
ORD015705,,0
ORD020082,detention_padding,1
ORD058457,,0
ORD058722,,0
ORD015727,,0
ORD031545,,0
ORD030134,,0
ORD001480,,0
ORD000285,,0
ORD027966,,0
ORD027599,,0
ORD042473,,0
ORD052067,detention_padding,1
ORD008946,,0
ORD051953,,0
ORD058732,,0
ORD035678,,0
ORD018390,,0
ORD029355,,0
ORD043198,,0
ORD038348,,0
ORD006407,,0
ORD058177,,0
ORD031655,,0
ORD048046,,0
ORD044621,,0
ORD002656,,0
ORD020928,,0
ORD010081,,0
ORD024818,,0
ORD058589,,0
ORD037060,,0
ORD042872,,0
ORD006635,,0
ORD006631,,0
ORD038544,,0
ORD010219,,0
ORD016112,,0
ORD031051,,0
ORD006060,,0
ORD009479,,0
ORD052089,,0
ORD042536,,0
ORD040552,,0
ORD021617,,0
ORD047577,,0
ORD009039,,0
ORD051717,,0
ORD052471,,0
ORD008999,,0
ORD036045,,0
ORD027709,,0
ORD032655,,0
ORD015376,,0
ORD040816,,0
ORD047468,weight_discrepancy,1
ORD001926,,0
ORD002301,,0
ORD024619,,0
ORD058187,,0
ORD029238,,0
ORD021653,,0
ORD004495,,0
ORD018138,toll_inflation,1
ORD043775,,0
ORD046608,,0
ORD021304,weight_discrepancy,1
ORD006886,,0
ORD059394,,0
ORD042747,,0
ORD024981,,0
ORD040596,,0
ORD058305,,0
ORD021398,,0
ORD024874,,0
ORD030363,,0
ORD022570,,0
ORD049498,,0
ORD022793,,0
ORD047950,,0
ORD045002,,0
ORD035052,,0
ORD045277,,0
ORD025536,,0
ORD036085,,0
ORD039067,,0
ORD015891,,0
ORD028374,,0
ORD045249,,0
ORD059551,,0
ORD027254,,0
ORD046440,,0
ORD042781,,0
ORD048715,,0
ORD024470,,0
ORD031850,,0
ORD032096,,0
ORD000050,,0
ORD033454,,0
ORD012372,,0
ORD030079,,0
ORD032584,,0
ORD013725,,0
ORD032202,,0
ORD034739,,0
ORD031394,,0
ORD052753,,0
ORD053950,,0
ORD041335,,0
ORD054933,,0
ORD038269,,0
ORD054591,,0
ORD022727,,0
ORD050758,,0
ORD015064,,0
ORD016676,,0
ORD011650,,0
ORD047059,,0
ORD033161,,0
ORD032178,weight_discrepancy,1
ORD024318,,0
ORD047474,,0
ORD009686,weight_discrepancy,1
ORD033862,,0
ORD000155,,0
ORD019688,,0
ORD012307,,0
ORD029284,,0
ORD044058,,0
ORD021180,,0
ORD024902,,0
ORD029412,,0
ORD002294,,0
ORD000817,,0
ORD044282,,0
ORD037845,,0
ORD010537,,0
ORD025722,,0
ORD004986,,0
ORD012946,,0
ORD042652,,0
ORD048971,,0
ORD027387,,0
ORD001821,,0
ORD047882,weight_discrepancy,1
ORD031578,,0
ORD023903,,0
ORD017097,,0
ORD044878,,0
ORD003744,,0
ORD020589,,0
ORD006050,,0
ORD003379,,0
ORD023861,,0
ORD045838,,0
ORD010252,,0
ORD038897,toll_inflation,1
ORD051889,,0
ORD038489,detention_padding,1
ORD014345,,0
ORD027918,,0
ORD000497,,0
ORD046300,,0
ORD016483,,0
ORD056682,,0
ORD016465,,0
ORD042953,,0
ORD000422,,0
ORD043370,,0
ORD047834,,0
ORD008302,,0
ORD004558,,0
ORD017620,,0
ORD014356,,0
ORD008202,,0
ORD023778,,0
ORD051666,,0
ORD032524,,0
ORD034098,,0
ORD011967,detention_padding,1
ORD007000,,0
ORD001698,,0
ORD045498,,0
ORD029895,,0
ORD049051,,0
ORD000042,,0
ORD035188,,0
ORD055435,,0
ORD034009,,0
ORD018598,,0
ORD021433,,0
ORD046681,,0
ORD052314,,0
ORD016205,,0
ORD030671,,0
ORD054713,,0
ORD046021,,0
ORD054024,,0
ORD047305,,0
ORD009036,,0
ORD034465,toll_inflation,1
ORD011296,,0
ORD031650,,0
ORD054500,,0
ORD040775,,0
ORD059292,,0
ORD000763,,0
ORD050427,,0
ORD026301,,0
ORD029446,,0
ORD014896,,0
ORD026578,,0
ORD059547,,0
ORD030686,,0
ORD055401,,0
ORD044775,,0
ORD015328,,0
ORD038608,,0
ORD045736,,0
ORD037344,,0
ORD046986,,0
ORD032598,,0
ORD026553,,0
ORD029279,,0
ORD001923,,0
ORD049744,,0
ORD001551,,0
ORD023179,,0
ORD047200,,0
ORD054078,,0
ORD011866,,0
ORD002955,,0
ORD002998,,0
ORD004296,,0
ORD058909,,0
ORD011588,,0
ORD013975,,0
ORD020687,,0
ORD058176,,0
ORD003999,,0
ORD048979,,0
ORD013081,,0
ORD023375,,0
ORD013317,,0
ORD053544,,0
ORD014002,,0
ORD028447,,0
ORD041915,,0
ORD003777,,0
ORD049482,,0
ORD013341,,0
ORD055487,,0
ORD055921,,0
ORD040239,,0
ORD009924,,0
ORD037936,,0
ORD026775,,0
ORD036323,,0
ORD035450,,0
ORD019519,,0
ORD006051,,0
ORD018186,,0
ORD046995,,0
ORD018823,,0
ORD009815,,0
ORD029598,,0
ORD055629,,0
ORD014780,,0
ORD035497,,0
ORD019662,,0
ORD010393,,0
ORD035701,,0
ORD004958,,0
ORD029850,,0
ORD006737,,0
ORD023689,,0
ORD024773,,0
ORD010540,,0
ORD026674,,0
ORD000307,,0
ORD035478,,0
ORD018971,,0
ORD030133,,0
ORD045962,,0
ORD029402,,0
ORD052923,,0
ORD056473,,0
ORD004946,,0
ORD041086,,0
ORD055574,,0
ORD004027,,0
ORD059539,,0
ORD040699,toll_inflation,1
ORD025027,,0
ORD018402,,0
ORD044212,,0
ORD012441,,0
ORD038833,,0
ORD006746,,0
ORD049608,,0
ORD055889,,0
ORD055879,detention_padding,1
ORD046708,,0
ORD055845,,0
ORD053436,,0
ORD039159,,0
ORD040272,,0
ORD020126,,0
ORD041363,,0
ORD045330,,0
ORD043586,,0
ORD008470,,0
ORD045474,,0
ORD047394,,0
ORD046797,,0
ORD028453,,0
ORD056837,,0
ORD030209,,0
ORD055591,,0
ORD044691,,0
ORD005076,,0
ORD001961,,0
ORD023385,,0
ORD024245,,0
ORD005176,,0
ORD021330,,0
ORD021266,,0
ORD006856,,0
ORD021848,,0
ORD027498,,0
ORD031349,,0
ORD050928,,0
ORD011240,,0
ORD038062,,0
ORD005218,weight_discrepancy,1
ORD018114,,0
ORD031995,,0
ORD009492,,0
ORD002094,,0
ORD047722,,0
ORD021297,,0
ORD054941,,0
ORD000704,,0
ORD033242,,0
ORD037523,,0
ORD035114,weight_discrepancy,1
ORD030956,,0
ORD056803,,0
ORD019729,weight_discrepancy,1
ORD009632,,0
ORD007175,,0
ORD051228,,0
ORD012753,,0
ORD013696,,0
ORD034713,,0
ORD035024,,0
ORD053554,,0
ORD001065,,0
ORD035276,,0
ORD042790,,0
ORD000153,,0
ORD003318,,0
ORD052436,,0
ORD034051,,0
ORD057206,,0
ORD029734,,0
ORD024131,,0
ORD059113,,0
ORD028951,,0
ORD037561,,0
ORD054219,,0
ORD058897,,0
ORD053581,,0
ORD006190,,0
ORD024254,,0
ORD008263,,0
ORD043161,,0
ORD052433,,0
ORD018672,,0
ORD018669,,0
ORD030659,,0
ORD058926,,0
ORD059101,,0
ORD059828,,0
ORD002099,,0
ORD035667,toll_inflation,1
ORD045921,toll_inflation,1
ORD001306,,0
ORD011178,,0
ORD022672,,0
ORD011413,,0
ORD042799,,0
ORD015406,detention_padding,1
ORD011165,,0
ORD012993,,0
ORD024105,,0
ORD024102,,0
ORD049910,,0
ORD059631,,0
ORD045040,,0
ORD015234,,0
ORD036873,,0
ORD009099,,0
ORD046695,,0
ORD047746,,0
ORD050644,,0
ORD012680,,0
ORD023100,,0
ORD041815,,0
ORD050203,,0
ORD024923,,0
ORD051559,,0
ORD005198,,0
ORD048617,,0
ORD014509,,0
ORD039030,,0
ORD023705,,0
ORD059192,toll_inflation,1
ORD025411,,0
ORD008195,,0
ORD038882,,0
ORD031923,,0
ORD001870,,0
ORD032674,,0
ORD056502,,0
ORD013451,,0
ORD028101,,0
ORD002895,,0
ORD011654,,0
ORD037130,,0
ORD045246,,0
ORD011088,detention_padding,1
ORD005425,,0
ORD037861,,0
ORD030840,,0
ORD025354,,0
ORD056352,,0
ORD003850,,0
ORD015786,,0
ORD011480,,0
ORD001348,,0
ORD054439,,0
ORD002668,,0
ORD055326,toll_inflation,1
ORD021309,,0
ORD052006,,0
ORD014732,,0
ORD032280,,0
ORD024951,,0
ORD002419,,0
ORD031097,detention_padding,1
ORD039631,,0
ORD002144,,0
ORD056912,,0
ORD037160,toll_inflation,1
ORD045006,,0
ORD033219,,0
ORD042054,,0
ORD003287,,0
ORD029683,,0
ORD012646,,0
ORD018570,,0
ORD050412,,0
ORD006698,,0
ORD044371,,0
ORD037326,,0
ORD025038,,0
ORD015555,,0
ORD055760,,0
ORD058991,,0
ORD011373,,0
ORD031267,,0
ORD013540,,0
ORD014988,,0
ORD014573,,0
ORD026941,,0
ORD038991,,0
ORD048482,,0
ORD018070,,0
ORD038836,,0
ORD043540,,0
ORD028946,,0
ORD051379,,0
ORD024487,,0
ORD029820,,0
ORD016600,,0
ORD030173,,0
ORD023183,,0
ORD054718,,0
ORD013528,,0
ORD004002,,0
ORD038856,,0
ORD011914,,0
ORD052430,,0
ORD029945,,0
ORD043309,,0
ORD011465,,0
ORD001364,,0
ORD039257,,0
ORD002382,,0
ORD058337,weight_discrepancy,1
ORD023095,,0
ORD055432,,0
ORD006314,,0
ORD000031,,0
ORD017925,,0
ORD021622,,0
ORD024957,,0
ORD046124,,0
ORD040325,,0
ORD053282,,0
ORD052095,,0
ORD033004,,0
ORD015132,,0
ORD011293,,0
ORD033687,,0
ORD018701,,0
ORD040289,,0
ORD013025,,0
ORD052438,,0
ORD052609,,0
ORD008417,detention_padding,1
ORD021093,detention_padding,1
ORD005547,,0
ORD007912,,0
ORD031670,,0
ORD041987,toll_inflation,1
ORD029051,,0
ORD034035,,0
ORD058379,,0
ORD010422,,0
ORD023586,,0
ORD043968,,0
ORD008468,,0
ORD052807,,0
ORD040820,,0
ORD034134,,0
ORD059429,,0
ORD041238,,0
ORD041623,,0
ORD029544,,0
ORD032879,,0
ORD028088,,0
ORD007195,,0
ORD047291,,0
ORD052994,,0
ORD020856,,0
ORD018634,,0
ORD008761,,0
ORD033611,,0
ORD035530,,0
ORD047662,,0
ORD007422,,0
ORD042257,,0
ORD033900,,0
ORD051103,,0
ORD010684,,0
ORD044831,,0
ORD000104,,0
ORD036631,,0
ORD052789,,0
ORD051973,,0
ORD019354,,0
ORD058029,,0
ORD055831,,0
ORD030140,,0
ORD045503,,0
ORD023489,,0
ORD053953,,0
ORD032195,,0
ORD041332,,0
ORD036964,weight_discrepancy,1
ORD047738,,0
ORD041958,,0
ORD006847,,0
ORD051371,,0
ORD020084,,0
ORD050642,,0
ORD017515,,0
ORD004513,,0
ORD026670,,0
ORD048934,,0
ORD048750,,0
ORD041122,,0
ORD040634,,0
ORD022448,,0
ORD009185,,0
ORD017413,,0
ORD009363,,0
ORD019672,,0
ORD027920,,0
ORD019666,,0
ORD040480,,0
ORD032803,,0
ORD010348,,0
ORD059434,,0
ORD046240,,0
ORD012921,,0
ORD030703,,0
ORD040486,,0
ORD051285,,0
ORD043626,,0
ORD016313,,0
ORD059754,,0
ORD020241,,0
ORD049760,,0
ORD002878,,0
ORD035674,,0
ORD019121,,0
ORD033420,,0
ORD032941,,0
ORD012981,weight_discrepancy,1
ORD026278,,0
ORD009660,,0
ORD052754,,0
ORD029601,,0
ORD035749,,0
ORD046835,,0
ORD031126,,0
ORD035510,,0
ORD021125,,0
ORD028633,,0
ORD055213,,0
ORD019883,,0
ORD054451,,0
ORD042438,,0
ORD051844,,0
ORD014497,,0
ORD037339,,0
ORD028685,,0
ORD050377,,0
ORD014199,,0
ORD030970,,0
ORD002963,,0
ORD034705,detention_padding,1
ORD006831,,0
ORD021811,,0
ORD024627,,0
ORD036418,,0
ORD043097,,0
ORD000883,,0
ORD037414,,0
ORD010918,,0
ORD030623,,0
ORD027217,,0
ORD021895,,0
ORD041595,,0
ORD004592,,0
ORD045449,,0
ORD022011,,0
ORD001442,,0
ORD013718,,0
ORD021677,,0
ORD013901,,0
ORD059733,,0
ORD033804,,0
ORD008223,,0
ORD045487,,0
ORD008535,,0
ORD017535,,0
ORD055896,,0
ORD056936,,0
ORD050651,,0
ORD009004,,0
ORD020531,,0
ORD041244,,0
ORD045340,,0
ORD058288,,0
ORD036980,,0
ORD006054,,0
ORD053071,,0
ORD004786,,0
ORD046930,,0
ORD028468,,0
ORD033377,,0
ORD026117,,0
ORD045590,,0
ORD023461,,0
ORD005747,,0
ORD049742,,0
ORD001319,,0
ORD045004,,0
ORD008080,,0
ORD043667,,0
ORD008779,,0
ORD034703,,0
ORD014744,,0
ORD047347,,0
ORD028034,,0
ORD031649,,0
ORD021773,,0
ORD038814,,0
ORD001392,,0
ORD028048,,0
ORD010811,,0
ORD042302,,0
ORD007133,,0
ORD029751,,0
ORD022335,,0
ORD056163,,0
ORD013443,,0
ORD029735,,0
ORD046724,,0
ORD024071,,0
ORD020643,,0
ORD011353,,0
ORD027872,,0
ORD002438,,0
ORD037278,,0
ORD018774,,0
ORD050327,,0
ORD017928,,0
ORD024057,,0
ORD059805,,0
ORD018916,,0
ORD028696,,0
ORD020142,,0
ORD042681,,0
ORD002840,,0
ORD018732,,0
ORD017458,,0
ORD015269,,0
ORD042984,,0
ORD038333,,0
ORD022174,weight_discrepancy,1
ORD029410,,0
ORD057792,,0
ORD005755,,0
ORD031696,,0
ORD001656,,0
ORD022051,,0
ORD052935,,0
ORD044374,,0
ORD028102,,0
ORD040171,weight_discrepancy,1
ORD002947,,0
ORD055913,,0
ORD041071,,0
ORD054687,,0
ORD022961,,0
ORD049591,,0
ORD055399,,0
ORD031038,,0
ORD035095,,0
ORD014149,,0
ORD049869,,0
ORD048953,,0
ORD016867,,0
ORD021905,,0
ORD035369,,0
ORD052543,,0
ORD017270,,0
ORD022181,,0
ORD013271,,0
ORD039947,,0
ORD040368,,0
ORD046471,,0
ORD058437,,0
ORD003480,,0
ORD000496,,0
ORD058562,,0
ORD017710,,0
ORD009459,,0
ORD050397,,0
ORD018465,,0
ORD008888,,0
ORD041312,,0
ORD026605,,0
ORD011216,,0
ORD014152,,0
ORD015438,,0
ORD017069,,0
ORD021917,,0
ORD012808,,0
ORD056956,,0
ORD027958,,0
ORD039760,,0
ORD030944,,0
ORD017586,,0
ORD055866,,0
ORD006086,,0
ORD048692,,0
ORD040694,,0
ORD037193,,0
ORD020029,weight_discrepancy,1
ORD041963,,0
ORD003415,,0
ORD026805,,0
ORD019099,,0
ORD005301,,0
ORD014111,,0
ORD039809,,0
ORD018988,,0
ORD056174,,0
ORD000967,,0
ORD011305,,0
ORD029263,,0
ORD014301,,0
ORD032904,,0
ORD045279,toll_inflation,1
ORD008557,,0
ORD018255,,0
ORD012440,,0
ORD013577,,0
ORD059045,,0
ORD056079,,0
ORD054099,,0
ORD036610,toll_inflation,1
ORD018861,,0
ORD001010,,0
ORD002563,,0
ORD051545,,0
ORD036183,toll_inflation,1
ORD059099,,0
ORD049488,,0
ORD000529,,0
ORD047386,,0
ORD040280,,0
ORD010955,,0
ORD024546,,0
ORD033499,,0
ORD031673,,0
ORD029318,,0
ORD017079,,0
ORD027987,,0
ORD042163,,0
ORD056974,,0
ORD022176,,0
ORD042866,,0
ORD027331,,0
ORD036459,,0
ORD017298,,0
ORD053073,,0
ORD030808,,0
ORD045201,,0
ORD047664,,0
ORD050674,,0
ORD041182,,0
ORD007404,,0
ORD053602,,0
ORD027242,,0
ORD043467,,0
ORD027983,,0
ORD047626,,0
ORD052269,,0
ORD006963,,0
ORD036752,,0
ORD059404,,0
ORD011343,,0
ORD014366,toll_inflation,1
ORD005720,,0
ORD037501,,0
ORD014672,,0
ORD026923,,0
ORD049626,,0
ORD023717,,0
ORD024808,,0
ORD044633,,0
ORD004845,,0
ORD030440,,0
ORD015881,,0
ORD025193,,0
ORD004509,detention_padding,1
ORD014627,,0
ORD000470,,0
ORD039668,,0
ORD020475,,0
ORD032822,,0
ORD051471,,0
ORD009154,,0
ORD052497,,0
ORD037568,,0
ORD040284,,0
ORD008495,,0
ORD003563,,0
ORD044405,,0
ORD003566,,0
ORD030246,,0
ORD008451,,0
ORD019557,,0
ORD026885,,0
ORD015386,,0
ORD008990,,0
ORD004999,,0
ORD003315,,0
ORD041492,,0
ORD018053,,0
ORD007581,,0
ORD002940,,0
ORD041769,,0
ORD003326,,0
ORD013814,,0
ORD013851,,0
ORD038552,,0
ORD035907,,0
ORD006686,,0
ORD039354,,0
ORD001020,,0
ORD021095,,0
ORD056339,,0
ORD043870,,0
ORD014846,,0
ORD025996,,0
ORD009410,,0
ORD029833,,0
ORD040196,,0
ORD035806,,0
ORD008165,,0
ORD046309,toll_inflation,1
ORD055038,,0
ORD039304,detention_padding,1
ORD059600,,0
ORD013237,,0
ORD017558,,0
ORD017550,,0
ORD043347,,0
ORD012297,,0
ORD036859,,0
ORD011341,,0
ORD039989,toll_inflation,1
ORD025563,,0
ORD005150,,0
ORD043098,,0
ORD012194,,0
ORD001046,,0
ORD027496,,0
ORD025968,detention_padding,1
ORD049237,,0
ORD059143,,0
ORD038101,,0
ORD057176,,0
ORD039690,,0
ORD047146,,0
ORD033043,,0
ORD049171,,0
ORD006260,,0
ORD004795,,0
ORD006326,,0
ORD018377,detention_padding,1
ORD017087,,0
ORD034149,,0
ORD051049,,0
ORD023156,,0
ORD027372,,0
ORD016048,,0
ORD022156,,0
ORD056447,,0
ORD028626,,0
ORD008808,,0
ORD023558,,0
ORD054387,,0
ORD045661,,0
ORD059959,,0
ORD059127,,0
ORD025863,,0
ORD029449,,0
ORD057036,,0
ORD049036,,0
ORD007330,,0
ORD029218,,0
ORD010629,,0
ORD008780,,0
ORD043326,,0
ORD010819,,0
ORD059975,,0
ORD010059,,0
ORD047270,,0
ORD020860,,0
ORD035393,,0
ORD015793,toll_inflation,1
ORD038924,,0
ORD025009,,0
ORD040019,,0
ORD021411,,0
ORD019974,,0
ORD040936,,0
ORD030497,,0
ORD028393,,0
ORD020212,,0
ORD037939,,0
ORD041175,,0
ORD040706,,0
ORD020601,,0
ORD034243,detention_padding,1
ORD038662,,0
ORD008358,,0
ORD027698,,0
ORD046020,,0
ORD051439,,0
ORD010313,,0
ORD038600,,0
ORD029939,,0
ORD000974,,0
ORD031022,,0
ORD057664,,0
ORD057268,,0
ORD044075,,0
ORD035956,,0
ORD039447,,0
ORD029823,,0
ORD058401,,0
ORD036968,,0
ORD000498,,0
ORD025726,,0
ORD000520,,0
ORD001882,,0
ORD014943,,0
ORD036527,,0
ORD009182,,0
ORD038701,,0
ORD040885,,0
ORD055955,,0
ORD021911,,0
ORD002868,,0
ORD042962,,0
ORD032279,,0
ORD046765,,0
ORD024103,,0
ORD042114,,0
ORD002193,,0
ORD005010,,0
ORD050212,,0
ORD046157,,0
ORD027033,,0
ORD042453,,0
ORD003787,,0
ORD021410,,0
ORD056761,,0
ORD006611,,0
ORD027192,,0
ORD032495,,0
ORD053548,,0
ORD004810,,0
ORD013243,,0
ORD022734,,0
ORD008466,,0
ORD012985,,0
ORD009395,,0
ORD045174,,0
ORD005737,,0
ORD049943,,0
ORD044941,,0
ORD040225,,0
ORD008137,,0
ORD032419,,0
ORD020816,,0
ORD010904,,0
ORD001643,,0
ORD045506,,0
ORD059354,,0
ORD059436,,0
ORD050164,weight_discrepancy,1
ORD042602,,0
ORD027494,,0
ORD011595,,0
ORD023317,,0
ORD007380,,0
ORD017859,,0
ORD028198,,0
ORD029960,,0
ORD012381,,0
ORD045100,,0
ORD045085,,0
ORD042797,,0
ORD051202,,0
ORD016459,,0
ORD054799,weight_discrepancy,1
ORD027965,,0
ORD048379,,0
ORD034720,,0
ORD056588,,0
ORD048138,,0
ORD047516,,0
ORD023237,,0
ORD030069,,0
ORD057796,,0
ORD014889,,0
ORD004914,detention_padding,1
ORD041355,,0
ORD012201,,0
ORD042847,,0
ORD029501,,0
ORD019936,,0
ORD056481,,0
ORD052075,,0
ORD006312,,0
ORD048990,,0
ORD033145,,0
ORD019116,,0
ORD035997,,0
ORD059343,,0
ORD009017,,0
ORD012971,,0
ORD020346,,0
ORD055128,,0
ORD028112,,0
ORD034163,,0
ORD031892,,0
ORD046270,,0
ORD028788,,0
ORD001031,,0
ORD035938,,0
ORD048952,,0
ORD050628,,0
ORD008625,toll_inflation,1
ORD043804,,0
ORD025729,,0
ORD014477,,0
ORD025384,,0
ORD023577,,0
ORD008626,,0
ORD015952,,0
ORD031701,,0
ORD058927,,0
ORD017427,,0
ORD032226,,0
ORD010345,,0
ORD048450,,0
ORD016738,,0
ORD054626,toll_inflation,1
ORD022489,,0
ORD030008,,0
ORD036239,,0
ORD035557,,0
ORD018151,,0
ORD020065,,0
ORD017303,,0
ORD004653,,0
ORD045911,,0
ORD019982,,0
ORD014385,,0
ORD050864,,0
ORD020007,weight_discrepancy,1
ORD042196,,0
ORD051100,,0
ORD010542,,0
ORD003688,,0
ORD031287,,0
ORD051256,,0
ORD015024,,0
ORD011508,,0
ORD011408,,0
ORD057754,,0
ORD023478,,0
ORD039630,,0
ORD002765,,0
ORD046323,,0
ORD021243,,0
ORD046164,,0
ORD059728,,0
ORD055153,,0
ORD025255,,0
ORD044198,,0
ORD059102,,0
ORD057286,toll_inflation,1
ORD030196,,0
ORD032403,,0
ORD050608,,0
ORD019371,,0
ORD013833,,0
ORD045679,,0
ORD054533,,0
ORD056198,toll_inflation,1
ORD034427,,0
ORD008144,,0
ORD032656,,0
ORD007075,,0
ORD042784,,0
ORD026684,,0
ORD054994,,0
ORD018692,,0
ORD032463,,0
ORD002226,,0
ORD041969,,0
ORD039050,,0
ORD054297,,0
ORD008135,,0
ORD010917,,0
ORD037330,,0
ORD041186,,0
ORD023298,,0
ORD035772,,0
ORD012038,toll_inflation,1
ORD044829,,0
ORD021208,,0
ORD034839,,0
ORD023550,,0
ORD009707,,0
ORD031178,,0
ORD055367,,0
ORD014145,,0
ORD056539,,0
ORD017476,,0
ORD019925,toll_inflation,1
ORD020201,,0
ORD038386,,0
ORD055165,,0
ORD012841,,0
ORD014560,,0
ORD052331,,0
ORD047740,,0
ORD036370,,0
ORD012683,detention_padding,1
ORD021265,,0
ORD042538,,0
ORD011971,,0
ORD054006,,0
ORD017975,,0
ORD043003,,0
ORD036041,,0
ORD015036,,0
ORD007597,,0
ORD011846,,0
ORD013937,,0
ORD013920,,0
ORD016290,,0
ORD049607,,0
ORD011238,,0
ORD052961,,0
ORD052014,,0
ORD006732,,0
ORD001043,,0
ORD002685,,0
ORD022536,,0
ORD004662,,0
ORD050523,,0
ORD009763,,0
ORD001187,,0
ORD019782,,0
ORD045029,,0
ORD025549,,0
ORD008850,,0
ORD011450,,0
ORD021506,,0
ORD011078,,0
ORD018784,,0
ORD015460,,0
ORD033330,,0
ORD049770,,0
ORD056756,,0
ORD036354,,0
ORD008553,,0
ORD008971,,0
ORD022012,,0
ORD008530,,0
ORD052702,,0
ORD000573,,0
ORD048558,,0
ORD017130,,0
ORD028308,,0
ORD054186,,0
ORD010742,,0
ORD040488,,0
ORD025520,,0
ORD013514,,0
ORD024810,,0
ORD056217,,0
ORD047766,,0
ORD003945,,0
ORD003040,,0
ORD010530,,0
ORD001134,,0
ORD052825,,0
ORD046370,,0
ORD007137,,0
ORD010176,,0
ORD047617,,0
ORD000125,,0
ORD043096,,0
ORD006184,,0
ORD048444,toll_inflation,1
ORD059363,,0
ORD026039,,0
ORD021160,weight_discrepancy,1
ORD036951,,0
ORD045801,,0
ORD017296,,0
ORD020367,,0
ORD058010,,0
ORD019477,,0
ORD016439,,0
ORD002103,toll_inflation,1
ORD056066,,0
ORD037244,,0
ORD045748,,0
ORD002000,,0
ORD036692,,0
ORD059606,,0
ORD034863,,0
ORD025394,,0
ORD048072,,0
ORD021826,,0
ORD059097,,0
ORD056958,,0
ORD010856,,0
ORD033643,,0
ORD005796,,0
ORD033123,,0
ORD036204,,0
ORD013282,,0
ORD052640,,0
ORD003384,,0
ORD054156,,0
ORD036584,,0
ORD056167,,0
ORD038716,,0
ORD012726,,0
ORD053216,,0
ORD023580,,0
ORD051997,,0
ORD002209,,0
ORD019335,,0
ORD003883,,0
ORD038885,,0
ORD020885,,0
ORD052623,,0
ORD007854,,0
ORD009921,,0
ORD043918,,0
ORD010202,,0
ORD022435,,0
ORD009219,,0
ORD013136,,0
ORD044023,,0
ORD023395,,0
ORD013158,,0
ORD007505,,0
ORD013629,,0
ORD016901,,0
ORD010124,toll_inflation,1
ORD001412,,0
ORD028086,,0
ORD039502,,0
ORD052088,,0
ORD056118,,0
ORD028575,,0
ORD009409,,0
ORD056670,,0
ORD026733,,0
ORD026557,,0
ORD046294,,0
ORD013565,,0
ORD019885,,0
ORD059824,,0
ORD055660,,0
ORD005258,,0
ORD033396,,0
ORD019702,,0
ORD054878,,0
ORD037879,,0
ORD002735,,0
ORD005770,,0
ORD049189,,0
ORD043400,,0
ORD053505,,0
ORD031212,,0
ORD027593,,0
ORD004253,,0
ORD004422,,0
ORD043352,,0
ORD027730,,0
ORD049020,,0
ORD005084,,0
ORD003055,,0
ORD027529,,0
ORD057496,,0
ORD007679,,0
ORD013667,,0
ORD052540,,0
ORD042482,,0
ORD003237,weight_discrepancy,1
ORD053943,,0
ORD026622,,0
ORD024731,,0
ORD019869,,0
ORD006537,,0
ORD055800,,0
ORD052684,,0
ORD030545,,0
ORD011945,,0
ORD049979,,0
ORD027808,,0
ORD049308,weight_discrepancy,1
ORD030697,,0
ORD040057,,0
ORD014665,,0
ORD040321,,0
ORD026972,,0
ORD044474,toll_inflation,1
ORD036340,,0
ORD005657,,0
ORD010948,,0
ORD026996,,0
ORD045799,,0
ORD014763,,0
ORD034076,,0
ORD031061,,0
ORD034758,,0
ORD055116,,0
ORD016318,,0
ORD021172,,0
ORD003901,,0
ORD035417,,0
ORD045197,,0
ORD054226,,0
ORD056676,,0
ORD037420,,0
ORD049354,,0
ORD046868,toll_inflation,1
ORD046697,,0
ORD009455,,0
ORD032825,,0
ORD049273,,0
ORD033484,weight_discrepancy,1
ORD023850,,0
ORD004784,,0
ORD049681,,0
ORD026487,toll_inflation,1
ORD017014,,0
ORD021490,,0
ORD036808,,0
ORD050137,,0
ORD004386,,0
ORD020053,,0
ORD016367,,0
ORD017823,,0
ORD045825,,0
ORD036366,,0
ORD053059,,0
ORD049039,detention_padding,1
ORD056509,,0
ORD020119,,0
ORD032966,,0
ORD026210,,0
ORD051983,,0
ORD056463,,0
ORD004450,,0
ORD012645,,0
ORD000436,,0
ORD026600,,0
ORD026244,,0
ORD015630,,0
ORD031381,,0
ORD036143,,0
ORD020671,,0
ORD012537,,0
ORD011708,,0
ORD022413,,0
ORD058739,,0
ORD007767,,0
ORD026784,,0
ORD025874,,0
ORD028834,,0
ORD053551,,0
ORD047847,,0
ORD013408,,0
ORD041210,,0
ORD057942,,0
ORD015749,,0
ORD023657,,0
ORD027207,,0
ORD024270,,0
ORD031124,,0
ORD022808,,0
ORD054833,,0
ORD059941,,0
ORD004706,,0
ORD011083,,0
ORD059464,,0
ORD015428,,0
ORD032107,,0
ORD052417,,0
ORD029040,,0
ORD040269,,0
ORD030685,,0
ORD009038,,0
ORD033537,,0
ORD052572,,0
ORD001341,,0
ORD016965,,0
ORD057234,,0
ORD050407,,0
ORD037115,,0
ORD043913,,0
ORD033355,,0
ORD055363,,0
ORD005538,,0
ORD045371,,0
ORD051820,,0
ORD035464,,0
ORD045391,,0
ORD022955,,0
ORD030960,,0
ORD022738,,0
ORD054272,,0
ORD026267,,0
ORD015714,,0
ORD048600,,0
ORD042906,,0
ORD000407,,0
ORD022845,,0
ORD040561,,0
ORD009980,,0
ORD033052,,0
ORD052632,,0
ORD054114,,0
ORD050999,,0
ORD044871,,0
ORD040511,,0
ORD002116,,0
ORD058076,,0
ORD026314,,0
ORD025934,,0
ORD001601,,0
ORD048153,,0
ORD010423,,0
ORD007271,,0
ORD009872,,0
ORD049818,,0
ORD028035,,0
ORD044627,,0
ORD002675,,0
ORD002519,,0
ORD014271,,0
ORD059758,,0
ORD020192,,0
ORD036109,,0
ORD001991,,0
ORD030986,,0
ORD029463,,0
ORD050367,,0
ORD008805,,0
ORD041389,,0
ORD031189,,0
ORD007910,,0
ORD005455,,0
ORD045657,weight_discrepancy,1
ORD033038,,0
ORD001213,,0
ORD026975,,0
ORD029515,,0
ORD047023,,0
ORD035703,,0
ORD007773,,0
ORD038922,,0
ORD003189,,0
ORD026186,,0
ORD043412,,0
ORD000773,,0
ORD015053,,0
ORD056022,,0
ORD009179,,0
ORD025786,,0
ORD056444,,0
ORD026623,,0
ORD049625,,0
ORD059203,,0
ORD009716,,0
ORD059571,,0
ORD051966,,0
ORD021858,,0
ORD008166,,0
ORD048479,,0
ORD026565,,0
ORD013720,,0
ORD027427,,0
ORD026201,,0
ORD034103,toll_inflation,1
ORD015687,,0
ORD031255,,0
ORD029488,,0
ORD022701,,0
ORD001563,toll_inflation,1
ORD010694,,0
ORD011313,,0
ORD052465,,0
ORD036018,,0
ORD034797,,0
ORD000065,,0
ORD017312,,0
ORD022525,toll_inflation,1
ORD038127,,0
ORD001286,toll_inflation,1
ORD015063,,0
ORD032180,,0
ORD016222,,0
ORD020154,,0
ORD023504,,0
ORD005089,,0
ORD037803,,0
ORD040867,,0
ORD026260,,0
ORD022369,,0
ORD033116,,0
ORD051023,,0
ORD024707,,0
ORD057229,,0
ORD039356,,0
ORD003308,,0
ORD027462,,0
ORD010886,,0
ORD022888,,0
ORD013636,,0
ORD052521,,0
ORD010373,,0
ORD044697,,0
ORD042195,,0
ORD011886,weight_discrepancy,1
ORD052352,,0
ORD028156,,0
ORD024518,,0
ORD057337,,0
ORD030749,,0
ORD019530,,0
ORD005609,,0
ORD043410,,0
ORD006618,,0
ORD024557,,0
ORD046543,,0
ORD046973,,0
ORD057647,,0
ORD049393,toll_inflation,1
ORD010314,,0
ORD055997,,0
ORD001598,,0
ORD009425,,0
ORD038314,,0
ORD038332,,0
ORD030059,,0
ORD021216,,0
ORD018312,,0
ORD013260,,0
ORD017764,,0
ORD015843,,0
ORD002283,detention_padding,1
ORD039393,,0
ORD026572,,0
ORD013976,,0
ORD053684,,0
ORD050585,,0
ORD053108,,0
ORD041494,toll_inflation,1
ORD050373,,0
ORD007102,,0
ORD029740,,0
ORD002272,,0
ORD043303,,0
ORD000292,,0
ORD022453,,0
ORD026413,,0
ORD022371,,0
ORD017933,,0
ORD045014,,0
ORD042331,,0
ORD007550,,0
ORD032483,,0
ORD044312,,0
ORD031207,,0
ORD058662,,0
ORD045728,,0
ORD009345,toll_inflation,1
ORD002853,,0
ORD016852,,0
ORD032824,,0
ORD001304,,0
ORD026530,,0
ORD002075,,0
ORD009722,,0
ORD011661,,0
ORD024709,,0
ORD013109,,0
ORD008588,,0
ORD011787,,0
ORD051341,,0
ORD039600,,0
ORD000669,toll_inflation,1
ORD042491,,0
ORD031019,,0
ORD026312,,0
ORD020940,,0
ORD014850,,0
ORD014380,,0
ORD035724,detention_padding,1
ORD050022,,0
ORD007491,detention_padding,1
ORD015197,,0
ORD038983,,0
ORD023759,,0
ORD002068,,0
ORD056526,toll_inflation,1
ORD057879,,0
ORD030333,,0
ORD027056,,0
ORD011766,,0
ORD015000,,0
ORD056227,,0
ORD040069,detention_padding,1
ORD007919,,0
ORD011388,,0
ORD047262,,0
ORD046861,,0
ORD046280,,0
ORD007948,weight_discrepancy,1
ORD008560,,0
ORD036776,,0
ORD034812,,0
ORD025484,,0
ORD021868,,0
ORD023470,,0
ORD035982,,0
ORD038195,,0
ORD022960,,0
ORD050293,,0
ORD052916,,0
ORD015647,,0
ORD044952,,0
ORD049757,,0
ORD053187,,0
ORD015196,,0
ORD046109,,0
ORD057293,,0
ORD034137,,0
ORD038655,,0
ORD003081,,0
ORD031857,,0
ORD026160,,0
ORD015254,,0
ORD048625,,0
ORD043691,,0
ORD055264,,0
ORD035160,,0
ORD012243,,0
ORD023676,,0
ORD053736,,0
ORD029763,,0
ORD022880,,0
ORD057164,,0
ORD004146,,0
ORD007947,,0
ORD021841,,0
ORD001541,,0
ORD042965,,0
ORD007743,toll_inflation,1
ORD013740,,0
ORD030776,,0
ORD021154,,0
ORD056970,,0
ORD044651,,0
ORD010621,weight_discrepancy,1
ORD050430,weight_discrepancy,1
ORD043353,,0
ORD023781,,0
ORD003319,,0
ORD008616,,0
ORD010535,,0
ORD004553,,0
ORD026274,,0
ORD025987,,0
ORD016479,,0
ORD053374,,0
ORD055031,,0
ORD041198,toll_inflation,1
ORD046678,,0
ORD004818,,0
ORD004001,,0
ORD019251,,0
ORD019945,,0
ORD020297,,0
ORD047684,toll_inflation,1
ORD034031,,0
ORD032749,,0
ORD004678,,0
ORD038493,,0
ORD047627,,0
ORD013677,,0
ORD003498,,0
ORD040038,toll_inflation,1
ORD018871,,0
ORD057247,,0
ORD009724,,0
ORD031687,weight_discrepancy,1
ORD059317,,0
ORD049283,,0
ORD022524,,0
ORD001235,,0
ORD011213,,0
ORD037092,,0
ORD046787,,0
ORD030585,,0
ORD025947,,0
ORD058973,detention_padding,1
ORD022292,,0
ORD035524,,0
ORD018742,,0
ORD003311,,0
ORD041691,,0
ORD000175,,0
ORD005063,detention_padding,1
ORD019225,,0
ORD040866,,0
ORD053504,,0
ORD031554,detention_padding,1
ORD038537,,0
ORD058353,,0
ORD016872,,0
ORD034230,,0
ORD023424,,0
ORD026736,,0
ORD042650,,0
ORD018953,,0
ORD004547,,0
ORD024375,,0
ORD040462,,0
ORD044015,,0
ORD017630,,0
ORD026762,,0
ORD034347,,0
ORD032248,,0
ORD051116,weight_discrepancy,1
ORD011290,detention_padding,1
ORD047713,toll_inflation,1
ORD023412,,0
ORD023275,detention_padding,1
ORD045453,,0
ORD039105,,0
ORD040236,,0
ORD008724,,0
ORD035143,,0
ORD001866,detention_padding,1
ORD005263,,0
ORD025192,,0
ORD049068,,0
ORD013850,,0
ORD019661,,0
ORD049479,,0
ORD029430,,0
ORD048323,,0
ORD010877,,0
ORD054557,,0
ORD021119,,0
ORD038413,,0
ORD025981,,0
ORD001345,,0
ORD012781,,0
ORD040408,detention_padding,1
ORD038889,,0
ORD049164,,0
ORD011175,,0
ORD030525,,0
ORD052698,,0
ORD031468,,0
ORD026142,,0
ORD030330,,0
ORD010157,,0
ORD036870,,0
ORD017038,,0
ORD027378,,0
ORD045608,,0
ORD004028,,0
ORD035525,,0
ORD037458,,0
ORD049804,,0
ORD035108,detention_padding,1
ORD048166,,0
ORD059908,,0
ORD059735,,0
ORD020945,,0
ORD011151,,0
ORD025182,,0
ORD046200,,0
ORD030499,,0
ORD059290,,0
ORD050198,,0
ORD009067,,0
ORD059937,,0
ORD024528,,0
ORD020857,,0
ORD047954,,0
ORD046438,,0
ORD045731,,0
ORD047106,,0
ORD025216,,0
ORD022810,,0
ORD044884,,0
ORD042886,,0
ORD046314,,0
ORD027441,,0
ORD055861,,0
ORD011836,,0
ORD057682,,0
ORD021290,,0
ORD044274,,0
ORD032296,,0
ORD000490,,0
ORD055204,,0
ORD035282,,0
ORD011948,,0
ORD042230,,0
ORD038176,,0
ORD049038,,0
ORD022457,,0
ORD005615,,0
ORD053587,,0
ORD012853,,0
ORD045768,,0
ORD031863,,0
ORD025816,,0
ORD047600,,0
ORD010035,toll_inflation,1
ORD033648,,0
ORD028243,,0
ORD033382,,0
ORD033270,,0
ORD035714,,0
ORD016813,,0
ORD004664,,0
ORD043988,,0
ORD043343,,0
ORD020430,detention_padding,1
ORD046669,,0
ORD041711,,0
ORD005667,weight_discrepancy,1
ORD010630,,0
ORD016819,,0
ORD000317,,0
ORD049357,,0
ORD016509,,0
ORD041979,,0
ORD018501,,0
ORD051453,,0
ORD022869,,0
ORD028302,,0
ORD036987,toll_inflation,1
ORD001629,,0
ORD048568,,0
ORD025223,,0
ORD006542,,0
ORD030723,,0
ORD017250,,0
ORD005899,,0
ORD014185,,0
ORD016925,,0
ORD020239,,0
ORD042015,,0
ORD011722,,0
ORD009967,,0
ORD043777,,0
ORD016728,,0
ORD030314,,0
ORD042276,,0
ORD024788,,0
ORD012890,,0
ORD059506,,0
ORD059566,,0
ORD057097,,0
ORD023631,,0
ORD012823,,0
ORD058664,,0
ORD038543,,0
ORD054482,,0
ORD058633,,0
ORD012006,,0
ORD056832,,0
ORD046118,,0
ORD008328,,0
ORD013812,toll_inflation,1
ORD007250,,0
ORD016557,,0
ORD035225,,0
ORD008265,,0
ORD012649,,0
ORD035590,,0
ORD056384,,0
ORD012711,,0
ORD017279,,0
ORD052665,,0
ORD030764,,0
ORD015204,,0
ORD017705,,0
ORD024299,,0
ORD055168,,0
ORD037318,,0
ORD028259,,0
ORD034092,,0
ORD044559,,0
ORD019364,,0
ORD040064,,0
ORD035184,,0
ORD010807,,0
ORD017049,,0
ORD055178,,0
ORD031702,,0
ORD040925,,0
ORD001998,,0
ORD032198,,0
ORD024138,,0
ORD004066,detention_padding,1
ORD016893,,0
ORD044288,,0
ORD038318,,0
ORD002114,,0
ORD011537,,0
ORD001692,,0
ORD053165,,0
ORD015004,,0
ORD018191,,0
ORD040845,,0
ORD046187,,0
ORD035395,,0
ORD032216,,0
ORD027829,,0
ORD033774,,0
ORD013916,,0
ORD038881,,0
ORD010846,,0
ORD005071,weight_discrepancy,1
ORD056144,,0
ORD012231,,0
ORD026162,,0
ORD044684,,0
ORD032346,,0
ORD035986,,0
ORD006513,weight_discrepancy,1
ORD047157,,0
ORD033048,,0
ORD034337,,0
ORD052641,,0
ORD019315,,0
ORD006244,,0
ORD032795,,0
ORD035306,,0
ORD036574,,0
ORD017909,,0
ORD057240,,0
ORD047044,,0
ORD044265,,0
ORD027094,,0
ORD022390,,0
ORD002468,,0
ORD006053,,0
ORD048261,,0
ORD050457,,0
ORD000655,,0
ORD022465,,0
ORD042501,,0
ORD042429,,0
ORD046784,,0
ORD040080,,0
ORD025498,,0
ORD017222,,0
ORD049417,,0
ORD058491,,0
ORD027347,,0
ORD042055,,0
ORD001569,,0
ORD009260,,0
ORD048749,,0
ORD035029,,0
ORD022169,,0
ORD041306,,0
ORD019816,,0
ORD017829,,0
ORD025851,detention_padding,1
ORD007681,,0
ORD019928,,0
ORD038388,,0
ORD013600,,0
ORD000964,,0
ORD054461,,0
ORD027621,,0
ORD005760,,0
ORD033429,,0
ORD014007,,0
ORD038352,,0
ORD059966,,0
ORD003998,,0
ORD028624,,0
ORD032450,,0
ORD021732,,0
ORD017784,,0
ORD052932,,0
ORD019841,weight_discrepancy,1
ORD017813,,0
ORD015463,,0
ORD009734,toll_inflation,1
ORD021385,,0
ORD044481,,0
ORD038474,,0
ORD010490,,0
ORD013617,,0
ORD051795,,0
ORD028787,,0
ORD017248,,0
ORD001538,,0
ORD005333,,0
ORD023880,,0
ORD001487,,0
ORD028454,,0
ORD021009,,0
ORD018637,,0
ORD008330,,0
ORD025297,,0
ORD017085,,0
ORD006236,,0
ORD037848,,0
ORD025580,,0
ORD016579,,0
ORD010201,,0
ORD001261,,0
ORD022891,,0
ORD039370,,0
ORD033885,,0
ORD030462,,0
ORD049347,,0
ORD032527,,0
ORD025165,,0
ORD014097,,0
ORD058280,,0
ORD035890,,0
ORD048663,,0
ORD002886,,0
ORD017512,,0
ORD039378,,0
ORD036745,,0
ORD035465,,0
ORD001056,,0
ORD051405,toll_inflation,1
ORD046952,,0
ORD041881,,0
ORD008974,,0
ORD037654,detention_padding,1
ORD030262,,0
ORD052882,,0
ORD045518,detention_padding,1
ORD022922,,0
ORD054774,,0
ORD004514,,0
ORD044180,detention_padding,1
ORD045602,,0
ORD047047,,0
ORD041508,,0
ORD014570,toll_inflation,1
ORD009657,,0
ORD031751,,0
ORD042134,,0
ORD018771,,0
ORD015012,,0
ORD058626,,0
ORD002739,,0
ORD006756,,0
ORD021893,,0
ORD037061,weight_discrepancy,1
ORD043528,,0
ORD022659,,0
ORD002021,,0
ORD048516,,0
ORD028557,,0
ORD046080,,0
ORD036676,,0
ORD059453,,0
ORD007605,,0
ORD001163,,0
ORD049029,,0
ORD044155,,0
ORD025707,,0
ORD052139,,0
ORD026100,,0
ORD003426,,0
ORD008039,,0
ORD026286,,0
ORD050691,,0
ORD003502,,0
ORD003959,,0
ORD027911,,0
ORD031899,,0
ORD040989,,0
ORD052394,,0
ORD027351,,0
ORD012545,,0
ORD055430,,0
ORD012012,,0
ORD012089,,0
ORD012749,,0
ORD035140,,0
ORD009978,,0
ORD001485,,0
ORD001123,,0
ORD053082,,0
ORD050339,,0
ORD005993,detention_padding,1
ORD038256,toll_inflation,1
ORD013785,,0
ORD015310,,0
ORD056515,,0
ORD001655,,0
ORD027812,,0
ORD056504,,0
ORD020345,weight_discrepancy,1
ORD005200,,0
ORD017879,,0
ORD046707,,0
ORD043958,weight_discrepancy,1
ORD009164,,0
ORD036442,,0
ORD010907,,0
ORD030391,,0
ORD058066,,0
ORD023294,,0
ORD048679,,0
ORD058964,,0
ORD056140,,0
ORD042282,,0
ORD004039,,0
ORD023698,,0
ORD017953,,0
ORD058772,,0
ORD033496,,0
ORD039805,,0
ORD026843,,0
ORD024200,,0
ORD046888,,0
ORD005717,,0
ORD052583,,0
ORD048835,,0
ORD056287,,0
ORD015593,,0
ORD047701,,0
ORD058256,,0
ORD012650,weight_discrepancy,1
ORD036469,,0
ORD005298,,0
ORD032214,,0
ORD054429,,0
ORD025210,,0
ORD017390,,0
ORD046764,,0
ORD017326,,0
ORD054972,,0
ORD010225,,0
ORD014241,,0
ORD017785,,0
ORD046264,toll_inflation,1
ORD014849,,0
ORD047507,,0
ORD023944,,0
ORD025662,,0
ORD055109,,0
ORD041712,,0
ORD036730,,0
ORD030730,,0
ORD012511,,0
ORD025734,,0
ORD033723,,0
ORD012540,,0
ORD005999,detention_padding,1
ORD031066,,0
ORD018934,,0
ORD052853,,0
ORD038339,,0
ORD012883,,0
ORD024112,,0
ORD044016,,0
ORD045504,,0
ORD038987,,0
ORD029938,,0
ORD045858,,0
ORD046393,,0
ORD055461,,0
ORD048263,,0
ORD051858,,0
ORD024654,,0
ORD041080,,0
ORD055759,,0
ORD034627,,0
ORD052811,,0
ORD024891,,0
ORD018586,,0
ORD051970,,0
ORD053351,,0
ORD041469,,0
ORD023912,,0
ORD041359,,0
ORD046642,,0
ORD019988,,0
ORD034663,,0
ORD008131,,0
ORD019939,,0
ORD010413,,0
ORD036710,,0
ORD034952,,0
ORD017742,,0
ORD017985,,0
ORD039639,,0
ORD009764,,0
ORD042480,,0
ORD031257,,0
ORD029101,,0
ORD004881,,0
ORD010685,,0
ORD029003,,0
ORD027443,,0
ORD030761,,0
ORD009636,,0
ORD058826,,0
ORD016498,,0
ORD001694,,0
ORD003785,,0
ORD016826,,0
ORD022896,,0
ORD010150,,0
ORD018856,,0
ORD031822,,0
ORD020535,,0
ORD010000,,0
ORD035093,,0
ORD029849,,0
ORD042225,,0
ORD058218,,0
ORD008249,,0
ORD005894,,0
ORD000777,,0
ORD015765,,0
ORD010302,,0
ORD051493,,0
ORD057474,,0
ORD022561,,0
ORD030506,,0
ORD007636,,0
ORD009616,,0
ORD020306,,0
ORD054358,,0
ORD051811,,0
ORD017430,,0
ORD022535,toll_inflation,1
ORD037145,,0
ORD006915,,0
ORD050613,,0
ORD006063,,0
ORD004494,,0
ORD051622,,0
ORD042692,,0
ORD025806,,0
ORD034160,,0
ORD000289,,0
ORD029183,,0
ORD029283,,0
ORD035191,,0
ORD018145,,0
ORD013176,,0
ORD028000,,0
ORD012171,,0
ORD032977,,0
ORD028718,,0
ORD042767,,0
ORD009910,,0
ORD016224,,0
ORD002633,,0
ORD009721,,0
ORD019224,,0
ORD030026,,0
ORD029165,,0
ORD035878,,0
ORD003862,,0
ORD017974,,0
ORD045770,weight_discrepancy,1
ORD043726,detention_padding,1
ORD021669,,0
ORD013731,,0
ORD036283,,0
ORD055419,,0
ORD049688,,0
ORD003512,toll_inflation,1
ORD057451,,0
ORD016530,,0
ORD046723,,0
ORD019370,,0
ORD028487,,0
ORD040671,,0
ORD003493,,0
ORD057669,,0
ORD023955,,0
ORD019861,,0
ORD029531,,0
ORD057313,,0
ORD031777,,0
ORD035370,,0
ORD009747,,0
ORD006396,,0
ORD008561,,0
ORD002477,,0
ORD024179,,0
ORD025829,,0
ORD019208,,0
ORD004651,,0
ORD031055,,0
ORD043978,,0
ORD019264,,0
ORD005554,,0
ORD027188,weight_discrepancy,1
ORD010525,,0
ORD007699,,0
ORD024346,,0
ORD057824,,0
ORD044471,,0
ORD018149,,0
ORD050584,,0
ORD005523,,0
ORD056543,,0
ORD044352,,0
ORD055050,,0
ORD027230,,0
ORD039336,,0
ORD053809,,0
ORD049078,,0
ORD033907,,0
ORD047654,,0
ORD008463,,0
ORD010331,,0
ORD056353,,0
ORD046715,,0
ORD001390,,0
ORD049365,,0
ORD018764,,0
ORD031517,,0
ORD028737,,0
ORD020332,,0
ORD033967,,0
ORD035202,toll_inflation,1
ORD029609,,0
ORD049471,detention_padding,1
ORD059716,,0
ORD016450,,0
ORD048898,,0
ORD013801,,0
ORD037028,,0
ORD013884,,0
ORD010355,,0
ORD045478,,0
ORD026590,,0
ORD039929,,0
ORD059720,,0
ORD057291,,0
ORD039344,,0
ORD009233,,0
ORD011811,,0
ORD014291,,0
ORD020461,,0
ORD021527,weight_discrepancy,1
ORD005663,,0
ORD023959,,0
ORD017268,,0
ORD045698,,0
ORD010578,,0
ORD022699,,0
ORD031216,,0
ORD024268,,0
ORD030317,,0
ORD051016,,0
ORD025271,,0
ORD036272,,0
ORD006924,,0
ORD041325,,0
ORD018141,,0
ORD034086,,0
ORD015789,,0
ORD050341,,0
ORD045338,,0
ORD036265,,0
ORD021282,,0
ORD043065,,0
ORD017445,,0
ORD059060,,0
ORD029911,,0
ORD027848,,0
ORD021852,,0
ORD051425,,0
ORD020828,,0
ORD001109,,0
ORD042378,,0
ORD043345,,0
ORD051007,,0
ORD002058,,0
ORD006306,,0
ORD030651,,0
ORD043636,toll_inflation,1
ORD010575,,0
ORD041525,,0
ORD024529,,0
ORD031596,,0
ORD012980,,0
ORD011049,,0
ORD043906,,0
ORD036292,,0
ORD039043,,0
ORD012030,,0
ORD059134,,0
ORD038920,,0
ORD037749,,0
ORD041214,,0
ORD014452,,0
ORD029134,,0
ORD035739,weight_discrepancy,1
ORD021025,,0
ORD047043,,0
ORD003708,,0
ORD049024,,0
ORD045169,,0
ORD052770,,0
ORD030051,,0
ORD057789,,0
ORD022374,,0
ORD011891,,0
ORD022950,,0
ORD002695,,0
ORD058742,,0
ORD018427,,0
ORD043964,,0
ORD053981,,0
ORD012894,,0
ORD052318,,0
ORD014444,,0
ORD006649,,0
ORD003491,,0
ORD056251,,0
ORD030070,,0
ORD027189,,0
ORD034047,,0
ORD017735,,0
ORD000991,,0
ORD028976,,0
ORD004423,,0
ORD020567,,0
ORD054410,,0
ORD039667,,0
ORD040051,,0
ORD037649,,0
ORD040847,,0
ORD020737,,0
ORD023222,,0
ORD049868,,0
ORD008350,,0
ORD010090,,0
ORD014883,,0
ORD000550,,0
ORD053466,,0
ORD005647,,0
ORD045053,,0
ORD014209,,0
ORD010925,,0
ORD048946,,0
ORD048908,,0
ORD003383,,0
ORD013480,,0
ORD025044,,0
ORD027718,,0
ORD054173,,0
ORD011234,,0
ORD011270,,0
ORD011298,,0
ORD004707,,0
ORD002602,,0
ORD006406,,0
ORD050201,,0
ORD055653,,0
ORD008316,,0
ORD008419,,0
ORD051990,,0
ORD008450,,0
ORD007842,,0
ORD030957,,0
ORD032051,,0
ORD019495,,0
ORD051269,,0
ORD030789,,0
ORD003751,,0
ORD007526,,0
ORD020003,detention_padding,1
ORD020231,,0
ORD007236,toll_inflation,1
ORD059561,,0
ORD020512,,0
ORD020620,,0
ORD002177,,0
ORD050553,,0
ORD050382,,0
ORD046840,,0
ORD019907,,0
ORD027262,,0
ORD051886,,0
ORD034522,,0
ORD058171,,0
ORD026971,,0
ORD010829,,0
ORD033794,,0
ORD036934,,0
ORD033327,,0
ORD017882,,0
ORD024865,,0
ORD014614,,0
ORD047609,,0
ORD016675,,0
ORD037546,,0
ORD033985,detention_padding,1
ORD046308,toll_inflation,1
ORD026915,,0
ORD038935,,0
ORD035200,,0
ORD054029,,0
ORD016873,,0
ORD046696,,0
ORD019142,,0
ORD024580,,0
ORD024924,,0
ORD030336,,0
ORD048258,toll_inflation,1
ORD053157,,0
ORD057411,detention_padding,1
ORD055352,,0
ORD000654,,0
ORD005825,detention_padding,1
ORD009340,,0
ORD006472,,0
ORD021220,,0
ORD022284,,0
ORD046197,,0
ORD033657,,0
ORD004306,,0
ORD024212,,0
ORD050249,,0
ORD007150,,0
ORD024341,,0
ORD030400,,0
ORD015524,,0
ORD008674,,0
ORD047297,,0
ORD052829,,0
ORD008373,,0
ORD004615,toll_inflation,1
ORD001873,,0
ORD004657,toll_inflation,1
ORD011644,,0
ORD034433,,0
ORD041427,,0
ORD056855,,0
ORD030146,,0
ORD055114,,0
ORD012455,,0
ORD046216,,0
ORD018796,,0
ORD032324,,0
ORD035124,,0
ORD030421,,0
ORD048455,,0
ORD021665,,0
ORD006720,,0
ORD040629,,0
ORD005473,,0
ORD027959,,0
ORD054326,,0
ORD034866,,0
ORD001436,,0
ORD033075,,0
ORD044644,,0
ORD008982,toll_inflation,1
ORD032249,,0
ORD004554,,0
ORD042091,,0
ORD019604,,0
ORD006980,,0
ORD006709,detention_padding,1
ORD028358,,0
ORD009687,,0
ORD002674,,0
ORD042720,,0
ORD009197,,0
ORD046253,,0
ORD024939,,0
ORD032516,detention_padding,1
ORD025449,,0
ORD049486,,0
ORD027104,,0
ORD059924,weight_discrepancy,1
ORD000809,,0
ORD047743,,0
ORD031441,,0
ORD009278,,0
ORD015457,weight_discrepancy,1
ORD055012,,0
ORD007062,,0
ORD026853,,0
ORD056305,toll_inflation,1
ORD035017,,0
ORD030172,,0
ORD030005,,0
ORD042095,,0
ORD056334,,0
ORD008236,,0
ORD005919,toll_inflation,1
ORD022781,,0
ORD036784,,0
ORD009456,,0
ORD033582,,0
ORD030549,,0
ORD041984,,0
ORD048400,,0
ORD059947,,0
ORD024201,,0
ORD026115,,0
ORD053173,,0
ORD010338,,0
ORD033680,,0
ORD047350,,0
ORD007497,,0
ORD022499,,0
ORD015551,,0
ORD019404,,0
ORD023607,,0
ORD017521,,0
ORD049457,,0
ORD004497,,0
ORD019297,detention_padding,1
ORD005591,,0
ORD012413,,0
ORD019374,detention_padding,1
ORD059473,,0
ORD025994,,0
ORD043594,,0
ORD004436,,0
ORD028260,,0
ORD021989,,0
ORD039238,,0
ORD003982,,0
ORD026650,,0
ORD055093,,0
ORD003457,,0
ORD016032,,0
ORD050470,,0
ORD032683,,0
ORD033904,,0
ORD055058,,0
ORD046013,,0
ORD013345,,0
ORD025633,,0
ORD000571,,0
ORD016851,,0
ORD002714,,0
ORD059715,toll_inflation,1
ORD047999,,0
ORD042506,,0
ORD043438,,0
ORD017904,,0
ORD025700,,0
ORD045709,,0
ORD044760,,0
ORD027446,,0
ORD058709,,0
ORD006894,,0
ORD052707,,0
ORD010830,,0
ORD015193,,0
ORD059210,,0
ORD051526,,0
ORD007982,,0
ORD024514,weight_discrepancy,1
ORD029281,,0
ORD023303,,0
ORD010203,,0
ORD036617,,0
ORD038041,,0
ORD000544,,0
ORD056725,,0
ORD009105,toll_inflation,1
ORD005960,,0
ORD026867,,0
ORD015096,,0
ORD058763,,0
ORD033320,,0
ORD001871,,0
ORD040013,,0
ORD010082,,0
ORD033436,,0
ORD002609,,0
ORD022912,,0
ORD026686,,0
ORD053882,,0
ORD052710,,0
ORD015914,,0
ORD023684,,0
ORD018698,,0
ORD057751,,0
ORD058470,,0
ORD036566,,0
ORD044890,,0
ORD048330,,0
ORD025428,,0
ORD057837,,0
ORD020788,,0
ORD054155,,0
ORD016136,,0
ORD057896,,0
ORD003593,,0
ORD036429,,0
ORD025901,,0
ORD004564,,0
ORD036386,,0
ORD047885,,0
ORD031576,,0
ORD043458,,0
ORD059054,,0
ORD047612,,0
ORD026665,,0
ORD044251,,0
ORD009877,,0
ORD040412,,0
ORD026299,,0
ORD007191,,0
ORD012138,,0
ORD029462,,0
ORD038083,,0
ORD029524,,0
ORD053566,,0
ORD009847,toll_inflation,1
ORD010463,,0
ORD010672,,0
ORD043709,toll_inflation,1
ORD037221,,0
ORD058947,,0
ORD020612,,0
ORD024816,,0
ORD003975,,0
ORD021074,,0
ORD040646,,0
ORD037081,,0
ORD052827,,0
ORD029988,,0
ORD011984,,0
ORD009823,,0
ORD046682,,0
ORD048192,,0
ORD045273,,0
ORD052683,detention_padding,1
ORD043436,,0
ORD006249,,0
ORD021663,,0
ORD029580,,0
ORD049954,,0
ORD015950,,0
ORD033150,,0
ORD009897,,0
ORD002175,weight_discrepancy,1
ORD033737,,0
ORD018585,,0
ORD051693,,0
ORD018969,,0
ORD049554,,0
ORD030912,,0
ORD025525,,0
ORD001593,,0
ORD051735,,0
ORD005654,,0
ORD043764,detention_padding,1
ORD024437,,0
ORD025483,,0
ORD053534,,0
ORD049456,,0
ORD034813,,0
ORD013388,,0
ORD052312,,0
ORD014769,,0
ORD053553,,0
ORD053382,,0
ORD025586,,0
ORD000131,,0
ORD001876,,0
ORD036682,,0
ORD059923,,0
ORD008269,,0
ORD006106,,0
ORD042529,,0
ORD036952,,0
ORD027005,,0
ORD054375,,0
ORD056600,,0
ORD013805,,0
ORD011923,,0
ORD025176,,0
ORD039014,,0
ORD041956,,0
ORD056243,,0
ORD001774,,0
ORD025202,,0
ORD037778,,0
ORD052049,,0
ORD034478,,0
ORD044948,weight_discrepancy,1
ORD024671,,0
ORD035660,,0
ORD018006,,0
ORD022928,,0
ORD025099,,0
ORD011105,,0
ORD056975,,0
ORD025423,,0
ORD037294,,0
ORD052845,,0
ORD050567,,0
ORD013142,,0
ORD004421,,0
ORD054969,,0
ORD004637,,0
ORD003689,,0
ORD012626,,0
ORD016217,,0
ORD021564,,0
ORD050771,,0
ORD014598,,0
ORD038714,,0
ORD020148,,0
ORD017431,,0
ORD014286,,0
ORD026793,,0
ORD030927,,0
ORD019540,,0
ORD035720,,0
ORD003225,,0
ORD017048,,0
ORD019341,detention_padding,1
ORD017310,,0
ORD053380,,0
ORD036846,,0
ORD026608,,0
ORD029438,,0
ORD039547,,0
ORD058817,,0
ORD005431,,0
ORD023029,,0
ORD014954,,0
ORD047099,,0
ORD003205,,0
ORD048219,,0
ORD024236,,0
ORD005433,,0
ORD029508,,0
ORD043496,,0
ORD045680,,0
ORD017556,,0
ORD033317,,0
ORD023442,,0
ORD018438,,0
ORD007300,,0
ORD019671,,0
ORD019610,,0
ORD045658,,0
ORD046497,,0
ORD039761,,0
ORD056489,,0
ORD007932,,0
ORD011937,,0
ORD042252,,0
ORD031383,detention_padding,1
ORD020394,,0
ORD017252,,0
ORD031412,,0
ORD042182,,0
ORD056533,detention_padding,1
ORD020640,,0
ORD051442,,0
ORD007172,,0
ORD037504,,0
ORD045562,,0
ORD056126,,0
ORD044722,,0
ORD038360,,0
ORD033297,,0
ORD034973,,0
ORD048264,,0
ORD000618,,0
ORD026393,,0
ORD010482,,0
ORD039425,,0
ORD044133,,0
ORD014256,,0
ORD023114,,0
ORD028106,,0
ORD028085,,0
ORD059814,,0
ORD033965,,0
ORD003198,,0
ORD044375,,0
ORD012389,,0
ORD012222,,0
ORD033480,,0
ORD037963,,0
ORD023510,detention_padding,1
ORD018196,,0
ORD023428,detention_padding,1
ORD043408,,0
ORD010281,,0
ORD023361,,0
ORD043248,toll_inflation,1
ORD049695,,0
ORD023280,,0
ORD016986,,0
ORD019623,,0
ORD032182,,0
ORD011717,,0
ORD059776,,0
ORD023795,,0
ORD008398,,0
ORD049386,,0
ORD034451,,0
ORD018015,,0
ORD024855,,0
ORD056367,,0
ORD047705,,0
ORD024819,,0
ORD054997,,0
ORD047530,,0
ORD027862,,0
ORD038807,,0
ORD014115,,0
ORD039846,,0
ORD008237,,0
ORD039970,,0
ORD031550,,0
ORD043677,,0
ORD026152,,0
ORD059785,toll_inflation,1
ORD058543,,0
ORD029074,,0
ORD040889,,0
ORD033215,,0
ORD056666,,0
ORD041079,,0
ORD030471,,0
ORD050041,detention_padding,1
ORD041546,,0
ORD015408,,0
ORD057133,,0
ORD015116,,0
ORD006628,,0
ORD048215,,0
ORD021806,,0
ORD045443,detention_padding,1
ORD021541,,0
ORD016039,,0
ORD042362,,0
ORD045465,,0
ORD021937,,0
ORD002700,,0
ORD022203,,0
ORD049820,,0
ORD019795,,0
ORD001886,,0
ORD022957,,0
ORD025072,,0
ORD009446,,0
ORD017942,,0
ORD004382,,0
ORD059837,,0
ORD044029,,0
ORD013717,,0
ORD050290,,0
ORD036659,,0
ORD031925,toll_inflation,1
ORD001307,,0
ORD008638,,0
ORD032750,,0
ORD033763,,0
ORD016382,,0
ORD003468,,0
ORD039624,,0
ORD057978,,0
ORD057977,,0
ORD012351,,0
ORD047098,,0
ORD036449,,0
ORD016065,,0
ORD055511,,0
ORD023064,,0
ORD058746,,0
ORD051780,,0
ORD025614,weight_discrepancy,1
ORD045250,,0
ORD025529,,0
ORD021585,,0
ORD050449,,0
ORD035953,,0
ORD016774,weight_discrepancy,1
ORD028386,,0
ORD033088,,0
ORD028910,,0
ORD023613,,0
ORD019379,,0
ORD040404,,0
ORD046307,,0
ORD002799,,0
ORD058007,,0
ORD049970,,0
ORD006351,,0
ORD032165,,0
ORD028380,,0
ORD003147,,0
ORD009893,,0
ORD006455,,0
ORD023277,,0
ORD026706,,0
ORD014242,,0
ORD050186,,0
ORD055546,,0
ORD056872,,0
ORD031586,,0
ORD025538,,0
ORD005831,,0
ORD004078,,0
ORD026719,,0
ORD025616,,0
ORD057343,,0
ORD037342,,0
ORD006304,,0
ORD004486,,0
ORD056496,,0
ORD005583,,0
ORD036561,toll_inflation,1
ORD019716,,0
ORD050250,,0
ORD019213,toll_inflation,1
ORD005406,,0
ORD028324,,0
ORD057663,,0
ORD057117,,0
ORD006458,,0
ORD006622,,0
ORD044267,,0
ORD058743,,0
ORD035814,,0
ORD024869,,0
ORD027154,,0
ORD040185,,0
ORD021735,,0
ORD046954,,0
ORD029478,,0
ORD037632,,0
ORD046556,detention_padding,1
ORD036667,detention_padding,1
ORD019482,,0
ORD058200,,0
ORD045750,,0
ORD045038,,0
ORD054524,,0
ORD059408,,0
ORD051960,,0
ORD054286,,0
ORD052443,,0
ORD033091,toll_inflation,1
ORD039390,,0
ORD013887,,0
ORD054592,,0
ORD039521,,0
ORD059779,,0
ORD014828,,0
ORD038699,,0
ORD015688,,0
ORD011760,,0
ORD033505,,0
ORD041346,,0
ORD015547,detention_padding,1
ORD059613,,0
ORD031893,,0
ORD004541,,0
ORD040884,,0
ORD004501,,0
ORD000474,,0
ORD058914,,0
ORD049462,,0
ORD014412,,0
ORD014295,,0
ORD025738,,0
ORD005454,,0
ORD032797,,0
ORD028403,,0
ORD045442,,0
ORD025144,,0
ORD051549,,0
ORD031188,,0
ORD006867,,0
ORD051429,,0
ORD007276,,0
ORD027854,,0
ORD020085,,0
ORD032422,,0
ORD005047,,0
ORD044868,,0
ORD052593,,0
ORD050902,,0
ORD059130,,0
ORD041507,,0
ORD041951,,0
ORD033641,,0
ORD024775,,0
ORD005118,,0
ORD016945,toll_inflation,1
ORD025526,,0
ORD003545,,0
ORD016294,,0
ORD009024,,0
ORD013936,,0
ORD028233,,0
ORD030025,,0
ORD058540,,0
ORD007671,,0
ORD038325,,0
ORD012364,,0
ORD021578,,0
ORD027819,,0
ORD046017,,0
ORD036231,,0
ORD042808,,0
ORD029163,,0
ORD045910,,0
ORD051754,,0
ORD003907,,0
ORD008296,,0
ORD033345,,0
ORD040635,,0
ORD040310,,0
ORD035298,,0
ORD033273,,0
ORD039495,,0
ORD036288,,0
ORD018730,,0
ORD050652,,0
ORD025447,,0
ORD011942,,0
ORD028175,,0
ORD050707,,0
ORD028130,,0
ORD035026,,0
ORD035105,,0
ORD017078,,0
ORD032484,,0
ORD052245,,0
ORD035347,,0
ORD032633,toll_inflation,1
ORD047532,,0
ORD015420,,0
ORD025544,,0
ORD043228,,0
ORD025704,,0
ORD052332,weight_discrepancy,1
ORD019656,,0
ORD050617,,0
ORD013790,,0
ORD052854,,0
ORD044612,,0
ORD024522,,0
ORD016466,,0
ORD013573,,0
ORD013429,,0
ORD037144,detention_padding,1
ORD034359,detention_padding,1
ORD018224,,0
ORD008205,,0
ORD045376,,0
ORD002446,,0
ORD032259,,0
ORD055553,,0
ORD037562,,0
ORD006573,,0
ORD007308,,0
ORD023321,,0
ORD056458,toll_inflation,1
ORD034068,,0
ORD023422,,0
ORD047064,,0
ORD029644,,0
ORD027315,,0
ORD057775,,0
ORD006164,toll_inflation,1
ORD009495,,0
ORD057188,detention_padding,1
ORD044597,,0
ORD040061,,0
ORD024690,,0
ORD050763,toll_inflation,1
ORD038281,,0
ORD052571,,0
ORD016467,,0
ORD038199,,0
ORD056813,,0
ORD003976,,0
ORD027980,,0
ORD051130,,0
ORD033185,,0
ORD048995,,0
ORD040045,,0
ORD032203,,0
ORD009068,,0
ORD013508,,0
ORD049890,,0
ORD007043,,0
ORD003948,,0
ORD011674,,0
ORD018817,,0
ORD003594,,0
ORD050452,,0
ORD019185,,0
ORD014818,,0
ORD025897,,0
ORD055336,,0
ORD000693,,0
ORD047995,,0
ORD050319,,0
ORD003790,,0
ORD053110,,0
ORD041345,,0
ORD026356,,0
ORD023702,,0
ORD034344,,0
ORD035692,,0
ORD056382,,0
ORD027282,,0
ORD036358,,0
ORD039469,,0
ORD025787,,0
ORD009878,,0
ORD027568,,0
ORD005372,,0
ORD046230,,0
ORD050065,,0
ORD029955,,0
ORD030955,,0
ORD025713,detention_padding,1
ORD035235,,0
ORD007707,,0
ORD058342,,0
ORD000870,,0
ORD058760,,0
ORD050537,,0
ORD059303,,0
ORD049704,,0
ORD022111,,0
ORD021064,,0
ORD038483,,0
ORD046431,,0
ORD028778,,0
ORD001025,,0
ORD014681,,0
ORD006065,,0
ORD033854,,0
ORD015372,,0
ORD059556,,0
ORD014163,,0
ORD014869,,0
ORD052987,,0
ORD014956,,0
ORD052986,,0
ORD021720,,0
ORD013607,,0
ORD037938,,0
ORD033136,toll_inflation,1
ORD023260,,0
ORD047065,,0
ORD015944,,0
ORD016500,,0
ORD047080,,0
ORD008060,,0
ORD046340,,0
ORD046075,,0
ORD054403,,0
ORD058298,,0
ORD039952,toll_inflation,1
ORD030780,,0
ORD017635,,0
ORD008538,,0
ORD035486,detention_padding,1
ORD035254,,0
ORD001770,,0
ORD027659,,0
ORD036071,,0
ORD019257,,0
ORD036465,,0
ORD011311,,0
ORD041231,,0
ORD039309,,0
ORD035372,,0
ORD025436,,0
ORD004038,,0
ORD045619,,0
ORD008233,,0
ORD039701,,0
ORD035352,,0
ORD031734,,0
ORD032864,,0
ORD026528,,0
ORD006021,,0
ORD040309,toll_inflation,1
ORD004611,,0
ORD042031,,0
ORD058811,,0
ORD045758,,0
ORD029039,,0
ORD021400,,0
ORD057945,,0
ORD019329,,0
ORD053654,toll_inflation,1
ORD027006,,0
ORD047796,,0
ORD056030,,0
ORD049805,,0
ORD037727,,0
ORD030512,,0
ORD055468,,0
ORD031429,,0
ORD012237,,0
ORD023343,,0
ORD048372,,0
ORD055648,,0
ORD035070,,0
ORD023583,,0
ORD008044,,0
ORD058678,,0
ORD010307,,0
ORD002857,,0
ORD013983,,0
ORD028678,,0
ORD003815,,0
ORD028587,,0
ORD059656,,0
ORD056341,,0
ORD019032,,0
ORD042242,,0
ORD045843,,0
ORD015754,,0
ORD009644,,0
ORD023907,,0
ORD037358,,0
ORD004969,,0
ORD037431,,0
ORD057852,,0
ORD000318,,0
ORD038877,,0
ORD012869,,0
ORD028050,,0
ORD005067,,0
ORD051194,,0
ORD013370,,0
ORD000878,,0
ORD051271,,0
ORD048782,detention_padding,1
ORD028162,,0
ORD053826,,0
ORD009095,,0
ORD019134,,0
ORD055799,,0
ORD006525,,0
ORD047378,,0
ORD052186,weight_discrepancy,1
ORD007966,weight_discrepancy,1
ORD006671,,0
ORD042624,,0
ORD038322,,0
ORD026445,,0
ORD012033,,0
ORD044897,,0
ORD016821,,0
ORD023713,,0
ORD057456,,0
ORD004376,,0
ORD051120,,0
ORD004949,,0
ORD007146,,0
ORD054781,,0
ORD054768,toll_inflation,1
ORD056810,,0
ORD057813,,0
ORD014722,,0
ORD050190,,0
ORD030378,,0
ORD057745,,0
ORD053105,toll_inflation,1
ORD010209,,0
ORD046933,,0
ORD023608,,0
ORD008147,,0
ORD047719,,0
ORD055127,,0
ORD050082,,0
ORD053153,,0
ORD012862,,0
ORD049665,,0
ORD043109,,0
ORD053698,,0
ORD026964,,0
ORD019334,,0
ORD009286,,0
ORD037345,,0
ORD010013,,0
ORD019330,,0
ORD042809,,0
ORD043419,,0
ORD006346,,0
ORD030027,,0
ORD032644,,0
ORD047472,,0
ORD033998,,0
ORD054307,,0
ORD046258,,0
ORD036580,,0
ORD033735,,0
ORD005304,,0
ORD052795,,0
ORD037884,,0
ORD014881,,0
ORD027068,,0
ORD019244,,0
ORD007323,toll_inflation,1
ORD040091,,0
ORD058057,,0
ORD039201,,0
ORD053304,,0
ORD033232,,0
ORD038004,,0
ORD027800,,0
ORD059362,,0
ORD008303,,0
ORD015015,,0
ORD037951,,0
ORD009882,,0
ORD057782,,0
ORD008435,,0
ORD011003,,0
ORD040967,,0
ORD018502,,0
ORD050946,,0
ORD045850,,0
ORD054743,,0
ORD029396,,0
ORD028997,,0
ORD018453,,0
ORD004130,,0
ORD040810,,0
ORD016703,detention_padding,1
ORD001367,,0
ORD046450,,0
ORD018210,,0
ORD020227,,0
ORD056707,,0
ORD040227,,0
ORD002435,,0
ORD016315,,0
ORD045166,,0
ORD034244,,0
ORD046728,,0
ORD043427,,0
ORD049304,,0
ORD036747,,0
ORD058351,,0
ORD038099,,0
ORD014219,,0
ORD000792,,0
ORD003195,,0
ORD002217,,0
ORD017281,,0
ORD044994,,0
ORD001825,weight_discrepancy,1
ORD057917,,0
ORD047508,,0
ORD000414,,0
ORD007632,,0
ORD046629,,0
ORD005394,,0
ORD051251,,0
ORD014358,,0
ORD054408,,0
ORD020510,,0
ORD034950,,0
ORD029578,,0
ORD046099,,0
ORD019821,,0
ORD030869,,0
ORD002081,,0
ORD028078,,0
ORD008603,,0
ORD015650,,0
ORD052981,,0
ORD022098,,0
ORD012388,,0
ORD012611,,0
ORD016842,,0
ORD027583,,0
ORD049233,detention_padding,1
ORD036142,,0
ORD057992,,0
ORD005203,,0
ORD029073,,0
ORD053727,,0
ORD028715,,0
ORD033414,,0
ORD048094,,0
ORD011921,,0
ORD040316,,0
ORD025579,,0
ORD027451,,0
ORD010564,,0
ORD044983,,0
ORD013222,,0
ORD025814,,0
ORD024060,,0
ORD004263,toll_inflation,1
ORD013088,,0
ORD006059,,0
ORD035811,,0
ORD034342,,0
ORD038640,,0
ORD040680,,0
ORD000324,,0
ORD005632,,0
ORD028170,,0
ORD041409,,0
ORD055565,,0
ORD020555,,0
ORD029962,,0
ORD031996,detention_padding,1
ORD000854,,0
ORD020226,,0
ORD000928,,0
ORD032472,,0
ORD020650,,0
ORD043525,,0
ORD038027,,0
ORD002473,,0
ORD035583,,0
ORD020146,,0
ORD015478,,0
ORD050712,,0
ORD052760,,0
ORD008389,toll_inflation,1
ORD016116,,0
ORD041189,,0
ORD000760,,0
ORD018281,,0
ORD008339,,0
ORD021523,,0
ORD022893,,0
ORD033131,,0
ORD020253,,0
ORD018350,,0
ORD035905,,0
ORD028353,,0
ORD036101,,0
ORD038197,,0
ORD026126,,0
ORD038824,,0
ORD007320,,0
ORD006966,,0
ORD016096,,0
ORD014739,toll_inflation,1
ORD041920,,0
ORD003051,,0
ORD010298,,0
ORD036039,,0
ORD040146,,0
ORD056535,,0
ORD002186,toll_inflation,1
ORD024004,,0
ORD017374,,0
ORD058299,,0
ORD040520,,0
ORD016151,,0
ORD057968,,0
ORD019837,,0
ORD018940,,0
ORD024097,,0
ORD013301,,0
ORD029153,,0
ORD018060,,0
ORD022759,,0
ORD000059,,0
ORD015336,,0
ORD012090,,0
ORD042561,,0
ORD036590,,0
ORD040254,,0
ORD047597,,0
ORD020524,toll_inflation,1
ORD004010,,0
ORD008111,,0
ORD050097,,0
ORD022980,,0
ORD039126,weight_discrepancy,1
ORD029343,,0
ORD057691,,0
ORD002554,,0
ORD032120,,0
ORD008979,,0
ORD017133,,0
ORD032019,,0
ORD004643,,0
ORD033250,,0
ORD044467,,0
ORD021890,,0
ORD022932,,0
ORD003968,,0
ORD027190,,0
ORD014225,,0
ORD000458,,0
ORD049309,,0
ORD054097,,0
ORD007095,,0
ORD045059,,0
ORD035155,,0
ORD054988,,0
ORD019639,,0
ORD039302,,0
ORD045066,,0
ORD051191,,0
ORD019611,,0
ORD054205,,0
ORD024278,,0
ORD042142,,0
ORD031621,toll_inflation,1
ORD025740,,0
ORD026563,detention_padding,1
ORD033682,,0
ORD028819,detention_padding,1
ORD011599,,0
ORD042299,,0
ORD030166,,0
ORD049088,,0
ORD033361,,0
ORD056874,,0
ORD055082,,0
ORD006420,,0
ORD051598,,0
ORD043490,,0
ORD053910,,0
ORD008014,,0
ORD054901,,0
ORD042382,,0
ORD007412,,0
ORD053215,,0
ORD001478,,0
ORD010756,,0
ORD054610,weight_discrepancy,1
ORD057785,,0
ORD009538,,0
ORD051599,,0
ORD042881,,0
ORD012561,,0
ORD030637,,0
ORD055276,,0
ORD038842,,0
ORD011026,,0
ORD030046,,0
ORD052594,,0
ORD009466,,0
ORD034862,,0
ORD032577,,0
ORD052686,,0
ORD007204,,0
ORD037301,,0
ORD049202,,0
ORD052626,,0
ORD050907,,0
ORD052570,,0
ORD050282,,0
ORD033427,,0
ORD031329,,0
ORD012366,,0
ORD035849,,0
ORD032874,,0
ORD053088,,0
ORD038508,,0
ORD011583,,0
ORD012230,,0
ORD038020,,0
ORD059690,,0
ORD033316,,0
ORD022544,,0
ORD002776,toll_inflation,1
ORD059323,,0
ORD057212,,0
ORD010358,,0
ORD043624,,0
ORD037824,,0
ORD059780,,0
ORD034794,weight_discrepancy,1
ORD043067,,0
ORD039948,,0
ORD036475,,0
ORD057969,,0
ORD033640,,0
ORD006696,,0
ORD013618,,0
ORD040370,,0
ORD008735,,0
ORD032682,,0
ORD059955,,0
ORD003879,,0
ORD037875,,0
ORD018144,,0
ORD031842,,0
ORD045941,,0
ORD013596,,0
ORD051223,,0
ORD004045,,0
ORD054681,,0
ORD044297,,0
ORD018341,,0
ORD051783,,0
ORD059154,,0
ORD025906,,0
ORD020281,,0
ORD027784,,0
ORD008589,,0
ORD039928,,0
ORD051568,,0
ORD007399,,0
ORD035413,,0
ORD008056,,0
ORD027281,,0
ORD016751,,0
ORD012660,,0
ORD016688,,0
ORD031874,,0
ORD009180,,0
ORD051640,,0
ORD025329,,0
ORD007962,,0
ORD011329,,0
ORD008112,,0
ORD035433,,0
ORD031658,,0
ORD045436,,0
ORD023846,,0
ORD055783,,0
ORD029775,,0
ORD024240,,0
ORD023079,,0
ORD049449,,0
ORD038414,,0
ORD057497,,0
ORD023283,,0
ORD035817,,0
ORD055739,,0
ORD056831,,0
ORD057194,,0
ORD043453,,0
ORD036998,,0
ORD057048,,0
ORD024748,,0
ORD055285,,0
ORD055302,,0
ORD023377,,0
ORD009535,,0
ORD006515,,0
ORD032686,,0
ORD057302,,0
ORD051222,,0
ORD039730,,0
ORD044555,,0
ORD046306,,0
ORD057529,,0
ORD013193,,0
ORD009054,,0
ORD012936,,0
ORD020608,,0
ORD058725,,0
ORD035745,,0
ORD043493,weight_discrepancy,1
ORD036905,,0
ORD005813,,0
ORD034756,,0
ORD035064,,0
ORD022022,,0
ORD005971,,0
ORD053443,,0
ORD012623,,0
ORD053011,,0
ORD009390,,0
ORD052941,,0
ORD027155,,0
ORD035455,,0
ORD033314,,0
ORD018614,,0
ORD023122,,0
ORD021546,,0
ORD022190,,0
ORD042351,,0
ORD009301,,0
ORD048854,detention_padding,1
ORD053944,,0
ORD034874,,0
ORD057788,,0
ORD034005,,0
ORD001425,,0
ORD021044,,0
ORD054732,weight_discrepancy,1
ORD021169,,0
ORD041181,,0
ORD030296,,0
ORD015208,,0
ORD026647,detention_padding,1
ORD043337,,0
ORD031862,,0
ORD040194,,0
ORD010116,,0
ORD059180,,0
ORD003299,,0
ORD047962,,0
ORD051669,,0
ORD029227,,0
ORD050312,,0
ORD055108,,0
ORD058639,,0
ORD053477,,0
ORD003414,,0
ORD023672,,0
ORD036866,,0
ORD044765,,0
ORD009850,,0
ORD036624,,0
ORD050931,,0
ORD044970,,0
ORD006199,,0
ORD036877,,0
ORD053877,detention_padding,1
ORD046920,,0
ORD022191,,0
ORD022420,,0
ORD001808,,0
ORD041927,,0
ORD027733,,0
ORD048754,,0
ORD058821,,0
ORD005496,,0
ORD052614,,0
ORD030022,,0
ORD024120,,0
ORD019629,,0
ORD025264,,0
ORD012027,,0
ORD056898,,0
ORD021011,,0
ORD059346,,0
ORD043009,,0
ORD054650,weight_discrepancy,1
ORD041178,,0
ORD027699,,0
ORD040721,,0
ORD042088,,0
ORD034909,,0
ORD036557,,0
ORD034586,,0
ORD011319,,0
ORD002227,,0
ORD017354,,0
ORD058542,,0
ORD059260,,0
ORD022648,,0
ORD054518,,0
ORD031513,,0
ORD037832,,0
ORD015127,,0
ORD034717,,0
ORD023312,,0
ORD029414,,0
ORD049960,,0
ORD040313,toll_inflation,1
ORD043123,,0
ORD047032,,0
ORD036945,,0
ORD035323,,0
ORD038588,,0
ORD031419,,0
ORD031006,,0
ORD034361,,0
ORD051337,,0
ORD034210,,0
ORD034209,,0
ORD005533,,0
ORD023999,,0
ORD041234,,0
ORD014760,,0
ORD047402,,0
ORD016960,,0
ORD027579,,0
ORD009070,,0
ORD029907,,0
ORD036512,,0
ORD056663,,0
ORD021005,,0
ORD003447,,0
ORD000980,,0
ORD020867,,0
ORD053946,,0
ORD048903,,0
ORD050531,,0
ORD004654,,0
ORD039721,,0
ORD015026,,0
ORD036858,,0
ORD040985,,0
ORD021955,,0
ORD006574,,0
ORD038030,,0
ORD019218,,0
ORD026013,,0
ORD053013,,0
ORD031147,,0
ORD014498,,0
ORD058371,,0
ORD001675,,0
ORD015698,,0
ORD037526,,0
ORD040460,toll_inflation,1
ORD056721,,0
ORD026750,,0
ORD009469,,0
ORD039175,,0
ORD011706,,0
ORD014984,,0
ORD018848,,0
ORD051876,,0
ORD020401,,0
ORD038883,,0
ORD013603,,0
ORD010967,,0
ORD038340,,0
ORD053023,,0
ORD014851,,0
ORD042029,,0
ORD014431,,0
ORD039840,,0
ORD012084,,0
ORD038428,,0
ORD052238,toll_inflation,1
ORD057153,,0
ORD015987,,0
ORD015443,,0
ORD010851,,0
ORD056336,,0
ORD043583,,0
ORD036287,,0
ORD009906,,0
ORD036867,,0
ORD021339,,0
ORD022684,,0
ORD014882,,0
ORD050668,,0
ORD048510,,0
ORD042454,,0
ORD054722,detention_padding,1
ORD046476,,0
ORD000541,,0
ORD035134,,0
ORD033379,,0
ORD059861,,0
ORD036180,,0
ORD047100,,0
ORD033591,,0
ORD045424,,0
ORD059854,,0
ORD047462,,0
ORD036056,,0
ORD056592,,0
ORD033125,,0
ORD010920,,0
ORD046877,,0
ORD020796,,0
ORD040350,,0
ORD030769,,0
ORD000774,,0
ORD037639,,0
ORD034044,,0
ORD021992,,0
ORD000547,,0
ORD028667,,0
ORD049452,,0
ORD029265,,0
ORD025673,,0
ORD037321,,0
ORD011889,,0
ORD043358,,0
ORD024615,,0
ORD044678,,0
ORD038342,,0
ORD039088,,0
ORD050833,,0
ORD021177,,0
ORD038611,,0
ORD018601,,0
ORD040700,,0
ORD015300,,0
ORD001965,,0
ORD036375,detention_padding,1
ORD056048,,0
ORD052325,,0
ORD044602,,0
ORD000652,,0
ORD021495,,0
ORD043762,,0
ORD026163,,0
ORD048463,,0
ORD015540,,0
ORD054724,,0
ORD041994,,0
ORD028062,,0
ORD059219,,0
ORD059648,,0
ORD001895,,0
ORD041806,,0
ORD010566,,0
ORD056302,,0
ORD055266,toll_inflation,1
ORD020405,,0
ORD044920,,0
ORD018426,,0
ORD027165,,0
ORD037269,,0
ORD054259,,0
ORD012214,,0
ORD036825,,0
ORD051944,,0
ORD016120,,0
ORD009883,,0
ORD011833,,0
ORD018644,,0
ORD037913,,0
ORD019067,,0
ORD002289,,0
ORD015796,,0
ORD021383,,0
ORD013474,,0
ORD029144,,0
ORD024733,,0
ORD055977,,0
ORD052652,,0
ORD016601,,0
ORD007541,,0
ORD008757,weight_discrepancy,1
ORD001993,,0
ORD053678,,0
ORD002922,,0
ORD050654,,0
ORD056653,,0
ORD054635,,0
ORD010603,,0
ORD029470,,0
ORD019285,,0
ORD035208,,0
ORD048126,,0
ORD059502,,0
ORD057657,toll_inflation,1
ORD056378,,0
ORD012387,,0
ORD028851,,0
ORD007637,,0
ORD030461,,0
ORD008894,,0
ORD004852,,0
ORD046919,,0
ORD049516,,0
ORD021020,,0
ORD015560,,0
ORD041599,,0
ORD024878,,0
ORD051737,,0
ORD002190,,0
ORD000649,,0
ORD003831,,0
ORD030171,,0
ORD035919,,0
ORD054302,,0
ORD034213,,0
ORD030179,,0
ORD047486,,0
ORD055126,,0
ORD008427,,0
ORD059581,,0
ORD001396,,0
ORD055122,,0
ORD016423,,0
ORD018221,,0
ORD054304,,0
ORD009635,,0
ORD052674,,0
ORD042035,,0
ORD021173,,0
ORD024286,,0
ORD018283,,0
ORD050522,,0
ORD028098,,0
ORD024244,detention_padding,1
ORD000884,,0
ORD032883,toll_inflation,1
ORD019692,,0
ORD057534,,0
ORD051588,,0
ORD030538,,0
ORD010085,detention_padding,1
ORD029476,,0
ORD026161,,0
ORD056579,,0
ORD029769,,0
ORD010139,,0
ORD033178,,0
ORD012322,,0
ORD046377,,0
ORD043923,,0
ORD007293,toll_inflation,1
ORD012630,,0
ORD057352,,0
ORD022104,toll_inflation,1
ORD010032,,0
ORD026277,,0
ORD056586,,0
ORD041118,,0
ORD048249,,0
ORD007193,,0
ORD019062,,0
ORD054312,,0
ORD006349,,0
ORD042166,,0
ORD010979,,0
ORD029941,,0
ORD056818,,0
ORD032372,,0
ORD028674,,0
ORD008831,,0
ORD001053,,0
ORD049459,,0
ORD038363,,0
ORD010269,,0
ORD031816,,0
ORD044840,,0
ORD002606,,0
ORD017448,,0
ORD012153,toll_inflation,1
ORD011567,,0
ORD016796,weight_discrepancy,1
ORD016078,,0
ORD010620,,0
ORD024887,,0
ORD006345,,0
ORD020862,,0
ORD032690,,0
ORD002630,,0
ORD027193,,0
ORD039965,,0
ORD019010,,0
ORD039446,,0
ORD027088,,0
ORD022782,,0
ORD015421,,0
ORD059680,,0
ORD027320,,0
ORD022495,,0
ORD052133,,0
ORD037630,,0
ORD011496,,0
ORD010048,,0
ORD033084,,0
ORD050828,weight_discrepancy,1
ORD031386,,0
ORD050466,,0
ORD004835,,0
ORD022813,,0
ORD020425,,0
ORD024050,,0
ORD049274,,0
ORD041723,,0
ORD022662,,0
ORD047092,,0
ORD045803,,0
ORD002204,,0
ORD042691,,0
ORD029356,,0
ORD023434,,0
ORD017377,,0
ORD058519,,0
ORD016672,,0
ORD057766,,0
ORD007077,,0
ORD047864,,0
ORD041818,,0
ORD041692,,0
ORD033550,,0
ORD039684,,0
ORD033627,toll_inflation,1
ORD004232,,0
ORD033513,,0
ORD056932,weight_discrepancy,1
ORD017962,,0
ORD007528,,0
ORD040450,,0
ORD021126,,0
ORD006453,,0
ORD030212,,0
ORD026586,,0
ORD028724,,0
ORD035110,,0
ORD035289,,0
ORD046064,,0
ORD049358,,0
ORD040892,,0
ORD052343,,0
ORD003172,,0
ORD022123,,0
ORD025087,,0
ORD036130,,0
ORD018668,,0
ORD038955,,0
ORD034559,weight_discrepancy,1
ORD001553,,0
ORD026895,,0
ORD008898,,0
ORD035373,,0
ORD016531,toll_inflation,1
ORD046293,,0
ORD047126,,0
ORD009698,,0
ORD058382,,0
ORD033858,,0
ORD034505,,0
ORD034090,,0
ORD058608,,0
ORD026385,,0
ORD009261,,0
ORD039277,,0
ORD002788,,0
ORD002244,,0
ORD056280,,0
ORD006046,,0
ORD040292,,0
ORD004364,,0
ORD002345,,0
ORD051289,,0
ORD054127,,0
ORD004903,,0
ORD038736,,0
ORD023123,,0
ORD008772,,0
ORD030494,,0
ORD003324,,0
ORD057361,,0
ORD052575,,0
ORD034902,,0
ORD030594,,0
ORD041488,,0
ORD004989,,0
ORD048075,,0
ORD059014,,0
ORD024952,,0
ORD004916,,0
ORD048972,weight_discrepancy,1
ORD040210,,0
ORD013421,,0
ORD043873,,0
ORD033595,,0
ORD019188,,0
ORD043980,,0
ORD021888,,0
ORD050534,,0
ORD025870,toll_inflation,1
ORD033834,,0
ORD053033,,0
ORD042665,,0
ORD005355,,0
ORD050694,,0
ORD039182,,0
ORD002339,,0
ORD001451,,0
ORD031514,,0
ORD035929,,0
ORD054091,,0
ORD026136,,0
ORD000645,,0
ORD039537,,0
ORD018779,,0
ORD050107,,0
ORD057625,,0
ORD038396,,0
ORD052740,,0
ORD019521,,0
ORD038029,,0
ORD036687,,0
ORD029965,,0
ORD010405,,0
ORD017910,,0
ORD026549,,0
ORD008565,,0
ORD006644,,0
ORD053905,,0
ORD035159,,0
ORD020729,,0
ORD033886,,0
ORD039060,,0
ORD020636,,0
ORD054587,,0
ORD049884,,0
ORD017776,,0
ORD024973,,0
ORD040131,,0
ORD018901,,0
ORD037569,,0
ORD001349,,0
ORD018485,,0
ORD005693,,0
ORD030641,detention_padding,1
ORD007156,,0
ORD049499,,0
ORD020560,,0
ORD018249,,0
ORD044855,,0
ORD003342,,0
ORD023454,,0
ORD037957,,0
ORD019348,,0
ORD037002,,0
ORD046247,,0
ORD059104,weight_discrepancy,1
ORD009831,,0
ORD009993,,0
ORD008973,,0
ORD022501,,0
ORD014668,,0
ORD022044,,0
ORD009822,,0
ORD015746,,0
ORD038436,,0
ORD047814,,0
ORD004618,,0
ORD014616,,0
ORD016141,,0
ORD058391,,0
ORD059990,,0
ORD010543,detention_padding,1
ORD009378,,0
ORD000174,,0
ORD042615,,0
ORD035196,,0
ORD040789,,0
ORD053252,,0
ORD029790,,0
ORD039194,,0
ORD042544,detention_padding,1
ORD022188,,0
ORD004088,,0
ORD011362,,0
ORD058539,,0
ORD031843,,0
ORD020206,,0
ORD030459,,0
ORD051509,,0
ORD007610,,0
ORD040676,,0
ORD042713,,0
ORD030443,,0
ORD001881,,0
ORD056196,,0
ORD046441,,0
ORD003079,weight_discrepancy,1
ORD035444,toll_inflation,1
ORD047938,,0
ORD058965,,0
ORD018703,,0
ORD021538,,0
ORD053167,,0
ORD048369,,0
ORD047339,,0
ORD018855,,0
ORD043323,,0
ORD047127,,0
ORD018549,,0
ORD036286,,0
ORD039467,,0
ORD019388,,0
ORD059659,,0
ORD042484,,0
ORD025795,detention_padding,1
ORD016074,,0
ORD019202,,0
ORD009126,,0
ORD048957,,0
ORD007447,,0
ORD026728,,0
ORD005017,,0
ORD016799,,0
ORD032384,,0
ORD036549,,0
ORD048932,,0
ORD052615,,0
ORD016682,detention_padding,1
ORD006229,,0
ORD016756,,0
ORD020023,,0
ORD056641,,0
ORD029634,,0
ORD033575,,0
ORD036100,,0
ORD003847,,0
ORD019396,,0
ORD024155,,0
ORD053251,,0
ORD009520,,0
ORD043930,,0
ORD056790,,0
ORD052659,,0
ORD013002,,0
ORD046415,,0
ORD012130,,0
ORD037402,,0
ORD054708,,0
ORD026567,,0
ORD054488,,0
ORD034041,,0
ORD033047,,0
ORD001980,,0
ORD050855,,0
ORD006556,,0
ORD003484,,0
ORD057503,,0
ORD016404,,0
ORD004331,,0
ORD050388,,0
ORD028880,,0
ORD006540,,0
ORD036622,,0
ORD011597,,0
ORD020652,,0
ORD040391,,0
ORD011273,,0
ORD001859,,0
ORD050156,,0
ORD024736,,0
ORD043639,,0
ORD007994,,0
ORD031220,,0
ORD043897,,0
ORD000595,,0
ORD018975,,0
ORD026191,,0
ORD059485,,0
ORD003412,,0
ORD044542,,0
ORD005428,,0
ORD047947,,0
ORD035866,,0
ORD049286,,0
ORD059889,,0
ORD009434,,0
ORD001049,weight_discrepancy,1
ORD029018,detention_padding,1
ORD000540,,0
ORD018755,,0
ORD018790,,0
ORD038105,,0
ORD059263,,0
ORD026295,,0
ORD017100,weight_discrepancy,1
ORD025045,,0
ORD014858,,0
ORD013053,,0
ORD050496,,0
ORD042285,,0
ORD000954,,0
ORD053538,,0
ORD001898,weight_discrepancy,1
ORD040257,,0
ORD052730,,0
ORD044087,,0
ORD006358,,0
ORD025485,,0
ORD010489,,0
ORD009628,,0
ORD039248,,0
ORD013045,,0
ORD057115,,0
ORD037314,,0
ORD004803,,0
ORD034773,,0
ORD008585,,0
ORD012434,,0
ORD029038,,0
ORD046277,,0
ORD055785,,0
ORD057095,,0
ORD017597,,0
ORD051594,,0
ORD029512,,0
ORD055321,,0
ORD026217,,0
ORD001326,,0
ORD050843,,0
ORD035550,,0
ORD053592,,0
ORD033722,,0
ORD049409,,0
ORD047714,,0
ORD009468,,0
ORD037615,,0
ORD038049,,0
ORD032474,,0
ORD045228,,0
ORD002637,,0
ORD034977,,0
ORD004765,detention_padding,1
ORD033174,,0
ORD000410,,0
ORD020772,,0
ORD020500,,0
ORD031469,,0
ORD015904,,0
ORD056091,,0
ORD039591,,0
ORD048540,,0
ORD027739,,0
ORD042596,,0
ORD024181,,0
ORD013705,,0
ORD037013,,0
ORD024202,,0
ORD007666,,0
ORD018449,,0
ORD002310,,0
ORD030865,,0
ORD055341,,0
ORD018401,,0
ORD039230,,0
ORD039241,toll_inflation,1
ORD018058,,0
ORD029646,,0
ORD039220,,0
ORD029958,,0
ORD021109,,0
ORD022605,,0
ORD035015,,0
ORD050288,,0
ORD018134,,0
ORD038643,,0
ORD001817,,0
ORD021998,,0
ORD007549,,0
ORD012806,,0
ORD028920,,0
ORD039266,,0
ORD053599,,0
ORD002491,,0
ORD007274,,0
ORD030635,,0
ORD048863,,0
ORD031741,,0
ORD057685,,0
ORD046955,,0
ORD038251,,0
ORD033852,,0
ORD028279,,0
ORD053096,weight_discrepancy,1
ORD034510,,0
ORD025899,,0
ORD053030,,0
ORD055758,,0
ORD057927,,0
ORD024272,,0
ORD049216,,0
ORD034531,,0
ORD024361,,0
ORD031951,,0
ORD000776,,0
ORD020457,,0
ORD040228,,0
ORD000931,,0
ORD037364,,0
ORD043855,,0
ORD058026,,0
ORD046584,,0
ORD024008,,0
ORD045645,,0
ORD004346,,0
ORD000888,,0
ORD023832,,0
ORD056207,,0
ORD016434,,0
ORD048639,,0
ORD040135,,0
ORD009499,,0
ORD050392,,0
ORD020626,,0
ORD044084,,0
ORD003509,detention_padding,1
ORD004096,,0
ORD045526,,0
ORD040729,,0
ORD030696,toll_inflation,1
ORD040473,,0
ORD006563,,0
ORD011981,,0
ORD012459,,0
ORD037572,toll_inflation,1
ORD010656,,0
ORD039728,,0
ORD045771,,0
ORD053669,,0
ORD032192,,0
ORD046357,toll_inflation,1
ORD005055,,0
ORD001061,,0
ORD057800,,0
ORD024764,,0
ORD044549,,0
ORD006365,,0
ORD038371,,0
ORD041919,,0
ORD044280,,0
ORD015323,,0
ORD002044,,0
ORD037702,,0
ORD058028,,0
ORD051542,,0
ORD001460,,0
ORD003098,,0
ORD022411,,0
ORD023212,,0
ORD013849,,0
ORD027087,,0
ORD027097,,0
ORD046136,,0
ORD026520,,0
ORD018385,,0
ORD015493,,0
ORD027605,,0
ORD031679,,0
ORD027533,,0
ORD025690,,0
ORD053556,,0
ORD057618,,0
ORD030463,,0
ORD008394,,0
ORD051344,,0
ORD018110,,0
ORD040245,,0
ORD021268,,0
ORD007207,,0
ORD028850,,0
ORD057239,,0
ORD041050,,0
ORD035661,,0
ORD002184,,0
ORD029596,,0
ORD035716,,0
ORD037133,,0
ORD028829,,0
ORD043325,,0
ORD021480,,0
ORD019319,,0
ORD032126,,0
ORD028451,,0
ORD057564,,0
ORD051697,,0
ORD049219,,0
ORD054041,,0
ORD049143,,0
ORD036665,,0
ORD013426,,0
ORD034697,,0
ORD038108,,0
ORD008861,,0
ORD025012,,0
ORD038227,,0
ORD049399,,0
ORD016652,,0
ORD025461,,0
ORD058422,,0
ORD004742,,0
ORD027610,,0
ORD042904,,0
ORD055691,,0
ORD038475,,0
ORD036378,,0
ORD053191,weight_discrepancy,1
ORD015182,,0
ORD003852,,0
ORD053329,,0
ORD014038,,0
ORD038291,,0
ORD023876,,0
ORD059347,,0
ORD030997,,0
ORD039298,,0
ORD007818,,0
ORD030791,,0
ORD025999,,0
ORD004197,,0
ORD025333,,0
ORD011236,,0
ORD017578,,0
ORD045547,,0
ORD043371,,0
ORD051267,,0
ORD049995,,0
ORD049048,,0
ORD000606,,0
ORD008540,,0
ORD000882,,0
ORD017915,,0
ORD021029,,0
ORD052156,,0
ORD051048,,0
ORD052272,,0
ORD011716,,0
ORD033266,,0
ORD059474,,0
ORD052403,toll_inflation,1
ORD032205,,0
ORD045214,toll_inflation,1
ORD025173,,0
ORD058478,,0
ORD056649,,0
ORD003894,,0
ORD010364,,0
ORD011326,,0
ORD047201,,0
ORD009865,,0
ORD056843,,0
ORD055097,,0
ORD003050,,0
ORD009513,,0
ORD025557,,0
ORD017944,,0
ORD007750,weight_discrepancy,1
ORD010919,,0
ORD030675,,0
ORD050485,,0
ORD036994,,0
ORD006534,,0
ORD058854,,0
ORD024242,,0
ORD030987,,0
ORD048061,,0
ORD046474,,0
ORD049401,,0
ORD028961,,0
ORD005823,,0
ORD049413,,0
ORD010587,detention_padding,1
ORD019362,,0
ORD011261,,0
ORD042678,,0
ORD043902,weight_discrepancy,1
ORD033660,,0
ORD014042,,0
ORD011542,,0
ORD013499,,0
ORD002356,,0
ORD057137,,0
ORD007521,,0
ORD053134,,0
ORD059725,,0
ORD035074,,0
ORD020161,,0
ORD040177,,0
ORD049594,,0
ORD025753,,0
ORD020350,,0
ORD038427,detention_padding,1
ORD033158,,0
ORD050576,,0
ORD038317,,0
ORD000409,,0
ORD016230,,0
ORD053295,,0
ORD039705,,0
ORD049640,,0
ORD029635,,0
ORD011989,,0
ORD028310,,0
ORD055002,,0
ORD018242,,0
ORD029519,,0
ORD026800,,0
ORD043361,,0
ORD059075,,0
ORD033259,,0
ORD014460,,0
ORD028635,,0
ORD005202,,0
ORD039145,,0
ORD024681,,0
ORD042682,,0
ORD031601,,0
ORD055234,,0
ORD013038,,0
ORD014014,,0
ORD019086,,0
ORD053387,,0
ORD056429,,0
ORD056580,,0
ORD002769,,0
ORD014489,,0
ORD034837,,0
ORD013871,,0
ORD020861,,0
ORD051657,,0
ORD044521,,0
ORD031403,,0
ORD028105,,0
ORD018872,,0
ORD006576,,0
ORD048069,,0
ORD026056,,0
ORD027036,,0
ORD037102,,0
ORD053276,,0
ORD026704,,0
ORD048363,,0
ORD014465,,0
ORD053501,,0
ORD038815,,0
ORD053793,,0
ORD026358,,0
ORD022346,,0
ORD029722,,0
ORD010205,,0
ORD033729,,0
ORD019228,,0
ORD054187,,0
ORD030124,,0
ORD024778,,0
ORD030012,,0
ORD037911,,0
ORD016770,,0
ORD028553,,0
ORD021097,detention_padding,1
ORD052563,,0
ORD047457,,0
ORD020590,,0
ORD000203,,0
ORD043093,,0
ORD040832,,0
ORD000254,,0
ORD056850,,0
ORD054839,,0
ORD028103,,0
ORD032013,,0
ORD002626,,0
ORD044916,,0
ORD036861,,0
ORD009552,,0
ORD022513,,0
ORD031137,,0
ORD059995,toll_inflation,1
ORD018749,,0
ORD000769,,0
ORD002061,,0
ORD011046,,0
ORD007531,,0
ORD057407,,0
ORD036065,,0
ORD003489,,0
ORD000850,,0
ORD038950,,0
ORD013112,,0
ORD043482,,0
ORD020548,detention_padding,1
ORD031813,,0
ORD018671,,0
ORD056210,,0
ORD039939,,0
ORD014006,,0
ORD010727,,0
ORD051842,,0
ORD053149,,0
ORD043033,weight_discrepancy,1
ORD013724,,0
ORD050475,,0
ORD029868,,0
ORD055146,,0
ORD029877,,0
ORD000609,toll_inflation,1
ORD046755,,0
ORD019599,,0
ORD014572,,0
ORD021621,,0
ORD013843,,0
ORD016788,,0
ORD037231,,0
ORD017076,,0
ORD043020,,0
ORD056023,,0
ORD055142,,0
ORD017304,,0
ORD032276,,0
ORD059555,,0
ORD007220,,0
ORD024502,,0
ORD004759,,0
ORD006064,,0
ORD004943,,0
ORD000008,,0
ORD022350,,0
ORD004963,,0
ORD036035,,0
ORD040587,weight_discrepancy,1
ORD047818,,0
ORD057773,,0
ORD023543,,0
ORD054593,,0
ORD058505,,0
ORD022569,,0
ORD043562,,0
ORD024042,,0
ORD024569,,0
ORD044131,,0
ORD041962,,0
ORD042539,,0
ORD026157,,0
ORD026838,,0
ORD005721,,0
ORD048177,,0
ORD026121,,0
ORD048203,,0
ORD056995,,0
ORD045455,,0
ORD000192,,0
ORD059729,,0
ORD041284,,0
ORD002572,,0
ORD009851,,0
ORD053124,,0
ORD027279,,0
ORD042835,,0
ORD044992,,0
ORD016346,,0
ORD021264,,0
ORD033114,,0
ORD010023,,0
ORD035601,,0
ORD050596,,0
ORD002811,,0
ORD020622,,0
ORD051516,,0
ORD001599,,0
ORD024142,,0
ORD051457,,0
ORD018490,,0
ORD044828,,0
ORD023711,,0
ORD054480,,0
ORD003285,,0
ORD031904,,0
ORD030747,,0
ORD039801,,0
ORD023003,,0
ORD008726,,0
ORD040344,,0
ORD008783,,0
ORD024910,,0
ORD052302,,0
ORD056039,,0
ORD020058,,0
ORD055987,,0
ORD002937,,0
ORD032179,,0
ORD002033,detention_padding,1
ORD048739,,0
ORD002766,,0
ORD017582,,0
ORD044781,,0
ORD059067,weight_discrepancy,1
ORD006600,,0
ORD026856,,0
ORD058113,,0
ORD053744,,0
ORD021824,,0
ORD018238,,0
ORD009994,,0
ORD006213,,0
ORD020035,,0
ORD000865,,0
ORD013824,,0
ORD022939,,0
ORD029300,,0
ORD044056,,0
ORD032522,,0
ORD030969,,0
ORD020075,weight_discrepancy,1
ORD054378,,0
ORD056709,,0
ORD048162,,0
ORD054543,,0
ORD048565,,0
ORD054017,,0
ORD022070,,0
ORD025844,,0
ORD012045,,0
ORD023556,,0
ORD006594,,0
ORD035244,,0
ORD005807,,0
ORD019822,,0
ORD036427,,0
ORD001204,toll_inflation,1
ORD008596,,0
ORD054824,,0
ORD014136,,0
ORD024633,,0
ORD052090,,0
ORD009625,,0
ORD059342,,0
ORD046852,,0
ORD043896,,0
ORD059879,,0
ORD054243,,0
ORD046144,,0
ORD010280,detention_padding,1
ORD044706,,0
ORD053408,,0
ORD055113,,0
ORD011770,,0
ORD047104,,0
ORD002351,,0
ORD029801,,0
ORD036251,,0
ORD043179,,0
ORD032208,,0
ORD036517,,0
ORD034598,,0
ORD058426,,0
ORD051610,,0
ORD047886,,0
ORD047623,,0
ORD055243,,0
ORD045833,,0
ORD045026,,0
ORD002951,,0
ORD008474,,0
ORD035699,,0
ORD034736,,0
ORD000205,,0
ORD009075,,0
ORD020437,,0
ORD009306,,0
ORD040192,,0
ORD025802,,0
ORD023984,,0
ORD041510,detention_padding,1
ORD022870,,0
ORD026675,detention_padding,1
ORD028932,,0
ORD015829,,0
ORD017661,,0
ORD035243,,0
ORD013719,,0
ORD050721,,0
ORD044971,,0
ORD040011,,0
ORD027793,,0
ORD042434,,0
ORD010740,,0
ORD049055,,0
ORD054432,,0
ORD039586,,0
ORD001423,,0
ORD048828,,0
ORD050859,,0
ORD016858,,0
ORD016883,,0
ORD048101,,0
ORD004735,,0
ORD030115,,0
ORD031421,,0
ORD037697,,0
ORD035430,,0
ORD054665,,0
ORD045546,,0
ORD035227,,0
ORD042313,,0
ORD053217,toll_inflation,1
ORD001561,,0
ORD044589,,0
ORD009125,,0
ORD045689,,0
ORD017145,,0
ORD004975,weight_discrepancy,1
ORD025448,,0
ORD009419,,0
ORD000956,,0
ORD004792,,0
ORD013635,,0
ORD002631,,0
ORD027641,weight_discrepancy,1
ORD055263,,0
ORD004898,,0
ORD001988,,0
ORD046572,,0
ORD032568,,0
ORD025169,,0
ORD058355,,0
ORD052667,,0
ORD040510,,0
ORD027971,,0
ORD047644,,0
ORD027895,,0
ORD039606,,0
ORD033848,weight_discrepancy,1
ORD021909,,0
ORD032645,,0
ORD032215,,0
ORD045077,,0
ORD000477,,0
ORD044351,,0
ORD033046,,0
ORD018017,,0
ORD031781,,0
ORD018725,,0
ORD050213,,0
ORD010260,,0
ORD058254,,0
ORD024345,,0
ORD015200,,0
ORD044440,,0
ORD028316,,0
ORD059254,,0
ORD041532,,0
ORD049240,,0
ORD021357,,0
ORD058047,,0
ORD010697,,0
ORD008104,,0
ORD000491,,0
ORD018633,,0
ORD039507,,0
ORD059692,,0
ORD021596,,0
ORD056565,,0
ORD022336,,0
ORD028142,,0
ORD054706,,0
ORD035182,,0
ORD007995,,0
ORD035075,,0
ORD024725,,0
ORD030862,,0
ORD027076,,0
ORD015598,,0
ORD058851,,0
ORD055195,,0
ORD005779,,0
ORD015485,,0
ORD018963,,0
ORD033446,,0
ORD010908,,0
ORD004375,,0
ORD014919,,0
ORD035722,,0
ORD033911,,0
ORD020129,,0
ORD058696,,0
ORD008023,detention_padding,1
ORD044358,,0
ORD034442,,0
ORD053734,,0
ORD026474,,0
ORD013608,,0
ORD009101,,0
ORD057042,,0
ORD034944,,0
ORD042291,,0
ORD000359,,0
ORD046490,,0
ORD026378,,0
ORD009403,,0
ORD052751,,0
ORD050601,toll_inflation,1
ORD032881,,0
ORD058880,,0
ORD036914,,0
ORD019457,toll_inflation,1
ORD024298,,0
ORD020799,,0
ORD002666,,0
ORD035223,,0
ORD041836,,0
ORD035504,,0
ORD003336,,0
ORD017384,,0
ORD045013,,0
ORD005658,,0
ORD037388,,0
ORD014281,,0
ORD007532,,0
ORD045387,,0
ORD047932,,0
ORD016999,,0
ORD008212,,0
ORD049578,,0
ORD055667,,0
ORD002147,,0
ORD059983,,0
ORD013637,,0
ORD035976,,0
ORD052173,,0
ORD003111,,0
ORD034721,,0
ORD005869,,0
ORD050947,,0
ORD019044,,0
ORD011735,,0
ORD001622,,0
ORD000314,,0
ORD039910,,0
ORD007943,,0
ORD012863,,0
ORD042583,,0
ORD046855,,0
ORD034429,,0
ORD046407,,0
ORD028346,,0
ORD028515,,0
ORD039913,,0
ORD011050,,0
ORD051483,,0
ORD052554,,0
ORD023768,,0
ORD018383,,0
ORD008045,,0
ORD043114,detention_padding,1
ORD020204,,0
ORD036028,,0
ORD044707,,0
ORD031585,,0
ORD000449,,0
ORD022357,,0
ORD058155,,0
ORD035181,,0
ORD056955,,0
ORD015394,,0
ORD041734,,0
ORD011456,,0
ORD040168,,0
ORD023008,,0
ORD039438,,0
ORD025480,,0
ORD029324,,0
ORD043511,,0
ORD056821,,0
ORD046725,,0
ORD034255,,0
ORD058406,,0
ORD053876,,0
ORD002235,,0
ORD032777,,0
ORD015802,,0
ORD023033,,0
ORD002375,,0
ORD058237,,0
ORD006968,detention_padding,1
ORD034776,,0
ORD015679,,0
ORD025828,,0
ORD029454,,0
ORD056885,,0
ORD055882,,0
ORD057154,,0
ORD029423,,0
ORD048223,,0
ORD010658,,0
ORD021295,,0
ORD007588,,0
ORD059167,,0
ORD058339,,0
ORD056025,,0
ORD024626,,0
ORD026751,,0
ORD051897,,0
ORD026090,,0
ORD014229,,0
ORD005114,,0
ORD056880,,0
ORD028750,,0
ORD007656,,0
ORD043280,,0
ORD058327,toll_inflation,1
ORD054668,,0
ORD048064,,0
ORD015977,,0
ORD030049,detention_padding,1
ORD017732,,0
ORD038713,,0
ORD011081,,0
ORD050670,,0
ORD007645,,0
ORD021352,,0
ORD036277,,0
ORD044062,,0
ORD025136,,0
ORD006123,,0
ORD046800,,0
ORD010114,weight_discrepancy,1
ORD038288,,0
ORD022459,,0
ORD007913,,0
ORD059190,,0
ORD019117,,0
ORD019108,,0
ORD021595,,0
ORD027791,,0
ORD024032,,0
ORD027786,,0
ORD043860,,0
ORD046189,,0
ORD042718,,0
ORD030999,,0
ORD006395,,0
ORD059172,weight_discrepancy,1
ORD052761,,0
ORD036360,,0
ORD007069,,0
ORD035894,,0
ORD022993,,0
ORD016930,,0
ORD000279,,0
ORD057582,,0
ORD014640,,0
ORD010646,,0
ORD050579,,0
ORD000275,,0
ORD023866,,0
ORD059252,,0
ORD056401,,0
ORD049939,,0
ORD030788,,0
ORD051550,,0
ORD018310,,0
ORD056184,,0
ORD030044,,0
ORD021272,,0
ORD018847,,0
ORD021521,,0
ORD042483,,0
ORD025969,,0
ORD008206,toll_inflation,1
ORD024063,,0
ORD042828,,0
ORD003266,,0
ORD034998,detention_padding,1
ORD037283,,0
ORD008366,,0
ORD030863,,0
ORD018890,,0
ORD001265,,0
ORD040597,,0
ORD008012,,0
ORD040509,,0
ORD007266,,0
ORD009342,,0
ORD002076,,0
ORD030503,,0
ORD038107,,0
ORD002710,,0
ORD007464,,0
ORD007516,,0
ORD056848,,0
ORD005889,,0
ORD041569,,0
ORD034566,,0
ORD013455,,0
ORD050816,,0
ORD041823,,0
ORD000849,,0
ORD003599,,0
ORD010501,,0
ORD012451,,0
ORD058681,,0
ORD028129,,0
ORD027745,,0
ORD040021,,0
ORD055673,,0
ORD053748,,0
ORD020298,detention_padding,1
ORD043284,toll_inflation,1
ORD057107,,0
ORD040754,,0
ORD000290,,0
ORD034143,,0
ORD054340,detention_padding,1
ORD023190,,0
ORD037112,,0
ORD027821,,0
ORD020071,,0
ORD050183,toll_inflation,1
ORD009021,,0
ORD037914,,0
ORD016128,,0
ORD019368,,0
ORD046578,,0
ORD039869,,0
ORD054974,,0
ORD034948,,0
ORD056999,,0
ORD049291,,0
ORD027815,,0
ORD050174,,0
ORD033328,,0
ORD049797,,0
ORD011383,,0
ORD023020,,0
ORD054651,,0
ORD035570,,0
ORD012489,,0
ORD057504,,0
ORD011788,,0
ORD057834,toll_inflation,1
ORD013117,,0
ORD044841,,0
ORD018584,,0
ORD059047,,0
ORD047427,,0
ORD015133,,0
ORD055520,,0
ORD008700,,0
ORD012321,,0
ORD017805,,0
ORD022726,,0
ORD017761,,0
ORD050746,,0
ORD058652,,0
ORD055684,,0
ORD019645,,0
ORD019654,,0
ORD011371,,0
ORD004159,,0
ORD045407,,0
ORD032854,,0
ORD017720,weight_discrepancy,1
ORD048974,detention_padding,1
ORD026066,weight_discrepancy,1
ORD057603,,0
ORD054003,,0
ORD057653,,0
ORD054357,,0
ORD005367,toll_inflation,1
ORD025393,,0
ORD029719,,0
ORD037087,,0
ORD001323,,0
ORD058711,,0
ORD005863,,0
ORD024054,,0
ORD048710,,0
ORD046487,,0
ORD014536,,0
ORD018991,,0
ORD027085,,0
ORD013532,,0
ORD053668,,0
ORD013012,,0
ORD058074,,0
ORD031960,,0
ORD049726,,0
ORD010414,,0
ORD021703,,0
ORD015468,,0
ORD034650,,0
ORD029146,,0
ORD027573,,0
ORD005723,,0
ORD041965,,0
ORD015662,,0
ORD039967,,0
ORD013680,,0
ORD037054,,0
ORD012688,,0
ORD013462,,0
ORD046722,,0
ORD019561,weight_discrepancy,1
ORD017330,,0
ORD059507,,0
ORD059282,,0
ORD029485,,0
ORD008970,,0
ORD027673,,0
ORD038723,,0
ORD040613,,0
ORD054801,,0
ORD048836,,0
ORD047671,,0
ORD017604,,0
ORD041871,,0
ORD031593,,0
ORD054729,,0
ORD040514,,0
ORD048387,,0
ORD004669,,0
ORD000107,,0
ORD053992,weight_discrepancy,1
ORD032981,,0
ORD028337,toll_inflation,1
ORD034048,,0
ORD048168,,0
ORD045649,,0
ORD048430,weight_discrepancy,1
ORD017443,,0
ORD049302,,0
ORD051641,,0
ORD027519,,0
ORD047918,,0
ORD027734,,0
ORD026432,,0
ORD011100,,0
ORD008279,,0
ORD045795,,0
ORD026907,weight_discrepancy,1
ORD013781,,0
ORD052647,,0
ORD033559,,0
ORD018380,,0
ORD002492,toll_inflation,1
ORD003054,,0
ORD046875,,0
ORD029455,,0
ORD049990,,0
ORD007182,detention_padding,1
ORD058614,,0
ORD020957,detention_padding,1
ORD007935,,0
ORD022087,,0
ORD037489,,0
ORD028714,,0
ORD029217,,0
ORD030087,,0
ORD043230,,0
ORD007620,,0
ORD044541,toll_inflation,1
ORD041473,,0
ORD054836,,0
ORD041120,,0
ORD021006,,0
ORD057059,,0
ORD036818,,0
ORD047813,weight_discrepancy,1
ORD036767,,0
ORD037993,weight_discrepancy,1
ORD003137,,0
ORD055662,,0
ORD006356,detention_padding,1
ORD021934,,0
ORD007130,,0
ORD014599,,0
ORD041527,,0
ORD056078,,0
ORD017383,,0
ORD006790,,0
ORD047992,,0
ORD050787,weight_discrepancy,1
ORD041273,,0
ORD010080,,0
ORD052869,,0
ORD053260,,0
ORD029154,,0
ORD017313,,0
ORD012627,,0
ORD006733,,0
ORD002218,,0
ORD025515,,0
ORD012940,,0
ORD045334,,0
ORD054177,,0
ORD030095,,0
ORD023203,,0
ORD005973,,0
ORD001040,,0
ORD004972,,0
ORD023847,,0
ORD031907,,0
ORD031248,,0
ORD008485,,0
ORD059191,,0
ORD032353,,0
ORD045353,,0
ORD020162,,0
ORD044139,,0
ORD008579,,0
ORD059268,,0
ORD047348,,0
ORD008749,,0
ORD015976,,0
ORD004768,,0
ORD016409,,0
ORD055951,,0
ORD022066,,0
ORD006845,,0
ORD036891,,0
ORD048115,,0
ORD037953,toll_inflation,1
ORD016328,,0
ORD053330,,0
ORD025619,,0
ORD057067,,0
ORD037640,,0
ORD004692,,0
ORD042464,toll_inflation,1
ORD020653,,0
ORD045819,detention_padding,1
ORD008784,,0
ORD054679,,0
ORD050842,,0
ORD024479,,0
ORD012717,,0
ORD000186,,0
ORD011074,,0
ORD058375,,0
ORD026638,,0
ORD033037,,0
ORD007539,,0
ORD056390,,0
ORD025925,,0
ORD049538,,0
ORD043331,,0
ORD016486,,0
ORD038189,,0
ORD051241,,0
ORD004977,,0
ORD021068,,0
ORD034418,,0
ORD041096,,0
ORD030017,,0
ORD006647,,0
ORD003820,,0
ORD014549,,0
ORD004528,,0
ORD030165,,0
ORD002360,,0
ORD051095,,0
ORD014605,,0
ORD003937,,0
ORD038311,,0
ORD056934,,0
ORD003023,,0
ORD022730,toll_inflation,1
ORD011073,,0
ORD035125,detention_padding,1
ORD030020,toll_inflation,1
ORD018260,,0
ORD003714,,0
ORD046327,,0
ORD026131,,0
ORD015426,,0
ORD007437,,0
ORD006302,,0
ORD047018,,0
ORD019532,,0
ORD048380,,0
ORD041452,,0
ORD009585,,0
ORD046680,,0
ORD057211,,0
ORD055556,,0
ORD012461,,0
ORD022794,,0
ORD000745,,0
ORD028556,,0
ORD035728,,0
ORD013868,,0
ORD039637,weight_discrepancy,1
ORD007315,,0
ORD030965,,0
ORD014425,,0
ORD042580,,0
ORD045152,,0
ORD053903,,0
ORD032349,,0
ORD037734,,0
ORD044978,,0
ORD021632,,0
ORD030831,,0
ORD008133,,0
ORD002352,,0
ORD041260,,0
ORD034463,,0
ORD045071,,0
ORD014516,,0
ORD038954,,0
ORD052484,,0
ORD057243,,0
ORD058063,,0
ORD018405,,0
ORD056285,,0
ORD031208,,0
ORD028747,,0
ORD026901,,0
ORD011924,,0
ORD036601,,0
ORD045627,,0
ORD044436,,0
ORD024107,,0
ORD043521,detention_padding,1
ORD017047,,0
ORD030811,,0
ORD032047,,0
ORD023463,,0
ORD050978,,0
ORD010652,,0
ORD057681,detention_padding,1
ORD059171,,0
ORD017328,,0
ORD038762,,0
ORD014503,,0
ORD008448,,0
ORD042771,,0
ORD048048,,0
ORD020081,,0
ORD053783,,0
ORD045671,,0
ORD022257,toll_inflation,1
ORD047841,,0
ORD058717,,0
ORD022755,,0
ORD014052,,0
ORD022151,toll_inflation,1
ORD005769,,0
ORD052646,,0
ORD045225,,0
ORD013122,,0
ORD043118,,0
ORD016204,,0
ORD058966,,0
ORD057368,,0
ORD019870,,0
ORD041948,,0
ORD059989,,0
ORD025559,,0
ORD046237,,0
ORD035307,,0
ORD021147,,0
ORD033353,weight_discrepancy,1
ORD031538,,0
ORD016356,,0
ORD049603,,0
ORD024811,,0
ORD057838,,0
ORD032900,,0
ORD004649,,0
ORD010808,,0
ORD051955,,0
ORD050738,,0
ORD057289,,0
ORD029083,,0
ORD004842,,0
ORD039101,,0
ORD017966,,0
ORD051210,,0
ORD044894,detention_padding,1
ORD017452,,0
ORD005060,,0
ORD036996,,0
ORD000918,,0
ORD040104,,0
ORD056820,,0
ORD056703,,0
ORD017009,,0
ORD055869,,0
ORD036558,,0
ORD040073,,0
ORD032217,,0
ORD027509,detention_padding,1
ORD056185,,0
ORD044737,,0
ORD017983,,0
ORD037203,,0
ORD045951,,0
ORD033574,,0
ORD018216,,0
ORD002191,,0
ORD021850,,0
ORD015425,,0
ORD044053,,0
ORD029752,,0
ORD005292,,0
ORD006710,,0
ORD004384,,0
ORD003193,,0
ORD056569,,0
ORD049239,,0
ORD000400,,0
ORD041621,,0
ORD056991,,0
ORD054483,,0
ORD003807,,0
ORD057507,,0
ORD045265,,0
ORD000476,,0
ORD018841,,0
ORD037352,,0
ORD051489,,0
ORD019123,,0
ORD000554,,0
ORD000180,,0
ORD018488,,0
ORD036592,,0
ORD022477,,0
ORD035331,,0
ORD011136,,0
ORD022441,,0
ORD010111,,0
ORD048612,,0
ORD027156,,0
ORD036734,,0
ORD013729,,0
ORD004239,,0
ORD032455,,0
ORD058599,,0
ORD026773,,0
ORD030417,,0
ORD036247,,0
ORD018827,,0
ORD002782,,0
ORD039428,,0
ORD024059,,0
ORD020434,,0
ORD034921,,0
ORD014304,,0
ORD021851,,0
ORD035368,,0
ORD050343,,0
ORD021829,,0
ORD058433,,0
ORD058240,,0
ORD033431,,0
ORD011250,,0
ORD005646,,0
ORD043450,toll_inflation,1
ORD009457,,0
ORD027210,,0
ORD012635,,0
ORD014023,,0
ORD045329,,0
ORD053189,toll_inflation,1
ORD053861,,0
ORD049148,,0
ORD043407,,0
ORD057198,,0
ORD051247,,0
ORD017618,detention_padding,1
ORD015212,,0
ORD044388,,0
ORD019418,,0
ORD045814,,0
ORD059950,,0
ORD019638,,0
ORD032638,,0
ORD001228,,0
ORD015296,,0
ORD059759,,0
ORD012902,,0
ORD015812,,0
ORD012268,,0
ORD058281,,0
ORD019723,,0
ORD026048,,0
ORD000949,,0
ORD014602,,0
ORD036768,,0
ORD019217,,0
ORD012534,,0
ORD011744,,0
ORD047396,,0
ORD056595,,0
ORD033677,,0
ORD005767,,0
ORD007186,,0
ORD042759,,0
ORD009074,,0
ORD015477,,0
ORD024600,weight_discrepancy,1
ORD030056,weight_discrepancy,1
ORD034871,,0
ORD013144,,0
ORD020086,,0
ORD006338,,0
ORD042770,,0
ORD041402,detention_padding,1
ORD041403,,0
ORD056505,,0
ORD029901,,0
ORD048616,,0
ORD025591,,0
ORD013653,,0
ORD020850,,0
ORD009532,,0
ORD052860,,0
ORD045733,,0
ORD051349,weight_discrepancy,1
ORD019352,,0
ORD041043,,0
ORD018292,,0
ORD026337,,0
ORD031631,detention_padding,1
ORD049609,,0
ORD008282,,0
ORD011154,,0
ORD042791,,0
ORD012678,,0
ORD014978,,0
ORD030967,,0
ORD009915,,0
ORD024484,,0
ORD021221,,0
ORD057160,toll_inflation,1
ORD020638,,0
ORD038790,,0
ORD016150,,0
ORD039200,,0
ORD059786,,0
ORD036446,,0
ORD054927,,0
ORD055251,,0
ORD015011,,0
ORD052595,,0
ORD000727,,0
ORD038228,,0
ORD055744,,0
ORD013556,,0
ORD015929,,0
ORD021048,,0
ORD043393,,0
ORD029452,,0
ORD042326,,0
ORD014726,,0
ORD050623,,0
ORD055719,,0
ORD057202,,0
ORD009348,weight_discrepancy,1
ORD052763,,0
ORD035027,,0
ORD050018,,0
ORD052767,,0
ORD036518,,0
ORD013821,,0
ORD028858,,0
ORD055197,,0
ORD042717,,0
ORD016572,,0
ORD027505,,0
ORD014836,,0
ORD009866,,0
ORD003803,,0
ORD045480,,0
ORD019007,,0
ORD018506,,0
ORD039802,,0
ORD047637,,0
ORD001982,,0
ORD018359,,0
ORD057351,,0
ORD042591,,0
ORD024628,,0
ORD016939,,0
ORD059150,,0
ORD017920,,0
ORD016957,,0
ORD044816,,0
ORD013006,detention_padding,1
ORD032149,,0
ORD028730,,0
ORD012213,,0
ORD001554,,0
ORD013036,,0
ORD018218,,0
ORD024739,,0
ORD023357,,0
ORD019889,,0
ORD028762,,0
ORD039334,,0
ORD012186,,0
ORD028166,,0
ORD055004,,0
ORD046315,,0
ORD001806,toll_inflation,1
ORD031117,,0
ORD049546,,0
ORD045963,,0
ORD042153,,0
ORD054624,,0
ORD031101,,0
ORD012181,,0
ORD001933,toll_inflation,1
ORD008809,,0
ORD031848,,0
ORD022323,,0
ORD055064,detention_padding,1
ORD054128,,0
ORD008446,,0
ORD002064,,0
ORD005521,,0
ORD016384,,0
ORD028485,,0
ORD042525,,0
ORD013027,,0
ORD021649,,0
ORD059153,,0
ORD039135,,0
ORD003090,,0
ORD020491,detention_padding,1
ORD002141,,0
ORD025663,,0
ORD057168,,0
ORD043785,,0
ORD012088,,0
ORD038305,,0
ORD022375,,0
ORD013678,,0
ORD026727,detention_padding,1
ORD031746,,0
ORD006205,,0
ORD004580,,0
ORD006074,,0
ORD010193,,0
ORD009654,,0
ORD031587,,0
ORD027425,,0
ORD054323,,0
ORD055623,,0
ORD032792,,0
ORD007691,,0
ORD044809,weight_discrepancy,1
ORD053331,,0
ORD043760,,0
ORD035911,,0
ORD055391,,0
ORD039264,,0
ORD013703,,0
ORD004926,,0
ORD019752,,0
ORD023313,,0
ORD050510,,0
ORD021652,,0
ORD056275,,0
ORD044210,,0
ORD038035,,0
ORD038945,,0
ORD022944,,0
ORD011446,,0
ORD050745,,0
ORD021013,,0
ORD016789,weight_discrepancy,1
ORD010031,,0
ORD038693,,0
ORD043027,,0
ORD028367,,0
ORD032557,,0
ORD032847,,0
ORD020675,,0
ORD029765,,0
ORD015597,,0
ORD039918,,0
ORD041663,,0
ORD056197,,0
ORD048962,,0
ORD008648,,0
ORD024836,,0
ORD041199,,0
ORD049865,,0
ORD024606,,0
ORD059032,,0
ORD037407,,0
ORD007049,,0
ORD048569,,0
ORD019786,,0
ORD039823,,0
ORD058530,,0
ORD016132,,0
ORD058492,,0
ORD005763,,0
ORD030982,,0
ORD003374,,0
ORD017826,,0
ORD018524,,0
ORD056589,,0
ORD039598,,0
ORD013818,,0
ORD037566,,0
ORD024424,,0
ORD055934,,0
ORD034610,,0
ORD014108,,0
ORD009240,,0
ORD045710,,0
ORD026795,,0
ORD023194,,0
ORD055000,,0
ORD030341,,0
ORD025406,,0
ORD049166,,0
ORD024409,,0
ORD038294,,0
ORD023766,,0
ORD000456,,0
ORD009322,,0
ORD049429,,0
ORD010790,,0
ORD023418,,0
ORD034368,,0
ORD058812,,0
ORD032481,,0
ORD037510,,0
ORD032077,,0
ORD001368,,0
ORD027827,toll_inflation,1
ORD041242,,0
ORD037191,weight_discrepancy,1
ORD046651,,0
ORD007665,,0
ORD009742,,0
ORD036161,,0
ORD033721,,0
ORD053343,,0
ORD004985,,0
ORD015968,,0
ORD033253,,0
ORD027828,,0
ORD058559,,0
ORD008342,,0
ORD031640,,0
ORD008332,,0
ORD050149,toll_inflation,1
ORD042659,,0
ORD011739,,0
ORD013841,,0
ORD014946,,0
ORD010221,,0
ORD046593,,0
ORD037143,,0
ORD053086,,0
ORD047846,,0
ORD006985,,0
ORD046093,,0
ORD014934,,0
ORD032008,,0
ORD024976,,0
ORD049532,,0
ORD026724,,0
ORD057757,,0
ORD051936,,0
ORD011162,,0
ORD027661,,0
ORD037008,,0
ORD001193,,0
ORD007409,,0
ORD048429,,0
ORD025521,,0
ORD003522,,0
ORD017989,,0
ORD019644,,0
ORD005288,,0
ORD036139,,0
ORD034129,,0
ORD048640,,0
ORD056557,,0
ORD054741,,0
ORD027031,,0
ORD032950,,0
ORD007347,,0
ORD052287,,0
ORD003330,,0
ORD003926,,0
ORD036898,,0
ORD059126,,0
ORD042734,,0
ORD025414,toll_inflation,1
ORD015221,,0
ORD025081,,0
ORD022930,,0
ORD037964,,0
ORD019378,,0
ORD005734,,0
ORD047820,,0
ORD039141,,0
ORD031636,,0
ORD000527,,0
ORD018564,,0
ORD044429,,0
ORD040872,,0
ORD049042,,0
ORD048424,,0
ORD000552,,0
ORD034198,,0
ORD008443,,0
ORD057997,,0
ORD037349,,0
ORD025911,,0
ORD012182,,0
ORD005382,,0
ORD037678,,0
ORD034049,,0
ORD009344,,0
ORD058581,,0
ORD018869,,0
ORD020930,,0
ORD028398,,0
ORD018731,,0
ORD025088,,0
ORD006493,,0
ORD026979,,0
ORD009251,,0
ORD048706,,0
ORD025620,,0
ORD038261,,0
ORD031396,,0
ORD023006,,0
ORD040041,,0
ORD055110,,0
ORD010996,,0
ORD012433,,0
ORD058417,,0
ORD043367,,0
ORD015840,,0
ORD025208,,0
ORD038253,,0
ORD059492,,0
ORD031181,,0
ORD038225,,0
ORD034710,,0
ORD014583,,0
ORD007260,,0
ORD034945,weight_discrepancy,1
ORD016270,,0
ORD014613,,0
ORD028948,,0
ORD003560,,0
ORD033612,,0
ORD045260,,0
ORD017751,,0
ORD016209,,0
ORD034799,,0
ORD021968,,0
ORD004292,,0
ORD031557,,0
ORD046614,,0
ORD014766,,0
ORD017286,,0
ORD046962,,0
ORD019459,,0
ORD051601,,0
ORD032462,,0
ORD056962,,0
ORD058898,weight_discrepancy,1
ORD038619,,0
ORD049346,,0
ORD028455,,0
ORD018739,,0
ORD006380,,0
ORD038559,,0
ORD018641,,0
ORD003487,,0
ORD001734,,0
ORD002016,,0
ORD030532,weight_discrepancy,1
ORD032903,detention_padding,1
ORD059794,detention_padding,1
ORD054939,,0
ORD044427,,0
ORD031919,,0
ORD009330,,0
ORD019258,,0
ORD023268,,0
ORD052561,,0
ORD032810,,0
ORD017463,,0
ORD054058,,0
ORD003913,,0
ORD000201,,0
ORD014216,,0
ORD000300,,0
ORD053195,,0
ORD013314,,0
ORD035809,,0
ORD012480,,0
ORD048711,,0
ORD044248,,0
ORD028566,detention_padding,1
ORD038891,,0
ORD035314,,0
ORD047221,,0
ORD033225,,0
ORD055514,,0
ORD046138,,0
ORD014834,,0
ORD026166,,0
ORD033340,,0
ORD003097,,0
ORD054894,,0
ORD000346,,0
ORD029817,,0
ORD043336,,0
ORD026168,,0
ORD016639,,0
ORD025025,,0
ORD047116,,0
ORD057926,,0
ORD050765,,0
ORD019133,,0
ORD028392,weight_discrepancy,1
ORD041869,,0
ORD052926,,0
ORD031435,,0
ORD054332,,0
ORD037616,,0
ORD058095,,0
ORD035255,weight_discrepancy,1
ORD031476,,0
ORD037644,,0
ORD057196,,0
ORD053007,,0
ORD041739,,0
ORD021671,,0
ORD006298,,0
ORD002972,,0
ORD000695,,0
ORD011318,,0
ORD039784,,0
ORD026529,,0
ORD029081,,0
ORD057758,,0
ORD013815,,0
ORD020633,,0
ORD026986,,0
ORD010292,,0
ORD008915,,0
ORD037125,,0
ORD031344,,0
ORD020655,,0
ORD034543,,0
ORD026374,,0
ORD000103,,0
ORD013453,,0
ORD008462,,0
ORD020742,,0
ORD054120,toll_inflation,1
ORD010802,,0
ORD010437,,0
ORD043471,toll_inflation,1
ORD014594,,0
ORD059803,,0
ORD054362,,0
ORD000120,,0
ORD045011,,0
ORD044484,,0
ORD036284,,0
ORD018797,,0
ORD057547,,0
ORD003863,,0
ORD033744,,0
ORD059279,,0
ORD023743,,0
ORD014871,,0
ORD010568,,0
ORD006005,,0
ORD056237,detention_padding,1
ORD030198,,0
ORD051189,,0
ORD018190,,0
ORD022908,,0
ORD000631,weight_discrepancy,1
ORD025399,toll_inflation,1
ORD057404,,0
ORD004472,,0
ORD013613,,0
ORD016332,,0
ORD008689,,0
ORD015599,,0
ORD022722,detention_padding,1
ORD000681,,0
ORD023624,,0
ORD032537,,0
ORD039251,,0
ORD004883,,0
ORD001959,,0
ORD032718,,0
ORD057331,,0
ORD043554,,0
ORD050976,,0
ORD016748,,0
ORD006764,,0
ORD009336,,0
ORD015008,,0
ORD042392,,0
ORD054287,,0
ORD043061,,0
ORD037610,,0
ORD015057,,0
ORD019407,,0
ORD052822,,0
ORD027495,,0
ORD028495,toll_inflation,1
ORD005815,,0
ORD029835,,0
ORD049334,,0
ORD018659,,0
ORD049590,,0
ORD016021,,0
ORD059961,,0
ORD007502,,0
ORD017495,,0
ORD051196,,0
ORD054602,,0
ORD022172,,0
ORD028889,,0
ORD047216,,0
ORD031169,,0
ORD012396,,0
ORD051067,,0
ORD047154,,0
ORD024033,,0
ORD041060,,0
ORD010640,,0
ORD011747,,0
ORD034329,,0
ORD052466,,0
ORD013492,,0
ORD029457,weight_discrepancy,1
ORD037453,,0
ORD008922,,0
ORD048861,,0
ORD016275,,0
ORD041147,,0
ORD001175,,0
ORD034336,,0
ORD051621,,0
ORD006719,,0
ORD059665,,0
ORD046007,,0
ORD004451,,0
ORD004548,,0
ORD018225,,0
ORD057472,,0
ORD029411,,0
ORD043712,,0
ORD009746,,0
ORD041344,,0
ORD028295,,0
ORD013316,,0
ORD027206,,0
ORD017949,,0
ORD004018,,0
ORD015430,,0
ORD042635,,0
ORD024703,,0
ORD021077,toll_inflation,1
ORD030871,,0
ORD044749,,0
ORD000507,,0
ORD001507,,0
ORD009693,,0
ORD022474,,0
ORD044435,,0
ORD015335,,0
ORD000741,,0
ORD052991,,0
ORD036753,,0
ORD006863,,0
ORD042172,,0
ORD022384,,0
ORD020526,,0
ORD002523,,0
ORD030580,,0
ORD025323,,0
ORD017016,,0
ORD032228,,0
ORD004355,,0
ORD026346,,0
ORD049405,,0
ORD014845,,0
ORD016856,,0
ORD022567,,0
ORD050206,,0
ORD051066,,0
ORD025291,,0
ORD046932,,0
ORD023128,,0
ORD038178,detention_padding,1
ORD030552,weight_discrepancy,1
ORD022210,,0
ORD047478,,0
ORD057082,weight_discrepancy,1
ORD035336,,0
ORD050767,,0
ORD043385,,0
ORD016058,,0
ORD041856,,0
ORD057710,,0
ORD007559,,0
ORD047271,,0
ORD017067,,0
ORD009720,,0
ORD045757,,0
ORD012345,,0
ORD035076,,0
ORD053537,,0
ORD029739,,0
ORD032829,,0
ORD047019,,0
ORD012273,,0
ORD017482,,0
ORD029398,,0
ORD038106,,0
ORD000379,,0
ORD009450,detention_padding,1
ORD037836,,0
ORD043169,,0
ORD030149,,0
ORD002414,,0
ORD057672,,0
ORD016203,detention_padding,1
ORD026045,,0
ORD018800,,0
ORD058513,,0
ORD000874,,0
ORD017284,toll_inflation,1
ORD033039,toll_inflation,1
ORD041795,,0
ORD012295,,0
ORD038986,,0
ORD013579,,0
ORD041395,,0
ORD011842,,0
ORD038844,,0
ORD012643,,0
ORD034808,,0
ORD052244,,0
ORD037950,,0
ORD018908,,0
ORD001500,,0
ORD037915,,0
ORD035308,,0
ORD051995,,0
ORD017938,,0
ORD017916,,0
ORD028137,,0
ORD005081,,0
ORD024930,,0
ORD017339,,0
ORD001121,,0
ORD032258,,0
ORD003402,,0
ORD025317,,0
ORD044392,,0
ORD015677,,0
ORD032835,toll_inflation,1
ORD025889,,0
ORD018919,detention_padding,1
ORD046181,,0
ORD019253,,0
ORD049116,,0
ORD036971,,0
ORD047066,,0
ORD022878,weight_discrepancy,1
ORD028702,,0
ORD029732,,0
ORD021644,,0
ORD049494,,0
ORD021581,,0
ORD021577,,0
ORD032843,,0
ORD043429,,0
ORD021194,weight_discrepancy,1
ORD020800,,0
ORD046463,,0
ORD040399,,0
ORD056704,,0
ORD041083,weight_discrepancy,1
ORD005410,,0
ORD024468,,0
ORD035460,,0
ORD057494,,0
ORD009804,,0
ORD049721,,0
ORD034962,,0
ORD038763,,0
ORD033700,,0
ORD048267,,0
ORD033495,,0
ORD015243,,0
ORD026821,,0
ORD053210,,0
ORD016839,,0
ORD025020,,0
ORD018589,,0
ORD052224,,0
ORD056835,,0
ORD013518,,0
ORD011304,,0
ORD016698,,0
ORD044301,,0
ORD022121,,0
ORD027891,,0
ORD052011,,0
ORD016969,,0
ORD009064,,0
ORD010560,,0
ORD021069,,0
ORD052464,,0
ORD056019,,0
ORD037905,,0
ORD004385,,0
ORD036850,,0
ORD040392,,0
ORD006869,,0
ORD035315,,0
ORD024669,,0
ORD003359,,0
ORD045875,,0
ORD055892,,0
ORD048031,,0
ORD027241,,0
ORD015574,,0
ORD033471,,0
ORD058778,,0
ORD034686,,0
ORD030626,,0
ORD054203,,0
ORD038011,,0
ORD000272,,0
ORD027582,,0
ORD033099,,0
ORD010040,,0
ORD024196,,0
ORD052871,,0
ORD009554,weight_discrepancy,1
ORD028149,,0
ORD005827,,0
ORD010783,,0
ORD025065,,0
ORD045785,,0
ORD032902,,0
ORD038764,,0
ORD017694,,0
ORD003422,,0
ORD041503,,0
ORD045866,,0
ORD044950,weight_discrepancy,1
ORD051018,,0
ORD017862,,0
ORD036046,,0
ORD027776,,0
ORD001404,,0
ORD028550,,0
ORD036644,,0
ORD028202,toll_inflation,1
ORD024539,,0
ORD001441,,0
ORD021060,,0
ORD031323,,0
ORD027172,,0
ORD030447,toll_inflation,1
ORD050985,detention_padding,1
ORD037748,,0
ORD057632,,0
ORD049324,,0
ORD035453,,0
ORD033554,,0
ORD057627,,0
ORD038744,,0
ORD026107,,0
ORD019770,,0
ORD053271,,0
ORD022861,,0
ORD033940,,0
ORD028676,,0
ORD001044,,0
ORD018027,detention_padding,1
ORD015748,,0
ORD058658,,0
ORD055839,,0
ORD033883,,0
ORD022313,,0
ORD022319,,0
ORD016339,,0
ORD045519,,0
ORD044624,,0
ORD027756,,0
ORD012493,,0
ORD002961,,0
ORD044987,,0
ORD029406,,0
ORD025043,,0
ORD015309,,0
ORD039041,,0
ORD055215,,0
ORD034899,,0
ORD027481,,0
ORD015170,,0
ORD015453,,0
ORD005080,,0
ORD019594,,0
ORD042987,,0
ORD008793,,0
ORD025952,,0
ORD011486,weight_discrepancy,1
ORD000616,weight_discrepancy,1
ORD050331,,0
ORD021931,,0
ORD012000,,0
ORD029640,,0
ORD058616,,0
ORD006404,,0
ORD029262,,0
ORD012957,,0
ORD047281,,0
ORD049343,,0
ORD058577,weight_discrepancy,1
ORD020373,,0
ORD020864,,0
ORD023655,,0
ORD022003,,0
ORD005699,,0
ORD050465,,0
ORD006716,,0
ORD021623,,0
ORD037122,,0
ORD032886,,0
ORD059217,,0
ORD001955,,0
ORD017765,,0
ORD052296,,0
ORD027957,,0
ORD009049,,0
ORD010271,,0
ORD032298,,0
ORD016452,,0
ORD032432,,0
ORD046276,,0
ORD011776,,0
ORD013189,,0
ORD049109,weight_discrepancy,1
ORD044448,,0
ORD011210,,0
ORD025270,,0
ORD051969,,0
ORD031046,,0
ORD030900,,0
ORD051391,,0
ORD030881,,0
ORD042559,,0
ORD053061,,0
ORD028252,,0
ORD034162,,0
ORD032933,,0
ORD017601,,0
ORD028071,,0
ORD002704,,0
ORD057006,,0
ORD059370,,0
ORD001120,detention_padding,1
ORD001119,,0
ORD023677,,0
ORD053633,,0
ORD015684,,0
ORD009073,,0
ORD053725,,0
ORD009236,,0
ORD055860,,0
ORD016373,toll_inflation,1
ORD013652,,0
ORD028827,,0
ORD006464,,0
ORD038382,,0
ORD004672,,0
ORD048693,,0
ORD047052,,0
ORD045702,,0
ORD039352,,0
ORD028256,,0
ORD008365,,0
ORD020767,,0
ORD020634,,0
ORD044305,,0
ORD030217,,0
ORD059248,,0
ORD001999,,0
ORD011638,,0
ORD018967,,0
ORD005471,,0
ORD001784,,0
ORD014028,,0
ORD007687,,0
ORD014741,weight_discrepancy,1
ORD043702,,0
ORD044699,,0
ORD001533,,0
ORD031717,detention_padding,1
ORD049444,,0
ORD056989,,0
ORD057515,,0
ORD042197,,0
ORD006069,,0
ORD031632,,0
ORD056842,,0
ORD023820,,0
ORD051879,,0
ORD050603,,0
ORD035906,,0
ORD005420,,0
ORD004042,detention_padding,1
ORD024213,,0
ORD057328,,0
ORD054685,,0
ORD049118,,0
ORD034614,,0
ORD027588,,0
ORD036895,,0
ORD047825,,0
ORD049573,,0
ORD058184,,0
ORD057512,,0
ORD057749,,0
ORD048174,,0
ORD005943,,0
ORD047502,,0
ORD014030,,0
ORD038940,,0
ORD051070,,0
ORD019785,,0
ORD030813,,0
ORD034180,,0
ORD054166,,0
ORD019296,,0
ORD056475,,0
ORD018832,,0
ORD051639,,0
ORD059267,,0
ORD031683,,0
ORD059398,weight_discrepancy,1
ORD059847,,0
ORD020289,,0
ORD053926,detention_padding,1
ORD000893,,0
ORD009521,,0
ORD035121,,0
ORD016093,,0
ORD038462,,0
ORD009732,,0
ORD015640,,0
ORD015142,,0
ORD053357,,0
ORD014768,,0
ORD045079,,0
ORD053583,,0
ORD013942,,0
ORD055947,,0
ORD034793,,0
ORD004021,,0
ORD058869,,0
ORD021500,,0
ORD006768,,0
ORD050253,,0
ORD002763,,0
ORD057132,,0
ORD029245,,0
ORD046915,,0
ORD056911,,0
ORD054390,,0
ORD053901,,0
ORD050066,,0
ORD025821,,0
ORD052888,,0
ORD000785,,0
ORD003596,,0
ORD038855,,0
ORD022600,,0
ORD006984,,0
ORD025721,,0
ORD040253,,0
ORD000873,,0
ORD025562,,0
ORD046594,,0
ORD016457,,0
ORD006015,,0
ORD033644,,0
ORD014285,,0
ORD013933,,0
ORD003930,,0
ORD036185,,0
ORD035778,,0
ORD039475,,0
ORD000122,,0
ORD038620,,0
ORD010088,,0
ORD027332,,0
ORD011703,,0
ORD033155,,0
ORD048470,,0
ORD042850,,0
ORD041387,,0
ORD057110,,0
ORD016767,,0
ORD007866,,0
ORD016712,,0
ORD051304,,0
ORD002274,,0
ORD028505,,0
ORD046683,,0
ORD043635,,0
ORD030705,,0
ORD007357,,0
ORD035923,,0
ORD054525,,0
ORD020068,,0
ORD001977,,0
ORD042104,,0
ORD019935,detention_padding,1
ORD058954,,0
ORD019526,,0
ORD000159,detention_padding,1
ORD042270,,0
ORD052270,,0
ORD033980,,0
ORD017580,,0
ORD021910,,0
ORD052189,toll_inflation,1
ORD017184,,0
ORD036957,,0
ORD002388,,0
ORD028186,detention_padding,1
ORD031572,,0
ORD045781,,0
ORD004034,,0
ORD056054,,0
ORD040151,,0
ORD055200,,0
ORD006662,,0
ORD009549,,0
ORD003905,,0
ORD058948,,0
ORD009583,,0
ORD039247,,0
ORD000003,,0
ORD002831,,0
ORD040050,,0
ORD060000,,0
ORD029509,,0
ORD015093,,0
ORD049834,,0
ORD044745,,0
ORD050949,toll_inflation,1
ORD048296,,0
ORD013987,,0
ORD031426,,0
ORD034169,,0
ORD032477,,0
ORD047255,,0
ORD044525,,0
ORD044234,,0
ORD016518,,0
ORD046380,,0
ORD043838,,0
ORD054294,,0
ORD030384,,0
ORD035777,,0
ORD017375,,0
ORD020964,,0
ORD032221,,0
ORD023623,,0
ORD051954,,0
ORD042680,,0
ORD026936,,0
ORD026942,,0
ORD027013,,0
ORD026892,,0
ORD051939,,0
ORD047527,,0
ORD031120,,0
ORD052779,,0
ORD026190,,0
ORD028800,,0
ORD019321,,0
ORD054906,,0
ORD008199,,0
ORD046282,,0
ORD014276,,0
ORD017725,,0
ORD030593,,0
ORD041077,,0
ORD012785,,0
ORD016736,,0
ORD016840,,0
ORD036625,,0
ORD040977,,0
ORD019104,,0
ORD011812,,0
ORD029499,,0
ORD033769,,0
ORD023604,,0
ORD051215,toll_inflation,1
ORD030350,,0
ORD041591,,0
ORD046789,,0
ORD037408,,0
ORD015095,weight_discrepancy,1
ORD024746,,0
ORD014077,toll_inflation,1
ORD032010,,0
ORD005123,,0
ORD004168,,0
ORD001036,,0
ORD058818,,0
ORD029272,,0
ORD023457,,0
ORD020090,,0
ORD044037,,0
ORD000352,,0
ORD051089,,0
ORD004641,,0
ORD049113,,0
ORD035362,,0
ORD039073,,0
ORD003988,,0
ORD019864,,0
ORD047369,,0
ORD047088,,0
ORD046818,,0
ORD008573,,0
ORD046615,,0
ORD029771,,0
ORD058889,weight_discrepancy,1
ORD042263,,0
ORD017034,,0
ORD002119,,0
ORD039441,,0
ORD010561,,0
ORD010473,,0
ORD032380,weight_discrepancy,1
ORD059544,,0
ORD053619,,0
ORD038665,,0
ORD004904,,0
ORD010275,,0
ORD035189,,0
ORD042802,,0
ORD055254,,0
ORD009999,,0
ORD040515,,0
ORD009965,,0
ORD039546,,0
ORD044285,,0
ORD031416,,0
ORD049424,,0
ORD035428,,0
ORD016927,,0
ORD016971,,0
ORD030206,toll_inflation,1
ORD030181,,0
ORD031057,,0
ORD011130,,0
ORD049761,,0
ORD004510,,0
ORD040802,,0
ORD050977,,0
ORD056423,,0
ORD029057,,0
ORD036999,,0
ORD007090,,0
ORD050819,,0
ORD033910,,0
ORD050735,,0
ORD056619,,0
ORD037570,,0
ORD037287,,0
ORD058041,,0
ORD011972,,0
ORD040594,toll_inflation,1
ORD006411,,0
ORD042024,,0
ORD002561,,0
ORD008364,,0
ORD054044,,0
ORD047016,,0
ORD043494,,0
ORD058679,,0
ORD011899,,0
ORD015676,,0
ORD023842,,0
ORD013847,,0
ORD053006,,0
ORD016188,,0
ORD051136,,0
ORD018116,,0
ORD038557,,0
ORD027927,,0
ORD031873,,0
ORD015210,,0
ORD035438,,0
ORD038615,,0
ORD036539,weight_discrepancy,1
ORD032220,,0
ORD059512,,0
ORD006288,,0
ORD032303,,0
ORD003957,,0
ORD045566,,0
ORD043678,,0
ORD015476,,0
ORD016392,,0
ORD024192,detention_padding,1
ORD039353,,0
ORD054267,,0
ORD013141,,0
ORD018862,,0
ORD037878,,0
ORD009402,,0
ORD052162,,0
ORD034850,,0
ORD043720,,0
ORD023526,,0
ORD019004,,0
ORD023792,,0
ORD034835,,0
ORD001947,,0
ORD024596,,0
ORD016566,,0
ORD000514,weight_discrepancy,1
ORD052345,,0
ORD043846,,0
ORD056069,,0
ORD035766,,0
ORD011095,toll_inflation,1
ORD048188,,0
ORD022865,,0
ORD046763,,0
ORD026454,,0
ORD028801,,0
ORD017610,,0
ORD006727,,0
ORD049579,,0
ORD058231,,0
ORD026995,,0
ORD021923,,0
ORD026791,,0
ORD042775,,0
ORD002445,,0
ORD058129,,0
ORD017852,,0
ORD024040,,0
ORD056111,,0
ORD017152,,0
ORD050887,,0
ORD030896,,0
ORD009449,toll_inflation,1
ORD052723,,0
ORD026041,,0
ORD056499,,0
ORD003019,,0
ORD002838,,0
ORD007841,,0
ORD019150,,0
ORD043974,,0
ORD016892,,0
ORD046475,,0
ORD036865,,0
ORD005551,,0
ORD045978,toll_inflation,1
ORD020033,,0
ORD001426,,0
ORD005961,,0
ORD039527,,0
ORD037821,,0
ORD051503,,0
ORD002936,,0
ORD034695,,0
ORD042757,,0
ORD013604,,0
ORD053645,,0
ORD013773,,0
ORD000066,,0
ORD054680,,0
ORD012788,,0
ORD010714,,0
ORD013762,,0
ORD014259,,0
ORD041390,,0
ORD016249,,0
ORD025151,,0
ORD051831,,0
ORD031936,,0
ORD043825,,0
ORD022241,,0
ORD028061,,0
ORD042508,,0
ORD047120,,0
ORD028986,,0
ORD053348,,0
ORD005146,,0
ORD055475,weight_discrepancy,1
ORD015192,,0
ORD036022,,0
ORD025742,,0
ORD007983,,0
ORD013864,,0
ORD050369,,0
ORD000548,,0
ORD057427,,0
ORD000519,,0
ORD013472,,0
ORD006676,,0
ORD056032,,0
ORD027486,,0
ORD050245,,0
ORD007059,,0
ORD017511,,0
ORD058982,,0
ORD009749,,0
ORD017571,,0
ORD055631,,0
ORD048643,,0
ORD000162,,0
ORD035694,,0
ORD011157,,0
ORD046908,,0
ORD044117,,0
ORD040127,,0
ORD007471,,0
ORD005009,,0
ORD019095,weight_discrepancy,1
ORD040852,,0
ORD037346,,0
ORD019166,,0
ORD035039,,0
ORD051317,,0
ORD004207,,0
ORD006072,,0
ORD012470,,0
ORD028683,,0
ORD051303,,0
ORD003115,,0
ORD024269,,0
ORD033031,,0
ORD036279,detention_padding,1
ORD021388,,0
ORD016515,,0
ORD057294,detention_padding,1
ORD016043,,0
ORD022746,,0
ORD051922,,0
ORD004310,,0
ORD038405,,0
ORD030950,,0
ORD017786,,0
ORD042731,,0
ORD013364,,0
ORD046841,,0
ORD017677,,0
ORD003943,,0
ORD017194,,0
ORD035577,,0
ORD020649,,0
ORD030548,,0
ORD042542,,0
ORD046040,,0
ORD052655,,0
ORD012585,toll_inflation,1
ORD033515,,0
ORD009534,,0
ORD050468,,0
ORD043459,,0
ORD004289,,0
ORD053457,,0
ORD058477,,0
ORD023335,,0
ORD049690,,0
ORD035948,,0
ORD053651,,0
ORD044626,,0
ORD000267,,0
ORD037792,,0
ORD014808,,0
ORD032724,,0
ORD032045,,0
ORD018302,,0
ORD004526,detention_padding,1
ORD006483,,0
ORD037359,,0
ORD013015,,0
ORD022562,,0
ORD040218,,0
ORD028987,,0
ORD018315,,0
ORD006145,,0
ORD000844,,0
ORD017243,,0
ORD000070,,0
ORD038456,weight_discrepancy,1
ORD024328,,0
ORD046582,,0
ORD019124,,0
ORD036970,,0
ORD046337,,0
ORD006813,,0
ORD033419,,0
ORD052910,,0
ORD012730,,0
ORD044830,,0
ORD025451,,0
ORD026264,,0
ORD014191,,0
ORD032129,,0
ORD059688,,0
ORD059749,,0
ORD044538,,0
ORD025660,,0
ORD000399,,0
ORD039609,,0
ORD051259,,0
ORD055952,,0
ORD037350,,0
ORD050917,,0
ORD059933,,0
ORD030424,,0
ORD013357,,0
ORD044898,,0
ORD011233,,0
ORD019219,,0
ORD037162,,0
ORD055922,,0
ORD005947,,0
ORD027638,,0
ORD038067,,0
ORD035004,,0
ORD017595,,0
ORD019506,,0
ORD034187,,0
ORD030735,detention_padding,1
ORD027458,,0
ORD059413,,0
ORD043298,,0
ORD036570,,0
ORD042839,,0
ORD012793,,0
ORD059557,,0
ORD018432,,0
ORD008910,,0
ORD031805,,0
ORD022764,,0
ORD030598,,0
ORD006948,,0
ORD046442,,0
ORD030446,,0
ORD030589,,0
ORD052479,,0
ORD016936,,0
ORD051626,,0
ORD019016,,0
ORD000338,,0
ORD047160,,0
ORD059871,,0
ORD040901,,0
ORD039093,,0
ORD024639,,0
ORD028795,,0
ORD026254,,0
ORD000291,,0
ORD051274,,0
ORD028644,toll_inflation,1
ORD028479,,0
ORD041773,,0
ORD012913,,0
ORD051764,,0
ORD041736,,0
ORD007012,,0
ORD013471,,0
ORD034409,,0
ORD056029,,0
ORD052384,,0
ORD056062,,0
ORD045114,,0
ORD017575,,0
ORD033528,,0
ORD020623,,0
ORD046927,,0
ORD029460,,0
ORD029395,,0
ORD005864,,0
ORD027874,,0
ORD030404,,0
ORD023800,,0
ORD007535,,0
ORD004165,weight_discrepancy,1
ORD044569,,0
ORD052965,,0
ORD050013,,0
ORD005457,,0
ORD001499,,0
ORD015572,,0
ORD016220,,0
ORD049326,,0
ORD024431,,0
ORD047913,,0
ORD042447,,0
ORD006546,,0
ORD038329,,0
ORD053203,weight_discrepancy,1
ORD045820,detention_padding,1
ORD045557,,0
ORD048917,,0
ORD048732,,0
ORD058156,detention_padding,1
ORD043769,,0
ORD053714,,0
ORD043693,,0
ORD014164,,0
ORD054292,,0
ORD043801,,0
ORD054752,,0
ORD002169,,0
ORD048557,,0
ORD053313,,0
ORD000513,,0
ORD010737,,0
ORD008027,,0
ORD011390,,0
ORD010436,,0
ORD007730,,0
ORD036089,,0
ORD037787,,0
ORD011224,,0
ORD037105,,0
ORD055569,,0
ORD034828,,0
ORD003451,detention_padding,1
ORD040240,,0
ORD012944,,0
ORD014005,,0
ORD027811,,0
ORD042254,,0
ORD028341,,0
ORD018088,,0
ORD041053,,0
ORD036062,,0
ORD015373,,0
ORD023066,,0
ORD004631,,0
ORD026540,,0
ORD055320,,0
ORD044480,,0
ORD014354,,0
ORD049852,,0
ORD032603,,0
ORD027513,,0
ORD016726,,0
ORD007604,,0
ORD041135,,0
ORD049132,weight_discrepancy,1
ORD009195,,0
ORD001714,,0
ORD016538,,0
ORD032441,toll_inflation,1
ORD021452,,0
ORD052633,,0
ORD013861,,0
ORD011423,,0
ORD025609,,0
ORD048852,,0
ORD053797,,0
ORD021601,,0
ORD006937,,0
ORD059718,,0
ORD057612,,0
ORD021035,,0
ORD042191,,0
ORD037281,,0
ORD029274,,0
ORD009984,,0
ORD029294,,0
ORD043991,,0
ORD049458,toll_inflation,1
ORD036074,,0
ORD002629,,0
ORD004974,detention_padding,1
ORD042669,,0
ORD020446,,0
ORD013800,,0
ORD050835,,0
ORD034232,,0
ORD029843,weight_discrepancy,1
ORD055249,,0
ORD007749,,0
ORD025473,,0
ORD006775,,0
ORD052005,,0
ORD045928,,0
ORD032246,detention_padding,1
ORD005253,,0
ORD059736,,0
ORD007032,,0
ORD025410,,0
ORD027585,,0
ORD016089,,0
ORD029184,,0
ORD014874,,0
ORD008987,,0
ORD058297,,0
ORD014785,,0
ORD033392,,0
ORD023134,,0
ORD026541,,0
ORD048026,,0
ORD030161,,0
ORD053937,,0
ORD017195,,0
ORD040273,,0
ORD039755,,0
ORD056476,,0
ORD010244,,0
ORD015100,,0
ORD003643,,0
ORD028192,,0
ORD012191,,0
ORD055459,detention_padding,1
ORD019995,,0
ORD028184,,0
ORD020386,,0
ORD017956,,0
ORD036897,,0
ORD056239,detention_padding,1
ORD014253,,0
ORD044040,,0
ORD026354,,0
ORD007375,,0
ORD034897,,0
ORD010148,,0
ORD056461,,0
ORD047211,,0
ORD038781,,0
ORD040949,,0
ORD050170,,0
ORD020063,,0
ORD001314,,0
ORD036119,,0
ORD050020,,0
ORD009946,,0
ORD006340,,0
ORD048666,,0
ORD029369,,0
ORD001000,,0
ORD002745,,0
ORD008072,,0
ORD032059,,0
ORD028969,,0
ORD016442,toll_inflation,1
ORD034532,,0
ORD058103,,0
ORD012563,,0
ORD034917,,0
ORD029575,,0
ORD020607,,0
ORD000739,,0
ORD001628,,0
ORD002911,,0
ORD017594,,0
ORD005453,,0
ORD006067,weight_discrepancy,1
ORD035080,,0
ORD048660,,0
ORD042786,,0
ORD002196,toll_inflation,1
ORD008975,,0
ORD027590,,0
ORD009703,,0
ORD043023,,0
ORD016062,,0
ORD045058,,0
ORD044675,,0
ORD002042,,0
ORD001391,,0
ORD058060,,0
ORD040915,,0
ORD017058,,0
ORD018358,,0
ORD018370,,0
ORD014904,,0
ORD041631,,0
ORD000782,,0
ORD045739,,0
ORD015942,,0
ORD024914,detention_padding,1
ORD010353,,0
ORD000228,,0
ORD059388,,0
ORD058931,,0
ORD057825,,0
ORD026715,,0
ORD024031,,0
ORD012318,,0
ORD022545,,0
ORD023376,toll_inflation,1
ORD054547,,0
ORD018687,,0
ORD046654,,0
ORD051388,,0
ORD028857,,0
ORD058015,,0
ORD040437,,0
ORD003176,,0
ORD001490,,0
ORD002287,,0
ORD053159,,0
ORD033347,,0
ORD029504,,0
ORD004773,,0
ORD015469,,0
ORD047406,,0
ORD009022,,0
ORD008487,,0
ORD041228,,0
ORD031304,,0
ORD013403,,0
ORD000351,,0
ORD059782,,0
ORD001829,,0
ORD051917,,0
ORD058089,,0
ORD043505,,0
ORD053042,,0
ORD019266,,0
ORD038216,,0
ORD042384,,0
ORD047614,,0
ORD002261,,0
ORD048176,,0
ORD002018,weight_discrepancy,1
ORD015951,,0
ORD034100,,0
ORD043730,,0
ORD059576,,0
ORD008062,,0
ORD001195,,0
ORD022634,,0
ORD015747,,0
ORD019956,,0
ORD032358,,0
ORD015176,,0
ORD020302,,0
ORD046963,toll_inflation,1
ORD007515,,0
ORD045592,,0
ORD032444,,0
ORD005803,,0
ORD008422,,0
ORD011042,,0
ORD018010,,0
ORD059903,,0
ORD058939,,0
ORD055601,,0
ORD039827,,0
ORD001776,,0
ORD017722,,0
ORD004869,,0
ORD050221,,0
ORD020888,,0
ORD033063,,0
ORD009934,,0
ORD029325,,0
ORD020104,,0
ORD007313,,0
ORD013431,,0
ORD033873,,0
ORD055240,,0
ORD043819,,0
ORD011585,,0
ORD046655,,0
ORD037533,,0
ORD003358,,0
ORD004351,,0
ORD049080,,0
ORD003136,,0
ORD053398,,0
ORD028377,,0
ORD014721,,0
ORD019210,,0
ORD045544,,0
ORD036936,,0
ORD058669,,0
ORD007518,,0
ORD043585,,0
ORD019626,weight_discrepancy,1
ORD043960,,0
ORD022717,,0
ORD020818,,0
ORD019022,,0
ORD050754,,0
ORD022085,,0
ORD015678,,0
ORD032988,,0
ORD036626,,0
ORD008992,weight_discrepancy,1
ORD041629,,0
ORD009059,,0
ORD046705,,0
ORD016750,,0
ORD057623,,0
ORD016605,,0
ORD044232,,0
ORD046220,,0
ORD027317,,0
ORD009391,,0
ORD052703,,0
ORD016419,,0
ORD005356,,0
ORD030875,,0
ORD021028,,0
ORD031523,,0
ORD050934,,0
ORD018185,,0
ORD005385,,0
ORD008145,,0
ORD029829,,0
ORD009950,,0
ORD009926,,0
ORD029143,,0
ORD004060,,0
ORD036647,,0
ORD008224,,0
ORD001237,,0
ORD015334,,0
ORD015449,,0
ORD056705,,0
ORD037474,,0
ORD023547,,0
ORD001372,,0
ORD057805,,0
ORD045940,,0
ORD037794,,0
ORD015130,,0
ORD027358,,0
ORD003780,,0
ORD021170,,0
ORD048213,,0
ORD057246,,0
ORD028019,,0
ORD021470,,0
ORD021475,,0
ORD034425,,0
ORD047434,,0
ORD020891,,0
ORD004265,,0
ORD039114,,0
ORD059925,,0
ORD022866,toll_inflation,1
ORD050757,,0
ORD018094,,0
ORD008693,,0
ORD047153,,0
ORD012761,,0
ORD046326,,0
ORD055429,weight_discrepancy,1
ORD048807,,0
ORD059508,,0
ORD029082,,0
ORD055476,,0
ORD059832,,0
ORD030543,,0
ORD005153,,0
ORD056320,,0
ORD045715,,0
ORD038561,,0
ORD029278,,0
ORD052523,,0
ORD053902,,0
ORD010999,,0
ORD030019,,0
ORD045128,,0
ORD030001,,0
ORD029935,,0
ORD046767,weight_discrepancy,1
ORD054062,,0
ORD059657,weight_discrepancy,1
ORD017986,,0
ORD029482,weight_discrepancy,1
ORD009353,weight_discrepancy,1
ORD019033,,0
ORD032273,,0
ORD005818,,0
ORD002862,,0
ORD054919,,0
ORD053072,,0
ORD015979,,0
ORD053094,,0
ORD016227,,0
ORD001749,,0
ORD033009,,0
ORD055317,,0
ORD054339,,0
ORD046049,,0
ORD024015,,0
ORD031689,detention_padding,1
ORD001816,,0
ORD015832,,0
ORD037656,,0
ORD043257,,0
ORD019061,,0
ORD043050,,0
ORD026796,,0
ORD052359,,0
ORD016041,,0
ORD031404,,0
ORD041626,,0
ORD047763,,0
ORD002243,,0
ORD035672,,0
ORD008959,,0
ORD024446,,0
ORD023650,,0
ORD010892,,0
ORD052679,,0
ORD012172,,0
ORD046250,,0
ORD043758,toll_inflation,1
ORD053803,,0
ORD048581,,0
ORD055797,,0
ORD031886,,0
ORD049476,,0
ORD052800,,0
ORD021338,,0
ORD023835,,0
ORD017025,,0
ORD058169,,0
ORD022106,,0
ORD049974,,0
ORD012833,,0
ORD002767,,0
ORD037855,,0
ORD029102,,0
ORD028047,,0
ORD018516,toll_inflation,1
ORD051126,,0
ORD051041,,0
ORD023098,detention_padding,1
ORD051898,,0
ORD032665,,0
ORD037948,,0
ORD054088,,0
ORD019229,,0
ORD051462,,0
ORD056765,,0
ORD008491,,0
ORD026118,,0
ORD017932,,0
ORD029374,,0
ORD019646,,0
ORD019307,,0
ORD026880,,0
ORD040464,,0
ORD059517,,0
ORD039936,,0
ORD057752,,0
ORD026870,,0
ORD024019,,0
ORD019036,,0
ORD027346,,0
ORD001840,,0
ORD011872,,0
ORD052675,,0
ORD051518,,0
ORD023920,,0
ORD005970,,0
ORD049783,,0
ORD016413,detention_padding,1
ORD041645,,0
ORD050361,toll_inflation,1
ORD001431,,0
ORD052636,,0
ORD044370,,0
ORD009614,,0
ORD042924,,0
ORD027026,,0
ORD007466,,0
ORD054862,,0
ORD037662,,0
ORD025305,,0
ORD017881,detention_padding,1
ORD058320,,0
ORD036428,,0
ORD056812,,0
ORD027701,,0
ORD008586,,0
ORD040285,,0
ORD022744,,0
ORD050140,toll_inflation,1
ORD026653,,0
ORD023579,,0
ORD044497,,0
ORD002199,,0
ORD014083,,0
ORD038960,,0
ORD027889,,0
ORD015152,,0
ORD043035,,0
ORD021926,,0
ORD020975,,0
ORD051824,,0
ORD045766,,0
ORD027484,,0
ORD016710,,0
ORD055588,,0
ORD004332,,0
ORD009224,,0
ORD039682,,0
ORD004602,,0
ORD020176,,0
ORD052610,,0
ORD022005,,0
ORD035240,,0
ORD001328,,0
ORD022432,,0
ORD053610,,0
ORD043520,toll_inflation,1
ORD004144,,0
ORD000756,,0
ORD010484,,0
ORD024034,,0
ORD043518,,0
ORD000798,,0
ORD048700,,0
ORD039427,,0
ORD022276,,0
ORD022713,,0
ORD032312,,0
ORD023941,,0
ORD013958,,0
ORD028529,,0
ORD021907,,0
ORD035663,,0
ORD011097,,0
ORD043329,,0
ORD000426,weight_discrepancy,1
ORD011733,,0
ORD044802,,0
ORD036600,,0
ORD018298,,0
ORD005004,,0
ORD008168,,0
ORD024938,,0
ORD019079,,0
ORD048305,weight_discrepancy,1
ORD028929,,0
ORD019153,,0
ORD028874,,0
ORD058550,,0
ORD051438,,0
ORD057762,,0
ORD034097,,0
ORD028669,,0
ORD027606,,0
ORD030109,,0
ORD024525,,0
ORD027288,,0
ORD041309,,0
ORD039152,,0
ORD031370,,0
ORD026461,,0
ORD023838,,0
ORD027149,,0
ORD016069,,0
ORD042356,,0
ORD012113,,0
ORD040439,,0
ORD037368,,0
ORD025581,,0
ORD003711,,0
ORD030746,,0
ORD024461,,0
ORD049863,,0
ORD000648,,0
ORD030673,,0
ORD004875,,0
ORD004746,,0
ORD005358,,0
ORD006353,,0
ORD023879,,0
ORD048729,,0
ORD040400,,0
ORD049067,,0
ORD023811,,0
ORD040326,,0
ORD036982,,0
ORD006112,,0
ORD004913,,0
ORD025719,,0
ORD058864,,0
ORD024845,,0
ORD014982,,0
ORD032067,detention_padding,1
ORD012514,,0
ORD040999,,0
ORD052178,,0
ORD052128,,0
ORD054063,,0
ORD001009,,0
ORD007436,,0
ORD053497,,0
ORD058570,,0
ORD056055,,0
ORD014391,,0
ORD041353,,0
ORD018335,,0
ORD019591,,0
ORD014357,,0
ORD047014,,0
ORD041283,,0
ORD045425,,0
ORD045411,,0
ORD002743,,0
ORD010718,,0
ORD007865,,0
ORD028592,weight_discrepancy,1
ORD027597,,0
ORD043312,,0
ORD048034,,0
ORD021844,,0
ORD042413,,0
ORD048000,,0
ORD006789,,0
ORD006814,,0
ORD055743,,0
ORD006360,,0
ORD016802,,0
ORD039696,,0
ORD022118,toll_inflation,1
ORD042376,,0
ORD037357,,0
ORD006378,,0
ORD009562,,0
ORD044256,,0
ORD016360,,0
ORD001964,,0
ORD018806,,0
ORD000751,,0
ORD004793,,0
ORD049629,weight_discrepancy,1
ORD051714,,0
ORD055605,,0
ORD052601,,0
ORD018316,,0
ORD008409,,0
ORD031305,,0
ORD038642,toll_inflation,1
ORD052177,,0
ORD025610,detention_padding,1
ORD045859,weight_discrepancy,1
ORD035816,,0
ORD017031,toll_inflation,1
ORD030299,,0
ORD002187,,0
ORD035528,,0
ORD019089,,0
ORD001872,,0
ORD032788,,0
ORD039078,,0
ORD054819,,0
ORD044000,,0
ORD036047,,0
ORD011422,,0
ORD035819,,0
ORD022876,,0
ORD000350,,0
ORD034411,,0
ORD028269,,0
ORD054581,detention_padding,1
ORD021351,,0
ORD005093,,0
ORD027480,,0
ORD024766,,0
ORD043908,,0
ORD025114,,0
ORD014046,,0
ORD048182,,0
ORD002845,,0
ORD033159,,0
ORD026643,,0
ORD049955,,0
ORD000596,,0
ORD054825,,0
ORD024465,,0
ORD012074,,0
ORD050196,,0
ORD002968,,0
ORD007591,,0
ORD048133,,0
ORD031322,,0
ORD044619,toll_inflation,1
ORD044273,,0
ORD044327,,0
ORD031794,,0
ORD046305,,0
ORD010893,,0
ORD045236,,0
ORD045175,,0
ORD024478,,0
ORD032511,,0
ORD038928,,0
ORD014403,,0
ORD025112,,0
ORD033704,,0
ORD014643,,0
ORD053431,,0
ORD039311,,0
ORD044949,,0
ORD034052,,0
ORD034083,,0
ORD000278,,0
ORD012430,,0
ORD000610,,0
ORD026584,,0
ORD041790,,0
ORD017568,,0
ORD056099,,0
ORD028817,,0
ORD004357,,0
ORD017842,,0
ORD040584,,0
ORD018030,,0
ORD037553,,0
ORD003300,toll_inflation,1
ORD019922,,0
ORD056659,,0
ORD047395,,0
ORD018715,,0
ORD019480,,0
ORD026164,,0
ORD016480,,0
ORD036938,,0
ORD036985,,0
ORD017173,,0
ORD039973,,0
ORD022938,,0
ORD022358,,0
ORD022128,,0
ORD025532,,0
ORD027445,toll_inflation,1
ORD005662,,0
ORD030175,,0
ORD003763,,0
ORD016861,,0
ORD005740,,0
ORD049536,,0
ORD009047,,0
ORD052457,,0
ORD027497,,0
ORD028770,,0
ORD020735,,0
ORD050555,,0
ORD024758,,0
ORD034960,,0
ORD019658,,0
ORD011062,,0
ORD023133,,0
ORD000181,,0
ORD005175,,0
ORD033647,,0
ORD059876,,0
ORD025090,toll_inflation,1
ORD004997,,0
ORD007360,,0
ORD036670,,0
ORD026414,,0
ORD020124,toll_inflation,1
ORD016574,,0
ORD013939,,0
ORD007836,,0
ORD016331,,0
ORD023789,,0
ORD046103,,0
ORD057910,,0
ORD031433,,0
ORD053031,,0
ORD015448,,0
ORD017542,,0
ORD025335,,0
ORD001035,,0
ORD010430,,0
ORD002524,,0
ORD008361,,0
ORD010401,,0
ORD045421,,0
ORD023500,,0
ORD007895,,0
ORD002640,,0
ORD005991,,0
ORD029161,,0
ORD008029,,0
ORD025124,,0
ORD035854,,0
ORD000084,,0
ORD004941,,0
ORD048681,,0
ORD041534,,0
ORD004272,weight_discrepancy,1
ORD030546,,0
ORD001525,,0
ORD048793,,0
ORD035291,toll_inflation,1
ORD032786,,0
ORD047717,,0
ORD033615,,0
ORD046858,toll_inflation,1
ORD034109,,0
ORD041884,,0
ORD047553,toll_inflation,1
ORD058852,,0
ORD000459,,0
ORD002594,,0
ORD025385,,0
ORD046426,,0
ORD057395,,0
ORD051313,,0
ORD053819,,0
ORD038653,,0
ORD009904,,0
ORD039744,toll_inflation,1
ORD057307,,0
ORD005273,,0
ORD005260,,0
ORD017763,,0
ORD024545,,0
ORD010626,toll_inflation,1
ORD055975,,0
ORD039013,,0
ORD011037,,0
ORD019668,,0
ORD016353,,0
ORD050432,weight_discrepancy,1
ORD012468,,0
ORD011407,,0
ORD008934,detention_padding,1
ORD008643,,0
ORD020194,,0
ORD051063,,0
ORD023551,,0
ORD022192,,0
ORD016276,,0
ORD019154,,0
ORD053941,,0
ORD001759,,0
ORD026849,,0
ORD051643,,0
ORD037204,,0
ORD058101,,0
ORD026760,,0
ORD006657,toll_inflation,1
ORD018452,,0
ORD025796,,0
ORD009578,,0
ORD049672,weight_discrepancy,1
ORD025980,,0
ORD011320,,0
ORD052873,,0
ORD005790,,0
ORD031129,,0
ORD026130,,0
ORD016246,,0
ORD036346,,0
ORD008823,,0
ORD044492,,0
ORD052968,,0
ORD045990,,0
ORD008164,,0
ORD052300,,0
ORD039271,,0
ORD010796,,0
ORD037398,,0
ORD006957,,0
ORD028328,,0
ORD042956,toll_inflation,1
ORD040024,,0
ORD028427,,0
ORD038641,,0
ORD055804,,0
ORD024310,,0
ORD032500,,0
ORD001837,,0
ORD045448,,0
ORD039226,,0
ORD049023,,0
ORD054704,,0
ORD024148,,0
ORD003428,,0
ORD034392,,0
ORD003900,,0
ORD019564,,0
ORD027058,,0
ORD027272,,0
ORD016685,,0
ORD039741,,0
ORD047681,,0
ORD027732,,0
ORD047795,,0
ORD043832,,0
ORD059592,detention_padding,1
ORD020679,,0
ORD041143,,0
ORD054290,,0
ORD058502,,0
ORD033892,,0
ORD031186,,0
ORD028168,,0
ORD033280,,0
ORD033113,,0
ORD022159,,0
ORD043497,,0
ORD037619,,0
ORD055145,,0
ORD042074,,0
ORD032489,,0
ORD047143,,0
ORD056942,,0
ORD002669,,0
ORD011030,,0
ORD002663,,0
ORD019539,,0
ORD003746,,0
ORD006961,,0
ORD045869,,0
ORD009257,,0
ORD036318,,0
ORD044570,,0
ORD011509,,0
ORD039707,,0
ORD055803,,0
ORD023788,,0
ORD025049,,0
ORD012346,,0
ORD024113,,0
ORD025638,,0
ORD043714,,0
ORD001752,,0
ORD023540,,0
ORD025006,,0
ORD005592,,0
ORD038312,,0
ORD000190,,0
ORD023506,,0
ORD041434,,0
ORD013363,,0
ORD006222,,0
ORD035343,,0
ORD038114,,0
ORD037604,,0
ORD024147,,0
ORD005645,,0
ORD047357,,0
ORD011564,,0
ORD042940,,0
ORD052468,,0
ORD027082,,0
ORD014445,,0
ORD042537,,0
ORD043165,,0
ORD010881,detention_padding,1
ORD045234,,0
ORD026950,,0
ORD049397,,0
ORD050050,,0
ORD015454,,0
ORD012342,,0
ORD041205,,0
ORD023822,,0
ORD059897,,0
ORD020046,,0
ORD036489,,0
ORD023620,,0
ORD001743,,0
ORD045450,,0
ORD038033,,0
ORD014265,,0
ORD023046,,0
ORD009638,,0
ORD048416,,0
ORD013072,,0
ORD014254,,0
ORD035132,,0
ORD058888,,0
ORD049077,,0
ORD054867,,0
ORD050910,,0
ORD046042,,0
ORD003620,,0
ORD030601,,0
ORD039222,,0
ORD029787,,0
ORD001567,,0
ORD032498,,0
ORD017414,,0
ORD009297,,0
ORD056269,,0
ORD032569,,0
ORD023981,,0
ORD038265,,0
ORD015072,,0
ORD032581,,0
ORD053854,,0
ORD032033,toll_inflation,1
ORD059016,,0
ORD040790,,0
ORD003681,,0
ORD021783,,0
ORD013995,detention_padding,1
ORD027537,,0
ORD009040,,0
ORD009424,,0
ORD010638,,0
ORD034499,,0
ORD030937,,0
ORD001062,,0
ORD025233,,0
ORD025290,,0
ORD046272,,0
ORD021606,,0
ORD027630,,0
ORD019643,,0
ORD027997,detention_padding,1
ORD054678,,0
ORD053514,,0
ORD020377,,0
ORD018605,,0
ORD043108,,0
ORD053118,,0
ORD031018,,0
ORD040934,,0
ORD034877,,0
ORD018340,,0
ORD004175,,0
ORD016252,,0
ORD022559,,0
ORD001395,,0
ORD048274,,0
ORD032620,,0
ORD033710,,0
ORD034218,,0
ORD042603,,0
ORD035349,,0
ORD035599,,0
ORD004536,,0
ORD052208,,0
ORD014629,,0
ORD032948,,0
ORD039142,,0
ORD024412,,0
ORD038823,,0
ORD008262,,0
ORD031450,,0
ORD015223,,0
ORD001505,,0
ORD015663,,0
ORD029256,,0
ORD020969,,0
ORD052205,,0
ORD052197,,0
ORD025943,,0
ORD025961,weight_discrepancy,1
ORD012703,,0
ORD039612,,0
ORD041895,,0
ORD049575,,0
ORD059635,,0
ORD020578,,0
ORD029942,,0
ORD026159,toll_inflation,1
ORD002005,,0
ORD003591,,0
ORD052036,,0
ORD015883,,0
ORD036542,,0
ORD002055,,0
ORD057760,,0
ORD023082,,0
ORD016099,,0
ORD021260,weight_discrepancy,1
ORD037066,,0
ORD019523,,0
ORD022622,,0
ORD043470,,0
ORD053347,toll_inflation,1
ORD004163,,0
ORD048156,toll_inflation,1
ORD026875,toll_inflation,1
ORD015416,,0
ORD023825,,0
ORD043486,,0
ORD034969,,0
ORD035662,,0
ORD034259,,0
ORD019284,,0
ORD045161,,0
ORD043206,,0
ORD013441,,0
ORD006361,,0
ORD039499,,0
ORD033105,,0
ORD047968,,0
ORD039902,,0
ORD002654,,0
ORD027202,toll_inflation,1
ORD033542,,0
ORD030271,,0
ORD008878,,0
ORD051670,,0
ORD025277,,0
ORD054509,,0
ORD059037,,0
ORD047037,,0
ORD042044,,0
ORD038364,,0
ORD031162,,0
ORD019741,,0
ORD027834,,0
ORD008720,,0
ORD030357,,0
ORD015931,,0
ORD028190,,0
ORD031755,,0
ORD039448,,0
ORD059488,,0
ORD019501,,0
ORD053532,,0
ORD017914,,0
ORD047545,,0
ORD008260,,0
ORD018024,,0
ORD052420,weight_discrepancy,1
ORD045712,,0
ORD002994,,0
ORD058995,,0
ORD028912,,0
ORD042548,,0
ORD003473,,0
ORD049540,,0
ORD057922,,0
ORD023057,,0
ORD025703,,0
ORD034105,toll_inflation,1
ORD059862,toll_inflation,1
ORD012521,,0
ORD023381,,0
ORD048410,,0
ORD023276,,0
ORD026957,,0
ORD033547,,0
ORD004298,,0
ORD013378,,0
ORD023159,,0
ORD023730,,0
ORD050055,,0
ORD053949,,0
ORD040233,,0
ORD011586,,0
ORD045150,,0
ORD024209,,0
ORD004006,weight_discrepancy,1
ORD005281,,0
ORD038886,,0
ORD034264,,0
ORD058049,,0
ORD015505,,0
ORD038612,,0
ORD007742,,0
ORD038562,,0
ORD038874,,0
ORD041849,,0
ORD059316,,0
ORD020323,,0
ORD026497,,0
ORD022660,,0
ORD007915,,0
ORD018667,,0
ORD045842,,0
ORD053976,,0
ORD045874,,0
ORD018762,,0
ORD008005,,0
ORD015466,,0
ORD048140,,0
ORD022937,,0
ORD012846,,0
ORD056267,,0
ORD059114,,0
ORD016657,,0
ORD038252,,0
ORD016622,,0
ORD034641,,0
ORD042555,toll_inflation,1
ORD001874,,0
ORD005206,,0
ORD039652,,0
ORD004973,,0
ORD024099,,0
ORD054769,,0
ORD035432,,0
ORD042379,,0
ORD057490,,0
ORD054848,,0
ORD008787,,0
ORD052225,,0
ORD025728,,0
ORD049595,,0
ORD058951,,0
ORD034827,,0
ORD049617,,0
ORD023340,,0
ORD023220,,0
ORD013095,,0
ORD048342,,0
ORD036330,,0
ORD004725,,0
ORD050352,,0
ORD031580,,0
ORD007085,,0
ORD006934,,0
ORD028051,,0
ORD003856,detention_padding,1
ORD058260,,0
ORD042762,,0
ORD051075,,0
ORD014250,,0
ORD014796,,0
ORD032137,,0
ORD009255,,0
ORD059712,detention_padding,1
ORD047294,,0
ORD032111,,0
ORD045597,,0
ORD037486,,0
ORD014712,toll_inflation,1
ORD019930,,0
ORD047467,,0
ORD058464,,0
ORD013774,,0
ORD043961,,0
ORD013708,,0
ORD044177,,0
ORD000214,,0
ORD017275,,0
ORD043156,,0
ORD026044,,0
ORD007068,,0
ORD041524,,0
ORD055721,,0
ORD055445,,0
ORD004374,,0
ORD051748,,0
ORD057423,,0
ORD015993,,0
ORD055020,,0
ORD023633,,0
ORD010538,,0
ORD008798,,0
ORD004584,,0
ORD046773,,0
ORD056094,,0
ORD028417,,0
ORD001740,,0
ORD046738,,0
ORD010715,,0
ORD037974,,0
ORD037559,,0
ORD003770,,0
ORD044045,,0
ORD004549,,0
ORD038673,,0
ORD009828,,0
ORD058705,,0
ORD019791,,0
ORD015206,,0
ORD021959,,0
ORD033135,,0
ORD059432,,0
ORD042287,,0
ORD024752,detention_padding,1
ORD055812,,0
ORD052597,,0
ORD027897,detention_padding,1
ORD018843,,0
ORD048040,,0
ORD037252,,0
ORD028689,,0
ORD027653,,0
ORD038161,,0
ORD028753,,0
ORD020480,,0
ORD046385,,0
ORD048070,,0
ORD032623,,0
ORD047278,,0
ORD032521,,0
ORD053302,,0
ORD011856,,0
ORD036491,detention_padding,1
ORD033973,,0
ORD040792,,0
ORD044896,,0
ORD058326,,0
ORD051097,,0
ORD039434,,0
ORD032574,,0
ORD048827,,0
ORD027531,,0
ORD038186,,0
ORD024519,,0
ORD035563,,0
ORD025671,,0
ORD009033,,0
ORD049338,,0
ORD034765,,0
ORD025431,,0
ORD051045,,0
ORD036852,,0
ORD034529,,0
ORD015953,,0
ORD021774,,0
ORD052097,,0
ORD021183,,0
ORD010237,,0
ORD031549,,0
ORD018533,,0
ORD027381,,0
ORD042046,,0
ORD022694,,0
ORD055155,,0
ORD040248,,0
ORD055078,,0
ORD026585,,0
ORD045138,,0
ORD051629,,0
ORD037805,,0
ORD010984,weight_discrepancy,1
ORD036177,,0
ORD058158,,0
ORD041227,,0
ORD019250,,0
ORD042408,,0
ORD021262,,0
ORD022872,toll_inflation,1
ORD004415,weight_discrepancy,1
ORD014694,,0
ORD024896,,0
ORD002560,,0
ORD029371,,0
ORD001034,,0
ORD009641,,0
ORD039573,,0
ORD051002,,0
ORD025118,,0
ORD022363,,0
ORD017724,,0
ORD041939,detention_padding,1
ORD036714,,0
ORD013266,,0
ORD043683,,0
ORD015246,,0
ORD041678,,0
ORD008506,,0
ORD003196,,0
ORD054631,,0
ORD037728,,0
ORD011266,,0
ORD050992,,0
ORD013632,,0
ORD040485,,0
ORD003005,,0
ORD007235,,0
ORD019338,,0
ORD014976,,0
ORD027864,,0
ORD020392,,0
ORD028701,,0
ORD055253,,0
ORD045515,,0
ORD044548,,0
ORD043275,,0
ORD045037,,0
ORD013376,,0
ORD003617,,0
ORD031168,,0
ORD043398,,0
ORD017422,,0
ORD055043,,0
ORD029222,,0
ORD003133,,0
ORD012452,,0
ORD002645,,0
ORD058068,,0
ORD013422,,0
ORD034351,,0
ORD039387,,0
ORD010689,,0
ORD047744,,0
ORD000418,,0
ORD055149,,0
ORD037065,,0
ORD000487,,0
ORD015763,,0
ORD033728,,0
ORD045732,,0
ORD034479,,0
ORD016620,,0
ORD054856,,0
ORD031474,,0
ORD000036,weight_discrepancy,1
ORD032125,,0
ORD010198,weight_discrepancy,1
ORD032852,toll_inflation,1
ORD044539,,0
ORD055414,,0
ORD032691,,0
ORD033459,,0
ORD057733,,0
ORD042081,,0
ORD050252,,0
ORD026646,,0
ORD008949,,0
ORD059026,,0
ORD017616,,0
ORD027690,,0
ORD021701,,0
ORD047388,,0
ORD056372,,0
ORD044208,,0
ORD025731,,0
ORD036419,,0
ORD036777,,0
ORD008520,,0
ORD029997,,0
ORD018789,,0
ORD047300,,0
ORD056566,toll_inflation,1
ORD009103,,0
ORD056552,,0
ORD025876,,0
ORD049762,,0
ORD057705,,0
ORD005905,,0
ORD051655,,0
ORD050505,,0
ORD020985,,0
ORD021047,,0
ORD014432,,0
ORD008317,,0
ORD027893,weight_discrepancy,1
ORD014143,,0
ORD043106,,0
ORD043984,,0
ORD002565,,0
ORD023725,,0
ORD019833,,0
ORD047437,,0
ORD038567,,0
ORD035272,,0
ORD015245,,0
ORD001214,,0
ORD029000,,0
ORD035884,,0
ORD028434,,0
ORD004783,,0
ORD019811,,0
ORD042432,,0
ORD037895,detention_padding,1
ORD059528,,0
ORD038666,,0
ORD051162,,0
ORD015618,,0
ORD038692,,0
ORD007488,,0
ORD037373,,0
ORD016444,,0
ORD054396,,0
ORD010909,,0
ORD030810,,0
ORD031140,,0
ORD004276,weight_discrepancy,1
ORD054047,,0
ORD038142,,0
ORD056031,,0
ORD023113,,0
ORD013771,,0
ORD026384,,0
ORD033362,toll_inflation,1
ORD059991,,0
ORD059062,,0
ORD004279,,0
ORD010986,,0
ORD005727,,0
ORD048412,,0
ORD058134,,0
ORD059227,,0
ORD023370,,0
ORD002225,,0
ORD022811,,0
ORD011402,,0
ORD053780,,0
ORD023043,,0
ORD037667,,0
ORD058670,,0
ORD002945,,0
ORD007685,,0
ORD036800,,0
ORD013060,,0
ORD026061,,0
ORD036503,,0
ORD028806,,0
ORD010166,,0
ORD038918,,0
ORD050112,,0
ORD025910,,0
ORD021153,,0
ORD056922,,0
ORD012274,,0
ORD032793,,0
ORD023710,,0
ORD043941,,0
ORD038769,,0
ORD045289,,0
ORD048014,,0
ORD021685,,0
ORD044009,,0
ORD014800,toll_inflation,1
ORD039364,,0
ORD009221,,0
ORD027890,,0
ORD051056,,0
ORD045222,,0
ORD010520,,0
ORD032420,,0
ORD037168,,0
ORD023798,,0
ORD004623,,0
ORD044408,,0
ORD014728,,0
ORD042103,,0
ORD044746,,0
ORD012583,,0
ORD034542,,0
ORD031645,,0
ORD017050,,0
ORD053116,,0
ORD040956,,0
ORD024963,,0
ORD002578,,0
ORD008397,,0
ORD048719,,0
ORD051766,,0
ORD005129,,0
ORD012252,,0
ORD035748,,0
ORD044703,,0
ORD056178,,0
ORD008271,,0
ORD035382,,0
ORD009564,,0
ORD053089,,0
ORD017648,,0
ORD009189,weight_discrepancy,1
ORD043074,,0
ORD002316,,0
ORD016918,,0
ORD005023,,0
ORD032394,,0
ORD004254,,0
ORD026582,,0
ORD039971,,0
ORD046685,,0
ORD014056,toll_inflation,1
ORD056857,,0
ORD004754,,0
ORD043390,,0
ORD027612,detention_padding,1
ORD008738,,0
ORD001755,,0
ORD048027,,0
ORD048797,,0
ORD017548,,0
ORD029925,,0
ORD006691,,0
ORD035000,,0
ORD056087,,0
ORD020382,,0
ORD008294,,0
ORD051154,,0
ORD002078,,0
ORD011366,,0
ORD005528,,0
ORD007873,,0
ORD009928,,0
ORD031866,,0
ORD052635,,0
ORD012543,,0
ORD002773,,0
ORD013020,,0
ORD013227,,0
ORD004370,,0
ORD035297,,0
ORD011109,,0
ORD008109,,0
ORD024637,,0
ORD051190,,0
ORD030318,,0
ORD009827,,0
ORD014843,,0
ORD048239,weight_discrepancy,1
ORD049949,,0
ORD022770,,0
ORD022834,,0
ORD012479,,0
ORD048471,,0
ORD033051,,0
ORD006870,,0
ORD004064,,0
ORD048830,,0
ORD022704,weight_discrepancy,1
ORD045344,,0
ORD013924,,0
ORD012370,,0
ORD000657,,0
ORD001677,,0
ORD023231,,0
ORD038145,,0
ORD016343,,0
ORD059988,,0
ORD016830,,0
ORD004356,,0
ORD022463,,0
ORD017011,,0
ORD038299,,0
ORD057904,,0
ORD016537,,0
ORD042338,,0
ORD022558,,0
ORD012982,,0
ORD001696,,0
ORD002098,,0
ORD046748,,0
ORD008475,,0
ORD056675,,0
ORD014857,,0
ORD039556,,0
ORD041164,,0
ORD031778,,0
ORD025486,,0
ORD000123,,0
ORD014339,,0
ORD007302,,0
ORD019853,,0
ORD051081,,0
ORD051392,,0
ORD027976,,0
ORD053346,,0
ORD056203,,0
ORD051153,,0
ORD015642,,0
ORD038785,,0
ORD009892,,0
ORD028373,,0
ORD028640,,0
ORD050714,,0
ORD058873,,0
ORD023527,,0
ORD053104,,0
ORD028543,,0
ORD024689,,0
ORD041930,,0
ORD038631,,0
ORD028303,,0
ORD039471,,0
ORD053389,,0
ORD048277,,0
ORD057843,,0
ORD009991,,0
ORD028808,,0
ORD034843,,0
ORD051488,,0
ORD011377,,0
ORD042171,,0
ORD025472,,0
ORD004483,,0
ORD040542,,0
ORD035496,,0
ORD048374,,0
ORD036956,weight_discrepancy,1
ORD041615,,0
ORD023165,,0
ORD032091,,0
ORD016527,,0
ORD005501,,0
ORD028593,,0
ORD019937,,0
ORD048620,toll_inflation,1
ORD047473,detention_padding,1
ORD001723,,0
ORD031388,,0
ORD014308,,0
ORD020408,,0
ORD014275,detention_padding,1
ORD003492,,0
ORD058430,,0
ORD039843,,0
ORD043388,,0
ORD059264,,0
ORD012354,,0
ORD021222,,0
ORD042250,,0
ORD040747,,0
ORD032968,,0
ORD017787,,0
ORD019269,,0
ORD041840,,0
ORD006363,,0
ORD031148,,0
ORD007331,,0
ORD018222,,0
ORD021791,,0
ORD044800,,0
ORD021962,,0
ORD043803,,0
ORD038344,,0
ORD050207,,0
ORD043504,,0
ORD026659,,0
ORD057654,,0
ORD040418,,0
ORD034647,,0
ORD024430,,0
ORD034237,,0
ORD005649,,0
ORD057593,,0
ORD004638,,0
ORD048562,,0
ORD048588,,0
ORD036654,,0
ORD034450,,0
ORD012437,,0
ORD036553,,0
ORD016662,,0
ORD040608,,0
ORD014930,,0
ORD019288,,0
ORD033936,,0
ORD035847,,0
ORD015195,,0
ORD045776,,0
ORD008050,,0
ORD040926,,0
ORD051708,,0
ORD037903,,0
ORD051852,,0
ORD045699,toll_inflation,1
ORD042381,weight_discrepancy,1
ORD038423,,0
ORD029553,,0
ORD002394,,0
ORD008614,,0
ORD031171,,0
ORD046206,,0
ORD016871,weight_discrepancy,1
ORD055814,,0
ORD030505,detention_padding,1
ORD042309,,0
ORD016674,toll_inflation,1
ORD037961,,0
ORD010214,,0
ORD059431,,0
ORD058534,,0
ORD023243,,0
ORD043555,,0
ORD049903,,0
ORD013392,,0
ORD053908,,0
ORD010944,,0
ORD026817,,0
ORD033331,,0
ORD019868,,0
ORD038859,,0
ORD000602,,0
ORD033122,,0
ORD056751,,0
ORD032892,,0
ORD003685,,0
ORD032769,,0
ORD007002,,0
ORD027306,,0
ORD007262,,0
ORD058756,,0
ORD056690,,0
ORD048308,,0
ORD042676,,0
ORD046427,,0
ORD044240,,0
ORD043247,,0
ORD045050,,0
ORD055806,,0
ORD054744,,0
ORD041557,,0
ORD046824,,0
ORD049564,,0
ORD051443,,0
ORD045314,,0
ORD053049,,0
ORD043656,,0
ORD041740,,0
ORD055778,,0
ORD059738,,0
ORD000001,,0
ORD029273,,0
ORD004644,,0
ORD034371,,0
ORD006071,,0
ORD016807,,0
ORD007426,,0
ORD013434,,0
ORD024002,,0
ORD022556,,0
ORD019055,,0
ORD030966,,0
ORD025535,,0
ORD018063,,0
ORD003657,,0
ORD026803,weight_discrepancy,1
ORD015503,,0
ORD002571,,0
ORD034965,,0
ORD008522,,0
ORD020859,,0
ORD035201,,0
ORD037558,,0
ORD031834,,0
ORD029831,detention_padding,1
ORD033329,,0
ORD027666,,0
ORD023704,,0
ORD002528,,0
ORD035855,,0
ORD040338,,0
ORD013845,,0
ORD016634,,0
ORD000019,,0
ORD014059,,0
ORD027092,,0
ORD008930,,0
ORD001944,,0
ORD020617,,0
ORD018786,,0
ORD001469,,0
ORD020974,,0
ORD018422,,0
ORD005834,,0
ORD040765,,0
ORD000588,,0
ORD002170,,0
ORD020723,,0
ORD014252,,0
ORD027146,,0
ORD047606,weight_discrepancy,1
ORD032595,toll_inflation,1
ORD057070,weight_discrepancy,1
ORD009998,,0
ORD005958,,0
ORD034461,,0
ORD010125,,0
ORD042159,weight_discrepancy,1
ORD002939,,0
ORD052070,,0
ORD005041,,0
ORD035818,,0
ORD011252,,0
ORD041062,,0
ORD026046,,0
ORD019675,,0
ORD050001,,0
ORD027584,,0
ORD024496,,0
ORD037205,,0
ORD027970,,0
ORD009526,,0
ORD033646,,0
ORD050476,,0
ORD048659,,0
ORD007003,,0
ORD037448,,0
ORD054973,,0
ORD022689,detention_padding,1
ORD016899,,0
ORD014091,,0
ORD022115,,0
ORD052349,,0
ORD007536,,0
ORD032031,,0
ORD028304,,0
ORD056112,,0
ORD018958,,0
ORD013512,toll_inflation,1
ORD014251,,0
ORD058981,weight_discrepancy,1
ORD036521,,0
ORD038313,,0
ORD021922,,0
ORD008842,,0
ORD038733,,0
ORD047549,,0
ORD000199,,0
ORD017334,weight_discrepancy,1
ORD041149,,0
ORD048968,,0
ORD036555,,0
ORD028153,,0
ORD031341,,0
ORD016191,,0
ORD007624,,0
ORD005590,,0
ORD030028,,0
ORD014442,,0
ORD008341,,0
ORD008343,,0
ORD058894,,0
ORD034830,,0
ORD026004,,0
ORD023697,,0
ORD029793,,0
ORD049221,,0
ORD037119,,0
ORD059285,,0
ORD011916,,0
ORD001885,,0
ORD004210,,0
ORD046692,,0
ORD011671,,0
ORD037648,,0
ORD003910,,0
ORD035520,,0
ORD048104,,0
ORD022606,,0
ORD040002,,0
ORD048200,,0
ORD059529,,0
ORD050089,,0
ORD013133,,0
ORD024195,,0
ORD003129,,0
ORD035217,,0
ORD030837,,0
ORD047906,,0
ORD020795,,0
ORD003444,,0
ORD015906,,0
ORD034912,,0
ORD051781,,0
ORD012950,,0
ORD026847,,0
ORD001393,,0
ORD013322,,0
ORD048560,,0
ORD054522,toll_inflation,1
ORD046054,,0
ORD057876,,0
ORD023286,detention_padding,1
ORD025039,,0
ORD011336,,0
ORD011008,,0
ORD004850,,0
ORD038721,,0
ORD048876,,0
ORD004565,,0
ORD057081,weight_discrepancy,1
ORD019138,,0
ORD006193,,0
ORD015184,,0
ORD038646,,0
ORD020520,weight_discrepancy,1
ORD038973,,0
ORD025378,,0
ORD009974,,0
ORD036026,,0
ORD038676,,0
ORD042901,weight_discrepancy,1
ORD048570,,0
ORD010806,,0
ORD038753,,0
ORD010752,,0
ORD048633,detention_padding,1
ORD054910,,0
ORD020976,,0
ORD018066,,0
ORD051890,,0
ORD040308,,0
ORD002501,,0
ORD029679,,0
ORD039698,,0
ORD014548,,0
ORD007112,,0
ORD042647,,0
ORD006393,,0
ORD001108,,0
ORD043146,,0
ORD047410,,0
ORD033672,,0
ORD018520,,0
ORD023692,,0
ORD054968,,0
ORD032804,,0
ORD020798,,0
ORD026403,,0
ORD050199,,0
ORD041347,,0
ORD012423,,0
ORD052435,,0
ORD012550,,0
ORD046402,,0
ORD010282,,0
ORD054278,,0
ORD004156,,0
ORD020958,,0
ORD041117,,0
ORD059678,,0
ORD047591,,0
ORD047670,,0
ORD018825,,0
ORD019485,,0
ORD004245,,0
ORD015847,,0
ORD010350,,0
ORD024283,,0
ORD037100,,0
ORD046717,,0
ORD037484,,0
ORD052942,,0
ORD032550,,0
ORD024907,,0
ORD038556,,0
ORD015784,,0
ORD021431,,0
ORD018824,,0
ORD014121,,0
ORD029629,,0
ORD048445,,0
ORD059315,,0
ORD052881,,0
ORD008375,,0
ORD048901,,0
ORD058694,,0
ORD028970,,0
ORD033050,,0
ORD032164,,0
ORD052890,,0
ORD049266,detention_padding,1
ORD006048,,0
ORD049853,,0
ORD033799,,0
ORD040382,,0
ORD043907,,0
ORD005738,,0
ORD021691,,0
ORD020931,,0
ORD010329,,0
ORD001488,,0
ORD010547,,0
ORD041932,,0
ORD034618,,0
ORD038851,,0
ORD038852,,0
ORD008385,,0
ORD053661,,0
ORD059111,detention_padding,1
ORD001951,,0
ORD021734,,0
ORD017491,,0
ORD038942,,0
ORD050635,,0
ORD003396,toll_inflation,1
ORD026158,,0
ORD024164,,0
ORD053193,,0
ORD009691,,0
ORD024157,,0
ORD044238,,0
ORD049587,,0
ORD028005,,0
ORD051866,,0
ORD033950,,0
ORD004966,,0
ORD008552,,0
ORD005030,,0
ORD023523,,0
ORD026472,,0
ORD044057,,0
ORD058043,,0
ORD039313,,0
ORD003107,,0
ORD003138,,0
ORD051519,,0
ORD028231,,0
ORD044870,,0
ORD055735,,0
ORD016358,,0
ORD019909,,0
ORD036652,,0
ORD026997,,0
ORD006068,,0
ORD052699,,0
ORD045104,,0
ORD052228,,0
ORD043887,,0
ORD052460,,0
ORD041386,,0
ORD051832,,0
ORD049703,,0
ORD057366,,0
ORD035741,,0
ORD016737,,0
ORD038486,,0
ORD029330,,0
ORD015028,,0
ORD021903,,0
ORD047935,,0
ORD019458,,0
ORD023532,,0
ORD024273,,0
ORD008580,,0
ORD016623,,0
ORD012001,,0
ORD000747,,0
ORD024980,,0
ORD059972,,0
ORD036372,toll_inflation,1
ORD034335,,0
ORD057063,,0
ORD030129,,0
ORD018973,,0
ORD050222,,0
ORD054944,weight_discrepancy,1
ORD024429,,0
ORD033766,,0
ORD002819,,0
ORD020841,,0
ORD048171,,0
ORD024123,,0
ORD055036,,0
ORD021302,,0
ORD005119,,0
ORD054212,,0
ORD018590,,0
ORD048566,,0
ORD030252,,0
ORD030004,,0
ORD050942,,0
ORD007122,,0
ORD051958,,0
ORD055481,,0
ORD022164,,0
ORD013338,,0
ORD047908,,0
ORD036992,,0
ORD015525,,0
ORD029527,,0
ORD034941,toll_inflation,1
ORD007613,,0
ORD010818,,0
ORD018048,,0
ORD024483,,0
ORD033837,,0
ORD016677,,0
ORD042000,,0
ORD058359,,0
ORD030239,,0
ORD012386,,0
ORD028815,,0
ORD054176,,0
ORD005860,,0
ORD032401,,0
ORD030804,,0
ORD002416,,0
ORD026545,,0
ORD004315,,0
ORD028586,,0
ORD022239,,0
ORD055567,,0
ORD003203,,0
ORD035502,detention_padding,1
ORD004579,,0
ORD031401,,0
ORD033231,,0
ORD035831,,0
ORD022193,,0
ORD006443,,0
ORD035586,,0
ORD013169,,0
ORD018415,,0
ORD028238,,0
ORD058480,,0
ORD036226,,0
ORD026416,,0
ORD039453,,0
ORD037889,,0
ORD035469,,0
ORD004533,toll_inflation,1
ORD035634,,0
ORD048058,,0
ORD029832,,0
ORD028995,,0
ORD057809,,0
ORD033245,,0
ORD007084,,0
ORD023942,,0
ORD000328,,0
ORD031916,,0
ORD021241,,0
ORD040870,,0
ORD015433,,0
ORD033322,,0
ORD023837,,0
ORD019796,,0
ORD032405,,0
ORD023420,,0
ORD045269,,0
ORD015324,,0
ORD049495,,0
ORD008354,,0
ORD031901,,0
ORD043567,,0
ORD019765,,0
ORD022805,,0
ORD007741,,0
ORD013366,,0
ORD034182,,0
ORD059841,,0
ORD030190,,0
ORD036146,,0
ORD005120,,0
ORD055026,detention_padding,1
ORD008819,,0
ORD005388,,0
ORD026003,,0
ORD055170,,0
ORD007054,,0
ORD020190,,0
ORD003912,,0
ORD001359,,0
ORD035582,,0
ORD020906,,0
ORD032487,,0
ORD031908,,0
ORD000702,,0
ORD002518,,0
ORD039342,,0
ORD003416,,0
ORD026672,,0
ORD012431,,0
ORD012619,,0
ORD008925,,0
ORD018693,,0
ORD014463,,0
ORD016226,toll_inflation,1
ORD006571,,0
ORD043809,,0
ORD047784,,0
ORD029615,,0
ORD004133,,0
ORD055636,,0
ORD028115,,0
ORD055314,,0
ORD014087,,0
ORD009315,,0
ORD000673,,0
ORD003313,,0
ORD039708,,0
ORD000553,,0
ORD042475,,0
ORD049659,,0
ORD023828,,0
ORD040886,,0
ORD003893,,0
ORD048211,,0
ORD014449,,0
ORD022228,,0
ORD003769,,0
ORD030401,,0
ORD037288,,0
ORD038039,,0
ORD011180,detention_padding,1
ORD000660,,0
ORD059798,,0
ORD025477,,0
ORD007700,,0
ORD021395,,0
ORD030908,,0
ORD050950,,0
ORD004091,toll_inflation,1
ORD024145,,0
ORD009328,,0
ORD033926,,0
ORD008105,,0
ORD056805,,0
ORD004788,,0
ORD036946,,0
ORD004796,,0
ORD015954,,0
ORD045099,,0
ORD042623,,0
ORD015359,weight_discrepancy,1
ORD040300,,0
ORD017588,,0
ORD002431,,0
ORD054762,,0
ORD021032,,0
ORD022058,,0
ORD014609,,0
ORD019192,,0
ORD026233,,0
ORD015565,,0
ORD009006,,0
ORD021908,,0
ORD055469,,0
ORD025131,,0
ORD037869,,0
ORD043152,,0
ORD050039,,0
ORD017598,,0
ORD003077,,0
ORD018532,,0
ORD025122,,0
ORD045439,,0
ORD039713,,0
ORD006085,,0
ORD018865,,0
ORD028196,,0
ORD016447,,0
ORD059209,,0
ORD029474,,0
ORD033823,,0
ORD005887,,0
ORD018115,,0
ORD059155,,0
ORD002493,,0
ORD031282,,0
ORD018241,,0
ORD037495,,0
ORD006049,,0
ORD055287,,0
ORD048858,,0
ORD009540,,0
ORD002462,,0
ORD039068,,0
ORD029383,,0
ORD030916,,0
ORD008310,,0
ORD017371,,0
ORD052329,detention_padding,1
ORD008923,,0
ORD002844,,0
ORD039396,,0
ORD010505,,0
ORD051432,,0
ORD031616,,0
ORD015721,,0
ORD054426,,0
ORD016663,,0
ORD041851,,0
ORD010552,,0
ORD011440,,0
ORD051992,,0
ORD054061,,0
ORD048885,toll_inflation,1
ORD036613,,0
ORD032730,,0
ORD031138,,0
ORD029888,,0
ORD049823,,0
ORD046583,,0
ORD038098,,0
ORD011149,,0
ORD056923,,0
ORD019541,toll_inflation,1
ORD028437,,0
ORD045254,,0
ORD003675,,0
ORD036611,,0
ORD057227,,0
ORD022841,,0
ORD013682,,0
ORD016451,,0
ORD053640,weight_discrepancy,1
ORD025109,,0
ORD028497,,0
ORD050960,,0
ORD000516,,0
ORD033908,,0
ORD058992,weight_discrepancy,1
ORD047505,,0
ORD059452,,0
ORD029933,detention_padding,1
ORD019353,,0
ORD056051,,0
ORD025658,,0
ORD046815,,0
ORD014649,,0
ORD008382,,0
ORD031272,,0
ORD004399,,0
ORD020420,,0
ORD045784,,0
ORD001385,,0
ORD003668,,0
ORD051869,,0
ORD009069,,0
ORD048293,,0
ORD023467,,0
ORD029384,,0
ORD017444,,0
ORD036786,toll_inflation,1
ORD043514,,0
ORD036804,,0
ORD059365,detention_padding,1
ORD057793,,0
ORD031076,,0
ORD059291,,0
ORD054231,,0
ORD033411,,0
ORD021684,,0
ORD023864,toll_inflation,1
ORD037454,,0
ORD058676,,0
ORD050230,weight_discrepancy,1
ORD043800,,0
ORD023216,,0
ORD042582,,0
ORD009364,,0
ORD003514,,0
ORD001373,detention_padding,1
ORD044666,,0
ORD036492,,0
ORD009537,,0
ORD051333,,0
ORD001954,,0
ORD036641,,0
ORD039687,,0
ORD035156,,0
ORD016316,,0
ORD018636,,0
ORD007976,,0
ORD054420,,0
ORD014914,,0
ORD023868,,0
ORD052915,,0
ORD039424,,0
ORD035568,,0
ORD017843,,0
ORD026271,,0
ORD038092,,0
ORD012874,,0
ORD037764,,0
ORD054717,,0
ORD003312,,0
ORD011345,,0
ORD018844,,0
ORD008001,,0
ORD022836,,0
ORD004858,,0
ORD010583,,0
ORD020353,,0
ORD013415,,0
ORD005677,,0
ORD025356,,0
ORD007433,,0
ORD021997,,0
ORD031678,,0
ORD008410,,0
ORD033168,,0
ORD055175,,0
ORD022952,,0
ORD036168,,0
ORD057610,,0
ORD057639,,0
ORD032839,detention_padding,1
ORD018246,,0
ORD059011,,0
ORD027773,,0
ORD009843,,0
ORD013113,,0
ORD048923,,0
ORD047790,detention_padding,1
ORD049701,,0
ORD002696,,0
ORD001596,,0
ORD050418,,0
ORD053708,,0
ORD000421,,0
ORD001880,,0
ORD048522,,0
ORD002748,,0
ORD059247,,0
ORD005805,,0
ORD050456,,0
ORD005729,,0
ORD035327,,0
ORD026351,,0
ORD002145,,0
ORD000852,,0
ORD001824,,0
ORD031628,,0
ORD021950,,0
ORD056612,,0
ORD028584,,0
ORD029174,,0
ORD036822,,0
ORD037660,,0
ORD002010,,0
ORD020806,,0
ORD010318,,0
ORD027201,weight_discrepancy,1
ORD012631,,0
ORD028603,,0
ORD053818,,0
ORD042893,,0
ORD017831,,0
ORD059694,,0
ORD036929,,0
ORD009886,,0
ORD017505,,0
ORD017121,,0
ORD041779,toll_inflation,1
ORD007272,,0
ORD015262,,0
ORD019780,,0
ORD048649,,0
ORD022668,,0
ORD002362,,0
ORD054564,,0
ORD005056,,0
ORD028144,,0
ORD018142,,0
ORD021702,,0
ORD001722,,0
ORD041977,,0
ORD007969,,0
ORD058998,,0
ORD054498,,0
ORD029900,,0
ORD017041,,0
ORD011527,,0
ORD010420,,0
ORD034065,,0
ORD010461,,0
ORD049973,,0
ORD010942,,0
ORD034003,,0
ORD051427,detention_padding,1
ORD003314,,0
ORD010455,,0
ORD038122,,0
ORD025774,,0
ORD031556,,0
ORD025147,,0
ORD011125,,0
ORD019677,,0
ORD050582,,0
ORD055489,,0
ORD011123,,0
ORD034122,,0
ORD057477,toll_inflation,1
ORD047108,,0
ORD033417,,0
ORD023992,,0
ORD046661,,0
ORD049885,,0
ORD010987,,0
ORD003635,,0
ORD021067,toll_inflation,1
ORD046630,,0
ORD048651,,0
ORD029352,,0
ORD019663,,0
ORD056933,,0
ORD043258,,0
ORD020343,,0
ORD009354,,0
ORD040030,,0
ORD015959,,0
ORD007340,,0
ORD045633,,0
ORD044430,,0
ORD002632,,0
ORD055908,,0
ORD034861,,0
ORD056536,,0
ORD028283,,0
ORD058814,,0
ORD021662,,0
ORD042167,,0
ORD059358,,0
ORD058578,,0
ORD007036,,0
ORD027223,,0
ORD045313,,0
ORD011276,,0
ORD030724,,0
ORD035386,,0
ORD011303,,0
ORD058065,,0
ORD039836,,0
ORD039074,,0
ORD040950,,0
ORD014126,,0
ORD036823,,0
ORD046454,,0
ORD027926,,0
ORD020128,,0
ORD049115,,0
ORD037479,,0
ORD044583,,0
ORD003126,,0
ORD056201,,0
ORD004577,,0
ORD044735,,0
ORD046946,,0
ORD027122,,0
ORD034823,,0
ORD008993,,0
ORD045120,,0
ORD051759,,0
ORD013459,,0
ORD039975,,0
ORD047657,detention_padding,1
ORD028002,,0
ORD039991,,0
ORD038038,,0
ORD043053,,0
ORD058499,,0
ORD028991,,0
ORD055784,,0
ORD016896,,0
ORD050893,,0
ORD037405,,0
ORD036926,,0
ORD043888,,0
ORD055938,,0
ORD019625,,0
ORD003710,,0
ORD056669,,0
ORD056875,,0
ORD044490,,0
ORD000121,,0
ORD040467,detention_padding,1
ORD049997,,0
ORD037469,,0
ORD034541,,0
ORD047287,,0
ORD006874,,0
ORD025967,,0
ORD056416,,0
ORD008407,,0
ORD041669,,0
ORD026236,,0
ORD051143,,0
ORD005731,,0
ORD044622,,0
ORD022714,,0
ORD033407,,0
ORD044744,,0
ORD049530,,0
ORD033730,,0
ORD038016,,0
ORD011763,,0
ORD032167,,0
ORD013146,,0
ORD004410,,0
ORD039898,,0
ORD028773,,0
ORD000090,,0
ORD009567,,0
ORD010608,,0
ORD040610,,0
ORD040611,weight_discrepancy,1
ORD019608,,0
ORD057770,,0
ORD034165,,0
ORD032148,,0
ORD031597,,0
ORD042667,,0
ORD021370,,0
ORD040371,,0
ORD009383,,0
ORD053122,,0
ORD009400,,0
ORD059949,,0
ORD050061,,0
ORD018561,,0
ORD043959,,0
ORD050300,,0
ORD056058,,0
ORD010207,,0
ORD010845,,0
ORD023670,,0
ORD039069,,0
ORD001444,,0
ORD049478,,0
ORD025014,,0
ORD035914,,0
ORD028852,,0
ORD025541,,0
ORD002568,,0
ORD050493,,0
ORD037870,,0
ORD021377,,0
ORD001299,,0
ORD014420,,0
ORD000149,,0
ORD054613,,0
ORD034310,,0
ORD029890,,0
ORD042712,,0
ORD013538,,0
ORD028209,,0
ORD019207,,0
ORD040505,,0
ORD012958,,0
ORD036325,,0
ORD047642,,0
ORD041378,,0
ORD055677,,0
ORD030615,,0
ORD057144,,0
ORD038132,,0
ORD032078,,0
ORD002029,,0
ORD022224,,0
ORD015361,,0
ORD028790,,0
ORD031338,,0
ORD040873,,0
ORD031592,,0
ORD002533,,0
ORD049870,,0
ORD018348,,0
ORD001547,,0
ORD054808,,0
ORD019839,,0
ORD038502,,0
ORD048771,,0
ORD046525,,0
ORD041642,,0
ORD018791,,0
ORD054349,,0
ORD028573,,0
ORD058357,,0
ORD053690,,0
ORD014742,,0
ORD003796,,0
ORD028498,,0
ORD037184,,0
ORD048236,,0
ORD036373,,0
ORD039860,,0
ORD046278,,0
ORD003289,,0
ORD042248,,0
ORD035300,,0
ORD007111,,0
ORD051725,,0
ORD054072,,0
ORD003557,,0
ORD050040,,0
ORD059096,weight_discrepancy,1
ORD039877,,0
ORD041617,,0
ORD042198,,0
ORD012686,,0
ORD018714,,0
ORD000847,,0
ORD022417,,0
ORD038341,,0
ORD045639,,0
ORD015014,,0
ORD056331,,0
ORD045610,,0
ORD041632,,0
ORD015074,,0
ORD045637,,0
ORD020151,,0
ORD057878,,0
ORD005294,,0
ORD048767,,0
ORD059882,,0
ORD040795,,0
ORD009382,,0
ORD009077,,0
ORD052824,,0
ORD013456,,0
ORD054411,,0
ORD042949,,0
ORD010222,,0
ORD025344,,0
ORD005018,,0
ORD011211,,0
ORD021965,,0
ORD045043,,0
ORD040603,,0
ORD032211,,0
ORD038209,,0
ORD043737,,0
ORD018881,toll_inflation,1
ORD028322,,0
ORD053428,,0
ORD019446,,0
ORD018473,,0
ORD013611,toll_inflation,1
ORD059667,detention_padding,1
ORD001136,,0
ORD003016,weight_discrepancy,1
ORD047660,,0
ORD037581,,0
ORD047252,,0
ORD035059,,0
ORD054648,,0
ORD014467,,0
ORD026091,,0
ORD018860,,0
ORD005469,,0
ORD054589,,0
ORD052040,,0
ORD050237,,0
ORD058871,,0
ORD010636,,0
ORD054800,,0
ORD020469,,0
ORD031801,,0
ORD013503,,0
ORD001626,,0
ORD028465,,0
ORD035220,,0
ORD058816,,0
ORD046726,,0
ORD002453,,0
ORD030080,,0
ORD003121,,0
ORD025200,,0
ORD036511,,0
ORD010412,detention_padding,1
ORD051033,,0
ORD027229,,0
ORD054446,,0
ORD057299,,0
ORD050725,,0
ORD003550,,0
ORD049980,detention_padding,1
ORD040828,,0
ORD016584,,0
ORD023715,,0
ORD014213,,0
ORD017065,,0
ORD006171,,0
ORD035604,,0
ORD049330,,0
ORD002737,,0
ORD001930,,0
ORD057319,weight_discrepancy,1
ORD006990,,0
ORD014088,,0
ORD017685,,0
ORD001402,,0
ORD056056,detention_padding,1
ORD058876,,0
ORD022661,,0
ORD015395,,0
ORD018933,,0
ORD011670,,0
ORD021728,,0
ORD040980,,0
ORD005499,,0
ORD033822,,0
ORD015980,,0
ORD037849,,0
ORD014713,,0
ORD015961,,0
ORD044754,,0
ORD021454,,0
ORD014346,,0
ORD026625,,0
ORD053531,,0
ORD056876,,0
ORD045865,,0
ORD014183,,0
ORD032145,,0
ORD053170,,0
ORD006865,,0
ORD011004,,0
ORD030910,,0
ORD046782,,0
ORD031957,,0
ORD002474,,0
ORD053831,,0
ORD029904,,0
ORD056371,,0
ORD002651,,0
ORD056312,,0
ORD032957,,0
ORD028791,,0
ORD038321,,0
ORD016998,,0
ORD046479,,0
ORD024849,,0
ORD027412,,0
ORD022367,weight_discrepancy,1
ORD013435,,0
ORD047253,,0
ORD038639,,0
ORD035650,,0
ORD052266,,0
ORD006012,,0
ORD011044,,0
ORD013965,,0
ORD005503,,0
ORD035735,,0
ORD016090,,0
ORD047728,,0
ORD038728,,0
ORD023987,,0
ORD049170,,0
ORD051548,,0
ORD005062,,0
ORD045563,,0
ORD046961,,0
ORD043770,,0
ORD030260,,0
ORD046547,,0
ORD036038,,0
ORD007431,,0
ORD029810,,0
ORD056148,,0
ORD029592,,0
ORD016606,,0
ORD029593,,0
ORD021255,,0
ORD058398,,0
ORD045365,,0
ORD059446,,0
ORD022578,,0
ORD043967,,0
ORD051082,,0
ORD035063,,0
ORD025714,,0
ORD014160,,0
ORD042523,,0
ORD057311,,0
ORD042907,,0
ORD019425,,0
ORD011932,,0
ORD043857,,0
ORD020826,,0
ORD000900,toll_inflation,1
ORD047811,,0
ORD011768,,0
ORD051365,,0
ORD005732,,0
ORD046472,,0
ORD037820,,0
ORD011818,,0
ORD045462,,0
ORD003722,,0
ORD049000,,0
ORD042179,,0
ORD037819,,0
ORD056455,,0
ORD042281,,0
ORD032357,,0
ORD049072,,0
ORD032130,,0
ORD003286,,0
ORD029097,,0
ORD043843,,0
ORD041114,toll_inflation,1
ORD022706,,0
ORD016147,,0
ORD018688,,0
ORD041059,,0
ORD015375,,0
ORD031274,,0
ORD049656,,0
ORD059888,,0
ORD016067,weight_discrepancy,1
ORD043394,detention_padding,1
ORD003528,,0
ORD000072,,0
ORD053637,,0
ORD045332,,0
ORD032582,,0
ORD040293,,0
ORD025576,,0
ORD038420,,0
ORD025594,,0
ORD015017,,0
ORD054959,,0
ORD014608,,0
ORD006893,,0
ORD017573,,0
ORD047182,,0
ORD012429,,0
ORD018450,,0
ORD039787,,0
ORD033397,,0
ORD051920,,0
ORD036333,,0
ORD032135,,0
ORD012975,,0
ORD023204,,0
ORD054466,,0
ORD039780,,0
ORD022947,,0
ORD051750,,0
ORD009413,,0
ORD013546,,0
ORD056507,,0
ORD029202,,0
ORD059927,,0
ORD057089,,0
ORD033731,,0
ORD035877,,0
ORD019324,,0
ORD001128,,0
ORD008042,,0
ORD014735,,0
ORD023674,,0
ORD054653,,0
ORD051446,,0
ORD042388,,0
ORD056441,,0
ORD033958,,0
ORD059522,,0
ORD012988,,0
ORD050867,,0
ORD018675,,0
ORD005540,,0
ORD016514,,0
ORD041250,,0
ORD015932,toll_inflation,1
ORD042861,,0
ORD013442,,0
ORD010861,weight_discrepancy,1
ORD043417,,0
ORD023111,,0
ORD037444,,0
ORD035620,,0
ORD031252,,0
ORD040299,,0
ORD027755,,0
ORD006745,,0
ORD028201,,0
ORD032399,,0
ORD021576,,0
ORD022618,weight_discrepancy,1
ORD030962,,0
ORD000136,,0
ORD010151,,0
ORD015580,,0
ORD057281,,0
ORD023295,toll_inflation,1
ORD048018,,0
ORD029035,,0
ORD008268,,0
ORD024564,,0
ORD055991,,0
ORD057651,,0
ORD004192,,0
ORD050705,,0
ORD033756,,0
ORD054169,,0
ORD011895,,0
ORD058208,,0
ORD001632,,0
ORD014792,,0
ORD041443,,0
ORD016529,,0
ORD019714,,0
ORD012805,,0
ORD026180,,0
ORD016288,,0
ORD056919,,0
ORD055334,,0
ORD000904,,0
ORD035341,,0
ORD046225,,0
ORD000958,,0
ORD042890,,0
ORD050473,,0
ORD028043,,0
ORD022406,,0
ORD014992,,0
ORD025783,,0
ORD013151,,0
ORD026965,,0
ORD026961,,0
ORD041317,,0
ORD022898,,0
ORD010131,,0
ORD031867,,0
ORD015440,,0
ORD024073,,0
ORD038961,,0
ORD046167,,0
ORD013365,,0
ORD037001,,0
ORD049490,,0
ORD039108,,0
ORD032169,,0
ORD016051,,0
ORD000446,,0
ORD019763,,0
ORD030665,,0
ORD030265,,0
ORD030326,,0
ORD053204,,0
ORD053660,,0
ORD057329,,0
ORD053844,,0
ORD010288,,0
ORD015656,,0
ORD027798,,0
ORD048856,,0
ORD014155,,0
ORD005935,,0
ORD054886,,0
ORD031285,,0
ORD055763,,0
ORD017509,detention_padding,1
ORD001254,,0
ORD045931,,0
ORD051797,,0
ORD035170,,0
ORD035860,,0
ORD037844,,0
ORD015151,,0
ORD044823,,0
ORD003921,,0
ORD009667,,0
ORD008531,,0
ORD016177,,0
ORD019437,,0
ORD049571,,0
ORD035771,,0
ORD009894,,0
ORD007991,weight_discrepancy,1
ORD050200,,0
ORD049993,,0
ORD030003,weight_discrepancy,1
ORD032316,,0
ORD024846,,0
ORD054422,,0
ORD020558,,0
ORD008669,,0
ORD002131,weight_discrepancy,1
ORD017066,,0
ORD000947,,0
ORD030742,,0
ORD037430,,0
ORD040471,,0
ORD025360,,0
ORD023310,,0
ORD052979,,0
ORD054365,,0
ORD058451,,0
ORD034043,,0
ORD040654,,0
ORD046137,,0
ORD028755,,0
ORD036843,,0
ORD058440,,0
ORD021468,,0
ORD001051,,0
ORD024183,,0
ORD051799,,0
ORD020431,toll_inflation,1
ORD000007,,0
ORD053729,,0
ORD043159,,0
ORD028480,,0
ORD042203,,0
ORD009560,,0
ORD056909,,0
ORD024393,,0
ORD008401,,0
ORD021436,,0
ORD019617,,0
ORD004923,,0
ORD038952,,0
ORD011287,,0
ORD037429,,0
ORD013517,,0
ORD016187,,0
ORD032572,,0
ORD029577,,0
ORD034929,,0
ORD049443,weight_discrepancy,1
ORD016812,,0
ORD015407,,0
ORD057905,,0
ORD042831,,0
ORD038634,,0
ORD043866,,0
ORD015507,,0
ORD010156,,0
ORD038745,,0
ORD010565,,0
ORD022195,,0
ORD005511,,0
ORD034802,weight_discrepancy,1
ORD039279,,0
ORD047928,,0
ORD045975,,0
ORD009020,,0
ORD017372,,0
ORD006587,,0
ORD007897,,0
ORD008637,,0
ORD049653,,0
ORD055548,,0
ORD049382,,0
ORD009334,,0
ORD038167,,0
ORD036917,,0
ORD017583,,0
ORD024607,,0
ORD033012,,0
ORD017494,,0
ORD050625,,0
ORD004023,,0
ORD016966,,0
ORD021133,,0
ORD052500,,0
ORD027466,,0
ORD044725,,0
ORD005140,,0
ORD028974,,0
ORD001268,,0
ORD004871,,0
ORD011327,weight_discrepancy,1
ORD025602,,0
ORD004676,,0
ORD027084,,0
ORD041579,,0
ORD033797,,0
ORD018719,,0
ORD004106,,0
ORD018658,,0
ORD012021,,0
ORD039984,,0
ORD022345,toll_inflation,1
ORD022415,weight_discrepancy,1
ORD054344,,0
ORD048247,,0
ORD042244,,0
ORD028530,,0
ORD003587,,0
ORD003411,,0
ORD047230,,0
ORD005500,,0
ORD001884,,0
ORD036280,,0
ORD024918,,0
ORD000299,,0
ORD051774,,0
ORD035126,,0
ORD037384,,0
ORD011127,,0
ORD039517,,0
ORD014581,,0
ORD022344,,0
ORD006250,detention_padding,1
ORD031680,,0
ORD017040,,0
ORD023593,,0
ORD050454,,0
ORD052180,,0
ORD044997,,0
ORD000094,,0
ORD004109,,0
ORD014334,,0
ORD013298,,0
ORD024228,,0
ORD057039,,0
ORD051235,,0
ORD047729,,0
ORD027191,,0
ORD002230,,0
ORD040445,,0
ORD027649,,0
ORD045808,,0
ORD023404,,0
ORD049337,detention_padding,1
ORD021565,,0
ORD041694,,0
ORD035376,toll_inflation,1
ORD003540,,0
ORD029048,,0
ORD023958,,0
ORD045718,,0
ORD017506,,0
ORD010415,,0
ORD006179,,0
ORD005544,,0
ORD009370,,0
ORD027737,,0
ORD026443,,0
ORD008559,,0
ORD041674,,0
ORD020996,,0
ORD051805,,0
ORD016261,,0
ORD020224,,0
ORD042736,,0
ORD017174,,0
ORD009570,,0
ORD004278,toll_inflation,1
ORD007387,,0
ORD048097,,0
ORD032538,,0
ORD017176,,0
ORD054005,,0
ORD017244,,0
ORD008429,,0
ORD002051,,0
ORD008953,,0
ORD018766,,0
ORD018562,,0
ORD013348,,0
ORD028426,,0
ORD042874,weight_discrepancy,1
ORD022696,,0
ORD007056,,0
ORD029664,,0
ORD023812,,0
ORD037998,,0
ORD039634,,0
ORD031827,,0
ORD013220,,0
ORD010469,,0
ORD033767,,0
ORD017168,,0
ORD035009,,0
ORD058900,,0
ORD037412,,0
ORD021963,,0
ORD014543,,0
ORD024717,,0
ORD000768,,0
ORD057602,,0
ORD008918,,0
ORD014965,,0
ORD000952,,0
ORD041759,,0
ORD044669,,0
ORD003520,,0
ORD051612,,0
ORD039124,,0
ORD010034,,0
ORD031073,,0
ORD030911,,0
ORD044901,,0
ORD043466,,0
ORD028404,,0
ORD036529,,0
ORD022434,,0
ORD037189,,0
ORD041013,,0
ORD043757,,0
ORD029004,,0
ORD039888,,0
ORD051535,,0
ORD006848,,0
ORD033686,,0
ORD031571,,0
ORD044331,,0
ORD020549,detention_padding,1
ORD032930,,0
ORD051389,,0
ORD028547,,0
ORD005515,,0
ORD028600,,0
ORD050885,,0
ORD012454,,0
ORD050025,,0
ORD045147,,0
ORD055829,,0
ORD012531,,0
ORD014940,,0
ORD058532,,0
ORD024136,,0
ORD018476,,0
ORD001039,,0
ORD036273,,0
ORD010780,,0
ORD035485,,0
ORD011171,,0
ORD048152,toll_inflation,1
ORD029784,,0
ORD020588,,0
ORD054794,weight_discrepancy,1
ORD021986,,0
ORD008275,,0
ORD031978,,0
ORD052206,weight_discrepancy,1
ORD051602,,0
ORD035966,toll_inflation,1
ORD015971,,0
ORD025362,,0
ORD037608,,0
ORD047244,,0
ORD048519,,0
ORD036243,,0
ORD029516,,0
ORD024608,,0
ORD011946,,0
ORD018016,,0
ORD036024,,0
ORD013185,,0
ORD047432,,0
ORD018551,,0
ORD021223,,0
ORD032363,,0
ORD028070,,0
ORD037917,,0
ORD024303,,0
ORD029481,,0
ORD024248,,0
ORD013733,,0
ORD027145,,0
ORD021928,,0
ORD021151,,0
ORD021366,,0
ORD000859,,0
ORD041441,,0
ORD002273,,0
ORD047917,,0
ORD020892,,0
ORD059213,,0
ORD000308,,0
ORD013377,,0
ORD040786,,0
ORD008737,,0
ORD037502,,0
ORD052821,,0
ORD039945,,0
ORD014325,,0
ORD030658,toll_inflation,1
ORD041686,,0
ORD031974,,0
ORD045667,,0
ORD030055,,0
ORD003127,,0
ORD054821,,0
ORD042556,,0
ORD019760,,0
ORD049633,,0
ORD024664,,0
ORD011322,,0
ORD011732,,0
ORD024786,,0
ORD005217,,0
ORD033478,,0
ORD020443,,0
ORD006858,,0
ORD023149,,0
ORD011086,,0
ORD050052,,0
ORD026248,,0
ORD045852,,0
ORD024949,,0
ORD006595,,0
ORD031266,,0
ORD031847,,0
ORD025966,,0
ORD031005,,0
ORD021883,,0
ORD016555,,0
ORD029548,,0
ORD003577,,0
ORD052527,,0
ORD024475,,0
ORD048300,,0
ORD053485,,0
ORD039062,,0
ORD032828,,0
ORD028931,,0
ORD001427,,0
ORD050395,,0
ORD032990,,0
ORD007259,,0
ORD059376,,0
ORD053576,,0
ORD028751,,0
ORD020025,,0
ORD032894,,0
ORD017659,,0
ORD050869,,0
ORD044372,,0
ORD013893,,0
ORD057390,weight_discrepancy,1
ORD018486,,0
ORD020929,,0
ORD008423,,0
ORD053079,,0
ORD028606,,0
ORD002088,,0
ORD029142,,0
ORD046148,,0
ORD052207,,0
ORD058349,,0
ORD027717,,0
ORD037271,,0
ORD051131,,0
ORD048937,,0
ORD012239,,0
ORD017311,,0
ORD041279,,0
ORD046011,,0
ORD030410,,0
ORD047045,,0
ORD010706,,0
ORD007063,,0
ORD031026,,0
ORD019381,,0
ORD016359,,0
ORD042312,,0
ORD041813,,0
ORD019252,,0
ORD017351,,0
ORD040535,,0
ORD035987,,0
ORD004772,,0
ORD058418,,0
ORD016019,,0
ORD041424,,0
ORD006485,,0
ORD024784,,0
ORD014294,,0
ORD038408,,0
ORD030063,,0
ORD036355,,0
ORD008444,,0
ORD059823,,0
ORD020294,,0
ORD044792,detention_padding,1
ORD049404,,0
ORD050532,,0
ORD047775,,0
ORD019082,,0
ORD045711,,0
ORD001379,,0
ORD056187,,0
ORD051024,detention_padding,1
ORD024798,,0
ORD049711,,0
ORD042973,,0
ORD008710,,0
ORD048709,,0
ORD042981,,0
ORD015945,,0
ORD021670,,0
ORD001253,,0
ORD016885,,0
ORD046876,,0
ORD010797,,0
ORD004467,,0
ORD051093,,0
ORD006577,,0
ORD012721,,0
ORD004160,,0
ORD017649,,0
ORD026801,,0
ORD012861,,0
ORD033736,,0
ORD006824,,0
ORD052166,,0
ORD039395,,0
ORD020632,,0
ORD046499,,0
ORD009086,,0
ORD016513,,0
ORD023632,,0
ORD042354,,0
ORD025842,detention_padding,1
ORD003892,,0
ORD004443,,0
ORD058970,weight_discrepancy,1
ORD028716,,0
ORD039459,,0
ORD038000,,0
ORD036931,,0
ORD058016,,0
ORD044299,,0
ORD002343,,0
ORD039456,detention_padding,1
ORD053315,,0
ORD025890,,0
ORD026607,,0
ORD029359,,0
ORD035113,toll_inflation,1
ORD006122,,0
ORD025205,,0
ORD021501,,0
ORD042730,,0
ORD005280,,0
ORD045141,,0
ORD021509,weight_discrepancy,1
ORD053248,,0
ORD024156,,0
ORD041455,,0
ORD043115,,0
ORD046637,,0
ORD029180,,0
ORD023635,,0
ORD039640,,0
ORD041374,detention_padding,1
ORD037883,,0
ORD008442,,0
ORD042844,,0
ORD059763,,0
ORD047634,,0
ORD000297,,0
ORD036312,,0
ORD051396,,0
ORD018045,,0
ORD043085,,0
ORD046183,,0
ORD003122,,0
ORD036054,,0
ORD015149,,0
ORD000483,,0
ORD050906,,0
ORD036053,,0
ORD041056,,0
ORD023824,,0
ORD022848,,0
ORD055943,,0
ORD035961,,0
ORD021706,,0
ORD054858,,0
ORD013279,,0
ORD042554,detention_padding,1
ORD007567,,0
ORD030288,,0
ORD055931,,0
ORD025505,,0
ORD057055,,0
ORD054790,,0
ORD001823,,0
ORD043695,,0
ORD047259,,0
ORD037763,,0
ORD041842,,0
ORD041943,,0
ORD013673,,0
ORD007794,,0
ORD049270,,0
ORD019681,,0
ORD030852,,0
ORD028622,,0
ORD032250,,0
ORD021389,,0
ORD057543,,0
ORD049693,,0
ORD004256,,0
ORD039844,,0
ORD026422,,0
ORD058552,,0
ORD041454,,0
ORD038143,,0
ORD049952,,0
ORD043830,,0
ORD059957,,0
ORD012392,detention_padding,1
ORD020484,,0
ORD005868,,0
ORD027841,,0
ORD003343,,0
ORD012333,,0
ORD022494,,0
ORD050732,,0
ORD007292,,0
ORD044851,,0
ORD025560,,0
ORD026122,,0
ORD003521,,0
ORD051918,,0
ORD029341,,0
ORD024843,,0
ORD034362,toll_inflation,1
ORD030250,,0
ORD025160,weight_discrepancy,1
ORD018148,,0
ORD038786,,0
ORD057177,,0
ORD043073,,0
ORD057779,,0
ORD033866,,0
ORD024590,,0
ORD041180,,0
ORD047889,,0
ORD051293,,0
ORD039894,,0
ORD017593,,0
ORD041196,,0
ORD039906,,0
ORD054115,,0
ORD043469,toll_inflation,1
ORD015059,,0
ORD025886,,0
ORD040970,,0
ORD039439,,0
ORD020360,,0
ORD050844,,0
ORD036587,,0
ORD044529,,0
ORD052474,,0
ORD037348,,0
ORD044413,,0
ORD054645,,0
ORD043986,weight_discrepancy,1
ORD010037,,0
ORD010869,,0
ORD037000,,0
ORD046467,,0
ORD020271,,0
ORD054034,,0
ORD030521,,0
ORD031480,,0
ORD050085,,0
ORD016992,,0
ORD036311,,0
ORD049593,,0
ORD022065,,0
ORD010083,,0
ORD015521,,0
ORD021275,,0
ORD022711,,0
ORD023017,,0
ORD015732,,0
ORD009010,,0
ORD034466,,0
ORD036886,,0
ORD038703,,0
ORD018702,,0
ORD002459,,0
ORD001384,,0
ORD024613,,0
ORD051952,,0
ORD002948,,0
ORD051941,,0
ORD000626,,0
ORD037618,,0
ORD026193,,0
ORD004193,,0
ORD057192,,0
ORD040780,,0
ORD027694,toll_inflation,1
ORD001751,,0
ORD042994,,0
ORD047075,,0
ORD019546,,0
ORD026034,,0
ORD001912,,0
ORD042882,,0
ORD045756,,0
ORD040295,,0
ORD042108,,0
ORD058560,,0
ORD041568,,0
ORD058686,,0
ORD031639,,0
ORD050225,,0
ORD056128,,0
ORD058323,,0
ORD016168,,0
ORD008788,,0
ORD055011,,0
ORD005075,,0
ORD012205,,0
ORD037765,,0
ORD026676,,0
ORD012675,,0
ORD028928,,0
ORD010243,,0
ORD023694,,0
ORD036214,,0
ORD051566,toll_inflation,1
ORD030474,,0
ORD022492,,0
ORD003247,,0
ORD045703,,0
ORD029554,weight_discrepancy,1
ORD003254,,0
ORD002655,,0
ORD037085,toll_inflation,1
ORD031519,,0
ORD002614,,0
ORD007616,,0
ORD046355,weight_discrepancy,1
ORD059726,,0
ORD027936,,0
ORD011076,,0
ORD037628,,0
ORD058361,,0
ORD039514,,0
ORD017686,,0
ORD008091,,0
ORD024813,,0
ORD049352,,0
ORD008523,,0
ORD008287,,0
ORD001738,,0
ORD043889,,0
ORD008285,,0
ORD035713,,0
ORD016824,,0
ORD013985,,0
ORD008469,,0
ORD002401,,0
ORD008413,,0
ORD000086,,0
ORD056311,,0
ORD017111,,0
ORD032011,,0
ORD018379,,0
ORD039422,,0
ORD038224,,0
ORD002069,,0
ORD049772,,0
ORD023946,,0
ORD000942,,0
ORD047749,,0
ORD010579,,0
ORD045081,,0
ORD023197,,0
ORD027909,,0
ORD051104,,0
ORD039472,,0
ORD051638,,0
ORD051420,,0
ORD032960,,0
ORD032282,,0
ORD047499,,0
ORD031354,toll_inflation,1
ORD055157,,0
ORD036376,detention_padding,1
ORD007469,,0
ORD014775,,0
ORD036384,,0
ORD031982,,0
ORD057373,,0
ORD058489,,0
ORD017126,,0
ORD040076,,0
ORD016580,,0
ORD047651,,0
ORD058809,,0
ORD026558,,0
ORD015294,,0
ORD023917,,0
ORD041224,,0
ORD059269,,0
ORD041758,,0
ORD055746,,0
ORD025924,,0
ORD008707,,0
ORD034662,,0
ORD042175,,0
ORD040733,,0
ORD036563,,0
ORD000557,,0
ORD033717,,0
ORD018339,,0
ORD025079,,0
ORD000364,,0
ORD011488,,0
ORD038377,,0
ORD040960,,0
ORD033468,,0
ORD004668,,0
ORD003059,,0
ORD049178,,0
ORD014513,,0
ORD025050,,0
ORD011507,,0
ORD048893,,0
ORD041897,,0
ORD027074,,0
ORD055508,,0
ORD017166,,0
ORD057201,,0
ORD026840,,0
ORD013353,,0
ORD042042,detention_padding,1
ORD040244,,0
ORD029200,,0
ORD010180,,0
ORD026747,,0
ORD010212,,0
ORD030853,,0
ORD019542,,0
ORD036452,,0
ORD055417,,0
ORD010417,,0
ORD020481,,0
ORD028414,,0
ORD019583,,0
ORD042860,,0
ORD001518,,0
ORD015902,,0
ORD039903,,0
ORD018571,,0
ORD008986,,0
ORD012425,,0
ORD042316,,0
ORD036117,,0
ORD012335,,0
ORD008736,,0
ORD035507,detention_padding,1
ORD003795,,0
ORD000532,,0
ORD012219,,0
ORD000362,,0
ORD059839,,0
ORD016608,,0
ORD015768,,0
ORD042626,,0
ORD051908,,0
ORD004825,,0
ORD048518,,0
ORD004188,,0
ORD011692,,0
ORD051414,,0
ORD054896,,0
ORD025651,,0
ORD025701,,0
ORD004559,,0
ORD008381,,0
ORD035798,,0
ORD027774,,0
ORD035233,,0
ORD029803,,0
ORD035489,,0
ORD023741,,0
ORD020134,,0
ORD014719,,0
ORD014716,weight_discrepancy,1
ORD055925,detention_padding,1
ORD046425,,0
ORD029322,,0
ORD003124,,0
ORD058668,,0
ORD054658,,0
ORD023976,weight_discrepancy,1
ORD021796,,0
ORD023598,,0
ORD021358,,0
ORD038046,,0
ORD022095,,0
ORD005423,,0
ORD035609,,0
ORD059845,,0
ORD012657,,0
ORD005442,,0
ORD041709,,0
ORD001757,,0
ORD023481,,0
ORD051537,,0
ORD017139,,0
ORD010606,,0
ORD041934,,0
ORD013686,,0
ORD015911,,0
ORD038586,,0
ORD057109,,0
ORD053740,toll_inflation,1
ORD042516,,0
ORD043383,,0
ORD004361,,0
ORD002338,,0
ORD028848,,0
ORD018001,,0
ORD000881,,0
ORD047503,,0
ORD043551,,0
ORD000683,,0
ORD037926,,0
ORD026655,toll_inflation,1
ORD012446,,0
ORD020150,,0
ORD037928,,0
ORD009356,,0
ORD039686,,0
ORD036300,,0
ORD043601,,0
ORD003146,,0
ORD014471,,0
ORD040140,,0
ORD020691,,0
ORD036202,weight_discrepancy,1
ORD008931,weight_discrepancy,1
ORD035500,,0
ORD031582,,0
ORD010902,,0
ORD016243,,0
ORD038809,,0
ORD016517,,0
ORD045839,,0
ORD043922,,0
ORD005422,,0
ORD030595,,0
ORD039211,,0
ORD002015,,0
ORD051171,,0
ORD031725,,0
ORD039300,,0
ORD034990,,0
ORD032781,,0
ORD012954,,0
ORD005771,,0
ORD042674,,0
ORD030374,,0
ORD054460,,0
ORD012355,,0
ORD006416,,0
ORD042838,,0
ORD026552,,0
ORD024720,,0
ORD005264,,0
ORD028420,,0
ORD028923,,0
ORD024872,,0
ORD018770,,0
ORD032566,,0
ORD024926,,0
ORD049351,detention_padding,1
ORD032891,,0
ORD050521,,0
ORD049184,,0
ORD056967,,0
ORD057026,,0
ORD053121,,0
ORD053675,,0
ORD047734,,0
ORD043538,,0
ORD008010,,0
ORD059628,,0
ORD032032,,0
ORD051507,,0
ORD009102,,0
ORD001558,,0
ORD008197,,0
ORD014898,,0
ORD043634,,0
ORD056137,,0
ORD049280,,0
ORD008369,,0
ORD052376,,0
ORD007244,,0
ORD000048,,0
ORD001357,,0
ORD031896,,0
ORD037127,,0
ORD022690,,0
ORD049872,,0
ORD024881,,0
ORD043508,,0
ORD017271,,0
ORD042323,toll_inflation,1
ORD030844,,0
ORD048766,,0
ORD034616,,0
ORD019137,detention_padding,1
ORD021415,,0
ORD032754,,0
ORD023830,,0
ORD002585,,0
ORD048119,,0
ORD000682,,0
ORD028983,,0
ORD049691,,0
ORD044632,,0
ORD056542,,0
ORD026687,,0
ORD003627,,0
ORD053810,weight_discrepancy,1
ORD048879,,0
ORD022206,,0
ORD013969,,0
ORD055537,,0
ORD047989,,0
ORD046524,,0
ORD009163,,0
ORD041005,,0
ORD013625,,0
ORD028499,,0
ORD049928,,0
ORD054341,,0
ORD048831,,0
ORD010713,,0
ORD049969,,0
ORD015608,,0
ORD031334,,0
ORD059476,,0
ORD040558,,0
ORD038077,,0
ORD038528,,0
ORD046245,,0
ORD015741,,0
ORD058514,,0
ORD045983,,0
ORD026873,,0
ORD022833,,0
ORD026052,toll_inflation,1
ORD003073,,0
ORD025123,,0
ORD039867,,0
ORD036989,,0
ORD036963,,0
ORD021603,,0
ORD050084,,0
ORD059666,,0
ORD017342,,0
ORD049469,,0
ORD012600,detention_padding,1
ORD036102,,0
ORD018512,,0
ORD019423,,0
ORD041777,,0
ORD045016,,0
ORD005163,,0
ORD045212,,0
ORD003167,,0
ORD057449,toll_inflation,1
ORD019041,,0
ORD012312,,0
ORD031472,,0
ORD027250,weight_discrepancy,1
ORD049576,,0
ORD006488,,0
ORD031846,,0
ORD044534,,0
ORD041515,,0
ORD045360,,0
ORD055501,,0
ORD045367,,0
ORD051485,,0
ORD040229,,0
ORD000194,,0
ORD044869,,0
ORD006544,,0
ORD022835,,0
ORD051244,weight_discrepancy,1
ORD009887,,0
ORD030306,,0
ORD003817,,0
ORD014270,,0
ORD006570,,0
ORD041950,,0
ORD031861,,0
ORD041533,,0
ORD018466,,0
ORD054924,,0
ORD028234,,0
ORD004751,,0
ORD027079,,0
ORD041361,,0
ORD055665,detention_padding,1
ORD016691,,0
ORD018802,,0
ORD002621,,0
ORD009225,,0
ORD019884,toll_inflation,1
ORD000996,,0
ORD042769,,0
ORD033543,,0
ORD050114,,0
ORD006653,,0
ORD011565,,0
ORD049331,,0
ORD031094,weight_discrepancy,1
ORD007321,,0
ORD048819,,0
ORD012615,,0
ORD048798,,0
ORD028766,,0
ORD015844,,0
ORD059730,,0
ORD036507,,0
ORD038334,,0
ORD028323,,0
ORD042110,,0
ORD007882,detention_padding,1
ORD051839,,0
ORD045621,,0
ORD027569,,0
ORD019949,toll_inflation,1
ORD018943,,0
ORD022597,,0
ORD029409,,0
ORD012188,,0
ORD027205,,0
ORD053106,detention_padding,1
ORD006115,,0
ORD036556,,0
ORD005329,,0
ORD003389,,0
ORD003508,,0
ORD021816,,0
ORD011034,,0
ORD032806,,0
ORD051280,,0
ORD004777,,0
ORD023765,,0
ORD008945,,0
ORD039880,,0
ORD016963,,0
ORD051924,,0
ORD007335,,0
ORD030342,,0
ORD039774,,0
ORD048629,,0
ORD035335,,0
ORD000926,,0
ORD024043,,0
ORD008882,,0
ORD015583,,0
ORD011189,,0
ORD041581,,0
ORD039629,,0
ORD046900,,0
ORD021306,,0
ORD000934,,0
ORD025115,,0
ORD031821,,0
ORD006742,,0
ORD055581,,0
ORD007131,,0
ORD031853,,0
ORD047413,,0
ORD027323,,0
ORD026583,,0
ORD006663,,0
ORD038538,,0
ORD050182,,0
ORD052021,,0
ORD015969,,0
ORD044387,,0
ORD037899,weight_discrepancy,1
ORD040493,,0
ORD001861,,0
ORD013011,,0
ORD018023,,0
ORD010231,,0
ORD023589,,0
ORD009401,,0
ORD033410,,0
ORD049562,,0
ORD038633,,0
ORD055369,,0
ORD038119,,0
ORD031199,,0
ORD037999,,0
ORD041908,,0
ORD030923,,0
ORD036401,,0
ORD052437,,0
ORD054273,toll_inflation,1
ORD044658,,0
ORD027114,,0
ORD006891,,0
ORD030707,,0
ORD013186,,0
ORD043307,,0
ORD022956,,0
ORD046046,,0
ORD025850,,0
ORD010534,,0
ORD045601,,0
ORD044617,,0
ORD042335,,0
ORD010427,,0
ORD001217,,0
ORD036532,,0
ORD007996,,0
ORD014407,,0
ORD058773,,0
ORD058345,weight_discrepancy,1
ORD043138,,0
ORD057753,,0
ORD055344,,0
ORD057350,,0
ORD014154,,0
ORD028693,,0
ORD031423,,0
ORD004619,weight_discrepancy,1
ORD006099,,0
ORD007477,,0
ORD034349,,0
ORD016779,,0
ORD042168,,0
ORD036014,,0
ORD029948,,0
ORD010592,,0
ORD036307,,0
ORD014619,,0
ORD010708,,0
ORD016054,,0
ORD032722,,0
ORD030511,,0
ORD051053,,0
ORD019453,,0
ORD025466,,0
ORD056242,weight_discrepancy,1
ORD017200,,0
ORD043260,,0
ORD023440,,0
ORD033247,,0
ORD035361,,0
ORD020228,,0
ORD049174,,0
ORD043524,,0
ORD033526,,0
ORD048880,,0
ORD023230,,0
ORD006551,,0
ORD053842,toll_inflation,1
ORD033941,,0
ORD051213,,0
ORD053759,,0
ORD032499,,0
ORD032479,,0
ORD059261,,0
ORD024503,,0
ORD046604,,0
ORD041868,,0
ORD043708,,0
ORD057980,,0
ORD022784,,0
ORD034061,,0
ORD045195,,0
ORD011453,,0
ORD025608,detention_padding,1
ORD033134,,0
ORD022829,,0
ORD045659,,0
ORD000134,,0
ORD053951,,0
ORD023549,,0
ORD014070,,0
ORD030002,,0
ORD033294,,0
ORD048622,,0
ORD020843,,0
ORD042013,,0
ORD018170,,0
ORD035495,,0
ORD015671,,0
ORD024903,,0
ORD059500,,0
ORD000576,,0
ORD043865,,0
ORD001220,,0
ORD051561,,0
ORD049460,,0
ORD019691,detention_padding,1
ORD045675,,0
ORD002851,,0
ORD003529,,0
ORD000698,,0
ORD007022,,0
ORD052212,,0
ORD053528,,0
ORD045915,weight_discrepancy,1
ORD058328,,0
ORD045307,,0
ORD056645,,0
ORD052672,,0
ORD051808,,0
ORD001491,detention_padding,1
ORD047091,,0
ORD000511,,0
ORD027397,,0
ORD001347,,0
ORD052158,,0
ORD044657,,0
ORD041607,,0
ORD050514,toll_inflation,1
ORD037589,,0
ORD000790,,0
ORD007751,,0
ORD052184,,0
ORD059596,,0
ORD042217,,0
ORD012215,,0
ORD032110,,0
ORD012527,,0
ORD053377,,0
ORD035178,,0
ORD016079,,0
ORD027371,,0
ORD051348,,0
ORD039263,,0
ORD041022,,0
ORD047870,,0
ORD032088,,0
ORD018554,,0
ORD031758,,0
ORD012026,,0
ORD015360,,0
ORD000316,,0
ORD050846,,0
ORD019547,,0
ORD044837,,0
ORD004087,,0
ORD015445,toll_inflation,1
ORD030717,,0
ORD047979,,0
ORD047460,,0
ORD020746,,0
ORD047981,detention_padding,1
ORD016345,,0
ORD002855,,0
ORD028104,,0
ORD031797,,0
ORD016730,,0
ORD028213,,0
ORD022526,,0
ORD024358,,0
ORD038888,,0
ORD051980,,0
ORD052322,,0
ORD051160,,0
ORD010113,,0
ORD051086,,0
ORD005232,,0
ORD051132,,0
ORD023891,,0
ORD056107,,0
ORD005794,,0
ORD035974,,0
ORD033055,,0
ORD019848,,0
ORD049027,,0
ORD023815,,0
ORD023421,,0
ORD005271,,0
ORD051916,,0
ORD022967,,0
ORD057765,,0
ORD049199,,0
ORD023659,,0
ORD043060,,0
ORD017739,,0
ORD032862,,0
ORD049803,,0
ORD024859,,0
ORD049310,,0
ORD005430,,0
ORD008156,,0
ORD058423,,0
ORD030320,detention_padding,1
ORD003250,,0
ORD011535,weight_discrepancy,1
ORD018291,,0
ORD034142,,0
ORD009274,,0
ORD039695,,0
ORD033504,,0
ORD024020,,0
ORD043272,,0
ORD052035,,0
ORD034822,,0
ORD031498,,0
ORD035371,,0
ORD048170,,0
ORD017300,,0
ORD049637,,0
ORD003400,,0
ORD044407,,0
ORD010641,,0
ORD049348,,0
ORD055055,,0
ORD025933,,0
ORD033815,,0
ORD000877,,0
ORD008380,,0
ORD035328,,0
ORD040900,,0
ORD045140,,0
ORD053258,,0
ORD005996,,0
ORD022795,,0
ORD039990,,0
ORD045413,,0
ORD022812,,0
ORD017075,,0
ORD026189,,0
ORD006659,,0
ORD013856,,0
ORD045163,,0
ORD059936,,0
ORD006922,,0
ORD049145,,0
ORD019616,,0
ORD028897,,0
ORD026764,,0
ORD054319,,0
ORD019141,,0
ORD039267,,0
ORD003652,,0
ORD004830,,0
ORD034936,,0
ORD045694,,0
ORD007011,,0
ORD049512,,0
ORD040992,,0
ORD020730,,0
ORD049599,,0
ORD039561,,0
ORD034613,,0
ORD009793,,0
ORD031454,,0
ORD006753,,0
ORD055375,,0
ORD005230,,0
ORD003768,,0
ORD018921,,0
ORD046727,,0
ORD022161,,0
ORD053875,,0
ORD018328,,0
ORD012960,,0
ORD058549,,0
ORD046432,,0
ORD056393,,0
ORD020829,,0
ORD041233,,0
ORD057767,,0
ORD046827,,0
ORD044835,,0
ORD045423,,0
ORD042620,,0
ORD033775,,0
ORD030477,weight_discrepancy,1
ORD008591,,0
ORD033667,,0
ORD008097,,0
ORD019276,,0
ORD028017,,0
ORD039757,,0
ORD059649,weight_discrepancy,1
ORD002934,,0
ORD012017,,0
ORD022669,weight_discrepancy,1
ORD031977,,0
ORD048290,,0
ORD008128,,0
ORD023251,,0
ORD059856,detention_padding,1
ORD046721,,0
ORD002694,,0
ORD042037,,0
ORD019467,,0
ORD051733,,0
ORD055617,,0
ORD057065,,0
ORD017963,,0
ORD009911,weight_discrepancy,1
ORD002292,,0
ORD041968,,0
ORD059086,,0
ORD040436,,0
ORD006830,,0
ORD048304,,0
ORD049828,,0
ORD048148,,0
ORD002625,,0
ORD024674,,0
ORD019867,,0
ORD028226,,0
ORD048190,,0
ORD017840,,0
ORD056750,,0
ORD025964,,0
ORD050699,,0
ORD037772,weight_discrepancy,1
ORD018219,,0
ORD017599,,0
ORD021767,,0
ORD037652,,0
ORD054628,,0
ORD005900,,0
ORD052621,,0
ORD044906,,0
ORD057858,toll_inflation,1
ORD004775,,0
ORD035705,,0
ORD031502,,0
ORD008075,,0
ORD019357,,0
ORD022716,,0
ORD035782,,0
ORD055265,,0
ORD018201,,0
ORD032471,,0
ORD050710,,0
ORD055738,,0
ORD006097,,0
ORD040798,,0
ORD005981,,0
ORD053631,,0
ORD001636,,0
ORD047529,,0
ORD040874,,0
ORD031275,,0
ORD051494,,0
ORD013358,,0
ORD059791,,0
ORD036108,,0
ORD021833,,0
ORD037818,,0
ORD042162,,0
ORD046193,,0
ORD031121,,0
ORD028289,,0
ORD011361,,0
ORD002448,,0
ORD024750,,0
ORD037955,,0
ORD056403,,0
ORD001530,,0
ORD056479,,0
ORD009268,,0
ORD021136,,0
ORD059708,,0
ORD039900,,0
ORD037806,,0
ORD033305,,0
ORD023499,,0
ORD043823,,0
ORD009339,,0
ORD028220,,0
ORD009121,,0
ORD007410,,0
ORD007418,,0
ORD019060,,0
ORD052007,,0
ORD050422,,0
ORD033042,,0
ORD016278,,0
ORD002110,,0
ORD034826,,0
ORD037642,,0
ORD000677,,0
ORD031733,,0
ORD043354,,0
ORD027245,,0
ORD025605,,0
ORD048164,,0
ORD026743,,0
ORD030653,,0
ORD050169,,0
ORD023258,,0
ORD016237,,0
ORD005986,,0
ORD046997,,0
ORD002517,,0
ORD027536,,0
ORD007569,,0
ORD000733,,0
ORD053320,,0
ORD007696,,0
ORD029581,,0
ORD037181,,0
ORD053367,,0
ORD050535,,0
ORD024160,,0
ORD053160,,0
ORD043346,,0
ORD037462,,0
ORD000266,detention_padding,1
ORD052271,,0
ORD019283,,0
ORD015780,,0
ORD027493,,0
ORD000953,,0
ORD034447,,0
ORD013420,,0
ORD030732,,0
ORD048095,,0
ORD057184,,0
ORD002350,,0
ORD006310,toll_inflation,1
ORD028242,,0
ORD057099,,0
ORD002047,,0
ORD059120,,0
ORD053796,,0
ORD014078,,0
ORD024481,,0
ORD040791,,0
ORD007087,,0
ORD014487,,0
ORD056802,,0
ORD055457,,0
ORD028151,,0
ORD025812,,0
ORD018381,,0
ORD054638,,0
ORD018237,,0
ORD012416,,0
ORD051996,,0
ORD051806,,0
ORD039723,,0
ORD030528,,0
ORD051871,,0
ORD012147,,0
ORD022452,,0
ORD031728,toll_inflation,1
ORD035532,,0
ORD010833,,0
ORD012736,,0
ORD016241,,0
ORD058027,,0
ORD059307,,0
ORD001484,,0
ORD026221,,0
ORD018939,,0
ORD048765,,0
ORD047972,,0
ORD028613,,0
ORD022954,,0
ORD036123,,0
ORD001325,,0
ORD016044,weight_discrepancy,1
ORD055586,,0
ORD041937,,0
ORD003479,,0
ORD034801,,0
ORD002087,weight_discrepancy,1
ORD058484,,0
ORD032646,,0
ORD050727,,0
ORD058556,,0
ORD013410,,0
ORD021849,,0
ORD044654,,0
ORD007162,,0
ORD059395,,0
ORD015652,,0
ORD039225,,0
ORD053067,,0
ORD015546,,0
ORD028789,weight_discrepancy,1
ORD004348,,0
ORD021289,,0
ORD041291,,0
ORD015396,,0
ORD051484,,0
ORD027624,,0
ORD053178,,0
ORD034205,,0
ORD015227,detention_padding,1
ORD015131,,0
ORD004041,,0
ORD004874,,0
ORD016860,,0
ORD058211,,0
ORD000872,,0
ORD050474,,0
ORD017670,weight_discrepancy,1
ORD045687,,0
ORD044001,,0
ORD055016,,0
ORD024469,,0
ORD018049,,0
ORD022737,,0
ORD012743,,0
ORD057527,,0
ORD018602,,0
ORD012931,,0
ORD020472,,0
ORD028467,,0
ORD003460,,0
ORD044439,,0
ORD038919,,0
ORD055306,,0
ORD049809,,0
ORD040126,,0
ORD047576,,0
ORD013645,,0
ORD049320,,0
ORD027470,,0
ORD034387,,0
ORD031393,,0
ORD006853,,0
ORD057134,,0
ORD012048,,0
ORD009029,,0
ORD032055,,0
ORD020056,,0
ORD013458,,0
ORD035736,,0
ORD030221,,0
ORD057702,,0
ORD012453,,0
ORD056571,,0
ORD003021,,0
ORD011056,,0
ORD002590,,0
ORD047081,,0
ORD009360,,0
ORD004529,,0
ORD034508,,0
ORD019414,,0
ORD044582,,0
ORD052248,,0
ORD009373,,0
ORD019731,detention_padding,1
ORD017063,,0
ORD059422,,0
ORD021953,,0
ORD004035,,0
ORD004155,,0
ORD056768,,0
ORD039643,,0
ORD020753,,0
ORD041898,,0
ORD045805,,0
ORD041980,,0
ORD004205,,0
ORD016854,toll_inflation,1
ORD037664,toll_inflation,1
ORD029549,,0
ORD058205,,0
ORD021736,,0
ORD007772,detention_padding,1
ORD059687,,0
ORD035967,,0
ORD055654,,0
ORD051833,,0
ORD038847,,0
ORD057601,,0
ORD029480,,0
ORD012134,,0
ORD005613,,0
ORD057577,toll_inflation,1
ORD057991,,0
ORD022235,,0
ORD045952,,0
ORD023051,,0
ORD036199,,0
ORD012637,,0
ORD010213,,0
ORD038358,,0
ORD031100,,0
ORD029197,,0
ORD034968,,0
ORD002750,,0
ORD043154,,0
ORD052528,,0
ORD017878,,0
ORD050073,,0
ORD033451,,0
ORD012933,,0
ORD005130,,0
ORD052117,,0
ORD024718,,0
ORD033890,,0
ORD030915,,0
ORD037016,,0
ORD023537,,0
ORD017561,,0
ORD040891,,0
ORD001171,,0
ORD055318,,0
ORD042180,,0
ORD052399,,0
ORD015788,,0
ORD017860,,0
ORD014144,,0
ORD021777,,0
ORD018227,,0
ORD003929,,0
ORD001713,,0
ORD051700,,0
ORD046208,,0
ORD009684,,0
ORD005835,,0
ORD013132,,0
ORD053578,,0
ORD056563,,0
ORD043827,toll_inflation,1
ORD033508,,0
ORD018884,,0
ORD003597,,0
ORD025316,,0
ORD017683,,0
ORD001067,toll_inflation,1
ORD055745,,0
ORD016042,toll_inflation,1
ORD035959,,0
ORD002052,,0
ORD047490,,0
ORD013662,,0
ORD023927,,0
ORD006151,,0
ORD019247,,0
ORD059070,,0
ORD008500,,0
ORD042030,,0
ORD031623,,0
ORD017442,,0
ORD021995,,0
ORD026469,,0
ORD028854,,0
ORD052549,,0
ORD058645,,0
ORD051129,,0
ORD006073,,0
ORD010240,,0
ORD032323,,0
ORD029186,,0
ORD036412,,0
ORD017454,,0
ORD006076,,0
ORD006043,,0
ORD011163,,0
ORD027313,,0
ORD030868,toll_inflation,1
ORD038779,,0
ORD041819,,0
ORD057986,,0
ORD019952,,0
ORD052274,,0
ORD026592,,0
ORD011187,weight_discrepancy,1
ORD035540,,0
ORD000217,,0
ORD056738,,0
ORD047704,,0
ORD044008,,0
ORD022766,,0
ORD054162,,0
ORD023266,,0
ORD025142,,0
ORD005020,,0
ORD045977,,0
ORD035209,,0
ORD037296,,0
ORD033127,,0
ORD046943,,0
ORD042943,,0
ORD009420,,0
ORD057375,,0
ORD047077,,0
ORD021551,,0
ORD042155,,0
ORD046653,,0
ORD011183,,0
ORD045159,detention_padding,1
ORD004300,,0
ORD007950,,0
ORD007898,,0
ORD042443,,0
ORD009668,,0
ORD022208,toll_inflation,1
ORD022517,,0
ORD047385,,0
ORD023464,,0
ORD006569,,0
ORD048906,,0
ORD032081,,0
ORD023501,,0
ORD028595,,0
ORD040577,,0
ORD039664,,0
ORD011897,,0
ORD044566,,0
ORD003623,,0
ORD058629,,0
ORD052877,,0
ORD041671,,0
ORD005558,,0
ORD047132,,0
ORD046951,,0
ORD059595,,0
ORD002150,,0
ORD018078,,0
ORD058077,,0
ORD045233,,0
ORD059624,,0
ORD047610,,0
ORD052242,,0
ORD011443,,0
ORD000012,,0
ORD015068,,0
ORD017455,,0
ORD003940,,0
ORD024315,,0
ORD012865,,0
ORD004290,,0
ORD005050,,0
ORD020642,,0
ORD048661,,0
ORD019030,,0
ORD010619,,0
ORD032526,,0
ORD022279,,0
ORD054197,,0
ORD037687,,0
ORD020214,,0
ORD044154,detention_padding,1
ORD033110,,0
ORD023937,weight_discrepancy,1
ORD036010,,0
ORD040993,,0
ORD039116,,0
ORD042499,,0
ORD045111,,0
ORD002607,,0
ORD016306,,0
ORD045616,,0
ORD052423,,0
ORD005539,,0
ORD032767,,0
ORD059335,,0
ORD002559,,0
ORD048349,,0
ORD057674,,0
ORD042239,,0
ORD032833,,0
ORD029966,,0
ORD001497,,0
ORD016377,,0
ORD034617,,0
ORD043102,,0
ORD035340,,0
ORD046444,,0
ORD049856,,0
ORD042368,,0
ORD038757,,0
ORD038089,,0
ORD017117,,0
ORD042739,,0
ORD035418,,0
ORD009754,,0
ORD007008,,0
ORD025337,,0
ORD019824,,0
ORD053730,,0
ORD003749,,0
ORD031643,weight_discrepancy,1
ORD024835,,0
ORD024442,,0
ORD002589,,0
ORD017777,,0
ORD007065,,0
ORD001117,,0
ORD038237,,0
ORD050973,,0
ORD008958,toll_inflation,1
ORD020972,,0
ORD016602,,0
ORD018608,,0
ORD029579,,0
ORD045654,,0
ORD049069,,0
ORD038234,,0
ORD033778,,0
ORD045200,,0
ORD005259,,0
ORD018155,,0
ORD014036,,0
ORD002367,,0
ORD054366,,0
ORD001702,,0
ORD057846,,0
ORD049011,toll_inflation,1
ORD042855,,0
ORD027293,,0
ORD001098,,0
ORD026958,,0
ORD047302,,0
ORD031693,,0
ORD007190,,0
ORD031539,,0
ORD035730,,0
ORD044416,,0
ORD019581,,0
ORD035786,,0
ORD013284,,0
ORD017468,,0
ORD055954,,0
ORD004967,,0
ORD022920,,0
ORD015589,,0
ORD038179,,0
ORD043425,,0
ORD058100,,0
ORD057445,,0
ORD028705,,0
ORD010582,,0
ORD025838,,0
ORD059914,,0
ORD011810,,0
ORD038843,,0
ORD004065,,0
ORD040115,,0
ORD048260,,0
ORD054430,,0
ORD039293,,0
ORD020433,,0
ORD005363,,0
ORD022787,,0
ORD032649,,0
ORD007971,,0
ORD033374,,0
ORD049926,,0
ORD059822,,0
ORD004073,,0
ORD027598,,0
ORD001244,,0
ORD037033,,0
ORD006917,,0
ORD055353,,0
ORD017615,,0
ORD022571,,0
ORD017465,,0
ORD031712,,0
ORD000789,,0
ORD055217,,0
ORD013858,,0
ORD009472,,0
ORD056643,,0
ORD059636,,0
ORD027984,,0
ORD050587,,0
ORD046913,,0
ORD039227,,0
ORD014885,,0
ORD020966,,0
ORD017585,,0
ORD037622,,0
ORD004878,,0
ORD002949,,0
ORD056791,,0
ORD020664,,0
ORD029210,,0
ORD009388,,0
ORD008169,,0
ORD047177,,0
ORD035424,,0
ORD031607,,0
ORD058824,,0
ORD000005,,0
ORD026680,,0
ORD058908,,0
ORD002344,,0
ORD038698,,0
ORD023110,,0
ORD006098,,0
ORD042219,,0
ORD023970,,0
ORD042955,,0
ORD028509,,0
ORD046147,,0
ORD056230,,0
ORD035534,,0
ORD006428,,0
ORD038873,,0
ORD041998,,0
ORD042439,,0
ORD009642,,0
ORD035989,,0
ORD034567,,0
ORD025919,,0
ORD059691,,0
ORD031446,,0
ORD012285,,0
ORD050038,,0
ORD021476,,0
ORD007448,,0
ORD005948,,0
ORD020062,,0
ORD049128,,0
ORD003629,,0
ORD039518,,0
ORD054963,,0
ORD019472,,0
ORD026977,,0
ORD035152,,0
ORD041955,,0
ORD022986,,0
ORD041258,,0
ORD051956,,0
ORD017980,,0
ORD053812,,0
ORD055678,,0
ORD008672,,0
ORD044007,,0
ORD044263,,0
ORD027290,,0
ORD059139,,0
ORD042122,toll_inflation,1
ORD057662,,0
ORD028118,,0
ORD004867,,0
ORD005003,,0
ORD018676,,0
ORD018726,,0
ORD052887,,0
ORD018914,,0
ORD017954,,0
ORD017091,toll_inflation,1
ORD018626,,0
ORD032039,,0
ORD016545,,0
ORD017867,,0
ORD031983,,0
ORD048656,,0
ORD041391,,0
ORD039921,,0
ORD034301,,0
ORD055176,,0
ORD047730,,0
ORD002802,,0
ORD008518,,0
ORD022844,,0
ORD006638,,0
ORD050284,,0
ORD044522,,0
ORD042627,weight_discrepancy,1
ORD010506,,0
ORD026147,,0
ORD024416,,0
ORD041394,,0
ORD007571,,0
ORD034986,,0
ORD037550,,0
ORD059968,,0
ORD012709,,0
ORD059643,,0
ORD035183,,0
ORD039848,,0
ORD029767,,0
ORD059487,,0
ORD023774,,0
ORD044428,,0
ORD015513,,0
ORD028774,,0
ORD041848,,0
ORD001860,,0
ORD058084,,0
ORD047504,,0
ORD021393,,0
ORD039788,,0
ORD011267,,0
ORD054604,,0
ORD023325,,0
ORD002732,,0
ORD029950,,0
ORD049543,,0
ORD009230,,0
ORD041269,,0
ORD020556,,0
ORD013612,,0
ORD045165,,0
ORD023140,,0
ORD031375,,0
ORD036212,,0
ORD002085,,0
ORD010878,,0
ORD016916,,0
ORD022148,,0
ORD055041,,0
ORD054957,,0
ORD035564,,0
ORD000924,,0
ORD016247,,0
ORD036490,,0
ORD008225,,0
ORD031273,,0
ORD024675,,0
ORD034206,,0
ORD058334,,0
ORD057498,,0
ORD018460,,0
ORD006827,,0
ORD049052,,0
ORD052091,,0
ORD028776,,0
ORD031760,,0
ORD027743,,0
ORD049028,,0
ORD031009,,0
ORD006307,,0
ORD006305,,0
ORD058191,,0
ORD045394,,0
ORD033865,,0
ORD048795,,0
ORD043182,,0
ORD048734,,0
ORD004933,,0
ORD014340,,0
ORD056412,,0
ORD014424,,0
ORD042638,,0
ORD057772,,0
ORD052918,,0
ORD027724,,0
ORD046190,,0
ORD003466,,0
ORD026288,,0
ORD024311,,0
ORD054519,,0
ORD030444,,0
ORD020751,,0
ORD038501,,0
ORD033659,,0
ORD005656,,0
ORD027363,,0
ORD011956,,0
ORD047810,,0
ORD045676,,0
ORD035882,,0
ORD052735,,0
ORD011794,,0
ORD001623,,0
ORD005229,,0
ORD029099,weight_discrepancy,1
ORD041730,,0
ORD008191,,0
ORD033506,,0
ORD031494,weight_discrepancy,1
ORD056376,,0
ORD008678,,0
ORD035278,,0
ORD050951,,0
ORD046870,,0
ORD007779,,0
ORD052364,,0
ORD052372,,0
ORD037665,,0
ORD010008,weight_discrepancy,1
ORD006189,,0
ORD024350,,0
ORD036593,detention_padding,1
ORD030007,,0
ORD010277,,0
ORD055394,,0
ORD058286,,0
ORD056920,,0
ORD032910,,0
ORD036329,,0
ORD003915,,0
ORD010926,,0
ORD011090,,0
ORD010068,,0
ORD033223,,0
ORD023429,,0
ORD059773,,0
ORD027574,,0
ORD050490,,0
ORD044368,,0
ORD000344,,0
ORD046316,,0
ORD035025,,0
ORD016107,,0
ORD013103,,0
ORD050387,,0
ORD046287,,0
ORD001901,,0
ORD007180,,0
ORD042343,detention_padding,1
ORD034253,detention_padding,1
ORD057204,,0
ORD019422,,0
ORD000495,,0
ORD006930,,0
ORD011207,,0
ORD050500,,0
ORD027832,,0
ORD035932,,0
ORD013390,,0
ORD027123,,0
ORD052573,,0
ORD059152,,0
ORD007228,detention_padding,1
ORD012588,,0
ORD036208,,0
ORD042131,,0
ORD036911,,0
ORD009111,,0
ORD046284,,0
ORD058613,,0
ORD027706,,0
ORD002671,,0
ORD014146,,0
ORD041573,,0
ORD024055,,0
ORD053558,,0
ORD043836,,0
ORD014427,,0
ORD059825,,0
ORD024232,detention_padding,1
ORD019648,,0
ORD007445,,0
ORD001308,,0
ORD058396,,0
ORD034426,,0
ORD029158,,0
ORD055779,,0
ORD004261,,0
ORD027956,,0
ORD039161,,0
ORD025624,,0
ORD057951,,0
ORD005514,,0
ORD020768,,0
ORD012317,,0
ORD035513,,0
ORD034022,,0
ORD044891,,0
ORD059981,,0
ORD054401,,0
ORD039027,,0
ORD019072,,0
ORD057574,,0
ORD005380,,0
ORD004206,,0
ORD047800,,0
ORD018220,,0
ORD044185,,0
ORD025211,,0
ORD045708,,0
ORD057438,,0
ORD056626,,0
ORD058960,,0
ORD007307,,0
ORD056581,,0
ORD033015,,0
ORD030752,,0
ORD046626,weight_discrepancy,1
ORD021593,,0
ORD040407,,0
ORD033887,,0
ORD004083,,0
ORD057693,,0
ORD036885,,0
ORD029854,,0
ORD009368,,0
ORD047639,,0
ORD042633,,0
ORD043717,,0
ORD008848,,0
ORD000671,,0
ORD056157,,0
ORD037273,,0
ORD020770,,0
ORD050103,,0
ORD003212,,0
ORD053603,,0
ORD003270,,0
ORD036404,,0
ORD056736,,0
ORD048295,,0
ORD038911,,0
ORD052231,,0
ORD016421,,0
ORD021118,,0
ORD038196,,0
ORD016206,,0
ORD042995,,0
ORD005704,,0
ORD059145,,0
ORD018035,,0
ORD035554,,0
ORD021464,,0
ORD057032,,0
ORD033509,,0
ORD057071,,0
ORD020426,,0
ORD046096,,0
ORD041412,,0
ORD005573,,0
ORD032731,,0
ORD006876,,0
ORD030340,,0
ORD025929,toll_inflation,1
ORD033546,,0
ORD001716,,0
ORD019698,,0
ORD056807,,0
ORD052920,,0
ORD044483,,0
ORD012245,,0
ORD059417,,0
ORD032857,,0
ORD034191,,0
ORD022083,,0
ORD004202,,0
ORD018028,,0
ORD037161,,0
ORD051878,,0
ORD046769,,0
ORD037025,,0
ORD008543,,0
ORD009216,detention_padding,1
ORD044905,,0
ORD031754,,0
ORD033249,,0
ORD017257,,0
ORD034288,,0
ORD028711,,0
ORD018574,,0
ORD021134,,0
ORD038787,,0
ORD029535,,0
ORD057559,,0
ORD007030,,0
ORD037684,,0
ORD053430,,0
ORD038704,,0
ORD048810,,0
ORD053391,,0
ORD046177,,0
ORD019637,,0
ORD005626,,0
ORD048614,,0
ORD038117,,0
ORD056753,,0
ORD058531,,0
ORD038130,,0
ORD004705,,0
ORD029688,,0
ORD056231,,0
ORD041369,,0
ORD048777,,0
ORD049374,,0
ORD027066,,0
ORD001941,,0
ORD022879,,0
ORD049613,,0
ORD027945,,0
ORD023455,,0
ORD033310,detention_padding,1
ORD001110,,0
ORD054139,,0
ORD054873,,0
ORD045106,,0
ORD054859,,0
ORD059748,,0
ORD054822,,0
ORD040197,,0
ORD031224,,0
ORD040081,,0
ORD011110,,0
ORD044235,,0
ORD041006,,0
ORD055190,,0
ORD031879,,0
ORD041298,toll_inflation,1
ORD036149,weight_discrepancy,1
ORD000780,,0
ORD010577,,0
ORD013247,,0
ORD055308,,0
ORD036544,,0
ORD058469,,0
ORD006974,,0
ORD022321,,0
ORD027184,,0
ORD047712,,0
ORD045331,,0
ORD056534,,0
ORD013558,,0
ORD030092,,0
ORD020999,,0
ORD031563,,0
ORD055252,,0
ORD005985,,0
ORD028572,,0
ORD007978,,0
ORD052230,,0
ORD053552,,0
ORD044939,,0
ORD013134,,0
ORD026345,,0
ORD053539,,0
ORD031411,,0
ORD047453,detention_padding,1
ORD036819,,0
ORD009092,,0
ORD008671,,0
ORD052409,,0
ORD017359,,0
ORD020340,,0
ORD018187,,0
ORD002681,,0
ORD020421,,0
ORD018982,,0
ORD028116,,0
ORD022394,,0
ORD051968,,0
ORD016253,,0
ORD005361,,0
ORD042552,,0
ORD000598,,0
ORD029016,,0
ORD040158,,0
ORD058586,,0
ORD017423,,0
ORD012732,,0
ORD039994,,0
ORD045185,,0
ORD050090,,0
ORD025267,,0
ORD057777,,0
ORD016577,,0
ORD012032,,0
ORD002753,,0
ORD022125,,0
ORD035383,,0
ORD033790,,0
ORD056728,,0
ORD012565,,0
ORD003537,,0
ORD025301,,0
ORD035409,,0
ORD049188,,0
ORD054608,,0
ORD000666,,0
ORD047078,,0
ORD030114,,0
ORD059767,,0
ORD038309,,0
ORD030349,,0
ORD003973,,0
ORD044129,,0
ORD032813,,0
ORD015838,,0
ORD043004,,0
ORD053350,,0
ORD005631,,0
ORD028666,,0
ORD015481,,0
ORD015767,,0
ORD031317,,0
ORD030238,,0
ORD003680,,0
ORD024868,,0
ORD017772,,0
ORD014132,,0
ORD010316,,0
ORD003339,,0
ORD007857,,0
ORD056494,,0
ORD039837,,0
ORD049289,,0
ORD028356,,0
ORD024191,,0
ORD023242,,0
ORD018696,,0
ORD042310,,0
ORD056397,,0
ORD009603,,0
ORD033836,detention_padding,1
ORD025129,,0
ORD042834,,0
ORD053607,,0
ORD037219,,0
ORD011679,,0
ORD044194,,0
ORD041575,,0
ORD045933,,0
ORD037435,,0
ORD033814,,0
ORD035461,,0
ORD016520,,0
ORD040601,,0
ORD038181,,0
ORD040965,,0
ORD048525,,0
ORD037410,,0
ORD037378,,0
ORD013783,,0
ORD030364,,0
ORD059494,,0
ORD043432,weight_discrepancy,1
ORD056007,,0
ORD019215,,0
ORD059403,,0
ORD057312,weight_discrepancy,1
ORD038394,,0
ORD004037,,0
ORD053081,,0
ORD045509,,0
ORD006608,,0
ORD054189,,0
ORD046452,,0
ORD004464,,0
ORD013018,,0
ORD049989,,0
ORD025153,,0
ORD037370,,0
ORD035965,,0
ORD014753,,0
ORD049277,,0
ORD042694,,0
ORD015422,,0
ORD040563,,0
ORD003526,,0
ORD002716,,0
ORD035397,,0
ORD027106,,0
ORD010659,,0
ORD059869,,0
ORD044700,,0
ORD041094,,0
ORD050620,,0
ORD002167,,0
ORD005228,,0
ORD015720,,0
ORD044565,,0
ORD003424,,0
ORD028532,,0
ORD009145,weight_discrepancy,1
ORD000076,,0
ORD057955,,0
ORD029614,,0
ORD056945,,0
ORD051447,,0
ORD047290,,0
ORD032916,,0
ORD043597,,0
ORD040093,,0
ORD027772,,0
ORD002864,toll_inflation,1
ORD013904,,0
ORD021201,,0
ORD039229,,0
ORD042190,,0
ORD051711,,0
ORD038663,,0
ORD040952,,0
ORD044572,,0
ORD051166,,0
ORD038864,,0
ORD043577,,0
ORD029844,,0
ORD018173,,0
ORD033613,,0
ORD002913,,0
ORD030794,,0
ORD022405,,0
ORD015600,toll_inflation,1
ORD026257,,0
ORD058607,,0
ORD024640,,0
ORD019260,,0
ORD049873,,0
ORD003842,,0
ORD026010,,0
ORD051801,,0
ORD045303,,0
ORD056864,,0
ORD035825,,0
ORD007027,,0
ORD002024,,0
ORD026238,,0
ORD049235,,0
ORD007224,,0
ORD036258,,0
ORD053983,detention_padding,1
ORD030102,,0
ORD017605,weight_discrepancy,1
ORD040543,,0
ORD008173,,0
ORD006776,,0
ORD053317,,0
ORD017410,,0
ORD021765,,0
ORD052010,,0
ORD050076,,0
ORD034771,,0
ORD005912,,0
ORD048503,,0
ORD059942,,0
ORD029672,,0
ORD013863,,0
ORD020243,,0
ORD004802,,0
ORD040483,,0
ORD000555,,0
ORD039506,,0
ORD002883,,0
ORD027906,,0
ORD026662,,0
ORD040527,,0
ORD002539,,0
ORD028523,,0
ORD057919,,0
ORD039435,weight_discrepancy,1
ORD058838,,0
ORD059423,,0
ORD003053,,0
ORD047904,,0
ORD001685,,0
ORD028074,,0
ORD002390,,0
ORD040074,,0
ORD028845,,0
ORD003732,,0
ORD025913,,0
ORD058209,,0
ORD045553,,0
ORD007377,,0
ORD012127,,0
ORD030143,weight_discrepancy,1
ORD036779,,0
ORD012357,detention_padding,1
ORD029141,,0
ORD012348,,0
ORD016418,,0
ORD007459,,0
ORD010053,,0
ORD054536,,0
ORD038353,,0
ORD049652,,0
ORD004834,,0
ORD043861,,0
ORD011975,,0
ORD022687,,0
ORD030108,,0
ORD010695,,0
ORD023096,,0
ORD022774,,0
ORD017778,,0
ORD016970,,0
ORD016291,,0
ORD009418,,0
ORD038571,,0
ORD049306,,0
ORD021394,,0
ORD017544,,0
ORD037491,,0
ORD025389,weight_discrepancy,1
ORD014853,,0
ORD007745,,0
ORD005059,,0
ORD050464,,0
ORD034513,,0
ORD021781,,0
ORD019923,,0
ORD008157,,0
ORD011064,,0
ORD056192,,0
ORD044533,toll_inflation,1
ORD052353,,0
ORD034864,detention_padding,1
ORD054080,,0
ORD022351,,0
ORD050135,,0
ORD042773,,0
ORD002496,,0
ORD026811,,0
ORD037214,,0
ORD023161,,0
ORD009807,,0
ORD029885,,0
ORD051736,,0
ORD017280,,0
ORD039076,,0
ORD011378,,0
ORD015795,,0
ORD021437,,0
ORD041417,,0
ORD052876,,0
ORD030800,,0
ORD050306,,0
ORD021948,,0
ORD013658,,0
ORD013477,,0
ORD052772,,0
ORD030482,,0
ORD030469,,0
ORD059586,toll_inflation,1
ORD027433,,0
ORD050023,,0
ORD001091,,0
ORD054544,,0
ORD045681,,0
ORD001146,,0
ORD017517,toll_inflation,1
ORD035594,,0
ORD059322,,0
ORD051589,,0
ORD030369,,0
ORD049948,,0
ORD051606,,0
ORD011381,,0
ORD046588,,0
ORD056435,,0
ORD021190,,0
ORD006892,,0
ORD029287,,0
ORD032859,,0
ORD045419,weight_discrepancy,1
ORD056570,,0
ORD039671,,0
ORD047215,,0
ORD019847,toll_inflation,1
ORD037626,,0
ORD003995,,0
ORD003481,,0
ORD006994,,0
ORD039593,,0
ORD025646,,0
ORD018839,,0
ORD050834,,0
ORD002113,,0
ORD001288,,0
ORD052121,,0
ORD056440,,0
ORD001462,,0
ORD001590,,0
ORD017853,,0
ORD022736,,0
ORD055159,,0
ORD056935,,0
ORD024535,,0
ORD016931,,0
ORD046563,,0
ORD006916,,0
ORD049041,,0
ORD017891,,0
ORD057297,,0
ORD030396,,0
ORD000018,,0
ORD031075,,0
ORD048638,,0
ORD004734,,0
ORD050501,,0
ORD038879,,0
ORD041339,,0
ORD050325,,0
ORD016135,,0
ORD025167,,0
ORD054094,,0
ORD013093,,0
ORD032525,,0
ORD032127,,0
ORD033638,,0
ORD045701,,0
ORD019442,,0
ORD000863,,0
ORD000959,,0
ORD047039,,0
ORD042357,,0
ORD038326,,0
ORD042340,,0
ORD042022,,0
ORD048086,,0
ORD007386,,0
ORD031839,,0
ORD010485,,0
ORD007726,,0
ORD055793,,0
ORD043847,,0
ORD009955,,0
ORD042129,,0
ORD017387,,0
ORD047418,,0
ORD049297,,0
ORD051779,,0
ORD026440,,0
ORD036762,,0
ORD055940,,0
ORD026886,,0
ORD031447,,0
ORD002824,,0
ORD005347,,0
ORD045971,,0
ORD052033,,0
ORD033137,,0
ORD042915,,0
ORD052719,,0
ORD038390,,0
ORD045502,,0
ORD047027,,0
ORD004365,,0
ORD051147,,0
ORD012849,,0
ORD047601,,0
ORD000411,,0
ORD030754,,0
ORD002889,,0
ORD038609,,0
ORD039358,,0
ORD054380,,0
ORD056597,,0
ORD024241,,0
ORD022509,,0
ORD038818,,0
ORD045994,,0
ORD045678,,0
ORD046711,,0
ORD046843,,0
ORD056375,weight_discrepancy,1
ORD026484,,0
ORD054902,,0
ORD017810,,0
ORD037932,,0
ORD028334,,0
ORD010160,,0
ORD028952,,0
ORD003602,,0
ORD058941,,0
ORD037918,,0
ORD031875,,0
ORD053055,,0
ORD020096,,0
ORD027116,toll_inflation,1
ORD059169,,0
ORD037059,,0
ORD003534,,0
ORD044103,,0
ORD046226,,0
ORD044160,,0
ORD014628,,0
ORD043732,,0
ORD040812,,0
ORD024711,,0
ORD052625,,0
ORD021607,,0
ORD032678,,0
ORD027942,,0
ORD014194,,0
ORD027766,,0
ORD039034,,0
ORD017547,,0
ORD000298,,0
ORD025336,,0
ORD030798,,0
ORD027736,,0
ORD021898,,0
ORD050504,,0
ORD004697,,0
ORD027913,,0
ORD057652,,0
ORD050502,,0
ORD058968,,0
ORD050168,,0
ORD036482,,0
ORD036500,,0
ORD024339,,0
ORD030286,,0
ORD054637,detention_padding,1
ORD017674,,0
ORD029234,,0
ORD051557,,0
ORD058943,,0
ORD043657,,0
ORD020683,,0
ORD033352,,0
ORD054475,weight_discrepancy,1
ORD035416,,0
ORD005705,,0
ORD009440,,0
ORD041061,,0
ORD031855,,0
ORD030438,,0
ORD036958,,0
ORD041961,,0
ORD022400,,0
ORD028602,,0
ORD012907,,0
ORD020070,,0
ORD046523,,0
ORD047359,,0
ORD030199,,0
ORD045847,,0
ORD023548,,0
ORD048794,,0
ORD049566,,0
ORD027407,,0
ORD047242,,0
ORD029571,,0
ORD048822,,0
ORD047768,,0
ORD049981,,0
ORD027464,,0
ORD020907,,0
ORD034919,,0
ORD053429,,0
ORD043672,,0
ORD015701,,0
ORD003295,,0
ORD037904,,0
ORD010605,,0
ORD018978,weight_discrepancy,1
ORD012390,,0
ORD009117,,0
ORD009750,,0
ORD014459,,0
ORD011251,weight_discrepancy,1
ORD005128,weight_discrepancy,1
ORD051979,,0
ORD016523,,0
ORD035627,,0
ORD034916,,0
ORD056921,,0
ORD058923,,0
ORD054291,,0
ORD057495,,0
ORD054567,,0
ORD045220,,0
ORD013934,,0
ORD008146,,0
ORD010199,,0
ORD043895,,0
ORD051778,,0
ORD036267,,0
ORD057309,,0
ORD051481,,0
ORD004684,,0
ORD054496,,0
ORD018513,,0
ORD019537,detention_padding,1
ORD009453,,0
ORD016798,,0
ORD011835,,0
ORD029249,,0
ORD059999,,0
ORD029954,,0
ORD012859,,0
ORD029019,,0
ORD044333,,0
ORD051017,,0
ORD002298,,0
ORD025002,,0
ORD058115,,0
ORD057482,,0
ORD007280,,0
ORD014625,,0
ORD004325,toll_inflation,1
ORD027316,,0
ORD045290,,0
ORD030420,,0
ORD052295,,0
ORD019496,,0
ORD007630,,0
ORD007654,,0
ORD042527,,0
ORD018325,,0
ORD005762,,0
ORD047404,,0
ORD022584,,0
ORD041799,,0
ORD052338,,0
ORD033260,,0
ORD043305,,0
ORD047421,,0
ORD027130,,0
ORD046983,,0
ORD037043,,0
ORD032119,,0
ORD031205,,0
ORD034603,weight_discrepancy,1
ORD034201,,0
ORD047102,,0
ORD050429,,0
ORD023780,,0
ORD045388,,0
ORD007349,,0
ORD032676,,0
ORD039536,,0
ORD058901,,0
ORD050533,,0
ORD055497,,0
ORD015173,,0
ORD018997,,0
ORD045319,,0
ORD031063,,0
ORD011448,,0
ORD046383,,0
ORD040172,,0
ORD057454,,0
ORD011485,,0
ORD038426,,0
ORD044339,,0
ORD052792,,0
ORD036612,,0
ORD055967,,0
ORD010042,,0
ORD052866,,0
ORD045000,,0
ORD045406,,0
ORD054736,,0
ORD011822,,0
ORD058390,,0
ORD039773,,0
ORD008646,,0
ORD029607,,0
ORD018314,,0
ORD003120,,0
ORD002550,,0
ORD047898,,0
ORD014451,,0
ORD001207,,0
ORD053618,weight_discrepancy,1
ORD053498,,0
ORD019456,,0
ORD058673,,0
ORD029639,,0
ORD017356,,0
ORD000984,,0
ORD025324,,0
ORD050289,,0
ORD051456,,0
ORD017288,,0
ORD002971,,0
ORD037822,,0
ORD013331,,0
ORD032281,,0
ORD035917,,0
ORD006588,,0
ORD031769,,0
ORD057881,,0
ORD026336,,0
ORD014814,,0
ORD022839,,0
ORD004036,,0
ORD051688,,0
ORD014683,,0
ORD035422,,0
ORD043447,,0
ORD004449,,0
ORD031547,,0
ORD045944,,0
ORD048497,,0
ORD027143,,0
ORD059853,,0
ORD050768,,0
ORD055752,,0
ORD042685,,0
ORD042740,,0
ORD027883,,0
ORD004968,,0
ORD033393,,0
ORD022461,,0
ORD050059,,0
ORD045488,,0
ORD010043,,0
ORD040212,,0
ORD030633,,0
ORD014684,,0
ORD039796,,0
ORD047680,,0
ORD044696,,0
ORD054983,,0
ORD010546,,0
ORD021616,,0
ORD001383,,0
ORD022109,weight_discrepancy,1
ORD037714,,0
ORD059345,,0
ORD000797,,0
ORD007525,,0
ORD024134,,0
ORD010644,weight_discrepancy,1
ORD030203,,0
ORD042119,,0
ORD022996,,0
ORD048222,,0
ORD014877,,0
ORD030266,,0
ORD006197,,0
ORD015325,,0
ORD021135,,0
ORD011479,,0
ORD057276,,0
ORD022294,weight_discrepancy,1
ORD044202,,0
ORD056076,,0
ORD021105,,0
ORD039544,,0
ORD045904,,0
ORD011409,,0
ORD044887,,0
ORD047060,,0
ORD002521,,0
ORD043256,,0
ORD041257,,0
ORD046251,,0
ORD005149,,0
ORD048740,toll_inflation,1
ORD034761,,0
ORD029610,,0
ORD027631,,0
ORD027691,,0
ORD013569,,0
ORD050286,,0
ORD012739,,0
ORD022310,,0
ORD034664,,0
ORD051430,,0
ORD035020,,0
ORD056809,,0
ORD000965,,0
ORD043563,,0
ORD005418,,0
ORD034245,,0
ORD016534,,0
ORD006609,,0
ORD026960,,0
ORD022478,,0
ORD024650,,0
ORD029331,,0
ORD046036,,0
ORD057189,,0
ORD014831,,0
ORD033785,,0
ORD043451,,0
ORD054424,,0
ORD059783,,0
ORD054085,,0
ORD042805,,0
ORD014606,,0
ORD046353,detention_padding,1
ORD046453,,0
ORD041889,,0
ORD020361,,0
ORD005181,,0
ORD044556,,0
ORD018208,,0
ORD017822,,0
ORD032428,,0
ORD019813,,0
ORD041432,,0
ORD011265,,0
ORD051682,,0
ORD010545,,0
ORD048325,,0
ORD019934,,0
ORD055044,,0
ORD022877,,0
ORD043977,,0
ORD048704,,0
ORD032866,,0
ORD055219,,0
ORD051117,,0
ORD036087,,0
ORD049999,,0
ORD018250,,0
ORD041502,toll_inflation,1
ORD004512,,0
ORD054826,,0
ORD056060,,0
ORD010070,,0
ORD023417,,0
ORD052976,,0
ORD025799,,0
ORD001741,,0
ORD012746,,0
ORD024828,,0
ORD045226,,0
ORD005933,,0
ORD021071,toll_inflation,1
ORD003704,,0
ORD035005,,0
ORD034079,,0
ORD013793,,0
ORD008098,,0
ORD031971,,0
ORD034872,,0
ORD014142,,0
ORD045697,,0
ORD008391,,0
ORD029533,,0
ORD048137,,0
ORD036362,,0
ORD011246,,0
ORD027803,,0
ORD051679,,0
ORD018662,,0
ORD013232,,0
ORD042260,,0
ORD038045,,0
ORD026328,,0
ORD032445,,0
ORD023952,,0
ORD018414,,0
ORD045495,,0
ORD045949,,0
ORD009685,,0
ORD057874,,0
ORD044183,,0
ORD033356,,0
ORD045316,,0
ORD009775,toll_inflation,1
ORD020427,,0
ORD039011,,0
ORD052463,,0
ORD017064,,0
ORD031465,,0
ORD052496,,0
ORD003063,,0
ORD044708,,0
ORD012580,,0
ORD028504,,0
ORD012986,,0
ORD010553,,0
ORD025951,,0
ORD005749,,0
ORD012035,,0
ORD011541,,0
ORD020913,,0
ORD018836,,0
ORD029172,,0
ORD035318,,0
ORD050618,,0
ORD045476,,0
ORD012968,,0
ORD049654,detention_padding,1
ORD054028,,0
ORD033187,,0
ORD057394,,0
ORD000331,weight_discrepancy,1
ORD042846,detention_padding,1
ORD036141,,0
ORD023267,,0
ORD038710,weight_discrepancy,1
ORD059859,,0
ORD047583,,0
ORD016375,,0
ORD033160,,0
ORD059039,,0
ORD051008,,0
ORD021834,,0
ORD038238,,0
ORD059985,,0
ORD037159,,0
ORD024781,,0
ORD047689,,0
ORD004149,,0
ORD001602,,0
ORD053677,,0
ORD028743,,0
ORD035062,,0
ORD041155,,0
ORD054026,,0
ORD001893,,0
ORD026230,,0
ORD025531,,0
ORD053495,,0
ORD034238,,0
ORD031749,,0
ORD006251,,0
ORD001845,,0
ORD008539,,0
ORD018648,,0
ORD059894,,0
ORD054122,,0
ORD059530,,0
ORD036704,,0
ORD054940,,0
ORD015355,,0
ORD013289,,0
ORD053017,,0
ORD006239,,0
ORD021191,,0
ORD024287,,0
ORD035187,,0
ORD055692,,0
ORD001813,,0
ORD048185,,0
ORD028261,,0
ORD052380,,0
ORD000114,,0
ORD053989,,0
ORD043976,,0
ORD023567,,0
ORD009676,,0
ORD016470,,0
ORD037463,,0
ORD038667,detention_padding,1
ORD013813,,0
ORD025687,,0
ORD058839,,0
ORD004024,,0
ORD004560,,0
ORD029534,,0
ORD048695,,0
ORD024660,,0
ORD057341,toll_inflation,1
ORD015897,,0
ORD048399,,0
ORD050424,,0
ORD018816,,0
ORD001809,weight_discrepancy,1
ORD046128,,0
ORD038937,,0
ORD047718,,0
ORD037698,,0
ORD016156,,0
ORD055695,,0
ORD015841,,0
ORD041192,detention_padding,1
ORD050008,,0
ORD011393,,0
ORD044692,,0
ORD048252,,0
ORD032362,,0
ORD013651,,0
ORD024216,,0
ORD048723,,0
ORD002950,,0
ORD018580,,0
ORD014419,,0
ORD026415,,0
ORD019088,,0
ORD047501,,0
ORD033376,toll_inflation,1
ORD027251,weight_discrepancy,1
ORD010447,,0
ORD005460,,0
ORD039136,,0
ORD004713,detention_padding,1
ORD017885,,0
ORD002168,toll_inflation,1
ORD025725,,0
ORD039172,,0
ORD045452,,0
ORD041614,,0
ORD041715,,0
ORD031530,,0
ORD042961,detention_padding,1
ORD003836,,0
ORD042417,,0
ORD009996,,0
ORD054740,,0
ORD048580,,0
ORD050777,,0
ORD042449,,0
ORD017905,,0
ORD045932,weight_discrepancy,1
ORD017741,,0
ORD029156,,0
ORD047004,,0
ORD016329,,0
ORD042587,,0
ORD044072,,0
ORD008549,,0
ORD021384,,0
ORD039700,,0
ORD005443,,0
ORD018492,,0
ORD031437,,0
ORD042863,,0
ORD007415,,0
ORD020672,,0
ORD012013,,0
ORD024699,,0
ORD028822,,0
ORD037769,,0
ORD006701,,0
ORD032748,,0
ORD058490,,0
ORD017830,,0
ORD025668,,0
ORD058185,,0
ORD058146,,0
ORD059109,,0
ORD041272,,0
ORD030083,,0
ORD012733,,0
ORD036411,,0
ORD021801,,0
ORD027185,,0
ORD042147,,0
ORD019367,,0
ORD028267,,0
ORD018332,,0
ORD049375,,0
ORD016993,,0
ORD054261,,0
ORD004848,,0
ORD056486,,0
ORD008683,,0
ORD017019,,0
ORD005185,,0
ORD044867,,0
ORD024796,,0
ORD056854,,0
ORD030351,detention_padding,1
ORD043142,toll_inflation,1
ORD011454,,0
ORD049824,,0
ORD015624,,0
ORD013268,,0
ORD022296,,0
ORD058378,,0
ORD057242,,0
ORD025637,,0
ORD034982,,0
ORD048287,,0
ORD046590,,0
ORD047131,,0
ORD035214,,0
ORD042885,,0
ORD049385,,0
ORD034353,,0
ORD014773,,0
ORD038708,,0
ORD041451,,0
ORD056798,,0
ORD038320,,0
ORD034785,,0
ORD027454,,0
ORD029686,,0
ORD029657,,0
ORD013397,,0
ORD030515,,0
ORD010071,,0
ORD011172,,0
ORD046734,weight_discrepancy,1
ORD011239,,0
ORD054190,,0
ORD022768,,0
ORD044255,,0
ORD056124,,0
ORD023874,,0
ORD001105,,0
ORD027158,,0
ORD044069,detention_padding,1
ORD059018,,0
ORD018826,,0
ORD039482,,0
ORD006175,,0
ORD000508,,0
ORD048230,,0
ORD058928,,0
ORD015423,,0
ORD026478,,0
ORD015285,,0
ORD025775,,0
ORD048920,,0
ORD026496,,0
ORD018728,,0
ORD038838,,0
ORD017549,,0
ORD042889,,0
ORD048702,,0
ORD017146,,0
ORD026664,,0
ORD024174,,0
ORD024177,,0
ORD029025,,0
ORD020258,,0
ORD007813,,0
ORD050337,,0
ORD032056,,0
ORD019149,,0
ORD052381,,0
ORD024353,,0
ORD046005,,0
ORD023883,,0
ORD034280,,0
ORD011606,,0
ORD040234,,0
ORD052813,,0
ORD006549,,0
ORD057224,,0
ORD043008,detention_padding,1
ORD024493,,0
ORD029228,,0
ORD035179,,0
ORD000230,,0
ORD056000,,0
ORD022677,toll_inflation,1
ORD026815,,0
ORD017321,,0
ORD034062,,0
ORD050128,,0
ORD050638,,0
ORD049440,detention_padding,1
ORD046203,,0
ORD040265,,0
ORD022325,,0
ORD033999,,0
ORD036684,,0
ORD045012,,0
ORD033845,,0
ORD044755,,0
ORD028510,,0
ORD054333,,0
ORD042792,,0
ORD056630,,0
ORD049212,,0
ORD051605,,0
ORD014101,,0
ORD037387,,0
ORD056345,,0
ORD013487,,0
ORD001962,,0
ORD020593,,0
ORD055070,weight_discrepancy,1
ORD038794,,0
ORD028397,,0
ORD037440,,0
ORD013789,,0
ORD003608,,0
ORD025120,,0
ORD059870,,0
ORD027820,,0
ORD046541,,0
ORD043655,,0
ORD014829,,0
ORD058392,,0
ORD008519,,0
ORD021567,,0
ORD017094,,0
ORD030047,,0
ORD033846,,0
ORD030906,,0
ORD032389,weight_discrepancy,1
ORD042289,,0
ORD049141,,0
ORD003446,,0
ORD052485,,0
ORD027160,,0
ORD009539,,0
ORD033360,,0
ORD025232,,0
ORD059865,,0
ORD022644,,0
ORD035559,,0
ORD044558,,0
ORD058333,,0
ORD009925,,0
ORD046609,,0
ORD042139,,0
ORD002970,,0
ORD018896,,0
ORD002562,,0
ORD045642,,0
ORD042212,,0
ORD045630,,0
ORD058538,,0
ORD039812,,0
ORD032305,,0
ORD051745,,0
ORD051755,,0
ORD054934,,0
ORD023315,,0
ORD032564,,0
ORD010106,,0
ORD055516,,0
ORD039590,,0
ORD039528,,0
ORD030323,,0
ORD028681,,0
ORD039414,,0
ORD017471,,0
ORD009376,,0
ORD029883,detention_padding,1
ORD009262,,0
ORD041009,,0
ORD006198,,0
ORD024759,,0
ORD035041,detention_padding,1
ORD034293,detention_padding,1
ORD014830,,0
ORD024524,,0
ORD023985,,0
ORD007031,,0
ORD024380,,0
ORD014517,,0
ORD041940,,0
ORD007537,,0
ORD046830,,0
ORD049231,,0
ORD040532,,0
ORD034750,,0
ORD031195,,0
ORD038500,,0
ORD055183,,0
ORD038564,,0
ORD003523,,0
ORD011896,,0
ORD052936,,0
ORD046129,,0
ORD045964,,0
ORD039258,,0
ORD024860,,0
ORD051233,,0
ORD028060,,0
ORD029557,,0
ORD005393,,0
ORD014287,,0
ORD012313,,0
ORD034138,,0
ORD010532,,0
ORD046552,,0
ORD037236,,0
ORD027232,,0
ORD030672,,0
ORD028650,detention_padding,1
ORD028015,,0
ORD000271,,0
ORD039602,,0
ORD052522,,0
ORD029316,,0
ORD031688,,0
ORD025140,,0
ORD011138,,0
ORD044750,,0
ORD025010,,0
ORD002387,,0
ORD038535,,0
ORD038963,,0
ORD028188,toll_inflation,1
ORD052585,,0
ORD019220,,0
ORD053894,,0
ORD030099,,0
ORD051401,,0
ORD055626,toll_inflation,1
ORD050100,,0
ORD006981,,0
ORD058984,,0
ORD024205,,0
ORD032532,,0
ORD007703,,0
ORD003404,,0
ORD000735,,0
ORD000010,,0
ORD024915,,0
ORD035487,,0
ORD044926,,0
ORD009217,,0
ORD011295,,0
ORD000781,,0
ORD028207,,0
ORD037922,,0
ORD047336,,0
ORD035203,,0
ORD014482,,0
ORD021611,,0
ORD007283,,0
ORD009143,,0
ORD022061,,0
ORD003010,,0
ORD032104,,0
ORD032082,,0
ORD007797,weight_discrepancy,1
ORD055138,,0
ORD040134,,0
ORD049894,,0
ORD043875,,0
ORD028222,,0
ORD035912,,0
ORD027406,,0
ORD015816,,0
ORD057890,,0
ORD047193,,0
ORD040672,,0
ORD057850,toll_inflation,1
ORD023557,,0
ORD025880,,0
ORD004995,,0
ORD030480,,0
ORD012117,,0
ORD046000,,0
ORD016167,,0
ORD038965,,0
ORD023776,,0
ORD020813,,0
ORD020303,,0
ORD045153,,0
ORD059568,,0
ORD011455,,0
ORD041894,,0
ORD006263,toll_inflation,1
ORD003886,,0
ORD018194,,0
ORD043605,,0
ORD044106,,0
ORD042347,,0
ORD001408,,0
ORD020447,,0
ORD032559,,0
ORD012304,,0
ORD005438,,0
ORD043926,,0
ORD007808,,0
ORD058781,,0
ORD023354,,0
ORD038958,,0
ORD002796,,0
ORD005725,,0
ORD039619,,0
ORD029494,,0
ORD057380,,0
ORD047943,,0
ORD003786,,0
ORD055573,,0
ORD002306,,0
ORD058056,,0
ORD024036,,0
ORD037361,,0
ORD026710,,0
ORD024045,,0
ORD057488,,0
ORD042138,,0
ORD029207,,0
ORD019281,,0
ORD018054,,0
ORD018550,,0
ORD000105,weight_discrepancy,1
ORD054888,,0
ORD014037,,0
ORD046462,,0
ORD041789,,0
ORD032451,,0
ORD044931,,0
ORD012651,,0
ORD027939,,0
ORD052059,,0
ORD045870,,0
ORD033600,,0
ORD049915,,0
ORD036170,toll_inflation,1
ORD032003,,0
ORD052998,,0
ORD044611,,0
ORD021631,,0
ORD033891,,0
ORD055003,,0
ORD021237,,0
ORD046410,,0
ORD050263,,0
ORD051480,,0
ORD055725,,0
ORD039525,,0
ORD056506,,0
ORD046652,,0
ORD036480,,0
ORD028665,,0
ORD028041,,0
ORD005061,weight_discrepancy,1
ORD038832,,0
ORD034760,,0
ORD033224,,0
ORD035725,,0
ORD052586,,0
ORD052061,,0
ORD020282,,0
ORD020711,,0
ORD053932,,0
ORD022670,,0
ORD053760,,0
ORD046076,,0
ORD024991,,0
ORD048792,,0
ORD020890,,0
ORD017193,,0
ORD031654,detention_padding,1
ORD048228,,0
ORD011939,,0
ORD031872,,0
ORD003068,,0
ORD058842,,0
ORD003284,,0
ORD009324,,0
ORD032100,,0
ORD058580,,0
ORD029705,,0
ORD037834,,0
ORD019667,,0
ORD023808,,0
ORD018294,,0
ORD027542,,0
ORD044598,detention_padding,1
ORD030058,,0
ORD056556,,0
ORD008619,,0
ORD014186,,0
ORD036727,,0
ORD038796,,0
ORD011951,,0
ORD008981,,0
ORD005241,,0
ORD005231,,0
ORD050408,,0
ORD042794,,0
ORD030924,,0
ORD006180,,0
ORD024858,,0
ORD002188,,0
ORD057327,,0
ORD021270,,0
ORD006303,,0
ORD038482,weight_discrepancy,1
ORD012476,,0
ORD015114,,0
ORD047774,,0
ORD048008,,0
ORD023701,,0
ORD016175,,0
ORD009298,,0
ORD049281,,0
ORD043584,,0
ORD052745,,0
ORD035610,,0
ORD020322,,0
ORD037045,,0
ORD003923,,0
ORD010126,,0
ORD035895,,0
ORD058785,,0
ORD036509,,0
ORD058201,,0
ORD018031,,0
ORD058402,,0
ORD041064,,0
ORD010562,,0
ORD011168,,0
ORD023211,,0
ORD000802,,0
ORD013055,,0
ORD055120,weight_discrepancy,1
ORD049362,,0
ORD039329,,0
ORD059904,,0
ORD058875,weight_discrepancy,1
ORD049787,,0
ORD011709,,0
ORD013660,,0
ORD039002,,0
ORD004479,,0
ORD017481,,0
ORD035686,,0
ORD053956,,0
ORD012571,,0
ORD019479,,0
ORD028470,,0
ORD036207,,0
ORD006448,,0
ORD002581,,0
ORD039764,,0
ORD046210,,0
ORD018514,,0
ORD036696,,0
ORD031838,,0
ORD042616,toll_inflation,1
ORD007016,,0
ORD059593,,0
ORD041928,,0
ORD038964,,0
ORD056916,,0
ORD018750,,0
ORD025768,,0
ORD036011,,0
ORD025013,,0
ORD036605,,0
ORD039281,,0
ORD044357,,0
ORD016460,weight_discrepancy,1
ORD057421,,0
ORD042478,weight_discrepancy,1
ORD039402,,0
ORD032772,,0
ORD023561,,0
ORD031619,,0
ORD043512,,0
ORD035171,weight_discrepancy,1
ORD033121,,0
ORD048927,,0
ORD058775,,0
ORD017054,,0
ORD011348,,0
ORD026194,,0
ORD008955,,0
ORD057934,,0
ORD032613,,0
ORD007847,,0
ORD008349,,0
ORD050329,,0
ORD022028,,0
ORD013494,,0
ORD002023,,0
ORD054109,,0
ORD036205,,0
ORD033536,,0
ORD053650,,0
ORD002846,,0
ORD019130,weight_discrepancy,1
ORD031870,detention_padding,1
ORD058561,,0
ORD051662,,0
ORD032344,,0
ORD051782,,0
ORD039663,,0
ORD051192,,0
ORD020038,,0
ORD059895,,0
ORD058037,,0
ORD004642,,0
ORD020285,,0
ORD002451,,0
ORD050922,,0
ORD005375,,0
ORD016361,,0
ORD057441,,0
ORD016026,toll_inflation,1
ORD024898,,0
ORD038421,,0
ORD044918,,0
ORD006100,detention_padding,1
ORD021181,,0
ORD015458,,0
ORD050463,,0
ORD049176,,0
ORD056722,,0
ORD056604,,0
ORD035016,,0
ORD015585,detention_padding,1
ORD023240,,0
ORD040684,,0
ORD046591,detention_padding,1
ORD049472,,0
ORD055549,,0
ORD023226,,0
ORD047567,,0
ORD010491,,0
ORD055732,,0
ORD037157,,0
ORD054455,weight_discrepancy,1
ORD036541,,0
ORD010134,,0
ORD036899,,0
ORD057553,,0
ORD033938,,0
ORD055150,,0
ORD059821,,0
ORD031770,,0
ORD036756,,0
ORD052617,,0
ORD005106,,0
ORD023606,,0
ORD041559,,0
ORD024883,,0
ORD028080,,0
ORD054417,toll_inflation,1
ORD044224,,0
ORD027552,,0
ORD004019,,0
ORD023306,,0
ORD030864,,0
ORD021847,,0
ORD021827,,0
ORD037613,,0
ORD000955,,0
ORD003970,,0
ORD031570,,0
ORD040502,,0
ORD012930,,0
ORD019455,,0
ORD055224,,0
ORD006680,,0
ORD006412,,0
ORD047911,,0
ORD052912,,0
ORD009623,,0
ORD006660,,0
ORD020380,,0
ORD017278,,0
ORD028405,toll_inflation,1
ORD009922,,0
ORD033808,,0
ORD044161,,0
ORD054131,,0
ORD000242,,0
ORD031240,,0
ORD023426,,0
ORD005555,,0
ORD044482,,0
ORD038055,,0
ORD022273,,0
ORD056301,,0
ORD030577,,0
ORD021328,,0
ORD000783,,0
ORD047363,,0
ORD004781,,0
ORD033070,,0
ORD057912,,0
ORD003950,,0
ORD022508,,0
ORD022816,,0
ORD014135,,0
ORD037681,,0
ORD009800,,0
ORD039168,,0
ORD046989,,0
ORD027656,,0
ORD057538,,0
ORD032812,,0
ORD000447,,0
ORD039366,,0
ORD033404,,0
ORD023536,,0
ORD004745,,0
ORD042592,,0
ORD044120,weight_discrepancy,1
ORD059781,,0
ORD016716,,0
ORD046891,,0
ORD053685,,0
ORD024993,,0
ORD037376,,0
ORD003709,,0
ORD049767,,0
ORD000017,,0
ORD013751,,0
ORD038370,,0
ORD022970,,0
ORD031785,,0
ORD018828,,0
ORD013438,,0
ORD036088,,0
ORD018928,,0
ORD032153,,0
ORD016212,,0
ORD027601,,0
ORD058754,,0
ORD021140,,0
ORD056169,,0
ORD047824,,0
ORD026272,,0
ORD028376,,0
ORD051701,,0
ORD034833,,0
ORD025665,,0
ORD006920,,0
ORD006885,,0
ORD013698,,0
ORD045629,,0
ORD047051,,0
ORD017607,,0
ORD030989,,0
ORD042227,,0
ORD019492,,0
ORD047178,,0
ORD025250,,0
ORD057435,,0
ORD043664,,0
ORD028418,,0
ORD010754,,0
ORD058962,,0
ORD009837,,0
ORD031196,,0
ORD051139,,0
ORD057590,,0
ORD025683,,0
ORD052196,,0
ORD056735,,0
ORD047299,,0
ORD014406,,0
ORD014317,,0
ORD052025,,0
ORD014067,,0
ORD052020,,0
ORD052002,,0
ORD009023,,0
ORD015822,,0
ORD038617,,0
ORD044223,,0
ORD022827,,0
ORD041285,toll_inflation,1
ORD056514,,0
ORD039418,,0
ORD026112,,0
ORD040402,,0
ORD013747,,0
ORD022757,,0
ORD047250,,0
ORD054320,,0
ORD003619,,0
ORD004229,,0
ORD040276,,0
ORD018392,,0
ORD053503,,0
ORD025026,,0
ORD057492,,0
ORD009605,,0
ORD052765,,0
ORD052481,,0
ORD027421,,0
ORD046718,,0
ORD015636,,0
ORD033557,,0
ORD027361,,0
ORD005950,,0
ORD005189,,0
ORD002311,,0
ORD043660,,0
ORD052755,,0
ORD033479,toll_inflation,1
ORD057493,,0
ORD047476,,0
ORD001857,,0
ORD015162,,0
ORD020069,,0
ORD041411,,0
ORD045405,,0
ORD050095,,0
ORD018036,,0
ORD056602,,0
ORD001152,,0
ORD032694,,0
ORD051976,,0
ORD008889,weight_discrepancy,1
ORD021866,,0
ORD058330,,0
ORD058006,,0
ORD037149,,0
ORD032570,,0
ORD058397,,0
ORD039665,,0
ORD029619,,0
ORD022360,,0
ORD013037,,0
ORD056343,,0
ORD010977,,0
ORD059133,,0
ORD039920,,0
ORD019395,,0
ORD019199,,0
ORD022892,,0
ORD014582,,0
ORD027742,,0
ORD056858,,0
ORD041949,,0
ORD043090,,0
ORD030943,,0
ORD056930,,0
ORD004699,,0
ORD033197,detention_padding,1
ORD011636,detention_padding,1
ORD039169,,0
ORD029338,,0
ORD033041,,0
ORD038998,weight_discrepancy,1
ORD030991,,0
ORD053326,,0
ORD042541,,0
ORD035795,,0
ORD055849,,0
ORD033268,,0
ORD039192,,0
ORD043135,,0
ORD018423,,0
ORD002687,,0
ORD051331,,0
ORD032333,weight_discrepancy,1
ORD002859,,0
ORD019405,,0
ORD059482,,0
ORD052519,,0
ORD052311,,0
ORD018198,,0
ORD057866,,0
ORD045068,,0
ORD001104,,0
ORD025134,,0
ORD005402,detention_padding,1
ORD040358,,0
ORD058249,,0
ORD020566,,0
ORD025097,,0
ORD029088,,0
ORD028627,,0
ORD057462,,0
ORD017528,,0
ORD055005,,0
ORD047569,,0
ORD026008,,0
ORD020095,toll_inflation,1
ORD023052,toll_inflation,1
ORD014673,,0
ORD027934,,0
ORD036829,,0
ORD022476,,0
ORD031139,,0
ORD057024,,0
ORD029530,weight_discrepancy,1
ORD022171,,0
ORD024694,,0
ORD033867,,0
ORD056300,,0
ORD048945,,0
ORD056477,detention_padding,1
ORD044466,,0
ORD038032,,0
ORD056907,,0
ORD059073,,0
ORD056152,,0
ORD047481,,0
ORD012800,,0
ORD037658,,0
ORD056913,,0
ORD002380,,0
ORD018646,,0
ORD058186,,0
ORD024093,,0
ORD059399,,0
ORD055632,,0
ORD018767,,0
ORD043697,,0
ORD037815,,0
ORD053442,,0
ORD034667,,0
ORD037785,toll_inflation,1
ORD008314,,0
ORD024127,,0
ORD042497,,0
ORD049522,,0
ORD059641,,0
ORD042534,,0
ORD012487,,0
ORD017530,,0
ORD048623,,0
ORD022897,,0
ORD022710,detention_padding,1
ORD017307,,0
ORD036947,,0
ORD055859,,0
ORD006714,,0
ORD055300,,0
ORD035829,,0
ORD003739,,0
ORD025781,,0
ORD046166,,0
ORD058887,toll_inflation,1
ORD051829,,0
ORD023541,,0
ORD027081,,0
ORD044281,,0
ORD058789,,0
ORD044921,,0
ORD045745,,0
ORD053614,,0
ORD006161,,0
ORD029123,,0
ORD025867,,0
ORD047024,,0
ORD008465,,0
ORD011403,,0
ORD000377,,0
ORD023962,,0
ORD005838,,0
ORD028475,toll_inflation,1
ORD036838,,0
ORD012249,,0
ORD022449,,0
ORD013368,,0
ORD041872,,0
ORD016137,,0
ORD047283,,0
ORD025091,,0
ORD010776,,0
ORD008051,,0
ORD043448,,0
ORD056527,,0
ORD058861,,0
ORD001720,,0
ORD006818,,0
ORD043338,,0
ORD036791,,0
ORD006883,,0
ORD040995,,0
ORD020143,,0
ORD025659,,0
ORD034436,,0
ORD032653,,0
ORD049455,,0
ORD017555,,0
ORD036341,,0
ORD021867,,0
ORD058217,,0
ORD050688,,0
ORD052250,,0
ORD024875,,0
ORD052255,,0
ORD039595,,0
ORD014727,,0
ORD044088,,0
ORD036248,,0
ORD008521,,0
ORD015536,,0
ORD010668,,0
ORD031296,,0
ORD000091,,0
ORD010660,,0
ORD018942,,0
ORD039545,,0
ORD019517,,0
ORD053155,,0
ORD023639,,0
ORD028725,,0
ORD016354,,0
ORD029701,,0
ORD010128,,0
ORD010647,,0
ORD030009,,0
ORD026399,,0
ORD026379,,0
ORD003288,,0
ORD049045,,0
ORD003345,,0
ORD058083,,0
ORD059024,,0
ORD014957,,0
ORD041460,,0
ORD030576,,0
ORD005525,,0
ORD029872,,0
ORD052355,,0
ORD026779,,0
ORD002525,,0
ORD059661,,0
ORD048117,,0
ORD053522,,0
ORD053486,,0
ORD037872,,0
ORD000113,,0
ORD037657,,0
ORD055993,,0
ORD042043,,0
ORD003811,,0
ORD039486,,0
ORD024447,,0
ORD007161,,0
ORD001437,,0
ORD048347,,0
ORD034203,,0
ORD008348,,0
ORD029289,,0
ORD020587,,0
ORD046792,,0
ORD024757,,0
ORD052612,,0
ORD005451,,0
ORD036148,,0
ORD003041,,0
ORD015697,,0
ORD013294,,0
ORD016335,,0
ORD052750,,0
ORD010749,,0
ORD058757,,0
ORD050759,detention_padding,1
ORD019232,,0
ORD051409,,0
ORD013225,,0
ORD000366,,0
ORD046987,,0
ORD031402,,0
ORD002319,,0
ORD040766,,0
ORD031500,,0
ORD026752,,0
ORD039647,,0
ORD006665,,0
ORD013732,,0
ORD021956,,0
ORD049733,,0
ORD041800,,0
ORD047536,,0
ORD042571,,0
ORD037967,,0
ORD017338,,0
ORD028957,,0
ORD054227,,0
ORD046956,,0
ORD018279,,0
ORD022443,toll_inflation,1
ORD019231,,0
ORD039623,,0
ORD026683,,0
ORD054251,,0
ORD041423,,0
ORD055212,,0
ORD008152,,0
ORD045804,,0
ORD051329,,0
ORD022858,,0
ORD018046,,0
ORD039817,,0
ORD019601,,0
ORD059435,,0
ORD042265,,0
ORD051225,,0
ORD030502,,0
ORD047944,,0
ORD053659,,0
ORD033154,,0
ORD054368,,0
ORD038671,,0
ORD005461,,0
ORD022516,,0
ORD009774,,0
ORD047451,,0
ORD024574,,0
ORD010061,,0
ORD024417,,0
ORD027041,,0
ORD021504,,0
ORD020155,,0
ORD051031,,0
ORD035636,,0
ORD009428,,0
ORD021408,,0
ORD053281,,0
ORD004680,,0
ORD055477,,0
ORD057314,,0
ORD057252,toll_inflation,1
ORD016255,,0
ORD054511,,0
ORD043779,,0
ORD002146,,0
ORD050702,,0
ORD021466,,0
ORD053494,,0
ORD045362,,0
ORD024851,,0
ORD007201,,0
ORD033734,,0
ORD027886,,0
ORD057185,,0
ORD031359,,0
ORD026405,,0
ORD005116,,0
ORD053339,,0
ORD045430,,0
ORD025303,,0
ORD001527,,0
ORD050175,,0
ORD022113,,0
ORD015378,,0
ORD020995,,0
ORD012282,,0
ORD030136,,0
ORD002290,detention_padding,1
ORD041036,,0
ORD016324,,0
ORD057522,,0
ORD027265,,0
ORD019091,,0
ORD023916,,0
ORD012170,,0
ORD041724,,0
ORD056235,,0
ORD008400,,0
ORD057217,,0
ORD043965,,0
ORD001340,,0
ORD059501,,0
ORD003102,,0
ORD045115,,0
ORD048193,weight_discrepancy,1
ORD055068,,0
ORD022695,,0
ORD057410,,0
ORD039580,weight_discrepancy,1
ORD040770,weight_discrepancy,1
ORD031664,,0
ORD052148,,0
ORD026187,,0
ORD007739,,0
ORD027099,,0
ORD004135,,0
ORD011556,,0
ORD059746,,0
ORD032705,,0
ORD004097,,0
ORD056472,,0
ORD017788,,0
ORD041540,,0
ORD051119,,0
ORD024624,,0
ORD039017,,0
ORD000226,,0
ORD034584,,0
ORD008032,,0
ORD040476,,0
ORD022218,,0
ORD044468,,0
ORD044982,,0
ORD051520,,0
ORD027014,weight_discrepancy,1
ORD029785,,0
ORD059651,,0
ORD044923,,0
ORD038380,,0
ORD014110,,0
ORD000006,,0
ORD023931,,0
ORD036798,,0
ORD001397,,0
ORD030310,,0
ORD002731,,0
ORD041024,,0
ORD003873,,0
ORD028661,,0
ORD034509,,0
ORD025022,,0
ORD047307,,0
ORD001038,,0
ORD057755,,0
ORD054719,,0
ORD044811,,0
ORD038202,,0
ORD043322,,0
ORD025523,,0
ORD017018,,0
ORD041436,,0
ORD004719,,0
ORD042989,,0
ORD003228,,0
ORD014711,,0
ORD003614,,0
ORD047963,,0
ORD037952,,0
ORD029841,,0
ORD042204,,0
ORD039587,,0
ORD057747,,0
ORD003074,,0
ORD043300,,0
ORD028803,,0
ORD027769,,0
ORD055231,,0
ORD032982,detention_padding,1
ORD046866,toll_inflation,1
ORD015444,,0
ORD000608,,0
ORD059756,,0
ORD047429,toll_inflation,1
ORD026767,,0
ORD041430,detention_padding,1
ORD047852,,0
ORD001224,,0
ORD055723,,0
ORD026632,,0
ORD008827,,0
ORD043431,,0
ORD046823,,0
ORD008299,weight_discrepancy,1
ORD008148,,0
ORD029517,,0
ORD023761,,0
ORD006866,,0
ORD006629,,0
ORD038121,,0
ORD031732,,0
ORD047026,,0
ORD057326,,0
ORD024934,,0
ORD032554,,0
ORD023640,,0
ORD055706,,0
ORD009709,,0
ORD052515,,0
ORD033791,,0
ORD015588,,0
ORD020291,,0
ORD014630,weight_discrepancy,1
ORD014448,,0
ORD053700,,0
ORD050311,,0
ORD053994,,0
ORD022337,,0
ORD046527,,0
ORD017926,,0
ORD049746,,0
ORD049662,,0
ORD050899,,0
ORD042829,,0
ORD025179,,0
ORD010017,,0
ORD057863,,0
ORD026072,,0
ORD042275,,0
ORD045780,,0
ORD002974,,0
ORD046018,weight_discrepancy,1
ORD009081,,0
ORD023777,,0
ORD013907,,0
ORD008681,,0
ORD020250,,0
ORD023926,,0
ORD027285,,0
ORD056206,,0
ORD003085,,0
ORD045721,,0
ORD039685,,0
ORD013267,,0
ORD034391,,0
ORD030613,,0
ORD030586,,0
ORD029970,,0
ORD003920,,0
ORD010402,,0
ORD010424,,0
ORD054363,,0
ORD027879,toll_inflation,1
ORD012018,,0
ORD017789,,0
ORD030194,,0
ORD011237,weight_discrepancy,1
ORD051310,,0
ORD044772,,0
ORD000623,,0
ORD038541,toll_inflation,1
ORD038335,,0
ORD016123,,0
ORD019733,detention_padding,1
ORD025272,,0
ORD045244,detention_padding,1
ORD057735,,0
ORD052691,toll_inflation,1
ORD041558,,0
ORD015779,,0
ORD059046,,0
ORD051686,,0
ORD032338,,0
ORD041587,,0
ORD040415,,0
ORD024450,,0
ORD024373,,0
ORD050590,,0
ORD056540,,0
ORD026693,,0
ORD007720,,0
ORD039036,,0
ORD015530,,0
ORD011745,,0
ORD012604,,0
ORD045242,detention_padding,1
ORD044287,,0
ORD016988,,0
ORD045144,,0
ORD035542,,0
ORD035874,,0
ORD040865,,0
ORD045258,,0
ORD030636,,0
ORD035185,,0
ORD021274,,0
ORD014534,,0
ORD014501,,0
ORD003064,,0
ORD053670,,0
ORD015626,,0
ORD013433,,0
ORD021075,,0
ORD000800,,0
ORD046336,,0
ORD051021,,0
ORD053139,,0
ORD017625,,0
ORD013102,,0
ORD012809,detention_padding,1
ORD035222,,0
ORD001201,,0
ORD048783,weight_discrepancy,1
ORD058008,,0
ORD040286,,0
ORD055657,,0
ORD039037,,0
ORD029394,,0
ORD023744,,0
ORD023528,,0
ORD049611,,0
ORD037276,,0
ORD032251,,0
ORD005049,weight_discrepancy,1
ORD032218,,0
ORD029012,,0
ORD010259,,0
ORD006240,,0
ORD059082,,0
ORD029798,,0
ORD010959,,0
ORD005207,,0
ORD005681,,0
ORD058979,,0
ORD052057,,0
ORD008728,detention_padding,1
ORD002374,toll_inflation,1
ORD004305,,0
ORD018096,,0
ORD023101,,0
ORD031609,,0
ORD017964,,0
ORD048432,,0
ORD001952,,0
ORD047183,,0
ORD000543,,0
ORD037459,,0
ORD053298,,0
ORD056307,,0
ORD040159,,0
ORD056615,,0
ORD053051,,0
ORD018153,,0
ORD025427,,0
ORD057140,,0
ORD031241,,0
ORD005104,,0
ORD016337,,0
ORD033628,,0
ORD020739,,0
ORD052713,,0
ORD026978,,0
ORD037641,,0
ORD056977,,0
ORD023775,,0
ORD028488,,0
ORD030208,,0
ORD044005,,0
ORD052100,,0
ORD030297,,0
ORD012016,,0
ORD054573,,0
ORD054512,,0
ORD043854,toll_inflation,1
ORD055354,,0
ORD029723,,0
ORD012757,,0
ORD051984,,0
ORD012747,,0
ORD027711,,0
ORD014055,,0
ORD008951,,0
ORD040661,,0
ORD025900,,0
ORD047314,,0
ORD022144,,0
ORD000805,,0
ORD058213,,0
ORD029909,,0
ORD022217,,0
ORD055644,,0
ORD043995,,0
ORD018992,,0
ORD018588,,0
ORD017896,,0
ORD019913,,0
ORD052000,,0
ORD001215,,0
ORD015941,,0
ORD002717,,0
ORD003088,,0
ORD003733,,0
ORD025936,,0
ORD058210,,0
ORD058132,,0
ORD005088,,0
ORD025243,,0
ORD048902,,0
ORD006160,,0
ORD048987,,0
ORD057005,,0
ORD006783,,0
ORD001666,,0
ORD055572,,0
ORD010100,,0
ORD023232,,0
ORD053062,,0
ORD015031,,0
ORD053980,,0
ORD050244,,0
ORD054118,,0
ORD054147,,0
ORD052812,,0
ORD012232,,0
ORD011324,,0
ORD011228,,0
ORD001232,,0
ORD023106,,0
ORD049781,,0
ORD055247,,0
ORD011947,,0
ORD027775,,0
ORD041470,,0
ORD036382,,0
ORD045221,,0
ORD041634,,0
ORD030409,,0
ORD035589,,0
ORD040851,toll_inflation,1
ORD046291,,0
ORD029546,toll_inflation,1
ORD034554,,0
ORD041697,weight_discrepancy,1
ORD034604,,0
ORD040817,,0
ORD041113,,0
ORD028828,,0
ORD046791,,0
ORD028327,,0
ORD025470,,0
ORD006017,,0
ORD042654,,0
ORD008837,,0
ORD009773,,0
ORD046008,,0
ORD043202,,0
ORD041215,,0
ORD011421,,0
ORD033597,,0
ORD025292,weight_discrepancy,1
ORD045594,,0
ORD039596,,0
ORD010994,,0
ORD054900,,0
ORD003015,,0
ORD029062,,0
ORD055826,,0
ORD006130,,0
ORD058672,,0
ORD037578,,0
ORD019605,,0
ORD029920,,0
ORD051266,,0
ORD044695,,0
ORD022414,,0
ORD025219,,0
ORD002154,,0
ORD010228,,0
ORD030738,,0
ORD015729,,0
ORD048241,,0
ORD043095,,0
ORD037643,,0
ORD005391,,0
ORD036040,,0
ORD003366,,0
ORD001365,,0
ORD058039,,0
ORD026362,,0
ORD002643,,0
ORD058262,,0
ORD007843,,0
ORD034898,,0
ORD035077,,0
ORD048592,,0
ORD053369,,0
ORD044441,,0
ORD003174,,0
ORD034313,toll_inflation,1
ORD027235,,0
ORD012762,,0
ORD036483,,0
ORD049333,,0
ORD022314,,0
ORD008702,,0
ORD050552,,0
ORD047856,,0
ORD035984,,0
ORD006834,,0
ORD054616,,0
ORD011631,,0
ORD020822,,0
ORD023901,,0
ORD046804,,0
ORD035975,,0
ORD041256,,0
ORD047523,,0
ORD031993,,0
ORD052960,,0
ORD014237,,0
ORD035963,,0
ORD012378,,0
ORD052066,,0
ORD053426,,0
ORD001700,,0
ORD003606,,0
ORD039659,,0
ORD008185,,0
ORD044098,,0
ORD026721,,0
ORD002013,,0
ORD017336,,0
ORD046259,,0
ORD004822,,0
ORD051798,,0
ORD057807,,0
ORD030855,,0
ORD033172,,0
ORD002715,toll_inflation,1
ORD027863,detention_padding,1
ORD000566,,0
ORD018276,,0
ORD047218,,0
ORD018277,,0
ORD012765,,0
ORD009168,,0
ORD014352,,0
ORD045614,,0
ORD059809,toll_inflation,1
ORD042727,,0
ORD036691,,0
ORD034749,weight_discrepancy,1
ORD050509,detention_padding,1
ORD000038,,0
ORD013839,,0
ORD031765,,0
ORD041689,,0
ORD032587,,0
ORD024879,,0
ORD042856,,0
ORD033570,,0
ORD032301,,0
ORD012293,,0
ORD008732,,0
ORD031286,,0
ORD048006,,0
ORD021831,,0
ORD022890,,0
ORD042595,,0
ORD023016,,0
ORD025615,,0
ORD002897,,0
ORD030736,toll_inflation,1
ORD058271,,0
ORD037264,,0
ORD052442,,0
ORD031920,,0
ORD037062,,0
ORD015043,,0
ORD050563,,0
ORD045263,,0
ORD023726,,0
ORD039018,,0
ORD045595,,0
ORD050649,,0
ORD001103,,0
ORD030985,,0
ORD018959,,0
ORD051563,,0
ORD031160,,0
ORD019042,,0
ORD049628,,0
ORD025007,,0
ORD026630,,0
ORD029967,toll_inflation,1
ORD037300,,0
ORD037305,,0
ORD026617,,0
ORD006110,,0
ORD010291,,0
ORD058750,,0
ORD049549,,0
ORD022342,,0
ORD020878,,0
ORD000250,,0
ORD038527,,0
ORD054376,,0
ORD013308,,0
ORD012221,,0
ORD005360,,0
ORD039651,,0
ORD036737,,0
ORD041652,,0
ORD042301,,0
ORD024449,,0
ORD016406,,0
ORD006668,,0
ORD013302,,0
ORD004671,,0
ORD013000,,0
ORD059640,,0
ORD014646,,0
ORD009867,,0
ORD049250,detention_padding,1
ORD038768,,0
ORD048253,,0
ORD024754,,0
ORD026438,,0
ORD056246,,0
ORD054725,,0
ORD012449,,0
ORD057635,,0
ORD028746,,0
ORD043376,,0
ORD041067,,0
ORD031497,,0
ORD016260,weight_discrepancy,1
ORD056770,,0
ORD014557,,0
ORD032895,,0
ORD036150,,0
ORD057938,,0
ORD057129,,0
ORD006436,,0
ORD012105,,0
ORD056120,,0
ORD050094,,0
ORD024657,,0
ORD015494,,0
ORD041249,,0
ORD056006,,0
ORD028775,,0
ORD045023,,0
ORD023572,,0
ORD038346,,0
ORD045181,,0
ORD029753,,0
ORD007476,,0
ORD037513,,0
ORD016949,,0
ORD051827,,0
ORD031988,,0
ORD044788,,0
ORD017887,,0
ORD048655,,0
ORD056845,,0
ORD043147,,0
ORD011523,,0
ORD002442,,0
ORD054138,,0
ORD016229,,0
ORD014094,,0
ORD013423,,0
ORD043094,detention_padding,1
ORD038497,,0
ORD003301,,0
ORD000445,,0
ORD020525,,0
ORD014299,,0
ORD041008,,0
ORD034117,,0
ORD010220,,0
ORD000509,,0
ORD001124,,0
ORD034914,,0
ORD048790,toll_inflation,1
ORD037595,,0
ORD004147,,0
ORD036650,,0
ORD026269,,0
ORD044677,,0
ORD006589,,0
ORD059189,,0
ORD037034,,0
ORD015804,,0
ORD014293,,0
ORD039213,,0
ORD017348,,0
ORD004720,,0
ORD008459,,0
ORD017340,,0
ORD043002,,0
ORD047808,,0
ORD050626,,0
ORD023666,,0
ORD014486,,0
ORD004756,,0
ORD020211,,0
ORD031786,,0
ORD022693,,0
ORD046833,,0
ORD058472,,0
ORD050109,,0
ORD039644,,0
ORD026955,,0
ORD057877,,0
ORD038771,,0
ORD008768,,0
ORD049207,,0
ORD032942,,0
ORD040209,,0
ORD018576,,0
ORD001240,,0
ORD031242,,0
ORD008235,,0
ORD019711,weight_discrepancy,1
ORD024505,,0
ORD058978,,0
ORD020351,,0
ORD004687,weight_discrepancy,1
ORD054834,,0
ORD016330,,0
ORD037509,,0
ORD026495,,0
ORD043611,,0
ORD022998,,0
ORD050511,,0
ORD002832,,0
ORD018038,,0
ORD020333,,0
ORD012871,,0
ORD004237,,0
ORD026239,,0
ORD057822,,0
ORD018544,,0
ORD045327,,0
ORD045992,,0
ORD043220,,0
ORD032193,,0
ORD014641,,0
ORD031548,,0
ORD050161,,0
ORD043638,weight_discrepancy,1
ORD012501,,0
ORD050124,,0
ORD001791,,0
ORD030886,,0
ORD015356,,0
ORD059378,,0
ORD001789,,0
ORD041780,,0
ORD004424,,0
ORD009931,,0
ORD055808,,0
ORD040162,,0
ORD008978,,0
ORD001116,,0
ORD050903,,0
ORD058264,,0
ORD010278,,0
ORD032175,,0
ORD043917,,0
ORD040413,,0
ORD044171,,0
ORD045691,,0
ORD038854,,0
ORD028843,,0
ORD005214,,0
ORD004617,,0
ORD043802,,0
ORD053805,,0
ORD049053,,0
ORD053889,toll_inflation,1
ORD041318,,0
ORD030386,,0
ORD025222,,0
ORD034840,,0
ORD044451,,0
ORD015876,,0
ORD022712,,0
ORD019233,,0
ORD014652,,0
ORD024022,,0
ORD041960,,0
ORD042756,,0
ORD002752,,0
ORD011753,,0
ORD039769,,0
ORD042755,,0
ORD007650,,0
ORD035522,,0
ORD005344,,0
ORD017884,,0
ORD039599,,0
ORD036836,,0
ORD000148,,0
ORD050806,,0
ORD022184,,0
ORD037721,,0
ORD030978,,0
ORD006210,,0
ORD007959,,0
ORD009478,,0
ORD051855,,0
ORD058868,,0
ORD055606,,0
ORD031669,,0
ORD004557,detention_padding,1
ORD023668,,0
ORD004507,,0
ORD021058,,0
ORD033501,,0
ORD003799,,0
ORD026093,,0
ORD052530,weight_discrepancy,1
ORD021158,,0
ORD051597,,0
ORD047494,,0
ORD045640,,0
ORD031074,,0
ORD004723,,0
ORD050580,,0
ORD045445,,0
ORD042673,,0
ORD015343,,0
ORD006215,,0
ORD029444,,0
ORD024789,,0
ORD039085,,0
ORD028597,,0
ORD009222,,0
ORD000434,,0
ORD046477,,0
ORD023786,,0
ORD050734,weight_discrepancy,1
ORD057856,,0
ORD048697,,0
ORD055084,,0
ORD015179,,0
ORD059934,,0
ORD028966,,0
ORD039633,,0
ORD039782,detention_padding,1
ORD047643,,0
ORD054986,,0
ORD059637,,0
ORD032547,,0
ORD049206,,0
ORD029477,,0
ORD040586,,0
ORD054976,detention_padding,1
ORD014026,,0
ORD014035,,0
ORD049848,,0
ORD038582,,0
ORD027900,,0
ORD046892,,0
ORD006803,,0
ORD029628,,0
ORD045791,,0
ORD044551,,0
ORD026900,,0
ORD033906,,0
ORD050349,,0
ORD021705,,0
ORD023736,,0
ORD025174,detention_padding,1
ORD058848,toll_inflation,1
ORD015106,,0
ORD054539,,0
ORD011581,,0
ORD040294,,0
ORD055675,,0
ORD008745,,0
ORD006988,,0
ORD001219,,0
ORD030797,,0
ORD045243,,0
ORD030877,,0
ORD047836,,0
ORD036070,weight_discrepancy,1
ORD008581,,0
ORD054000,,0
ORD034780,,0
ORD039677,,0
ORD039821,,0
ORD035285,,0
ORD011528,weight_discrepancy,1
ORD016400,,0
ORD037377,,0
ORD003934,,0
ORD014876,,0
ORD038503,,0
ORD058598,,0
ORD019063,,0
ORD012669,,0
ORD022762,,0
ORD052047,,0
ORD039851,,0
ORD032951,,0
ORD034483,,0
ORD041253,,0
ORD003401,,0
ORD040760,,0
ORD004847,,0
ORD018413,,0
ORD025593,,0
ORD037814,,0
ORD023061,,0
ORD024432,,0
ORD042404,,0
ORD003152,,0
ORD055066,,0
ORD021341,,0
ORD004537,,0
ORD010369,,0
ORD054406,,0
ORD030220,,0
ORD010504,,0
ORD054854,,0
ORD055443,,0
ORD049130,,0
ORD001363,,0
ORD041633,,0
ORD041463,,0
ORD044434,,0
ORD053644,,0
ORD008321,,0
ORD014902,,0
ORD041047,,0
ORD019968,,0
ORD014586,,0
ORD019892,,0
ORD047710,,0
ORD039887,,0
ORD047444,,0
ORD034852,,0
ORD057598,,0
ORD003425,,0
ORD038732,,0
ORD008859,,0
ORD009901,,0
ORD017134,detention_padding,1
ORD013545,,0
ORD012606,,0
ORD025234,,0
ORD047072,,0
ORD035492,,0
ORD055154,,0
ORD052081,,0
ORD048996,detention_padding,1
ORD038872,,0
ORD058456,,0
ORD028185,,0
ORD025479,,0
ORD044526,,0
ORD048431,,0
ORD012929,,0
ORD044732,,0
ORD029302,,0
ORD040943,,0
ORD003222,,0
ORD042192,,0
ORD018547,,0
ORD041208,,0
ORD030376,,0
ORD022574,,0
ORD038103,,0
ORD039792,,0
ORD053999,,0
ORD051756,,0
ORD014759,,0
ORD057888,,0
ORD014750,,0
ORD030584,,0
ORD057165,,0
ORD059412,,0
ORD014764,,0
ORD058503,,0
ORD059366,,0
ORD012052,,0
ORD017316,,0
ORD047973,,0
ORD052071,,0
ORD043137,,0
ORD029191,,0
ORD025884,,0
ORD024007,,0
ORD002383,,0
ORD058574,,0
ORD020678,,0
ORD009957,,0
ORD028544,,0
ORD042780,,0
ORD053666,,0
ORD039548,,0
ORD030304,,0
ORD055053,,0
ORD015868,,0
ORD015831,,0
ORD018130,,0
ORD048439,,0
ORD000026,,0
ORD006269,,0
ORD025706,,0
ORD008179,,0
ORD038019,weight_discrepancy,1
ORD029587,,0
ORD000489,,0
ORD041710,,0
ORD008327,,0
ORD047319,,0
ORD021637,,0
ORD056149,,0
ORD042066,,0
ORD015086,,0
ORD043869,,0
ORD036408,,0
ORD002816,,0
ORD044346,,0
ORD044433,,0
ORD001767,,0
ORD017563,,0
ORD000437,,0
ORD043548,,0
ORD057995,,0
ORD000014,,0
ORD054923,,0
ORD000074,,0
ORD048634,,0
ORD015248,,0
ORD050487,detention_padding,1
ORD021325,,0
ORD017775,,0
ORD045349,,0
ORD002499,,0
ORD011471,,0
ORD008054,,0
ORD017835,,0
ORD002291,,0
ORD045444,detention_padding,1
ORD030429,,0
ORD050559,,0
ORD040328,,0
ORD051836,,0
ORD048207,,0
ORD017425,,0
ORD042510,,0
ORD009649,,0
ORD029715,,0
ORD042679,,0
ORD050413,,0
ORD026635,,0
ORD012949,,0
ORD027336,,0
ORD045723,,0
ORD003065,,0
ORD011804,,0
ORD057815,,0
ORD054895,,0
ORD045162,,0
ORD004983,,0
ORD051705,,0
ORD001929,,0
ORD039987,,0
ORD053467,,0
ORD052514,,0
ORD036032,weight_discrepancy,1
ORD007925,weight_discrepancy,1
ORD053307,,0
ORD043993,,0
ORD024235,,0
ORD019360,,0
ORD038719,,0
ORD025623,,0
ORD050261,,0
ORD016138,,0
ORD033857,,0
ORD041153,,0
ORD019877,,0
ORD050874,,0
ORD054110,,0
ORD031931,weight_discrepancy,1
ORD028548,,0
ORD055329,,0
ORD001275,,0
ORD023724,,0
ORD019421,,0
ORD055347,,0
ORD033418,,0
ORD058140,,0
ORD004145,,0
ORD015397,,0
ORD025970,toll_inflation,1
ORD001153,,0
ORD007596,,0
ORD019112,,0
ORD031489,,0
ORD013264,,0
ORD056741,,0
ORD050761,,0
ORD024908,,0
ORD012300,,0
ORD003427,,0
ORD037401,,0
ORD043217,,0
ORD020505,,0
ORD035587,detention_padding,1
ORD028076,,0
ORD005299,,0
ORD029690,toll_inflation,1
ORD010390,,0
ORD053718,,0
ORD025364,,0
ORD046348,,0
ORD054827,,0
ORD053787,,0
ORD039362,,0
ORD030802,,0
ORD021882,,0
ORD002690,,0
ORD035784,,0
ORD053702,,0
ORD052209,,0
ORD048321,,0
ORD017539,,0
ORD050335,,0
ORD027377,,0
ORD010479,,0
ORD045763,,0
ORD005211,,0
ORD047046,,0
ORD028868,weight_discrepancy,1
ORD018400,,0
ORD040818,,0
ORD021342,,0
ORD042969,,0
ORD044209,,0
ORD016104,,0
ORD020021,,0
ORD025948,,0
ORD055444,,0
ORD038075,,0
ORD022039,,0
ORD022671,,0
ORD019747,,0
ORD058405,,0
ORD056776,,0
ORD043829,,0
ORD024591,,0
ORD038724,,0
ORD020261,,0
ORD021958,,0
ORD011655,,0
ORD038091,,0
ORD010933,,0
ORD000605,toll_inflation,1
ORD039127,,0
ORD039885,,0
ORD017360,,0
ORD042466,,0
ORD041753,,0
ORD057339,,0
ORD059123,,0
ORD031088,,0
ORD010024,,0
ORD019085,,0
ORD029821,weight_discrepancy,1
ORD039398,,0
ORD021594,,0
ORD035696,toll_inflation,1
ORD038412,,0
ORD015529,,0
ORD054397,,0
ORD040380,,0
ORD008247,,0
ORD053947,,0
ORD005795,,0
ORD008201,weight_discrepancy,1
ORD007035,detention_padding,1
ORD028859,,0
ORD033449,,0
ORD040935,weight_discrepancy,1
ORD012530,,0
ORD011887,,0
ORD001918,,0
ORD053148,,0
ORD030268,,0
ORD029104,,0
ORD059195,,0
ORD058989,,0
ORD015314,,0
ORD049778,,0
ORD024081,,0
ORD040506,,0
ORD023248,,0
ORD012082,weight_discrepancy,1
ORD017716,,0
ORD005867,,0
ORD045055,,0
ORD035670,,0
ORD055796,,0
ORD057870,,0
ORD017529,,0
ORD024649,,0
ORD010121,,0
ORD007367,,0
ORD055635,,0
ORD007470,,0
ORD054228,,0
ORD051460,,0
ORD006645,,0
ORD035995,,0
ORD036314,,0
ORD014414,,0
ORD027117,,0
ORD042243,,0
ORD055989,,0
ORD026057,,0
ORD051239,,0
ORD009283,,0
ORD046424,,0
ORD034579,,0
ORD027762,,0
ORD048243,toll_inflation,1
ORD047781,,0
ORD027720,,0
ORD028534,,0
ORD048403,toll_inflation,1
ORD043044,,0
ORD039157,,0
ORD022101,,0
ORD009282,,0
ORD013760,,0
ORD006323,,0
ORD043293,,0
ORD017254,,0
ORD006873,,0
ORD032702,,0
ORD029983,,0
ORD056297,,0
ORD050426,,0
ORD010418,,0
ORD034690,,0
ORD045245,detention_padding,1
ORD022086,,0
ORD044636,,0
ORD058815,,0
ORD006243,,0
ORD008011,,0
ORD016264,,0
ORD048645,,0
ORD010450,,0
ORD021808,,0
ORD051238,,0
ORD010181,toll_inflation,1
ORD012114,,0
ORD040032,,0
ORD026226,,0
ORD006300,,0
ORD003148,,0
ORD018160,,0
ORD026629,,0
ORD032739,,0
ORD032552,,0
ORD029179,,0
ORD038338,,0
ORD010800,,0
ORD049521,,0
ORD018948,,0
ORD025053,,0
ORD007396,weight_discrepancy,1
ORD009666,,0
ORD033855,,0
ORD013756,,0
ORD020022,,0
ORD059230,,0
ORD055638,,0
ORD003119,,0
ORD034814,,0
ORD003574,weight_discrepancy,1
ORD020485,toll_inflation,1
ORD056739,,0
ORD052855,,0
ORD013340,,0
ORD046684,,0
ORD029466,,0
ORD016644,,0
ORD044152,,0
ORD001732,,0
ORD010516,,0
ORD050316,,0
ORD035962,,0
ORD042964,,0
ORD016847,,0
ORD059739,,0
ORD035623,,0
ORD043791,,0
ORD035832,,0
ORD001707,,0
ORD010885,,0
ORD016880,,0
ORD055448,,0
ORD027166,,0
ORD006245,,0
ORD051350,,0
ORD055542,,0
ORD028285,,0
ORD023525,,0
ORD032275,,0
ORD051720,,0
ORD020529,,0
ORD045589,,0
ORD029001,,0
ORD054588,,0
ORD026709,,0
ORD001223,,0
ORD023136,,0
ORD041537,,0
ORD055773,,0
ORD004952,,0
ORD037853,,0
ORD050409,,0
ORD059245,,0
ORD035603,,0
ORD052743,,0
ORD039301,,0
ORD056314,,0
ORD032470,,0
ORD033235,,0
ORD056680,,0
ORD041471,,0
ORD022468,,0
ORD049083,,0
ORD054119,,0
ORD053509,,0
ORD037242,,0
ORD025813,,0
ORD043795,,0
ORD051903,,0
ORD030414,,0
ORD059994,,0
ORD032263,,0
ORD027973,,0
ORD003220,,0
ORD025577,,0
ORD019481,,0
ORD004951,,0
ORD024719,,0
ORD036005,,0
ORD011640,,0
ORD015209,,0
ORD006104,,0
ORD020210,,0
ORD055780,,0
ORD049195,,0
ORD016334,,0
ORD049774,,0
ORD018625,detention_padding,1
ORD025310,,0
ORD000940,,0
ORD001932,,0
ORD018902,,0
ORD016635,,0
ORD051307,,0
ORD025252,,0
ORD028501,,0
ORD039733,,0
ORD000784,,0
ORD051204,,0
ORD035167,,0
ORD000604,,0
ORD034435,,0
ORD054240,,0
ORD029198,weight_discrepancy,1
ORD003365,,0
ORD057692,,0
ORD032523,,0
ORD027628,,0
ORD054980,,0
ORD058109,,0
ORD012526,,0
ORD002783,,0
ORD036543,,0
ORD043531,,0
ORD008228,,0
ORD021288,,0
ORD020901,,0
ORD055140,,0
ORD003014,,0
ORD005712,,0
ORD029042,,0
ORD036270,,0
ORD044230,,0
ORD046817,,0
ORD026597,,0
ORD033375,,0
ORD034725,,0
ORD019803,,0
ORD027047,,0
ORD045648,,0
ORD028617,,0
ORD032014,,0
ORD009650,,0
ORD004482,,0
ORD036848,,0
ORD059686,,0
ORD053413,toll_inflation,1
ORD022521,,0
ORD021795,,0
ORD011665,,0
ORD037633,,0
ORD019469,,0
ORD029389,,0
ORD037854,,0
ORD041970,,0
ORD012773,,0
ORD016428,,0
ORD004180,,0
ORD020315,,0
ORD029543,,0
ORD010607,,0
ORD024284,detention_padding,1
ORD022073,,0
ORD022931,,0
ORD025654,,0
ORD000867,,0
ORD025661,,0
ORD055907,,0
ORD030233,,0
ORD048447,,0
ORD032583,,0
ORD012180,,0
ORD029155,,0
ORD013488,,0
ORD011339,,0
ORD007024,,0
ORD037250,,0
ORD015774,,0
ORD011905,,0
ORD030328,,0
ORD030415,,0
ORD036195,,0
ORD048563,,0
ORD013761,,0
ORD034637,,0
ORD043479,toll_inflation,1
ORD057660,,0
ORD010293,,0
ORD025225,,0
ORD016453,,0
ORD055506,,0
ORD058114,toll_inflation,1
ORD042732,,0
ORD009573,,0
ORD019466,,0
ORD052662,,0
ORD021487,,0
ORD011821,,0
ORD020378,,0
ORD031452,,0
ORD054493,,0
ORD034525,,0
ORD055376,,0
ORD058929,,0
ORD009727,,0
ORD052388,,0
ORD036471,,0
ORD002672,,0
ORD020001,,0
ORD038929,,0
ORD032512,,0
ORD007611,,0
ORD021050,,0
ORD027150,,0
ORD055558,,0
ORD031776,,0
ORD022016,,0
ORD000890,,0
ORD000614,,0
ORD013100,,0
ORD041866,,0
ORD044363,detention_padding,1
ORD017479,,0
ORD032188,,0
ORD046984,,0
ORD059059,,0
ORD011063,,0
ORD018587,,0
ORD023308,,0
ORD013968,,0
ORD049005,,0
ORD041834,,0
ORD004715,,0
ORD033206,weight_discrepancy,1
ORD016972,,0
ORD020167,,0
ORD054798,,0
ORD041328,,0
ORD018898,,0
ORD053452,,0
ORD023673,,0
ORD024892,,0
ORD016866,toll_inflation,1
ORD015722,,0
ORD023576,,0
ORD025128,,0
ORD016862,,0
ORD058884,,0
ORD040854,,0
ORD009582,,0
ORD046110,,0
ORD022514,,0
ORD049332,,0
ORD005608,,0
ORD035194,,0
ORD006705,,0
ORD031457,,0
ORD055507,,0
ORD006619,,0
ORD015177,,0
ORD023012,,0
ORD020105,,0
ORD059396,,0
ORD008792,,0
ORD005478,,0
ORD026216,,0
ORD005783,detention_padding,1
ORD023336,,0
ORD021613,,0
ORD011164,,0
ORD009174,,0
ORD006875,detention_padding,1
ORD023055,,0
ORD031522,,0
ORD017162,,0
ORD052333,,0
ORD015085,,0
ORD052321,,0
ORD044730,,0
ORD045618,,0
ORD044623,weight_discrepancy,1
ORD028021,,0
ORD004379,,0
ORD043826,,0
ORD024426,,0
ORD026079,,0
ORD043437,,0
ORD033792,,0
ORD019739,,0
ORD024682,,0
ORD058419,,0
ORD030484,,0
ORD032599,,0
ORD012574,,0
ORD010367,,0
ORD023148,,0
ORD015050,,0
ORD028596,detention_padding,1
ORD037188,,0
ORD054471,,0
ORD055835,,0
ORD014257,,0
ORD007881,,0
ORD022586,,0
ORD015871,,0
ORD011943,,0
ORD009608,,0
ORD051249,,0
ORD024988,,0
ORD038466,,0
ORD034295,,0
ORD047519,,0
ORD049396,,0
ORD027646,,0
ORD024279,,0
ORD046097,,0
ORD004435,,0
ORD054353,,0
ORD007958,,0
ORD027535,,0
ORD046188,,0
ORD045070,,0
ORD007856,weight_discrepancy,1
ORD043799,,0
ORD058946,,0
ORD049295,,0
ORD013837,,0
ORD046712,,0
ORD059257,,0
ORD048724,,0
ORD049667,detention_padding,1
ORD058143,,0
ORD030925,,0
ORD054893,,0
ORD028939,,0
ORD043851,,0
ORD008835,,0
ORD012132,,0
ORD049531,detention_padding,1
ORD030568,,0
ORD037465,,0
ORD004709,,0
ORD056182,,0
ORD021624,,0
ORD010380,,0
ORD045823,,0
ORD046925,,0
ORD037082,,0
ORD058321,,0
ORD005266,,0
ORD013114,,0
ORD037128,,0
ORD029276,,0
ORD029433,,0
ORD041783,,0
ORD003797,,0
ORD008360,,0
ORD015958,,0
ORD016292,,0
ORD034878,,0
ORD040869,,0
ORD019261,,0
ORD003583,,0
ORD012199,,0
ORD022456,,0
ORD032209,,0
ORD002299,,0
ORD001070,,0
ORD041995,,0
ORD048672,,0
ORD048013,,0
ORD009404,,0
ORD032965,,0
ORD018781,,0
ORD051770,,0
ORD051931,,0
ORD036254,detention_padding,1
ORD028814,,0
ORD006354,,0
ORD006459,,0
ORD021970,,0
ORD020914,,0
ORD044123,,0
ORD054904,,0
ORD006940,,0
ORD002452,,0
ORD046296,,0
ORD055202,,0
ORD057304,,0
ORD041073,,0
ORD004960,,0
ORD056892,,0
ORD058640,,0
ORD015497,,0
ORD012671,,0
ORD051617,,0
ORD035913,,0
ORD010261,,0
ORD034284,,0
ORD002202,,0
ORD035162,,0
ORD054168,,0
ORD053344,,0
ORD038285,,0
ORD006568,,0
ORD050847,,0
ORD059165,,0
ORD020591,,0
ORD006623,,0
ORD049645,,0
ORD028333,,0
ORD008775,,0
ORD026883,,0
ORD018673,,0
ORD055274,,0
ORD015850,,0
ORD006327,,0
ORD040590,,0
ORD026918,,0
ORD028419,,0
ORD056268,,0
ORD003917,,0
ORD014047,,0
ORD028442,,0
ORD048687,,0
ORD045789,,0
ORD046078,,0
ORD001093,,0
ORD028608,,0
ORD055651,,0
ORD008806,,0
ORD049400,,0
ORD052003,,0
ORD051562,,0
ORD006439,,0
ORD009321,,0
ORD017721,,0
ORD048492,,0
ORD007099,,0
ORD005038,,0
ORD007888,,0
ORD029758,,0
ORD025824,,0
ORD022186,,0
ORD038498,,0
ORD054607,,0
ORD002221,,0
ORD027070,,0
ORD052639,,0
ORD029185,,0
ORD027062,,0
ORD042594,,0
ORD011477,,0
ORD011587,,0
ORD039276,,0
ORD016009,,0
ORD016006,,0
ORD059675,,0
ORD056537,,0
ORD020406,,0
ORD017196,,0
ORD036393,,0
ORD055033,,0
ORD051284,,0
ORD009314,,0
ORD007362,,0
ORD010471,,0
ORD044354,,0
ORD048534,,0
ORD055427,,0
ORD046557,,0
ORD040101,,0
ORD022860,,0
ORD033109,,0
ORD036717,,0
ORD013207,,0
ORD052260,,0
ORD054096,,0
ORD058295,,0
ORD043434,,0
ORD003031,,0
ORD001574,,0
ORD015273,,0
ORD007543,,0
ORD054476,,0
ORD013780,,0
ORD053198,detention_padding,1
ORD056723,,0
ORD001848,,0
ORD003838,,0
ORD044515,,0
ORD042406,detention_padding,1
ORD034019,,0
ORD037817,,0
ORD043378,,0
ORD001058,,0
ORD001638,,0
ORD006526,,0
ORD009658,,0
ORD008438,,0
ORD005595,,0
ORD025171,,0
ORD039020,,0
ORD011302,,0
ORD049624,,0
ORD057802,,0
ORD032315,,0
ORD006474,,0
ORD054632,,0
ORD035573,,0
ORD006557,,0
ORD045086,,0
ORD024388,,0
ORD031123,,0
ORD034809,,0
ORD012025,,0
ORD005317,,0
ORD037726,,0
ORD035392,,0
ORD052921,,0
ORD021138,,0
ORD058637,,0
ORD007297,,0
ORD019788,,0
ORD016792,,0
ORD007759,,0
ORD002392,,0
ORD021016,,0
ORD058895,,0
ORD056683,,0
ORD018987,,0
ORD047086,,0
ORD006975,,0
ORD041066,detention_padding,1
ORD041648,,0
ORD000333,,0
ORD052032,,0
ORD040785,detention_padding,1
ORD056073,,0
ORD035258,,0
ORD000335,,0
ORD047062,,0
ORD005651,,0
ORD029608,,0
ORD024945,,0
ORD044528,,0
ORD019802,,0
ORD046151,,0
ORD057396,,0
ORD050419,,0
ORD047830,,0
ORD024149,,0
ORD058034,,0
ORD046299,,0
ORD031470,,0
ORD054054,,0
ORD049694,,0
ORD026526,,0
ORD000941,,0
ORD018689,,0
ORD036353,,0
ORD029005,,0
ORD030873,,0
ORD049253,,0
ORD046873,,0
ORD059387,,0
ORD047880,,0
ORD043679,,0
ORD007568,,0
ORD031782,,0
ORD050503,toll_inflation,1
ORD003391,,0
ORD013913,weight_discrepancy,1
ORD024046,,0
ORD001535,,0
ORD024847,,0
ORD015884,,0
ORD056041,,0
ORD051000,,0
ORD052657,,0
ORD029768,,0
ORD023416,,0
ORD037699,,0
ORD030067,,0
ORD029796,,0
ORD046878,,0
ORD029461,,0
ORD019874,,0
ORD003991,,0
ORD019173,,0
ORD030387,,0
ORD036122,,0
ORD039026,,0
ORD032053,,0
ORD019664,,0
ORD030389,,0
ORD017587,,0
ORD033719,,0
ORD055538,,0
ORD024347,,0
ORD023610,,0
ORD019734,,0
ORD003946,,0
ORD020288,,0
ORD007735,,0
ORD019738,,0
ORD021957,,0
ORD002946,toll_inflation,1
ORD010404,,0
ORD024083,,0
ORD045001,,0
ORD051822,,0
ORD042415,,0
ORD017098,,0
ORD059300,,0
ORD052029,,0
ORD040397,,0
ORD011959,,0
ORD006758,,0
ORD024602,,0
ORD053884,,0
ORD006376,,0
ORD026786,,0
ORD013382,,0
ORD037235,,0
ORD034424,,0
ORD047140,,0
ORD009586,,0
ORD028271,,0
ORD000488,,0
ORD047055,,0
ORD047030,,0
ORD005530,,0
ORD005508,,0
ORD027804,,0
ORD006749,,0
ORD000569,,0
ORD008534,,0
ORD022490,,0
ORD010385,,0
ORD046506,,0
ORD036893,,0
ORD033258,,0
ORD040426,,0
ORD045266,,0
ORD014318,,0
ORD030011,,0
ORD046667,,0
ORD016884,detention_padding,1
ORD011969,,0
ORD023948,,0
ORD024873,,0
ORD009888,,0
ORD028769,,0
ORD018284,,0
ORD016036,,0
ORD011458,,0
ORD007762,,0
ORD038065,,0
ORD031671,,0
ORD054106,,0
ORD020107,,0
ORD027705,,0
ORD031729,,0
ORD043270,,0
ORD031478,,0
ORD038094,,0
ORD058452,,0
ORD042080,,0
ORD020375,,0
ORD056123,,0
ORD057113,,0
ORD006452,,0
ORD054914,,0
ORD036296,detention_padding,1
ORD055273,,0
ORD040035,,0
ORD013931,,0
ORD028444,,0
ORD016286,,0
ORD026476,,0
ORD051325,,0
ORD012787,,0
ORD032714,,0
ORD009813,,0
ORD053628,,0
ORD027752,,0
ORD048514,,0
ORD023459,,0
ORD014457,,0
ORD051614,,0
ORD003939,,0
ORD050117,,0
ORD025083,weight_discrepancy,1
ORD037653,,0
ORD043205,,0
ORD058270,,0
ORD041912,,0
ORD039151,,0
ORD030245,,0
ORD008250,,0
ORD030547,,0
ORD041109,,0
ORD030984,,0
ORD018867,,0
ORD027138,,0
ORD043675,weight_discrepancy,1
ORD049073,,0
ORD043483,,0
ORD034199,,0
ORD040616,,0
ORD025244,,0
ORD004922,,0
ORD027952,,0
ORD013641,,0
ORD004626,,0
ORD021010,,0
ORD052988,,0
ORD047692,,0
ORD041220,,0
ORD041664,,0
ORD034964,,0
ORD046494,,0
ORD023683,,0
ORD038770,,0
ORD051825,,0
ORD000528,,0
ORD058788,,0
ORD022653,,0
ORD055119,,0
ORD005468,,0
ORD014330,,0
ORD037053,,0
ORD000404,,0
ORD000625,,0
ORD038050,,0
ORD049416,,0
ORD020527,,0
ORD050573,,0
ORD000584,,0
ORD010862,,0
ORD023112,,0
ORD053817,,0
ORD040133,,0
ORD039829,,0
ORD045466,,0
ORD002620,,0
ORD055550,,0
ORD028864,,0
ORD048851,,0
ORD004372,,0
ORD037518,,0
ORD016597,weight_discrepancy,1
ORD058567,,0
ORD043424,,0
ORD057371,,0
ORD034933,,0
ORD050876,,0
ORD029108,,0
ORD029424,,0
ORD053183,,0
ORD038190,weight_discrepancy,1
ORD001142,,0
ORD037177,,0
ORD011850,,0
ORD026338,,0
ORD018296,,0
ORD058829,,0
ORD007686,,0
ORD031233,,0
ORD028490,,0
ORD019751,,0
ORD018451,,0
ORD024013,,0
ORD056774,,0
ORD032710,,0
ORD046398,,0
ORD038654,,0
ORD025093,,0
ORD036194,,0
ORD030520,detention_padding,1
ORD054107,,0
ORD011549,,0
ORD006816,detention_padding,1
ORD010476,,0
ORD027726,,0
ORD037718,,0
ORD050701,,0
ORD035773,,0
ORD030842,,0
ORD013544,,0
ORD030537,,0
ORD010798,,0
ORD008675,,0
ORD042246,,0
ORD009842,,0
ORD039079,,0
ORD014655,,0
ORD059405,,0
ORD010087,,0
ORD046241,,0
ORD043372,,0
ORD002314,detention_padding,1
ORD027764,,0
ORD053349,,0
ORD043189,,0
ORD049112,,0
ORD019389,detention_padding,1
ORD019491,weight_discrepancy,1
ORD016285,,0
ORD006355,,0
ORD042293,,0
ORD011734,,0
ORD007828,,0
ORD056618,,0
ORD058522,,0
ORD020490,,0
ORD013970,,0
ORD010158,,0
ORD032233,,0
ORD039778,,0
ORD033090,,0
ORD032227,,0
ORD050507,,0
ORD045491,,0
ORD019035,,0
ORD015163,,0
ORD055470,,0
ORD031270,weight_discrepancy,1
ORD035822,,0
ORD034330,,0
ORD055655,,0
ORD038993,,0
ORD047726,toll_inflation,1
ORD011976,,0
ORD042093,,0
ORD023030,,0
ORD016005,,0
ORD057867,,0
ORD019742,,0
ORD009481,,0
ORD049245,,0
ORD049098,,0
ORD025570,toll_inflation,1
ORD042664,,0
ORD006721,,0
ORD030609,,0
ORD010204,,0
ORD041975,,0
ORD053588,,0
ORD019313,,0
ORD002705,detention_padding,1
ORD037759,,0
ORD035008,,0
ORD030945,,0
ORD013914,toll_inflation,1
ORD022497,,0
ORD002464,,0
ORD032446,,0
ORD030850,,0
ORD003885,,0
ORD028432,,0
ORD013430,,0
ORD052467,,0
ORD031490,,0
ORD022549,,0
ORD001079,,0
ORD041396,detention_padding,1
ORD059997,,0
ORD059406,,0
ORD037812,weight_discrepancy,1
ORD052738,,0
ORD027061,,0
ORD010508,,0
ORD032963,,0
ORD027549,,0
ORD023215,,0
ORD013385,,0
ORD030431,,0
ORD008526,,0
ORD020706,,0
ORD011487,,0
ORD042629,,0
ORD047891,,0
ORD018057,,0
ORD022152,weight_discrepancy,1
ORD042245,,0
ORD028707,,0
ORD007041,,0
ORD003488,,0
ORD046922,,0
ORD015075,detention_padding,1
ORD014647,,0
ORD034315,,0
ORD056380,,0
ORD017283,,0
ORD046766,,0
ORD034420,,0
ORD043743,,0
ORD007634,,0
ORD027489,,0
ORD046050,toll_inflation,1
ORD059962,,0
ORD022828,,0
ORD044505,,0
ORD023836,,0
ORD047220,,0
ORD001747,,0
ORD048642,,0
ORD004918,,0
ORD023166,,0
ORD005579,,0
ORD002828,,0
ORD053857,,0
ORD056950,,0
ORD024025,,0
ORD058195,,0
ORD016235,,0
ORD042341,,0
ORD013147,,0
ORD008705,,0
ORD014019,,0
ORD016064,weight_discrepancy,1
ORD014034,,0
ORD010633,,0
ORD021471,,0
ORD037381,,0
ORD039656,,0
ORD042161,,0
ORD006276,,0
ORD008440,,0
ORD030081,,0
ORD037304,,0
ORD018040,,0
ORD053697,,0
ORD056096,,0
ORD053963,,0
ORD036922,,0
ORD043519,,0
ORD012724,,0
ORD042160,,0
ORD047517,,0
ORD040688,,0
ORD013679,,0
ORD007408,,0
ORD048426,,0
ORD037365,,0
ORD002156,,0
ORD010692,,0
ORD014000,,0
ORD049420,,0
ORD002463,,0
ORD025898,,0
ORD017899,,0
ORD041422,,0
ORD055010,,0
ORD055522,,0
ORD003624,,0
ORD034906,,0
ORD050080,,0
ORD019960,,0
ORD053765,,0
ORD055063,,0
ORD036501,,0
ORD005419,detention_padding,1
ORD059173,,0
ORD029795,,0
ORD054225,,0
ORD001971,,0
ORD017669,,0
ORD005124,,0
ORD022177,,0
ORD057044,weight_discrepancy,1
ORD039278,,0
ORD053226,,0
ORD011464,,0
ORD046671,toll_inflation,1
ORD059377,,0
ORD002612,,0
ORD053415,,0
ORD004752,,0
ORD006246,,0
ORD014371,,0
ORD006497,,0
ORD049935,,0
ORD052819,,0
ORD002480,,0
ORD003595,,0
ORD013407,,0
ORD014870,,0
ORD027176,,0
ORD024761,,0
ORD008220,,0
ORD020911,,0
ORD025777,,0
ORD041553,,0
ORD052582,,0
ORD034074,,0
ORD044643,,0
ORD026310,,0
ORD048458,,0
ORD038280,,0
ORD047008,,0
ORD039111,,0
ORD050405,,0
ORD012261,,0
ORD025489,,0
ORD018000,,0
ORD021337,,0
ORD033444,,0
ORD016616,,0
ORD033622,,0
ORD027073,,0
ORD026002,,0
ORD010624,detention_padding,1
ORD024618,,0
ORD028925,,0
ORD020348,,0
ORD054037,,0
ORD046829,,0
ORD017256,,0
ORD051201,,0
ORD048036,,0
ORD043668,,0
ORD003158,,0
ORD042704,,0
ORD040211,,0
ORD014365,,0
ORD046053,,0
ORD016256,,0
ORD042199,detention_padding,1
ORD049059,,0
ORD059020,,0
ORD049899,,0
ORD027408,,0
ORD059159,weight_discrepancy,1
ORD011140,,0
ORD040012,,0
ORD041371,,0
ORD059998,,0
ORD026894,,0
ORD059017,,0
ORD053886,,0
ORD050614,,0
ORD035115,,0
ORD037245,,0
ORD023423,,0
ORD018846,,0
ORD059633,,0
ORD021540,,0
ORD052963,,0
ORD038093,,0
ORD004101,detention_padding,1
ORD006408,,0
ORD057678,,0
ORD039758,,0
ORD026080,toll_inflation,1
ORD006117,,0
ORD045240,,0
ORD040940,,0
ORD034146,,0
ORD043175,,0
ORD054861,,0
ORD042097,,0
ORD055787,,0
ORD059546,,0
ORD028100,,0
ORD024882,,0
ORD040114,,0
ORD041636,,0
ORD014328,,0
ORD004785,,0
ORD002071,,0
ORD023858,,0
ORD027468,,0
ORD041762,,0
ORD011994,,0
ORD038743,,0
ORD024410,,0
ORD035089,,0
ORD009683,,0
ORD040642,weight_discrepancy,1
ORD053238,,0
ORD011863,,0
ORD000526,,0
ORD057684,,0
ORD039326,,0
ORD006692,,0
ORD048976,,0
ORD004466,,0
ORD020647,,0
ORD004011,,0
ORD034468,,0
ORD039882,,0
ORD013541,,0
ORD043000,weight_discrepancy,1
ORD004820,,0
ORD057558,,0
ORD027226,,0
ORD040606,,0
ORD014018,,0
ORD044786,,0
ORD043317,,0
ORD049808,,0
ORD009622,,0
ORD027311,weight_discrepancy,1
ORD013178,,0
ORD016473,,0
ORD036493,,0
ORD000858,,0
ORD020364,,0
ORD016725,,0
ORD047578,,0
ORD012475,,0
ORD024950,,0
ORD003169,,0
ORD058051,,0
ORD014610,,0
ORD022686,,0
ORD013620,,0
ORD009524,,0
ORD007143,,0
ORD011693,,0
ORD039747,,0
ORD047482,,0
ORD049341,,0
ORD050881,,0
ORD041907,,0
ORD015900,,0
ORD042266,,0
ORD041721,,0
ORD044221,,0
ORD008336,,0
ORD047695,,0
ORD044268,,0
ORD023738,,0
ORD026027,,0
ORD024023,,0
ORD039223,,0
ORD021361,,0
ORD047090,,0
ORD057575,,0
ORD029304,,0
ORD011789,,0
ORD032270,,0
ORD012522,,0
ORD028945,,0
ORD057643,,0
ORD011401,,0
ORD056035,,0
ORD017263,,0
ORD043143,,0
ORD040744,,0
ORD006425,,0
ORD040458,,0
ORD008687,,0
ORD022555,,0
ORD054783,,0
ORD046857,toll_inflation,1
ORD059642,,0
ORD029710,,0
ORD039252,,0
ORD057519,,0
ORD007977,,0
ORD016443,toll_inflation,1
ORD000216,,0
ORD053235,,0
ORD044694,,0
ORD023734,,0
ORD037755,,0
ORD015431,,0
ORD014506,,0
ORD048804,,0
ORD032162,,0
ORD027741,,0
ORD056485,,0
ORD040921,,0
ORD021056,,0
ORD048198,,0
ORD056660,,0
ORD021814,,0
ORD057075,,0
ORD030827,,0
ORD033315,,0
ORD011827,,0
ORD047263,,0
ORD015594,,0
ORD049883,,0
ORD048286,,0
ORD017619,,0
ORD001482,,0
ORD043452,,0
ORD022831,,0
ORD019901,,0
ORD051112,,0
ORD020662,,0
ORD029137,,0
ORD005494,,0
ORD047974,,0
ORD055886,,0
ORD047491,,0
ORD008996,,0
ORD025261,,0
ORD037706,weight_discrepancy,1
ORD042069,,0
ORD057161,,0
ORD021587,,0
ORD010741,,0
ORD002089,,0
ORD022071,detention_padding,1
ORD048210,,0
ORD020811,,0
ORD008138,,0
ORD059855,,0
ORD053647,,0
ORD047948,,0
ORD036291,,0
ORD020794,,0
ORD057347,,0
ORD000841,,0
ORD010250,,0
ORD055164,,0
ORD054767,,0
ORD012603,,0
ORD059898,,0
ORD002203,,0
ORD012966,,0
ORD034421,,0
ORD026098,,0
ORD030354,,0
ORD032355,,0
ORD030894,,0
ORD007530,,0
ORD006324,,0
ORD003903,,0
ORD023038,,0
ORD000713,,0
ORD032402,,0
ORD026030,,0
ORD016163,,0
ORD006972,,0
ORD006828,,0
ORD043265,,0
ORD015496,,0
ORD000023,,0
ORD023264,,0
ORD005774,,0
ORD025121,,0
ORD040619,,0
ORD005782,,0
ORD046909,,0
ORD027510,,0
ORD020309,,0
ORD029839,,0
ORD036780,,0
ORD052611,,0
ORD059068,,0
ORD049117,,0
ORD039653,,0
ORD059201,,0
ORD031505,,0
ORD013216,,0
ORD045705,,0
ORD027357,,0
ORD015808,detention_padding,1
ORD053985,,0
ORD034628,weight_discrepancy,1
ORD057359,,0
ORD009917,,0
ORD032222,,0
ORD029323,,0
ORD019132,,0
ORD034521,,0
ORD015535,,0
ORD016349,,0
ORD047769,,0
ORD055862,,0
ORD054814,,0
ORD039808,,0
ORD022385,,0
ORD004910,,0
ORD033284,,0
ORD028203,,0
ORD032681,,0
ORD056222,,0
ORD015515,,0
ORD036422,,0
ORD005167,,0
ORD046949,,0
ORD044350,,0
ORD035760,,0
ORD048533,weight_discrepancy,1
ORD012506,,0
ORD000580,,0
ORD051573,,0
ORD015590,,0
ORD008632,,0
ORD017493,,0
ORD045102,,0
ORD030932,,0
ORD052731,,0
ORD030775,,0
ORD001842,,0
ORD016997,weight_discrepancy,1
ORD011161,,0
ORD016660,,0
ORD049895,detention_padding,1
ORD048229,,0
ORD054337,toll_inflation,1
ORD033304,,0
ORD016181,,0
ORD028449,,0
ORD001892,,0
ORD019574,,0
ORD010075,,0
ORD029226,,0
ORD043130,,0
ORD054207,,0
ORD027572,,0
ORD046703,,0
ORD001522,,0
ORD050679,,0
ORD025761,,0
ORD050002,,0
ORD034951,,0
ORD011813,,0
ORD005560,,0
ORD040787,,0
ORD025935,,0
ORD036688,,0
ORD027428,,0
ORD016494,,0
ORD059061,,0
ORD018258,,0
ORD029420,,0
ORD039522,,0
ORD052529,,0
ORD055608,,0
ORD035783,,0
ORD004828,,0
ORD054566,,0
ORD054400,,0
ORD024992,,0
ORD033119,,0
ORD049741,,0
ORD045285,,0
ORD008221,,0
ORD054627,,0
ORD029791,,0
ORD032651,,0
ORD044660,,0
ORD006615,,0
ORD031902,,0
ORD056252,,0
ORD050927,,0
ORD026174,,0
ORD033230,,0
ORD041142,,0
ORD054175,,0
ORD034905,,0
ORD048542,,0
ORD049996,detention_padding,1
ORD007483,,0
ORD049796,,0
ORD045354,,0
ORD030729,detention_padding,1
ORD058685,,0
ORD053263,,0
ORD033689,,0
ORD010529,,0
ORD025319,,0
ORD058069,,0
ORD046390,,0
ORD011133,,0
ORD052666,,0
ORD047739,,0
ORD052412,,0
ORD056793,,0
ORD058759,,0
ORD003860,,0
ORD026822,,0
ORD045896,,0
ORD053683,toll_inflation,1
ORD023368,,0
ORD044914,,0
ORD008574,,0
ORD029837,,0
ORD045224,,0
ORD047070,,0
ORD034318,,0
ORD016171,,0
ORD019282,,0
ORD016364,,0
ORD006114,,0
ORD046883,,0
ORD040821,,0
ORD003249,,0
ORD052383,detention_padding,1
ORD040562,,0
ORD014589,weight_discrepancy,1
ORD002436,,0
ORD051690,toll_inflation,1
ORD004430,,0
ORD007104,,0
ORD043219,,0
ORD004609,,0
ORD007428,,0
ORD017131,,0
ORD052798,,0
ORD049477,,0
ORD004589,,0
ORD025145,,0
ORD057228,,0
ORD051556,,0
ORD014064,,0
ORD026231,,0
ORD039533,,0
ORD026245,,0
ORD007875,,0
ORD039576,,0
ORD034013,,0
ORD005614,,0
ORD014416,,0
ORD048238,,0
ORD010478,,0
ORD049592,,0
ORD005688,,0
ORD042056,,0
ORD050205,,0
ORD034834,,0
ORD029188,,0
ORD046737,,0
ORD058518,,0
ORD021391,,0
ORD034891,,0
ORD011702,,0
ORD028902,,0
ORD004282,,0
ORD014938,,0
ORD049299,,0
ORD037032,,0
ORD017426,,0
ORD048067,,0
ORD054249,weight_discrepancy,1
ORD002774,,0
ORD054929,,0
ORD003071,,0
ORD020458,,0
ORD007168,,0
ORD002880,,0
ORD006383,,0
ORD023080,,0
ORD000370,,0
ORD051683,,0
ORD051113,,0
ORD001413,,0
ORD040362,,0
ORD033171,,0
ORD004304,,0
ORD011780,,0
ORD045673,,0
ORD052198,,0
ORD040363,,0
ORD059294,,0
ORD029655,,0
ORD058482,,0
ORD043032,,0
ORD032370,,0
ORD039909,,0
ORD044132,toll_inflation,1
ORD031599,,0
ORD006541,,0
ORD018364,,0
ORD053927,,0
ORD059042,,0
ORD051529,,0
ORD033342,,0
ORD025946,,0
ORD024214,,0
ORD019058,,0
ORD029749,,0
ORD041308,,0
ORD010975,,0
ORD039117,,0
ORD027075,,0
ORD056567,,0
ORD044882,,0
ORD005689,,0
ORD045145,toll_inflation,1
ORD049816,,0
ORD019633,,0
ORD024576,,0
ORD026861,,0
ORD025016,,0
ORD033598,,0
ORD030767,,0
ORD039830,,0
ORD029072,,0
ORD010143,,0
ORD004439,,0
ORD046223,,0
ORD047293,,0
ORD012771,,0
ORD025322,,0
ORD025327,,0
ORD057277,,0
ORD057401,,0
ORD045523,,0
ORD030734,,0
ORD027383,,0
ORD056316,,0
ORD018265,,0
ORD005035,,0
ORD044605,,0
ORD052122,,0
ORD040388,,0
ORD053435,,0
ORD018470,,0
ORD052273,,0
ORD022045,,0
ORD051358,,0
ORD014198,,0
ORD032838,,0
ORD056992,,0
ORD015612,,0
ORD023745,,0
ORD059023,,0
ORD019490,,0
ORD043010,,0
ORD050518,,0
ORD042423,,0
ORD030493,,0
ORD034156,,0
ORD034239,,0
ORD000921,,0
ORD034485,,0
ORD034309,toll_inflation,1
ORD001684,,0
ORD029303,,0
ORD035616,,0
ORD011255,,0
ORD037022,,0
ORD045432,,0
ORD049271,,0
ORD048011,,0
ORD016569,,0
ORD048549,,0
ORD048149,,0
ORD015487,,0
ORD000188,,0
ORD010297,,0
ORD000092,,0
ORD008113,,0
ORD000757,,0
ORD040047,,0
ORD036105,toll_inflation,1
ORD013148,,0
ORD019598,,0
ORD036758,,0
ORD040580,,0
ORD049075,,0
ORD016153,,0
ORD017112,,0
ORD003814,,0
ORD002522,,0
ORD043030,,0
ORD045879,,0
ORD018621,,0
ORD034836,,0
ORD004635,,0
ORD003874,,0
ORD010972,,0
ORD021749,,0
ORD004716,,0
ORD033618,,0
ORD059243,,0
ORD008428,,0
ORD037666,,0
ORD012647,,0
ORD059369,,0
ORD017576,,0
ORD049605,,0
ORD034118,detention_padding,1
ORD057255,,0
ORD053582,,0
ORD022379,,0
ORD037650,weight_discrepancy,1
ORD001435,,0
ORD009089,weight_discrepancy,1
ORD050132,,0
ORD049119,,0
ORD050144,,0
ORD048057,,0
ORD027260,,0
ORD048872,,0
ORD036285,,0
ORD006172,,0
ORD007545,,0
ORD006419,,0
ORD008453,,0
ORD012198,,0
ORD031350,,0
ORD031106,,0
ORD017059,,0
ORD030057,,0
ORD008290,,0
ORD004670,,0
ORD023578,weight_discrepancy,1
ORD059740,detention_padding,1
ORD023409,,0
ORD033970,,0
ORD000184,,0
ORD019292,,0
ORD013591,detention_padding,1
ORD010104,,0
ORD059253,,0
ORD038898,,0
ORD016544,,0
ORD038088,,0
ORD031588,detention_padding,1
ORD041572,,0
ORD011516,,0
ORD017707,,0
ORD025836,,0
ORD058447,,0
ORD040100,,0
ORD017848,,0
ORD036701,,0
ORD055811,,0
ORD040742,,0
ORD004126,,0
ORD013857,detention_padding,1
ORD027676,,0
ORD052605,,0
ORD056606,,0
ORD054978,,0
ORD042396,,0
ORD001249,,0
ORD025365,,0
ORD058579,,0
ORD019272,,0
ORD039626,,0
ORD049815,weight_discrepancy,1
ORD009228,,0
ORD024937,,0
ORD038078,,0
ORD035165,,0
ORD054675,toll_inflation,1
ORD045215,,0
ORD034233,,0
ORD037515,,0
ORD006889,,0
ORD048082,,0
ORD045540,,0
ORD030583,,0
ORD032223,,0
ORD003104,,0
ORD029696,,0
ORD044041,,0
ORD049054,toll_inflation,1
ORD003044,,0
ORD006475,,0
ORD051608,,0
ORD021531,,0
ORD004076,,0
ORD019917,,0
ORD018074,,0
ORD042553,,0
ORD008858,,0
ORD053245,,0
ORD017264,,0
ORD041362,,0
ORD040556,,0
ORD004854,,0
ORD033033,,0
ORD015308,,0
ORD055863,,0
ORD029853,,0
ORD037220,weight_discrepancy,1
ORD002282,,0
ORD043144,,0
ORD017224,,0
ORD059944,toll_inflation,1
ORD039022,,0
ORD005768,,0
ORD043797,,0
ORD006080,,0
ORD007402,,0
ORD053453,,0
ORD059891,,0
ORD015251,,0
ORD003274,,0
ORD039160,,0
ORD052107,,0
ORD046539,,0
ORD014961,,0
ORD010335,,0
ORD022285,,0
ORD059056,,0
ORD034918,,0
ORD023105,,0
ORD038467,,0
ORD018067,,0
ORD023796,,0
ORD044259,,0
ORD041495,weight_discrepancy,1
ORD000939,,0
ORD044530,,0
ORD021633,,0
ORD033401,,0
ORD047912,,0
ORD051029,,0
ORD046970,,0
ORD057226,,0
ORD054434,,0
ORD033032,,0
ORD024765,,0
ORD018787,toll_inflation,1
ORD032679,,0
ORD000685,,0
ORD038074,,0
ORD054105,,0
ORD022664,,0
ORD002402,,0
ORD049062,,0
ORD018349,,0
ORD014140,,0
ORD016533,,0
ORD030779,,0
ORD046713,,0
ORD029943,,0
ORD030841,,0
ORD027163,,0
ORD018780,,0
ORD018425,,0
ORD004627,,0
ORD033964,,0
ORD047957,,0
ORD017323,,0
ORD009292,,0
ORD004111,,0
ORD004991,,0
ORD001470,,0
ORD013860,,0
ORD034583,,0
ORD016968,,0
ORD040537,,0
ORD047815,,0
ORD017526,,0
ORD008430,,0
ORD043680,,0
ORD016766,,0
ORD000025,,0
ORD041496,,0
ORD025076,,0
ORD020397,,0
ORD046341,,0
ORD026067,toll_inflation,1
ORD001506,,0
ORD006132,detention_padding,1
ORD023245,,0
ORD044518,,0
ORD003338,,0
ORD046790,detention_padding,1
ORD014326,weight_discrepancy,1
ORD058111,,0
ORD009713,,0
ORD025599,,0
ORD047843,detention_padding,1
ORD030826,,0
ORD017760,,0
ORD055525,,0
ORD054071,,0
ORD047017,,0
ORD045907,,0
ORD011170,,0
ORD020092,,0
ORD025442,,0
ORD013599,,0
ORD006040,,0
ORD037109,,0
ORD045641,,0
ORD055024,,0
ORD004760,,0
ORD018557,,0
ORD012183,,0
ORD012094,,0
ORD046660,,0
ORD016399,,0
ORD045811,,0
ORD023040,,0
ORD041808,,0
ORD039369,,0
ORD014667,,0
ORD011816,,0
ORD048169,,0
ORD054504,toll_inflation,1
ORD007299,,0
ORD051175,,0
ORD038416,detention_padding,1
ORD024124,,0
ORD023401,,0
ORD036066,,0
ORD039710,,0
ORD013898,,0
ORD049793,,0
ORD007486,,0
ORD012955,,0
ORD012311,,0
ORD059205,,0
ORD046756,,0
ORD029032,,0
ORD044667,,0
ORD029033,,0
ORD044854,detention_padding,1
ORD035998,,0
ORD042430,toll_inflation,1
ORD030792,,0
ORD012212,,0
ORD050790,,0
ORD000684,,0
ORD028183,,0
ORD058591,,0
ORD007489,,0
ORD052875,,0
ORD057029,,0
ORD009027,,0
ORD054943,,0
ORD014701,,0
ORD013223,,0
ORD027902,,0
ORD030714,,0
ORD052809,,0
ORD020790,,0
ORD022393,,0
ORD028841,,0
ORD014867,,0
ORD012332,,0
ORD030964,,0
ORD046228,,0
ORD046430,,0
ORD034958,,0
ORD005334,,0
ORD030226,,0
ORD037390,,0
ORD019152,,0
ORD001524,,0
ORD029071,,0
ORD039109,,0
ORD030682,,0
ORD053965,weight_discrepancy,1
ORD014923,,0
ORD012529,,0
ORD036573,,0
ORD042832,,0
ORD047275,,0
ORD026944,,0
ORD020697,detention_padding,1
ORD011712,toll_inflation,1
ORD019619,,0
ORD058004,toll_inflation,1
ORD045282,,0
ORD050357,,0
ORD013816,,0
ORD019280,,0
ORD009485,,0
ORD055260,,0
ORD053706,,0
ORD040088,,0
ORD029237,,0
ORD029028,weight_discrepancy,1
ORD018109,,0
ORD007039,,0
ORD005204,,0
ORD033291,weight_discrepancy,1
ORD014033,,0
ORD032393,,0
ORD018995,,0
ORD040301,,0
ORD000686,,0
ORD009688,,0
ORD000814,detention_padding,1
ORD014454,,0
ORD057744,,0
ORD059980,,0
ORD050270,,0
ORD052985,,0
ORD001334,detention_padding,1
ORD059220,,0
ORD018389,,0
ORD001186,,0
ORD039180,,0
ORD024297,,0
ORD057266,,0
ORD009751,,0
ORD000209,,0
ORD050368,,0
ORD048017,,0
ORD016506,,0
ORD020103,,0
ORD049225,,0
ORD044833,,0
ORD022978,,0
ORD003572,,0
ORD057774,,0
ORD011012,,0
ORD022763,,0
ORD006006,,0
ORD030849,,0
ORD004171,,0
ORD036821,,0
ORD044527,,0
ORD049323,,0
ORD054535,,0
ORD019632,,0
ORD005788,detention_padding,1
ORD051237,,0
ORD051680,,0
ORD049248,,0
ORD049318,,0
ORD013932,toll_inflation,1
ORD004749,,0
ORD014274,weight_discrepancy,1
ORD013009,,0
ORD007319,,0
ORD013831,,0
ORD008804,,0
ORD026150,,0
ORD040182,,0
ORD007451,,0
ORD000033,,0
ORD059811,weight_discrepancy,1
ORD018656,,0
ORD007442,,0
ORD051904,,0
ORD011510,,0
ORD003953,,0
ORD019432,,0
ORD026785,,0
ORD039557,,0
ORD014373,,0
ORD038729,,0
ORD035449,,0
ORD006162,,0
ORD048012,toll_inflation,1
ORD050645,,0
ORD047792,,0
ORD024372,toll_inflation,1
ORD047568,,0
ORD017819,,0
ORD055398,,0
ORD032970,,0
ORD049316,,0
ORD034469,,0
ORD044618,,0
ORD034679,,0
ORD028972,,0
ORD015211,,0
ORD034680,,0
ORD032949,,0
ORD036114,,0
ORD029712,,0
ORD054108,,0
ORD042836,,0
ORD003864,,0
ORD041092,,0
ORD001537,,0
ORD003268,,0
ORD023922,,0
ORD056694,,0
ORD014591,,0
ORD013413,,0
ORD027102,,0
ORD031989,,0
ORD056322,,0
ORD017603,,0
ORD026465,,0
ORD027684,,0
ORD011656,,0
ORD028082,toll_inflation,1
ORD051291,,0
ORD010170,,0
ORD050560,,0
ORD002962,,0
ORD040431,,0
ORD013024,,0
ORD031880,,0
ORD001294,,0
ORD013496,,0
ORD058554,,0
ORD012893,,0
ORD042328,,0
ORD053580,,0
ORD048254,,0
ORD015926,,0
ORD056115,,0
ORD048225,,0
ORD043022,,0
ORD035712,,0
ORD013767,,0
ORD033587,,0
ORD013128,,0
ORD050974,,0
ORD055707,,0
ORD025839,,0
ORD037511,,0
ORD056492,,0
ORD045650,,0
ORD005885,,0
ORD047340,,0
ORD035354,,0
ORD035606,,0
ORD029738,,0
ORD057460,,0
ORD048144,,0
ORD042465,,0
ORD012235,,0
ORD054367,,0
ORD015169,,0
ORD047632,,0
ORD058091,,0
ORD054011,,0
ORD053324,,0
ORD018941,,0
ORD037731,,0
ORD054870,,0
ORD022871,,0
ORD032952,,0
ORD013215,,0
ORD048611,weight_discrepancy,1
ORD037292,,0
ORD046515,,0
ORD005215,,0
ORD023723,,0
ORD018508,,0
ORD002744,,0
ORD032103,,0
ORD044409,,0
ORD045753,,0
ORD054966,,0
ORD007580,,0
ORD027121,,0
ORD006852,,0
ORD020094,,0
ORD027355,,0
ORD042271,,0
ORD010813,,0
ORD001354,weight_discrepancy,1
ORD004089,,0
ORD038783,,0
ORD035011,,0
ORD042221,,0
ORD010998,,0
ORD041792,,0
ORD032969,,0
ORD044317,,0
ORD030556,toll_inflation,1
ORD040410,,0
ORD035434,,0
ORD004770,,0
ORD055291,,0
ORD018558,,0
ORD000620,,0
ORD008691,toll_inflation,1
ORD026667,,0
ORD010196,,0
ORD028388,,0
ORD040479,,0
ORD025782,,0
ORD002759,,0
ORD042504,,0
ORD011751,,0
ORD017376,detention_padding,1
ORD055315,,0
ORD037425,,0
ORD017114,,0
ORD033760,,0
ORD007303,,0
ORD033263,,0
ORD004849,,0
ORD045194,,0
ORD043107,,0
ORD001015,,0
ORD006896,,0
ORD049923,,0
ORD023444,,0
ORD050004,,0
ORD038884,,0
ORD031016,,0
ORD022681,,0
ORD004538,,0
ORD032860,,0
ORD009880,,0
ORD005255,,0
ORD009093,,0
ORD026897,,0
ORD009359,,0
ORD055607,,0
ORD036342,,0
ORD055932,,0
ORD011285,,0
ORD000524,,0
ORD037170,,0
ORD044136,,0
ORD054316,,0
ORD052292,,0
ORD019159,,0
ORD024692,,0
ORD027457,,0
ORD050127,,0
ORD041646,,0
ORD039280,,0
ORD008887,detention_padding,1
ORD025341,,0
ORD010108,,0
ORD024377,,0
ORD033302,,0
ORD008664,,0
ORD035580,,0
ORD058130,,0
ORD045193,,0
ORD012670,,0
ORD039571,,0
ORD004833,,0
ORD040749,,0
ORD047168,,0
ORD050663,,0
ORD052758,,0
ORD039678,,0
ORD007839,,0
ORD009144,,0
ORD016759,,0
ORD000871,,0
ORD020244,,0
ORD004203,,0
ORD029717,,0
ORD022976,,0
ORD046365,,0
ORD022984,,0
ORD052141,,0
ORD056551,,0
ORD043034,,0
ORD014794,,0
ORD024555,,0
ORD047630,,0
ORD047997,,0
ORD019448,weight_discrepancy,1
ORD017738,,0
ORD040948,,0
ORD056086,,0
ORD028383,,0
ORD033959,weight_discrepancy,1
ORD034738,,0
ORD046392,,0
ORD021932,,0
ORD041644,,0
ORD019056,,0
ORD043356,,0
ORD009302,,0
ORD052134,toll_inflation,1
ORD013482,,0
ORD059542,,0
ORD023297,,0
ORD055173,,0
ORD012555,,0
ORD051368,,0
ORD002189,,0
ORD047192,,0
ORD022450,,0
ORD042083,,0
ORD044477,,0
ORD034931,toll_inflation,1
ORD050254,,0
ORD042049,,0
ORD037151,,0
ORD022612,,0
ORD058226,,0
ORD034578,,0
ORD013022,,0
ORD013944,,0
ORD038517,,0
ORD007487,,0
ORD014041,,0
ORD021503,,0
ORD024109,,0
ORD032366,,0
ORD051757,,0
ORD008834,detention_padding,1
ORD037661,,0
ORD008811,,0
ORD025024,,0
ORD031132,,0
ORD027712,,0
ORD024490,detention_padding,1
ORD056794,,0
ORD002833,,0
ORD048896,,0
ORD018442,,0
ORD021001,,0
ORD054100,,0
ORD053822,,0
ORD049254,,0
ORD017845,,0
ORD028994,,0
ORD049006,,0
ORD040052,,0
ORD045532,,0
ORD035131,,0
ORD013092,detention_padding,1
ORD048216,,0
ORD037132,,0
ORD055436,,0
ORD056028,,0
ORD010973,,0
ORD017534,,0
ORD011964,,0
ORD048727,,0
ORD020133,,0
ORD015982,,0
ORD050019,,0
ORD056385,,0
ORD045607,detention_padding,1
ORD048980,,0
ORD003575,,0
ORD017655,,0
ORD026120,,0
ORD049321,,0
ORD011226,,0
ORD056330,,0
ORD034889,,0
ORD059251,,0
ORD050160,,0
ORD011602,,0
ORD024090,,0
ORD042528,,0
ORD047381,,0
ORD047498,,0
ORD000087,,0
ORD013582,,0
ORD015313,,0
ORD029899,,0
ORD050911,,0
ORD004805,,0
ORD023629,,0
ORD000957,,0
ORD043541,,0
ORD008188,,0
ORD055023,,0
ORD051315,,0
ORD037555,,0
ORD017202,,0
ORD050324,,0
ORD039863,,0
ORD053915,,0
ORD003919,,0
ORD000363,,0
ORD029778,,0
ORD051887,,0
ORD056905,,0
ORD045577,,0
ORD034268,,0
ORD010691,,0
ORD012242,,0
ORD051360,,0
ORD016350,,0
ORD057894,,0
ORD040776,,0
ORD009569,,0
ORD015207,,0
ORD005276,,0
ORD036677,,0
ORD049089,toll_inflation,1
ORD009482,,0
ORD029157,,0
ORD042600,,0
ORD033023,,0
ORD036772,,0
ORD016493,,0
ORD024812,detention_padding,1
ORD053424,,0
ORD052480,,0
ORD051236,,0
ORD029869,,0
ORD059820,,0
ORD009655,,0
ORD045094,toll_inflation,1
ORD001844,,0
ORD023947,,0
ORD055216,,0
ORD018033,,0
ORD043547,,0
ORD050159,,0
ORD034729,,0
ORD051469,,0
ORD057998,,0
ORD011503,,0
ORD049150,,0
ORD011490,,0
ORD021463,,0
ORD030642,,0
ORD037933,,0
ORD024425,,0
ORD040148,toll_inflation,1
ORD039462,,0
ORD018594,,0
ORD002623,,0
ORD041154,,0
ORD047964,,0
ORD038255,,0
ORD058022,,0
ORD049154,,0
ORD030839,,0
ORD042045,,0
ORD007429,,0
ORD037908,,0
ORD057937,,0
ORD013576,,0
ORD018632,,0
ORD013654,,0
ORD031059,,0
ORD024520,,0
ORD016309,,0
ORD052368,,0
ORD000577,,0
ORD019503,,0
ORD030030,,0
ORD026207,,0
ORD007288,,0
ORD059935,,0
ORD016633,,0
ORD026398,,0
ORD048855,,0
ORD007973,weight_discrepancy,1
ORD039597,,0
ORD053814,weight_discrepancy,1
ORD011459,,0
ORD018710,,0
ORD006933,,0
ORD035207,,0
ORD056001,,0
ORD037621,,0
ORD005826,,0
ORD044036,,0
ORD015517,detention_padding,1
ORD050275,,0
ORD003972,,0
ORD023229,,0
ORD046598,,0
ORD014311,,0
ORD038921,,0
ORD049991,,0
ORD045135,,0
ORD054853,,0
ORD001550,,0
ORD055676,,0
ORD034396,,0
ORD059280,,0
ORD040054,,0
ORD041058,,0
ORD034222,,0
ORD059938,,0
ORD012601,,0
ORD043842,,0
ORD038169,,0
ORD012876,,0
ORD036709,,0
ORD041491,,0
ORD020290,,0
ORD013479,,0
ORD017801,,0
ORD019406,,0
ORD024735,,0
ORD048242,,0
ORD007892,,0
ORD049610,,0
ORD012474,,0
ORD034181,,0
ORD040335,,0
ORD010932,,0
ORD053973,,0
ORD026609,,0
ORD029896,,0
ORD001190,,0
ORD020006,,0
ORD023184,,0
ORD052558,,0
ORD028964,,0
ORD049569,toll_inflation,1
ORD015218,,0
ORD030812,,0
ORD029780,,0
ORD058621,,0
ORD003452,,0
ORD033238,,0
ORD001002,,0
ORD054884,,0
ORD043043,,0
ORD032799,,0
ORD006343,,0
ORD047354,,0
ORD048044,,0
ORD054395,,0
ORD040806,,0
ORD038450,,0
ORD042671,,0
ORD015646,,0
ORD013417,,0
ORD019794,toll_inflation,1
ORD009977,,0
ORD050600,,0
ORD055711,,0
ORD040016,,0
ORD040258,,0
ORD024577,,0
ORD014695,,0
ORD037075,,0
ORD008980,,0
ORD013143,,0
ORD058935,,0
ORD054784,,0
ORD041433,,0
ORD018139,,0
ORD002529,detention_padding,1
ORD000936,,0
ORD054473,,0
ORD030132,,0
ORD020732,,0
ORD022596,,0
ORD032069,,0
ORD023092,,0
ORD003955,,0
ORD035057,,0
ORD026804,,0
ORD015531,,0
ORD006907,,0
ORD022233,,0
ORD032615,,0
ORD016706,,0
ORD041241,,0
ORD011397,,0
ORD050379,,0
ORD019978,,0
ORD044379,,0
ORD039363,,0
ORD044929,,0
ORD037409,,0
ORD000416,,0
ORD036991,,0
ORD003018,,0
ORD039610,,0
ORD029880,,0
ORD020077,detention_padding,1
ORD019647,,0
ORD016567,detention_padding,1
ORD041398,,0
ORD011890,,0
ORD031503,weight_discrepancy,1
ORD001635,,0
ORD040910,,0
ORD016146,,0
ORD047994,,0
ORD019756,,0
ORD051582,,0
ORD020274,,0
ORD010361,,0
ORD050926,,0
ORD054350,,0
ORD010843,,0
ORD010270,,0
ORD015090,,0
ORD030758,,0
ORD037449,,0
ORD008009,,0
ORD035761,,0
ORD054206,,0
ORD022259,,0
ORD008527,,0
ORD057101,,0
ORD022853,,0
ORD059652,,0
ORD044646,,0
ORD058203,,0
ORD010814,,0
ORD001048,,0
ORD048391,,0
ORD007659,,0
ORD032727,,0
ORD000592,,0
ORD043629,,0
ORD001130,,0
ORD031520,,0
ORD022270,,0
ORD025539,,0
ORD012302,,0
ORD034574,,0
ORD042879,,0
ORD013355,,0
ORD054899,,0
ORD043625,,0
ORD028621,,0
ORD011087,,0
ORD004151,,0
ORD038362,,0
ORD054570,,0
ORD008368,detention_padding,1
ORD022581,,0
ORD026876,,0
ORD041543,,0
ORD054580,,0
ORD031979,,0
ORD039957,,0
ORD014691,,0
ORD002871,,0
ORD037215,,0
ORD009131,,0
ORD055628,,0
ORD049929,,0
ORD043292,,0
ORD031551,,0
ORD042793,,0
ORD049384,,0
ORD025487,,0
ORD028257,,0
ORD054443,,0
ORD032514,,0
ORD028491,,0
ORD018999,,0
ORD033281,,0
ORD004937,detention_padding,1
ORD038485,,0
ORD048768,,0
ORD056516,,0
ORD042235,,0
ORD043231,toll_inflation,1
ORD010554,,0
ORD049636,,0
ORD037173,,0
ORD013288,,0
ORD019584,,0
ORD052469,,0
ORD032341,,0
ORD053147,,0
ORD055244,,0
ORD055378,,0
ORD030857,,0
ORD019356,,0
ORD000202,,0
ORD032189,,0
ORD059743,,0
ORD019699,,0
ORD015282,,0
ORD038696,,0
ORD027292,,0
ORD053824,,0
ORD018721,,0
ORD007485,,0
ORD033318,,0
ORD008371,,0
ORD045845,,0
ORD007984,,0
ORD040738,,0
ORD046481,,0
ORD014632,,0
ORD038315,,0
ORD032016,,0
ORD020011,,0
ORD013807,,0
ORD053000,,0
ORD057798,,0
ORD005643,,0
ORD018880,,0
ORD011284,,0
ORD057608,,0
ORD034168,,0
ORD052241,,0
ORD052344,,0
ORD033089,,0
ORD011927,,0
ORD033203,,0
ORD053117,toll_inflation,1
ORD043136,,0
ORD053756,,0
ORD052867,detention_padding,1
ORD042966,,0
ORD058078,,0
ORD005990,,0
ORD002975,,0
ORD006499,,0
ORD051470,,0
ORD028291,,0
ORD046540,,0
ORD036175,,0
ORD009232,,0
ORD001182,,0
ORD057619,,0
ORD044464,,0
ORD000829,,0
ORD004196,,0
ORD012659,,0
ORD015268,,0
ORD051828,,0
ORD057425,,0
ORD053781,,0
ORD019580,,0
ORD018343,,0
ORD013753,,0
ORD045810,,0
ORD018240,,0
ORD051242,,0
ORD018505,,0
ORD032601,,0
ORD018032,,0
ORD037596,,0
ORD003678,,0
ORD033601,toll_inflation,1
ORD014188,weight_discrepancy,1
ORD042789,,0
ORD044382,,0
ORD034512,,0
ORD056634,,0
ORD056501,,0
ORD041910,,0
ORD059705,,0
ORD037299,,0
ORD049228,,0
ORD025717,,0
ORD021700,weight_discrepancy,1
ORD040178,,0
ORD023570,,0
ORD051087,,0
ORD050748,,0
ORD056092,,0
ORD048035,,0
ORD025917,,0
ORD031339,,0
ORD029724,,0
ORD025245,,0
ORD020336,,0
ORD048590,,0
ORD049968,,0
ORD040574,,0
ORD007972,toll_inflation,1
ORD046246,,0
ORD028904,,0
ORD027725,,0
ORD008564,detention_padding,1
ORD040575,,0
ORD059439,,0
ORD025306,,0
ORD025347,,0
ORD048357,,0
ORD028847,,0
ORD041331,,0
ORD023731,,0
ORD016933,detention_padding,1
ORD026499,,0
ORD043617,,0
ORD021723,,0
ORD044380,,0
ORD038385,,0
ORD042916,detention_padding,1
ORD026261,,0
ORD033164,toll_inflation,1
ORD001949,,0
ORD028436,,0
ORD005929,,0
ORD003723,,0
ORD011192,,0
ORD030287,,0
ORD048573,,0
ORD039946,,0
ORD000484,,0
ORD056487,,0
ORD035488,,0
ORD054991,,0
ORD037019,,0
ORD058620,,0
ORD039330,,0
ORD038594,,0
ORD007458,,0
ORD017010,,0
ORD038901,,0
ORD055757,,0
ORD046814,,0
ORD008991,,0
ORD027050,,0
ORD040409,,0
ORD018321,,0
ORD050769,weight_discrepancy,1
ORD035321,,0
ORD001562,,0
ORD021837,,0
ORD056050,,0
ORD058119,,0
ORD020498,,0
ORD001564,,0
ORD033939,,0
ORD029668,,0
ORD028539,,0
ORD056129,,0
ORD054392,,0
ORD059505,detention_padding,1
ORD030050,,0
ORD034262,,0
ORD014124,,0
ORD003130,,0
ORD045555,,0
ORD023227,,0
ORD004798,,0
ORD039917,,0
ORD056628,,0
ORD011384,,0
ORD047822,,0
ORD016845,weight_discrepancy,1
ORD012458,,0
ORD017258,,0
ORD056012,,0
ORD000765,,0
ORD053045,,0
ORD044519,,0
ORD032196,,0
ORD025682,,0
ORD019959,,0
ORD007125,,0
ORD012486,,0
ORD049639,,0
ORD017744,detention_padding,1
ORD004880,,0
ORD051009,,0
ORD053390,,0
ORD058565,,0
ORD055750,,0
ORD009522,,0
ORD001263,,0
ORD000425,,0
ORD025110,,0
ORD041105,,0
ORD012881,,0
ORD005243,,0
ORD000674,,0
ORD057983,,0
ORD022412,,0
ORD034549,,0
ORD030597,,0
ORD053811,toll_inflation,1
ORD008698,,0
ORD006255,,0
ORD029572,,0
ORD052843,,0
ORD021488,,0
ORD010442,,0
ORD051544,,0
ORD041597,,0
ORD047826,,0
ORD019484,,0
ORD010029,,0
ORD003175,,0
ORD051232,,0
ORD001676,,0
ORD006836,,0
ORD020169,,0
ORD034675,,0
ORD049035,,0
ORD047256,,0
ORD038738,,0
ORD026355,detention_padding,1
ORD045783,,0
ORD031449,toll_inflation,1
ORD051356,,0
ORD015744,,0
ORD040823,,0
ORD014169,,0
ORD043413,,0
ORD037332,,0
ORD052970,,0
ORD019522,,0
ORD023334,,0
ORD057209,,0
ORD038623,,0
ORD007704,,0
ORD058761,,0
ORD030510,,0
ORD031533,,0
ORD007850,,0
ORD042410,,0
ORD057738,detention_padding,1
ORD002551,,0
ORD031690,,0
ORD039818,,0
ORD012923,,0
ORD055980,,0
ORD036912,,0
ORD019893,toll_inflation,1
ORD044485,,0
ORD006431,,0
ORD037222,,0
ORD008639,,0
ORD038023,,0
ORD024249,,0
ORD043222,,0
ORD014678,,0
ORD017750,detention_padding,1
ORD017945,,0
ORD052113,weight_discrepancy,1
ORD049586,,0
ORD039035,,0
ORD038063,weight_discrepancy,1
ORD051258,,0
ORD031495,,0
ORD012133,,0
ORD012327,,0
ORD010557,toll_inflation,1
ORD015653,,0
ORD015564,,0
ORD035765,,0
ORD053508,,0
ORD049103,,0
ORD028734,,0
ORD050728,,0
ORD039388,,0
ORD042696,,0
ORD004868,,0
ORD004013,,0
ORD045096,,0
ORD002953,,0
ORD011291,,0
ORD047544,,0
ORD007883,,0
ORD036678,,0
ORD055865,,0
ORD007199,,0
ORD005040,,0
ORD021072,,0
ORD007896,,0
ORD055544,,0
ORD008587,,0
ORD041098,,0
ORD015790,,0
ORD006582,,0
ORD001055,,0
ORD045075,,0
ORD021557,,0
ORD037329,,0
ORD015271,,0
ORD042982,,0
ORD042533,,0
ORD044553,,0
ORD007677,,0
ORD026994,,0
ORD034106,,0
ORD032427,,0
ORD007438,,0
ORD027880,,0
ORD009113,,0
ORD031529,,0
ORD027878,,0
ORD006400,,0
ORD043557,,0
ORD053843,,0
ORD044093,,0
ORD022698,,0
ORD036830,,0
ORD029328,,0
ORD012483,,0
ORD056503,,0
ORD026424,,0
ORD026770,,0
ORD000613,,0
ORD056399,,0
ORD002441,,0
ORD009365,,0
ORD044874,,0
ORD006531,,0
ORD049568,,0
ORD029621,,0
ORD004246,,0
ORD028075,,0
ORD035290,,0
ORD040808,,0
ORD054795,,0
ORD035364,,0
ORD057633,,0
ORD037597,,0
ORD051025,,0
ORD021407,,0
ORD024302,,0
ORD000463,,0
ORD014587,,0
ORD013570,,0
ORD007595,,0
ORD011015,,0
ORD051340,,0
ORD025318,,0
ORD034673,,0
ORD018808,,0
ORD059646,,0
ORD008326,,0
ORD011646,,0
ORD012448,,0
ORD003849,,0
ORD012259,,0
ORD026642,,0
ORD036751,,0
ORD029261,,0
ORD029002,,0
ORD017219,,0
ORD006999,,0
ORD046238,,0
ORD041966,,0
ORD011616,,0
ORD005635,,0
ORD042948,,0
ORD030379,,0
ORD000575,,0
ORD015126,,0
ORD036406,,0
ORD008252,,0
ORD001074,,0
ORD011482,,0
ORD021843,,0
ORD018159,toll_inflation,1
ORD008610,,0
ORD052704,,0
ORD007468,,0
ORD058558,,0
ORD008242,,0
ORD054113,,0
ORD001546,,0
ORD003951,,0
ORD036400,,0
ORD030728,,0
ORD009557,,0
ORD038366,,0
ORD039655,,0
ORD005684,,0
ORD024305,,0
ORD006134,,0
ORD048548,,0
ORD046176,toll_inflation,1
ORD017543,,0
ORD010618,,0
ORD054338,,0
ORD059107,,0
ORD034711,,0
ORD031716,,0
ORD047526,,0
ORD008847,,0
ORD041138,,0
ORD017794,,0
ORD031491,,0
ORD017104,,0
ORD022934,,0
ORD048575,,0
ORD041223,,0
ORD043351,,0
ORD045380,,0
ORD034970,,0
ORD009834,,0
ORD020232,,0
ORD055172,,0
ORD007835,,0
ORD055718,,0
ORD030107,,0
ORD039006,,0
ORD013261,,0
ORD030508,,0
ORD003259,,0
ORD050376,,0
ORD045292,,0
ORD057872,detention_padding,1
ORD023042,,0
ORD018304,,0
ORD011484,,0
ORD026603,,0
ORD059727,,0
ORD036460,,0
ORD053988,,0
ORD041563,,0
ORD028232,,0
ORD022785,,0
ORD001919,,0
ORD022602,,0
ORD021638,,0
ORD023125,,0
ORD042535,,0
ORD059833,,0
ORD018333,,0
ORD027203,detention_padding,1
ORD008460,,0
ORD024362,,0
ORD024135,,0
ORD031943,,0
ORD024530,,0
ORD038400,,0
ORD041749,,0
ORD043979,,0
ORD059610,,0
ORD033806,,0
ORD033630,,0
ORD039777,,0
ORD015690,,0
ORD019398,,0
ORD053480,weight_discrepancy,1
ORD054393,,0
ORD001095,,0
ORD036793,,0
ORD025865,detention_padding,1
ORD037579,,0
ORD012420,,0
ORD008939,,0
ORD028713,,0
ORD020882,,0
ORD024374,,0
ORD027954,,0
ORD054067,,0
ORD011201,,0
ORD042926,,0
ORD038448,,0
ORD025506,,0
ORD047210,,0
ORD015545,,0
ORD025817,,0
ORD001239,,0
ORD012326,,0
ORD044506,,0
ORD035702,,0
ORD041874,,0
ORD055983,,0
ORD046645,,0
ORD026198,,0
ORD057182,,0
ORD058167,,0
ORD026716,,0
ORD040232,,0
ORD029065,,0
ORD014634,,0
ORD016182,,0
ORD026320,,0
ORD035569,,0
ORD006962,detention_padding,1
ORD055392,,0
ORD010323,,0
ORD030425,,0
ORD049553,,0
ORD013649,,0
ORD055728,,0
ORD002461,,0
ORD059490,,0
ORD050667,,0
ORD027214,,0
ORD034179,,0
ORD051357,,0
ORD016481,,0
ORD057714,,0
ORD031017,,0
ORD041613,,0
ORD051309,,0
ORD015272,,0
ORD032579,,0
ORD023983,,0
ORD022991,,0
ORD047521,,0
ORD028056,,0
ORD045716,,0
ORD047292,,0
ORD027813,,0
ORD043632,,0
ORD041163,,0
ORD026568,,0
ORD041030,,0
ORD052310,,0
ORD001710,,0
ORD023857,,0
ORD050971,,0
ORD044959,,0
ORD022269,,0
ORD008387,,0
ORD041101,,0
ORD027220,,0
ORD043239,,0
ORD021845,,0
ORD037311,,0
ORD028792,,0
ORD055634,,0
ORD000097,detention_padding,1
ORD003335,,0
ORD053399,,0
ORD058916,,0
ORD040342,,0
ORD024969,,0
ORD043186,,0
ORD006272,,0
ORD057855,weight_discrepancy,1
ORD047915,,0
ORD026418,,0
ORD006788,,0
ORD039123,,0
ORD005968,,0
ORD045655,,0
ORD024186,,0
ORD019859,,0
ORD013150,,0
ORD033629,,0
ORD006565,,0
ORD037212,,0
ORD015371,,0
ORD013706,,0
ORD033663,,0
ORD016320,detention_padding,1
ORD020111,,0
ORD013409,,0
ORD031739,,0
ORD025971,,0
ORD035591,,0
ORD014964,,0
ORD011048,,0
ORD021712,,0
ORD030679,,0
ORD014779,,0
ORD035284,,0
ORD018280,,0
ORD035978,,0
ORD008660,,0
ORD027553,,0
ORD013254,,0
ORD047123,,0
ORD034620,,0
ORD003805,,0
ORD016549,,0
ORD015896,,0
ORD058387,,0
ORD027194,,0
ORD030948,,0
ORD023022,,0
ORD022201,,0
ORD048761,,0
ORD019048,detention_padding,1
ORD015736,,0
ORD058795,,0
ORD056240,,0
ORD012087,,0
ORD021430,,0
ORD033899,,0
ORD055196,,0
ORD022173,,0
ORD059896,,0
ORD055568,,0
ORD003362,,0
ORD024168,,0
ORD051707,,0
ORD051043,,0
ORD042372,,0
ORD041360,,0
ORD005634,,0
ORD029110,,0
ORD018937,,0
ORD010047,,0
ORD014426,,0
ORD054569,,0
ORD027268,,0
ORD035767,,0
ORD049173,,0
ORD056040,,0
ORD004650,weight_discrepancy,1
ORD009593,,0
ORD018463,,0
ORD006543,,0
ORD029805,,0
ORD021308,,0
ORD037503,,0
ORD040049,,0
ORD010155,,0
ORD043183,,0
ORD009244,,0
ORD034939,,0
ORD050981,,0
ORD052077,,0
ORD012233,,0
ORD008714,,0
ORD010957,,0
ORD057964,,0
ORD024982,,0
ORD018534,,0
ORD048878,,0
ORD022250,,0
ORD006293,,0
ORD005505,,0
ORD005576,,0
ORD020349,,0
ORD045953,,0
ORD047112,,0
ORD034980,,0
ORD019690,,0
ORD025540,,0
ORD039286,,0
ORD055713,,0
ORD042578,,0
ORD011468,,0
ORD052886,,0
ORD038372,,0
ORD049311,,0
ORD035936,,0
ORD033319,,0
ORD044179,,0
ORD005225,,0
ORD012152,,0
ORD023244,,0
ORD045746,,0
ORD049677,,0
ORD049782,,0
ORD003876,,0
ORD029311,,0
ORD049201,,0
ORD008645,,0
ORD029565,,0
ORD034630,,0
ORD034648,weight_discrepancy,1
ORD050914,,0
ORD036191,,0
ORD045530,,0
ORD016157,,0
ORD029760,,0
ORD044714,,0
ORD029063,,0
ORD032622,,0
ORD016764,,0
ORD009903,,0
ORD058893,,0
ORD015622,,0
ORD009452,,0
ORD029871,weight_discrepancy,1
ORD010064,,0
ORD014297,,0
ORD011860,,0
ORD015863,,0
ORD043297,,0
ORD056724,,0
ORD011841,weight_discrepancy,1
ORD005616,,0
ORD025879,,0
ORD025868,,0
ORD043985,,0
ORD054669,,0
ORD002751,,0
ORD034972,,0
ORD059498,,0
ORD003506,,0
ORD051040,,0
ORD018161,,0
ORD041531,,0
ORD006725,,0
ORD005005,,0
ORD010852,,0
ORD057525,toll_inflation,1
ORD016488,,0
ORD002031,,0
ORD029815,,0
ORD044785,,0
ORD033878,,0
ORD006083,,0
ORD005182,,0
ORD003800,,0
ORD009954,,0
ORD032989,,0
ORD001313,,0
ORD029192,,0
ORD036077,,0
ORD034325,,0
ORD030383,,0
ORD047881,,0
ORD026203,,0
ORD047539,,0
ORD029309,,0
ORD011275,detention_padding,1
ORD046647,,0
ORD003641,,0
ORD025111,weight_discrepancy,1
ORD023304,,0
ORD031064,,0
ORD001691,,0
ORD000523,,0
ORD051332,,0
ORD022079,,0
ORD025928,,0
ORD032634,,0
ORD034751,,0
ORD049260,,0
ORD050658,,0
ORD005479,,0
ORD051091,toll_inflation,1
ORD023818,,0
ORD051077,,0
ORD055100,,0
ORD019019,,0
ORD048769,,0
ORD039617,,0
ORD039269,,0
ORD019872,,0
ORD028652,,0
ORD009947,,0
ORD051148,toll_inflation,1
ORD037784,,0
ORD029597,,0
ORD024263,,0
ORD057961,,0
ORD058932,,0
ORD046622,,0
ORD005556,,0
ORD058674,,0
ORD026350,,0
ORD033465,,0
ORD055402,,0
ORD050593,,0
ORD036306,,0
ORD028133,,0
ORD006026,,0
ORD041909,,0
ORD039681,,0
ORD052900,,0
ORD034072,,0
ORD056299,,0
ORD044578,,0
ORD048257,,0
ORD057799,,0
ORD013428,,0
ORD059013,,0
ORD012523,,0
ORD036145,,0
ORD023667,toll_inflation,1
ORD015912,,0
ORD024285,,0
ORD044947,,0
ORD015174,,0
ORD038507,,0
ORD026037,,0
ORD028786,,0
ORD032551,,0
ORD010242,,0
ORD002584,,0
ORD041618,,0
ORD024011,,0
ORD008488,,0
ORD000530,,0
ORD047000,,0
ORD038300,,0
ORD016689,,0
ORD050104,toll_inflation,1
ORD052512,,0
ORD006163,,0
ORD016184,,0
ORD045382,,0
ORD029914,,0
ORD049597,,0
ORD001668,,0
ORD035163,,0
ORD036425,,0
ORD009271,,0
ORD057611,,0
ORD001382,,0
ORD025692,,0
ORD049127,,0
ORD005396,,0
ORD042703,,0
ORD024067,,0
ORD029702,,0
ORD036237,,0
ORD027369,,0
ORD046079,,0
ORD050440,,0
ORD027152,,0
ORD010720,,0
ORD008914,,0
ORD008715,,0
ORD043938,,0
ORD031644,,0
ORD003170,,0
ORD021724,,0
ORD041304,,0
ORD031152,,0
ORD000169,,0
ORD018904,,0
ORD031779,,0
ORD018863,,0
ORD006538,,0
ORD039759,,0
ORD019470,,0
ORD059951,,0
ORD006550,,0
ORD016024,,0
ORD019897,detention_padding,1
ORD057469,,0
ORD015559,,0
ORD036856,,0
ORD020741,,0
ORD057944,,0
ORD025342,,0
ORD026871,,0
ORD050064,,0
ORD008692,,0
ORD034732,,0
ORD027695,,0
ORD004297,,0
ORD054051,,0
ORD048874,,0
ORD002613,,0
ORD051510,,0
ORD054890,detention_padding,1
ORD053939,,0
ORD013520,,0
ORD026370,,0
ORD043145,,0
ORD033301,,0
ORD030077,,0
ORD059138,,0
ORD015311,,0
ORD017108,,0
ORD038481,,0
ORD042641,,0
ORD050659,,0
ORD028620,,0
ORD015385,,0
ORD037930,,0
ORD015390,,0
ORD023886,,0
ORD017566,,0
ORD047708,,0
ORD054263,,0
ORD013583,,0
ORD010599,,0
ORD002248,,0
ORD032136,,0
ORD037451,,0
ORD020402,,0
ORD025248,,0
ORD054010,,0
ORD006440,,0
ORD055492,,0
ORD012559,,0
ORD005605,,0
ORD058459,,0
ORD036078,,0
ORD005570,,0
ORD031830,,0
ORD050235,,0
ORD005139,,0
ORD054336,,0
ORD029023,,0
ORD013057,,0
ORD058033,,0
ORD008017,,0
ORD023153,detention_padding,1
ORD020915,,0
ORD026538,,0
ORD040698,,0
ORD001101,,0
ORD027274,,0
ORD052168,,0
ORD052194,,0
ORD050130,,0
ORD038345,,0
ORD053233,,0
ORD037042,,0
ORD037308,,0
ORD029126,,0
ORD008606,,0
ORD026055,,0
ORD035475,,0
ORD014995,,0
ORD026078,,0
ORD055637,,0
ORD030225,,0
ORD055280,,0
ORD030101,,0
ORD032391,,0
ORD040913,,0
ORD038277,,0
ORD027051,,0
ORD043681,,0
ORD031630,,0
ORD002791,,0
ORD038025,,0
ORD013640,,0
ORD056525,,0
ORD036930,,0
ORD003674,,0
ORD029138,,0
ORD058044,,0
ORD055480,,0
ORD010086,,0
ORD017352,,0
ORD040962,toll_inflation,1
ORD053820,,0
ORD000390,,0
ORD007664,,0
ORD028726,toll_inflation,1
ORD043163,,0
ORD050333,,0
ORD010622,,0
ORD019510,,0
ORD024441,,0
ORD009480,,0
ORD027617,,0
ORD008758,,0
ORD025059,,0
ORD046068,,0
ORD014116,detention_padding,1
ORD016072,,0
ORD003539,,0
ORD004714,,0
ORD034334,,0
ORD041340,,0
ORD025352,,0
ORD046088,,0
ORD030347,,0
ORD021713,detention_padding,1
ORD016402,,0
ORD018346,,0
ORD006295,,0
ORD021572,,0
ORD011018,,0
ORD027884,,0
ORD048832,,0
ORD052700,,0
ORD015586,,0
ORD022767,,0
ORD059599,,0
ORD038120,,0
ORD009267,,0
ORD047484,,0
ORD056731,,0
ORD025756,,0
ORD015543,,0
ORD029362,,0
ORD059063,,0
ORD032709,,0
ORD045408,,0
ORD058463,,0
ORD015123,,0
ORD050269,,0
ORD058857,,0
ORD025433,,0
ORD027234,,0
ORD027302,,0
ORD037436,,0
ORD019507,,0
ORD034790,,0
ORD029405,,0
ORD019659,,0
ORD006982,detention_padding,1
ORD009464,,0
ORD055502,,0
ORD059095,,0
ORD034727,,0
ORD019641,,0
ORD046339,,0
ORD045598,,0
ORD020808,,0
ORD011493,,0
ORD057830,,0
ORD021599,,0
ORD039140,,0
ORD016380,toll_inflation,1
ORD026327,,0
ORD053630,,0
ORD033201,,0
ORD005715,,0
ORD047513,,0
ORD013448,detention_padding,1
ORD058836,,0
ORD048043,,0
ORD010897,,0
ORD019589,,0
ORD042128,,0
ORD002779,,0
ORD002251,,0
ORD014398,,0
ORD039103,,0
ORD044661,weight_discrepancy,1
ORD049889,,0
ORD010992,,0
ORD021534,,0
ORD058701,,0
ORD023740,,0
ORD045083,,0
ORD057889,,0
ORD026208,detention_padding,1
ORD049552,,0
ORD017073,toll_inflation,1
ORD028193,,0
ORD010680,,0
ORD012039,,0
ORD015338,,0
ORD032309,,0
ORD027431,,0
ORD025407,,0
ORD019384,,0
ORD027596,,0
ORD015885,,0
ORD053858,,0
ORD052052,,0
ORD051816,,0
ORD054550,,0
ORD013927,,0
ORD054164,,0
ORD001371,detention_padding,1
ORD032771,toll_inflation,1
ORD003371,,0
ORD024308,,0
ORD027010,,0
ORD057594,,0
ORD046445,,0
ORD050360,,0
ORD022386,,0
ORD005980,,0
ORD022423,,0
ORD055817,,0
ORD005415,,0
ORD044457,,0
ORD043909,,0
ORD037782,,0
ORD042865,,0
ORD013439,,0
ORD054073,,0
ORD011350,,0
ORD032980,,0
ORD048978,,0
ORD004200,,0
ORD053381,,0
ORD016166,,0
ORD059663,,0
ORD052668,,0
ORD001843,,0
ORD019376,,0
ORD040788,,0
ORD033403,,0
ORD006704,,0
ORD008052,,0
ORD012719,,0
ORD036092,,0
ORD040009,,0
ORD021055,weight_discrepancy,1
ORD006908,,0
ORD019001,,0
ORD002205,,0
ORD026209,,0
ORD016763,,0
ORD003625,,0
ORD016744,,0
ORD041289,,0
ORD047736,,0
ORD009609,,0
ORD057502,,0
ORD021210,,0
ORD034975,,0
ORD043920,,0
ORD027012,,0
ORD059915,,0
ORD000268,,0
ORD002983,,0
ORD025299,,0
ORD054035,,0
ORD050259,,0
ORD045646,,0
ORD004646,,0
ORD057940,,0
ORD029079,,0
ORD049247,,0
ORD056847,,0
ORD045047,,0
ORD058246,,0
ORD048839,,0
ORD006747,,0
ORD041816,,0
ORD034821,,0
ORD040707,,0
ORD031950,,0
ORD022748,,0
ORD040895,detention_padding,1
ORD052850,detention_padding,1
ORD043933,,0
ORD003465,,0
ORD008070,,0
ORD012207,detention_padding,1
ORD014827,,0
ORD052326,,0
ORD013921,,0
ORD007226,,0
ORD024594,detention_padding,1
ORD003344,,0
ORD040226,,0
ORD027330,,0
ORD009656,,0
ORD055672,,0
ORD015928,,0
ORD023195,,0
ORD044124,,0
ORD041822,,0
ORD027757,,0
ORD002152,,0
ORD026769,,0
ORD010588,,0
ORD022685,,0
ORD040417,,0
ORD031715,,0
ORD007652,,0
ORD030298,,0
ORD048699,,0
ORD059567,,0
ORD044222,,0
ORD038297,,0
ORD009717,,0
ORD026222,,0
ORD018454,,0
ORD027110,,0
ORD055185,,0
ORD005192,,0
ORD039657,,0
ORD036263,,0
ORD029680,,0
ORD004624,,0
ORD020935,,0
ORD032630,,0
ORD048019,,0
ORD019573,,0
ORD031398,,0
ORD043153,,0
ORD049092,,0
ORD047668,,0
ORD021343,,0
ORD052284,,0
ORD031336,,0
ORD005531,,0
ORD020456,,0
ORD016118,,0
ORD027019,,0
ORD030344,,0
ORD006822,,0
ORD021710,,0
ORD017633,,0
ORD044709,,0
ORD047234,,0
ORD027629,,0
ORD048461,,0
ORD053584,,0
ORD047317,,0
ORD031154,,0
ORD049503,,0
ORD044856,toll_inflation,1
ORD029600,,0
ORD008731,,0
ORD037438,,0
ORD018708,,0
ORD017486,,0
ORD054683,,0
ORD052441,,0
ORD019789,,0
ORD006697,,0
ORD012906,,0
ORD032413,,0
ORD042078,,0
ORD010098,,0
ORD027787,,0
ORD048956,,0
ORD051254,,0
ORD003413,toll_inflation,1
ORD033011,,0
ORD001199,weight_discrepancy,1
ORD032102,,0
ORD010761,,0
ORD031953,,0
ORD037036,,0
ORD057946,,0
ORD051262,,0
ORD025983,,0
ORD052152,,0
ORD009438,,0
ORD033876,,0
ORD031330,,0
ORD029946,,0
ORD037700,detention_padding,1
ORD025315,,0
ORD021460,,0
ORD004189,,0
ORD034115,,0
ORD003609,,0
ORD015316,,0
ORD043932,,0
ORD025834,,0
ORD049977,,0
ORD024459,,0
ORD031624,,0
ORD030006,,0
ORD036524,,0
ORD042324,,0
ORD013253,,0
ORD055774,,0
ORD003030,,0
ORD023247,,0
ORD049087,,0
ORD057384,,0
ORD033199,,0
ORD055335,,0
ORD032379,,0
ORD032352,,0
ORD030876,,0
ORD014658,weight_discrepancy,1
ORD036396,,0
ORD013090,,0
ORD007891,,0
ORD044039,,0
ORD036722,,0
ORD040667,toll_inflation,1
ORD026881,,0
ORD032956,,0
ORD013609,,0
ORD030455,,0
ORD046538,,0
ORD032868,,0
ORD033800,,0
ORD016554,,0
ORD030275,,0
ORD054778,,0
ORD041526,,0
ORD012775,,0
ORD020110,,0
ORD052257,,0
ORD049467,weight_discrepancy,1
ORD039883,,0
ORD014374,,0
ORD050815,,0
ORD049754,,0
ORD044241,,0
ORD017500,,0
ORD040446,,0
ORD052236,,0
ORD031496,,0
ORD019445,,0
ORD046073,,0
ORD009629,,0
ORD021251,,0
ORD012972,,0
ORD049669,detention_padding,1
ORD033286,,0
ORD001216,weight_discrepancy,1
ORD025926,,0
ORD014733,,0
ORD017159,,0
ORD031461,,0
ORD035545,,0
ORD043728,,0
ORD005411,,0
ORD038308,,0
ORD041683,,0
ORD059444,,0
ORD049134,,0
ORD027845,,0
ORD044271,detention_padding,1
ORD040796,,0
ORD023924,,0
ORD018857,,0
ORD049414,,0
ORD035072,,0
ORD019049,,0
ORD053434,,0
ORD054444,,0
ORD058148,,0
ORD037585,,0
ORD037774,,0
ORD014911,,0
ORD048165,,0
ORD036410,,0
ORD050545,,0
ORD022260,,0
ORD037284,,0
ORD004172,,0
ORD004663,,0
ORD033208,,0
ORD030167,,0
ORD027780,,0
ORD043357,,0
ORD032334,,0
ORD030783,,0
ORD011625,,0
ORD031067,,0
ORD017690,,0
ORD047149,,0
ORD018342,,0
ORD051859,,0
ORD030041,,0
ORD018652,,0
ORD002324,,0
ORD040546,,0
ORD021985,,0
ORD018252,,0
ORD055825,,0
ORD005395,,0
ORD043104,,0
ORD002479,,0
ORD005389,,0
ORD028347,,0
ORD043565,,0
ORD035605,,0
ORD020202,,0
ORD053410,weight_discrepancy,1
ORD059340,,0
ORD042586,,0
ORD028885,,0
ORD044766,,0
ORD033882,,0
ORD039292,,0
ORD009768,,0
ORD017405,,0
ORD030514,,0
ORD052504,,0
ORD043396,,0
ORD052592,,0
ORD046842,,0
ORD052155,,0
ORD002368,,0
ORD010014,,0
ORD013998,,0
ORD014603,,0
ORD055403,,0
ORD043574,,0
ORD024226,,0
ORD010065,,0
ORD012705,,0
ORD016562,,0
ORD007619,,0
ORD004248,,0
ORD052778,,0
ORD040774,,0
ORD033133,,0
ORD010821,,0
ORD051167,,0
ORD044048,,0
ORD030535,,0
ORD020993,,0
ORD031752,,0
ORD009680,,0
ORD055039,,0
ORD051326,,0
ORD018753,,0
ORD049697,,0
ORD007807,toll_inflation,1
ORD015019,,0
ORD038214,,0
ORD048029,,0
ORD029898,,0
ORD033991,,0
ORD044858,,0
ORD057146,,0
ORD004498,,0
ORD038463,,0
ORD058040,,0
ORD040419,,0
ORD009062,,0
ORD035511,,0
ORD050811,,0
ORD009797,,0
ORD055539,,0
ORD005859,,0
ORD056010,,0
ORD024734,,0
ORD041656,,0
ORD052072,,0
ORD014819,,0
ORD050963,,0
ORD052411,,0
ORD028535,,0
ORD013042,,0
ORD035053,,0
ORD029505,,0
ORD008790,,0
ORD025546,,0
ORD016865,,0
ORD017153,,0
ORD024395,,0
ORD020597,,0
ORD028372,,0
ORD028962,,0
ORD050138,,0
ORD017602,weight_discrepancy,1
ORD048309,,0
ORD021524,,0
ORD059714,,0
ORD045176,,0
ORD032141,,0
ORD057499,,0
ORD037927,,0
ORD008575,,0
ORD023904,weight_discrepancy,1
ORD005694,,0
ORD023645,,0
ORD030655,,0
ORD041535,,0
ORD034890,,0
ORD000982,,0
ORD028922,,0
ORD010003,,0
ORD058958,,0
ORD047419,,0
ORD023814,toll_inflation,1
ORD040147,,0
ORD036220,,0
ORD031487,,0
ORD015066,,0
ORD022718,,0
ORD010241,,0
ORD052997,,0
ORD039719,,0
ORD039704,,0
ORD050784,,0
ORD052720,,0
ORD056825,,0
ORD026145,,0
ORD009184,,0
ORD039874,,0
ORD005180,,0
ORD038158,,0
ORD009374,,0
ORD040014,,0
ORD004708,,0
ORD002808,,0
ORD052144,,0
ORD009241,,0
ORD008754,,0
ORD045126,,0
ORD023013,,0
ORD028272,,0
ORD003009,,0
ORD049766,toll_inflation,1
ORD055388,,0
ORD013668,,0
ORD040793,,0
ORD031569,,0
ORD048135,,0
ORD035707,,0
ORD059065,,0
ORD041807,,0
ORD034869,toll_inflation,1
ORD048329,,0
ORD055887,,0
ORD042550,,0
ORD013437,detention_padding,1
ORD052305,,0
ORD030428,,0
ORD047797,,0
ORD015924,,0
ORD043253,,0
ORD023176,,0
ORD019449,,0
ORD010095,,0
ORD007029,,0
ORD001292,,0
ORD022383,toll_inflation,1
ORD012599,,0
ORD028169,toll_inflation,1
ORD012432,,0
ORD020705,,0
ORD024307,,0
ORD046545,,0
ORD040255,,0
ORD003634,,0
ORD011292,toll_inflation,1
ORD005787,,0
ORD022303,,0
ORD005624,,0
ORD035262,,0
ORD000933,,0
ORD030704,,0
ORD036374,,0
ORD011452,,0
ORD034453,,0
ORD053221,,0
ORD031292,,0
ORD031981,weight_discrepancy,1
ORD040761,,0
ORD054330,,0
ORD025276,,0
ORD009702,,0
ORD007510,,0
ORD051039,,0
ORD022237,,0
ORD036042,,0
ORD005833,,0
ORD041841,,0
ORD022511,,0
ORD036900,,0
ORD031532,,0
ORD043793,,0
ORD014937,,0
ORD046098,,0
ORD031492,,0
ORD040305,,0
ORD040179,,0
ORD007506,,0
ORD022364,,0
ORD023326,,0
ORD049526,,0
ORD045666,,0
ORD028135,,0
ORD013085,,0
ORD039961,,0
ORD043069,,0
ORD002091,,0
ORD030205,,0
ORD017453,,0
ORD033163,,0
ORD057457,,0
ORD003086,,0
ORD045178,,0
ORD031095,,0
ORD052391,,0
ORD023839,,0
ORD053673,,0
ORD045230,,0
ORD010376,,0
ORD043713,,0
ORD044873,,0
ORD059844,,0
ORD011424,,0
ORD010810,,0
ORD000641,toll_inflation,1
ORD022982,,0
ORD045116,,0
ORD031232,,0
ORD054433,,0
ORD037833,,0
ORD011199,weight_discrepancy,1
ORD047699,,0
ORD022949,,0
ORD044710,,0
ORD038249,,0
ORD007517,,0
ORD030489,detention_padding,1
ORD021042,,0
ORD041577,,0
ORD020863,,0
ORD020716,,0
ORD024137,,0
ORD002977,,0
ORD023522,,0
ORD030189,,0
ORD037492,,0
ORD045020,,0
ORD031373,weight_discrepancy,1
ORD045431,,0
ORD042380,,0
ORD039461,,0
ORD051163,detention_padding,1
ORD004460,,0
ORD030942,,0
ORD023185,,0
ORD051212,,0
ORD042517,,0
ORD031428,,0
ORD013035,,0
ORD056829,,0
ORD057549,,0
ORD054709,toll_inflation,1
ORD011824,,0
ORD045429,,0
ORD031906,,0
ORD055740,,0
ORD021063,,0
ORD035876,,0
ORD035941,,0
ORD030847,,0
ORD042547,,0
ORD037027,,0
ORD058163,,0
ORD004539,,0
ORD051270,,0
ORD020335,,0
ORD024259,,0
ORD028150,,0
ORD047674,,0
ORD030654,,0
ORD011539,,0
ORD043391,,0
ORD007316,,0
ORD028352,,0
ORD001362,,0
ORD000997,,0
ORD023050,,0
ORD003230,,0
ORD016269,,0
ORD053407,,0
ORD022566,,0
ORD030518,,0
ORD049643,weight_discrepancy,1
ORD053761,,0
ORD051084,,0
ORD021230,,0
ORD006454,,0
ORD029115,,0
ORD006484,,0
ORD053327,,0
ORD049574,,0
ORD059329,detention_padding,1
ORD013446,,0
ORD014960,,0
ORD028723,,0
ORD045009,,0
ORD024348,,0
ORD021789,weight_discrepancy,1
ORD016267,,0
ORD019801,,0
ORD021375,,0
ORD047387,,0
ORD035625,,0
ORD037937,,0
ORD017641,,0
ORD042688,,0
ORD010303,,0
ORD022817,weight_discrepancy,1
ORD046119,,0
ORD052643,,0
ORD027334,,0
ORD038931,,0
ORD046570,,0
ORD024159,,0
ORD045840,detention_padding,1
ORD008742,detention_padding,1
ORD042303,,0
ORD022859,,0
ORD058241,,0
ORD011880,,0
ORD038206,,0
ORD042721,,0
ORD046116,,0
ORD025430,,0
ORD053959,,0
ORD031325,,0
ORD014248,,0
ORD004063,,0
ORD053600,,0
ORD027278,,0
ORD025089,,0
ORD041236,,0
ORD039084,,0
ORD046239,weight_discrepancy,1
ORD003370,,0
ORD013270,,0
ORD011497,,0
ORD029046,,0
ORD008497,,0
ORD054864,,0
ORD008617,,0
ORD025674,,0
ORD025028,,0
ORD053611,,0
ORD019971,,0
ORD032339,,0
ORD024208,,0
ORD032421,toll_inflation,1
ORD016870,,0
ORD010914,,0
ORD056861,,0
ORD017172,,0
ORD024078,,0
ORD008682,weight_discrepancy,1
ORD011505,weight_discrepancy,1
ORD011598,,0
ORD010370,detention_padding,1
ORD057468,,0
ORD058494,,0
ORD007332,,0
ORD033928,,0
ORD042606,,0
ORD048664,,0
ORD003632,weight_discrepancy,1
ORD040549,,0
ORD051615,,0
ORD032158,,0
ORD058221,,0
ORD009080,,0
ORD017854,,0
ORD028095,,0
ORD007101,,0
ORD017877,,0
ORD032095,,0
ORD007606,,0
ORD039404,,0
ORD012070,,0
ORD056102,,0
ORD001584,,0
ORD010593,,0
ORD052838,,0
ORD022215,,0
ORD002022,,0
ORD001594,,0
ORD025187,,0
ORD021571,,0
ORD024801,,0
ORD033252,,0
ORD053806,,0
ORD059425,,0
ORD003131,,0
ORD021087,,0
ORD037567,,0
ORD045090,,0
ORD034752,,0
ORD012011,weight_discrepancy,1
ORD045035,,0
ORD015202,,0
ORD005761,,0
ORD020713,,0
ORD041042,toll_inflation,1
ORD052604,,0
ORD003224,,0
ORD024672,,0
ORD046077,weight_discrepancy,1
ORD053869,,0
ORD054945,,0
ORD015826,,0
ORD010421,,0
ORD014376,,0
ORD012281,,0
ORD041088,,0
ORD001420,,0
ORD044021,,0
ORD056646,,0
ORD038051,,0
ORD021434,,0
ORD000615,,0
ORD036663,,0
ORD017267,,0
ORD043262,,0
ORD053871,,0
ORD044779,,0
ORD051408,,0
ORD009026,,0
ORD003433,,0
ORD049921,,0
ORD041863,,0
ORD026780,,0
ORD034956,,0
ORD043509,,0
ORD032475,,0
ORD032607,,0
ORD028227,,0
ORD000951,,0
ORD036135,,0
ORD055824,,0
ORD034991,,0
ORD006794,toll_inflation,1
ORD014480,,0
ORD021884,,0
ORD004731,,0
ORD034615,,0
ORD051209,,0
ORD014470,,0
ORD052351,,0
ORD015010,,0
ORD000600,,0
ORD044042,,0
ORD038995,,0
ORD002921,,0
ORD050744,,0
ORD025940,weight_discrepancy,1
ORD034875,,0
ORD031972,,0
ORD009544,,0
ORD035458,,0
ORD047122,,0
ORD027501,,0
ORD052734,,0
ORD000218,,0
ORD018976,,0
ORD006208,,0
ORD020316,,0
ORD052693,,0
ORD028197,,0
ORD021894,,0
ORD027096,,0
ORD008769,,0
ORD024188,,0
ORD040691,,0
ORD000558,,0
ORD009063,detention_padding,1
ORD034225,,0
ORD000376,,0
ORD051685,,0
ORD043719,,0
ORD035468,,0
ORD056607,,0
ORD048541,,0
ORD059778,,0
ORD027416,,0
ORD032134,,0
ORD050517,,0
ORD043876,,0
ORD030897,,0
ORD015563,,0
ORD058707,,0
ORD043931,,0
ORD031791,,0
ORD053897,,0
ORD046322,,0
ORD024651,,0
ORD008273,,0
ORD045493,,0
ORD000270,,0
ORD021608,,0
ORD027259,,0
ORD058596,,0
ORD005639,,0
ORD013691,,0
ORD032160,,0
ORD045276,,0
ORD005216,,0
ORD017420,,0
ORD002587,,0
ORD035546,,0
ORD019144,,0
ORD051870,,0
ORD028059,,0
ORD031747,,0
ORD003105,toll_inflation,1
ORD036350,,0
ORD031014,,0
ORD059623,,0
ORD004334,,0
ORD053962,,0
ORD017955,,0
ORD058713,,0
ORD016463,,0
ORD041418,,0
ORD044753,,0
ORD005196,,0
ORD004100,,0
ORD008064,,0
ORD029503,weight_discrepancy,1
ORD035380,weight_discrepancy,1
ORD031303,,0
ORD014636,,0
ORD004940,,0
ORD030127,,0
ORD011025,,0
ORD048998,,0
ORD053634,,0
ORD030710,,0
ORD001953,,0
ORD027028,,0
ORD056362,,0
ORD018285,,0
ORD054149,detention_padding,1
ORD048564,,0
ORD053064,,0
ORD039272,,0
ORD037863,,0
ORD039798,,0
ORD024460,,0
ORD058536,,0
ORD040401,,0
ORD054210,,0
ORD039826,,0
ORD036638,,0
ORD013946,,0
ORD044206,,0
ORD047933,,0
ORD049285,,0
ORD008498,,0
ORD054269,,0
ORD051221,,0
ORD036572,,0
ORD008078,,0
ORD007793,,0
ORD043088,,0
ORD016312,,0
ORD041539,,0
ORD028744,,0
ORD027903,,0
ORD025622,toll_inflation,1
ORD009114,weight_discrepancy,1
ORD038330,,0
ORD009995,,0
ORD057720,,0
ORD015413,,0
ORD033192,,0
ORD030267,,0
ORD014939,,0
ORD001614,,0
ORD044681,,0
ORD003994,,0
ORD006042,,0
ORD005633,detention_padding,1
ORD004800,,0
ORD009140,,0
ORD015998,,0
ORD045167,,0
ORD034659,,0
ORD016781,,0
ORD012766,,0
ORD001078,,0
ORD055599,,0
ORD018819,,0
ORD004044,,0
ORD037478,,0
ORD011405,,0
ORD038273,,0
ORD033512,,0
ORD014462,,0
ORD058967,,0
ORD018983,,0
ORD031177,,0
ORD055971,,0
ORD037733,,0
ORD029953,,0
ORD048060,,0
ORD012499,,0
ORD007455,,0
ORD010069,,0
ORD028533,,0
ORD026266,,0
ORD030806,,0
ORD003047,,0
ORD015082,,0
ORD018368,,0
ORD026265,,0
ORD057213,,0
ORD001350,,0
ORD049727,,0
ORD004656,,0
ORD015013,,0
ORD000478,,0
ORD044629,,0
ORD022515,,0
ORD019732,,0
ORD015711,,0
ORD005352,,0
ORD054457,,0
ORD033716,,0
ORD016908,,0
ORD005691,,0
ORD029076,,0
ORD001159,,0
ORD059558,,0
ORD013069,,0
ORD027747,,0
ORD059208,,0
ORD054990,,0
ORD048181,,0
ORD011561,,0
ORD033898,,0
ORD014455,,0
ORD030467,toll_inflation,1
ORD023898,,0
ORD030442,,0
ORD039346,,0
ORD023181,,0
ORD002460,,0
ORD054715,,0
ORD043527,,0
ORD029708,,0
ORD019119,,0
ORD058500,,0
ORD058906,,0
ORD038133,,0
ORD042493,,0
ORD043355,,0
ORD012799,,0
ORD029631,,0
ORD058510,,0
ORD040387,,0
ORD011434,,0
ORD030073,,0
ORD046428,,0
ORD035047,,0
ORD049584,,0
ORD053363,,0
ORD050641,,0
ORD032593,,0
ORD015750,,0
ORD029999,,0
ORD029836,,0
ORD001779,,0
ORD044347,,0
ORD034766,,0
ORD038848,,0
ORD015792,toll_inflation,1
ORD015798,,0
ORD016920,,0
ORD037745,,0
ORD013838,,0
ORD036706,,0
ORD015345,,0
ORD009381,,0
ORD056244,,0
ORD011649,,0
ORD058149,,0
ORD012718,,0
ORD010649,,0
ORD023202,,0
ORD033300,,0
ORD055910,,0
ORD017182,,0
ORD026451,,0
ORD037676,,0
ORD048283,,0
ORD020117,,0
ORD025168,,0
ORD004837,,0
ORD016980,,0
ORD006661,,0
ORD013881,,0
ORD046387,,0
ORD012895,,0
ORD041782,,0
ORD004221,,0
ORD020492,,0
ORD036080,,0
ORD038589,,0
ORD018133,,0
ORD029401,,0
ORD048520,,0
ORD036743,,0
ORD043822,,0
ORD048954,,0
ORD038583,,0
ORD038015,,0
ORD055237,,0
ORD014878,,0
ORD016198,,0
ORD016046,,0
ORD003476,,0
ORD003332,,0
ORD048948,,0
ORD059626,,0
ORD039351,detention_padding,1
ORD044742,,0
ORD008182,,0
ORD010477,,0
ORD056344,,0
ORD056418,,0
ORD045467,,0
ORD018004,,0
ORD042084,,0
ORD036444,,0
ORD030478,,0
ORD030277,,0
ORD028450,,0
ORD048743,,0
ORD014109,,0
ORD009211,,0
ORD034642,,0
ORD057931,,0
ORD011038,,0
ORD047531,,0
ORD017836,,0
ORD034214,,0
ORD050399,,0
ORD039607,,0
ORD054705,,0
ORD051142,,0
ORD023221,,0
ORD053657,,0
ORD038162,,0
ORD036972,,0
ORD035553,,0
ORD057484,,0
ORD024190,,0
ORD029361,,0
ORD050919,,0
ORD006932,,0
ORD055194,,0
ORD016504,,0
ORD025098,,0
ORD016015,,0
ORD049380,detention_padding,1
ORD001280,,0
ORD013346,,0
ORD005274,,0
ORD003188,,0
ORD049441,,0
ORD028648,,0
ORD008533,,0
ORD012956,,0
ORD013213,,0
ORD040621,,0
ORD051571,,0
ORD041046,,0
ORD034341,,0
ORD032199,,0
ORD050856,,0
ORD026149,,0
ORD014434,,0
ORD009694,,0
ORD059603,,0
ORD036732,,0
ORD052074,,0
ORD029399,,0
ORD033856,,0
ORD022479,,0
ORD039338,,0
ORD031895,,0
ORD049582,,0
ORD025747,,0
ORD034728,,0
ORD031436,,0
ORD055769,,0
ORD059401,,0
ORD007806,,0
ORD018117,,0
ORD055364,weight_discrepancy,1
ORD005506,,0
ORD055357,,0
ORD041778,,0
ORD027623,,0
ORD002627,,0
ORD018268,,0
ORD024620,,0
ORD009130,,0
ORD053047,detention_padding,1
ORD026025,,0
ORD009579,,0
ORD033191,,0
ORD021018,,0
ORD053519,,0
ORD059196,,0
ORD016098,,0
ORD039083,,0
ORD028516,,0
ORD007874,weight_discrepancy,1
ORD032176,,0
ORD036099,,0
ORD035630,,0
ORD016411,,0
ORD033624,,0
ORD044586,,0
ORD001432,,0
ORD017790,,0
ORD029866,,0
ORD036436,,0
ORD031618,,0
ORD030392,,0
ORD013962,,0
ORD011950,,0
ORD037259,,0
ORD013728,,0
ORD028623,,0
ORD053591,,0
ORD034312,,0
ORD028634,,0
ORD028273,,0
ORD028656,,0
ORD013594,,0
ORD055794,,0
ORD041453,,0
ORD006770,,0
ORD028013,detention_padding,1
ORD028012,,0
ORD047616,,0
ORD043616,,0
ORD011039,,0
ORD004270,,0
ORD046623,,0
ORD024636,,0
ORD003441,,0
ORD040709,,0
ORD056433,,0
ORD012190,,0
ORD023382,,0
ORD049544,,0
ORD005384,,0
ORD053128,,0
ORD049735,,0
ORD058183,,0
ORD022741,,0
ORD017950,,0
ORD033117,,0
ORD022227,,0
ORD003696,,0
ORD058120,,0
ORD030949,,0
ORD031202,,0
ORD029136,,0
ORD018539,,0
ORD030618,,0
ORD023833,,0
ORD042660,,0
ORD059293,,0
ORD023742,,0
ORD008187,,0
ORD012275,,0
ORD004737,,0
ORD015702,detention_padding,1
ORD009940,,0
ORD021242,,0
ORD038826,,0
ORD031627,,0
ORD033771,,0
ORD039584,,0
ORD031041,,0
ORD001627,,0
ORD031903,,0
ORD012299,,0
ORD051591,,0
ORD007312,,0
ORD049388,,0
ORD020609,,0
ORD026459,,0
ORD059956,,0
ORD024567,,0
ORD016735,detention_padding,1
ORD038605,,0
ORD032049,toll_inflation,1
ORD005162,,0
ORD006723,,0
ORD022242,,0
ORD025730,,0
ORD030485,,0
ORD014200,,0
ORD003080,,0
ORD049524,,0
ORD006882,,0
ORD022331,,0
ORD047831,,0
ORD008255,,0
ORD015791,,0
ORD034718,,0
ORD039437,toll_inflation,1
ORD031036,,0
ORD014341,toll_inflation,1
ORD038542,detention_padding,1
ORD027962,,0
ORD038389,,0
ORD031279,,0
ORD047538,,0
ORD036765,detention_padding,1
ORD000231,,0
ORD050675,,0
ORD026290,,0
ORD015368,toll_inflation,1
ORD056013,,0
ORD041209,,0
ORD037416,,0
ORD008556,,0
ORD005878,,0
ORD035423,,0
ORD041830,,0
ORD004787,,0
ORD017793,,0
ORD005083,,0
ORD021727,,0
ORD009166,,0
ORD043089,,0
ORD029119,,0
ORD032219,,0
ORD047310,,0
ORD029755,,0
ORD008785,,0
ORD023296,,0
ORD036733,,0
ORD026790,,0
ORD056730,,0
ORD041055,,0
ORD001475,,0
ORD049058,,0
ORD050497,,0
ORD019520,,0
ORD026575,,0
ORD028332,,0
ORD001399,,0
ORD033076,,0
ORD021319,,0
ORD056165,,0
ORD057465,,0
ORD059570,,0
ORD057731,,0
ORD049666,,0
ORD034175,,0
ORD059829,,0
ORD023770,,0
ORD034275,,0
ORD051802,,0
ORD023120,,0
ORD002223,,0
ORD029783,,0
ORD055968,,0
ORD025361,,0
ORD011919,,0
ORD056902,,0
ORD035996,,0
ORD053146,,0
ORD021775,,0
ORD040122,,0
ORD027432,weight_discrepancy,1
ORD055782,,0
ORD041606,,0
ORD020530,,0
ORD005832,,0
ORD047148,,0
ORD012185,,0
ORD046470,,0
ORD041708,,0
ORD043070,,0
ORD019908,,0
ORD012435,,0
ORD029583,,0
ORD012166,,0
ORD011618,,0
ORD011445,weight_discrepancy,1
ORD005718,,0
ORD039753,toll_inflation,1
ORD008120,,0
ORD049114,,0
ORD051689,,0
ORD026206,,0
ORD057193,,0
ORD000721,detention_padding,1
ORD007247,,0
ORD007916,weight_discrepancy,1
ORD057976,,0
ORD027613,,0
ORD040216,,0
ORD013634,,0
ORD058087,,0
ORD042938,,0
ORD005966,,0
ORD054009,,0
ORD018007,,0
ORD048529,,0
ORD048845,,0
ORD056726,,0
ORD032166,,0
ORD001730,,0
ORD000517,,0
ORD003340,,0
ORD045772,,0
ORD001556,,0
ORD044010,,0
ORD002179,,0
ORD017525,,0
ORD007615,,0
ORD035050,,0
ORD032187,,0
ORD002155,,0
ORD059289,,0
ORD011629,,0
ORD056894,,0
ORD029766,,0
ORD040525,,0
ORD002465,,0
ORD003517,,0
ORD021486,,0
ORD034164,,0
ORD051038,,0
ORD032752,,0
ORD000911,,0
ORD029310,,0
ORD007519,detention_padding,1
ORD022431,,0
ORD029277,,0
ORD023696,,0
ORD050233,,0
ORD029908,,0
ORD058744,,0
ORD036338,,0
ORD029822,detention_padding,1
ORD029215,,0
ORD030531,,0
ORD049545,,0
ORD026253,,0
ORD052914,,0
ORD046957,,0
ORD051560,weight_discrepancy,1
ORD025841,,0
ORD024534,,0
ORD042625,,0
ORD048488,,0
ORD059525,,0
ORD055144,,0
ORD043879,,0
ORD039165,,0
ORD044731,,0
ORD000804,,0
ORD045374,,0
ORD013687,detention_padding,1
ORD004173,,0
ORD001063,,0
ORD028963,,0
ORD009432,,0
ORD035445,,0
ORD051125,detention_padding,1
ORD017382,,0
ORD003058,,0
ORD002558,,0
ORD040984,,0
ORD037464,,0
ORD036002,,0
ORD036144,,0
ORD053860,,0
ORD015569,,0
ORD045724,,0
ORD009326,,0
ORD029789,,0
ORD052440,,0
ORD010551,,0
ORD051823,,0
ORD049649,,0
ORD043831,,0
ORD026298,,0
ORD042106,,0
ORD003590,,0
ORD034595,,0
ORD023658,,0
ORD004406,,0
ORD041314,,0
ORD029177,,0
ORD007310,,0
ORD030045,,0
ORD010664,,0
ORD052696,,0
ORD017970,,0
ORD047397,,0
ORD006357,,0
ORD057263,,0
ORD039181,,0
ORD000106,,0
ORD055009,,0
ORD039397,,0
ORD019475,,0
ORD005345,,0
ORD044999,,0
ORD020518,,0
ORD011611,,0
ORD059892,,0
ORD000720,,0
ORD022422,detention_padding,1
ORD054360,,0
ORD037715,,0
ORD010235,,0
ORD005125,,0
ORD052526,,0
ORD018581,detention_padding,1
ORD041981,,0
ORD020868,,0
ORD052670,,0
ORD033415,,0
ORD009193,,0
ORD028659,,0
ORD042467,,0
ORD014813,,0
ORD030928,,0
ORD006925,,0
ORD006037,,0
ORD003990,,0
ORD016994,,0
ORD021770,,0
ORD023727,,0
ORD036928,,0
ORD036458,,0
ORD049432,,0
ORD041675,,0
ORD041442,,0
ORD018640,,0
ORD003471,,0
ORD027157,,0
ORD000430,,0
ORD003719,,0
ORD051098,,0
ORD001164,,0
ORD056941,,0
ORD005520,,0
ORD009672,,0
ORD024920,,0
ORD018577,,0
ORD045570,,0
ORD018759,,0
ORD008283,,0
ORD053070,,0
ORD006414,,0
ORD054214,,0
ORD005092,,0
ORD035319,,0
ORD010223,,0
ORD023957,,0
ORD052616,,0
ORD035097,detention_padding,1
ORD049392,,0
ORD046283,,0
ORD030814,,0
ORD010493,,0
ORD012384,toll_inflation,1
ORD052676,,0
ORD041025,,0
ORD009352,,0
ORD027065,,0
ORD040109,detention_padding,1
ORD040039,,0
ORD045417,,0
ORD057142,,0
ORD026455,,0
ORD050619,,0
ORD014117,,0
ORD002241,,0
ORD054753,,0
ORD004116,,0
ORD017645,,0
ORD017294,,0
ORD022826,,0
ORD012835,,0
ORD044513,,0
ORD054805,,0
ORD002105,,0
ORD052001,,0
ORD018961,,0
ORD056430,,0
ORD019028,,0
ORD048352,,0
ORD014748,,0
ORD058289,,0
ORD029802,,0
ORD048502,,0
ORD034551,,0
ORD012049,,0
ORD027672,,0
ORD055894,,0
ORD048981,,0
ORD012080,,0
ORD043614,,0
ORD029744,,0
ORD005310,,0
ORD031714,,0
ORD028720,,0
ORD038610,,0
ORD038878,,0
ORD013274,,0
ORD031944,,0
ORD053512,,0
ORD031915,,0
ORD014626,,0
ORD023757,,0
ORD044733,,0
ORD020624,,0
ORD006911,,0
ORD020312,,0
ORD000637,,0
ORD041900,detention_padding,1
ORD056093,,0
ORD019538,,0
ORD053246,,0
ORD031613,,0
ORD052492,,0
ORD024506,,0
ORD000740,,0
ORD051523,,0
ORD007160,,0
ORD012843,,0
ORD017551,,0
ORD049975,toll_inflation,1
ORD024357,,0
ORD044455,,0
ORD034324,,0
ORD014505,,0
ORD043954,,0
ORD055441,,0
ORD012211,,0
ORD020986,,0
ORD021296,,0
ORD059236,,0
ORD057233,,0
ORD022703,,0
ORD016296,,0
ORD058718,,0
ORD011643,,0
ORD018084,,0
ORD045398,,0
ORD020883,,0
ORD013526,,0
ORD014715,,0
ORD030445,,0
ORD005700,,0
ORD058885,,0
ORD044150,,0
ORD028296,,0
ORD007159,,0
ORD056296,toll_inflation,1
ORD031483,,0
ORD040304,,0
ORD003729,,0
ORD048367,,0
ORD007901,weight_discrepancy,1
ORD014332,,0
ORD009151,,0
ORD027910,,0
ORD015499,,0
ORD030293,,0
ORD046921,,0
ORD015510,,0
ORD029267,,0
ORD056335,,0
ORD043150,,0
ORD046710,,0
ORD017478,,0
ORD059629,,0
ORD042470,,0
ORD046895,,0
ORD029201,,0
ORD043225,,0
ORD057355,,0
ORD013552,,0
ORD036742,,0
ORD022380,,0
ORD042261,,0
ORD052426,,0
ORD024172,,0
ORD000246,,0
ORD018886,,0
ORD027430,,0
ORD051600,,0
ORD022175,,0
ORD030692,,0
ORD025057,,0
ORD041748,,0
ORD011467,,0
ORD052301,,0
ORD051108,,0
ORD034277,,0
ORD034606,,0
ORD002721,,0
ORD021812,,0
ORD013371,,0
ORD053868,,0
ORD021779,,0
ORD001858,,0
ORD006187,,0
ORD007889,,0
ORD000150,,0
ORD035066,,0
ORD025612,,0
ORD022855,,0
ORD016575,,0
ORD020131,,0
ORD032672,,0
ORD004478,,0
ORD021197,,0
ORD047809,,0
ORD035754,,0
ORD022822,,0
ORD034643,,0
ORD056550,,0
ORD033111,,0
ORD039236,,0
ORD014935,,0
ORD046573,,0
ORD036862,,0
ORD003697,,0
ORD025279,,0
ORD042317,,0
ORD048905,,0
ORD027055,,0
ORD037601,,0
ORD032636,,0
ORD021925,,0
ORD059976,,0
ORD044105,,0
ORD022274,,0
ORD041766,,0
ORD037587,,0
ORD000415,,0
ORD037272,,0
ORD048994,,0
ORD017997,,0
ORD020002,,0
ORD057169,,0
ORD032452,,0
ORD032261,,0
ORD055222,,0
ORD026082,,0
ORD045636,,0
ORD036495,,0
ORD020819,,0
ORD026181,,0
ORD059083,,0
ORD054583,,0
ORD005144,,0
ORD058152,,0
ORD055918,weight_discrepancy,1
ORD019347,,0
ORD013360,,0
ORD051417,,0
ORD007269,,0
ORD038896,,0
ORD000771,,0
ORD000663,,0
ORD001316,,0
ORD010060,,0
ORD034376,,0
ORD005342,,0
ORD044318,,0
ORD036061,,0
ORD045620,,0
ORD028564,,0
ORD041461,,0
ORD016874,,0
ORD036942,,0
ORD050720,,0
ORD025595,,0
ORD052429,,0
ORD000154,,0
ORD036948,,0
ORD006729,,0
ORD040180,,0
ORD028217,,0
ORD026171,,0
ORD034619,,0
ORD023693,,0
ORD015046,,0
ORD027767,,0
ORD014335,,0
ORD051165,,0
ORD007289,,0
ORD021094,,0
ORD002742,,0
ORD041136,,0
ORD015317,,0
ORD008432,toll_inflation,1
ORD056075,weight_discrepancy,1
ORD020004,,0
ORD056400,,0
ORD039734,,0
ORD028415,,0
ORD056674,,0
ORD037150,,0
ORD021519,,0
ORD006989,,0
ORD011601,,0
ORD009811,,0
ORD034723,weight_discrepancy,1
ORD030922,,0
ORD043456,,0
ORD039575,,0
ORD002500,,0
ORD001196,,0
ORD044964,,0
ORD004724,,0
ORD028807,,0
ORD007251,,0
ORD045914,,0
ORD056693,,0
ORD054603,,0
ORD002999,,0
ORD030241,,0
ORD001176,,0
ORD043900,,0
ORD000342,weight_discrepancy,1
ORD005600,,0
ORD054527,,0
ORD006715,,0
ORD046447,,0
ORD004321,,0
ORD031008,,0
ORD042405,,0
ORD021535,,0
ORD031647,,0
ORD013343,,0
ORD057030,,0
ORD019536,,0
ORD056969,,0
ORD031445,,0
ORD008911,,0
ORD005810,,0
ORD018318,,0
ORD010026,toll_inflation,1
ORD037353,,0
ORD036736,,0
ORD026342,,0
ORD016003,,0
ORD013844,,0
ORD046635,,0
ORD024257,,0
ORD022883,,0
ORD053751,weight_discrepancy,1
ORD053777,,0
ORD033469,,0
ORD043124,,0
ORD002476,,0
ORD044715,,0
ORD026980,,0
ORD018072,,0
ORD018167,,0
ORD030184,,0
ORD010284,,0
ORD011619,,0
ORD037466,,0
ORD049752,,0
ORD015683,,0
ORD005628,,0
ORD007094,,0
ORD009318,,0
ORD037835,,0
ORD055712,,0
ORD002060,,0
ORD004824,,0
ORD040644,,0
ORD035742,,0
ORD010119,toll_inflation,1
ORD059724,,0
ORD033338,,0
ORD049632,,0
ORD037519,,0
ORD028108,,0
ORD039855,,0
ORD058202,,0
ORD006188,,0
ORD001927,,0
ORD026439,,0
ORD023151,,0
ORD052718,,0
ORD033539,,0
ORD040966,,0
ORD056988,,0
ORD056080,,0
ORD044805,,0
ORD042349,,0
ORD034193,,0
ORD056245,,0
ORD053069,,0
ORD019710,,0
ORD038076,,0
ORD014783,,0
ORD032022,,0
ORD003472,,0
ORD009788,,0
ORD041400,,0
ORD024433,detention_padding,1
ORD046037,,0
ORD042716,,0
ORD024262,,0
ORD000100,,0
ORD019397,,0
ORD052690,,0
ORD038893,,0
ORD016709,,0
ORD055027,,0
ORD025452,,0
ORD007286,,0
ORD022705,,0
ORD030523,,0
ORD011391,,0
ORD053801,,0
ORD011591,,0
ORD055406,,0
ORD043549,,0
ORD037003,,0
ORD041195,,0
ORD002777,,0
ORD017991,,0
ORD022438,,0
ORD030625,,0
ORD053743,,0
ORD021416,,0
ORD021768,,0
ORD038026,,0
ORD046279,,0
ORD034708,,0
ORD021278,,0
ORD047438,,0
ORD040262,,0
ORD044975,,0
ORD019290,,0
ORD043185,,0
ORD033798,,0
ORD023902,,0
ORD043128,,0
ORD038336,,0
ORD029550,,0
ORD024052,,0
ORD030516,,0
ORD032743,,0
ORD007647,,0
ORD005368,,0
ORD011545,,0
ORD034467,,0
ORD001411,,0
ORD026512,,0
ORD019555,,0
ORD059817,,0
ORD031622,,0
ORD015293,,0
ORD011051,,0
ORD022132,,0
ORD019996,,0
ORD048628,,0
ORD048850,,0
ORD015514,,0
ORD018497,weight_discrepancy,1
ORD011104,,0
ORD002498,detention_padding,1
ORD001167,,0
ORD059447,,0
ORD021646,,0
ORD032608,,0
ORD005951,toll_inflation,1
ORD042061,,0
ORD005956,,0
ORD015859,,0
ORD049046,,0
ORD000284,,0
ORD002527,,0
ORD047217,,0
ORD016806,,0
ORD056953,toll_inflation,1
ORD020758,,0
ORD030089,,0
ORD052150,,0
ORD029996,,0
ORD035642,,0
ORD004698,toll_inflation,1
ORD003156,weight_discrepancy,1
ORD055535,,0
ORD052285,,0
ORD022709,,0
ORD057208,,0
ORD010765,,0
ORD009263,,0
ORD057898,,0
ORD052373,,0
ORD000182,,0
ORD038957,,0
ORD054002,,0
ORD007954,,0
ORD040659,,0
ORD055527,,0
ORD011906,,0
ORD019569,,0
ORD032913,,0
ORD059602,,0
ORD020355,,0
ORD007816,,0
ORD051668,,0
ORD031856,weight_discrepancy,1
ORD011840,toll_inflation,1
ORD003772,,0
ORD031044,,0
ORD009639,,0
ORD058181,,0
ORD002986,,0
ORD010236,,0
ORD000534,,0
ORD045302,,0
ORD025551,,0
ORD011017,,0
ORD002122,,0
ORD041446,,0
ORD025741,,0
ORD021184,,0
ORD043499,,0
ORD055229,,0
ORD005916,weight_discrepancy,1
ORD047058,,0
ORD036872,detention_padding,1
ORD001343,,0
ORD038454,,0
ORD041609,,0
ORD020005,detention_padding,1
ORD000210,,0
ORD034363,,0
ORD041379,,0
ORD010602,,0
ORD018606,,0
ORD040669,,0
ORD057679,,0
ORD036189,,0
ORD039005,,0
ORD026054,,0
ORD029591,,0
ORD003185,,0
ORD027449,,0
ORD012810,,0
ORD030954,,0
ORD031283,,0
ORD051675,,0
ORD039487,,0
ORD003827,weight_discrepancy,1
ORD041383,,0
ORD049445,,0
ORD058283,,0
ORD044456,,0
ORD007203,,0
ORD007879,,0
ORD016130,,0
ORD046057,,0
ORD025008,,0
ORD023126,,0
ORD023887,,0
ORD042876,,0
ORD046559,,0
ORD041486,,0
ORD048007,,0
ORD007417,,0
ORD029728,,0
ORD000469,,0
ORD048746,,0
ORD007275,,0
ORD035666,toll_inflation,1
ORD023831,,0
ORD050330,,0
ORD011451,,0
ORD039856,,0
ORD055225,,0
ORD045475,,0
ORD030380,,0
ORD031418,,0
ORD058859,,0
ORD024572,,0
ORD043701,,0
ORD028319,,0
ORD014220,,0
ORD057546,,0
ORD030573,,0
ORD057367,,0
ORD032170,,0
ORD039542,,0
ORD042157,,0
ORD026616,,0
ORD058170,,0
ORD053837,,0
ORD040314,,0
ORD024185,,0
ORD038606,,0
ORD006931,,0
ORD055687,,0
ORD055098,,0
ORD044307,,0
ORD011436,,0
ORD043590,,0
ORD012120,,0
ORD007045,,0
ORD006996,,0
ORD008458,,0
ORD012516,,0
ORD008822,,0
ORD051901,toll_inflation,1
ORD017061,,0
ORD034787,,0
ORD059005,,0
ORD017227,,0
ORD030201,,0
ORD034004,,0
ORD032097,weight_discrepancy,1
ORD018168,,0
ORD004465,,0
ORD014054,toll_inflation,1
ORD040508,,0
ORD033193,,0
ORD003278,,0
ORD024824,,0
ORD006341,,0
ORD025415,,0
ORD004603,,0
ORD033061,,0
ORD046606,,0
ORD042383,,0
ORD039625,,0
ORD041888,,0
ORD006648,,0
ORD051245,,0
ORD021762,,0
ORD057707,,0
ORD048755,,0
ORD001766,,0
ORD027559,,0
ORD051716,weight_discrepancy,1
ORD029195,,0
ORD022116,,0
ORD014278,,0
ORD004267,,0
ORD027735,,0
ORD032204,,0
ORD042655,,0
ORD029972,,0
ORD045133,,0
ORD029030,,0
ORD040366,,0
ORD014492,,0
ORD024402,,0
ORD047353,,0
ORD051193,,0
ORD034148,,0
ORD049282,,0
ORD022311,,0
ORD052136,,0
ORD038797,,0
ORD015498,,0
ORD059707,,0
ORD043333,,0
ORD038379,,0
ORD026215,,0
ORD026139,detention_padding,1
ORD020953,,0
ORD043112,,0
ORD038944,,0
ORD036260,,0
ORD044797,,0
ORD021146,,0
ORD033768,,0
ORD005307,,0
ORD014040,,0
ORD046757,,0
ORD037058,,0
ORD004530,,0
ORD015733,,0
ORD019390,toll_inflation,1
ORD053977,,0
ORD012587,,0
ORD027555,,0
ORD048049,,0
ORD011398,,0
ORD048066,,0
ORD019514,,0
ORD003791,,0
ORD011312,,0
ORD000412,toll_inflation,1
ORD018085,,0
ORD028382,,0
ORD017827,,0
ORD047622,,0
ORD041193,,0
ORD001894,,0
ORD032335,,0
ORD000537,,0
ORD004258,,0
ORD034815,,0
ORD027587,,0
ORD051902,,0
ORD007527,,0
ORD055226,,0
ORD016814,,0
ORD011904,,0
ORD006636,,0
ORD005542,,0
ORD004397,,0
ORD040933,,0
ORD042960,,0
ORD025578,,0
ORD016795,,0
ORD056994,,0
ORD037139,,0
ORD005309,,0
ORD034520,,0
ORD050165,,0
ORD053555,,0
ORD011385,,0
ORD012314,,0
ORD006057,,0
ORD052969,weight_discrepancy,1
ORD054369,,0
ORD047787,,0
ORD025808,weight_discrepancy,1
ORD010595,detention_padding,1
ORD047764,,0
ORD033942,,0
ORD019680,,0
ORD034649,,0
ORD017082,,0
ORD048648,,0
ORD001800,,0
ORD003541,,0
ORD014648,,0
ORD011632,,0
ORD045410,,0
ORD035454,,0
ORD041787,,0
ORD007746,,0
ORD026500,,0
ORD049007,,0
ORD026535,,0
ORD051216,,0
ORD031657,,0
ORD020616,,0
ORD043707,,0
ORD039838,,0
ORD000691,,0
ORD034133,,0
ORD028625,,0
ORD001255,,0
ORD020670,,0
ORD003890,,0
ORD054700,,0
ORD037382,,0
ORD014781,,0
ORD048326,,0
ORD011182,,0
ORD045261,,0
ORD017273,toll_inflation,1
ORD025627,,0
ORD002180,,0
ORD047188,,0
ORD034446,,0
ORD030086,,0
ORD030263,,0
ORD008136,,0
ORD005949,,0
ORD025392,,0
ORD020172,,0
ORD034490,,0
ORD000522,,0
ORD039195,,0
ORD003825,,0
ORD051363,,0
ORD004432,,0
ORD019054,,0
ORD000239,,0
ORD018272,detention_padding,1
ORD047894,,0
ORD054174,,0
ORD012445,,0
ORD024559,,0
ORD018932,weight_discrepancy,1
ORD044054,,0
ORD024647,,0
ORD017774,,0
ORD043348,,0
ORD015384,,0
ORD005611,,0
ORD052701,,0
ORD022309,,0
ORD048950,,0
ORD056413,,0
ORD029762,,0
ORD021605,,0
ORD059612,,0
ORD011893,,0
ORD044889,,0
ORD007886,,0
ORD009320,,0
ORD011765,,0
ORD050756,,0
ORD013959,,0
ORD037882,,0
ORD048409,weight_discrepancy,1
ORD012399,,0
ORD034211,,0
ORD005766,,0
ORD029906,,0
ORD038494,,0
ORD049268,,0
ORD003076,detention_padding,1
ORD029959,,0
ORD055133,,0
ORD020279,,0
ORD020223,,0
ORD035028,weight_discrepancy,1
ORD036126,,0
ORD003616,,0
ORD054773,,0
ORD020396,,0
ORD011603,,0
ORD051345,,0
ORD018202,,0
ORD051873,,0
ORD058032,,0
ORD044085,,0
ORD018722,,0
ORD051814,weight_discrepancy,1
ORD058316,,0
ORD036616,,0
ORD010858,,0
ORD056720,,0
ORD001940,,0
ORD033968,,0
ORD002008,,0
ORD030084,,0
ORD042748,,0
ORD057613,,0
ORD049888,,0
ORD031380,,0
ORD054551,,0
ORD057673,,0
ORD056758,,0
ORD002622,,0
ORD010563,,0
ORD055286,,0
ORD021560,,0
ORD056732,,0
ORD057631,,0
ORD049095,,0
ORD005477,,0
ORD025645,,0
ORD014787,,0
ORD012939,,0
ORD048721,,0
ORD027103,,0
ORD026524,,0
ORD037056,,0
ORD036940,,0
ORD044568,,0
ORD026316,,0
ORD000864,,0
ORD036879,,0
ORD038084,,0
ORD055724,,0
ORD000731,,0
ORD027894,,0
ORD015023,,0
ORD056998,,0
ORD032240,,0
ORD027219,,0
ORD048478,,0
ORD009490,,0
ORD019351,,0
ORD027128,,0
ORD019394,weight_discrepancy,1
ORD031730,,0
ORD010666,,0
ORD036755,,0
ORD002036,,0
ORD043759,,0
ORD028699,,0
ORD010021,,0
ORD038618,,0
ORD049475,,0
ORD039601,weight_discrepancy,1
ORD000736,,0
ORD014861,,0
ORD055017,,0
ORD031890,,0
ORD036073,,0
ORD052054,,0
ORD049529,,0
ORD034012,weight_discrepancy,1
ORD041901,,0
ORD024741,,0
ORD040341,,0
ORD005429,,0
ORD031258,,0
ORD046981,,0
ORD043335,,0
ORD020715,,0
ORD040139,,0
ORD057786,,0
ORD047806,,0
ORD010757,,0
ORD011721,,0
ORD006159,,0
ORD017103,,0
ORD034581,,0
ORD031277,,0
ORD055602,,0
ORD006793,,0
ORD005904,,0
ORD026134,,0
ORD053249,,0
ORD034189,,0
ORD005492,,0
ORD055929,,0
ORD045199,,0
ORD029992,,0
ORD007942,,0
ORD053627,,0
ORD050692,,0
ORD036606,weight_discrepancy,1
ORD043654,,0
ORD014315,,0
ORD031775,,0
ORD059526,,0
ORD010889,,0
ORD030698,,0
ORD026347,,0
ORD058438,,0
ORD028282,,0
ORD036193,,0
ORD038867,,0
ORD045298,weight_discrepancy,1
ORD011723,,0
ORD020207,,0
ORD022886,,0
ORD004727,,0
ORD028502,,0
ORD035221,,0
ORD028825,,0
ORD059548,,0
ORD026311,,0
ORD020743,,0
ORD059071,,0
ORD030382,,0
ORD038229,weight_discrepancy,1
ORD011121,,0
ORD016232,,0
ORD053632,,0
ORD059885,,0
ORD024634,,0
ORD014925,,0
ORD031939,,0
ORD049300,,0
ORD045818,,0
ORD024335,,0
ORD019111,,0
ORD059326,,0
ORD039202,,0
ORD035353,,0
ORD055577,,0
ORD049149,,0
ORD050372,,0
ORD024143,,0
ORD040724,,0
ORD057716,,0
ORD028038,,0
ORD001572,,0
ORD011815,,0
ORD035560,,0
ORD033563,toll_inflation,1
ORD043592,,0
ORD010991,,0
ORD042870,,0
ORD013347,,0
ORD051552,,0
ORD046366,,0
ORD012706,,0
ORD038221,,0
ORD049002,,0
ORD012050,,0
ORD058896,,0
ORD042295,,0
ORD038244,,0
ORD003145,,0
ORD040298,,0
ORD036217,,0
ORD045517,,0
ORD016299,,0
ORD051530,,0
ORD025992,,0
ORD053185,,0
ORD011040,,0
ORD045073,,0
ORD042854,,0
ORD029382,,0
ORD053040,,0
ORD052110,,0
ORD013115,,0
ORD002920,,0
ORD031900,,0
ORD032991,,0
ORD049685,,0
ORD021426,,0
ORD004181,detention_padding,1
ORD046639,,0
ORD004984,,0
ORD028695,,0
ORD053433,,0
ORD055230,,0
ORD017033,,0
ORD024861,,0
ORD059491,,0
ORD048059,,0
ORD023086,weight_discrepancy,1
ORD010188,,0
ORD021084,,0
ORD054882,,0
ORD019363,,0
ORD013699,,0
ORD014217,,0
ORD050460,,0
ORD035647,,0
ORD045139,,0
ORD017392,,0
ORD056834,,0
ORD059333,,0
ORD007929,,0
ORD048552,,0
ORD045155,,0
ORD059380,,0
ORD024698,,0
ORD007960,,0
ORD047232,,0
ORD034626,,0
ORD036720,,0
ORD021807,,0
ORD053292,,0
ORD006910,,0
ORD037374,,0
ORD059668,,0
ORD037496,,0
ORD010795,,0
ORD046268,weight_discrepancy,1
ORD001114,,0
ORD020611,,0
ORD038621,,0
ORD007194,,0
ORD053038,,0
ORD014862,,0
ORD045950,,0
ORD041580,,0
ORD031542,,0
ORD024376,,0
ORD054515,,0
ORD015603,,0
ORD030138,,0
ORD028206,,0
ORD058356,,0
ORD027167,,0
ORD043374,,0
ORD029676,,0
ORD018118,,0
ORD049412,,0
ORD016192,,0
ORD015645,,0
ORD044095,,0
ORD027318,,0
ORD053164,,0
ORD009814,,0
ORD009862,,0
ORD057960,,0
ORD040573,,0
ORD008821,,0
ORD006509,,0
ORD009078,,0
ORD059497,,0
ORD056309,,0
ORD038354,,0
ORD014910,,0
ORD039501,,0
ORD031507,,0
ORD023707,,0
ORD028559,,0
ORD009997,,0
ORD004629,,0
ORD059982,,0
ORD017027,,0
ORD020782,,0
ORD012897,,0
ORD054059,,0
ORD039097,,0
ORD009266,,0
ORD058474,,0
ORD020982,detention_padding,1
ORD006864,,0
ORD018911,,0
ORD035688,,0
ORD013829,,0
ORD004141,,0
ORD051940,,0
ORD051111,,0
ORD026423,,0
ORD019942,,0
ORD013776,,0
ORD039614,,0
ORD032225,,0
ORD031037,,0
ORD005580,,0
ORD037393,,0
ORD049378,,0
ORD001630,,0
ORD058899,,0
ORD041747,,0
ORD023431,,0
ORD022074,,0
ORD056745,,0
ORD054324,,0
ORD059573,,0
ORD025634,,0
ORD009444,,0
ORD046364,,0
ORD049904,,0
ORD059590,,0
ORD033634,,0
ORD022965,,0
ORD040839,,0
ORD010365,,0
ORD015281,,0
ORD024561,weight_discrepancy,1
ORD038511,,0
ORD015290,,0
ORD057729,,0
ORD050562,,0
ORD016787,,0
ORD049096,,0
ORD024210,,0
ORD049836,,0
ORD049155,,0
ORD057303,,0
ORD024474,,0
ORD006056,,0
ORD024504,,0
ORD042346,,0
ORD011430,,0
ORD005806,,0
ORD035759,,0
ORD053502,,0
ORD020495,,0
ORD018535,,0
ORD026326,,0
ORD049897,,0
ORD019894,,0
ORD047384,,0
ORD037862,,0
ORD057025,,0
ORD018181,,0
ORD003944,weight_discrepancy,1
ORD007048,weight_discrepancy,1
ORD024082,,0
ORD009966,,0
ORD053090,,0
ORD034088,,0
ORD010679,,0
ORD014865,,0
ORD004062,,0
ORD052042,,0
ORD058302,,0
ORD028399,,0
ORD013661,,0
ORD059105,,0
ORD042569,weight_discrepancy,1
ORD009518,,0
ORD040656,,0
ORD005019,,0
ORD035899,,0
ORD020967,,0
ORD036881,,0
ORD030821,,0
ORD056712,,0
ORD017361,,0
ORD037506,,0
ORD003070,,0
ORD059701,weight_discrepancy,1
ORD043460,,0
ORD030976,,0
ORD025724,,0
ORD039955,,0
ORD000861,toll_inflation,1
ORD055841,,0
ORD044595,,0
ORD010725,,0
ORD037169,,0
ORD004695,,0
ORD040636,,0
ORD044367,,0
ORD035704,,0
ORD046397,,0
ORD007128,,0
ORD046664,,0
ORD006473,,0
ORD017918,,0
ORD038419,,0
ORD030768,,0
ORD009620,,0
ORD023569,,0
ORD008065,,0
ORD057245,,0
ORD051741,,0
ORD009760,toll_inflation,1
ORD005804,,0
ORD052506,,0
ORD000041,,0
ORD010681,,0
ORD016868,,0
ORD027419,,0
ORD010528,toll_inflation,1
ORD031050,,0
ORD039416,,0
ORD013326,,0
ORD046869,,0
ORD024823,,0
ORD008386,toll_inflation,1
ORD035411,,0
ORD019336,,0
ORD050693,,0
ORD024277,,0
ORD038292,,0
ORD046301,,0
ORD055107,,0
ORD057695,,0
ORD022053,detention_padding,1
ORD042333,,0
ORD044576,,0
ORD016033,,0
ORD002370,,0
ORD002432,,0
ORD055454,,0
ORD022220,,0
ORD055397,weight_discrepancy,1
ORD011664,,0
ORD031698,,0
ORD044125,,0
ORD020684,,0
ORD037790,,0
ORD044192,,0
ORD022577,,0
ORD020627,,0
ORD056431,,0
ORD057364,,0
ORD028139,,0
ORD050381,,0
ORD034150,,0
ORD019120,,0
ORD013742,,0
ORD031999,,0
ORD011289,,0
ORD042522,,0
ORD039128,,0
ORD019034,,0
ORD050129,,0
ORD039016,,0
ORD025686,,0
ORD005186,,0
ORD047780,,0
ORD059939,,0
ORD012411,,0
ORD018751,,0
ORD015263,,0
ORD038980,,0
ORD043192,,0
ORD010989,,0
ORD000579,,0
ORD014165,,0
ORD039934,,0
ORD054428,,0
ORD053465,,0
ORD052183,,0
ORD036802,,0
ORD047306,,0
ORD037720,,0
ORD044336,,0
ORD058585,,0
ORD025444,,0
ORD002661,,0
ORD038813,,0
ORD002007,,0
ORD050737,,0
ORD004652,,0
ORD017241,,0
ORD052883,detention_padding,1
ORD049496,,0
ORD055697,,0
ORD056884,,0
ORD006435,,0
ORD059064,,0
ORD036643,,0
ORD040957,weight_discrepancy,1
ORD035270,,0
ORD016085,,0
ORD059527,,0
ORD040815,,0
ORD058804,,0
ORD021189,,0
ORD009188,,0
ORD008652,,0
ORD001273,,0
ORD007540,,0
ORD001012,,0
ORD032306,,0
ORD042033,,0
ORD037694,,0
ORD045878,,0
ORD056105,weight_discrepancy,1
ORD027124,,0
ORD028642,,0
ORD003570,,0
ORD055433,,0
ORD046095,detention_padding,1
ORD026076,,0
ORD027118,,0
ORD027197,,0
ORD036235,,0
ORD058595,,0
ORD031504,,0
ORD039960,,0
ORD047534,,0
ORD008649,weight_discrepancy,1
ORD000240,,0
ORD048877,,0
ORD008695,,0
ORD009392,,0
ORD025023,,0
ORD039570,,0
ORD010309,,0
ORD046994,,0
ORD030631,toll_inflation,1
ORD046126,,0
ORD044414,,0
ORD013746,,0
ORD033423,,0
ORD038568,,0
ORD014107,,0
ORD016609,,0
ORD015326,,0
ORD015577,,0
ORD005836,,0
ORD053872,,0
ORD034844,,0
ORD005074,,0
ORD056697,,0
ORD032540,,0
ORD037809,detention_padding,1
ORD052151,,0
ORD013522,,0
ORD033668,,0
ORD014068,,0
ORD040027,,0
ORD011221,,0
ORD012009,,0
ORD034470,,0
ORD014547,,0
ORD012103,,0
ORD028836,,0
ORD041986,,0
ORD022725,,0
ORD047296,,0
ORD045074,,0
ORD041589,,0
ORD022267,,0
ORD026081,,0
ORD041093,,0
ORD039943,,0
ORD006799,,0
ORD003679,detention_padding,1
ORD027042,,0
ORD058346,,0
ORD019844,,0
ORD011668,,0
ORD039706,,0
ORD037175,toll_inflation,1
ORD042273,,0
ORD017514,,0
ORD028560,,0
ORD031345,weight_discrepancy,1
ORD020571,detention_padding,1
ORD017513,,0
ORD039044,,0
ORD033346,,0
ORD042189,,0
ORD053769,,0
ORD034716,,0
ORD038821,,0
ORD033491,,0
ORD034884,,0
ORD054090,,0
ORD002547,,0
ORD054134,,0
ORD013170,,0
ORD008207,,0
ORD027933,,0
ORD018489,,0
ORD012519,,0
ORD033995,weight_discrepancy,1
ORD001329,,0
ORD038811,,0
ORD055650,,0
ORD054468,,0
ORD049021,,0
ORD035045,,0
ORD008867,,0
ORD040829,,0
ORD038717,,0
ORD044445,,0
ORD001060,,0
ORD012410,,0
ORD024271,,0
ORD037645,,0
ORD014765,,0
ORD032626,,0
ORD054625,,0
ORD051415,,0
ORD018135,,0
ORD007917,,0
ORD042905,,0
ORD006023,,0
ORD011977,,0
ORD018813,,0
ORD013997,,0
ORD043652,,0
ORD002733,,0
ORD036640,,0
ORD035731,weight_discrepancy,1
ORD054913,toll_inflation,1
ORD007638,,0
ORD048386,,0
ORD057079,,0
ORD011416,,0
ORD035090,,0
ORD029255,,0
ORD049896,,0
ORD049909,,0
ORD000394,,0
ORD043750,,0
ORD055820,,0
ORD035579,toll_inflation,1
ORD048271,,0
ORD011047,,0
ORD039122,detention_padding,1
ORD045737,,0
ORD046665,,0
ORD020988,,0
ORD037334,,0
ORD009735,,0
ORD044309,,0
ORD044067,,0
ORD040588,,0
ORD022117,,0
ORD025412,,0
ORD044789,,0
ORD052375,,0
ORD007722,,0
ORD003470,,0
ORD008665,,0
ORD059775,,0
ORD011651,,0
ORD042605,,0
ORD009766,,0
ORD046966,,0
ORD038459,,0
ORD001218,,0
ORD039071,,0
ORD059033,,0
ORD007294,,0
ORD058997,,0
ORD023170,,0
ORD002245,,0
ORD023187,,0
ORD036569,,0
ORD058949,,0
ORD030315,,0
ORD058934,,0
ORD050005,,0
ORD044903,,0
ORD050123,,0
ORD048469,,0
ORD038672,,0
ORD029956,,0
ORD050197,,0
ORD050208,,0
ORD055355,,0
ORD057759,,0
ORD010671,,0
ORD038971,,0
ORD028958,,0
ORD021456,,0
ORD005090,detention_padding,1
ORD029127,,0
ORD047312,,0
ORD016680,,0
ORD057715,,0
ORD021902,,0
ORD007263,,0
ORD038638,,0
ORD050297,,0
ORD011995,,0
ORD039603,,0
ORD036308,,0
ORD051628,,0
ORD004444,,0
ORD035904,,0
ORD055019,,0
ORD019222,,0
ORD051433,,0
ORD018417,,0
ORD038138,,0
ORD044345,,0
ORD016223,,0
ORD053615,,0
ORD046273,,0
ORD022507,,0
ORD052239,,0
ORD007213,,0
ORD017552,,0
ORD023590,,0
ORD008679,,0
ORD005569,,0
ORD058919,,0
ORD054077,,0
ORD038831,weight_discrepancy,1
ORD041300,,0
ORD016448,,0
ORD050171,,0
ORD021766,detention_padding,1
ORD049406,,0
ORD050303,,0
ORD055180,,0
ORD026038,,0
ORD006687,,0
ORD017436,,0
ORD033143,,0
ORD026407,detention_padding,1
ORD038264,,0
ORD042256,,0
ORD012051,,0
ORD037539,,0
ORD020992,,0
ORD000538,,0
ORD020509,,0
ORD018661,,0
ORD009723,,0
ORD020487,,0
ORD045328,,0
ORD039963,,0
ORD000022,,0
ORD015996,weight_discrepancy,1
ORD002969,,0
ORD046554,,0
ORD013052,,0
ORD051123,,0
ORD055473,,0
ORD012419,,0
ORD037282,,0
ORD031768,,0
ORD057051,,0
ORD026991,,0
ORD018947,,0
ORD021273,,0
ORD004696,,0
ORD029291,,0
ORD001605,,0
ORD054531,,0
ORD010748,,0
ORD056188,,0
ORD000892,,0
ORD043788,,0
ORD001242,,0
ORD020605,,0
ORD053694,,0
ORD027046,,0
ORD029436,,0
ORD000384,,0
ORD057149,,0
ORD009280,,0
ORD059318,,0
ORD024552,,0
ORD046182,,0
ORD024507,,0
ORD021874,,0
ORD031054,,0
ORD004252,,0
ORD000567,,0
ORD023900,,0
ORD001360,,0
ORD048658,,0
ORD057911,,0
ORD052531,,0
ORD021740,,0
ORD056900,,0
ORD040044,,0
ORD038184,,0
ORD012818,,0
ORD051404,,0
ORD013240,,0
ORD055545,,0
ORD044757,,0
ORD025371,,0
ORD001447,,0
ORD026806,,0
ORD000879,,0
ORD048507,,0
ORD007981,,0
ORD000766,,0
ORD054491,,0
ORD006027,,0
ORD010686,,0
ORD002494,,0
ORD007757,,0
ORD058222,,0
ORD009066,,0
ORD058360,,0
ORD000427,,0
ORD022548,,0
ORD041038,,0
ORD045216,toll_inflation,1
ORD044181,,0
ORD016704,,0
ORD051413,,0
ORD033337,,0
ORD037994,,0
ORD001407,,0
ORD046185,,0
ORD013902,,0
ORD041737,,0
ORD044319,,0
ORD031084,,0
ORD027335,,0
ORD031002,,0
ORD021217,,0
ORD052434,,0
ORD043905,,0
ORD036918,,0
ORD025558,,0
ORD028195,,0
ORD011630,,0
ORD032317,,0
ORD048527,,0
ORD003531,,0
ORD046464,,0
ORD023150,,0
ORD052214,,0
ORD002120,,0
ORD014927,,0
ORD044138,,0
ORD029876,,0
ORD029887,,0
ORD056103,,0
ORD005847,,0
ORD032549,,0
ORD001910,,0
ORD009439,,0
ORD055370,,0
ORD054474,,0
ORD032044,,0
ORD001189,,0
ORD038211,,0
ORD029748,,0
ORD025266,,0
ORD026494,,0
ORD039253,,0
ORD011331,,0
ORD030574,,0
ORD011719,,0
ORD005448,,0
ORD008781,,0
ORD034993,,0
ORD054727,,0
ORD048965,,0
ORD054970,,0
ORD041287,weight_discrepancy,1
ORD015145,toll_inflation,1
ORD053483,,0
ORD010216,,0
ORD036577,,0
ORD005512,,0
ORD026223,,0
ORD046864,,0
ORD009279,,0
ORD037427,,0
ORD040110,,0
ORD015436,,0
ORD055350,,0
ORD001662,,0
ORD057698,,0
ORD056181,,0
ORD016654,,0
ORD021363,,0
ORD021707,,0
ORD014661,,0
ORD030859,,0
ORD007081,,0
ORD029066,,0
ORD040722,,0
ORD043468,,0
ORD026148,,0
ORD005312,,0
ORD042452,,0
ORD055303,,0
ORD000130,,0
ORD056856,,0
ORD018603,,0
ORD019434,,0
ORD058411,,0
ORD032998,,0
ORD011633,,0
ORD024853,,0
ORD051786,,0
ORD044398,,0
ORD018472,,0
ORD056868,,0
ORD026391,,0
ORD003542,,0
ORD008298,toll_inflation,1
ORD001154,,0
ORD033335,,0
ORD031819,,0
ORD039661,,0
ORD038472,,0
ORD020193,,0
ORD031510,,0
ORD027840,,0
ORD053140,,0
ORD013445,,0
ORD024744,,0
ORD021323,,0
ORD036266,,0
ORD009613,,0
ORD056265,,0
ORD007869,,0
ORD035873,,0
ORD039081,,0
ORD032631,,0
ORD045832,,0
ORD000027,,0
ORD045122,,0
ORD045800,,0
ORD029564,,0
ORD029258,,0
ORD034748,,0
ORD046771,,0
ORD026486,,0
ORD019146,,0
ORD003958,,0
ORD059521,,0
ORD014277,,0
ORD057954,,0
ORD044550,,0
ORD039709,,0
ORD031442,,0
ORD040859,,0
ORD020493,,0
ORD042511,,0
ORD010842,,0
ORD056972,,0
ORD049947,,0
ORD002014,,0
ORD010146,,0
ORD052902,,0
ORD028249,,0
ORD057585,,0
ORD008709,,0
ORD000950,,0
ORD019843,,0
ORD056792,,0
ORD017747,,0
ORD037594,,0
ORD027577,,0
ORD035271,,0
ORD007758,,0
ORD002228,,0
ORD048669,,0
ORD019994,,0
ORD014958,,0
ORD014977,,0
ORD008890,,0
ORD000963,,0
ORD016551,,0
ORD004744,,0
ORD047447,,0
ORD048582,,0
ORD017844,,0
ORD033983,,0
ORD020803,,0
ORD043477,,0
ORD042116,,0
ORD033920,,0
ORD018002,,0
ORD012584,,0
ORD033309,,0
ORD032457,,0
ORD029044,weight_discrepancy,1
ORD019332,,0
ORD047879,,0
ORD008624,,0
ORD035144,toll_inflation,1
ORD054623,,0
ORD021112,,0
ORD012963,,0
ORD054124,,0
ORD056459,,0
ORD034377,,0
ORD041338,,0
ORD016803,,0
ORD025856,,0
ORD028216,,0
ORD026579,,0
ORD009529,,0
ORD000141,,0
ORD007979,,0
ORD033544,,0
ORD044584,,0
ORD005098,,0
ORD057724,,0
ORD006127,,0
ORD048960,,0
ORD004813,,0
ORD054348,,0
ORD019105,,0
ORD038578,,0
ORD025675,,0
ORD017055,,0
ORD011869,,0
ORD033540,,0
ORD020357,weight_discrepancy,1
ORD023435,,0
ORD023809,,0
ORD017366,,0
ORD055174,,0
ORD036304,,0
ORD046940,,0
ORD010820,,0
ORD001711,,0
ORD008172,,0
ORD014777,,0
ORD025268,,0
ORD026024,,0
ORD055381,,0
ORD041297,,0
ORD006786,,0
ORD045219,,0
ORD028263,,0
ORD027578,,0
ORD006560,,0
ORD044170,,0
ORD031970,,0
ORD004675,,0
ORD035954,,0
ORD039365,,0
ORD019790,,0
ORD019812,,0
ORD056554,,0
ORD008151,,0
ORD042826,,0
ORD009127,,0
ORD025585,weight_discrepancy,1
ORD024170,,0
ORD007754,,0
ORD008122,,0
ORD041000,,0
ORD035092,,0
ORD048037,,0
ORD018329,,0
ORD053461,,0
ORD000650,,0
ORD011342,,0
ORD047779,,0
ORD012840,,0
ORD039992,,0
ORD014761,,0
ORD014915,,0
ORD017668,,0
ORD014944,,0
ORD021212,,0
ORD043666,,0
ORD017186,,0
ORD029178,,0
ORD040213,,0
ORD007240,,0
ORD010522,,0
ORD003141,,0
ORD056652,,0
ORD020497,,0
ORD040947,,0
ORD054268,,0
ORD022348,,0
ORD055564,,0
ORD037530,,0
ORD006895,,0
ORD034670,,0
ORD015236,weight_discrepancy,1
ORD023881,,0
ORD038899,,0
ORD016582,toll_inflation,1
ORD005137,,0
ORD033184,,0
ORD000312,,0
ORD040809,,0
ORD020174,,0
ORD053557,,0
ORD018616,,0
ORD031155,,0
ORD020292,,0
ORD005714,,0
ORD005240,,0
ORD054960,,0
ORD022750,,0
ORD003094,,0
ORD013153,,0
ORD002334,,0
ORD010576,,0
ORD033679,,0
ORD001409,,0
ORD012229,,0
ORD009881,,0
ORD055609,,0
ORD036729,,0
ORD024585,,0
ORD018375,,0
ORD053024,,0
ORD058059,,0
ORD044784,,0
ORD015264,,0
ORD032239,,0
ORD048753,,0
ORD048764,,0
ORD014998,,0
ORD037669,,0
ORD007038,,0
ORD038652,,0
ORD015694,,0
ORD017779,,0
ORD043899,,0
ORD000632,,0
ORD009289,,0
ORD058604,,0
ORD013744,,0
ORD043082,weight_discrepancy,1
ORD010129,,0
ORD045415,toll_inflation,1
ORD021627,,0
ORD002967,,0
ORD050029,,0
ORD010215,,0
ORD031144,,0
ORD035990,,0
ORD006262,,0
ORD022470,,0
ORD026612,,0
ORD011141,,0
ORD044341,,0
ORD028247,,0
ORD007728,,0
ORD002605,,0
ORD016627,,0
ORD045741,,0
ORD051861,,0
ORD019302,,0
ORD026855,,0
ORD004748,,0
ORD048150,,0
ORD010182,,0
ORD053565,,0
ORD039636,,0
ORD045755,,0
ORD049265,,0
ORD019372,,0
ORD035199,,0
ORD001122,,0
ORD021573,,0
ORD029658,,0
ORD024194,,0
ORD000172,,0
ORD018420,,0
ORD008748,,0
ORD025011,,0
ORD034365,weight_discrepancy,1
ORD017998,,0
ORD013324,,0
ORD057924,,0
ORD042359,,0
ORD004711,detention_padding,1
ORD007395,,0
ORD039648,,0
ORD006489,,0
ORD020319,,0
ORD009041,,0
ORD028443,,0
ORD024563,,0
ORD047041,,0
ORD013702,,0
ORD020726,,0
ORD009227,,0
ORD059445,,0
ORD052401,,0
ORD048266,weight_discrepancy,1
ORD024953,,0
ORD045184,,0
ORD050681,,0
ORD034186,,0
ORD005692,detention_padding,1
ORD000030,,0
ORD006617,,0
ORD039389,,0
ORD025064,,0
ORD032191,,0
ORD023425,,0
ORD034500,detention_padding,1
ORD033830,,0
ORD014558,,0
ORD032531,,0
ORD014702,,0
ORD030091,,0
ORD027981,,0
ORD000983,,0
ORD018378,,0
ORD018239,,0
ORD053506,,0
ORD047827,,0
ORD045481,,0
ORD044647,,0
ORD022278,,0
ORD038799,,0
ORD015963,,0
ORD036806,,0
ORD028655,,0
ORD057096,,0
ORD041695,,0
ORD010253,,0
ORD012554,,0
ORD001166,,0
ORD028887,toll_inflation,1
ORD049901,,0
ORD025380,,0
ORD024794,,0
ORD000920,,0
ORD009817,detention_padding,1
ORD053158,detention_padding,1
ORD053001,,0
ORD020904,,0
ORD045318,,0
ORD014918,,0
ORD020106,,0
ORD040557,,0
ORD059044,,0
ORD055125,,0
ORD012202,,0
ORD039119,,0
ORD056698,,0
ORD006508,,0
ORD026532,,0
ORD052037,,0
ORD045401,,0
ORD017657,,0
ORD057415,,0
ORD028277,,0
ORD004718,,0
ORD000356,,0
ORD013379,,0
ORD057230,,0
ORD051416,,0
ORD030892,,0
ORD021597,,0
ORD047276,,0
ORD022338,,0
ORD012803,,0
ORD024077,,0
ORD048772,,0
ORD056639,detention_padding,1
ORD047079,,0
ORD044865,weight_discrepancy,1
ORD044020,,0
ORD029786,,0
ORD025085,,0
ORD041878,,0
ORD021307,,0
ORD042524,,0
ORD046739,,0
ORD028117,,0
ORD013197,,0
ORD058236,,0
ORD053035,,0
ORD028040,detention_padding,1
ORD004070,,0
ORD018643,,0
ORD057225,,0
ORD009580,,0
ORD051065,,0
ORD038601,,0
ORD043517,,0
ORD054892,,0
ORD051250,,0
ORD055956,,0
ORD057301,,0
ORD052603,,0
ORD001997,,0
ORD008478,detention_padding,1
ORD035585,,0
ORD011268,,0
ORD026026,,0
ORD059569,,0
ORD008139,,0
ORD054662,,0
ORD018132,,0
ORD004979,,0
ORD007918,,0
ORD051461,,0
ORD035385,,0
ORD027651,toll_inflation,1
ORD011173,,0
ORD049887,,0
ORD057433,,0
ORD017367,,0
ORD033961,,0
ORD046865,,0
ORD052847,,0
ORD056815,,0
ORD044801,,0
ORD002865,,0
ORD010828,,0
ORD052849,,0
ORD052715,,0
ORD059021,,0
ORD038200,,0
ORD057118,,0
ORD043589,,0
ORD028546,,0
ORD000067,,0
ORD014756,,0
ORD048377,,0
ORD009203,,0
ORD012848,toll_inflation,1
ORD034383,,0
ORD000807,,0
ORD012665,,0
ORD033919,toll_inflation,1
ORD012028,,0
ORD055075,,0
ORD023521,,0
ORD022751,,0
ORD022752,,0
ORD056699,,0
ORD040372,,0
ORD018083,,0
ORD007600,,0
ORD011526,,0
ORD043946,,0
ORD052996,,0
ORD034063,,0
ORD019323,,0
ORD052984,,0
ORD020054,,0
ORD044839,,0
ORD030053,,0
ORD046313,,0
ORD038712,,0
ORD050804,,0
ORD050792,,0
ORD033551,,0
ORD017930,,0
ORD023854,,0
ORD046260,weight_discrepancy,1
ORD023899,,0
ORD050450,,0
ORD007574,,0
ORD005058,,0
ORD046121,,0
ORD018022,,0
ORD040687,,0
ORD045426,,0
ORD005244,,0
ORD019277,,0
ORD000374,,0
ORD034014,,0
ORD043751,,0
ORD037607,,0
ORD034405,detention_padding,1
ORD011092,,0
ORD044704,,0
ORD008171,,0
ORD058791,,0
ORD059669,,0
ORD010585,,0
ORD008641,weight_discrepancy,1
ORD006322,,0
ORD056474,,0
ORD037788,,0
ORD022498,,0
ORD007217,weight_discrepancy,1
ORD057141,,0
ORD005488,,0
ORD020784,,0
ORD046058,,0
ORD052247,,0
ORD020411,,0
ORD039737,,0
ORD033096,,0
ORD039118,,0
ORD033844,,0
ORD059787,,0
ORD045948,,0
ORD049718,,0
ORD050837,,0
ORD023748,,0
ORD051169,,0
ORD012421,,0
ORD009891,,0
ORD017946,,0
ORD008767,,0
ORD027472,,0
ORD018737,,0
ORD018209,,0
ORD049279,,0
ORD019174,,0
ORD035994,toll_inflation,1
ORD041431,,0
ORD055737,,0
ORD013245,,0
ORD040927,,0
ORD053119,,0
ORD039455,,0
ORD034069,,0
ORD038453,,0
ORD035320,,0
ORD051352,,0
ORD029404,,0
ORD056005,,0
ORD042460,,0
ORD005014,,0
ORD053270,detention_padding,1
ORD018412,,0
ORD008897,,0
ORD017204,,0
ORD034487,,0
ORD045663,,0
ORD013238,,0
ORD024400,,0
ORD056498,,0
ORD045253,,0
ORD034608,,0
ORD022715,,0
ORD033097,,0
ORD016238,,0
ORD048890,,0
ORD041063,toll_inflation,1
ORD011316,,0
ORD009631,,0
ORD054285,,0
ORD028492,,0
ORD047725,,0
ORD020948,,0
ORD019002,,0
ORD000505,,0
ORD002254,,0
ORD031812,,0
ORD001290,,0
ORD021733,,0
ORD051183,,0
ORD049049,,0
ORD026966,,0
ORD057053,,0
ORD036615,,0
ORD048084,,0
ORD010262,,0
ORD037172,,0
ORD009124,,0
ORD031922,,0
ORD028348,,0
ORD002812,,0
ORD025603,,0
ORD036499,,0
ORD051937,,0
ORD046862,,0
ORD009138,,0
ORD051698,,0
ORD005452,,0
ORD029335,,0
ORD029612,,0
ORD056350,,0
ORD049668,,0
ORD002708,,0
ORD013126,,0
ORD016835,,0
ORD027830,,0
ORD030893,,0
ORD056438,,0
ORD028187,,0
ORD042458,,0
ORD039104,,0
ORD004403,,0
ORD041356,,0
ORD027447,,0
ORD019256,,0
ORD058279,,0
ORD042543,,0
ORD047946,,0
ORD013553,,0
ORD032945,weight_discrepancy,1
ORD032809,,0
ORD041288,,0
ORD052501,,0
ORD043416,,0
ORD021438,toll_inflation,1
ORD025791,,0
ORD014214,,0
ORD056298,,0
ORD024332,,0
ORD012609,,0
ORD047145,,0
ORD037859,,0
ORD028684,,0
ORD049267,,0
ORD036797,,0
ORD014693,,0
ORD015435,,0
ORD014139,,0
ORD057480,,0
ORD046749,,0
ORD015674,,0
ORD001513,,0
ORD012097,,0
ORD016528,,0
ORD042795,,0
ORD033675,,0
ORD049322,,0
ORD040200,,0
ORD014303,,0
ORD036023,,0
ORD025194,,0
ORD050879,,0
ORD022700,,0
ORD007641,,0
ORD001612,,0
ORD003846,,0
ORD015475,,0
ORD032696,,0
ORD051772,weight_discrepancy,1
ORD007827,,0
ORD000403,,0
ORD028276,,0
ORD053028,,0
ORD011626,,0
ORD020018,,0
ORD006039,,0
ORD043487,,0
ORD028290,,0
ORD019771,,0
ORD033894,,0
ORD049513,,0
ORD043278,,0
ORD022958,,0
ORD052840,,0
ORD000515,,0
ORD001016,,0
ORD013427,,0
ORD016180,,0
ORD001651,,0
ORD023978,,0
ORD011169,,0
ORD058902,,0
ORD020854,,0
ORD004123,,0
ORD047240,,0
ORD004128,,0
ORD006290,,0
ORD048435,,0
ORD015070,,0
ORD038473,,0
ORD001202,,0
ORD018651,,0
ORD002738,,0
ORD043833,,0
ORD024677,,0
ORD004226,,0
ORD022200,,0
ORD037476,,0
ORD024889,,0
ORD002891,,0
ORD022154,,0
ORD005209,,0
ORD029168,,0
ORD001557,detention_padding,1
ORD046112,,0
ORD027415,,0
ORD018985,toll_inflation,1
ORD029152,,0
ORD005965,,0
ORD050690,,0
ORD031115,,0
ORD029552,,0
ORD048786,,0
ORD018433,,0
ORD017753,,0
ORD004067,,0
ORD035407,,0
ORD040595,,0
ORD004293,,0
ORD009902,,0
ORD023720,,0
ORD011441,,0
ORD018235,toll_inflation,1
ORD008331,,0
ORD045356,,0
ORD045531,,0
ORD035764,,0
ORD000353,,0
ORD004056,,0
ORD015107,,0
ORD041416,,0
ORD036064,,0
ORD056601,,0
ORD006979,,0
ORD026033,detention_padding,1
ORD019830,,0
ORD017562,detention_padding,1
ORD052146,,0
ORD036896,,0
ORD021386,,0
ORD030560,,0
ORD033749,,0
ORD037206,,0
ORD057750,,0
ORD053859,,0
ORD056899,,0
ORD013743,,0
ORD055235,,0
ORD040317,,0
ORD002512,,0
ORD005262,,0
ORD024756,,0
ORD054629,,0
ORD020304,,0
ORD043841,,0
ORD028668,,0
ORD000937,,0
ORD028660,,0
ORD020114,,0
ORD020030,,0
ORD022282,,0
ORD042693,weight_discrepancy,1
ORD000679,,0
ORD007770,,0
ORD033553,,0
ORD058412,,0
ORD045301,,0
ORD059108,,0
ORD001125,detention_padding,1
ORD052712,,0
ORD025055,,0
ORD000762,,0
ORD040735,,0
ORD047675,,0
ORD054584,,0
ORD025019,,0
ORD041641,toll_inflation,1
ORD027499,,0
ORD027534,weight_discrepancy,1
ORD038222,,0
ORD018431,,0
ORD037123,,0
ORD043814,,0
ORD032243,,0
ORD058689,,0
ORD002801,,0
ORD038933,,0
ORD048916,,0
ORD014204,,0
ORD033503,,0
ORD014746,,0
ORD001877,,0
ORD026570,,0
ORD004546,,0
ORD033818,,0
ORD051302,,0
ORD006486,,0
ORD000315,,0
ORD057821,,0
ORD002129,,0
ORD049509,,0
ORD007667,,0
ORD001006,,0
ORD004739,,0
ORD045968,,0
ORD011135,,0
ORD040507,,0
ORD000339,,0
ORD049893,,0
ORD019706,,0
ORD008101,,0
ORD010766,,0
ORD047872,,0
ORD019358,,0
ORD017412,,0
ORD014740,,0
ORD040978,,0
ORD012129,,0
ORD017696,,0
ORD015484,toll_inflation,1
ORD025745,,0
ORD040343,,0
ORD038124,,0
ORD007091,,0
ORD045782,,0
ORD042684,,0
ORD038464,,0
ORD042577,,0
ORD038044,weight_discrepancy,1
ORD006512,,0
ORD041100,,0
ORD006368,,0
ORD039567,,0
ORD058733,,0
ORD006819,,0
ORD039284,,0
ORD003760,,0
ORD056840,,0
ORD042837,,0
ORD040876,,0
ORD041162,,0
ORD000137,,0
ORD004965,,0
ORD002785,,0
ORD007621,,0
ORD047669,,0
ORD050336,,0
ORD049905,,0
ORD049918,,0
ORD034497,,0
ORD049930,,0
ORD019910,,0
ORD047859,,0
ORD043566,,0
ORD025164,,0
ORD010066,detention_padding,1
ORD048601,,0
ORD012276,,0
ORD048506,,0
ORD044283,,0
ORD009731,,0
ORD055688,,0
ORD027022,,0
ORD031263,,0
ORD046971,,0
ORD019724,,0
ORD015625,,0
ORD019420,,0
ORD024290,,0
ORD019568,,0
ORD013398,,0
ORD027839,detention_padding,1
ORD019248,,0
ORD033609,,0
ORD021872,,0
ORD012226,,0
ORD044507,,0
ORD052677,,0
ORD047956,,0
ORD057078,,0
ORD028960,,0
ORD037183,,0
ORD012099,,0
ORD059496,,0
ORD047551,,0
ORD052013,,0
ORD051094,,0
ORD030712,,0
ORD021861,,0
ORD034853,detention_padding,1
ORD047113,,0
ORD013900,,0
ORD058525,,0
ORD048172,,0
ORD018748,,0
ORD012760,,0
ORD043610,,0
ORD006000,,0
ORD017235,,0
ORD014063,,0
ORD021150,,0
ORD033761,,0
ORD037319,,0
ORD058656,,0
ORD050558,detention_padding,1
ORD028565,,0
ORD035635,,0
ORD010092,,0
ORD003357,,0
ORD024356,,0
ORD036230,,0
ORD037668,,0
ORD034452,,0
ORD024708,,0
ORD037155,,0
ORD034494,,0
ORD007673,weight_discrepancy,1
ORD054782,,0
ORD022789,,0
ORD002313,,0
ORD019860,,0
ORD009057,,0
ORD003969,,0
ORD033727,,0
ORD022540,,0
ORD048918,,0
ORD000052,,0
ORD001115,,0
ORD011797,,0
ORD022761,,0
ORD014288,,0
ORD055313,,0
ORD005852,,0
ORD058092,,0
ORD035887,,0
ORD048224,,0
ORD023210,,0
ORD033030,,0
ORD055781,,0
ORD017192,,0
ORD018801,,0
ORD007267,,0
ORD039804,,0
ORD014638,,0
ORD048131,,0
ORD017730,,0
ORD047082,,0
ORD046780,,0
ORD011041,,0
ORD039177,,0
ORD021964,,0
ORD001822,,0
ORD018264,,0
ORD021947,,0
ORD017935,,0
ORD053414,,0
ORD029913,,0
ORD010760,,0
ORD018320,,0
ORD038903,,0
ORD058061,,0
ORD025958,,0
ORD036147,,0
ORD028692,,0
ORD024972,,0
ORD022821,,0
ORD057452,,0
ORD000743,,0
ORD019387,,0
ORD051133,weight_discrepancy,1
ORD009307,,0
ORD044967,,0
ORD027034,,0
ORD027978,,0
ORD053883,,0
ORD006772,,0
ORD047844,,0
ORD054027,,0
ORD045427,,0
ORD002080,,0
ORD049419,,0
ORD030282,,0
ORD028581,,0
ORD039915,,0
ORD009358,,0
ORD009933,,0
ORD028618,,0
ORD007120,,0
ORD049181,,0
ORD003718,,0
ORD030259,,0
ORD007425,,0
ORD000135,toll_inflation,1
ORD044545,detention_padding,1
ORD042500,,0
ORD056460,,0
ORD015975,,0
ORD024423,,0
ORD010580,,0
ORD017693,,0
ORD030120,,0
ORD053318,,0
ORD024443,,0
ORD028709,,0
ORD055277,,0
ORD052599,,0
ORD016371,,0
ORD041373,,0
ORD037528,,0
ORD045956,,0
ORD028877,,0
ORD040337,,0
ORD016311,,0
ORD047584,,0
ORD020341,,0
ORD015869,,0
ORD045390,,0
ORD011737,,0
ORD036048,,0
ORD054260,,0
ORD007339,,0
ORD002346,,0
ORD033590,,0
ORD047959,,0
ORD050736,,0
ORD058797,,0
ORD002566,,0
ORD052083,,0
ORD015541,,0
ORD025641,,0
ORD027248,,0
ORD022640,,0
ORD015962,,0
ORD002470,detention_padding,1
ORD024857,,0
ORD046941,,0
ORD006675,,0
ORD052721,,0
ORD057430,,0
ORD034553,,0
ORD019102,,0
ORD000274,toll_inflation,1
ORD028167,,0
ORD029292,,0
ORD035565,,0
ORD038534,weight_discrepancy,1
ORD056673,,0
ORD057222,,0
ORD057010,,0
ORD042062,,0
ORD014399,,0
ORD055933,weight_discrepancy,1
ORD000313,,0
ORD057914,,0
ORD054111,,0
ORD012885,,0
ORD030076,,0
ORD009588,,0
ORD055162,,0
ORD043687,,0
ORD029897,,0
ORD039380,,0
ORD001516,,0
ORD044410,,0
ORD018695,,0
ORD029624,,0
ORD059965,,0
ORD033685,,0
ORD008476,,0
ORD009508,,0
ORD003453,,0
ORD018799,,0
ORD000423,,0
ORD013941,,0
ORD034094,,0
ORD059199,,0
ORD028379,,0
ORD053383,,0
ORD028299,,0
ORD051635,,0
ORD052363,,0
ORD028349,,0
ORD033080,,0
ORD001928,,0
ORD049583,,0
ORD031093,,0
ORD015604,,0
ORD002909,,0
ORD026000,,0
ORD038271,,0
ORD056271,,0
ORD002964,,0
ORD059341,,0
ORD004236,,0
ORD024411,,0
ORD048359,,0
ORD048448,,0
ORD044035,,0
ORD010426,toll_inflation,1
ORD038183,weight_discrepancy,1
ORD056951,toll_inflation,1
ORD055458,,0
ORD041938,,0
ORD037120,,0
ORD059907,,0
ORD000177,,0
ORD058224,,0
ORD017960,,0
ORD035875,,0
ORD015003,,0
ORD007548,,0
ORD011592,,0
ORD056470,,0
ORD011755,,0
ORD023555,,0
ORD019579,,0
ORD053290,,0
ORD033054,,0
ORD008016,,0
ORD053022,,0
ORD001769,,0
ORD004885,toll_inflation,1
ORD055233,,0
ORD017109,,0
ORD039627,,0
ORD036171,,0
ORD032999,,0
ORD034824,detention_padding,1
ORD029605,,0
ORD027524,,0
ORD008134,,0
ORD038443,,0
ORD003992,,0
ORD020164,,0
ORD013778,,0
ORD021695,,0
ORD034678,toll_inflation,1
ORD035067,,0
ORD007230,,0
ORD026697,,0
ORD015615,,0
ORD039359,,0
ORD027196,,0
ORD020313,,0
ORD032106,,0
ORD050074,,0
ORD048032,,0
ORD039831,,0
ORD007118,,0
ORD027270,,0
ORD044543,,0
ORD013106,,0
ORD016692,,0
ORD018270,,0
ORD012438,,0
ORD056168,,0
ORD022254,,0
ORD050227,,0
ORD015452,,0
ORD001269,,0
ORD040065,,0
ORD046113,,0
ORD019776,,0
ORD018367,,0
ORD046586,,0
ORD053345,,0
ORD014057,,0
ORD042188,,0
ORD055278,,0
ORD019705,detention_padding,1
ORD050612,,0
ORD014177,,0
ORD039964,,0
ORD043885,,0
ORD015347,,0
ORD021371,,0
ORD055749,,0
ORD002012,,0
ORD006748,,0
ORD038880,,0
ORD025021,,0
ORD032759,,0
ORD027308,,0
ORD054666,,0
ORD001615,,0
ORD029704,,0
ORD005566,,0
ORD020127,,0
ORD011006,,0
ORD035708,,0
ORD053782,,0
ORD013318,,0
ORD003875,,0
ORD049519,,0
ORD006801,,0
ORD008568,,0
ORD039535,,0
ORD057007,,0
ORD051318,,0
ORD023699,,0
ORD039552,,0
ORD056500,,0
ORD020853,,0
ORD052387,,0
ORD053850,,0
ORD041173,,0
ORD028489,,0
ORD026119,,0
ORD041844,,0
ORD033621,,0
ORD032351,,0
ORD021192,,0
ORD017238,,0
ORD047765,,0
ORD032157,detention_padding,1
ORD003837,,0
ORD053144,,0
ORD031104,,0
ORD020766,,0
ORD036908,,0
ORD001726,,0
ORD028411,,0
ORD029661,,0
ORD024079,,0
ORD038739,,0
ORD023516,,0
ORD053417,,0
ORD031642,,0
ORD025826,,0
ORD006095,,0
ORD022862,,0
ORD048493,,0
ORD034296,,0
ORD037591,,0
ORD056317,,0
ORD025689,,0
ORD033849,,0
ORD033608,,0
ORD019878,,0
ORD046318,,0
ORD022067,,0
ORD002588,,0
ORD053864,,0
ORD059430,,0
ORD010074,,0
ORD000253,,0
ORD052579,,0
ORD016723,,0
ORD031646,,0
ORD018019,,0
ORD045872,,0
ORD000361,,0
ORD007934,,0
ORD014182,,0
ORD012328,,0
ORD011425,,0
ORD049779,,0
ORD034291,,0
ORD048473,detention_padding,1
ORD038471,,0
ORD016417,,0
ORD052159,,0
ORD031840,,0
ORD030358,,0
ORD033195,,0
ORD022657,,0
ORD007496,,0
ORD058042,toll_inflation,1
ORD022655,,0
ORD007238,,0
ORD013795,,0
ORD004354,,0
ORD032734,,0
ORD056610,,0
ORD013563,,0
ORD003430,,0
ORD014344,,0
ORD050477,,0
ORD030352,,0
ORD003743,,0
ORD058235,,0
ORD011500,,0
ORD023045,toll_inflation,1
ORD004228,,0
ORD041906,,0
ORD023496,,0
ORD002279,,0
ORD017419,,0
ORD017855,,0
ORD006637,,0
ORD021630,,0
ORD011307,,0
ORD046668,,0
ORD046526,weight_discrepancy,1
ORD011310,,0
ORD046311,,0
ORD011134,,0
ORD001787,,0
ORD014631,,0
ORD051006,,0
ORD040566,,0
ORD059449,,0
ORD049249,,0
ORD036903,,0
ORD010492,,0
ORD047181,,0
ORD033545,,0
ORD043568,,0
ORD024239,,0
ORD015137,,0
ORD028023,,0
ORD016474,,0
ORD043364,,0
ORD024598,,0
ORD001169,,0
ORD000157,,0
ORD026071,,0
ORD014932,,0
ORD042639,,0
ORD029219,,0
ORD016280,,0
ORD052742,,0
ORD022924,toll_inflation,1
ORD032295,,0
ORD000824,,0
ORD057287,,0
ORD037685,,0
ORD054262,detention_padding,1
ORD011504,,0
ORD043628,,0
ORD021512,,0
ORD059674,,0
ORD012830,,0
ORD043859,,0
ORD017086,,0
ORD014574,,0
ORD026029,,0
ORD018500,,0
ORD026928,,0
ORD038343,,0
ORD003494,,0
ORD053848,,0
ORD027750,,0
ORD010238,,0
ORD027873,,0
ORD053920,,0
ORD057262,weight_discrepancy,1
ORD052924,,0
ORD005793,,0
ORD014405,,0
ORD019242,,0
ORD023314,,0
ORD010978,,0
ORD015138,,0
ORD051268,,0
ORD040364,,0
ORD008031,,0
ORD041021,,0
ORD030257,,0
ORD048678,,0
ORD030472,,0
ORD048551,,0
ORD022652,,0
ORD008226,,0
ORD007953,,0
ORD022047,,0
ORD039376,weight_discrepancy,1
ORD015411,,0
ORD005132,,0
ORD021080,,0
ORD053705,,0
ORD055486,,0
ORD024964,,0
ORD023144,,0
ORD022460,,0
ORD016379,,0
ORD031080,,0
ORD009740,,0
ORD012713,,0
ORD052972,,0
ORD020287,,0
ORD045916,,0
ORD012945,,0
ORD055238,,0
ORD057027,,0
ORD033708,,0
ORD055970,,0
ORD014807,,0
ORD001745,,0
ORD040753,,0
ORD054121,,0
ORD045015,,0
ORD015489,,0
ORD046001,,0
ORD049560,,0
ORD029756,,0
ORD058429,,0
ORD042474,,0
ORD015579,,0
ORD000381,,0
ORD052906,,0
ORD020047,,0
ORD001247,,0
ORD047492,toll_inflation,1
ORD043599,,0
ORD000322,,0
ORD041277,,0
ORD022868,,0
ORD011617,,0
ORD025106,,0
ORD052562,,0
ORD036395,,0
ORD054763,,0
ORD031648,,0
ORD006642,,0
ORD045403,,0
ORD038159,,0
ORD048944,,0
ORD029206,,0
ORD003884,,0
ORD019344,,0
ORD022635,,0
ORD039641,,0
ORD039415,,0
ORD026543,,0
ORD057658,,0
ORD058602,,0
ORD028361,,0
ORD012502,,0
ORD050890,,0
ORD052453,,0
ORD012900,,0
ORD047035,,0
ORD042875,,0
ORD044365,,0
ORD044094,,0
ORD032958,,0
ORD028578,,0
ORD048099,,0
ORD055764,,0
ORD031265,,0
ORD009803,,0
ORD036347,,0
ORD032266,,0
ORD032509,,0
ORD002025,,0
ORD038061,,0
ORD035640,,0
ORD012804,,0
ORD037984,,0
ORD046102,,0
ORD043534,,0
ORD053101,,0
ORD019294,,0
ORD040899,,0
ORD047759,,0
ORD045682,,0
ORD026255,,0
ORD015260,,0
ORD012262,,0
ORD041035,,0
ORD002784,weight_discrepancy,1
ORD051945,,0
ORD050995,,0
ORD059800,,0
ORD036744,,0
ORD011970,,0
ORD012136,,0
ORD004492,,0
ORD022286,,0
ORD019151,,0
ORD004113,,0
ORD030483,,0
ORD052706,,0
ORD009618,,0
ORD020565,,0
ORD055823,,0
ORD058575,,0
ORD012324,,0
ORD001226,,0
ORD010400,,0
ORD045342,,0
ORD011571,,0
ORD010816,,0
ORD029741,,0
ORD011473,toll_inflation,1
ORD007774,,0
ORD023546,,0
ORD057794,,0
ORD023311,,0
ORD024406,,0
ORD033514,,0
ORD044721,toll_inflation,1
ORD041913,,0
ORD057829,,0
ORD005877,,0
ORD049491,,0
ORD053152,toll_inflation,1
ORD010663,,0
ORD005741,detention_padding,1
ORD025376,,0
ORD038861,,0
ORD010462,,0
ORD018922,,0
ORD044747,,0
ORD008968,,0
ORD036322,,0
ORD004767,,0
ORD038283,detention_padding,1
ORD046028,,0
ORD023538,,0
ORD034273,,0
ORD039962,,0
ORD037006,,0
ORD048415,,0
ORD042930,,0
ORD043598,,0
ORD049303,detention_padding,1
ORD043596,,0
ORD013174,,0
ORD014268,,0
ORD042193,,0
ORD048747,,0
ORD003707,detention_padding,1
ORD006897,,0
ORD035706,detention_padding,1
ORD006536,,0
ORD026556,,0
ORD029489,,0
ORD005486,,0
ORD005470,,0
ORD010295,,0
ORD024804,,0
ORD054299,,0
ORD020987,,0
ORD025102,,0
ORD007826,,0
ORD043084,,0
ORD029782,,0
ORD029973,,0
ORD022433,,0
ORD005239,,0
ORD003353,,0
ORD029349,,0
ORD056284,,0
ORD031000,,0
ORD053664,,0
ORD033674,,0
ORD013183,,0
ORD024146,,0
ORD007089,,0
ORD048313,,0
ORD055013,,0
ORD050909,,0
ORD044995,,0
ORD021144,,0
ORD021149,,0
ORD004119,,0
ORD031184,,0
ORD048282,,0
ORD020989,,0
ORD020436,,0
ORD032183,,0
ORD010728,,0
ORD032396,,0
ORD038233,,0
ORD029529,,0
ORD036789,,0
ORD004080,,0
ORD055267,,0
ORD020326,,0
ORD026634,,0
ORD016333,weight_discrepancy,1
ORD003039,,0
ORD016907,,0
ORD028210,,0
ORD054065,,0
ORD016499,,0
ORD049855,,0
ORD039531,,0
ORD053648,,0
ORD045091,,0
ORD018269,,0
ORD019722,,0
ORD027284,,0
ORD008893,,0
ORD030448,toll_inflation,1
ORD038085,,0
ORD012272,,0
ORD019476,,0
ORD003579,,0
ORD054033,,0
ORD002308,,0
ORD003822,detention_padding,1
ORD037146,,0
ORD054695,,0
ORD047683,,0
ORD016849,,0
ORD011802,,0
ORD011727,,0
ORD037776,,0
ORD015048,,0
ORD013624,,0
ORD032592,detention_padding,1
ORD001531,,0
ORD027586,,0
ORD042274,,0
ORD042184,,0
ORD052648,,0
ORD037098,,0
ORD001439,,0
ORD036224,,0
ORD041419,,0
ORD012864,,0
ORD008778,,0
ORD023208,,0
ORD020710,,0
ORD027669,,0
ORD040878,,0
ORD022520,,0
ORD044503,,0
ORD020896,,0
ORD036252,,0
ORD058267,,0
ORD047398,,0
ORD045093,,0
ORD052964,,0
ORD021145,,0
ORD002595,,0
ORD052801,,0
ORD057447,,0
ORD001245,,0
ORD005946,,0
ORD022936,,0
ORD010835,,0
ORD035043,,0
ORD000204,,0
ORD056288,,0
ORD010849,,0
ORD025765,,0
ORD029633,,0
ORD015284,,0
ORD025825,,0
ORD044986,,0
ORD015621,weight_discrepancy,1
ORD011202,,0
ORD056323,,0
ORD033706,,0
ORD057859,detention_padding,1
ORD028863,weight_discrepancy,1
ORD033753,,0
ORD003403,,0
ORD032880,,0
ORD018081,,0
ORD012178,,0
ORD035928,,0
ORD031420,,0
ORD042307,,0
ORD039749,,0
ORD003410,,0
ORD023399,,0
ORD013323,,0
ORD027236,,0
ORD004137,,0
ORD006444,,0
ORD036919,detention_padding,1
ORD052211,,0
ORD015675,,0
ORD019896,weight_discrepancy,1
ORD004912,,0
ORD036091,,0
ORD024030,,0
ORD017215,,0
ORD023844,,0
ORD031391,,0
ORD017092,,0
ORD043031,,0
ORD019164,,0
ORD026688,,0
ORD023542,detention_padding,1
ORD015925,,0
ORD047029,,0
ORD033616,,0
ORD032387,,0
ORD031146,,0
ORD043232,,0
ORD014112,toll_inflation,1
ORD018494,weight_discrepancy,1
ORD016366,,0
ORD046218,,0
ORD016393,,0
ORD040682,,0
ORD048480,,0
ORD036356,,0
ORD032928,,0
ORD049015,,0
ORD018147,,0
ORD034588,,0
ORD022068,,0
ORD008018,,0
ORD015069,,0
ORD056404,,0
ORD048988,,0
ORD044165,,0
ORD016694,,0
ORD054652,,0
ORD053574,,0
ORD046455,,0
ORD011852,,0
ORD001170,,0
ORD059055,,0
ORD010611,,0
ORD029718,,0
ORD054887,,0
ORD017755,,0
ORD041805,,0
ORD039878,,0
ORD040119,,0
ORD000163,,0
ORD016478,,0
ORD032194,,0
ORD007825,,0
ORD043178,,0
ORD049845,,0
ORD001438,,0
ORD042207,,0
ORD041571,,0
ORD046044,,0
ORD054467,,0
ORD025894,,0
ORD017792,,0
ORD004012,,0
ORD024638,,0
ORD058770,,0
ORD041367,,0
ORD057832,,0
ORD051184,,0
ORD055422,,0
ORD055382,,0
ORD007361,,0
ORD007296,,0
ORD059325,,0
ORD055072,,0
ORD038008,,0
ORD004836,,0
ORD021575,,0
ORD007923,,0
ORD011085,,0
ORD024477,,0
ORD031814,,0
ORD016837,,0
ORD008921,,0
ORD010115,,0
ORD027551,,0
ORD003661,,0
ORD008896,,0
ORD056650,,0
ORD001406,,0
ORD014689,,0
ORD026036,,0
ORD035833,,0
ORD026737,,0
ORD023517,,0
ORD009584,,0
ORD052138,,0
ORD033754,,0
ORD018945,weight_discrepancy,1
ORD024575,,0
ORD026022,,0
ORD039953,,0
ORD021252,,0
ORD050904,,0
ORD007058,,0
ORD058715,,0
ORD013089,detention_padding,1
ORD046003,,0
ORD018814,,0
ORD024745,,0
ORD001353,,0
ORD055709,,0
ORD037426,,0
ORD013911,,0
ORD040468,,0
ORD007249,,0
ORD055499,,0
ORD029013,,0
ORD023509,,0
ORD035621,,0
ORD033645,,0
ORD051294,,0
ORD020805,,0
ORD038446,,0
ORD057261,weight_discrepancy,1
ORD055730,,0
ORD041923,,0
ORD054343,,0
ORD035180,,0
ORD046023,,0
ORD044385,,0
ORD039400,,0
ORD029971,,0
ORD057271,,0
ORD053080,detention_padding,1
ORD038310,,0
ORD026480,,0
ORD005874,,0
ORD043807,,0
ORD003437,,0
ORD019831,,0
ORD015358,,0
ORD021877,,0
ORD055646,,0
ORD036983,,0
ORD015302,,0
ORD009812,,0
ORD021722,,0
ORD004115,,0
ORD017797,,0
ORD017656,,0
ORD040618,,0
ORD031197,,0
ORD050666,,0
ORD051554,,0
ORD050524,,0
ORD055647,,0
ORD028811,,0
ORD058019,,0
ORD036990,,0
ORD012666,,0
ORD008717,,0
ORD041211,,0
ORD011113,,0
ORD053068,,0
ORD029930,,0
ORD020657,,0
ORD034605,,0
ORD002195,,0
ORD029667,,0
ORD042342,,0
ORD000176,,0
ORD017815,,0
ORD045734,weight_discrepancy,1
ORD045520,,0
ORD057959,,0
ORD005399,,0
ORD053493,,0
ORD045662,,0
ORD033979,,0
ORD052367,,0
ORD004917,,0
ORD039355,,0
ORD033895,,0
ORD005585,,0
ORD057437,,0
ORD033532,,0
ORD038659,,0
ORD032075,,0
ORD015696,,0
ORD004519,,0
ORD042617,,0
ORD021793,,0
ORD001243,,0
ORD000903,,0
ORD050557,,0
ORD055756,,0
ORD030411,,0
ORD036698,,0
ORD021098,,0
ORD000818,,0
ORD055843,,0
ORD058955,,0
ORD037246,,0
ORD055649,,0
ORD055689,,0
ORD000633,,0
ORD050967,,0
ORD026604,,0
ORD054217,,0
ORD049204,weight_discrepancy,1
ORD020680,,0
ORD010771,,0
ORD002941,,0
ORD000969,,0
ORD030256,,0
ORD049682,,0
ORD027526,,0
ORD047694,,0
ORD027871,toll_inflation,1
ORD012115,,0
ORD048938,,0
ORD001972,,0
ORD037024,,0
ORD054935,,0
ORD058309,,0
ORD038490,,0
ORD012729,,0
ORD034501,,0
ORD013989,,0
ORD004636,,0
ORD053746,,0
ORD046990,,0
ORD058535,,0
ORD039813,,0
ORD057742,,0
ORD046329,,0
ORD026050,,0
ORD007136,,0
ORD041095,,0
ORD034224,,0
ORD006252,,0
ORD040813,,0
ORD014102,,0
ORD031081,,0
ORD011819,,0
ORD052031,,0
ORD022631,,0
ORD012610,,0
ORD058740,,0
ORD046502,,0
ORD010133,,0
ORD042004,,0
ORD029069,,0
ORD018319,,0
ORD005697,,0
ORD016441,detention_padding,1
ORD032449,weight_discrepancy,1
ORD026755,,0
ORD013665,,0
ORD001979,,0
ORD054101,,0
ORD005330,,0
ORD057001,,0
ORD027560,,0
ORD048112,,0
ORD043288,,0
ORD035802,,0
ORD039408,,0
ORD020328,,0
ORD026383,,0
ORD017818,,0
ORD024087,,0
ORD006558,,0
ORD017407,,0
ORD042463,,0
ORD059419,,0
ORD014996,,0
ORD058324,,0
ORD046458,weight_discrepancy,1
ORD002564,,0
ORD040833,,0
ORD042132,,0
ORD015990,,0
ORD054985,,0
ORD058751,,0
ORD027565,,0
ORD027594,toll_inflation,1
ORD048829,,0
ORD057221,,0
ORD030807,,0
ORD006204,,0
ORD049034,,0
ORD019428,,0
ORD022442,,0
ORD019308,,0
ORD034562,,0
ORD001768,,0
ORD052566,,0
ORD035119,,0
ORD023972,,0
ORD049379,,0
ORD012901,,0
ORD055163,,0
ORD049153,,0
ORD048986,,0
ORD042945,,0
ORD016281,,0
ORD011530,,0
ORD017197,,0
ORD056213,,0
ORD028355,,0
ORD044751,,0
ORD001565,,0
ORD030126,,0
ORD030370,,0
ORD010654,,0
ORD004142,,0
ORD009868,,0
ORD020263,,0
ORD039183,,0
ORD002107,,0
ORD002980,,0
ORD001580,,0
ORD018517,,0
ORD057913,,0
ORD053516,,0
ORD054785,,0
ORD040665,,0
ORD049763,,0
ORD039130,,0
ORD022553,,0
ORD011070,,0
ORD004998,,0
ORD039203,detention_padding,1
ORD050037,,0
ORD037770,,0
ORD023703,,0
ORD029730,,0
ORD016922,,0
ORD001276,,0
ORD030000,,0
ORD050240,,0
ORD037978,,0
ORD013926,,0
ORD034147,detention_padding,1
ORD020538,,0
ORD008030,,0
ORD038850,weight_discrepancy,1
ORD028406,,0
ORD051575,,0
ORD053093,toll_inflation,1
ORD034091,,0
ORD026842,,0
ORD026945,,0
ORD026963,,0
ORD020140,,0
ORD036915,,0
ORD013283,,0
ORD041337,,0
ORD051173,,0
ORD016017,,0
ORD053896,,0
ORD031831,,0
ORD034870,,0
ORD019295,,0
ORD005519,,0
ORD052931,,0
ORD026247,,0
ORD015404,,0
ORD055771,,0
ORD004212,,0
ORD058582,,0
ORD025166,,0
ORD047119,,0
ORD028967,,0
ORD056370,,0
ORD044609,,0
ORD021951,,0
ORD007006,,0
ORD054534,,0
ORD018293,,0
ORD000843,,0
ORD009781,,0
ORD044205,,0
ORD004454,,0
ORD012156,,0
ORD048963,,0
ORD006935,,0
ORD021121,,0
ORD009808,,0
ORD044885,,0
ORD049074,,0
ORD044966,weight_discrepancy,1
ORD027917,,0
ORD042896,weight_discrepancy,1
ORD027544,,0
ORD004839,,0
ORD053404,,0
ORD041793,detention_padding,1
ORD047987,,0
ORD029699,,0
ORD007931,,0
ORD055753,,0
ORD026365,,0
ORD033386,,0
ORD015464,,0
ORD025695,weight_discrepancy,1
ORD024121,,0
ORD015620,detention_padding,1
ORD059765,,0
ORD048609,,0
ORD052304,,0
ORD055512,,0
ORD024070,,0
ORD009281,,0
ORD017220,,0
ORD039054,,0
ORD007933,,0
ORD011200,,0
ORD029986,,0
ORD002159,,0
ORD003354,,0
ORD050823,,0
ORD039815,,0
ORD006321,,0
ORD017995,,0
ORD030168,,0
ORD002239,,0
ORD034782,,0
ORD011562,,0
ORD046698,,0
ORD030861,,0
ORD021828,,0
ORD007171,,0
ORD022189,,0
ORD004574,,0
ORD012034,,0
ORD011584,,0
ORD058385,,0
ORD037781,,0
ORD003628,,0
ORD003745,,0
ORD043045,,0
ORD023235,,0
ORD023262,,0
ORD013659,,0
ORD009218,weight_discrepancy,1
ORD055582,,0
ORD007026,weight_discrepancy,1
ORD047212,,0
ORD056110,,0
ORD012462,,0
ORD052658,detention_padding,1
ORD031849,,0
ORD035512,,0
ORD001179,,0
ORD033541,,0
ORD056053,,0
ORD033523,,0
ORD047700,,0
ORD056071,,0
ORD024755,,0
ORD003861,,0
ORD006174,,0
ORD012581,,0
ORD012595,,0
ORD003117,,0
ORD015664,,0
ORD041254,,0
ORD031594,,0
ORD020165,,0
ORD056194,,0
ORD006465,,0
ORD054159,,0
ORD054211,,0
ORD003393,,0
ORD036703,,0
ORD047876,,0
ORD026177,,0
ORD005238,,0
ORD005561,,0
ORD043406,,0
ORD057179,,0
ORD043495,,0
ORD031206,,0
ORD048465,,0
ORD019850,,0
ORD004779,,0
ORD059584,,0
ORD034842,weight_discrepancy,1
ORD017745,,0
ORD034441,,0
ORD046716,,0
ORD055117,,0
ORD016973,detention_padding,1
ORD029611,,0
ORD038997,,0
ORD059079,,0
ORD023108,,0
ORD022773,,0
ORD011404,,0
ORD005909,,0
ORD021078,toll_inflation,1
ORD045551,,0
ORD054797,,0
ORD001621,,0
ORD024330,,0
ORD043942,,0
ORD006313,,0
ORD035190,,0
ORD000678,,0
ORD052153,,0
ORD043422,,0
ORD004026,,0
ORD052130,,0
ORD030142,,0
ORD013713,,0
ORD031314,,0
ORD052791,,0
ORD006755,,0
ORD042622,,0
ORD006399,,0
ORD028860,,0
ORD023369,,0
ORD037891,,0
ORD023411,,0
ORD033916,,0
ORD002649,,0
ORD012066,,0
ORD018163,,0
ORD015155,,0
ORD050032,,0
ORD015718,,0
ORD037124,,0
ORD008771,,0
ORD002638,,0
ORD045297,,0
ORD034895,,0
ORD017378,weight_discrepancy,1
ORD034856,,0
ORD016902,,0
ORD046459,,0
ORD032448,,0
ORD043160,,0
ORD002892,,0
ORD046388,,0
ORD040042,,0
ORD003715,,0
ORD046209,,0
ORD023168,,0
ORD050970,,0
ORD045989,,0
ORD038175,,0
ORD038591,,0
ORD035992,,0
ORD017768,,0
ORD013111,,0
ORD019444,,0
ORD000061,,0
ORD003503,,0
ORD024066,weight_discrepancy,1
ORD038607,,0
ORD019177,,0
ORD034360,,0
ORD055873,detention_padding,1
ORD019958,weight_discrepancy,1
ORD016068,,0
ORD023198,weight_discrepancy,1
ORD027963,,0
ORD023935,,0
ORD019246,,0
ORD049720,,0
ORD034860,weight_discrepancy,1
ORD013047,,0
ORD036391,,0
ORD040377,,0
ORD009776,,0
ORD041673,,0
ORD003095,,0
ORD020403,,0
ORD017901,,0
ORD014443,,0
ORD002406,,0
ORD025254,,0
ORD057712,toll_inflation,1
ORD001453,,0
ORD049136,,0
ORD015166,,0
ORD017961,,0
ORD043321,,0
ORD006146,,0
ORD024578,,0
ORD045109,,0
ORD036409,,0
ORD016921,,0
ORD044168,,0
ORD030786,,0
ORD041659,,0
ORD031356,,0
ORD003211,detention_padding,1
ORD025991,,0
ORD014545,,0
ORD020754,,0
ORD004102,,0
ORD057656,,0
ORD052771,,0
ORD003477,,0
ORD050982,,0
ORD047403,,0
ORD059774,,0
ORD001461,weight_discrepancy,1
ORD005459,,0
ORD048159,,0
ORD038956,,0
ORD052024,,0
ORD046693,,0
ORD059158,,0
ORD049342,,0
ORD048255,,0
ORD002701,,0
ORD049528,,0
ORD042733,,0
ORD016838,weight_discrepancy,1
ORD028989,,0
ORD002893,,0
ORD039509,,0
ORD041873,,0
ORD040991,,0
ORD001559,,0
ORD024115,,0
ORD048050,,0
ORD059684,,0
ORD020984,,0
ORD031254,,0
ORD020536,detention_padding,1
ORD026613,,0
ORD043500,,0
ORD042798,,0
ORD057152,,0
ORD055664,,0
ORD007374,,0
ORD035128,,0
ORD006029,,0
ORD035116,,0
ORD054007,,0
ORD057157,,0
ORD014675,,0
ORD010764,,0
ORD039485,,0
ORD040501,,0
ORD035921,,0
ORD023394,,0
ORD030060,,0
ORD033285,,0
ORD009199,,0
ORD006413,,0
ORD041406,,0
ORD045229,toll_inflation,1
ORD028899,,0
ORD013389,,0
ORD021317,,0
ORD027686,,0
ORD031226,,0
ORD029353,,0
ORD036106,,0
ORD039654,,0
ORD020066,,0
ORD024413,,0
ORD022247,,0
ORD029490,,0
ORD014981,,0
ORD055930,,0
ORD055086,,0
ORD006757,,0
ORD052482,,0
ORD031406,,0
ORD031721,,0
ORD042634,,0
ORD030113,,0
ORD023039,,0
ORD042123,,0
ORD041145,toll_inflation,1
ORD017977,,0
ORD017968,,0
ORD030362,,0
ORD009430,,0
ORD009415,,0
ORD004476,,0
ORD027655,,0
ORD002596,,0
ORD037741,,0
ORD011799,,0
ORD022099,,0
ORD056766,,0
ORD012106,,0
ORD041268,,0
ORD014542,,0
ORD027442,,0
ORD054198,,0
ORD032542,,0
ORD007052,,0
ORD047231,,0
ORD026063,,0
ORD051637,,0
ORD018612,,0
ORD052929,,0
ORD008346,,0
ORD006258,,0
ORD004218,,0
ORD032364,detention_padding,1
ORD031422,,0
ORD043492,,0
ORD012898,,0
ORD050570,,0
ORD002035,,0
ORD023460,,0
ORD009147,,0
ORD002987,,0
ORD050803,,0
ORD037722,weight_discrepancy,1
ORD039824,,0
ORD054837,,0
ORD042170,,0
ORD030215,,0
ORD030178,,0
ORD015039,,0
ORD030555,detention_padding,1
ORD040714,,0
ORD013387,,0
ORD010327,,0
ORD027940,,0
ORD055479,,0
ORD057808,,0
ORD047341,,0
ORD037386,,0
ORD032629,,0
ORD056973,,0
ORD004099,toll_inflation,1
ORD032597,,0
ORD028833,,0
ORD028171,,0
ORD059693,,0
ORD025426,,0
ORD009460,,0
ORD026501,,0
ORD042364,,0
ORD036192,,0
ORD016201,,0
ORD048001,,0
ORD024349,,0
ORD010351,weight_discrepancy,1
ORD019915,,0
ORD008609,,0
ORD009346,,0
ORD004717,,0
ORD027677,,0
ORD058073,,0
ORD034575,detention_padding,1
ORD050242,,0
ORD017770,,0
ORD056822,,0
ORD054586,,0
ORD030605,,0
ORD007187,,0
ORD012175,,0
ORD035436,,0
ORD021378,toll_inflation,1
ORD030968,,0
ORD052475,,0
ORD035021,,0
ORD031324,,0
ORD012852,,0
ORD014928,,0
ORD019904,,0
ORD020763,,0
ORD020802,,0
ORD019903,,0
ORD019880,,0
ORD005042,,0
ORD012679,,0
ORD050643,,0
ORD039053,,0
ORD019304,,0
ORD034795,,0
ORD016780,,0
ORD038220,,0
ORD031025,,0
ORD050489,,0
ORD020100,,0
ORD038691,,0
ORD012209,,0
ORD009157,,0
ORD008335,,0
ORD001279,,0
ORD001805,,0
ORD025779,,0
ORD025440,,0
ORD043282,,0
ORD049442,,0
ORD041860,,0
ORD040971,,0
ORD028131,,0
ORD001545,,0
ORD037548,,0
ORD036579,,0
ORD046923,,0
ORD033620,,0
ORD026631,,0
ORD049057,detention_padding,1
ORD038895,,0
ORD015232,,0
ORD002410,,0
ORD011690,,0
ORD052671,,0
ORD039429,,0
ORD052188,,0
ORD005405,,0
ORD051576,weight_discrepancy,1
ORD039162,,0
ORD016890,,0
ORD047196,,0
ORD059604,,0
ORD012737,,0
ORD021822,,0
ORD014010,,0
ORD045696,,0
ORD044711,,0
ORD057629,,0
ORD013690,,0
ORD019205,,0
ORD022446,,0
ORD024222,,0
ORD010799,,0
ORD029542,,0
ORD019365,,0
ORD022419,,0
ORD014793,detention_padding,1
ORD010339,,0
ORD031784,,0
ORD033826,,0
ORD010589,,0
ORD029861,,0
ORD011231,,0
ORD033572,,0
ORD040560,,0
ORD058706,,0
ORD016713,detention_padding,1
ORD000622,,0
ORD040434,,0
ORD050542,,0
ORD059697,,0
ORD050684,,0
ORD046612,,0
ORD014342,,0
ORD000659,,0
ORD030147,,0
ORD002046,,0
ORD053642,,0
ORD049917,,0
ORD007108,,0
ORD056158,,0
ORD014490,,0
ORD030373,,0
ORD021163,,0
ORD032430,,0
ORD015143,,0
ORD026395,,0
ORD021229,,0
ORD037035,,0
ORD045524,,0
ORD037865,,0
ORD044924,,0
ORD004915,,0
ORD027224,,0
ORD004534,,0
ORD024864,,0
ORD040944,,0
ORD041680,,0
ORD038193,,0
ORD038711,,0
ORD008876,,0
ORD017639,,0
ORD045700,,0
ORD057219,,0
ORD037315,weight_discrepancy,1
ORD025508,,0
ORD033118,,0
ORD027016,,0
ORD044587,,0
ORD047522,,0
ORD045729,,0
ORD010655,,0
ORD049874,,0
ORD021193,,0
ORD040695,,0
ORD001624,,0
ORD059237,,0
ORD007443,,0
ORD049830,,0
ORD031284,toll_inflation,1
ORD054746,,0
ORD044286,,0
ORD031056,,0
ORD012758,,0
ORD043570,,0
ORD013305,,0
ORD020925,,0
ORD044044,,0
ORD021026,,0
ORD029807,,0
ORD021689,,0
ORD006971,,0
ORD055275,,0
ORD036315,,0
ORD035010,,0
ORD002514,,0
ORD049076,,0
ORD028044,,0
ORD047842,,0
ORD030743,,0
ORD033758,,0
ORD016561,,0
ORD021253,,0
ORD022475,,0
ORD032505,,0
ORD046162,,0
ORD046621,,0
ORD051883,,0
ORD006139,,0
ORD002938,,0
ORD027136,,0
ORD026993,,0
ORD057296,,0
ORD049972,,0
ORD007145,,0
ORD040058,,0
ORD032929,,0
ORD021742,,0
ORD047452,,0
ORD043236,,0
ORD051205,,0
ORD031271,,0
ORD051769,,0
ORD013325,,0
ORD006596,,0
ORD055289,,0
ORD010431,detention_padding,1
ORD056383,,0
ORD034883,,0
ORD013250,,0
ORD024959,,0
ORD024455,toll_inflation,1
ORD029050,,0
ORD013440,,0
ORD044442,toll_inflation,1
ORD053918,,0
ORD056984,,0
ORD054196,,0
ORD053878,,0
ORD028937,,0
ORD050932,,0
ORD023951,,0
ORD055074,,0
ORD019023,,0
ORD038207,,0
ORD058175,,0
ORD020787,,0
ORD029834,,0
ORD048618,,0
ORD020874,weight_discrepancy,1
ORD028758,detention_padding,1
ORD041082,,0
ORD030037,,0
ORD022399,,0
ORD039988,,0
ORD004789,,0
ORD044899,,0
ORD053225,,0
ORD004791,,0
ORD033913,,0
ORD042711,,0
ORD042968,,0
ORD022974,,0
ORD024989,,0
ORD019687,,0
ORD056926,,0
ORD033293,,0
ORD047716,,0
ORD044378,,0
ORD054274,,0
ORD042386,,0
ORD054772,,0
ORD011666,,0
ORD043981,,0
ORD020552,,0
ORD014464,,0
ORD023072,,0
ORD037297,,0
ORD001914,,0
ORD008006,weight_discrepancy,1
ORD011359,,0
ORD029125,,0
ORD059092,weight_discrepancy,1
ORD017503,,0
ORD002028,,0
ORD020410,,0
ORD020414,,0
ORD002135,,0
ORD043700,,0
ORD003712,,0
ORD019529,,0
ORD051011,,0
ORD036437,,0
ORD047371,,0
ORD009421,,0
ORD057155,,0
ORD053470,detention_padding,1
ORD009053,,0
ORD024294,,0
ORD021232,,0
ORD041019,,0
ORD052358,,0
ORD038210,,0
ORD033948,,0
ORD053084,,0
ORD017687,,0
ORD038908,,0
ORD030903,,0
ORD052307,,0
ORD059221,,0
ORD008043,,0
ORD009497,,0
ORD050363,,0
ORD032046,,0
ORD041221,,0
ORD013947,,0
ORD043316,,0
ORD010716,,0
ORD046686,,0
ORD006367,,0
ORD043972,,0
ORD047618,,0
ORD049259,,0
ORD008611,,0
ORD038438,,0
ORD039087,,0
ORD013585,,0
ORD056059,,0
ORD018099,,0
ORD039568,,0
ORD055936,,0
ORD039520,,0
ORD008904,,0
ORD059466,,0
ORD032200,,0
ORD055061,,0
ORD044284,,0
ORD026441,,0
ORD012684,,0
ORD052934,,0
ORD044330,,0
ORD054958,,0
ORD037901,,0
ORD035252,,0
ORD000665,,0
ORD003043,,0
ORD016507,,0
ORD025895,,0
ORD050568,,0
ORD007034,,0
ORD047851,,0
ORD005785,,0
ORD054427,,0
ORD048456,,0
ORD025974,,0
ORD012167,,0
ORD000167,,0
ORD000640,,0
ORD002361,,0
ORD003551,,0
ORD007419,,0
ORD012754,,0
ORD046059,,0
ORD049660,,0
ORD042240,,0
ORD046510,,0
ORD002973,,0
ORD002158,,0
ORD046025,,0
ORD023611,,0
ORD024331,,0
ORD028194,,0
ORD050218,,0
ORD002322,,0
ORD056960,,0
ORD033567,,0
ORD026397,,0
ORD046944,,0
ORD007185,,0
ORD004343,,0
ORD006008,,0
ORD033656,,0
ORD050338,,0
ORD007639,,0
ORD011534,,0
ORD017118,,0
ORD044552,,0
ORD011622,,0
ORD046501,,0
ORD019419,,0
ORD057641,,0
ORD005952,detention_padding,1
ORD043286,,0
ORD033607,,0
ORD001695,,0
ORD023721,toll_inflation,1
ORD039526,,0
ORD002404,,0
ORD020731,,0
ORD021130,,0
ORD026564,,0
ORD054676,,0
ORD022551,,0
ORD010883,,0
ORD015065,,0
ORD010876,,0
ORD022914,,0
ORD051451,,0
ORD002698,,0
ORD027125,,0
ORD052288,,0
ORD042746,,0
ORD017804,,0
ORD041307,,0
ORD010163,,0
ORD004633,,0
ORD029053,,0
ORD022909,,0
ORD055261,,0
ORD043950,,0
ORD042451,,0
ORD042228,,0
ORD037270,,0
ORD048491,detention_padding,1
ORD006610,,0
ORD037746,,0
ORD000772,,0
ORD002926,,0
ORD037325,,0
ORD029045,,0
ORD008426,,0
ORD056889,,0
ORD028870,,0
ORD033952,,0
ORD014272,,0
ORD006998,,0
ORD043715,,0
ORD049846,,0
ORD015319,,0
ORD057554,,0
ORD057105,,0
ORD005924,,0
ORD000277,,0
ORD001493,,0
ORD024617,,0
ORD016976,,0
ORD002497,,0
ORD018820,,0
ORD040836,,0
ORD009084,,0
ORD035084,,0
ORD010457,,0
ORD034151,,0
ORD027198,,0
ORD015201,,0
ORD034039,,0
ORD023323,,0
ORD058404,,0
ORD009594,,0
ORD044616,,0
ORD052535,,0
ORD054074,,0
ORD024261,,0
ORD003116,,0
ORD033673,,0
ORD029068,,0
ORD010381,,0
ORD006089,,0
ORD015538,,0
ORD034735,,0
ORD028350,weight_discrepancy,1
ORD027247,,0
ORD029573,weight_discrepancy,1
ORD043223,,0
ORD042079,,0
ORD026956,,0
ORD004477,,0
ORD046999,,0
ORD011532,,0
ORD037101,,0
ORD038102,,0
ORD047267,,0
ORD028464,,0
ORD012948,,0
ORD054950,,0
ORD036034,,0
ORD044050,,0
ORD005679,toll_inflation,1
ORD027080,,0
ORD003490,,0
ORD050994,,0
ORD028785,,0
ORD047162,,0
ORD013155,,0
ORD009287,,0
ORD055007,,0
ORD003698,,0
ORD019402,,0
ORD006178,,0
ORD036754,,0
ORD025215,,0
ORD008481,,0
ORD057076,,0
ORD057260,,0
ORD053586,,0
ORD003728,detention_padding,1
ORD047227,weight_discrepancy,1
ORD015472,,0
ORD032875,,0
ORD025711,,0
ORD012280,,0
ORD020537,,0
ORD053529,,0
ORD043696,,0
ORD029337,,0
ORD006316,,0
ORD014162,,0
ORD052308,,0
ORD033770,,0
ORD057320,,0
ORD034684,,0
ORD032946,,0
ORD037743,,0
ORD002639,,0
ORD004233,,0
ORD044593,,0
ORD018769,,0
ORD059372,,0
ORD027930,,0
ORD045588,,0
ORD001321,,0
ORD020880,,0
ORD050060,,0
ORD045815,,0
ORD030164,,0
ORD018552,,0
ORD053034,,0
ORD011782,,0
ORD029743,,0
ORD011065,,0
ORD016539,weight_discrepancy,1
ORD045749,,0
ORD034204,,0
ORD026645,,0
ORD036131,,0
ORD033583,,0
ORD050262,,0
ORD024438,,0
ORD013483,,0
ORD046275,,0
ORD036635,,0
ORD050883,,0
ORD037480,,0
ORD000811,,0
ORD005464,,0
ORD004366,,0
ORD011980,,0
ORD040523,,0
ORD012542,,0
ORD029087,,0
ORD031451,,0
ORD038415,,0
ORD004335,,0
ORD034305,,0
ORD001931,,0
ORD022317,,0
ORD052045,,0
ORD008452,,0
ORD045543,,0
ORD047778,,0
ORD044003,,0
ORD051512,,0
ORD051240,,0
ORD029166,,0
ORD002238,,0
ORD027643,,0
ORD031125,,0
ORD024274,,0
ORD017565,,0
ORD002249,,0
ORD017811,,0
ORD046863,,0
ORD011613,,0
ORD022591,,0
ORD001081,,0
ORD031261,,0
ORD030269,,0
ORD016876,,0
ORD041811,,0
ORD041574,,0
ORD023965,,0
ORD047095,,0
ORD044419,,0
ORD036432,,0
ORD002778,,0
ORD057363,weight_discrepancy,1
ORD015610,,0
ORD005160,,0
ORD023933,,0
ORD040478,,0
ORD041329,,0
ORD050515,,0
ORD029313,,0
ORD027923,,0
ORD047176,,0
ORD017396,,0
ORD020908,,0
ORD007021,,0
ORD052432,,0
ORD057094,,0
ORD013140,,0
ORD036749,,0
ORD013304,,0
ORD048310,,0
ORD058938,,0
ORD038430,,0
ORD009276,,0
ORD014811,,0
ORD044915,,0
ORD039911,,0
ORD022906,,0
ORD049877,,0
ORD050986,,0
ORD001831,,0
ORD035584,,0
ORD026846,,0
ORD042614,,0
ORD059543,,0
ORD033787,,0
ORD033458,,0
ORD004167,,0
ORD007627,,0
ORD039066,,0
ORD024815,,0
ORD045259,,0
ORD017451,weight_discrepancy,1
ORD040375,,0
ORD007557,,0
ORD044310,,0
ORD037138,,0
ORD051010,,0
ORD055284,,0
ORD049026,,0
ORD011069,,0
ORD002286,,0
ORD027744,,0
ORD007902,,0
ORD044599,,0
ORD012343,,0
ORD034925,,0
ORD048291,,0
ORD053507,,0
ORD012291,,0
ORD034967,,0
ORD053025,,0
ORD027825,,0
ORD002515,,0
ORD009159,,0
ORD007456,,0
ORD006075,detention_padding,1
ORD038126,,0
ORD032322,,0
ORD017992,,0
ORD012347,,0
ORD030458,,0
ORD043267,,0
ORD028325,,0
ORD035839,,0
ORD016000,,0
ORD054309,,0
ORD054311,,0
ORD029475,,0
ORD037385,,0
ORD049736,,0
ORD022307,,0
ORD056342,,0
ORD049986,,0
ORD005449,,0
ORD015483,,0
ORD025878,,0
ORD055818,,0
ORD053490,,0
ORD051730,,0
ORD015772,,0
ORD054860,,0
ORD016027,,0
ORD001889,,0
ORD048871,,0
ORD047254,,0
ORD014483,,0
ORD007338,,0
ORD020980,,0
ORD035176,,0
ORD040565,,0
ORD054915,,0
ORD026007,,0
ORD034556,,0
ORD059948,toll_inflation,1
ORD004758,,0
ORD031575,,0
ORD043264,,0
ORD047828,,0
ORD008730,,0
ORD012471,,0
ORD048350,,0
ORD034947,,0
ORD058350,,0
ORD028984,detention_padding,1
ORD033065,,0
ORD040268,,0
ORD006829,,0
ORD044462,,0
ORD044294,,0
ORD018447,,0
ORD055633,toll_inflation,1
ORD022458,,0
ORD021830,,0
ORD042012,,0
ORD014050,,0
ORD001191,,0
ORD020275,,0
ORD010006,,0
ORD053005,,0
ORD040797,,0
ORD022628,,0
ORD004048,,0
ORD041222,,0
ORD027267,,0
ORD028124,,0
ORD040685,,0
ORD039367,,0
ORD010995,,0
ORD005759,,0
ORD009825,,0
ORD011400,,0
ORD025183,,0
ORD028362,,0
ORD008484,,0
ORD051351,,0
ORD041097,,0
ORD033115,,0
ORD035205,detention_padding,1
ORD044846,,0
ORD052253,,0
ORD018519,,0
ORD000480,,0
ORD007114,,0
ORD023754,,0
ORD058493,,0
ORD056637,,0
ORD050145,,0
ORD040853,,0
ORD056381,,0
ORD016183,,0
ORD040231,,0
ORD006044,,0
ORD055911,,0
ORD029259,,0
ORD030062,,0
ORD057952,,0
ORD026344,,0
ORD037432,,0
ORD036388,detention_padding,1
ORD045477,toll_inflation,1
ORD048787,,0
ORD049014,,0
ORD051947,,0
ORD054835,,0
ORD036620,,0
ORD001938,,0
ORD028145,,0
ORD041983,,0
ORD013566,,0
ORD038018,,0
ORD059212,,0
ORD052930,,0
ORD002882,,0
ORD025196,,0
ORD003844,,0
ORD011680,,0
ORD021698,,0
ORD019223,,0
ORD016165,,0
ORD006890,,0
ORD002222,toll_inflation,1
ORD017636,,0
ORD016556,,0
ORD027904,,0
ORD055131,,0
ORD034078,,0
ORD040657,,0
ORD006912,,0
ORD003823,,0
ORD034024,,0
ORD013457,,0
ORD043281,,0
ORD014338,,0
ORD055413,,0
ORD039762,,0
ORD038458,,0
ORD046378,,0
ORD039565,,0
ORD051312,,0
ORD015892,,0
ORD035869,,0
ORD005474,,0
ORD017866,,0
ORD020428,detention_padding,1
ORD025788,,0
ORD038868,,0
ORD041990,,0
ORD035682,,0
ORD020659,toll_inflation,1
ORD021224,,0
ORD002265,,0
ORD025832,,0
ORD058628,,0
ORD008167,,0
ORD020855,,0
ORD056710,,0
ORD020733,,0
ORD011417,,0
ORD027944,,0
ORD008119,,0
ORD004217,,0
ORD015734,,0
ORD050279,,0
ORD033209,,0
ORD041548,,0
ORD031012,,0
ORD036233,,0
ORD011209,,0
ORD017652,,0
ORD027120,,0
ORD046261,,0
ORD035249,,0
ORD031020,,0
ORD036855,,0
ORD052764,,0
ORD004428,,0
ORD034557,,0
ORD004823,,0
ORD048076,,0
ORD052419,,0
ORD057310,,0
ORD043749,,0
ORD010612,,0
ORD010012,,0
ORD006769,,0
ORD035480,,0
ORD039463,,0
ORD017740,,0
ORD020270,,0
ORD031499,,0
ORD051472,,0
ORD018966,,0
ORD032415,,0
ORD002724,,0
ORD007198,,0
ORD004242,,0
ORD035286,,0
ORD040799,,0
ORD058230,,0
ORD023751,,0
ORD045358,,0
ORD048422,,0
ORD026949,,0
ORD039419,,0
ORD046550,,0
ORD051514,,0
ORD053798,,0
ORD035410,,0
ORD026192,,0
ORD032113,,0
ORD056204,,0
ORD047155,,0
ORD008694,,0
ORD040332,,0
ORD044635,,0
ORD033058,,0
ORD012661,,0
ORD009399,,0
ORD024497,,0
ORD054313,,0
ORD004230,,0
ORD048332,,0
ORD031127,,0
ORD045579,,0
ORD020949,,0
ORD003066,,0
ORD021984,,0
ORD059866,,0
ORD018740,,0
ORD011662,weight_discrepancy,1
ORD014729,,0
ORD018792,,0
ORD024797,,0
ORD047707,,0
ORD033606,,0
ORD017673,,0
ORD023344,,0
ORD052073,,0
ORD031118,,0
ORD017748,,0
ORD017931,,0
ORD026619,detention_padding,1
ORD002575,,0
ORD003017,,0
ORD022202,,0
ORD055878,,0
ORD044962,,0
ORD050538,,0
ORD019784,,0
ORD017096,,0
ORD053168,,0
ORD011066,,0
ORD006843,,0
ORD039491,weight_discrepancy,1
ORD027538,,0
ORD044314,,0
ORD015940,,0
ORD002040,,0
ORD013657,,0
ORD018504,,0
ORD021856,,0
ORD013280,,0
ORD008174,,0
ORD034154,,0
ORD039379,,0
ORD011249,,0
ORD027665,,0
ORD038808,,0
ORD001140,,0
ORD033387,,0
ORD058677,,0
ORD007135,,0
ORD032438,,0
ORD042311,,0
ORD021267,,0
ORD047186,,0
ORD031663,,0
ORD038853,,0
ORD027303,,0
ORD039341,,0
ORD057429,detention_padding,1
ORD037880,,0
ORD052472,,0
ORD045943,,0
ORD041148,,0
ORD020905,,0
ORD006318,,0
ORD020801,,0
ORD018179,,0
ORD025453,,0
ORD025481,,0
ORD053065,,0
ORD001633,,0
ORD010867,,0
ORD010005,,0
ORD000737,,0
ORD028384,,0
ORD038059,,0
ORD042774,,0
ORD022050,,0
ORD037789,,0
ORD015634,,0
ORD053816,,0
ORD017289,,0
ORD056901,,0
ORD013685,,0
ORD058953,,0
ORD000039,,0
ORD058806,,0
ORD048574,,0
ORD044193,,0
ORD016934,,0
ORD049242,,0
ORD046517,,0
ORD022187,,0
ORD021479,,0
ORD008807,detention_padding,1
ORD053230,,0
ORD045283,,0
ORD053487,,0
ORD035301,,0
ORD050386,,0
ORD007225,,0
ORD043553,,0
ORD050153,,0
ORD022056,,0
ORD047666,,0
ORD052692,,0
ORD016357,,0
ORD035927,,0
ORD020098,,0
ORD057015,,0
ORD047360,,0
ORD011286,,0
ORD007633,,0
ORD049557,,0
ORD055776,,0
ORD004766,,0
ORD023843,,0
ORD019369,,0
ORD019342,,0
ORD035048,,0
ORD001644,,0
ORD025632,,0
ORD007781,,0
ORD024193,,0
ORD006385,,0
ORD018894,,0
ORD047929,,0
ORD029469,,0
ORD029468,,0
ORD010615,,0
ORD037223,,0
ORD018546,weight_discrepancy,1
ORD051776,,0
ORD036633,,0
ORD011043,,0
ORD054195,,0
ORD031745,,0
ORD047862,,0
ORD015322,,0
ORD039779,,0
ORD044100,,0
ORD058508,,0
ORD056672,,0
ORD050850,,0
ORD032400,,0
ORD042424,,0
ORD023995,,0
ORD059367,,0
ORD054224,,0
ORD038260,,0
ORD011570,,0
ORD048939,,0
ORD017504,,0
ORD049437,,0
ORD003834,,0
ORD039218,,0
ORD030805,,0
ORD053043,,0
ORD003914,,0
ORD059259,,0
ORD048602,,0
ORD028250,,0
ORD016598,,0
ORD051719,,0
ORD049168,,0
ORD041012,,0
ORD002754,,0
ORD032586,,0
ORD005341,,0
ORD025860,,0
ORD005045,toll_inflation,1
ORD037182,,0
ORD044957,detention_padding,1
ORD002426,,0
ORD039897,,0
ORD038598,,0
ORD009719,,0
ORD013711,,0
ORD013367,,0
ORD012164,,0
ORD025921,,0
ORD057709,,0
ORD053562,,0
ORD049032,,0
ORD046002,,0
ORD054501,,0
ORD009572,,0
ORD011277,,0
ORD008447,,0
ORD017688,,0
ORD033457,,0
ORD021846,detention_padding,1
ORD012953,,0
ORD011223,,0
ORD001854,,0
ORD054815,,0
ORD034226,,0
ORD004378,,0
ORD023389,,0
ORD025501,toll_inflation,1
ORD041745,,0
ORD037078,,0
ORD020078,,0
ORD006955,,0
ORD044953,,0
ORD022033,,0
ORD052552,,0
ORD056008,,0
ORD029563,,0
ORD013982,,0
ORD005550,weight_discrepancy,1
ORD015240,,0
ORD020981,,0
ORD028865,,0
ORD023088,,0
ORD000151,,0
ORD024456,,0
ORD037910,toll_inflation,1
ORD010943,,0
ORD029860,,0
ORD039476,,0
ORD001851,,0
ORD039800,,0
ORD011148,,0
ORD044290,,0
ORD047036,,0
ORD003049,,0
ORD050031,,0
ORD002372,,0
ORD049040,,0
ORD001905,,0
ORD034832,,0
ORD025435,,0
ORD049411,,0
ORD007356,,0
ORD003605,,0
ORD027523,,0
ORD007223,,0
ORD043840,,0
ORD005036,,0
ORD058860,,0
ORD025941,,0
ORD012415,weight_discrepancy,1
ORD022092,,0
ORD015255,,0
ORD025195,,0
ORD040692,toll_inflation,1
ORD056046,,0
ORD043835,,0
ORD002692,,0
ORD022504,,0
ORD010832,,0
ORD038545,,0
ORD025809,weight_discrepancy,1
ORD002083,,0
ORD046585,,0
ORD057690,,0
ORD007564,,0
ORD030034,,0
ORD023410,,0
ORD056074,,0
ORD009204,,0
ORD056582,toll_inflation,1
ORD035769,,0
ORD016297,,0
ORD034121,,0
ORD005376,,0
ORD037461,weight_discrepancy,1
ORD029711,detention_padding,1
ORD029602,,0
ORD043983,,0
ORD025357,,0
ORD050479,,0
ORD013285,,0
ORD009505,,0
ORD004225,,0
ORD045767,,0
ORD043662,,0
ORD051444,,0
ORD053911,weight_discrepancy,1
ORD035129,,0
ORD027636,,0
ORD057342,,0
ORD047754,,0
ORD015755,,0
ORD050888,,0
ORD016910,,0
ORD032185,,0
ORD009411,detention_padding,1
ORD005997,,0
ORD051724,,0
ORD032347,,0
ORD057555,,0
ORD034533,,0
ORD026794,,0
ORD017036,,0
ORD035086,,0
ORD014518,,0
ORD047988,,0
ORD020580,,0
ORD003173,,0
ORD020384,,0
ORD057862,,0
ORD032934,toll_inflation,1
ORD017627,,0
ORD047605,,0
ORD033510,,0
ORD000866,,0
ORD044308,,0
ORD053855,,0
ORD053275,,0
ORD003201,,0
ORD045600,,0
ORD018680,,0
ORD049737,,0
ORD046534,,0
ORD047793,,0
ORD033518,,0
ORD050993,,0
ORD047687,,0
ORD032207,,0
ORD013788,,0
ORD023497,toll_inflation,1
ORD030295,,0
ORD013597,,0
ORD020034,,0
ORD048206,,0
ORD034930,,0
ORD030372,,0
ORD033308,,0
ORD046736,,0
ORD001792,,0
ORD008654,,0
ORD052555,,0
ORD023769,,0
ORD050647,toll_inflation,1
ORD013561,,0
ORD015261,weight_discrepancy,1
ORD003069,,0
ORD031280,,0
ORD055077,,0
ORD054918,,0
ORD037890,,0
ORD039645,,0
ORD048489,,0
ORD000549,,0
ORD050604,,0
ORD015917,,0
ORD048886,,0
ORD024701,,0
ORD036739,,0
ORD010178,,0
ORD020542,,0
ORD048843,detention_padding,1
ORD022875,weight_discrepancy,1
ORD028739,,0
ORD028223,,0
ORD050219,,0
ORD034015,,0
ORD041635,,0
ORD029029,,0
ORD024770,toll_inflation,1
ORD002854,,0
ORD044912,,0
ORD014561,,0
ORD001086,,0
ORD053500,,0
ORD051978,,0
ORD054199,,0
ORD024986,,0
ORD050650,,0
ORD006849,detention_padding,1
ORD005565,,0
ORD026129,,0
ORD038290,,0
ORD008901,,0
ORD002409,,0
ORD023806,,0
ORD032719,weight_discrepancy,1
ORD027955,,0
ORD026218,,0
ORD005510,,0
ORD012271,,0
ORD000582,,0
ORD031534,,0
ORD025383,,0
ORD017817,,0
ORD006133,,0
ORD016864,,0
ORD021693,weight_discrepancy,1
ORD039832,,0
ORD045903,,0
ORD049615,,0
ORD056584,,0
ORD059224,,0
ORD032897,,0
ORD053432,,0
ORD009607,,0
ORD053078,,0
ORD015550,,0
ORD035679,,0
ORD036165,,0
ORD053856,,0
ORD029492,,0
ORD046191,,0
ORD033592,,0
ORD022959,,0
ORD005066,,0
ORD018553,,0
ORD007284,,0
ORD031003,,0
ORD030228,,0
ORD045513,,0
ORD043674,,0
ORD054674,,0
ORD052816,,0
ORD053239,,0
ORD051584,,0
ORD046404,,0
ORD049162,,0
ORD048635,,0
ORD013234,,0
ORD015728,,0
ORD056361,,0
ORD035840,,0
ORD051925,,0
ORD046521,,0
ORD014082,,0
ORD025185,,0
ORD049840,,0
ORD055611,,0
ORD045576,,0
ORD028996,,0
ORD015150,,0
ORD000806,,0
ORD049765,,0
ORD047878,,0
ORD006862,,0
ORD012095,,0
ORD010809,,0
ORD032571,,0
ORD015205,,0
ORD022608,,0
ORD040666,,0
ORD014758,,0
ORD035264,,0
ORD019187,,0
ORD046812,,0
ORD030434,,0
ORD005491,,0
ORD047861,,0
ORD007587,,0
ORD053863,,0
ORD048860,,0
ORD046846,,0
ORD057049,,0
ORD029891,,0
ORD041099,,0
ORD009155,,0
ORD043734,,0
ORD046115,,0
ORD021668,,0
ORD012546,,0
ORD009177,,0
ORD022968,,0
ORD054241,,0
ORD057768,,0
ORD045137,,0
ORD024024,,0
ORD020247,,0
ORD008189,,0
ORD029027,,0
ORD039148,toll_inflation,1
ORD043373,,0
ORD008086,,0
ORD029216,,0
ORD004402,,0
ORD018354,,0
ORD041235,,0
ORD039295,,0
ORD016052,,0
ORD046975,,0
ORD046619,,0
ORD037494,,0
ORD036328,,0
ORD034753,,0
ORD024153,,0
ORD057103,,0
ORD053384,,0
ORD055583,,0
ORD058319,,0
ORD025757,weight_discrepancy,1
ORD027177,,0
ORD051028,,0
ORD051027,,0
ORD000822,,0
ORD033833,,0
ORD052709,,0
ORD030553,,0
ORD050753,,0
ORD054757,,0
ORD053294,,0
ORD021672,,0
ORD042018,,0
ORD012505,,0
ORD054513,,0
ORD030283,,0
ORD047817,,0
ORD040340,,0
ORD047691,,0
ORD030905,,0
ORD015738,,0
ORD010597,,0
ORD035267,,0
ORD003293,,0
ORD055961,,0
ORD028020,,0
ORD024990,,0
ORD016273,,0
ORD031515,,0
ORD058408,,0
ORD032871,,0
ORD013160,,0
ORD039029,,0
ORD013051,,0
ORD045972,,0
ORD004606,weight_discrepancy,1
ORD023974,,0
ORD031709,,0
ORD024680,,0
ORD014864,,0
ORD058055,,0
ORD031833,,0
ORD038800,,0
ORD041054,,0
ORD029952,,0
ORD021418,,0
ORD025543,,0
ORD019435,,0
ORD025670,,0
ORD017415,,0
ORD009624,,0
ORD053287,detention_padding,1
ORD013580,,0
ORD034354,,0
ORD037894,,0
ORD043966,,0
ORD049402,,0
ORD058755,,0
ORD033997,,0
ORD017808,,0
ORD011682,,0
ORD002688,,0
ORD002126,,0
ORD041522,detention_padding,1
ORD045665,,0
ORD017672,,0
ORD035483,,0
ORD044716,,0
ORD048320,,0
ORD059518,,0
ORD017782,,0
ORD046156,,0
ORD000711,,0
ORD047343,,0
ORD059493,,0
ORD053262,,0
ORD016621,,0
ORD007822,,0
ORD007909,,0
ORD056510,weight_discrepancy,1
ORD025358,,0
ORD014720,,0
ORD039381,,0
ORD034437,,0
ORD009671,,0
ORD058566,weight_discrepancy,1
ORD027995,,0
ORD016937,,0
ORD021141,,0
ORD048524,,0
ORD003581,,0
ORD051381,,0
ORD027444,,0
ORD003607,,0
ORD048383,,0
ORD053365,,0
ORD021079,,0
ORD035232,,0
ORD001737,,0
ORD011227,,0
ORD058358,,0
ORD018842,,0
ORD041183,,0
ORD038403,,0
ORD041184,,0
ORD015167,,0
ORD002905,,0
ORD041200,,0
ORD030468,,0
ORD023989,,0
ORD032798,,0
ORD051499,,0
ORD015129,,0
ORD030042,,0
ORD033243,,0
ORD037363,,0
ORD057650,,0
ORD036719,,0
ORD021166,toll_inflation,1
ORD044907,,0
ORD037517,,0
ORD010951,,0
ORD027838,,0
ORD011653,,0
ORD035451,,0
ORD047500,,0
ORD047344,,0
ORD010267,,0
ORD036124,,0
ORD028537,,0
ORD010985,,0
ORD000295,,0
ORD003191,,0
ORD032330,,0
ORD007698,,0
ORD018840,,0
ORD036892,weight_discrepancy,1
ORD042053,,0
ORD006965,,0
ORD004033,,0
ORD048194,,0
ORD010474,,0
ORD045508,,0
ORD039484,,0
ORD049508,,0
ORD024161,detention_padding,1
ORD043332,,0
ORD044849,,0
ORD051437,,0
ORD021235,,0
ORD009433,,0
ORD003895,,0
ORD012568,,0
ORD059375,,0
ORD008318,detention_padding,1
ORD010864,,0
ORD046449,,0
ORD052946,,0
ORD007906,,0
ORD024141,,0
ORD044146,,0
ORD002985,,0
ORD030530,,0
ORD043943,,0
ORD031192,,0
ORD047323,,0
ORD023452,,0
ORD055495,,0
ORD003601,,0
ORD051149,,0
ORD028084,,0
ORD008569,,0
ORD010399,,0
ORD027642,,0
ORD034514,,0
ORD041926,,0
ORD034943,,0
ORD040521,,0
ORD051989,,0
ORD043403,,0
ORD056897,,0
ORD059992,,0
ORD053200,,0
ORD024962,,0
ORD017611,,0
ORD005158,,0
ORD048083,,0
ORD037840,,0
ORD047229,,0
ORD013262,,0
ORD058771,,0
ORD056668,,0
ORD041333,,0
ORD009987,,0
ORD034399,,0
ORD033120,,0
ORD015805,toll_inflation,1
ORD019195,toll_inflation,1
ORD055290,,0
ORD034234,,0
ORD014029,,0
ORD007298,,0
ORD006500,,0
ORD005786,,0
ORD012556,,0
ORD042485,,0
ORD043912,,0
ORD020708,,0
ORD022979,,0
ORD044585,,0
ORD011531,,0
ORD049256,,0
ORD027994,,0
ORD012524,toll_inflation,1
ORD044819,,0
ORD051706,,0
ORD009437,,0
ORD050948,,0
ORD004838,,0
ORD054891,,0
ORD020286,,0
ORD051497,,0
ORD001366,,0
ORD009273,,0
ORD005637,,0
ORD014184,,0
ORD008370,toll_inflation,1
ORD001222,,0
ORD050484,,0
ORD047389,,0
ORD007998,,0
ORD045521,,0
ORD046212,,0
ORD045061,,0
ORD008013,,0
ORD016721,,0
ORD005652,weight_discrepancy,1
ORD009397,,0
ORD000385,,0
ORD042332,,0
ORD049976,,0
ORD024597,,0
ORD008264,,0
ORD015241,,0
ORD032733,,0
ORD000069,,0
ORD042076,,0
ORD019312,,0
ORD041701,,0
ORD011575,,0
ORD032416,weight_discrepancy,1
ORD050214,,0
ORD045054,,0
ORD022675,,0
ORD015144,,0
ORD001069,,0
ORD050789,,0
ORD018664,,0
ORD014562,,0
ORD013242,,0
ORD027264,,0
ORD040435,,0
ORD058128,,0
ORD051574,,0
ORD038034,,0
ORD040072,,0
ORD037711,,0
ORD042098,,0
ORD007867,,0
ORD025349,,0
ORD034887,,0
ORD021514,,0
ORD054079,,0
ORD047333,,0
ORD026542,,0
ORD048030,,0
ORD022771,,0
ORD034712,,0
ORD009938,,0
ORD022388,,0
ORD018864,,0
ORD014025,,0
ORD046085,,0
ORD044752,,0
ORD056220,,0
ORD004621,,0
ORD035442,,0
ORD029447,,0
ORD011985,,0
ORD009710,,0
ORD021484,,0
ORD052628,,0
ORD009816,,0
ORD013704,,0
ORD020269,,0
ORD039995,,0
ORD018362,,0
ORD025302,,0
ORD013952,,0
ORD045272,,0
ORD050394,,0
ORD000467,,0
ORD012398,,0
ORD052836,,0
ORD014100,,0
ORD036888,,0
ORD046178,,0
ORD004608,,0
ORD032600,,0
ORD052956,,0
ORD032340,,0
ORD010549,,0
ORD048842,,0
ORD002567,,0
ORD007107,,0
ORD053223,,0
ORD009350,,0
ORD051630,,0
ORD039793,,0
ORD058252,,0
ORD054663,,0
ORD032071,,0
ORD013032,,0
ORD041858,,0
ORD043627,,0
ORD003062,,0
ORD041993,detention_padding,1
ORD008965,,0
ORD023241,,0
ORD008902,,0
ORD051335,,0
ORD044404,,0
ORD003774,,0
ORD007392,,0
ORD011379,,0
ORD038967,,0
ORD020050,,0
ORD043998,,0
ORD051107,,0
ORD031686,,0
ORD011203,,0
ORD028063,,0
ORD001862,,0
ORD023534,weight_discrepancy,1
ORD003741,,0
ORD008243,,0
ORD044019,,0
ORD028558,,0
ORD035117,,0
ORD004105,,0
ORD001579,,0
ORD048306,,0
ORD053840,,0
ORD011552,,0
ORD039745,,0
ORD016951,,0
ORD006370,,0
ORD038134,,0
ORD012991,,0
ORD024451,,0
ORD011673,,0
ORD008529,,0
ORD021660,,0
ORD018974,,0
ORD035763,,0
ORD014168,,0
ORD004587,,0
ORD036619,,0
ORD011158,,0
ORD046065,,0
ORD053182,,0
ORD021065,,0
ORD001987,,0
ORD005122,,0
ORD053333,,0
ORD013870,,0
ORD057848,,0
ORD038270,weight_discrepancy,1
ORD032836,,0
ORD005987,,0
ORD056590,,0
ORD038656,,0
ORD048784,,0
ORD000462,,0
ORD050780,,0
ORD058445,,0
ORD005233,weight_discrepancy,1
ORD041657,,0
ORD001620,,0
ORD059161,,0
ORD034938,,0
ORD012075,,0
ORD058632,,0
ORD056979,,0
ORD042442,,0
ORD041225,,0
ORD022253,,0
ORD016013,,0
ORD036531,,0
ORD029642,,0
ORD003636,,0
ORD047857,,0
ORD006510,,0
ORD003161,,0
ORD044043,,0
ORD043818,,0
ORD006884,,0
ORD041768,,0
ORD004493,,0
ORD026470,,0
ORD021860,,0
ORD010058,detention_padding,1
ORD015666,,0
ORD030790,,0
ORD027434,,0
ORD002095,,0
ORD025849,,0
ORD002067,,0
ORD038549,,0
ORD059890,,0
ORD033511,,0
ORD023249,,0
ORD048417,,0
ORD037298,,0
ORD042315,,0
ORD008412,,0
ORD057251,,0
ORD041727,,0
ORD018829,,0
ORD039870,,0
ORD000431,,0
ORD057214,,0
ORD031159,,0
ORD032442,,0
ORD036690,,0
ORD041125,,0
ORD005758,,0
ORD053719,,0
ORD044293,,0
ORD014747,,0
ORD017245,,0
ORD051501,,0
ORD022365,,0
ORD010873,,0
ORD048624,,0
ORD051634,,0
ORD023625,,0
ORD024749,,0
ORD047284,,0
ORD049559,,0
ORD043915,,0
ORD043812,,0
ORD034317,,0
ORD056887,detention_padding,1
ORD054053,,0
ORD000035,,0
ORD023158,detention_padding,1
ORD001084,weight_discrepancy,1
ORD053738,,0
ORD007955,,0
ORD016487,,0
ORD056677,,0
ORD052524,,0
ORD029660,,0
ORD015025,,0
ORD040487,,0
ORD049764,,0
ORD043318,,0
ORD048406,,0
ORD052220,,0
ORD052511,,0
ORD009714,,0
ORD037424,,0
ORD005331,,0
ORD018852,,0
ORD012426,,0
ORD053468,,0
ORD027258,,0
ORD043536,,0
ORD023015,,0
ORD054252,weight_discrepancy,1
ORD014567,,0
ORD041677,,0
ORD049287,,0
ORD045435,,0
ORD012055,weight_discrepancy,1
ORD024556,,0
ORD036488,,0
ORD008467,,0
ORD000856,,0
ORD019627,,0
ORD025439,,0
ORD011114,,0
ORD025491,,0
ORD009316,,0
ORD008825,,0
ORD058737,,0
ORD004610,,0
ORD040318,,0
ORD031911,,0
ORD002421,,0
ORD005272,,0
ORD019382,,0
ORD041903,,0
ORD042124,,0
ORD055449,,0
ORD011392,,0
ORD011394,,0
ORD023465,,0
ORD055770,,0
ORD006762,,0
ORD002582,,0
ORD018538,,0
ORD011349,,0
ORD026235,,0
ORD019606,,0
ORD026241,,0
ORD025597,,0
ORD048631,,0
ORD026172,,0
ORD026921,,0
ORD036906,,0
ORD025875,,0
ORD009930,,0
ORD009389,,0
ORD047321,,0
ORD045305,,0
ORD009284,,0
ORD017093,,0
ORD033819,,0
ORD005154,,0
ORD046342,,0
ORD013297,,0
ORD006374,,0
ORD018055,,0
ORD019571,,0
ORD014260,,0
ORD018195,toll_inflation,1
ORD004438,,0
ORD021993,,0
ORD040346,,0
ORD006511,toll_inflation,1
ORD027365,,0
ORD022900,,0
ORD057114,,0
ORD014180,,0
ORD018491,,0
ORD038434,,0
ORD011089,,0
ORD023801,,0
ORD011411,,0
ORD040534,,0
ORD013549,,0
ORD027663,,0
ORD033200,,0
ORD021636,,0
ORD012593,,0
ORD052102,,0
ORD039781,,0
ORD036538,,0
ORD006840,,0
ORD042868,,0
ORD048869,,0
ORD035112,,0
ORD052577,,0
ORD048951,,0
ORD016816,,0
ORD053234,,0
ORD054431,,0
ORD022467,,0
ORD008865,,0
ORD031385,,0
ORD042181,,0
ORD050444,,0
ORD017046,,0
ORD019972,,0
ORD042455,,0
ORD028077,,0
ORD008816,,0
ORD058524,,0
ORD000481,,0
ORD011364,,0
ORD054897,,0
ORD030131,,0
ORD033986,,0
ORD002903,,0
ORD035774,,0
ORD036764,,0
ORD019259,,0
ORD031625,,0
ORD005913,,0
ORD035350,,0
ORD042370,,0
ORD039969,,0
ORD045830,,0
ORD016516,weight_discrepancy,1
ORD002904,,0
ORD006583,,0
ORD011875,,0
ORD015178,,0
ORD056292,,0
ORD059615,,0
ORD032327,,0
ORD049043,,0
ORD057265,,0
ORD014347,,0
ORD004518,,0
ORD038328,,0
ORD055322,,0
ORD018150,,0
ORD018183,,0
ORD001227,,0
ORD029681,,0
ORD025657,,0
ORD029167,,0
ORD034640,detention_padding,1
ORD053641,,0
ORD025035,,0
ORD000282,,0
ORD023582,,0
ORD034693,,0
ORD020665,,0
ORD038009,,0
ORD026015,,0
ORD009083,,0
ORD000707,,0
ORD059737,,0
ORD041276,,0
ORD053527,,0
ORD054520,,0
ORD020983,,0
ORD012165,,0
ORD003280,weight_discrepancy,1
ORD003128,,0
ORD017874,,0
ORD030781,,0
ORD058416,,0
ORD043344,,0
ORD010187,,0
ORD047076,,0
ORD040894,,0
ORD031351,,0
ORD028154,,0
ORD040858,,0
ORD056407,,0
ORD024840,,0
ORD059545,,0
ORD048665,,0
ORD024839,,0
ORD017809,,0
ORD043125,,0
ORD016843,,0
ORD015730,,0
ORD054069,,0
ORD002598,,0
ORD017353,,0
ORD009387,,0
ORD028757,,0
ORD022036,,0
ORD015918,,0
ORD014703,,0
ORD043724,,0
ORD013836,,0
ORD018441,,0
ORD054008,,0
ORD059910,,0
ORD005484,,0
ORD038776,,0
ORD046688,,0
ORD034026,,0
ORD059789,toll_inflation,1
ORD024334,,0
ORD006124,,0
ORD049713,,0
ORD025767,,0
ORD018515,,0
ORD050821,,0
ORD018566,,0
ORD052265,,0
ORD008791,,0
ORD058096,,0
ORD051558,,0
ORD048123,,0
ORD037989,,0
ORD056233,,0
ORD038279,,0
ORD018308,,0
ORD014905,,0
ORD017502,,0
ORD013328,,0
ORD042373,,0
ORD019634,,0
ORD031798,,0
ORD041247,,0
ORD013217,,0
ORD019588,,0
ORD018080,detention_padding,1
ORD038163,,0
ORD014236,,0
ORD055754,,0
ORD004990,,0
ORD045482,,0
ORD006212,,0
ORD005846,,0
ORD031105,,0
ORD028706,,0
ORD015689,,0
ORD025932,,0
ORD035922,,0
ORD001592,,0
ORD040475,,0
ORD024531,,0
ORD029641,,0
ORD007413,,0
ORD010857,,0
ORD011839,,0
ORD009085,,0
ORD022105,,0
ORD048615,,0
ORD030536,,0
ORD030581,,0
ORD024715,,0
ORD001607,,0
ORD024653,,0
ORD005753,,0
ORD044343,,0
ORD029813,weight_discrepancy,1
ORD046805,,0
ORD023495,,0
ORD027181,,0
ORD054322,,0
ORD007583,,0
ORD023439,,0
ORD056313,,0
ORD007693,,0
ORD047261,,0
ORD053057,,0
ORD043937,,0
ORD005735,,0
ORD017358,,0
ORD024096,,0
ORD022874,,0
ORD055563,,0
ORD025629,,0
ORD013979,,0
ORD023855,,0
ORD023975,,0
ORD046646,,0
ORD012741,,0
ORD026851,,0
ORD045656,,0
ORD032326,,0
ORD034153,,0
ORD005650,,0
ORD033024,,0
ORD000644,,0
ORD047592,,0
ORD009598,,0
ORD050838,,0
ORD025369,,0
ORD003060,,0
ORD012867,,0
ORD026184,,0
ORD048366,,0
ORD045995,,0
ORD001266,,0
ORD016083,,0
ORD050435,,0
ORD052050,,0
ORD038259,,0
ORD016638,,0
ORD034935,,0
ORD036816,,0
ORD056278,,0
ORD052278,,0
ORD008935,,0
ORD022021,,0
ORD006682,,0
ORD014663,,0
ORD017418,,0
ORD004286,,0
ORD038287,,0
ORD023841,,0
ORD010786,,0
ORD033108,,0
ORD055220,,0
ORD043753,,0
ORD033869,,0
ORD027021,,0
ORD047124,,0
ORD049085,,0
ORD053597,,0
ORD026899,,0
ORD041468,,0
ORD023979,,0
ORD010665,,0
ORD001118,,0
ORD010871,,0
ORD048010,,0
ORD020821,,0
ORD043377,,0
ORD006640,weight_discrepancy,1
ORD023682,,0
ORD037171,,0
ORD051140,weight_discrepancy,1
ORD028481,,0
ORD044231,,0
ORD021857,,0
ORD008359,,0
ORD020048,,0
ORD037153,,0
ORD021498,,0
ORD053321,,0
ORD026367,,0
ORD012634,,0
ORD005105,,0
ORD050953,,0
ORD020359,,0
ORD030599,,0
ORD014997,,0
ORD040277,,0
ORD022563,,0
ORD008854,,0
ORD018595,,0
ORD058141,,0
ORD051624,,0
ORD044843,,0
ORD026698,,0
ORD047955,,0
ORD037253,,0
ORD047156,,0
ORD008862,,0
ORD059932,,0
ORD015321,toll_inflation,1
ORD019235,,0
ORD032001,,0
ORD031238,,0
ORD007414,,0
ORD045802,,0
ORD031852,,0
ORD023175,,0
ORD036792,,0
ORD028089,,0
ORD047829,,0
ORD009106,,0
ORD008899,,0
ORD027352,,0
ORD059930,weight_discrepancy,1
ORD055919,,0
ORD012283,,0
ORD055876,,0
ORD046480,,0
ORD042034,,0
ORD037775,,0
ORD007248,,0
ORD012158,,0
ORD030773,,0
ORD030815,,0
ORD054478,,0
ORD040043,,0
ORD021497,,0
ORD037877,,0
ORD031133,,0
ORD012802,,0
ORD031448,,0
ORD006767,,0
ORD043063,,0
ORD020020,,0
ORD019992,,0
ORD038081,,0
ORD043041,,0
ORD034880,,0
ORD045807,,0
ORD006507,,0
ORD051546,,0
ORD017832,,0
ORD039107,,0
ORD034381,,0
ORD017099,,0
ORD005319,,0
ORD054875,,0
ORD043997,,0
ORD031072,,0
ORD059819,,0
ORD036707,,0
ORD007877,,0
ORD028909,,0
ORD047456,,0
ORD037531,,0
ORD043877,,0
ORD025224,,0
ORD009780,,0
ORD007785,,0
ORD028225,,0
ORD036560,,0
ORD028927,,0
ORD020508,,0
ORD034796,,0
ORD003310,,0
ORD019809,,0
ORD041037,,0
ORD042238,,0
ORD025148,,0
ORD051367,,0
ORD000816,toll_inflation,1
ORD007761,,0
ORD006186,,0
ORD053652,,0
ORD015862,,0
ORD033853,,0
ORD052868,,0
ORD045069,,0
ORD052476,,0
ORD043462,toll_inflation,1
ORD033257,,0
ORD058054,,0
ORD008795,,0
ORD009515,,0
ORD032911,,0
ORD017868,,0
ORD017883,,0
ORD006148,,0
ORD032742,,0
ORD003026,,0
ORD034423,,0
ORD054391,,0
ORD001071,,0
ORD002697,,0
ORD024166,,0
ORD009291,,0
ORD055191,weight_discrepancy,1
ORD046507,,0
ORD002242,,0
ORD054606,detention_padding,1
ORD046367,,0
ORD028064,,0
ORD002136,,0
ORD001400,,0
ORD055944,,0
ORD035918,weight_discrepancy,1
ORD043242,,0
ORD007555,,0
ORD056713,,0
ORD001788,,0
ORD023929,,0
ORD024998,,0
ORD043798,,0
ORD011099,,0
ORD043276,,0
ORD036468,,0
ORD021461,,0
ORD034593,,0
ORD034591,,0
ORD032693,weight_discrepancy,1
ORD015933,,0
ORD058942,,0
ORD022966,,0
ORD008846,,0
ORD034184,toll_inflation,1
ORD052131,,0
ORD034215,,0
ORD023121,,0
ORD059164,,0
ORD011707,,0
ORD023200,,0
ORD045088,,0
ORD014971,,0
ORD023427,,0
ORD027471,,0
ORD035675,,0
ORD059301,,0
ORD031091,,0
ORD059486,,0
ORD020979,,0
ORD020848,detention_padding,1
ORD050491,detention_padding,1
ORD056938,,0
ORD006846,,0
ORD029244,,0
ORD050956,,0
ORD055099,,0
ORD049121,,0
ORD003504,,0
ORD054135,,0
ORD018788,detention_padding,1
ORD008940,weight_discrepancy,1
ORD022038,,0
ORD025584,,0
ORD009971,,0
ORD006620,,0
ORD034911,,0
ORD034882,,0
ORD012019,,0
ORD006530,toll_inflation,1
ORD039539,,0
ORD019318,,0
ORD031997,,0
ORD045719,,0
ORD045690,,0
ORD058400,weight_discrepancy,1
ORD018373,,0
