price_date,state,diesel_price_per_litre,source
2023-01-01,Andhra Pradesh,97.35,PPAC-derived
2023-01-01,Delhi,89.62,PPAC-IOC-metro
2023-01-01,Gujarat,89.15,PPAC-derived
2023-01-01,Haryana,91.65,PPAC-derived
2023-01-01,Karnataka,93.85,PPAC-derived
2023-01-01,Madhya Pradesh,94.15,PPAC-derived
2023-01-01,Maharashtra,94.27,PPAC-IOC-metro
2023-01-01,Punjab,92.25,PPAC-derived
2023-01-01,Rajasthan,95.05,PPAC-derived
2023-01-01,Tamil Nadu,94.24,PPAC-IOC-metro
2023-01-01,Telangana,96.15,PPAC-derived
2023-01-01,Uttar Pradesh,90.85,PPAC-derived
2023-01-01,West Bengal,92.76,PPAC-IOC-metro
2023-01-02,Andhra Pradesh,97.35,PPAC-derived
2023-01-02,Delhi,89.62,PPAC-IOC-metro
2023-01-02,Gujarat,89.15,PPAC-derived
2023-01-02,Haryana,91.65,PPAC-derived
2023-01-02,Karnataka,93.85,PPAC-derived
2023-01-02,Madhya Pradesh,94.15,PPAC-derived
2023-01-02,Maharashtra,94.27,PPAC-IOC-metro
2023-01-02,Punjab,92.25,PPAC-derived
2023-01-02,Rajasthan,95.05,PPAC-derived
2023-01-02,Tamil Nadu,94.24,PPAC-IOC-metro
2023-01-02,Telangana,96.15,PPAC-derived
2023-01-02,Uttar Pradesh,90.85,PPAC-derived
2023-01-02,West Bengal,92.76,PPAC-IOC-metro
2023-01-03,Andhra Pradesh,97.35,PPAC-derived
2023-01-03,Delhi,89.62,PPAC-IOC-metro
2023-01-03,Gujarat,89.15,PPAC-derived
2023-01-03,Haryana,91.65,PPAC-derived
2023-01-03,Karnataka,93.85,PPAC-derived
2023-01-03,Madhya Pradesh,94.15,PPAC-derived
2023-01-03,Maharashtra,94.27,PPAC-IOC-metro
2023-01-03,Punjab,92.25,PPAC-derived
2023-01-03,Rajasthan,95.05,PPAC-derived
2023-01-03,Tamil Nadu,94.24,PPAC-IOC-metro
2023-01-03,Telangana,96.15,PPAC-derived
2023-01-03,Uttar Pradesh,90.85,PPAC-derived
2023-01-03,West Bengal,92.76,PPAC-IOC-metro
2023-01-04,Andhra Pradesh,97.35,PPAC-derived
2023-01-04,Delhi,89.62,PPAC-IOC-metro
2023-01-04,Gujarat,89.15,PPAC-derived
2023-01-04,Haryana,91.65,PPAC-derived
2023-01-04,Karnataka,93.85,PPAC-derived
2023-01-04,Madhya Pradesh,94.15,PPAC-derived
2023-01-04,Maharashtra,94.27,PPAC-IOC-metro
2023-01-04,Punjab,92.25,PPAC-derived
2023-01-04,Rajasthan,95.05,PPAC-derived
2023-01-04,Tamil Nadu,94.24,PPAC-IOC-metro
2023-01-04,Telangana,96.15,PPAC-derived
2023-01-04,Uttar Pradesh,90.85,PPAC-derived
2023-01-04,West Bengal,92.76,PPAC-IOC-metro
2023-01-05,Andhra Pradesh,97.35,PPAC-derived
2023-01-05,Delhi,89.62,PPAC-IOC-metro
2023-01-05,Gujarat,89.15,PPAC-derived
2023-01-05,Haryana,91.65,PPAC-derived
2023-01-05,Karnataka,93.85,PPAC-derived
2023-01-05,Madhya Pradesh,94.15,PPAC-derived
2023-01-05,Maharashtra,94.27,PPAC-IOC-metro
2023-01-05,Punjab,92.25,PPAC-derived
2023-01-05,Rajasthan,95.05,PPAC-derived
2023-01-05,Tamil Nadu,94.24,PPAC-IOC-metro
2023-01-05,Telangana,96.15,PPAC-derived
2023-01-05,Uttar Pradesh,90.85,PPAC-derived
2023-01-05,West Bengal,92.76,PPAC-IOC-metro
2023-01-06,Andhra Pradesh,97.35,PPAC-derived
2023-01-06,Delhi,89.62,PPAC-IOC-metro
2023-01-06,Gujarat,89.15,PPAC-derived
2023-01-06,Haryana,91.65,PPAC-derived
2023-01-06,Karnataka,93.85,PPAC-derived
2023-01-06,Madhya Pradesh,94.15,PPAC-derived
2023-01-06,Maharashtra,94.27,PPAC-IOC-metro
2023-01-06,Punjab,92.25,PPAC-derived
2023-01-06,Rajasthan,95.05,PPAC-derived
2023-01-06,Tamil Nadu,94.24,PPAC-IOC-metro
2023-01-06,Telangana,96.15,PPAC-derived
2023-01-06,Uttar Pradesh,90.85,PPAC-derived
2023-01-06,West Bengal,92.76,PPAC-IOC-metro
2023-01-07,Andhra Pradesh,97.35,PPAC-derived
2023-01-07,Delhi,89.62,PPAC-IOC-metro
2023-01-07,Gujarat,89.15,PPAC-derived
2023-01-07,Haryana,91.65,PPAC-derived
2023-01-07,Karnataka,93.85,PPAC-derived
2023-01-07,Madhya Pradesh,94.15,PPAC-derived
2023-01-07,Maharashtra,94.27,PPAC-IOC-metro
2023-01-07,Punjab,92.25,PPAC-derived
2023-01-07,Rajasthan,95.05,PPAC-derived
2023-01-07,Tamil Nadu,94.24,PPAC-IOC-metro
2023-01-07,Telangana,96.15,PPAC-derived
2023-01-07,Uttar Pradesh,90.85,PPAC-derived
2023-01-07,West Bengal,92.76,PPAC-IOC-metro
2023-01-08,Andhra Pradesh,97.35,PPAC-derived
2023-01-08,Delhi,89.62,PPAC-IOC-metro
2023-01-08,Gujarat,89.15,PPAC-derived
2023-01-08,Haryana,91.65,PPAC-derived
2023-01-08,Karnataka,93.85,PPAC-derived
2023-01-08,Madhya Pradesh,94.15,PPAC-derived
2023-01-08,Maharashtra,94.27,PPAC-IOC-metro
2023-01-08,Punjab,92.25,PPAC-derived
2023-01-08,Rajasthan,95.05,PPAC-derived
2023-01-08,Tamil Nadu,94.24,PPAC-IOC-metro
2023-01-08,Telangana,96.15,PPAC-derived
2023-01-08,Uttar Pradesh,90.85,PPAC-derived
2023-01-08,West Bengal,92.76,PPAC-IOC-metro
2023-01-09,Andhra Pradesh,97.35,PPAC-derived
2023-01-09,Delhi,89.62,PPAC-IOC-metro
2023-01-09,Gujarat,89.15,PPAC-derived
2023-01-09,Haryana,91.65,PPAC-derived
2023-01-09,Karnataka,93.85,PPAC-derived
2023-01-09,Madhya Pradesh,94.15,PPAC-derived
2023-01-09,Maharashtra,94.27,PPAC-IOC-metro
2023-01-09,Punjab,92.25,PPAC-derived
2023-01-09,Rajasthan,95.05,PPAC-derived
2023-01-09,Tamil Nadu,94.24,PPAC-IOC-metro
2023-01-09,Telangana,96.15,PPAC-derived
2023-01-09,Uttar Pradesh,90.85,PPAC-derived
2023-01-09,West Bengal,92.76,PPAC-IOC-metro
2023-01-10,Andhra Pradesh,97.35,PPAC-derived
2023-01-10,Delhi,89.62,PPAC-IOC-metro
2023-01-10,Gujarat,89.15,PPAC-derived
2023-01-10,Haryana,91.65,PPAC-derived
2023-01-10,Karnataka,93.85,PPAC-derived
2023-01-10,Madhya Pradesh,94.15,PPAC-derived
2023-01-10,Maharashtra,94.27,PPAC-IOC-metro
2023-01-10,Punjab,92.25,PPAC-derived
2023-01-10,Rajasthan,95.05,PPAC-derived
2023-01-10,Tamil Nadu,94.24,PPAC-IOC-metro
2023-01-10,Telangana,96.15,PPAC-derived
2023-01-10,Uttar Pradesh,90.85,PPAC-derived
2023-01-10,West Bengal,92.76,PPAC-IOC-metro
2023-01-11,Andhra Pradesh,97.35,PPAC-derived
2023-01-11,Delhi,89.62,PPAC-IOC-metro
2023-01-11,Gujarat,89.15,PPAC-derived
2023-01-11,Haryana,91.65,PPAC-derived
2023-01-11,Karnataka,93.85,PPAC-derived
2023-01-11,Madhya Pradesh,94.15,PPAC-derived
2023-01-11,Maharashtra,94.27,PPAC-IOC-metro
2023-01-11,Punjab,92.25,PPAC-derived
2023-01-11,Rajasthan,95.05,PPAC-derived
2023-01-11,Tamil Nadu,94.24,PPAC-IOC-metro
2023-01-11,Telangana,96.15,PPAC-derived
2023-01-11,Uttar Pradesh,90.85,PPAC-derived
2023-01-11,West Bengal,92.76,PPAC-IOC-metro
2023-01-12,Andhra Pradesh,97.35,PPAC-derived
2023-01-12,Delhi,89.62,PPAC-IOC-metro
2023-01-12,Gujarat,89.15,PPAC-derived
2023-01-12,Haryana,91.65,PPAC-derived
2023-01-12,Karnataka,93.85,PPAC-derived
2023-01-12,Madhya Pradesh,94.15,PPAC-derived
2023-01-12,Maharashtra,94.27,PPAC-IOC-metro
2023-01-12,Punjab,92.25,PPAC-derived
2023-01-12,Rajasthan,95.05,PPAC-derived
2023-01-12,Tamil Nadu,94.24,PPAC-IOC-metro
2023-01-12,Telangana,96.15,PPAC-derived
2023-01-12,Uttar Pradesh,90.85,PPAC-derived
2023-01-12,West Bengal,92.76,PPAC-IOC-metro
2023-01-13,Andhra Pradesh,97.35,PPAC-derived
2023-01-13,Delhi,89.62,PPAC-IOC-metro
2023-01-13,Gujarat,89.15,PPAC-derived
2023-01-13,Haryana,91.65,PPAC-derived
2023-01-13,Karnataka,93.85,PPAC-derived
2023-01-13,Madhya Pradesh,94.15,PPAC-derived
2023-01-13,Maharashtra,94.27,PPAC-IOC-metro
2023-01-13,Punjab,92.25,PPAC-derived
2023-01-13,Rajasthan,95.05,PPAC-derived
2023-01-13,Tamil Nadu,94.24,PPAC-IOC-metro
2023-01-13,Telangana,96.15,PPAC-derived
2023-01-13,Uttar Pradesh,90.85,PPAC-derived
2023-01-13,West Bengal,92.76,PPAC-IOC-metro
2023-01-14,Andhra Pradesh,97.35,PPAC-derived
2023-01-14,Delhi,89.62,PPAC-IOC-metro
2023-01-14,Gujarat,89.15,PPAC-derived
2023-01-14,Haryana,91.65,PPAC-derived
2023-01-14,Karnataka,93.85,PPAC-derived
2023-01-14,Madhya Pradesh,94.15,PPAC-derived
2023-01-14,Maharashtra,94.27,PPAC-IOC-metro
2023-01-14,Punjab,92.25,PPAC-derived
2023-01-14,Rajasthan,95.05,PPAC-derived
2023-01-14,Tamil Nadu,94.24,PPAC-IOC-metro
2023-01-14,Telangana,96.15,PPAC-derived
2023-01-14,Uttar Pradesh,90.85,PPAC-derived
2023-01-14,West Bengal,92.76,PPAC-IOC-metro
2023-01-15,Andhra Pradesh,97.35,PPAC-derived
2023-01-15,Delhi,89.62,PPAC-IOC-metro
2023-01-15,Gujarat,89.15,PPAC-derived
2023-01-15,Haryana,91.65,PPAC-derived
2023-01-15,Karnataka,93.85,PPAC-derived
2023-01-15,Madhya Pradesh,94.15,PPAC-derived
2023-01-15,Maharashtra,94.27,PPAC-IOC-metro
2023-01-15,Punjab,92.25,PPAC-derived
2023-01-15,Rajasthan,95.05,PPAC-derived
2023-01-15,Tamil Nadu,94.24,PPAC-IOC-metro
2023-01-15,Telangana,96.15,PPAC-derived
2023-01-15,Uttar Pradesh,90.85,PPAC-derived
2023-01-15,West Bengal,92.76,PPAC-IOC-metro
2023-01-16,Andhra Pradesh,97.35,PPAC-derived
2023-01-16,Delhi,89.62,PPAC-IOC-metro
2023-01-16,Gujarat,89.15,PPAC-derived
2023-01-16,Haryana,91.65,PPAC-derived
2023-01-16,Karnataka,93.85,PPAC-derived
2023-01-16,Madhya Pradesh,94.15,PPAC-derived
2023-01-16,Maharashtra,94.27,PPAC-IOC-metro
2023-01-16,Punjab,92.25,PPAC-derived
2023-01-16,Rajasthan,95.05,PPAC-derived
2023-01-16,Tamil Nadu,94.24,PPAC-IOC-metro
2023-01-16,Telangana,96.15,PPAC-derived
2023-01-16,Uttar Pradesh,90.85,PPAC-derived
2023-01-16,West Bengal,92.76,PPAC-IOC-metro
2023-01-17,Andhra Pradesh,97.35,PPAC-derived
2023-01-17,Delhi,89.62,PPAC-IOC-metro
2023-01-17,Gujarat,89.15,PPAC-derived
2023-01-17,Haryana,91.65,PPAC-derived
2023-01-17,Karnataka,93.85,PPAC-derived
2023-01-17,Madhya Pradesh,94.15,PPAC-derived
2023-01-17,Maharashtra,94.27,PPAC-IOC-metro
2023-01-17,Punjab,92.25,PPAC-derived
2023-01-17,Rajasthan,95.05,PPAC-derived
2023-01-17,Tamil Nadu,94.24,PPAC-IOC-metro
2023-01-17,Telangana,96.15,PPAC-derived
2023-01-17,Uttar Pradesh,90.85,PPAC-derived
2023-01-17,West Bengal,92.76,PPAC-IOC-metro
2023-01-18,Andhra Pradesh,97.35,PPAC-derived
2023-01-18,Delhi,89.62,PPAC-IOC-metro
2023-01-18,Gujarat,89.15,PPAC-derived
2023-01-18,Haryana,91.65,PPAC-derived
2023-01-18,Karnataka,93.85,PPAC-derived
2023-01-18,Madhya Pradesh,94.15,PPAC-derived
2023-01-18,Maharashtra,94.27,PPAC-IOC-metro
2023-01-18,Punjab,92.25,PPAC-derived
2023-01-18,Rajasthan,95.05,PPAC-derived
2023-01-18,Tamil Nadu,94.24,PPAC-IOC-metro
2023-01-18,Telangana,96.15,PPAC-derived
2023-01-18,Uttar Pradesh,90.85,PPAC-derived
2023-01-18,West Bengal,92.76,PPAC-IOC-metro
2023-01-19,Andhra Pradesh,97.35,PPAC-derived
2023-01-19,Delhi,89.62,PPAC-IOC-metro
2023-01-19,Gujarat,89.15,PPAC-derived
2023-01-19,Haryana,91.65,PPAC-derived
2023-01-19,Karnataka,93.85,PPAC-derived
2023-01-19,Madhya Pradesh,94.15,PPAC-derived
2023-01-19,Maharashtra,94.27,PPAC-IOC-metro
2023-01-19,Punjab,92.25,PPAC-derived
2023-01-19,Rajasthan,95.05,PPAC-derived
2023-01-19,Tamil Nadu,94.24,PPAC-IOC-metro
2023-01-19,Telangana,96.15,PPAC-derived
2023-01-19,Uttar Pradesh,90.85,PPAC-derived
2023-01-19,West Bengal,92.76,PPAC-IOC-metro
2023-01-20,Andhra Pradesh,97.35,PPAC-derived
2023-01-20,Delhi,89.62,PPAC-IOC-metro
2023-01-20,Gujarat,89.15,PPAC-derived
2023-01-20,Haryana,91.65,PPAC-derived
2023-01-20,Karnataka,93.85,PPAC-derived
2023-01-20,Madhya Pradesh,94.15,PPAC-derived
2023-01-20,Maharashtra,94.27,PPAC-IOC-metro
2023-01-20,Punjab,92.25,PPAC-derived
2023-01-20,Rajasthan,95.05,PPAC-derived
2023-01-20,Tamil Nadu,94.24,PPAC-IOC-metro
2023-01-20,Telangana,96.15,PPAC-derived
2023-01-20,Uttar Pradesh,90.85,PPAC-derived
2023-01-20,West Bengal,92.76,PPAC-IOC-metro
2023-01-21,Andhra Pradesh,97.35,PPAC-derived
2023-01-21,Delhi,89.62,PPAC-IOC-metro
2023-01-21,Gujarat,89.15,PPAC-derived
2023-01-21,Haryana,91.65,PPAC-derived
2023-01-21,Karnataka,93.85,PPAC-derived
2023-01-21,Madhya Pradesh,94.15,PPAC-derived
2023-01-21,Maharashtra,94.27,PPAC-IOC-metro
2023-01-21,Punjab,92.25,PPAC-derived
2023-01-21,Rajasthan,95.05,PPAC-derived
2023-01-21,Tamil Nadu,94.24,PPAC-IOC-metro
2023-01-21,Telangana,96.15,PPAC-derived
2023-01-21,Uttar Pradesh,90.85,PPAC-derived
2023-01-21,West Bengal,92.76,PPAC-IOC-metro
2023-01-22,Andhra Pradesh,97.35,PPAC-derived
2023-01-22,Delhi,89.62,PPAC-IOC-metro
2023-01-22,Gujarat,89.15,PPAC-derived
2023-01-22,Haryana,91.65,PPAC-derived
2023-01-22,Karnataka,93.85,PPAC-derived
2023-01-22,Madhya Pradesh,94.15,PPAC-derived
2023-01-22,Maharashtra,94.27,PPAC-IOC-metro
2023-01-22,Punjab,92.25,PPAC-derived
2023-01-22,Rajasthan,95.05,PPAC-derived
2023-01-22,Tamil Nadu,94.24,PPAC-IOC-metro
2023-01-22,Telangana,96.15,PPAC-derived
2023-01-22,Uttar Pradesh,90.85,PPAC-derived
2023-01-22,West Bengal,92.76,PPAC-IOC-metro
2023-01-23,Andhra Pradesh,97.35,PPAC-derived
2023-01-23,Delhi,89.62,PPAC-IOC-metro
2023-01-23,Gujarat,89.15,PPAC-derived
2023-01-23,Haryana,91.65,PPAC-derived
2023-01-23,Karnataka,93.85,PPAC-derived
2023-01-23,Madhya Pradesh,94.15,PPAC-derived
2023-01-23,Maharashtra,94.27,PPAC-IOC-metro
2023-01-23,Punjab,92.25,PPAC-derived
2023-01-23,Rajasthan,95.05,PPAC-derived
2023-01-23,Tamil Nadu,94.24,PPAC-IOC-metro
2023-01-23,Telangana,96.15,PPAC-derived
2023-01-23,Uttar Pradesh,90.85,PPAC-derived
2023-01-23,West Bengal,92.76,PPAC-IOC-metro
2023-01-24,Andhra Pradesh,97.35,PPAC-derived
2023-01-24,Delhi,89.62,PPAC-IOC-metro
2023-01-24,Gujarat,89.15,PPAC-derived
2023-01-24,Haryana,91.65,PPAC-derived
2023-01-24,Karnataka,93.85,PPAC-derived
2023-01-24,Madhya Pradesh,94.15,PPAC-derived
2023-01-24,Maharashtra,94.27,PPAC-IOC-metro
2023-01-24,Punjab,92.25,PPAC-derived
2023-01-24,Rajasthan,95.05,PPAC-derived
2023-01-24,Tamil Nadu,94.24,PPAC-IOC-metro
2023-01-24,Telangana,96.15,PPAC-derived
2023-01-24,Uttar Pradesh,90.85,PPAC-derived
2023-01-24,West Bengal,92.76,PPAC-IOC-metro
2023-01-25,Andhra Pradesh,97.35,PPAC-derived
2023-01-25,Delhi,89.62,PPAC-IOC-metro
2023-01-25,Gujarat,89.15,PPAC-derived
2023-01-25,Haryana,91.65,PPAC-derived
2023-01-25,Karnataka,93.85,PPAC-derived
2023-01-25,Madhya Pradesh,94.15,PPAC-derived
2023-01-25,Maharashtra,94.27,PPAC-IOC-metro
2023-01-25,Punjab,92.25,PPAC-derived
2023-01-25,Rajasthan,95.05,PPAC-derived
2023-01-25,Tamil Nadu,94.24,PPAC-IOC-metro
2023-01-25,Telangana,96.15,PPAC-derived
2023-01-25,Uttar Pradesh,90.85,PPAC-derived
2023-01-25,West Bengal,92.76,PPAC-IOC-metro
2023-01-26,Andhra Pradesh,97.35,PPAC-derived
2023-01-26,Delhi,89.62,PPAC-IOC-metro
2023-01-26,Gujarat,89.15,PPAC-derived
2023-01-26,Haryana,91.65,PPAC-derived
2023-01-26,Karnataka,93.85,PPAC-derived
2023-01-26,Madhya Pradesh,94.15,PPAC-derived
2023-01-26,Maharashtra,94.27,PPAC-IOC-metro
2023-01-26,Punjab,92.25,PPAC-derived
2023-01-26,Rajasthan,95.05,PPAC-derived
2023-01-26,Tamil Nadu,94.24,PPAC-IOC-metro
2023-01-26,Telangana,96.15,PPAC-derived
2023-01-26,Uttar Pradesh,90.85,PPAC-derived
2023-01-26,West Bengal,92.76,PPAC-IOC-metro
2023-01-27,Andhra Pradesh,97.35,PPAC-derived
2023-01-27,Delhi,89.62,PPAC-IOC-metro
2023-01-27,Gujarat,89.15,PPAC-derived
2023-01-27,Haryana,91.65,PPAC-derived
2023-01-27,Karnataka,93.85,PPAC-derived
2023-01-27,Madhya Pradesh,94.15,PPAC-derived
2023-01-27,Maharashtra,94.27,PPAC-IOC-metro
2023-01-27,Punjab,92.25,PPAC-derived
2023-01-27,Rajasthan,95.05,PPAC-derived
2023-01-27,Tamil Nadu,94.24,PPAC-IOC-metro
2023-01-27,Telangana,96.15,PPAC-derived
2023-01-27,Uttar Pradesh,90.85,PPAC-derived
2023-01-27,West Bengal,92.76,PPAC-IOC-metro
2023-01-28,Andhra Pradesh,97.35,PPAC-derived
2023-01-28,Delhi,89.62,PPAC-IOC-metro
2023-01-28,Gujarat,89.15,PPAC-derived
2023-01-28,Haryana,91.65,PPAC-derived
2023-01-28,Karnataka,93.85,PPAC-derived
2023-01-28,Madhya Pradesh,94.15,PPAC-derived
2023-01-28,Maharashtra,94.27,PPAC-IOC-metro
2023-01-28,Punjab,92.25,PPAC-derived
2023-01-28,Rajasthan,95.05,PPAC-derived
2023-01-28,Tamil Nadu,94.24,PPAC-IOC-metro
2023-01-28,Telangana,96.15,PPAC-derived
2023-01-28,Uttar Pradesh,90.85,PPAC-derived
2023-01-28,West Bengal,92.76,PPAC-IOC-metro
2023-01-29,Andhra Pradesh,97.35,PPAC-derived
2023-01-29,Delhi,89.62,PPAC-IOC-metro
2023-01-29,Gujarat,89.15,PPAC-derived
2023-01-29,Haryana,91.65,PPAC-derived
2023-01-29,Karnataka,93.85,PPAC-derived
2023-01-29,Madhya Pradesh,94.15,PPAC-derived
2023-01-29,Maharashtra,94.27,PPAC-IOC-metro
2023-01-29,Punjab,92.25,PPAC-derived
2023-01-29,Rajasthan,95.05,PPAC-derived
2023-01-29,Tamil Nadu,94.24,PPAC-IOC-metro
2023-01-29,Telangana,96.15,PPAC-derived
2023-01-29,Uttar Pradesh,90.85,PPAC-derived
2023-01-29,West Bengal,92.76,PPAC-IOC-metro
2023-01-30,Andhra Pradesh,97.35,PPAC-derived
2023-01-30,Delhi,89.62,PPAC-IOC-metro
2023-01-30,Gujarat,89.15,PPAC-derived
2023-01-30,Haryana,91.65,PPAC-derived
2023-01-30,Karnataka,93.85,PPAC-derived
2023-01-30,Madhya Pradesh,94.15,PPAC-derived
2023-01-30,Maharashtra,94.27,PPAC-IOC-metro
2023-01-30,Punjab,92.25,PPAC-derived
2023-01-30,Rajasthan,95.05,PPAC-derived
2023-01-30,Tamil Nadu,94.24,PPAC-IOC-metro
2023-01-30,Telangana,96.15,PPAC-derived
2023-01-30,Uttar Pradesh,90.85,PPAC-derived
2023-01-30,West Bengal,92.76,PPAC-IOC-metro
2023-01-31,Andhra Pradesh,97.35,PPAC-derived
2023-01-31,Delhi,89.62,PPAC-IOC-metro
2023-01-31,Gujarat,89.15,PPAC-derived
2023-01-31,Haryana,91.65,PPAC-derived
2023-01-31,Karnataka,93.85,PPAC-derived
2023-01-31,Madhya Pradesh,94.15,PPAC-derived
2023-01-31,Maharashtra,94.27,PPAC-IOC-metro
2023-01-31,Punjab,92.25,PPAC-derived
2023-01-31,Rajasthan,95.05,PPAC-derived
2023-01-31,Tamil Nadu,94.24,PPAC-IOC-metro
2023-01-31,Telangana,96.15,PPAC-derived
2023-01-31,Uttar Pradesh,90.85,PPAC-derived
2023-01-31,West Bengal,92.76,PPAC-IOC-metro
2023-02-01,Andhra Pradesh,97.35,PPAC-derived
2023-02-01,Delhi,89.62,PPAC-IOC-metro
2023-02-01,Gujarat,89.15,PPAC-derived
2023-02-01,Haryana,91.65,PPAC-derived
2023-02-01,Karnataka,93.85,PPAC-derived
2023-02-01,Madhya Pradesh,94.15,PPAC-derived
2023-02-01,Maharashtra,94.27,PPAC-IOC-metro
2023-02-01,Punjab,92.25,PPAC-derived
2023-02-01,Rajasthan,95.05,PPAC-derived
2023-02-01,Tamil Nadu,94.24,PPAC-IOC-metro
2023-02-01,Telangana,96.15,PPAC-derived
2023-02-01,Uttar Pradesh,90.85,PPAC-derived
2023-02-01,West Bengal,92.76,PPAC-IOC-metro
2023-02-02,Andhra Pradesh,97.35,PPAC-derived
2023-02-02,Delhi,89.62,PPAC-IOC-metro
2023-02-02,Gujarat,89.15,PPAC-derived
2023-02-02,Haryana,91.65,PPAC-derived
2023-02-02,Karnataka,93.85,PPAC-derived
2023-02-02,Madhya Pradesh,94.15,PPAC-derived
2023-02-02,Maharashtra,94.27,PPAC-IOC-metro
2023-02-02,Punjab,92.25,PPAC-derived
2023-02-02,Rajasthan,95.05,PPAC-derived
2023-02-02,Tamil Nadu,94.24,PPAC-IOC-metro
2023-02-02,Telangana,96.15,PPAC-derived
2023-02-02,Uttar Pradesh,90.85,PPAC-derived
2023-02-02,West Bengal,92.76,PPAC-IOC-metro
2023-02-03,Andhra Pradesh,97.35,PPAC-derived
2023-02-03,Delhi,89.62,PPAC-IOC-metro
2023-02-03,Gujarat,89.15,PPAC-derived
2023-02-03,Haryana,91.65,PPAC-derived
2023-02-03,Karnataka,93.85,PPAC-derived
2023-02-03,Madhya Pradesh,94.15,PPAC-derived
2023-02-03,Maharashtra,94.27,PPAC-IOC-metro
2023-02-03,Punjab,92.25,PPAC-derived
2023-02-03,Rajasthan,95.05,PPAC-derived
2023-02-03,Tamil Nadu,94.24,PPAC-IOC-metro
2023-02-03,Telangana,96.15,PPAC-derived
2023-02-03,Uttar Pradesh,90.85,PPAC-derived
2023-02-03,West Bengal,92.76,PPAC-IOC-metro
2023-02-04,Andhra Pradesh,97.35,PPAC-derived
2023-02-04,Delhi,89.62,PPAC-IOC-metro
2023-02-04,Gujarat,89.15,PPAC-derived
2023-02-04,Haryana,91.65,PPAC-derived
2023-02-04,Karnataka,93.85,PPAC-derived
2023-02-04,Madhya Pradesh,94.15,PPAC-derived
2023-02-04,Maharashtra,94.27,PPAC-IOC-metro
2023-02-04,Punjab,92.25,PPAC-derived
2023-02-04,Rajasthan,95.05,PPAC-derived
2023-02-04,Tamil Nadu,94.24,PPAC-IOC-metro
2023-02-04,Telangana,96.15,PPAC-derived
2023-02-04,Uttar Pradesh,90.85,PPAC-derived
2023-02-04,West Bengal,92.76,PPAC-IOC-metro
2023-02-05,Andhra Pradesh,97.35,PPAC-derived
2023-02-05,Delhi,89.62,PPAC-IOC-metro
2023-02-05,Gujarat,89.15,PPAC-derived
2023-02-05,Haryana,91.65,PPAC-derived
2023-02-05,Karnataka,93.85,PPAC-derived
2023-02-05,Madhya Pradesh,94.15,PPAC-derived
2023-02-05,Maharashtra,94.27,PPAC-IOC-metro
2023-02-05,Punjab,92.25,PPAC-derived
2023-02-05,Rajasthan,95.05,PPAC-derived
2023-02-05,Tamil Nadu,94.24,PPAC-IOC-metro
2023-02-05,Telangana,96.15,PPAC-derived
2023-02-05,Uttar Pradesh,90.85,PPAC-derived
2023-02-05,West Bengal,92.76,PPAC-IOC-metro
2023-02-06,Andhra Pradesh,97.35,PPAC-derived
2023-02-06,Delhi,89.62,PPAC-IOC-metro
2023-02-06,Gujarat,89.15,PPAC-derived
2023-02-06,Haryana,91.65,PPAC-derived
2023-02-06,Karnataka,93.85,PPAC-derived
2023-02-06,Madhya Pradesh,94.15,PPAC-derived
2023-02-06,Maharashtra,94.27,PPAC-IOC-metro
2023-02-06,Punjab,92.25,PPAC-derived
2023-02-06,Rajasthan,95.05,PPAC-derived
2023-02-06,Tamil Nadu,94.24,PPAC-IOC-metro
2023-02-06,Telangana,96.15,PPAC-derived
2023-02-06,Uttar Pradesh,90.85,PPAC-derived
2023-02-06,West Bengal,92.76,PPAC-IOC-metro
2023-02-07,Andhra Pradesh,97.35,PPAC-derived
2023-02-07,Delhi,89.62,PPAC-IOC-metro
2023-02-07,Gujarat,89.15,PPAC-derived
2023-02-07,Haryana,91.65,PPAC-derived
2023-02-07,Karnataka,93.85,PPAC-derived
2023-02-07,Madhya Pradesh,94.15,PPAC-derived
2023-02-07,Maharashtra,94.27,PPAC-IOC-metro
2023-02-07,Punjab,92.25,PPAC-derived
2023-02-07,Rajasthan,95.05,PPAC-derived
2023-02-07,Tamil Nadu,94.24,PPAC-IOC-metro
2023-02-07,Telangana,96.15,PPAC-derived
2023-02-07,Uttar Pradesh,90.85,PPAC-derived
2023-02-07,West Bengal,92.76,PPAC-IOC-metro
2023-02-08,Andhra Pradesh,97.35,PPAC-derived
2023-02-08,Delhi,89.62,PPAC-IOC-metro
2023-02-08,Gujarat,89.15,PPAC-derived
2023-02-08,Haryana,91.65,PPAC-derived
2023-02-08,Karnataka,93.85,PPAC-derived
2023-02-08,Madhya Pradesh,94.15,PPAC-derived
2023-02-08,Maharashtra,94.27,PPAC-IOC-metro
2023-02-08,Punjab,92.25,PPAC-derived
2023-02-08,Rajasthan,95.05,PPAC-derived
2023-02-08,Tamil Nadu,94.24,PPAC-IOC-metro
2023-02-08,Telangana,96.15,PPAC-derived
2023-02-08,Uttar Pradesh,90.85,PPAC-derived
2023-02-08,West Bengal,92.76,PPAC-IOC-metro
2023-02-09,Andhra Pradesh,97.35,PPAC-derived
2023-02-09,Delhi,89.62,PPAC-IOC-metro
2023-02-09,Gujarat,89.15,PPAC-derived
2023-02-09,Haryana,91.65,PPAC-derived
2023-02-09,Karnataka,93.85,PPAC-derived
2023-02-09,Madhya Pradesh,94.15,PPAC-derived
2023-02-09,Maharashtra,94.27,PPAC-IOC-metro
2023-02-09,Punjab,92.25,PPAC-derived
2023-02-09,Rajasthan,95.05,PPAC-derived
2023-02-09,Tamil Nadu,94.24,PPAC-IOC-metro
2023-02-09,Telangana,96.15,PPAC-derived
2023-02-09,Uttar Pradesh,90.85,PPAC-derived
2023-02-09,West Bengal,92.76,PPAC-IOC-metro
2023-02-10,Andhra Pradesh,97.35,PPAC-derived
2023-02-10,Delhi,89.62,PPAC-IOC-metro
2023-02-10,Gujarat,89.15,PPAC-derived
2023-02-10,Haryana,91.65,PPAC-derived
2023-02-10,Karnataka,93.85,PPAC-derived
2023-02-10,Madhya Pradesh,94.15,PPAC-derived
2023-02-10,Maharashtra,94.27,PPAC-IOC-metro
2023-02-10,Punjab,92.25,PPAC-derived
2023-02-10,Rajasthan,95.05,PPAC-derived
2023-02-10,Tamil Nadu,94.24,PPAC-IOC-metro
2023-02-10,Telangana,96.15,PPAC-derived
2023-02-10,Uttar Pradesh,90.85,PPAC-derived
2023-02-10,West Bengal,92.76,PPAC-IOC-metro
2023-02-11,Andhra Pradesh,97.35,PPAC-derived
2023-02-11,Delhi,89.62,PPAC-IOC-metro
2023-02-11,Gujarat,89.15,PPAC-derived
2023-02-11,Haryana,91.65,PPAC-derived
2023-02-11,Karnataka,93.85,PPAC-derived
2023-02-11,Madhya Pradesh,94.15,PPAC-derived
2023-02-11,Maharashtra,94.27,PPAC-IOC-metro
2023-02-11,Punjab,92.25,PPAC-derived
2023-02-11,Rajasthan,95.05,PPAC-derived
2023-02-11,Tamil Nadu,94.24,PPAC-IOC-metro
2023-02-11,Telangana,96.15,PPAC-derived
2023-02-11,Uttar Pradesh,90.85,PPAC-derived
2023-02-11,West Bengal,92.76,PPAC-IOC-metro
2023-02-12,Andhra Pradesh,97.35,PPAC-derived
2023-02-12,Delhi,89.62,PPAC-IOC-metro
2023-02-12,Gujarat,89.15,PPAC-derived
2023-02-12,Haryana,91.65,PPAC-derived
2023-02-12,Karnataka,93.85,PPAC-derived
2023-02-12,Madhya Pradesh,94.15,PPAC-derived
2023-02-12,Maharashtra,94.27,PPAC-IOC-metro
2023-02-12,Punjab,92.25,PPAC-derived
2023-02-12,Rajasthan,95.05,PPAC-derived
2023-02-12,Tamil Nadu,94.24,PPAC-IOC-metro
2023-02-12,Telangana,96.15,PPAC-derived
2023-02-12,Uttar Pradesh,90.85,PPAC-derived
2023-02-12,West Bengal,92.76,PPAC-IOC-metro
2023-02-13,Andhra Pradesh,97.35,PPAC-derived
2023-02-13,Delhi,89.62,PPAC-IOC-metro
2023-02-13,Gujarat,89.15,PPAC-derived
2023-02-13,Haryana,91.65,PPAC-derived
2023-02-13,Karnataka,93.85,PPAC-derived
2023-02-13,Madhya Pradesh,94.15,PPAC-derived
2023-02-13,Maharashtra,94.27,PPAC-IOC-metro
2023-02-13,Punjab,92.25,PPAC-derived
2023-02-13,Rajasthan,95.05,PPAC-derived
2023-02-13,Tamil Nadu,94.24,PPAC-IOC-metro
2023-02-13,Telangana,96.15,PPAC-derived
2023-02-13,Uttar Pradesh,90.85,PPAC-derived
2023-02-13,West Bengal,92.76,PPAC-IOC-metro
2023-02-14,Andhra Pradesh,97.35,PPAC-derived
2023-02-14,Delhi,89.62,PPAC-IOC-metro
2023-02-14,Gujarat,89.15,PPAC-derived
2023-02-14,Haryana,91.65,PPAC-derived
2023-02-14,Karnataka,93.85,PPAC-derived
2023-02-14,Madhya Pradesh,94.15,PPAC-derived
2023-02-14,Maharashtra,94.27,PPAC-IOC-metro
2023-02-14,Punjab,92.25,PPAC-derived
2023-02-14,Rajasthan,95.05,PPAC-derived
2023-02-14,Tamil Nadu,94.24,PPAC-IOC-metro
2023-02-14,Telangana,96.15,PPAC-derived
2023-02-14,Uttar Pradesh,90.85,PPAC-derived
2023-02-14,West Bengal,92.76,PPAC-IOC-metro
2023-02-15,Andhra Pradesh,97.35,PPAC-derived
2023-02-15,Delhi,89.62,PPAC-IOC-metro
2023-02-15,Gujarat,89.15,PPAC-derived
2023-02-15,Haryana,91.65,PPAC-derived
2023-02-15,Karnataka,93.85,PPAC-derived
2023-02-15,Madhya Pradesh,94.15,PPAC-derived
2023-02-15,Maharashtra,94.27,PPAC-IOC-metro
2023-02-15,Punjab,92.25,PPAC-derived
2023-02-15,Rajasthan,95.05,PPAC-derived
2023-02-15,Tamil Nadu,94.24,PPAC-IOC-metro
2023-02-15,Telangana,96.15,PPAC-derived
2023-02-15,Uttar Pradesh,90.85,PPAC-derived
2023-02-15,West Bengal,92.76,PPAC-IOC-metro
2023-02-16,Andhra Pradesh,97.35,PPAC-derived
2023-02-16,Delhi,89.62,PPAC-IOC-metro
2023-02-16,Gujarat,89.15,PPAC-derived
2023-02-16,Haryana,91.65,PPAC-derived
2023-02-16,Karnataka,93.85,PPAC-derived
2023-02-16,Madhya Pradesh,94.15,PPAC-derived
2023-02-16,Maharashtra,94.27,PPAC-IOC-metro
2023-02-16,Punjab,92.25,PPAC-derived
2023-02-16,Rajasthan,95.05,PPAC-derived
2023-02-16,Tamil Nadu,94.24,PPAC-IOC-metro
2023-02-16,Telangana,96.15,PPAC-derived
2023-02-16,Uttar Pradesh,90.85,PPAC-derived
2023-02-16,West Bengal,92.76,PPAC-IOC-metro
2023-02-17,Andhra Pradesh,97.35,PPAC-derived
2023-02-17,Delhi,89.62,PPAC-IOC-metro
2023-02-17,Gujarat,89.15,PPAC-derived
2023-02-17,Haryana,91.65,PPAC-derived
2023-02-17,Karnataka,93.85,PPAC-derived
2023-02-17,Madhya Pradesh,94.15,PPAC-derived
2023-02-17,Maharashtra,94.27,PPAC-IOC-metro
2023-02-17,Punjab,92.25,PPAC-derived
2023-02-17,Rajasthan,95.05,PPAC-derived
2023-02-17,Tamil Nadu,94.24,PPAC-IOC-metro
2023-02-17,Telangana,96.15,PPAC-derived
2023-02-17,Uttar Pradesh,90.85,PPAC-derived
2023-02-17,West Bengal,92.76,PPAC-IOC-metro
2023-02-18,Andhra Pradesh,97.35,PPAC-derived
2023-02-18,Delhi,89.62,PPAC-IOC-metro
2023-02-18,Gujarat,89.15,PPAC-derived
2023-02-18,Haryana,91.65,PPAC-derived
2023-02-18,Karnataka,93.85,PPAC-derived
2023-02-18,Madhya Pradesh,94.15,PPAC-derived
2023-02-18,Maharashtra,94.27,PPAC-IOC-metro
2023-02-18,Punjab,92.25,PPAC-derived
2023-02-18,Rajasthan,95.05,PPAC-derived
2023-02-18,Tamil Nadu,94.24,PPAC-IOC-metro
2023-02-18,Telangana,96.15,PPAC-derived
2023-02-18,Uttar Pradesh,90.85,PPAC-derived
2023-02-18,West Bengal,92.76,PPAC-IOC-metro
2023-02-19,Andhra Pradesh,97.35,PPAC-derived
2023-02-19,Delhi,89.62,PPAC-IOC-metro
2023-02-19,Gujarat,89.15,PPAC-derived
2023-02-19,Haryana,91.65,PPAC-derived
2023-02-19,Karnataka,93.85,PPAC-derived
2023-02-19,Madhya Pradesh,94.15,PPAC-derived
2023-02-19,Maharashtra,94.27,PPAC-IOC-metro
2023-02-19,Punjab,92.25,PPAC-derived
2023-02-19,Rajasthan,95.05,PPAC-derived
2023-02-19,Tamil Nadu,94.24,PPAC-IOC-metro
2023-02-19,Telangana,96.15,PPAC-derived
2023-02-19,Uttar Pradesh,90.85,PPAC-derived
2023-02-19,West Bengal,92.76,PPAC-IOC-metro
2023-02-20,Andhra Pradesh,97.35,PPAC-derived
2023-02-20,Delhi,89.62,PPAC-IOC-metro
2023-02-20,Gujarat,89.15,PPAC-derived
2023-02-20,Haryana,91.65,PPAC-derived
2023-02-20,Karnataka,93.85,PPAC-derived
2023-02-20,Madhya Pradesh,94.15,PPAC-derived
2023-02-20,Maharashtra,94.27,PPAC-IOC-metro
2023-02-20,Punjab,92.25,PPAC-derived
2023-02-20,Rajasthan,95.05,PPAC-derived
2023-02-20,Tamil Nadu,94.24,PPAC-IOC-metro
2023-02-20,Telangana,96.15,PPAC-derived
2023-02-20,Uttar Pradesh,90.85,PPAC-derived
2023-02-20,West Bengal,92.76,PPAC-IOC-metro
2023-02-21,Andhra Pradesh,97.35,PPAC-derived
2023-02-21,Delhi,89.62,PPAC-IOC-metro
2023-02-21,Gujarat,89.15,PPAC-derived
2023-02-21,Haryana,91.65,PPAC-derived
2023-02-21,Karnataka,93.85,PPAC-derived
2023-02-21,Madhya Pradesh,94.15,PPAC-derived
2023-02-21,Maharashtra,94.27,PPAC-IOC-metro
2023-02-21,Punjab,92.25,PPAC-derived
2023-02-21,Rajasthan,95.05,PPAC-derived
2023-02-21,Tamil Nadu,94.24,PPAC-IOC-metro
2023-02-21,Telangana,96.15,PPAC-derived
2023-02-21,Uttar Pradesh,90.85,PPAC-derived
2023-02-21,West Bengal,92.76,PPAC-IOC-metro
2023-02-22,Andhra Pradesh,97.35,PPAC-derived
2023-02-22,Delhi,89.62,PPAC-IOC-metro
2023-02-22,Gujarat,89.15,PPAC-derived
2023-02-22,Haryana,91.65,PPAC-derived
2023-02-22,Karnataka,93.85,PPAC-derived
2023-02-22,Madhya Pradesh,94.15,PPAC-derived
2023-02-22,Maharashtra,94.27,PPAC-IOC-metro
2023-02-22,Punjab,92.25,PPAC-derived
2023-02-22,Rajasthan,95.05,PPAC-derived
2023-02-22,Tamil Nadu,94.24,PPAC-IOC-metro
2023-02-22,Telangana,96.15,PPAC-derived
2023-02-22,Uttar Pradesh,90.85,PPAC-derived
2023-02-22,West Bengal,92.76,PPAC-IOC-metro
2023-02-23,Andhra Pradesh,97.35,PPAC-derived
2023-02-23,Delhi,89.62,PPAC-IOC-metro
2023-02-23,Gujarat,89.15,PPAC-derived
2023-02-23,Haryana,91.65,PPAC-derived
2023-02-23,Karnataka,93.85,PPAC-derived
2023-02-23,Madhya Pradesh,94.15,PPAC-derived
2023-02-23,Maharashtra,94.27,PPAC-IOC-metro
2023-02-23,Punjab,92.25,PPAC-derived
2023-02-23,Rajasthan,95.05,PPAC-derived
2023-02-23,Tamil Nadu,94.24,PPAC-IOC-metro
2023-02-23,Telangana,96.15,PPAC-derived
2023-02-23,Uttar Pradesh,90.85,PPAC-derived
2023-02-23,West Bengal,92.76,PPAC-IOC-metro
2023-02-24,Andhra Pradesh,97.35,PPAC-derived
2023-02-24,Delhi,89.62,PPAC-IOC-metro
2023-02-24,Gujarat,89.15,PPAC-derived
2023-02-24,Haryana,91.65,PPAC-derived
2023-02-24,Karnataka,93.85,PPAC-derived
2023-02-24,Madhya Pradesh,94.15,PPAC-derived
2023-02-24,Maharashtra,94.27,PPAC-IOC-metro
2023-02-24,Punjab,92.25,PPAC-derived
2023-02-24,Rajasthan,95.05,PPAC-derived
2023-02-24,Tamil Nadu,94.24,PPAC-IOC-metro
2023-02-24,Telangana,96.15,PPAC-derived
2023-02-24,Uttar Pradesh,90.85,PPAC-derived
2023-02-24,West Bengal,92.76,PPAC-IOC-metro
2023-02-25,Andhra Pradesh,97.35,PPAC-derived
2023-02-25,Delhi,89.62,PPAC-IOC-metro
2023-02-25,Gujarat,89.15,PPAC-derived
2023-02-25,Haryana,91.65,PPAC-derived
2023-02-25,Karnataka,93.85,PPAC-derived
2023-02-25,Madhya Pradesh,94.15,PPAC-derived
2023-02-25,Maharashtra,94.27,PPAC-IOC-metro
2023-02-25,Punjab,92.25,PPAC-derived
2023-02-25,Rajasthan,95.05,PPAC-derived
2023-02-25,Tamil Nadu,94.24,PPAC-IOC-metro
2023-02-25,Telangana,96.15,PPAC-derived
2023-02-25,Uttar Pradesh,90.85,PPAC-derived
2023-02-25,West Bengal,92.76,PPAC-IOC-metro
2023-02-26,Andhra Pradesh,97.35,PPAC-derived
2023-02-26,Delhi,89.62,PPAC-IOC-metro
2023-02-26,Gujarat,89.15,PPAC-derived
2023-02-26,Haryana,91.65,PPAC-derived
2023-02-26,Karnataka,93.85,PPAC-derived
2023-02-26,Madhya Pradesh,94.15,PPAC-derived
2023-02-26,Maharashtra,94.27,PPAC-IOC-metro
2023-02-26,Punjab,92.25,PPAC-derived
2023-02-26,Rajasthan,95.05,PPAC-derived
2023-02-26,Tamil Nadu,94.24,PPAC-IOC-metro
2023-02-26,Telangana,96.15,PPAC-derived
2023-02-26,Uttar Pradesh,90.85,PPAC-derived
2023-02-26,West Bengal,92.76,PPAC-IOC-metro
2023-02-27,Andhra Pradesh,97.35,PPAC-derived
2023-02-27,Delhi,89.62,PPAC-IOC-metro
2023-02-27,Gujarat,89.15,PPAC-derived
2023-02-27,Haryana,91.65,PPAC-derived
2023-02-27,Karnataka,93.85,PPAC-derived
2023-02-27,Madhya Pradesh,94.15,PPAC-derived
2023-02-27,Maharashtra,94.27,PPAC-IOC-metro
2023-02-27,Punjab,92.25,PPAC-derived
2023-02-27,Rajasthan,95.05,PPAC-derived
2023-02-27,Tamil Nadu,94.24,PPAC-IOC-metro
2023-02-27,Telangana,96.15,PPAC-derived
2023-02-27,Uttar Pradesh,90.85,PPAC-derived
2023-02-27,West Bengal,92.76,PPAC-IOC-metro
2023-02-28,Andhra Pradesh,97.35,PPAC-derived
2023-02-28,Delhi,89.62,PPAC-IOC-metro
2023-02-28,Gujarat,89.15,PPAC-derived
2023-02-28,Haryana,91.65,PPAC-derived
2023-02-28,Karnataka,93.85,PPAC-derived
2023-02-28,Madhya Pradesh,94.15,PPAC-derived
2023-02-28,Maharashtra,94.27,PPAC-IOC-metro
2023-02-28,Punjab,92.25,PPAC-derived
2023-02-28,Rajasthan,95.05,PPAC-derived
2023-02-28,Tamil Nadu,94.24,PPAC-IOC-metro
2023-02-28,Telangana,96.15,PPAC-derived
2023-02-28,Uttar Pradesh,90.85,PPAC-derived
2023-02-28,West Bengal,92.76,PPAC-IOC-metro
2023-03-01,Andhra Pradesh,97.35,PPAC-derived
2023-03-01,Delhi,89.62,PPAC-IOC-metro
2023-03-01,Gujarat,89.15,PPAC-derived
2023-03-01,Haryana,91.65,PPAC-derived
2023-03-01,Karnataka,93.85,PPAC-derived
2023-03-01,Madhya Pradesh,94.15,PPAC-derived
2023-03-01,Maharashtra,94.27,PPAC-IOC-metro
2023-03-01,Punjab,92.25,PPAC-derived
2023-03-01,Rajasthan,95.05,PPAC-derived
2023-03-01,Tamil Nadu,94.24,PPAC-IOC-metro
2023-03-01,Telangana,96.15,PPAC-derived
2023-03-01,Uttar Pradesh,90.85,PPAC-derived
2023-03-01,West Bengal,92.76,PPAC-IOC-metro
2023-03-02,Andhra Pradesh,97.35,PPAC-derived
2023-03-02,Delhi,89.62,PPAC-IOC-metro
2023-03-02,Gujarat,89.15,PPAC-derived
2023-03-02,Haryana,91.65,PPAC-derived
2023-03-02,Karnataka,93.85,PPAC-derived
2023-03-02,Madhya Pradesh,94.15,PPAC-derived
2023-03-02,Maharashtra,94.27,PPAC-IOC-metro
2023-03-02,Punjab,92.25,PPAC-derived
2023-03-02,Rajasthan,95.05,PPAC-derived
2023-03-02,Tamil Nadu,94.24,PPAC-IOC-metro
2023-03-02,Telangana,96.15,PPAC-derived
2023-03-02,Uttar Pradesh,90.85,PPAC-derived
2023-03-02,West Bengal,92.76,PPAC-IOC-metro
2023-03-03,Andhra Pradesh,97.35,PPAC-derived
2023-03-03,Delhi,89.62,PPAC-IOC-metro
2023-03-03,Gujarat,89.15,PPAC-derived
2023-03-03,Haryana,91.65,PPAC-derived
2023-03-03,Karnataka,93.85,PPAC-derived
2023-03-03,Madhya Pradesh,94.15,PPAC-derived
2023-03-03,Maharashtra,94.27,PPAC-IOC-metro
2023-03-03,Punjab,92.25,PPAC-derived
2023-03-03,Rajasthan,95.05,PPAC-derived
2023-03-03,Tamil Nadu,94.24,PPAC-IOC-metro
2023-03-03,Telangana,96.15,PPAC-derived
2023-03-03,Uttar Pradesh,90.85,PPAC-derived
2023-03-03,West Bengal,92.76,PPAC-IOC-metro
2023-03-04,Andhra Pradesh,97.35,PPAC-derived
2023-03-04,Delhi,89.62,PPAC-IOC-metro
2023-03-04,Gujarat,89.15,PPAC-derived
2023-03-04,Haryana,91.65,PPAC-derived
2023-03-04,Karnataka,93.85,PPAC-derived
2023-03-04,Madhya Pradesh,94.15,PPAC-derived
2023-03-04,Maharashtra,94.27,PPAC-IOC-metro
2023-03-04,Punjab,92.25,PPAC-derived
2023-03-04,Rajasthan,95.05,PPAC-derived
2023-03-04,Tamil Nadu,94.24,PPAC-IOC-metro
2023-03-04,Telangana,96.15,PPAC-derived
2023-03-04,Uttar Pradesh,90.85,PPAC-derived
2023-03-04,West Bengal,92.76,PPAC-IOC-metro
2023-03-05,Andhra Pradesh,97.35,PPAC-derived
2023-03-05,Delhi,89.62,PPAC-IOC-metro
2023-03-05,Gujarat,89.15,PPAC-derived
2023-03-05,Haryana,91.65,PPAC-derived
2023-03-05,Karnataka,93.85,PPAC-derived
2023-03-05,Madhya Pradesh,94.15,PPAC-derived
2023-03-05,Maharashtra,94.27,PPAC-IOC-metro
2023-03-05,Punjab,92.25,PPAC-derived
2023-03-05,Rajasthan,95.05,PPAC-derived
2023-03-05,Tamil Nadu,94.24,PPAC-IOC-metro
2023-03-05,Telangana,96.15,PPAC-derived
2023-03-05,Uttar Pradesh,90.85,PPAC-derived
2023-03-05,West Bengal,92.76,PPAC-IOC-metro
2023-03-06,Andhra Pradesh,97.35,PPAC-derived
2023-03-06,Delhi,89.62,PPAC-IOC-metro
2023-03-06,Gujarat,89.15,PPAC-derived
2023-03-06,Haryana,91.65,PPAC-derived
2023-03-06,Karnataka,93.85,PPAC-derived
2023-03-06,Madhya Pradesh,94.15,PPAC-derived
2023-03-06,Maharashtra,94.27,PPAC-IOC-metro
2023-03-06,Punjab,92.25,PPAC-derived
2023-03-06,Rajasthan,95.05,PPAC-derived
2023-03-06,Tamil Nadu,94.24,PPAC-IOC-metro
2023-03-06,Telangana,96.15,PPAC-derived
2023-03-06,Uttar Pradesh,90.85,PPAC-derived
2023-03-06,West Bengal,92.76,PPAC-IOC-metro
2023-03-07,Andhra Pradesh,97.35,PPAC-derived
2023-03-07,Delhi,89.62,PPAC-IOC-metro
2023-03-07,Gujarat,89.15,PPAC-derived
2023-03-07,Haryana,91.65,PPAC-derived
2023-03-07,Karnataka,93.85,PPAC-derived
2023-03-07,Madhya Pradesh,94.15,PPAC-derived
2023-03-07,Maharashtra,94.27,PPAC-IOC-metro
2023-03-07,Punjab,92.25,PPAC-derived
2023-03-07,Rajasthan,95.05,PPAC-derived
2023-03-07,Tamil Nadu,94.24,PPAC-IOC-metro
2023-03-07,Telangana,96.15,PPAC-derived
2023-03-07,Uttar Pradesh,90.85,PPAC-derived
2023-03-07,West Bengal,92.76,PPAC-IOC-metro
2023-03-08,Andhra Pradesh,97.35,PPAC-derived
2023-03-08,Delhi,89.62,PPAC-IOC-metro
2023-03-08,Gujarat,89.15,PPAC-derived
2023-03-08,Haryana,91.65,PPAC-derived
2023-03-08,Karnataka,93.85,PPAC-derived
2023-03-08,Madhya Pradesh,94.15,PPAC-derived
2023-03-08,Maharashtra,94.27,PPAC-IOC-metro
2023-03-08,Punjab,92.25,PPAC-derived
2023-03-08,Rajasthan,95.05,PPAC-derived
2023-03-08,Tamil Nadu,94.24,PPAC-IOC-metro
2023-03-08,Telangana,96.15,PPAC-derived
2023-03-08,Uttar Pradesh,90.85,PPAC-derived
2023-03-08,West Bengal,92.76,PPAC-IOC-metro
2023-03-09,Andhra Pradesh,97.35,PPAC-derived
2023-03-09,Delhi,89.62,PPAC-IOC-metro
2023-03-09,Gujarat,89.15,PPAC-derived
2023-03-09,Haryana,91.65,PPAC-derived
2023-03-09,Karnataka,93.85,PPAC-derived
2023-03-09,Madhya Pradesh,94.15,PPAC-derived
2023-03-09,Maharashtra,94.27,PPAC-IOC-metro
2023-03-09,Punjab,92.25,PPAC-derived
2023-03-09,Rajasthan,95.05,PPAC-derived
2023-03-09,Tamil Nadu,94.24,PPAC-IOC-metro
2023-03-09,Telangana,96.15,PPAC-derived
2023-03-09,Uttar Pradesh,90.85,PPAC-derived
2023-03-09,West Bengal,92.76,PPAC-IOC-metro
2023-03-10,Andhra Pradesh,97.35,PPAC-derived
2023-03-10,Delhi,89.62,PPAC-IOC-metro
2023-03-10,Gujarat,89.15,PPAC-derived
2023-03-10,Haryana,91.65,PPAC-derived
2023-03-10,Karnataka,93.85,PPAC-derived
2023-03-10,Madhya Pradesh,94.15,PPAC-derived
2023-03-10,Maharashtra,94.27,PPAC-IOC-metro
2023-03-10,Punjab,92.25,PPAC-derived
2023-03-10,Rajasthan,95.05,PPAC-derived
2023-03-10,Tamil Nadu,94.24,PPAC-IOC-metro
2023-03-10,Telangana,96.15,PPAC-derived
2023-03-10,Uttar Pradesh,90.85,PPAC-derived
2023-03-10,West Bengal,92.76,PPAC-IOC-metro
2023-03-11,Andhra Pradesh,97.35,PPAC-derived
2023-03-11,Delhi,89.62,PPAC-IOC-metro
2023-03-11,Gujarat,89.15,PPAC-derived
2023-03-11,Haryana,91.65,PPAC-derived
2023-03-11,Karnataka,93.85,PPAC-derived
2023-03-11,Madhya Pradesh,94.15,PPAC-derived
2023-03-11,Maharashtra,94.27,PPAC-IOC-metro
2023-03-11,Punjab,92.25,PPAC-derived
2023-03-11,Rajasthan,95.05,PPAC-derived
2023-03-11,Tamil Nadu,94.24,PPAC-IOC-metro
2023-03-11,Telangana,96.15,PPAC-derived
2023-03-11,Uttar Pradesh,90.85,PPAC-derived
2023-03-11,West Bengal,92.76,PPAC-IOC-metro
2023-03-12,Andhra Pradesh,97.35,PPAC-derived
2023-03-12,Delhi,89.62,PPAC-IOC-metro
2023-03-12,Gujarat,89.15,PPAC-derived
2023-03-12,Haryana,91.65,PPAC-derived
2023-03-12,Karnataka,93.85,PPAC-derived
2023-03-12,Madhya Pradesh,94.15,PPAC-derived
2023-03-12,Maharashtra,94.27,PPAC-IOC-metro
2023-03-12,Punjab,92.25,PPAC-derived
2023-03-12,Rajasthan,95.05,PPAC-derived
2023-03-12,Tamil Nadu,94.24,PPAC-IOC-metro
2023-03-12,Telangana,96.15,PPAC-derived
2023-03-12,Uttar Pradesh,90.85,PPAC-derived
2023-03-12,West Bengal,92.76,PPAC-IOC-metro
2023-03-13,Andhra Pradesh,97.35,PPAC-derived
2023-03-13,Delhi,89.62,PPAC-IOC-metro
2023-03-13,Gujarat,89.15,PPAC-derived
2023-03-13,Haryana,91.65,PPAC-derived
2023-03-13,Karnataka,93.85,PPAC-derived
2023-03-13,Madhya Pradesh,94.15,PPAC-derived
2023-03-13,Maharashtra,94.27,PPAC-IOC-metro
2023-03-13,Punjab,92.25,PPAC-derived
2023-03-13,Rajasthan,95.05,PPAC-derived
2023-03-13,Tamil Nadu,94.24,PPAC-IOC-metro
2023-03-13,Telangana,96.15,PPAC-derived
2023-03-13,Uttar Pradesh,90.85,PPAC-derived
2023-03-13,West Bengal,92.76,PPAC-IOC-metro
2023-03-14,Andhra Pradesh,97.35,PPAC-derived
2023-03-14,Delhi,89.62,PPAC-IOC-metro
2023-03-14,Gujarat,89.15,PPAC-derived
2023-03-14,Haryana,91.65,PPAC-derived
2023-03-14,Karnataka,93.85,PPAC-derived
2023-03-14,Madhya Pradesh,94.15,PPAC-derived
2023-03-14,Maharashtra,94.27,PPAC-IOC-metro
2023-03-14,Punjab,92.25,PPAC-derived
2023-03-14,Rajasthan,95.05,PPAC-derived
2023-03-14,Tamil Nadu,94.24,PPAC-IOC-metro
2023-03-14,Telangana,96.15,PPAC-derived
2023-03-14,Uttar Pradesh,90.85,PPAC-derived
2023-03-14,West Bengal,92.76,PPAC-IOC-metro
2023-03-15,Andhra Pradesh,97.35,PPAC-derived
2023-03-15,Delhi,89.62,PPAC-IOC-metro
2023-03-15,Gujarat,89.15,PPAC-derived
2023-03-15,Haryana,91.65,PPAC-derived
2023-03-15,Karnataka,93.85,PPAC-derived
2023-03-15,Madhya Pradesh,94.15,PPAC-derived
2023-03-15,Maharashtra,94.27,PPAC-IOC-metro
2023-03-15,Punjab,92.25,PPAC-derived
2023-03-15,Rajasthan,95.05,PPAC-derived
2023-03-15,Tamil Nadu,94.24,PPAC-IOC-metro
2023-03-15,Telangana,96.15,PPAC-derived
2023-03-15,Uttar Pradesh,90.85,PPAC-derived
2023-03-15,West Bengal,92.76,PPAC-IOC-metro
2023-03-16,Andhra Pradesh,97.35,PPAC-derived
2023-03-16,Delhi,89.62,PPAC-IOC-metro
2023-03-16,Gujarat,89.15,PPAC-derived
2023-03-16,Haryana,91.65,PPAC-derived
2023-03-16,Karnataka,93.85,PPAC-derived
2023-03-16,Madhya Pradesh,94.15,PPAC-derived
2023-03-16,Maharashtra,94.27,PPAC-IOC-metro
2023-03-16,Punjab,92.25,PPAC-derived
2023-03-16,Rajasthan,95.05,PPAC-derived
2023-03-16,Tamil Nadu,94.24,PPAC-IOC-metro
2023-03-16,Telangana,96.15,PPAC-derived
2023-03-16,Uttar Pradesh,90.85,PPAC-derived
2023-03-16,West Bengal,92.76,PPAC-IOC-metro
2023-03-17,Andhra Pradesh,97.35,PPAC-derived
2023-03-17,Delhi,89.62,PPAC-IOC-metro
2023-03-17,Gujarat,89.15,PPAC-derived
2023-03-17,Haryana,91.65,PPAC-derived
2023-03-17,Karnataka,93.85,PPAC-derived
2023-03-17,Madhya Pradesh,94.15,PPAC-derived
2023-03-17,Maharashtra,94.27,PPAC-IOC-metro
2023-03-17,Punjab,92.25,PPAC-derived
2023-03-17,Rajasthan,95.05,PPAC-derived
2023-03-17,Tamil Nadu,94.24,PPAC-IOC-metro
2023-03-17,Telangana,96.15,PPAC-derived
2023-03-17,Uttar Pradesh,90.85,PPAC-derived
2023-03-17,West Bengal,92.76,PPAC-IOC-metro
2023-03-18,Andhra Pradesh,97.35,PPAC-derived
2023-03-18,Delhi,89.62,PPAC-IOC-metro
2023-03-18,Gujarat,89.15,PPAC-derived
2023-03-18,Haryana,91.65,PPAC-derived
2023-03-18,Karnataka,93.85,PPAC-derived
2023-03-18,Madhya Pradesh,94.15,PPAC-derived
2023-03-18,Maharashtra,94.27,PPAC-IOC-metro
2023-03-18,Punjab,92.25,PPAC-derived
2023-03-18,Rajasthan,95.05,PPAC-derived
2023-03-18,Tamil Nadu,94.24,PPAC-IOC-metro
2023-03-18,Telangana,96.15,PPAC-derived
2023-03-18,Uttar Pradesh,90.85,PPAC-derived
2023-03-18,West Bengal,92.76,PPAC-IOC-metro
2023-03-19,Andhra Pradesh,97.35,PPAC-derived
2023-03-19,Delhi,89.62,PPAC-IOC-metro
2023-03-19,Gujarat,89.15,PPAC-derived
2023-03-19,Haryana,91.65,PPAC-derived
2023-03-19,Karnataka,93.85,PPAC-derived
2023-03-19,Madhya Pradesh,94.15,PPAC-derived
2023-03-19,Maharashtra,94.27,PPAC-IOC-metro
2023-03-19,Punjab,92.25,PPAC-derived
2023-03-19,Rajasthan,95.05,PPAC-derived
2023-03-19,Tamil Nadu,94.24,PPAC-IOC-metro
2023-03-19,Telangana,96.15,PPAC-derived
2023-03-19,Uttar Pradesh,90.85,PPAC-derived
2023-03-19,West Bengal,92.76,PPAC-IOC-metro
2023-03-20,Andhra Pradesh,97.35,PPAC-derived
2023-03-20,Delhi,89.62,PPAC-IOC-metro
2023-03-20,Gujarat,89.15,PPAC-derived
2023-03-20,Haryana,91.65,PPAC-derived
2023-03-20,Karnataka,93.85,PPAC-derived
2023-03-20,Madhya Pradesh,94.15,PPAC-derived
2023-03-20,Maharashtra,94.27,PPAC-IOC-metro
2023-03-20,Punjab,92.25,PPAC-derived
2023-03-20,Rajasthan,95.05,PPAC-derived
2023-03-20,Tamil Nadu,94.24,PPAC-IOC-metro
2023-03-20,Telangana,96.15,PPAC-derived
2023-03-20,Uttar Pradesh,90.85,PPAC-derived
2023-03-20,West Bengal,92.76,PPAC-IOC-metro
2023-03-21,Andhra Pradesh,97.35,PPAC-derived
2023-03-21,Delhi,89.62,PPAC-IOC-metro
2023-03-21,Gujarat,89.15,PPAC-derived
2023-03-21,Haryana,91.65,PPAC-derived
2023-03-21,Karnataka,93.85,PPAC-derived
2023-03-21,Madhya Pradesh,94.15,PPAC-derived
2023-03-21,Maharashtra,94.27,PPAC-IOC-metro
2023-03-21,Punjab,92.25,PPAC-derived
2023-03-21,Rajasthan,95.05,PPAC-derived
2023-03-21,Tamil Nadu,94.24,PPAC-IOC-metro
2023-03-21,Telangana,96.15,PPAC-derived
2023-03-21,Uttar Pradesh,90.85,PPAC-derived
2023-03-21,West Bengal,92.76,PPAC-IOC-metro
2023-03-22,Andhra Pradesh,97.35,PPAC-derived
2023-03-22,Delhi,89.62,PPAC-IOC-metro
2023-03-22,Gujarat,89.15,PPAC-derived
2023-03-22,Haryana,91.65,PPAC-derived
2023-03-22,Karnataka,93.85,PPAC-derived
2023-03-22,Madhya Pradesh,94.15,PPAC-derived
2023-03-22,Maharashtra,94.27,PPAC-IOC-metro
2023-03-22,Punjab,92.25,PPAC-derived
2023-03-22,Rajasthan,95.05,PPAC-derived
2023-03-22,Tamil Nadu,94.24,PPAC-IOC-metro
2023-03-22,Telangana,96.15,PPAC-derived
2023-03-22,Uttar Pradesh,90.85,PPAC-derived
2023-03-22,West Bengal,92.76,PPAC-IOC-metro
2023-03-23,Andhra Pradesh,97.35,PPAC-derived
2023-03-23,Delhi,89.62,PPAC-IOC-metro
2023-03-23,Gujarat,89.15,PPAC-derived
2023-03-23,Haryana,91.65,PPAC-derived
2023-03-23,Karnataka,93.85,PPAC-derived
2023-03-23,Madhya Pradesh,94.15,PPAC-derived
2023-03-23,Maharashtra,94.27,PPAC-IOC-metro
2023-03-23,Punjab,92.25,PPAC-derived
2023-03-23,Rajasthan,95.05,PPAC-derived
2023-03-23,Tamil Nadu,94.24,PPAC-IOC-metro
2023-03-23,Telangana,96.15,PPAC-derived
2023-03-23,Uttar Pradesh,90.85,PPAC-derived
2023-03-23,West Bengal,92.76,PPAC-IOC-metro
2023-03-24,Andhra Pradesh,97.35,PPAC-derived
2023-03-24,Delhi,89.62,PPAC-IOC-metro
2023-03-24,Gujarat,89.15,PPAC-derived
2023-03-24,Haryana,91.65,PPAC-derived
2023-03-24,Karnataka,93.85,PPAC-derived
2023-03-24,Madhya Pradesh,94.15,PPAC-derived
2023-03-24,Maharashtra,94.27,PPAC-IOC-metro
2023-03-24,Punjab,92.25,PPAC-derived
2023-03-24,Rajasthan,95.05,PPAC-derived
2023-03-24,Tamil Nadu,94.24,PPAC-IOC-metro
2023-03-24,Telangana,96.15,PPAC-derived
2023-03-24,Uttar Pradesh,90.85,PPAC-derived
2023-03-24,West Bengal,92.76,PPAC-IOC-metro
2023-03-25,Andhra Pradesh,97.35,PPAC-derived
2023-03-25,Delhi,89.62,PPAC-IOC-metro
2023-03-25,Gujarat,89.15,PPAC-derived
2023-03-25,Haryana,91.65,PPAC-derived
2023-03-25,Karnataka,93.85,PPAC-derived
2023-03-25,Madhya Pradesh,94.15,PPAC-derived
2023-03-25,Maharashtra,94.27,PPAC-IOC-metro
2023-03-25,Punjab,92.25,PPAC-derived
2023-03-25,Rajasthan,95.05,PPAC-derived
2023-03-25,Tamil Nadu,94.24,PPAC-IOC-metro
2023-03-25,Telangana,96.15,PPAC-derived
2023-03-25,Uttar Pradesh,90.85,PPAC-derived
2023-03-25,West Bengal,92.76,PPAC-IOC-metro
2023-03-26,Andhra Pradesh,97.35,PPAC-derived
2023-03-26,Delhi,89.62,PPAC-IOC-metro
2023-03-26,Gujarat,89.15,PPAC-derived
2023-03-26,Haryana,91.65,PPAC-derived
2023-03-26,Karnataka,93.85,PPAC-derived
2023-03-26,Madhya Pradesh,94.15,PPAC-derived
2023-03-26,Maharashtra,94.27,PPAC-IOC-metro
2023-03-26,Punjab,92.25,PPAC-derived
2023-03-26,Rajasthan,95.05,PPAC-derived
2023-03-26,Tamil Nadu,94.24,PPAC-IOC-metro
2023-03-26,Telangana,96.15,PPAC-derived
2023-03-26,Uttar Pradesh,90.85,PPAC-derived
2023-03-26,West Bengal,92.76,PPAC-IOC-metro
2023-03-27,Andhra Pradesh,97.35,PPAC-derived
2023-03-27,Delhi,89.62,PPAC-IOC-metro
2023-03-27,Gujarat,89.15,PPAC-derived
2023-03-27,Haryana,91.65,PPAC-derived
2023-03-27,Karnataka,93.85,PPAC-derived
2023-03-27,Madhya Pradesh,94.15,PPAC-derived
2023-03-27,Maharashtra,94.27,PPAC-IOC-metro
2023-03-27,Punjab,92.25,PPAC-derived
2023-03-27,Rajasthan,95.05,PPAC-derived
2023-03-27,Tamil Nadu,94.24,PPAC-IOC-metro
2023-03-27,Telangana,96.15,PPAC-derived
2023-03-27,Uttar Pradesh,90.85,PPAC-derived
2023-03-27,West Bengal,92.76,PPAC-IOC-metro
2023-03-28,Andhra Pradesh,97.35,PPAC-derived
2023-03-28,Delhi,89.62,PPAC-IOC-metro
2023-03-28,Gujarat,89.15,PPAC-derived
2023-03-28,Haryana,91.65,PPAC-derived
2023-03-28,Karnataka,93.85,PPAC-derived
2023-03-28,Madhya Pradesh,94.15,PPAC-derived
2023-03-28,Maharashtra,94.27,PPAC-IOC-metro
2023-03-28,Punjab,92.25,PPAC-derived
2023-03-28,Rajasthan,95.05,PPAC-derived
2023-03-28,Tamil Nadu,94.24,PPAC-IOC-metro
2023-03-28,Telangana,96.15,PPAC-derived
2023-03-28,Uttar Pradesh,90.85,PPAC-derived
2023-03-28,West Bengal,92.76,PPAC-IOC-metro
2023-03-29,Andhra Pradesh,97.35,PPAC-derived
2023-03-29,Delhi,89.62,PPAC-IOC-metro
2023-03-29,Gujarat,89.15,PPAC-derived
2023-03-29,Haryana,91.65,PPAC-derived
2023-03-29,Karnataka,93.85,PPAC-derived
2023-03-29,Madhya Pradesh,94.15,PPAC-derived
2023-03-29,Maharashtra,94.27,PPAC-IOC-metro
2023-03-29,Punjab,92.25,PPAC-derived
2023-03-29,Rajasthan,95.05,PPAC-derived
2023-03-29,Tamil Nadu,94.24,PPAC-IOC-metro
2023-03-29,Telangana,96.15,PPAC-derived
2023-03-29,Uttar Pradesh,90.85,PPAC-derived
2023-03-29,West Bengal,92.76,PPAC-IOC-metro
2023-03-30,Andhra Pradesh,97.35,PPAC-derived
2023-03-30,Delhi,89.62,PPAC-IOC-metro
2023-03-30,Gujarat,89.15,PPAC-derived
2023-03-30,Haryana,91.65,PPAC-derived
2023-03-30,Karnataka,93.85,PPAC-derived
2023-03-30,Madhya Pradesh,94.15,PPAC-derived
2023-03-30,Maharashtra,94.27,PPAC-IOC-metro
2023-03-30,Punjab,92.25,PPAC-derived
2023-03-30,Rajasthan,95.05,PPAC-derived
2023-03-30,Tamil Nadu,94.24,PPAC-IOC-metro
2023-03-30,Telangana,96.15,PPAC-derived
2023-03-30,Uttar Pradesh,90.85,PPAC-derived
2023-03-30,West Bengal,92.76,PPAC-IOC-metro
2023-03-31,Andhra Pradesh,97.35,PPAC-derived
2023-03-31,Delhi,89.62,PPAC-IOC-metro
2023-03-31,Gujarat,89.15,PPAC-derived
2023-03-31,Haryana,91.65,PPAC-derived
2023-03-31,Karnataka,93.85,PPAC-derived
2023-03-31,Madhya Pradesh,94.15,PPAC-derived
2023-03-31,Maharashtra,94.27,PPAC-IOC-metro
2023-03-31,Punjab,92.25,PPAC-derived
2023-03-31,Rajasthan,95.05,PPAC-derived
2023-03-31,Tamil Nadu,94.24,PPAC-IOC-metro
2023-03-31,Telangana,96.15,PPAC-derived
2023-03-31,Uttar Pradesh,90.85,PPAC-derived
2023-03-31,West Bengal,92.76,PPAC-IOC-metro
2023-04-01,Andhra Pradesh,97.35,PPAC-derived
2023-04-01,Delhi,89.62,PPAC-IOC-metro
2023-04-01,Gujarat,89.15,PPAC-derived
2023-04-01,Haryana,91.65,PPAC-derived
2023-04-01,Karnataka,93.85,PPAC-derived
2023-04-01,Madhya Pradesh,94.15,PPAC-derived
2023-04-01,Maharashtra,94.27,PPAC-IOC-metro
2023-04-01,Punjab,92.25,PPAC-derived
2023-04-01,Rajasthan,95.05,PPAC-derived
2023-04-01,Tamil Nadu,94.24,PPAC-IOC-metro
2023-04-01,Telangana,96.15,PPAC-derived
2023-04-01,Uttar Pradesh,90.85,PPAC-derived
2023-04-01,West Bengal,92.76,PPAC-IOC-metro
2023-04-02,Andhra Pradesh,97.35,PPAC-derived
2023-04-02,Delhi,89.62,PPAC-IOC-metro
2023-04-02,Gujarat,89.15,PPAC-derived
2023-04-02,Haryana,91.65,PPAC-derived
2023-04-02,Karnataka,93.85,PPAC-derived
2023-04-02,Madhya Pradesh,94.15,PPAC-derived
2023-04-02,Maharashtra,94.27,PPAC-IOC-metro
2023-04-02,Punjab,92.25,PPAC-derived
2023-04-02,Rajasthan,95.05,PPAC-derived
2023-04-02,Tamil Nadu,94.24,PPAC-IOC-metro
2023-04-02,Telangana,96.15,PPAC-derived
2023-04-02,Uttar Pradesh,90.85,PPAC-derived
2023-04-02,West Bengal,92.76,PPAC-IOC-metro
2023-04-03,Andhra Pradesh,97.35,PPAC-derived
2023-04-03,Delhi,89.62,PPAC-IOC-metro
2023-04-03,Gujarat,89.15,PPAC-derived
2023-04-03,Haryana,91.65,PPAC-derived
2023-04-03,Karnataka,93.85,PPAC-derived
2023-04-03,Madhya Pradesh,94.15,PPAC-derived
2023-04-03,Maharashtra,94.27,PPAC-IOC-metro
2023-04-03,Punjab,92.25,PPAC-derived
2023-04-03,Rajasthan,95.05,PPAC-derived
2023-04-03,Tamil Nadu,94.24,PPAC-IOC-metro
2023-04-03,Telangana,96.15,PPAC-derived
2023-04-03,Uttar Pradesh,90.85,PPAC-derived
2023-04-03,West Bengal,92.76,PPAC-IOC-metro
2023-04-04,Andhra Pradesh,97.35,PPAC-derived
2023-04-04,Delhi,89.62,PPAC-IOC-metro
2023-04-04,Gujarat,89.15,PPAC-derived
2023-04-04,Haryana,91.65,PPAC-derived
2023-04-04,Karnataka,93.85,PPAC-derived
2023-04-04,Madhya Pradesh,94.15,PPAC-derived
2023-04-04,Maharashtra,94.27,PPAC-IOC-metro
2023-04-04,Punjab,92.25,PPAC-derived
2023-04-04,Rajasthan,95.05,PPAC-derived
2023-04-04,Tamil Nadu,94.24,PPAC-IOC-metro
2023-04-04,Telangana,96.15,PPAC-derived
2023-04-04,Uttar Pradesh,90.85,PPAC-derived
2023-04-04,West Bengal,92.76,PPAC-IOC-metro
2023-04-05,Andhra Pradesh,97.35,PPAC-derived
2023-04-05,Delhi,89.62,PPAC-IOC-metro
2023-04-05,Gujarat,89.15,PPAC-derived
2023-04-05,Haryana,91.65,PPAC-derived
2023-04-05,Karnataka,93.85,PPAC-derived
2023-04-05,Madhya Pradesh,94.15,PPAC-derived
2023-04-05,Maharashtra,94.27,PPAC-IOC-metro
2023-04-05,Punjab,92.25,PPAC-derived
2023-04-05,Rajasthan,95.05,PPAC-derived
2023-04-05,Tamil Nadu,94.24,PPAC-IOC-metro
2023-04-05,Telangana,96.15,PPAC-derived
2023-04-05,Uttar Pradesh,90.85,PPAC-derived
2023-04-05,West Bengal,92.76,PPAC-IOC-metro
2023-04-06,Andhra Pradesh,97.35,PPAC-derived
2023-04-06,Delhi,89.62,PPAC-IOC-metro
2023-04-06,Gujarat,89.15,PPAC-derived
2023-04-06,Haryana,91.65,PPAC-derived
2023-04-06,Karnataka,93.85,PPAC-derived
2023-04-06,Madhya Pradesh,94.15,PPAC-derived
2023-04-06,Maharashtra,94.27,PPAC-IOC-metro
2023-04-06,Punjab,92.25,PPAC-derived
2023-04-06,Rajasthan,95.05,PPAC-derived
2023-04-06,Tamil Nadu,94.24,PPAC-IOC-metro
2023-04-06,Telangana,96.15,PPAC-derived
2023-04-06,Uttar Pradesh,90.85,PPAC-derived
2023-04-06,West Bengal,92.76,PPAC-IOC-metro
2023-04-07,Andhra Pradesh,97.35,PPAC-derived
2023-04-07,Delhi,89.62,PPAC-IOC-metro
2023-04-07,Gujarat,89.15,PPAC-derived
2023-04-07,Haryana,91.65,PPAC-derived
2023-04-07,Karnataka,93.85,PPAC-derived
2023-04-07,Madhya Pradesh,94.15,PPAC-derived
2023-04-07,Maharashtra,94.27,PPAC-IOC-metro
2023-04-07,Punjab,92.25,PPAC-derived
2023-04-07,Rajasthan,95.05,PPAC-derived
2023-04-07,Tamil Nadu,94.24,PPAC-IOC-metro
2023-04-07,Telangana,96.15,PPAC-derived
2023-04-07,Uttar Pradesh,90.85,PPAC-derived
2023-04-07,West Bengal,92.76,PPAC-IOC-metro
2023-04-08,Andhra Pradesh,97.35,PPAC-derived
2023-04-08,Delhi,89.62,PPAC-IOC-metro
2023-04-08,Gujarat,89.15,PPAC-derived
2023-04-08,Haryana,91.65,PPAC-derived
2023-04-08,Karnataka,93.85,PPAC-derived
2023-04-08,Madhya Pradesh,94.15,PPAC-derived
2023-04-08,Maharashtra,94.27,PPAC-IOC-metro
2023-04-08,Punjab,92.25,PPAC-derived
2023-04-08,Rajasthan,95.05,PPAC-derived
2023-04-08,Tamil Nadu,94.24,PPAC-IOC-metro
2023-04-08,Telangana,96.15,PPAC-derived
2023-04-08,Uttar Pradesh,90.85,PPAC-derived
2023-04-08,West Bengal,92.76,PPAC-IOC-metro
2023-04-09,Andhra Pradesh,97.35,PPAC-derived
2023-04-09,Delhi,89.62,PPAC-IOC-metro
2023-04-09,Gujarat,89.15,PPAC-derived
2023-04-09,Haryana,91.65,PPAC-derived
2023-04-09,Karnataka,93.85,PPAC-derived
2023-04-09,Madhya Pradesh,94.15,PPAC-derived
2023-04-09,Maharashtra,94.27,PPAC-IOC-metro
2023-04-09,Punjab,92.25,PPAC-derived
2023-04-09,Rajasthan,95.05,PPAC-derived
2023-04-09,Tamil Nadu,94.24,PPAC-IOC-metro
2023-04-09,Telangana,96.15,PPAC-derived
2023-04-09,Uttar Pradesh,90.85,PPAC-derived
2023-04-09,West Bengal,92.76,PPAC-IOC-metro
2023-04-10,Andhra Pradesh,97.35,PPAC-derived
2023-04-10,Delhi,89.62,PPAC-IOC-metro
2023-04-10,Gujarat,89.15,PPAC-derived
2023-04-10,Haryana,91.65,PPAC-derived
2023-04-10,Karnataka,93.85,PPAC-derived
2023-04-10,Madhya Pradesh,94.15,PPAC-derived
2023-04-10,Maharashtra,94.27,PPAC-IOC-metro
2023-04-10,Punjab,92.25,PPAC-derived
2023-04-10,Rajasthan,95.05,PPAC-derived
2023-04-10,Tamil Nadu,94.24,PPAC-IOC-metro
2023-04-10,Telangana,96.15,PPAC-derived
2023-04-10,Uttar Pradesh,90.85,PPAC-derived
2023-04-10,West Bengal,92.76,PPAC-IOC-metro
2023-04-11,Andhra Pradesh,97.35,PPAC-derived
2023-04-11,Delhi,89.62,PPAC-IOC-metro
2023-04-11,Gujarat,89.15,PPAC-derived
2023-04-11,Haryana,91.65,PPAC-derived
2023-04-11,Karnataka,93.85,PPAC-derived
2023-04-11,Madhya Pradesh,94.15,PPAC-derived
2023-04-11,Maharashtra,94.27,PPAC-IOC-metro
2023-04-11,Punjab,92.25,PPAC-derived
2023-04-11,Rajasthan,95.05,PPAC-derived
2023-04-11,Tamil Nadu,94.24,PPAC-IOC-metro
2023-04-11,Telangana,96.15,PPAC-derived
2023-04-11,Uttar Pradesh,90.85,PPAC-derived
2023-04-11,West Bengal,92.76,PPAC-IOC-metro
2023-04-12,Andhra Pradesh,97.35,PPAC-derived
2023-04-12,Delhi,89.62,PPAC-IOC-metro
2023-04-12,Gujarat,89.15,PPAC-derived
2023-04-12,Haryana,91.65,PPAC-derived
2023-04-12,Karnataka,93.85,PPAC-derived
2023-04-12,Madhya Pradesh,94.15,PPAC-derived
2023-04-12,Maharashtra,94.27,PPAC-IOC-metro
2023-04-12,Punjab,92.25,PPAC-derived
2023-04-12,Rajasthan,95.05,PPAC-derived
2023-04-12,Tamil Nadu,94.24,PPAC-IOC-metro
2023-04-12,Telangana,96.15,PPAC-derived
2023-04-12,Uttar Pradesh,90.85,PPAC-derived
2023-04-12,West Bengal,92.76,PPAC-IOC-metro
2023-04-13,Andhra Pradesh,97.35,PPAC-derived
2023-04-13,Delhi,89.62,PPAC-IOC-metro
2023-04-13,Gujarat,89.15,PPAC-derived
2023-04-13,Haryana,91.65,PPAC-derived
2023-04-13,Karnataka,93.85,PPAC-derived
2023-04-13,Madhya Pradesh,94.15,PPAC-derived
2023-04-13,Maharashtra,94.27,PPAC-IOC-metro
2023-04-13,Punjab,92.25,PPAC-derived
2023-04-13,Rajasthan,95.05,PPAC-derived
2023-04-13,Tamil Nadu,94.24,PPAC-IOC-metro
2023-04-13,Telangana,96.15,PPAC-derived
2023-04-13,Uttar Pradesh,90.85,PPAC-derived
2023-04-13,West Bengal,92.76,PPAC-IOC-metro
2023-04-14,Andhra Pradesh,97.35,PPAC-derived
2023-04-14,Delhi,89.62,PPAC-IOC-metro
2023-04-14,Gujarat,89.15,PPAC-derived
2023-04-14,Haryana,91.65,PPAC-derived
2023-04-14,Karnataka,93.85,PPAC-derived
2023-04-14,Madhya Pradesh,94.15,PPAC-derived
2023-04-14,Maharashtra,94.27,PPAC-IOC-metro
2023-04-14,Punjab,92.25,PPAC-derived
2023-04-14,Rajasthan,95.05,PPAC-derived
2023-04-14,Tamil Nadu,94.24,PPAC-IOC-metro
2023-04-14,Telangana,96.15,PPAC-derived
2023-04-14,Uttar Pradesh,90.85,PPAC-derived
2023-04-14,West Bengal,92.76,PPAC-IOC-metro
2023-04-15,Andhra Pradesh,97.35,PPAC-derived
2023-04-15,Delhi,89.62,PPAC-IOC-metro
2023-04-15,Gujarat,89.15,PPAC-derived
2023-04-15,Haryana,91.65,PPAC-derived
2023-04-15,Karnataka,93.85,PPAC-derived
2023-04-15,Madhya Pradesh,94.15,PPAC-derived
2023-04-15,Maharashtra,94.27,PPAC-IOC-metro
2023-04-15,Punjab,92.25,PPAC-derived
2023-04-15,Rajasthan,95.05,PPAC-derived
2023-04-15,Tamil Nadu,94.24,PPAC-IOC-metro
2023-04-15,Telangana,96.15,PPAC-derived
2023-04-15,Uttar Pradesh,90.85,PPAC-derived
2023-04-15,West Bengal,92.76,PPAC-IOC-metro
2023-04-16,Andhra Pradesh,97.35,PPAC-derived
2023-04-16,Delhi,89.62,PPAC-IOC-metro
2023-04-16,Gujarat,89.15,PPAC-derived
2023-04-16,Haryana,91.65,PPAC-derived
2023-04-16,Karnataka,93.85,PPAC-derived
2023-04-16,Madhya Pradesh,94.15,PPAC-derived
2023-04-16,Maharashtra,94.27,PPAC-IOC-metro
2023-04-16,Punjab,92.25,PPAC-derived
2023-04-16,Rajasthan,95.05,PPAC-derived
2023-04-16,Tamil Nadu,94.24,PPAC-IOC-metro
2023-04-16,Telangana,96.15,PPAC-derived
2023-04-16,Uttar Pradesh,90.85,PPAC-derived
2023-04-16,West Bengal,92.76,PPAC-IOC-metro
2023-04-17,Andhra Pradesh,97.35,PPAC-derived
2023-04-17,Delhi,89.62,PPAC-IOC-metro
2023-04-17,Gujarat,89.15,PPAC-derived
2023-04-17,Haryana,91.65,PPAC-derived
2023-04-17,Karnataka,93.85,PPAC-derived
2023-04-17,Madhya Pradesh,94.15,PPAC-derived
2023-04-17,Maharashtra,94.27,PPAC-IOC-metro
2023-04-17,Punjab,92.25,PPAC-derived
2023-04-17,Rajasthan,95.05,PPAC-derived
2023-04-17,Tamil Nadu,94.24,PPAC-IOC-metro
2023-04-17,Telangana,96.15,PPAC-derived
2023-04-17,Uttar Pradesh,90.85,PPAC-derived
2023-04-17,West Bengal,92.76,PPAC-IOC-metro
2023-04-18,Andhra Pradesh,97.35,PPAC-derived
2023-04-18,Delhi,89.62,PPAC-IOC-metro
2023-04-18,Gujarat,89.15,PPAC-derived
2023-04-18,Haryana,91.65,PPAC-derived
2023-04-18,Karnataka,93.85,PPAC-derived
2023-04-18,Madhya Pradesh,94.15,PPAC-derived
2023-04-18,Maharashtra,94.27,PPAC-IOC-metro
2023-04-18,Punjab,92.25,PPAC-derived
2023-04-18,Rajasthan,95.05,PPAC-derived
2023-04-18,Tamil Nadu,94.24,PPAC-IOC-metro
2023-04-18,Telangana,96.15,PPAC-derived
2023-04-18,Uttar Pradesh,90.85,PPAC-derived
2023-04-18,West Bengal,92.76,PPAC-IOC-metro
2023-04-19,Andhra Pradesh,97.35,PPAC-derived
2023-04-19,Delhi,89.62,PPAC-IOC-metro
2023-04-19,Gujarat,89.15,PPAC-derived
2023-04-19,Haryana,91.65,PPAC-derived
2023-04-19,Karnataka,93.85,PPAC-derived
2023-04-19,Madhya Pradesh,94.15,PPAC-derived
2023-04-19,Maharashtra,94.27,PPAC-IOC-metro
2023-04-19,Punjab,92.25,PPAC-derived
2023-04-19,Rajasthan,95.05,PPAC-derived
2023-04-19,Tamil Nadu,94.24,PPAC-IOC-metro
2023-04-19,Telangana,96.15,PPAC-derived
2023-04-19,Uttar Pradesh,90.85,PPAC-derived
2023-04-19,West Bengal,92.76,PPAC-IOC-metro
2023-04-20,Andhra Pradesh,97.35,PPAC-derived
2023-04-20,Delhi,89.62,PPAC-IOC-metro
2023-04-20,Gujarat,89.15,PPAC-derived
2023-04-20,Haryana,91.65,PPAC-derived
2023-04-20,Karnataka,93.85,PPAC-derived
2023-04-20,Madhya Pradesh,94.15,PPAC-derived
2023-04-20,Maharashtra,94.27,PPAC-IOC-metro
2023-04-20,Punjab,92.25,PPAC-derived
2023-04-20,Rajasthan,95.05,PPAC-derived
2023-04-20,Tamil Nadu,94.24,PPAC-IOC-metro
2023-04-20,Telangana,96.15,PPAC-derived
2023-04-20,Uttar Pradesh,90.85,PPAC-derived
2023-04-20,West Bengal,92.76,PPAC-IOC-metro
2023-04-21,Andhra Pradesh,97.35,PPAC-derived
2023-04-21,Delhi,89.62,PPAC-IOC-metro
2023-04-21,Gujarat,89.15,PPAC-derived
2023-04-21,Haryana,91.65,PPAC-derived
2023-04-21,Karnataka,93.85,PPAC-derived
2023-04-21,Madhya Pradesh,94.15,PPAC-derived
2023-04-21,Maharashtra,94.27,PPAC-IOC-metro
2023-04-21,Punjab,92.25,PPAC-derived
2023-04-21,Rajasthan,95.05,PPAC-derived
2023-04-21,Tamil Nadu,94.24,PPAC-IOC-metro
2023-04-21,Telangana,96.15,PPAC-derived
2023-04-21,Uttar Pradesh,90.85,PPAC-derived
2023-04-21,West Bengal,92.76,PPAC-IOC-metro
2023-04-22,Andhra Pradesh,97.35,PPAC-derived
2023-04-22,Delhi,89.62,PPAC-IOC-metro
2023-04-22,Gujarat,89.15,PPAC-derived
2023-04-22,Haryana,91.65,PPAC-derived
2023-04-22,Karnataka,93.85,PPAC-derived
2023-04-22,Madhya Pradesh,94.15,PPAC-derived
2023-04-22,Maharashtra,94.27,PPAC-IOC-metro
2023-04-22,Punjab,92.25,PPAC-derived
2023-04-22,Rajasthan,95.05,PPAC-derived
2023-04-22,Tamil Nadu,94.24,PPAC-IOC-metro
2023-04-22,Telangana,96.15,PPAC-derived
2023-04-22,Uttar Pradesh,90.85,PPAC-derived
2023-04-22,West Bengal,92.76,PPAC-IOC-metro
2023-04-23,Andhra Pradesh,97.35,PPAC-derived
2023-04-23,Delhi,89.62,PPAC-IOC-metro
2023-04-23,Gujarat,89.15,PPAC-derived
2023-04-23,Haryana,91.65,PPAC-derived
2023-04-23,Karnataka,93.85,PPAC-derived
2023-04-23,Madhya Pradesh,94.15,PPAC-derived
2023-04-23,Maharashtra,94.27,PPAC-IOC-metro
2023-04-23,Punjab,92.25,PPAC-derived
2023-04-23,Rajasthan,95.05,PPAC-derived
2023-04-23,Tamil Nadu,94.24,PPAC-IOC-metro
2023-04-23,Telangana,96.15,PPAC-derived
2023-04-23,Uttar Pradesh,90.85,PPAC-derived
2023-04-23,West Bengal,92.76,PPAC-IOC-metro
2023-04-24,Andhra Pradesh,97.35,PPAC-derived
2023-04-24,Delhi,89.62,PPAC-IOC-metro
2023-04-24,Gujarat,89.15,PPAC-derived
2023-04-24,Haryana,91.65,PPAC-derived
2023-04-24,Karnataka,93.85,PPAC-derived
2023-04-24,Madhya Pradesh,94.15,PPAC-derived
2023-04-24,Maharashtra,94.27,PPAC-IOC-metro
2023-04-24,Punjab,92.25,PPAC-derived
2023-04-24,Rajasthan,95.05,PPAC-derived
2023-04-24,Tamil Nadu,94.24,PPAC-IOC-metro
2023-04-24,Telangana,96.15,PPAC-derived
2023-04-24,Uttar Pradesh,90.85,PPAC-derived
2023-04-24,West Bengal,92.76,PPAC-IOC-metro
2023-04-25,Andhra Pradesh,97.35,PPAC-derived
2023-04-25,Delhi,89.62,PPAC-IOC-metro
2023-04-25,Gujarat,89.15,PPAC-derived
2023-04-25,Haryana,91.65,PPAC-derived
2023-04-25,Karnataka,93.85,PPAC-derived
2023-04-25,Madhya Pradesh,94.15,PPAC-derived
2023-04-25,Maharashtra,94.27,PPAC-IOC-metro
2023-04-25,Punjab,92.25,PPAC-derived
2023-04-25,Rajasthan,95.05,PPAC-derived
2023-04-25,Tamil Nadu,94.24,PPAC-IOC-metro
2023-04-25,Telangana,96.15,PPAC-derived
2023-04-25,Uttar Pradesh,90.85,PPAC-derived
2023-04-25,West Bengal,92.76,PPAC-IOC-metro
2023-04-26,Andhra Pradesh,97.35,PPAC-derived
2023-04-26,Delhi,89.62,PPAC-IOC-metro
2023-04-26,Gujarat,89.15,PPAC-derived
2023-04-26,Haryana,91.65,PPAC-derived
2023-04-26,Karnataka,93.85,PPAC-derived
2023-04-26,Madhya Pradesh,94.15,PPAC-derived
2023-04-26,Maharashtra,94.27,PPAC-IOC-metro
2023-04-26,Punjab,92.25,PPAC-derived
2023-04-26,Rajasthan,95.05,PPAC-derived
2023-04-26,Tamil Nadu,94.24,PPAC-IOC-metro
2023-04-26,Telangana,96.15,PPAC-derived
2023-04-26,Uttar Pradesh,90.85,PPAC-derived
2023-04-26,West Bengal,92.76,PPAC-IOC-metro
2023-04-27,Andhra Pradesh,97.35,PPAC-derived
2023-04-27,Delhi,89.62,PPAC-IOC-metro
2023-04-27,Gujarat,89.15,PPAC-derived
2023-04-27,Haryana,91.65,PPAC-derived
2023-04-27,Karnataka,93.85,PPAC-derived
2023-04-27,Madhya Pradesh,94.15,PPAC-derived
2023-04-27,Maharashtra,94.27,PPAC-IOC-metro
2023-04-27,Punjab,92.25,PPAC-derived
2023-04-27,Rajasthan,95.05,PPAC-derived
2023-04-27,Tamil Nadu,94.24,PPAC-IOC-metro
2023-04-27,Telangana,96.15,PPAC-derived
2023-04-27,Uttar Pradesh,90.85,PPAC-derived
2023-04-27,West Bengal,92.76,PPAC-IOC-metro
2023-04-28,Andhra Pradesh,97.35,PPAC-derived
2023-04-28,Delhi,89.62,PPAC-IOC-metro
2023-04-28,Gujarat,89.15,PPAC-derived
2023-04-28,Haryana,91.65,PPAC-derived
2023-04-28,Karnataka,93.85,PPAC-derived
2023-04-28,Madhya Pradesh,94.15,PPAC-derived
2023-04-28,Maharashtra,94.27,PPAC-IOC-metro
2023-04-28,Punjab,92.25,PPAC-derived
2023-04-28,Rajasthan,95.05,PPAC-derived
2023-04-28,Tamil Nadu,94.24,PPAC-IOC-metro
2023-04-28,Telangana,96.15,PPAC-derived
2023-04-28,Uttar Pradesh,90.85,PPAC-derived
2023-04-28,West Bengal,92.76,PPAC-IOC-metro
2023-04-29,Andhra Pradesh,97.35,PPAC-derived
2023-04-29,Delhi,89.62,PPAC-IOC-metro
2023-04-29,Gujarat,89.15,PPAC-derived
2023-04-29,Haryana,91.65,PPAC-derived
2023-04-29,Karnataka,93.85,PPAC-derived
2023-04-29,Madhya Pradesh,94.15,PPAC-derived
2023-04-29,Maharashtra,94.27,PPAC-IOC-metro
2023-04-29,Punjab,92.25,PPAC-derived
2023-04-29,Rajasthan,95.05,PPAC-derived
2023-04-29,Tamil Nadu,94.24,PPAC-IOC-metro
2023-04-29,Telangana,96.15,PPAC-derived
2023-04-29,Uttar Pradesh,90.85,PPAC-derived
2023-04-29,West Bengal,92.76,PPAC-IOC-metro
2023-04-30,Andhra Pradesh,97.35,PPAC-derived
2023-04-30,Delhi,89.62,PPAC-IOC-metro
2023-04-30,Gujarat,89.15,PPAC-derived
2023-04-30,Haryana,91.65,PPAC-derived
2023-04-30,Karnataka,93.85,PPAC-derived
2023-04-30,Madhya Pradesh,94.15,PPAC-derived
2023-04-30,Maharashtra,94.27,PPAC-IOC-metro
2023-04-30,Punjab,92.25,PPAC-derived
2023-04-30,Rajasthan,95.05,PPAC-derived
2023-04-30,Tamil Nadu,94.24,PPAC-IOC-metro
2023-04-30,Telangana,96.15,PPAC-derived
2023-04-30,Uttar Pradesh,90.85,PPAC-derived
2023-04-30,West Bengal,92.76,PPAC-IOC-metro
2023-05-01,Andhra Pradesh,97.35,PPAC-derived
2023-05-01,Delhi,89.62,PPAC-IOC-metro
2023-05-01,Gujarat,89.15,PPAC-derived
2023-05-01,Haryana,91.65,PPAC-derived
2023-05-01,Karnataka,93.85,PPAC-derived
2023-05-01,Madhya Pradesh,94.15,PPAC-derived
2023-05-01,Maharashtra,94.27,PPAC-IOC-metro
2023-05-01,Punjab,92.25,PPAC-derived
2023-05-01,Rajasthan,95.05,PPAC-derived
2023-05-01,Tamil Nadu,94.24,PPAC-IOC-metro
2023-05-01,Telangana,96.15,PPAC-derived
2023-05-01,Uttar Pradesh,90.85,PPAC-derived
2023-05-01,West Bengal,92.76,PPAC-IOC-metro
2023-05-02,Andhra Pradesh,97.35,PPAC-derived
2023-05-02,Delhi,89.62,PPAC-IOC-metro
2023-05-02,Gujarat,89.15,PPAC-derived
2023-05-02,Haryana,91.65,PPAC-derived
2023-05-02,Karnataka,93.85,PPAC-derived
2023-05-02,Madhya Pradesh,94.15,PPAC-derived
2023-05-02,Maharashtra,94.27,PPAC-IOC-metro
2023-05-02,Punjab,92.25,PPAC-derived
2023-05-02,Rajasthan,95.05,PPAC-derived
2023-05-02,Tamil Nadu,94.24,PPAC-IOC-metro
2023-05-02,Telangana,96.15,PPAC-derived
2023-05-02,Uttar Pradesh,90.85,PPAC-derived
2023-05-02,West Bengal,92.76,PPAC-IOC-metro
2023-05-03,Andhra Pradesh,97.35,PPAC-derived
2023-05-03,Delhi,89.62,PPAC-IOC-metro
2023-05-03,Gujarat,89.15,PPAC-derived
2023-05-03,Haryana,91.65,PPAC-derived
2023-05-03,Karnataka,93.85,PPAC-derived
2023-05-03,Madhya Pradesh,94.15,PPAC-derived
2023-05-03,Maharashtra,94.27,PPAC-IOC-metro
2023-05-03,Punjab,92.25,PPAC-derived
2023-05-03,Rajasthan,95.05,PPAC-derived
2023-05-03,Tamil Nadu,94.24,PPAC-IOC-metro
2023-05-03,Telangana,96.15,PPAC-derived
2023-05-03,Uttar Pradesh,90.85,PPAC-derived
2023-05-03,West Bengal,92.76,PPAC-IOC-metro
2023-05-04,Andhra Pradesh,97.35,PPAC-derived
2023-05-04,Delhi,89.62,PPAC-IOC-metro
2023-05-04,Gujarat,89.15,PPAC-derived
2023-05-04,Haryana,91.65,PPAC-derived
2023-05-04,Karnataka,93.85,PPAC-derived
2023-05-04,Madhya Pradesh,94.15,PPAC-derived
2023-05-04,Maharashtra,94.27,PPAC-IOC-metro
2023-05-04,Punjab,92.25,PPAC-derived
2023-05-04,Rajasthan,95.05,PPAC-derived
2023-05-04,Tamil Nadu,94.24,PPAC-IOC-metro
2023-05-04,Telangana,96.15,PPAC-derived
2023-05-04,Uttar Pradesh,90.85,PPAC-derived
2023-05-04,West Bengal,92.76,PPAC-IOC-metro
2023-05-05,Andhra Pradesh,97.35,PPAC-derived
2023-05-05,Delhi,89.62,PPAC-IOC-metro
2023-05-05,Gujarat,89.15,PPAC-derived
2023-05-05,Haryana,91.65,PPAC-derived
2023-05-05,Karnataka,93.85,PPAC-derived
2023-05-05,Madhya Pradesh,94.15,PPAC-derived
2023-05-05,Maharashtra,94.27,PPAC-IOC-metro
2023-05-05,Punjab,92.25,PPAC-derived
2023-05-05,Rajasthan,95.05,PPAC-derived
2023-05-05,Tamil Nadu,94.24,PPAC-IOC-metro
2023-05-05,Telangana,96.15,PPAC-derived
2023-05-05,Uttar Pradesh,90.85,PPAC-derived
2023-05-05,West Bengal,92.76,PPAC-IOC-metro
2023-05-06,Andhra Pradesh,97.35,PPAC-derived
2023-05-06,Delhi,89.62,PPAC-IOC-metro
2023-05-06,Gujarat,89.15,PPAC-derived
2023-05-06,Haryana,91.65,PPAC-derived
2023-05-06,Karnataka,93.85,PPAC-derived
2023-05-06,Madhya Pradesh,94.15,PPAC-derived
2023-05-06,Maharashtra,94.27,PPAC-IOC-metro
2023-05-06,Punjab,92.25,PPAC-derived
2023-05-06,Rajasthan,95.05,PPAC-derived
2023-05-06,Tamil Nadu,94.24,PPAC-IOC-metro
2023-05-06,Telangana,96.15,PPAC-derived
2023-05-06,Uttar Pradesh,90.85,PPAC-derived
2023-05-06,West Bengal,92.76,PPAC-IOC-metro
2023-05-07,Andhra Pradesh,97.35,PPAC-derived
2023-05-07,Delhi,89.62,PPAC-IOC-metro
2023-05-07,Gujarat,89.15,PPAC-derived
2023-05-07,Haryana,91.65,PPAC-derived
2023-05-07,Karnataka,93.85,PPAC-derived
2023-05-07,Madhya Pradesh,94.15,PPAC-derived
2023-05-07,Maharashtra,94.27,PPAC-IOC-metro
2023-05-07,Punjab,92.25,PPAC-derived
2023-05-07,Rajasthan,95.05,PPAC-derived
2023-05-07,Tamil Nadu,94.24,PPAC-IOC-metro
2023-05-07,Telangana,96.15,PPAC-derived
2023-05-07,Uttar Pradesh,90.85,PPAC-derived
2023-05-07,West Bengal,92.76,PPAC-IOC-metro
2023-05-08,Andhra Pradesh,97.35,PPAC-derived
2023-05-08,Delhi,89.62,PPAC-IOC-metro
2023-05-08,Gujarat,89.15,PPAC-derived
2023-05-08,Haryana,91.65,PPAC-derived
2023-05-08,Karnataka,93.85,PPAC-derived
2023-05-08,Madhya Pradesh,94.15,PPAC-derived
2023-05-08,Maharashtra,94.27,PPAC-IOC-metro
2023-05-08,Punjab,92.25,PPAC-derived
2023-05-08,Rajasthan,95.05,PPAC-derived
2023-05-08,Tamil Nadu,94.24,PPAC-IOC-metro
2023-05-08,Telangana,96.15,PPAC-derived
2023-05-08,Uttar Pradesh,90.85,PPAC-derived
2023-05-08,West Bengal,92.76,PPAC-IOC-metro
2023-05-09,Andhra Pradesh,97.35,PPAC-derived
2023-05-09,Delhi,89.62,PPAC-IOC-metro
2023-05-09,Gujarat,89.15,PPAC-derived
2023-05-09,Haryana,91.65,PPAC-derived
2023-05-09,Karnataka,93.85,PPAC-derived
2023-05-09,Madhya Pradesh,94.15,PPAC-derived
2023-05-09,Maharashtra,94.27,PPAC-IOC-metro
2023-05-09,Punjab,92.25,PPAC-derived
2023-05-09,Rajasthan,95.05,PPAC-derived
2023-05-09,Tamil Nadu,94.24,PPAC-IOC-metro
2023-05-09,Telangana,96.15,PPAC-derived
2023-05-09,Uttar Pradesh,90.85,PPAC-derived
2023-05-09,West Bengal,92.76,PPAC-IOC-metro
2023-05-10,Andhra Pradesh,97.35,PPAC-derived
2023-05-10,Delhi,89.62,PPAC-IOC-metro
2023-05-10,Gujarat,89.15,PPAC-derived
2023-05-10,Haryana,91.65,PPAC-derived
2023-05-10,Karnataka,93.85,PPAC-derived
2023-05-10,Madhya Pradesh,94.15,PPAC-derived
2023-05-10,Maharashtra,94.27,PPAC-IOC-metro
2023-05-10,Punjab,92.25,PPAC-derived
2023-05-10,Rajasthan,95.05,PPAC-derived
2023-05-10,Tamil Nadu,94.24,PPAC-IOC-metro
2023-05-10,Telangana,96.15,PPAC-derived
2023-05-10,Uttar Pradesh,90.85,PPAC-derived
2023-05-10,West Bengal,92.76,PPAC-IOC-metro
2023-05-11,Andhra Pradesh,97.35,PPAC-derived
2023-05-11,Delhi,89.62,PPAC-IOC-metro
2023-05-11,Gujarat,89.15,PPAC-derived
2023-05-11,Haryana,91.65,PPAC-derived
2023-05-11,Karnataka,93.85,PPAC-derived
2023-05-11,Madhya Pradesh,94.15,PPAC-derived
2023-05-11,Maharashtra,94.27,PPAC-IOC-metro
2023-05-11,Punjab,92.25,PPAC-derived
2023-05-11,Rajasthan,95.05,PPAC-derived
2023-05-11,Tamil Nadu,94.24,PPAC-IOC-metro
2023-05-11,Telangana,96.15,PPAC-derived
2023-05-11,Uttar Pradesh,90.85,PPAC-derived
2023-05-11,West Bengal,92.76,PPAC-IOC-metro
2023-05-12,Andhra Pradesh,97.35,PPAC-derived
2023-05-12,Delhi,89.62,PPAC-IOC-metro
2023-05-12,Gujarat,89.15,PPAC-derived
2023-05-12,Haryana,91.65,PPAC-derived
2023-05-12,Karnataka,93.85,PPAC-derived
2023-05-12,Madhya Pradesh,94.15,PPAC-derived
2023-05-12,Maharashtra,94.27,PPAC-IOC-metro
2023-05-12,Punjab,92.25,PPAC-derived
2023-05-12,Rajasthan,95.05,PPAC-derived
2023-05-12,Tamil Nadu,94.24,PPAC-IOC-metro
2023-05-12,Telangana,96.15,PPAC-derived
2023-05-12,Uttar Pradesh,90.85,PPAC-derived
2023-05-12,West Bengal,92.76,PPAC-IOC-metro
2023-05-13,Andhra Pradesh,97.35,PPAC-derived
2023-05-13,Delhi,89.62,PPAC-IOC-metro
2023-05-13,Gujarat,89.15,PPAC-derived
2023-05-13,Haryana,91.65,PPAC-derived
2023-05-13,Karnataka,93.85,PPAC-derived
2023-05-13,Madhya Pradesh,94.15,PPAC-derived
2023-05-13,Maharashtra,94.27,PPAC-IOC-metro
2023-05-13,Punjab,92.25,PPAC-derived
2023-05-13,Rajasthan,95.05,PPAC-derived
2023-05-13,Tamil Nadu,94.24,PPAC-IOC-metro
2023-05-13,Telangana,96.15,PPAC-derived
2023-05-13,Uttar Pradesh,90.85,PPAC-derived
2023-05-13,West Bengal,92.76,PPAC-IOC-metro
2023-05-14,Andhra Pradesh,97.35,PPAC-derived
2023-05-14,Delhi,89.62,PPAC-IOC-metro
2023-05-14,Gujarat,89.15,PPAC-derived
2023-05-14,Haryana,91.65,PPAC-derived
2023-05-14,Karnataka,93.85,PPAC-derived
2023-05-14,Madhya Pradesh,94.15,PPAC-derived
2023-05-14,Maharashtra,94.27,PPAC-IOC-metro
2023-05-14,Punjab,92.25,PPAC-derived
2023-05-14,Rajasthan,95.05,PPAC-derived
2023-05-14,Tamil Nadu,94.24,PPAC-IOC-metro
2023-05-14,Telangana,96.15,PPAC-derived
2023-05-14,Uttar Pradesh,90.85,PPAC-derived
2023-05-14,West Bengal,92.76,PPAC-IOC-metro
2023-05-15,Andhra Pradesh,97.35,PPAC-derived
2023-05-15,Delhi,89.62,PPAC-IOC-metro
2023-05-15,Gujarat,89.15,PPAC-derived
2023-05-15,Haryana,91.65,PPAC-derived
2023-05-15,Karnataka,93.85,PPAC-derived
2023-05-15,Madhya Pradesh,94.15,PPAC-derived
2023-05-15,Maharashtra,94.27,PPAC-IOC-metro
2023-05-15,Punjab,92.25,PPAC-derived
2023-05-15,Rajasthan,95.05,PPAC-derived
2023-05-15,Tamil Nadu,94.24,PPAC-IOC-metro
2023-05-15,Telangana,96.15,PPAC-derived
2023-05-15,Uttar Pradesh,90.85,PPAC-derived
2023-05-15,West Bengal,92.76,PPAC-IOC-metro
2023-05-16,Andhra Pradesh,97.35,PPAC-derived
2023-05-16,Delhi,89.62,PPAC-IOC-metro
2023-05-16,Gujarat,89.15,PPAC-derived
2023-05-16,Haryana,91.65,PPAC-derived
2023-05-16,Karnataka,93.85,PPAC-derived
2023-05-16,Madhya Pradesh,94.15,PPAC-derived
2023-05-16,Maharashtra,94.27,PPAC-IOC-metro
2023-05-16,Punjab,92.25,PPAC-derived
2023-05-16,Rajasthan,95.05,PPAC-derived
2023-05-16,Tamil Nadu,94.24,PPAC-IOC-metro
2023-05-16,Telangana,96.15,PPAC-derived
2023-05-16,Uttar Pradesh,90.85,PPAC-derived
2023-05-16,West Bengal,92.76,PPAC-IOC-metro
2023-05-17,Andhra Pradesh,97.35,PPAC-derived
2023-05-17,Delhi,89.62,PPAC-IOC-metro
2023-05-17,Gujarat,89.15,PPAC-derived
2023-05-17,Haryana,91.65,PPAC-derived
2023-05-17,Karnataka,93.85,PPAC-derived
2023-05-17,Madhya Pradesh,94.15,PPAC-derived
2023-05-17,Maharashtra,94.27,PPAC-IOC-metro
2023-05-17,Punjab,92.25,PPAC-derived
2023-05-17,Rajasthan,95.05,PPAC-derived
2023-05-17,Tamil Nadu,94.24,PPAC-IOC-metro
2023-05-17,Telangana,96.15,PPAC-derived
2023-05-17,Uttar Pradesh,90.85,PPAC-derived
2023-05-17,West Bengal,92.76,PPAC-IOC-metro
2023-05-18,Andhra Pradesh,97.35,PPAC-derived
2023-05-18,Delhi,89.62,PPAC-IOC-metro
2023-05-18,Gujarat,89.15,PPAC-derived
2023-05-18,Haryana,91.65,PPAC-derived
2023-05-18,Karnataka,93.85,PPAC-derived
2023-05-18,Madhya Pradesh,94.15,PPAC-derived
2023-05-18,Maharashtra,94.27,PPAC-IOC-metro
2023-05-18,Punjab,92.25,PPAC-derived
2023-05-18,Rajasthan,95.05,PPAC-derived
2023-05-18,Tamil Nadu,94.24,PPAC-IOC-metro
2023-05-18,Telangana,96.15,PPAC-derived
2023-05-18,Uttar Pradesh,90.85,PPAC-derived
2023-05-18,West Bengal,92.76,PPAC-IOC-metro
2023-05-19,Andhra Pradesh,97.35,PPAC-derived
2023-05-19,Delhi,89.62,PPAC-IOC-metro
2023-05-19,Gujarat,89.15,PPAC-derived
2023-05-19,Haryana,91.65,PPAC-derived
2023-05-19,Karnataka,93.85,PPAC-derived
2023-05-19,Madhya Pradesh,94.15,PPAC-derived
2023-05-19,Maharashtra,94.27,PPAC-IOC-metro
2023-05-19,Punjab,92.25,PPAC-derived
2023-05-19,Rajasthan,95.05,PPAC-derived
2023-05-19,Tamil Nadu,94.24,PPAC-IOC-metro
2023-05-19,Telangana,96.15,PPAC-derived
2023-05-19,Uttar Pradesh,90.85,PPAC-derived
2023-05-19,West Bengal,92.76,PPAC-IOC-metro
2023-05-20,Andhra Pradesh,97.35,PPAC-derived
2023-05-20,Delhi,89.62,PPAC-IOC-metro
2023-05-20,Gujarat,89.15,PPAC-derived
2023-05-20,Haryana,91.65,PPAC-derived
2023-05-20,Karnataka,93.85,PPAC-derived
2023-05-20,Madhya Pradesh,94.15,PPAC-derived
2023-05-20,Maharashtra,94.27,PPAC-IOC-metro
2023-05-20,Punjab,92.25,PPAC-derived
2023-05-20,Rajasthan,95.05,PPAC-derived
2023-05-20,Tamil Nadu,94.24,PPAC-IOC-metro
2023-05-20,Telangana,96.15,PPAC-derived
2023-05-20,Uttar Pradesh,90.85,PPAC-derived
2023-05-20,West Bengal,92.76,PPAC-IOC-metro
2023-05-21,Andhra Pradesh,97.35,PPAC-derived
2023-05-21,Delhi,89.62,PPAC-IOC-metro
2023-05-21,Gujarat,89.15,PPAC-derived
2023-05-21,Haryana,91.65,PPAC-derived
2023-05-21,Karnataka,93.85,PPAC-derived
2023-05-21,Madhya Pradesh,94.15,PPAC-derived
2023-05-21,Maharashtra,94.27,PPAC-IOC-metro
2023-05-21,Punjab,92.25,PPAC-derived
2023-05-21,Rajasthan,95.05,PPAC-derived
2023-05-21,Tamil Nadu,94.24,PPAC-IOC-metro
2023-05-21,Telangana,96.15,PPAC-derived
2023-05-21,Uttar Pradesh,90.85,PPAC-derived
2023-05-21,West Bengal,92.76,PPAC-IOC-metro
2023-05-22,Andhra Pradesh,97.35,PPAC-derived
2023-05-22,Delhi,89.62,PPAC-IOC-metro
2023-05-22,Gujarat,89.15,PPAC-derived
2023-05-22,Haryana,91.65,PPAC-derived
2023-05-22,Karnataka,93.85,PPAC-derived
2023-05-22,Madhya Pradesh,94.15,PPAC-derived
2023-05-22,Maharashtra,94.27,PPAC-IOC-metro
2023-05-22,Punjab,92.25,PPAC-derived
2023-05-22,Rajasthan,95.05,PPAC-derived
2023-05-22,Tamil Nadu,94.24,PPAC-IOC-metro
2023-05-22,Telangana,96.15,PPAC-derived
2023-05-22,Uttar Pradesh,90.85,PPAC-derived
2023-05-22,West Bengal,92.76,PPAC-IOC-metro
2023-05-23,Andhra Pradesh,97.35,PPAC-derived
2023-05-23,Delhi,89.62,PPAC-IOC-metro
2023-05-23,Gujarat,89.15,PPAC-derived
2023-05-23,Haryana,91.65,PPAC-derived
2023-05-23,Karnataka,93.85,PPAC-derived
2023-05-23,Madhya Pradesh,94.15,PPAC-derived
2023-05-23,Maharashtra,94.27,PPAC-IOC-metro
2023-05-23,Punjab,92.25,PPAC-derived
2023-05-23,Rajasthan,95.05,PPAC-derived
2023-05-23,Tamil Nadu,94.24,PPAC-IOC-metro
2023-05-23,Telangana,96.15,PPAC-derived
2023-05-23,Uttar Pradesh,90.85,PPAC-derived
2023-05-23,West Bengal,92.76,PPAC-IOC-metro
2023-05-24,Andhra Pradesh,97.35,PPAC-derived
2023-05-24,Delhi,89.62,PPAC-IOC-metro
2023-05-24,Gujarat,89.15,PPAC-derived
2023-05-24,Haryana,91.65,PPAC-derived
2023-05-24,Karnataka,93.85,PPAC-derived
2023-05-24,Madhya Pradesh,94.15,PPAC-derived
2023-05-24,Maharashtra,94.27,PPAC-IOC-metro
2023-05-24,Punjab,92.25,PPAC-derived
2023-05-24,Rajasthan,95.05,PPAC-derived
2023-05-24,Tamil Nadu,94.24,PPAC-IOC-metro
2023-05-24,Telangana,96.15,PPAC-derived
2023-05-24,Uttar Pradesh,90.85,PPAC-derived
2023-05-24,West Bengal,92.76,PPAC-IOC-metro
2023-05-25,Andhra Pradesh,97.35,PPAC-derived
2023-05-25,Delhi,89.62,PPAC-IOC-metro
2023-05-25,Gujarat,89.15,PPAC-derived
2023-05-25,Haryana,91.65,PPAC-derived
2023-05-25,Karnataka,93.85,PPAC-derived
2023-05-25,Madhya Pradesh,94.15,PPAC-derived
2023-05-25,Maharashtra,94.27,PPAC-IOC-metro
2023-05-25,Punjab,92.25,PPAC-derived
2023-05-25,Rajasthan,95.05,PPAC-derived
2023-05-25,Tamil Nadu,94.24,PPAC-IOC-metro
2023-05-25,Telangana,96.15,PPAC-derived
2023-05-25,Uttar Pradesh,90.85,PPAC-derived
2023-05-25,West Bengal,92.76,PPAC-IOC-metro
2023-05-26,Andhra Pradesh,97.35,PPAC-derived
2023-05-26,Delhi,89.62,PPAC-IOC-metro
2023-05-26,Gujarat,89.15,PPAC-derived
2023-05-26,Haryana,91.65,PPAC-derived
2023-05-26,Karnataka,93.85,PPAC-derived
2023-05-26,Madhya Pradesh,94.15,PPAC-derived
2023-05-26,Maharashtra,94.27,PPAC-IOC-metro
2023-05-26,Punjab,92.25,PPAC-derived
2023-05-26,Rajasthan,95.05,PPAC-derived
2023-05-26,Tamil Nadu,94.24,PPAC-IOC-metro
2023-05-26,Telangana,96.15,PPAC-derived
2023-05-26,Uttar Pradesh,90.85,PPAC-derived
2023-05-26,West Bengal,92.76,PPAC-IOC-metro
2023-05-27,Andhra Pradesh,97.35,PPAC-derived
2023-05-27,Delhi,89.62,PPAC-IOC-metro
2023-05-27,Gujarat,89.15,PPAC-derived
2023-05-27,Haryana,91.65,PPAC-derived
2023-05-27,Karnataka,93.85,PPAC-derived
2023-05-27,Madhya Pradesh,94.15,PPAC-derived
2023-05-27,Maharashtra,94.27,PPAC-IOC-metro
2023-05-27,Punjab,92.25,PPAC-derived
2023-05-27,Rajasthan,95.05,PPAC-derived
2023-05-27,Tamil Nadu,94.24,PPAC-IOC-metro
2023-05-27,Telangana,96.15,PPAC-derived
2023-05-27,Uttar Pradesh,90.85,PPAC-derived
2023-05-27,West Bengal,92.76,PPAC-IOC-metro
2023-05-28,Andhra Pradesh,97.35,PPAC-derived
2023-05-28,Delhi,89.62,PPAC-IOC-metro
2023-05-28,Gujarat,89.15,PPAC-derived
2023-05-28,Haryana,91.65,PPAC-derived
2023-05-28,Karnataka,93.85,PPAC-derived
2023-05-28,Madhya Pradesh,94.15,PPAC-derived
2023-05-28,Maharashtra,94.27,PPAC-IOC-metro
2023-05-28,Punjab,92.25,PPAC-derived
2023-05-28,Rajasthan,95.05,PPAC-derived
2023-05-28,Tamil Nadu,94.24,PPAC-IOC-metro
2023-05-28,Telangana,96.15,PPAC-derived
2023-05-28,Uttar Pradesh,90.85,PPAC-derived
2023-05-28,West Bengal,92.76,PPAC-IOC-metro
2023-05-29,Andhra Pradesh,97.35,PPAC-derived
2023-05-29,Delhi,89.62,PPAC-IOC-metro
2023-05-29,Gujarat,89.15,PPAC-derived
2023-05-29,Haryana,91.65,PPAC-derived
2023-05-29,Karnataka,93.85,PPAC-derived
2023-05-29,Madhya Pradesh,94.15,PPAC-derived
2023-05-29,Maharashtra,94.27,PPAC-IOC-metro
2023-05-29,Punjab,92.25,PPAC-derived
2023-05-29,Rajasthan,95.05,PPAC-derived
2023-05-29,Tamil Nadu,94.24,PPAC-IOC-metro
2023-05-29,Telangana,96.15,PPAC-derived
2023-05-29,Uttar Pradesh,90.85,PPAC-derived
2023-05-29,West Bengal,92.76,PPAC-IOC-metro
2023-05-30,Andhra Pradesh,97.35,PPAC-derived
2023-05-30,Delhi,89.62,PPAC-IOC-metro
2023-05-30,Gujarat,89.15,PPAC-derived
2023-05-30,Haryana,91.65,PPAC-derived
2023-05-30,Karnataka,93.85,PPAC-derived
2023-05-30,Madhya Pradesh,94.15,PPAC-derived
2023-05-30,Maharashtra,94.27,PPAC-IOC-metro
2023-05-30,Punjab,92.25,PPAC-derived
2023-05-30,Rajasthan,95.05,PPAC-derived
2023-05-30,Tamil Nadu,94.24,PPAC-IOC-metro
2023-05-30,Telangana,96.15,PPAC-derived
2023-05-30,Uttar Pradesh,90.85,PPAC-derived
2023-05-30,West Bengal,92.76,PPAC-IOC-metro
2023-05-31,Andhra Pradesh,97.35,PPAC-derived
2023-05-31,Delhi,89.62,PPAC-IOC-metro
2023-05-31,Gujarat,89.15,PPAC-derived
2023-05-31,Haryana,91.65,PPAC-derived
2023-05-31,Karnataka,93.85,PPAC-derived
2023-05-31,Madhya Pradesh,94.15,PPAC-derived
2023-05-31,Maharashtra,94.27,PPAC-IOC-metro
2023-05-31,Punjab,92.25,PPAC-derived
2023-05-31,Rajasthan,95.05,PPAC-derived
2023-05-31,Tamil Nadu,94.24,PPAC-IOC-metro
2023-05-31,Telangana,96.15,PPAC-derived
2023-05-31,Uttar Pradesh,90.85,PPAC-derived
2023-05-31,West Bengal,92.76,PPAC-IOC-metro
2023-06-01,Andhra Pradesh,97.35,PPAC-derived
2023-06-01,Delhi,89.62,PPAC-IOC-metro
2023-06-01,Gujarat,89.15,PPAC-derived
2023-06-01,Haryana,91.65,PPAC-derived
2023-06-01,Karnataka,93.85,PPAC-derived
2023-06-01,Madhya Pradesh,94.15,PPAC-derived
2023-06-01,Maharashtra,94.27,PPAC-IOC-metro
2023-06-01,Punjab,92.25,PPAC-derived
2023-06-01,Rajasthan,95.05,PPAC-derived
2023-06-01,Tamil Nadu,94.24,PPAC-IOC-metro
2023-06-01,Telangana,96.15,PPAC-derived
2023-06-01,Uttar Pradesh,90.85,PPAC-derived
2023-06-01,West Bengal,92.76,PPAC-IOC-metro
2023-06-02,Andhra Pradesh,97.35,PPAC-derived
2023-06-02,Delhi,89.62,PPAC-IOC-metro
2023-06-02,Gujarat,89.15,PPAC-derived
2023-06-02,Haryana,91.65,PPAC-derived
2023-06-02,Karnataka,93.85,PPAC-derived
2023-06-02,Madhya Pradesh,94.15,PPAC-derived
2023-06-02,Maharashtra,94.27,PPAC-IOC-metro
2023-06-02,Punjab,92.25,PPAC-derived
2023-06-02,Rajasthan,95.05,PPAC-derived
2023-06-02,Tamil Nadu,94.24,PPAC-IOC-metro
2023-06-02,Telangana,96.15,PPAC-derived
2023-06-02,Uttar Pradesh,90.85,PPAC-derived
2023-06-02,West Bengal,92.76,PPAC-IOC-metro
2023-06-03,Andhra Pradesh,97.35,PPAC-derived
2023-06-03,Delhi,89.62,PPAC-IOC-metro
2023-06-03,Gujarat,89.15,PPAC-derived
2023-06-03,Haryana,91.65,PPAC-derived
2023-06-03,Karnataka,93.85,PPAC-derived
2023-06-03,Madhya Pradesh,94.15,PPAC-derived
2023-06-03,Maharashtra,94.27,PPAC-IOC-metro
2023-06-03,Punjab,92.25,PPAC-derived
2023-06-03,Rajasthan,95.05,PPAC-derived
2023-06-03,Tamil Nadu,94.24,PPAC-IOC-metro
2023-06-03,Telangana,96.15,PPAC-derived
2023-06-03,Uttar Pradesh,90.85,PPAC-derived
2023-06-03,West Bengal,92.76,PPAC-IOC-metro
2023-06-04,Andhra Pradesh,97.35,PPAC-derived
2023-06-04,Delhi,89.62,PPAC-IOC-metro
2023-06-04,Gujarat,89.15,PPAC-derived
2023-06-04,Haryana,91.65,PPAC-derived
2023-06-04,Karnataka,93.85,PPAC-derived
2023-06-04,Madhya Pradesh,94.15,PPAC-derived
2023-06-04,Maharashtra,94.27,PPAC-IOC-metro
2023-06-04,Punjab,92.25,PPAC-derived
2023-06-04,Rajasthan,95.05,PPAC-derived
2023-06-04,Tamil Nadu,94.24,PPAC-IOC-metro
2023-06-04,Telangana,96.15,PPAC-derived
2023-06-04,Uttar Pradesh,90.85,PPAC-derived
2023-06-04,West Bengal,92.76,PPAC-IOC-metro
2023-06-05,Andhra Pradesh,97.35,PPAC-derived
2023-06-05,Delhi,89.62,PPAC-IOC-metro
2023-06-05,Gujarat,89.15,PPAC-derived
2023-06-05,Haryana,91.65,PPAC-derived
2023-06-05,Karnataka,93.85,PPAC-derived
2023-06-05,Madhya Pradesh,94.15,PPAC-derived
2023-06-05,Maharashtra,94.27,PPAC-IOC-metro
2023-06-05,Punjab,92.25,PPAC-derived
2023-06-05,Rajasthan,95.05,PPAC-derived
2023-06-05,Tamil Nadu,94.24,PPAC-IOC-metro
2023-06-05,Telangana,96.15,PPAC-derived
2023-06-05,Uttar Pradesh,90.85,PPAC-derived
2023-06-05,West Bengal,92.76,PPAC-IOC-metro
2023-06-06,Andhra Pradesh,97.35,PPAC-derived
2023-06-06,Delhi,89.62,PPAC-IOC-metro
2023-06-06,Gujarat,89.15,PPAC-derived
2023-06-06,Haryana,91.65,PPAC-derived
2023-06-06,Karnataka,93.85,PPAC-derived
2023-06-06,Madhya Pradesh,94.15,PPAC-derived
2023-06-06,Maharashtra,94.27,PPAC-IOC-metro
2023-06-06,Punjab,92.25,PPAC-derived
2023-06-06,Rajasthan,95.05,PPAC-derived
2023-06-06,Tamil Nadu,94.24,PPAC-IOC-metro
2023-06-06,Telangana,96.15,PPAC-derived
2023-06-06,Uttar Pradesh,90.85,PPAC-derived
2023-06-06,West Bengal,92.76,PPAC-IOC-metro
2023-06-07,Andhra Pradesh,97.35,PPAC-derived
2023-06-07,Delhi,89.62,PPAC-IOC-metro
2023-06-07,Gujarat,89.15,PPAC-derived
2023-06-07,Haryana,91.65,PPAC-derived
2023-06-07,Karnataka,93.85,PPAC-derived
2023-06-07,Madhya Pradesh,94.15,PPAC-derived
2023-06-07,Maharashtra,94.27,PPAC-IOC-metro
2023-06-07,Punjab,92.25,PPAC-derived
2023-06-07,Rajasthan,95.05,PPAC-derived
2023-06-07,Tamil Nadu,94.24,PPAC-IOC-metro
2023-06-07,Telangana,96.15,PPAC-derived
2023-06-07,Uttar Pradesh,90.85,PPAC-derived
2023-06-07,West Bengal,92.76,PPAC-IOC-metro
2023-06-08,Andhra Pradesh,97.35,PPAC-derived
2023-06-08,Delhi,89.62,PPAC-IOC-metro
2023-06-08,Gujarat,89.15,PPAC-derived
2023-06-08,Haryana,91.65,PPAC-derived
2023-06-08,Karnataka,93.85,PPAC-derived
2023-06-08,Madhya Pradesh,94.15,PPAC-derived
2023-06-08,Maharashtra,94.27,PPAC-IOC-metro
2023-06-08,Punjab,92.25,PPAC-derived
2023-06-08,Rajasthan,95.05,PPAC-derived
2023-06-08,Tamil Nadu,94.24,PPAC-IOC-metro
2023-06-08,Telangana,96.15,PPAC-derived
2023-06-08,Uttar Pradesh,90.85,PPAC-derived
2023-06-08,West Bengal,92.76,PPAC-IOC-metro
2023-06-09,Andhra Pradesh,97.35,PPAC-derived
2023-06-09,Delhi,89.62,PPAC-IOC-metro
2023-06-09,Gujarat,89.15,PPAC-derived
2023-06-09,Haryana,91.65,PPAC-derived
2023-06-09,Karnataka,93.85,PPAC-derived
2023-06-09,Madhya Pradesh,94.15,PPAC-derived
2023-06-09,Maharashtra,94.27,PPAC-IOC-metro
2023-06-09,Punjab,92.25,PPAC-derived
2023-06-09,Rajasthan,95.05,PPAC-derived
2023-06-09,Tamil Nadu,94.24,PPAC-IOC-metro
2023-06-09,Telangana,96.15,PPAC-derived
2023-06-09,Uttar Pradesh,90.85,PPAC-derived
2023-06-09,West Bengal,92.76,PPAC-IOC-metro
2023-06-10,Andhra Pradesh,97.35,PPAC-derived
2023-06-10,Delhi,89.62,PPAC-IOC-metro
2023-06-10,Gujarat,89.15,PPAC-derived
2023-06-10,Haryana,91.65,PPAC-derived
2023-06-10,Karnataka,93.85,PPAC-derived
2023-06-10,Madhya Pradesh,94.15,PPAC-derived
2023-06-10,Maharashtra,94.27,PPAC-IOC-metro
2023-06-10,Punjab,92.25,PPAC-derived
2023-06-10,Rajasthan,95.05,PPAC-derived
2023-06-10,Tamil Nadu,94.24,PPAC-IOC-metro
2023-06-10,Telangana,96.15,PPAC-derived
2023-06-10,Uttar Pradesh,90.85,PPAC-derived
2023-06-10,West Bengal,92.76,PPAC-IOC-metro
2023-06-11,Andhra Pradesh,97.35,PPAC-derived
2023-06-11,Delhi,89.62,PPAC-IOC-metro
2023-06-11,Gujarat,89.15,PPAC-derived
2023-06-11,Haryana,91.65,PPAC-derived
2023-06-11,Karnataka,93.85,PPAC-derived
2023-06-11,Madhya Pradesh,94.15,PPAC-derived
2023-06-11,Maharashtra,94.27,PPAC-IOC-metro
2023-06-11,Punjab,92.25,PPAC-derived
2023-06-11,Rajasthan,95.05,PPAC-derived
2023-06-11,Tamil Nadu,94.24,PPAC-IOC-metro
2023-06-11,Telangana,96.15,PPAC-derived
2023-06-11,Uttar Pradesh,90.85,PPAC-derived
2023-06-11,West Bengal,92.76,PPAC-IOC-metro
2023-06-12,Andhra Pradesh,97.35,PPAC-derived
2023-06-12,Delhi,89.62,PPAC-IOC-metro
2023-06-12,Gujarat,89.15,PPAC-derived
2023-06-12,Haryana,91.65,PPAC-derived
2023-06-12,Karnataka,93.85,PPAC-derived
2023-06-12,Madhya Pradesh,94.15,PPAC-derived
2023-06-12,Maharashtra,94.27,PPAC-IOC-metro
2023-06-12,Punjab,92.25,PPAC-derived
2023-06-12,Rajasthan,95.05,PPAC-derived
2023-06-12,Tamil Nadu,94.24,PPAC-IOC-metro
2023-06-12,Telangana,96.15,PPAC-derived
2023-06-12,Uttar Pradesh,90.85,PPAC-derived
2023-06-12,West Bengal,92.76,PPAC-IOC-metro
2023-06-13,Andhra Pradesh,97.35,PPAC-derived
2023-06-13,Delhi,89.62,PPAC-IOC-metro
2023-06-13,Gujarat,89.15,PPAC-derived
2023-06-13,Haryana,91.65,PPAC-derived
2023-06-13,Karnataka,93.85,PPAC-derived
2023-06-13,Madhya Pradesh,94.15,PPAC-derived
2023-06-13,Maharashtra,94.27,PPAC-IOC-metro
2023-06-13,Punjab,92.25,PPAC-derived
2023-06-13,Rajasthan,95.05,PPAC-derived
2023-06-13,Tamil Nadu,94.24,PPAC-IOC-metro
2023-06-13,Telangana,96.15,PPAC-derived
2023-06-13,Uttar Pradesh,90.85,PPAC-derived
2023-06-13,West Bengal,92.76,PPAC-IOC-metro
2023-06-14,Andhra Pradesh,97.35,PPAC-derived
2023-06-14,Delhi,89.62,PPAC-IOC-metro
2023-06-14,Gujarat,89.15,PPAC-derived
2023-06-14,Haryana,91.65,PPAC-derived
2023-06-14,Karnataka,93.85,PPAC-derived
2023-06-14,Madhya Pradesh,94.15,PPAC-derived
2023-06-14,Maharashtra,94.27,PPAC-IOC-metro
2023-06-14,Punjab,92.25,PPAC-derived
2023-06-14,Rajasthan,95.05,PPAC-derived
2023-06-14,Tamil Nadu,94.24,PPAC-IOC-metro
2023-06-14,Telangana,96.15,PPAC-derived
2023-06-14,Uttar Pradesh,90.85,PPAC-derived
2023-06-14,West Bengal,92.76,PPAC-IOC-metro
2023-06-15,Andhra Pradesh,97.35,PPAC-derived
2023-06-15,Delhi,89.62,PPAC-IOC-metro
2023-06-15,Gujarat,89.15,PPAC-derived
2023-06-15,Haryana,91.65,PPAC-derived
2023-06-15,Karnataka,93.85,PPAC-derived
2023-06-15,Madhya Pradesh,94.15,PPAC-derived
2023-06-15,Maharashtra,94.27,PPAC-IOC-metro
2023-06-15,Punjab,92.25,PPAC-derived
2023-06-15,Rajasthan,95.05,PPAC-derived
2023-06-15,Tamil Nadu,94.24,PPAC-IOC-metro
2023-06-15,Telangana,96.15,PPAC-derived
2023-06-15,Uttar Pradesh,90.85,PPAC-derived
2023-06-15,West Bengal,92.76,PPAC-IOC-metro
2023-06-16,Andhra Pradesh,97.35,PPAC-derived
2023-06-16,Delhi,89.62,PPAC-IOC-metro
2023-06-16,Gujarat,89.15,PPAC-derived
2023-06-16,Haryana,91.65,PPAC-derived
2023-06-16,Karnataka,93.85,PPAC-derived
2023-06-16,Madhya Pradesh,94.15,PPAC-derived
2023-06-16,Maharashtra,94.27,PPAC-IOC-metro
2023-06-16,Punjab,92.25,PPAC-derived
2023-06-16,Rajasthan,95.05,PPAC-derived
2023-06-16,Tamil Nadu,94.24,PPAC-IOC-metro
2023-06-16,Telangana,96.15,PPAC-derived
2023-06-16,Uttar Pradesh,90.85,PPAC-derived
2023-06-16,West Bengal,92.76,PPAC-IOC-metro
2023-06-17,Andhra Pradesh,97.35,PPAC-derived
2023-06-17,Delhi,89.62,PPAC-IOC-metro
2023-06-17,Gujarat,89.15,PPAC-derived
2023-06-17,Haryana,91.65,PPAC-derived
2023-06-17,Karnataka,93.85,PPAC-derived
2023-06-17,Madhya Pradesh,94.15,PPAC-derived
2023-06-17,Maharashtra,94.27,PPAC-IOC-metro
2023-06-17,Punjab,92.25,PPAC-derived
2023-06-17,Rajasthan,95.05,PPAC-derived
2023-06-17,Tamil Nadu,94.24,PPAC-IOC-metro
2023-06-17,Telangana,96.15,PPAC-derived
2023-06-17,Uttar Pradesh,90.85,PPAC-derived
2023-06-17,West Bengal,92.76,PPAC-IOC-metro
2023-06-18,Andhra Pradesh,97.35,PPAC-derived
2023-06-18,Delhi,89.62,PPAC-IOC-metro
2023-06-18,Gujarat,89.15,PPAC-derived
2023-06-18,Haryana,91.65,PPAC-derived
2023-06-18,Karnataka,93.85,PPAC-derived
2023-06-18,Madhya Pradesh,94.15,PPAC-derived
2023-06-18,Maharashtra,94.27,PPAC-IOC-metro
2023-06-18,Punjab,92.25,PPAC-derived
2023-06-18,Rajasthan,95.05,PPAC-derived
2023-06-18,Tamil Nadu,94.24,PPAC-IOC-metro
2023-06-18,Telangana,96.15,PPAC-derived
2023-06-18,Uttar Pradesh,90.85,PPAC-derived
2023-06-18,West Bengal,92.76,PPAC-IOC-metro
2023-06-19,Andhra Pradesh,97.35,PPAC-derived
2023-06-19,Delhi,89.62,PPAC-IOC-metro
2023-06-19,Gujarat,89.15,PPAC-derived
2023-06-19,Haryana,91.65,PPAC-derived
2023-06-19,Karnataka,93.85,PPAC-derived
2023-06-19,Madhya Pradesh,94.15,PPAC-derived
2023-06-19,Maharashtra,94.27,PPAC-IOC-metro
2023-06-19,Punjab,92.25,PPAC-derived
2023-06-19,Rajasthan,95.05,PPAC-derived
2023-06-19,Tamil Nadu,94.24,PPAC-IOC-metro
2023-06-19,Telangana,96.15,PPAC-derived
2023-06-19,Uttar Pradesh,90.85,PPAC-derived
2023-06-19,West Bengal,92.76,PPAC-IOC-metro
2023-06-20,Andhra Pradesh,97.35,PPAC-derived
2023-06-20,Delhi,89.62,PPAC-IOC-metro
2023-06-20,Gujarat,89.15,PPAC-derived
2023-06-20,Haryana,91.65,PPAC-derived
2023-06-20,Karnataka,93.85,PPAC-derived
2023-06-20,Madhya Pradesh,94.15,PPAC-derived
2023-06-20,Maharashtra,94.27,PPAC-IOC-metro
2023-06-20,Punjab,92.25,PPAC-derived
2023-06-20,Rajasthan,95.05,PPAC-derived
2023-06-20,Tamil Nadu,94.24,PPAC-IOC-metro
2023-06-20,Telangana,96.15,PPAC-derived
2023-06-20,Uttar Pradesh,90.85,PPAC-derived
2023-06-20,West Bengal,92.76,PPAC-IOC-metro
2023-06-21,Andhra Pradesh,97.35,PPAC-derived
2023-06-21,Delhi,89.62,PPAC-IOC-metro
2023-06-21,Gujarat,89.15,PPAC-derived
2023-06-21,Haryana,91.65,PPAC-derived
2023-06-21,Karnataka,93.85,PPAC-derived
2023-06-21,Madhya Pradesh,94.15,PPAC-derived
2023-06-21,Maharashtra,94.27,PPAC-IOC-metro
2023-06-21,Punjab,92.25,PPAC-derived
2023-06-21,Rajasthan,95.05,PPAC-derived
2023-06-21,Tamil Nadu,94.24,PPAC-IOC-metro
2023-06-21,Telangana,96.15,PPAC-derived
2023-06-21,Uttar Pradesh,90.85,PPAC-derived
2023-06-21,West Bengal,92.76,PPAC-IOC-metro
2023-06-22,Andhra Pradesh,97.35,PPAC-derived
2023-06-22,Delhi,89.62,PPAC-IOC-metro
2023-06-22,Gujarat,89.15,PPAC-derived
2023-06-22,Haryana,91.65,PPAC-derived
2023-06-22,Karnataka,93.85,PPAC-derived
2023-06-22,Madhya Pradesh,94.15,PPAC-derived
2023-06-22,Maharashtra,94.27,PPAC-IOC-metro
2023-06-22,Punjab,92.25,PPAC-derived
2023-06-22,Rajasthan,95.05,PPAC-derived
2023-06-22,Tamil Nadu,94.24,PPAC-IOC-metro
2023-06-22,Telangana,96.15,PPAC-derived
2023-06-22,Uttar Pradesh,90.85,PPAC-derived
2023-06-22,West Bengal,92.76,PPAC-IOC-metro
2023-06-23,Andhra Pradesh,97.35,PPAC-derived
2023-06-23,Delhi,89.62,PPAC-IOC-metro
2023-06-23,Gujarat,89.15,PPAC-derived
2023-06-23,Haryana,91.65,PPAC-derived
2023-06-23,Karnataka,93.85,PPAC-derived
2023-06-23,Madhya Pradesh,94.15,PPAC-derived
2023-06-23,Maharashtra,94.27,PPAC-IOC-metro
2023-06-23,Punjab,92.25,PPAC-derived
2023-06-23,Rajasthan,95.05,PPAC-derived
2023-06-23,Tamil Nadu,94.24,PPAC-IOC-metro
2023-06-23,Telangana,96.15,PPAC-derived
2023-06-23,Uttar Pradesh,90.85,PPAC-derived
2023-06-23,West Bengal,92.76,PPAC-IOC-metro
2023-06-24,Andhra Pradesh,97.35,PPAC-derived
2023-06-24,Delhi,89.62,PPAC-IOC-metro
2023-06-24,Gujarat,89.15,PPAC-derived
2023-06-24,Haryana,91.65,PPAC-derived
2023-06-24,Karnataka,93.85,PPAC-derived
2023-06-24,Madhya Pradesh,94.15,PPAC-derived
2023-06-24,Maharashtra,94.27,PPAC-IOC-metro
2023-06-24,Punjab,92.25,PPAC-derived
2023-06-24,Rajasthan,95.05,PPAC-derived
2023-06-24,Tamil Nadu,94.24,PPAC-IOC-metro
2023-06-24,Telangana,96.15,PPAC-derived
2023-06-24,Uttar Pradesh,90.85,PPAC-derived
2023-06-24,West Bengal,92.76,PPAC-IOC-metro
2023-06-25,Andhra Pradesh,97.35,PPAC-derived
2023-06-25,Delhi,89.62,PPAC-IOC-metro
2023-06-25,Gujarat,89.15,PPAC-derived
2023-06-25,Haryana,91.65,PPAC-derived
2023-06-25,Karnataka,93.85,PPAC-derived
2023-06-25,Madhya Pradesh,94.15,PPAC-derived
2023-06-25,Maharashtra,94.27,PPAC-IOC-metro
2023-06-25,Punjab,92.25,PPAC-derived
2023-06-25,Rajasthan,95.05,PPAC-derived
2023-06-25,Tamil Nadu,94.24,PPAC-IOC-metro
2023-06-25,Telangana,96.15,PPAC-derived
2023-06-25,Uttar Pradesh,90.85,PPAC-derived
2023-06-25,West Bengal,92.76,PPAC-IOC-metro
2023-06-26,Andhra Pradesh,97.35,PPAC-derived
2023-06-26,Delhi,89.62,PPAC-IOC-metro
2023-06-26,Gujarat,89.15,PPAC-derived
2023-06-26,Haryana,91.65,PPAC-derived
2023-06-26,Karnataka,93.85,PPAC-derived
2023-06-26,Madhya Pradesh,94.15,PPAC-derived
2023-06-26,Maharashtra,94.27,PPAC-IOC-metro
2023-06-26,Punjab,92.25,PPAC-derived
2023-06-26,Rajasthan,95.05,PPAC-derived
2023-06-26,Tamil Nadu,94.24,PPAC-IOC-metro
2023-06-26,Telangana,96.15,PPAC-derived
2023-06-26,Uttar Pradesh,90.85,PPAC-derived
2023-06-26,West Bengal,92.76,PPAC-IOC-metro
2023-06-27,Andhra Pradesh,97.35,PPAC-derived
2023-06-27,Delhi,89.62,PPAC-IOC-metro
2023-06-27,Gujarat,89.15,PPAC-derived
2023-06-27,Haryana,91.65,PPAC-derived
2023-06-27,Karnataka,93.85,PPAC-derived
2023-06-27,Madhya Pradesh,94.15,PPAC-derived
2023-06-27,Maharashtra,94.27,PPAC-IOC-metro
2023-06-27,Punjab,92.25,PPAC-derived
2023-06-27,Rajasthan,95.05,PPAC-derived
2023-06-27,Tamil Nadu,94.24,PPAC-IOC-metro
2023-06-27,Telangana,96.15,PPAC-derived
2023-06-27,Uttar Pradesh,90.85,PPAC-derived
2023-06-27,West Bengal,92.76,PPAC-IOC-metro
2023-06-28,Andhra Pradesh,97.35,PPAC-derived
2023-06-28,Delhi,89.62,PPAC-IOC-metro
2023-06-28,Gujarat,89.15,PPAC-derived
2023-06-28,Haryana,91.65,PPAC-derived
2023-06-28,Karnataka,93.85,PPAC-derived
2023-06-28,Madhya Pradesh,94.15,PPAC-derived
2023-06-28,Maharashtra,94.27,PPAC-IOC-metro
2023-06-28,Punjab,92.25,PPAC-derived
2023-06-28,Rajasthan,95.05,PPAC-derived
2023-06-28,Tamil Nadu,94.24,PPAC-IOC-metro
2023-06-28,Telangana,96.15,PPAC-derived
2023-06-28,Uttar Pradesh,90.85,PPAC-derived
2023-06-28,West Bengal,92.76,PPAC-IOC-metro
2023-06-29,Andhra Pradesh,97.35,PPAC-derived
2023-06-29,Delhi,89.62,PPAC-IOC-metro
2023-06-29,Gujarat,89.15,PPAC-derived
2023-06-29,Haryana,91.65,PPAC-derived
2023-06-29,Karnataka,93.85,PPAC-derived
2023-06-29,Madhya Pradesh,94.15,PPAC-derived
2023-06-29,Maharashtra,94.27,PPAC-IOC-metro
2023-06-29,Punjab,92.25,PPAC-derived
2023-06-29,Rajasthan,95.05,PPAC-derived
2023-06-29,Tamil Nadu,94.24,PPAC-IOC-metro
2023-06-29,Telangana,96.15,PPAC-derived
2023-06-29,Uttar Pradesh,90.85,PPAC-derived
2023-06-29,West Bengal,92.76,PPAC-IOC-metro
2023-06-30,Andhra Pradesh,97.35,PPAC-derived
2023-06-30,Delhi,89.62,PPAC-IOC-metro
2023-06-30,Gujarat,89.15,PPAC-derived
2023-06-30,Haryana,91.65,PPAC-derived
2023-06-30,Karnataka,93.85,PPAC-derived
2023-06-30,Madhya Pradesh,94.15,PPAC-derived
2023-06-30,Maharashtra,94.27,PPAC-IOC-metro
2023-06-30,Punjab,92.25,PPAC-derived
2023-06-30,Rajasthan,95.05,PPAC-derived
2023-06-30,Tamil Nadu,94.24,PPAC-IOC-metro
2023-06-30,Telangana,96.15,PPAC-derived
2023-06-30,Uttar Pradesh,90.85,PPAC-derived
2023-06-30,West Bengal,92.76,PPAC-IOC-metro
2023-07-01,Andhra Pradesh,97.35,PPAC-derived
2023-07-01,Delhi,89.62,PPAC-IOC-metro
2023-07-01,Gujarat,89.15,PPAC-derived
2023-07-01,Haryana,91.65,PPAC-derived
2023-07-01,Karnataka,93.85,PPAC-derived
2023-07-01,Madhya Pradesh,94.15,PPAC-derived
2023-07-01,Maharashtra,94.27,PPAC-IOC-metro
2023-07-01,Punjab,92.25,PPAC-derived
2023-07-01,Rajasthan,95.05,PPAC-derived
2023-07-01,Tamil Nadu,94.24,PPAC-IOC-metro
2023-07-01,Telangana,96.15,PPAC-derived
2023-07-01,Uttar Pradesh,90.85,PPAC-derived
2023-07-01,West Bengal,92.76,PPAC-IOC-metro
2023-07-02,Andhra Pradesh,97.35,PPAC-derived
2023-07-02,Delhi,89.62,PPAC-IOC-metro
2023-07-02,Gujarat,89.15,PPAC-derived
2023-07-02,Haryana,91.65,PPAC-derived
2023-07-02,Karnataka,93.85,PPAC-derived
2023-07-02,Madhya Pradesh,94.15,PPAC-derived
2023-07-02,Maharashtra,94.27,PPAC-IOC-metro
2023-07-02,Punjab,92.25,PPAC-derived
2023-07-02,Rajasthan,95.05,PPAC-derived
2023-07-02,Tamil Nadu,94.24,PPAC-IOC-metro
2023-07-02,Telangana,96.15,PPAC-derived
2023-07-02,Uttar Pradesh,90.85,PPAC-derived
2023-07-02,West Bengal,92.76,PPAC-IOC-metro
2023-07-03,Andhra Pradesh,97.35,PPAC-derived
2023-07-03,Delhi,89.62,PPAC-IOC-metro
2023-07-03,Gujarat,89.15,PPAC-derived
2023-07-03,Haryana,91.65,PPAC-derived
2023-07-03,Karnataka,93.85,PPAC-derived
2023-07-03,Madhya Pradesh,94.15,PPAC-derived
2023-07-03,Maharashtra,94.27,PPAC-IOC-metro
2023-07-03,Punjab,92.25,PPAC-derived
2023-07-03,Rajasthan,95.05,PPAC-derived
2023-07-03,Tamil Nadu,94.24,PPAC-IOC-metro
2023-07-03,Telangana,96.15,PPAC-derived
2023-07-03,Uttar Pradesh,90.85,PPAC-derived
2023-07-03,West Bengal,92.76,PPAC-IOC-metro
2023-07-04,Andhra Pradesh,97.35,PPAC-derived
2023-07-04,Delhi,89.62,PPAC-IOC-metro
2023-07-04,Gujarat,89.15,PPAC-derived
2023-07-04,Haryana,91.65,PPAC-derived
2023-07-04,Karnataka,93.85,PPAC-derived
2023-07-04,Madhya Pradesh,94.15,PPAC-derived
2023-07-04,Maharashtra,94.27,PPAC-IOC-metro
2023-07-04,Punjab,92.25,PPAC-derived
2023-07-04,Rajasthan,95.05,PPAC-derived
2023-07-04,Tamil Nadu,94.24,PPAC-IOC-metro
2023-07-04,Telangana,96.15,PPAC-derived
2023-07-04,Uttar Pradesh,90.85,PPAC-derived
2023-07-04,West Bengal,92.76,PPAC-IOC-metro
2023-07-05,Andhra Pradesh,97.35,PPAC-derived
2023-07-05,Delhi,89.62,PPAC-IOC-metro
2023-07-05,Gujarat,89.15,PPAC-derived
2023-07-05,Haryana,91.65,PPAC-derived
2023-07-05,Karnataka,93.85,PPAC-derived
2023-07-05,Madhya Pradesh,94.15,PPAC-derived
2023-07-05,Maharashtra,94.27,PPAC-IOC-metro
2023-07-05,Punjab,92.25,PPAC-derived
2023-07-05,Rajasthan,95.05,PPAC-derived
2023-07-05,Tamil Nadu,94.24,PPAC-IOC-metro
2023-07-05,Telangana,96.15,PPAC-derived
2023-07-05,Uttar Pradesh,90.85,PPAC-derived
2023-07-05,West Bengal,92.76,PPAC-IOC-metro
2023-07-06,Andhra Pradesh,97.35,PPAC-derived
2023-07-06,Delhi,89.62,PPAC-IOC-metro
2023-07-06,Gujarat,89.15,PPAC-derived
2023-07-06,Haryana,91.65,PPAC-derived
2023-07-06,Karnataka,93.85,PPAC-derived
2023-07-06,Madhya Pradesh,94.15,PPAC-derived
2023-07-06,Maharashtra,94.27,PPAC-IOC-metro
2023-07-06,Punjab,92.25,PPAC-derived
2023-07-06,Rajasthan,95.05,PPAC-derived
2023-07-06,Tamil Nadu,94.24,PPAC-IOC-metro
2023-07-06,Telangana,96.15,PPAC-derived
2023-07-06,Uttar Pradesh,90.85,PPAC-derived
2023-07-06,West Bengal,92.76,PPAC-IOC-metro
2023-07-07,Andhra Pradesh,97.35,PPAC-derived
2023-07-07,Delhi,89.62,PPAC-IOC-metro
2023-07-07,Gujarat,89.15,PPAC-derived
2023-07-07,Haryana,91.65,PPAC-derived
2023-07-07,Karnataka,93.85,PPAC-derived
2023-07-07,Madhya Pradesh,94.15,PPAC-derived
2023-07-07,Maharashtra,94.27,PPAC-IOC-metro
2023-07-07,Punjab,92.25,PPAC-derived
2023-07-07,Rajasthan,95.05,PPAC-derived
2023-07-07,Tamil Nadu,94.24,PPAC-IOC-metro
2023-07-07,Telangana,96.15,PPAC-derived
2023-07-07,Uttar Pradesh,90.85,PPAC-derived
2023-07-07,West Bengal,92.76,PPAC-IOC-metro
2023-07-08,Andhra Pradesh,97.35,PPAC-derived
2023-07-08,Delhi,89.62,PPAC-IOC-metro
2023-07-08,Gujarat,89.15,PPAC-derived
2023-07-08,Haryana,91.65,PPAC-derived
2023-07-08,Karnataka,93.85,PPAC-derived
2023-07-08,Madhya Pradesh,94.15,PPAC-derived
2023-07-08,Maharashtra,94.27,PPAC-IOC-metro
2023-07-08,Punjab,92.25,PPAC-derived
2023-07-08,Rajasthan,95.05,PPAC-derived
2023-07-08,Tamil Nadu,94.24,PPAC-IOC-metro
2023-07-08,Telangana,96.15,PPAC-derived
2023-07-08,Uttar Pradesh,90.85,PPAC-derived
2023-07-08,West Bengal,92.76,PPAC-IOC-metro
2023-07-09,Andhra Pradesh,97.35,PPAC-derived
2023-07-09,Delhi,89.62,PPAC-IOC-metro
2023-07-09,Gujarat,89.15,PPAC-derived
2023-07-09,Haryana,91.65,PPAC-derived
2023-07-09,Karnataka,93.85,PPAC-derived
2023-07-09,Madhya Pradesh,94.15,PPAC-derived
2023-07-09,Maharashtra,94.27,PPAC-IOC-metro
2023-07-09,Punjab,92.25,PPAC-derived
2023-07-09,Rajasthan,95.05,PPAC-derived
2023-07-09,Tamil Nadu,94.24,PPAC-IOC-metro
2023-07-09,Telangana,96.15,PPAC-derived
2023-07-09,Uttar Pradesh,90.85,PPAC-derived
2023-07-09,West Bengal,92.76,PPAC-IOC-metro
2023-07-10,Andhra Pradesh,97.35,PPAC-derived
2023-07-10,Delhi,89.62,PPAC-IOC-metro
2023-07-10,Gujarat,89.15,PPAC-derived
2023-07-10,Haryana,91.65,PPAC-derived
2023-07-10,Karnataka,93.85,PPAC-derived
2023-07-10,Madhya Pradesh,94.15,PPAC-derived
2023-07-10,Maharashtra,94.27,PPAC-IOC-metro
2023-07-10,Punjab,92.25,PPAC-derived
2023-07-10,Rajasthan,95.05,PPAC-derived
2023-07-10,Tamil Nadu,94.24,PPAC-IOC-metro
2023-07-10,Telangana,96.15,PPAC-derived
2023-07-10,Uttar Pradesh,90.85,PPAC-derived
2023-07-10,West Bengal,92.76,PPAC-IOC-metro
2023-07-11,Andhra Pradesh,97.35,PPAC-derived
2023-07-11,Delhi,89.62,PPAC-IOC-metro
2023-07-11,Gujarat,89.15,PPAC-derived
2023-07-11,Haryana,91.65,PPAC-derived
2023-07-11,Karnataka,93.85,PPAC-derived
2023-07-11,Madhya Pradesh,94.15,PPAC-derived
2023-07-11,Maharashtra,94.27,PPAC-IOC-metro
2023-07-11,Punjab,92.25,PPAC-derived
2023-07-11,Rajasthan,95.05,PPAC-derived
2023-07-11,Tamil Nadu,94.24,PPAC-IOC-metro
2023-07-11,Telangana,96.15,PPAC-derived
2023-07-11,Uttar Pradesh,90.85,PPAC-derived
2023-07-11,West Bengal,92.76,PPAC-IOC-metro
2023-07-12,Andhra Pradesh,97.35,PPAC-derived
2023-07-12,Delhi,89.62,PPAC-IOC-metro
2023-07-12,Gujarat,89.15,PPAC-derived
2023-07-12,Haryana,91.65,PPAC-derived
2023-07-12,Karnataka,93.85,PPAC-derived
2023-07-12,Madhya Pradesh,94.15,PPAC-derived
2023-07-12,Maharashtra,94.27,PPAC-IOC-metro
2023-07-12,Punjab,92.25,PPAC-derived
2023-07-12,Rajasthan,95.05,PPAC-derived
2023-07-12,Tamil Nadu,94.24,PPAC-IOC-metro
2023-07-12,Telangana,96.15,PPAC-derived
2023-07-12,Uttar Pradesh,90.85,PPAC-derived
2023-07-12,West Bengal,92.76,PPAC-IOC-metro
2023-07-13,Andhra Pradesh,97.35,PPAC-derived
2023-07-13,Delhi,89.62,PPAC-IOC-metro
2023-07-13,Gujarat,89.15,PPAC-derived
2023-07-13,Haryana,91.65,PPAC-derived
2023-07-13,Karnataka,93.85,PPAC-derived
2023-07-13,Madhya Pradesh,94.15,PPAC-derived
2023-07-13,Maharashtra,94.27,PPAC-IOC-metro
2023-07-13,Punjab,92.25,PPAC-derived
2023-07-13,Rajasthan,95.05,PPAC-derived
2023-07-13,Tamil Nadu,94.24,PPAC-IOC-metro
2023-07-13,Telangana,96.15,PPAC-derived
2023-07-13,Uttar Pradesh,90.85,PPAC-derived
2023-07-13,West Bengal,92.76,PPAC-IOC-metro
2023-07-14,Andhra Pradesh,97.35,PPAC-derived
2023-07-14,Delhi,89.62,PPAC-IOC-metro
2023-07-14,Gujarat,89.15,PPAC-derived
2023-07-14,Haryana,91.65,PPAC-derived
2023-07-14,Karnataka,93.85,PPAC-derived
2023-07-14,Madhya Pradesh,94.15,PPAC-derived
2023-07-14,Maharashtra,94.27,PPAC-IOC-metro
2023-07-14,Punjab,92.25,PPAC-derived
2023-07-14,Rajasthan,95.05,PPAC-derived
2023-07-14,Tamil Nadu,94.24,PPAC-IOC-metro
2023-07-14,Telangana,96.15,PPAC-derived
2023-07-14,Uttar Pradesh,90.85,PPAC-derived
2023-07-14,West Bengal,92.76,PPAC-IOC-metro
2023-07-15,Andhra Pradesh,97.35,PPAC-derived
2023-07-15,Delhi,89.62,PPAC-IOC-metro
2023-07-15,Gujarat,89.15,PPAC-derived
2023-07-15,Haryana,91.65,PPAC-derived
2023-07-15,Karnataka,93.85,PPAC-derived
2023-07-15,Madhya Pradesh,94.15,PPAC-derived
2023-07-15,Maharashtra,94.27,PPAC-IOC-metro
2023-07-15,Punjab,92.25,PPAC-derived
2023-07-15,Rajasthan,95.05,PPAC-derived
2023-07-15,Tamil Nadu,94.24,PPAC-IOC-metro
2023-07-15,Telangana,96.15,PPAC-derived
2023-07-15,Uttar Pradesh,90.85,PPAC-derived
2023-07-15,West Bengal,92.76,PPAC-IOC-metro
2023-07-16,Andhra Pradesh,97.35,PPAC-derived
2023-07-16,Delhi,89.62,PPAC-IOC-metro
2023-07-16,Gujarat,89.15,PPAC-derived
2023-07-16,Haryana,91.65,PPAC-derived
2023-07-16,Karnataka,93.85,PPAC-derived
2023-07-16,Madhya Pradesh,94.15,PPAC-derived
2023-07-16,Maharashtra,94.27,PPAC-IOC-metro
2023-07-16,Punjab,92.25,PPAC-derived
2023-07-16,Rajasthan,95.05,PPAC-derived
2023-07-16,Tamil Nadu,94.24,PPAC-IOC-metro
2023-07-16,Telangana,96.15,PPAC-derived
2023-07-16,Uttar Pradesh,90.85,PPAC-derived
2023-07-16,West Bengal,92.76,PPAC-IOC-metro
2023-07-17,Andhra Pradesh,97.35,PPAC-derived
2023-07-17,Delhi,89.62,PPAC-IOC-metro
2023-07-17,Gujarat,89.15,PPAC-derived
2023-07-17,Haryana,91.65,PPAC-derived
2023-07-17,Karnataka,93.85,PPAC-derived
2023-07-17,Madhya Pradesh,94.15,PPAC-derived
2023-07-17,Maharashtra,94.27,PPAC-IOC-metro
2023-07-17,Punjab,92.25,PPAC-derived
2023-07-17,Rajasthan,95.05,PPAC-derived
2023-07-17,Tamil Nadu,94.24,PPAC-IOC-metro
2023-07-17,Telangana,96.15,PPAC-derived
2023-07-17,Uttar Pradesh,90.85,PPAC-derived
2023-07-17,West Bengal,92.76,PPAC-IOC-metro
2023-07-18,Andhra Pradesh,97.35,PPAC-derived
2023-07-18,Delhi,89.62,PPAC-IOC-metro
2023-07-18,Gujarat,89.15,PPAC-derived
2023-07-18,Haryana,91.65,PPAC-derived
2023-07-18,Karnataka,93.85,PPAC-derived
2023-07-18,Madhya Pradesh,94.15,PPAC-derived
2023-07-18,Maharashtra,94.27,PPAC-IOC-metro
2023-07-18,Punjab,92.25,PPAC-derived
2023-07-18,Rajasthan,95.05,PPAC-derived
2023-07-18,Tamil Nadu,94.24,PPAC-IOC-metro
2023-07-18,Telangana,96.15,PPAC-derived
2023-07-18,Uttar Pradesh,90.85,PPAC-derived
2023-07-18,West Bengal,92.76,PPAC-IOC-metro
2023-07-19,Andhra Pradesh,97.35,PPAC-derived
2023-07-19,Delhi,89.62,PPAC-IOC-metro
2023-07-19,Gujarat,89.15,PPAC-derived
2023-07-19,Haryana,91.65,PPAC-derived
2023-07-19,Karnataka,93.85,PPAC-derived
2023-07-19,Madhya Pradesh,94.15,PPAC-derived
2023-07-19,Maharashtra,94.27,PPAC-IOC-metro
2023-07-19,Punjab,92.25,PPAC-derived
2023-07-19,Rajasthan,95.05,PPAC-derived
2023-07-19,Tamil Nadu,94.24,PPAC-IOC-metro
2023-07-19,Telangana,96.15,PPAC-derived
2023-07-19,Uttar Pradesh,90.85,PPAC-derived
2023-07-19,West Bengal,92.76,PPAC-IOC-metro
2023-07-20,Andhra Pradesh,97.35,PPAC-derived
2023-07-20,Delhi,89.62,PPAC-IOC-metro
2023-07-20,Gujarat,89.15,PPAC-derived
2023-07-20,Haryana,91.65,PPAC-derived
2023-07-20,Karnataka,93.85,PPAC-derived
2023-07-20,Madhya Pradesh,94.15,PPAC-derived
2023-07-20,Maharashtra,94.27,PPAC-IOC-metro
2023-07-20,Punjab,92.25,PPAC-derived
2023-07-20,Rajasthan,95.05,PPAC-derived
2023-07-20,Tamil Nadu,94.24,PPAC-IOC-metro
2023-07-20,Telangana,96.15,PPAC-derived
2023-07-20,Uttar Pradesh,90.85,PPAC-derived
2023-07-20,West Bengal,92.76,PPAC-IOC-metro
2023-07-21,Andhra Pradesh,97.35,PPAC-derived
2023-07-21,Delhi,89.62,PPAC-IOC-metro
2023-07-21,Gujarat,89.15,PPAC-derived
2023-07-21,Haryana,91.65,PPAC-derived
2023-07-21,Karnataka,93.85,PPAC-derived
2023-07-21,Madhya Pradesh,94.15,PPAC-derived
2023-07-21,Maharashtra,94.27,PPAC-IOC-metro
2023-07-21,Punjab,92.25,PPAC-derived
2023-07-21,Rajasthan,95.05,PPAC-derived
2023-07-21,Tamil Nadu,94.24,PPAC-IOC-metro
2023-07-21,Telangana,96.15,PPAC-derived
2023-07-21,Uttar Pradesh,90.85,PPAC-derived
2023-07-21,West Bengal,92.76,PPAC-IOC-metro
2023-07-22,Andhra Pradesh,97.35,PPAC-derived
2023-07-22,Delhi,89.62,PPAC-IOC-metro
2023-07-22,Gujarat,89.15,PPAC-derived
2023-07-22,Haryana,91.65,PPAC-derived
2023-07-22,Karnataka,93.85,PPAC-derived
2023-07-22,Madhya Pradesh,94.15,PPAC-derived
2023-07-22,Maharashtra,94.27,PPAC-IOC-metro
2023-07-22,Punjab,92.25,PPAC-derived
2023-07-22,Rajasthan,95.05,PPAC-derived
2023-07-22,Tamil Nadu,94.24,PPAC-IOC-metro
2023-07-22,Telangana,96.15,PPAC-derived
2023-07-22,Uttar Pradesh,90.85,PPAC-derived
2023-07-22,West Bengal,92.76,PPAC-IOC-metro
2023-07-23,Andhra Pradesh,97.35,PPAC-derived
2023-07-23,Delhi,89.62,PPAC-IOC-metro
2023-07-23,Gujarat,89.15,PPAC-derived
2023-07-23,Haryana,91.65,PPAC-derived
2023-07-23,Karnataka,93.85,PPAC-derived
2023-07-23,Madhya Pradesh,94.15,PPAC-derived
2023-07-23,Maharashtra,94.27,PPAC-IOC-metro
2023-07-23,Punjab,92.25,PPAC-derived
2023-07-23,Rajasthan,95.05,PPAC-derived
2023-07-23,Tamil Nadu,94.24,PPAC-IOC-metro
2023-07-23,Telangana,96.15,PPAC-derived
2023-07-23,Uttar Pradesh,90.85,PPAC-derived
2023-07-23,West Bengal,92.76,PPAC-IOC-metro
2023-07-24,Andhra Pradesh,97.35,PPAC-derived
2023-07-24,Delhi,89.62,PPAC-IOC-metro
2023-07-24,Gujarat,89.15,PPAC-derived
2023-07-24,Haryana,91.65,PPAC-derived
2023-07-24,Karnataka,93.85,PPAC-derived
2023-07-24,Madhya Pradesh,94.15,PPAC-derived
2023-07-24,Maharashtra,94.27,PPAC-IOC-metro
2023-07-24,Punjab,92.25,PPAC-derived
2023-07-24,Rajasthan,95.05,PPAC-derived
2023-07-24,Tamil Nadu,94.24,PPAC-IOC-metro
2023-07-24,Telangana,96.15,PPAC-derived
2023-07-24,Uttar Pradesh,90.85,PPAC-derived
2023-07-24,West Bengal,92.76,PPAC-IOC-metro
2023-07-25,Andhra Pradesh,97.35,PPAC-derived
2023-07-25,Delhi,89.62,PPAC-IOC-metro
2023-07-25,Gujarat,89.15,PPAC-derived
2023-07-25,Haryana,91.65,PPAC-derived
2023-07-25,Karnataka,93.85,PPAC-derived
2023-07-25,Madhya Pradesh,94.15,PPAC-derived
2023-07-25,Maharashtra,94.27,PPAC-IOC-metro
2023-07-25,Punjab,92.25,PPAC-derived
2023-07-25,Rajasthan,95.05,PPAC-derived
2023-07-25,Tamil Nadu,94.24,PPAC-IOC-metro
2023-07-25,Telangana,96.15,PPAC-derived
2023-07-25,Uttar Pradesh,90.85,PPAC-derived
2023-07-25,West Bengal,92.76,PPAC-IOC-metro
2023-07-26,Andhra Pradesh,97.35,PPAC-derived
2023-07-26,Delhi,89.62,PPAC-IOC-metro
2023-07-26,Gujarat,89.15,PPAC-derived
2023-07-26,Haryana,91.65,PPAC-derived
2023-07-26,Karnataka,93.85,PPAC-derived
2023-07-26,Madhya Pradesh,94.15,PPAC-derived
2023-07-26,Maharashtra,94.27,PPAC-IOC-metro
2023-07-26,Punjab,92.25,PPAC-derived
2023-07-26,Rajasthan,95.05,PPAC-derived
2023-07-26,Tamil Nadu,94.24,PPAC-IOC-metro
2023-07-26,Telangana,96.15,PPAC-derived
2023-07-26,Uttar Pradesh,90.85,PPAC-derived
2023-07-26,West Bengal,92.76,PPAC-IOC-metro
2023-07-27,Andhra Pradesh,97.35,PPAC-derived
2023-07-27,Delhi,89.62,PPAC-IOC-metro
2023-07-27,Gujarat,89.15,PPAC-derived
2023-07-27,Haryana,91.65,PPAC-derived
2023-07-27,Karnataka,93.85,PPAC-derived
2023-07-27,Madhya Pradesh,94.15,PPAC-derived
2023-07-27,Maharashtra,94.27,PPAC-IOC-metro
2023-07-27,Punjab,92.25,PPAC-derived
2023-07-27,Rajasthan,95.05,PPAC-derived
2023-07-27,Tamil Nadu,94.24,PPAC-IOC-metro
2023-07-27,Telangana,96.15,PPAC-derived
2023-07-27,Uttar Pradesh,90.85,PPAC-derived
2023-07-27,West Bengal,92.76,PPAC-IOC-metro
2023-07-28,Andhra Pradesh,97.35,PPAC-derived
2023-07-28,Delhi,89.62,PPAC-IOC-metro
2023-07-28,Gujarat,89.15,PPAC-derived
2023-07-28,Haryana,91.65,PPAC-derived
2023-07-28,Karnataka,93.85,PPAC-derived
2023-07-28,Madhya Pradesh,94.15,PPAC-derived
2023-07-28,Maharashtra,94.27,PPAC-IOC-metro
2023-07-28,Punjab,92.25,PPAC-derived
2023-07-28,Rajasthan,95.05,PPAC-derived
2023-07-28,Tamil Nadu,94.24,PPAC-IOC-metro
2023-07-28,Telangana,96.15,PPAC-derived
2023-07-28,Uttar Pradesh,90.85,PPAC-derived
2023-07-28,West Bengal,92.76,PPAC-IOC-metro
2023-07-29,Andhra Pradesh,97.35,PPAC-derived
2023-07-29,Delhi,89.62,PPAC-IOC-metro
2023-07-29,Gujarat,89.15,PPAC-derived
2023-07-29,Haryana,91.65,PPAC-derived
2023-07-29,Karnataka,93.85,PPAC-derived
2023-07-29,Madhya Pradesh,94.15,PPAC-derived
2023-07-29,Maharashtra,94.27,PPAC-IOC-metro
2023-07-29,Punjab,92.25,PPAC-derived
2023-07-29,Rajasthan,95.05,PPAC-derived
2023-07-29,Tamil Nadu,94.24,PPAC-IOC-metro
2023-07-29,Telangana,96.15,PPAC-derived
2023-07-29,Uttar Pradesh,90.85,PPAC-derived
2023-07-29,West Bengal,92.76,PPAC-IOC-metro
2023-07-30,Andhra Pradesh,97.35,PPAC-derived
2023-07-30,Delhi,89.62,PPAC-IOC-metro
2023-07-30,Gujarat,89.15,PPAC-derived
2023-07-30,Haryana,91.65,PPAC-derived
2023-07-30,Karnataka,93.85,PPAC-derived
2023-07-30,Madhya Pradesh,94.15,PPAC-derived
2023-07-30,Maharashtra,94.27,PPAC-IOC-metro
2023-07-30,Punjab,92.25,PPAC-derived
2023-07-30,Rajasthan,95.05,PPAC-derived
2023-07-30,Tamil Nadu,94.24,PPAC-IOC-metro
2023-07-30,Telangana,96.15,PPAC-derived
2023-07-30,Uttar Pradesh,90.85,PPAC-derived
2023-07-30,West Bengal,92.76,PPAC-IOC-metro
2023-07-31,Andhra Pradesh,97.35,PPAC-derived
2023-07-31,Delhi,89.62,PPAC-IOC-metro
2023-07-31,Gujarat,89.15,PPAC-derived
2023-07-31,Haryana,91.65,PPAC-derived
2023-07-31,Karnataka,93.85,PPAC-derived
2023-07-31,Madhya Pradesh,94.15,PPAC-derived
2023-07-31,Maharashtra,94.27,PPAC-IOC-metro
2023-07-31,Punjab,92.25,PPAC-derived
2023-07-31,Rajasthan,95.05,PPAC-derived
2023-07-31,Tamil Nadu,94.24,PPAC-IOC-metro
2023-07-31,Telangana,96.15,PPAC-derived
2023-07-31,Uttar Pradesh,90.85,PPAC-derived
2023-07-31,West Bengal,92.76,PPAC-IOC-metro
2023-08-01,Andhra Pradesh,97.35,PPAC-derived
2023-08-01,Delhi,89.62,PPAC-IOC-metro
2023-08-01,Gujarat,89.15,PPAC-derived
2023-08-01,Haryana,91.65,PPAC-derived
2023-08-01,Karnataka,93.85,PPAC-derived
2023-08-01,Madhya Pradesh,94.15,PPAC-derived
2023-08-01,Maharashtra,94.27,PPAC-IOC-metro
2023-08-01,Punjab,92.25,PPAC-derived
2023-08-01,Rajasthan,95.05,PPAC-derived
2023-08-01,Tamil Nadu,94.24,PPAC-IOC-metro
2023-08-01,Telangana,96.15,PPAC-derived
2023-08-01,Uttar Pradesh,90.85,PPAC-derived
2023-08-01,West Bengal,92.76,PPAC-IOC-metro
2023-08-02,Andhra Pradesh,97.35,PPAC-derived
2023-08-02,Delhi,89.62,PPAC-IOC-metro
2023-08-02,Gujarat,89.15,PPAC-derived
2023-08-02,Haryana,91.65,PPAC-derived
2023-08-02,Karnataka,93.85,PPAC-derived
2023-08-02,Madhya Pradesh,94.15,PPAC-derived
2023-08-02,Maharashtra,94.27,PPAC-IOC-metro
2023-08-02,Punjab,92.25,PPAC-derived
2023-08-02,Rajasthan,95.05,PPAC-derived
2023-08-02,Tamil Nadu,94.24,PPAC-IOC-metro
2023-08-02,Telangana,96.15,PPAC-derived
2023-08-02,Uttar Pradesh,90.85,PPAC-derived
2023-08-02,West Bengal,92.76,PPAC-IOC-metro
2023-08-03,Andhra Pradesh,97.35,PPAC-derived
2023-08-03,Delhi,89.62,PPAC-IOC-metro
2023-08-03,Gujarat,89.15,PPAC-derived
2023-08-03,Haryana,91.65,PPAC-derived
2023-08-03,Karnataka,93.85,PPAC-derived
2023-08-03,Madhya Pradesh,94.15,PPAC-derived
2023-08-03,Maharashtra,94.27,PPAC-IOC-metro
2023-08-03,Punjab,92.25,PPAC-derived
2023-08-03,Rajasthan,95.05,PPAC-derived
2023-08-03,Tamil Nadu,94.24,PPAC-IOC-metro
2023-08-03,Telangana,96.15,PPAC-derived
2023-08-03,Uttar Pradesh,90.85,PPAC-derived
2023-08-03,West Bengal,92.76,PPAC-IOC-metro
2023-08-04,Andhra Pradesh,97.35,PPAC-derived
2023-08-04,Delhi,89.62,PPAC-IOC-metro
2023-08-04,Gujarat,89.15,PPAC-derived
2023-08-04,Haryana,91.65,PPAC-derived
2023-08-04,Karnataka,93.85,PPAC-derived
2023-08-04,Madhya Pradesh,94.15,PPAC-derived
2023-08-04,Maharashtra,94.27,PPAC-IOC-metro
2023-08-04,Punjab,92.25,PPAC-derived
2023-08-04,Rajasthan,95.05,PPAC-derived
2023-08-04,Tamil Nadu,94.24,PPAC-IOC-metro
2023-08-04,Telangana,96.15,PPAC-derived
2023-08-04,Uttar Pradesh,90.85,PPAC-derived
2023-08-04,West Bengal,92.76,PPAC-IOC-metro
2023-08-05,Andhra Pradesh,97.35,PPAC-derived
2023-08-05,Delhi,89.62,PPAC-IOC-metro
2023-08-05,Gujarat,89.15,PPAC-derived
2023-08-05,Haryana,91.65,PPAC-derived
2023-08-05,Karnataka,93.85,PPAC-derived
2023-08-05,Madhya Pradesh,94.15,PPAC-derived
2023-08-05,Maharashtra,94.27,PPAC-IOC-metro
2023-08-05,Punjab,92.25,PPAC-derived
2023-08-05,Rajasthan,95.05,PPAC-derived
2023-08-05,Tamil Nadu,94.24,PPAC-IOC-metro
2023-08-05,Telangana,96.15,PPAC-derived
2023-08-05,Uttar Pradesh,90.85,PPAC-derived
2023-08-05,West Bengal,92.76,PPAC-IOC-metro
2023-08-06,Andhra Pradesh,97.35,PPAC-derived
2023-08-06,Delhi,89.62,PPAC-IOC-metro
2023-08-06,Gujarat,89.15,PPAC-derived
2023-08-06,Haryana,91.65,PPAC-derived
2023-08-06,Karnataka,93.85,PPAC-derived
2023-08-06,Madhya Pradesh,94.15,PPAC-derived
2023-08-06,Maharashtra,94.27,PPAC-IOC-metro
2023-08-06,Punjab,92.25,PPAC-derived
2023-08-06,Rajasthan,95.05,PPAC-derived
2023-08-06,Tamil Nadu,94.24,PPAC-IOC-metro
2023-08-06,Telangana,96.15,PPAC-derived
2023-08-06,Uttar Pradesh,90.85,PPAC-derived
2023-08-06,West Bengal,92.76,PPAC-IOC-metro
2023-08-07,Andhra Pradesh,97.35,PPAC-derived
2023-08-07,Delhi,89.62,PPAC-IOC-metro
2023-08-07,Gujarat,89.15,PPAC-derived
2023-08-07,Haryana,91.65,PPAC-derived
2023-08-07,Karnataka,93.85,PPAC-derived
2023-08-07,Madhya Pradesh,94.15,PPAC-derived
2023-08-07,Maharashtra,94.27,PPAC-IOC-metro
2023-08-07,Punjab,92.25,PPAC-derived
2023-08-07,Rajasthan,95.05,PPAC-derived
2023-08-07,Tamil Nadu,94.24,PPAC-IOC-metro
2023-08-07,Telangana,96.15,PPAC-derived
2023-08-07,Uttar Pradesh,90.85,PPAC-derived
2023-08-07,West Bengal,92.76,PPAC-IOC-metro
2023-08-08,Andhra Pradesh,97.35,PPAC-derived
2023-08-08,Delhi,89.62,PPAC-IOC-metro
2023-08-08,Gujarat,89.15,PPAC-derived
2023-08-08,Haryana,91.65,PPAC-derived
2023-08-08,Karnataka,93.85,PPAC-derived
2023-08-08,Madhya Pradesh,94.15,PPAC-derived
2023-08-08,Maharashtra,94.27,PPAC-IOC-metro
2023-08-08,Punjab,92.25,PPAC-derived
2023-08-08,Rajasthan,95.05,PPAC-derived
2023-08-08,Tamil Nadu,94.24,PPAC-IOC-metro
2023-08-08,Telangana,96.15,PPAC-derived
2023-08-08,Uttar Pradesh,90.85,PPAC-derived
2023-08-08,West Bengal,92.76,PPAC-IOC-metro
2023-08-09,Andhra Pradesh,97.35,PPAC-derived
2023-08-09,Delhi,89.62,PPAC-IOC-metro
2023-08-09,Gujarat,89.15,PPAC-derived
2023-08-09,Haryana,91.65,PPAC-derived
2023-08-09,Karnataka,93.85,PPAC-derived
2023-08-09,Madhya Pradesh,94.15,PPAC-derived
2023-08-09,Maharashtra,94.27,PPAC-IOC-metro
2023-08-09,Punjab,92.25,PPAC-derived
2023-08-09,Rajasthan,95.05,PPAC-derived
2023-08-09,Tamil Nadu,94.24,PPAC-IOC-metro
2023-08-09,Telangana,96.15,PPAC-derived
2023-08-09,Uttar Pradesh,90.85,PPAC-derived
2023-08-09,West Bengal,92.76,PPAC-IOC-metro
2023-08-10,Andhra Pradesh,97.35,PPAC-derived
2023-08-10,Delhi,89.62,PPAC-IOC-metro
2023-08-10,Gujarat,89.15,PPAC-derived
2023-08-10,Haryana,91.65,PPAC-derived
2023-08-10,Karnataka,93.85,PPAC-derived
2023-08-10,Madhya Pradesh,94.15,PPAC-derived
2023-08-10,Maharashtra,94.27,PPAC-IOC-metro
2023-08-10,Punjab,92.25,PPAC-derived
2023-08-10,Rajasthan,95.05,PPAC-derived
2023-08-10,Tamil Nadu,94.24,PPAC-IOC-metro
2023-08-10,Telangana,96.15,PPAC-derived
2023-08-10,Uttar Pradesh,90.85,PPAC-derived
2023-08-10,West Bengal,92.76,PPAC-IOC-metro
2023-08-11,Andhra Pradesh,97.35,PPAC-derived
2023-08-11,Delhi,89.62,PPAC-IOC-metro
2023-08-11,Gujarat,89.15,PPAC-derived
2023-08-11,Haryana,91.65,PPAC-derived
2023-08-11,Karnataka,93.85,PPAC-derived
2023-08-11,Madhya Pradesh,94.15,PPAC-derived
2023-08-11,Maharashtra,94.27,PPAC-IOC-metro
2023-08-11,Punjab,92.25,PPAC-derived
2023-08-11,Rajasthan,95.05,PPAC-derived
2023-08-11,Tamil Nadu,94.24,PPAC-IOC-metro
2023-08-11,Telangana,96.15,PPAC-derived
2023-08-11,Uttar Pradesh,90.85,PPAC-derived
2023-08-11,West Bengal,92.76,PPAC-IOC-metro
2023-08-12,Andhra Pradesh,97.35,PPAC-derived
2023-08-12,Delhi,89.62,PPAC-IOC-metro
2023-08-12,Gujarat,89.15,PPAC-derived
2023-08-12,Haryana,91.65,PPAC-derived
2023-08-12,Karnataka,93.85,PPAC-derived
2023-08-12,Madhya Pradesh,94.15,PPAC-derived
2023-08-12,Maharashtra,94.27,PPAC-IOC-metro
2023-08-12,Punjab,92.25,PPAC-derived
2023-08-12,Rajasthan,95.05,PPAC-derived
2023-08-12,Tamil Nadu,94.24,PPAC-IOC-metro
2023-08-12,Telangana,96.15,PPAC-derived
2023-08-12,Uttar Pradesh,90.85,PPAC-derived
2023-08-12,West Bengal,92.76,PPAC-IOC-metro
2023-08-13,Andhra Pradesh,97.35,PPAC-derived
2023-08-13,Delhi,89.62,PPAC-IOC-metro
2023-08-13,Gujarat,89.15,PPAC-derived
2023-08-13,Haryana,91.65,PPAC-derived
2023-08-13,Karnataka,93.85,PPAC-derived
2023-08-13,Madhya Pradesh,94.15,PPAC-derived
2023-08-13,Maharashtra,94.27,PPAC-IOC-metro
2023-08-13,Punjab,92.25,PPAC-derived
2023-08-13,Rajasthan,95.05,PPAC-derived
2023-08-13,Tamil Nadu,94.24,PPAC-IOC-metro
2023-08-13,Telangana,96.15,PPAC-derived
2023-08-13,Uttar Pradesh,90.85,PPAC-derived
2023-08-13,West Bengal,92.76,PPAC-IOC-metro
2023-08-14,Andhra Pradesh,97.35,PPAC-derived
2023-08-14,Delhi,89.62,PPAC-IOC-metro
2023-08-14,Gujarat,89.15,PPAC-derived
2023-08-14,Haryana,91.65,PPAC-derived
2023-08-14,Karnataka,93.85,PPAC-derived
2023-08-14,Madhya Pradesh,94.15,PPAC-derived
2023-08-14,Maharashtra,94.27,PPAC-IOC-metro
2023-08-14,Punjab,92.25,PPAC-derived
2023-08-14,Rajasthan,95.05,PPAC-derived
2023-08-14,Tamil Nadu,94.24,PPAC-IOC-metro
2023-08-14,Telangana,96.15,PPAC-derived
2023-08-14,Uttar Pradesh,90.85,PPAC-derived
2023-08-14,West Bengal,92.76,PPAC-IOC-metro
2023-08-15,Andhra Pradesh,97.35,PPAC-derived
2023-08-15,Delhi,89.62,PPAC-IOC-metro
2023-08-15,Gujarat,89.15,PPAC-derived
2023-08-15,Haryana,91.65,PPAC-derived
2023-08-15,Karnataka,93.85,PPAC-derived
2023-08-15,Madhya Pradesh,94.15,PPAC-derived
2023-08-15,Maharashtra,94.27,PPAC-IOC-metro
2023-08-15,Punjab,92.25,PPAC-derived
2023-08-15,Rajasthan,95.05,PPAC-derived
2023-08-15,Tamil Nadu,94.24,PPAC-IOC-metro
2023-08-15,Telangana,96.15,PPAC-derived
2023-08-15,Uttar Pradesh,90.85,PPAC-derived
2023-08-15,West Bengal,92.76,PPAC-IOC-metro
2023-08-16,Andhra Pradesh,97.35,PPAC-derived
2023-08-16,Delhi,89.62,PPAC-IOC-metro
2023-08-16,Gujarat,89.15,PPAC-derived
2023-08-16,Haryana,91.65,PPAC-derived
2023-08-16,Karnataka,93.85,PPAC-derived
2023-08-16,Madhya Pradesh,94.15,PPAC-derived
2023-08-16,Maharashtra,94.27,PPAC-IOC-metro
2023-08-16,Punjab,92.25,PPAC-derived
2023-08-16,Rajasthan,95.05,PPAC-derived
2023-08-16,Tamil Nadu,94.24,PPAC-IOC-metro
2023-08-16,Telangana,96.15,PPAC-derived
2023-08-16,Uttar Pradesh,90.85,PPAC-derived
2023-08-16,West Bengal,92.76,PPAC-IOC-metro
2023-08-17,Andhra Pradesh,97.35,PPAC-derived
2023-08-17,Delhi,89.62,PPAC-IOC-metro
2023-08-17,Gujarat,89.15,PPAC-derived
2023-08-17,Haryana,91.65,PPAC-derived
2023-08-17,Karnataka,93.85,PPAC-derived
2023-08-17,Madhya Pradesh,94.15,PPAC-derived
2023-08-17,Maharashtra,94.27,PPAC-IOC-metro
2023-08-17,Punjab,92.25,PPAC-derived
2023-08-17,Rajasthan,95.05,PPAC-derived
2023-08-17,Tamil Nadu,94.24,PPAC-IOC-metro
2023-08-17,Telangana,96.15,PPAC-derived
2023-08-17,Uttar Pradesh,90.85,PPAC-derived
2023-08-17,West Bengal,92.76,PPAC-IOC-metro
2023-08-18,Andhra Pradesh,97.35,PPAC-derived
2023-08-18,Delhi,89.62,PPAC-IOC-metro
2023-08-18,Gujarat,89.15,PPAC-derived
2023-08-18,Haryana,91.65,PPAC-derived
2023-08-18,Karnataka,93.85,PPAC-derived
2023-08-18,Madhya Pradesh,94.15,PPAC-derived
2023-08-18,Maharashtra,94.27,PPAC-IOC-metro
2023-08-18,Punjab,92.25,PPAC-derived
2023-08-18,Rajasthan,95.05,PPAC-derived
2023-08-18,Tamil Nadu,94.24,PPAC-IOC-metro
2023-08-18,Telangana,96.15,PPAC-derived
2023-08-18,Uttar Pradesh,90.85,PPAC-derived
2023-08-18,West Bengal,92.76,PPAC-IOC-metro
2023-08-19,Andhra Pradesh,97.35,PPAC-derived
2023-08-19,Delhi,89.62,PPAC-IOC-metro
2023-08-19,Gujarat,89.15,PPAC-derived
2023-08-19,Haryana,91.65,PPAC-derived
2023-08-19,Karnataka,93.85,PPAC-derived
2023-08-19,Madhya Pradesh,94.15,PPAC-derived
2023-08-19,Maharashtra,94.27,PPAC-IOC-metro
2023-08-19,Punjab,92.25,PPAC-derived
2023-08-19,Rajasthan,95.05,PPAC-derived
2023-08-19,Tamil Nadu,94.24,PPAC-IOC-metro
2023-08-19,Telangana,96.15,PPAC-derived
2023-08-19,Uttar Pradesh,90.85,PPAC-derived
2023-08-19,West Bengal,92.76,PPAC-IOC-metro
2023-08-20,Andhra Pradesh,97.35,PPAC-derived
2023-08-20,Delhi,89.62,PPAC-IOC-metro
2023-08-20,Gujarat,89.15,PPAC-derived
2023-08-20,Haryana,91.65,PPAC-derived
2023-08-20,Karnataka,93.85,PPAC-derived
2023-08-20,Madhya Pradesh,94.15,PPAC-derived
2023-08-20,Maharashtra,94.27,PPAC-IOC-metro
2023-08-20,Punjab,92.25,PPAC-derived
2023-08-20,Rajasthan,95.05,PPAC-derived
2023-08-20,Tamil Nadu,94.24,PPAC-IOC-metro
2023-08-20,Telangana,96.15,PPAC-derived
2023-08-20,Uttar Pradesh,90.85,PPAC-derived
2023-08-20,West Bengal,92.76,PPAC-IOC-metro
2023-08-21,Andhra Pradesh,97.35,PPAC-derived
2023-08-21,Delhi,89.62,PPAC-IOC-metro
2023-08-21,Gujarat,89.15,PPAC-derived
2023-08-21,Haryana,91.65,PPAC-derived
2023-08-21,Karnataka,93.85,PPAC-derived
2023-08-21,Madhya Pradesh,94.15,PPAC-derived
2023-08-21,Maharashtra,94.27,PPAC-IOC-metro
2023-08-21,Punjab,92.25,PPAC-derived
2023-08-21,Rajasthan,95.05,PPAC-derived
2023-08-21,Tamil Nadu,94.24,PPAC-IOC-metro
2023-08-21,Telangana,96.15,PPAC-derived
2023-08-21,Uttar Pradesh,90.85,PPAC-derived
2023-08-21,West Bengal,92.76,PPAC-IOC-metro
2023-08-22,Andhra Pradesh,97.35,PPAC-derived
2023-08-22,Delhi,89.62,PPAC-IOC-metro
2023-08-22,Gujarat,89.15,PPAC-derived
2023-08-22,Haryana,91.65,PPAC-derived
2023-08-22,Karnataka,93.85,PPAC-derived
2023-08-22,Madhya Pradesh,94.15,PPAC-derived
2023-08-22,Maharashtra,94.27,PPAC-IOC-metro
2023-08-22,Punjab,92.25,PPAC-derived
2023-08-22,Rajasthan,95.05,PPAC-derived
2023-08-22,Tamil Nadu,94.24,PPAC-IOC-metro
2023-08-22,Telangana,96.15,PPAC-derived
2023-08-22,Uttar Pradesh,90.85,PPAC-derived
2023-08-22,West Bengal,92.76,PPAC-IOC-metro
2023-08-23,Andhra Pradesh,97.35,PPAC-derived
2023-08-23,Delhi,89.62,PPAC-IOC-metro
2023-08-23,Gujarat,89.15,PPAC-derived
2023-08-23,Haryana,91.65,PPAC-derived
2023-08-23,Karnataka,93.85,PPAC-derived
2023-08-23,Madhya Pradesh,94.15,PPAC-derived
2023-08-23,Maharashtra,94.27,PPAC-IOC-metro
2023-08-23,Punjab,92.25,PPAC-derived
2023-08-23,Rajasthan,95.05,PPAC-derived
2023-08-23,Tamil Nadu,94.24,PPAC-IOC-metro
2023-08-23,Telangana,96.15,PPAC-derived
2023-08-23,Uttar Pradesh,90.85,PPAC-derived
2023-08-23,West Bengal,92.76,PPAC-IOC-metro
2023-08-24,Andhra Pradesh,97.35,PPAC-derived
2023-08-24,Delhi,89.62,PPAC-IOC-metro
2023-08-24,Gujarat,89.15,PPAC-derived
2023-08-24,Haryana,91.65,PPAC-derived
2023-08-24,Karnataka,93.85,PPAC-derived
2023-08-24,Madhya Pradesh,94.15,PPAC-derived
2023-08-24,Maharashtra,94.27,PPAC-IOC-metro
2023-08-24,Punjab,92.25,PPAC-derived
2023-08-24,Rajasthan,95.05,PPAC-derived
2023-08-24,Tamil Nadu,94.24,PPAC-IOC-metro
2023-08-24,Telangana,96.15,PPAC-derived
2023-08-24,Uttar Pradesh,90.85,PPAC-derived
2023-08-24,West Bengal,92.76,PPAC-IOC-metro
2023-08-25,Andhra Pradesh,97.35,PPAC-derived
2023-08-25,Delhi,89.62,PPAC-IOC-metro
2023-08-25,Gujarat,89.15,PPAC-derived
2023-08-25,Haryana,91.65,PPAC-derived
2023-08-25,Karnataka,93.85,PPAC-derived
2023-08-25,Madhya Pradesh,94.15,PPAC-derived
2023-08-25,Maharashtra,94.27,PPAC-IOC-metro
2023-08-25,Punjab,92.25,PPAC-derived
2023-08-25,Rajasthan,95.05,PPAC-derived
2023-08-25,Tamil Nadu,94.24,PPAC-IOC-metro
2023-08-25,Telangana,96.15,PPAC-derived
2023-08-25,Uttar Pradesh,90.85,PPAC-derived
2023-08-25,West Bengal,92.76,PPAC-IOC-metro
2023-08-26,Andhra Pradesh,97.35,PPAC-derived
2023-08-26,Delhi,89.62,PPAC-IOC-metro
2023-08-26,Gujarat,89.15,PPAC-derived
2023-08-26,Haryana,91.65,PPAC-derived
2023-08-26,Karnataka,93.85,PPAC-derived
2023-08-26,Madhya Pradesh,94.15,PPAC-derived
2023-08-26,Maharashtra,94.27,PPAC-IOC-metro
2023-08-26,Punjab,92.25,PPAC-derived
2023-08-26,Rajasthan,95.05,PPAC-derived
2023-08-26,Tamil Nadu,94.24,PPAC-IOC-metro
2023-08-26,Telangana,96.15,PPAC-derived
2023-08-26,Uttar Pradesh,90.85,PPAC-derived
2023-08-26,West Bengal,92.76,PPAC-IOC-metro
2023-08-27,Andhra Pradesh,97.35,PPAC-derived
2023-08-27,Delhi,89.62,PPAC-IOC-metro
2023-08-27,Gujarat,89.15,PPAC-derived
2023-08-27,Haryana,91.65,PPAC-derived
2023-08-27,Karnataka,93.85,PPAC-derived
2023-08-27,Madhya Pradesh,94.15,PPAC-derived
2023-08-27,Maharashtra,94.27,PPAC-IOC-metro
2023-08-27,Punjab,92.25,PPAC-derived
2023-08-27,Rajasthan,95.05,PPAC-derived
2023-08-27,Tamil Nadu,94.24,PPAC-IOC-metro
2023-08-27,Telangana,96.15,PPAC-derived
2023-08-27,Uttar Pradesh,90.85,PPAC-derived
2023-08-27,West Bengal,92.76,PPAC-IOC-metro
2023-08-28,Andhra Pradesh,97.35,PPAC-derived
2023-08-28,Delhi,89.62,PPAC-IOC-metro
2023-08-28,Gujarat,89.15,PPAC-derived
2023-08-28,Haryana,91.65,PPAC-derived
2023-08-28,Karnataka,93.85,PPAC-derived
2023-08-28,Madhya Pradesh,94.15,PPAC-derived
2023-08-28,Maharashtra,94.27,PPAC-IOC-metro
2023-08-28,Punjab,92.25,PPAC-derived
2023-08-28,Rajasthan,95.05,PPAC-derived
2023-08-28,Tamil Nadu,94.24,PPAC-IOC-metro
2023-08-28,Telangana,96.15,PPAC-derived
2023-08-28,Uttar Pradesh,90.85,PPAC-derived
2023-08-28,West Bengal,92.76,PPAC-IOC-metro
2023-08-29,Andhra Pradesh,97.35,PPAC-derived
2023-08-29,Delhi,89.62,PPAC-IOC-metro
2023-08-29,Gujarat,89.15,PPAC-derived
2023-08-29,Haryana,91.65,PPAC-derived
2023-08-29,Karnataka,93.85,PPAC-derived
2023-08-29,Madhya Pradesh,94.15,PPAC-derived
2023-08-29,Maharashtra,94.27,PPAC-IOC-metro
2023-08-29,Punjab,92.25,PPAC-derived
2023-08-29,Rajasthan,95.05,PPAC-derived
2023-08-29,Tamil Nadu,94.24,PPAC-IOC-metro
2023-08-29,Telangana,96.15,PPAC-derived
2023-08-29,Uttar Pradesh,90.85,PPAC-derived
2023-08-29,West Bengal,92.76,PPAC-IOC-metro
2023-08-30,Andhra Pradesh,97.35,PPAC-derived
2023-08-30,Delhi,89.62,PPAC-IOC-metro
2023-08-30,Gujarat,89.15,PPAC-derived
2023-08-30,Haryana,91.65,PPAC-derived
2023-08-30,Karnataka,93.85,PPAC-derived
2023-08-30,Madhya Pradesh,94.15,PPAC-derived
2023-08-30,Maharashtra,94.27,PPAC-IOC-metro
2023-08-30,Punjab,92.25,PPAC-derived
2023-08-30,Rajasthan,95.05,PPAC-derived
2023-08-30,Tamil Nadu,94.24,PPAC-IOC-metro
2023-08-30,Telangana,96.15,PPAC-derived
2023-08-30,Uttar Pradesh,90.85,PPAC-derived
2023-08-30,West Bengal,92.76,PPAC-IOC-metro
2023-08-31,Andhra Pradesh,97.35,PPAC-derived
2023-08-31,Delhi,89.62,PPAC-IOC-metro
2023-08-31,Gujarat,89.15,PPAC-derived
2023-08-31,Haryana,91.65,PPAC-derived
2023-08-31,Karnataka,93.85,PPAC-derived
2023-08-31,Madhya Pradesh,94.15,PPAC-derived
2023-08-31,Maharashtra,94.27,PPAC-IOC-metro
2023-08-31,Punjab,92.25,PPAC-derived
2023-08-31,Rajasthan,95.05,PPAC-derived
2023-08-31,Tamil Nadu,94.24,PPAC-IOC-metro
2023-08-31,Telangana,96.15,PPAC-derived
2023-08-31,Uttar Pradesh,90.85,PPAC-derived
2023-08-31,West Bengal,92.76,PPAC-IOC-metro
2023-09-01,Andhra Pradesh,97.35,PPAC-derived
2023-09-01,Delhi,89.62,PPAC-IOC-metro
2023-09-01,Gujarat,89.15,PPAC-derived
2023-09-01,Haryana,91.65,PPAC-derived
2023-09-01,Karnataka,93.85,PPAC-derived
2023-09-01,Madhya Pradesh,94.15,PPAC-derived
2023-09-01,Maharashtra,94.27,PPAC-IOC-metro
2023-09-01,Punjab,92.25,PPAC-derived
2023-09-01,Rajasthan,95.05,PPAC-derived
2023-09-01,Tamil Nadu,94.24,PPAC-IOC-metro
2023-09-01,Telangana,96.15,PPAC-derived
2023-09-01,Uttar Pradesh,90.85,PPAC-derived
2023-09-01,West Bengal,92.76,PPAC-IOC-metro
2023-09-02,Andhra Pradesh,97.35,PPAC-derived
2023-09-02,Delhi,89.62,PPAC-IOC-metro
2023-09-02,Gujarat,89.15,PPAC-derived
2023-09-02,Haryana,91.65,PPAC-derived
2023-09-02,Karnataka,93.85,PPAC-derived
2023-09-02,Madhya Pradesh,94.15,PPAC-derived
2023-09-02,Maharashtra,94.27,PPAC-IOC-metro
2023-09-02,Punjab,92.25,PPAC-derived
2023-09-02,Rajasthan,95.05,PPAC-derived
2023-09-02,Tamil Nadu,94.24,PPAC-IOC-metro
2023-09-02,Telangana,96.15,PPAC-derived
2023-09-02,Uttar Pradesh,90.85,PPAC-derived
2023-09-02,West Bengal,92.76,PPAC-IOC-metro
2023-09-03,Andhra Pradesh,97.35,PPAC-derived
2023-09-03,Delhi,89.62,PPAC-IOC-metro
2023-09-03,Gujarat,89.15,PPAC-derived
2023-09-03,Haryana,91.65,PPAC-derived
2023-09-03,Karnataka,93.85,PPAC-derived
2023-09-03,Madhya Pradesh,94.15,PPAC-derived
2023-09-03,Maharashtra,94.27,PPAC-IOC-metro
2023-09-03,Punjab,92.25,PPAC-derived
2023-09-03,Rajasthan,95.05,PPAC-derived
2023-09-03,Tamil Nadu,94.24,PPAC-IOC-metro
2023-09-03,Telangana,96.15,PPAC-derived
2023-09-03,Uttar Pradesh,90.85,PPAC-derived
2023-09-03,West Bengal,92.76,PPAC-IOC-metro
2023-09-04,Andhra Pradesh,97.35,PPAC-derived
2023-09-04,Delhi,89.62,PPAC-IOC-metro
2023-09-04,Gujarat,89.15,PPAC-derived
2023-09-04,Haryana,91.65,PPAC-derived
2023-09-04,Karnataka,93.85,PPAC-derived
2023-09-04,Madhya Pradesh,94.15,PPAC-derived
2023-09-04,Maharashtra,94.27,PPAC-IOC-metro
2023-09-04,Punjab,92.25,PPAC-derived
2023-09-04,Rajasthan,95.05,PPAC-derived
2023-09-04,Tamil Nadu,94.24,PPAC-IOC-metro
2023-09-04,Telangana,96.15,PPAC-derived
2023-09-04,Uttar Pradesh,90.85,PPAC-derived
2023-09-04,West Bengal,92.76,PPAC-IOC-metro
2023-09-05,Andhra Pradesh,97.35,PPAC-derived
2023-09-05,Delhi,89.62,PPAC-IOC-metro
2023-09-05,Gujarat,89.15,PPAC-derived
2023-09-05,Haryana,91.65,PPAC-derived
2023-09-05,Karnataka,93.85,PPAC-derived
2023-09-05,Madhya Pradesh,94.15,PPAC-derived
2023-09-05,Maharashtra,94.27,PPAC-IOC-metro
2023-09-05,Punjab,92.25,PPAC-derived
2023-09-05,Rajasthan,95.05,PPAC-derived
2023-09-05,Tamil Nadu,94.24,PPAC-IOC-metro
2023-09-05,Telangana,96.15,PPAC-derived
2023-09-05,Uttar Pradesh,90.85,PPAC-derived
2023-09-05,West Bengal,92.76,PPAC-IOC-metro
2023-09-06,Andhra Pradesh,97.35,PPAC-derived
2023-09-06,Delhi,89.62,PPAC-IOC-metro
2023-09-06,Gujarat,89.15,PPAC-derived
2023-09-06,Haryana,91.65,PPAC-derived
2023-09-06,Karnataka,93.85,PPAC-derived
2023-09-06,Madhya Pradesh,94.15,PPAC-derived
2023-09-06,Maharashtra,94.27,PPAC-IOC-metro
2023-09-06,Punjab,92.25,PPAC-derived
2023-09-06,Rajasthan,95.05,PPAC-derived
2023-09-06,Tamil Nadu,94.24,PPAC-IOC-metro
2023-09-06,Telangana,96.15,PPAC-derived
2023-09-06,Uttar Pradesh,90.85,PPAC-derived
2023-09-06,West Bengal,92.76,PPAC-IOC-metro
2023-09-07,Andhra Pradesh,97.35,PPAC-derived
2023-09-07,Delhi,89.62,PPAC-IOC-metro
2023-09-07,Gujarat,89.15,PPAC-derived
2023-09-07,Haryana,91.65,PPAC-derived
2023-09-07,Karnataka,93.85,PPAC-derived
2023-09-07,Madhya Pradesh,94.15,PPAC-derived
2023-09-07,Maharashtra,94.27,PPAC-IOC-metro
2023-09-07,Punjab,92.25,PPAC-derived
2023-09-07,Rajasthan,95.05,PPAC-derived
2023-09-07,Tamil Nadu,94.24,PPAC-IOC-metro
2023-09-07,Telangana,96.15,PPAC-derived
2023-09-07,Uttar Pradesh,90.85,PPAC-derived
2023-09-07,West Bengal,92.76,PPAC-IOC-metro
2023-09-08,Andhra Pradesh,97.35,PPAC-derived
2023-09-08,Delhi,89.62,PPAC-IOC-metro
2023-09-08,Gujarat,89.15,PPAC-derived
2023-09-08,Haryana,91.65,PPAC-derived
2023-09-08,Karnataka,93.85,PPAC-derived
2023-09-08,Madhya Pradesh,94.15,PPAC-derived
2023-09-08,Maharashtra,94.27,PPAC-IOC-metro
2023-09-08,Punjab,92.25,PPAC-derived
2023-09-08,Rajasthan,95.05,PPAC-derived
2023-09-08,Tamil Nadu,94.24,PPAC-IOC-metro
2023-09-08,Telangana,96.15,PPAC-derived
2023-09-08,Uttar Pradesh,90.85,PPAC-derived
2023-09-08,West Bengal,92.76,PPAC-IOC-metro
2023-09-09,Andhra Pradesh,97.35,PPAC-derived
2023-09-09,Delhi,89.62,PPAC-IOC-metro
2023-09-09,Gujarat,89.15,PPAC-derived
2023-09-09,Haryana,91.65,PPAC-derived
2023-09-09,Karnataka,93.85,PPAC-derived
2023-09-09,Madhya Pradesh,94.15,PPAC-derived
2023-09-09,Maharashtra,94.27,PPAC-IOC-metro
2023-09-09,Punjab,92.25,PPAC-derived
2023-09-09,Rajasthan,95.05,PPAC-derived
2023-09-09,Tamil Nadu,94.24,PPAC-IOC-metro
2023-09-09,Telangana,96.15,PPAC-derived
2023-09-09,Uttar Pradesh,90.85,PPAC-derived
2023-09-09,West Bengal,92.76,PPAC-IOC-metro
2023-09-10,Andhra Pradesh,97.35,PPAC-derived
2023-09-10,Delhi,89.62,PPAC-IOC-metro
2023-09-10,Gujarat,89.15,PPAC-derived
2023-09-10,Haryana,91.65,PPAC-derived
2023-09-10,Karnataka,93.85,PPAC-derived
2023-09-10,Madhya Pradesh,94.15,PPAC-derived
2023-09-10,Maharashtra,94.27,PPAC-IOC-metro
2023-09-10,Punjab,92.25,PPAC-derived
2023-09-10,Rajasthan,95.05,PPAC-derived
2023-09-10,Tamil Nadu,94.24,PPAC-IOC-metro
2023-09-10,Telangana,96.15,PPAC-derived
2023-09-10,Uttar Pradesh,90.85,PPAC-derived
2023-09-10,West Bengal,92.76,PPAC-IOC-metro
2023-09-11,Andhra Pradesh,97.35,PPAC-derived
2023-09-11,Delhi,89.62,PPAC-IOC-metro
2023-09-11,Gujarat,89.15,PPAC-derived
2023-09-11,Haryana,91.65,PPAC-derived
2023-09-11,Karnataka,93.85,PPAC-derived
2023-09-11,Madhya Pradesh,94.15,PPAC-derived
2023-09-11,Maharashtra,94.27,PPAC-IOC-metro
2023-09-11,Punjab,92.25,PPAC-derived
2023-09-11,Rajasthan,95.05,PPAC-derived
2023-09-11,Tamil Nadu,94.24,PPAC-IOC-metro
2023-09-11,Telangana,96.15,PPAC-derived
2023-09-11,Uttar Pradesh,90.85,PPAC-derived
2023-09-11,West Bengal,92.76,PPAC-IOC-metro
2023-09-12,Andhra Pradesh,97.35,PPAC-derived
2023-09-12,Delhi,89.62,PPAC-IOC-metro
2023-09-12,Gujarat,89.15,PPAC-derived
2023-09-12,Haryana,91.65,PPAC-derived
2023-09-12,Karnataka,93.85,PPAC-derived
2023-09-12,Madhya Pradesh,94.15,PPAC-derived
2023-09-12,Maharashtra,94.27,PPAC-IOC-metro
2023-09-12,Punjab,92.25,PPAC-derived
2023-09-12,Rajasthan,95.05,PPAC-derived
2023-09-12,Tamil Nadu,94.24,PPAC-IOC-metro
2023-09-12,Telangana,96.15,PPAC-derived
2023-09-12,Uttar Pradesh,90.85,PPAC-derived
2023-09-12,West Bengal,92.76,PPAC-IOC-metro
2023-09-13,Andhra Pradesh,97.35,PPAC-derived
2023-09-13,Delhi,89.62,PPAC-IOC-metro
2023-09-13,Gujarat,89.15,PPAC-derived
2023-09-13,Haryana,91.65,PPAC-derived
2023-09-13,Karnataka,93.85,PPAC-derived
2023-09-13,Madhya Pradesh,94.15,PPAC-derived
2023-09-13,Maharashtra,94.27,PPAC-IOC-metro
2023-09-13,Punjab,92.25,PPAC-derived
2023-09-13,Rajasthan,95.05,PPAC-derived
2023-09-13,Tamil Nadu,94.24,PPAC-IOC-metro
2023-09-13,Telangana,96.15,PPAC-derived
2023-09-13,Uttar Pradesh,90.85,PPAC-derived
2023-09-13,West Bengal,92.76,PPAC-IOC-metro
2023-09-14,Andhra Pradesh,97.35,PPAC-derived
2023-09-14,Delhi,89.62,PPAC-IOC-metro
2023-09-14,Gujarat,89.15,PPAC-derived
2023-09-14,Haryana,91.65,PPAC-derived
2023-09-14,Karnataka,93.85,PPAC-derived
2023-09-14,Madhya Pradesh,94.15,PPAC-derived
2023-09-14,Maharashtra,94.27,PPAC-IOC-metro
2023-09-14,Punjab,92.25,PPAC-derived
2023-09-14,Rajasthan,95.05,PPAC-derived
2023-09-14,Tamil Nadu,94.24,PPAC-IOC-metro
2023-09-14,Telangana,96.15,PPAC-derived
2023-09-14,Uttar Pradesh,90.85,PPAC-derived
2023-09-14,West Bengal,92.76,PPAC-IOC-metro
2023-09-15,Andhra Pradesh,97.35,PPAC-derived
2023-09-15,Delhi,89.62,PPAC-IOC-metro
2023-09-15,Gujarat,89.15,PPAC-derived
2023-09-15,Haryana,91.65,PPAC-derived
2023-09-15,Karnataka,93.85,PPAC-derived
2023-09-15,Madhya Pradesh,94.15,PPAC-derived
2023-09-15,Maharashtra,94.27,PPAC-IOC-metro
2023-09-15,Punjab,92.25,PPAC-derived
2023-09-15,Rajasthan,95.05,PPAC-derived
2023-09-15,Tamil Nadu,94.24,PPAC-IOC-metro
2023-09-15,Telangana,96.15,PPAC-derived
2023-09-15,Uttar Pradesh,90.85,PPAC-derived
2023-09-15,West Bengal,92.76,PPAC-IOC-metro
2023-09-16,Andhra Pradesh,97.35,PPAC-derived
2023-09-16,Delhi,89.62,PPAC-IOC-metro
2023-09-16,Gujarat,89.15,PPAC-derived
2023-09-16,Haryana,91.65,PPAC-derived
2023-09-16,Karnataka,93.85,PPAC-derived
2023-09-16,Madhya Pradesh,94.15,PPAC-derived
2023-09-16,Maharashtra,94.27,PPAC-IOC-metro
2023-09-16,Punjab,92.25,PPAC-derived
2023-09-16,Rajasthan,95.05,PPAC-derived
2023-09-16,Tamil Nadu,94.24,PPAC-IOC-metro
2023-09-16,Telangana,96.15,PPAC-derived
2023-09-16,Uttar Pradesh,90.85,PPAC-derived
2023-09-16,West Bengal,92.76,PPAC-IOC-metro
2023-09-17,Andhra Pradesh,97.35,PPAC-derived
2023-09-17,Delhi,89.62,PPAC-IOC-metro
2023-09-17,Gujarat,89.15,PPAC-derived
2023-09-17,Haryana,91.65,PPAC-derived
2023-09-17,Karnataka,93.85,PPAC-derived
2023-09-17,Madhya Pradesh,94.15,PPAC-derived
2023-09-17,Maharashtra,94.27,PPAC-IOC-metro
2023-09-17,Punjab,92.25,PPAC-derived
2023-09-17,Rajasthan,95.05,PPAC-derived
2023-09-17,Tamil Nadu,94.24,PPAC-IOC-metro
2023-09-17,Telangana,96.15,PPAC-derived
2023-09-17,Uttar Pradesh,90.85,PPAC-derived
2023-09-17,West Bengal,92.76,PPAC-IOC-metro
2023-09-18,Andhra Pradesh,97.35,PPAC-derived
2023-09-18,Delhi,89.62,PPAC-IOC-metro
2023-09-18,Gujarat,89.15,PPAC-derived
2023-09-18,Haryana,91.65,PPAC-derived
2023-09-18,Karnataka,93.85,PPAC-derived
2023-09-18,Madhya Pradesh,94.15,PPAC-derived
2023-09-18,Maharashtra,94.27,PPAC-IOC-metro
2023-09-18,Punjab,92.25,PPAC-derived
2023-09-18,Rajasthan,95.05,PPAC-derived
2023-09-18,Tamil Nadu,94.24,PPAC-IOC-metro
2023-09-18,Telangana,96.15,PPAC-derived
2023-09-18,Uttar Pradesh,90.85,PPAC-derived
2023-09-18,West Bengal,92.76,PPAC-IOC-metro
2023-09-19,Andhra Pradesh,97.35,PPAC-derived
2023-09-19,Delhi,89.62,PPAC-IOC-metro
2023-09-19,Gujarat,89.15,PPAC-derived
2023-09-19,Haryana,91.65,PPAC-derived
2023-09-19,Karnataka,93.85,PPAC-derived
2023-09-19,Madhya Pradesh,94.15,PPAC-derived
2023-09-19,Maharashtra,94.27,PPAC-IOC-metro
2023-09-19,Punjab,92.25,PPAC-derived
2023-09-19,Rajasthan,95.05,PPAC-derived
2023-09-19,Tamil Nadu,94.24,PPAC-IOC-metro
2023-09-19,Telangana,96.15,PPAC-derived
2023-09-19,Uttar Pradesh,90.85,PPAC-derived
2023-09-19,West Bengal,92.76,PPAC-IOC-metro
2023-09-20,Andhra Pradesh,97.35,PPAC-derived
2023-09-20,Delhi,89.62,PPAC-IOC-metro
2023-09-20,Gujarat,89.15,PPAC-derived
2023-09-20,Haryana,91.65,PPAC-derived
2023-09-20,Karnataka,93.85,PPAC-derived
2023-09-20,Madhya Pradesh,94.15,PPAC-derived
2023-09-20,Maharashtra,94.27,PPAC-IOC-metro
2023-09-20,Punjab,92.25,PPAC-derived
2023-09-20,Rajasthan,95.05,PPAC-derived
2023-09-20,Tamil Nadu,94.24,PPAC-IOC-metro
2023-09-20,Telangana,96.15,PPAC-derived
2023-09-20,Uttar Pradesh,90.85,PPAC-derived
2023-09-20,West Bengal,92.76,PPAC-IOC-metro
2023-09-21,Andhra Pradesh,97.35,PPAC-derived
2023-09-21,Delhi,89.62,PPAC-IOC-metro
2023-09-21,Gujarat,89.15,PPAC-derived
2023-09-21,Haryana,91.65,PPAC-derived
2023-09-21,Karnataka,93.85,PPAC-derived
2023-09-21,Madhya Pradesh,94.15,PPAC-derived
2023-09-21,Maharashtra,94.27,PPAC-IOC-metro
2023-09-21,Punjab,92.25,PPAC-derived
2023-09-21,Rajasthan,95.05,PPAC-derived
2023-09-21,Tamil Nadu,94.24,PPAC-IOC-metro
2023-09-21,Telangana,96.15,PPAC-derived
2023-09-21,Uttar Pradesh,90.85,PPAC-derived
2023-09-21,West Bengal,92.76,PPAC-IOC-metro
2023-09-22,Andhra Pradesh,97.35,PPAC-derived
2023-09-22,Delhi,89.62,PPAC-IOC-metro
2023-09-22,Gujarat,89.15,PPAC-derived
2023-09-22,Haryana,91.65,PPAC-derived
2023-09-22,Karnataka,93.85,PPAC-derived
2023-09-22,Madhya Pradesh,94.15,PPAC-derived
2023-09-22,Maharashtra,94.27,PPAC-IOC-metro
2023-09-22,Punjab,92.25,PPAC-derived
2023-09-22,Rajasthan,95.05,PPAC-derived
2023-09-22,Tamil Nadu,94.24,PPAC-IOC-metro
2023-09-22,Telangana,96.15,PPAC-derived
2023-09-22,Uttar Pradesh,90.85,PPAC-derived
2023-09-22,West Bengal,92.76,PPAC-IOC-metro
2023-09-23,Andhra Pradesh,97.35,PPAC-derived
2023-09-23,Delhi,89.62,PPAC-IOC-metro
2023-09-23,Gujarat,89.15,PPAC-derived
2023-09-23,Haryana,91.65,PPAC-derived
2023-09-23,Karnataka,93.85,PPAC-derived
2023-09-23,Madhya Pradesh,94.15,PPAC-derived
2023-09-23,Maharashtra,94.27,PPAC-IOC-metro
2023-09-23,Punjab,92.25,PPAC-derived
2023-09-23,Rajasthan,95.05,PPAC-derived
2023-09-23,Tamil Nadu,94.24,PPAC-IOC-metro
2023-09-23,Telangana,96.15,PPAC-derived
2023-09-23,Uttar Pradesh,90.85,PPAC-derived
2023-09-23,West Bengal,92.76,PPAC-IOC-metro
2023-09-24,Andhra Pradesh,97.35,PPAC-derived
2023-09-24,Delhi,89.62,PPAC-IOC-metro
2023-09-24,Gujarat,89.15,PPAC-derived
2023-09-24,Haryana,91.65,PPAC-derived
2023-09-24,Karnataka,93.85,PPAC-derived
2023-09-24,Madhya Pradesh,94.15,PPAC-derived
2023-09-24,Maharashtra,94.27,PPAC-IOC-metro
2023-09-24,Punjab,92.25,PPAC-derived
2023-09-24,Rajasthan,95.05,PPAC-derived
2023-09-24,Tamil Nadu,94.24,PPAC-IOC-metro
2023-09-24,Telangana,96.15,PPAC-derived
2023-09-24,Uttar Pradesh,90.85,PPAC-derived
2023-09-24,West Bengal,92.76,PPAC-IOC-metro
2023-09-25,Andhra Pradesh,97.35,PPAC-derived
2023-09-25,Delhi,89.62,PPAC-IOC-metro
2023-09-25,Gujarat,89.15,PPAC-derived
2023-09-25,Haryana,91.65,PPAC-derived
2023-09-25,Karnataka,93.85,PPAC-derived
2023-09-25,Madhya Pradesh,94.15,PPAC-derived
2023-09-25,Maharashtra,94.27,PPAC-IOC-metro
2023-09-25,Punjab,92.25,PPAC-derived
2023-09-25,Rajasthan,95.05,PPAC-derived
2023-09-25,Tamil Nadu,94.24,PPAC-IOC-metro
2023-09-25,Telangana,96.15,PPAC-derived
2023-09-25,Uttar Pradesh,90.85,PPAC-derived
2023-09-25,West Bengal,92.76,PPAC-IOC-metro
2023-09-26,Andhra Pradesh,97.35,PPAC-derived
2023-09-26,Delhi,89.62,PPAC-IOC-metro
2023-09-26,Gujarat,89.15,PPAC-derived
2023-09-26,Haryana,91.65,PPAC-derived
2023-09-26,Karnataka,93.85,PPAC-derived
2023-09-26,Madhya Pradesh,94.15,PPAC-derived
2023-09-26,Maharashtra,94.27,PPAC-IOC-metro
2023-09-26,Punjab,92.25,PPAC-derived
2023-09-26,Rajasthan,95.05,PPAC-derived
2023-09-26,Tamil Nadu,94.24,PPAC-IOC-metro
2023-09-26,Telangana,96.15,PPAC-derived
2023-09-26,Uttar Pradesh,90.85,PPAC-derived
2023-09-26,West Bengal,92.76,PPAC-IOC-metro
2023-09-27,Andhra Pradesh,97.35,PPAC-derived
2023-09-27,Delhi,89.62,PPAC-IOC-metro
2023-09-27,Gujarat,89.15,PPAC-derived
2023-09-27,Haryana,91.65,PPAC-derived
2023-09-27,Karnataka,93.85,PPAC-derived
2023-09-27,Madhya Pradesh,94.15,PPAC-derived
2023-09-27,Maharashtra,94.27,PPAC-IOC-metro
2023-09-27,Punjab,92.25,PPAC-derived
2023-09-27,Rajasthan,95.05,PPAC-derived
2023-09-27,Tamil Nadu,94.24,PPAC-IOC-metro
2023-09-27,Telangana,96.15,PPAC-derived
2023-09-27,Uttar Pradesh,90.85,PPAC-derived
2023-09-27,West Bengal,92.76,PPAC-IOC-metro
2023-09-28,Andhra Pradesh,97.35,PPAC-derived
2023-09-28,Delhi,89.62,PPAC-IOC-metro
2023-09-28,Gujarat,89.15,PPAC-derived
2023-09-28,Haryana,91.65,PPAC-derived
2023-09-28,Karnataka,93.85,PPAC-derived
2023-09-28,Madhya Pradesh,94.15,PPAC-derived
2023-09-28,Maharashtra,94.27,PPAC-IOC-metro
2023-09-28,Punjab,92.25,PPAC-derived
2023-09-28,Rajasthan,95.05,PPAC-derived
2023-09-28,Tamil Nadu,94.24,PPAC-IOC-metro
2023-09-28,Telangana,96.15,PPAC-derived
2023-09-28,Uttar Pradesh,90.85,PPAC-derived
2023-09-28,West Bengal,92.76,PPAC-IOC-metro
2023-09-29,Andhra Pradesh,97.35,PPAC-derived
2023-09-29,Delhi,89.62,PPAC-IOC-metro
2023-09-29,Gujarat,89.15,PPAC-derived
2023-09-29,Haryana,91.65,PPAC-derived
2023-09-29,Karnataka,93.85,PPAC-derived
2023-09-29,Madhya Pradesh,94.15,PPAC-derived
2023-09-29,Maharashtra,94.27,PPAC-IOC-metro
2023-09-29,Punjab,92.25,PPAC-derived
2023-09-29,Rajasthan,95.05,PPAC-derived
2023-09-29,Tamil Nadu,94.24,PPAC-IOC-metro
2023-09-29,Telangana,96.15,PPAC-derived
2023-09-29,Uttar Pradesh,90.85,PPAC-derived
2023-09-29,West Bengal,92.76,PPAC-IOC-metro
2023-09-30,Andhra Pradesh,97.35,PPAC-derived
2023-09-30,Delhi,89.62,PPAC-IOC-metro
2023-09-30,Gujarat,89.15,PPAC-derived
2023-09-30,Haryana,91.65,PPAC-derived
2023-09-30,Karnataka,93.85,PPAC-derived
2023-09-30,Madhya Pradesh,94.15,PPAC-derived
2023-09-30,Maharashtra,94.27,PPAC-IOC-metro
2023-09-30,Punjab,92.25,PPAC-derived
2023-09-30,Rajasthan,95.05,PPAC-derived
2023-09-30,Tamil Nadu,94.24,PPAC-IOC-metro
2023-09-30,Telangana,96.15,PPAC-derived
2023-09-30,Uttar Pradesh,90.85,PPAC-derived
2023-09-30,West Bengal,92.76,PPAC-IOC-metro
2023-10-01,Andhra Pradesh,97.35,PPAC-derived
2023-10-01,Delhi,89.62,PPAC-IOC-metro
2023-10-01,Gujarat,89.15,PPAC-derived
2023-10-01,Haryana,91.65,PPAC-derived
2023-10-01,Karnataka,93.85,PPAC-derived
2023-10-01,Madhya Pradesh,94.15,PPAC-derived
2023-10-01,Maharashtra,94.27,PPAC-IOC-metro
2023-10-01,Punjab,92.25,PPAC-derived
2023-10-01,Rajasthan,95.05,PPAC-derived
2023-10-01,Tamil Nadu,94.24,PPAC-IOC-metro
2023-10-01,Telangana,96.15,PPAC-derived
2023-10-01,Uttar Pradesh,90.85,PPAC-derived
2023-10-01,West Bengal,92.76,PPAC-IOC-metro
2023-10-02,Andhra Pradesh,97.35,PPAC-derived
2023-10-02,Delhi,89.62,PPAC-IOC-metro
2023-10-02,Gujarat,89.15,PPAC-derived
2023-10-02,Haryana,91.65,PPAC-derived
2023-10-02,Karnataka,93.85,PPAC-derived
2023-10-02,Madhya Pradesh,94.15,PPAC-derived
2023-10-02,Maharashtra,94.27,PPAC-IOC-metro
2023-10-02,Punjab,92.25,PPAC-derived
2023-10-02,Rajasthan,95.05,PPAC-derived
2023-10-02,Tamil Nadu,94.24,PPAC-IOC-metro
2023-10-02,Telangana,96.15,PPAC-derived
2023-10-02,Uttar Pradesh,90.85,PPAC-derived
2023-10-02,West Bengal,92.76,PPAC-IOC-metro
2023-10-03,Andhra Pradesh,97.35,PPAC-derived
2023-10-03,Delhi,89.62,PPAC-IOC-metro
2023-10-03,Gujarat,89.15,PPAC-derived
2023-10-03,Haryana,91.65,PPAC-derived
2023-10-03,Karnataka,93.85,PPAC-derived
2023-10-03,Madhya Pradesh,94.15,PPAC-derived
2023-10-03,Maharashtra,94.27,PPAC-IOC-metro
2023-10-03,Punjab,92.25,PPAC-derived
2023-10-03,Rajasthan,95.05,PPAC-derived
2023-10-03,Tamil Nadu,94.24,PPAC-IOC-metro
2023-10-03,Telangana,96.15,PPAC-derived
2023-10-03,Uttar Pradesh,90.85,PPAC-derived
2023-10-03,West Bengal,92.76,PPAC-IOC-metro
2023-10-04,Andhra Pradesh,97.35,PPAC-derived
2023-10-04,Delhi,89.62,PPAC-IOC-metro
2023-10-04,Gujarat,89.15,PPAC-derived
2023-10-04,Haryana,91.65,PPAC-derived
2023-10-04,Karnataka,93.85,PPAC-derived
2023-10-04,Madhya Pradesh,94.15,PPAC-derived
2023-10-04,Maharashtra,94.27,PPAC-IOC-metro
2023-10-04,Punjab,92.25,PPAC-derived
2023-10-04,Rajasthan,95.05,PPAC-derived
2023-10-04,Tamil Nadu,94.24,PPAC-IOC-metro
2023-10-04,Telangana,96.15,PPAC-derived
2023-10-04,Uttar Pradesh,90.85,PPAC-derived
2023-10-04,West Bengal,92.76,PPAC-IOC-metro
2023-10-05,Andhra Pradesh,97.35,PPAC-derived
2023-10-05,Delhi,89.62,PPAC-IOC-metro
2023-10-05,Gujarat,89.15,PPAC-derived
2023-10-05,Haryana,91.65,PPAC-derived
2023-10-05,Karnataka,93.85,PPAC-derived
2023-10-05,Madhya Pradesh,94.15,PPAC-derived
2023-10-05,Maharashtra,94.27,PPAC-IOC-metro
2023-10-05,Punjab,92.25,PPAC-derived
2023-10-05,Rajasthan,95.05,PPAC-derived
2023-10-05,Tamil Nadu,94.24,PPAC-IOC-metro
2023-10-05,Telangana,96.15,PPAC-derived
2023-10-05,Uttar Pradesh,90.85,PPAC-derived
2023-10-05,West Bengal,92.76,PPAC-IOC-metro
2023-10-06,Andhra Pradesh,97.35,PPAC-derived
2023-10-06,Delhi,89.62,PPAC-IOC-metro
2023-10-06,Gujarat,89.15,PPAC-derived
2023-10-06,Haryana,91.65,PPAC-derived
2023-10-06,Karnataka,93.85,PPAC-derived
2023-10-06,Madhya Pradesh,94.15,PPAC-derived
2023-10-06,Maharashtra,94.27,PPAC-IOC-metro
2023-10-06,Punjab,92.25,PPAC-derived
2023-10-06,Rajasthan,95.05,PPAC-derived
2023-10-06,Tamil Nadu,94.24,PPAC-IOC-metro
2023-10-06,Telangana,96.15,PPAC-derived
2023-10-06,Uttar Pradesh,90.85,PPAC-derived
2023-10-06,West Bengal,92.76,PPAC-IOC-metro
2023-10-07,Andhra Pradesh,97.35,PPAC-derived
2023-10-07,Delhi,89.62,PPAC-IOC-metro
2023-10-07,Gujarat,89.15,PPAC-derived
2023-10-07,Haryana,91.65,PPAC-derived
2023-10-07,Karnataka,93.85,PPAC-derived
2023-10-07,Madhya Pradesh,94.15,PPAC-derived
2023-10-07,Maharashtra,94.27,PPAC-IOC-metro
2023-10-07,Punjab,92.25,PPAC-derived
2023-10-07,Rajasthan,95.05,PPAC-derived
2023-10-07,Tamil Nadu,94.24,PPAC-IOC-metro
2023-10-07,Telangana,96.15,PPAC-derived
2023-10-07,Uttar Pradesh,90.85,PPAC-derived
2023-10-07,West Bengal,92.76,PPAC-IOC-metro
2023-10-08,Andhra Pradesh,97.35,PPAC-derived
2023-10-08,Delhi,89.62,PPAC-IOC-metro
2023-10-08,Gujarat,89.15,PPAC-derived
2023-10-08,Haryana,91.65,PPAC-derived
2023-10-08,Karnataka,93.85,PPAC-derived
2023-10-08,Madhya Pradesh,94.15,PPAC-derived
2023-10-08,Maharashtra,94.27,PPAC-IOC-metro
2023-10-08,Punjab,92.25,PPAC-derived
2023-10-08,Rajasthan,95.05,PPAC-derived
2023-10-08,Tamil Nadu,94.24,PPAC-IOC-metro
2023-10-08,Telangana,96.15,PPAC-derived
2023-10-08,Uttar Pradesh,90.85,PPAC-derived
2023-10-08,West Bengal,92.76,PPAC-IOC-metro
2023-10-09,Andhra Pradesh,97.35,PPAC-derived
2023-10-09,Delhi,89.62,PPAC-IOC-metro
2023-10-09,Gujarat,89.15,PPAC-derived
2023-10-09,Haryana,91.65,PPAC-derived
2023-10-09,Karnataka,93.85,PPAC-derived
2023-10-09,Madhya Pradesh,94.15,PPAC-derived
2023-10-09,Maharashtra,94.27,PPAC-IOC-metro
2023-10-09,Punjab,92.25,PPAC-derived
2023-10-09,Rajasthan,95.05,PPAC-derived
2023-10-09,Tamil Nadu,94.24,PPAC-IOC-metro
2023-10-09,Telangana,96.15,PPAC-derived
2023-10-09,Uttar Pradesh,90.85,PPAC-derived
2023-10-09,West Bengal,92.76,PPAC-IOC-metro
2023-10-10,Andhra Pradesh,97.35,PPAC-derived
2023-10-10,Delhi,89.62,PPAC-IOC-metro
2023-10-10,Gujarat,89.15,PPAC-derived
2023-10-10,Haryana,91.65,PPAC-derived
2023-10-10,Karnataka,93.85,PPAC-derived
2023-10-10,Madhya Pradesh,94.15,PPAC-derived
2023-10-10,Maharashtra,94.27,PPAC-IOC-metro
2023-10-10,Punjab,92.25,PPAC-derived
2023-10-10,Rajasthan,95.05,PPAC-derived
2023-10-10,Tamil Nadu,94.24,PPAC-IOC-metro
2023-10-10,Telangana,96.15,PPAC-derived
2023-10-10,Uttar Pradesh,90.85,PPAC-derived
2023-10-10,West Bengal,92.76,PPAC-IOC-metro
2023-10-11,Andhra Pradesh,97.35,PPAC-derived
2023-10-11,Delhi,89.62,PPAC-IOC-metro
2023-10-11,Gujarat,89.15,PPAC-derived
2023-10-11,Haryana,91.65,PPAC-derived
2023-10-11,Karnataka,93.85,PPAC-derived
2023-10-11,Madhya Pradesh,94.15,PPAC-derived
2023-10-11,Maharashtra,94.27,PPAC-IOC-metro
2023-10-11,Punjab,92.25,PPAC-derived
2023-10-11,Rajasthan,95.05,PPAC-derived
2023-10-11,Tamil Nadu,94.24,PPAC-IOC-metro
2023-10-11,Telangana,96.15,PPAC-derived
2023-10-11,Uttar Pradesh,90.85,PPAC-derived
2023-10-11,West Bengal,92.76,PPAC-IOC-metro
2023-10-12,Andhra Pradesh,97.35,PPAC-derived
2023-10-12,Delhi,89.62,PPAC-IOC-metro
2023-10-12,Gujarat,89.15,PPAC-derived
2023-10-12,Haryana,91.65,PPAC-derived
2023-10-12,Karnataka,93.85,PPAC-derived
2023-10-12,Madhya Pradesh,94.15,PPAC-derived
2023-10-12,Maharashtra,94.27,PPAC-IOC-metro
2023-10-12,Punjab,92.25,PPAC-derived
2023-10-12,Rajasthan,95.05,PPAC-derived
2023-10-12,Tamil Nadu,94.24,PPAC-IOC-metro
2023-10-12,Telangana,96.15,PPAC-derived
2023-10-12,Uttar Pradesh,90.85,PPAC-derived
2023-10-12,West Bengal,92.76,PPAC-IOC-metro
2023-10-13,Andhra Pradesh,97.35,PPAC-derived
2023-10-13,Delhi,89.62,PPAC-IOC-metro
2023-10-13,Gujarat,89.15,PPAC-derived
2023-10-13,Haryana,91.65,PPAC-derived
2023-10-13,Karnataka,93.85,PPAC-derived
2023-10-13,Madhya Pradesh,94.15,PPAC-derived
2023-10-13,Maharashtra,94.27,PPAC-IOC-metro
2023-10-13,Punjab,92.25,PPAC-derived
2023-10-13,Rajasthan,95.05,PPAC-derived
2023-10-13,Tamil Nadu,94.24,PPAC-IOC-metro
2023-10-13,Telangana,96.15,PPAC-derived
2023-10-13,Uttar Pradesh,90.85,PPAC-derived
2023-10-13,West Bengal,92.76,PPAC-IOC-metro
2023-10-14,Andhra Pradesh,97.35,PPAC-derived
2023-10-14,Delhi,89.62,PPAC-IOC-metro
2023-10-14,Gujarat,89.15,PPAC-derived
2023-10-14,Haryana,91.65,PPAC-derived
2023-10-14,Karnataka,93.85,PPAC-derived
2023-10-14,Madhya Pradesh,94.15,PPAC-derived
2023-10-14,Maharashtra,94.27,PPAC-IOC-metro
2023-10-14,Punjab,92.25,PPAC-derived
2023-10-14,Rajasthan,95.05,PPAC-derived
2023-10-14,Tamil Nadu,94.24,PPAC-IOC-metro
2023-10-14,Telangana,96.15,PPAC-derived
2023-10-14,Uttar Pradesh,90.85,PPAC-derived
2023-10-14,West Bengal,92.76,PPAC-IOC-metro
2023-10-15,Andhra Pradesh,97.35,PPAC-derived
2023-10-15,Delhi,89.62,PPAC-IOC-metro
2023-10-15,Gujarat,89.15,PPAC-derived
2023-10-15,Haryana,91.65,PPAC-derived
2023-10-15,Karnataka,93.85,PPAC-derived
2023-10-15,Madhya Pradesh,94.15,PPAC-derived
2023-10-15,Maharashtra,94.27,PPAC-IOC-metro
2023-10-15,Punjab,92.25,PPAC-derived
2023-10-15,Rajasthan,95.05,PPAC-derived
2023-10-15,Tamil Nadu,94.24,PPAC-IOC-metro
2023-10-15,Telangana,96.15,PPAC-derived
2023-10-15,Uttar Pradesh,90.85,PPAC-derived
2023-10-15,West Bengal,92.76,PPAC-IOC-metro
2023-10-16,Andhra Pradesh,97.35,PPAC-derived
2023-10-16,Delhi,89.62,PPAC-IOC-metro
2023-10-16,Gujarat,89.15,PPAC-derived
2023-10-16,Haryana,91.65,PPAC-derived
2023-10-16,Karnataka,93.85,PPAC-derived
2023-10-16,Madhya Pradesh,94.15,PPAC-derived
2023-10-16,Maharashtra,94.27,PPAC-IOC-metro
2023-10-16,Punjab,92.25,PPAC-derived
2023-10-16,Rajasthan,95.05,PPAC-derived
2023-10-16,Tamil Nadu,94.24,PPAC-IOC-metro
2023-10-16,Telangana,96.15,PPAC-derived
2023-10-16,Uttar Pradesh,90.85,PPAC-derived
2023-10-16,West Bengal,92.76,PPAC-IOC-metro
2023-10-17,Andhra Pradesh,97.35,PPAC-derived
2023-10-17,Delhi,89.62,PPAC-IOC-metro
2023-10-17,Gujarat,89.15,PPAC-derived
2023-10-17,Haryana,91.65,PPAC-derived
2023-10-17,Karnataka,93.85,PPAC-derived
2023-10-17,Madhya Pradesh,94.15,PPAC-derived
2023-10-17,Maharashtra,94.27,PPAC-IOC-metro
2023-10-17,Punjab,92.25,PPAC-derived
2023-10-17,Rajasthan,95.05,PPAC-derived
2023-10-17,Tamil Nadu,94.24,PPAC-IOC-metro
2023-10-17,Telangana,96.15,PPAC-derived
2023-10-17,Uttar Pradesh,90.85,PPAC-derived
2023-10-17,West Bengal,92.76,PPAC-IOC-metro
2023-10-18,Andhra Pradesh,97.35,PPAC-derived
2023-10-18,Delhi,89.62,PPAC-IOC-metro
2023-10-18,Gujarat,89.15,PPAC-derived
2023-10-18,Haryana,91.65,PPAC-derived
2023-10-18,Karnataka,93.85,PPAC-derived
2023-10-18,Madhya Pradesh,94.15,PPAC-derived
2023-10-18,Maharashtra,94.27,PPAC-IOC-metro
2023-10-18,Punjab,92.25,PPAC-derived
2023-10-18,Rajasthan,95.05,PPAC-derived
2023-10-18,Tamil Nadu,94.24,PPAC-IOC-metro
2023-10-18,Telangana,96.15,PPAC-derived
2023-10-18,Uttar Pradesh,90.85,PPAC-derived
2023-10-18,West Bengal,92.76,PPAC-IOC-metro
2023-10-19,Andhra Pradesh,97.35,PPAC-derived
2023-10-19,Delhi,89.62,PPAC-IOC-metro
2023-10-19,Gujarat,89.15,PPAC-derived
2023-10-19,Haryana,91.65,PPAC-derived
2023-10-19,Karnataka,93.85,PPAC-derived
2023-10-19,Madhya Pradesh,94.15,PPAC-derived
2023-10-19,Maharashtra,94.27,PPAC-IOC-metro
2023-10-19,Punjab,92.25,PPAC-derived
2023-10-19,Rajasthan,95.05,PPAC-derived
2023-10-19,Tamil Nadu,94.24,PPAC-IOC-metro
2023-10-19,Telangana,96.15,PPAC-derived
2023-10-19,Uttar Pradesh,90.85,PPAC-derived
2023-10-19,West Bengal,92.76,PPAC-IOC-metro
2023-10-20,Andhra Pradesh,97.35,PPAC-derived
2023-10-20,Delhi,89.62,PPAC-IOC-metro
2023-10-20,Gujarat,89.15,PPAC-derived
2023-10-20,Haryana,91.65,PPAC-derived
2023-10-20,Karnataka,93.85,PPAC-derived
2023-10-20,Madhya Pradesh,94.15,PPAC-derived
2023-10-20,Maharashtra,94.27,PPAC-IOC-metro
2023-10-20,Punjab,92.25,PPAC-derived
2023-10-20,Rajasthan,95.05,PPAC-derived
2023-10-20,Tamil Nadu,94.24,PPAC-IOC-metro
2023-10-20,Telangana,96.15,PPAC-derived
2023-10-20,Uttar Pradesh,90.85,PPAC-derived
2023-10-20,West Bengal,92.76,PPAC-IOC-metro
2023-10-21,Andhra Pradesh,97.35,PPAC-derived
2023-10-21,Delhi,89.62,PPAC-IOC-metro
2023-10-21,Gujarat,89.15,PPAC-derived
2023-10-21,Haryana,91.65,PPAC-derived
2023-10-21,Karnataka,93.85,PPAC-derived
2023-10-21,Madhya Pradesh,94.15,PPAC-derived
2023-10-21,Maharashtra,94.27,PPAC-IOC-metro
2023-10-21,Punjab,92.25,PPAC-derived
2023-10-21,Rajasthan,95.05,PPAC-derived
2023-10-21,Tamil Nadu,94.24,PPAC-IOC-metro
2023-10-21,Telangana,96.15,PPAC-derived
2023-10-21,Uttar Pradesh,90.85,PPAC-derived
2023-10-21,West Bengal,92.76,PPAC-IOC-metro
2023-10-22,Andhra Pradesh,97.35,PPAC-derived
2023-10-22,Delhi,89.62,PPAC-IOC-metro
2023-10-22,Gujarat,89.15,PPAC-derived
2023-10-22,Haryana,91.65,PPAC-derived
2023-10-22,Karnataka,93.85,PPAC-derived
2023-10-22,Madhya Pradesh,94.15,PPAC-derived
2023-10-22,Maharashtra,94.27,PPAC-IOC-metro
2023-10-22,Punjab,92.25,PPAC-derived
2023-10-22,Rajasthan,95.05,PPAC-derived
2023-10-22,Tamil Nadu,94.24,PPAC-IOC-metro
2023-10-22,Telangana,96.15,PPAC-derived
2023-10-22,Uttar Pradesh,90.85,PPAC-derived
2023-10-22,West Bengal,92.76,PPAC-IOC-metro
2023-10-23,Andhra Pradesh,97.35,PPAC-derived
2023-10-23,Delhi,89.62,PPAC-IOC-metro
2023-10-23,Gujarat,89.15,PPAC-derived
2023-10-23,Haryana,91.65,PPAC-derived
2023-10-23,Karnataka,93.85,PPAC-derived
2023-10-23,Madhya Pradesh,94.15,PPAC-derived
2023-10-23,Maharashtra,94.27,PPAC-IOC-metro
2023-10-23,Punjab,92.25,PPAC-derived
2023-10-23,Rajasthan,95.05,PPAC-derived
2023-10-23,Tamil Nadu,94.24,PPAC-IOC-metro
2023-10-23,Telangana,96.15,PPAC-derived
2023-10-23,Uttar Pradesh,90.85,PPAC-derived
2023-10-23,West Bengal,92.76,PPAC-IOC-metro
2023-10-24,Andhra Pradesh,97.35,PPAC-derived
2023-10-24,Delhi,89.62,PPAC-IOC-metro
2023-10-24,Gujarat,89.15,PPAC-derived
2023-10-24,Haryana,91.65,PPAC-derived
2023-10-24,Karnataka,93.85,PPAC-derived
2023-10-24,Madhya Pradesh,94.15,PPAC-derived
2023-10-24,Maharashtra,94.27,PPAC-IOC-metro
2023-10-24,Punjab,92.25,PPAC-derived
2023-10-24,Rajasthan,95.05,PPAC-derived
2023-10-24,Tamil Nadu,94.24,PPAC-IOC-metro
2023-10-24,Telangana,96.15,PPAC-derived
2023-10-24,Uttar Pradesh,90.85,PPAC-derived
2023-10-24,West Bengal,92.76,PPAC-IOC-metro
2023-10-25,Andhra Pradesh,97.35,PPAC-derived
2023-10-25,Delhi,89.62,PPAC-IOC-metro
2023-10-25,Gujarat,89.15,PPAC-derived
2023-10-25,Haryana,91.65,PPAC-derived
2023-10-25,Karnataka,93.85,PPAC-derived
2023-10-25,Madhya Pradesh,94.15,PPAC-derived
2023-10-25,Maharashtra,94.27,PPAC-IOC-metro
2023-10-25,Punjab,92.25,PPAC-derived
2023-10-25,Rajasthan,95.05,PPAC-derived
2023-10-25,Tamil Nadu,94.24,PPAC-IOC-metro
2023-10-25,Telangana,96.15,PPAC-derived
2023-10-25,Uttar Pradesh,90.85,PPAC-derived
2023-10-25,West Bengal,92.76,PPAC-IOC-metro
2023-10-26,Andhra Pradesh,97.35,PPAC-derived
2023-10-26,Delhi,89.62,PPAC-IOC-metro
2023-10-26,Gujarat,89.15,PPAC-derived
2023-10-26,Haryana,91.65,PPAC-derived
2023-10-26,Karnataka,93.85,PPAC-derived
2023-10-26,Madhya Pradesh,94.15,PPAC-derived
2023-10-26,Maharashtra,94.27,PPAC-IOC-metro
2023-10-26,Punjab,92.25,PPAC-derived
2023-10-26,Rajasthan,95.05,PPAC-derived
2023-10-26,Tamil Nadu,94.24,PPAC-IOC-metro
2023-10-26,Telangana,96.15,PPAC-derived
2023-10-26,Uttar Pradesh,90.85,PPAC-derived
2023-10-26,West Bengal,92.76,PPAC-IOC-metro
2023-10-27,Andhra Pradesh,97.35,PPAC-derived
2023-10-27,Delhi,89.62,PPAC-IOC-metro
2023-10-27,Gujarat,89.15,PPAC-derived
2023-10-27,Haryana,91.65,PPAC-derived
2023-10-27,Karnataka,93.85,PPAC-derived
2023-10-27,Madhya Pradesh,94.15,PPAC-derived
2023-10-27,Maharashtra,94.27,PPAC-IOC-metro
2023-10-27,Punjab,92.25,PPAC-derived
2023-10-27,Rajasthan,95.05,PPAC-derived
2023-10-27,Tamil Nadu,94.24,PPAC-IOC-metro
2023-10-27,Telangana,96.15,PPAC-derived
2023-10-27,Uttar Pradesh,90.85,PPAC-derived
2023-10-27,West Bengal,92.76,PPAC-IOC-metro
2023-10-28,Andhra Pradesh,97.35,PPAC-derived
2023-10-28,Delhi,89.62,PPAC-IOC-metro
2023-10-28,Gujarat,89.15,PPAC-derived
2023-10-28,Haryana,91.65,PPAC-derived
2023-10-28,Karnataka,93.85,PPAC-derived
2023-10-28,Madhya Pradesh,94.15,PPAC-derived
2023-10-28,Maharashtra,94.27,PPAC-IOC-metro
2023-10-28,Punjab,92.25,PPAC-derived
2023-10-28,Rajasthan,95.05,PPAC-derived
2023-10-28,Tamil Nadu,94.24,PPAC-IOC-metro
2023-10-28,Telangana,96.15,PPAC-derived
2023-10-28,Uttar Pradesh,90.85,PPAC-derived
2023-10-28,West Bengal,92.76,PPAC-IOC-metro
2023-10-29,Andhra Pradesh,97.35,PPAC-derived
2023-10-29,Delhi,89.62,PPAC-IOC-metro
2023-10-29,Gujarat,89.15,PPAC-derived
2023-10-29,Haryana,91.65,PPAC-derived
2023-10-29,Karnataka,93.85,PPAC-derived
2023-10-29,Madhya Pradesh,94.15,PPAC-derived
2023-10-29,Maharashtra,94.27,PPAC-IOC-metro
2023-10-29,Punjab,92.25,PPAC-derived
2023-10-29,Rajasthan,95.05,PPAC-derived
2023-10-29,Tamil Nadu,94.24,PPAC-IOC-metro
2023-10-29,Telangana,96.15,PPAC-derived
2023-10-29,Uttar Pradesh,90.85,PPAC-derived
2023-10-29,West Bengal,92.76,PPAC-IOC-metro
2023-10-30,Andhra Pradesh,97.35,PPAC-derived
2023-10-30,Delhi,89.62,PPAC-IOC-metro
2023-10-30,Gujarat,89.15,PPAC-derived
2023-10-30,Haryana,91.65,PPAC-derived
2023-10-30,Karnataka,93.85,PPAC-derived
2023-10-30,Madhya Pradesh,94.15,PPAC-derived
2023-10-30,Maharashtra,94.27,PPAC-IOC-metro
2023-10-30,Punjab,92.25,PPAC-derived
2023-10-30,Rajasthan,95.05,PPAC-derived
2023-10-30,Tamil Nadu,94.24,PPAC-IOC-metro
2023-10-30,Telangana,96.15,PPAC-derived
2023-10-30,Uttar Pradesh,90.85,PPAC-derived
2023-10-30,West Bengal,92.76,PPAC-IOC-metro
2023-10-31,Andhra Pradesh,97.35,PPAC-derived
2023-10-31,Delhi,89.62,PPAC-IOC-metro
2023-10-31,Gujarat,89.15,PPAC-derived
2023-10-31,Haryana,91.65,PPAC-derived
2023-10-31,Karnataka,93.85,PPAC-derived
2023-10-31,Madhya Pradesh,94.15,PPAC-derived
2023-10-31,Maharashtra,94.27,PPAC-IOC-metro
2023-10-31,Punjab,92.25,PPAC-derived
2023-10-31,Rajasthan,95.05,PPAC-derived
2023-10-31,Tamil Nadu,94.24,PPAC-IOC-metro
2023-10-31,Telangana,96.15,PPAC-derived
2023-10-31,Uttar Pradesh,90.85,PPAC-derived
2023-10-31,West Bengal,92.76,PPAC-IOC-metro
2023-11-01,Andhra Pradesh,97.35,PPAC-derived
2023-11-01,Delhi,89.62,PPAC-IOC-metro
2023-11-01,Gujarat,89.15,PPAC-derived
2023-11-01,Haryana,91.65,PPAC-derived
2023-11-01,Karnataka,93.85,PPAC-derived
2023-11-01,Madhya Pradesh,94.15,PPAC-derived
2023-11-01,Maharashtra,94.27,PPAC-IOC-metro
2023-11-01,Punjab,92.25,PPAC-derived
2023-11-01,Rajasthan,95.05,PPAC-derived
2023-11-01,Tamil Nadu,94.24,PPAC-IOC-metro
2023-11-01,Telangana,96.15,PPAC-derived
2023-11-01,Uttar Pradesh,90.85,PPAC-derived
2023-11-01,West Bengal,92.76,PPAC-IOC-metro
2023-11-02,Andhra Pradesh,97.35,PPAC-derived
2023-11-02,Delhi,89.62,PPAC-IOC-metro
2023-11-02,Gujarat,89.15,PPAC-derived
2023-11-02,Haryana,91.65,PPAC-derived
2023-11-02,Karnataka,93.85,PPAC-derived
2023-11-02,Madhya Pradesh,94.15,PPAC-derived
2023-11-02,Maharashtra,94.27,PPAC-IOC-metro
2023-11-02,Punjab,92.25,PPAC-derived
2023-11-02,Rajasthan,95.05,PPAC-derived
2023-11-02,Tamil Nadu,94.24,PPAC-IOC-metro
2023-11-02,Telangana,96.15,PPAC-derived
2023-11-02,Uttar Pradesh,90.85,PPAC-derived
2023-11-02,West Bengal,92.76,PPAC-IOC-metro
2023-11-03,Andhra Pradesh,97.35,PPAC-derived
2023-11-03,Delhi,89.62,PPAC-IOC-metro
2023-11-03,Gujarat,89.15,PPAC-derived
2023-11-03,Haryana,91.65,PPAC-derived
2023-11-03,Karnataka,93.85,PPAC-derived
2023-11-03,Madhya Pradesh,94.15,PPAC-derived
2023-11-03,Maharashtra,94.27,PPAC-IOC-metro
2023-11-03,Punjab,92.25,PPAC-derived
2023-11-03,Rajasthan,95.05,PPAC-derived
2023-11-03,Tamil Nadu,94.24,PPAC-IOC-metro
2023-11-03,Telangana,96.15,PPAC-derived
2023-11-03,Uttar Pradesh,90.85,PPAC-derived
2023-11-03,West Bengal,92.76,PPAC-IOC-metro
2023-11-04,Andhra Pradesh,97.35,PPAC-derived
2023-11-04,Delhi,89.62,PPAC-IOC-metro
2023-11-04,Gujarat,89.15,PPAC-derived
2023-11-04,Haryana,91.65,PPAC-derived
2023-11-04,Karnataka,93.85,PPAC-derived
2023-11-04,Madhya Pradesh,94.15,PPAC-derived
2023-11-04,Maharashtra,94.27,PPAC-IOC-metro
2023-11-04,Punjab,92.25,PPAC-derived
2023-11-04,Rajasthan,95.05,PPAC-derived
2023-11-04,Tamil Nadu,94.24,PPAC-IOC-metro
2023-11-04,Telangana,96.15,PPAC-derived
2023-11-04,Uttar Pradesh,90.85,PPAC-derived
2023-11-04,West Bengal,92.76,PPAC-IOC-metro
2023-11-05,Andhra Pradesh,97.35,PPAC-derived
2023-11-05,Delhi,89.62,PPAC-IOC-metro
2023-11-05,Gujarat,89.15,PPAC-derived
2023-11-05,Haryana,91.65,PPAC-derived
2023-11-05,Karnataka,93.85,PPAC-derived
2023-11-05,Madhya Pradesh,94.15,PPAC-derived
2023-11-05,Maharashtra,94.27,PPAC-IOC-metro
2023-11-05,Punjab,92.25,PPAC-derived
2023-11-05,Rajasthan,95.05,PPAC-derived
2023-11-05,Tamil Nadu,94.24,PPAC-IOC-metro
2023-11-05,Telangana,96.15,PPAC-derived
2023-11-05,Uttar Pradesh,90.85,PPAC-derived
2023-11-05,West Bengal,92.76,PPAC-IOC-metro
2023-11-06,Andhra Pradesh,97.35,PPAC-derived
2023-11-06,Delhi,89.62,PPAC-IOC-metro
2023-11-06,Gujarat,89.15,PPAC-derived
2023-11-06,Haryana,91.65,PPAC-derived
2023-11-06,Karnataka,93.85,PPAC-derived
2023-11-06,Madhya Pradesh,94.15,PPAC-derived
2023-11-06,Maharashtra,94.27,PPAC-IOC-metro
2023-11-06,Punjab,92.25,PPAC-derived
2023-11-06,Rajasthan,95.05,PPAC-derived
2023-11-06,Tamil Nadu,94.24,PPAC-IOC-metro
2023-11-06,Telangana,96.15,PPAC-derived
2023-11-06,Uttar Pradesh,90.85,PPAC-derived
2023-11-06,West Bengal,92.76,PPAC-IOC-metro
2023-11-07,Andhra Pradesh,97.35,PPAC-derived
2023-11-07,Delhi,89.62,PPAC-IOC-metro
2023-11-07,Gujarat,89.15,PPAC-derived
2023-11-07,Haryana,91.65,PPAC-derived
2023-11-07,Karnataka,93.85,PPAC-derived
2023-11-07,Madhya Pradesh,94.15,PPAC-derived
2023-11-07,Maharashtra,94.27,PPAC-IOC-metro
2023-11-07,Punjab,92.25,PPAC-derived
2023-11-07,Rajasthan,95.05,PPAC-derived
2023-11-07,Tamil Nadu,94.24,PPAC-IOC-metro
2023-11-07,Telangana,96.15,PPAC-derived
2023-11-07,Uttar Pradesh,90.85,PPAC-derived
2023-11-07,West Bengal,92.76,PPAC-IOC-metro
2023-11-08,Andhra Pradesh,97.35,PPAC-derived
2023-11-08,Delhi,89.62,PPAC-IOC-metro
2023-11-08,Gujarat,89.15,PPAC-derived
2023-11-08,Haryana,91.65,PPAC-derived
2023-11-08,Karnataka,93.85,PPAC-derived
2023-11-08,Madhya Pradesh,94.15,PPAC-derived
2023-11-08,Maharashtra,94.27,PPAC-IOC-metro
2023-11-08,Punjab,92.25,PPAC-derived
2023-11-08,Rajasthan,95.05,PPAC-derived
2023-11-08,Tamil Nadu,94.24,PPAC-IOC-metro
2023-11-08,Telangana,96.15,PPAC-derived
2023-11-08,Uttar Pradesh,90.85,PPAC-derived
2023-11-08,West Bengal,92.76,PPAC-IOC-metro
2023-11-09,Andhra Pradesh,97.35,PPAC-derived
2023-11-09,Delhi,89.62,PPAC-IOC-metro
2023-11-09,Gujarat,89.15,PPAC-derived
2023-11-09,Haryana,91.65,PPAC-derived
2023-11-09,Karnataka,93.85,PPAC-derived
2023-11-09,Madhya Pradesh,94.15,PPAC-derived
2023-11-09,Maharashtra,94.27,PPAC-IOC-metro
2023-11-09,Punjab,92.25,PPAC-derived
2023-11-09,Rajasthan,95.05,PPAC-derived
2023-11-09,Tamil Nadu,94.24,PPAC-IOC-metro
2023-11-09,Telangana,96.15,PPAC-derived
2023-11-09,Uttar Pradesh,90.85,PPAC-derived
2023-11-09,West Bengal,92.76,PPAC-IOC-metro
2023-11-10,Andhra Pradesh,97.35,PPAC-derived
2023-11-10,Delhi,89.62,PPAC-IOC-metro
2023-11-10,Gujarat,89.15,PPAC-derived
2023-11-10,Haryana,91.65,PPAC-derived
2023-11-10,Karnataka,93.85,PPAC-derived
2023-11-10,Madhya Pradesh,94.15,PPAC-derived
2023-11-10,Maharashtra,94.27,PPAC-IOC-metro
2023-11-10,Punjab,92.25,PPAC-derived
2023-11-10,Rajasthan,95.05,PPAC-derived
2023-11-10,Tamil Nadu,94.24,PPAC-IOC-metro
2023-11-10,Telangana,96.15,PPAC-derived
2023-11-10,Uttar Pradesh,90.85,PPAC-derived
2023-11-10,West Bengal,92.76,PPAC-IOC-metro
2023-11-11,Andhra Pradesh,97.35,PPAC-derived
2023-11-11,Delhi,89.62,PPAC-IOC-metro
2023-11-11,Gujarat,89.15,PPAC-derived
2023-11-11,Haryana,91.65,PPAC-derived
2023-11-11,Karnataka,93.85,PPAC-derived
2023-11-11,Madhya Pradesh,94.15,PPAC-derived
2023-11-11,Maharashtra,94.27,PPAC-IOC-metro
2023-11-11,Punjab,92.25,PPAC-derived
2023-11-11,Rajasthan,95.05,PPAC-derived
2023-11-11,Tamil Nadu,94.24,PPAC-IOC-metro
2023-11-11,Telangana,96.15,PPAC-derived
2023-11-11,Uttar Pradesh,90.85,PPAC-derived
2023-11-11,West Bengal,92.76,PPAC-IOC-metro
2023-11-12,Andhra Pradesh,97.35,PPAC-derived
2023-11-12,Delhi,89.62,PPAC-IOC-metro
2023-11-12,Gujarat,89.15,PPAC-derived
2023-11-12,Haryana,91.65,PPAC-derived
2023-11-12,Karnataka,93.85,PPAC-derived
2023-11-12,Madhya Pradesh,94.15,PPAC-derived
2023-11-12,Maharashtra,94.27,PPAC-IOC-metro
2023-11-12,Punjab,92.25,PPAC-derived
2023-11-12,Rajasthan,95.05,PPAC-derived
2023-11-12,Tamil Nadu,94.24,PPAC-IOC-metro
2023-11-12,Telangana,96.15,PPAC-derived
2023-11-12,Uttar Pradesh,90.85,PPAC-derived
2023-11-12,West Bengal,92.76,PPAC-IOC-metro
2023-11-13,Andhra Pradesh,97.35,PPAC-derived
2023-11-13,Delhi,89.62,PPAC-IOC-metro
2023-11-13,Gujarat,89.15,PPAC-derived
2023-11-13,Haryana,91.65,PPAC-derived
2023-11-13,Karnataka,93.85,PPAC-derived
2023-11-13,Madhya Pradesh,94.15,PPAC-derived
2023-11-13,Maharashtra,94.27,PPAC-IOC-metro
2023-11-13,Punjab,92.25,PPAC-derived
2023-11-13,Rajasthan,95.05,PPAC-derived
2023-11-13,Tamil Nadu,94.24,PPAC-IOC-metro
2023-11-13,Telangana,96.15,PPAC-derived
2023-11-13,Uttar Pradesh,90.85,PPAC-derived
2023-11-13,West Bengal,92.76,PPAC-IOC-metro
2023-11-14,Andhra Pradesh,97.35,PPAC-derived
2023-11-14,Delhi,89.62,PPAC-IOC-metro
2023-11-14,Gujarat,89.15,PPAC-derived
2023-11-14,Haryana,91.65,PPAC-derived
2023-11-14,Karnataka,93.85,PPAC-derived
2023-11-14,Madhya Pradesh,94.15,PPAC-derived
2023-11-14,Maharashtra,94.27,PPAC-IOC-metro
2023-11-14,Punjab,92.25,PPAC-derived
2023-11-14,Rajasthan,95.05,PPAC-derived
2023-11-14,Tamil Nadu,94.24,PPAC-IOC-metro
2023-11-14,Telangana,96.15,PPAC-derived
2023-11-14,Uttar Pradesh,90.85,PPAC-derived
2023-11-14,West Bengal,92.76,PPAC-IOC-metro
2023-11-15,Andhra Pradesh,97.35,PPAC-derived
2023-11-15,Delhi,89.62,PPAC-IOC-metro
2023-11-15,Gujarat,89.15,PPAC-derived
2023-11-15,Haryana,91.65,PPAC-derived
2023-11-15,Karnataka,93.85,PPAC-derived
2023-11-15,Madhya Pradesh,94.15,PPAC-derived
2023-11-15,Maharashtra,94.27,PPAC-IOC-metro
2023-11-15,Punjab,92.25,PPAC-derived
2023-11-15,Rajasthan,95.05,PPAC-derived
2023-11-15,Tamil Nadu,94.24,PPAC-IOC-metro
2023-11-15,Telangana,96.15,PPAC-derived
2023-11-15,Uttar Pradesh,90.85,PPAC-derived
2023-11-15,West Bengal,92.76,PPAC-IOC-metro
2023-11-16,Andhra Pradesh,97.35,PPAC-derived
2023-11-16,Delhi,89.62,PPAC-IOC-metro
2023-11-16,Gujarat,89.15,PPAC-derived
2023-11-16,Haryana,91.65,PPAC-derived
2023-11-16,Karnataka,93.85,PPAC-derived
2023-11-16,Madhya Pradesh,94.15,PPAC-derived
2023-11-16,Maharashtra,94.27,PPAC-IOC-metro
2023-11-16,Punjab,92.25,PPAC-derived
2023-11-16,Rajasthan,95.05,PPAC-derived
2023-11-16,Tamil Nadu,94.24,PPAC-IOC-metro
2023-11-16,Telangana,96.15,PPAC-derived
2023-11-16,Uttar Pradesh,90.85,PPAC-derived
2023-11-16,West Bengal,92.76,PPAC-IOC-metro
2023-11-17,Andhra Pradesh,97.35,PPAC-derived
2023-11-17,Delhi,89.62,PPAC-IOC-metro
2023-11-17,Gujarat,89.15,PPAC-derived
2023-11-17,Haryana,91.65,PPAC-derived
2023-11-17,Karnataka,93.85,PPAC-derived
2023-11-17,Madhya Pradesh,94.15,PPAC-derived
2023-11-17,Maharashtra,94.27,PPAC-IOC-metro
2023-11-17,Punjab,92.25,PPAC-derived
2023-11-17,Rajasthan,95.05,PPAC-derived
2023-11-17,Tamil Nadu,94.24,PPAC-IOC-metro
2023-11-17,Telangana,96.15,PPAC-derived
2023-11-17,Uttar Pradesh,90.85,PPAC-derived
2023-11-17,West Bengal,92.76,PPAC-IOC-metro
2023-11-18,Andhra Pradesh,97.35,PPAC-derived
2023-11-18,Delhi,89.62,PPAC-IOC-metro
2023-11-18,Gujarat,89.15,PPAC-derived
2023-11-18,Haryana,91.65,PPAC-derived
2023-11-18,Karnataka,93.85,PPAC-derived
2023-11-18,Madhya Pradesh,94.15,PPAC-derived
2023-11-18,Maharashtra,94.27,PPAC-IOC-metro
2023-11-18,Punjab,92.25,PPAC-derived
2023-11-18,Rajasthan,95.05,PPAC-derived
2023-11-18,Tamil Nadu,94.24,PPAC-IOC-metro
2023-11-18,Telangana,96.15,PPAC-derived
2023-11-18,Uttar Pradesh,90.85,PPAC-derived
2023-11-18,West Bengal,92.76,PPAC-IOC-metro
2023-11-19,Andhra Pradesh,97.35,PPAC-derived
2023-11-19,Delhi,89.62,PPAC-IOC-metro
2023-11-19,Gujarat,89.15,PPAC-derived
2023-11-19,Haryana,91.65,PPAC-derived
2023-11-19,Karnataka,93.85,PPAC-derived
2023-11-19,Madhya Pradesh,94.15,PPAC-derived
2023-11-19,Maharashtra,94.27,PPAC-IOC-metro
2023-11-19,Punjab,92.25,PPAC-derived
2023-11-19,Rajasthan,95.05,PPAC-derived
2023-11-19,Tamil Nadu,94.24,PPAC-IOC-metro
2023-11-19,Telangana,96.15,PPAC-derived
2023-11-19,Uttar Pradesh,90.85,PPAC-derived
2023-11-19,West Bengal,92.76,PPAC-IOC-metro
2023-11-20,Andhra Pradesh,97.35,PPAC-derived
2023-11-20,Delhi,89.62,PPAC-IOC-metro
2023-11-20,Gujarat,89.15,PPAC-derived
2023-11-20,Haryana,91.65,PPAC-derived
2023-11-20,Karnataka,93.85,PPAC-derived
2023-11-20,Madhya Pradesh,94.15,PPAC-derived
2023-11-20,Maharashtra,94.27,PPAC-IOC-metro
2023-11-20,Punjab,92.25,PPAC-derived
2023-11-20,Rajasthan,95.05,PPAC-derived
2023-11-20,Tamil Nadu,94.24,PPAC-IOC-metro
2023-11-20,Telangana,96.15,PPAC-derived
2023-11-20,Uttar Pradesh,90.85,PPAC-derived
2023-11-20,West Bengal,92.76,PPAC-IOC-metro
2023-11-21,Andhra Pradesh,97.35,PPAC-derived
2023-11-21,Delhi,89.62,PPAC-IOC-metro
2023-11-21,Gujarat,89.15,PPAC-derived
2023-11-21,Haryana,91.65,PPAC-derived
2023-11-21,Karnataka,93.85,PPAC-derived
2023-11-21,Madhya Pradesh,94.15,PPAC-derived
2023-11-21,Maharashtra,94.27,PPAC-IOC-metro
2023-11-21,Punjab,92.25,PPAC-derived
2023-11-21,Rajasthan,95.05,PPAC-derived
2023-11-21,Tamil Nadu,94.24,PPAC-IOC-metro
2023-11-21,Telangana,96.15,PPAC-derived
2023-11-21,Uttar Pradesh,90.85,PPAC-derived
2023-11-21,West Bengal,92.76,PPAC-IOC-metro
2023-11-22,Andhra Pradesh,97.35,PPAC-derived
2023-11-22,Delhi,89.62,PPAC-IOC-metro
2023-11-22,Gujarat,89.15,PPAC-derived
2023-11-22,Haryana,91.65,PPAC-derived
2023-11-22,Karnataka,93.85,PPAC-derived
2023-11-22,Madhya Pradesh,94.15,PPAC-derived
2023-11-22,Maharashtra,94.27,PPAC-IOC-metro
2023-11-22,Punjab,92.25,PPAC-derived
2023-11-22,Rajasthan,95.05,PPAC-derived
2023-11-22,Tamil Nadu,94.24,PPAC-IOC-metro
2023-11-22,Telangana,96.15,PPAC-derived
2023-11-22,Uttar Pradesh,90.85,PPAC-derived
2023-11-22,West Bengal,92.76,PPAC-IOC-metro
2023-11-23,Andhra Pradesh,97.35,PPAC-derived
2023-11-23,Delhi,89.62,PPAC-IOC-metro
2023-11-23,Gujarat,89.15,PPAC-derived
2023-11-23,Haryana,91.65,PPAC-derived
2023-11-23,Karnataka,93.85,PPAC-derived
2023-11-23,Madhya Pradesh,94.15,PPAC-derived
2023-11-23,Maharashtra,94.27,PPAC-IOC-metro
2023-11-23,Punjab,92.25,PPAC-derived
2023-11-23,Rajasthan,95.05,PPAC-derived
2023-11-23,Tamil Nadu,94.24,PPAC-IOC-metro
2023-11-23,Telangana,96.15,PPAC-derived
2023-11-23,Uttar Pradesh,90.85,PPAC-derived
2023-11-23,West Bengal,92.76,PPAC-IOC-metro
2023-11-24,Andhra Pradesh,97.35,PPAC-derived
2023-11-24,Delhi,89.62,PPAC-IOC-metro
2023-11-24,Gujarat,89.15,PPAC-derived
2023-11-24,Haryana,91.65,PPAC-derived
2023-11-24,Karnataka,93.85,PPAC-derived
2023-11-24,Madhya Pradesh,94.15,PPAC-derived
2023-11-24,Maharashtra,94.27,PPAC-IOC-metro
2023-11-24,Punjab,92.25,PPAC-derived
2023-11-24,Rajasthan,95.05,PPAC-derived
2023-11-24,Tamil Nadu,94.24,PPAC-IOC-metro
2023-11-24,Telangana,96.15,PPAC-derived
2023-11-24,Uttar Pradesh,90.85,PPAC-derived
2023-11-24,West Bengal,92.76,PPAC-IOC-metro
2023-11-25,Andhra Pradesh,97.35,PPAC-derived
2023-11-25,Delhi,89.62,PPAC-IOC-metro
2023-11-25,Gujarat,89.15,PPAC-derived
2023-11-25,Haryana,91.65,PPAC-derived
2023-11-25,Karnataka,93.85,PPAC-derived
2023-11-25,Madhya Pradesh,94.15,PPAC-derived
2023-11-25,Maharashtra,94.27,PPAC-IOC-metro
2023-11-25,Punjab,92.25,PPAC-derived
2023-11-25,Rajasthan,95.05,PPAC-derived
2023-11-25,Tamil Nadu,94.24,PPAC-IOC-metro
2023-11-25,Telangana,96.15,PPAC-derived
2023-11-25,Uttar Pradesh,90.85,PPAC-derived
2023-11-25,West Bengal,92.76,PPAC-IOC-metro
2023-11-26,Andhra Pradesh,97.35,PPAC-derived
2023-11-26,Delhi,89.62,PPAC-IOC-metro
2023-11-26,Gujarat,89.15,PPAC-derived
2023-11-26,Haryana,91.65,PPAC-derived
2023-11-26,Karnataka,93.85,PPAC-derived
2023-11-26,Madhya Pradesh,94.15,PPAC-derived
2023-11-26,Maharashtra,94.27,PPAC-IOC-metro
2023-11-26,Punjab,92.25,PPAC-derived
2023-11-26,Rajasthan,95.05,PPAC-derived
2023-11-26,Tamil Nadu,94.24,PPAC-IOC-metro
2023-11-26,Telangana,96.15,PPAC-derived
2023-11-26,Uttar Pradesh,90.85,PPAC-derived
2023-11-26,West Bengal,92.76,PPAC-IOC-metro
2023-11-27,Andhra Pradesh,97.35,PPAC-derived
2023-11-27,Delhi,89.62,PPAC-IOC-metro
2023-11-27,Gujarat,89.15,PPAC-derived
2023-11-27,Haryana,91.65,PPAC-derived
2023-11-27,Karnataka,93.85,PPAC-derived
2023-11-27,Madhya Pradesh,94.15,PPAC-derived
2023-11-27,Maharashtra,94.27,PPAC-IOC-metro
2023-11-27,Punjab,92.25,PPAC-derived
2023-11-27,Rajasthan,95.05,PPAC-derived
2023-11-27,Tamil Nadu,94.24,PPAC-IOC-metro
2023-11-27,Telangana,96.15,PPAC-derived
2023-11-27,Uttar Pradesh,90.85,PPAC-derived
2023-11-27,West Bengal,92.76,PPAC-IOC-metro
2023-11-28,Andhra Pradesh,97.35,PPAC-derived
2023-11-28,Delhi,89.62,PPAC-IOC-metro
2023-11-28,Gujarat,89.15,PPAC-derived
2023-11-28,Haryana,91.65,PPAC-derived
2023-11-28,Karnataka,93.85,PPAC-derived
2023-11-28,Madhya Pradesh,94.15,PPAC-derived
2023-11-28,Maharashtra,94.27,PPAC-IOC-metro
2023-11-28,Punjab,92.25,PPAC-derived
2023-11-28,Rajasthan,95.05,PPAC-derived
2023-11-28,Tamil Nadu,94.24,PPAC-IOC-metro
2023-11-28,Telangana,96.15,PPAC-derived
2023-11-28,Uttar Pradesh,90.85,PPAC-derived
2023-11-28,West Bengal,92.76,PPAC-IOC-metro
2023-11-29,Andhra Pradesh,97.35,PPAC-derived
2023-11-29,Delhi,89.62,PPAC-IOC-metro
2023-11-29,Gujarat,89.15,PPAC-derived
2023-11-29,Haryana,91.65,PPAC-derived
2023-11-29,Karnataka,93.85,PPAC-derived
2023-11-29,Madhya Pradesh,94.15,PPAC-derived
2023-11-29,Maharashtra,94.27,PPAC-IOC-metro
2023-11-29,Punjab,92.25,PPAC-derived
2023-11-29,Rajasthan,95.05,PPAC-derived
2023-11-29,Tamil Nadu,94.24,PPAC-IOC-metro
2023-11-29,Telangana,96.15,PPAC-derived
2023-11-29,Uttar Pradesh,90.85,PPAC-derived
2023-11-29,West Bengal,92.76,PPAC-IOC-metro
2023-11-30,Andhra Pradesh,97.35,PPAC-derived
2023-11-30,Delhi,89.62,PPAC-IOC-metro
2023-11-30,Gujarat,89.15,PPAC-derived
2023-11-30,Haryana,91.65,PPAC-derived
2023-11-30,Karnataka,93.85,PPAC-derived
2023-11-30,Madhya Pradesh,94.15,PPAC-derived
2023-11-30,Maharashtra,94.27,PPAC-IOC-metro
2023-11-30,Punjab,92.25,PPAC-derived
2023-11-30,Rajasthan,95.05,PPAC-derived
2023-11-30,Tamil Nadu,94.24,PPAC-IOC-metro
2023-11-30,Telangana,96.15,PPAC-derived
2023-11-30,Uttar Pradesh,90.85,PPAC-derived
2023-11-30,West Bengal,92.76,PPAC-IOC-metro
2023-12-01,Andhra Pradesh,97.35,PPAC-derived
2023-12-01,Delhi,89.62,PPAC-IOC-metro
2023-12-01,Gujarat,89.15,PPAC-derived
2023-12-01,Haryana,91.65,PPAC-derived
2023-12-01,Karnataka,93.85,PPAC-derived
2023-12-01,Madhya Pradesh,94.15,PPAC-derived
2023-12-01,Maharashtra,94.27,PPAC-IOC-metro
2023-12-01,Punjab,92.25,PPAC-derived
2023-12-01,Rajasthan,95.05,PPAC-derived
2023-12-01,Tamil Nadu,94.24,PPAC-IOC-metro
2023-12-01,Telangana,96.15,PPAC-derived
2023-12-01,Uttar Pradesh,90.85,PPAC-derived
2023-12-01,West Bengal,92.76,PPAC-IOC-metro
2023-12-02,Andhra Pradesh,97.35,PPAC-derived
2023-12-02,Delhi,89.62,PPAC-IOC-metro
2023-12-02,Gujarat,89.15,PPAC-derived
2023-12-02,Haryana,91.65,PPAC-derived
2023-12-02,Karnataka,93.85,PPAC-derived
2023-12-02,Madhya Pradesh,94.15,PPAC-derived
2023-12-02,Maharashtra,94.27,PPAC-IOC-metro
2023-12-02,Punjab,92.25,PPAC-derived
2023-12-02,Rajasthan,95.05,PPAC-derived
2023-12-02,Tamil Nadu,94.24,PPAC-IOC-metro
2023-12-02,Telangana,96.15,PPAC-derived
2023-12-02,Uttar Pradesh,90.85,PPAC-derived
2023-12-02,West Bengal,92.76,PPAC-IOC-metro
2023-12-03,Andhra Pradesh,97.35,PPAC-derived
2023-12-03,Delhi,89.62,PPAC-IOC-metro
2023-12-03,Gujarat,89.15,PPAC-derived
2023-12-03,Haryana,91.65,PPAC-derived
2023-12-03,Karnataka,93.85,PPAC-derived
2023-12-03,Madhya Pradesh,94.15,PPAC-derived
2023-12-03,Maharashtra,94.27,PPAC-IOC-metro
2023-12-03,Punjab,92.25,PPAC-derived
2023-12-03,Rajasthan,95.05,PPAC-derived
2023-12-03,Tamil Nadu,94.24,PPAC-IOC-metro
2023-12-03,Telangana,96.15,PPAC-derived
2023-12-03,Uttar Pradesh,90.85,PPAC-derived
2023-12-03,West Bengal,92.76,PPAC-IOC-metro
2023-12-04,Andhra Pradesh,97.35,PPAC-derived
2023-12-04,Delhi,89.62,PPAC-IOC-metro
2023-12-04,Gujarat,89.15,PPAC-derived
2023-12-04,Haryana,91.65,PPAC-derived
2023-12-04,Karnataka,93.85,PPAC-derived
2023-12-04,Madhya Pradesh,94.15,PPAC-derived
2023-12-04,Maharashtra,94.27,PPAC-IOC-metro
2023-12-04,Punjab,92.25,PPAC-derived
2023-12-04,Rajasthan,95.05,PPAC-derived
2023-12-04,Tamil Nadu,94.24,PPAC-IOC-metro
2023-12-04,Telangana,96.15,PPAC-derived
2023-12-04,Uttar Pradesh,90.85,PPAC-derived
2023-12-04,West Bengal,92.76,PPAC-IOC-metro
2023-12-05,Andhra Pradesh,97.35,PPAC-derived
2023-12-05,Delhi,89.62,PPAC-IOC-metro
2023-12-05,Gujarat,89.15,PPAC-derived
2023-12-05,Haryana,91.65,PPAC-derived
2023-12-05,Karnataka,93.85,PPAC-derived
2023-12-05,Madhya Pradesh,94.15,PPAC-derived
2023-12-05,Maharashtra,94.27,PPAC-IOC-metro
2023-12-05,Punjab,92.25,PPAC-derived
2023-12-05,Rajasthan,95.05,PPAC-derived
2023-12-05,Tamil Nadu,94.24,PPAC-IOC-metro
2023-12-05,Telangana,96.15,PPAC-derived
2023-12-05,Uttar Pradesh,90.85,PPAC-derived
2023-12-05,West Bengal,92.76,PPAC-IOC-metro
2023-12-06,Andhra Pradesh,97.35,PPAC-derived
2023-12-06,Delhi,89.62,PPAC-IOC-metro
2023-12-06,Gujarat,89.15,PPAC-derived
2023-12-06,Haryana,91.65,PPAC-derived
2023-12-06,Karnataka,93.85,PPAC-derived
2023-12-06,Madhya Pradesh,94.15,PPAC-derived
2023-12-06,Maharashtra,94.27,PPAC-IOC-metro
2023-12-06,Punjab,92.25,PPAC-derived
2023-12-06,Rajasthan,95.05,PPAC-derived
2023-12-06,Tamil Nadu,94.24,PPAC-IOC-metro
2023-12-06,Telangana,96.15,PPAC-derived
2023-12-06,Uttar Pradesh,90.85,PPAC-derived
2023-12-06,West Bengal,92.76,PPAC-IOC-metro
2023-12-07,Andhra Pradesh,97.35,PPAC-derived
2023-12-07,Delhi,89.62,PPAC-IOC-metro
2023-12-07,Gujarat,89.15,PPAC-derived
2023-12-07,Haryana,91.65,PPAC-derived
2023-12-07,Karnataka,93.85,PPAC-derived
2023-12-07,Madhya Pradesh,94.15,PPAC-derived
2023-12-07,Maharashtra,94.27,PPAC-IOC-metro
2023-12-07,Punjab,92.25,PPAC-derived
2023-12-07,Rajasthan,95.05,PPAC-derived
2023-12-07,Tamil Nadu,94.24,PPAC-IOC-metro
2023-12-07,Telangana,96.15,PPAC-derived
2023-12-07,Uttar Pradesh,90.85,PPAC-derived
2023-12-07,West Bengal,92.76,PPAC-IOC-metro
2023-12-08,Andhra Pradesh,97.35,PPAC-derived
2023-12-08,Delhi,89.62,PPAC-IOC-metro
2023-12-08,Gujarat,89.15,PPAC-derived
2023-12-08,Haryana,91.65,PPAC-derived
2023-12-08,Karnataka,93.85,PPAC-derived
2023-12-08,Madhya Pradesh,94.15,PPAC-derived
2023-12-08,Maharashtra,94.27,PPAC-IOC-metro
2023-12-08,Punjab,92.25,PPAC-derived
2023-12-08,Rajasthan,95.05,PPAC-derived
2023-12-08,Tamil Nadu,94.24,PPAC-IOC-metro
2023-12-08,Telangana,96.15,PPAC-derived
2023-12-08,Uttar Pradesh,90.85,PPAC-derived
2023-12-08,West Bengal,92.76,PPAC-IOC-metro
2023-12-09,Andhra Pradesh,97.35,PPAC-derived
2023-12-09,Delhi,89.62,PPAC-IOC-metro
2023-12-09,Gujarat,89.15,PPAC-derived
2023-12-09,Haryana,91.65,PPAC-derived
2023-12-09,Karnataka,93.85,PPAC-derived
2023-12-09,Madhya Pradesh,94.15,PPAC-derived
2023-12-09,Maharashtra,94.27,PPAC-IOC-metro
2023-12-09,Punjab,92.25,PPAC-derived
2023-12-09,Rajasthan,95.05,PPAC-derived
2023-12-09,Tamil Nadu,94.24,PPAC-IOC-metro
2023-12-09,Telangana,96.15,PPAC-derived
2023-12-09,Uttar Pradesh,90.85,PPAC-derived
2023-12-09,West Bengal,92.76,PPAC-IOC-metro
2023-12-10,Andhra Pradesh,97.35,PPAC-derived
2023-12-10,Delhi,89.62,PPAC-IOC-metro
2023-12-10,Gujarat,89.15,PPAC-derived
2023-12-10,Haryana,91.65,PPAC-derived
2023-12-10,Karnataka,93.85,PPAC-derived
2023-12-10,Madhya Pradesh,94.15,PPAC-derived
2023-12-10,Maharashtra,94.27,PPAC-IOC-metro
2023-12-10,Punjab,92.25,PPAC-derived
2023-12-10,Rajasthan,95.05,PPAC-derived
2023-12-10,Tamil Nadu,94.24,PPAC-IOC-metro
2023-12-10,Telangana,96.15,PPAC-derived
2023-12-10,Uttar Pradesh,90.85,PPAC-derived
2023-12-10,West Bengal,92.76,PPAC-IOC-metro
2023-12-11,Andhra Pradesh,97.35,PPAC-derived
2023-12-11,Delhi,89.62,PPAC-IOC-metro
2023-12-11,Gujarat,89.15,PPAC-derived
2023-12-11,Haryana,91.65,PPAC-derived
2023-12-11,Karnataka,93.85,PPAC-derived
2023-12-11,Madhya Pradesh,94.15,PPAC-derived
2023-12-11,Maharashtra,94.27,PPAC-IOC-metro
2023-12-11,Punjab,92.25,PPAC-derived
2023-12-11,Rajasthan,95.05,PPAC-derived
2023-12-11,Tamil Nadu,94.24,PPAC-IOC-metro
2023-12-11,Telangana,96.15,PPAC-derived
2023-12-11,Uttar Pradesh,90.85,PPAC-derived
2023-12-11,West Bengal,92.76,PPAC-IOC-metro
2023-12-12,Andhra Pradesh,97.35,PPAC-derived
2023-12-12,Delhi,89.62,PPAC-IOC-metro
2023-12-12,Gujarat,89.15,PPAC-derived
2023-12-12,Haryana,91.65,PPAC-derived
2023-12-12,Karnataka,93.85,PPAC-derived
2023-12-12,Madhya Pradesh,94.15,PPAC-derived
2023-12-12,Maharashtra,94.27,PPAC-IOC-metro
2023-12-12,Punjab,92.25,PPAC-derived
2023-12-12,Rajasthan,95.05,PPAC-derived
2023-12-12,Tamil Nadu,94.24,PPAC-IOC-metro
2023-12-12,Telangana,96.15,PPAC-derived
2023-12-12,Uttar Pradesh,90.85,PPAC-derived
2023-12-12,West Bengal,92.76,PPAC-IOC-metro
2023-12-13,Andhra Pradesh,97.35,PPAC-derived
2023-12-13,Delhi,89.62,PPAC-IOC-metro
2023-12-13,Gujarat,89.15,PPAC-derived
2023-12-13,Haryana,91.65,PPAC-derived
2023-12-13,Karnataka,93.85,PPAC-derived
2023-12-13,Madhya Pradesh,94.15,PPAC-derived
2023-12-13,Maharashtra,94.27,PPAC-IOC-metro
2023-12-13,Punjab,92.25,PPAC-derived
2023-12-13,Rajasthan,95.05,PPAC-derived
2023-12-13,Tamil Nadu,94.24,PPAC-IOC-metro
2023-12-13,Telangana,96.15,PPAC-derived
2023-12-13,Uttar Pradesh,90.85,PPAC-derived
2023-12-13,West Bengal,92.76,PPAC-IOC-metro
2023-12-14,Andhra Pradesh,97.35,PPAC-derived
2023-12-14,Delhi,89.62,PPAC-IOC-metro
2023-12-14,Gujarat,89.15,PPAC-derived
2023-12-14,Haryana,91.65,PPAC-derived
2023-12-14,Karnataka,93.85,PPAC-derived
2023-12-14,Madhya Pradesh,94.15,PPAC-derived
2023-12-14,Maharashtra,94.27,PPAC-IOC-metro
2023-12-14,Punjab,92.25,PPAC-derived
2023-12-14,Rajasthan,95.05,PPAC-derived
2023-12-14,Tamil Nadu,94.24,PPAC-IOC-metro
2023-12-14,Telangana,96.15,PPAC-derived
2023-12-14,Uttar Pradesh,90.85,PPAC-derived
2023-12-14,West Bengal,92.76,PPAC-IOC-metro
2023-12-15,Andhra Pradesh,97.35,PPAC-derived
2023-12-15,Delhi,89.62,PPAC-IOC-metro
2023-12-15,Gujarat,89.15,PPAC-derived
2023-12-15,Haryana,91.65,PPAC-derived
2023-12-15,Karnataka,93.85,PPAC-derived
2023-12-15,Madhya Pradesh,94.15,PPAC-derived
2023-12-15,Maharashtra,94.27,PPAC-IOC-metro
2023-12-15,Punjab,92.25,PPAC-derived
2023-12-15,Rajasthan,95.05,PPAC-derived
2023-12-15,Tamil Nadu,94.24,PPAC-IOC-metro
2023-12-15,Telangana,96.15,PPAC-derived
2023-12-15,Uttar Pradesh,90.85,PPAC-derived
2023-12-15,West Bengal,92.76,PPAC-IOC-metro
2023-12-16,Andhra Pradesh,97.35,PPAC-derived
2023-12-16,Delhi,89.62,PPAC-IOC-metro
2023-12-16,Gujarat,89.15,PPAC-derived
2023-12-16,Haryana,91.65,PPAC-derived
2023-12-16,Karnataka,93.85,PPAC-derived
2023-12-16,Madhya Pradesh,94.15,PPAC-derived
2023-12-16,Maharashtra,94.27,PPAC-IOC-metro
2023-12-16,Punjab,92.25,PPAC-derived
2023-12-16,Rajasthan,95.05,PPAC-derived
2023-12-16,Tamil Nadu,94.24,PPAC-IOC-metro
2023-12-16,Telangana,96.15,PPAC-derived
2023-12-16,Uttar Pradesh,90.85,PPAC-derived
2023-12-16,West Bengal,92.76,PPAC-IOC-metro
2023-12-17,Andhra Pradesh,97.35,PPAC-derived
2023-12-17,Delhi,89.62,PPAC-IOC-metro
2023-12-17,Gujarat,89.15,PPAC-derived
2023-12-17,Haryana,91.65,PPAC-derived
2023-12-17,Karnataka,93.85,PPAC-derived
2023-12-17,Madhya Pradesh,94.15,PPAC-derived
2023-12-17,Maharashtra,94.27,PPAC-IOC-metro
2023-12-17,Punjab,92.25,PPAC-derived
2023-12-17,Rajasthan,95.05,PPAC-derived
2023-12-17,Tamil Nadu,94.24,PPAC-IOC-metro
2023-12-17,Telangana,96.15,PPAC-derived
2023-12-17,Uttar Pradesh,90.85,PPAC-derived
2023-12-17,West Bengal,92.76,PPAC-IOC-metro
2023-12-18,Andhra Pradesh,97.35,PPAC-derived
2023-12-18,Delhi,89.62,PPAC-IOC-metro
2023-12-18,Gujarat,89.15,PPAC-derived
2023-12-18,Haryana,91.65,PPAC-derived
2023-12-18,Karnataka,93.85,PPAC-derived
2023-12-18,Madhya Pradesh,94.15,PPAC-derived
2023-12-18,Maharashtra,94.27,PPAC-IOC-metro
2023-12-18,Punjab,92.25,PPAC-derived
2023-12-18,Rajasthan,95.05,PPAC-derived
2023-12-18,Tamil Nadu,94.24,PPAC-IOC-metro
2023-12-18,Telangana,96.15,PPAC-derived
2023-12-18,Uttar Pradesh,90.85,PPAC-derived
2023-12-18,West Bengal,92.76,PPAC-IOC-metro
2023-12-19,Andhra Pradesh,97.35,PPAC-derived
2023-12-19,Delhi,89.62,PPAC-IOC-metro
2023-12-19,Gujarat,89.15,PPAC-derived
2023-12-19,Haryana,91.65,PPAC-derived
2023-12-19,Karnataka,93.85,PPAC-derived
2023-12-19,Madhya Pradesh,94.15,PPAC-derived
2023-12-19,Maharashtra,94.27,PPAC-IOC-metro
2023-12-19,Punjab,92.25,PPAC-derived
2023-12-19,Rajasthan,95.05,PPAC-derived
2023-12-19,Tamil Nadu,94.24,PPAC-IOC-metro
2023-12-19,Telangana,96.15,PPAC-derived
2023-12-19,Uttar Pradesh,90.85,PPAC-derived
2023-12-19,West Bengal,92.76,PPAC-IOC-metro
2023-12-20,Andhra Pradesh,97.35,PPAC-derived
2023-12-20,Delhi,89.62,PPAC-IOC-metro
2023-12-20,Gujarat,89.15,PPAC-derived
2023-12-20,Haryana,91.65,PPAC-derived
2023-12-20,Karnataka,93.85,PPAC-derived
2023-12-20,Madhya Pradesh,94.15,PPAC-derived
2023-12-20,Maharashtra,94.27,PPAC-IOC-metro
2023-12-20,Punjab,92.25,PPAC-derived
2023-12-20,Rajasthan,95.05,PPAC-derived
2023-12-20,Tamil Nadu,94.24,PPAC-IOC-metro
2023-12-20,Telangana,96.15,PPAC-derived
2023-12-20,Uttar Pradesh,90.85,PPAC-derived
2023-12-20,West Bengal,92.76,PPAC-IOC-metro
2023-12-21,Andhra Pradesh,97.35,PPAC-derived
2023-12-21,Delhi,89.62,PPAC-IOC-metro
2023-12-21,Gujarat,89.15,PPAC-derived
2023-12-21,Haryana,91.65,PPAC-derived
2023-12-21,Karnataka,93.85,PPAC-derived
2023-12-21,Madhya Pradesh,94.15,PPAC-derived
2023-12-21,Maharashtra,94.27,PPAC-IOC-metro
2023-12-21,Punjab,92.25,PPAC-derived
2023-12-21,Rajasthan,95.05,PPAC-derived
2023-12-21,Tamil Nadu,94.24,PPAC-IOC-metro
2023-12-21,Telangana,96.15,PPAC-derived
2023-12-21,Uttar Pradesh,90.85,PPAC-derived
2023-12-21,West Bengal,92.76,PPAC-IOC-metro
2023-12-22,Andhra Pradesh,97.35,PPAC-derived
2023-12-22,Delhi,89.62,PPAC-IOC-metro
2023-12-22,Gujarat,89.15,PPAC-derived
2023-12-22,Haryana,91.65,PPAC-derived
2023-12-22,Karnataka,93.85,PPAC-derived
2023-12-22,Madhya Pradesh,94.15,PPAC-derived
2023-12-22,Maharashtra,94.27,PPAC-IOC-metro
2023-12-22,Punjab,92.25,PPAC-derived
2023-12-22,Rajasthan,95.05,PPAC-derived
2023-12-22,Tamil Nadu,94.24,PPAC-IOC-metro
2023-12-22,Telangana,96.15,PPAC-derived
2023-12-22,Uttar Pradesh,90.85,PPAC-derived
2023-12-22,West Bengal,92.76,PPAC-IOC-metro
2023-12-23,Andhra Pradesh,97.35,PPAC-derived
2023-12-23,Delhi,89.62,PPAC-IOC-metro
2023-12-23,Gujarat,89.15,PPAC-derived
2023-12-23,Haryana,91.65,PPAC-derived
2023-12-23,Karnataka,93.85,PPAC-derived
2023-12-23,Madhya Pradesh,94.15,PPAC-derived
2023-12-23,Maharashtra,94.27,PPAC-IOC-metro
2023-12-23,Punjab,92.25,PPAC-derived
2023-12-23,Rajasthan,95.05,PPAC-derived
2023-12-23,Tamil Nadu,94.24,PPAC-IOC-metro
2023-12-23,Telangana,96.15,PPAC-derived
2023-12-23,Uttar Pradesh,90.85,PPAC-derived
2023-12-23,West Bengal,92.76,PPAC-IOC-metro
2023-12-24,Andhra Pradesh,97.35,PPAC-derived
2023-12-24,Delhi,89.62,PPAC-IOC-metro
2023-12-24,Gujarat,89.15,PPAC-derived
2023-12-24,Haryana,91.65,PPAC-derived
2023-12-24,Karnataka,93.85,PPAC-derived
2023-12-24,Madhya Pradesh,94.15,PPAC-derived
2023-12-24,Maharashtra,94.27,PPAC-IOC-metro
2023-12-24,Punjab,92.25,PPAC-derived
2023-12-24,Rajasthan,95.05,PPAC-derived
2023-12-24,Tamil Nadu,94.24,PPAC-IOC-metro
2023-12-24,Telangana,96.15,PPAC-derived
2023-12-24,Uttar Pradesh,90.85,PPAC-derived
2023-12-24,West Bengal,92.76,PPAC-IOC-metro
2023-12-25,Andhra Pradesh,97.35,PPAC-derived
2023-12-25,Delhi,89.62,PPAC-IOC-metro
2023-12-25,Gujarat,89.15,PPAC-derived
2023-12-25,Haryana,91.65,PPAC-derived
2023-12-25,Karnataka,93.85,PPAC-derived
2023-12-25,Madhya Pradesh,94.15,PPAC-derived
2023-12-25,Maharashtra,94.27,PPAC-IOC-metro
2023-12-25,Punjab,92.25,PPAC-derived
2023-12-25,Rajasthan,95.05,PPAC-derived
2023-12-25,Tamil Nadu,94.24,PPAC-IOC-metro
2023-12-25,Telangana,96.15,PPAC-derived
2023-12-25,Uttar Pradesh,90.85,PPAC-derived
2023-12-25,West Bengal,92.76,PPAC-IOC-metro
2023-12-26,Andhra Pradesh,97.35,PPAC-derived
2023-12-26,Delhi,89.62,PPAC-IOC-metro
2023-12-26,Gujarat,89.15,PPAC-derived
2023-12-26,Haryana,91.65,PPAC-derived
2023-12-26,Karnataka,93.85,PPAC-derived
2023-12-26,Madhya Pradesh,94.15,PPAC-derived
2023-12-26,Maharashtra,94.27,PPAC-IOC-metro
2023-12-26,Punjab,92.25,PPAC-derived
2023-12-26,Rajasthan,95.05,PPAC-derived
2023-12-26,Tamil Nadu,94.24,PPAC-IOC-metro
2023-12-26,Telangana,96.15,PPAC-derived
2023-12-26,Uttar Pradesh,90.85,PPAC-derived
2023-12-26,West Bengal,92.76,PPAC-IOC-metro
2023-12-27,Andhra Pradesh,97.35,PPAC-derived
2023-12-27,Delhi,89.62,PPAC-IOC-metro
2023-12-27,Gujarat,89.15,PPAC-derived
2023-12-27,Haryana,91.65,PPAC-derived
2023-12-27,Karnataka,93.85,PPAC-derived
2023-12-27,Madhya Pradesh,94.15,PPAC-derived
2023-12-27,Maharashtra,94.27,PPAC-IOC-metro
2023-12-27,Punjab,92.25,PPAC-derived
2023-12-27,Rajasthan,95.05,PPAC-derived
2023-12-27,Tamil Nadu,94.24,PPAC-IOC-metro
2023-12-27,Telangana,96.15,PPAC-derived
2023-12-27,Uttar Pradesh,90.85,PPAC-derived
2023-12-27,West Bengal,92.76,PPAC-IOC-metro
2023-12-28,Andhra Pradesh,97.35,PPAC-derived
2023-12-28,Delhi,89.62,PPAC-IOC-metro
2023-12-28,Gujarat,89.15,PPAC-derived
2023-12-28,Haryana,91.65,PPAC-derived
2023-12-28,Karnataka,93.85,PPAC-derived
2023-12-28,Madhya Pradesh,94.15,PPAC-derived
2023-12-28,Maharashtra,94.27,PPAC-IOC-metro
2023-12-28,Punjab,92.25,PPAC-derived
2023-12-28,Rajasthan,95.05,PPAC-derived
2023-12-28,Tamil Nadu,94.24,PPAC-IOC-metro
2023-12-28,Telangana,96.15,PPAC-derived
2023-12-28,Uttar Pradesh,90.85,PPAC-derived
2023-12-28,West Bengal,92.76,PPAC-IOC-metro
2023-12-29,Andhra Pradesh,97.35,PPAC-derived
2023-12-29,Delhi,89.62,PPAC-IOC-metro
2023-12-29,Gujarat,89.15,PPAC-derived
2023-12-29,Haryana,91.65,PPAC-derived
2023-12-29,Karnataka,93.85,PPAC-derived
2023-12-29,Madhya Pradesh,94.15,PPAC-derived
2023-12-29,Maharashtra,94.27,PPAC-IOC-metro
2023-12-29,Punjab,92.25,PPAC-derived
2023-12-29,Rajasthan,95.05,PPAC-derived
2023-12-29,Tamil Nadu,94.24,PPAC-IOC-metro
2023-12-29,Telangana,96.15,PPAC-derived
2023-12-29,Uttar Pradesh,90.85,PPAC-derived
2023-12-29,West Bengal,92.76,PPAC-IOC-metro
2023-12-30,Andhra Pradesh,97.35,PPAC-derived
2023-12-30,Delhi,89.62,PPAC-IOC-metro
2023-12-30,Gujarat,89.15,PPAC-derived
2023-12-30,Haryana,91.65,PPAC-derived
2023-12-30,Karnataka,93.85,PPAC-derived
2023-12-30,Madhya Pradesh,94.15,PPAC-derived
2023-12-30,Maharashtra,94.27,PPAC-IOC-metro
2023-12-30,Punjab,92.25,PPAC-derived
2023-12-30,Rajasthan,95.05,PPAC-derived
2023-12-30,Tamil Nadu,94.24,PPAC-IOC-metro
2023-12-30,Telangana,96.15,PPAC-derived
2023-12-30,Uttar Pradesh,90.85,PPAC-derived
2023-12-30,West Bengal,92.76,PPAC-IOC-metro
2023-12-31,Andhra Pradesh,97.35,PPAC-derived
2023-12-31,Delhi,89.62,PPAC-IOC-metro
2023-12-31,Gujarat,89.15,PPAC-derived
2023-12-31,Haryana,91.65,PPAC-derived
2023-12-31,Karnataka,93.85,PPAC-derived
2023-12-31,Madhya Pradesh,94.15,PPAC-derived
2023-12-31,Maharashtra,94.27,PPAC-IOC-metro
2023-12-31,Punjab,92.25,PPAC-derived
2023-12-31,Rajasthan,95.05,PPAC-derived
2023-12-31,Tamil Nadu,94.24,PPAC-IOC-metro
2023-12-31,Telangana,96.15,PPAC-derived
2023-12-31,Uttar Pradesh,90.85,PPAC-derived
2023-12-31,West Bengal,92.76,PPAC-IOC-metro
2024-01-01,Andhra Pradesh,97.35,PPAC-derived
2024-01-01,Delhi,89.62,PPAC-IOC-metro
2024-01-01,Gujarat,89.15,PPAC-derived
2024-01-01,Haryana,91.65,PPAC-derived
2024-01-01,Karnataka,93.85,PPAC-derived
2024-01-01,Madhya Pradesh,94.15,PPAC-derived
2024-01-01,Maharashtra,94.27,PPAC-IOC-metro
2024-01-01,Punjab,92.25,PPAC-derived
2024-01-01,Rajasthan,95.05,PPAC-derived
2024-01-01,Tamil Nadu,94.24,PPAC-IOC-metro
2024-01-01,Telangana,96.15,PPAC-derived
2024-01-01,Uttar Pradesh,90.85,PPAC-derived
2024-01-01,West Bengal,92.76,PPAC-IOC-metro
2024-01-02,Andhra Pradesh,97.35,PPAC-derived
2024-01-02,Delhi,89.62,PPAC-IOC-metro
2024-01-02,Gujarat,89.15,PPAC-derived
2024-01-02,Haryana,91.65,PPAC-derived
2024-01-02,Karnataka,93.85,PPAC-derived
2024-01-02,Madhya Pradesh,94.15,PPAC-derived
2024-01-02,Maharashtra,94.27,PPAC-IOC-metro
2024-01-02,Punjab,92.25,PPAC-derived
2024-01-02,Rajasthan,95.05,PPAC-derived
2024-01-02,Tamil Nadu,94.24,PPAC-IOC-metro
2024-01-02,Telangana,96.15,PPAC-derived
2024-01-02,Uttar Pradesh,90.85,PPAC-derived
2024-01-02,West Bengal,92.76,PPAC-IOC-metro
2024-01-03,Andhra Pradesh,97.35,PPAC-derived
2024-01-03,Delhi,89.62,PPAC-IOC-metro
2024-01-03,Gujarat,89.15,PPAC-derived
2024-01-03,Haryana,91.65,PPAC-derived
2024-01-03,Karnataka,93.85,PPAC-derived
2024-01-03,Madhya Pradesh,94.15,PPAC-derived
2024-01-03,Maharashtra,94.27,PPAC-IOC-metro
2024-01-03,Punjab,92.25,PPAC-derived
2024-01-03,Rajasthan,95.05,PPAC-derived
2024-01-03,Tamil Nadu,94.24,PPAC-IOC-metro
2024-01-03,Telangana,96.15,PPAC-derived
2024-01-03,Uttar Pradesh,90.85,PPAC-derived
2024-01-03,West Bengal,92.76,PPAC-IOC-metro
2024-01-04,Andhra Pradesh,97.35,PPAC-derived
2024-01-04,Delhi,89.62,PPAC-IOC-metro
2024-01-04,Gujarat,89.15,PPAC-derived
2024-01-04,Haryana,91.65,PPAC-derived
2024-01-04,Karnataka,93.85,PPAC-derived
2024-01-04,Madhya Pradesh,94.15,PPAC-derived
2024-01-04,Maharashtra,94.27,PPAC-IOC-metro
2024-01-04,Punjab,92.25,PPAC-derived
2024-01-04,Rajasthan,95.05,PPAC-derived
2024-01-04,Tamil Nadu,94.24,PPAC-IOC-metro
2024-01-04,Telangana,96.15,PPAC-derived
2024-01-04,Uttar Pradesh,90.85,PPAC-derived
2024-01-04,West Bengal,92.76,PPAC-IOC-metro
2024-01-05,Andhra Pradesh,97.35,PPAC-derived
2024-01-05,Delhi,89.62,PPAC-IOC-metro
2024-01-05,Gujarat,89.15,PPAC-derived
2024-01-05,Haryana,91.65,PPAC-derived
2024-01-05,Karnataka,93.85,PPAC-derived
2024-01-05,Madhya Pradesh,94.15,PPAC-derived
2024-01-05,Maharashtra,94.27,PPAC-IOC-metro
2024-01-05,Punjab,92.25,PPAC-derived
2024-01-05,Rajasthan,95.05,PPAC-derived
2024-01-05,Tamil Nadu,94.24,PPAC-IOC-metro
2024-01-05,Telangana,96.15,PPAC-derived
2024-01-05,Uttar Pradesh,90.85,PPAC-derived
2024-01-05,West Bengal,92.76,PPAC-IOC-metro
2024-01-06,Andhra Pradesh,97.35,PPAC-derived
2024-01-06,Delhi,89.62,PPAC-IOC-metro
2024-01-06,Gujarat,89.15,PPAC-derived
2024-01-06,Haryana,91.65,PPAC-derived
2024-01-06,Karnataka,93.85,PPAC-derived
2024-01-06,Madhya Pradesh,94.15,PPAC-derived
2024-01-06,Maharashtra,94.27,PPAC-IOC-metro
2024-01-06,Punjab,92.25,PPAC-derived
2024-01-06,Rajasthan,95.05,PPAC-derived
2024-01-06,Tamil Nadu,94.24,PPAC-IOC-metro
2024-01-06,Telangana,96.15,PPAC-derived
2024-01-06,Uttar Pradesh,90.85,PPAC-derived
2024-01-06,West Bengal,92.76,PPAC-IOC-metro
2024-01-07,Andhra Pradesh,97.35,PPAC-derived
2024-01-07,Delhi,89.62,PPAC-IOC-metro
2024-01-07,Gujarat,89.15,PPAC-derived
2024-01-07,Haryana,91.65,PPAC-derived
2024-01-07,Karnataka,93.85,PPAC-derived
2024-01-07,Madhya Pradesh,94.15,PPAC-derived
2024-01-07,Maharashtra,94.27,PPAC-IOC-metro
2024-01-07,Punjab,92.25,PPAC-derived
2024-01-07,Rajasthan,95.05,PPAC-derived
2024-01-07,Tamil Nadu,94.24,PPAC-IOC-metro
2024-01-07,Telangana,96.15,PPAC-derived
2024-01-07,Uttar Pradesh,90.85,PPAC-derived
2024-01-07,West Bengal,92.76,PPAC-IOC-metro
2024-01-08,Andhra Pradesh,97.35,PPAC-derived
2024-01-08,Delhi,89.62,PPAC-IOC-metro
2024-01-08,Gujarat,89.15,PPAC-derived
2024-01-08,Haryana,91.65,PPAC-derived
2024-01-08,Karnataka,93.85,PPAC-derived
2024-01-08,Madhya Pradesh,94.15,PPAC-derived
2024-01-08,Maharashtra,94.27,PPAC-IOC-metro
2024-01-08,Punjab,92.25,PPAC-derived
2024-01-08,Rajasthan,95.05,PPAC-derived
2024-01-08,Tamil Nadu,94.24,PPAC-IOC-metro
2024-01-08,Telangana,96.15,PPAC-derived
2024-01-08,Uttar Pradesh,90.85,PPAC-derived
2024-01-08,West Bengal,92.76,PPAC-IOC-metro
2024-01-09,Andhra Pradesh,97.35,PPAC-derived
2024-01-09,Delhi,89.62,PPAC-IOC-metro
2024-01-09,Gujarat,89.15,PPAC-derived
2024-01-09,Haryana,91.65,PPAC-derived
2024-01-09,Karnataka,93.85,PPAC-derived
2024-01-09,Madhya Pradesh,94.15,PPAC-derived
2024-01-09,Maharashtra,94.27,PPAC-IOC-metro
2024-01-09,Punjab,92.25,PPAC-derived
2024-01-09,Rajasthan,95.05,PPAC-derived
2024-01-09,Tamil Nadu,94.24,PPAC-IOC-metro
2024-01-09,Telangana,96.15,PPAC-derived
2024-01-09,Uttar Pradesh,90.85,PPAC-derived
2024-01-09,West Bengal,92.76,PPAC-IOC-metro
2024-01-10,Andhra Pradesh,97.35,PPAC-derived
2024-01-10,Delhi,89.62,PPAC-IOC-metro
2024-01-10,Gujarat,89.15,PPAC-derived
2024-01-10,Haryana,91.65,PPAC-derived
2024-01-10,Karnataka,93.85,PPAC-derived
2024-01-10,Madhya Pradesh,94.15,PPAC-derived
2024-01-10,Maharashtra,94.27,PPAC-IOC-metro
2024-01-10,Punjab,92.25,PPAC-derived
2024-01-10,Rajasthan,95.05,PPAC-derived
2024-01-10,Tamil Nadu,94.24,PPAC-IOC-metro
2024-01-10,Telangana,96.15,PPAC-derived
2024-01-10,Uttar Pradesh,90.85,PPAC-derived
2024-01-10,West Bengal,92.76,PPAC-IOC-metro
2024-01-11,Andhra Pradesh,97.35,PPAC-derived
2024-01-11,Delhi,89.62,PPAC-IOC-metro
2024-01-11,Gujarat,89.15,PPAC-derived
2024-01-11,Haryana,91.65,PPAC-derived
2024-01-11,Karnataka,93.85,PPAC-derived
2024-01-11,Madhya Pradesh,94.15,PPAC-derived
2024-01-11,Maharashtra,94.27,PPAC-IOC-metro
2024-01-11,Punjab,92.25,PPAC-derived
2024-01-11,Rajasthan,95.05,PPAC-derived
2024-01-11,Tamil Nadu,94.24,PPAC-IOC-metro
2024-01-11,Telangana,96.15,PPAC-derived
2024-01-11,Uttar Pradesh,90.85,PPAC-derived
2024-01-11,West Bengal,92.76,PPAC-IOC-metro
2024-01-12,Andhra Pradesh,97.35,PPAC-derived
2024-01-12,Delhi,89.62,PPAC-IOC-metro
2024-01-12,Gujarat,89.15,PPAC-derived
2024-01-12,Haryana,91.65,PPAC-derived
2024-01-12,Karnataka,93.85,PPAC-derived
2024-01-12,Madhya Pradesh,94.15,PPAC-derived
2024-01-12,Maharashtra,94.27,PPAC-IOC-metro
2024-01-12,Punjab,92.25,PPAC-derived
2024-01-12,Rajasthan,95.05,PPAC-derived
2024-01-12,Tamil Nadu,94.24,PPAC-IOC-metro
2024-01-12,Telangana,96.15,PPAC-derived
2024-01-12,Uttar Pradesh,90.85,PPAC-derived
2024-01-12,West Bengal,92.76,PPAC-IOC-metro
2024-01-13,Andhra Pradesh,97.35,PPAC-derived
2024-01-13,Delhi,89.62,PPAC-IOC-metro
2024-01-13,Gujarat,89.15,PPAC-derived
2024-01-13,Haryana,91.65,PPAC-derived
2024-01-13,Karnataka,93.85,PPAC-derived
2024-01-13,Madhya Pradesh,94.15,PPAC-derived
2024-01-13,Maharashtra,94.27,PPAC-IOC-metro
2024-01-13,Punjab,92.25,PPAC-derived
2024-01-13,Rajasthan,95.05,PPAC-derived
2024-01-13,Tamil Nadu,94.24,PPAC-IOC-metro
2024-01-13,Telangana,96.15,PPAC-derived
2024-01-13,Uttar Pradesh,90.85,PPAC-derived
2024-01-13,West Bengal,92.76,PPAC-IOC-metro
2024-01-14,Andhra Pradesh,97.35,PPAC-derived
2024-01-14,Delhi,89.62,PPAC-IOC-metro
2024-01-14,Gujarat,89.15,PPAC-derived
2024-01-14,Haryana,91.65,PPAC-derived
2024-01-14,Karnataka,93.85,PPAC-derived
2024-01-14,Madhya Pradesh,94.15,PPAC-derived
2024-01-14,Maharashtra,94.27,PPAC-IOC-metro
2024-01-14,Punjab,92.25,PPAC-derived
2024-01-14,Rajasthan,95.05,PPAC-derived
2024-01-14,Tamil Nadu,94.24,PPAC-IOC-metro
2024-01-14,Telangana,96.15,PPAC-derived
2024-01-14,Uttar Pradesh,90.85,PPAC-derived
2024-01-14,West Bengal,92.76,PPAC-IOC-metro
2024-01-15,Andhra Pradesh,97.35,PPAC-derived
2024-01-15,Delhi,89.62,PPAC-IOC-metro
2024-01-15,Gujarat,89.15,PPAC-derived
2024-01-15,Haryana,91.65,PPAC-derived
2024-01-15,Karnataka,93.85,PPAC-derived
2024-01-15,Madhya Pradesh,94.15,PPAC-derived
2024-01-15,Maharashtra,94.27,PPAC-IOC-metro
2024-01-15,Punjab,92.25,PPAC-derived
2024-01-15,Rajasthan,95.05,PPAC-derived
2024-01-15,Tamil Nadu,94.24,PPAC-IOC-metro
2024-01-15,Telangana,96.15,PPAC-derived
2024-01-15,Uttar Pradesh,90.85,PPAC-derived
2024-01-15,West Bengal,92.76,PPAC-IOC-metro
2024-01-16,Andhra Pradesh,97.35,PPAC-derived
2024-01-16,Delhi,89.62,PPAC-IOC-metro
2024-01-16,Gujarat,89.15,PPAC-derived
2024-01-16,Haryana,91.65,PPAC-derived
2024-01-16,Karnataka,93.85,PPAC-derived
2024-01-16,Madhya Pradesh,94.15,PPAC-derived
2024-01-16,Maharashtra,94.27,PPAC-IOC-metro
2024-01-16,Punjab,92.25,PPAC-derived
2024-01-16,Rajasthan,95.05,PPAC-derived
2024-01-16,Tamil Nadu,94.24,PPAC-IOC-metro
2024-01-16,Telangana,96.15,PPAC-derived
2024-01-16,Uttar Pradesh,90.85,PPAC-derived
2024-01-16,West Bengal,92.76,PPAC-IOC-metro
2024-01-17,Andhra Pradesh,97.35,PPAC-derived
2024-01-17,Delhi,89.62,PPAC-IOC-metro
2024-01-17,Gujarat,89.15,PPAC-derived
2024-01-17,Haryana,91.65,PPAC-derived
2024-01-17,Karnataka,93.85,PPAC-derived
2024-01-17,Madhya Pradesh,94.15,PPAC-derived
2024-01-17,Maharashtra,94.27,PPAC-IOC-metro
2024-01-17,Punjab,92.25,PPAC-derived
2024-01-17,Rajasthan,95.05,PPAC-derived
2024-01-17,Tamil Nadu,94.24,PPAC-IOC-metro
2024-01-17,Telangana,96.15,PPAC-derived
2024-01-17,Uttar Pradesh,90.85,PPAC-derived
2024-01-17,West Bengal,92.76,PPAC-IOC-metro
2024-01-18,Andhra Pradesh,97.35,PPAC-derived
2024-01-18,Delhi,89.62,PPAC-IOC-metro
2024-01-18,Gujarat,89.15,PPAC-derived
2024-01-18,Haryana,91.65,PPAC-derived
2024-01-18,Karnataka,93.85,PPAC-derived
2024-01-18,Madhya Pradesh,94.15,PPAC-derived
2024-01-18,Maharashtra,94.27,PPAC-IOC-metro
2024-01-18,Punjab,92.25,PPAC-derived
2024-01-18,Rajasthan,95.05,PPAC-derived
2024-01-18,Tamil Nadu,94.24,PPAC-IOC-metro
2024-01-18,Telangana,96.15,PPAC-derived
2024-01-18,Uttar Pradesh,90.85,PPAC-derived
2024-01-18,West Bengal,92.76,PPAC-IOC-metro
2024-01-19,Andhra Pradesh,97.35,PPAC-derived
2024-01-19,Delhi,89.62,PPAC-IOC-metro
2024-01-19,Gujarat,89.15,PPAC-derived
2024-01-19,Haryana,91.65,PPAC-derived
2024-01-19,Karnataka,93.85,PPAC-derived
2024-01-19,Madhya Pradesh,94.15,PPAC-derived
2024-01-19,Maharashtra,94.27,PPAC-IOC-metro
2024-01-19,Punjab,92.25,PPAC-derived
2024-01-19,Rajasthan,95.05,PPAC-derived
2024-01-19,Tamil Nadu,94.24,PPAC-IOC-metro
2024-01-19,Telangana,96.15,PPAC-derived
2024-01-19,Uttar Pradesh,90.85,PPAC-derived
2024-01-19,West Bengal,92.76,PPAC-IOC-metro
2024-01-20,Andhra Pradesh,97.35,PPAC-derived
2024-01-20,Delhi,89.62,PPAC-IOC-metro
2024-01-20,Gujarat,89.15,PPAC-derived
2024-01-20,Haryana,91.65,PPAC-derived
2024-01-20,Karnataka,93.85,PPAC-derived
2024-01-20,Madhya Pradesh,94.15,PPAC-derived
2024-01-20,Maharashtra,94.27,PPAC-IOC-metro
2024-01-20,Punjab,92.25,PPAC-derived
2024-01-20,Rajasthan,95.05,PPAC-derived
2024-01-20,Tamil Nadu,94.24,PPAC-IOC-metro
2024-01-20,Telangana,96.15,PPAC-derived
2024-01-20,Uttar Pradesh,90.85,PPAC-derived
2024-01-20,West Bengal,92.76,PPAC-IOC-metro
2024-01-21,Andhra Pradesh,97.35,PPAC-derived
2024-01-21,Delhi,89.62,PPAC-IOC-metro
2024-01-21,Gujarat,89.15,PPAC-derived
2024-01-21,Haryana,91.65,PPAC-derived
2024-01-21,Karnataka,93.85,PPAC-derived
2024-01-21,Madhya Pradesh,94.15,PPAC-derived
2024-01-21,Maharashtra,94.27,PPAC-IOC-metro
2024-01-21,Punjab,92.25,PPAC-derived
2024-01-21,Rajasthan,95.05,PPAC-derived
2024-01-21,Tamil Nadu,94.24,PPAC-IOC-metro
2024-01-21,Telangana,96.15,PPAC-derived
2024-01-21,Uttar Pradesh,90.85,PPAC-derived
2024-01-21,West Bengal,92.76,PPAC-IOC-metro
2024-01-22,Andhra Pradesh,97.35,PPAC-derived
2024-01-22,Delhi,89.62,PPAC-IOC-metro
2024-01-22,Gujarat,89.15,PPAC-derived
2024-01-22,Haryana,91.65,PPAC-derived
2024-01-22,Karnataka,93.85,PPAC-derived
2024-01-22,Madhya Pradesh,94.15,PPAC-derived
2024-01-22,Maharashtra,94.27,PPAC-IOC-metro
2024-01-22,Punjab,92.25,PPAC-derived
2024-01-22,Rajasthan,95.05,PPAC-derived
2024-01-22,Tamil Nadu,94.24,PPAC-IOC-metro
2024-01-22,Telangana,96.15,PPAC-derived
2024-01-22,Uttar Pradesh,90.85,PPAC-derived
2024-01-22,West Bengal,92.76,PPAC-IOC-metro
2024-01-23,Andhra Pradesh,97.35,PPAC-derived
2024-01-23,Delhi,89.62,PPAC-IOC-metro
2024-01-23,Gujarat,89.15,PPAC-derived
2024-01-23,Haryana,91.65,PPAC-derived
2024-01-23,Karnataka,93.85,PPAC-derived
2024-01-23,Madhya Pradesh,94.15,PPAC-derived
2024-01-23,Maharashtra,94.27,PPAC-IOC-metro
2024-01-23,Punjab,92.25,PPAC-derived
2024-01-23,Rajasthan,95.05,PPAC-derived
2024-01-23,Tamil Nadu,94.24,PPAC-IOC-metro
2024-01-23,Telangana,96.15,PPAC-derived
2024-01-23,Uttar Pradesh,90.85,PPAC-derived
2024-01-23,West Bengal,92.76,PPAC-IOC-metro
2024-01-24,Andhra Pradesh,97.35,PPAC-derived
2024-01-24,Delhi,89.62,PPAC-IOC-metro
2024-01-24,Gujarat,89.15,PPAC-derived
2024-01-24,Haryana,91.65,PPAC-derived
2024-01-24,Karnataka,93.85,PPAC-derived
2024-01-24,Madhya Pradesh,94.15,PPAC-derived
2024-01-24,Maharashtra,94.27,PPAC-IOC-metro
2024-01-24,Punjab,92.25,PPAC-derived
2024-01-24,Rajasthan,95.05,PPAC-derived
2024-01-24,Tamil Nadu,94.24,PPAC-IOC-metro
2024-01-24,Telangana,96.15,PPAC-derived
2024-01-24,Uttar Pradesh,90.85,PPAC-derived
2024-01-24,West Bengal,92.76,PPAC-IOC-metro
2024-01-25,Andhra Pradesh,97.35,PPAC-derived
2024-01-25,Delhi,89.62,PPAC-IOC-metro
2024-01-25,Gujarat,89.15,PPAC-derived
2024-01-25,Haryana,91.65,PPAC-derived
2024-01-25,Karnataka,93.85,PPAC-derived
2024-01-25,Madhya Pradesh,94.15,PPAC-derived
2024-01-25,Maharashtra,94.27,PPAC-IOC-metro
2024-01-25,Punjab,92.25,PPAC-derived
2024-01-25,Rajasthan,95.05,PPAC-derived
2024-01-25,Tamil Nadu,94.24,PPAC-IOC-metro
2024-01-25,Telangana,96.15,PPAC-derived
2024-01-25,Uttar Pradesh,90.85,PPAC-derived
2024-01-25,West Bengal,92.76,PPAC-IOC-metro
2024-01-26,Andhra Pradesh,97.35,PPAC-derived
2024-01-26,Delhi,89.62,PPAC-IOC-metro
2024-01-26,Gujarat,89.15,PPAC-derived
2024-01-26,Haryana,91.65,PPAC-derived
2024-01-26,Karnataka,93.85,PPAC-derived
2024-01-26,Madhya Pradesh,94.15,PPAC-derived
2024-01-26,Maharashtra,94.27,PPAC-IOC-metro
2024-01-26,Punjab,92.25,PPAC-derived
2024-01-26,Rajasthan,95.05,PPAC-derived
2024-01-26,Tamil Nadu,94.24,PPAC-IOC-metro
2024-01-26,Telangana,96.15,PPAC-derived
2024-01-26,Uttar Pradesh,90.85,PPAC-derived
2024-01-26,West Bengal,92.76,PPAC-IOC-metro
2024-01-27,Andhra Pradesh,97.35,PPAC-derived
2024-01-27,Delhi,89.62,PPAC-IOC-metro
2024-01-27,Gujarat,89.15,PPAC-derived
2024-01-27,Haryana,91.65,PPAC-derived
2024-01-27,Karnataka,93.85,PPAC-derived
2024-01-27,Madhya Pradesh,94.15,PPAC-derived
2024-01-27,Maharashtra,94.27,PPAC-IOC-metro
2024-01-27,Punjab,92.25,PPAC-derived
2024-01-27,Rajasthan,95.05,PPAC-derived
2024-01-27,Tamil Nadu,94.24,PPAC-IOC-metro
2024-01-27,Telangana,96.15,PPAC-derived
2024-01-27,Uttar Pradesh,90.85,PPAC-derived
2024-01-27,West Bengal,92.76,PPAC-IOC-metro
2024-01-28,Andhra Pradesh,97.35,PPAC-derived
2024-01-28,Delhi,89.62,PPAC-IOC-metro
2024-01-28,Gujarat,89.15,PPAC-derived
2024-01-28,Haryana,91.65,PPAC-derived
2024-01-28,Karnataka,93.85,PPAC-derived
2024-01-28,Madhya Pradesh,94.15,PPAC-derived
2024-01-28,Maharashtra,94.27,PPAC-IOC-metro
2024-01-28,Punjab,92.25,PPAC-derived
2024-01-28,Rajasthan,95.05,PPAC-derived
2024-01-28,Tamil Nadu,94.24,PPAC-IOC-metro
2024-01-28,Telangana,96.15,PPAC-derived
2024-01-28,Uttar Pradesh,90.85,PPAC-derived
2024-01-28,West Bengal,92.76,PPAC-IOC-metro
2024-01-29,Andhra Pradesh,97.35,PPAC-derived
2024-01-29,Delhi,89.62,PPAC-IOC-metro
2024-01-29,Gujarat,89.15,PPAC-derived
2024-01-29,Haryana,91.65,PPAC-derived
2024-01-29,Karnataka,93.85,PPAC-derived
2024-01-29,Madhya Pradesh,94.15,PPAC-derived
2024-01-29,Maharashtra,94.27,PPAC-IOC-metro
2024-01-29,Punjab,92.25,PPAC-derived
2024-01-29,Rajasthan,95.05,PPAC-derived
2024-01-29,Tamil Nadu,94.24,PPAC-IOC-metro
2024-01-29,Telangana,96.15,PPAC-derived
2024-01-29,Uttar Pradesh,90.85,PPAC-derived
2024-01-29,West Bengal,92.76,PPAC-IOC-metro
2024-01-30,Andhra Pradesh,97.35,PPAC-derived
2024-01-30,Delhi,89.62,PPAC-IOC-metro
2024-01-30,Gujarat,89.15,PPAC-derived
2024-01-30,Haryana,91.65,PPAC-derived
2024-01-30,Karnataka,93.85,PPAC-derived
2024-01-30,Madhya Pradesh,94.15,PPAC-derived
2024-01-30,Maharashtra,94.27,PPAC-IOC-metro
2024-01-30,Punjab,92.25,PPAC-derived
2024-01-30,Rajasthan,95.05,PPAC-derived
2024-01-30,Tamil Nadu,94.24,PPAC-IOC-metro
2024-01-30,Telangana,96.15,PPAC-derived
2024-01-30,Uttar Pradesh,90.85,PPAC-derived
2024-01-30,West Bengal,92.76,PPAC-IOC-metro
2024-01-31,Andhra Pradesh,97.35,PPAC-derived
2024-01-31,Delhi,89.62,PPAC-IOC-metro
2024-01-31,Gujarat,89.15,PPAC-derived
2024-01-31,Haryana,91.65,PPAC-derived
2024-01-31,Karnataka,93.85,PPAC-derived
2024-01-31,Madhya Pradesh,94.15,PPAC-derived
2024-01-31,Maharashtra,94.27,PPAC-IOC-metro
2024-01-31,Punjab,92.25,PPAC-derived
2024-01-31,Rajasthan,95.05,PPAC-derived
2024-01-31,Tamil Nadu,94.24,PPAC-IOC-metro
2024-01-31,Telangana,96.15,PPAC-derived
2024-01-31,Uttar Pradesh,90.85,PPAC-derived
2024-01-31,West Bengal,92.76,PPAC-IOC-metro
2024-02-01,Andhra Pradesh,97.35,PPAC-derived
2024-02-01,Delhi,89.62,PPAC-IOC-metro
2024-02-01,Gujarat,89.15,PPAC-derived
2024-02-01,Haryana,91.65,PPAC-derived
2024-02-01,Karnataka,93.85,PPAC-derived
2024-02-01,Madhya Pradesh,94.15,PPAC-derived
2024-02-01,Maharashtra,94.27,PPAC-IOC-metro
2024-02-01,Punjab,92.25,PPAC-derived
2024-02-01,Rajasthan,95.05,PPAC-derived
2024-02-01,Tamil Nadu,94.24,PPAC-IOC-metro
2024-02-01,Telangana,96.15,PPAC-derived
2024-02-01,Uttar Pradesh,90.85,PPAC-derived
2024-02-01,West Bengal,92.76,PPAC-IOC-metro
2024-02-02,Andhra Pradesh,97.35,PPAC-derived
2024-02-02,Delhi,89.62,PPAC-IOC-metro
2024-02-02,Gujarat,89.15,PPAC-derived
2024-02-02,Haryana,91.65,PPAC-derived
2024-02-02,Karnataka,93.85,PPAC-derived
2024-02-02,Madhya Pradesh,94.15,PPAC-derived
2024-02-02,Maharashtra,94.27,PPAC-IOC-metro
2024-02-02,Punjab,92.25,PPAC-derived
2024-02-02,Rajasthan,95.05,PPAC-derived
2024-02-02,Tamil Nadu,94.24,PPAC-IOC-metro
2024-02-02,Telangana,96.15,PPAC-derived
2024-02-02,Uttar Pradesh,90.85,PPAC-derived
2024-02-02,West Bengal,92.76,PPAC-IOC-metro
2024-02-03,Andhra Pradesh,97.35,PPAC-derived
2024-02-03,Delhi,89.62,PPAC-IOC-metro
2024-02-03,Gujarat,89.15,PPAC-derived
2024-02-03,Haryana,91.65,PPAC-derived
2024-02-03,Karnataka,93.85,PPAC-derived
2024-02-03,Madhya Pradesh,94.15,PPAC-derived
2024-02-03,Maharashtra,94.27,PPAC-IOC-metro
2024-02-03,Punjab,92.25,PPAC-derived
2024-02-03,Rajasthan,95.05,PPAC-derived
2024-02-03,Tamil Nadu,94.24,PPAC-IOC-metro
2024-02-03,Telangana,96.15,PPAC-derived
2024-02-03,Uttar Pradesh,90.85,PPAC-derived
2024-02-03,West Bengal,92.76,PPAC-IOC-metro
2024-02-04,Andhra Pradesh,97.35,PPAC-derived
2024-02-04,Delhi,89.62,PPAC-IOC-metro
2024-02-04,Gujarat,89.15,PPAC-derived
2024-02-04,Haryana,91.65,PPAC-derived
2024-02-04,Karnataka,93.85,PPAC-derived
2024-02-04,Madhya Pradesh,94.15,PPAC-derived
2024-02-04,Maharashtra,94.27,PPAC-IOC-metro
2024-02-04,Punjab,92.25,PPAC-derived
2024-02-04,Rajasthan,95.05,PPAC-derived
2024-02-04,Tamil Nadu,94.24,PPAC-IOC-metro
2024-02-04,Telangana,96.15,PPAC-derived
2024-02-04,Uttar Pradesh,90.85,PPAC-derived
2024-02-04,West Bengal,92.76,PPAC-IOC-metro
2024-02-05,Andhra Pradesh,97.35,PPAC-derived
2024-02-05,Delhi,89.62,PPAC-IOC-metro
2024-02-05,Gujarat,89.15,PPAC-derived
2024-02-05,Haryana,91.65,PPAC-derived
2024-02-05,Karnataka,93.85,PPAC-derived
2024-02-05,Madhya Pradesh,94.15,PPAC-derived
2024-02-05,Maharashtra,94.27,PPAC-IOC-metro
2024-02-05,Punjab,92.25,PPAC-derived
2024-02-05,Rajasthan,95.05,PPAC-derived
2024-02-05,Tamil Nadu,94.24,PPAC-IOC-metro
2024-02-05,Telangana,96.15,PPAC-derived
2024-02-05,Uttar Pradesh,90.85,PPAC-derived
2024-02-05,West Bengal,92.76,PPAC-IOC-metro
2024-02-06,Andhra Pradesh,97.35,PPAC-derived
2024-02-06,Delhi,89.62,PPAC-IOC-metro
2024-02-06,Gujarat,89.15,PPAC-derived
2024-02-06,Haryana,91.65,PPAC-derived
2024-02-06,Karnataka,93.85,PPAC-derived
2024-02-06,Madhya Pradesh,94.15,PPAC-derived
2024-02-06,Maharashtra,94.27,PPAC-IOC-metro
2024-02-06,Punjab,92.25,PPAC-derived
2024-02-06,Rajasthan,95.05,PPAC-derived
2024-02-06,Tamil Nadu,94.24,PPAC-IOC-metro
2024-02-06,Telangana,96.15,PPAC-derived
2024-02-06,Uttar Pradesh,90.85,PPAC-derived
2024-02-06,West Bengal,92.76,PPAC-IOC-metro
2024-02-07,Andhra Pradesh,97.35,PPAC-derived
2024-02-07,Delhi,89.62,PPAC-IOC-metro
2024-02-07,Gujarat,89.15,PPAC-derived
2024-02-07,Haryana,91.65,PPAC-derived
2024-02-07,Karnataka,93.85,PPAC-derived
2024-02-07,Madhya Pradesh,94.15,PPAC-derived
2024-02-07,Maharashtra,94.27,PPAC-IOC-metro
2024-02-07,Punjab,92.25,PPAC-derived
2024-02-07,Rajasthan,95.05,PPAC-derived
2024-02-07,Tamil Nadu,94.24,PPAC-IOC-metro
2024-02-07,Telangana,96.15,PPAC-derived
2024-02-07,Uttar Pradesh,90.85,PPAC-derived
2024-02-07,West Bengal,92.76,PPAC-IOC-metro
2024-02-08,Andhra Pradesh,97.35,PPAC-derived
2024-02-08,Delhi,89.62,PPAC-IOC-metro
2024-02-08,Gujarat,89.15,PPAC-derived
2024-02-08,Haryana,91.65,PPAC-derived
2024-02-08,Karnataka,93.85,PPAC-derived
2024-02-08,Madhya Pradesh,94.15,PPAC-derived
2024-02-08,Maharashtra,94.27,PPAC-IOC-metro
2024-02-08,Punjab,92.25,PPAC-derived
2024-02-08,Rajasthan,95.05,PPAC-derived
2024-02-08,Tamil Nadu,94.24,PPAC-IOC-metro
2024-02-08,Telangana,96.15,PPAC-derived
2024-02-08,Uttar Pradesh,90.85,PPAC-derived
2024-02-08,West Bengal,92.76,PPAC-IOC-metro
2024-02-09,Andhra Pradesh,97.35,PPAC-derived
2024-02-09,Delhi,89.62,PPAC-IOC-metro
2024-02-09,Gujarat,89.15,PPAC-derived
2024-02-09,Haryana,91.65,PPAC-derived
2024-02-09,Karnataka,93.85,PPAC-derived
2024-02-09,Madhya Pradesh,94.15,PPAC-derived
2024-02-09,Maharashtra,94.27,PPAC-IOC-metro
2024-02-09,Punjab,92.25,PPAC-derived
2024-02-09,Rajasthan,95.05,PPAC-derived
2024-02-09,Tamil Nadu,94.24,PPAC-IOC-metro
2024-02-09,Telangana,96.15,PPAC-derived
2024-02-09,Uttar Pradesh,90.85,PPAC-derived
2024-02-09,West Bengal,92.76,PPAC-IOC-metro
2024-02-10,Andhra Pradesh,97.35,PPAC-derived
2024-02-10,Delhi,89.62,PPAC-IOC-metro
2024-02-10,Gujarat,89.15,PPAC-derived
2024-02-10,Haryana,91.65,PPAC-derived
2024-02-10,Karnataka,93.85,PPAC-derived
2024-02-10,Madhya Pradesh,94.15,PPAC-derived
2024-02-10,Maharashtra,94.27,PPAC-IOC-metro
2024-02-10,Punjab,92.25,PPAC-derived
2024-02-10,Rajasthan,95.05,PPAC-derived
2024-02-10,Tamil Nadu,94.24,PPAC-IOC-metro
2024-02-10,Telangana,96.15,PPAC-derived
2024-02-10,Uttar Pradesh,90.85,PPAC-derived
2024-02-10,West Bengal,92.76,PPAC-IOC-metro
2024-02-11,Andhra Pradesh,97.35,PPAC-derived
2024-02-11,Delhi,89.62,PPAC-IOC-metro
2024-02-11,Gujarat,89.15,PPAC-derived
2024-02-11,Haryana,91.65,PPAC-derived
2024-02-11,Karnataka,93.85,PPAC-derived
2024-02-11,Madhya Pradesh,94.15,PPAC-derived
2024-02-11,Maharashtra,94.27,PPAC-IOC-metro
2024-02-11,Punjab,92.25,PPAC-derived
2024-02-11,Rajasthan,95.05,PPAC-derived
2024-02-11,Tamil Nadu,94.24,PPAC-IOC-metro
2024-02-11,Telangana,96.15,PPAC-derived
2024-02-11,Uttar Pradesh,90.85,PPAC-derived
2024-02-11,West Bengal,92.76,PPAC-IOC-metro
2024-02-12,Andhra Pradesh,97.35,PPAC-derived
2024-02-12,Delhi,89.62,PPAC-IOC-metro
2024-02-12,Gujarat,89.15,PPAC-derived
2024-02-12,Haryana,91.65,PPAC-derived
2024-02-12,Karnataka,93.85,PPAC-derived
2024-02-12,Madhya Pradesh,94.15,PPAC-derived
2024-02-12,Maharashtra,94.27,PPAC-IOC-metro
2024-02-12,Punjab,92.25,PPAC-derived
2024-02-12,Rajasthan,95.05,PPAC-derived
2024-02-12,Tamil Nadu,94.24,PPAC-IOC-metro
2024-02-12,Telangana,96.15,PPAC-derived
2024-02-12,Uttar Pradesh,90.85,PPAC-derived
2024-02-12,West Bengal,92.76,PPAC-IOC-metro
2024-02-13,Andhra Pradesh,97.35,PPAC-derived
2024-02-13,Delhi,89.62,PPAC-IOC-metro
2024-02-13,Gujarat,89.15,PPAC-derived
2024-02-13,Haryana,91.65,PPAC-derived
2024-02-13,Karnataka,93.85,PPAC-derived
2024-02-13,Madhya Pradesh,94.15,PPAC-derived
2024-02-13,Maharashtra,94.27,PPAC-IOC-metro
2024-02-13,Punjab,92.25,PPAC-derived
2024-02-13,Rajasthan,95.05,PPAC-derived
2024-02-13,Tamil Nadu,94.24,PPAC-IOC-metro
2024-02-13,Telangana,96.15,PPAC-derived
2024-02-13,Uttar Pradesh,90.85,PPAC-derived
2024-02-13,West Bengal,92.76,PPAC-IOC-metro
2024-02-14,Andhra Pradesh,97.35,PPAC-derived
2024-02-14,Delhi,89.62,PPAC-IOC-metro
2024-02-14,Gujarat,89.15,PPAC-derived
2024-02-14,Haryana,91.65,PPAC-derived
2024-02-14,Karnataka,93.85,PPAC-derived
2024-02-14,Madhya Pradesh,94.15,PPAC-derived
2024-02-14,Maharashtra,94.27,PPAC-IOC-metro
2024-02-14,Punjab,92.25,PPAC-derived
2024-02-14,Rajasthan,95.05,PPAC-derived
2024-02-14,Tamil Nadu,94.24,PPAC-IOC-metro
2024-02-14,Telangana,96.15,PPAC-derived
2024-02-14,Uttar Pradesh,90.85,PPAC-derived
2024-02-14,West Bengal,92.76,PPAC-IOC-metro
2024-02-15,Andhra Pradesh,97.35,PPAC-derived
2024-02-15,Delhi,89.62,PPAC-IOC-metro
2024-02-15,Gujarat,89.15,PPAC-derived
2024-02-15,Haryana,91.65,PPAC-derived
2024-02-15,Karnataka,93.85,PPAC-derived
2024-02-15,Madhya Pradesh,94.15,PPAC-derived
2024-02-15,Maharashtra,94.27,PPAC-IOC-metro
2024-02-15,Punjab,92.25,PPAC-derived
2024-02-15,Rajasthan,95.05,PPAC-derived
2024-02-15,Tamil Nadu,94.24,PPAC-IOC-metro
2024-02-15,Telangana,96.15,PPAC-derived
2024-02-15,Uttar Pradesh,90.85,PPAC-derived
2024-02-15,West Bengal,92.76,PPAC-IOC-metro
2024-02-16,Andhra Pradesh,97.35,PPAC-derived
2024-02-16,Delhi,89.62,PPAC-IOC-metro
2024-02-16,Gujarat,89.15,PPAC-derived
2024-02-16,Haryana,91.65,PPAC-derived
2024-02-16,Karnataka,93.85,PPAC-derived
2024-02-16,Madhya Pradesh,94.15,PPAC-derived
2024-02-16,Maharashtra,94.27,PPAC-IOC-metro
2024-02-16,Punjab,92.25,PPAC-derived
2024-02-16,Rajasthan,95.05,PPAC-derived
2024-02-16,Tamil Nadu,94.24,PPAC-IOC-metro
2024-02-16,Telangana,96.15,PPAC-derived
2024-02-16,Uttar Pradesh,90.85,PPAC-derived
2024-02-16,West Bengal,92.76,PPAC-IOC-metro
2024-02-17,Andhra Pradesh,97.35,PPAC-derived
2024-02-17,Delhi,89.62,PPAC-IOC-metro
2024-02-17,Gujarat,89.15,PPAC-derived
2024-02-17,Haryana,91.65,PPAC-derived
2024-02-17,Karnataka,93.85,PPAC-derived
2024-02-17,Madhya Pradesh,94.15,PPAC-derived
2024-02-17,Maharashtra,94.27,PPAC-IOC-metro
2024-02-17,Punjab,92.25,PPAC-derived
2024-02-17,Rajasthan,95.05,PPAC-derived
2024-02-17,Tamil Nadu,94.24,PPAC-IOC-metro
2024-02-17,Telangana,96.15,PPAC-derived
2024-02-17,Uttar Pradesh,90.85,PPAC-derived
2024-02-17,West Bengal,92.76,PPAC-IOC-metro
2024-02-18,Andhra Pradesh,97.35,PPAC-derived
2024-02-18,Delhi,89.62,PPAC-IOC-metro
2024-02-18,Gujarat,89.15,PPAC-derived
2024-02-18,Haryana,91.65,PPAC-derived
2024-02-18,Karnataka,93.85,PPAC-derived
2024-02-18,Madhya Pradesh,94.15,PPAC-derived
2024-02-18,Maharashtra,94.27,PPAC-IOC-metro
2024-02-18,Punjab,92.25,PPAC-derived
2024-02-18,Rajasthan,95.05,PPAC-derived
2024-02-18,Tamil Nadu,94.24,PPAC-IOC-metro
2024-02-18,Telangana,96.15,PPAC-derived
2024-02-18,Uttar Pradesh,90.85,PPAC-derived
2024-02-18,West Bengal,92.76,PPAC-IOC-metro
2024-02-19,Andhra Pradesh,97.35,PPAC-derived
2024-02-19,Delhi,89.62,PPAC-IOC-metro
2024-02-19,Gujarat,89.15,PPAC-derived
2024-02-19,Haryana,91.65,PPAC-derived
2024-02-19,Karnataka,93.85,PPAC-derived
2024-02-19,Madhya Pradesh,94.15,PPAC-derived
2024-02-19,Maharashtra,94.27,PPAC-IOC-metro
2024-02-19,Punjab,92.25,PPAC-derived
2024-02-19,Rajasthan,95.05,PPAC-derived
2024-02-19,Tamil Nadu,94.24,PPAC-IOC-metro
2024-02-19,Telangana,96.15,PPAC-derived
2024-02-19,Uttar Pradesh,90.85,PPAC-derived
2024-02-19,West Bengal,92.76,PPAC-IOC-metro
2024-02-20,Andhra Pradesh,97.35,PPAC-derived
2024-02-20,Delhi,89.62,PPAC-IOC-metro
2024-02-20,Gujarat,89.15,PPAC-derived
2024-02-20,Haryana,91.65,PPAC-derived
2024-02-20,Karnataka,93.85,PPAC-derived
2024-02-20,Madhya Pradesh,94.15,PPAC-derived
2024-02-20,Maharashtra,94.27,PPAC-IOC-metro
2024-02-20,Punjab,92.25,PPAC-derived
2024-02-20,Rajasthan,95.05,PPAC-derived
2024-02-20,Tamil Nadu,94.24,PPAC-IOC-metro
2024-02-20,Telangana,96.15,PPAC-derived
2024-02-20,Uttar Pradesh,90.85,PPAC-derived
2024-02-20,West Bengal,92.76,PPAC-IOC-metro
2024-02-21,Andhra Pradesh,97.35,PPAC-derived
2024-02-21,Delhi,89.62,PPAC-IOC-metro
2024-02-21,Gujarat,89.15,PPAC-derived
2024-02-21,Haryana,91.65,PPAC-derived
2024-02-21,Karnataka,93.85,PPAC-derived
2024-02-21,Madhya Pradesh,94.15,PPAC-derived
2024-02-21,Maharashtra,94.27,PPAC-IOC-metro
2024-02-21,Punjab,92.25,PPAC-derived
2024-02-21,Rajasthan,95.05,PPAC-derived
2024-02-21,Tamil Nadu,94.24,PPAC-IOC-metro
2024-02-21,Telangana,96.15,PPAC-derived
2024-02-21,Uttar Pradesh,90.85,PPAC-derived
2024-02-21,West Bengal,92.76,PPAC-IOC-metro
2024-02-22,Andhra Pradesh,97.35,PPAC-derived
2024-02-22,Delhi,89.62,PPAC-IOC-metro
2024-02-22,Gujarat,89.15,PPAC-derived
2024-02-22,Haryana,91.65,PPAC-derived
2024-02-22,Karnataka,93.85,PPAC-derived
2024-02-22,Madhya Pradesh,94.15,PPAC-derived
2024-02-22,Maharashtra,94.27,PPAC-IOC-metro
2024-02-22,Punjab,92.25,PPAC-derived
2024-02-22,Rajasthan,95.05,PPAC-derived
2024-02-22,Tamil Nadu,94.24,PPAC-IOC-metro
2024-02-22,Telangana,96.15,PPAC-derived
2024-02-22,Uttar Pradesh,90.85,PPAC-derived
2024-02-22,West Bengal,92.76,PPAC-IOC-metro
2024-02-23,Andhra Pradesh,97.35,PPAC-derived
2024-02-23,Delhi,89.62,PPAC-IOC-metro
2024-02-23,Gujarat,89.15,PPAC-derived
2024-02-23,Haryana,91.65,PPAC-derived
2024-02-23,Karnataka,93.85,PPAC-derived
2024-02-23,Madhya Pradesh,94.15,PPAC-derived
2024-02-23,Maharashtra,94.27,PPAC-IOC-metro
2024-02-23,Punjab,92.25,PPAC-derived
2024-02-23,Rajasthan,95.05,PPAC-derived
2024-02-23,Tamil Nadu,94.24,PPAC-IOC-metro
2024-02-23,Telangana,96.15,PPAC-derived
2024-02-23,Uttar Pradesh,90.85,PPAC-derived
2024-02-23,West Bengal,92.76,PPAC-IOC-metro
2024-02-24,Andhra Pradesh,97.35,PPAC-derived
2024-02-24,Delhi,89.62,PPAC-IOC-metro
2024-02-24,Gujarat,89.15,PPAC-derived
2024-02-24,Haryana,91.65,PPAC-derived
2024-02-24,Karnataka,93.85,PPAC-derived
2024-02-24,Madhya Pradesh,94.15,PPAC-derived
2024-02-24,Maharashtra,94.27,PPAC-IOC-metro
2024-02-24,Punjab,92.25,PPAC-derived
2024-02-24,Rajasthan,95.05,PPAC-derived
2024-02-24,Tamil Nadu,94.24,PPAC-IOC-metro
2024-02-24,Telangana,96.15,PPAC-derived
2024-02-24,Uttar Pradesh,90.85,PPAC-derived
2024-02-24,West Bengal,92.76,PPAC-IOC-metro
2024-02-25,Andhra Pradesh,97.35,PPAC-derived
2024-02-25,Delhi,89.62,PPAC-IOC-metro
2024-02-25,Gujarat,89.15,PPAC-derived
2024-02-25,Haryana,91.65,PPAC-derived
2024-02-25,Karnataka,93.85,PPAC-derived
2024-02-25,Madhya Pradesh,94.15,PPAC-derived
2024-02-25,Maharashtra,94.27,PPAC-IOC-metro
2024-02-25,Punjab,92.25,PPAC-derived
2024-02-25,Rajasthan,95.05,PPAC-derived
2024-02-25,Tamil Nadu,94.24,PPAC-IOC-metro
2024-02-25,Telangana,96.15,PPAC-derived
2024-02-25,Uttar Pradesh,90.85,PPAC-derived
2024-02-25,West Bengal,92.76,PPAC-IOC-metro
2024-02-26,Andhra Pradesh,97.35,PPAC-derived
2024-02-26,Delhi,89.62,PPAC-IOC-metro
2024-02-26,Gujarat,89.15,PPAC-derived
2024-02-26,Haryana,91.65,PPAC-derived
2024-02-26,Karnataka,93.85,PPAC-derived
2024-02-26,Madhya Pradesh,94.15,PPAC-derived
2024-02-26,Maharashtra,94.27,PPAC-IOC-metro
2024-02-26,Punjab,92.25,PPAC-derived
2024-02-26,Rajasthan,95.05,PPAC-derived
2024-02-26,Tamil Nadu,94.24,PPAC-IOC-metro
2024-02-26,Telangana,96.15,PPAC-derived
2024-02-26,Uttar Pradesh,90.85,PPAC-derived
2024-02-26,West Bengal,92.76,PPAC-IOC-metro
2024-02-27,Andhra Pradesh,97.35,PPAC-derived
2024-02-27,Delhi,89.62,PPAC-IOC-metro
2024-02-27,Gujarat,89.15,PPAC-derived
2024-02-27,Haryana,91.65,PPAC-derived
2024-02-27,Karnataka,93.85,PPAC-derived
2024-02-27,Madhya Pradesh,94.15,PPAC-derived
2024-02-27,Maharashtra,94.27,PPAC-IOC-metro
2024-02-27,Punjab,92.25,PPAC-derived
2024-02-27,Rajasthan,95.05,PPAC-derived
2024-02-27,Tamil Nadu,94.24,PPAC-IOC-metro
2024-02-27,Telangana,96.15,PPAC-derived
2024-02-27,Uttar Pradesh,90.85,PPAC-derived
2024-02-27,West Bengal,92.76,PPAC-IOC-metro
2024-02-28,Andhra Pradesh,97.35,PPAC-derived
2024-02-28,Delhi,89.62,PPAC-IOC-metro
2024-02-28,Gujarat,89.15,PPAC-derived
2024-02-28,Haryana,91.65,PPAC-derived
2024-02-28,Karnataka,93.85,PPAC-derived
2024-02-28,Madhya Pradesh,94.15,PPAC-derived
2024-02-28,Maharashtra,94.27,PPAC-IOC-metro
2024-02-28,Punjab,92.25,PPAC-derived
2024-02-28,Rajasthan,95.05,PPAC-derived
2024-02-28,Tamil Nadu,94.24,PPAC-IOC-metro
2024-02-28,Telangana,96.15,PPAC-derived
2024-02-28,Uttar Pradesh,90.85,PPAC-derived
2024-02-28,West Bengal,92.76,PPAC-IOC-metro
2024-02-29,Andhra Pradesh,97.35,PPAC-derived
2024-02-29,Delhi,89.62,PPAC-IOC-metro
2024-02-29,Gujarat,89.15,PPAC-derived
2024-02-29,Haryana,91.65,PPAC-derived
2024-02-29,Karnataka,93.85,PPAC-derived
2024-02-29,Madhya Pradesh,94.15,PPAC-derived
2024-02-29,Maharashtra,94.27,PPAC-IOC-metro
2024-02-29,Punjab,92.25,PPAC-derived
2024-02-29,Rajasthan,95.05,PPAC-derived
2024-02-29,Tamil Nadu,94.24,PPAC-IOC-metro
2024-02-29,Telangana,96.15,PPAC-derived
2024-02-29,Uttar Pradesh,90.85,PPAC-derived
2024-02-29,West Bengal,92.76,PPAC-IOC-metro
2024-03-01,Andhra Pradesh,97.35,PPAC-derived
2024-03-01,Delhi,89.62,PPAC-IOC-metro
2024-03-01,Gujarat,89.15,PPAC-derived
2024-03-01,Haryana,91.65,PPAC-derived
2024-03-01,Karnataka,93.85,PPAC-derived
2024-03-01,Madhya Pradesh,94.15,PPAC-derived
2024-03-01,Maharashtra,94.27,PPAC-IOC-metro
2024-03-01,Punjab,92.25,PPAC-derived
2024-03-01,Rajasthan,95.05,PPAC-derived
2024-03-01,Tamil Nadu,94.24,PPAC-IOC-metro
2024-03-01,Telangana,96.15,PPAC-derived
2024-03-01,Uttar Pradesh,90.85,PPAC-derived
2024-03-01,West Bengal,92.76,PPAC-IOC-metro
2024-03-02,Andhra Pradesh,97.35,PPAC-derived
2024-03-02,Delhi,89.62,PPAC-IOC-metro
2024-03-02,Gujarat,89.15,PPAC-derived
2024-03-02,Haryana,91.65,PPAC-derived
2024-03-02,Karnataka,93.85,PPAC-derived
2024-03-02,Madhya Pradesh,94.15,PPAC-derived
2024-03-02,Maharashtra,94.27,PPAC-IOC-metro
2024-03-02,Punjab,92.25,PPAC-derived
2024-03-02,Rajasthan,95.05,PPAC-derived
2024-03-02,Tamil Nadu,94.24,PPAC-IOC-metro
2024-03-02,Telangana,96.15,PPAC-derived
2024-03-02,Uttar Pradesh,90.85,PPAC-derived
2024-03-02,West Bengal,92.76,PPAC-IOC-metro
2024-03-03,Andhra Pradesh,97.35,PPAC-derived
2024-03-03,Delhi,89.62,PPAC-IOC-metro
2024-03-03,Gujarat,89.15,PPAC-derived
2024-03-03,Haryana,91.65,PPAC-derived
2024-03-03,Karnataka,93.85,PPAC-derived
2024-03-03,Madhya Pradesh,94.15,PPAC-derived
2024-03-03,Maharashtra,94.27,PPAC-IOC-metro
2024-03-03,Punjab,92.25,PPAC-derived
2024-03-03,Rajasthan,95.05,PPAC-derived
2024-03-03,Tamil Nadu,94.24,PPAC-IOC-metro
2024-03-03,Telangana,96.15,PPAC-derived
2024-03-03,Uttar Pradesh,90.85,PPAC-derived
2024-03-03,West Bengal,92.76,PPAC-IOC-metro
2024-03-04,Andhra Pradesh,97.35,PPAC-derived
2024-03-04,Delhi,89.62,PPAC-IOC-metro
2024-03-04,Gujarat,89.15,PPAC-derived
2024-03-04,Haryana,91.65,PPAC-derived
2024-03-04,Karnataka,93.85,PPAC-derived
2024-03-04,Madhya Pradesh,94.15,PPAC-derived
2024-03-04,Maharashtra,94.27,PPAC-IOC-metro
2024-03-04,Punjab,92.25,PPAC-derived
2024-03-04,Rajasthan,95.05,PPAC-derived
2024-03-04,Tamil Nadu,94.24,PPAC-IOC-metro
2024-03-04,Telangana,96.15,PPAC-derived
2024-03-04,Uttar Pradesh,90.85,PPAC-derived
2024-03-04,West Bengal,92.76,PPAC-IOC-metro
2024-03-05,Andhra Pradesh,97.35,PPAC-derived
2024-03-05,Delhi,89.62,PPAC-IOC-metro
2024-03-05,Gujarat,89.15,PPAC-derived
2024-03-05,Haryana,91.65,PPAC-derived
2024-03-05,Karnataka,93.85,PPAC-derived
2024-03-05,Madhya Pradesh,94.15,PPAC-derived
2024-03-05,Maharashtra,94.27,PPAC-IOC-metro
2024-03-05,Punjab,92.25,PPAC-derived
2024-03-05,Rajasthan,95.05,PPAC-derived
2024-03-05,Tamil Nadu,94.24,PPAC-IOC-metro
2024-03-05,Telangana,96.15,PPAC-derived
2024-03-05,Uttar Pradesh,90.85,PPAC-derived
2024-03-05,West Bengal,92.76,PPAC-IOC-metro
2024-03-06,Andhra Pradesh,97.35,PPAC-derived
2024-03-06,Delhi,89.62,PPAC-IOC-metro
2024-03-06,Gujarat,89.15,PPAC-derived
2024-03-06,Haryana,91.65,PPAC-derived
2024-03-06,Karnataka,93.85,PPAC-derived
2024-03-06,Madhya Pradesh,94.15,PPAC-derived
2024-03-06,Maharashtra,94.27,PPAC-IOC-metro
2024-03-06,Punjab,92.25,PPAC-derived
2024-03-06,Rajasthan,95.05,PPAC-derived
2024-03-06,Tamil Nadu,94.24,PPAC-IOC-metro
2024-03-06,Telangana,96.15,PPAC-derived
2024-03-06,Uttar Pradesh,90.85,PPAC-derived
2024-03-06,West Bengal,92.76,PPAC-IOC-metro
2024-03-07,Andhra Pradesh,97.35,PPAC-derived
2024-03-07,Delhi,89.62,PPAC-IOC-metro
2024-03-07,Gujarat,89.15,PPAC-derived
2024-03-07,Haryana,91.65,PPAC-derived
2024-03-07,Karnataka,93.85,PPAC-derived
2024-03-07,Madhya Pradesh,94.15,PPAC-derived
2024-03-07,Maharashtra,94.27,PPAC-IOC-metro
2024-03-07,Punjab,92.25,PPAC-derived
2024-03-07,Rajasthan,95.05,PPAC-derived
2024-03-07,Tamil Nadu,94.24,PPAC-IOC-metro
2024-03-07,Telangana,96.15,PPAC-derived
2024-03-07,Uttar Pradesh,90.85,PPAC-derived
2024-03-07,West Bengal,92.76,PPAC-IOC-metro
2024-03-08,Andhra Pradesh,97.35,PPAC-derived
2024-03-08,Delhi,89.62,PPAC-IOC-metro
2024-03-08,Gujarat,89.15,PPAC-derived
2024-03-08,Haryana,91.65,PPAC-derived
2024-03-08,Karnataka,93.85,PPAC-derived
2024-03-08,Madhya Pradesh,94.15,PPAC-derived
2024-03-08,Maharashtra,94.27,PPAC-IOC-metro
2024-03-08,Punjab,92.25,PPAC-derived
2024-03-08,Rajasthan,95.05,PPAC-derived
2024-03-08,Tamil Nadu,94.24,PPAC-IOC-metro
2024-03-08,Telangana,96.15,PPAC-derived
2024-03-08,Uttar Pradesh,90.85,PPAC-derived
2024-03-08,West Bengal,92.76,PPAC-IOC-metro
2024-03-09,Andhra Pradesh,97.35,PPAC-derived
2024-03-09,Delhi,89.62,PPAC-IOC-metro
2024-03-09,Gujarat,89.15,PPAC-derived
2024-03-09,Haryana,91.65,PPAC-derived
2024-03-09,Karnataka,93.85,PPAC-derived
2024-03-09,Madhya Pradesh,94.15,PPAC-derived
2024-03-09,Maharashtra,94.27,PPAC-IOC-metro
2024-03-09,Punjab,92.25,PPAC-derived
2024-03-09,Rajasthan,95.05,PPAC-derived
2024-03-09,Tamil Nadu,94.24,PPAC-IOC-metro
2024-03-09,Telangana,96.15,PPAC-derived
2024-03-09,Uttar Pradesh,90.85,PPAC-derived
2024-03-09,West Bengal,92.76,PPAC-IOC-metro
2024-03-10,Andhra Pradesh,97.35,PPAC-derived
2024-03-10,Delhi,89.62,PPAC-IOC-metro
2024-03-10,Gujarat,89.15,PPAC-derived
2024-03-10,Haryana,91.65,PPAC-derived
2024-03-10,Karnataka,93.85,PPAC-derived
2024-03-10,Madhya Pradesh,94.15,PPAC-derived
2024-03-10,Maharashtra,94.27,PPAC-IOC-metro
2024-03-10,Punjab,92.25,PPAC-derived
2024-03-10,Rajasthan,95.05,PPAC-derived
2024-03-10,Tamil Nadu,94.24,PPAC-IOC-metro
2024-03-10,Telangana,96.15,PPAC-derived
2024-03-10,Uttar Pradesh,90.85,PPAC-derived
2024-03-10,West Bengal,92.76,PPAC-IOC-metro
2024-03-11,Andhra Pradesh,97.35,PPAC-derived
2024-03-11,Delhi,89.62,PPAC-IOC-metro
2024-03-11,Gujarat,89.15,PPAC-derived
2024-03-11,Haryana,91.65,PPAC-derived
2024-03-11,Karnataka,93.85,PPAC-derived
2024-03-11,Madhya Pradesh,94.15,PPAC-derived
2024-03-11,Maharashtra,94.27,PPAC-IOC-metro
2024-03-11,Punjab,92.25,PPAC-derived
2024-03-11,Rajasthan,95.05,PPAC-derived
2024-03-11,Tamil Nadu,94.24,PPAC-IOC-metro
2024-03-11,Telangana,96.15,PPAC-derived
2024-03-11,Uttar Pradesh,90.85,PPAC-derived
2024-03-11,West Bengal,92.76,PPAC-IOC-metro
2024-03-12,Andhra Pradesh,97.35,PPAC-derived
2024-03-12,Delhi,89.62,PPAC-IOC-metro
2024-03-12,Gujarat,89.15,PPAC-derived
2024-03-12,Haryana,91.65,PPAC-derived
2024-03-12,Karnataka,93.85,PPAC-derived
2024-03-12,Madhya Pradesh,94.15,PPAC-derived
2024-03-12,Maharashtra,94.27,PPAC-IOC-metro
2024-03-12,Punjab,92.25,PPAC-derived
2024-03-12,Rajasthan,95.05,PPAC-derived
2024-03-12,Tamil Nadu,94.24,PPAC-IOC-metro
2024-03-12,Telangana,96.15,PPAC-derived
2024-03-12,Uttar Pradesh,90.85,PPAC-derived
2024-03-12,West Bengal,92.76,PPAC-IOC-metro
2024-03-13,Andhra Pradesh,97.35,PPAC-derived
2024-03-13,Delhi,89.62,PPAC-IOC-metro
2024-03-13,Gujarat,89.15,PPAC-derived
2024-03-13,Haryana,91.65,PPAC-derived
2024-03-13,Karnataka,93.85,PPAC-derived
2024-03-13,Madhya Pradesh,94.15,PPAC-derived
2024-03-13,Maharashtra,94.27,PPAC-IOC-metro
2024-03-13,Punjab,92.25,PPAC-derived
2024-03-13,Rajasthan,95.05,PPAC-derived
2024-03-13,Tamil Nadu,94.24,PPAC-IOC-metro
2024-03-13,Telangana,96.15,PPAC-derived
2024-03-13,Uttar Pradesh,90.85,PPAC-derived
2024-03-13,West Bengal,92.76,PPAC-IOC-metro
2024-03-14,Andhra Pradesh,97.35,PPAC-derived
2024-03-14,Delhi,89.62,PPAC-IOC-metro
2024-03-14,Gujarat,89.15,PPAC-derived
2024-03-14,Haryana,91.65,PPAC-derived
2024-03-14,Karnataka,93.85,PPAC-derived
2024-03-14,Madhya Pradesh,94.15,PPAC-derived
2024-03-14,Maharashtra,94.27,PPAC-IOC-metro
2024-03-14,Punjab,92.25,PPAC-derived
2024-03-14,Rajasthan,95.05,PPAC-derived
2024-03-14,Tamil Nadu,94.24,PPAC-IOC-metro
2024-03-14,Telangana,96.15,PPAC-derived
2024-03-14,Uttar Pradesh,90.85,PPAC-derived
2024-03-14,West Bengal,92.76,PPAC-IOC-metro
2024-03-15,Andhra Pradesh,95.34,PPAC-derived
2024-03-15,Delhi,87.62,PPAC-IOC-metro
2024-03-15,Gujarat,87.14,PPAC-derived
2024-03-15,Haryana,89.64,PPAC-derived
2024-03-15,Karnataka,91.84,PPAC-derived
2024-03-15,Madhya Pradesh,92.14,PPAC-derived
2024-03-15,Maharashtra,92.15,PPAC-IOC-metro
2024-03-15,Punjab,90.24,PPAC-derived
2024-03-15,Rajasthan,93.04,PPAC-derived
2024-03-15,Tamil Nadu,92.34,PPAC-IOC-metro
2024-03-15,Telangana,94.14,PPAC-derived
2024-03-15,Uttar Pradesh,88.84,PPAC-derived
2024-03-15,West Bengal,90.76,PPAC-IOC-metro
2024-03-16,Andhra Pradesh,95.34,PPAC-derived
2024-03-16,Delhi,87.62,PPAC-IOC-metro
2024-03-16,Gujarat,87.14,PPAC-derived
2024-03-16,Haryana,89.64,PPAC-derived
2024-03-16,Karnataka,91.84,PPAC-derived
2024-03-16,Madhya Pradesh,92.14,PPAC-derived
2024-03-16,Maharashtra,92.15,PPAC-IOC-metro
2024-03-16,Punjab,90.24,PPAC-derived
2024-03-16,Rajasthan,93.04,PPAC-derived
2024-03-16,Tamil Nadu,92.34,PPAC-IOC-metro
2024-03-16,Telangana,94.14,PPAC-derived
2024-03-16,Uttar Pradesh,88.84,PPAC-derived
2024-03-16,West Bengal,90.76,PPAC-IOC-metro
2024-03-17,Andhra Pradesh,95.34,PPAC-derived
2024-03-17,Delhi,87.62,PPAC-IOC-metro
2024-03-17,Gujarat,87.14,PPAC-derived
2024-03-17,Haryana,89.64,PPAC-derived
2024-03-17,Karnataka,91.84,PPAC-derived
2024-03-17,Madhya Pradesh,92.14,PPAC-derived
2024-03-17,Maharashtra,92.15,PPAC-IOC-metro
2024-03-17,Punjab,90.24,PPAC-derived
2024-03-17,Rajasthan,93.04,PPAC-derived
2024-03-17,Tamil Nadu,92.34,PPAC-IOC-metro
2024-03-17,Telangana,94.14,PPAC-derived
2024-03-17,Uttar Pradesh,88.84,PPAC-derived
2024-03-17,West Bengal,90.76,PPAC-IOC-metro
2024-03-18,Andhra Pradesh,95.34,PPAC-derived
2024-03-18,Delhi,87.62,PPAC-IOC-metro
2024-03-18,Gujarat,87.14,PPAC-derived
2024-03-18,Haryana,89.64,PPAC-derived
2024-03-18,Karnataka,91.84,PPAC-derived
2024-03-18,Madhya Pradesh,92.14,PPAC-derived
2024-03-18,Maharashtra,92.15,PPAC-IOC-metro
2024-03-18,Punjab,90.24,PPAC-derived
2024-03-18,Rajasthan,93.04,PPAC-derived
2024-03-18,Tamil Nadu,92.34,PPAC-IOC-metro
2024-03-18,Telangana,94.14,PPAC-derived
2024-03-18,Uttar Pradesh,88.84,PPAC-derived
2024-03-18,West Bengal,90.76,PPAC-IOC-metro
2024-03-19,Andhra Pradesh,95.34,PPAC-derived
2024-03-19,Delhi,87.62,PPAC-IOC-metro
2024-03-19,Gujarat,87.14,PPAC-derived
2024-03-19,Haryana,89.64,PPAC-derived
2024-03-19,Karnataka,91.84,PPAC-derived
2024-03-19,Madhya Pradesh,92.14,PPAC-derived
2024-03-19,Maharashtra,92.15,PPAC-IOC-metro
2024-03-19,Punjab,90.24,PPAC-derived
2024-03-19,Rajasthan,93.04,PPAC-derived
2024-03-19,Tamil Nadu,92.34,PPAC-IOC-metro
2024-03-19,Telangana,94.14,PPAC-derived
2024-03-19,Uttar Pradesh,88.84,PPAC-derived
2024-03-19,West Bengal,90.76,PPAC-IOC-metro
2024-03-20,Andhra Pradesh,95.34,PPAC-derived
2024-03-20,Delhi,87.62,PPAC-IOC-metro
2024-03-20,Gujarat,87.14,PPAC-derived
2024-03-20,Haryana,89.64,PPAC-derived
2024-03-20,Karnataka,91.84,PPAC-derived
2024-03-20,Madhya Pradesh,92.14,PPAC-derived
2024-03-20,Maharashtra,92.15,PPAC-IOC-metro
2024-03-20,Punjab,90.24,PPAC-derived
2024-03-20,Rajasthan,93.04,PPAC-derived
2024-03-20,Tamil Nadu,92.34,PPAC-IOC-metro
2024-03-20,Telangana,94.14,PPAC-derived
2024-03-20,Uttar Pradesh,88.84,PPAC-derived
2024-03-20,West Bengal,90.76,PPAC-IOC-metro
2024-03-21,Andhra Pradesh,95.34,PPAC-derived
2024-03-21,Delhi,87.62,PPAC-IOC-metro
2024-03-21,Gujarat,87.14,PPAC-derived
2024-03-21,Haryana,89.64,PPAC-derived
2024-03-21,Karnataka,91.84,PPAC-derived
2024-03-21,Madhya Pradesh,92.14,PPAC-derived
2024-03-21,Maharashtra,92.15,PPAC-IOC-metro
2024-03-21,Punjab,90.24,PPAC-derived
2024-03-21,Rajasthan,93.04,PPAC-derived
2024-03-21,Tamil Nadu,92.34,PPAC-IOC-metro
2024-03-21,Telangana,94.14,PPAC-derived
2024-03-21,Uttar Pradesh,88.84,PPAC-derived
2024-03-21,West Bengal,90.76,PPAC-IOC-metro
2024-03-22,Andhra Pradesh,95.34,PPAC-derived
2024-03-22,Delhi,87.62,PPAC-IOC-metro
2024-03-22,Gujarat,87.14,PPAC-derived
2024-03-22,Haryana,89.64,PPAC-derived
2024-03-22,Karnataka,91.84,PPAC-derived
2024-03-22,Madhya Pradesh,92.14,PPAC-derived
2024-03-22,Maharashtra,92.15,PPAC-IOC-metro
2024-03-22,Punjab,90.24,PPAC-derived
2024-03-22,Rajasthan,93.04,PPAC-derived
2024-03-22,Tamil Nadu,92.34,PPAC-IOC-metro
2024-03-22,Telangana,94.14,PPAC-derived
2024-03-22,Uttar Pradesh,88.84,PPAC-derived
2024-03-22,West Bengal,90.76,PPAC-IOC-metro
2024-03-23,Andhra Pradesh,95.34,PPAC-derived
2024-03-23,Delhi,87.62,PPAC-IOC-metro
2024-03-23,Gujarat,87.14,PPAC-derived
2024-03-23,Haryana,89.64,PPAC-derived
2024-03-23,Karnataka,91.84,PPAC-derived
2024-03-23,Madhya Pradesh,92.14,PPAC-derived
2024-03-23,Maharashtra,92.15,PPAC-IOC-metro
2024-03-23,Punjab,90.24,PPAC-derived
2024-03-23,Rajasthan,93.04,PPAC-derived
2024-03-23,Tamil Nadu,92.34,PPAC-IOC-metro
2024-03-23,Telangana,94.14,PPAC-derived
2024-03-23,Uttar Pradesh,88.84,PPAC-derived
2024-03-23,West Bengal,90.76,PPAC-IOC-metro
2024-03-24,Andhra Pradesh,95.34,PPAC-derived
2024-03-24,Delhi,87.62,PPAC-IOC-metro
2024-03-24,Gujarat,87.14,PPAC-derived
2024-03-24,Haryana,89.64,PPAC-derived
2024-03-24,Karnataka,91.84,PPAC-derived
2024-03-24,Madhya Pradesh,92.14,PPAC-derived
2024-03-24,Maharashtra,92.15,PPAC-IOC-metro
2024-03-24,Punjab,90.24,PPAC-derived
2024-03-24,Rajasthan,93.04,PPAC-derived
2024-03-24,Tamil Nadu,92.34,PPAC-IOC-metro
2024-03-24,Telangana,94.14,PPAC-derived
2024-03-24,Uttar Pradesh,88.84,PPAC-derived
2024-03-24,West Bengal,90.76,PPAC-IOC-metro
2024-03-25,Andhra Pradesh,95.34,PPAC-derived
2024-03-25,Delhi,87.62,PPAC-IOC-metro
2024-03-25,Gujarat,87.14,PPAC-derived
2024-03-25,Haryana,89.64,PPAC-derived
2024-03-25,Karnataka,91.84,PPAC-derived
2024-03-25,Madhya Pradesh,92.14,PPAC-derived
2024-03-25,Maharashtra,92.15,PPAC-IOC-metro
2024-03-25,Punjab,90.24,PPAC-derived
2024-03-25,Rajasthan,93.04,PPAC-derived
2024-03-25,Tamil Nadu,92.34,PPAC-IOC-metro
2024-03-25,Telangana,94.14,PPAC-derived
2024-03-25,Uttar Pradesh,88.84,PPAC-derived
2024-03-25,West Bengal,90.76,PPAC-IOC-metro
2024-03-26,Andhra Pradesh,95.34,PPAC-derived
2024-03-26,Delhi,87.62,PPAC-IOC-metro
2024-03-26,Gujarat,87.14,PPAC-derived
2024-03-26,Haryana,89.64,PPAC-derived
2024-03-26,Karnataka,91.84,PPAC-derived
2024-03-26,Madhya Pradesh,92.14,PPAC-derived
2024-03-26,Maharashtra,92.15,PPAC-IOC-metro
2024-03-26,Punjab,90.24,PPAC-derived
2024-03-26,Rajasthan,93.04,PPAC-derived
2024-03-26,Tamil Nadu,92.34,PPAC-IOC-metro
2024-03-26,Telangana,94.14,PPAC-derived
2024-03-26,Uttar Pradesh,88.84,PPAC-derived
2024-03-26,West Bengal,90.76,PPAC-IOC-metro
2024-03-27,Andhra Pradesh,95.34,PPAC-derived
2024-03-27,Delhi,87.62,PPAC-IOC-metro
2024-03-27,Gujarat,87.14,PPAC-derived
2024-03-27,Haryana,89.64,PPAC-derived
2024-03-27,Karnataka,91.84,PPAC-derived
2024-03-27,Madhya Pradesh,92.14,PPAC-derived
2024-03-27,Maharashtra,92.15,PPAC-IOC-metro
2024-03-27,Punjab,90.24,PPAC-derived
2024-03-27,Rajasthan,93.04,PPAC-derived
2024-03-27,Tamil Nadu,92.34,PPAC-IOC-metro
2024-03-27,Telangana,94.14,PPAC-derived
2024-03-27,Uttar Pradesh,88.84,PPAC-derived
2024-03-27,West Bengal,90.76,PPAC-IOC-metro
2024-03-28,Andhra Pradesh,95.34,PPAC-derived
2024-03-28,Delhi,87.62,PPAC-IOC-metro
2024-03-28,Gujarat,87.14,PPAC-derived
2024-03-28,Haryana,89.64,PPAC-derived
2024-03-28,Karnataka,91.84,PPAC-derived
2024-03-28,Madhya Pradesh,92.14,PPAC-derived
2024-03-28,Maharashtra,92.15,PPAC-IOC-metro
2024-03-28,Punjab,90.24,PPAC-derived
2024-03-28,Rajasthan,93.04,PPAC-derived
2024-03-28,Tamil Nadu,92.34,PPAC-IOC-metro
2024-03-28,Telangana,94.14,PPAC-derived
2024-03-28,Uttar Pradesh,88.84,PPAC-derived
2024-03-28,West Bengal,90.76,PPAC-IOC-metro
2024-03-29,Andhra Pradesh,95.34,PPAC-derived
2024-03-29,Delhi,87.62,PPAC-IOC-metro
2024-03-29,Gujarat,87.14,PPAC-derived
2024-03-29,Haryana,89.64,PPAC-derived
2024-03-29,Karnataka,91.84,PPAC-derived
2024-03-29,Madhya Pradesh,92.14,PPAC-derived
2024-03-29,Maharashtra,92.15,PPAC-IOC-metro
2024-03-29,Punjab,90.24,PPAC-derived
2024-03-29,Rajasthan,93.04,PPAC-derived
2024-03-29,Tamil Nadu,92.34,PPAC-IOC-metro
2024-03-29,Telangana,94.14,PPAC-derived
2024-03-29,Uttar Pradesh,88.84,PPAC-derived
2024-03-29,West Bengal,90.76,PPAC-IOC-metro
2024-03-30,Andhra Pradesh,95.34,PPAC-derived
2024-03-30,Delhi,87.62,PPAC-IOC-metro
2024-03-30,Gujarat,87.14,PPAC-derived
2024-03-30,Haryana,89.64,PPAC-derived
2024-03-30,Karnataka,91.84,PPAC-derived
2024-03-30,Madhya Pradesh,92.14,PPAC-derived
2024-03-30,Maharashtra,92.15,PPAC-IOC-metro
2024-03-30,Punjab,90.24,PPAC-derived
2024-03-30,Rajasthan,93.04,PPAC-derived
2024-03-30,Tamil Nadu,92.34,PPAC-IOC-metro
2024-03-30,Telangana,94.14,PPAC-derived
2024-03-30,Uttar Pradesh,88.84,PPAC-derived
2024-03-30,West Bengal,90.76,PPAC-IOC-metro
2024-03-31,Andhra Pradesh,95.34,PPAC-derived
2024-03-31,Delhi,87.62,PPAC-IOC-metro
2024-03-31,Gujarat,87.14,PPAC-derived
2024-03-31,Haryana,89.64,PPAC-derived
2024-03-31,Karnataka,91.84,PPAC-derived
2024-03-31,Madhya Pradesh,92.14,PPAC-derived
2024-03-31,Maharashtra,92.15,PPAC-IOC-metro
2024-03-31,Punjab,90.24,PPAC-derived
2024-03-31,Rajasthan,93.04,PPAC-derived
2024-03-31,Tamil Nadu,92.34,PPAC-IOC-metro
2024-03-31,Telangana,94.14,PPAC-derived
2024-03-31,Uttar Pradesh,88.84,PPAC-derived
2024-03-31,West Bengal,90.76,PPAC-IOC-metro
2024-04-01,Andhra Pradesh,95.34,PPAC-derived
2024-04-01,Delhi,87.62,PPAC-IOC-metro
2024-04-01,Gujarat,87.14,PPAC-derived
2024-04-01,Haryana,89.64,PPAC-derived
2024-04-01,Karnataka,91.84,PPAC-derived
2024-04-01,Madhya Pradesh,92.14,PPAC-derived
2024-04-01,Maharashtra,92.15,PPAC-IOC-metro
2024-04-01,Punjab,90.24,PPAC-derived
2024-04-01,Rajasthan,93.04,PPAC-derived
2024-04-01,Tamil Nadu,92.34,PPAC-IOC-metro
2024-04-01,Telangana,94.14,PPAC-derived
2024-04-01,Uttar Pradesh,88.84,PPAC-derived
2024-04-01,West Bengal,90.76,PPAC-IOC-metro
2024-04-02,Andhra Pradesh,95.34,PPAC-derived
2024-04-02,Delhi,87.62,PPAC-IOC-metro
2024-04-02,Gujarat,87.14,PPAC-derived
2024-04-02,Haryana,89.64,PPAC-derived
2024-04-02,Karnataka,91.84,PPAC-derived
2024-04-02,Madhya Pradesh,92.14,PPAC-derived
2024-04-02,Maharashtra,92.15,PPAC-IOC-metro
2024-04-02,Punjab,90.24,PPAC-derived
2024-04-02,Rajasthan,93.04,PPAC-derived
2024-04-02,Tamil Nadu,92.34,PPAC-IOC-metro
2024-04-02,Telangana,94.14,PPAC-derived
2024-04-02,Uttar Pradesh,88.84,PPAC-derived
2024-04-02,West Bengal,90.76,PPAC-IOC-metro
2024-04-03,Andhra Pradesh,95.34,PPAC-derived
2024-04-03,Delhi,87.62,PPAC-IOC-metro
2024-04-03,Gujarat,87.14,PPAC-derived
2024-04-03,Haryana,89.64,PPAC-derived
2024-04-03,Karnataka,91.84,PPAC-derived
2024-04-03,Madhya Pradesh,92.14,PPAC-derived
2024-04-03,Maharashtra,92.15,PPAC-IOC-metro
2024-04-03,Punjab,90.24,PPAC-derived
2024-04-03,Rajasthan,93.04,PPAC-derived
2024-04-03,Tamil Nadu,92.34,PPAC-IOC-metro
2024-04-03,Telangana,94.14,PPAC-derived
2024-04-03,Uttar Pradesh,88.84,PPAC-derived
2024-04-03,West Bengal,90.76,PPAC-IOC-metro
2024-04-04,Andhra Pradesh,95.34,PPAC-derived
2024-04-04,Delhi,87.62,PPAC-IOC-metro
2024-04-04,Gujarat,87.14,PPAC-derived
2024-04-04,Haryana,89.64,PPAC-derived
2024-04-04,Karnataka,91.84,PPAC-derived
2024-04-04,Madhya Pradesh,92.14,PPAC-derived
2024-04-04,Maharashtra,92.15,PPAC-IOC-metro
2024-04-04,Punjab,90.24,PPAC-derived
2024-04-04,Rajasthan,93.04,PPAC-derived
2024-04-04,Tamil Nadu,92.34,PPAC-IOC-metro
2024-04-04,Telangana,94.14,PPAC-derived
2024-04-04,Uttar Pradesh,88.84,PPAC-derived
2024-04-04,West Bengal,90.76,PPAC-IOC-metro
2024-04-05,Andhra Pradesh,95.34,PPAC-derived
2024-04-05,Delhi,87.62,PPAC-IOC-metro
2024-04-05,Gujarat,87.14,PPAC-derived
2024-04-05,Haryana,89.64,PPAC-derived
2024-04-05,Karnataka,91.84,PPAC-derived
2024-04-05,Madhya Pradesh,92.14,PPAC-derived
2024-04-05,Maharashtra,92.15,PPAC-IOC-metro
2024-04-05,Punjab,90.24,PPAC-derived
2024-04-05,Rajasthan,93.04,PPAC-derived
2024-04-05,Tamil Nadu,92.34,PPAC-IOC-metro
2024-04-05,Telangana,94.14,PPAC-derived
2024-04-05,Uttar Pradesh,88.84,PPAC-derived
2024-04-05,West Bengal,90.76,PPAC-IOC-metro
2024-04-06,Andhra Pradesh,95.34,PPAC-derived
2024-04-06,Delhi,87.62,PPAC-IOC-metro
2024-04-06,Gujarat,87.14,PPAC-derived
2024-04-06,Haryana,89.64,PPAC-derived
2024-04-06,Karnataka,91.84,PPAC-derived
2024-04-06,Madhya Pradesh,92.14,PPAC-derived
2024-04-06,Maharashtra,92.15,PPAC-IOC-metro
2024-04-06,Punjab,90.24,PPAC-derived
2024-04-06,Rajasthan,93.04,PPAC-derived
2024-04-06,Tamil Nadu,92.34,PPAC-IOC-metro
2024-04-06,Telangana,94.14,PPAC-derived
2024-04-06,Uttar Pradesh,88.84,PPAC-derived
2024-04-06,West Bengal,90.76,PPAC-IOC-metro
2024-04-07,Andhra Pradesh,95.34,PPAC-derived
2024-04-07,Delhi,87.62,PPAC-IOC-metro
2024-04-07,Gujarat,87.14,PPAC-derived
2024-04-07,Haryana,89.64,PPAC-derived
2024-04-07,Karnataka,91.84,PPAC-derived
2024-04-07,Madhya Pradesh,92.14,PPAC-derived
2024-04-07,Maharashtra,92.15,PPAC-IOC-metro
2024-04-07,Punjab,90.24,PPAC-derived
2024-04-07,Rajasthan,93.04,PPAC-derived
2024-04-07,Tamil Nadu,92.34,PPAC-IOC-metro
2024-04-07,Telangana,94.14,PPAC-derived
2024-04-07,Uttar Pradesh,88.84,PPAC-derived
2024-04-07,West Bengal,90.76,PPAC-IOC-metro
2024-04-08,Andhra Pradesh,95.34,PPAC-derived
2024-04-08,Delhi,87.62,PPAC-IOC-metro
2024-04-08,Gujarat,87.14,PPAC-derived
2024-04-08,Haryana,89.64,PPAC-derived
2024-04-08,Karnataka,91.84,PPAC-derived
2024-04-08,Madhya Pradesh,92.14,PPAC-derived
2024-04-08,Maharashtra,92.15,PPAC-IOC-metro
2024-04-08,Punjab,90.24,PPAC-derived
2024-04-08,Rajasthan,93.04,PPAC-derived
2024-04-08,Tamil Nadu,92.34,PPAC-IOC-metro
2024-04-08,Telangana,94.14,PPAC-derived
2024-04-08,Uttar Pradesh,88.84,PPAC-derived
2024-04-08,West Bengal,90.76,PPAC-IOC-metro
2024-04-09,Andhra Pradesh,95.34,PPAC-derived
2024-04-09,Delhi,87.62,PPAC-IOC-metro
2024-04-09,Gujarat,87.14,PPAC-derived
2024-04-09,Haryana,89.64,PPAC-derived
2024-04-09,Karnataka,91.84,PPAC-derived
2024-04-09,Madhya Pradesh,92.14,PPAC-derived
2024-04-09,Maharashtra,92.15,PPAC-IOC-metro
2024-04-09,Punjab,90.24,PPAC-derived
2024-04-09,Rajasthan,93.04,PPAC-derived
2024-04-09,Tamil Nadu,92.34,PPAC-IOC-metro
2024-04-09,Telangana,94.14,PPAC-derived
2024-04-09,Uttar Pradesh,88.84,PPAC-derived
2024-04-09,West Bengal,90.76,PPAC-IOC-metro
2024-04-10,Andhra Pradesh,95.34,PPAC-derived
2024-04-10,Delhi,87.62,PPAC-IOC-metro
2024-04-10,Gujarat,87.14,PPAC-derived
2024-04-10,Haryana,89.64,PPAC-derived
2024-04-10,Karnataka,91.84,PPAC-derived
2024-04-10,Madhya Pradesh,92.14,PPAC-derived
2024-04-10,Maharashtra,92.15,PPAC-IOC-metro
2024-04-10,Punjab,90.24,PPAC-derived
2024-04-10,Rajasthan,93.04,PPAC-derived
2024-04-10,Tamil Nadu,92.34,PPAC-IOC-metro
2024-04-10,Telangana,94.14,PPAC-derived
2024-04-10,Uttar Pradesh,88.84,PPAC-derived
2024-04-10,West Bengal,90.76,PPAC-IOC-metro
2024-04-11,Andhra Pradesh,95.34,PPAC-derived
2024-04-11,Delhi,87.62,PPAC-IOC-metro
2024-04-11,Gujarat,87.14,PPAC-derived
2024-04-11,Haryana,89.64,PPAC-derived
2024-04-11,Karnataka,91.84,PPAC-derived
2024-04-11,Madhya Pradesh,92.14,PPAC-derived
2024-04-11,Maharashtra,92.15,PPAC-IOC-metro
2024-04-11,Punjab,90.24,PPAC-derived
2024-04-11,Rajasthan,93.04,PPAC-derived
2024-04-11,Tamil Nadu,92.34,PPAC-IOC-metro
2024-04-11,Telangana,94.14,PPAC-derived
2024-04-11,Uttar Pradesh,88.84,PPAC-derived
2024-04-11,West Bengal,90.76,PPAC-IOC-metro
2024-04-12,Andhra Pradesh,95.34,PPAC-derived
2024-04-12,Delhi,87.62,PPAC-IOC-metro
2024-04-12,Gujarat,87.14,PPAC-derived
2024-04-12,Haryana,89.64,PPAC-derived
2024-04-12,Karnataka,91.84,PPAC-derived
2024-04-12,Madhya Pradesh,92.14,PPAC-derived
2024-04-12,Maharashtra,92.15,PPAC-IOC-metro
2024-04-12,Punjab,90.24,PPAC-derived
2024-04-12,Rajasthan,93.04,PPAC-derived
2024-04-12,Tamil Nadu,92.34,PPAC-IOC-metro
2024-04-12,Telangana,94.14,PPAC-derived
2024-04-12,Uttar Pradesh,88.84,PPAC-derived
2024-04-12,West Bengal,90.76,PPAC-IOC-metro
2024-04-13,Andhra Pradesh,95.34,PPAC-derived
2024-04-13,Delhi,87.62,PPAC-IOC-metro
2024-04-13,Gujarat,87.14,PPAC-derived
2024-04-13,Haryana,89.64,PPAC-derived
2024-04-13,Karnataka,91.84,PPAC-derived
2024-04-13,Madhya Pradesh,92.14,PPAC-derived
2024-04-13,Maharashtra,92.15,PPAC-IOC-metro
2024-04-13,Punjab,90.24,PPAC-derived
2024-04-13,Rajasthan,93.04,PPAC-derived
2024-04-13,Tamil Nadu,92.34,PPAC-IOC-metro
2024-04-13,Telangana,94.14,PPAC-derived
2024-04-13,Uttar Pradesh,88.84,PPAC-derived
2024-04-13,West Bengal,90.76,PPAC-IOC-metro
2024-04-14,Andhra Pradesh,95.34,PPAC-derived
2024-04-14,Delhi,87.62,PPAC-IOC-metro
2024-04-14,Gujarat,87.14,PPAC-derived
2024-04-14,Haryana,89.64,PPAC-derived
2024-04-14,Karnataka,91.84,PPAC-derived
2024-04-14,Madhya Pradesh,92.14,PPAC-derived
2024-04-14,Maharashtra,92.15,PPAC-IOC-metro
2024-04-14,Punjab,90.24,PPAC-derived
2024-04-14,Rajasthan,93.04,PPAC-derived
2024-04-14,Tamil Nadu,92.34,PPAC-IOC-metro
2024-04-14,Telangana,94.14,PPAC-derived
2024-04-14,Uttar Pradesh,88.84,PPAC-derived
2024-04-14,West Bengal,90.76,PPAC-IOC-metro
2024-04-15,Andhra Pradesh,95.34,PPAC-derived
2024-04-15,Delhi,87.62,PPAC-IOC-metro
2024-04-15,Gujarat,87.14,PPAC-derived
2024-04-15,Haryana,89.64,PPAC-derived
2024-04-15,Karnataka,91.84,PPAC-derived
2024-04-15,Madhya Pradesh,92.14,PPAC-derived
2024-04-15,Maharashtra,92.15,PPAC-IOC-metro
2024-04-15,Punjab,90.24,PPAC-derived
2024-04-15,Rajasthan,93.04,PPAC-derived
2024-04-15,Tamil Nadu,92.34,PPAC-IOC-metro
2024-04-15,Telangana,94.14,PPAC-derived
2024-04-15,Uttar Pradesh,88.84,PPAC-derived
2024-04-15,West Bengal,90.76,PPAC-IOC-metro
2024-04-16,Andhra Pradesh,95.34,PPAC-derived
2024-04-16,Delhi,87.62,PPAC-IOC-metro
2024-04-16,Gujarat,87.14,PPAC-derived
2024-04-16,Haryana,89.64,PPAC-derived
2024-04-16,Karnataka,91.84,PPAC-derived
2024-04-16,Madhya Pradesh,92.14,PPAC-derived
2024-04-16,Maharashtra,92.15,PPAC-IOC-metro
2024-04-16,Punjab,90.24,PPAC-derived
2024-04-16,Rajasthan,93.04,PPAC-derived
2024-04-16,Tamil Nadu,92.34,PPAC-IOC-metro
2024-04-16,Telangana,94.14,PPAC-derived
2024-04-16,Uttar Pradesh,88.84,PPAC-derived
2024-04-16,West Bengal,90.76,PPAC-IOC-metro
2024-04-17,Andhra Pradesh,95.34,PPAC-derived
2024-04-17,Delhi,87.62,PPAC-IOC-metro
2024-04-17,Gujarat,87.14,PPAC-derived
2024-04-17,Haryana,89.64,PPAC-derived
2024-04-17,Karnataka,91.84,PPAC-derived
2024-04-17,Madhya Pradesh,92.14,PPAC-derived
2024-04-17,Maharashtra,92.15,PPAC-IOC-metro
2024-04-17,Punjab,90.24,PPAC-derived
2024-04-17,Rajasthan,93.04,PPAC-derived
2024-04-17,Tamil Nadu,92.34,PPAC-IOC-metro
2024-04-17,Telangana,94.14,PPAC-derived
2024-04-17,Uttar Pradesh,88.84,PPAC-derived
2024-04-17,West Bengal,90.76,PPAC-IOC-metro
2024-04-18,Andhra Pradesh,95.34,PPAC-derived
2024-04-18,Delhi,87.62,PPAC-IOC-metro
2024-04-18,Gujarat,87.14,PPAC-derived
2024-04-18,Haryana,89.64,PPAC-derived
2024-04-18,Karnataka,91.84,PPAC-derived
2024-04-18,Madhya Pradesh,92.14,PPAC-derived
2024-04-18,Maharashtra,92.15,PPAC-IOC-metro
2024-04-18,Punjab,90.24,PPAC-derived
2024-04-18,Rajasthan,93.04,PPAC-derived
2024-04-18,Tamil Nadu,92.34,PPAC-IOC-metro
2024-04-18,Telangana,94.14,PPAC-derived
2024-04-18,Uttar Pradesh,88.84,PPAC-derived
2024-04-18,West Bengal,90.76,PPAC-IOC-metro
2024-04-19,Andhra Pradesh,95.34,PPAC-derived
2024-04-19,Delhi,87.62,PPAC-IOC-metro
2024-04-19,Gujarat,87.14,PPAC-derived
2024-04-19,Haryana,89.64,PPAC-derived
2024-04-19,Karnataka,91.84,PPAC-derived
2024-04-19,Madhya Pradesh,92.14,PPAC-derived
2024-04-19,Maharashtra,92.15,PPAC-IOC-metro
2024-04-19,Punjab,90.24,PPAC-derived
2024-04-19,Rajasthan,93.04,PPAC-derived
2024-04-19,Tamil Nadu,92.34,PPAC-IOC-metro
2024-04-19,Telangana,94.14,PPAC-derived
2024-04-19,Uttar Pradesh,88.84,PPAC-derived
2024-04-19,West Bengal,90.76,PPAC-IOC-metro
2024-04-20,Andhra Pradesh,95.34,PPAC-derived
2024-04-20,Delhi,87.62,PPAC-IOC-metro
2024-04-20,Gujarat,87.14,PPAC-derived
2024-04-20,Haryana,89.64,PPAC-derived
2024-04-20,Karnataka,91.84,PPAC-derived
2024-04-20,Madhya Pradesh,92.14,PPAC-derived
2024-04-20,Maharashtra,92.15,PPAC-IOC-metro
2024-04-20,Punjab,90.24,PPAC-derived
2024-04-20,Rajasthan,93.04,PPAC-derived
2024-04-20,Tamil Nadu,92.34,PPAC-IOC-metro
2024-04-20,Telangana,94.14,PPAC-derived
2024-04-20,Uttar Pradesh,88.84,PPAC-derived
2024-04-20,West Bengal,90.76,PPAC-IOC-metro
2024-04-21,Andhra Pradesh,95.34,PPAC-derived
2024-04-21,Delhi,87.62,PPAC-IOC-metro
2024-04-21,Gujarat,87.14,PPAC-derived
2024-04-21,Haryana,89.64,PPAC-derived
2024-04-21,Karnataka,91.84,PPAC-derived
2024-04-21,Madhya Pradesh,92.14,PPAC-derived
2024-04-21,Maharashtra,92.15,PPAC-IOC-metro
2024-04-21,Punjab,90.24,PPAC-derived
2024-04-21,Rajasthan,93.04,PPAC-derived
2024-04-21,Tamil Nadu,92.34,PPAC-IOC-metro
2024-04-21,Telangana,94.14,PPAC-derived
2024-04-21,Uttar Pradesh,88.84,PPAC-derived
2024-04-21,West Bengal,90.76,PPAC-IOC-metro
2024-04-22,Andhra Pradesh,95.34,PPAC-derived
2024-04-22,Delhi,87.62,PPAC-IOC-metro
2024-04-22,Gujarat,87.14,PPAC-derived
2024-04-22,Haryana,89.64,PPAC-derived
2024-04-22,Karnataka,91.84,PPAC-derived
2024-04-22,Madhya Pradesh,92.14,PPAC-derived
2024-04-22,Maharashtra,92.15,PPAC-IOC-metro
2024-04-22,Punjab,90.24,PPAC-derived
2024-04-22,Rajasthan,93.04,PPAC-derived
2024-04-22,Tamil Nadu,92.34,PPAC-IOC-metro
2024-04-22,Telangana,94.14,PPAC-derived
2024-04-22,Uttar Pradesh,88.84,PPAC-derived
2024-04-22,West Bengal,90.76,PPAC-IOC-metro
2024-04-23,Andhra Pradesh,95.34,PPAC-derived
2024-04-23,Delhi,87.62,PPAC-IOC-metro
2024-04-23,Gujarat,87.14,PPAC-derived
2024-04-23,Haryana,89.64,PPAC-derived
2024-04-23,Karnataka,91.84,PPAC-derived
2024-04-23,Madhya Pradesh,92.14,PPAC-derived
2024-04-23,Maharashtra,92.15,PPAC-IOC-metro
2024-04-23,Punjab,90.24,PPAC-derived
2024-04-23,Rajasthan,93.04,PPAC-derived
2024-04-23,Tamil Nadu,92.34,PPAC-IOC-metro
2024-04-23,Telangana,94.14,PPAC-derived
2024-04-23,Uttar Pradesh,88.84,PPAC-derived
2024-04-23,West Bengal,90.76,PPAC-IOC-metro
2024-04-24,Andhra Pradesh,95.34,PPAC-derived
2024-04-24,Delhi,87.62,PPAC-IOC-metro
2024-04-24,Gujarat,87.14,PPAC-derived
2024-04-24,Haryana,89.64,PPAC-derived
2024-04-24,Karnataka,91.84,PPAC-derived
2024-04-24,Madhya Pradesh,92.14,PPAC-derived
2024-04-24,Maharashtra,92.15,PPAC-IOC-metro
2024-04-24,Punjab,90.24,PPAC-derived
2024-04-24,Rajasthan,93.04,PPAC-derived
2024-04-24,Tamil Nadu,92.34,PPAC-IOC-metro
2024-04-24,Telangana,94.14,PPAC-derived
2024-04-24,Uttar Pradesh,88.84,PPAC-derived
2024-04-24,West Bengal,90.76,PPAC-IOC-metro
2024-04-25,Andhra Pradesh,95.34,PPAC-derived
2024-04-25,Delhi,87.62,PPAC-IOC-metro
2024-04-25,Gujarat,87.14,PPAC-derived
2024-04-25,Haryana,89.64,PPAC-derived
2024-04-25,Karnataka,91.84,PPAC-derived
2024-04-25,Madhya Pradesh,92.14,PPAC-derived
2024-04-25,Maharashtra,92.15,PPAC-IOC-metro
2024-04-25,Punjab,90.24,PPAC-derived
2024-04-25,Rajasthan,93.04,PPAC-derived
2024-04-25,Tamil Nadu,92.34,PPAC-IOC-metro
2024-04-25,Telangana,94.14,PPAC-derived
2024-04-25,Uttar Pradesh,88.84,PPAC-derived
2024-04-25,West Bengal,90.76,PPAC-IOC-metro
2024-04-26,Andhra Pradesh,95.34,PPAC-derived
2024-04-26,Delhi,87.62,PPAC-IOC-metro
2024-04-26,Gujarat,87.14,PPAC-derived
2024-04-26,Haryana,89.64,PPAC-derived
2024-04-26,Karnataka,91.84,PPAC-derived
2024-04-26,Madhya Pradesh,92.14,PPAC-derived
2024-04-26,Maharashtra,92.15,PPAC-IOC-metro
2024-04-26,Punjab,90.24,PPAC-derived
2024-04-26,Rajasthan,93.04,PPAC-derived
2024-04-26,Tamil Nadu,92.34,PPAC-IOC-metro
2024-04-26,Telangana,94.14,PPAC-derived
2024-04-26,Uttar Pradesh,88.84,PPAC-derived
2024-04-26,West Bengal,90.76,PPAC-IOC-metro
2024-04-27,Andhra Pradesh,95.34,PPAC-derived
2024-04-27,Delhi,87.62,PPAC-IOC-metro
2024-04-27,Gujarat,87.14,PPAC-derived
2024-04-27,Haryana,89.64,PPAC-derived
2024-04-27,Karnataka,91.84,PPAC-derived
2024-04-27,Madhya Pradesh,92.14,PPAC-derived
2024-04-27,Maharashtra,92.15,PPAC-IOC-metro
2024-04-27,Punjab,90.24,PPAC-derived
2024-04-27,Rajasthan,93.04,PPAC-derived
2024-04-27,Tamil Nadu,92.34,PPAC-IOC-metro
2024-04-27,Telangana,94.14,PPAC-derived
2024-04-27,Uttar Pradesh,88.84,PPAC-derived
2024-04-27,West Bengal,90.76,PPAC-IOC-metro
2024-04-28,Andhra Pradesh,95.34,PPAC-derived
2024-04-28,Delhi,87.62,PPAC-IOC-metro
2024-04-28,Gujarat,87.14,PPAC-derived
2024-04-28,Haryana,89.64,PPAC-derived
2024-04-28,Karnataka,91.84,PPAC-derived
2024-04-28,Madhya Pradesh,92.14,PPAC-derived
2024-04-28,Maharashtra,92.15,PPAC-IOC-metro
2024-04-28,Punjab,90.24,PPAC-derived
2024-04-28,Rajasthan,93.04,PPAC-derived
2024-04-28,Tamil Nadu,92.34,PPAC-IOC-metro
2024-04-28,Telangana,94.14,PPAC-derived
2024-04-28,Uttar Pradesh,88.84,PPAC-derived
2024-04-28,West Bengal,90.76,PPAC-IOC-metro
2024-04-29,Andhra Pradesh,95.34,PPAC-derived
2024-04-29,Delhi,87.62,PPAC-IOC-metro
2024-04-29,Gujarat,87.14,PPAC-derived
2024-04-29,Haryana,89.64,PPAC-derived
2024-04-29,Karnataka,91.84,PPAC-derived
2024-04-29,Madhya Pradesh,92.14,PPAC-derived
2024-04-29,Maharashtra,92.15,PPAC-IOC-metro
2024-04-29,Punjab,90.24,PPAC-derived
2024-04-29,Rajasthan,93.04,PPAC-derived
2024-04-29,Tamil Nadu,92.34,PPAC-IOC-metro
2024-04-29,Telangana,94.14,PPAC-derived
2024-04-29,Uttar Pradesh,88.84,PPAC-derived
2024-04-29,West Bengal,90.76,PPAC-IOC-metro
2024-04-30,Andhra Pradesh,95.34,PPAC-derived
2024-04-30,Delhi,87.62,PPAC-IOC-metro
2024-04-30,Gujarat,87.14,PPAC-derived
2024-04-30,Haryana,89.64,PPAC-derived
2024-04-30,Karnataka,91.84,PPAC-derived
2024-04-30,Madhya Pradesh,92.14,PPAC-derived
2024-04-30,Maharashtra,92.15,PPAC-IOC-metro
2024-04-30,Punjab,90.24,PPAC-derived
2024-04-30,Rajasthan,93.04,PPAC-derived
2024-04-30,Tamil Nadu,92.34,PPAC-IOC-metro
2024-04-30,Telangana,94.14,PPAC-derived
2024-04-30,Uttar Pradesh,88.84,PPAC-derived
2024-04-30,West Bengal,90.76,PPAC-IOC-metro
2024-05-01,Andhra Pradesh,95.34,PPAC-derived
2024-05-01,Delhi,87.62,PPAC-IOC-metro
2024-05-01,Gujarat,87.14,PPAC-derived
2024-05-01,Haryana,89.64,PPAC-derived
2024-05-01,Karnataka,91.84,PPAC-derived
2024-05-01,Madhya Pradesh,92.14,PPAC-derived
2024-05-01,Maharashtra,92.15,PPAC-IOC-metro
2024-05-01,Punjab,90.24,PPAC-derived
2024-05-01,Rajasthan,93.04,PPAC-derived
2024-05-01,Tamil Nadu,92.34,PPAC-IOC-metro
2024-05-01,Telangana,94.14,PPAC-derived
2024-05-01,Uttar Pradesh,88.84,PPAC-derived
2024-05-01,West Bengal,90.76,PPAC-IOC-metro
2024-05-02,Andhra Pradesh,95.34,PPAC-derived
2024-05-02,Delhi,87.62,PPAC-IOC-metro
2024-05-02,Gujarat,87.14,PPAC-derived
2024-05-02,Haryana,89.64,PPAC-derived
2024-05-02,Karnataka,91.84,PPAC-derived
2024-05-02,Madhya Pradesh,92.14,PPAC-derived
2024-05-02,Maharashtra,92.15,PPAC-IOC-metro
2024-05-02,Punjab,90.24,PPAC-derived
2024-05-02,Rajasthan,93.04,PPAC-derived
2024-05-02,Tamil Nadu,92.34,PPAC-IOC-metro
2024-05-02,Telangana,94.14,PPAC-derived
2024-05-02,Uttar Pradesh,88.84,PPAC-derived
2024-05-02,West Bengal,90.76,PPAC-IOC-metro
2024-05-03,Andhra Pradesh,95.34,PPAC-derived
2024-05-03,Delhi,87.62,PPAC-IOC-metro
2024-05-03,Gujarat,87.14,PPAC-derived
2024-05-03,Haryana,89.64,PPAC-derived
2024-05-03,Karnataka,91.84,PPAC-derived
2024-05-03,Madhya Pradesh,92.14,PPAC-derived
2024-05-03,Maharashtra,92.15,PPAC-IOC-metro
2024-05-03,Punjab,90.24,PPAC-derived
2024-05-03,Rajasthan,93.04,PPAC-derived
2024-05-03,Tamil Nadu,92.34,PPAC-IOC-metro
2024-05-03,Telangana,94.14,PPAC-derived
2024-05-03,Uttar Pradesh,88.84,PPAC-derived
2024-05-03,West Bengal,90.76,PPAC-IOC-metro
2024-05-04,Andhra Pradesh,95.34,PPAC-derived
2024-05-04,Delhi,87.62,PPAC-IOC-metro
2024-05-04,Gujarat,87.14,PPAC-derived
2024-05-04,Haryana,89.64,PPAC-derived
2024-05-04,Karnataka,91.84,PPAC-derived
2024-05-04,Madhya Pradesh,92.14,PPAC-derived
2024-05-04,Maharashtra,92.15,PPAC-IOC-metro
2024-05-04,Punjab,90.24,PPAC-derived
2024-05-04,Rajasthan,93.04,PPAC-derived
2024-05-04,Tamil Nadu,92.34,PPAC-IOC-metro
2024-05-04,Telangana,94.14,PPAC-derived
2024-05-04,Uttar Pradesh,88.84,PPAC-derived
2024-05-04,West Bengal,90.76,PPAC-IOC-metro
2024-05-05,Andhra Pradesh,95.34,PPAC-derived
2024-05-05,Delhi,87.62,PPAC-IOC-metro
2024-05-05,Gujarat,87.14,PPAC-derived
2024-05-05,Haryana,89.64,PPAC-derived
2024-05-05,Karnataka,91.84,PPAC-derived
2024-05-05,Madhya Pradesh,92.14,PPAC-derived
2024-05-05,Maharashtra,92.15,PPAC-IOC-metro
2024-05-05,Punjab,90.24,PPAC-derived
2024-05-05,Rajasthan,93.04,PPAC-derived
2024-05-05,Tamil Nadu,92.34,PPAC-IOC-metro
2024-05-05,Telangana,94.14,PPAC-derived
2024-05-05,Uttar Pradesh,88.84,PPAC-derived
2024-05-05,West Bengal,90.76,PPAC-IOC-metro
2024-05-06,Andhra Pradesh,95.34,PPAC-derived
2024-05-06,Delhi,87.62,PPAC-IOC-metro
2024-05-06,Gujarat,87.14,PPAC-derived
2024-05-06,Haryana,89.64,PPAC-derived
2024-05-06,Karnataka,91.84,PPAC-derived
2024-05-06,Madhya Pradesh,92.14,PPAC-derived
2024-05-06,Maharashtra,92.15,PPAC-IOC-metro
2024-05-06,Punjab,90.24,PPAC-derived
2024-05-06,Rajasthan,93.04,PPAC-derived
2024-05-06,Tamil Nadu,92.34,PPAC-IOC-metro
2024-05-06,Telangana,94.14,PPAC-derived
2024-05-06,Uttar Pradesh,88.84,PPAC-derived
2024-05-06,West Bengal,90.76,PPAC-IOC-metro
2024-05-07,Andhra Pradesh,95.34,PPAC-derived
2024-05-07,Delhi,87.62,PPAC-IOC-metro
2024-05-07,Gujarat,87.14,PPAC-derived
2024-05-07,Haryana,89.64,PPAC-derived
2024-05-07,Karnataka,91.84,PPAC-derived
2024-05-07,Madhya Pradesh,92.14,PPAC-derived
2024-05-07,Maharashtra,92.15,PPAC-IOC-metro
2024-05-07,Punjab,90.24,PPAC-derived
2024-05-07,Rajasthan,93.04,PPAC-derived
2024-05-07,Tamil Nadu,92.34,PPAC-IOC-metro
2024-05-07,Telangana,94.14,PPAC-derived
2024-05-07,Uttar Pradesh,88.84,PPAC-derived
2024-05-07,West Bengal,90.76,PPAC-IOC-metro
2024-05-08,Andhra Pradesh,95.34,PPAC-derived
2024-05-08,Delhi,87.62,PPAC-IOC-metro
2024-05-08,Gujarat,87.14,PPAC-derived
2024-05-08,Haryana,89.64,PPAC-derived
2024-05-08,Karnataka,91.84,PPAC-derived
2024-05-08,Madhya Pradesh,92.14,PPAC-derived
2024-05-08,Maharashtra,92.15,PPAC-IOC-metro
2024-05-08,Punjab,90.24,PPAC-derived
2024-05-08,Rajasthan,93.04,PPAC-derived
2024-05-08,Tamil Nadu,92.34,PPAC-IOC-metro
2024-05-08,Telangana,94.14,PPAC-derived
2024-05-08,Uttar Pradesh,88.84,PPAC-derived
2024-05-08,West Bengal,90.76,PPAC-IOC-metro
2024-05-09,Andhra Pradesh,95.34,PPAC-derived
2024-05-09,Delhi,87.62,PPAC-IOC-metro
2024-05-09,Gujarat,87.14,PPAC-derived
2024-05-09,Haryana,89.64,PPAC-derived
2024-05-09,Karnataka,91.84,PPAC-derived
2024-05-09,Madhya Pradesh,92.14,PPAC-derived
2024-05-09,Maharashtra,92.15,PPAC-IOC-metro
2024-05-09,Punjab,90.24,PPAC-derived
2024-05-09,Rajasthan,93.04,PPAC-derived
2024-05-09,Tamil Nadu,92.34,PPAC-IOC-metro
2024-05-09,Telangana,94.14,PPAC-derived
2024-05-09,Uttar Pradesh,88.84,PPAC-derived
2024-05-09,West Bengal,90.76,PPAC-IOC-metro
2024-05-10,Andhra Pradesh,95.34,PPAC-derived
2024-05-10,Delhi,87.62,PPAC-IOC-metro
2024-05-10,Gujarat,87.14,PPAC-derived
2024-05-10,Haryana,89.64,PPAC-derived
2024-05-10,Karnataka,91.84,PPAC-derived
2024-05-10,Madhya Pradesh,92.14,PPAC-derived
2024-05-10,Maharashtra,92.15,PPAC-IOC-metro
2024-05-10,Punjab,90.24,PPAC-derived
2024-05-10,Rajasthan,93.04,PPAC-derived
2024-05-10,Tamil Nadu,92.34,PPAC-IOC-metro
2024-05-10,Telangana,94.14,PPAC-derived
2024-05-10,Uttar Pradesh,88.84,PPAC-derived
2024-05-10,West Bengal,90.76,PPAC-IOC-metro
2024-05-11,Andhra Pradesh,95.34,PPAC-derived
2024-05-11,Delhi,87.62,PPAC-IOC-metro
2024-05-11,Gujarat,87.14,PPAC-derived
2024-05-11,Haryana,89.64,PPAC-derived
2024-05-11,Karnataka,91.84,PPAC-derived
2024-05-11,Madhya Pradesh,92.14,PPAC-derived
2024-05-11,Maharashtra,92.15,PPAC-IOC-metro
2024-05-11,Punjab,90.24,PPAC-derived
2024-05-11,Rajasthan,93.04,PPAC-derived
2024-05-11,Tamil Nadu,92.34,PPAC-IOC-metro
2024-05-11,Telangana,94.14,PPAC-derived
2024-05-11,Uttar Pradesh,88.84,PPAC-derived
2024-05-11,West Bengal,90.76,PPAC-IOC-metro
2024-05-12,Andhra Pradesh,95.34,PPAC-derived
2024-05-12,Delhi,87.62,PPAC-IOC-metro
2024-05-12,Gujarat,87.14,PPAC-derived
2024-05-12,Haryana,89.64,PPAC-derived
2024-05-12,Karnataka,91.84,PPAC-derived
2024-05-12,Madhya Pradesh,92.14,PPAC-derived
2024-05-12,Maharashtra,92.15,PPAC-IOC-metro
2024-05-12,Punjab,90.24,PPAC-derived
2024-05-12,Rajasthan,93.04,PPAC-derived
2024-05-12,Tamil Nadu,92.34,PPAC-IOC-metro
2024-05-12,Telangana,94.14,PPAC-derived
2024-05-12,Uttar Pradesh,88.84,PPAC-derived
2024-05-12,West Bengal,90.76,PPAC-IOC-metro
2024-05-13,Andhra Pradesh,95.34,PPAC-derived
2024-05-13,Delhi,87.62,PPAC-IOC-metro
2024-05-13,Gujarat,87.14,PPAC-derived
2024-05-13,Haryana,89.64,PPAC-derived
2024-05-13,Karnataka,91.84,PPAC-derived
2024-05-13,Madhya Pradesh,92.14,PPAC-derived
2024-05-13,Maharashtra,92.15,PPAC-IOC-metro
2024-05-13,Punjab,90.24,PPAC-derived
2024-05-13,Rajasthan,93.04,PPAC-derived
2024-05-13,Tamil Nadu,92.34,PPAC-IOC-metro
2024-05-13,Telangana,94.14,PPAC-derived
2024-05-13,Uttar Pradesh,88.84,PPAC-derived
2024-05-13,West Bengal,90.76,PPAC-IOC-metro
2024-05-14,Andhra Pradesh,95.34,PPAC-derived
2024-05-14,Delhi,87.62,PPAC-IOC-metro
2024-05-14,Gujarat,87.14,PPAC-derived
2024-05-14,Haryana,89.64,PPAC-derived
2024-05-14,Karnataka,91.84,PPAC-derived
2024-05-14,Madhya Pradesh,92.14,PPAC-derived
2024-05-14,Maharashtra,92.15,PPAC-IOC-metro
2024-05-14,Punjab,90.24,PPAC-derived
2024-05-14,Rajasthan,93.04,PPAC-derived
2024-05-14,Tamil Nadu,92.34,PPAC-IOC-metro
2024-05-14,Telangana,94.14,PPAC-derived
2024-05-14,Uttar Pradesh,88.84,PPAC-derived
2024-05-14,West Bengal,90.76,PPAC-IOC-metro
2024-05-15,Andhra Pradesh,95.34,PPAC-derived
2024-05-15,Delhi,87.62,PPAC-IOC-metro
2024-05-15,Gujarat,87.14,PPAC-derived
2024-05-15,Haryana,89.64,PPAC-derived
2024-05-15,Karnataka,91.84,PPAC-derived
2024-05-15,Madhya Pradesh,92.14,PPAC-derived
2024-05-15,Maharashtra,92.15,PPAC-IOC-metro
2024-05-15,Punjab,90.24,PPAC-derived
2024-05-15,Rajasthan,93.04,PPAC-derived
2024-05-15,Tamil Nadu,92.34,PPAC-IOC-metro
2024-05-15,Telangana,94.14,PPAC-derived
2024-05-15,Uttar Pradesh,88.84,PPAC-derived
2024-05-15,West Bengal,90.76,PPAC-IOC-metro
2024-05-16,Andhra Pradesh,95.34,PPAC-derived
2024-05-16,Delhi,87.62,PPAC-IOC-metro
2024-05-16,Gujarat,87.14,PPAC-derived
2024-05-16,Haryana,89.64,PPAC-derived
2024-05-16,Karnataka,91.84,PPAC-derived
2024-05-16,Madhya Pradesh,92.14,PPAC-derived
2024-05-16,Maharashtra,92.15,PPAC-IOC-metro
2024-05-16,Punjab,90.24,PPAC-derived
2024-05-16,Rajasthan,93.04,PPAC-derived
2024-05-16,Tamil Nadu,92.34,PPAC-IOC-metro
2024-05-16,Telangana,94.14,PPAC-derived
2024-05-16,Uttar Pradesh,88.84,PPAC-derived
2024-05-16,West Bengal,90.76,PPAC-IOC-metro
2024-05-17,Andhra Pradesh,95.34,PPAC-derived
2024-05-17,Delhi,87.62,PPAC-IOC-metro
2024-05-17,Gujarat,87.14,PPAC-derived
2024-05-17,Haryana,89.64,PPAC-derived
2024-05-17,Karnataka,91.84,PPAC-derived
2024-05-17,Madhya Pradesh,92.14,PPAC-derived
2024-05-17,Maharashtra,92.15,PPAC-IOC-metro
2024-05-17,Punjab,90.24,PPAC-derived
2024-05-17,Rajasthan,93.04,PPAC-derived
2024-05-17,Tamil Nadu,92.34,PPAC-IOC-metro
2024-05-17,Telangana,94.14,PPAC-derived
2024-05-17,Uttar Pradesh,88.84,PPAC-derived
2024-05-17,West Bengal,90.76,PPAC-IOC-metro
2024-05-18,Andhra Pradesh,95.34,PPAC-derived
2024-05-18,Delhi,87.62,PPAC-IOC-metro
2024-05-18,Gujarat,87.14,PPAC-derived
2024-05-18,Haryana,89.64,PPAC-derived
2024-05-18,Karnataka,91.84,PPAC-derived
2024-05-18,Madhya Pradesh,92.14,PPAC-derived
2024-05-18,Maharashtra,92.15,PPAC-IOC-metro
2024-05-18,Punjab,90.24,PPAC-derived
2024-05-18,Rajasthan,93.04,PPAC-derived
2024-05-18,Tamil Nadu,92.34,PPAC-IOC-metro
2024-05-18,Telangana,94.14,PPAC-derived
2024-05-18,Uttar Pradesh,88.84,PPAC-derived
2024-05-18,West Bengal,90.76,PPAC-IOC-metro
2024-05-19,Andhra Pradesh,95.34,PPAC-derived
2024-05-19,Delhi,87.62,PPAC-IOC-metro
2024-05-19,Gujarat,87.14,PPAC-derived
2024-05-19,Haryana,89.64,PPAC-derived
2024-05-19,Karnataka,91.84,PPAC-derived
2024-05-19,Madhya Pradesh,92.14,PPAC-derived
2024-05-19,Maharashtra,92.15,PPAC-IOC-metro
2024-05-19,Punjab,90.24,PPAC-derived
2024-05-19,Rajasthan,93.04,PPAC-derived
2024-05-19,Tamil Nadu,92.34,PPAC-IOC-metro
2024-05-19,Telangana,94.14,PPAC-derived
2024-05-19,Uttar Pradesh,88.84,PPAC-derived
2024-05-19,West Bengal,90.76,PPAC-IOC-metro
2024-05-20,Andhra Pradesh,95.34,PPAC-derived
2024-05-20,Delhi,87.62,PPAC-IOC-metro
2024-05-20,Gujarat,87.14,PPAC-derived
2024-05-20,Haryana,89.64,PPAC-derived
2024-05-20,Karnataka,91.84,PPAC-derived
2024-05-20,Madhya Pradesh,92.14,PPAC-derived
2024-05-20,Maharashtra,92.15,PPAC-IOC-metro
2024-05-20,Punjab,90.24,PPAC-derived
2024-05-20,Rajasthan,93.04,PPAC-derived
2024-05-20,Tamil Nadu,92.34,PPAC-IOC-metro
2024-05-20,Telangana,94.14,PPAC-derived
2024-05-20,Uttar Pradesh,88.84,PPAC-derived
2024-05-20,West Bengal,90.76,PPAC-IOC-metro
2024-05-21,Andhra Pradesh,95.34,PPAC-derived
2024-05-21,Delhi,87.62,PPAC-IOC-metro
2024-05-21,Gujarat,87.14,PPAC-derived
2024-05-21,Haryana,89.64,PPAC-derived
2024-05-21,Karnataka,91.84,PPAC-derived
2024-05-21,Madhya Pradesh,92.14,PPAC-derived
2024-05-21,Maharashtra,92.15,PPAC-IOC-metro
2024-05-21,Punjab,90.24,PPAC-derived
2024-05-21,Rajasthan,93.04,PPAC-derived
2024-05-21,Tamil Nadu,92.34,PPAC-IOC-metro
2024-05-21,Telangana,94.14,PPAC-derived
2024-05-21,Uttar Pradesh,88.84,PPAC-derived
2024-05-21,West Bengal,90.76,PPAC-IOC-metro
2024-05-22,Andhra Pradesh,95.34,PPAC-derived
2024-05-22,Delhi,87.62,PPAC-IOC-metro
2024-05-22,Gujarat,87.14,PPAC-derived
2024-05-22,Haryana,89.64,PPAC-derived
2024-05-22,Karnataka,91.84,PPAC-derived
2024-05-22,Madhya Pradesh,92.14,PPAC-derived
2024-05-22,Maharashtra,92.15,PPAC-IOC-metro
2024-05-22,Punjab,90.24,PPAC-derived
2024-05-22,Rajasthan,93.04,PPAC-derived
2024-05-22,Tamil Nadu,92.34,PPAC-IOC-metro
2024-05-22,Telangana,94.14,PPAC-derived
2024-05-22,Uttar Pradesh,88.84,PPAC-derived
2024-05-22,West Bengal,90.76,PPAC-IOC-metro
2024-05-23,Andhra Pradesh,95.34,PPAC-derived
2024-05-23,Delhi,87.62,PPAC-IOC-metro
2024-05-23,Gujarat,87.14,PPAC-derived
2024-05-23,Haryana,89.64,PPAC-derived
2024-05-23,Karnataka,91.84,PPAC-derived
2024-05-23,Madhya Pradesh,92.14,PPAC-derived
2024-05-23,Maharashtra,92.15,PPAC-IOC-metro
2024-05-23,Punjab,90.24,PPAC-derived
2024-05-23,Rajasthan,93.04,PPAC-derived
2024-05-23,Tamil Nadu,92.34,PPAC-IOC-metro
2024-05-23,Telangana,94.14,PPAC-derived
2024-05-23,Uttar Pradesh,88.84,PPAC-derived
2024-05-23,West Bengal,90.76,PPAC-IOC-metro
2024-05-24,Andhra Pradesh,95.34,PPAC-derived
2024-05-24,Delhi,87.62,PPAC-IOC-metro
2024-05-24,Gujarat,87.14,PPAC-derived
2024-05-24,Haryana,89.64,PPAC-derived
2024-05-24,Karnataka,91.84,PPAC-derived
2024-05-24,Madhya Pradesh,92.14,PPAC-derived
2024-05-24,Maharashtra,92.15,PPAC-IOC-metro
2024-05-24,Punjab,90.24,PPAC-derived
2024-05-24,Rajasthan,93.04,PPAC-derived
2024-05-24,Tamil Nadu,92.34,PPAC-IOC-metro
2024-05-24,Telangana,94.14,PPAC-derived
2024-05-24,Uttar Pradesh,88.84,PPAC-derived
2024-05-24,West Bengal,90.76,PPAC-IOC-metro
2024-05-25,Andhra Pradesh,95.34,PPAC-derived
2024-05-25,Delhi,87.62,PPAC-IOC-metro
2024-05-25,Gujarat,87.14,PPAC-derived
2024-05-25,Haryana,89.64,PPAC-derived
2024-05-25,Karnataka,91.84,PPAC-derived
2024-05-25,Madhya Pradesh,92.14,PPAC-derived
2024-05-25,Maharashtra,92.15,PPAC-IOC-metro
2024-05-25,Punjab,90.24,PPAC-derived
2024-05-25,Rajasthan,93.04,PPAC-derived
2024-05-25,Tamil Nadu,92.34,PPAC-IOC-metro
2024-05-25,Telangana,94.14,PPAC-derived
2024-05-25,Uttar Pradesh,88.84,PPAC-derived
2024-05-25,West Bengal,90.76,PPAC-IOC-metro
2024-05-26,Andhra Pradesh,95.34,PPAC-derived
2024-05-26,Delhi,87.62,PPAC-IOC-metro
2024-05-26,Gujarat,87.14,PPAC-derived
2024-05-26,Haryana,89.64,PPAC-derived
2024-05-26,Karnataka,91.84,PPAC-derived
2024-05-26,Madhya Pradesh,92.14,PPAC-derived
2024-05-26,Maharashtra,92.15,PPAC-IOC-metro
2024-05-26,Punjab,90.24,PPAC-derived
2024-05-26,Rajasthan,93.04,PPAC-derived
2024-05-26,Tamil Nadu,92.34,PPAC-IOC-metro
2024-05-26,Telangana,94.14,PPAC-derived
2024-05-26,Uttar Pradesh,88.84,PPAC-derived
2024-05-26,West Bengal,90.76,PPAC-IOC-metro
2024-05-27,Andhra Pradesh,95.34,PPAC-derived
2024-05-27,Delhi,87.62,PPAC-IOC-metro
2024-05-27,Gujarat,87.14,PPAC-derived
2024-05-27,Haryana,89.64,PPAC-derived
2024-05-27,Karnataka,91.84,PPAC-derived
2024-05-27,Madhya Pradesh,92.14,PPAC-derived
2024-05-27,Maharashtra,92.15,PPAC-IOC-metro
2024-05-27,Punjab,90.24,PPAC-derived
2024-05-27,Rajasthan,93.04,PPAC-derived
2024-05-27,Tamil Nadu,92.34,PPAC-IOC-metro
2024-05-27,Telangana,94.14,PPAC-derived
2024-05-27,Uttar Pradesh,88.84,PPAC-derived
2024-05-27,West Bengal,90.76,PPAC-IOC-metro
2024-05-28,Andhra Pradesh,95.34,PPAC-derived
2024-05-28,Delhi,87.62,PPAC-IOC-metro
2024-05-28,Gujarat,87.14,PPAC-derived
2024-05-28,Haryana,89.64,PPAC-derived
2024-05-28,Karnataka,91.84,PPAC-derived
2024-05-28,Madhya Pradesh,92.14,PPAC-derived
2024-05-28,Maharashtra,92.15,PPAC-IOC-metro
2024-05-28,Punjab,90.24,PPAC-derived
2024-05-28,Rajasthan,93.04,PPAC-derived
2024-05-28,Tamil Nadu,92.34,PPAC-IOC-metro
2024-05-28,Telangana,94.14,PPAC-derived
2024-05-28,Uttar Pradesh,88.84,PPAC-derived
2024-05-28,West Bengal,90.76,PPAC-IOC-metro
2024-05-29,Andhra Pradesh,95.34,PPAC-derived
2024-05-29,Delhi,87.62,PPAC-IOC-metro
2024-05-29,Gujarat,87.14,PPAC-derived
2024-05-29,Haryana,89.64,PPAC-derived
2024-05-29,Karnataka,91.84,PPAC-derived
2024-05-29,Madhya Pradesh,92.14,PPAC-derived
2024-05-29,Maharashtra,92.15,PPAC-IOC-metro
2024-05-29,Punjab,90.24,PPAC-derived
2024-05-29,Rajasthan,93.04,PPAC-derived
2024-05-29,Tamil Nadu,92.34,PPAC-IOC-metro
2024-05-29,Telangana,94.14,PPAC-derived
2024-05-29,Uttar Pradesh,88.84,PPAC-derived
2024-05-29,West Bengal,90.76,PPAC-IOC-metro
2024-05-30,Andhra Pradesh,95.34,PPAC-derived
2024-05-30,Delhi,87.62,PPAC-IOC-metro
2024-05-30,Gujarat,87.14,PPAC-derived
2024-05-30,Haryana,89.64,PPAC-derived
2024-05-30,Karnataka,91.84,PPAC-derived
2024-05-30,Madhya Pradesh,92.14,PPAC-derived
2024-05-30,Maharashtra,92.15,PPAC-IOC-metro
2024-05-30,Punjab,90.24,PPAC-derived
2024-05-30,Rajasthan,93.04,PPAC-derived
2024-05-30,Tamil Nadu,92.34,PPAC-IOC-metro
2024-05-30,Telangana,94.14,PPAC-derived
2024-05-30,Uttar Pradesh,88.84,PPAC-derived
2024-05-30,West Bengal,90.76,PPAC-IOC-metro
2024-05-31,Andhra Pradesh,95.34,PPAC-derived
2024-05-31,Delhi,87.62,PPAC-IOC-metro
2024-05-31,Gujarat,87.14,PPAC-derived
2024-05-31,Haryana,89.64,PPAC-derived
2024-05-31,Karnataka,91.84,PPAC-derived
2024-05-31,Madhya Pradesh,92.14,PPAC-derived
2024-05-31,Maharashtra,92.15,PPAC-IOC-metro
2024-05-31,Punjab,90.24,PPAC-derived
2024-05-31,Rajasthan,93.04,PPAC-derived
2024-05-31,Tamil Nadu,92.34,PPAC-IOC-metro
2024-05-31,Telangana,94.14,PPAC-derived
2024-05-31,Uttar Pradesh,88.84,PPAC-derived
2024-05-31,West Bengal,90.76,PPAC-IOC-metro
2024-06-01,Andhra Pradesh,95.34,PPAC-derived
2024-06-01,Delhi,87.62,PPAC-IOC-metro
2024-06-01,Gujarat,87.14,PPAC-derived
2024-06-01,Haryana,89.64,PPAC-derived
2024-06-01,Karnataka,91.84,PPAC-derived
2024-06-01,Madhya Pradesh,92.14,PPAC-derived
2024-06-01,Maharashtra,92.15,PPAC-IOC-metro
2024-06-01,Punjab,90.24,PPAC-derived
2024-06-01,Rajasthan,93.04,PPAC-derived
2024-06-01,Tamil Nadu,92.34,PPAC-IOC-metro
2024-06-01,Telangana,94.14,PPAC-derived
2024-06-01,Uttar Pradesh,88.84,PPAC-derived
2024-06-01,West Bengal,90.76,PPAC-IOC-metro
2024-06-02,Andhra Pradesh,95.34,PPAC-derived
2024-06-02,Delhi,87.62,PPAC-IOC-metro
2024-06-02,Gujarat,87.14,PPAC-derived
2024-06-02,Haryana,89.64,PPAC-derived
2024-06-02,Karnataka,91.84,PPAC-derived
2024-06-02,Madhya Pradesh,92.14,PPAC-derived
2024-06-02,Maharashtra,92.15,PPAC-IOC-metro
2024-06-02,Punjab,90.24,PPAC-derived
2024-06-02,Rajasthan,93.04,PPAC-derived
2024-06-02,Tamil Nadu,92.34,PPAC-IOC-metro
2024-06-02,Telangana,94.14,PPAC-derived
2024-06-02,Uttar Pradesh,88.84,PPAC-derived
2024-06-02,West Bengal,90.76,PPAC-IOC-metro
2024-06-03,Andhra Pradesh,95.34,PPAC-derived
2024-06-03,Delhi,87.62,PPAC-IOC-metro
2024-06-03,Gujarat,87.14,PPAC-derived
2024-06-03,Haryana,89.64,PPAC-derived
2024-06-03,Karnataka,91.84,PPAC-derived
2024-06-03,Madhya Pradesh,92.14,PPAC-derived
2024-06-03,Maharashtra,92.15,PPAC-IOC-metro
2024-06-03,Punjab,90.24,PPAC-derived
2024-06-03,Rajasthan,93.04,PPAC-derived
2024-06-03,Tamil Nadu,92.34,PPAC-IOC-metro
2024-06-03,Telangana,94.14,PPAC-derived
2024-06-03,Uttar Pradesh,88.84,PPAC-derived
2024-06-03,West Bengal,90.76,PPAC-IOC-metro
2024-06-04,Andhra Pradesh,95.34,PPAC-derived
2024-06-04,Delhi,87.62,PPAC-IOC-metro
2024-06-04,Gujarat,87.14,PPAC-derived
2024-06-04,Haryana,89.64,PPAC-derived
2024-06-04,Karnataka,91.84,PPAC-derived
2024-06-04,Madhya Pradesh,92.14,PPAC-derived
2024-06-04,Maharashtra,92.15,PPAC-IOC-metro
2024-06-04,Punjab,90.24,PPAC-derived
2024-06-04,Rajasthan,93.04,PPAC-derived
2024-06-04,Tamil Nadu,92.34,PPAC-IOC-metro
2024-06-04,Telangana,94.14,PPAC-derived
2024-06-04,Uttar Pradesh,88.84,PPAC-derived
2024-06-04,West Bengal,90.76,PPAC-IOC-metro
2024-06-05,Andhra Pradesh,95.34,PPAC-derived
2024-06-05,Delhi,87.62,PPAC-IOC-metro
2024-06-05,Gujarat,87.14,PPAC-derived
2024-06-05,Haryana,89.64,PPAC-derived
2024-06-05,Karnataka,91.84,PPAC-derived
2024-06-05,Madhya Pradesh,92.14,PPAC-derived
2024-06-05,Maharashtra,92.15,PPAC-IOC-metro
2024-06-05,Punjab,90.24,PPAC-derived
2024-06-05,Rajasthan,93.04,PPAC-derived
2024-06-05,Tamil Nadu,92.34,PPAC-IOC-metro
2024-06-05,Telangana,94.14,PPAC-derived
2024-06-05,Uttar Pradesh,88.84,PPAC-derived
2024-06-05,West Bengal,90.76,PPAC-IOC-metro
2024-06-06,Andhra Pradesh,95.34,PPAC-derived
2024-06-06,Delhi,87.62,PPAC-IOC-metro
2024-06-06,Gujarat,87.14,PPAC-derived
2024-06-06,Haryana,89.64,PPAC-derived
2024-06-06,Karnataka,91.84,PPAC-derived
2024-06-06,Madhya Pradesh,92.14,PPAC-derived
2024-06-06,Maharashtra,92.15,PPAC-IOC-metro
2024-06-06,Punjab,90.24,PPAC-derived
2024-06-06,Rajasthan,93.04,PPAC-derived
2024-06-06,Tamil Nadu,92.34,PPAC-IOC-metro
2024-06-06,Telangana,94.14,PPAC-derived
2024-06-06,Uttar Pradesh,88.84,PPAC-derived
2024-06-06,West Bengal,90.76,PPAC-IOC-metro
2024-06-07,Andhra Pradesh,95.34,PPAC-derived
2024-06-07,Delhi,87.62,PPAC-IOC-metro
2024-06-07,Gujarat,87.14,PPAC-derived
2024-06-07,Haryana,89.64,PPAC-derived
2024-06-07,Karnataka,91.84,PPAC-derived
2024-06-07,Madhya Pradesh,92.14,PPAC-derived
2024-06-07,Maharashtra,92.15,PPAC-IOC-metro
2024-06-07,Punjab,90.24,PPAC-derived
2024-06-07,Rajasthan,93.04,PPAC-derived
2024-06-07,Tamil Nadu,92.34,PPAC-IOC-metro
2024-06-07,Telangana,94.14,PPAC-derived
2024-06-07,Uttar Pradesh,88.84,PPAC-derived
2024-06-07,West Bengal,90.76,PPAC-IOC-metro
2024-06-08,Andhra Pradesh,95.34,PPAC-derived
2024-06-08,Delhi,87.62,PPAC-IOC-metro
2024-06-08,Gujarat,87.14,PPAC-derived
2024-06-08,Haryana,89.64,PPAC-derived
2024-06-08,Karnataka,91.84,PPAC-derived
2024-06-08,Madhya Pradesh,92.14,PPAC-derived
2024-06-08,Maharashtra,92.15,PPAC-IOC-metro
2024-06-08,Punjab,90.24,PPAC-derived
2024-06-08,Rajasthan,93.04,PPAC-derived
2024-06-08,Tamil Nadu,92.34,PPAC-IOC-metro
2024-06-08,Telangana,94.14,PPAC-derived
2024-06-08,Uttar Pradesh,88.84,PPAC-derived
2024-06-08,West Bengal,90.76,PPAC-IOC-metro
2024-06-09,Andhra Pradesh,95.34,PPAC-derived
2024-06-09,Delhi,87.62,PPAC-IOC-metro
2024-06-09,Gujarat,87.14,PPAC-derived
2024-06-09,Haryana,89.64,PPAC-derived
2024-06-09,Karnataka,91.84,PPAC-derived
2024-06-09,Madhya Pradesh,92.14,PPAC-derived
2024-06-09,Maharashtra,92.15,PPAC-IOC-metro
2024-06-09,Punjab,90.24,PPAC-derived
2024-06-09,Rajasthan,93.04,PPAC-derived
2024-06-09,Tamil Nadu,92.34,PPAC-IOC-metro
2024-06-09,Telangana,94.14,PPAC-derived
2024-06-09,Uttar Pradesh,88.84,PPAC-derived
2024-06-09,West Bengal,90.76,PPAC-IOC-metro
2024-06-10,Andhra Pradesh,95.34,PPAC-derived
2024-06-10,Delhi,87.62,PPAC-IOC-metro
2024-06-10,Gujarat,87.14,PPAC-derived
2024-06-10,Haryana,89.64,PPAC-derived
2024-06-10,Karnataka,91.84,PPAC-derived
2024-06-10,Madhya Pradesh,92.14,PPAC-derived
2024-06-10,Maharashtra,92.15,PPAC-IOC-metro
2024-06-10,Punjab,90.24,PPAC-derived
2024-06-10,Rajasthan,93.04,PPAC-derived
2024-06-10,Tamil Nadu,92.34,PPAC-IOC-metro
2024-06-10,Telangana,94.14,PPAC-derived
2024-06-10,Uttar Pradesh,88.84,PPAC-derived
2024-06-10,West Bengal,90.76,PPAC-IOC-metro
2024-06-11,Andhra Pradesh,95.34,PPAC-derived
2024-06-11,Delhi,87.62,PPAC-IOC-metro
2024-06-11,Gujarat,87.14,PPAC-derived
2024-06-11,Haryana,89.64,PPAC-derived
2024-06-11,Karnataka,91.84,PPAC-derived
2024-06-11,Madhya Pradesh,92.14,PPAC-derived
2024-06-11,Maharashtra,92.15,PPAC-IOC-metro
2024-06-11,Punjab,90.24,PPAC-derived
2024-06-11,Rajasthan,93.04,PPAC-derived
2024-06-11,Tamil Nadu,92.34,PPAC-IOC-metro
2024-06-11,Telangana,94.14,PPAC-derived
2024-06-11,Uttar Pradesh,88.84,PPAC-derived
2024-06-11,West Bengal,90.76,PPAC-IOC-metro
2024-06-12,Andhra Pradesh,95.34,PPAC-derived
2024-06-12,Delhi,87.62,PPAC-IOC-metro
2024-06-12,Gujarat,87.14,PPAC-derived
2024-06-12,Haryana,89.64,PPAC-derived
2024-06-12,Karnataka,91.84,PPAC-derived
2024-06-12,Madhya Pradesh,92.14,PPAC-derived
2024-06-12,Maharashtra,92.15,PPAC-IOC-metro
2024-06-12,Punjab,90.24,PPAC-derived
2024-06-12,Rajasthan,93.04,PPAC-derived
2024-06-12,Tamil Nadu,92.34,PPAC-IOC-metro
2024-06-12,Telangana,94.14,PPAC-derived
2024-06-12,Uttar Pradesh,88.84,PPAC-derived
2024-06-12,West Bengal,90.76,PPAC-IOC-metro
2024-06-13,Andhra Pradesh,95.34,PPAC-derived
2024-06-13,Delhi,87.62,PPAC-IOC-metro
2024-06-13,Gujarat,87.14,PPAC-derived
2024-06-13,Haryana,89.64,PPAC-derived
2024-06-13,Karnataka,91.84,PPAC-derived
2024-06-13,Madhya Pradesh,92.14,PPAC-derived
2024-06-13,Maharashtra,92.15,PPAC-IOC-metro
2024-06-13,Punjab,90.24,PPAC-derived
2024-06-13,Rajasthan,93.04,PPAC-derived
2024-06-13,Tamil Nadu,92.34,PPAC-IOC-metro
2024-06-13,Telangana,94.14,PPAC-derived
2024-06-13,Uttar Pradesh,88.84,PPAC-derived
2024-06-13,West Bengal,90.76,PPAC-IOC-metro
2024-06-14,Andhra Pradesh,95.34,PPAC-derived
2024-06-14,Delhi,87.62,PPAC-IOC-metro
2024-06-14,Gujarat,87.14,PPAC-derived
2024-06-14,Haryana,89.64,PPAC-derived
2024-06-14,Karnataka,91.84,PPAC-derived
2024-06-14,Madhya Pradesh,92.14,PPAC-derived
2024-06-14,Maharashtra,92.15,PPAC-IOC-metro
2024-06-14,Punjab,90.24,PPAC-derived
2024-06-14,Rajasthan,93.04,PPAC-derived
2024-06-14,Tamil Nadu,92.34,PPAC-IOC-metro
2024-06-14,Telangana,94.14,PPAC-derived
2024-06-14,Uttar Pradesh,88.84,PPAC-derived
2024-06-14,West Bengal,90.76,PPAC-IOC-metro
2024-06-15,Andhra Pradesh,95.34,PPAC-derived
2024-06-15,Delhi,87.62,PPAC-IOC-metro
2024-06-15,Gujarat,87.14,PPAC-derived
2024-06-15,Haryana,89.64,PPAC-derived
2024-06-15,Karnataka,91.84,PPAC-derived
2024-06-15,Madhya Pradesh,92.14,PPAC-derived
2024-06-15,Maharashtra,92.15,PPAC-IOC-metro
2024-06-15,Punjab,90.24,PPAC-derived
2024-06-15,Rajasthan,93.04,PPAC-derived
2024-06-15,Tamil Nadu,92.34,PPAC-IOC-metro
2024-06-15,Telangana,94.14,PPAC-derived
2024-06-15,Uttar Pradesh,88.84,PPAC-derived
2024-06-15,West Bengal,90.76,PPAC-IOC-metro
2024-06-16,Andhra Pradesh,95.34,PPAC-derived
2024-06-16,Delhi,87.62,PPAC-IOC-metro
2024-06-16,Gujarat,87.14,PPAC-derived
2024-06-16,Haryana,89.64,PPAC-derived
2024-06-16,Karnataka,91.84,PPAC-derived
2024-06-16,Madhya Pradesh,92.14,PPAC-derived
2024-06-16,Maharashtra,92.15,PPAC-IOC-metro
2024-06-16,Punjab,90.24,PPAC-derived
2024-06-16,Rajasthan,93.04,PPAC-derived
2024-06-16,Tamil Nadu,92.34,PPAC-IOC-metro
2024-06-16,Telangana,94.14,PPAC-derived
2024-06-16,Uttar Pradesh,88.84,PPAC-derived
2024-06-16,West Bengal,90.76,PPAC-IOC-metro
2024-06-17,Andhra Pradesh,95.34,PPAC-derived
2024-06-17,Delhi,87.62,PPAC-IOC-metro
2024-06-17,Gujarat,87.14,PPAC-derived
2024-06-17,Haryana,89.64,PPAC-derived
2024-06-17,Karnataka,91.84,PPAC-derived
2024-06-17,Madhya Pradesh,92.14,PPAC-derived
2024-06-17,Maharashtra,92.15,PPAC-IOC-metro
2024-06-17,Punjab,90.24,PPAC-derived
2024-06-17,Rajasthan,93.04,PPAC-derived
2024-06-17,Tamil Nadu,92.34,PPAC-IOC-metro
2024-06-17,Telangana,94.14,PPAC-derived
2024-06-17,Uttar Pradesh,88.84,PPAC-derived
2024-06-17,West Bengal,90.76,PPAC-IOC-metro
2024-06-18,Andhra Pradesh,95.34,PPAC-derived
2024-06-18,Delhi,87.62,PPAC-IOC-metro
2024-06-18,Gujarat,87.14,PPAC-derived
2024-06-18,Haryana,89.64,PPAC-derived
2024-06-18,Karnataka,91.84,PPAC-derived
2024-06-18,Madhya Pradesh,92.14,PPAC-derived
2024-06-18,Maharashtra,92.15,PPAC-IOC-metro
2024-06-18,Punjab,90.24,PPAC-derived
2024-06-18,Rajasthan,93.04,PPAC-derived
2024-06-18,Tamil Nadu,92.34,PPAC-IOC-metro
2024-06-18,Telangana,94.14,PPAC-derived
2024-06-18,Uttar Pradesh,88.84,PPAC-derived
2024-06-18,West Bengal,90.76,PPAC-IOC-metro
2024-06-19,Andhra Pradesh,95.34,PPAC-derived
2024-06-19,Delhi,87.62,PPAC-IOC-metro
2024-06-19,Gujarat,87.14,PPAC-derived
2024-06-19,Haryana,89.64,PPAC-derived
2024-06-19,Karnataka,91.84,PPAC-derived
2024-06-19,Madhya Pradesh,92.14,PPAC-derived
2024-06-19,Maharashtra,92.15,PPAC-IOC-metro
2024-06-19,Punjab,90.24,PPAC-derived
2024-06-19,Rajasthan,93.04,PPAC-derived
2024-06-19,Tamil Nadu,92.34,PPAC-IOC-metro
2024-06-19,Telangana,94.14,PPAC-derived
2024-06-19,Uttar Pradesh,88.84,PPAC-derived
2024-06-19,West Bengal,90.76,PPAC-IOC-metro
2024-06-20,Andhra Pradesh,95.34,PPAC-derived
2024-06-20,Delhi,87.62,PPAC-IOC-metro
2024-06-20,Gujarat,87.14,PPAC-derived
2024-06-20,Haryana,89.64,PPAC-derived
2024-06-20,Karnataka,91.84,PPAC-derived
2024-06-20,Madhya Pradesh,92.14,PPAC-derived
2024-06-20,Maharashtra,92.15,PPAC-IOC-metro
2024-06-20,Punjab,90.24,PPAC-derived
2024-06-20,Rajasthan,93.04,PPAC-derived
2024-06-20,Tamil Nadu,92.34,PPAC-IOC-metro
2024-06-20,Telangana,94.14,PPAC-derived
2024-06-20,Uttar Pradesh,88.84,PPAC-derived
2024-06-20,West Bengal,90.76,PPAC-IOC-metro
2024-06-21,Andhra Pradesh,95.34,PPAC-derived
2024-06-21,Delhi,87.62,PPAC-IOC-metro
2024-06-21,Gujarat,87.14,PPAC-derived
2024-06-21,Haryana,89.64,PPAC-derived
2024-06-21,Karnataka,91.84,PPAC-derived
2024-06-21,Madhya Pradesh,92.14,PPAC-derived
2024-06-21,Maharashtra,92.15,PPAC-IOC-metro
2024-06-21,Punjab,90.24,PPAC-derived
2024-06-21,Rajasthan,93.04,PPAC-derived
2024-06-21,Tamil Nadu,92.34,PPAC-IOC-metro
2024-06-21,Telangana,94.14,PPAC-derived
2024-06-21,Uttar Pradesh,88.84,PPAC-derived
2024-06-21,West Bengal,90.76,PPAC-IOC-metro
2024-06-22,Andhra Pradesh,95.34,PPAC-derived
2024-06-22,Delhi,87.62,PPAC-IOC-metro
2024-06-22,Gujarat,87.14,PPAC-derived
2024-06-22,Haryana,89.64,PPAC-derived
2024-06-22,Karnataka,91.84,PPAC-derived
2024-06-22,Madhya Pradesh,92.14,PPAC-derived
2024-06-22,Maharashtra,92.15,PPAC-IOC-metro
2024-06-22,Punjab,90.24,PPAC-derived
2024-06-22,Rajasthan,93.04,PPAC-derived
2024-06-22,Tamil Nadu,92.34,PPAC-IOC-metro
2024-06-22,Telangana,94.14,PPAC-derived
2024-06-22,Uttar Pradesh,88.84,PPAC-derived
2024-06-22,West Bengal,90.76,PPAC-IOC-metro
2024-06-23,Andhra Pradesh,95.34,PPAC-derived
2024-06-23,Delhi,87.62,PPAC-IOC-metro
2024-06-23,Gujarat,87.14,PPAC-derived
2024-06-23,Haryana,89.64,PPAC-derived
2024-06-23,Karnataka,91.84,PPAC-derived
2024-06-23,Madhya Pradesh,92.14,PPAC-derived
2024-06-23,Maharashtra,92.15,PPAC-IOC-metro
2024-06-23,Punjab,90.24,PPAC-derived
2024-06-23,Rajasthan,93.04,PPAC-derived
2024-06-23,Tamil Nadu,92.34,PPAC-IOC-metro
2024-06-23,Telangana,94.14,PPAC-derived
2024-06-23,Uttar Pradesh,88.84,PPAC-derived
2024-06-23,West Bengal,90.76,PPAC-IOC-metro
2024-06-24,Andhra Pradesh,95.34,PPAC-derived
2024-06-24,Delhi,87.62,PPAC-IOC-metro
2024-06-24,Gujarat,87.14,PPAC-derived
2024-06-24,Haryana,89.64,PPAC-derived
2024-06-24,Karnataka,91.84,PPAC-derived
2024-06-24,Madhya Pradesh,92.14,PPAC-derived
2024-06-24,Maharashtra,92.15,PPAC-IOC-metro
2024-06-24,Punjab,90.24,PPAC-derived
2024-06-24,Rajasthan,93.04,PPAC-derived
2024-06-24,Tamil Nadu,92.34,PPAC-IOC-metro
2024-06-24,Telangana,94.14,PPAC-derived
2024-06-24,Uttar Pradesh,88.84,PPAC-derived
2024-06-24,West Bengal,90.76,PPAC-IOC-metro
2024-06-25,Andhra Pradesh,95.34,PPAC-derived
2024-06-25,Delhi,87.62,PPAC-IOC-metro
2024-06-25,Gujarat,87.14,PPAC-derived
2024-06-25,Haryana,89.64,PPAC-derived
2024-06-25,Karnataka,91.84,PPAC-derived
2024-06-25,Madhya Pradesh,92.14,PPAC-derived
2024-06-25,Maharashtra,92.15,PPAC-IOC-metro
2024-06-25,Punjab,90.24,PPAC-derived
2024-06-25,Rajasthan,93.04,PPAC-derived
2024-06-25,Tamil Nadu,92.34,PPAC-IOC-metro
2024-06-25,Telangana,94.14,PPAC-derived
2024-06-25,Uttar Pradesh,88.84,PPAC-derived
2024-06-25,West Bengal,90.76,PPAC-IOC-metro
2024-06-26,Andhra Pradesh,95.34,PPAC-derived
2024-06-26,Delhi,87.62,PPAC-IOC-metro
2024-06-26,Gujarat,87.14,PPAC-derived
2024-06-26,Haryana,89.64,PPAC-derived
2024-06-26,Karnataka,91.84,PPAC-derived
2024-06-26,Madhya Pradesh,92.14,PPAC-derived
2024-06-26,Maharashtra,92.15,PPAC-IOC-metro
2024-06-26,Punjab,90.24,PPAC-derived
2024-06-26,Rajasthan,93.04,PPAC-derived
2024-06-26,Tamil Nadu,92.34,PPAC-IOC-metro
2024-06-26,Telangana,94.14,PPAC-derived
2024-06-26,Uttar Pradesh,88.84,PPAC-derived
2024-06-26,West Bengal,90.76,PPAC-IOC-metro
2024-06-27,Andhra Pradesh,95.34,PPAC-derived
2024-06-27,Delhi,87.62,PPAC-IOC-metro
2024-06-27,Gujarat,87.14,PPAC-derived
2024-06-27,Haryana,89.64,PPAC-derived
2024-06-27,Karnataka,91.84,PPAC-derived
2024-06-27,Madhya Pradesh,92.14,PPAC-derived
2024-06-27,Maharashtra,92.15,PPAC-IOC-metro
2024-06-27,Punjab,90.24,PPAC-derived
2024-06-27,Rajasthan,93.04,PPAC-derived
2024-06-27,Tamil Nadu,92.34,PPAC-IOC-metro
2024-06-27,Telangana,94.14,PPAC-derived
2024-06-27,Uttar Pradesh,88.84,PPAC-derived
2024-06-27,West Bengal,90.76,PPAC-IOC-metro
2024-06-28,Andhra Pradesh,95.34,PPAC-derived
2024-06-28,Delhi,87.62,PPAC-IOC-metro
2024-06-28,Gujarat,87.14,PPAC-derived
2024-06-28,Haryana,89.64,PPAC-derived
2024-06-28,Karnataka,91.84,PPAC-derived
2024-06-28,Madhya Pradesh,92.14,PPAC-derived
2024-06-28,Maharashtra,92.15,PPAC-IOC-metro
2024-06-28,Punjab,90.24,PPAC-derived
2024-06-28,Rajasthan,93.04,PPAC-derived
2024-06-28,Tamil Nadu,92.34,PPAC-IOC-metro
2024-06-28,Telangana,94.14,PPAC-derived
2024-06-28,Uttar Pradesh,88.84,PPAC-derived
2024-06-28,West Bengal,90.76,PPAC-IOC-metro
2024-06-29,Andhra Pradesh,94.8,PPAC-derived
2024-06-29,Delhi,87.62,PPAC-IOC-metro
2024-06-29,Gujarat,86.6,PPAC-derived
2024-06-29,Haryana,89.1,PPAC-derived
2024-06-29,Karnataka,91.3,PPAC-derived
2024-06-29,Madhya Pradesh,91.6,PPAC-derived
2024-06-29,Maharashtra,89.97,PPAC-IOC-metro
2024-06-29,Punjab,89.7,PPAC-derived
2024-06-29,Rajasthan,92.5,PPAC-derived
2024-06-29,Tamil Nadu,92.34,PPAC-IOC-metro
2024-06-29,Telangana,93.6,PPAC-derived
2024-06-29,Uttar Pradesh,88.3,PPAC-derived
2024-06-29,West Bengal,90.76,PPAC-IOC-metro
2024-06-30,Andhra Pradesh,94.8,PPAC-derived
2024-06-30,Delhi,87.62,PPAC-IOC-metro
2024-06-30,Gujarat,86.6,PPAC-derived
2024-06-30,Haryana,89.1,PPAC-derived
2024-06-30,Karnataka,91.3,PPAC-derived
2024-06-30,Madhya Pradesh,91.6,PPAC-derived
2024-06-30,Maharashtra,89.97,PPAC-IOC-metro
2024-06-30,Punjab,89.7,PPAC-derived
2024-06-30,Rajasthan,92.5,PPAC-derived
2024-06-30,Tamil Nadu,92.34,PPAC-IOC-metro
2024-06-30,Telangana,93.6,PPAC-derived
2024-06-30,Uttar Pradesh,88.3,PPAC-derived
2024-06-30,West Bengal,90.76,PPAC-IOC-metro
2024-07-01,Andhra Pradesh,95.05,PPAC-derived
2024-07-01,Delhi,87.62,PPAC-IOC-metro
2024-07-01,Gujarat,86.85,PPAC-derived
2024-07-01,Haryana,89.35,PPAC-derived
2024-07-01,Karnataka,91.55,PPAC-derived
2024-07-01,Madhya Pradesh,91.85,PPAC-derived
2024-07-01,Maharashtra,89.97,PPAC-IOC-metro
2024-07-01,Punjab,89.95,PPAC-derived
2024-07-01,Rajasthan,92.75,PPAC-derived
2024-07-01,Tamil Nadu,92.34,PPAC-IOC-metro
2024-07-01,Telangana,93.85,PPAC-derived
2024-07-01,Uttar Pradesh,88.55,PPAC-derived
2024-07-01,West Bengal,91.76,PPAC-IOC-metro
2024-07-02,Andhra Pradesh,95.05,PPAC-derived
2024-07-02,Delhi,87.62,PPAC-IOC-metro
2024-07-02,Gujarat,86.85,PPAC-derived
2024-07-02,Haryana,89.35,PPAC-derived
2024-07-02,Karnataka,91.55,PPAC-derived
2024-07-02,Madhya Pradesh,91.85,PPAC-derived
2024-07-02,Maharashtra,89.97,PPAC-IOC-metro
2024-07-02,Punjab,89.95,PPAC-derived
2024-07-02,Rajasthan,92.75,PPAC-derived
2024-07-02,Tamil Nadu,92.34,PPAC-IOC-metro
2024-07-02,Telangana,93.85,PPAC-derived
2024-07-02,Uttar Pradesh,88.55,PPAC-derived
2024-07-02,West Bengal,91.76,PPAC-IOC-metro
2024-07-03,Andhra Pradesh,95.05,PPAC-derived
2024-07-03,Delhi,87.62,PPAC-IOC-metro
2024-07-03,Gujarat,86.85,PPAC-derived
2024-07-03,Haryana,89.35,PPAC-derived
2024-07-03,Karnataka,91.55,PPAC-derived
2024-07-03,Madhya Pradesh,91.85,PPAC-derived
2024-07-03,Maharashtra,89.97,PPAC-IOC-metro
2024-07-03,Punjab,89.95,PPAC-derived
2024-07-03,Rajasthan,92.75,PPAC-derived
2024-07-03,Tamil Nadu,92.34,PPAC-IOC-metro
2024-07-03,Telangana,93.85,PPAC-derived
2024-07-03,Uttar Pradesh,88.55,PPAC-derived
2024-07-03,West Bengal,91.76,PPAC-IOC-metro
2024-07-04,Andhra Pradesh,95.05,PPAC-derived
2024-07-04,Delhi,87.62,PPAC-IOC-metro
2024-07-04,Gujarat,86.85,PPAC-derived
2024-07-04,Haryana,89.35,PPAC-derived
2024-07-04,Karnataka,91.55,PPAC-derived
2024-07-04,Madhya Pradesh,91.85,PPAC-derived
2024-07-04,Maharashtra,89.97,PPAC-IOC-metro
2024-07-04,Punjab,89.95,PPAC-derived
2024-07-04,Rajasthan,92.75,PPAC-derived
2024-07-04,Tamil Nadu,92.34,PPAC-IOC-metro
2024-07-04,Telangana,93.85,PPAC-derived
2024-07-04,Uttar Pradesh,88.55,PPAC-derived
2024-07-04,West Bengal,91.76,PPAC-IOC-metro
2024-07-05,Andhra Pradesh,95.05,PPAC-derived
2024-07-05,Delhi,87.62,PPAC-IOC-metro
2024-07-05,Gujarat,86.85,PPAC-derived
2024-07-05,Haryana,89.35,PPAC-derived
2024-07-05,Karnataka,91.55,PPAC-derived
2024-07-05,Madhya Pradesh,91.85,PPAC-derived
2024-07-05,Maharashtra,89.97,PPAC-IOC-metro
2024-07-05,Punjab,89.95,PPAC-derived
2024-07-05,Rajasthan,92.75,PPAC-derived
2024-07-05,Tamil Nadu,92.34,PPAC-IOC-metro
2024-07-05,Telangana,93.85,PPAC-derived
2024-07-05,Uttar Pradesh,88.55,PPAC-derived
2024-07-05,West Bengal,91.76,PPAC-IOC-metro
2024-07-06,Andhra Pradesh,95.05,PPAC-derived
2024-07-06,Delhi,87.62,PPAC-IOC-metro
2024-07-06,Gujarat,86.85,PPAC-derived
2024-07-06,Haryana,89.35,PPAC-derived
2024-07-06,Karnataka,91.55,PPAC-derived
2024-07-06,Madhya Pradesh,91.85,PPAC-derived
2024-07-06,Maharashtra,89.97,PPAC-IOC-metro
2024-07-06,Punjab,89.95,PPAC-derived
2024-07-06,Rajasthan,92.75,PPAC-derived
2024-07-06,Tamil Nadu,92.34,PPAC-IOC-metro
2024-07-06,Telangana,93.85,PPAC-derived
2024-07-06,Uttar Pradesh,88.55,PPAC-derived
2024-07-06,West Bengal,91.76,PPAC-IOC-metro
2024-07-07,Andhra Pradesh,95.05,PPAC-derived
2024-07-07,Delhi,87.62,PPAC-IOC-metro
2024-07-07,Gujarat,86.85,PPAC-derived
2024-07-07,Haryana,89.35,PPAC-derived
2024-07-07,Karnataka,91.55,PPAC-derived
2024-07-07,Madhya Pradesh,91.85,PPAC-derived
2024-07-07,Maharashtra,89.97,PPAC-IOC-metro
2024-07-07,Punjab,89.95,PPAC-derived
2024-07-07,Rajasthan,92.75,PPAC-derived
2024-07-07,Tamil Nadu,92.34,PPAC-IOC-metro
2024-07-07,Telangana,93.85,PPAC-derived
2024-07-07,Uttar Pradesh,88.55,PPAC-derived
2024-07-07,West Bengal,91.76,PPAC-IOC-metro
2024-07-08,Andhra Pradesh,95.05,PPAC-derived
2024-07-08,Delhi,87.62,PPAC-IOC-metro
2024-07-08,Gujarat,86.85,PPAC-derived
2024-07-08,Haryana,89.35,PPAC-derived
2024-07-08,Karnataka,91.55,PPAC-derived
2024-07-08,Madhya Pradesh,91.85,PPAC-derived
2024-07-08,Maharashtra,89.97,PPAC-IOC-metro
2024-07-08,Punjab,89.95,PPAC-derived
2024-07-08,Rajasthan,92.75,PPAC-derived
2024-07-08,Tamil Nadu,92.34,PPAC-IOC-metro
2024-07-08,Telangana,93.85,PPAC-derived
2024-07-08,Uttar Pradesh,88.55,PPAC-derived
2024-07-08,West Bengal,91.76,PPAC-IOC-metro
2024-07-09,Andhra Pradesh,95.05,PPAC-derived
2024-07-09,Delhi,87.62,PPAC-IOC-metro
2024-07-09,Gujarat,86.85,PPAC-derived
2024-07-09,Haryana,89.35,PPAC-derived
2024-07-09,Karnataka,91.55,PPAC-derived
2024-07-09,Madhya Pradesh,91.85,PPAC-derived
2024-07-09,Maharashtra,89.97,PPAC-IOC-metro
2024-07-09,Punjab,89.95,PPAC-derived
2024-07-09,Rajasthan,92.75,PPAC-derived
2024-07-09,Tamil Nadu,92.34,PPAC-IOC-metro
2024-07-09,Telangana,93.85,PPAC-derived
2024-07-09,Uttar Pradesh,88.55,PPAC-derived
2024-07-09,West Bengal,91.76,PPAC-IOC-metro
2024-07-10,Andhra Pradesh,95.05,PPAC-derived
2024-07-10,Delhi,87.62,PPAC-IOC-metro
2024-07-10,Gujarat,86.85,PPAC-derived
2024-07-10,Haryana,89.35,PPAC-derived
2024-07-10,Karnataka,91.55,PPAC-derived
2024-07-10,Madhya Pradesh,91.85,PPAC-derived
2024-07-10,Maharashtra,89.97,PPAC-IOC-metro
2024-07-10,Punjab,89.95,PPAC-derived
2024-07-10,Rajasthan,92.75,PPAC-derived
2024-07-10,Tamil Nadu,92.34,PPAC-IOC-metro
2024-07-10,Telangana,93.85,PPAC-derived
2024-07-10,Uttar Pradesh,88.55,PPAC-derived
2024-07-10,West Bengal,91.76,PPAC-IOC-metro
2024-07-11,Andhra Pradesh,95.05,PPAC-derived
2024-07-11,Delhi,87.62,PPAC-IOC-metro
2024-07-11,Gujarat,86.85,PPAC-derived
2024-07-11,Haryana,89.35,PPAC-derived
2024-07-11,Karnataka,91.55,PPAC-derived
2024-07-11,Madhya Pradesh,91.85,PPAC-derived
2024-07-11,Maharashtra,89.97,PPAC-IOC-metro
2024-07-11,Punjab,89.95,PPAC-derived
2024-07-11,Rajasthan,92.75,PPAC-derived
2024-07-11,Tamil Nadu,92.34,PPAC-IOC-metro
2024-07-11,Telangana,93.85,PPAC-derived
2024-07-11,Uttar Pradesh,88.55,PPAC-derived
2024-07-11,West Bengal,91.76,PPAC-IOC-metro
2024-07-12,Andhra Pradesh,95.05,PPAC-derived
2024-07-12,Delhi,87.62,PPAC-IOC-metro
2024-07-12,Gujarat,86.85,PPAC-derived
2024-07-12,Haryana,89.35,PPAC-derived
2024-07-12,Karnataka,91.55,PPAC-derived
2024-07-12,Madhya Pradesh,91.85,PPAC-derived
2024-07-12,Maharashtra,89.97,PPAC-IOC-metro
2024-07-12,Punjab,89.95,PPAC-derived
2024-07-12,Rajasthan,92.75,PPAC-derived
2024-07-12,Tamil Nadu,92.34,PPAC-IOC-metro
2024-07-12,Telangana,93.85,PPAC-derived
2024-07-12,Uttar Pradesh,88.55,PPAC-derived
2024-07-12,West Bengal,91.76,PPAC-IOC-metro
2024-07-13,Andhra Pradesh,95.05,PPAC-derived
2024-07-13,Delhi,87.62,PPAC-IOC-metro
2024-07-13,Gujarat,86.85,PPAC-derived
2024-07-13,Haryana,89.35,PPAC-derived
2024-07-13,Karnataka,91.55,PPAC-derived
2024-07-13,Madhya Pradesh,91.85,PPAC-derived
2024-07-13,Maharashtra,89.97,PPAC-IOC-metro
2024-07-13,Punjab,89.95,PPAC-derived
2024-07-13,Rajasthan,92.75,PPAC-derived
2024-07-13,Tamil Nadu,92.34,PPAC-IOC-metro
2024-07-13,Telangana,93.85,PPAC-derived
2024-07-13,Uttar Pradesh,88.55,PPAC-derived
2024-07-13,West Bengal,91.76,PPAC-IOC-metro
2024-07-14,Andhra Pradesh,95.05,PPAC-derived
2024-07-14,Delhi,87.62,PPAC-IOC-metro
2024-07-14,Gujarat,86.85,PPAC-derived
2024-07-14,Haryana,89.35,PPAC-derived
2024-07-14,Karnataka,91.55,PPAC-derived
2024-07-14,Madhya Pradesh,91.85,PPAC-derived
2024-07-14,Maharashtra,89.97,PPAC-IOC-metro
2024-07-14,Punjab,89.95,PPAC-derived
2024-07-14,Rajasthan,92.75,PPAC-derived
2024-07-14,Tamil Nadu,92.34,PPAC-IOC-metro
2024-07-14,Telangana,93.85,PPAC-derived
2024-07-14,Uttar Pradesh,88.55,PPAC-derived
2024-07-14,West Bengal,91.76,PPAC-IOC-metro
2024-07-15,Andhra Pradesh,95.05,PPAC-derived
2024-07-15,Delhi,87.62,PPAC-IOC-metro
2024-07-15,Gujarat,86.85,PPAC-derived
2024-07-15,Haryana,89.35,PPAC-derived
2024-07-15,Karnataka,91.55,PPAC-derived
2024-07-15,Madhya Pradesh,91.85,PPAC-derived
2024-07-15,Maharashtra,89.97,PPAC-IOC-metro
2024-07-15,Punjab,89.95,PPAC-derived
2024-07-15,Rajasthan,92.75,PPAC-derived
2024-07-15,Tamil Nadu,92.34,PPAC-IOC-metro
2024-07-15,Telangana,93.85,PPAC-derived
2024-07-15,Uttar Pradesh,88.55,PPAC-derived
2024-07-15,West Bengal,91.76,PPAC-IOC-metro
2024-07-16,Andhra Pradesh,95.05,PPAC-derived
2024-07-16,Delhi,87.62,PPAC-IOC-metro
2024-07-16,Gujarat,86.85,PPAC-derived
2024-07-16,Haryana,89.35,PPAC-derived
2024-07-16,Karnataka,91.55,PPAC-derived
2024-07-16,Madhya Pradesh,91.85,PPAC-derived
2024-07-16,Maharashtra,89.97,PPAC-IOC-metro
2024-07-16,Punjab,89.95,PPAC-derived
2024-07-16,Rajasthan,92.75,PPAC-derived
2024-07-16,Tamil Nadu,92.34,PPAC-IOC-metro
2024-07-16,Telangana,93.85,PPAC-derived
2024-07-16,Uttar Pradesh,88.55,PPAC-derived
2024-07-16,West Bengal,91.76,PPAC-IOC-metro
2024-07-17,Andhra Pradesh,95.05,PPAC-derived
2024-07-17,Delhi,87.62,PPAC-IOC-metro
2024-07-17,Gujarat,86.85,PPAC-derived
2024-07-17,Haryana,89.35,PPAC-derived
2024-07-17,Karnataka,91.55,PPAC-derived
2024-07-17,Madhya Pradesh,91.85,PPAC-derived
2024-07-17,Maharashtra,89.97,PPAC-IOC-metro
2024-07-17,Punjab,89.95,PPAC-derived
2024-07-17,Rajasthan,92.75,PPAC-derived
2024-07-17,Tamil Nadu,92.34,PPAC-IOC-metro
2024-07-17,Telangana,93.85,PPAC-derived
2024-07-17,Uttar Pradesh,88.55,PPAC-derived
2024-07-17,West Bengal,91.76,PPAC-IOC-metro
2024-07-18,Andhra Pradesh,95.05,PPAC-derived
2024-07-18,Delhi,87.62,PPAC-IOC-metro
2024-07-18,Gujarat,86.85,PPAC-derived
2024-07-18,Haryana,89.35,PPAC-derived
2024-07-18,Karnataka,91.55,PPAC-derived
2024-07-18,Madhya Pradesh,91.85,PPAC-derived
2024-07-18,Maharashtra,89.97,PPAC-IOC-metro
2024-07-18,Punjab,89.95,PPAC-derived
2024-07-18,Rajasthan,92.75,PPAC-derived
2024-07-18,Tamil Nadu,92.34,PPAC-IOC-metro
2024-07-18,Telangana,93.85,PPAC-derived
2024-07-18,Uttar Pradesh,88.55,PPAC-derived
2024-07-18,West Bengal,91.76,PPAC-IOC-metro
2024-07-19,Andhra Pradesh,95.05,PPAC-derived
2024-07-19,Delhi,87.62,PPAC-IOC-metro
2024-07-19,Gujarat,86.85,PPAC-derived
2024-07-19,Haryana,89.35,PPAC-derived
2024-07-19,Karnataka,91.55,PPAC-derived
2024-07-19,Madhya Pradesh,91.85,PPAC-derived
2024-07-19,Maharashtra,89.97,PPAC-IOC-metro
2024-07-19,Punjab,89.95,PPAC-derived
2024-07-19,Rajasthan,92.75,PPAC-derived
2024-07-19,Tamil Nadu,92.34,PPAC-IOC-metro
2024-07-19,Telangana,93.85,PPAC-derived
2024-07-19,Uttar Pradesh,88.55,PPAC-derived
2024-07-19,West Bengal,91.76,PPAC-IOC-metro
2024-07-20,Andhra Pradesh,95.05,PPAC-derived
2024-07-20,Delhi,87.62,PPAC-IOC-metro
2024-07-20,Gujarat,86.85,PPAC-derived
2024-07-20,Haryana,89.35,PPAC-derived
2024-07-20,Karnataka,91.55,PPAC-derived
2024-07-20,Madhya Pradesh,91.85,PPAC-derived
2024-07-20,Maharashtra,89.97,PPAC-IOC-metro
2024-07-20,Punjab,89.95,PPAC-derived
2024-07-20,Rajasthan,92.75,PPAC-derived
2024-07-20,Tamil Nadu,92.34,PPAC-IOC-metro
2024-07-20,Telangana,93.85,PPAC-derived
2024-07-20,Uttar Pradesh,88.55,PPAC-derived
2024-07-20,West Bengal,91.76,PPAC-IOC-metro
2024-07-21,Andhra Pradesh,95.05,PPAC-derived
2024-07-21,Delhi,87.62,PPAC-IOC-metro
2024-07-21,Gujarat,86.85,PPAC-derived
2024-07-21,Haryana,89.35,PPAC-derived
2024-07-21,Karnataka,91.55,PPAC-derived
2024-07-21,Madhya Pradesh,91.85,PPAC-derived
2024-07-21,Maharashtra,89.97,PPAC-IOC-metro
2024-07-21,Punjab,89.95,PPAC-derived
2024-07-21,Rajasthan,92.75,PPAC-derived
2024-07-21,Tamil Nadu,92.34,PPAC-IOC-metro
2024-07-21,Telangana,93.85,PPAC-derived
2024-07-21,Uttar Pradesh,88.55,PPAC-derived
2024-07-21,West Bengal,91.76,PPAC-IOC-metro
2024-07-22,Andhra Pradesh,95.05,PPAC-derived
2024-07-22,Delhi,87.62,PPAC-IOC-metro
2024-07-22,Gujarat,86.85,PPAC-derived
2024-07-22,Haryana,89.35,PPAC-derived
2024-07-22,Karnataka,91.55,PPAC-derived
2024-07-22,Madhya Pradesh,91.85,PPAC-derived
2024-07-22,Maharashtra,89.97,PPAC-IOC-metro
2024-07-22,Punjab,89.95,PPAC-derived
2024-07-22,Rajasthan,92.75,PPAC-derived
2024-07-22,Tamil Nadu,92.34,PPAC-IOC-metro
2024-07-22,Telangana,93.85,PPAC-derived
2024-07-22,Uttar Pradesh,88.55,PPAC-derived
2024-07-22,West Bengal,91.76,PPAC-IOC-metro
2024-07-23,Andhra Pradesh,95.05,PPAC-derived
2024-07-23,Delhi,87.62,PPAC-IOC-metro
2024-07-23,Gujarat,86.85,PPAC-derived
2024-07-23,Haryana,89.35,PPAC-derived
2024-07-23,Karnataka,91.55,PPAC-derived
2024-07-23,Madhya Pradesh,91.85,PPAC-derived
2024-07-23,Maharashtra,89.97,PPAC-IOC-metro
2024-07-23,Punjab,89.95,PPAC-derived
2024-07-23,Rajasthan,92.75,PPAC-derived
2024-07-23,Tamil Nadu,92.34,PPAC-IOC-metro
2024-07-23,Telangana,93.85,PPAC-derived
2024-07-23,Uttar Pradesh,88.55,PPAC-derived
2024-07-23,West Bengal,91.76,PPAC-IOC-metro
2024-07-24,Andhra Pradesh,95.05,PPAC-derived
2024-07-24,Delhi,87.62,PPAC-IOC-metro
2024-07-24,Gujarat,86.85,PPAC-derived
2024-07-24,Haryana,89.35,PPAC-derived
2024-07-24,Karnataka,91.55,PPAC-derived
2024-07-24,Madhya Pradesh,91.85,PPAC-derived
2024-07-24,Maharashtra,89.97,PPAC-IOC-metro
2024-07-24,Punjab,89.95,PPAC-derived
2024-07-24,Rajasthan,92.75,PPAC-derived
2024-07-24,Tamil Nadu,92.34,PPAC-IOC-metro
2024-07-24,Telangana,93.85,PPAC-derived
2024-07-24,Uttar Pradesh,88.55,PPAC-derived
2024-07-24,West Bengal,91.76,PPAC-IOC-metro
2024-07-25,Andhra Pradesh,95.05,PPAC-derived
2024-07-25,Delhi,87.62,PPAC-IOC-metro
2024-07-25,Gujarat,86.85,PPAC-derived
2024-07-25,Haryana,89.35,PPAC-derived
2024-07-25,Karnataka,91.55,PPAC-derived
2024-07-25,Madhya Pradesh,91.85,PPAC-derived
2024-07-25,Maharashtra,89.97,PPAC-IOC-metro
2024-07-25,Punjab,89.95,PPAC-derived
2024-07-25,Rajasthan,92.75,PPAC-derived
2024-07-25,Tamil Nadu,92.34,PPAC-IOC-metro
2024-07-25,Telangana,93.85,PPAC-derived
2024-07-25,Uttar Pradesh,88.55,PPAC-derived
2024-07-25,West Bengal,91.76,PPAC-IOC-metro
2024-07-26,Andhra Pradesh,95.05,PPAC-derived
2024-07-26,Delhi,87.62,PPAC-IOC-metro
2024-07-26,Gujarat,86.85,PPAC-derived
2024-07-26,Haryana,89.35,PPAC-derived
2024-07-26,Karnataka,91.55,PPAC-derived
2024-07-26,Madhya Pradesh,91.85,PPAC-derived
2024-07-26,Maharashtra,89.97,PPAC-IOC-metro
2024-07-26,Punjab,89.95,PPAC-derived
2024-07-26,Rajasthan,92.75,PPAC-derived
2024-07-26,Tamil Nadu,92.34,PPAC-IOC-metro
2024-07-26,Telangana,93.85,PPAC-derived
2024-07-26,Uttar Pradesh,88.55,PPAC-derived
2024-07-26,West Bengal,91.76,PPAC-IOC-metro
2024-07-27,Andhra Pradesh,95.05,PPAC-derived
2024-07-27,Delhi,87.62,PPAC-IOC-metro
2024-07-27,Gujarat,86.85,PPAC-derived
2024-07-27,Haryana,89.35,PPAC-derived
2024-07-27,Karnataka,91.55,PPAC-derived
2024-07-27,Madhya Pradesh,91.85,PPAC-derived
2024-07-27,Maharashtra,89.97,PPAC-IOC-metro
2024-07-27,Punjab,89.95,PPAC-derived
2024-07-27,Rajasthan,92.75,PPAC-derived
2024-07-27,Tamil Nadu,92.34,PPAC-IOC-metro
2024-07-27,Telangana,93.85,PPAC-derived
2024-07-27,Uttar Pradesh,88.55,PPAC-derived
2024-07-27,West Bengal,91.76,PPAC-IOC-metro
2024-07-28,Andhra Pradesh,95.05,PPAC-derived
2024-07-28,Delhi,87.62,PPAC-IOC-metro
2024-07-28,Gujarat,86.85,PPAC-derived
2024-07-28,Haryana,89.35,PPAC-derived
2024-07-28,Karnataka,91.55,PPAC-derived
2024-07-28,Madhya Pradesh,91.85,PPAC-derived
2024-07-28,Maharashtra,89.97,PPAC-IOC-metro
2024-07-28,Punjab,89.95,PPAC-derived
2024-07-28,Rajasthan,92.75,PPAC-derived
2024-07-28,Tamil Nadu,92.34,PPAC-IOC-metro
2024-07-28,Telangana,93.85,PPAC-derived
2024-07-28,Uttar Pradesh,88.55,PPAC-derived
2024-07-28,West Bengal,91.76,PPAC-IOC-metro
2024-07-29,Andhra Pradesh,95.05,PPAC-derived
2024-07-29,Delhi,87.62,PPAC-IOC-metro
2024-07-29,Gujarat,86.85,PPAC-derived
2024-07-29,Haryana,89.35,PPAC-derived
2024-07-29,Karnataka,91.55,PPAC-derived
2024-07-29,Madhya Pradesh,91.85,PPAC-derived
2024-07-29,Maharashtra,89.97,PPAC-IOC-metro
2024-07-29,Punjab,89.95,PPAC-derived
2024-07-29,Rajasthan,92.75,PPAC-derived
2024-07-29,Tamil Nadu,92.34,PPAC-IOC-metro
2024-07-29,Telangana,93.85,PPAC-derived
2024-07-29,Uttar Pradesh,88.55,PPAC-derived
2024-07-29,West Bengal,91.76,PPAC-IOC-metro
2024-07-30,Andhra Pradesh,95.05,PPAC-derived
2024-07-30,Delhi,87.62,PPAC-IOC-metro
2024-07-30,Gujarat,86.85,PPAC-derived
2024-07-30,Haryana,89.35,PPAC-derived
2024-07-30,Karnataka,91.55,PPAC-derived
2024-07-30,Madhya Pradesh,91.85,PPAC-derived
2024-07-30,Maharashtra,89.97,PPAC-IOC-metro
2024-07-30,Punjab,89.95,PPAC-derived
2024-07-30,Rajasthan,92.75,PPAC-derived
2024-07-30,Tamil Nadu,92.34,PPAC-IOC-metro
2024-07-30,Telangana,93.85,PPAC-derived
2024-07-30,Uttar Pradesh,88.55,PPAC-derived
2024-07-30,West Bengal,91.76,PPAC-IOC-metro
2024-07-31,Andhra Pradesh,95.05,PPAC-derived
2024-07-31,Delhi,87.62,PPAC-IOC-metro
2024-07-31,Gujarat,86.85,PPAC-derived
2024-07-31,Haryana,89.35,PPAC-derived
2024-07-31,Karnataka,91.55,PPAC-derived
2024-07-31,Madhya Pradesh,91.85,PPAC-derived
2024-07-31,Maharashtra,89.97,PPAC-IOC-metro
2024-07-31,Punjab,89.95,PPAC-derived
2024-07-31,Rajasthan,92.75,PPAC-derived
2024-07-31,Tamil Nadu,92.34,PPAC-IOC-metro
2024-07-31,Telangana,93.85,PPAC-derived
2024-07-31,Uttar Pradesh,88.55,PPAC-derived
2024-07-31,West Bengal,91.76,PPAC-IOC-metro
2024-08-01,Andhra Pradesh,95.05,PPAC-derived
2024-08-01,Delhi,87.62,PPAC-IOC-metro
2024-08-01,Gujarat,86.85,PPAC-derived
2024-08-01,Haryana,89.35,PPAC-derived
2024-08-01,Karnataka,91.55,PPAC-derived
2024-08-01,Madhya Pradesh,91.85,PPAC-derived
2024-08-01,Maharashtra,89.97,PPAC-IOC-metro
2024-08-01,Punjab,89.95,PPAC-derived
2024-08-01,Rajasthan,92.75,PPAC-derived
2024-08-01,Tamil Nadu,92.34,PPAC-IOC-metro
2024-08-01,Telangana,93.85,PPAC-derived
2024-08-01,Uttar Pradesh,88.55,PPAC-derived
2024-08-01,West Bengal,91.76,PPAC-IOC-metro
2024-08-02,Andhra Pradesh,95.05,PPAC-derived
2024-08-02,Delhi,87.62,PPAC-IOC-metro
2024-08-02,Gujarat,86.85,PPAC-derived
2024-08-02,Haryana,89.35,PPAC-derived
2024-08-02,Karnataka,91.55,PPAC-derived
2024-08-02,Madhya Pradesh,91.85,PPAC-derived
2024-08-02,Maharashtra,89.97,PPAC-IOC-metro
2024-08-02,Punjab,89.95,PPAC-derived
2024-08-02,Rajasthan,92.75,PPAC-derived
2024-08-02,Tamil Nadu,92.34,PPAC-IOC-metro
2024-08-02,Telangana,93.85,PPAC-derived
2024-08-02,Uttar Pradesh,88.55,PPAC-derived
2024-08-02,West Bengal,91.76,PPAC-IOC-metro
2024-08-03,Andhra Pradesh,95.05,PPAC-derived
2024-08-03,Delhi,87.62,PPAC-IOC-metro
2024-08-03,Gujarat,86.85,PPAC-derived
2024-08-03,Haryana,89.35,PPAC-derived
2024-08-03,Karnataka,91.55,PPAC-derived
2024-08-03,Madhya Pradesh,91.85,PPAC-derived
2024-08-03,Maharashtra,89.97,PPAC-IOC-metro
2024-08-03,Punjab,89.95,PPAC-derived
2024-08-03,Rajasthan,92.75,PPAC-derived
2024-08-03,Tamil Nadu,92.34,PPAC-IOC-metro
2024-08-03,Telangana,93.85,PPAC-derived
2024-08-03,Uttar Pradesh,88.55,PPAC-derived
2024-08-03,West Bengal,91.76,PPAC-IOC-metro
2024-08-04,Andhra Pradesh,95.05,PPAC-derived
2024-08-04,Delhi,87.62,PPAC-IOC-metro
2024-08-04,Gujarat,86.85,PPAC-derived
2024-08-04,Haryana,89.35,PPAC-derived
2024-08-04,Karnataka,91.55,PPAC-derived
2024-08-04,Madhya Pradesh,91.85,PPAC-derived
2024-08-04,Maharashtra,89.97,PPAC-IOC-metro
2024-08-04,Punjab,89.95,PPAC-derived
2024-08-04,Rajasthan,92.75,PPAC-derived
2024-08-04,Tamil Nadu,92.34,PPAC-IOC-metro
2024-08-04,Telangana,93.85,PPAC-derived
2024-08-04,Uttar Pradesh,88.55,PPAC-derived
2024-08-04,West Bengal,91.76,PPAC-IOC-metro
2024-08-05,Andhra Pradesh,95.05,PPAC-derived
2024-08-05,Delhi,87.62,PPAC-IOC-metro
2024-08-05,Gujarat,86.85,PPAC-derived
2024-08-05,Haryana,89.35,PPAC-derived
2024-08-05,Karnataka,91.55,PPAC-derived
2024-08-05,Madhya Pradesh,91.85,PPAC-derived
2024-08-05,Maharashtra,89.97,PPAC-IOC-metro
2024-08-05,Punjab,89.95,PPAC-derived
2024-08-05,Rajasthan,92.75,PPAC-derived
2024-08-05,Tamil Nadu,92.34,PPAC-IOC-metro
2024-08-05,Telangana,93.85,PPAC-derived
2024-08-05,Uttar Pradesh,88.55,PPAC-derived
2024-08-05,West Bengal,91.76,PPAC-IOC-metro
2024-08-06,Andhra Pradesh,95.05,PPAC-derived
2024-08-06,Delhi,87.62,PPAC-IOC-metro
2024-08-06,Gujarat,86.85,PPAC-derived
2024-08-06,Haryana,89.35,PPAC-derived
2024-08-06,Karnataka,91.55,PPAC-derived
2024-08-06,Madhya Pradesh,91.85,PPAC-derived
2024-08-06,Maharashtra,89.97,PPAC-IOC-metro
2024-08-06,Punjab,89.95,PPAC-derived
2024-08-06,Rajasthan,92.75,PPAC-derived
2024-08-06,Tamil Nadu,92.34,PPAC-IOC-metro
2024-08-06,Telangana,93.85,PPAC-derived
2024-08-06,Uttar Pradesh,88.55,PPAC-derived
2024-08-06,West Bengal,91.76,PPAC-IOC-metro
2024-08-07,Andhra Pradesh,95.05,PPAC-derived
2024-08-07,Delhi,87.62,PPAC-IOC-metro
2024-08-07,Gujarat,86.85,PPAC-derived
2024-08-07,Haryana,89.35,PPAC-derived
2024-08-07,Karnataka,91.55,PPAC-derived
2024-08-07,Madhya Pradesh,91.85,PPAC-derived
2024-08-07,Maharashtra,89.97,PPAC-IOC-metro
2024-08-07,Punjab,89.95,PPAC-derived
2024-08-07,Rajasthan,92.75,PPAC-derived
2024-08-07,Tamil Nadu,92.34,PPAC-IOC-metro
2024-08-07,Telangana,93.85,PPAC-derived
2024-08-07,Uttar Pradesh,88.55,PPAC-derived
2024-08-07,West Bengal,91.76,PPAC-IOC-metro
2024-08-08,Andhra Pradesh,95.05,PPAC-derived
2024-08-08,Delhi,87.62,PPAC-IOC-metro
2024-08-08,Gujarat,86.85,PPAC-derived
2024-08-08,Haryana,89.35,PPAC-derived
2024-08-08,Karnataka,91.55,PPAC-derived
2024-08-08,Madhya Pradesh,91.85,PPAC-derived
2024-08-08,Maharashtra,89.97,PPAC-IOC-metro
2024-08-08,Punjab,89.95,PPAC-derived
2024-08-08,Rajasthan,92.75,PPAC-derived
2024-08-08,Tamil Nadu,92.34,PPAC-IOC-metro
2024-08-08,Telangana,93.85,PPAC-derived
2024-08-08,Uttar Pradesh,88.55,PPAC-derived
2024-08-08,West Bengal,91.76,PPAC-IOC-metro
2024-08-09,Andhra Pradesh,95.05,PPAC-derived
2024-08-09,Delhi,87.62,PPAC-IOC-metro
2024-08-09,Gujarat,86.85,PPAC-derived
2024-08-09,Haryana,89.35,PPAC-derived
2024-08-09,Karnataka,91.55,PPAC-derived
2024-08-09,Madhya Pradesh,91.85,PPAC-derived
2024-08-09,Maharashtra,89.97,PPAC-IOC-metro
2024-08-09,Punjab,89.95,PPAC-derived
2024-08-09,Rajasthan,92.75,PPAC-derived
2024-08-09,Tamil Nadu,92.34,PPAC-IOC-metro
2024-08-09,Telangana,93.85,PPAC-derived
2024-08-09,Uttar Pradesh,88.55,PPAC-derived
2024-08-09,West Bengal,91.76,PPAC-IOC-metro
2024-08-10,Andhra Pradesh,95.05,PPAC-derived
2024-08-10,Delhi,87.62,PPAC-IOC-metro
2024-08-10,Gujarat,86.85,PPAC-derived
2024-08-10,Haryana,89.35,PPAC-derived
2024-08-10,Karnataka,91.55,PPAC-derived
2024-08-10,Madhya Pradesh,91.85,PPAC-derived
2024-08-10,Maharashtra,89.97,PPAC-IOC-metro
2024-08-10,Punjab,89.95,PPAC-derived
2024-08-10,Rajasthan,92.75,PPAC-derived
2024-08-10,Tamil Nadu,92.34,PPAC-IOC-metro
2024-08-10,Telangana,93.85,PPAC-derived
2024-08-10,Uttar Pradesh,88.55,PPAC-derived
2024-08-10,West Bengal,91.76,PPAC-IOC-metro
2024-08-11,Andhra Pradesh,95.05,PPAC-derived
2024-08-11,Delhi,87.62,PPAC-IOC-metro
2024-08-11,Gujarat,86.85,PPAC-derived
2024-08-11,Haryana,89.35,PPAC-derived
2024-08-11,Karnataka,91.55,PPAC-derived
2024-08-11,Madhya Pradesh,91.85,PPAC-derived
2024-08-11,Maharashtra,89.97,PPAC-IOC-metro
2024-08-11,Punjab,89.95,PPAC-derived
2024-08-11,Rajasthan,92.75,PPAC-derived
2024-08-11,Tamil Nadu,92.34,PPAC-IOC-metro
2024-08-11,Telangana,93.85,PPAC-derived
2024-08-11,Uttar Pradesh,88.55,PPAC-derived
2024-08-11,West Bengal,91.76,PPAC-IOC-metro
2024-08-12,Andhra Pradesh,95.05,PPAC-derived
2024-08-12,Delhi,87.62,PPAC-IOC-metro
2024-08-12,Gujarat,86.85,PPAC-derived
2024-08-12,Haryana,89.35,PPAC-derived
2024-08-12,Karnataka,91.55,PPAC-derived
2024-08-12,Madhya Pradesh,91.85,PPAC-derived
2024-08-12,Maharashtra,89.97,PPAC-IOC-metro
2024-08-12,Punjab,89.95,PPAC-derived
2024-08-12,Rajasthan,92.75,PPAC-derived
2024-08-12,Tamil Nadu,92.34,PPAC-IOC-metro
2024-08-12,Telangana,93.85,PPAC-derived
2024-08-12,Uttar Pradesh,88.55,PPAC-derived
2024-08-12,West Bengal,91.76,PPAC-IOC-metro
2024-08-13,Andhra Pradesh,95.05,PPAC-derived
2024-08-13,Delhi,87.62,PPAC-IOC-metro
2024-08-13,Gujarat,86.85,PPAC-derived
2024-08-13,Haryana,89.35,PPAC-derived
2024-08-13,Karnataka,91.55,PPAC-derived
2024-08-13,Madhya Pradesh,91.85,PPAC-derived
2024-08-13,Maharashtra,89.97,PPAC-IOC-metro
2024-08-13,Punjab,89.95,PPAC-derived
2024-08-13,Rajasthan,92.75,PPAC-derived
2024-08-13,Tamil Nadu,92.34,PPAC-IOC-metro
2024-08-13,Telangana,93.85,PPAC-derived
2024-08-13,Uttar Pradesh,88.55,PPAC-derived
2024-08-13,West Bengal,91.76,PPAC-IOC-metro
2024-08-14,Andhra Pradesh,95.05,PPAC-derived
2024-08-14,Delhi,87.62,PPAC-IOC-metro
2024-08-14,Gujarat,86.85,PPAC-derived
2024-08-14,Haryana,89.35,PPAC-derived
2024-08-14,Karnataka,91.55,PPAC-derived
2024-08-14,Madhya Pradesh,91.85,PPAC-derived
2024-08-14,Maharashtra,89.97,PPAC-IOC-metro
2024-08-14,Punjab,89.95,PPAC-derived
2024-08-14,Rajasthan,92.75,PPAC-derived
2024-08-14,Tamil Nadu,92.34,PPAC-IOC-metro
2024-08-14,Telangana,93.85,PPAC-derived
2024-08-14,Uttar Pradesh,88.55,PPAC-derived
2024-08-14,West Bengal,91.76,PPAC-IOC-metro
2024-08-15,Andhra Pradesh,95.05,PPAC-derived
2024-08-15,Delhi,87.62,PPAC-IOC-metro
2024-08-15,Gujarat,86.85,PPAC-derived
2024-08-15,Haryana,89.35,PPAC-derived
2024-08-15,Karnataka,91.55,PPAC-derived
2024-08-15,Madhya Pradesh,91.85,PPAC-derived
2024-08-15,Maharashtra,89.97,PPAC-IOC-metro
2024-08-15,Punjab,89.95,PPAC-derived
2024-08-15,Rajasthan,92.75,PPAC-derived
2024-08-15,Tamil Nadu,92.34,PPAC-IOC-metro
2024-08-15,Telangana,93.85,PPAC-derived
2024-08-15,Uttar Pradesh,88.55,PPAC-derived
2024-08-15,West Bengal,91.76,PPAC-IOC-metro
2024-08-16,Andhra Pradesh,95.05,PPAC-derived
2024-08-16,Delhi,87.62,PPAC-IOC-metro
2024-08-16,Gujarat,86.85,PPAC-derived
2024-08-16,Haryana,89.35,PPAC-derived
2024-08-16,Karnataka,91.55,PPAC-derived
2024-08-16,Madhya Pradesh,91.85,PPAC-derived
2024-08-16,Maharashtra,89.97,PPAC-IOC-metro
2024-08-16,Punjab,89.95,PPAC-derived
2024-08-16,Rajasthan,92.75,PPAC-derived
2024-08-16,Tamil Nadu,92.34,PPAC-IOC-metro
2024-08-16,Telangana,93.85,PPAC-derived
2024-08-16,Uttar Pradesh,88.55,PPAC-derived
2024-08-16,West Bengal,91.76,PPAC-IOC-metro
2024-08-17,Andhra Pradesh,95.05,PPAC-derived
2024-08-17,Delhi,87.62,PPAC-IOC-metro
2024-08-17,Gujarat,86.85,PPAC-derived
2024-08-17,Haryana,89.35,PPAC-derived
2024-08-17,Karnataka,91.55,PPAC-derived
2024-08-17,Madhya Pradesh,91.85,PPAC-derived
2024-08-17,Maharashtra,89.97,PPAC-IOC-metro
2024-08-17,Punjab,89.95,PPAC-derived
2024-08-17,Rajasthan,92.75,PPAC-derived
2024-08-17,Tamil Nadu,92.34,PPAC-IOC-metro
2024-08-17,Telangana,93.85,PPAC-derived
2024-08-17,Uttar Pradesh,88.55,PPAC-derived
2024-08-17,West Bengal,91.76,PPAC-IOC-metro
2024-08-18,Andhra Pradesh,95.05,PPAC-derived
2024-08-18,Delhi,87.62,PPAC-IOC-metro
2024-08-18,Gujarat,86.85,PPAC-derived
2024-08-18,Haryana,89.35,PPAC-derived
2024-08-18,Karnataka,91.55,PPAC-derived
2024-08-18,Madhya Pradesh,91.85,PPAC-derived
2024-08-18,Maharashtra,89.97,PPAC-IOC-metro
2024-08-18,Punjab,89.95,PPAC-derived
2024-08-18,Rajasthan,92.75,PPAC-derived
2024-08-18,Tamil Nadu,92.34,PPAC-IOC-metro
2024-08-18,Telangana,93.85,PPAC-derived
2024-08-18,Uttar Pradesh,88.55,PPAC-derived
2024-08-18,West Bengal,91.76,PPAC-IOC-metro
2024-08-19,Andhra Pradesh,95.05,PPAC-derived
2024-08-19,Delhi,87.62,PPAC-IOC-metro
2024-08-19,Gujarat,86.85,PPAC-derived
2024-08-19,Haryana,89.35,PPAC-derived
2024-08-19,Karnataka,91.55,PPAC-derived
2024-08-19,Madhya Pradesh,91.85,PPAC-derived
2024-08-19,Maharashtra,89.97,PPAC-IOC-metro
2024-08-19,Punjab,89.95,PPAC-derived
2024-08-19,Rajasthan,92.75,PPAC-derived
2024-08-19,Tamil Nadu,92.34,PPAC-IOC-metro
2024-08-19,Telangana,93.85,PPAC-derived
2024-08-19,Uttar Pradesh,88.55,PPAC-derived
2024-08-19,West Bengal,91.76,PPAC-IOC-metro
2024-08-20,Andhra Pradesh,95.05,PPAC-derived
2024-08-20,Delhi,87.62,PPAC-IOC-metro
2024-08-20,Gujarat,86.85,PPAC-derived
2024-08-20,Haryana,89.35,PPAC-derived
2024-08-20,Karnataka,91.55,PPAC-derived
2024-08-20,Madhya Pradesh,91.85,PPAC-derived
2024-08-20,Maharashtra,89.97,PPAC-IOC-metro
2024-08-20,Punjab,89.95,PPAC-derived
2024-08-20,Rajasthan,92.75,PPAC-derived
2024-08-20,Tamil Nadu,92.34,PPAC-IOC-metro
2024-08-20,Telangana,93.85,PPAC-derived
2024-08-20,Uttar Pradesh,88.55,PPAC-derived
2024-08-20,West Bengal,91.76,PPAC-IOC-metro
2024-08-21,Andhra Pradesh,95.05,PPAC-derived
2024-08-21,Delhi,87.62,PPAC-IOC-metro
2024-08-21,Gujarat,86.85,PPAC-derived
2024-08-21,Haryana,89.35,PPAC-derived
2024-08-21,Karnataka,91.55,PPAC-derived
2024-08-21,Madhya Pradesh,91.85,PPAC-derived
2024-08-21,Maharashtra,89.97,PPAC-IOC-metro
2024-08-21,Punjab,89.95,PPAC-derived
2024-08-21,Rajasthan,92.75,PPAC-derived
2024-08-21,Tamil Nadu,92.34,PPAC-IOC-metro
2024-08-21,Telangana,93.85,PPAC-derived
2024-08-21,Uttar Pradesh,88.55,PPAC-derived
2024-08-21,West Bengal,91.76,PPAC-IOC-metro
2024-08-22,Andhra Pradesh,95.05,PPAC-derived
2024-08-22,Delhi,87.62,PPAC-IOC-metro
2024-08-22,Gujarat,86.85,PPAC-derived
2024-08-22,Haryana,89.35,PPAC-derived
2024-08-22,Karnataka,91.55,PPAC-derived
2024-08-22,Madhya Pradesh,91.85,PPAC-derived
2024-08-22,Maharashtra,89.97,PPAC-IOC-metro
2024-08-22,Punjab,89.95,PPAC-derived
2024-08-22,Rajasthan,92.75,PPAC-derived
2024-08-22,Tamil Nadu,92.34,PPAC-IOC-metro
2024-08-22,Telangana,93.85,PPAC-derived
2024-08-22,Uttar Pradesh,88.55,PPAC-derived
2024-08-22,West Bengal,91.76,PPAC-IOC-metro
2024-08-23,Andhra Pradesh,95.05,PPAC-derived
2024-08-23,Delhi,87.62,PPAC-IOC-metro
2024-08-23,Gujarat,86.85,PPAC-derived
2024-08-23,Haryana,89.35,PPAC-derived
2024-08-23,Karnataka,91.55,PPAC-derived
2024-08-23,Madhya Pradesh,91.85,PPAC-derived
2024-08-23,Maharashtra,89.97,PPAC-IOC-metro
2024-08-23,Punjab,89.95,PPAC-derived
2024-08-23,Rajasthan,92.75,PPAC-derived
2024-08-23,Tamil Nadu,92.34,PPAC-IOC-metro
2024-08-23,Telangana,93.85,PPAC-derived
2024-08-23,Uttar Pradesh,88.55,PPAC-derived
2024-08-23,West Bengal,91.76,PPAC-IOC-metro
2024-08-24,Andhra Pradesh,95.05,PPAC-derived
2024-08-24,Delhi,87.62,PPAC-IOC-metro
2024-08-24,Gujarat,86.85,PPAC-derived
2024-08-24,Haryana,89.35,PPAC-derived
2024-08-24,Karnataka,91.55,PPAC-derived
2024-08-24,Madhya Pradesh,91.85,PPAC-derived
2024-08-24,Maharashtra,89.97,PPAC-IOC-metro
2024-08-24,Punjab,89.95,PPAC-derived
2024-08-24,Rajasthan,92.75,PPAC-derived
2024-08-24,Tamil Nadu,92.34,PPAC-IOC-metro
2024-08-24,Telangana,93.85,PPAC-derived
2024-08-24,Uttar Pradesh,88.55,PPAC-derived
2024-08-24,West Bengal,91.76,PPAC-IOC-metro
2024-08-25,Andhra Pradesh,95.05,PPAC-derived
2024-08-25,Delhi,87.62,PPAC-IOC-metro
2024-08-25,Gujarat,86.85,PPAC-derived
2024-08-25,Haryana,89.35,PPAC-derived
2024-08-25,Karnataka,91.55,PPAC-derived
2024-08-25,Madhya Pradesh,91.85,PPAC-derived
2024-08-25,Maharashtra,89.97,PPAC-IOC-metro
2024-08-25,Punjab,89.95,PPAC-derived
2024-08-25,Rajasthan,92.75,PPAC-derived
2024-08-25,Tamil Nadu,92.34,PPAC-IOC-metro
2024-08-25,Telangana,93.85,PPAC-derived
2024-08-25,Uttar Pradesh,88.55,PPAC-derived
2024-08-25,West Bengal,91.76,PPAC-IOC-metro
2024-08-26,Andhra Pradesh,95.05,PPAC-derived
2024-08-26,Delhi,87.62,PPAC-IOC-metro
2024-08-26,Gujarat,86.85,PPAC-derived
2024-08-26,Haryana,89.35,PPAC-derived
2024-08-26,Karnataka,91.55,PPAC-derived
2024-08-26,Madhya Pradesh,91.85,PPAC-derived
2024-08-26,Maharashtra,89.97,PPAC-IOC-metro
2024-08-26,Punjab,89.95,PPAC-derived
2024-08-26,Rajasthan,92.75,PPAC-derived
2024-08-26,Tamil Nadu,92.34,PPAC-IOC-metro
2024-08-26,Telangana,93.85,PPAC-derived
2024-08-26,Uttar Pradesh,88.55,PPAC-derived
2024-08-26,West Bengal,91.76,PPAC-IOC-metro
2024-08-27,Andhra Pradesh,95.05,PPAC-derived
2024-08-27,Delhi,87.62,PPAC-IOC-metro
2024-08-27,Gujarat,86.85,PPAC-derived
2024-08-27,Haryana,89.35,PPAC-derived
2024-08-27,Karnataka,91.55,PPAC-derived
2024-08-27,Madhya Pradesh,91.85,PPAC-derived
2024-08-27,Maharashtra,89.97,PPAC-IOC-metro
2024-08-27,Punjab,89.95,PPAC-derived
2024-08-27,Rajasthan,92.75,PPAC-derived
2024-08-27,Tamil Nadu,92.34,PPAC-IOC-metro
2024-08-27,Telangana,93.85,PPAC-derived
2024-08-27,Uttar Pradesh,88.55,PPAC-derived
2024-08-27,West Bengal,91.76,PPAC-IOC-metro
2024-08-28,Andhra Pradesh,95.05,PPAC-derived
2024-08-28,Delhi,87.62,PPAC-IOC-metro
2024-08-28,Gujarat,86.85,PPAC-derived
2024-08-28,Haryana,89.35,PPAC-derived
2024-08-28,Karnataka,91.55,PPAC-derived
2024-08-28,Madhya Pradesh,91.85,PPAC-derived
2024-08-28,Maharashtra,89.97,PPAC-IOC-metro
2024-08-28,Punjab,89.95,PPAC-derived
2024-08-28,Rajasthan,92.75,PPAC-derived
2024-08-28,Tamil Nadu,92.34,PPAC-IOC-metro
2024-08-28,Telangana,93.85,PPAC-derived
2024-08-28,Uttar Pradesh,88.55,PPAC-derived
2024-08-28,West Bengal,91.76,PPAC-IOC-metro
2024-08-29,Andhra Pradesh,95.05,PPAC-derived
2024-08-29,Delhi,87.62,PPAC-IOC-metro
2024-08-29,Gujarat,86.85,PPAC-derived
2024-08-29,Haryana,89.35,PPAC-derived
2024-08-29,Karnataka,91.55,PPAC-derived
2024-08-29,Madhya Pradesh,91.85,PPAC-derived
2024-08-29,Maharashtra,89.97,PPAC-IOC-metro
2024-08-29,Punjab,89.95,PPAC-derived
2024-08-29,Rajasthan,92.75,PPAC-derived
2024-08-29,Tamil Nadu,92.34,PPAC-IOC-metro
2024-08-29,Telangana,93.85,PPAC-derived
2024-08-29,Uttar Pradesh,88.55,PPAC-derived
2024-08-29,West Bengal,91.76,PPAC-IOC-metro
2024-08-30,Andhra Pradesh,95.05,PPAC-derived
2024-08-30,Delhi,87.62,PPAC-IOC-metro
2024-08-30,Gujarat,86.85,PPAC-derived
2024-08-30,Haryana,89.35,PPAC-derived
2024-08-30,Karnataka,91.55,PPAC-derived
2024-08-30,Madhya Pradesh,91.85,PPAC-derived
2024-08-30,Maharashtra,89.97,PPAC-IOC-metro
2024-08-30,Punjab,89.95,PPAC-derived
2024-08-30,Rajasthan,92.75,PPAC-derived
2024-08-30,Tamil Nadu,92.34,PPAC-IOC-metro
2024-08-30,Telangana,93.85,PPAC-derived
2024-08-30,Uttar Pradesh,88.55,PPAC-derived
2024-08-30,West Bengal,91.76,PPAC-IOC-metro
2024-08-31,Andhra Pradesh,95.05,PPAC-derived
2024-08-31,Delhi,87.62,PPAC-IOC-metro
2024-08-31,Gujarat,86.85,PPAC-derived
2024-08-31,Haryana,89.35,PPAC-derived
2024-08-31,Karnataka,91.55,PPAC-derived
2024-08-31,Madhya Pradesh,91.85,PPAC-derived
2024-08-31,Maharashtra,89.97,PPAC-IOC-metro
2024-08-31,Punjab,89.95,PPAC-derived
2024-08-31,Rajasthan,92.75,PPAC-derived
2024-08-31,Tamil Nadu,92.34,PPAC-IOC-metro
2024-08-31,Telangana,93.85,PPAC-derived
2024-08-31,Uttar Pradesh,88.55,PPAC-derived
2024-08-31,West Bengal,91.76,PPAC-IOC-metro
2024-09-01,Andhra Pradesh,95.05,PPAC-derived
2024-09-01,Delhi,87.62,PPAC-IOC-metro
2024-09-01,Gujarat,86.85,PPAC-derived
2024-09-01,Haryana,89.35,PPAC-derived
2024-09-01,Karnataka,91.55,PPAC-derived
2024-09-01,Madhya Pradesh,91.85,PPAC-derived
2024-09-01,Maharashtra,89.97,PPAC-IOC-metro
2024-09-01,Punjab,89.95,PPAC-derived
2024-09-01,Rajasthan,92.75,PPAC-derived
2024-09-01,Tamil Nadu,92.34,PPAC-IOC-metro
2024-09-01,Telangana,93.85,PPAC-derived
2024-09-01,Uttar Pradesh,88.55,PPAC-derived
2024-09-01,West Bengal,91.76,PPAC-IOC-metro
2024-09-02,Andhra Pradesh,95.05,PPAC-derived
2024-09-02,Delhi,87.62,PPAC-IOC-metro
2024-09-02,Gujarat,86.85,PPAC-derived
2024-09-02,Haryana,89.35,PPAC-derived
2024-09-02,Karnataka,91.55,PPAC-derived
2024-09-02,Madhya Pradesh,91.85,PPAC-derived
2024-09-02,Maharashtra,89.97,PPAC-IOC-metro
2024-09-02,Punjab,89.95,PPAC-derived
2024-09-02,Rajasthan,92.75,PPAC-derived
2024-09-02,Tamil Nadu,92.34,PPAC-IOC-metro
2024-09-02,Telangana,93.85,PPAC-derived
2024-09-02,Uttar Pradesh,88.55,PPAC-derived
2024-09-02,West Bengal,91.76,PPAC-IOC-metro
2024-09-03,Andhra Pradesh,95.05,PPAC-derived
2024-09-03,Delhi,87.62,PPAC-IOC-metro
2024-09-03,Gujarat,86.85,PPAC-derived
2024-09-03,Haryana,89.35,PPAC-derived
2024-09-03,Karnataka,91.55,PPAC-derived
2024-09-03,Madhya Pradesh,91.85,PPAC-derived
2024-09-03,Maharashtra,89.97,PPAC-IOC-metro
2024-09-03,Punjab,89.95,PPAC-derived
2024-09-03,Rajasthan,92.75,PPAC-derived
2024-09-03,Tamil Nadu,92.34,PPAC-IOC-metro
2024-09-03,Telangana,93.85,PPAC-derived
2024-09-03,Uttar Pradesh,88.55,PPAC-derived
2024-09-03,West Bengal,91.76,PPAC-IOC-metro
2024-09-04,Andhra Pradesh,95.05,PPAC-derived
2024-09-04,Delhi,87.62,PPAC-IOC-metro
2024-09-04,Gujarat,86.85,PPAC-derived
2024-09-04,Haryana,89.35,PPAC-derived
2024-09-04,Karnataka,91.55,PPAC-derived
2024-09-04,Madhya Pradesh,91.85,PPAC-derived
2024-09-04,Maharashtra,89.97,PPAC-IOC-metro
2024-09-04,Punjab,89.95,PPAC-derived
2024-09-04,Rajasthan,92.75,PPAC-derived
2024-09-04,Tamil Nadu,92.34,PPAC-IOC-metro
2024-09-04,Telangana,93.85,PPAC-derived
2024-09-04,Uttar Pradesh,88.55,PPAC-derived
2024-09-04,West Bengal,91.76,PPAC-IOC-metro
2024-09-05,Andhra Pradesh,95.05,PPAC-derived
2024-09-05,Delhi,87.62,PPAC-IOC-metro
2024-09-05,Gujarat,86.85,PPAC-derived
2024-09-05,Haryana,89.35,PPAC-derived
2024-09-05,Karnataka,91.55,PPAC-derived
2024-09-05,Madhya Pradesh,91.85,PPAC-derived
2024-09-05,Maharashtra,89.97,PPAC-IOC-metro
2024-09-05,Punjab,89.95,PPAC-derived
2024-09-05,Rajasthan,92.75,PPAC-derived
2024-09-05,Tamil Nadu,92.34,PPAC-IOC-metro
2024-09-05,Telangana,93.85,PPAC-derived
2024-09-05,Uttar Pradesh,88.55,PPAC-derived
2024-09-05,West Bengal,91.76,PPAC-IOC-metro
2024-09-06,Andhra Pradesh,95.05,PPAC-derived
2024-09-06,Delhi,87.62,PPAC-IOC-metro
2024-09-06,Gujarat,86.85,PPAC-derived
2024-09-06,Haryana,89.35,PPAC-derived
2024-09-06,Karnataka,91.55,PPAC-derived
2024-09-06,Madhya Pradesh,91.85,PPAC-derived
2024-09-06,Maharashtra,89.97,PPAC-IOC-metro
2024-09-06,Punjab,89.95,PPAC-derived
2024-09-06,Rajasthan,92.75,PPAC-derived
2024-09-06,Tamil Nadu,92.34,PPAC-IOC-metro
2024-09-06,Telangana,93.85,PPAC-derived
2024-09-06,Uttar Pradesh,88.55,PPAC-derived
2024-09-06,West Bengal,91.76,PPAC-IOC-metro
2024-09-07,Andhra Pradesh,95.05,PPAC-derived
2024-09-07,Delhi,87.62,PPAC-IOC-metro
2024-09-07,Gujarat,86.85,PPAC-derived
2024-09-07,Haryana,89.35,PPAC-derived
2024-09-07,Karnataka,91.55,PPAC-derived
2024-09-07,Madhya Pradesh,91.85,PPAC-derived
2024-09-07,Maharashtra,89.97,PPAC-IOC-metro
2024-09-07,Punjab,89.95,PPAC-derived
2024-09-07,Rajasthan,92.75,PPAC-derived
2024-09-07,Tamil Nadu,92.34,PPAC-IOC-metro
2024-09-07,Telangana,93.85,PPAC-derived
2024-09-07,Uttar Pradesh,88.55,PPAC-derived
2024-09-07,West Bengal,91.76,PPAC-IOC-metro
2024-09-08,Andhra Pradesh,95.05,PPAC-derived
2024-09-08,Delhi,87.62,PPAC-IOC-metro
2024-09-08,Gujarat,86.85,PPAC-derived
2024-09-08,Haryana,89.35,PPAC-derived
2024-09-08,Karnataka,91.55,PPAC-derived
2024-09-08,Madhya Pradesh,91.85,PPAC-derived
2024-09-08,Maharashtra,89.97,PPAC-IOC-metro
2024-09-08,Punjab,89.95,PPAC-derived
2024-09-08,Rajasthan,92.75,PPAC-derived
2024-09-08,Tamil Nadu,92.34,PPAC-IOC-metro
2024-09-08,Telangana,93.85,PPAC-derived
2024-09-08,Uttar Pradesh,88.55,PPAC-derived
2024-09-08,West Bengal,91.76,PPAC-IOC-metro
2024-09-09,Andhra Pradesh,95.05,PPAC-derived
2024-09-09,Delhi,87.62,PPAC-IOC-metro
2024-09-09,Gujarat,86.85,PPAC-derived
2024-09-09,Haryana,89.35,PPAC-derived
2024-09-09,Karnataka,91.55,PPAC-derived
2024-09-09,Madhya Pradesh,91.85,PPAC-derived
2024-09-09,Maharashtra,89.97,PPAC-IOC-metro
2024-09-09,Punjab,89.95,PPAC-derived
2024-09-09,Rajasthan,92.75,PPAC-derived
2024-09-09,Tamil Nadu,92.34,PPAC-IOC-metro
2024-09-09,Telangana,93.85,PPAC-derived
2024-09-09,Uttar Pradesh,88.55,PPAC-derived
2024-09-09,West Bengal,91.76,PPAC-IOC-metro
2024-09-10,Andhra Pradesh,95.05,PPAC-derived
2024-09-10,Delhi,87.62,PPAC-IOC-metro
2024-09-10,Gujarat,86.85,PPAC-derived
2024-09-10,Haryana,89.35,PPAC-derived
2024-09-10,Karnataka,91.55,PPAC-derived
2024-09-10,Madhya Pradesh,91.85,PPAC-derived
2024-09-10,Maharashtra,89.97,PPAC-IOC-metro
2024-09-10,Punjab,89.95,PPAC-derived
2024-09-10,Rajasthan,92.75,PPAC-derived
2024-09-10,Tamil Nadu,92.34,PPAC-IOC-metro
2024-09-10,Telangana,93.85,PPAC-derived
2024-09-10,Uttar Pradesh,88.55,PPAC-derived
2024-09-10,West Bengal,91.76,PPAC-IOC-metro
2024-09-11,Andhra Pradesh,95.05,PPAC-derived
2024-09-11,Delhi,87.62,PPAC-IOC-metro
2024-09-11,Gujarat,86.85,PPAC-derived
2024-09-11,Haryana,89.35,PPAC-derived
2024-09-11,Karnataka,91.55,PPAC-derived
2024-09-11,Madhya Pradesh,91.85,PPAC-derived
2024-09-11,Maharashtra,89.97,PPAC-IOC-metro
2024-09-11,Punjab,89.95,PPAC-derived
2024-09-11,Rajasthan,92.75,PPAC-derived
2024-09-11,Tamil Nadu,92.34,PPAC-IOC-metro
2024-09-11,Telangana,93.85,PPAC-derived
2024-09-11,Uttar Pradesh,88.55,PPAC-derived
2024-09-11,West Bengal,91.76,PPAC-IOC-metro
2024-09-12,Andhra Pradesh,95.05,PPAC-derived
2024-09-12,Delhi,87.62,PPAC-IOC-metro
2024-09-12,Gujarat,86.85,PPAC-derived
2024-09-12,Haryana,89.35,PPAC-derived
2024-09-12,Karnataka,91.55,PPAC-derived
2024-09-12,Madhya Pradesh,91.85,PPAC-derived
2024-09-12,Maharashtra,89.97,PPAC-IOC-metro
2024-09-12,Punjab,89.95,PPAC-derived
2024-09-12,Rajasthan,92.75,PPAC-derived
2024-09-12,Tamil Nadu,92.34,PPAC-IOC-metro
2024-09-12,Telangana,93.85,PPAC-derived
2024-09-12,Uttar Pradesh,88.55,PPAC-derived
2024-09-12,West Bengal,91.76,PPAC-IOC-metro
2024-09-13,Andhra Pradesh,95.05,PPAC-derived
2024-09-13,Delhi,87.62,PPAC-IOC-metro
2024-09-13,Gujarat,86.85,PPAC-derived
2024-09-13,Haryana,89.35,PPAC-derived
2024-09-13,Karnataka,91.55,PPAC-derived
2024-09-13,Madhya Pradesh,91.85,PPAC-derived
2024-09-13,Maharashtra,89.97,PPAC-IOC-metro
2024-09-13,Punjab,89.95,PPAC-derived
2024-09-13,Rajasthan,92.75,PPAC-derived
2024-09-13,Tamil Nadu,92.34,PPAC-IOC-metro
2024-09-13,Telangana,93.85,PPAC-derived
2024-09-13,Uttar Pradesh,88.55,PPAC-derived
2024-09-13,West Bengal,91.76,PPAC-IOC-metro
2024-09-14,Andhra Pradesh,95.05,PPAC-derived
2024-09-14,Delhi,87.62,PPAC-IOC-metro
2024-09-14,Gujarat,86.85,PPAC-derived
2024-09-14,Haryana,89.35,PPAC-derived
2024-09-14,Karnataka,91.55,PPAC-derived
2024-09-14,Madhya Pradesh,91.85,PPAC-derived
2024-09-14,Maharashtra,89.97,PPAC-IOC-metro
2024-09-14,Punjab,89.95,PPAC-derived
2024-09-14,Rajasthan,92.75,PPAC-derived
2024-09-14,Tamil Nadu,92.34,PPAC-IOC-metro
2024-09-14,Telangana,93.85,PPAC-derived
2024-09-14,Uttar Pradesh,88.55,PPAC-derived
2024-09-14,West Bengal,91.76,PPAC-IOC-metro
2024-09-15,Andhra Pradesh,95.05,PPAC-derived
2024-09-15,Delhi,87.62,PPAC-IOC-metro
2024-09-15,Gujarat,86.85,PPAC-derived
2024-09-15,Haryana,89.35,PPAC-derived
2024-09-15,Karnataka,91.55,PPAC-derived
2024-09-15,Madhya Pradesh,91.85,PPAC-derived
2024-09-15,Maharashtra,89.97,PPAC-IOC-metro
2024-09-15,Punjab,89.95,PPAC-derived
2024-09-15,Rajasthan,92.75,PPAC-derived
2024-09-15,Tamil Nadu,92.34,PPAC-IOC-metro
2024-09-15,Telangana,93.85,PPAC-derived
2024-09-15,Uttar Pradesh,88.55,PPAC-derived
2024-09-15,West Bengal,91.76,PPAC-IOC-metro
2024-09-16,Andhra Pradesh,95.05,PPAC-derived
2024-09-16,Delhi,87.62,PPAC-IOC-metro
2024-09-16,Gujarat,86.85,PPAC-derived
2024-09-16,Haryana,89.35,PPAC-derived
2024-09-16,Karnataka,91.55,PPAC-derived
2024-09-16,Madhya Pradesh,91.85,PPAC-derived
2024-09-16,Maharashtra,89.97,PPAC-IOC-metro
2024-09-16,Punjab,89.95,PPAC-derived
2024-09-16,Rajasthan,92.75,PPAC-derived
2024-09-16,Tamil Nadu,92.34,PPAC-IOC-metro
2024-09-16,Telangana,93.85,PPAC-derived
2024-09-16,Uttar Pradesh,88.55,PPAC-derived
2024-09-16,West Bengal,91.76,PPAC-IOC-metro
2024-09-17,Andhra Pradesh,95.05,PPAC-derived
2024-09-17,Delhi,87.62,PPAC-IOC-metro
2024-09-17,Gujarat,86.85,PPAC-derived
2024-09-17,Haryana,89.35,PPAC-derived
2024-09-17,Karnataka,91.55,PPAC-derived
2024-09-17,Madhya Pradesh,91.85,PPAC-derived
2024-09-17,Maharashtra,89.97,PPAC-IOC-metro
2024-09-17,Punjab,89.95,PPAC-derived
2024-09-17,Rajasthan,92.75,PPAC-derived
2024-09-17,Tamil Nadu,92.34,PPAC-IOC-metro
2024-09-17,Telangana,93.85,PPAC-derived
2024-09-17,Uttar Pradesh,88.55,PPAC-derived
2024-09-17,West Bengal,91.76,PPAC-IOC-metro
2024-09-18,Andhra Pradesh,95.05,PPAC-derived
2024-09-18,Delhi,87.62,PPAC-IOC-metro
2024-09-18,Gujarat,86.85,PPAC-derived
2024-09-18,Haryana,89.35,PPAC-derived
2024-09-18,Karnataka,91.55,PPAC-derived
2024-09-18,Madhya Pradesh,91.85,PPAC-derived
2024-09-18,Maharashtra,89.97,PPAC-IOC-metro
2024-09-18,Punjab,89.95,PPAC-derived
2024-09-18,Rajasthan,92.75,PPAC-derived
2024-09-18,Tamil Nadu,92.34,PPAC-IOC-metro
2024-09-18,Telangana,93.85,PPAC-derived
2024-09-18,Uttar Pradesh,88.55,PPAC-derived
2024-09-18,West Bengal,91.76,PPAC-IOC-metro
2024-09-19,Andhra Pradesh,95.05,PPAC-derived
2024-09-19,Delhi,87.62,PPAC-IOC-metro
2024-09-19,Gujarat,86.85,PPAC-derived
2024-09-19,Haryana,89.35,PPAC-derived
2024-09-19,Karnataka,91.55,PPAC-derived
2024-09-19,Madhya Pradesh,91.85,PPAC-derived
2024-09-19,Maharashtra,89.97,PPAC-IOC-metro
2024-09-19,Punjab,89.95,PPAC-derived
2024-09-19,Rajasthan,92.75,PPAC-derived
2024-09-19,Tamil Nadu,92.34,PPAC-IOC-metro
2024-09-19,Telangana,93.85,PPAC-derived
2024-09-19,Uttar Pradesh,88.55,PPAC-derived
2024-09-19,West Bengal,91.76,PPAC-IOC-metro
2024-09-20,Andhra Pradesh,95.05,PPAC-derived
2024-09-20,Delhi,87.62,PPAC-IOC-metro
2024-09-20,Gujarat,86.85,PPAC-derived
2024-09-20,Haryana,89.35,PPAC-derived
2024-09-20,Karnataka,91.55,PPAC-derived
2024-09-20,Madhya Pradesh,91.85,PPAC-derived
2024-09-20,Maharashtra,89.97,PPAC-IOC-metro
2024-09-20,Punjab,89.95,PPAC-derived
2024-09-20,Rajasthan,92.75,PPAC-derived
2024-09-20,Tamil Nadu,92.34,PPAC-IOC-metro
2024-09-20,Telangana,93.85,PPAC-derived
2024-09-20,Uttar Pradesh,88.55,PPAC-derived
2024-09-20,West Bengal,91.76,PPAC-IOC-metro
2024-09-21,Andhra Pradesh,95.05,PPAC-derived
2024-09-21,Delhi,87.62,PPAC-IOC-metro
2024-09-21,Gujarat,86.85,PPAC-derived
2024-09-21,Haryana,89.35,PPAC-derived
2024-09-21,Karnataka,91.55,PPAC-derived
2024-09-21,Madhya Pradesh,91.85,PPAC-derived
2024-09-21,Maharashtra,89.97,PPAC-IOC-metro
2024-09-21,Punjab,89.95,PPAC-derived
2024-09-21,Rajasthan,92.75,PPAC-derived
2024-09-21,Tamil Nadu,92.34,PPAC-IOC-metro
2024-09-21,Telangana,93.85,PPAC-derived
2024-09-21,Uttar Pradesh,88.55,PPAC-derived
2024-09-21,West Bengal,91.76,PPAC-IOC-metro
2024-09-22,Andhra Pradesh,95.05,PPAC-derived
2024-09-22,Delhi,87.62,PPAC-IOC-metro
2024-09-22,Gujarat,86.85,PPAC-derived
2024-09-22,Haryana,89.35,PPAC-derived
2024-09-22,Karnataka,91.55,PPAC-derived
2024-09-22,Madhya Pradesh,91.85,PPAC-derived
2024-09-22,Maharashtra,89.97,PPAC-IOC-metro
2024-09-22,Punjab,89.95,PPAC-derived
2024-09-22,Rajasthan,92.75,PPAC-derived
2024-09-22,Tamil Nadu,92.34,PPAC-IOC-metro
2024-09-22,Telangana,93.85,PPAC-derived
2024-09-22,Uttar Pradesh,88.55,PPAC-derived
2024-09-22,West Bengal,91.76,PPAC-IOC-metro
2024-09-23,Andhra Pradesh,95.05,PPAC-derived
2024-09-23,Delhi,87.62,PPAC-IOC-metro
2024-09-23,Gujarat,86.85,PPAC-derived
2024-09-23,Haryana,89.35,PPAC-derived
2024-09-23,Karnataka,91.55,PPAC-derived
2024-09-23,Madhya Pradesh,91.85,PPAC-derived
2024-09-23,Maharashtra,89.97,PPAC-IOC-metro
2024-09-23,Punjab,89.95,PPAC-derived
2024-09-23,Rajasthan,92.75,PPAC-derived
2024-09-23,Tamil Nadu,92.34,PPAC-IOC-metro
2024-09-23,Telangana,93.85,PPAC-derived
2024-09-23,Uttar Pradesh,88.55,PPAC-derived
2024-09-23,West Bengal,91.76,PPAC-IOC-metro
2024-09-24,Andhra Pradesh,95.05,PPAC-derived
2024-09-24,Delhi,87.62,PPAC-IOC-metro
2024-09-24,Gujarat,86.85,PPAC-derived
2024-09-24,Haryana,89.35,PPAC-derived
2024-09-24,Karnataka,91.55,PPAC-derived
2024-09-24,Madhya Pradesh,91.85,PPAC-derived
2024-09-24,Maharashtra,89.97,PPAC-IOC-metro
2024-09-24,Punjab,89.95,PPAC-derived
2024-09-24,Rajasthan,92.75,PPAC-derived
2024-09-24,Tamil Nadu,92.34,PPAC-IOC-metro
2024-09-24,Telangana,93.85,PPAC-derived
2024-09-24,Uttar Pradesh,88.55,PPAC-derived
2024-09-24,West Bengal,91.76,PPAC-IOC-metro
2024-09-25,Andhra Pradesh,95.05,PPAC-derived
2024-09-25,Delhi,87.62,PPAC-IOC-metro
2024-09-25,Gujarat,86.85,PPAC-derived
2024-09-25,Haryana,89.35,PPAC-derived
2024-09-25,Karnataka,91.55,PPAC-derived
2024-09-25,Madhya Pradesh,91.85,PPAC-derived
2024-09-25,Maharashtra,89.97,PPAC-IOC-metro
2024-09-25,Punjab,89.95,PPAC-derived
2024-09-25,Rajasthan,92.75,PPAC-derived
2024-09-25,Tamil Nadu,92.34,PPAC-IOC-metro
2024-09-25,Telangana,93.85,PPAC-derived
2024-09-25,Uttar Pradesh,88.55,PPAC-derived
2024-09-25,West Bengal,91.76,PPAC-IOC-metro
2024-09-26,Andhra Pradesh,95.05,PPAC-derived
2024-09-26,Delhi,87.62,PPAC-IOC-metro
2024-09-26,Gujarat,86.85,PPAC-derived
2024-09-26,Haryana,89.35,PPAC-derived
2024-09-26,Karnataka,91.55,PPAC-derived
2024-09-26,Madhya Pradesh,91.85,PPAC-derived
2024-09-26,Maharashtra,89.97,PPAC-IOC-metro
2024-09-26,Punjab,89.95,PPAC-derived
2024-09-26,Rajasthan,92.75,PPAC-derived
2024-09-26,Tamil Nadu,92.34,PPAC-IOC-metro
2024-09-26,Telangana,93.85,PPAC-derived
2024-09-26,Uttar Pradesh,88.55,PPAC-derived
2024-09-26,West Bengal,91.76,PPAC-IOC-metro
2024-09-27,Andhra Pradesh,95.05,PPAC-derived
2024-09-27,Delhi,87.62,PPAC-IOC-metro
2024-09-27,Gujarat,86.85,PPAC-derived
2024-09-27,Haryana,89.35,PPAC-derived
2024-09-27,Karnataka,91.55,PPAC-derived
2024-09-27,Madhya Pradesh,91.85,PPAC-derived
2024-09-27,Maharashtra,89.97,PPAC-IOC-metro
2024-09-27,Punjab,89.95,PPAC-derived
2024-09-27,Rajasthan,92.75,PPAC-derived
2024-09-27,Tamil Nadu,92.34,PPAC-IOC-metro
2024-09-27,Telangana,93.85,PPAC-derived
2024-09-27,Uttar Pradesh,88.55,PPAC-derived
2024-09-27,West Bengal,91.76,PPAC-IOC-metro
2024-09-28,Andhra Pradesh,95.05,PPAC-derived
2024-09-28,Delhi,87.62,PPAC-IOC-metro
2024-09-28,Gujarat,86.85,PPAC-derived
2024-09-28,Haryana,89.35,PPAC-derived
2024-09-28,Karnataka,91.55,PPAC-derived
2024-09-28,Madhya Pradesh,91.85,PPAC-derived
2024-09-28,Maharashtra,89.97,PPAC-IOC-metro
2024-09-28,Punjab,89.95,PPAC-derived
2024-09-28,Rajasthan,92.75,PPAC-derived
2024-09-28,Tamil Nadu,92.34,PPAC-IOC-metro
2024-09-28,Telangana,93.85,PPAC-derived
2024-09-28,Uttar Pradesh,88.55,PPAC-derived
2024-09-28,West Bengal,91.76,PPAC-IOC-metro
2024-09-29,Andhra Pradesh,95.05,PPAC-derived
2024-09-29,Delhi,87.62,PPAC-IOC-metro
2024-09-29,Gujarat,86.85,PPAC-derived
2024-09-29,Haryana,89.35,PPAC-derived
2024-09-29,Karnataka,91.55,PPAC-derived
2024-09-29,Madhya Pradesh,91.85,PPAC-derived
2024-09-29,Maharashtra,89.97,PPAC-IOC-metro
2024-09-29,Punjab,89.95,PPAC-derived
2024-09-29,Rajasthan,92.75,PPAC-derived
2024-09-29,Tamil Nadu,92.34,PPAC-IOC-metro
2024-09-29,Telangana,93.85,PPAC-derived
2024-09-29,Uttar Pradesh,88.55,PPAC-derived
2024-09-29,West Bengal,91.76,PPAC-IOC-metro
2024-09-30,Andhra Pradesh,95.05,PPAC-derived
2024-09-30,Delhi,87.62,PPAC-IOC-metro
2024-09-30,Gujarat,86.85,PPAC-derived
2024-09-30,Haryana,89.35,PPAC-derived
2024-09-30,Karnataka,91.55,PPAC-derived
2024-09-30,Madhya Pradesh,91.85,PPAC-derived
2024-09-30,Maharashtra,89.97,PPAC-IOC-metro
2024-09-30,Punjab,89.95,PPAC-derived
2024-09-30,Rajasthan,92.75,PPAC-derived
2024-09-30,Tamil Nadu,92.34,PPAC-IOC-metro
2024-09-30,Telangana,93.85,PPAC-derived
2024-09-30,Uttar Pradesh,88.55,PPAC-derived
2024-09-30,West Bengal,91.76,PPAC-IOC-metro
2024-10-01,Andhra Pradesh,95.05,PPAC-derived
2024-10-01,Delhi,87.62,PPAC-IOC-metro
2024-10-01,Gujarat,86.85,PPAC-derived
2024-10-01,Haryana,89.35,PPAC-derived
2024-10-01,Karnataka,91.55,PPAC-derived
2024-10-01,Madhya Pradesh,91.85,PPAC-derived
2024-10-01,Maharashtra,89.97,PPAC-IOC-metro
2024-10-01,Punjab,89.95,PPAC-derived
2024-10-01,Rajasthan,92.75,PPAC-derived
2024-10-01,Tamil Nadu,92.34,PPAC-IOC-metro
2024-10-01,Telangana,93.85,PPAC-derived
2024-10-01,Uttar Pradesh,88.55,PPAC-derived
2024-10-01,West Bengal,91.76,PPAC-IOC-metro
2024-10-02,Andhra Pradesh,95.05,PPAC-derived
2024-10-02,Delhi,87.62,PPAC-IOC-metro
2024-10-02,Gujarat,86.85,PPAC-derived
2024-10-02,Haryana,89.35,PPAC-derived
2024-10-02,Karnataka,91.55,PPAC-derived
2024-10-02,Madhya Pradesh,91.85,PPAC-derived
2024-10-02,Maharashtra,89.97,PPAC-IOC-metro
2024-10-02,Punjab,89.95,PPAC-derived
2024-10-02,Rajasthan,92.75,PPAC-derived
2024-10-02,Tamil Nadu,92.34,PPAC-IOC-metro
2024-10-02,Telangana,93.85,PPAC-derived
2024-10-02,Uttar Pradesh,88.55,PPAC-derived
2024-10-02,West Bengal,91.76,PPAC-IOC-metro
2024-10-03,Andhra Pradesh,95.05,PPAC-derived
2024-10-03,Delhi,87.62,PPAC-IOC-metro
2024-10-03,Gujarat,86.85,PPAC-derived
2024-10-03,Haryana,89.35,PPAC-derived
2024-10-03,Karnataka,91.55,PPAC-derived
2024-10-03,Madhya Pradesh,91.85,PPAC-derived
2024-10-03,Maharashtra,89.97,PPAC-IOC-metro
2024-10-03,Punjab,89.95,PPAC-derived
2024-10-03,Rajasthan,92.75,PPAC-derived
2024-10-03,Tamil Nadu,92.34,PPAC-IOC-metro
2024-10-03,Telangana,93.85,PPAC-derived
2024-10-03,Uttar Pradesh,88.55,PPAC-derived
2024-10-03,West Bengal,91.76,PPAC-IOC-metro
2024-10-04,Andhra Pradesh,95.05,PPAC-derived
2024-10-04,Delhi,87.62,PPAC-IOC-metro
2024-10-04,Gujarat,86.85,PPAC-derived
2024-10-04,Haryana,89.35,PPAC-derived
2024-10-04,Karnataka,91.55,PPAC-derived
2024-10-04,Madhya Pradesh,91.85,PPAC-derived
2024-10-04,Maharashtra,89.97,PPAC-IOC-metro
2024-10-04,Punjab,89.95,PPAC-derived
2024-10-04,Rajasthan,92.75,PPAC-derived
2024-10-04,Tamil Nadu,92.34,PPAC-IOC-metro
2024-10-04,Telangana,93.85,PPAC-derived
2024-10-04,Uttar Pradesh,88.55,PPAC-derived
2024-10-04,West Bengal,91.76,PPAC-IOC-metro
2024-10-05,Andhra Pradesh,95.05,PPAC-derived
2024-10-05,Delhi,87.62,PPAC-IOC-metro
2024-10-05,Gujarat,86.85,PPAC-derived
2024-10-05,Haryana,89.35,PPAC-derived
2024-10-05,Karnataka,91.55,PPAC-derived
2024-10-05,Madhya Pradesh,91.85,PPAC-derived
2024-10-05,Maharashtra,89.97,PPAC-IOC-metro
2024-10-05,Punjab,89.95,PPAC-derived
2024-10-05,Rajasthan,92.75,PPAC-derived
2024-10-05,Tamil Nadu,92.34,PPAC-IOC-metro
2024-10-05,Telangana,93.85,PPAC-derived
2024-10-05,Uttar Pradesh,88.55,PPAC-derived
2024-10-05,West Bengal,91.76,PPAC-IOC-metro
2024-10-06,Andhra Pradesh,95.05,PPAC-derived
2024-10-06,Delhi,87.62,PPAC-IOC-metro
2024-10-06,Gujarat,86.85,PPAC-derived
2024-10-06,Haryana,89.35,PPAC-derived
2024-10-06,Karnataka,91.55,PPAC-derived
2024-10-06,Madhya Pradesh,91.85,PPAC-derived
2024-10-06,Maharashtra,89.97,PPAC-IOC-metro
2024-10-06,Punjab,89.95,PPAC-derived
2024-10-06,Rajasthan,92.75,PPAC-derived
2024-10-06,Tamil Nadu,92.34,PPAC-IOC-metro
2024-10-06,Telangana,93.85,PPAC-derived
2024-10-06,Uttar Pradesh,88.55,PPAC-derived
2024-10-06,West Bengal,91.76,PPAC-IOC-metro
2024-10-07,Andhra Pradesh,95.05,PPAC-derived
2024-10-07,Delhi,87.62,PPAC-IOC-metro
2024-10-07,Gujarat,86.85,PPAC-derived
2024-10-07,Haryana,89.35,PPAC-derived
2024-10-07,Karnataka,91.55,PPAC-derived
2024-10-07,Madhya Pradesh,91.85,PPAC-derived
2024-10-07,Maharashtra,89.97,PPAC-IOC-metro
2024-10-07,Punjab,89.95,PPAC-derived
2024-10-07,Rajasthan,92.75,PPAC-derived
2024-10-07,Tamil Nadu,92.34,PPAC-IOC-metro
2024-10-07,Telangana,93.85,PPAC-derived
2024-10-07,Uttar Pradesh,88.55,PPAC-derived
2024-10-07,West Bengal,91.76,PPAC-IOC-metro
2024-10-08,Andhra Pradesh,95.05,PPAC-derived
2024-10-08,Delhi,87.62,PPAC-IOC-metro
2024-10-08,Gujarat,86.85,PPAC-derived
2024-10-08,Haryana,89.35,PPAC-derived
2024-10-08,Karnataka,91.55,PPAC-derived
2024-10-08,Madhya Pradesh,91.85,PPAC-derived
2024-10-08,Maharashtra,89.97,PPAC-IOC-metro
2024-10-08,Punjab,89.95,PPAC-derived
2024-10-08,Rajasthan,92.75,PPAC-derived
2024-10-08,Tamil Nadu,92.34,PPAC-IOC-metro
2024-10-08,Telangana,93.85,PPAC-derived
2024-10-08,Uttar Pradesh,88.55,PPAC-derived
2024-10-08,West Bengal,91.76,PPAC-IOC-metro
2024-10-09,Andhra Pradesh,95.05,PPAC-derived
2024-10-09,Delhi,87.62,PPAC-IOC-metro
2024-10-09,Gujarat,86.85,PPAC-derived
2024-10-09,Haryana,89.35,PPAC-derived
2024-10-09,Karnataka,91.55,PPAC-derived
2024-10-09,Madhya Pradesh,91.85,PPAC-derived
2024-10-09,Maharashtra,89.97,PPAC-IOC-metro
2024-10-09,Punjab,89.95,PPAC-derived
2024-10-09,Rajasthan,92.75,PPAC-derived
2024-10-09,Tamil Nadu,92.34,PPAC-IOC-metro
2024-10-09,Telangana,93.85,PPAC-derived
2024-10-09,Uttar Pradesh,88.55,PPAC-derived
2024-10-09,West Bengal,91.76,PPAC-IOC-metro
2024-10-10,Andhra Pradesh,95.05,PPAC-derived
2024-10-10,Delhi,87.62,PPAC-IOC-metro
2024-10-10,Gujarat,86.85,PPAC-derived
2024-10-10,Haryana,89.35,PPAC-derived
2024-10-10,Karnataka,91.55,PPAC-derived
2024-10-10,Madhya Pradesh,91.85,PPAC-derived
2024-10-10,Maharashtra,89.97,PPAC-IOC-metro
2024-10-10,Punjab,89.95,PPAC-derived
2024-10-10,Rajasthan,92.75,PPAC-derived
2024-10-10,Tamil Nadu,92.34,PPAC-IOC-metro
2024-10-10,Telangana,93.85,PPAC-derived
2024-10-10,Uttar Pradesh,88.55,PPAC-derived
2024-10-10,West Bengal,91.76,PPAC-IOC-metro
2024-10-11,Andhra Pradesh,95.05,PPAC-derived
2024-10-11,Delhi,87.62,PPAC-IOC-metro
2024-10-11,Gujarat,86.85,PPAC-derived
2024-10-11,Haryana,89.35,PPAC-derived
2024-10-11,Karnataka,91.55,PPAC-derived
2024-10-11,Madhya Pradesh,91.85,PPAC-derived
2024-10-11,Maharashtra,89.97,PPAC-IOC-metro
2024-10-11,Punjab,89.95,PPAC-derived
2024-10-11,Rajasthan,92.75,PPAC-derived
2024-10-11,Tamil Nadu,92.34,PPAC-IOC-metro
2024-10-11,Telangana,93.85,PPAC-derived
2024-10-11,Uttar Pradesh,88.55,PPAC-derived
2024-10-11,West Bengal,91.76,PPAC-IOC-metro
2024-10-12,Andhra Pradesh,95.05,PPAC-derived
2024-10-12,Delhi,87.62,PPAC-IOC-metro
2024-10-12,Gujarat,86.85,PPAC-derived
2024-10-12,Haryana,89.35,PPAC-derived
2024-10-12,Karnataka,91.55,PPAC-derived
2024-10-12,Madhya Pradesh,91.85,PPAC-derived
2024-10-12,Maharashtra,89.97,PPAC-IOC-metro
2024-10-12,Punjab,89.95,PPAC-derived
2024-10-12,Rajasthan,92.75,PPAC-derived
2024-10-12,Tamil Nadu,92.34,PPAC-IOC-metro
2024-10-12,Telangana,93.85,PPAC-derived
2024-10-12,Uttar Pradesh,88.55,PPAC-derived
2024-10-12,West Bengal,91.76,PPAC-IOC-metro
2024-10-13,Andhra Pradesh,95.05,PPAC-derived
2024-10-13,Delhi,87.62,PPAC-IOC-metro
2024-10-13,Gujarat,86.85,PPAC-derived
2024-10-13,Haryana,89.35,PPAC-derived
2024-10-13,Karnataka,91.55,PPAC-derived
2024-10-13,Madhya Pradesh,91.85,PPAC-derived
2024-10-13,Maharashtra,89.97,PPAC-IOC-metro
2024-10-13,Punjab,89.95,PPAC-derived
2024-10-13,Rajasthan,92.75,PPAC-derived
2024-10-13,Tamil Nadu,92.34,PPAC-IOC-metro
2024-10-13,Telangana,93.85,PPAC-derived
2024-10-13,Uttar Pradesh,88.55,PPAC-derived
2024-10-13,West Bengal,91.76,PPAC-IOC-metro
2024-10-14,Andhra Pradesh,95.05,PPAC-derived
2024-10-14,Delhi,87.62,PPAC-IOC-metro
2024-10-14,Gujarat,86.85,PPAC-derived
2024-10-14,Haryana,89.35,PPAC-derived
2024-10-14,Karnataka,91.55,PPAC-derived
2024-10-14,Madhya Pradesh,91.85,PPAC-derived
2024-10-14,Maharashtra,89.97,PPAC-IOC-metro
2024-10-14,Punjab,89.95,PPAC-derived
2024-10-14,Rajasthan,92.75,PPAC-derived
2024-10-14,Tamil Nadu,92.34,PPAC-IOC-metro
2024-10-14,Telangana,93.85,PPAC-derived
2024-10-14,Uttar Pradesh,88.55,PPAC-derived
2024-10-14,West Bengal,91.76,PPAC-IOC-metro
2024-10-15,Andhra Pradesh,95.05,PPAC-derived
2024-10-15,Delhi,87.62,PPAC-IOC-metro
2024-10-15,Gujarat,86.85,PPAC-derived
2024-10-15,Haryana,89.35,PPAC-derived
2024-10-15,Karnataka,91.55,PPAC-derived
2024-10-15,Madhya Pradesh,91.85,PPAC-derived
2024-10-15,Maharashtra,89.97,PPAC-IOC-metro
2024-10-15,Punjab,89.95,PPAC-derived
2024-10-15,Rajasthan,92.75,PPAC-derived
2024-10-15,Tamil Nadu,92.34,PPAC-IOC-metro
2024-10-15,Telangana,93.85,PPAC-derived
2024-10-15,Uttar Pradesh,88.55,PPAC-derived
2024-10-15,West Bengal,91.76,PPAC-IOC-metro
2024-10-16,Andhra Pradesh,95.05,PPAC-derived
2024-10-16,Delhi,87.62,PPAC-IOC-metro
2024-10-16,Gujarat,86.85,PPAC-derived
2024-10-16,Haryana,89.35,PPAC-derived
2024-10-16,Karnataka,91.55,PPAC-derived
2024-10-16,Madhya Pradesh,91.85,PPAC-derived
2024-10-16,Maharashtra,89.97,PPAC-IOC-metro
2024-10-16,Punjab,89.95,PPAC-derived
2024-10-16,Rajasthan,92.75,PPAC-derived
2024-10-16,Tamil Nadu,92.34,PPAC-IOC-metro
2024-10-16,Telangana,93.85,PPAC-derived
2024-10-16,Uttar Pradesh,88.55,PPAC-derived
2024-10-16,West Bengal,91.76,PPAC-IOC-metro
2024-10-17,Andhra Pradesh,95.05,PPAC-derived
2024-10-17,Delhi,87.62,PPAC-IOC-metro
2024-10-17,Gujarat,86.85,PPAC-derived
2024-10-17,Haryana,89.35,PPAC-derived
2024-10-17,Karnataka,91.55,PPAC-derived
2024-10-17,Madhya Pradesh,91.85,PPAC-derived
2024-10-17,Maharashtra,89.97,PPAC-IOC-metro
2024-10-17,Punjab,89.95,PPAC-derived
2024-10-17,Rajasthan,92.75,PPAC-derived
2024-10-17,Tamil Nadu,92.34,PPAC-IOC-metro
2024-10-17,Telangana,93.85,PPAC-derived
2024-10-17,Uttar Pradesh,88.55,PPAC-derived
2024-10-17,West Bengal,91.76,PPAC-IOC-metro
2024-10-18,Andhra Pradesh,95.05,PPAC-derived
2024-10-18,Delhi,87.62,PPAC-IOC-metro
2024-10-18,Gujarat,86.85,PPAC-derived
2024-10-18,Haryana,89.35,PPAC-derived
2024-10-18,Karnataka,91.55,PPAC-derived
2024-10-18,Madhya Pradesh,91.85,PPAC-derived
2024-10-18,Maharashtra,89.97,PPAC-IOC-metro
2024-10-18,Punjab,89.95,PPAC-derived
2024-10-18,Rajasthan,92.75,PPAC-derived
2024-10-18,Tamil Nadu,92.34,PPAC-IOC-metro
2024-10-18,Telangana,93.85,PPAC-derived
2024-10-18,Uttar Pradesh,88.55,PPAC-derived
2024-10-18,West Bengal,91.76,PPAC-IOC-metro
2024-10-19,Andhra Pradesh,95.05,PPAC-derived
2024-10-19,Delhi,87.62,PPAC-IOC-metro
2024-10-19,Gujarat,86.85,PPAC-derived
2024-10-19,Haryana,89.35,PPAC-derived
2024-10-19,Karnataka,91.55,PPAC-derived
2024-10-19,Madhya Pradesh,91.85,PPAC-derived
2024-10-19,Maharashtra,89.97,PPAC-IOC-metro
2024-10-19,Punjab,89.95,PPAC-derived
2024-10-19,Rajasthan,92.75,PPAC-derived
2024-10-19,Tamil Nadu,92.34,PPAC-IOC-metro
2024-10-19,Telangana,93.85,PPAC-derived
2024-10-19,Uttar Pradesh,88.55,PPAC-derived
2024-10-19,West Bengal,91.76,PPAC-IOC-metro
2024-10-20,Andhra Pradesh,95.05,PPAC-derived
2024-10-20,Delhi,87.62,PPAC-IOC-metro
2024-10-20,Gujarat,86.85,PPAC-derived
2024-10-20,Haryana,89.35,PPAC-derived
2024-10-20,Karnataka,91.55,PPAC-derived
2024-10-20,Madhya Pradesh,91.85,PPAC-derived
2024-10-20,Maharashtra,89.97,PPAC-IOC-metro
2024-10-20,Punjab,89.95,PPAC-derived
2024-10-20,Rajasthan,92.75,PPAC-derived
2024-10-20,Tamil Nadu,92.34,PPAC-IOC-metro
2024-10-20,Telangana,93.85,PPAC-derived
2024-10-20,Uttar Pradesh,88.55,PPAC-derived
2024-10-20,West Bengal,91.76,PPAC-IOC-metro
2024-10-21,Andhra Pradesh,95.05,PPAC-derived
2024-10-21,Delhi,87.62,PPAC-IOC-metro
2024-10-21,Gujarat,86.85,PPAC-derived
2024-10-21,Haryana,89.35,PPAC-derived
2024-10-21,Karnataka,91.55,PPAC-derived
2024-10-21,Madhya Pradesh,91.85,PPAC-derived
2024-10-21,Maharashtra,89.97,PPAC-IOC-metro
2024-10-21,Punjab,89.95,PPAC-derived
2024-10-21,Rajasthan,92.75,PPAC-derived
2024-10-21,Tamil Nadu,92.34,PPAC-IOC-metro
2024-10-21,Telangana,93.85,PPAC-derived
2024-10-21,Uttar Pradesh,88.55,PPAC-derived
2024-10-21,West Bengal,91.76,PPAC-IOC-metro
2024-10-22,Andhra Pradesh,95.05,PPAC-derived
2024-10-22,Delhi,87.62,PPAC-IOC-metro
2024-10-22,Gujarat,86.85,PPAC-derived
2024-10-22,Haryana,89.35,PPAC-derived
2024-10-22,Karnataka,91.55,PPAC-derived
2024-10-22,Madhya Pradesh,91.85,PPAC-derived
2024-10-22,Maharashtra,89.97,PPAC-IOC-metro
2024-10-22,Punjab,89.95,PPAC-derived
2024-10-22,Rajasthan,92.75,PPAC-derived
2024-10-22,Tamil Nadu,92.34,PPAC-IOC-metro
2024-10-22,Telangana,93.85,PPAC-derived
2024-10-22,Uttar Pradesh,88.55,PPAC-derived
2024-10-22,West Bengal,91.76,PPAC-IOC-metro
2024-10-23,Andhra Pradesh,95.05,PPAC-derived
2024-10-23,Delhi,87.62,PPAC-IOC-metro
2024-10-23,Gujarat,86.85,PPAC-derived
2024-10-23,Haryana,89.35,PPAC-derived
2024-10-23,Karnataka,91.55,PPAC-derived
2024-10-23,Madhya Pradesh,91.85,PPAC-derived
2024-10-23,Maharashtra,89.97,PPAC-IOC-metro
2024-10-23,Punjab,89.95,PPAC-derived
2024-10-23,Rajasthan,92.75,PPAC-derived
2024-10-23,Tamil Nadu,92.34,PPAC-IOC-metro
2024-10-23,Telangana,93.85,PPAC-derived
2024-10-23,Uttar Pradesh,88.55,PPAC-derived
2024-10-23,West Bengal,91.76,PPAC-IOC-metro
2024-10-24,Andhra Pradesh,95.05,PPAC-derived
2024-10-24,Delhi,87.62,PPAC-IOC-metro
2024-10-24,Gujarat,86.85,PPAC-derived
2024-10-24,Haryana,89.35,PPAC-derived
2024-10-24,Karnataka,91.55,PPAC-derived
2024-10-24,Madhya Pradesh,91.85,PPAC-derived
2024-10-24,Maharashtra,89.97,PPAC-IOC-metro
2024-10-24,Punjab,89.95,PPAC-derived
2024-10-24,Rajasthan,92.75,PPAC-derived
2024-10-24,Tamil Nadu,92.34,PPAC-IOC-metro
2024-10-24,Telangana,93.85,PPAC-derived
2024-10-24,Uttar Pradesh,88.55,PPAC-derived
2024-10-24,West Bengal,91.76,PPAC-IOC-metro
2024-10-25,Andhra Pradesh,95.05,PPAC-derived
2024-10-25,Delhi,87.62,PPAC-IOC-metro
2024-10-25,Gujarat,86.85,PPAC-derived
2024-10-25,Haryana,89.35,PPAC-derived
2024-10-25,Karnataka,91.55,PPAC-derived
2024-10-25,Madhya Pradesh,91.85,PPAC-derived
2024-10-25,Maharashtra,89.97,PPAC-IOC-metro
2024-10-25,Punjab,89.95,PPAC-derived
2024-10-25,Rajasthan,92.75,PPAC-derived
2024-10-25,Tamil Nadu,92.34,PPAC-IOC-metro
2024-10-25,Telangana,93.85,PPAC-derived
2024-10-25,Uttar Pradesh,88.55,PPAC-derived
2024-10-25,West Bengal,91.76,PPAC-IOC-metro
2024-10-26,Andhra Pradesh,95.05,PPAC-derived
2024-10-26,Delhi,87.62,PPAC-IOC-metro
2024-10-26,Gujarat,86.85,PPAC-derived
2024-10-26,Haryana,89.35,PPAC-derived
2024-10-26,Karnataka,91.55,PPAC-derived
2024-10-26,Madhya Pradesh,91.85,PPAC-derived
2024-10-26,Maharashtra,89.97,PPAC-IOC-metro
2024-10-26,Punjab,89.95,PPAC-derived
2024-10-26,Rajasthan,92.75,PPAC-derived
2024-10-26,Tamil Nadu,92.34,PPAC-IOC-metro
2024-10-26,Telangana,93.85,PPAC-derived
2024-10-26,Uttar Pradesh,88.55,PPAC-derived
2024-10-26,West Bengal,91.76,PPAC-IOC-metro
2024-10-27,Andhra Pradesh,95.05,PPAC-derived
2024-10-27,Delhi,87.62,PPAC-IOC-metro
2024-10-27,Gujarat,86.85,PPAC-derived
2024-10-27,Haryana,89.35,PPAC-derived
2024-10-27,Karnataka,91.55,PPAC-derived
2024-10-27,Madhya Pradesh,91.85,PPAC-derived
2024-10-27,Maharashtra,89.97,PPAC-IOC-metro
2024-10-27,Punjab,89.95,PPAC-derived
2024-10-27,Rajasthan,92.75,PPAC-derived
2024-10-27,Tamil Nadu,92.34,PPAC-IOC-metro
2024-10-27,Telangana,93.85,PPAC-derived
2024-10-27,Uttar Pradesh,88.55,PPAC-derived
2024-10-27,West Bengal,91.76,PPAC-IOC-metro
2024-10-28,Andhra Pradesh,95.05,PPAC-derived
2024-10-28,Delhi,87.62,PPAC-IOC-metro
2024-10-28,Gujarat,86.85,PPAC-derived
2024-10-28,Haryana,89.35,PPAC-derived
2024-10-28,Karnataka,91.55,PPAC-derived
2024-10-28,Madhya Pradesh,91.85,PPAC-derived
2024-10-28,Maharashtra,89.97,PPAC-IOC-metro
2024-10-28,Punjab,89.95,PPAC-derived
2024-10-28,Rajasthan,92.75,PPAC-derived
2024-10-28,Tamil Nadu,92.34,PPAC-IOC-metro
2024-10-28,Telangana,93.85,PPAC-derived
2024-10-28,Uttar Pradesh,88.55,PPAC-derived
2024-10-28,West Bengal,91.76,PPAC-IOC-metro
2024-10-29,Andhra Pradesh,95.05,PPAC-derived
2024-10-29,Delhi,87.62,PPAC-IOC-metro
2024-10-29,Gujarat,86.85,PPAC-derived
2024-10-29,Haryana,89.35,PPAC-derived
2024-10-29,Karnataka,91.55,PPAC-derived
2024-10-29,Madhya Pradesh,91.85,PPAC-derived
2024-10-29,Maharashtra,89.97,PPAC-IOC-metro
2024-10-29,Punjab,89.95,PPAC-derived
2024-10-29,Rajasthan,92.75,PPAC-derived
2024-10-29,Tamil Nadu,92.34,PPAC-IOC-metro
2024-10-29,Telangana,93.85,PPAC-derived
2024-10-29,Uttar Pradesh,88.55,PPAC-derived
2024-10-29,West Bengal,91.76,PPAC-IOC-metro
2024-10-30,Andhra Pradesh,95.07,PPAC-derived
2024-10-30,Delhi,87.67,PPAC-IOC-metro
2024-10-30,Gujarat,86.87,PPAC-derived
2024-10-30,Haryana,89.37,PPAC-derived
2024-10-30,Karnataka,91.57,PPAC-derived
2024-10-30,Madhya Pradesh,91.87,PPAC-derived
2024-10-30,Maharashtra,89.97,PPAC-IOC-metro
2024-10-30,Punjab,89.97,PPAC-derived
2024-10-30,Rajasthan,92.77,PPAC-derived
2024-10-30,Tamil Nadu,92.39,PPAC-IOC-metro
2024-10-30,Telangana,93.87,PPAC-derived
2024-10-30,Uttar Pradesh,88.57,PPAC-derived
2024-10-30,West Bengal,91.76,PPAC-IOC-metro
2024-10-31,Andhra Pradesh,95.07,PPAC-derived
2024-10-31,Delhi,87.67,PPAC-IOC-metro
2024-10-31,Gujarat,86.87,PPAC-derived
2024-10-31,Haryana,89.37,PPAC-derived
2024-10-31,Karnataka,91.57,PPAC-derived
2024-10-31,Madhya Pradesh,91.87,PPAC-derived
2024-10-31,Maharashtra,89.97,PPAC-IOC-metro
2024-10-31,Punjab,89.97,PPAC-derived
2024-10-31,Rajasthan,92.77,PPAC-derived
2024-10-31,Tamil Nadu,92.39,PPAC-IOC-metro
2024-10-31,Telangana,93.87,PPAC-derived
2024-10-31,Uttar Pradesh,88.57,PPAC-derived
2024-10-31,West Bengal,91.76,PPAC-IOC-metro
2024-11-01,Andhra Pradesh,95.07,PPAC-derived
2024-11-01,Delhi,87.67,PPAC-IOC-metro
2024-11-01,Gujarat,86.87,PPAC-derived
2024-11-01,Haryana,89.37,PPAC-derived
2024-11-01,Karnataka,91.57,PPAC-derived
2024-11-01,Madhya Pradesh,91.87,PPAC-derived
2024-11-01,Maharashtra,89.97,PPAC-IOC-metro
2024-11-01,Punjab,89.97,PPAC-derived
2024-11-01,Rajasthan,92.77,PPAC-derived
2024-11-01,Tamil Nadu,92.39,PPAC-IOC-metro
2024-11-01,Telangana,93.87,PPAC-derived
2024-11-01,Uttar Pradesh,88.57,PPAC-derived
2024-11-01,West Bengal,91.76,PPAC-IOC-metro
2024-11-02,Andhra Pradesh,95.07,PPAC-derived
2024-11-02,Delhi,87.67,PPAC-IOC-metro
2024-11-02,Gujarat,86.87,PPAC-derived
2024-11-02,Haryana,89.37,PPAC-derived
2024-11-02,Karnataka,91.57,PPAC-derived
2024-11-02,Madhya Pradesh,91.87,PPAC-derived
2024-11-02,Maharashtra,89.97,PPAC-IOC-metro
2024-11-02,Punjab,89.97,PPAC-derived
2024-11-02,Rajasthan,92.77,PPAC-derived
2024-11-02,Tamil Nadu,92.39,PPAC-IOC-metro
2024-11-02,Telangana,93.87,PPAC-derived
2024-11-02,Uttar Pradesh,88.57,PPAC-derived
2024-11-02,West Bengal,91.76,PPAC-IOC-metro
2024-11-03,Andhra Pradesh,95.07,PPAC-derived
2024-11-03,Delhi,87.67,PPAC-IOC-metro
2024-11-03,Gujarat,86.87,PPAC-derived
2024-11-03,Haryana,89.37,PPAC-derived
2024-11-03,Karnataka,91.57,PPAC-derived
2024-11-03,Madhya Pradesh,91.87,PPAC-derived
2024-11-03,Maharashtra,89.97,PPAC-IOC-metro
2024-11-03,Punjab,89.97,PPAC-derived
2024-11-03,Rajasthan,92.77,PPAC-derived
2024-11-03,Tamil Nadu,92.39,PPAC-IOC-metro
2024-11-03,Telangana,93.87,PPAC-derived
2024-11-03,Uttar Pradesh,88.57,PPAC-derived
2024-11-03,West Bengal,91.76,PPAC-IOC-metro
2024-11-04,Andhra Pradesh,95.07,PPAC-derived
2024-11-04,Delhi,87.67,PPAC-IOC-metro
2024-11-04,Gujarat,86.87,PPAC-derived
2024-11-04,Haryana,89.37,PPAC-derived
2024-11-04,Karnataka,91.57,PPAC-derived
2024-11-04,Madhya Pradesh,91.87,PPAC-derived
2024-11-04,Maharashtra,89.97,PPAC-IOC-metro
2024-11-04,Punjab,89.97,PPAC-derived
2024-11-04,Rajasthan,92.77,PPAC-derived
2024-11-04,Tamil Nadu,92.39,PPAC-IOC-metro
2024-11-04,Telangana,93.87,PPAC-derived
2024-11-04,Uttar Pradesh,88.57,PPAC-derived
2024-11-04,West Bengal,91.76,PPAC-IOC-metro
2024-11-05,Andhra Pradesh,95.07,PPAC-derived
2024-11-05,Delhi,87.67,PPAC-IOC-metro
2024-11-05,Gujarat,86.87,PPAC-derived
2024-11-05,Haryana,89.37,PPAC-derived
2024-11-05,Karnataka,91.57,PPAC-derived
2024-11-05,Madhya Pradesh,91.87,PPAC-derived
2024-11-05,Maharashtra,89.97,PPAC-IOC-metro
2024-11-05,Punjab,89.97,PPAC-derived
2024-11-05,Rajasthan,92.77,PPAC-derived
2024-11-05,Tamil Nadu,92.39,PPAC-IOC-metro
2024-11-05,Telangana,93.87,PPAC-derived
2024-11-05,Uttar Pradesh,88.57,PPAC-derived
2024-11-05,West Bengal,91.76,PPAC-IOC-metro
2024-11-06,Andhra Pradesh,95.07,PPAC-derived
2024-11-06,Delhi,87.67,PPAC-IOC-metro
2024-11-06,Gujarat,86.87,PPAC-derived
2024-11-06,Haryana,89.37,PPAC-derived
2024-11-06,Karnataka,91.57,PPAC-derived
2024-11-06,Madhya Pradesh,91.87,PPAC-derived
2024-11-06,Maharashtra,89.97,PPAC-IOC-metro
2024-11-06,Punjab,89.97,PPAC-derived
2024-11-06,Rajasthan,92.77,PPAC-derived
2024-11-06,Tamil Nadu,92.39,PPAC-IOC-metro
2024-11-06,Telangana,93.87,PPAC-derived
2024-11-06,Uttar Pradesh,88.57,PPAC-derived
2024-11-06,West Bengal,91.76,PPAC-IOC-metro
2024-11-07,Andhra Pradesh,95.07,PPAC-derived
2024-11-07,Delhi,87.67,PPAC-IOC-metro
2024-11-07,Gujarat,86.87,PPAC-derived
2024-11-07,Haryana,89.37,PPAC-derived
2024-11-07,Karnataka,91.57,PPAC-derived
2024-11-07,Madhya Pradesh,91.87,PPAC-derived
2024-11-07,Maharashtra,89.97,PPAC-IOC-metro
2024-11-07,Punjab,89.97,PPAC-derived
2024-11-07,Rajasthan,92.77,PPAC-derived
2024-11-07,Tamil Nadu,92.39,PPAC-IOC-metro
2024-11-07,Telangana,93.87,PPAC-derived
2024-11-07,Uttar Pradesh,88.57,PPAC-derived
2024-11-07,West Bengal,91.76,PPAC-IOC-metro
2024-11-08,Andhra Pradesh,95.07,PPAC-derived
2024-11-08,Delhi,87.67,PPAC-IOC-metro
2024-11-08,Gujarat,86.87,PPAC-derived
2024-11-08,Haryana,89.37,PPAC-derived
2024-11-08,Karnataka,91.57,PPAC-derived
2024-11-08,Madhya Pradesh,91.87,PPAC-derived
2024-11-08,Maharashtra,89.97,PPAC-IOC-metro
2024-11-08,Punjab,89.97,PPAC-derived
2024-11-08,Rajasthan,92.77,PPAC-derived
2024-11-08,Tamil Nadu,92.39,PPAC-IOC-metro
2024-11-08,Telangana,93.87,PPAC-derived
2024-11-08,Uttar Pradesh,88.57,PPAC-derived
2024-11-08,West Bengal,91.76,PPAC-IOC-metro
2024-11-09,Andhra Pradesh,95.07,PPAC-derived
2024-11-09,Delhi,87.67,PPAC-IOC-metro
2024-11-09,Gujarat,86.87,PPAC-derived
2024-11-09,Haryana,89.37,PPAC-derived
2024-11-09,Karnataka,91.57,PPAC-derived
2024-11-09,Madhya Pradesh,91.87,PPAC-derived
2024-11-09,Maharashtra,89.97,PPAC-IOC-metro
2024-11-09,Punjab,89.97,PPAC-derived
2024-11-09,Rajasthan,92.77,PPAC-derived
2024-11-09,Tamil Nadu,92.39,PPAC-IOC-metro
2024-11-09,Telangana,93.87,PPAC-derived
2024-11-09,Uttar Pradesh,88.57,PPAC-derived
2024-11-09,West Bengal,91.76,PPAC-IOC-metro
2024-11-10,Andhra Pradesh,95.07,PPAC-derived
2024-11-10,Delhi,87.67,PPAC-IOC-metro
2024-11-10,Gujarat,86.87,PPAC-derived
2024-11-10,Haryana,89.37,PPAC-derived
2024-11-10,Karnataka,91.57,PPAC-derived
2024-11-10,Madhya Pradesh,91.87,PPAC-derived
2024-11-10,Maharashtra,89.97,PPAC-IOC-metro
2024-11-10,Punjab,89.97,PPAC-derived
2024-11-10,Rajasthan,92.77,PPAC-derived
2024-11-10,Tamil Nadu,92.39,PPAC-IOC-metro
2024-11-10,Telangana,93.87,PPAC-derived
2024-11-10,Uttar Pradesh,88.57,PPAC-derived
2024-11-10,West Bengal,91.76,PPAC-IOC-metro
2024-11-11,Andhra Pradesh,95.07,PPAC-derived
2024-11-11,Delhi,87.67,PPAC-IOC-metro
2024-11-11,Gujarat,86.87,PPAC-derived
2024-11-11,Haryana,89.37,PPAC-derived
2024-11-11,Karnataka,91.57,PPAC-derived
2024-11-11,Madhya Pradesh,91.87,PPAC-derived
2024-11-11,Maharashtra,89.97,PPAC-IOC-metro
2024-11-11,Punjab,89.97,PPAC-derived
2024-11-11,Rajasthan,92.77,PPAC-derived
2024-11-11,Tamil Nadu,92.39,PPAC-IOC-metro
2024-11-11,Telangana,93.87,PPAC-derived
2024-11-11,Uttar Pradesh,88.57,PPAC-derived
2024-11-11,West Bengal,91.76,PPAC-IOC-metro
2024-11-12,Andhra Pradesh,95.07,PPAC-derived
2024-11-12,Delhi,87.67,PPAC-IOC-metro
2024-11-12,Gujarat,86.87,PPAC-derived
2024-11-12,Haryana,89.37,PPAC-derived
2024-11-12,Karnataka,91.57,PPAC-derived
2024-11-12,Madhya Pradesh,91.87,PPAC-derived
2024-11-12,Maharashtra,89.97,PPAC-IOC-metro
2024-11-12,Punjab,89.97,PPAC-derived
2024-11-12,Rajasthan,92.77,PPAC-derived
2024-11-12,Tamil Nadu,92.39,PPAC-IOC-metro
2024-11-12,Telangana,93.87,PPAC-derived
2024-11-12,Uttar Pradesh,88.57,PPAC-derived
2024-11-12,West Bengal,91.76,PPAC-IOC-metro
2024-11-13,Andhra Pradesh,95.07,PPAC-derived
2024-11-13,Delhi,87.67,PPAC-IOC-metro
2024-11-13,Gujarat,86.87,PPAC-derived
2024-11-13,Haryana,89.37,PPAC-derived
2024-11-13,Karnataka,91.57,PPAC-derived
2024-11-13,Madhya Pradesh,91.87,PPAC-derived
2024-11-13,Maharashtra,89.97,PPAC-IOC-metro
2024-11-13,Punjab,89.97,PPAC-derived
2024-11-13,Rajasthan,92.77,PPAC-derived
2024-11-13,Tamil Nadu,92.39,PPAC-IOC-metro
2024-11-13,Telangana,93.87,PPAC-derived
2024-11-13,Uttar Pradesh,88.57,PPAC-derived
2024-11-13,West Bengal,91.76,PPAC-IOC-metro
2024-11-14,Andhra Pradesh,95.07,PPAC-derived
2024-11-14,Delhi,87.67,PPAC-IOC-metro
2024-11-14,Gujarat,86.87,PPAC-derived
2024-11-14,Haryana,89.37,PPAC-derived
2024-11-14,Karnataka,91.57,PPAC-derived
2024-11-14,Madhya Pradesh,91.87,PPAC-derived
2024-11-14,Maharashtra,89.97,PPAC-IOC-metro
2024-11-14,Punjab,89.97,PPAC-derived
2024-11-14,Rajasthan,92.77,PPAC-derived
2024-11-14,Tamil Nadu,92.39,PPAC-IOC-metro
2024-11-14,Telangana,93.87,PPAC-derived
2024-11-14,Uttar Pradesh,88.57,PPAC-derived
2024-11-14,West Bengal,91.76,PPAC-IOC-metro
2024-11-15,Andhra Pradesh,95.07,PPAC-derived
2024-11-15,Delhi,87.67,PPAC-IOC-metro
2024-11-15,Gujarat,86.87,PPAC-derived
2024-11-15,Haryana,89.37,PPAC-derived
2024-11-15,Karnataka,91.57,PPAC-derived
2024-11-15,Madhya Pradesh,91.87,PPAC-derived
2024-11-15,Maharashtra,89.97,PPAC-IOC-metro
2024-11-15,Punjab,89.97,PPAC-derived
2024-11-15,Rajasthan,92.77,PPAC-derived
2024-11-15,Tamil Nadu,92.39,PPAC-IOC-metro
2024-11-15,Telangana,93.87,PPAC-derived
2024-11-15,Uttar Pradesh,88.57,PPAC-derived
2024-11-15,West Bengal,91.76,PPAC-IOC-metro
2024-11-16,Andhra Pradesh,95.07,PPAC-derived
2024-11-16,Delhi,87.67,PPAC-IOC-metro
2024-11-16,Gujarat,86.87,PPAC-derived
2024-11-16,Haryana,89.37,PPAC-derived
2024-11-16,Karnataka,91.57,PPAC-derived
2024-11-16,Madhya Pradesh,91.87,PPAC-derived
2024-11-16,Maharashtra,89.97,PPAC-IOC-metro
2024-11-16,Punjab,89.97,PPAC-derived
2024-11-16,Rajasthan,92.77,PPAC-derived
2024-11-16,Tamil Nadu,92.39,PPAC-IOC-metro
2024-11-16,Telangana,93.87,PPAC-derived
2024-11-16,Uttar Pradesh,88.57,PPAC-derived
2024-11-16,West Bengal,91.76,PPAC-IOC-metro
2024-11-17,Andhra Pradesh,95.07,PPAC-derived
2024-11-17,Delhi,87.67,PPAC-IOC-metro
2024-11-17,Gujarat,86.87,PPAC-derived
2024-11-17,Haryana,89.37,PPAC-derived
2024-11-17,Karnataka,91.57,PPAC-derived
2024-11-17,Madhya Pradesh,91.87,PPAC-derived
2024-11-17,Maharashtra,89.97,PPAC-IOC-metro
2024-11-17,Punjab,89.97,PPAC-derived
2024-11-17,Rajasthan,92.77,PPAC-derived
2024-11-17,Tamil Nadu,92.39,PPAC-IOC-metro
2024-11-17,Telangana,93.87,PPAC-derived
2024-11-17,Uttar Pradesh,88.57,PPAC-derived
2024-11-17,West Bengal,91.76,PPAC-IOC-metro
2024-11-18,Andhra Pradesh,95.07,PPAC-derived
2024-11-18,Delhi,87.67,PPAC-IOC-metro
2024-11-18,Gujarat,86.87,PPAC-derived
2024-11-18,Haryana,89.37,PPAC-derived
2024-11-18,Karnataka,91.57,PPAC-derived
2024-11-18,Madhya Pradesh,91.87,PPAC-derived
2024-11-18,Maharashtra,89.97,PPAC-IOC-metro
2024-11-18,Punjab,89.97,PPAC-derived
2024-11-18,Rajasthan,92.77,PPAC-derived
2024-11-18,Tamil Nadu,92.39,PPAC-IOC-metro
2024-11-18,Telangana,93.87,PPAC-derived
2024-11-18,Uttar Pradesh,88.57,PPAC-derived
2024-11-18,West Bengal,91.76,PPAC-IOC-metro
2024-11-19,Andhra Pradesh,95.07,PPAC-derived
2024-11-19,Delhi,87.67,PPAC-IOC-metro
2024-11-19,Gujarat,86.87,PPAC-derived
2024-11-19,Haryana,89.37,PPAC-derived
2024-11-19,Karnataka,91.57,PPAC-derived
2024-11-19,Madhya Pradesh,91.87,PPAC-derived
2024-11-19,Maharashtra,89.97,PPAC-IOC-metro
2024-11-19,Punjab,89.97,PPAC-derived
2024-11-19,Rajasthan,92.77,PPAC-derived
2024-11-19,Tamil Nadu,92.39,PPAC-IOC-metro
2024-11-19,Telangana,93.87,PPAC-derived
2024-11-19,Uttar Pradesh,88.57,PPAC-derived
2024-11-19,West Bengal,91.76,PPAC-IOC-metro
2024-11-20,Andhra Pradesh,95.07,PPAC-derived
2024-11-20,Delhi,87.67,PPAC-IOC-metro
2024-11-20,Gujarat,86.87,PPAC-derived
2024-11-20,Haryana,89.37,PPAC-derived
2024-11-20,Karnataka,91.57,PPAC-derived
2024-11-20,Madhya Pradesh,91.87,PPAC-derived
2024-11-20,Maharashtra,89.97,PPAC-IOC-metro
2024-11-20,Punjab,89.97,PPAC-derived
2024-11-20,Rajasthan,92.77,PPAC-derived
2024-11-20,Tamil Nadu,92.39,PPAC-IOC-metro
2024-11-20,Telangana,93.87,PPAC-derived
2024-11-20,Uttar Pradesh,88.57,PPAC-derived
2024-11-20,West Bengal,91.76,PPAC-IOC-metro
2024-11-21,Andhra Pradesh,95.07,PPAC-derived
2024-11-21,Delhi,87.67,PPAC-IOC-metro
2024-11-21,Gujarat,86.87,PPAC-derived
2024-11-21,Haryana,89.37,PPAC-derived
2024-11-21,Karnataka,91.57,PPAC-derived
2024-11-21,Madhya Pradesh,91.87,PPAC-derived
2024-11-21,Maharashtra,89.97,PPAC-IOC-metro
2024-11-21,Punjab,89.97,PPAC-derived
2024-11-21,Rajasthan,92.77,PPAC-derived
2024-11-21,Tamil Nadu,92.39,PPAC-IOC-metro
2024-11-21,Telangana,93.87,PPAC-derived
2024-11-21,Uttar Pradesh,88.57,PPAC-derived
2024-11-21,West Bengal,91.76,PPAC-IOC-metro
2024-11-22,Andhra Pradesh,95.07,PPAC-derived
2024-11-22,Delhi,87.67,PPAC-IOC-metro
2024-11-22,Gujarat,86.87,PPAC-derived
2024-11-22,Haryana,89.37,PPAC-derived
2024-11-22,Karnataka,91.57,PPAC-derived
2024-11-22,Madhya Pradesh,91.87,PPAC-derived
2024-11-22,Maharashtra,89.97,PPAC-IOC-metro
2024-11-22,Punjab,89.97,PPAC-derived
2024-11-22,Rajasthan,92.77,PPAC-derived
2024-11-22,Tamil Nadu,92.39,PPAC-IOC-metro
2024-11-22,Telangana,93.87,PPAC-derived
2024-11-22,Uttar Pradesh,88.57,PPAC-derived
2024-11-22,West Bengal,91.76,PPAC-IOC-metro
2024-11-23,Andhra Pradesh,95.07,PPAC-derived
2024-11-23,Delhi,87.67,PPAC-IOC-metro
2024-11-23,Gujarat,86.87,PPAC-derived
2024-11-23,Haryana,89.37,PPAC-derived
2024-11-23,Karnataka,91.57,PPAC-derived
2024-11-23,Madhya Pradesh,91.87,PPAC-derived
2024-11-23,Maharashtra,89.97,PPAC-IOC-metro
2024-11-23,Punjab,89.97,PPAC-derived
2024-11-23,Rajasthan,92.77,PPAC-derived
2024-11-23,Tamil Nadu,92.39,PPAC-IOC-metro
2024-11-23,Telangana,93.87,PPAC-derived
2024-11-23,Uttar Pradesh,88.57,PPAC-derived
2024-11-23,West Bengal,91.76,PPAC-IOC-metro
2024-11-24,Andhra Pradesh,95.07,PPAC-derived
2024-11-24,Delhi,87.67,PPAC-IOC-metro
2024-11-24,Gujarat,86.87,PPAC-derived
2024-11-24,Haryana,89.37,PPAC-derived
2024-11-24,Karnataka,91.57,PPAC-derived
2024-11-24,Madhya Pradesh,91.87,PPAC-derived
2024-11-24,Maharashtra,89.97,PPAC-IOC-metro
2024-11-24,Punjab,89.97,PPAC-derived
2024-11-24,Rajasthan,92.77,PPAC-derived
2024-11-24,Tamil Nadu,92.39,PPAC-IOC-metro
2024-11-24,Telangana,93.87,PPAC-derived
2024-11-24,Uttar Pradesh,88.57,PPAC-derived
2024-11-24,West Bengal,91.76,PPAC-IOC-metro
2024-11-25,Andhra Pradesh,95.07,PPAC-derived
2024-11-25,Delhi,87.67,PPAC-IOC-metro
2024-11-25,Gujarat,86.87,PPAC-derived
2024-11-25,Haryana,89.37,PPAC-derived
2024-11-25,Karnataka,91.57,PPAC-derived
2024-11-25,Madhya Pradesh,91.87,PPAC-derived
2024-11-25,Maharashtra,89.97,PPAC-IOC-metro
2024-11-25,Punjab,89.97,PPAC-derived
2024-11-25,Rajasthan,92.77,PPAC-derived
2024-11-25,Tamil Nadu,92.39,PPAC-IOC-metro
2024-11-25,Telangana,93.87,PPAC-derived
2024-11-25,Uttar Pradesh,88.57,PPAC-derived
2024-11-25,West Bengal,91.76,PPAC-IOC-metro
2024-11-26,Andhra Pradesh,95.07,PPAC-derived
2024-11-26,Delhi,87.67,PPAC-IOC-metro
2024-11-26,Gujarat,86.87,PPAC-derived
2024-11-26,Haryana,89.37,PPAC-derived
2024-11-26,Karnataka,91.57,PPAC-derived
2024-11-26,Madhya Pradesh,91.87,PPAC-derived
2024-11-26,Maharashtra,89.97,PPAC-IOC-metro
2024-11-26,Punjab,89.97,PPAC-derived
2024-11-26,Rajasthan,92.77,PPAC-derived
2024-11-26,Tamil Nadu,92.39,PPAC-IOC-metro
2024-11-26,Telangana,93.87,PPAC-derived
2024-11-26,Uttar Pradesh,88.57,PPAC-derived
2024-11-26,West Bengal,91.76,PPAC-IOC-metro
2024-11-27,Andhra Pradesh,95.07,PPAC-derived
2024-11-27,Delhi,87.67,PPAC-IOC-metro
2024-11-27,Gujarat,86.87,PPAC-derived
2024-11-27,Haryana,89.37,PPAC-derived
2024-11-27,Karnataka,91.57,PPAC-derived
2024-11-27,Madhya Pradesh,91.87,PPAC-derived
2024-11-27,Maharashtra,89.97,PPAC-IOC-metro
2024-11-27,Punjab,89.97,PPAC-derived
2024-11-27,Rajasthan,92.77,PPAC-derived
2024-11-27,Tamil Nadu,92.39,PPAC-IOC-metro
2024-11-27,Telangana,93.87,PPAC-derived
2024-11-27,Uttar Pradesh,88.57,PPAC-derived
2024-11-27,West Bengal,91.76,PPAC-IOC-metro
2024-11-28,Andhra Pradesh,95.07,PPAC-derived
2024-11-28,Delhi,87.67,PPAC-IOC-metro
2024-11-28,Gujarat,86.87,PPAC-derived
2024-11-28,Haryana,89.37,PPAC-derived
2024-11-28,Karnataka,91.57,PPAC-derived
2024-11-28,Madhya Pradesh,91.87,PPAC-derived
2024-11-28,Maharashtra,89.97,PPAC-IOC-metro
2024-11-28,Punjab,89.97,PPAC-derived
2024-11-28,Rajasthan,92.77,PPAC-derived
2024-11-28,Tamil Nadu,92.39,PPAC-IOC-metro
2024-11-28,Telangana,93.87,PPAC-derived
2024-11-28,Uttar Pradesh,88.57,PPAC-derived
2024-11-28,West Bengal,91.76,PPAC-IOC-metro
2024-11-29,Andhra Pradesh,95.07,PPAC-derived
2024-11-29,Delhi,87.67,PPAC-IOC-metro
2024-11-29,Gujarat,86.87,PPAC-derived
2024-11-29,Haryana,89.37,PPAC-derived
2024-11-29,Karnataka,91.57,PPAC-derived
2024-11-29,Madhya Pradesh,91.87,PPAC-derived
2024-11-29,Maharashtra,89.97,PPAC-IOC-metro
2024-11-29,Punjab,89.97,PPAC-derived
2024-11-29,Rajasthan,92.77,PPAC-derived
2024-11-29,Tamil Nadu,92.39,PPAC-IOC-metro
2024-11-29,Telangana,93.87,PPAC-derived
2024-11-29,Uttar Pradesh,88.57,PPAC-derived
2024-11-29,West Bengal,91.76,PPAC-IOC-metro
2024-11-30,Andhra Pradesh,95.07,PPAC-derived
2024-11-30,Delhi,87.67,PPAC-IOC-metro
2024-11-30,Gujarat,86.87,PPAC-derived
2024-11-30,Haryana,89.37,PPAC-derived
2024-11-30,Karnataka,91.57,PPAC-derived
2024-11-30,Madhya Pradesh,91.87,PPAC-derived
2024-11-30,Maharashtra,89.97,PPAC-IOC-metro
2024-11-30,Punjab,89.97,PPAC-derived
2024-11-30,Rajasthan,92.77,PPAC-derived
2024-11-30,Tamil Nadu,92.39,PPAC-IOC-metro
2024-11-30,Telangana,93.87,PPAC-derived
2024-11-30,Uttar Pradesh,88.57,PPAC-derived
2024-11-30,West Bengal,91.76,PPAC-IOC-metro
2024-12-01,Andhra Pradesh,95.1,PPAC-derived
2024-12-01,Delhi,87.67,PPAC-IOC-metro
2024-12-01,Gujarat,86.9,PPAC-derived
2024-12-01,Haryana,89.4,PPAC-derived
2024-12-01,Karnataka,91.6,PPAC-derived
2024-12-01,Madhya Pradesh,91.9,PPAC-derived
2024-12-01,Maharashtra,90.03,PPAC-IOC-metro
2024-12-01,Punjab,90.0,PPAC-derived
2024-12-01,Rajasthan,92.8,PPAC-derived
2024-12-01,Tamil Nadu,92.39,PPAC-IOC-metro
2024-12-01,Telangana,93.9,PPAC-derived
2024-12-01,Uttar Pradesh,88.6,PPAC-derived
2024-12-01,West Bengal,91.82,PPAC-IOC-metro
2024-12-02,Andhra Pradesh,95.1,PPAC-derived
2024-12-02,Delhi,87.67,PPAC-IOC-metro
2024-12-02,Gujarat,86.9,PPAC-derived
2024-12-02,Haryana,89.4,PPAC-derived
2024-12-02,Karnataka,91.6,PPAC-derived
2024-12-02,Madhya Pradesh,91.9,PPAC-derived
2024-12-02,Maharashtra,90.03,PPAC-IOC-metro
2024-12-02,Punjab,90.0,PPAC-derived
2024-12-02,Rajasthan,92.8,PPAC-derived
2024-12-02,Tamil Nadu,92.39,PPAC-IOC-metro
2024-12-02,Telangana,93.9,PPAC-derived
2024-12-02,Uttar Pradesh,88.6,PPAC-derived
2024-12-02,West Bengal,91.82,PPAC-IOC-metro
2024-12-03,Andhra Pradesh,95.1,PPAC-derived
2024-12-03,Delhi,87.67,PPAC-IOC-metro
2024-12-03,Gujarat,86.9,PPAC-derived
2024-12-03,Haryana,89.4,PPAC-derived
2024-12-03,Karnataka,91.6,PPAC-derived
2024-12-03,Madhya Pradesh,91.9,PPAC-derived
2024-12-03,Maharashtra,90.03,PPAC-IOC-metro
2024-12-03,Punjab,90.0,PPAC-derived
2024-12-03,Rajasthan,92.8,PPAC-derived
2024-12-03,Tamil Nadu,92.39,PPAC-IOC-metro
2024-12-03,Telangana,93.9,PPAC-derived
2024-12-03,Uttar Pradesh,88.6,PPAC-derived
2024-12-03,West Bengal,91.82,PPAC-IOC-metro
2024-12-04,Andhra Pradesh,95.1,PPAC-derived
2024-12-04,Delhi,87.67,PPAC-IOC-metro
2024-12-04,Gujarat,86.9,PPAC-derived
2024-12-04,Haryana,89.4,PPAC-derived
2024-12-04,Karnataka,91.6,PPAC-derived
2024-12-04,Madhya Pradesh,91.9,PPAC-derived
2024-12-04,Maharashtra,90.03,PPAC-IOC-metro
2024-12-04,Punjab,90.0,PPAC-derived
2024-12-04,Rajasthan,92.8,PPAC-derived
2024-12-04,Tamil Nadu,92.39,PPAC-IOC-metro
2024-12-04,Telangana,93.9,PPAC-derived
2024-12-04,Uttar Pradesh,88.6,PPAC-derived
2024-12-04,West Bengal,91.82,PPAC-IOC-metro
2024-12-05,Andhra Pradesh,95.1,PPAC-derived
2024-12-05,Delhi,87.67,PPAC-IOC-metro
2024-12-05,Gujarat,86.9,PPAC-derived
2024-12-05,Haryana,89.4,PPAC-derived
2024-12-05,Karnataka,91.6,PPAC-derived
2024-12-05,Madhya Pradesh,91.9,PPAC-derived
2024-12-05,Maharashtra,90.03,PPAC-IOC-metro
2024-12-05,Punjab,90.0,PPAC-derived
2024-12-05,Rajasthan,92.8,PPAC-derived
2024-12-05,Tamil Nadu,92.39,PPAC-IOC-metro
2024-12-05,Telangana,93.9,PPAC-derived
2024-12-05,Uttar Pradesh,88.6,PPAC-derived
2024-12-05,West Bengal,91.82,PPAC-IOC-metro
2024-12-06,Andhra Pradesh,95.1,PPAC-derived
2024-12-06,Delhi,87.67,PPAC-IOC-metro
2024-12-06,Gujarat,86.9,PPAC-derived
2024-12-06,Haryana,89.4,PPAC-derived
2024-12-06,Karnataka,91.6,PPAC-derived
2024-12-06,Madhya Pradesh,91.9,PPAC-derived
2024-12-06,Maharashtra,90.03,PPAC-IOC-metro
2024-12-06,Punjab,90.0,PPAC-derived
2024-12-06,Rajasthan,92.8,PPAC-derived
2024-12-06,Tamil Nadu,92.39,PPAC-IOC-metro
2024-12-06,Telangana,93.9,PPAC-derived
2024-12-06,Uttar Pradesh,88.6,PPAC-derived
2024-12-06,West Bengal,91.82,PPAC-IOC-metro
2024-12-07,Andhra Pradesh,95.1,PPAC-derived
2024-12-07,Delhi,87.67,PPAC-IOC-metro
2024-12-07,Gujarat,86.9,PPAC-derived
2024-12-07,Haryana,89.4,PPAC-derived
2024-12-07,Karnataka,91.6,PPAC-derived
2024-12-07,Madhya Pradesh,91.9,PPAC-derived
2024-12-07,Maharashtra,90.03,PPAC-IOC-metro
2024-12-07,Punjab,90.0,PPAC-derived
2024-12-07,Rajasthan,92.8,PPAC-derived
2024-12-07,Tamil Nadu,92.39,PPAC-IOC-metro
2024-12-07,Telangana,93.9,PPAC-derived
2024-12-07,Uttar Pradesh,88.6,PPAC-derived
2024-12-07,West Bengal,91.82,PPAC-IOC-metro
2024-12-08,Andhra Pradesh,95.1,PPAC-derived
2024-12-08,Delhi,87.67,PPAC-IOC-metro
2024-12-08,Gujarat,86.9,PPAC-derived
2024-12-08,Haryana,89.4,PPAC-derived
2024-12-08,Karnataka,91.6,PPAC-derived
2024-12-08,Madhya Pradesh,91.9,PPAC-derived
2024-12-08,Maharashtra,90.03,PPAC-IOC-metro
2024-12-08,Punjab,90.0,PPAC-derived
2024-12-08,Rajasthan,92.8,PPAC-derived
2024-12-08,Tamil Nadu,92.39,PPAC-IOC-metro
2024-12-08,Telangana,93.9,PPAC-derived
2024-12-08,Uttar Pradesh,88.6,PPAC-derived
2024-12-08,West Bengal,91.82,PPAC-IOC-metro
2024-12-09,Andhra Pradesh,95.1,PPAC-derived
2024-12-09,Delhi,87.67,PPAC-IOC-metro
2024-12-09,Gujarat,86.9,PPAC-derived
2024-12-09,Haryana,89.4,PPAC-derived
2024-12-09,Karnataka,91.6,PPAC-derived
2024-12-09,Madhya Pradesh,91.9,PPAC-derived
2024-12-09,Maharashtra,90.03,PPAC-IOC-metro
2024-12-09,Punjab,90.0,PPAC-derived
2024-12-09,Rajasthan,92.8,PPAC-derived
2024-12-09,Tamil Nadu,92.39,PPAC-IOC-metro
2024-12-09,Telangana,93.9,PPAC-derived
2024-12-09,Uttar Pradesh,88.6,PPAC-derived
2024-12-09,West Bengal,91.82,PPAC-IOC-metro
2024-12-10,Andhra Pradesh,95.1,PPAC-derived
2024-12-10,Delhi,87.67,PPAC-IOC-metro
2024-12-10,Gujarat,86.9,PPAC-derived
2024-12-10,Haryana,89.4,PPAC-derived
2024-12-10,Karnataka,91.6,PPAC-derived
2024-12-10,Madhya Pradesh,91.9,PPAC-derived
2024-12-10,Maharashtra,90.03,PPAC-IOC-metro
2024-12-10,Punjab,90.0,PPAC-derived
2024-12-10,Rajasthan,92.8,PPAC-derived
2024-12-10,Tamil Nadu,92.39,PPAC-IOC-metro
2024-12-10,Telangana,93.9,PPAC-derived
2024-12-10,Uttar Pradesh,88.6,PPAC-derived
2024-12-10,West Bengal,91.82,PPAC-IOC-metro
2024-12-11,Andhra Pradesh,95.1,PPAC-derived
2024-12-11,Delhi,87.67,PPAC-IOC-metro
2024-12-11,Gujarat,86.9,PPAC-derived
2024-12-11,Haryana,89.4,PPAC-derived
2024-12-11,Karnataka,91.6,PPAC-derived
2024-12-11,Madhya Pradesh,91.9,PPAC-derived
2024-12-11,Maharashtra,90.03,PPAC-IOC-metro
2024-12-11,Punjab,90.0,PPAC-derived
2024-12-11,Rajasthan,92.8,PPAC-derived
2024-12-11,Tamil Nadu,92.39,PPAC-IOC-metro
2024-12-11,Telangana,93.9,PPAC-derived
2024-12-11,Uttar Pradesh,88.6,PPAC-derived
2024-12-11,West Bengal,91.82,PPAC-IOC-metro
2024-12-12,Andhra Pradesh,95.1,PPAC-derived
2024-12-12,Delhi,87.67,PPAC-IOC-metro
2024-12-12,Gujarat,86.9,PPAC-derived
2024-12-12,Haryana,89.4,PPAC-derived
2024-12-12,Karnataka,91.6,PPAC-derived
2024-12-12,Madhya Pradesh,91.9,PPAC-derived
2024-12-12,Maharashtra,90.03,PPAC-IOC-metro
2024-12-12,Punjab,90.0,PPAC-derived
2024-12-12,Rajasthan,92.8,PPAC-derived
2024-12-12,Tamil Nadu,92.39,PPAC-IOC-metro
2024-12-12,Telangana,93.9,PPAC-derived
2024-12-12,Uttar Pradesh,88.6,PPAC-derived
2024-12-12,West Bengal,91.82,PPAC-IOC-metro
2024-12-13,Andhra Pradesh,95.1,PPAC-derived
2024-12-13,Delhi,87.67,PPAC-IOC-metro
2024-12-13,Gujarat,86.9,PPAC-derived
2024-12-13,Haryana,89.4,PPAC-derived
2024-12-13,Karnataka,91.6,PPAC-derived
2024-12-13,Madhya Pradesh,91.9,PPAC-derived
2024-12-13,Maharashtra,90.03,PPAC-IOC-metro
2024-12-13,Punjab,90.0,PPAC-derived
2024-12-13,Rajasthan,92.8,PPAC-derived
2024-12-13,Tamil Nadu,92.39,PPAC-IOC-metro
2024-12-13,Telangana,93.9,PPAC-derived
2024-12-13,Uttar Pradesh,88.6,PPAC-derived
2024-12-13,West Bengal,91.82,PPAC-IOC-metro
2024-12-14,Andhra Pradesh,95.1,PPAC-derived
2024-12-14,Delhi,87.67,PPAC-IOC-metro
2024-12-14,Gujarat,86.9,PPAC-derived
2024-12-14,Haryana,89.4,PPAC-derived
2024-12-14,Karnataka,91.6,PPAC-derived
2024-12-14,Madhya Pradesh,91.9,PPAC-derived
2024-12-14,Maharashtra,90.03,PPAC-IOC-metro
2024-12-14,Punjab,90.0,PPAC-derived
2024-12-14,Rajasthan,92.8,PPAC-derived
2024-12-14,Tamil Nadu,92.39,PPAC-IOC-metro
2024-12-14,Telangana,93.9,PPAC-derived
2024-12-14,Uttar Pradesh,88.6,PPAC-derived
2024-12-14,West Bengal,91.82,PPAC-IOC-metro
2024-12-15,Andhra Pradesh,95.1,PPAC-derived
2024-12-15,Delhi,87.67,PPAC-IOC-metro
2024-12-15,Gujarat,86.9,PPAC-derived
2024-12-15,Haryana,89.4,PPAC-derived
2024-12-15,Karnataka,91.6,PPAC-derived
2024-12-15,Madhya Pradesh,91.9,PPAC-derived
2024-12-15,Maharashtra,90.03,PPAC-IOC-metro
2024-12-15,Punjab,90.0,PPAC-derived
2024-12-15,Rajasthan,92.8,PPAC-derived
2024-12-15,Tamil Nadu,92.39,PPAC-IOC-metro
2024-12-15,Telangana,93.9,PPAC-derived
2024-12-15,Uttar Pradesh,88.6,PPAC-derived
2024-12-15,West Bengal,91.82,PPAC-IOC-metro
2024-12-16,Andhra Pradesh,95.1,PPAC-derived
2024-12-16,Delhi,87.67,PPAC-IOC-metro
2024-12-16,Gujarat,86.9,PPAC-derived
2024-12-16,Haryana,89.4,PPAC-derived
2024-12-16,Karnataka,91.6,PPAC-derived
2024-12-16,Madhya Pradesh,91.9,PPAC-derived
2024-12-16,Maharashtra,90.03,PPAC-IOC-metro
2024-12-16,Punjab,90.0,PPAC-derived
2024-12-16,Rajasthan,92.8,PPAC-derived
2024-12-16,Tamil Nadu,92.39,PPAC-IOC-metro
2024-12-16,Telangana,93.9,PPAC-derived
2024-12-16,Uttar Pradesh,88.6,PPAC-derived
2024-12-16,West Bengal,91.82,PPAC-IOC-metro
2024-12-17,Andhra Pradesh,95.1,PPAC-derived
2024-12-17,Delhi,87.67,PPAC-IOC-metro
2024-12-17,Gujarat,86.9,PPAC-derived
2024-12-17,Haryana,89.4,PPAC-derived
2024-12-17,Karnataka,91.6,PPAC-derived
2024-12-17,Madhya Pradesh,91.9,PPAC-derived
2024-12-17,Maharashtra,90.03,PPAC-IOC-metro
2024-12-17,Punjab,90.0,PPAC-derived
2024-12-17,Rajasthan,92.8,PPAC-derived
2024-12-17,Tamil Nadu,92.39,PPAC-IOC-metro
2024-12-17,Telangana,93.9,PPAC-derived
2024-12-17,Uttar Pradesh,88.6,PPAC-derived
2024-12-17,West Bengal,91.82,PPAC-IOC-metro
2024-12-18,Andhra Pradesh,95.1,PPAC-derived
2024-12-18,Delhi,87.67,PPAC-IOC-metro
2024-12-18,Gujarat,86.9,PPAC-derived
2024-12-18,Haryana,89.4,PPAC-derived
2024-12-18,Karnataka,91.6,PPAC-derived
2024-12-18,Madhya Pradesh,91.9,PPAC-derived
2024-12-18,Maharashtra,90.03,PPAC-IOC-metro
2024-12-18,Punjab,90.0,PPAC-derived
2024-12-18,Rajasthan,92.8,PPAC-derived
2024-12-18,Tamil Nadu,92.39,PPAC-IOC-metro
2024-12-18,Telangana,93.9,PPAC-derived
2024-12-18,Uttar Pradesh,88.6,PPAC-derived
2024-12-18,West Bengal,91.82,PPAC-IOC-metro
2024-12-19,Andhra Pradesh,95.1,PPAC-derived
2024-12-19,Delhi,87.67,PPAC-IOC-metro
2024-12-19,Gujarat,86.9,PPAC-derived
2024-12-19,Haryana,89.4,PPAC-derived
2024-12-19,Karnataka,91.6,PPAC-derived
2024-12-19,Madhya Pradesh,91.9,PPAC-derived
2024-12-19,Maharashtra,90.03,PPAC-IOC-metro
2024-12-19,Punjab,90.0,PPAC-derived
2024-12-19,Rajasthan,92.8,PPAC-derived
2024-12-19,Tamil Nadu,92.39,PPAC-IOC-metro
2024-12-19,Telangana,93.9,PPAC-derived
2024-12-19,Uttar Pradesh,88.6,PPAC-derived
2024-12-19,West Bengal,91.82,PPAC-IOC-metro
2024-12-20,Andhra Pradesh,95.1,PPAC-derived
2024-12-20,Delhi,87.67,PPAC-IOC-metro
2024-12-20,Gujarat,86.9,PPAC-derived
2024-12-20,Haryana,89.4,PPAC-derived
2024-12-20,Karnataka,91.6,PPAC-derived
2024-12-20,Madhya Pradesh,91.9,PPAC-derived
2024-12-20,Maharashtra,90.03,PPAC-IOC-metro
2024-12-20,Punjab,90.0,PPAC-derived
2024-12-20,Rajasthan,92.8,PPAC-derived
2024-12-20,Tamil Nadu,92.39,PPAC-IOC-metro
2024-12-20,Telangana,93.9,PPAC-derived
2024-12-20,Uttar Pradesh,88.6,PPAC-derived
2024-12-20,West Bengal,91.82,PPAC-IOC-metro
2024-12-21,Andhra Pradesh,95.1,PPAC-derived
2024-12-21,Delhi,87.67,PPAC-IOC-metro
2024-12-21,Gujarat,86.9,PPAC-derived
2024-12-21,Haryana,89.4,PPAC-derived
2024-12-21,Karnataka,91.6,PPAC-derived
2024-12-21,Madhya Pradesh,91.9,PPAC-derived
2024-12-21,Maharashtra,90.03,PPAC-IOC-metro
2024-12-21,Punjab,90.0,PPAC-derived
2024-12-21,Rajasthan,92.8,PPAC-derived
2024-12-21,Tamil Nadu,92.39,PPAC-IOC-metro
2024-12-21,Telangana,93.9,PPAC-derived
2024-12-21,Uttar Pradesh,88.6,PPAC-derived
2024-12-21,West Bengal,91.82,PPAC-IOC-metro
2024-12-22,Andhra Pradesh,95.1,PPAC-derived
2024-12-22,Delhi,87.67,PPAC-IOC-metro
2024-12-22,Gujarat,86.9,PPAC-derived
2024-12-22,Haryana,89.4,PPAC-derived
2024-12-22,Karnataka,91.6,PPAC-derived
2024-12-22,Madhya Pradesh,91.9,PPAC-derived
2024-12-22,Maharashtra,90.03,PPAC-IOC-metro
2024-12-22,Punjab,90.0,PPAC-derived
2024-12-22,Rajasthan,92.8,PPAC-derived
2024-12-22,Tamil Nadu,92.39,PPAC-IOC-metro
2024-12-22,Telangana,93.9,PPAC-derived
2024-12-22,Uttar Pradesh,88.6,PPAC-derived
2024-12-22,West Bengal,91.82,PPAC-IOC-metro
2024-12-23,Andhra Pradesh,95.1,PPAC-derived
2024-12-23,Delhi,87.67,PPAC-IOC-metro
2024-12-23,Gujarat,86.9,PPAC-derived
2024-12-23,Haryana,89.4,PPAC-derived
2024-12-23,Karnataka,91.6,PPAC-derived
2024-12-23,Madhya Pradesh,91.9,PPAC-derived
2024-12-23,Maharashtra,90.03,PPAC-IOC-metro
2024-12-23,Punjab,90.0,PPAC-derived
2024-12-23,Rajasthan,92.8,PPAC-derived
2024-12-23,Tamil Nadu,92.39,PPAC-IOC-metro
2024-12-23,Telangana,93.9,PPAC-derived
2024-12-23,Uttar Pradesh,88.6,PPAC-derived
2024-12-23,West Bengal,91.82,PPAC-IOC-metro
2024-12-24,Andhra Pradesh,95.1,PPAC-derived
2024-12-24,Delhi,87.67,PPAC-IOC-metro
2024-12-24,Gujarat,86.9,PPAC-derived
2024-12-24,Haryana,89.4,PPAC-derived
2024-12-24,Karnataka,91.6,PPAC-derived
2024-12-24,Madhya Pradesh,91.9,PPAC-derived
2024-12-24,Maharashtra,90.03,PPAC-IOC-metro
2024-12-24,Punjab,90.0,PPAC-derived
2024-12-24,Rajasthan,92.8,PPAC-derived
2024-12-24,Tamil Nadu,92.39,PPAC-IOC-metro
2024-12-24,Telangana,93.9,PPAC-derived
2024-12-24,Uttar Pradesh,88.6,PPAC-derived
2024-12-24,West Bengal,91.82,PPAC-IOC-metro
2024-12-25,Andhra Pradesh,95.1,PPAC-derived
2024-12-25,Delhi,87.67,PPAC-IOC-metro
2024-12-25,Gujarat,86.9,PPAC-derived
2024-12-25,Haryana,89.4,PPAC-derived
2024-12-25,Karnataka,91.6,PPAC-derived
2024-12-25,Madhya Pradesh,91.9,PPAC-derived
2024-12-25,Maharashtra,90.03,PPAC-IOC-metro
2024-12-25,Punjab,90.0,PPAC-derived
2024-12-25,Rajasthan,92.8,PPAC-derived
2024-12-25,Tamil Nadu,92.39,PPAC-IOC-metro
2024-12-25,Telangana,93.9,PPAC-derived
2024-12-25,Uttar Pradesh,88.6,PPAC-derived
2024-12-25,West Bengal,91.82,PPAC-IOC-metro
2024-12-26,Andhra Pradesh,95.1,PPAC-derived
2024-12-26,Delhi,87.67,PPAC-IOC-metro
2024-12-26,Gujarat,86.9,PPAC-derived
2024-12-26,Haryana,89.4,PPAC-derived
2024-12-26,Karnataka,91.6,PPAC-derived
2024-12-26,Madhya Pradesh,91.9,PPAC-derived
2024-12-26,Maharashtra,90.03,PPAC-IOC-metro
2024-12-26,Punjab,90.0,PPAC-derived
2024-12-26,Rajasthan,92.8,PPAC-derived
2024-12-26,Tamil Nadu,92.39,PPAC-IOC-metro
2024-12-26,Telangana,93.9,PPAC-derived
2024-12-26,Uttar Pradesh,88.6,PPAC-derived
2024-12-26,West Bengal,91.82,PPAC-IOC-metro
2024-12-27,Andhra Pradesh,95.1,PPAC-derived
2024-12-27,Delhi,87.67,PPAC-IOC-metro
2024-12-27,Gujarat,86.9,PPAC-derived
2024-12-27,Haryana,89.4,PPAC-derived
2024-12-27,Karnataka,91.6,PPAC-derived
2024-12-27,Madhya Pradesh,91.9,PPAC-derived
2024-12-27,Maharashtra,90.03,PPAC-IOC-metro
2024-12-27,Punjab,90.0,PPAC-derived
2024-12-27,Rajasthan,92.8,PPAC-derived
2024-12-27,Tamil Nadu,92.39,PPAC-IOC-metro
2024-12-27,Telangana,93.9,PPAC-derived
2024-12-27,Uttar Pradesh,88.6,PPAC-derived
2024-12-27,West Bengal,91.82,PPAC-IOC-metro
2024-12-28,Andhra Pradesh,95.1,PPAC-derived
2024-12-28,Delhi,87.67,PPAC-IOC-metro
2024-12-28,Gujarat,86.9,PPAC-derived
2024-12-28,Haryana,89.4,PPAC-derived
2024-12-28,Karnataka,91.6,PPAC-derived
2024-12-28,Madhya Pradesh,91.9,PPAC-derived
2024-12-28,Maharashtra,90.03,PPAC-IOC-metro
2024-12-28,Punjab,90.0,PPAC-derived
2024-12-28,Rajasthan,92.8,PPAC-derived
2024-12-28,Tamil Nadu,92.39,PPAC-IOC-metro
2024-12-28,Telangana,93.9,PPAC-derived
2024-12-28,Uttar Pradesh,88.6,PPAC-derived
2024-12-28,West Bengal,91.82,PPAC-IOC-metro
2024-12-29,Andhra Pradesh,95.1,PPAC-derived
2024-12-29,Delhi,87.67,PPAC-IOC-metro
2024-12-29,Gujarat,86.9,PPAC-derived
2024-12-29,Haryana,89.4,PPAC-derived
2024-12-29,Karnataka,91.6,PPAC-derived
2024-12-29,Madhya Pradesh,91.9,PPAC-derived
2024-12-29,Maharashtra,90.03,PPAC-IOC-metro
2024-12-29,Punjab,90.0,PPAC-derived
2024-12-29,Rajasthan,92.8,PPAC-derived
2024-12-29,Tamil Nadu,92.39,PPAC-IOC-metro
2024-12-29,Telangana,93.9,PPAC-derived
2024-12-29,Uttar Pradesh,88.6,PPAC-derived
2024-12-29,West Bengal,91.82,PPAC-IOC-metro
2024-12-30,Andhra Pradesh,95.1,PPAC-derived
2024-12-30,Delhi,87.67,PPAC-IOC-metro
2024-12-30,Gujarat,86.9,PPAC-derived
2024-12-30,Haryana,89.4,PPAC-derived
2024-12-30,Karnataka,91.6,PPAC-derived
2024-12-30,Madhya Pradesh,91.9,PPAC-derived
2024-12-30,Maharashtra,90.03,PPAC-IOC-metro
2024-12-30,Punjab,90.0,PPAC-derived
2024-12-30,Rajasthan,92.8,PPAC-derived
2024-12-30,Tamil Nadu,92.39,PPAC-IOC-metro
2024-12-30,Telangana,93.9,PPAC-derived
2024-12-30,Uttar Pradesh,88.6,PPAC-derived
2024-12-30,West Bengal,91.82,PPAC-IOC-metro
2024-12-31,Andhra Pradesh,95.1,PPAC-derived
2024-12-31,Delhi,87.67,PPAC-IOC-metro
2024-12-31,Gujarat,86.9,PPAC-derived
2024-12-31,Haryana,89.4,PPAC-derived
2024-12-31,Karnataka,91.6,PPAC-derived
2024-12-31,Madhya Pradesh,91.9,PPAC-derived
2024-12-31,Maharashtra,90.03,PPAC-IOC-metro
2024-12-31,Punjab,90.0,PPAC-derived
2024-12-31,Rajasthan,92.8,PPAC-derived
2024-12-31,Tamil Nadu,92.39,PPAC-IOC-metro
2024-12-31,Telangana,93.9,PPAC-derived
2024-12-31,Uttar Pradesh,88.6,PPAC-derived
2024-12-31,West Bengal,91.82,PPAC-IOC-metro
2025-01-01,Andhra Pradesh,95.1,PPAC-derived
2025-01-01,Delhi,87.67,PPAC-IOC-metro
2025-01-01,Gujarat,86.9,PPAC-derived
2025-01-01,Haryana,89.4,PPAC-derived
2025-01-01,Karnataka,91.6,PPAC-derived
2025-01-01,Madhya Pradesh,91.9,PPAC-derived
2025-01-01,Maharashtra,90.03,PPAC-IOC-metro
2025-01-01,Punjab,90.0,PPAC-derived
2025-01-01,Rajasthan,92.8,PPAC-derived
2025-01-01,Tamil Nadu,92.39,PPAC-IOC-metro
2025-01-01,Telangana,93.9,PPAC-derived
2025-01-01,Uttar Pradesh,88.6,PPAC-derived
2025-01-01,West Bengal,91.82,PPAC-IOC-metro
2025-01-02,Andhra Pradesh,95.1,PPAC-derived
2025-01-02,Delhi,87.67,PPAC-IOC-metro
2025-01-02,Gujarat,86.9,PPAC-derived
2025-01-02,Haryana,89.4,PPAC-derived
2025-01-02,Karnataka,91.6,PPAC-derived
2025-01-02,Madhya Pradesh,91.9,PPAC-derived
2025-01-02,Maharashtra,90.03,PPAC-IOC-metro
2025-01-02,Punjab,90.0,PPAC-derived
2025-01-02,Rajasthan,92.8,PPAC-derived
2025-01-02,Tamil Nadu,92.39,PPAC-IOC-metro
2025-01-02,Telangana,93.9,PPAC-derived
2025-01-02,Uttar Pradesh,88.6,PPAC-derived
2025-01-02,West Bengal,91.82,PPAC-IOC-metro
2025-01-03,Andhra Pradesh,95.1,PPAC-derived
2025-01-03,Delhi,87.67,PPAC-IOC-metro
2025-01-03,Gujarat,86.9,PPAC-derived
2025-01-03,Haryana,89.4,PPAC-derived
2025-01-03,Karnataka,91.6,PPAC-derived
2025-01-03,Madhya Pradesh,91.9,PPAC-derived
2025-01-03,Maharashtra,90.03,PPAC-IOC-metro
2025-01-03,Punjab,90.0,PPAC-derived
2025-01-03,Rajasthan,92.8,PPAC-derived
2025-01-03,Tamil Nadu,92.39,PPAC-IOC-metro
2025-01-03,Telangana,93.9,PPAC-derived
2025-01-03,Uttar Pradesh,88.6,PPAC-derived
2025-01-03,West Bengal,91.82,PPAC-IOC-metro
2025-01-04,Andhra Pradesh,95.1,PPAC-derived
2025-01-04,Delhi,87.67,PPAC-IOC-metro
2025-01-04,Gujarat,86.9,PPAC-derived
2025-01-04,Haryana,89.4,PPAC-derived
2025-01-04,Karnataka,91.6,PPAC-derived
2025-01-04,Madhya Pradesh,91.9,PPAC-derived
2025-01-04,Maharashtra,90.03,PPAC-IOC-metro
2025-01-04,Punjab,90.0,PPAC-derived
2025-01-04,Rajasthan,92.8,PPAC-derived
2025-01-04,Tamil Nadu,92.39,PPAC-IOC-metro
2025-01-04,Telangana,93.9,PPAC-derived
2025-01-04,Uttar Pradesh,88.6,PPAC-derived
2025-01-04,West Bengal,91.82,PPAC-IOC-metro
2025-01-05,Andhra Pradesh,95.1,PPAC-derived
2025-01-05,Delhi,87.67,PPAC-IOC-metro
2025-01-05,Gujarat,86.9,PPAC-derived
2025-01-05,Haryana,89.4,PPAC-derived
2025-01-05,Karnataka,91.6,PPAC-derived
2025-01-05,Madhya Pradesh,91.9,PPAC-derived
2025-01-05,Maharashtra,90.03,PPAC-IOC-metro
2025-01-05,Punjab,90.0,PPAC-derived
2025-01-05,Rajasthan,92.8,PPAC-derived
2025-01-05,Tamil Nadu,92.39,PPAC-IOC-metro
2025-01-05,Telangana,93.9,PPAC-derived
2025-01-05,Uttar Pradesh,88.6,PPAC-derived
2025-01-05,West Bengal,91.82,PPAC-IOC-metro
2025-01-06,Andhra Pradesh,95.1,PPAC-derived
2025-01-06,Delhi,87.67,PPAC-IOC-metro
2025-01-06,Gujarat,86.9,PPAC-derived
2025-01-06,Haryana,89.4,PPAC-derived
2025-01-06,Karnataka,91.6,PPAC-derived
2025-01-06,Madhya Pradesh,91.9,PPAC-derived
2025-01-06,Maharashtra,90.03,PPAC-IOC-metro
2025-01-06,Punjab,90.0,PPAC-derived
2025-01-06,Rajasthan,92.8,PPAC-derived
2025-01-06,Tamil Nadu,92.39,PPAC-IOC-metro
2025-01-06,Telangana,93.9,PPAC-derived
2025-01-06,Uttar Pradesh,88.6,PPAC-derived
2025-01-06,West Bengal,91.82,PPAC-IOC-metro
2025-01-07,Andhra Pradesh,95.1,PPAC-derived
2025-01-07,Delhi,87.67,PPAC-IOC-metro
2025-01-07,Gujarat,86.9,PPAC-derived
2025-01-07,Haryana,89.4,PPAC-derived
2025-01-07,Karnataka,91.6,PPAC-derived
2025-01-07,Madhya Pradesh,91.9,PPAC-derived
2025-01-07,Maharashtra,90.03,PPAC-IOC-metro
2025-01-07,Punjab,90.0,PPAC-derived
2025-01-07,Rajasthan,92.8,PPAC-derived
2025-01-07,Tamil Nadu,92.39,PPAC-IOC-metro
2025-01-07,Telangana,93.9,PPAC-derived
2025-01-07,Uttar Pradesh,88.6,PPAC-derived
2025-01-07,West Bengal,91.82,PPAC-IOC-metro
2025-01-08,Andhra Pradesh,95.1,PPAC-derived
2025-01-08,Delhi,87.67,PPAC-IOC-metro
2025-01-08,Gujarat,86.9,PPAC-derived
2025-01-08,Haryana,89.4,PPAC-derived
2025-01-08,Karnataka,91.6,PPAC-derived
2025-01-08,Madhya Pradesh,91.9,PPAC-derived
2025-01-08,Maharashtra,90.03,PPAC-IOC-metro
2025-01-08,Punjab,90.0,PPAC-derived
2025-01-08,Rajasthan,92.8,PPAC-derived
2025-01-08,Tamil Nadu,92.39,PPAC-IOC-metro
2025-01-08,Telangana,93.9,PPAC-derived
2025-01-08,Uttar Pradesh,88.6,PPAC-derived
2025-01-08,West Bengal,91.82,PPAC-IOC-metro
2025-01-09,Andhra Pradesh,95.1,PPAC-derived
2025-01-09,Delhi,87.67,PPAC-IOC-metro
2025-01-09,Gujarat,86.9,PPAC-derived
2025-01-09,Haryana,89.4,PPAC-derived
2025-01-09,Karnataka,91.6,PPAC-derived
2025-01-09,Madhya Pradesh,91.9,PPAC-derived
2025-01-09,Maharashtra,90.03,PPAC-IOC-metro
2025-01-09,Punjab,90.0,PPAC-derived
2025-01-09,Rajasthan,92.8,PPAC-derived
2025-01-09,Tamil Nadu,92.39,PPAC-IOC-metro
2025-01-09,Telangana,93.9,PPAC-derived
2025-01-09,Uttar Pradesh,88.6,PPAC-derived
2025-01-09,West Bengal,91.82,PPAC-IOC-metro
2025-01-10,Andhra Pradesh,95.1,PPAC-derived
2025-01-10,Delhi,87.67,PPAC-IOC-metro
2025-01-10,Gujarat,86.9,PPAC-derived
2025-01-10,Haryana,89.4,PPAC-derived
2025-01-10,Karnataka,91.6,PPAC-derived
2025-01-10,Madhya Pradesh,91.9,PPAC-derived
2025-01-10,Maharashtra,90.03,PPAC-IOC-metro
2025-01-10,Punjab,90.0,PPAC-derived
2025-01-10,Rajasthan,92.8,PPAC-derived
2025-01-10,Tamil Nadu,92.39,PPAC-IOC-metro
2025-01-10,Telangana,93.9,PPAC-derived
2025-01-10,Uttar Pradesh,88.6,PPAC-derived
2025-01-10,West Bengal,91.82,PPAC-IOC-metro
2025-01-11,Andhra Pradesh,95.1,PPAC-derived
2025-01-11,Delhi,87.67,PPAC-IOC-metro
2025-01-11,Gujarat,86.9,PPAC-derived
2025-01-11,Haryana,89.4,PPAC-derived
2025-01-11,Karnataka,91.6,PPAC-derived
2025-01-11,Madhya Pradesh,91.9,PPAC-derived
2025-01-11,Maharashtra,90.03,PPAC-IOC-metro
2025-01-11,Punjab,90.0,PPAC-derived
2025-01-11,Rajasthan,92.8,PPAC-derived
2025-01-11,Tamil Nadu,92.39,PPAC-IOC-metro
2025-01-11,Telangana,93.9,PPAC-derived
2025-01-11,Uttar Pradesh,88.6,PPAC-derived
2025-01-11,West Bengal,91.82,PPAC-IOC-metro
2025-01-12,Andhra Pradesh,95.1,PPAC-derived
2025-01-12,Delhi,87.67,PPAC-IOC-metro
2025-01-12,Gujarat,86.9,PPAC-derived
2025-01-12,Haryana,89.4,PPAC-derived
2025-01-12,Karnataka,91.6,PPAC-derived
2025-01-12,Madhya Pradesh,91.9,PPAC-derived
2025-01-12,Maharashtra,90.03,PPAC-IOC-metro
2025-01-12,Punjab,90.0,PPAC-derived
2025-01-12,Rajasthan,92.8,PPAC-derived
2025-01-12,Tamil Nadu,92.39,PPAC-IOC-metro
2025-01-12,Telangana,93.9,PPAC-derived
2025-01-12,Uttar Pradesh,88.6,PPAC-derived
2025-01-12,West Bengal,91.82,PPAC-IOC-metro
2025-01-13,Andhra Pradesh,95.1,PPAC-derived
2025-01-13,Delhi,87.67,PPAC-IOC-metro
2025-01-13,Gujarat,86.9,PPAC-derived
2025-01-13,Haryana,89.4,PPAC-derived
2025-01-13,Karnataka,91.6,PPAC-derived
2025-01-13,Madhya Pradesh,91.9,PPAC-derived
2025-01-13,Maharashtra,90.03,PPAC-IOC-metro
2025-01-13,Punjab,90.0,PPAC-derived
2025-01-13,Rajasthan,92.8,PPAC-derived
2025-01-13,Tamil Nadu,92.39,PPAC-IOC-metro
2025-01-13,Telangana,93.9,PPAC-derived
2025-01-13,Uttar Pradesh,88.6,PPAC-derived
2025-01-13,West Bengal,91.82,PPAC-IOC-metro
2025-01-14,Andhra Pradesh,95.1,PPAC-derived
2025-01-14,Delhi,87.67,PPAC-IOC-metro
2025-01-14,Gujarat,86.9,PPAC-derived
2025-01-14,Haryana,89.4,PPAC-derived
2025-01-14,Karnataka,91.6,PPAC-derived
2025-01-14,Madhya Pradesh,91.9,PPAC-derived
2025-01-14,Maharashtra,90.03,PPAC-IOC-metro
2025-01-14,Punjab,90.0,PPAC-derived
2025-01-14,Rajasthan,92.8,PPAC-derived
2025-01-14,Tamil Nadu,92.39,PPAC-IOC-metro
2025-01-14,Telangana,93.9,PPAC-derived
2025-01-14,Uttar Pradesh,88.6,PPAC-derived
2025-01-14,West Bengal,91.82,PPAC-IOC-metro
2025-01-15,Andhra Pradesh,95.1,PPAC-derived
2025-01-15,Delhi,87.67,PPAC-IOC-metro
2025-01-15,Gujarat,86.9,PPAC-derived
2025-01-15,Haryana,89.4,PPAC-derived
2025-01-15,Karnataka,91.6,PPAC-derived
2025-01-15,Madhya Pradesh,91.9,PPAC-derived
2025-01-15,Maharashtra,90.03,PPAC-IOC-metro
2025-01-15,Punjab,90.0,PPAC-derived
2025-01-15,Rajasthan,92.8,PPAC-derived
2025-01-15,Tamil Nadu,92.39,PPAC-IOC-metro
2025-01-15,Telangana,93.9,PPAC-derived
2025-01-15,Uttar Pradesh,88.6,PPAC-derived
2025-01-15,West Bengal,91.82,PPAC-IOC-metro
2025-01-16,Andhra Pradesh,95.1,PPAC-derived
2025-01-16,Delhi,87.67,PPAC-IOC-metro
2025-01-16,Gujarat,86.9,PPAC-derived
2025-01-16,Haryana,89.4,PPAC-derived
2025-01-16,Karnataka,91.6,PPAC-derived
2025-01-16,Madhya Pradesh,91.9,PPAC-derived
2025-01-16,Maharashtra,90.03,PPAC-IOC-metro
2025-01-16,Punjab,90.0,PPAC-derived
2025-01-16,Rajasthan,92.8,PPAC-derived
2025-01-16,Tamil Nadu,92.39,PPAC-IOC-metro
2025-01-16,Telangana,93.9,PPAC-derived
2025-01-16,Uttar Pradesh,88.6,PPAC-derived
2025-01-16,West Bengal,91.82,PPAC-IOC-metro
2025-01-17,Andhra Pradesh,95.1,PPAC-derived
2025-01-17,Delhi,87.67,PPAC-IOC-metro
2025-01-17,Gujarat,86.9,PPAC-derived
2025-01-17,Haryana,89.4,PPAC-derived
2025-01-17,Karnataka,91.6,PPAC-derived
2025-01-17,Madhya Pradesh,91.9,PPAC-derived
2025-01-17,Maharashtra,90.03,PPAC-IOC-metro
2025-01-17,Punjab,90.0,PPAC-derived
2025-01-17,Rajasthan,92.8,PPAC-derived
2025-01-17,Tamil Nadu,92.39,PPAC-IOC-metro
2025-01-17,Telangana,93.9,PPAC-derived
2025-01-17,Uttar Pradesh,88.6,PPAC-derived
2025-01-17,West Bengal,91.82,PPAC-IOC-metro
2025-01-18,Andhra Pradesh,95.1,PPAC-derived
2025-01-18,Delhi,87.67,PPAC-IOC-metro
2025-01-18,Gujarat,86.9,PPAC-derived
2025-01-18,Haryana,89.4,PPAC-derived
2025-01-18,Karnataka,91.6,PPAC-derived
2025-01-18,Madhya Pradesh,91.9,PPAC-derived
2025-01-18,Maharashtra,90.03,PPAC-IOC-metro
2025-01-18,Punjab,90.0,PPAC-derived
2025-01-18,Rajasthan,92.8,PPAC-derived
2025-01-18,Tamil Nadu,92.39,PPAC-IOC-metro
2025-01-18,Telangana,93.9,PPAC-derived
2025-01-18,Uttar Pradesh,88.6,PPAC-derived
2025-01-18,West Bengal,91.82,PPAC-IOC-metro
2025-01-19,Andhra Pradesh,95.1,PPAC-derived
2025-01-19,Delhi,87.67,PPAC-IOC-metro
2025-01-19,Gujarat,86.9,PPAC-derived
2025-01-19,Haryana,89.4,PPAC-derived
2025-01-19,Karnataka,91.6,PPAC-derived
2025-01-19,Madhya Pradesh,91.9,PPAC-derived
2025-01-19,Maharashtra,90.03,PPAC-IOC-metro
2025-01-19,Punjab,90.0,PPAC-derived
2025-01-19,Rajasthan,92.8,PPAC-derived
2025-01-19,Tamil Nadu,92.39,PPAC-IOC-metro
2025-01-19,Telangana,93.9,PPAC-derived
2025-01-19,Uttar Pradesh,88.6,PPAC-derived
2025-01-19,West Bengal,91.82,PPAC-IOC-metro
2025-01-20,Andhra Pradesh,95.1,PPAC-derived
2025-01-20,Delhi,87.67,PPAC-IOC-metro
2025-01-20,Gujarat,86.9,PPAC-derived
2025-01-20,Haryana,89.4,PPAC-derived
2025-01-20,Karnataka,91.6,PPAC-derived
2025-01-20,Madhya Pradesh,91.9,PPAC-derived
2025-01-20,Maharashtra,90.03,PPAC-IOC-metro
2025-01-20,Punjab,90.0,PPAC-derived
2025-01-20,Rajasthan,92.8,PPAC-derived
2025-01-20,Tamil Nadu,92.39,PPAC-IOC-metro
2025-01-20,Telangana,93.9,PPAC-derived
2025-01-20,Uttar Pradesh,88.6,PPAC-derived
2025-01-20,West Bengal,91.82,PPAC-IOC-metro
2025-01-21,Andhra Pradesh,95.1,PPAC-derived
2025-01-21,Delhi,87.67,PPAC-IOC-metro
2025-01-21,Gujarat,86.9,PPAC-derived
2025-01-21,Haryana,89.4,PPAC-derived
2025-01-21,Karnataka,91.6,PPAC-derived
2025-01-21,Madhya Pradesh,91.9,PPAC-derived
2025-01-21,Maharashtra,90.03,PPAC-IOC-metro
2025-01-21,Punjab,90.0,PPAC-derived
2025-01-21,Rajasthan,92.8,PPAC-derived
2025-01-21,Tamil Nadu,92.39,PPAC-IOC-metro
2025-01-21,Telangana,93.9,PPAC-derived
2025-01-21,Uttar Pradesh,88.6,PPAC-derived
2025-01-21,West Bengal,91.82,PPAC-IOC-metro
2025-01-22,Andhra Pradesh,95.1,PPAC-derived
2025-01-22,Delhi,87.67,PPAC-IOC-metro
2025-01-22,Gujarat,86.9,PPAC-derived
2025-01-22,Haryana,89.4,PPAC-derived
2025-01-22,Karnataka,91.6,PPAC-derived
2025-01-22,Madhya Pradesh,91.9,PPAC-derived
2025-01-22,Maharashtra,90.03,PPAC-IOC-metro
2025-01-22,Punjab,90.0,PPAC-derived
2025-01-22,Rajasthan,92.8,PPAC-derived
2025-01-22,Tamil Nadu,92.39,PPAC-IOC-metro
2025-01-22,Telangana,93.9,PPAC-derived
2025-01-22,Uttar Pradesh,88.6,PPAC-derived
2025-01-22,West Bengal,91.82,PPAC-IOC-metro
2025-01-23,Andhra Pradesh,95.1,PPAC-derived
2025-01-23,Delhi,87.67,PPAC-IOC-metro
2025-01-23,Gujarat,86.9,PPAC-derived
2025-01-23,Haryana,89.4,PPAC-derived
2025-01-23,Karnataka,91.6,PPAC-derived
2025-01-23,Madhya Pradesh,91.9,PPAC-derived
2025-01-23,Maharashtra,90.03,PPAC-IOC-metro
2025-01-23,Punjab,90.0,PPAC-derived
2025-01-23,Rajasthan,92.8,PPAC-derived
2025-01-23,Tamil Nadu,92.39,PPAC-IOC-metro
2025-01-23,Telangana,93.9,PPAC-derived
2025-01-23,Uttar Pradesh,88.6,PPAC-derived
2025-01-23,West Bengal,91.82,PPAC-IOC-metro
2025-01-24,Andhra Pradesh,95.1,PPAC-derived
2025-01-24,Delhi,87.67,PPAC-IOC-metro
2025-01-24,Gujarat,86.9,PPAC-derived
2025-01-24,Haryana,89.4,PPAC-derived
2025-01-24,Karnataka,91.6,PPAC-derived
2025-01-24,Madhya Pradesh,91.9,PPAC-derived
2025-01-24,Maharashtra,90.03,PPAC-IOC-metro
2025-01-24,Punjab,90.0,PPAC-derived
2025-01-24,Rajasthan,92.8,PPAC-derived
2025-01-24,Tamil Nadu,92.39,PPAC-IOC-metro
2025-01-24,Telangana,93.9,PPAC-derived
2025-01-24,Uttar Pradesh,88.6,PPAC-derived
2025-01-24,West Bengal,91.82,PPAC-IOC-metro
2025-01-25,Andhra Pradesh,95.1,PPAC-derived
2025-01-25,Delhi,87.67,PPAC-IOC-metro
2025-01-25,Gujarat,86.9,PPAC-derived
2025-01-25,Haryana,89.4,PPAC-derived
2025-01-25,Karnataka,91.6,PPAC-derived
2025-01-25,Madhya Pradesh,91.9,PPAC-derived
2025-01-25,Maharashtra,90.03,PPAC-IOC-metro
2025-01-25,Punjab,90.0,PPAC-derived
2025-01-25,Rajasthan,92.8,PPAC-derived
2025-01-25,Tamil Nadu,92.39,PPAC-IOC-metro
2025-01-25,Telangana,93.9,PPAC-derived
2025-01-25,Uttar Pradesh,88.6,PPAC-derived
2025-01-25,West Bengal,91.82,PPAC-IOC-metro
2025-01-26,Andhra Pradesh,95.1,PPAC-derived
2025-01-26,Delhi,87.67,PPAC-IOC-metro
2025-01-26,Gujarat,86.9,PPAC-derived
2025-01-26,Haryana,89.4,PPAC-derived
2025-01-26,Karnataka,91.6,PPAC-derived
2025-01-26,Madhya Pradesh,91.9,PPAC-derived
2025-01-26,Maharashtra,90.03,PPAC-IOC-metro
2025-01-26,Punjab,90.0,PPAC-derived
2025-01-26,Rajasthan,92.8,PPAC-derived
2025-01-26,Tamil Nadu,92.39,PPAC-IOC-metro
2025-01-26,Telangana,93.9,PPAC-derived
2025-01-26,Uttar Pradesh,88.6,PPAC-derived
2025-01-26,West Bengal,91.82,PPAC-IOC-metro
2025-01-27,Andhra Pradesh,95.1,PPAC-derived
2025-01-27,Delhi,87.67,PPAC-IOC-metro
2025-01-27,Gujarat,86.9,PPAC-derived
2025-01-27,Haryana,89.4,PPAC-derived
2025-01-27,Karnataka,91.6,PPAC-derived
2025-01-27,Madhya Pradesh,91.9,PPAC-derived
2025-01-27,Maharashtra,90.03,PPAC-IOC-metro
2025-01-27,Punjab,90.0,PPAC-derived
2025-01-27,Rajasthan,92.8,PPAC-derived
2025-01-27,Tamil Nadu,92.39,PPAC-IOC-metro
2025-01-27,Telangana,93.9,PPAC-derived
2025-01-27,Uttar Pradesh,88.6,PPAC-derived
2025-01-27,West Bengal,91.82,PPAC-IOC-metro
2025-01-28,Andhra Pradesh,95.1,PPAC-derived
2025-01-28,Delhi,87.67,PPAC-IOC-metro
2025-01-28,Gujarat,86.9,PPAC-derived
2025-01-28,Haryana,89.4,PPAC-derived
2025-01-28,Karnataka,91.6,PPAC-derived
2025-01-28,Madhya Pradesh,91.9,PPAC-derived
2025-01-28,Maharashtra,90.03,PPAC-IOC-metro
2025-01-28,Punjab,90.0,PPAC-derived
2025-01-28,Rajasthan,92.8,PPAC-derived
2025-01-28,Tamil Nadu,92.39,PPAC-IOC-metro
2025-01-28,Telangana,93.9,PPAC-derived
2025-01-28,Uttar Pradesh,88.6,PPAC-derived
2025-01-28,West Bengal,91.82,PPAC-IOC-metro
2025-01-29,Andhra Pradesh,95.1,PPAC-derived
2025-01-29,Delhi,87.67,PPAC-IOC-metro
2025-01-29,Gujarat,86.9,PPAC-derived
2025-01-29,Haryana,89.4,PPAC-derived
2025-01-29,Karnataka,91.6,PPAC-derived
2025-01-29,Madhya Pradesh,91.9,PPAC-derived
2025-01-29,Maharashtra,90.03,PPAC-IOC-metro
2025-01-29,Punjab,90.0,PPAC-derived
2025-01-29,Rajasthan,92.8,PPAC-derived
2025-01-29,Tamil Nadu,92.39,PPAC-IOC-metro
2025-01-29,Telangana,93.9,PPAC-derived
2025-01-29,Uttar Pradesh,88.6,PPAC-derived
2025-01-29,West Bengal,91.82,PPAC-IOC-metro
2025-01-30,Andhra Pradesh,95.1,PPAC-derived
2025-01-30,Delhi,87.67,PPAC-IOC-metro
2025-01-30,Gujarat,86.9,PPAC-derived
2025-01-30,Haryana,89.4,PPAC-derived
2025-01-30,Karnataka,91.6,PPAC-derived
2025-01-30,Madhya Pradesh,91.9,PPAC-derived
2025-01-30,Maharashtra,90.03,PPAC-IOC-metro
2025-01-30,Punjab,90.0,PPAC-derived
2025-01-30,Rajasthan,92.8,PPAC-derived
2025-01-30,Tamil Nadu,92.39,PPAC-IOC-metro
2025-01-30,Telangana,93.9,PPAC-derived
2025-01-30,Uttar Pradesh,88.6,PPAC-derived
2025-01-30,West Bengal,91.82,PPAC-IOC-metro
2025-01-31,Andhra Pradesh,95.1,PPAC-derived
2025-01-31,Delhi,87.67,PPAC-IOC-metro
2025-01-31,Gujarat,86.9,PPAC-derived
2025-01-31,Haryana,89.4,PPAC-derived
2025-01-31,Karnataka,91.6,PPAC-derived
2025-01-31,Madhya Pradesh,91.9,PPAC-derived
2025-01-31,Maharashtra,90.03,PPAC-IOC-metro
2025-01-31,Punjab,90.0,PPAC-derived
2025-01-31,Rajasthan,92.8,PPAC-derived
2025-01-31,Tamil Nadu,92.39,PPAC-IOC-metro
2025-01-31,Telangana,93.9,PPAC-derived
2025-01-31,Uttar Pradesh,88.6,PPAC-derived
2025-01-31,West Bengal,91.82,PPAC-IOC-metro
2025-02-01,Andhra Pradesh,95.1,PPAC-derived
2025-02-01,Delhi,87.67,PPAC-IOC-metro
2025-02-01,Gujarat,86.9,PPAC-derived
2025-02-01,Haryana,89.4,PPAC-derived
2025-02-01,Karnataka,91.6,PPAC-derived
2025-02-01,Madhya Pradesh,91.9,PPAC-derived
2025-02-01,Maharashtra,90.03,PPAC-IOC-metro
2025-02-01,Punjab,90.0,PPAC-derived
2025-02-01,Rajasthan,92.8,PPAC-derived
2025-02-01,Tamil Nadu,92.39,PPAC-IOC-metro
2025-02-01,Telangana,93.9,PPAC-derived
2025-02-01,Uttar Pradesh,88.6,PPAC-derived
2025-02-01,West Bengal,91.82,PPAC-IOC-metro
2025-02-02,Andhra Pradesh,95.1,PPAC-derived
2025-02-02,Delhi,87.67,PPAC-IOC-metro
2025-02-02,Gujarat,86.9,PPAC-derived
2025-02-02,Haryana,89.4,PPAC-derived
2025-02-02,Karnataka,91.6,PPAC-derived
2025-02-02,Madhya Pradesh,91.9,PPAC-derived
2025-02-02,Maharashtra,90.03,PPAC-IOC-metro
2025-02-02,Punjab,90.0,PPAC-derived
2025-02-02,Rajasthan,92.8,PPAC-derived
2025-02-02,Tamil Nadu,92.39,PPAC-IOC-metro
2025-02-02,Telangana,93.9,PPAC-derived
2025-02-02,Uttar Pradesh,88.6,PPAC-derived
2025-02-02,West Bengal,91.82,PPAC-IOC-metro
2025-02-03,Andhra Pradesh,95.1,PPAC-derived
2025-02-03,Delhi,87.67,PPAC-IOC-metro
2025-02-03,Gujarat,86.9,PPAC-derived
2025-02-03,Haryana,89.4,PPAC-derived
2025-02-03,Karnataka,91.6,PPAC-derived
2025-02-03,Madhya Pradesh,91.9,PPAC-derived
2025-02-03,Maharashtra,90.03,PPAC-IOC-metro
2025-02-03,Punjab,90.0,PPAC-derived
2025-02-03,Rajasthan,92.8,PPAC-derived
2025-02-03,Tamil Nadu,92.39,PPAC-IOC-metro
2025-02-03,Telangana,93.9,PPAC-derived
2025-02-03,Uttar Pradesh,88.6,PPAC-derived
2025-02-03,West Bengal,91.82,PPAC-IOC-metro
2025-02-04,Andhra Pradesh,95.1,PPAC-derived
2025-02-04,Delhi,87.67,PPAC-IOC-metro
2025-02-04,Gujarat,86.9,PPAC-derived
2025-02-04,Haryana,89.4,PPAC-derived
2025-02-04,Karnataka,91.6,PPAC-derived
2025-02-04,Madhya Pradesh,91.9,PPAC-derived
2025-02-04,Maharashtra,90.03,PPAC-IOC-metro
2025-02-04,Punjab,90.0,PPAC-derived
2025-02-04,Rajasthan,92.8,PPAC-derived
2025-02-04,Tamil Nadu,92.39,PPAC-IOC-metro
2025-02-04,Telangana,93.9,PPAC-derived
2025-02-04,Uttar Pradesh,88.6,PPAC-derived
2025-02-04,West Bengal,91.82,PPAC-IOC-metro
2025-02-05,Andhra Pradesh,95.1,PPAC-derived
2025-02-05,Delhi,87.67,PPAC-IOC-metro
2025-02-05,Gujarat,86.9,PPAC-derived
2025-02-05,Haryana,89.4,PPAC-derived
2025-02-05,Karnataka,91.6,PPAC-derived
2025-02-05,Madhya Pradesh,91.9,PPAC-derived
2025-02-05,Maharashtra,90.03,PPAC-IOC-metro
2025-02-05,Punjab,90.0,PPAC-derived
2025-02-05,Rajasthan,92.8,PPAC-derived
2025-02-05,Tamil Nadu,92.39,PPAC-IOC-metro
2025-02-05,Telangana,93.9,PPAC-derived
2025-02-05,Uttar Pradesh,88.6,PPAC-derived
2025-02-05,West Bengal,91.82,PPAC-IOC-metro
2025-02-06,Andhra Pradesh,95.1,PPAC-derived
2025-02-06,Delhi,87.67,PPAC-IOC-metro
2025-02-06,Gujarat,86.9,PPAC-derived
2025-02-06,Haryana,89.4,PPAC-derived
2025-02-06,Karnataka,91.6,PPAC-derived
2025-02-06,Madhya Pradesh,91.9,PPAC-derived
2025-02-06,Maharashtra,90.03,PPAC-IOC-metro
2025-02-06,Punjab,90.0,PPAC-derived
2025-02-06,Rajasthan,92.8,PPAC-derived
2025-02-06,Tamil Nadu,92.39,PPAC-IOC-metro
2025-02-06,Telangana,93.9,PPAC-derived
2025-02-06,Uttar Pradesh,88.6,PPAC-derived
2025-02-06,West Bengal,91.82,PPAC-IOC-metro
2025-02-07,Andhra Pradesh,95.1,PPAC-derived
2025-02-07,Delhi,87.67,PPAC-IOC-metro
2025-02-07,Gujarat,86.9,PPAC-derived
2025-02-07,Haryana,89.4,PPAC-derived
2025-02-07,Karnataka,91.6,PPAC-derived
2025-02-07,Madhya Pradesh,91.9,PPAC-derived
2025-02-07,Maharashtra,90.03,PPAC-IOC-metro
2025-02-07,Punjab,90.0,PPAC-derived
2025-02-07,Rajasthan,92.8,PPAC-derived
2025-02-07,Tamil Nadu,92.39,PPAC-IOC-metro
2025-02-07,Telangana,93.9,PPAC-derived
2025-02-07,Uttar Pradesh,88.6,PPAC-derived
2025-02-07,West Bengal,91.82,PPAC-IOC-metro
2025-02-08,Andhra Pradesh,95.1,PPAC-derived
2025-02-08,Delhi,87.67,PPAC-IOC-metro
2025-02-08,Gujarat,86.9,PPAC-derived
2025-02-08,Haryana,89.4,PPAC-derived
2025-02-08,Karnataka,91.6,PPAC-derived
2025-02-08,Madhya Pradesh,91.9,PPAC-derived
2025-02-08,Maharashtra,90.03,PPAC-IOC-metro
2025-02-08,Punjab,90.0,PPAC-derived
2025-02-08,Rajasthan,92.8,PPAC-derived
2025-02-08,Tamil Nadu,92.39,PPAC-IOC-metro
2025-02-08,Telangana,93.9,PPAC-derived
2025-02-08,Uttar Pradesh,88.6,PPAC-derived
2025-02-08,West Bengal,91.82,PPAC-IOC-metro
2025-02-09,Andhra Pradesh,95.1,PPAC-derived
2025-02-09,Delhi,87.67,PPAC-IOC-metro
2025-02-09,Gujarat,86.9,PPAC-derived
2025-02-09,Haryana,89.4,PPAC-derived
2025-02-09,Karnataka,91.6,PPAC-derived
2025-02-09,Madhya Pradesh,91.9,PPAC-derived
2025-02-09,Maharashtra,90.03,PPAC-IOC-metro
2025-02-09,Punjab,90.0,PPAC-derived
2025-02-09,Rajasthan,92.8,PPAC-derived
2025-02-09,Tamil Nadu,92.39,PPAC-IOC-metro
2025-02-09,Telangana,93.9,PPAC-derived
2025-02-09,Uttar Pradesh,88.6,PPAC-derived
2025-02-09,West Bengal,91.82,PPAC-IOC-metro
2025-02-10,Andhra Pradesh,95.1,PPAC-derived
2025-02-10,Delhi,87.67,PPAC-IOC-metro
2025-02-10,Gujarat,86.9,PPAC-derived
2025-02-10,Haryana,89.4,PPAC-derived
2025-02-10,Karnataka,91.6,PPAC-derived
2025-02-10,Madhya Pradesh,91.9,PPAC-derived
2025-02-10,Maharashtra,90.03,PPAC-IOC-metro
2025-02-10,Punjab,90.0,PPAC-derived
2025-02-10,Rajasthan,92.8,PPAC-derived
2025-02-10,Tamil Nadu,92.39,PPAC-IOC-metro
2025-02-10,Telangana,93.9,PPAC-derived
2025-02-10,Uttar Pradesh,88.6,PPAC-derived
2025-02-10,West Bengal,91.82,PPAC-IOC-metro
2025-02-11,Andhra Pradesh,95.1,PPAC-derived
2025-02-11,Delhi,87.67,PPAC-IOC-metro
2025-02-11,Gujarat,86.9,PPAC-derived
2025-02-11,Haryana,89.4,PPAC-derived
2025-02-11,Karnataka,91.6,PPAC-derived
2025-02-11,Madhya Pradesh,91.9,PPAC-derived
2025-02-11,Maharashtra,90.03,PPAC-IOC-metro
2025-02-11,Punjab,90.0,PPAC-derived
2025-02-11,Rajasthan,92.8,PPAC-derived
2025-02-11,Tamil Nadu,92.39,PPAC-IOC-metro
2025-02-11,Telangana,93.9,PPAC-derived
2025-02-11,Uttar Pradesh,88.6,PPAC-derived
2025-02-11,West Bengal,91.82,PPAC-IOC-metro
2025-02-12,Andhra Pradesh,95.1,PPAC-derived
2025-02-12,Delhi,87.67,PPAC-IOC-metro
2025-02-12,Gujarat,86.9,PPAC-derived
2025-02-12,Haryana,89.4,PPAC-derived
2025-02-12,Karnataka,91.6,PPAC-derived
2025-02-12,Madhya Pradesh,91.9,PPAC-derived
2025-02-12,Maharashtra,90.03,PPAC-IOC-metro
2025-02-12,Punjab,90.0,PPAC-derived
2025-02-12,Rajasthan,92.8,PPAC-derived
2025-02-12,Tamil Nadu,92.39,PPAC-IOC-metro
2025-02-12,Telangana,93.9,PPAC-derived
2025-02-12,Uttar Pradesh,88.6,PPAC-derived
2025-02-12,West Bengal,91.82,PPAC-IOC-metro
2025-02-13,Andhra Pradesh,95.1,PPAC-derived
2025-02-13,Delhi,87.67,PPAC-IOC-metro
2025-02-13,Gujarat,86.9,PPAC-derived
2025-02-13,Haryana,89.4,PPAC-derived
2025-02-13,Karnataka,91.6,PPAC-derived
2025-02-13,Madhya Pradesh,91.9,PPAC-derived
2025-02-13,Maharashtra,90.03,PPAC-IOC-metro
2025-02-13,Punjab,90.0,PPAC-derived
2025-02-13,Rajasthan,92.8,PPAC-derived
2025-02-13,Tamil Nadu,92.39,PPAC-IOC-metro
2025-02-13,Telangana,93.9,PPAC-derived
2025-02-13,Uttar Pradesh,88.6,PPAC-derived
2025-02-13,West Bengal,91.82,PPAC-IOC-metro
2025-02-14,Andhra Pradesh,95.1,PPAC-derived
2025-02-14,Delhi,87.67,PPAC-IOC-metro
2025-02-14,Gujarat,86.9,PPAC-derived
2025-02-14,Haryana,89.4,PPAC-derived
2025-02-14,Karnataka,91.6,PPAC-derived
2025-02-14,Madhya Pradesh,91.9,PPAC-derived
2025-02-14,Maharashtra,90.03,PPAC-IOC-metro
2025-02-14,Punjab,90.0,PPAC-derived
2025-02-14,Rajasthan,92.8,PPAC-derived
2025-02-14,Tamil Nadu,92.39,PPAC-IOC-metro
2025-02-14,Telangana,93.9,PPAC-derived
2025-02-14,Uttar Pradesh,88.6,PPAC-derived
2025-02-14,West Bengal,91.82,PPAC-IOC-metro
2025-02-15,Andhra Pradesh,95.1,PPAC-derived
2025-02-15,Delhi,87.67,PPAC-IOC-metro
2025-02-15,Gujarat,86.9,PPAC-derived
2025-02-15,Haryana,89.4,PPAC-derived
2025-02-15,Karnataka,91.6,PPAC-derived
2025-02-15,Madhya Pradesh,91.9,PPAC-derived
2025-02-15,Maharashtra,90.03,PPAC-IOC-metro
2025-02-15,Punjab,90.0,PPAC-derived
2025-02-15,Rajasthan,92.8,PPAC-derived
2025-02-15,Tamil Nadu,92.39,PPAC-IOC-metro
2025-02-15,Telangana,93.9,PPAC-derived
2025-02-15,Uttar Pradesh,88.6,PPAC-derived
2025-02-15,West Bengal,91.82,PPAC-IOC-metro
2025-02-16,Andhra Pradesh,95.1,PPAC-derived
2025-02-16,Delhi,87.67,PPAC-IOC-metro
2025-02-16,Gujarat,86.9,PPAC-derived
2025-02-16,Haryana,89.4,PPAC-derived
2025-02-16,Karnataka,91.6,PPAC-derived
2025-02-16,Madhya Pradesh,91.9,PPAC-derived
2025-02-16,Maharashtra,90.03,PPAC-IOC-metro
2025-02-16,Punjab,90.0,PPAC-derived
2025-02-16,Rajasthan,92.8,PPAC-derived
2025-02-16,Tamil Nadu,92.39,PPAC-IOC-metro
2025-02-16,Telangana,93.9,PPAC-derived
2025-02-16,Uttar Pradesh,88.6,PPAC-derived
2025-02-16,West Bengal,91.82,PPAC-IOC-metro
2025-02-17,Andhra Pradesh,95.1,PPAC-derived
2025-02-17,Delhi,87.67,PPAC-IOC-metro
2025-02-17,Gujarat,86.9,PPAC-derived
2025-02-17,Haryana,89.4,PPAC-derived
2025-02-17,Karnataka,91.6,PPAC-derived
2025-02-17,Madhya Pradesh,91.9,PPAC-derived
2025-02-17,Maharashtra,90.03,PPAC-IOC-metro
2025-02-17,Punjab,90.0,PPAC-derived
2025-02-17,Rajasthan,92.8,PPAC-derived
2025-02-17,Tamil Nadu,92.39,PPAC-IOC-metro
2025-02-17,Telangana,93.9,PPAC-derived
2025-02-17,Uttar Pradesh,88.6,PPAC-derived
2025-02-17,West Bengal,91.82,PPAC-IOC-metro
2025-02-18,Andhra Pradesh,95.1,PPAC-derived
2025-02-18,Delhi,87.67,PPAC-IOC-metro
2025-02-18,Gujarat,86.9,PPAC-derived
2025-02-18,Haryana,89.4,PPAC-derived
2025-02-18,Karnataka,91.6,PPAC-derived
2025-02-18,Madhya Pradesh,91.9,PPAC-derived
2025-02-18,Maharashtra,90.03,PPAC-IOC-metro
2025-02-18,Punjab,90.0,PPAC-derived
2025-02-18,Rajasthan,92.8,PPAC-derived
2025-02-18,Tamil Nadu,92.39,PPAC-IOC-metro
2025-02-18,Telangana,93.9,PPAC-derived
2025-02-18,Uttar Pradesh,88.6,PPAC-derived
2025-02-18,West Bengal,91.82,PPAC-IOC-metro
2025-02-19,Andhra Pradesh,95.1,PPAC-derived
2025-02-19,Delhi,87.67,PPAC-IOC-metro
2025-02-19,Gujarat,86.9,PPAC-derived
2025-02-19,Haryana,89.4,PPAC-derived
2025-02-19,Karnataka,91.6,PPAC-derived
2025-02-19,Madhya Pradesh,91.9,PPAC-derived
2025-02-19,Maharashtra,90.03,PPAC-IOC-metro
2025-02-19,Punjab,90.0,PPAC-derived
2025-02-19,Rajasthan,92.8,PPAC-derived
2025-02-19,Tamil Nadu,92.39,PPAC-IOC-metro
2025-02-19,Telangana,93.9,PPAC-derived
2025-02-19,Uttar Pradesh,88.6,PPAC-derived
2025-02-19,West Bengal,91.82,PPAC-IOC-metro
2025-02-20,Andhra Pradesh,95.1,PPAC-derived
2025-02-20,Delhi,87.67,PPAC-IOC-metro
2025-02-20,Gujarat,86.9,PPAC-derived
2025-02-20,Haryana,89.4,PPAC-derived
2025-02-20,Karnataka,91.6,PPAC-derived
2025-02-20,Madhya Pradesh,91.9,PPAC-derived
2025-02-20,Maharashtra,90.03,PPAC-IOC-metro
2025-02-20,Punjab,90.0,PPAC-derived
2025-02-20,Rajasthan,92.8,PPAC-derived
2025-02-20,Tamil Nadu,92.39,PPAC-IOC-metro
2025-02-20,Telangana,93.9,PPAC-derived
2025-02-20,Uttar Pradesh,88.6,PPAC-derived
2025-02-20,West Bengal,91.82,PPAC-IOC-metro
2025-02-21,Andhra Pradesh,95.1,PPAC-derived
2025-02-21,Delhi,87.67,PPAC-IOC-metro
2025-02-21,Gujarat,86.9,PPAC-derived
2025-02-21,Haryana,89.4,PPAC-derived
2025-02-21,Karnataka,91.6,PPAC-derived
2025-02-21,Madhya Pradesh,91.9,PPAC-derived
2025-02-21,Maharashtra,90.03,PPAC-IOC-metro
2025-02-21,Punjab,90.0,PPAC-derived
2025-02-21,Rajasthan,92.8,PPAC-derived
2025-02-21,Tamil Nadu,92.39,PPAC-IOC-metro
2025-02-21,Telangana,93.9,PPAC-derived
2025-02-21,Uttar Pradesh,88.6,PPAC-derived
2025-02-21,West Bengal,91.82,PPAC-IOC-metro
2025-02-22,Andhra Pradesh,95.1,PPAC-derived
2025-02-22,Delhi,87.67,PPAC-IOC-metro
2025-02-22,Gujarat,86.9,PPAC-derived
2025-02-22,Haryana,89.4,PPAC-derived
2025-02-22,Karnataka,91.6,PPAC-derived
2025-02-22,Madhya Pradesh,91.9,PPAC-derived
2025-02-22,Maharashtra,90.03,PPAC-IOC-metro
2025-02-22,Punjab,90.0,PPAC-derived
2025-02-22,Rajasthan,92.8,PPAC-derived
2025-02-22,Tamil Nadu,92.39,PPAC-IOC-metro
2025-02-22,Telangana,93.9,PPAC-derived
2025-02-22,Uttar Pradesh,88.6,PPAC-derived
2025-02-22,West Bengal,91.82,PPAC-IOC-metro
2025-02-23,Andhra Pradesh,95.1,PPAC-derived
2025-02-23,Delhi,87.67,PPAC-IOC-metro
2025-02-23,Gujarat,86.9,PPAC-derived
2025-02-23,Haryana,89.4,PPAC-derived
2025-02-23,Karnataka,91.6,PPAC-derived
2025-02-23,Madhya Pradesh,91.9,PPAC-derived
2025-02-23,Maharashtra,90.03,PPAC-IOC-metro
2025-02-23,Punjab,90.0,PPAC-derived
2025-02-23,Rajasthan,92.8,PPAC-derived
2025-02-23,Tamil Nadu,92.39,PPAC-IOC-metro
2025-02-23,Telangana,93.9,PPAC-derived
2025-02-23,Uttar Pradesh,88.6,PPAC-derived
2025-02-23,West Bengal,91.82,PPAC-IOC-metro
2025-02-24,Andhra Pradesh,95.1,PPAC-derived
2025-02-24,Delhi,87.67,PPAC-IOC-metro
2025-02-24,Gujarat,86.9,PPAC-derived
2025-02-24,Haryana,89.4,PPAC-derived
2025-02-24,Karnataka,91.6,PPAC-derived
2025-02-24,Madhya Pradesh,91.9,PPAC-derived
2025-02-24,Maharashtra,90.03,PPAC-IOC-metro
2025-02-24,Punjab,90.0,PPAC-derived
2025-02-24,Rajasthan,92.8,PPAC-derived
2025-02-24,Tamil Nadu,92.39,PPAC-IOC-metro
2025-02-24,Telangana,93.9,PPAC-derived
2025-02-24,Uttar Pradesh,88.6,PPAC-derived
2025-02-24,West Bengal,91.82,PPAC-IOC-metro
2025-02-25,Andhra Pradesh,95.1,PPAC-derived
2025-02-25,Delhi,87.67,PPAC-IOC-metro
2025-02-25,Gujarat,86.9,PPAC-derived
2025-02-25,Haryana,89.4,PPAC-derived
2025-02-25,Karnataka,91.6,PPAC-derived
2025-02-25,Madhya Pradesh,91.9,PPAC-derived
2025-02-25,Maharashtra,90.03,PPAC-IOC-metro
2025-02-25,Punjab,90.0,PPAC-derived
2025-02-25,Rajasthan,92.8,PPAC-derived
2025-02-25,Tamil Nadu,92.39,PPAC-IOC-metro
2025-02-25,Telangana,93.9,PPAC-derived
2025-02-25,Uttar Pradesh,88.6,PPAC-derived
2025-02-25,West Bengal,91.82,PPAC-IOC-metro
2025-02-26,Andhra Pradesh,95.1,PPAC-derived
2025-02-26,Delhi,87.67,PPAC-IOC-metro
2025-02-26,Gujarat,86.9,PPAC-derived
2025-02-26,Haryana,89.4,PPAC-derived
2025-02-26,Karnataka,91.6,PPAC-derived
2025-02-26,Madhya Pradesh,91.9,PPAC-derived
2025-02-26,Maharashtra,90.03,PPAC-IOC-metro
2025-02-26,Punjab,90.0,PPAC-derived
2025-02-26,Rajasthan,92.8,PPAC-derived
2025-02-26,Tamil Nadu,92.39,PPAC-IOC-metro
2025-02-26,Telangana,93.9,PPAC-derived
2025-02-26,Uttar Pradesh,88.6,PPAC-derived
2025-02-26,West Bengal,91.82,PPAC-IOC-metro
2025-02-27,Andhra Pradesh,95.1,PPAC-derived
2025-02-27,Delhi,87.67,PPAC-IOC-metro
2025-02-27,Gujarat,86.9,PPAC-derived
2025-02-27,Haryana,89.4,PPAC-derived
2025-02-27,Karnataka,91.6,PPAC-derived
2025-02-27,Madhya Pradesh,91.9,PPAC-derived
2025-02-27,Maharashtra,90.03,PPAC-IOC-metro
2025-02-27,Punjab,90.0,PPAC-derived
2025-02-27,Rajasthan,92.8,PPAC-derived
2025-02-27,Tamil Nadu,92.39,PPAC-IOC-metro
2025-02-27,Telangana,93.9,PPAC-derived
2025-02-27,Uttar Pradesh,88.6,PPAC-derived
2025-02-27,West Bengal,91.82,PPAC-IOC-metro
2025-02-28,Andhra Pradesh,95.1,PPAC-derived
2025-02-28,Delhi,87.67,PPAC-IOC-metro
2025-02-28,Gujarat,86.9,PPAC-derived
2025-02-28,Haryana,89.4,PPAC-derived
2025-02-28,Karnataka,91.6,PPAC-derived
2025-02-28,Madhya Pradesh,91.9,PPAC-derived
2025-02-28,Maharashtra,90.03,PPAC-IOC-metro
2025-02-28,Punjab,90.0,PPAC-derived
2025-02-28,Rajasthan,92.8,PPAC-derived
2025-02-28,Tamil Nadu,92.39,PPAC-IOC-metro
2025-02-28,Telangana,93.9,PPAC-derived
2025-02-28,Uttar Pradesh,88.6,PPAC-derived
2025-02-28,West Bengal,91.82,PPAC-IOC-metro
2025-03-01,Andhra Pradesh,95.1,PPAC-derived
2025-03-01,Delhi,87.67,PPAC-IOC-metro
2025-03-01,Gujarat,86.9,PPAC-derived
2025-03-01,Haryana,89.4,PPAC-derived
2025-03-01,Karnataka,91.6,PPAC-derived
2025-03-01,Madhya Pradesh,91.9,PPAC-derived
2025-03-01,Maharashtra,90.03,PPAC-IOC-metro
2025-03-01,Punjab,90.0,PPAC-derived
2025-03-01,Rajasthan,92.8,PPAC-derived
2025-03-01,Tamil Nadu,92.39,PPAC-IOC-metro
2025-03-01,Telangana,93.9,PPAC-derived
2025-03-01,Uttar Pradesh,88.6,PPAC-derived
2025-03-01,West Bengal,91.82,PPAC-IOC-metro
2025-03-02,Andhra Pradesh,95.1,PPAC-derived
2025-03-02,Delhi,87.67,PPAC-IOC-metro
2025-03-02,Gujarat,86.9,PPAC-derived
2025-03-02,Haryana,89.4,PPAC-derived
2025-03-02,Karnataka,91.6,PPAC-derived
2025-03-02,Madhya Pradesh,91.9,PPAC-derived
2025-03-02,Maharashtra,90.03,PPAC-IOC-metro
2025-03-02,Punjab,90.0,PPAC-derived
2025-03-02,Rajasthan,92.8,PPAC-derived
2025-03-02,Tamil Nadu,92.39,PPAC-IOC-metro
2025-03-02,Telangana,93.9,PPAC-derived
2025-03-02,Uttar Pradesh,88.6,PPAC-derived
2025-03-02,West Bengal,91.82,PPAC-IOC-metro
2025-03-03,Andhra Pradesh,95.1,PPAC-derived
2025-03-03,Delhi,87.67,PPAC-IOC-metro
2025-03-03,Gujarat,86.9,PPAC-derived
2025-03-03,Haryana,89.4,PPAC-derived
2025-03-03,Karnataka,91.6,PPAC-derived
2025-03-03,Madhya Pradesh,91.9,PPAC-derived
2025-03-03,Maharashtra,90.03,PPAC-IOC-metro
2025-03-03,Punjab,90.0,PPAC-derived
2025-03-03,Rajasthan,92.8,PPAC-derived
2025-03-03,Tamil Nadu,92.39,PPAC-IOC-metro
2025-03-03,Telangana,93.9,PPAC-derived
2025-03-03,Uttar Pradesh,88.6,PPAC-derived
2025-03-03,West Bengal,91.82,PPAC-IOC-metro
2025-03-04,Andhra Pradesh,95.1,PPAC-derived
2025-03-04,Delhi,87.67,PPAC-IOC-metro
2025-03-04,Gujarat,86.9,PPAC-derived
2025-03-04,Haryana,89.4,PPAC-derived
2025-03-04,Karnataka,91.6,PPAC-derived
2025-03-04,Madhya Pradesh,91.9,PPAC-derived
2025-03-04,Maharashtra,90.03,PPAC-IOC-metro
2025-03-04,Punjab,90.0,PPAC-derived
2025-03-04,Rajasthan,92.8,PPAC-derived
2025-03-04,Tamil Nadu,92.39,PPAC-IOC-metro
2025-03-04,Telangana,93.9,PPAC-derived
2025-03-04,Uttar Pradesh,88.6,PPAC-derived
2025-03-04,West Bengal,91.82,PPAC-IOC-metro
2025-03-05,Andhra Pradesh,95.1,PPAC-derived
2025-03-05,Delhi,87.67,PPAC-IOC-metro
2025-03-05,Gujarat,86.9,PPAC-derived
2025-03-05,Haryana,89.4,PPAC-derived
2025-03-05,Karnataka,91.6,PPAC-derived
2025-03-05,Madhya Pradesh,91.9,PPAC-derived
2025-03-05,Maharashtra,90.03,PPAC-IOC-metro
2025-03-05,Punjab,90.0,PPAC-derived
2025-03-05,Rajasthan,92.8,PPAC-derived
2025-03-05,Tamil Nadu,92.39,PPAC-IOC-metro
2025-03-05,Telangana,93.9,PPAC-derived
2025-03-05,Uttar Pradesh,88.6,PPAC-derived
2025-03-05,West Bengal,91.82,PPAC-IOC-metro
2025-03-06,Andhra Pradesh,95.1,PPAC-derived
2025-03-06,Delhi,87.67,PPAC-IOC-metro
2025-03-06,Gujarat,86.9,PPAC-derived
2025-03-06,Haryana,89.4,PPAC-derived
2025-03-06,Karnataka,91.6,PPAC-derived
2025-03-06,Madhya Pradesh,91.9,PPAC-derived
2025-03-06,Maharashtra,90.03,PPAC-IOC-metro
2025-03-06,Punjab,90.0,PPAC-derived
2025-03-06,Rajasthan,92.8,PPAC-derived
2025-03-06,Tamil Nadu,92.39,PPAC-IOC-metro
2025-03-06,Telangana,93.9,PPAC-derived
2025-03-06,Uttar Pradesh,88.6,PPAC-derived
2025-03-06,West Bengal,91.82,PPAC-IOC-metro
2025-03-07,Andhra Pradesh,95.1,PPAC-derived
2025-03-07,Delhi,87.67,PPAC-IOC-metro
2025-03-07,Gujarat,86.9,PPAC-derived
2025-03-07,Haryana,89.4,PPAC-derived
2025-03-07,Karnataka,91.6,PPAC-derived
2025-03-07,Madhya Pradesh,91.9,PPAC-derived
2025-03-07,Maharashtra,90.03,PPAC-IOC-metro
2025-03-07,Punjab,90.0,PPAC-derived
2025-03-07,Rajasthan,92.8,PPAC-derived
2025-03-07,Tamil Nadu,92.39,PPAC-IOC-metro
2025-03-07,Telangana,93.9,PPAC-derived
2025-03-07,Uttar Pradesh,88.6,PPAC-derived
2025-03-07,West Bengal,91.82,PPAC-IOC-metro
2025-03-08,Andhra Pradesh,95.1,PPAC-derived
2025-03-08,Delhi,87.67,PPAC-IOC-metro
2025-03-08,Gujarat,86.9,PPAC-derived
2025-03-08,Haryana,89.4,PPAC-derived
2025-03-08,Karnataka,91.6,PPAC-derived
2025-03-08,Madhya Pradesh,91.9,PPAC-derived
2025-03-08,Maharashtra,90.03,PPAC-IOC-metro
2025-03-08,Punjab,90.0,PPAC-derived
2025-03-08,Rajasthan,92.8,PPAC-derived
2025-03-08,Tamil Nadu,92.39,PPAC-IOC-metro
2025-03-08,Telangana,93.9,PPAC-derived
2025-03-08,Uttar Pradesh,88.6,PPAC-derived
2025-03-08,West Bengal,91.82,PPAC-IOC-metro
2025-03-09,Andhra Pradesh,95.1,PPAC-derived
2025-03-09,Delhi,87.67,PPAC-IOC-metro
2025-03-09,Gujarat,86.9,PPAC-derived
2025-03-09,Haryana,89.4,PPAC-derived
2025-03-09,Karnataka,91.6,PPAC-derived
2025-03-09,Madhya Pradesh,91.9,PPAC-derived
2025-03-09,Maharashtra,90.03,PPAC-IOC-metro
2025-03-09,Punjab,90.0,PPAC-derived
2025-03-09,Rajasthan,92.8,PPAC-derived
2025-03-09,Tamil Nadu,92.39,PPAC-IOC-metro
2025-03-09,Telangana,93.9,PPAC-derived
2025-03-09,Uttar Pradesh,88.6,PPAC-derived
2025-03-09,West Bengal,91.82,PPAC-IOC-metro
2025-03-10,Andhra Pradesh,95.1,PPAC-derived
2025-03-10,Delhi,87.67,PPAC-IOC-metro
2025-03-10,Gujarat,86.9,PPAC-derived
2025-03-10,Haryana,89.4,PPAC-derived
2025-03-10,Karnataka,91.6,PPAC-derived
2025-03-10,Madhya Pradesh,91.9,PPAC-derived
2025-03-10,Maharashtra,90.03,PPAC-IOC-metro
2025-03-10,Punjab,90.0,PPAC-derived
2025-03-10,Rajasthan,92.8,PPAC-derived
2025-03-10,Tamil Nadu,92.39,PPAC-IOC-metro
2025-03-10,Telangana,93.9,PPAC-derived
2025-03-10,Uttar Pradesh,88.6,PPAC-derived
2025-03-10,West Bengal,91.82,PPAC-IOC-metro
2025-03-11,Andhra Pradesh,95.1,PPAC-derived
2025-03-11,Delhi,87.67,PPAC-IOC-metro
2025-03-11,Gujarat,86.9,PPAC-derived
2025-03-11,Haryana,89.4,PPAC-derived
2025-03-11,Karnataka,91.6,PPAC-derived
2025-03-11,Madhya Pradesh,91.9,PPAC-derived
2025-03-11,Maharashtra,90.03,PPAC-IOC-metro
2025-03-11,Punjab,90.0,PPAC-derived
2025-03-11,Rajasthan,92.8,PPAC-derived
2025-03-11,Tamil Nadu,92.39,PPAC-IOC-metro
2025-03-11,Telangana,93.9,PPAC-derived
2025-03-11,Uttar Pradesh,88.6,PPAC-derived
2025-03-11,West Bengal,91.82,PPAC-IOC-metro
2025-03-12,Andhra Pradesh,95.1,PPAC-derived
2025-03-12,Delhi,87.67,PPAC-IOC-metro
2025-03-12,Gujarat,86.9,PPAC-derived
2025-03-12,Haryana,89.4,PPAC-derived
2025-03-12,Karnataka,91.6,PPAC-derived
2025-03-12,Madhya Pradesh,91.9,PPAC-derived
2025-03-12,Maharashtra,90.03,PPAC-IOC-metro
2025-03-12,Punjab,90.0,PPAC-derived
2025-03-12,Rajasthan,92.8,PPAC-derived
2025-03-12,Tamil Nadu,92.39,PPAC-IOC-metro
2025-03-12,Telangana,93.9,PPAC-derived
2025-03-12,Uttar Pradesh,88.6,PPAC-derived
2025-03-12,West Bengal,91.82,PPAC-IOC-metro
2025-03-13,Andhra Pradesh,95.1,PPAC-derived
2025-03-13,Delhi,87.67,PPAC-IOC-metro
2025-03-13,Gujarat,86.9,PPAC-derived
2025-03-13,Haryana,89.4,PPAC-derived
2025-03-13,Karnataka,91.6,PPAC-derived
2025-03-13,Madhya Pradesh,91.9,PPAC-derived
2025-03-13,Maharashtra,90.03,PPAC-IOC-metro
2025-03-13,Punjab,90.0,PPAC-derived
2025-03-13,Rajasthan,92.8,PPAC-derived
2025-03-13,Tamil Nadu,92.39,PPAC-IOC-metro
2025-03-13,Telangana,93.9,PPAC-derived
2025-03-13,Uttar Pradesh,88.6,PPAC-derived
2025-03-13,West Bengal,91.82,PPAC-IOC-metro
2025-03-14,Andhra Pradesh,95.1,PPAC-derived
2025-03-14,Delhi,87.67,PPAC-IOC-metro
2025-03-14,Gujarat,86.9,PPAC-derived
2025-03-14,Haryana,89.4,PPAC-derived
2025-03-14,Karnataka,91.6,PPAC-derived
2025-03-14,Madhya Pradesh,91.9,PPAC-derived
2025-03-14,Maharashtra,90.03,PPAC-IOC-metro
2025-03-14,Punjab,90.0,PPAC-derived
2025-03-14,Rajasthan,92.8,PPAC-derived
2025-03-14,Tamil Nadu,92.39,PPAC-IOC-metro
2025-03-14,Telangana,93.9,PPAC-derived
2025-03-14,Uttar Pradesh,88.6,PPAC-derived
2025-03-14,West Bengal,91.82,PPAC-IOC-metro
2025-03-15,Andhra Pradesh,95.1,PPAC-derived
2025-03-15,Delhi,87.67,PPAC-IOC-metro
2025-03-15,Gujarat,86.9,PPAC-derived
2025-03-15,Haryana,89.4,PPAC-derived
2025-03-15,Karnataka,91.6,PPAC-derived
2025-03-15,Madhya Pradesh,91.9,PPAC-derived
2025-03-15,Maharashtra,90.03,PPAC-IOC-metro
2025-03-15,Punjab,90.0,PPAC-derived
2025-03-15,Rajasthan,92.8,PPAC-derived
2025-03-15,Tamil Nadu,92.39,PPAC-IOC-metro
2025-03-15,Telangana,93.9,PPAC-derived
2025-03-15,Uttar Pradesh,88.6,PPAC-derived
2025-03-15,West Bengal,91.82,PPAC-IOC-metro
2025-03-16,Andhra Pradesh,95.1,PPAC-derived
2025-03-16,Delhi,87.67,PPAC-IOC-metro
2025-03-16,Gujarat,86.9,PPAC-derived
2025-03-16,Haryana,89.4,PPAC-derived
2025-03-16,Karnataka,91.6,PPAC-derived
2025-03-16,Madhya Pradesh,91.9,PPAC-derived
2025-03-16,Maharashtra,90.03,PPAC-IOC-metro
2025-03-16,Punjab,90.0,PPAC-derived
2025-03-16,Rajasthan,92.8,PPAC-derived
2025-03-16,Tamil Nadu,92.39,PPAC-IOC-metro
2025-03-16,Telangana,93.9,PPAC-derived
2025-03-16,Uttar Pradesh,88.6,PPAC-derived
2025-03-16,West Bengal,91.82,PPAC-IOC-metro
2025-03-17,Andhra Pradesh,95.1,PPAC-derived
2025-03-17,Delhi,87.67,PPAC-IOC-metro
2025-03-17,Gujarat,86.9,PPAC-derived
2025-03-17,Haryana,89.4,PPAC-derived
2025-03-17,Karnataka,91.6,PPAC-derived
2025-03-17,Madhya Pradesh,91.9,PPAC-derived
2025-03-17,Maharashtra,90.03,PPAC-IOC-metro
2025-03-17,Punjab,90.0,PPAC-derived
2025-03-17,Rajasthan,92.8,PPAC-derived
2025-03-17,Tamil Nadu,92.39,PPAC-IOC-metro
2025-03-17,Telangana,93.9,PPAC-derived
2025-03-17,Uttar Pradesh,88.6,PPAC-derived
2025-03-17,West Bengal,91.82,PPAC-IOC-metro
2025-03-18,Andhra Pradesh,95.1,PPAC-derived
2025-03-18,Delhi,87.67,PPAC-IOC-metro
2025-03-18,Gujarat,86.9,PPAC-derived
2025-03-18,Haryana,89.4,PPAC-derived
2025-03-18,Karnataka,91.6,PPAC-derived
2025-03-18,Madhya Pradesh,91.9,PPAC-derived
2025-03-18,Maharashtra,90.03,PPAC-IOC-metro
2025-03-18,Punjab,90.0,PPAC-derived
2025-03-18,Rajasthan,92.8,PPAC-derived
2025-03-18,Tamil Nadu,92.39,PPAC-IOC-metro
2025-03-18,Telangana,93.9,PPAC-derived
2025-03-18,Uttar Pradesh,88.6,PPAC-derived
2025-03-18,West Bengal,91.82,PPAC-IOC-metro
2025-03-19,Andhra Pradesh,95.1,PPAC-derived
2025-03-19,Delhi,87.67,PPAC-IOC-metro
2025-03-19,Gujarat,86.9,PPAC-derived
2025-03-19,Haryana,89.4,PPAC-derived
2025-03-19,Karnataka,91.6,PPAC-derived
2025-03-19,Madhya Pradesh,91.9,PPAC-derived
2025-03-19,Maharashtra,90.03,PPAC-IOC-metro
2025-03-19,Punjab,90.0,PPAC-derived
2025-03-19,Rajasthan,92.8,PPAC-derived
2025-03-19,Tamil Nadu,92.39,PPAC-IOC-metro
2025-03-19,Telangana,93.9,PPAC-derived
2025-03-19,Uttar Pradesh,88.6,PPAC-derived
2025-03-19,West Bengal,91.82,PPAC-IOC-metro
2025-03-20,Andhra Pradesh,95.1,PPAC-derived
2025-03-20,Delhi,87.67,PPAC-IOC-metro
2025-03-20,Gujarat,86.9,PPAC-derived
2025-03-20,Haryana,89.4,PPAC-derived
2025-03-20,Karnataka,91.6,PPAC-derived
2025-03-20,Madhya Pradesh,91.9,PPAC-derived
2025-03-20,Maharashtra,90.03,PPAC-IOC-metro
2025-03-20,Punjab,90.0,PPAC-derived
2025-03-20,Rajasthan,92.8,PPAC-derived
2025-03-20,Tamil Nadu,92.39,PPAC-IOC-metro
2025-03-20,Telangana,93.9,PPAC-derived
2025-03-20,Uttar Pradesh,88.6,PPAC-derived
2025-03-20,West Bengal,91.82,PPAC-IOC-metro
2025-03-21,Andhra Pradesh,95.1,PPAC-derived
2025-03-21,Delhi,87.67,PPAC-IOC-metro
2025-03-21,Gujarat,86.9,PPAC-derived
2025-03-21,Haryana,89.4,PPAC-derived
2025-03-21,Karnataka,91.6,PPAC-derived
2025-03-21,Madhya Pradesh,91.9,PPAC-derived
2025-03-21,Maharashtra,90.03,PPAC-IOC-metro
2025-03-21,Punjab,90.0,PPAC-derived
2025-03-21,Rajasthan,92.8,PPAC-derived
2025-03-21,Tamil Nadu,92.39,PPAC-IOC-metro
2025-03-21,Telangana,93.9,PPAC-derived
2025-03-21,Uttar Pradesh,88.6,PPAC-derived
2025-03-21,West Bengal,91.82,PPAC-IOC-metro
2025-03-22,Andhra Pradesh,95.1,PPAC-derived
2025-03-22,Delhi,87.67,PPAC-IOC-metro
2025-03-22,Gujarat,86.9,PPAC-derived
2025-03-22,Haryana,89.4,PPAC-derived
2025-03-22,Karnataka,91.6,PPAC-derived
2025-03-22,Madhya Pradesh,91.9,PPAC-derived
2025-03-22,Maharashtra,90.03,PPAC-IOC-metro
2025-03-22,Punjab,90.0,PPAC-derived
2025-03-22,Rajasthan,92.8,PPAC-derived
2025-03-22,Tamil Nadu,92.39,PPAC-IOC-metro
2025-03-22,Telangana,93.9,PPAC-derived
2025-03-22,Uttar Pradesh,88.6,PPAC-derived
2025-03-22,West Bengal,91.82,PPAC-IOC-metro
2025-03-23,Andhra Pradesh,95.1,PPAC-derived
2025-03-23,Delhi,87.67,PPAC-IOC-metro
2025-03-23,Gujarat,86.9,PPAC-derived
2025-03-23,Haryana,89.4,PPAC-derived
2025-03-23,Karnataka,91.6,PPAC-derived
2025-03-23,Madhya Pradesh,91.9,PPAC-derived
2025-03-23,Maharashtra,90.03,PPAC-IOC-metro
2025-03-23,Punjab,90.0,PPAC-derived
2025-03-23,Rajasthan,92.8,PPAC-derived
2025-03-23,Tamil Nadu,92.39,PPAC-IOC-metro
2025-03-23,Telangana,93.9,PPAC-derived
2025-03-23,Uttar Pradesh,88.6,PPAC-derived
2025-03-23,West Bengal,91.82,PPAC-IOC-metro
2025-03-24,Andhra Pradesh,95.1,PPAC-derived
2025-03-24,Delhi,87.67,PPAC-IOC-metro
2025-03-24,Gujarat,86.9,PPAC-derived
2025-03-24,Haryana,89.4,PPAC-derived
2025-03-24,Karnataka,91.6,PPAC-derived
2025-03-24,Madhya Pradesh,91.9,PPAC-derived
2025-03-24,Maharashtra,90.03,PPAC-IOC-metro
2025-03-24,Punjab,90.0,PPAC-derived
2025-03-24,Rajasthan,92.8,PPAC-derived
2025-03-24,Tamil Nadu,92.39,PPAC-IOC-metro
2025-03-24,Telangana,93.9,PPAC-derived
2025-03-24,Uttar Pradesh,88.6,PPAC-derived
2025-03-24,West Bengal,91.82,PPAC-IOC-metro
2025-03-25,Andhra Pradesh,95.1,PPAC-derived
2025-03-25,Delhi,87.67,PPAC-IOC-metro
2025-03-25,Gujarat,86.9,PPAC-derived
2025-03-25,Haryana,89.4,PPAC-derived
2025-03-25,Karnataka,91.6,PPAC-derived
2025-03-25,Madhya Pradesh,91.9,PPAC-derived
2025-03-25,Maharashtra,90.03,PPAC-IOC-metro
2025-03-25,Punjab,90.0,PPAC-derived
2025-03-25,Rajasthan,92.8,PPAC-derived
2025-03-25,Tamil Nadu,92.39,PPAC-IOC-metro
2025-03-25,Telangana,93.9,PPAC-derived
2025-03-25,Uttar Pradesh,88.6,PPAC-derived
2025-03-25,West Bengal,91.82,PPAC-IOC-metro
2025-03-26,Andhra Pradesh,95.1,PPAC-derived
2025-03-26,Delhi,87.67,PPAC-IOC-metro
2025-03-26,Gujarat,86.9,PPAC-derived
2025-03-26,Haryana,89.4,PPAC-derived
2025-03-26,Karnataka,91.6,PPAC-derived
2025-03-26,Madhya Pradesh,91.9,PPAC-derived
2025-03-26,Maharashtra,90.03,PPAC-IOC-metro
2025-03-26,Punjab,90.0,PPAC-derived
2025-03-26,Rajasthan,92.8,PPAC-derived
2025-03-26,Tamil Nadu,92.39,PPAC-IOC-metro
2025-03-26,Telangana,93.9,PPAC-derived
2025-03-26,Uttar Pradesh,88.6,PPAC-derived
2025-03-26,West Bengal,91.82,PPAC-IOC-metro
2025-03-27,Andhra Pradesh,95.1,PPAC-derived
2025-03-27,Delhi,87.67,PPAC-IOC-metro
2025-03-27,Gujarat,86.9,PPAC-derived
2025-03-27,Haryana,89.4,PPAC-derived
2025-03-27,Karnataka,91.6,PPAC-derived
2025-03-27,Madhya Pradesh,91.9,PPAC-derived
2025-03-27,Maharashtra,90.03,PPAC-IOC-metro
2025-03-27,Punjab,90.0,PPAC-derived
2025-03-27,Rajasthan,92.8,PPAC-derived
2025-03-27,Tamil Nadu,92.39,PPAC-IOC-metro
2025-03-27,Telangana,93.9,PPAC-derived
2025-03-27,Uttar Pradesh,88.6,PPAC-derived
2025-03-27,West Bengal,91.82,PPAC-IOC-metro
2025-03-28,Andhra Pradesh,95.1,PPAC-derived
2025-03-28,Delhi,87.67,PPAC-IOC-metro
2025-03-28,Gujarat,86.9,PPAC-derived
2025-03-28,Haryana,89.4,PPAC-derived
2025-03-28,Karnataka,91.6,PPAC-derived
2025-03-28,Madhya Pradesh,91.9,PPAC-derived
2025-03-28,Maharashtra,90.03,PPAC-IOC-metro
2025-03-28,Punjab,90.0,PPAC-derived
2025-03-28,Rajasthan,92.8,PPAC-derived
2025-03-28,Tamil Nadu,92.39,PPAC-IOC-metro
2025-03-28,Telangana,93.9,PPAC-derived
2025-03-28,Uttar Pradesh,88.6,PPAC-derived
2025-03-28,West Bengal,91.82,PPAC-IOC-metro
2025-03-29,Andhra Pradesh,95.1,PPAC-derived
2025-03-29,Delhi,87.67,PPAC-IOC-metro
2025-03-29,Gujarat,86.9,PPAC-derived
2025-03-29,Haryana,89.4,PPAC-derived
2025-03-29,Karnataka,91.6,PPAC-derived
2025-03-29,Madhya Pradesh,91.9,PPAC-derived
2025-03-29,Maharashtra,90.03,PPAC-IOC-metro
2025-03-29,Punjab,90.0,PPAC-derived
2025-03-29,Rajasthan,92.8,PPAC-derived
2025-03-29,Tamil Nadu,92.39,PPAC-IOC-metro
2025-03-29,Telangana,93.9,PPAC-derived
2025-03-29,Uttar Pradesh,88.6,PPAC-derived
2025-03-29,West Bengal,91.82,PPAC-IOC-metro
2025-03-30,Andhra Pradesh,95.1,PPAC-derived
2025-03-30,Delhi,87.67,PPAC-IOC-metro
2025-03-30,Gujarat,86.9,PPAC-derived
2025-03-30,Haryana,89.4,PPAC-derived
2025-03-30,Karnataka,91.6,PPAC-derived
2025-03-30,Madhya Pradesh,91.9,PPAC-derived
2025-03-30,Maharashtra,90.03,PPAC-IOC-metro
2025-03-30,Punjab,90.0,PPAC-derived
2025-03-30,Rajasthan,92.8,PPAC-derived
2025-03-30,Tamil Nadu,92.39,PPAC-IOC-metro
2025-03-30,Telangana,93.9,PPAC-derived
2025-03-30,Uttar Pradesh,88.6,PPAC-derived
2025-03-30,West Bengal,91.82,PPAC-IOC-metro
2025-03-31,Andhra Pradesh,95.1,PPAC-derived
2025-03-31,Delhi,87.67,PPAC-IOC-metro
2025-03-31,Gujarat,86.9,PPAC-derived
2025-03-31,Haryana,89.4,PPAC-derived
2025-03-31,Karnataka,91.6,PPAC-derived
2025-03-31,Madhya Pradesh,91.9,PPAC-derived
2025-03-31,Maharashtra,90.03,PPAC-IOC-metro
2025-03-31,Punjab,90.0,PPAC-derived
2025-03-31,Rajasthan,92.8,PPAC-derived
2025-03-31,Tamil Nadu,92.39,PPAC-IOC-metro
2025-03-31,Telangana,93.9,PPAC-derived
2025-03-31,Uttar Pradesh,88.6,PPAC-derived
2025-03-31,West Bengal,91.82,PPAC-IOC-metro
2025-04-01,Andhra Pradesh,95.1,PPAC-derived
2025-04-01,Delhi,87.67,PPAC-IOC-metro
2025-04-01,Gujarat,86.9,PPAC-derived
2025-04-01,Haryana,89.4,PPAC-derived
2025-04-01,Karnataka,91.6,PPAC-derived
2025-04-01,Madhya Pradesh,91.9,PPAC-derived
2025-04-01,Maharashtra,90.03,PPAC-IOC-metro
2025-04-01,Punjab,90.0,PPAC-derived
2025-04-01,Rajasthan,92.8,PPAC-derived
2025-04-01,Tamil Nadu,92.39,PPAC-IOC-metro
2025-04-01,Telangana,93.9,PPAC-derived
2025-04-01,Uttar Pradesh,88.6,PPAC-derived
2025-04-01,West Bengal,91.82,PPAC-IOC-metro
2025-04-02,Andhra Pradesh,95.1,PPAC-derived
2025-04-02,Delhi,87.67,PPAC-IOC-metro
2025-04-02,Gujarat,86.9,PPAC-derived
2025-04-02,Haryana,89.4,PPAC-derived
2025-04-02,Karnataka,91.6,PPAC-derived
2025-04-02,Madhya Pradesh,91.9,PPAC-derived
2025-04-02,Maharashtra,90.03,PPAC-IOC-metro
2025-04-02,Punjab,90.0,PPAC-derived
2025-04-02,Rajasthan,92.8,PPAC-derived
2025-04-02,Tamil Nadu,92.39,PPAC-IOC-metro
2025-04-02,Telangana,93.9,PPAC-derived
2025-04-02,Uttar Pradesh,88.6,PPAC-derived
2025-04-02,West Bengal,91.82,PPAC-IOC-metro
2025-04-03,Andhra Pradesh,95.1,PPAC-derived
2025-04-03,Delhi,87.67,PPAC-IOC-metro
2025-04-03,Gujarat,86.9,PPAC-derived
2025-04-03,Haryana,89.4,PPAC-derived
2025-04-03,Karnataka,91.6,PPAC-derived
2025-04-03,Madhya Pradesh,91.9,PPAC-derived
2025-04-03,Maharashtra,90.03,PPAC-IOC-metro
2025-04-03,Punjab,90.0,PPAC-derived
2025-04-03,Rajasthan,92.8,PPAC-derived
2025-04-03,Tamil Nadu,92.39,PPAC-IOC-metro
2025-04-03,Telangana,93.9,PPAC-derived
2025-04-03,Uttar Pradesh,88.6,PPAC-derived
2025-04-03,West Bengal,91.82,PPAC-IOC-metro
2025-04-04,Andhra Pradesh,95.1,PPAC-derived
2025-04-04,Delhi,87.67,PPAC-IOC-metro
2025-04-04,Gujarat,86.9,PPAC-derived
2025-04-04,Haryana,89.4,PPAC-derived
2025-04-04,Karnataka,91.6,PPAC-derived
2025-04-04,Madhya Pradesh,91.9,PPAC-derived
2025-04-04,Maharashtra,90.03,PPAC-IOC-metro
2025-04-04,Punjab,90.0,PPAC-derived
2025-04-04,Rajasthan,92.8,PPAC-derived
2025-04-04,Tamil Nadu,92.39,PPAC-IOC-metro
2025-04-04,Telangana,93.9,PPAC-derived
2025-04-04,Uttar Pradesh,88.6,PPAC-derived
2025-04-04,West Bengal,91.82,PPAC-IOC-metro
2025-04-05,Andhra Pradesh,95.1,PPAC-derived
2025-04-05,Delhi,87.67,PPAC-IOC-metro
2025-04-05,Gujarat,86.9,PPAC-derived
2025-04-05,Haryana,89.4,PPAC-derived
2025-04-05,Karnataka,91.6,PPAC-derived
2025-04-05,Madhya Pradesh,91.9,PPAC-derived
2025-04-05,Maharashtra,90.03,PPAC-IOC-metro
2025-04-05,Punjab,90.0,PPAC-derived
2025-04-05,Rajasthan,92.8,PPAC-derived
2025-04-05,Tamil Nadu,92.39,PPAC-IOC-metro
2025-04-05,Telangana,93.9,PPAC-derived
2025-04-05,Uttar Pradesh,88.6,PPAC-derived
2025-04-05,West Bengal,91.82,PPAC-IOC-metro
2025-04-06,Andhra Pradesh,95.1,PPAC-derived
2025-04-06,Delhi,87.67,PPAC-IOC-metro
2025-04-06,Gujarat,86.9,PPAC-derived
2025-04-06,Haryana,89.4,PPAC-derived
2025-04-06,Karnataka,91.6,PPAC-derived
2025-04-06,Madhya Pradesh,91.9,PPAC-derived
2025-04-06,Maharashtra,90.03,PPAC-IOC-metro
2025-04-06,Punjab,90.0,PPAC-derived
2025-04-06,Rajasthan,92.8,PPAC-derived
2025-04-06,Tamil Nadu,92.39,PPAC-IOC-metro
2025-04-06,Telangana,93.9,PPAC-derived
2025-04-06,Uttar Pradesh,88.6,PPAC-derived
2025-04-06,West Bengal,91.82,PPAC-IOC-metro
2025-04-07,Andhra Pradesh,95.1,PPAC-derived
2025-04-07,Delhi,87.67,PPAC-IOC-metro
2025-04-07,Gujarat,86.9,PPAC-derived
2025-04-07,Haryana,89.4,PPAC-derived
2025-04-07,Karnataka,91.6,PPAC-derived
2025-04-07,Madhya Pradesh,91.9,PPAC-derived
2025-04-07,Maharashtra,90.03,PPAC-IOC-metro
2025-04-07,Punjab,90.0,PPAC-derived
2025-04-07,Rajasthan,92.8,PPAC-derived
2025-04-07,Tamil Nadu,92.39,PPAC-IOC-metro
2025-04-07,Telangana,93.9,PPAC-derived
2025-04-07,Uttar Pradesh,88.6,PPAC-derived
2025-04-07,West Bengal,91.82,PPAC-IOC-metro
2025-04-08,Andhra Pradesh,95.1,PPAC-derived
2025-04-08,Delhi,87.67,PPAC-IOC-metro
2025-04-08,Gujarat,86.9,PPAC-derived
2025-04-08,Haryana,89.4,PPAC-derived
2025-04-08,Karnataka,91.6,PPAC-derived
2025-04-08,Madhya Pradesh,91.9,PPAC-derived
2025-04-08,Maharashtra,90.03,PPAC-IOC-metro
2025-04-08,Punjab,90.0,PPAC-derived
2025-04-08,Rajasthan,92.8,PPAC-derived
2025-04-08,Tamil Nadu,92.39,PPAC-IOC-metro
2025-04-08,Telangana,93.9,PPAC-derived
2025-04-08,Uttar Pradesh,88.6,PPAC-derived
2025-04-08,West Bengal,91.82,PPAC-IOC-metro
2025-04-09,Andhra Pradesh,95.1,PPAC-derived
2025-04-09,Delhi,87.67,PPAC-IOC-metro
2025-04-09,Gujarat,86.9,PPAC-derived
2025-04-09,Haryana,89.4,PPAC-derived
2025-04-09,Karnataka,91.6,PPAC-derived
2025-04-09,Madhya Pradesh,91.9,PPAC-derived
2025-04-09,Maharashtra,90.03,PPAC-IOC-metro
2025-04-09,Punjab,90.0,PPAC-derived
2025-04-09,Rajasthan,92.8,PPAC-derived
2025-04-09,Tamil Nadu,92.39,PPAC-IOC-metro
2025-04-09,Telangana,93.9,PPAC-derived
2025-04-09,Uttar Pradesh,88.6,PPAC-derived
2025-04-09,West Bengal,91.82,PPAC-IOC-metro
2025-04-10,Andhra Pradesh,95.1,PPAC-derived
2025-04-10,Delhi,87.67,PPAC-IOC-metro
2025-04-10,Gujarat,86.9,PPAC-derived
2025-04-10,Haryana,89.4,PPAC-derived
2025-04-10,Karnataka,91.6,PPAC-derived
2025-04-10,Madhya Pradesh,91.9,PPAC-derived
2025-04-10,Maharashtra,90.03,PPAC-IOC-metro
2025-04-10,Punjab,90.0,PPAC-derived
2025-04-10,Rajasthan,92.8,PPAC-derived
2025-04-10,Tamil Nadu,92.39,PPAC-IOC-metro
2025-04-10,Telangana,93.9,PPAC-derived
2025-04-10,Uttar Pradesh,88.6,PPAC-derived
2025-04-10,West Bengal,91.82,PPAC-IOC-metro
2025-04-11,Andhra Pradesh,95.1,PPAC-derived
2025-04-11,Delhi,87.67,PPAC-IOC-metro
2025-04-11,Gujarat,86.9,PPAC-derived
2025-04-11,Haryana,89.4,PPAC-derived
2025-04-11,Karnataka,91.6,PPAC-derived
2025-04-11,Madhya Pradesh,91.9,PPAC-derived
2025-04-11,Maharashtra,90.03,PPAC-IOC-metro
2025-04-11,Punjab,90.0,PPAC-derived
2025-04-11,Rajasthan,92.8,PPAC-derived
2025-04-11,Tamil Nadu,92.39,PPAC-IOC-metro
2025-04-11,Telangana,93.9,PPAC-derived
2025-04-11,Uttar Pradesh,88.6,PPAC-derived
2025-04-11,West Bengal,91.82,PPAC-IOC-metro
2025-04-12,Andhra Pradesh,95.1,PPAC-derived
2025-04-12,Delhi,87.67,PPAC-IOC-metro
2025-04-12,Gujarat,86.9,PPAC-derived
2025-04-12,Haryana,89.4,PPAC-derived
2025-04-12,Karnataka,91.6,PPAC-derived
2025-04-12,Madhya Pradesh,91.9,PPAC-derived
2025-04-12,Maharashtra,90.03,PPAC-IOC-metro
2025-04-12,Punjab,90.0,PPAC-derived
2025-04-12,Rajasthan,92.8,PPAC-derived
2025-04-12,Tamil Nadu,92.39,PPAC-IOC-metro
2025-04-12,Telangana,93.9,PPAC-derived
2025-04-12,Uttar Pradesh,88.6,PPAC-derived
2025-04-12,West Bengal,91.82,PPAC-IOC-metro
2025-04-13,Andhra Pradesh,95.1,PPAC-derived
2025-04-13,Delhi,87.67,PPAC-IOC-metro
2025-04-13,Gujarat,86.9,PPAC-derived
2025-04-13,Haryana,89.4,PPAC-derived
2025-04-13,Karnataka,91.6,PPAC-derived
2025-04-13,Madhya Pradesh,91.9,PPAC-derived
2025-04-13,Maharashtra,90.03,PPAC-IOC-metro
2025-04-13,Punjab,90.0,PPAC-derived
2025-04-13,Rajasthan,92.8,PPAC-derived
2025-04-13,Tamil Nadu,92.39,PPAC-IOC-metro
2025-04-13,Telangana,93.9,PPAC-derived
2025-04-13,Uttar Pradesh,88.6,PPAC-derived
2025-04-13,West Bengal,91.82,PPAC-IOC-metro
2025-04-14,Andhra Pradesh,95.1,PPAC-derived
2025-04-14,Delhi,87.67,PPAC-IOC-metro
2025-04-14,Gujarat,86.9,PPAC-derived
2025-04-14,Haryana,89.4,PPAC-derived
2025-04-14,Karnataka,91.6,PPAC-derived
2025-04-14,Madhya Pradesh,91.9,PPAC-derived
2025-04-14,Maharashtra,90.03,PPAC-IOC-metro
2025-04-14,Punjab,90.0,PPAC-derived
2025-04-14,Rajasthan,92.8,PPAC-derived
2025-04-14,Tamil Nadu,92.39,PPAC-IOC-metro
2025-04-14,Telangana,93.9,PPAC-derived
2025-04-14,Uttar Pradesh,88.6,PPAC-derived
2025-04-14,West Bengal,91.82,PPAC-IOC-metro
2025-04-15,Andhra Pradesh,95.1,PPAC-derived
2025-04-15,Delhi,87.67,PPAC-IOC-metro
2025-04-15,Gujarat,86.9,PPAC-derived
2025-04-15,Haryana,89.4,PPAC-derived
2025-04-15,Karnataka,91.6,PPAC-derived
2025-04-15,Madhya Pradesh,91.9,PPAC-derived
2025-04-15,Maharashtra,90.03,PPAC-IOC-metro
2025-04-15,Punjab,90.0,PPAC-derived
2025-04-15,Rajasthan,92.8,PPAC-derived
2025-04-15,Tamil Nadu,92.39,PPAC-IOC-metro
2025-04-15,Telangana,93.9,PPAC-derived
2025-04-15,Uttar Pradesh,88.6,PPAC-derived
2025-04-15,West Bengal,91.82,PPAC-IOC-metro
2025-04-16,Andhra Pradesh,95.1,PPAC-derived
2025-04-16,Delhi,87.67,PPAC-IOC-metro
2025-04-16,Gujarat,86.9,PPAC-derived
2025-04-16,Haryana,89.4,PPAC-derived
2025-04-16,Karnataka,91.6,PPAC-derived
2025-04-16,Madhya Pradesh,91.9,PPAC-derived
2025-04-16,Maharashtra,90.03,PPAC-IOC-metro
2025-04-16,Punjab,90.0,PPAC-derived
2025-04-16,Rajasthan,92.8,PPAC-derived
2025-04-16,Tamil Nadu,92.39,PPAC-IOC-metro
2025-04-16,Telangana,93.9,PPAC-derived
2025-04-16,Uttar Pradesh,88.6,PPAC-derived
2025-04-16,West Bengal,91.82,PPAC-IOC-metro
2025-04-17,Andhra Pradesh,95.1,PPAC-derived
2025-04-17,Delhi,87.67,PPAC-IOC-metro
2025-04-17,Gujarat,86.9,PPAC-derived
2025-04-17,Haryana,89.4,PPAC-derived
2025-04-17,Karnataka,91.6,PPAC-derived
2025-04-17,Madhya Pradesh,91.9,PPAC-derived
2025-04-17,Maharashtra,90.03,PPAC-IOC-metro
2025-04-17,Punjab,90.0,PPAC-derived
2025-04-17,Rajasthan,92.8,PPAC-derived
2025-04-17,Tamil Nadu,92.39,PPAC-IOC-metro
2025-04-17,Telangana,93.9,PPAC-derived
2025-04-17,Uttar Pradesh,88.6,PPAC-derived
2025-04-17,West Bengal,91.82,PPAC-IOC-metro
2025-04-18,Andhra Pradesh,95.1,PPAC-derived
2025-04-18,Delhi,87.67,PPAC-IOC-metro
2025-04-18,Gujarat,86.9,PPAC-derived
2025-04-18,Haryana,89.4,PPAC-derived
2025-04-18,Karnataka,91.6,PPAC-derived
2025-04-18,Madhya Pradesh,91.9,PPAC-derived
2025-04-18,Maharashtra,90.03,PPAC-IOC-metro
2025-04-18,Punjab,90.0,PPAC-derived
2025-04-18,Rajasthan,92.8,PPAC-derived
2025-04-18,Tamil Nadu,92.39,PPAC-IOC-metro
2025-04-18,Telangana,93.9,PPAC-derived
2025-04-18,Uttar Pradesh,88.6,PPAC-derived
2025-04-18,West Bengal,91.82,PPAC-IOC-metro
2025-04-19,Andhra Pradesh,95.1,PPAC-derived
2025-04-19,Delhi,87.67,PPAC-IOC-metro
2025-04-19,Gujarat,86.9,PPAC-derived
2025-04-19,Haryana,89.4,PPAC-derived
2025-04-19,Karnataka,91.6,PPAC-derived
2025-04-19,Madhya Pradesh,91.9,PPAC-derived
2025-04-19,Maharashtra,90.03,PPAC-IOC-metro
2025-04-19,Punjab,90.0,PPAC-derived
2025-04-19,Rajasthan,92.8,PPAC-derived
2025-04-19,Tamil Nadu,92.39,PPAC-IOC-metro
2025-04-19,Telangana,93.9,PPAC-derived
2025-04-19,Uttar Pradesh,88.6,PPAC-derived
2025-04-19,West Bengal,91.82,PPAC-IOC-metro
2025-04-20,Andhra Pradesh,95.1,PPAC-derived
2025-04-20,Delhi,87.67,PPAC-IOC-metro
2025-04-20,Gujarat,86.9,PPAC-derived
2025-04-20,Haryana,89.4,PPAC-derived
2025-04-20,Karnataka,91.6,PPAC-derived
2025-04-20,Madhya Pradesh,91.9,PPAC-derived
2025-04-20,Maharashtra,90.03,PPAC-IOC-metro
2025-04-20,Punjab,90.0,PPAC-derived
2025-04-20,Rajasthan,92.8,PPAC-derived
2025-04-20,Tamil Nadu,92.39,PPAC-IOC-metro
2025-04-20,Telangana,93.9,PPAC-derived
2025-04-20,Uttar Pradesh,88.6,PPAC-derived
2025-04-20,West Bengal,91.82,PPAC-IOC-metro
2025-04-21,Andhra Pradesh,95.1,PPAC-derived
2025-04-21,Delhi,87.67,PPAC-IOC-metro
2025-04-21,Gujarat,86.9,PPAC-derived
2025-04-21,Haryana,89.4,PPAC-derived
2025-04-21,Karnataka,91.6,PPAC-derived
2025-04-21,Madhya Pradesh,91.9,PPAC-derived
2025-04-21,Maharashtra,90.03,PPAC-IOC-metro
2025-04-21,Punjab,90.0,PPAC-derived
2025-04-21,Rajasthan,92.8,PPAC-derived
2025-04-21,Tamil Nadu,92.39,PPAC-IOC-metro
2025-04-21,Telangana,93.9,PPAC-derived
2025-04-21,Uttar Pradesh,88.6,PPAC-derived
2025-04-21,West Bengal,91.82,PPAC-IOC-metro
2025-04-22,Andhra Pradesh,95.1,PPAC-derived
2025-04-22,Delhi,87.67,PPAC-IOC-metro
2025-04-22,Gujarat,86.9,PPAC-derived
2025-04-22,Haryana,89.4,PPAC-derived
2025-04-22,Karnataka,91.6,PPAC-derived
2025-04-22,Madhya Pradesh,91.9,PPAC-derived
2025-04-22,Maharashtra,90.03,PPAC-IOC-metro
2025-04-22,Punjab,90.0,PPAC-derived
2025-04-22,Rajasthan,92.8,PPAC-derived
2025-04-22,Tamil Nadu,92.39,PPAC-IOC-metro
2025-04-22,Telangana,93.9,PPAC-derived
2025-04-22,Uttar Pradesh,88.6,PPAC-derived
2025-04-22,West Bengal,91.82,PPAC-IOC-metro
2025-04-23,Andhra Pradesh,95.1,PPAC-derived
2025-04-23,Delhi,87.67,PPAC-IOC-metro
2025-04-23,Gujarat,86.9,PPAC-derived
2025-04-23,Haryana,89.4,PPAC-derived
2025-04-23,Karnataka,91.6,PPAC-derived
2025-04-23,Madhya Pradesh,91.9,PPAC-derived
2025-04-23,Maharashtra,90.03,PPAC-IOC-metro
2025-04-23,Punjab,90.0,PPAC-derived
2025-04-23,Rajasthan,92.8,PPAC-derived
2025-04-23,Tamil Nadu,92.39,PPAC-IOC-metro
2025-04-23,Telangana,93.9,PPAC-derived
2025-04-23,Uttar Pradesh,88.6,PPAC-derived
2025-04-23,West Bengal,91.82,PPAC-IOC-metro
2025-04-24,Andhra Pradesh,95.1,PPAC-derived
2025-04-24,Delhi,87.67,PPAC-IOC-metro
2025-04-24,Gujarat,86.9,PPAC-derived
2025-04-24,Haryana,89.4,PPAC-derived
2025-04-24,Karnataka,91.6,PPAC-derived
2025-04-24,Madhya Pradesh,91.9,PPAC-derived
2025-04-24,Maharashtra,90.03,PPAC-IOC-metro
2025-04-24,Punjab,90.0,PPAC-derived
2025-04-24,Rajasthan,92.8,PPAC-derived
2025-04-24,Tamil Nadu,92.39,PPAC-IOC-metro
2025-04-24,Telangana,93.9,PPAC-derived
2025-04-24,Uttar Pradesh,88.6,PPAC-derived
2025-04-24,West Bengal,91.82,PPAC-IOC-metro
2025-04-25,Andhra Pradesh,95.1,PPAC-derived
2025-04-25,Delhi,87.67,PPAC-IOC-metro
2025-04-25,Gujarat,86.9,PPAC-derived
2025-04-25,Haryana,89.4,PPAC-derived
2025-04-25,Karnataka,91.6,PPAC-derived
2025-04-25,Madhya Pradesh,91.9,PPAC-derived
2025-04-25,Maharashtra,90.03,PPAC-IOC-metro
2025-04-25,Punjab,90.0,PPAC-derived
2025-04-25,Rajasthan,92.8,PPAC-derived
2025-04-25,Tamil Nadu,92.39,PPAC-IOC-metro
2025-04-25,Telangana,93.9,PPAC-derived
2025-04-25,Uttar Pradesh,88.6,PPAC-derived
2025-04-25,West Bengal,91.82,PPAC-IOC-metro
2025-04-26,Andhra Pradesh,95.1,PPAC-derived
2025-04-26,Delhi,87.67,PPAC-IOC-metro
2025-04-26,Gujarat,86.9,PPAC-derived
2025-04-26,Haryana,89.4,PPAC-derived
2025-04-26,Karnataka,91.6,PPAC-derived
2025-04-26,Madhya Pradesh,91.9,PPAC-derived
2025-04-26,Maharashtra,90.03,PPAC-IOC-metro
2025-04-26,Punjab,90.0,PPAC-derived
2025-04-26,Rajasthan,92.8,PPAC-derived
2025-04-26,Tamil Nadu,92.39,PPAC-IOC-metro
2025-04-26,Telangana,93.9,PPAC-derived
2025-04-26,Uttar Pradesh,88.6,PPAC-derived
2025-04-26,West Bengal,91.82,PPAC-IOC-metro
2025-04-27,Andhra Pradesh,95.1,PPAC-derived
2025-04-27,Delhi,87.67,PPAC-IOC-metro
2025-04-27,Gujarat,86.9,PPAC-derived
2025-04-27,Haryana,89.4,PPAC-derived
2025-04-27,Karnataka,91.6,PPAC-derived
2025-04-27,Madhya Pradesh,91.9,PPAC-derived
2025-04-27,Maharashtra,90.03,PPAC-IOC-metro
2025-04-27,Punjab,90.0,PPAC-derived
2025-04-27,Rajasthan,92.8,PPAC-derived
2025-04-27,Tamil Nadu,92.39,PPAC-IOC-metro
2025-04-27,Telangana,93.9,PPAC-derived
2025-04-27,Uttar Pradesh,88.6,PPAC-derived
2025-04-27,West Bengal,91.82,PPAC-IOC-metro
2025-04-28,Andhra Pradesh,95.1,PPAC-derived
2025-04-28,Delhi,87.67,PPAC-IOC-metro
2025-04-28,Gujarat,86.9,PPAC-derived
2025-04-28,Haryana,89.4,PPAC-derived
2025-04-28,Karnataka,91.6,PPAC-derived
2025-04-28,Madhya Pradesh,91.9,PPAC-derived
2025-04-28,Maharashtra,90.03,PPAC-IOC-metro
2025-04-28,Punjab,90.0,PPAC-derived
2025-04-28,Rajasthan,92.8,PPAC-derived
2025-04-28,Tamil Nadu,92.39,PPAC-IOC-metro
2025-04-28,Telangana,93.9,PPAC-derived
2025-04-28,Uttar Pradesh,88.6,PPAC-derived
2025-04-28,West Bengal,91.82,PPAC-IOC-metro
2025-04-29,Andhra Pradesh,95.1,PPAC-derived
2025-04-29,Delhi,87.67,PPAC-IOC-metro
2025-04-29,Gujarat,86.9,PPAC-derived
2025-04-29,Haryana,89.4,PPAC-derived
2025-04-29,Karnataka,91.6,PPAC-derived
2025-04-29,Madhya Pradesh,91.9,PPAC-derived
2025-04-29,Maharashtra,90.03,PPAC-IOC-metro
2025-04-29,Punjab,90.0,PPAC-derived
2025-04-29,Rajasthan,92.8,PPAC-derived
2025-04-29,Tamil Nadu,92.39,PPAC-IOC-metro
2025-04-29,Telangana,93.9,PPAC-derived
2025-04-29,Uttar Pradesh,88.6,PPAC-derived
2025-04-29,West Bengal,91.82,PPAC-IOC-metro
2025-04-30,Andhra Pradesh,95.1,PPAC-derived
2025-04-30,Delhi,87.67,PPAC-IOC-metro
2025-04-30,Gujarat,86.9,PPAC-derived
2025-04-30,Haryana,89.4,PPAC-derived
2025-04-30,Karnataka,91.6,PPAC-derived
2025-04-30,Madhya Pradesh,91.9,PPAC-derived
2025-04-30,Maharashtra,90.03,PPAC-IOC-metro
2025-04-30,Punjab,90.0,PPAC-derived
2025-04-30,Rajasthan,92.8,PPAC-derived
2025-04-30,Tamil Nadu,92.39,PPAC-IOC-metro
2025-04-30,Telangana,93.9,PPAC-derived
2025-04-30,Uttar Pradesh,88.6,PPAC-derived
2025-04-30,West Bengal,91.82,PPAC-IOC-metro
2025-05-01,Andhra Pradesh,95.1,PPAC-derived
2025-05-01,Delhi,87.67,PPAC-IOC-metro
2025-05-01,Gujarat,86.9,PPAC-derived
2025-05-01,Haryana,89.4,PPAC-derived
2025-05-01,Karnataka,91.6,PPAC-derived
2025-05-01,Madhya Pradesh,91.9,PPAC-derived
2025-05-01,Maharashtra,90.03,PPAC-IOC-metro
2025-05-01,Punjab,90.0,PPAC-derived
2025-05-01,Rajasthan,92.8,PPAC-derived
2025-05-01,Tamil Nadu,92.39,PPAC-IOC-metro
2025-05-01,Telangana,93.9,PPAC-derived
2025-05-01,Uttar Pradesh,88.6,PPAC-derived
2025-05-01,West Bengal,91.82,PPAC-IOC-metro
2025-05-02,Andhra Pradesh,95.1,PPAC-derived
2025-05-02,Delhi,87.67,PPAC-IOC-metro
2025-05-02,Gujarat,86.9,PPAC-derived
2025-05-02,Haryana,89.4,PPAC-derived
2025-05-02,Karnataka,91.6,PPAC-derived
2025-05-02,Madhya Pradesh,91.9,PPAC-derived
2025-05-02,Maharashtra,90.03,PPAC-IOC-metro
2025-05-02,Punjab,90.0,PPAC-derived
2025-05-02,Rajasthan,92.8,PPAC-derived
2025-05-02,Tamil Nadu,92.39,PPAC-IOC-metro
2025-05-02,Telangana,93.9,PPAC-derived
2025-05-02,Uttar Pradesh,88.6,PPAC-derived
2025-05-02,West Bengal,91.82,PPAC-IOC-metro
2025-05-03,Andhra Pradesh,95.1,PPAC-derived
2025-05-03,Delhi,87.67,PPAC-IOC-metro
2025-05-03,Gujarat,86.9,PPAC-derived
2025-05-03,Haryana,89.4,PPAC-derived
2025-05-03,Karnataka,91.6,PPAC-derived
2025-05-03,Madhya Pradesh,91.9,PPAC-derived
2025-05-03,Maharashtra,90.03,PPAC-IOC-metro
2025-05-03,Punjab,90.0,PPAC-derived
2025-05-03,Rajasthan,92.8,PPAC-derived
2025-05-03,Tamil Nadu,92.39,PPAC-IOC-metro
2025-05-03,Telangana,93.9,PPAC-derived
2025-05-03,Uttar Pradesh,88.6,PPAC-derived
2025-05-03,West Bengal,91.82,PPAC-IOC-metro
2025-05-04,Andhra Pradesh,95.1,PPAC-derived
2025-05-04,Delhi,87.67,PPAC-IOC-metro
2025-05-04,Gujarat,86.9,PPAC-derived
2025-05-04,Haryana,89.4,PPAC-derived
2025-05-04,Karnataka,91.6,PPAC-derived
2025-05-04,Madhya Pradesh,91.9,PPAC-derived
2025-05-04,Maharashtra,90.03,PPAC-IOC-metro
2025-05-04,Punjab,90.0,PPAC-derived
2025-05-04,Rajasthan,92.8,PPAC-derived
2025-05-04,Tamil Nadu,92.39,PPAC-IOC-metro
2025-05-04,Telangana,93.9,PPAC-derived
2025-05-04,Uttar Pradesh,88.6,PPAC-derived
2025-05-04,West Bengal,91.82,PPAC-IOC-metro
2025-05-05,Andhra Pradesh,95.1,PPAC-derived
2025-05-05,Delhi,87.67,PPAC-IOC-metro
2025-05-05,Gujarat,86.9,PPAC-derived
2025-05-05,Haryana,89.4,PPAC-derived
2025-05-05,Karnataka,91.6,PPAC-derived
2025-05-05,Madhya Pradesh,91.9,PPAC-derived
2025-05-05,Maharashtra,90.03,PPAC-IOC-metro
2025-05-05,Punjab,90.0,PPAC-derived
2025-05-05,Rajasthan,92.8,PPAC-derived
2025-05-05,Tamil Nadu,92.39,PPAC-IOC-metro
2025-05-05,Telangana,93.9,PPAC-derived
2025-05-05,Uttar Pradesh,88.6,PPAC-derived
2025-05-05,West Bengal,91.82,PPAC-IOC-metro
2025-05-06,Andhra Pradesh,95.1,PPAC-derived
2025-05-06,Delhi,87.67,PPAC-IOC-metro
2025-05-06,Gujarat,86.9,PPAC-derived
2025-05-06,Haryana,89.4,PPAC-derived
2025-05-06,Karnataka,91.6,PPAC-derived
2025-05-06,Madhya Pradesh,91.9,PPAC-derived
2025-05-06,Maharashtra,90.03,PPAC-IOC-metro
2025-05-06,Punjab,90.0,PPAC-derived
2025-05-06,Rajasthan,92.8,PPAC-derived
2025-05-06,Tamil Nadu,92.39,PPAC-IOC-metro
2025-05-06,Telangana,93.9,PPAC-derived
2025-05-06,Uttar Pradesh,88.6,PPAC-derived
2025-05-06,West Bengal,91.82,PPAC-IOC-metro
2025-05-07,Andhra Pradesh,95.1,PPAC-derived
2025-05-07,Delhi,87.67,PPAC-IOC-metro
2025-05-07,Gujarat,86.9,PPAC-derived
2025-05-07,Haryana,89.4,PPAC-derived
2025-05-07,Karnataka,91.6,PPAC-derived
2025-05-07,Madhya Pradesh,91.9,PPAC-derived
2025-05-07,Maharashtra,90.03,PPAC-IOC-metro
2025-05-07,Punjab,90.0,PPAC-derived
2025-05-07,Rajasthan,92.8,PPAC-derived
2025-05-07,Tamil Nadu,92.39,PPAC-IOC-metro
2025-05-07,Telangana,93.9,PPAC-derived
2025-05-07,Uttar Pradesh,88.6,PPAC-derived
2025-05-07,West Bengal,91.82,PPAC-IOC-metro
2025-05-08,Andhra Pradesh,95.1,PPAC-derived
2025-05-08,Delhi,87.67,PPAC-IOC-metro
2025-05-08,Gujarat,86.9,PPAC-derived
2025-05-08,Haryana,89.4,PPAC-derived
2025-05-08,Karnataka,91.6,PPAC-derived
2025-05-08,Madhya Pradesh,91.9,PPAC-derived
2025-05-08,Maharashtra,90.03,PPAC-IOC-metro
2025-05-08,Punjab,90.0,PPAC-derived
2025-05-08,Rajasthan,92.8,PPAC-derived
2025-05-08,Tamil Nadu,92.39,PPAC-IOC-metro
2025-05-08,Telangana,93.9,PPAC-derived
2025-05-08,Uttar Pradesh,88.6,PPAC-derived
2025-05-08,West Bengal,91.82,PPAC-IOC-metro
2025-05-09,Andhra Pradesh,95.1,PPAC-derived
2025-05-09,Delhi,87.67,PPAC-IOC-metro
2025-05-09,Gujarat,86.9,PPAC-derived
2025-05-09,Haryana,89.4,PPAC-derived
2025-05-09,Karnataka,91.6,PPAC-derived
2025-05-09,Madhya Pradesh,91.9,PPAC-derived
2025-05-09,Maharashtra,90.03,PPAC-IOC-metro
2025-05-09,Punjab,90.0,PPAC-derived
2025-05-09,Rajasthan,92.8,PPAC-derived
2025-05-09,Tamil Nadu,92.39,PPAC-IOC-metro
2025-05-09,Telangana,93.9,PPAC-derived
2025-05-09,Uttar Pradesh,88.6,PPAC-derived
2025-05-09,West Bengal,91.82,PPAC-IOC-metro
2025-05-10,Andhra Pradesh,95.1,PPAC-derived
2025-05-10,Delhi,87.67,PPAC-IOC-metro
2025-05-10,Gujarat,86.9,PPAC-derived
2025-05-10,Haryana,89.4,PPAC-derived
2025-05-10,Karnataka,91.6,PPAC-derived
2025-05-10,Madhya Pradesh,91.9,PPAC-derived
2025-05-10,Maharashtra,90.03,PPAC-IOC-metro
2025-05-10,Punjab,90.0,PPAC-derived
2025-05-10,Rajasthan,92.8,PPAC-derived
2025-05-10,Tamil Nadu,92.39,PPAC-IOC-metro
2025-05-10,Telangana,93.9,PPAC-derived
2025-05-10,Uttar Pradesh,88.6,PPAC-derived
2025-05-10,West Bengal,91.82,PPAC-IOC-metro
2025-05-11,Andhra Pradesh,95.1,PPAC-derived
2025-05-11,Delhi,87.67,PPAC-IOC-metro
2025-05-11,Gujarat,86.9,PPAC-derived
2025-05-11,Haryana,89.4,PPAC-derived
2025-05-11,Karnataka,91.6,PPAC-derived
2025-05-11,Madhya Pradesh,91.9,PPAC-derived
2025-05-11,Maharashtra,90.03,PPAC-IOC-metro
2025-05-11,Punjab,90.0,PPAC-derived
2025-05-11,Rajasthan,92.8,PPAC-derived
2025-05-11,Tamil Nadu,92.39,PPAC-IOC-metro
2025-05-11,Telangana,93.9,PPAC-derived
2025-05-11,Uttar Pradesh,88.6,PPAC-derived
2025-05-11,West Bengal,91.82,PPAC-IOC-metro
2025-05-12,Andhra Pradesh,95.15,PPAC-derived
2025-05-12,Delhi,87.67,PPAC-IOC-metro
2025-05-12,Gujarat,86.95,PPAC-derived
2025-05-12,Haryana,89.45,PPAC-derived
2025-05-12,Karnataka,91.65,PPAC-derived
2025-05-12,Madhya Pradesh,91.95,PPAC-derived
2025-05-12,Maharashtra,90.03,PPAC-IOC-metro
2025-05-12,Punjab,90.05,PPAC-derived
2025-05-12,Rajasthan,92.85,PPAC-derived
2025-05-12,Tamil Nadu,92.39,PPAC-IOC-metro
2025-05-12,Telangana,93.95,PPAC-derived
2025-05-12,Uttar Pradesh,88.65,PPAC-derived
2025-05-12,West Bengal,92.02,PPAC-IOC-metro
2025-05-13,Andhra Pradesh,95.15,PPAC-derived
2025-05-13,Delhi,87.67,PPAC-IOC-metro
2025-05-13,Gujarat,86.95,PPAC-derived
2025-05-13,Haryana,89.45,PPAC-derived
2025-05-13,Karnataka,91.65,PPAC-derived
2025-05-13,Madhya Pradesh,91.95,PPAC-derived
2025-05-13,Maharashtra,90.03,PPAC-IOC-metro
2025-05-13,Punjab,90.05,PPAC-derived
2025-05-13,Rajasthan,92.85,PPAC-derived
2025-05-13,Tamil Nadu,92.39,PPAC-IOC-metro
2025-05-13,Telangana,93.95,PPAC-derived
2025-05-13,Uttar Pradesh,88.65,PPAC-derived
2025-05-13,West Bengal,92.02,PPAC-IOC-metro
2025-05-14,Andhra Pradesh,95.15,PPAC-derived
2025-05-14,Delhi,87.67,PPAC-IOC-metro
2025-05-14,Gujarat,86.95,PPAC-derived
2025-05-14,Haryana,89.45,PPAC-derived
2025-05-14,Karnataka,91.65,PPAC-derived
2025-05-14,Madhya Pradesh,91.95,PPAC-derived
2025-05-14,Maharashtra,90.03,PPAC-IOC-metro
2025-05-14,Punjab,90.05,PPAC-derived
2025-05-14,Rajasthan,92.85,PPAC-derived
2025-05-14,Tamil Nadu,92.39,PPAC-IOC-metro
2025-05-14,Telangana,93.95,PPAC-derived
2025-05-14,Uttar Pradesh,88.65,PPAC-derived
2025-05-14,West Bengal,92.02,PPAC-IOC-metro
2025-05-15,Andhra Pradesh,95.15,PPAC-derived
2025-05-15,Delhi,87.67,PPAC-IOC-metro
2025-05-15,Gujarat,86.95,PPAC-derived
2025-05-15,Haryana,89.45,PPAC-derived
2025-05-15,Karnataka,91.65,PPAC-derived
2025-05-15,Madhya Pradesh,91.95,PPAC-derived
2025-05-15,Maharashtra,90.03,PPAC-IOC-metro
2025-05-15,Punjab,90.05,PPAC-derived
2025-05-15,Rajasthan,92.85,PPAC-derived
2025-05-15,Tamil Nadu,92.39,PPAC-IOC-metro
2025-05-15,Telangana,93.95,PPAC-derived
2025-05-15,Uttar Pradesh,88.65,PPAC-derived
2025-05-15,West Bengal,92.02,PPAC-IOC-metro
2025-05-16,Andhra Pradesh,95.15,PPAC-derived
2025-05-16,Delhi,87.67,PPAC-IOC-metro
2025-05-16,Gujarat,86.95,PPAC-derived
2025-05-16,Haryana,89.45,PPAC-derived
2025-05-16,Karnataka,91.65,PPAC-derived
2025-05-16,Madhya Pradesh,91.95,PPAC-derived
2025-05-16,Maharashtra,90.03,PPAC-IOC-metro
2025-05-16,Punjab,90.05,PPAC-derived
2025-05-16,Rajasthan,92.85,PPAC-derived
2025-05-16,Tamil Nadu,92.39,PPAC-IOC-metro
2025-05-16,Telangana,93.95,PPAC-derived
2025-05-16,Uttar Pradesh,88.65,PPAC-derived
2025-05-16,West Bengal,92.02,PPAC-IOC-metro
2025-05-17,Andhra Pradesh,95.15,PPAC-derived
2025-05-17,Delhi,87.67,PPAC-IOC-metro
2025-05-17,Gujarat,86.95,PPAC-derived
2025-05-17,Haryana,89.45,PPAC-derived
2025-05-17,Karnataka,91.65,PPAC-derived
2025-05-17,Madhya Pradesh,91.95,PPAC-derived
2025-05-17,Maharashtra,90.03,PPAC-IOC-metro
2025-05-17,Punjab,90.05,PPAC-derived
2025-05-17,Rajasthan,92.85,PPAC-derived
2025-05-17,Tamil Nadu,92.39,PPAC-IOC-metro
2025-05-17,Telangana,93.95,PPAC-derived
2025-05-17,Uttar Pradesh,88.65,PPAC-derived
2025-05-17,West Bengal,92.02,PPAC-IOC-metro
2025-05-18,Andhra Pradesh,95.15,PPAC-derived
2025-05-18,Delhi,87.67,PPAC-IOC-metro
2025-05-18,Gujarat,86.95,PPAC-derived
2025-05-18,Haryana,89.45,PPAC-derived
2025-05-18,Karnataka,91.65,PPAC-derived
2025-05-18,Madhya Pradesh,91.95,PPAC-derived
2025-05-18,Maharashtra,90.03,PPAC-IOC-metro
2025-05-18,Punjab,90.05,PPAC-derived
2025-05-18,Rajasthan,92.85,PPAC-derived
2025-05-18,Tamil Nadu,92.39,PPAC-IOC-metro
2025-05-18,Telangana,93.95,PPAC-derived
2025-05-18,Uttar Pradesh,88.65,PPAC-derived
2025-05-18,West Bengal,92.02,PPAC-IOC-metro
2025-05-19,Andhra Pradesh,95.15,PPAC-derived
2025-05-19,Delhi,87.67,PPAC-IOC-metro
2025-05-19,Gujarat,86.95,PPAC-derived
2025-05-19,Haryana,89.45,PPAC-derived
2025-05-19,Karnataka,91.65,PPAC-derived
2025-05-19,Madhya Pradesh,91.95,PPAC-derived
2025-05-19,Maharashtra,90.03,PPAC-IOC-metro
2025-05-19,Punjab,90.05,PPAC-derived
2025-05-19,Rajasthan,92.85,PPAC-derived
2025-05-19,Tamil Nadu,92.39,PPAC-IOC-metro
2025-05-19,Telangana,93.95,PPAC-derived
2025-05-19,Uttar Pradesh,88.65,PPAC-derived
2025-05-19,West Bengal,92.02,PPAC-IOC-metro
2025-05-20,Andhra Pradesh,95.15,PPAC-derived
2025-05-20,Delhi,87.67,PPAC-IOC-metro
2025-05-20,Gujarat,86.95,PPAC-derived
2025-05-20,Haryana,89.45,PPAC-derived
2025-05-20,Karnataka,91.65,PPAC-derived
2025-05-20,Madhya Pradesh,91.95,PPAC-derived
2025-05-20,Maharashtra,90.03,PPAC-IOC-metro
2025-05-20,Punjab,90.05,PPAC-derived
2025-05-20,Rajasthan,92.85,PPAC-derived
2025-05-20,Tamil Nadu,92.39,PPAC-IOC-metro
2025-05-20,Telangana,93.95,PPAC-derived
2025-05-20,Uttar Pradesh,88.65,PPAC-derived
2025-05-20,West Bengal,92.02,PPAC-IOC-metro
2025-05-21,Andhra Pradesh,95.15,PPAC-derived
2025-05-21,Delhi,87.67,PPAC-IOC-metro
2025-05-21,Gujarat,86.95,PPAC-derived
2025-05-21,Haryana,89.45,PPAC-derived
2025-05-21,Karnataka,91.65,PPAC-derived
2025-05-21,Madhya Pradesh,91.95,PPAC-derived
2025-05-21,Maharashtra,90.03,PPAC-IOC-metro
2025-05-21,Punjab,90.05,PPAC-derived
2025-05-21,Rajasthan,92.85,PPAC-derived
2025-05-21,Tamil Nadu,92.39,PPAC-IOC-metro
2025-05-21,Telangana,93.95,PPAC-derived
2025-05-21,Uttar Pradesh,88.65,PPAC-derived
2025-05-21,West Bengal,92.02,PPAC-IOC-metro
2025-05-22,Andhra Pradesh,95.15,PPAC-derived
2025-05-22,Delhi,87.67,PPAC-IOC-metro
2025-05-22,Gujarat,86.95,PPAC-derived
2025-05-22,Haryana,89.45,PPAC-derived
2025-05-22,Karnataka,91.65,PPAC-derived
2025-05-22,Madhya Pradesh,91.95,PPAC-derived
2025-05-22,Maharashtra,90.03,PPAC-IOC-metro
2025-05-22,Punjab,90.05,PPAC-derived
2025-05-22,Rajasthan,92.85,PPAC-derived
2025-05-22,Tamil Nadu,92.39,PPAC-IOC-metro
2025-05-22,Telangana,93.95,PPAC-derived
2025-05-22,Uttar Pradesh,88.65,PPAC-derived
2025-05-22,West Bengal,92.02,PPAC-IOC-metro
2025-05-23,Andhra Pradesh,95.15,PPAC-derived
2025-05-23,Delhi,87.67,PPAC-IOC-metro
2025-05-23,Gujarat,86.95,PPAC-derived
2025-05-23,Haryana,89.45,PPAC-derived
2025-05-23,Karnataka,91.65,PPAC-derived
2025-05-23,Madhya Pradesh,91.95,PPAC-derived
2025-05-23,Maharashtra,90.03,PPAC-IOC-metro
2025-05-23,Punjab,90.05,PPAC-derived
2025-05-23,Rajasthan,92.85,PPAC-derived
2025-05-23,Tamil Nadu,92.39,PPAC-IOC-metro
2025-05-23,Telangana,93.95,PPAC-derived
2025-05-23,Uttar Pradesh,88.65,PPAC-derived
2025-05-23,West Bengal,92.02,PPAC-IOC-metro
2025-05-24,Andhra Pradesh,95.15,PPAC-derived
2025-05-24,Delhi,87.67,PPAC-IOC-metro
2025-05-24,Gujarat,86.95,PPAC-derived
2025-05-24,Haryana,89.45,PPAC-derived
2025-05-24,Karnataka,91.65,PPAC-derived
2025-05-24,Madhya Pradesh,91.95,PPAC-derived
2025-05-24,Maharashtra,90.03,PPAC-IOC-metro
2025-05-24,Punjab,90.05,PPAC-derived
2025-05-24,Rajasthan,92.85,PPAC-derived
2025-05-24,Tamil Nadu,92.39,PPAC-IOC-metro
2025-05-24,Telangana,93.95,PPAC-derived
2025-05-24,Uttar Pradesh,88.65,PPAC-derived
2025-05-24,West Bengal,92.02,PPAC-IOC-metro
2025-05-25,Andhra Pradesh,95.15,PPAC-derived
2025-05-25,Delhi,87.67,PPAC-IOC-metro
2025-05-25,Gujarat,86.95,PPAC-derived
2025-05-25,Haryana,89.45,PPAC-derived
2025-05-25,Karnataka,91.65,PPAC-derived
2025-05-25,Madhya Pradesh,91.95,PPAC-derived
2025-05-25,Maharashtra,90.03,PPAC-IOC-metro
2025-05-25,Punjab,90.05,PPAC-derived
2025-05-25,Rajasthan,92.85,PPAC-derived
2025-05-25,Tamil Nadu,92.39,PPAC-IOC-metro
2025-05-25,Telangana,93.95,PPAC-derived
2025-05-25,Uttar Pradesh,88.65,PPAC-derived
2025-05-25,West Bengal,92.02,PPAC-IOC-metro
2025-05-26,Andhra Pradesh,95.15,PPAC-derived
2025-05-26,Delhi,87.67,PPAC-IOC-metro
2025-05-26,Gujarat,86.95,PPAC-derived
2025-05-26,Haryana,89.45,PPAC-derived
2025-05-26,Karnataka,91.65,PPAC-derived
2025-05-26,Madhya Pradesh,91.95,PPAC-derived
2025-05-26,Maharashtra,90.03,PPAC-IOC-metro
2025-05-26,Punjab,90.05,PPAC-derived
2025-05-26,Rajasthan,92.85,PPAC-derived
2025-05-26,Tamil Nadu,92.39,PPAC-IOC-metro
2025-05-26,Telangana,93.95,PPAC-derived
2025-05-26,Uttar Pradesh,88.65,PPAC-derived
2025-05-26,West Bengal,92.02,PPAC-IOC-metro
2025-05-27,Andhra Pradesh,95.15,PPAC-derived
2025-05-27,Delhi,87.67,PPAC-IOC-metro
2025-05-27,Gujarat,86.95,PPAC-derived
2025-05-27,Haryana,89.45,PPAC-derived
2025-05-27,Karnataka,91.65,PPAC-derived
2025-05-27,Madhya Pradesh,91.95,PPAC-derived
2025-05-27,Maharashtra,90.03,PPAC-IOC-metro
2025-05-27,Punjab,90.05,PPAC-derived
2025-05-27,Rajasthan,92.85,PPAC-derived
2025-05-27,Tamil Nadu,92.39,PPAC-IOC-metro
2025-05-27,Telangana,93.95,PPAC-derived
2025-05-27,Uttar Pradesh,88.65,PPAC-derived
2025-05-27,West Bengal,92.02,PPAC-IOC-metro
2025-05-28,Andhra Pradesh,95.15,PPAC-derived
2025-05-28,Delhi,87.67,PPAC-IOC-metro
2025-05-28,Gujarat,86.95,PPAC-derived
2025-05-28,Haryana,89.45,PPAC-derived
2025-05-28,Karnataka,91.65,PPAC-derived
2025-05-28,Madhya Pradesh,91.95,PPAC-derived
2025-05-28,Maharashtra,90.03,PPAC-IOC-metro
2025-05-28,Punjab,90.05,PPAC-derived
2025-05-28,Rajasthan,92.85,PPAC-derived
2025-05-28,Tamil Nadu,92.39,PPAC-IOC-metro
2025-05-28,Telangana,93.95,PPAC-derived
2025-05-28,Uttar Pradesh,88.65,PPAC-derived
2025-05-28,West Bengal,92.02,PPAC-IOC-metro
2025-05-29,Andhra Pradesh,95.15,PPAC-derived
2025-05-29,Delhi,87.67,PPAC-IOC-metro
2025-05-29,Gujarat,86.95,PPAC-derived
2025-05-29,Haryana,89.45,PPAC-derived
2025-05-29,Karnataka,91.65,PPAC-derived
2025-05-29,Madhya Pradesh,91.95,PPAC-derived
2025-05-29,Maharashtra,90.03,PPAC-IOC-metro
2025-05-29,Punjab,90.05,PPAC-derived
2025-05-29,Rajasthan,92.85,PPAC-derived
2025-05-29,Tamil Nadu,92.39,PPAC-IOC-metro
2025-05-29,Telangana,93.95,PPAC-derived
2025-05-29,Uttar Pradesh,88.65,PPAC-derived
2025-05-29,West Bengal,92.02,PPAC-IOC-metro
2025-05-30,Andhra Pradesh,95.15,PPAC-derived
2025-05-30,Delhi,87.67,PPAC-IOC-metro
2025-05-30,Gujarat,86.95,PPAC-derived
2025-05-30,Haryana,89.45,PPAC-derived
2025-05-30,Karnataka,91.65,PPAC-derived
2025-05-30,Madhya Pradesh,91.95,PPAC-derived
2025-05-30,Maharashtra,90.03,PPAC-IOC-metro
2025-05-30,Punjab,90.05,PPAC-derived
2025-05-30,Rajasthan,92.85,PPAC-derived
2025-05-30,Tamil Nadu,92.39,PPAC-IOC-metro
2025-05-30,Telangana,93.95,PPAC-derived
2025-05-30,Uttar Pradesh,88.65,PPAC-derived
2025-05-30,West Bengal,92.02,PPAC-IOC-metro
2025-05-31,Andhra Pradesh,95.15,PPAC-derived
2025-05-31,Delhi,87.67,PPAC-IOC-metro
2025-05-31,Gujarat,86.95,PPAC-derived
2025-05-31,Haryana,89.45,PPAC-derived
2025-05-31,Karnataka,91.65,PPAC-derived
2025-05-31,Madhya Pradesh,91.95,PPAC-derived
2025-05-31,Maharashtra,90.03,PPAC-IOC-metro
2025-05-31,Punjab,90.05,PPAC-derived
2025-05-31,Rajasthan,92.85,PPAC-derived
2025-05-31,Tamil Nadu,92.39,PPAC-IOC-metro
2025-05-31,Telangana,93.95,PPAC-derived
2025-05-31,Uttar Pradesh,88.65,PPAC-derived
2025-05-31,West Bengal,92.02,PPAC-IOC-metro
2025-06-01,Andhra Pradesh,95.15,PPAC-derived
2025-06-01,Delhi,87.67,PPAC-IOC-metro
2025-06-01,Gujarat,86.95,PPAC-derived
2025-06-01,Haryana,89.45,PPAC-derived
2025-06-01,Karnataka,91.65,PPAC-derived
2025-06-01,Madhya Pradesh,91.95,PPAC-derived
2025-06-01,Maharashtra,90.03,PPAC-IOC-metro
2025-06-01,Punjab,90.05,PPAC-derived
2025-06-01,Rajasthan,92.85,PPAC-derived
2025-06-01,Tamil Nadu,92.39,PPAC-IOC-metro
2025-06-01,Telangana,93.95,PPAC-derived
2025-06-01,Uttar Pradesh,88.65,PPAC-derived
2025-06-01,West Bengal,92.02,PPAC-IOC-metro
2025-06-02,Andhra Pradesh,95.15,PPAC-derived
2025-06-02,Delhi,87.67,PPAC-IOC-metro
2025-06-02,Gujarat,86.95,PPAC-derived
2025-06-02,Haryana,89.45,PPAC-derived
2025-06-02,Karnataka,91.65,PPAC-derived
2025-06-02,Madhya Pradesh,91.95,PPAC-derived
2025-06-02,Maharashtra,90.03,PPAC-IOC-metro
2025-06-02,Punjab,90.05,PPAC-derived
2025-06-02,Rajasthan,92.85,PPAC-derived
2025-06-02,Tamil Nadu,92.39,PPAC-IOC-metro
2025-06-02,Telangana,93.95,PPAC-derived
2025-06-02,Uttar Pradesh,88.65,PPAC-derived
2025-06-02,West Bengal,92.02,PPAC-IOC-metro
2025-06-03,Andhra Pradesh,95.15,PPAC-derived
2025-06-03,Delhi,87.67,PPAC-IOC-metro
2025-06-03,Gujarat,86.95,PPAC-derived
2025-06-03,Haryana,89.45,PPAC-derived
2025-06-03,Karnataka,91.65,PPAC-derived
2025-06-03,Madhya Pradesh,91.95,PPAC-derived
2025-06-03,Maharashtra,90.03,PPAC-IOC-metro
2025-06-03,Punjab,90.05,PPAC-derived
2025-06-03,Rajasthan,92.85,PPAC-derived
2025-06-03,Tamil Nadu,92.39,PPAC-IOC-metro
2025-06-03,Telangana,93.95,PPAC-derived
2025-06-03,Uttar Pradesh,88.65,PPAC-derived
2025-06-03,West Bengal,92.02,PPAC-IOC-metro
2025-06-04,Andhra Pradesh,95.15,PPAC-derived
2025-06-04,Delhi,87.67,PPAC-IOC-metro
2025-06-04,Gujarat,86.95,PPAC-derived
2025-06-04,Haryana,89.45,PPAC-derived
2025-06-04,Karnataka,91.65,PPAC-derived
2025-06-04,Madhya Pradesh,91.95,PPAC-derived
2025-06-04,Maharashtra,90.03,PPAC-IOC-metro
2025-06-04,Punjab,90.05,PPAC-derived
2025-06-04,Rajasthan,92.85,PPAC-derived
2025-06-04,Tamil Nadu,92.39,PPAC-IOC-metro
2025-06-04,Telangana,93.95,PPAC-derived
2025-06-04,Uttar Pradesh,88.65,PPAC-derived
2025-06-04,West Bengal,92.02,PPAC-IOC-metro
2025-06-05,Andhra Pradesh,95.15,PPAC-derived
2025-06-05,Delhi,87.67,PPAC-IOC-metro
2025-06-05,Gujarat,86.95,PPAC-derived
2025-06-05,Haryana,89.45,PPAC-derived
2025-06-05,Karnataka,91.65,PPAC-derived
2025-06-05,Madhya Pradesh,91.95,PPAC-derived
2025-06-05,Maharashtra,90.03,PPAC-IOC-metro
2025-06-05,Punjab,90.05,PPAC-derived
2025-06-05,Rajasthan,92.85,PPAC-derived
2025-06-05,Tamil Nadu,92.39,PPAC-IOC-metro
2025-06-05,Telangana,93.95,PPAC-derived
2025-06-05,Uttar Pradesh,88.65,PPAC-derived
2025-06-05,West Bengal,92.02,PPAC-IOC-metro
2025-06-06,Andhra Pradesh,95.15,PPAC-derived
2025-06-06,Delhi,87.67,PPAC-IOC-metro
2025-06-06,Gujarat,86.95,PPAC-derived
2025-06-06,Haryana,89.45,PPAC-derived
2025-06-06,Karnataka,91.65,PPAC-derived
2025-06-06,Madhya Pradesh,91.95,PPAC-derived
2025-06-06,Maharashtra,90.03,PPAC-IOC-metro
2025-06-06,Punjab,90.05,PPAC-derived
2025-06-06,Rajasthan,92.85,PPAC-derived
2025-06-06,Tamil Nadu,92.39,PPAC-IOC-metro
2025-06-06,Telangana,93.95,PPAC-derived
2025-06-06,Uttar Pradesh,88.65,PPAC-derived
2025-06-06,West Bengal,92.02,PPAC-IOC-metro
2025-06-07,Andhra Pradesh,95.15,PPAC-derived
2025-06-07,Delhi,87.67,PPAC-IOC-metro
2025-06-07,Gujarat,86.95,PPAC-derived
2025-06-07,Haryana,89.45,PPAC-derived
2025-06-07,Karnataka,91.65,PPAC-derived
2025-06-07,Madhya Pradesh,91.95,PPAC-derived
2025-06-07,Maharashtra,90.03,PPAC-IOC-metro
2025-06-07,Punjab,90.05,PPAC-derived
2025-06-07,Rajasthan,92.85,PPAC-derived
2025-06-07,Tamil Nadu,92.39,PPAC-IOC-metro
2025-06-07,Telangana,93.95,PPAC-derived
2025-06-07,Uttar Pradesh,88.65,PPAC-derived
2025-06-07,West Bengal,92.02,PPAC-IOC-metro
2025-06-08,Andhra Pradesh,95.15,PPAC-derived
2025-06-08,Delhi,87.67,PPAC-IOC-metro
2025-06-08,Gujarat,86.95,PPAC-derived
2025-06-08,Haryana,89.45,PPAC-derived
2025-06-08,Karnataka,91.65,PPAC-derived
2025-06-08,Madhya Pradesh,91.95,PPAC-derived
2025-06-08,Maharashtra,90.03,PPAC-IOC-metro
2025-06-08,Punjab,90.05,PPAC-derived
2025-06-08,Rajasthan,92.85,PPAC-derived
2025-06-08,Tamil Nadu,92.39,PPAC-IOC-metro
2025-06-08,Telangana,93.95,PPAC-derived
2025-06-08,Uttar Pradesh,88.65,PPAC-derived
2025-06-08,West Bengal,92.02,PPAC-IOC-metro
2025-06-09,Andhra Pradesh,95.15,PPAC-derived
2025-06-09,Delhi,87.67,PPAC-IOC-metro
2025-06-09,Gujarat,86.95,PPAC-derived
2025-06-09,Haryana,89.45,PPAC-derived
2025-06-09,Karnataka,91.65,PPAC-derived
2025-06-09,Madhya Pradesh,91.95,PPAC-derived
2025-06-09,Maharashtra,90.03,PPAC-IOC-metro
2025-06-09,Punjab,90.05,PPAC-derived
2025-06-09,Rajasthan,92.85,PPAC-derived
2025-06-09,Tamil Nadu,92.39,PPAC-IOC-metro
2025-06-09,Telangana,93.95,PPAC-derived
2025-06-09,Uttar Pradesh,88.65,PPAC-derived
2025-06-09,West Bengal,92.02,PPAC-IOC-metro
2025-06-10,Andhra Pradesh,95.15,PPAC-derived
2025-06-10,Delhi,87.67,PPAC-IOC-metro
2025-06-10,Gujarat,86.95,PPAC-derived
2025-06-10,Haryana,89.45,PPAC-derived
2025-06-10,Karnataka,91.65,PPAC-derived
2025-06-10,Madhya Pradesh,91.95,PPAC-derived
2025-06-10,Maharashtra,90.03,PPAC-IOC-metro
2025-06-10,Punjab,90.05,PPAC-derived
2025-06-10,Rajasthan,92.85,PPAC-derived
2025-06-10,Tamil Nadu,92.39,PPAC-IOC-metro
2025-06-10,Telangana,93.95,PPAC-derived
2025-06-10,Uttar Pradesh,88.65,PPAC-derived
2025-06-10,West Bengal,92.02,PPAC-IOC-metro
2025-06-11,Andhra Pradesh,95.15,PPAC-derived
2025-06-11,Delhi,87.67,PPAC-IOC-metro
2025-06-11,Gujarat,86.95,PPAC-derived
2025-06-11,Haryana,89.45,PPAC-derived
2025-06-11,Karnataka,91.65,PPAC-derived
2025-06-11,Madhya Pradesh,91.95,PPAC-derived
2025-06-11,Maharashtra,90.03,PPAC-IOC-metro
2025-06-11,Punjab,90.05,PPAC-derived
2025-06-11,Rajasthan,92.85,PPAC-derived
2025-06-11,Tamil Nadu,92.39,PPAC-IOC-metro
2025-06-11,Telangana,93.95,PPAC-derived
2025-06-11,Uttar Pradesh,88.65,PPAC-derived
2025-06-11,West Bengal,92.02,PPAC-IOC-metro
2025-06-12,Andhra Pradesh,95.15,PPAC-derived
2025-06-12,Delhi,87.67,PPAC-IOC-metro
2025-06-12,Gujarat,86.95,PPAC-derived
2025-06-12,Haryana,89.45,PPAC-derived
2025-06-12,Karnataka,91.65,PPAC-derived
2025-06-12,Madhya Pradesh,91.95,PPAC-derived
2025-06-12,Maharashtra,90.03,PPAC-IOC-metro
2025-06-12,Punjab,90.05,PPAC-derived
2025-06-12,Rajasthan,92.85,PPAC-derived
2025-06-12,Tamil Nadu,92.39,PPAC-IOC-metro
2025-06-12,Telangana,93.95,PPAC-derived
2025-06-12,Uttar Pradesh,88.65,PPAC-derived
2025-06-12,West Bengal,92.02,PPAC-IOC-metro
2025-06-13,Andhra Pradesh,95.15,PPAC-derived
2025-06-13,Delhi,87.67,PPAC-IOC-metro
2025-06-13,Gujarat,86.95,PPAC-derived
2025-06-13,Haryana,89.45,PPAC-derived
2025-06-13,Karnataka,91.65,PPAC-derived
2025-06-13,Madhya Pradesh,91.95,PPAC-derived
2025-06-13,Maharashtra,90.03,PPAC-IOC-metro
2025-06-13,Punjab,90.05,PPAC-derived
2025-06-13,Rajasthan,92.85,PPAC-derived
2025-06-13,Tamil Nadu,92.39,PPAC-IOC-metro
2025-06-13,Telangana,93.95,PPAC-derived
2025-06-13,Uttar Pradesh,88.65,PPAC-derived
2025-06-13,West Bengal,92.02,PPAC-IOC-metro
2025-06-14,Andhra Pradesh,95.15,PPAC-derived
2025-06-14,Delhi,87.67,PPAC-IOC-metro
2025-06-14,Gujarat,86.95,PPAC-derived
2025-06-14,Haryana,89.45,PPAC-derived
2025-06-14,Karnataka,91.65,PPAC-derived
2025-06-14,Madhya Pradesh,91.95,PPAC-derived
2025-06-14,Maharashtra,90.03,PPAC-IOC-metro
2025-06-14,Punjab,90.05,PPAC-derived
2025-06-14,Rajasthan,92.85,PPAC-derived
2025-06-14,Tamil Nadu,92.39,PPAC-IOC-metro
2025-06-14,Telangana,93.95,PPAC-derived
2025-06-14,Uttar Pradesh,88.65,PPAC-derived
2025-06-14,West Bengal,92.02,PPAC-IOC-metro
2025-06-15,Andhra Pradesh,95.15,PPAC-derived
2025-06-15,Delhi,87.67,PPAC-IOC-metro
2025-06-15,Gujarat,86.95,PPAC-derived
2025-06-15,Haryana,89.45,PPAC-derived
2025-06-15,Karnataka,91.65,PPAC-derived
2025-06-15,Madhya Pradesh,91.95,PPAC-derived
2025-06-15,Maharashtra,90.03,PPAC-IOC-metro
2025-06-15,Punjab,90.05,PPAC-derived
2025-06-15,Rajasthan,92.85,PPAC-derived
2025-06-15,Tamil Nadu,92.39,PPAC-IOC-metro
2025-06-15,Telangana,93.95,PPAC-derived
2025-06-15,Uttar Pradesh,88.65,PPAC-derived
2025-06-15,West Bengal,92.02,PPAC-IOC-metro
2025-06-16,Andhra Pradesh,95.15,PPAC-derived
2025-06-16,Delhi,87.67,PPAC-IOC-metro
2025-06-16,Gujarat,86.95,PPAC-derived
2025-06-16,Haryana,89.45,PPAC-derived
2025-06-16,Karnataka,91.65,PPAC-derived
2025-06-16,Madhya Pradesh,91.95,PPAC-derived
2025-06-16,Maharashtra,90.03,PPAC-IOC-metro
2025-06-16,Punjab,90.05,PPAC-derived
2025-06-16,Rajasthan,92.85,PPAC-derived
2025-06-16,Tamil Nadu,92.39,PPAC-IOC-metro
2025-06-16,Telangana,93.95,PPAC-derived
2025-06-16,Uttar Pradesh,88.65,PPAC-derived
2025-06-16,West Bengal,92.02,PPAC-IOC-metro
2025-06-17,Andhra Pradesh,95.15,PPAC-derived
2025-06-17,Delhi,87.67,PPAC-IOC-metro
2025-06-17,Gujarat,86.95,PPAC-derived
2025-06-17,Haryana,89.45,PPAC-derived
2025-06-17,Karnataka,91.65,PPAC-derived
2025-06-17,Madhya Pradesh,91.95,PPAC-derived
2025-06-17,Maharashtra,90.03,PPAC-IOC-metro
2025-06-17,Punjab,90.05,PPAC-derived
2025-06-17,Rajasthan,92.85,PPAC-derived
2025-06-17,Tamil Nadu,92.39,PPAC-IOC-metro
2025-06-17,Telangana,93.95,PPAC-derived
2025-06-17,Uttar Pradesh,88.65,PPAC-derived
2025-06-17,West Bengal,92.02,PPAC-IOC-metro
2025-06-18,Andhra Pradesh,95.15,PPAC-derived
2025-06-18,Delhi,87.67,PPAC-IOC-metro
2025-06-18,Gujarat,86.95,PPAC-derived
2025-06-18,Haryana,89.45,PPAC-derived
2025-06-18,Karnataka,91.65,PPAC-derived
2025-06-18,Madhya Pradesh,91.95,PPAC-derived
2025-06-18,Maharashtra,90.03,PPAC-IOC-metro
2025-06-18,Punjab,90.05,PPAC-derived
2025-06-18,Rajasthan,92.85,PPAC-derived
2025-06-18,Tamil Nadu,92.39,PPAC-IOC-metro
2025-06-18,Telangana,93.95,PPAC-derived
2025-06-18,Uttar Pradesh,88.65,PPAC-derived
2025-06-18,West Bengal,92.02,PPAC-IOC-metro
2025-06-19,Andhra Pradesh,95.15,PPAC-derived
2025-06-19,Delhi,87.67,PPAC-IOC-metro
2025-06-19,Gujarat,86.95,PPAC-derived
2025-06-19,Haryana,89.45,PPAC-derived
2025-06-19,Karnataka,91.65,PPAC-derived
2025-06-19,Madhya Pradesh,91.95,PPAC-derived
2025-06-19,Maharashtra,90.03,PPAC-IOC-metro
2025-06-19,Punjab,90.05,PPAC-derived
2025-06-19,Rajasthan,92.85,PPAC-derived
2025-06-19,Tamil Nadu,92.39,PPAC-IOC-metro
2025-06-19,Telangana,93.95,PPAC-derived
2025-06-19,Uttar Pradesh,88.65,PPAC-derived
2025-06-19,West Bengal,92.02,PPAC-IOC-metro
2025-06-20,Andhra Pradesh,95.15,PPAC-derived
2025-06-20,Delhi,87.67,PPAC-IOC-metro
2025-06-20,Gujarat,86.95,PPAC-derived
2025-06-20,Haryana,89.45,PPAC-derived
2025-06-20,Karnataka,91.65,PPAC-derived
2025-06-20,Madhya Pradesh,91.95,PPAC-derived
2025-06-20,Maharashtra,90.03,PPAC-IOC-metro
2025-06-20,Punjab,90.05,PPAC-derived
2025-06-20,Rajasthan,92.85,PPAC-derived
2025-06-20,Tamil Nadu,92.39,PPAC-IOC-metro
2025-06-20,Telangana,93.95,PPAC-derived
2025-06-20,Uttar Pradesh,88.65,PPAC-derived
2025-06-20,West Bengal,92.02,PPAC-IOC-metro
2025-06-21,Andhra Pradesh,95.15,PPAC-derived
2025-06-21,Delhi,87.67,PPAC-IOC-metro
2025-06-21,Gujarat,86.95,PPAC-derived
2025-06-21,Haryana,89.45,PPAC-derived
2025-06-21,Karnataka,91.65,PPAC-derived
2025-06-21,Madhya Pradesh,91.95,PPAC-derived
2025-06-21,Maharashtra,90.03,PPAC-IOC-metro
2025-06-21,Punjab,90.05,PPAC-derived
2025-06-21,Rajasthan,92.85,PPAC-derived
2025-06-21,Tamil Nadu,92.39,PPAC-IOC-metro
2025-06-21,Telangana,93.95,PPAC-derived
2025-06-21,Uttar Pradesh,88.65,PPAC-derived
2025-06-21,West Bengal,92.02,PPAC-IOC-metro
2025-06-22,Andhra Pradesh,95.15,PPAC-derived
2025-06-22,Delhi,87.67,PPAC-IOC-metro
2025-06-22,Gujarat,86.95,PPAC-derived
2025-06-22,Haryana,89.45,PPAC-derived
2025-06-22,Karnataka,91.65,PPAC-derived
2025-06-22,Madhya Pradesh,91.95,PPAC-derived
2025-06-22,Maharashtra,90.03,PPAC-IOC-metro
2025-06-22,Punjab,90.05,PPAC-derived
2025-06-22,Rajasthan,92.85,PPAC-derived
2025-06-22,Tamil Nadu,92.39,PPAC-IOC-metro
2025-06-22,Telangana,93.95,PPAC-derived
2025-06-22,Uttar Pradesh,88.65,PPAC-derived
2025-06-22,West Bengal,92.02,PPAC-IOC-metro
2025-06-23,Andhra Pradesh,95.15,PPAC-derived
2025-06-23,Delhi,87.67,PPAC-IOC-metro
2025-06-23,Gujarat,86.95,PPAC-derived
2025-06-23,Haryana,89.45,PPAC-derived
2025-06-23,Karnataka,91.65,PPAC-derived
2025-06-23,Madhya Pradesh,91.95,PPAC-derived
2025-06-23,Maharashtra,90.03,PPAC-IOC-metro
2025-06-23,Punjab,90.05,PPAC-derived
2025-06-23,Rajasthan,92.85,PPAC-derived
2025-06-23,Tamil Nadu,92.39,PPAC-IOC-metro
2025-06-23,Telangana,93.95,PPAC-derived
2025-06-23,Uttar Pradesh,88.65,PPAC-derived
2025-06-23,West Bengal,92.02,PPAC-IOC-metro
2025-06-24,Andhra Pradesh,95.15,PPAC-derived
2025-06-24,Delhi,87.67,PPAC-IOC-metro
2025-06-24,Gujarat,86.95,PPAC-derived
2025-06-24,Haryana,89.45,PPAC-derived
2025-06-24,Karnataka,91.65,PPAC-derived
2025-06-24,Madhya Pradesh,91.95,PPAC-derived
2025-06-24,Maharashtra,90.03,PPAC-IOC-metro
2025-06-24,Punjab,90.05,PPAC-derived
2025-06-24,Rajasthan,92.85,PPAC-derived
2025-06-24,Tamil Nadu,92.39,PPAC-IOC-metro
2025-06-24,Telangana,93.95,PPAC-derived
2025-06-24,Uttar Pradesh,88.65,PPAC-derived
2025-06-24,West Bengal,92.02,PPAC-IOC-metro
2025-06-25,Andhra Pradesh,95.15,PPAC-derived
2025-06-25,Delhi,87.67,PPAC-IOC-metro
2025-06-25,Gujarat,86.95,PPAC-derived
2025-06-25,Haryana,89.45,PPAC-derived
2025-06-25,Karnataka,91.65,PPAC-derived
2025-06-25,Madhya Pradesh,91.95,PPAC-derived
2025-06-25,Maharashtra,90.03,PPAC-IOC-metro
2025-06-25,Punjab,90.05,PPAC-derived
2025-06-25,Rajasthan,92.85,PPAC-derived
2025-06-25,Tamil Nadu,92.39,PPAC-IOC-metro
2025-06-25,Telangana,93.95,PPAC-derived
2025-06-25,Uttar Pradesh,88.65,PPAC-derived
2025-06-25,West Bengal,92.02,PPAC-IOC-metro
2025-06-26,Andhra Pradesh,95.15,PPAC-derived
2025-06-26,Delhi,87.67,PPAC-IOC-metro
2025-06-26,Gujarat,86.95,PPAC-derived
2025-06-26,Haryana,89.45,PPAC-derived
2025-06-26,Karnataka,91.65,PPAC-derived
2025-06-26,Madhya Pradesh,91.95,PPAC-derived
2025-06-26,Maharashtra,90.03,PPAC-IOC-metro
2025-06-26,Punjab,90.05,PPAC-derived
2025-06-26,Rajasthan,92.85,PPAC-derived
2025-06-26,Tamil Nadu,92.39,PPAC-IOC-metro
2025-06-26,Telangana,93.95,PPAC-derived
2025-06-26,Uttar Pradesh,88.65,PPAC-derived
2025-06-26,West Bengal,92.02,PPAC-IOC-metro
2025-06-27,Andhra Pradesh,95.15,PPAC-derived
2025-06-27,Delhi,87.67,PPAC-IOC-metro
2025-06-27,Gujarat,86.95,PPAC-derived
2025-06-27,Haryana,89.45,PPAC-derived
2025-06-27,Karnataka,91.65,PPAC-derived
2025-06-27,Madhya Pradesh,91.95,PPAC-derived
2025-06-27,Maharashtra,90.03,PPAC-IOC-metro
2025-06-27,Punjab,90.05,PPAC-derived
2025-06-27,Rajasthan,92.85,PPAC-derived
2025-06-27,Tamil Nadu,92.39,PPAC-IOC-metro
2025-06-27,Telangana,93.95,PPAC-derived
2025-06-27,Uttar Pradesh,88.65,PPAC-derived
2025-06-27,West Bengal,92.02,PPAC-IOC-metro
2025-06-28,Andhra Pradesh,95.15,PPAC-derived
2025-06-28,Delhi,87.67,PPAC-IOC-metro
2025-06-28,Gujarat,86.95,PPAC-derived
2025-06-28,Haryana,89.45,PPAC-derived
2025-06-28,Karnataka,91.65,PPAC-derived
2025-06-28,Madhya Pradesh,91.95,PPAC-derived
2025-06-28,Maharashtra,90.03,PPAC-IOC-metro
2025-06-28,Punjab,90.05,PPAC-derived
2025-06-28,Rajasthan,92.85,PPAC-derived
2025-06-28,Tamil Nadu,92.39,PPAC-IOC-metro
2025-06-28,Telangana,93.95,PPAC-derived
2025-06-28,Uttar Pradesh,88.65,PPAC-derived
2025-06-28,West Bengal,92.02,PPAC-IOC-metro
2025-06-29,Andhra Pradesh,95.15,PPAC-derived
2025-06-29,Delhi,87.67,PPAC-IOC-metro
2025-06-29,Gujarat,86.95,PPAC-derived
2025-06-29,Haryana,89.45,PPAC-derived
2025-06-29,Karnataka,91.65,PPAC-derived
2025-06-29,Madhya Pradesh,91.95,PPAC-derived
2025-06-29,Maharashtra,90.03,PPAC-IOC-metro
2025-06-29,Punjab,90.05,PPAC-derived
2025-06-29,Rajasthan,92.85,PPAC-derived
2025-06-29,Tamil Nadu,92.39,PPAC-IOC-metro
2025-06-29,Telangana,93.95,PPAC-derived
2025-06-29,Uttar Pradesh,88.65,PPAC-derived
2025-06-29,West Bengal,92.02,PPAC-IOC-metro
2025-06-30,Andhra Pradesh,95.15,PPAC-derived
2025-06-30,Delhi,87.67,PPAC-IOC-metro
2025-06-30,Gujarat,86.95,PPAC-derived
2025-06-30,Haryana,89.45,PPAC-derived
2025-06-30,Karnataka,91.65,PPAC-derived
2025-06-30,Madhya Pradesh,91.95,PPAC-derived
2025-06-30,Maharashtra,90.03,PPAC-IOC-metro
2025-06-30,Punjab,90.05,PPAC-derived
2025-06-30,Rajasthan,92.85,PPAC-derived
2025-06-30,Tamil Nadu,92.39,PPAC-IOC-metro
2025-06-30,Telangana,93.95,PPAC-derived
2025-06-30,Uttar Pradesh,88.65,PPAC-derived
2025-06-30,West Bengal,92.02,PPAC-IOC-metro
2025-07-01,Andhra Pradesh,95.15,PPAC-derived
2025-07-01,Delhi,87.67,PPAC-IOC-metro
2025-07-01,Gujarat,86.95,PPAC-derived
2025-07-01,Haryana,89.45,PPAC-derived
2025-07-01,Karnataka,91.65,PPAC-derived
2025-07-01,Madhya Pradesh,91.95,PPAC-derived
2025-07-01,Maharashtra,90.03,PPAC-IOC-metro
2025-07-01,Punjab,90.05,PPAC-derived
2025-07-01,Rajasthan,92.85,PPAC-derived
2025-07-01,Tamil Nadu,92.39,PPAC-IOC-metro
2025-07-01,Telangana,93.95,PPAC-derived
2025-07-01,Uttar Pradesh,88.65,PPAC-derived
2025-07-01,West Bengal,92.02,PPAC-IOC-metro
2025-07-02,Andhra Pradesh,95.15,PPAC-derived
2025-07-02,Delhi,87.67,PPAC-IOC-metro
2025-07-02,Gujarat,86.95,PPAC-derived
2025-07-02,Haryana,89.45,PPAC-derived
2025-07-02,Karnataka,91.65,PPAC-derived
2025-07-02,Madhya Pradesh,91.95,PPAC-derived
2025-07-02,Maharashtra,90.03,PPAC-IOC-metro
2025-07-02,Punjab,90.05,PPAC-derived
2025-07-02,Rajasthan,92.85,PPAC-derived
2025-07-02,Tamil Nadu,92.39,PPAC-IOC-metro
2025-07-02,Telangana,93.95,PPAC-derived
2025-07-02,Uttar Pradesh,88.65,PPAC-derived
2025-07-02,West Bengal,92.02,PPAC-IOC-metro
2025-07-03,Andhra Pradesh,95.15,PPAC-derived
2025-07-03,Delhi,87.67,PPAC-IOC-metro
2025-07-03,Gujarat,86.95,PPAC-derived
2025-07-03,Haryana,89.45,PPAC-derived
2025-07-03,Karnataka,91.65,PPAC-derived
2025-07-03,Madhya Pradesh,91.95,PPAC-derived
2025-07-03,Maharashtra,90.03,PPAC-IOC-metro
2025-07-03,Punjab,90.05,PPAC-derived
2025-07-03,Rajasthan,92.85,PPAC-derived
2025-07-03,Tamil Nadu,92.39,PPAC-IOC-metro
2025-07-03,Telangana,93.95,PPAC-derived
2025-07-03,Uttar Pradesh,88.65,PPAC-derived
2025-07-03,West Bengal,92.02,PPAC-IOC-metro
2025-07-04,Andhra Pradesh,95.15,PPAC-derived
2025-07-04,Delhi,87.67,PPAC-IOC-metro
2025-07-04,Gujarat,86.95,PPAC-derived
2025-07-04,Haryana,89.45,PPAC-derived
2025-07-04,Karnataka,91.65,PPAC-derived
2025-07-04,Madhya Pradesh,91.95,PPAC-derived
2025-07-04,Maharashtra,90.03,PPAC-IOC-metro
2025-07-04,Punjab,90.05,PPAC-derived
2025-07-04,Rajasthan,92.85,PPAC-derived
2025-07-04,Tamil Nadu,92.39,PPAC-IOC-metro
2025-07-04,Telangana,93.95,PPAC-derived
2025-07-04,Uttar Pradesh,88.65,PPAC-derived
2025-07-04,West Bengal,92.02,PPAC-IOC-metro
2025-07-05,Andhra Pradesh,95.15,PPAC-derived
2025-07-05,Delhi,87.67,PPAC-IOC-metro
2025-07-05,Gujarat,86.95,PPAC-derived
2025-07-05,Haryana,89.45,PPAC-derived
2025-07-05,Karnataka,91.65,PPAC-derived
2025-07-05,Madhya Pradesh,91.95,PPAC-derived
2025-07-05,Maharashtra,90.03,PPAC-IOC-metro
2025-07-05,Punjab,90.05,PPAC-derived
2025-07-05,Rajasthan,92.85,PPAC-derived
2025-07-05,Tamil Nadu,92.39,PPAC-IOC-metro
2025-07-05,Telangana,93.95,PPAC-derived
2025-07-05,Uttar Pradesh,88.65,PPAC-derived
2025-07-05,West Bengal,92.02,PPAC-IOC-metro
2025-07-06,Andhra Pradesh,95.15,PPAC-derived
2025-07-06,Delhi,87.67,PPAC-IOC-metro
2025-07-06,Gujarat,86.95,PPAC-derived
2025-07-06,Haryana,89.45,PPAC-derived
2025-07-06,Karnataka,91.65,PPAC-derived
2025-07-06,Madhya Pradesh,91.95,PPAC-derived
2025-07-06,Maharashtra,90.03,PPAC-IOC-metro
2025-07-06,Punjab,90.05,PPAC-derived
2025-07-06,Rajasthan,92.85,PPAC-derived
2025-07-06,Tamil Nadu,92.39,PPAC-IOC-metro
2025-07-06,Telangana,93.95,PPAC-derived
2025-07-06,Uttar Pradesh,88.65,PPAC-derived
2025-07-06,West Bengal,92.02,PPAC-IOC-metro
2025-07-07,Andhra Pradesh,95.15,PPAC-derived
2025-07-07,Delhi,87.67,PPAC-IOC-metro
2025-07-07,Gujarat,86.95,PPAC-derived
2025-07-07,Haryana,89.45,PPAC-derived
2025-07-07,Karnataka,91.65,PPAC-derived
2025-07-07,Madhya Pradesh,91.95,PPAC-derived
2025-07-07,Maharashtra,90.03,PPAC-IOC-metro
2025-07-07,Punjab,90.05,PPAC-derived
2025-07-07,Rajasthan,92.85,PPAC-derived
2025-07-07,Tamil Nadu,92.39,PPAC-IOC-metro
2025-07-07,Telangana,93.95,PPAC-derived
2025-07-07,Uttar Pradesh,88.65,PPAC-derived
2025-07-07,West Bengal,92.02,PPAC-IOC-metro
2025-07-08,Andhra Pradesh,95.15,PPAC-derived
2025-07-08,Delhi,87.67,PPAC-IOC-metro
2025-07-08,Gujarat,86.95,PPAC-derived
2025-07-08,Haryana,89.45,PPAC-derived
2025-07-08,Karnataka,91.65,PPAC-derived
2025-07-08,Madhya Pradesh,91.95,PPAC-derived
2025-07-08,Maharashtra,90.03,PPAC-IOC-metro
2025-07-08,Punjab,90.05,PPAC-derived
2025-07-08,Rajasthan,92.85,PPAC-derived
2025-07-08,Tamil Nadu,92.39,PPAC-IOC-metro
2025-07-08,Telangana,93.95,PPAC-derived
2025-07-08,Uttar Pradesh,88.65,PPAC-derived
2025-07-08,West Bengal,92.02,PPAC-IOC-metro
2025-07-09,Andhra Pradesh,95.15,PPAC-derived
2025-07-09,Delhi,87.67,PPAC-IOC-metro
2025-07-09,Gujarat,86.95,PPAC-derived
2025-07-09,Haryana,89.45,PPAC-derived
2025-07-09,Karnataka,91.65,PPAC-derived
2025-07-09,Madhya Pradesh,91.95,PPAC-derived
2025-07-09,Maharashtra,90.03,PPAC-IOC-metro
2025-07-09,Punjab,90.05,PPAC-derived
2025-07-09,Rajasthan,92.85,PPAC-derived
2025-07-09,Tamil Nadu,92.39,PPAC-IOC-metro
2025-07-09,Telangana,93.95,PPAC-derived
2025-07-09,Uttar Pradesh,88.65,PPAC-derived
2025-07-09,West Bengal,92.02,PPAC-IOC-metro
2025-07-10,Andhra Pradesh,95.15,PPAC-derived
2025-07-10,Delhi,87.67,PPAC-IOC-metro
2025-07-10,Gujarat,86.95,PPAC-derived
2025-07-10,Haryana,89.45,PPAC-derived
2025-07-10,Karnataka,91.65,PPAC-derived
2025-07-10,Madhya Pradesh,91.95,PPAC-derived
2025-07-10,Maharashtra,90.03,PPAC-IOC-metro
2025-07-10,Punjab,90.05,PPAC-derived
2025-07-10,Rajasthan,92.85,PPAC-derived
2025-07-10,Tamil Nadu,92.39,PPAC-IOC-metro
2025-07-10,Telangana,93.95,PPAC-derived
2025-07-10,Uttar Pradesh,88.65,PPAC-derived
2025-07-10,West Bengal,92.02,PPAC-IOC-metro
2025-07-11,Andhra Pradesh,95.15,PPAC-derived
2025-07-11,Delhi,87.67,PPAC-IOC-metro
2025-07-11,Gujarat,86.95,PPAC-derived
2025-07-11,Haryana,89.45,PPAC-derived
2025-07-11,Karnataka,91.65,PPAC-derived
2025-07-11,Madhya Pradesh,91.95,PPAC-derived
2025-07-11,Maharashtra,90.03,PPAC-IOC-metro
2025-07-11,Punjab,90.05,PPAC-derived
2025-07-11,Rajasthan,92.85,PPAC-derived
2025-07-11,Tamil Nadu,92.39,PPAC-IOC-metro
2025-07-11,Telangana,93.95,PPAC-derived
2025-07-11,Uttar Pradesh,88.65,PPAC-derived
2025-07-11,West Bengal,92.02,PPAC-IOC-metro
2025-07-12,Andhra Pradesh,95.15,PPAC-derived
2025-07-12,Delhi,87.67,PPAC-IOC-metro
2025-07-12,Gujarat,86.95,PPAC-derived
2025-07-12,Haryana,89.45,PPAC-derived
2025-07-12,Karnataka,91.65,PPAC-derived
2025-07-12,Madhya Pradesh,91.95,PPAC-derived
2025-07-12,Maharashtra,90.03,PPAC-IOC-metro
2025-07-12,Punjab,90.05,PPAC-derived
2025-07-12,Rajasthan,92.85,PPAC-derived
2025-07-12,Tamil Nadu,92.39,PPAC-IOC-metro
2025-07-12,Telangana,93.95,PPAC-derived
2025-07-12,Uttar Pradesh,88.65,PPAC-derived
2025-07-12,West Bengal,92.02,PPAC-IOC-metro
2025-07-13,Andhra Pradesh,95.15,PPAC-derived
2025-07-13,Delhi,87.67,PPAC-IOC-metro
2025-07-13,Gujarat,86.95,PPAC-derived
2025-07-13,Haryana,89.45,PPAC-derived
2025-07-13,Karnataka,91.65,PPAC-derived
2025-07-13,Madhya Pradesh,91.95,PPAC-derived
2025-07-13,Maharashtra,90.03,PPAC-IOC-metro
2025-07-13,Punjab,90.05,PPAC-derived
2025-07-13,Rajasthan,92.85,PPAC-derived
2025-07-13,Tamil Nadu,92.39,PPAC-IOC-metro
2025-07-13,Telangana,93.95,PPAC-derived
2025-07-13,Uttar Pradesh,88.65,PPAC-derived
2025-07-13,West Bengal,92.02,PPAC-IOC-metro
2025-07-14,Andhra Pradesh,95.15,PPAC-derived
2025-07-14,Delhi,87.67,PPAC-IOC-metro
2025-07-14,Gujarat,86.95,PPAC-derived
2025-07-14,Haryana,89.45,PPAC-derived
2025-07-14,Karnataka,91.65,PPAC-derived
2025-07-14,Madhya Pradesh,91.95,PPAC-derived
2025-07-14,Maharashtra,90.03,PPAC-IOC-metro
2025-07-14,Punjab,90.05,PPAC-derived
2025-07-14,Rajasthan,92.85,PPAC-derived
2025-07-14,Tamil Nadu,92.39,PPAC-IOC-metro
2025-07-14,Telangana,93.95,PPAC-derived
2025-07-14,Uttar Pradesh,88.65,PPAC-derived
2025-07-14,West Bengal,92.02,PPAC-IOC-metro
2025-07-15,Andhra Pradesh,95.15,PPAC-derived
2025-07-15,Delhi,87.67,PPAC-IOC-metro
2025-07-15,Gujarat,86.95,PPAC-derived
2025-07-15,Haryana,89.45,PPAC-derived
2025-07-15,Karnataka,91.65,PPAC-derived
2025-07-15,Madhya Pradesh,91.95,PPAC-derived
2025-07-15,Maharashtra,90.03,PPAC-IOC-metro
2025-07-15,Punjab,90.05,PPAC-derived
2025-07-15,Rajasthan,92.85,PPAC-derived
2025-07-15,Tamil Nadu,92.39,PPAC-IOC-metro
2025-07-15,Telangana,93.95,PPAC-derived
2025-07-15,Uttar Pradesh,88.65,PPAC-derived
2025-07-15,West Bengal,92.02,PPAC-IOC-metro
2025-07-16,Andhra Pradesh,95.15,PPAC-derived
2025-07-16,Delhi,87.67,PPAC-IOC-metro
2025-07-16,Gujarat,86.95,PPAC-derived
2025-07-16,Haryana,89.45,PPAC-derived
2025-07-16,Karnataka,91.65,PPAC-derived
2025-07-16,Madhya Pradesh,91.95,PPAC-derived
2025-07-16,Maharashtra,90.03,PPAC-IOC-metro
2025-07-16,Punjab,90.05,PPAC-derived
2025-07-16,Rajasthan,92.85,PPAC-derived
2025-07-16,Tamil Nadu,92.39,PPAC-IOC-metro
2025-07-16,Telangana,93.95,PPAC-derived
2025-07-16,Uttar Pradesh,88.65,PPAC-derived
2025-07-16,West Bengal,92.02,PPAC-IOC-metro
2025-07-17,Andhra Pradesh,95.15,PPAC-derived
2025-07-17,Delhi,87.67,PPAC-IOC-metro
2025-07-17,Gujarat,86.95,PPAC-derived
2025-07-17,Haryana,89.45,PPAC-derived
2025-07-17,Karnataka,91.65,PPAC-derived
2025-07-17,Madhya Pradesh,91.95,PPAC-derived
2025-07-17,Maharashtra,90.03,PPAC-IOC-metro
2025-07-17,Punjab,90.05,PPAC-derived
2025-07-17,Rajasthan,92.85,PPAC-derived
2025-07-17,Tamil Nadu,92.39,PPAC-IOC-metro
2025-07-17,Telangana,93.95,PPAC-derived
2025-07-17,Uttar Pradesh,88.65,PPAC-derived
2025-07-17,West Bengal,92.02,PPAC-IOC-metro
2025-07-18,Andhra Pradesh,95.15,PPAC-derived
2025-07-18,Delhi,87.67,PPAC-IOC-metro
2025-07-18,Gujarat,86.95,PPAC-derived
2025-07-18,Haryana,89.45,PPAC-derived
2025-07-18,Karnataka,91.65,PPAC-derived
2025-07-18,Madhya Pradesh,91.95,PPAC-derived
2025-07-18,Maharashtra,90.03,PPAC-IOC-metro
2025-07-18,Punjab,90.05,PPAC-derived
2025-07-18,Rajasthan,92.85,PPAC-derived
2025-07-18,Tamil Nadu,92.39,PPAC-IOC-metro
2025-07-18,Telangana,93.95,PPAC-derived
2025-07-18,Uttar Pradesh,88.65,PPAC-derived
2025-07-18,West Bengal,92.02,PPAC-IOC-metro
2025-07-19,Andhra Pradesh,95.15,PPAC-derived
2025-07-19,Delhi,87.67,PPAC-IOC-metro
2025-07-19,Gujarat,86.95,PPAC-derived
2025-07-19,Haryana,89.45,PPAC-derived
2025-07-19,Karnataka,91.65,PPAC-derived
2025-07-19,Madhya Pradesh,91.95,PPAC-derived
2025-07-19,Maharashtra,90.03,PPAC-IOC-metro
2025-07-19,Punjab,90.05,PPAC-derived
2025-07-19,Rajasthan,92.85,PPAC-derived
2025-07-19,Tamil Nadu,92.39,PPAC-IOC-metro
2025-07-19,Telangana,93.95,PPAC-derived
2025-07-19,Uttar Pradesh,88.65,PPAC-derived
2025-07-19,West Bengal,92.02,PPAC-IOC-metro
2025-07-20,Andhra Pradesh,95.15,PPAC-derived
2025-07-20,Delhi,87.67,PPAC-IOC-metro
2025-07-20,Gujarat,86.95,PPAC-derived
2025-07-20,Haryana,89.45,PPAC-derived
2025-07-20,Karnataka,91.65,PPAC-derived
2025-07-20,Madhya Pradesh,91.95,PPAC-derived
2025-07-20,Maharashtra,90.03,PPAC-IOC-metro
2025-07-20,Punjab,90.05,PPAC-derived
2025-07-20,Rajasthan,92.85,PPAC-derived
2025-07-20,Tamil Nadu,92.39,PPAC-IOC-metro
2025-07-20,Telangana,93.95,PPAC-derived
2025-07-20,Uttar Pradesh,88.65,PPAC-derived
2025-07-20,West Bengal,92.02,PPAC-IOC-metro
2025-07-21,Andhra Pradesh,95.15,PPAC-derived
2025-07-21,Delhi,87.67,PPAC-IOC-metro
2025-07-21,Gujarat,86.95,PPAC-derived
2025-07-21,Haryana,89.45,PPAC-derived
2025-07-21,Karnataka,91.65,PPAC-derived
2025-07-21,Madhya Pradesh,91.95,PPAC-derived
2025-07-21,Maharashtra,90.03,PPAC-IOC-metro
2025-07-21,Punjab,90.05,PPAC-derived
2025-07-21,Rajasthan,92.85,PPAC-derived
2025-07-21,Tamil Nadu,92.39,PPAC-IOC-metro
2025-07-21,Telangana,93.95,PPAC-derived
2025-07-21,Uttar Pradesh,88.65,PPAC-derived
2025-07-21,West Bengal,92.02,PPAC-IOC-metro
2025-07-22,Andhra Pradesh,95.15,PPAC-derived
2025-07-22,Delhi,87.67,PPAC-IOC-metro
2025-07-22,Gujarat,86.95,PPAC-derived
2025-07-22,Haryana,89.45,PPAC-derived
2025-07-22,Karnataka,91.65,PPAC-derived
2025-07-22,Madhya Pradesh,91.95,PPAC-derived
2025-07-22,Maharashtra,90.03,PPAC-IOC-metro
2025-07-22,Punjab,90.05,PPAC-derived
2025-07-22,Rajasthan,92.85,PPAC-derived
2025-07-22,Tamil Nadu,92.39,PPAC-IOC-metro
2025-07-22,Telangana,93.95,PPAC-derived
2025-07-22,Uttar Pradesh,88.65,PPAC-derived
2025-07-22,West Bengal,92.02,PPAC-IOC-metro
2025-07-23,Andhra Pradesh,95.15,PPAC-derived
2025-07-23,Delhi,87.67,PPAC-IOC-metro
2025-07-23,Gujarat,86.95,PPAC-derived
2025-07-23,Haryana,89.45,PPAC-derived
2025-07-23,Karnataka,91.65,PPAC-derived
2025-07-23,Madhya Pradesh,91.95,PPAC-derived
2025-07-23,Maharashtra,90.03,PPAC-IOC-metro
2025-07-23,Punjab,90.05,PPAC-derived
2025-07-23,Rajasthan,92.85,PPAC-derived
2025-07-23,Tamil Nadu,92.39,PPAC-IOC-metro
2025-07-23,Telangana,93.95,PPAC-derived
2025-07-23,Uttar Pradesh,88.65,PPAC-derived
2025-07-23,West Bengal,92.02,PPAC-IOC-metro
2025-07-24,Andhra Pradesh,95.15,PPAC-derived
2025-07-24,Delhi,87.67,PPAC-IOC-metro
2025-07-24,Gujarat,86.95,PPAC-derived
2025-07-24,Haryana,89.45,PPAC-derived
2025-07-24,Karnataka,91.65,PPAC-derived
2025-07-24,Madhya Pradesh,91.95,PPAC-derived
2025-07-24,Maharashtra,90.03,PPAC-IOC-metro
2025-07-24,Punjab,90.05,PPAC-derived
2025-07-24,Rajasthan,92.85,PPAC-derived
2025-07-24,Tamil Nadu,92.39,PPAC-IOC-metro
2025-07-24,Telangana,93.95,PPAC-derived
2025-07-24,Uttar Pradesh,88.65,PPAC-derived
2025-07-24,West Bengal,92.02,PPAC-IOC-metro
2025-07-25,Andhra Pradesh,95.15,PPAC-derived
2025-07-25,Delhi,87.67,PPAC-IOC-metro
2025-07-25,Gujarat,86.95,PPAC-derived
2025-07-25,Haryana,89.45,PPAC-derived
2025-07-25,Karnataka,91.65,PPAC-derived
2025-07-25,Madhya Pradesh,91.95,PPAC-derived
2025-07-25,Maharashtra,90.03,PPAC-IOC-metro
2025-07-25,Punjab,90.05,PPAC-derived
2025-07-25,Rajasthan,92.85,PPAC-derived
2025-07-25,Tamil Nadu,92.39,PPAC-IOC-metro
2025-07-25,Telangana,93.95,PPAC-derived
2025-07-25,Uttar Pradesh,88.65,PPAC-derived
2025-07-25,West Bengal,92.02,PPAC-IOC-metro
2025-07-26,Andhra Pradesh,95.15,PPAC-derived
2025-07-26,Delhi,87.67,PPAC-IOC-metro
2025-07-26,Gujarat,86.95,PPAC-derived
2025-07-26,Haryana,89.45,PPAC-derived
2025-07-26,Karnataka,91.65,PPAC-derived
2025-07-26,Madhya Pradesh,91.95,PPAC-derived
2025-07-26,Maharashtra,90.03,PPAC-IOC-metro
2025-07-26,Punjab,90.05,PPAC-derived
2025-07-26,Rajasthan,92.85,PPAC-derived
2025-07-26,Tamil Nadu,92.39,PPAC-IOC-metro
2025-07-26,Telangana,93.95,PPAC-derived
2025-07-26,Uttar Pradesh,88.65,PPAC-derived
2025-07-26,West Bengal,92.02,PPAC-IOC-metro
2025-07-27,Andhra Pradesh,95.15,PPAC-derived
2025-07-27,Delhi,87.67,PPAC-IOC-metro
2025-07-27,Gujarat,86.95,PPAC-derived
2025-07-27,Haryana,89.45,PPAC-derived
2025-07-27,Karnataka,91.65,PPAC-derived
2025-07-27,Madhya Pradesh,91.95,PPAC-derived
2025-07-27,Maharashtra,90.03,PPAC-IOC-metro
2025-07-27,Punjab,90.05,PPAC-derived
2025-07-27,Rajasthan,92.85,PPAC-derived
2025-07-27,Tamil Nadu,92.39,PPAC-IOC-metro
2025-07-27,Telangana,93.95,PPAC-derived
2025-07-27,Uttar Pradesh,88.65,PPAC-derived
2025-07-27,West Bengal,92.02,PPAC-IOC-metro
2025-07-28,Andhra Pradesh,95.15,PPAC-derived
2025-07-28,Delhi,87.67,PPAC-IOC-metro
2025-07-28,Gujarat,86.95,PPAC-derived
2025-07-28,Haryana,89.45,PPAC-derived
2025-07-28,Karnataka,91.65,PPAC-derived
2025-07-28,Madhya Pradesh,91.95,PPAC-derived
2025-07-28,Maharashtra,90.03,PPAC-IOC-metro
2025-07-28,Punjab,90.05,PPAC-derived
2025-07-28,Rajasthan,92.85,PPAC-derived
2025-07-28,Tamil Nadu,92.39,PPAC-IOC-metro
2025-07-28,Telangana,93.95,PPAC-derived
2025-07-28,Uttar Pradesh,88.65,PPAC-derived
2025-07-28,West Bengal,92.02,PPAC-IOC-metro
2025-07-29,Andhra Pradesh,95.15,PPAC-derived
2025-07-29,Delhi,87.67,PPAC-IOC-metro
2025-07-29,Gujarat,86.95,PPAC-derived
2025-07-29,Haryana,89.45,PPAC-derived
2025-07-29,Karnataka,91.65,PPAC-derived
2025-07-29,Madhya Pradesh,91.95,PPAC-derived
2025-07-29,Maharashtra,90.03,PPAC-IOC-metro
2025-07-29,Punjab,90.05,PPAC-derived
2025-07-29,Rajasthan,92.85,PPAC-derived
2025-07-29,Tamil Nadu,92.39,PPAC-IOC-metro
2025-07-29,Telangana,93.95,PPAC-derived
2025-07-29,Uttar Pradesh,88.65,PPAC-derived
2025-07-29,West Bengal,92.02,PPAC-IOC-metro
2025-07-30,Andhra Pradesh,95.15,PPAC-derived
2025-07-30,Delhi,87.67,PPAC-IOC-metro
2025-07-30,Gujarat,86.95,PPAC-derived
2025-07-30,Haryana,89.45,PPAC-derived
2025-07-30,Karnataka,91.65,PPAC-derived
2025-07-30,Madhya Pradesh,91.95,PPAC-derived
2025-07-30,Maharashtra,90.03,PPAC-IOC-metro
2025-07-30,Punjab,90.05,PPAC-derived
2025-07-30,Rajasthan,92.85,PPAC-derived
2025-07-30,Tamil Nadu,92.39,PPAC-IOC-metro
2025-07-30,Telangana,93.95,PPAC-derived
2025-07-30,Uttar Pradesh,88.65,PPAC-derived
2025-07-30,West Bengal,92.02,PPAC-IOC-metro
2025-07-31,Andhra Pradesh,95.15,PPAC-derived
2025-07-31,Delhi,87.67,PPAC-IOC-metro
2025-07-31,Gujarat,86.95,PPAC-derived
2025-07-31,Haryana,89.45,PPAC-derived
2025-07-31,Karnataka,91.65,PPAC-derived
2025-07-31,Madhya Pradesh,91.95,PPAC-derived
2025-07-31,Maharashtra,90.03,PPAC-IOC-metro
2025-07-31,Punjab,90.05,PPAC-derived
2025-07-31,Rajasthan,92.85,PPAC-derived
2025-07-31,Tamil Nadu,92.39,PPAC-IOC-metro
2025-07-31,Telangana,93.95,PPAC-derived
2025-07-31,Uttar Pradesh,88.65,PPAC-derived
2025-07-31,West Bengal,92.02,PPAC-IOC-metro
2025-08-01,Andhra Pradesh,95.15,PPAC-derived
2025-08-01,Delhi,87.67,PPAC-IOC-metro
2025-08-01,Gujarat,86.95,PPAC-derived
2025-08-01,Haryana,89.45,PPAC-derived
2025-08-01,Karnataka,91.65,PPAC-derived
2025-08-01,Madhya Pradesh,91.95,PPAC-derived
2025-08-01,Maharashtra,90.03,PPAC-IOC-metro
2025-08-01,Punjab,90.05,PPAC-derived
2025-08-01,Rajasthan,92.85,PPAC-derived
2025-08-01,Tamil Nadu,92.39,PPAC-IOC-metro
2025-08-01,Telangana,93.95,PPAC-derived
2025-08-01,Uttar Pradesh,88.65,PPAC-derived
2025-08-01,West Bengal,92.02,PPAC-IOC-metro
2025-08-02,Andhra Pradesh,95.15,PPAC-derived
2025-08-02,Delhi,87.67,PPAC-IOC-metro
2025-08-02,Gujarat,86.95,PPAC-derived
2025-08-02,Haryana,89.45,PPAC-derived
2025-08-02,Karnataka,91.65,PPAC-derived
2025-08-02,Madhya Pradesh,91.95,PPAC-derived
2025-08-02,Maharashtra,90.03,PPAC-IOC-metro
2025-08-02,Punjab,90.05,PPAC-derived
2025-08-02,Rajasthan,92.85,PPAC-derived
2025-08-02,Tamil Nadu,92.39,PPAC-IOC-metro
2025-08-02,Telangana,93.95,PPAC-derived
2025-08-02,Uttar Pradesh,88.65,PPAC-derived
2025-08-02,West Bengal,92.02,PPAC-IOC-metro
2025-08-03,Andhra Pradesh,95.15,PPAC-derived
2025-08-03,Delhi,87.67,PPAC-IOC-metro
2025-08-03,Gujarat,86.95,PPAC-derived
2025-08-03,Haryana,89.45,PPAC-derived
2025-08-03,Karnataka,91.65,PPAC-derived
2025-08-03,Madhya Pradesh,91.95,PPAC-derived
2025-08-03,Maharashtra,90.03,PPAC-IOC-metro
2025-08-03,Punjab,90.05,PPAC-derived
2025-08-03,Rajasthan,92.85,PPAC-derived
2025-08-03,Tamil Nadu,92.39,PPAC-IOC-metro
2025-08-03,Telangana,93.95,PPAC-derived
2025-08-03,Uttar Pradesh,88.65,PPAC-derived
2025-08-03,West Bengal,92.02,PPAC-IOC-metro
2025-08-04,Andhra Pradesh,95.15,PPAC-derived
2025-08-04,Delhi,87.67,PPAC-IOC-metro
2025-08-04,Gujarat,86.95,PPAC-derived
2025-08-04,Haryana,89.45,PPAC-derived
2025-08-04,Karnataka,91.65,PPAC-derived
2025-08-04,Madhya Pradesh,91.95,PPAC-derived
2025-08-04,Maharashtra,90.03,PPAC-IOC-metro
2025-08-04,Punjab,90.05,PPAC-derived
2025-08-04,Rajasthan,92.85,PPAC-derived
2025-08-04,Tamil Nadu,92.39,PPAC-IOC-metro
2025-08-04,Telangana,93.95,PPAC-derived
2025-08-04,Uttar Pradesh,88.65,PPAC-derived
2025-08-04,West Bengal,92.02,PPAC-IOC-metro
2025-08-05,Andhra Pradesh,95.15,PPAC-derived
2025-08-05,Delhi,87.67,PPAC-IOC-metro
2025-08-05,Gujarat,86.95,PPAC-derived
2025-08-05,Haryana,89.45,PPAC-derived
2025-08-05,Karnataka,91.65,PPAC-derived
2025-08-05,Madhya Pradesh,91.95,PPAC-derived
2025-08-05,Maharashtra,90.03,PPAC-IOC-metro
2025-08-05,Punjab,90.05,PPAC-derived
2025-08-05,Rajasthan,92.85,PPAC-derived
2025-08-05,Tamil Nadu,92.39,PPAC-IOC-metro
2025-08-05,Telangana,93.95,PPAC-derived
2025-08-05,Uttar Pradesh,88.65,PPAC-derived
2025-08-05,West Bengal,92.02,PPAC-IOC-metro
2025-08-06,Andhra Pradesh,95.15,PPAC-derived
2025-08-06,Delhi,87.67,PPAC-IOC-metro
2025-08-06,Gujarat,86.95,PPAC-derived
2025-08-06,Haryana,89.45,PPAC-derived
2025-08-06,Karnataka,91.65,PPAC-derived
2025-08-06,Madhya Pradesh,91.95,PPAC-derived
2025-08-06,Maharashtra,90.03,PPAC-IOC-metro
2025-08-06,Punjab,90.05,PPAC-derived
2025-08-06,Rajasthan,92.85,PPAC-derived
2025-08-06,Tamil Nadu,92.39,PPAC-IOC-metro
2025-08-06,Telangana,93.95,PPAC-derived
2025-08-06,Uttar Pradesh,88.65,PPAC-derived
2025-08-06,West Bengal,92.02,PPAC-IOC-metro
2025-08-07,Andhra Pradesh,95.15,PPAC-derived
2025-08-07,Delhi,87.67,PPAC-IOC-metro
2025-08-07,Gujarat,86.95,PPAC-derived
2025-08-07,Haryana,89.45,PPAC-derived
2025-08-07,Karnataka,91.65,PPAC-derived
2025-08-07,Madhya Pradesh,91.95,PPAC-derived
2025-08-07,Maharashtra,90.03,PPAC-IOC-metro
2025-08-07,Punjab,90.05,PPAC-derived
2025-08-07,Rajasthan,92.85,PPAC-derived
2025-08-07,Tamil Nadu,92.39,PPAC-IOC-metro
2025-08-07,Telangana,93.95,PPAC-derived
2025-08-07,Uttar Pradesh,88.65,PPAC-derived
2025-08-07,West Bengal,92.02,PPAC-IOC-metro
2025-08-08,Andhra Pradesh,95.15,PPAC-derived
2025-08-08,Delhi,87.67,PPAC-IOC-metro
2025-08-08,Gujarat,86.95,PPAC-derived
2025-08-08,Haryana,89.45,PPAC-derived
2025-08-08,Karnataka,91.65,PPAC-derived
2025-08-08,Madhya Pradesh,91.95,PPAC-derived
2025-08-08,Maharashtra,90.03,PPAC-IOC-metro
2025-08-08,Punjab,90.05,PPAC-derived
2025-08-08,Rajasthan,92.85,PPAC-derived
2025-08-08,Tamil Nadu,92.39,PPAC-IOC-metro
2025-08-08,Telangana,93.95,PPAC-derived
2025-08-08,Uttar Pradesh,88.65,PPAC-derived
2025-08-08,West Bengal,92.02,PPAC-IOC-metro
2025-08-09,Andhra Pradesh,95.15,PPAC-derived
2025-08-09,Delhi,87.67,PPAC-IOC-metro
2025-08-09,Gujarat,86.95,PPAC-derived
2025-08-09,Haryana,89.45,PPAC-derived
2025-08-09,Karnataka,91.65,PPAC-derived
2025-08-09,Madhya Pradesh,91.95,PPAC-derived
2025-08-09,Maharashtra,90.03,PPAC-IOC-metro
2025-08-09,Punjab,90.05,PPAC-derived
2025-08-09,Rajasthan,92.85,PPAC-derived
2025-08-09,Tamil Nadu,92.39,PPAC-IOC-metro
2025-08-09,Telangana,93.95,PPAC-derived
2025-08-09,Uttar Pradesh,88.65,PPAC-derived
2025-08-09,West Bengal,92.02,PPAC-IOC-metro
2025-08-10,Andhra Pradesh,95.15,PPAC-derived
2025-08-10,Delhi,87.67,PPAC-IOC-metro
2025-08-10,Gujarat,86.95,PPAC-derived
2025-08-10,Haryana,89.45,PPAC-derived
2025-08-10,Karnataka,91.65,PPAC-derived
2025-08-10,Madhya Pradesh,91.95,PPAC-derived
2025-08-10,Maharashtra,90.03,PPAC-IOC-metro
2025-08-10,Punjab,90.05,PPAC-derived
2025-08-10,Rajasthan,92.85,PPAC-derived
2025-08-10,Tamil Nadu,92.39,PPAC-IOC-metro
2025-08-10,Telangana,93.95,PPAC-derived
2025-08-10,Uttar Pradesh,88.65,PPAC-derived
2025-08-10,West Bengal,92.02,PPAC-IOC-metro
2025-08-11,Andhra Pradesh,95.15,PPAC-derived
2025-08-11,Delhi,87.67,PPAC-IOC-metro
2025-08-11,Gujarat,86.95,PPAC-derived
2025-08-11,Haryana,89.45,PPAC-derived
2025-08-11,Karnataka,91.65,PPAC-derived
2025-08-11,Madhya Pradesh,91.95,PPAC-derived
2025-08-11,Maharashtra,90.03,PPAC-IOC-metro
2025-08-11,Punjab,90.05,PPAC-derived
2025-08-11,Rajasthan,92.85,PPAC-derived
2025-08-11,Tamil Nadu,92.39,PPAC-IOC-metro
2025-08-11,Telangana,93.95,PPAC-derived
2025-08-11,Uttar Pradesh,88.65,PPAC-derived
2025-08-11,West Bengal,92.02,PPAC-IOC-metro
2025-08-12,Andhra Pradesh,95.15,PPAC-derived
2025-08-12,Delhi,87.67,PPAC-IOC-metro
2025-08-12,Gujarat,86.95,PPAC-derived
2025-08-12,Haryana,89.45,PPAC-derived
2025-08-12,Karnataka,91.65,PPAC-derived
2025-08-12,Madhya Pradesh,91.95,PPAC-derived
2025-08-12,Maharashtra,90.03,PPAC-IOC-metro
2025-08-12,Punjab,90.05,PPAC-derived
2025-08-12,Rajasthan,92.85,PPAC-derived
2025-08-12,Tamil Nadu,92.39,PPAC-IOC-metro
2025-08-12,Telangana,93.95,PPAC-derived
2025-08-12,Uttar Pradesh,88.65,PPAC-derived
2025-08-12,West Bengal,92.02,PPAC-IOC-metro
2025-08-13,Andhra Pradesh,95.15,PPAC-derived
2025-08-13,Delhi,87.67,PPAC-IOC-metro
2025-08-13,Gujarat,86.95,PPAC-derived
2025-08-13,Haryana,89.45,PPAC-derived
2025-08-13,Karnataka,91.65,PPAC-derived
2025-08-13,Madhya Pradesh,91.95,PPAC-derived
2025-08-13,Maharashtra,90.03,PPAC-IOC-metro
2025-08-13,Punjab,90.05,PPAC-derived
2025-08-13,Rajasthan,92.85,PPAC-derived
2025-08-13,Tamil Nadu,92.39,PPAC-IOC-metro
2025-08-13,Telangana,93.95,PPAC-derived
2025-08-13,Uttar Pradesh,88.65,PPAC-derived
2025-08-13,West Bengal,92.02,PPAC-IOC-metro
2025-08-14,Andhra Pradesh,95.15,PPAC-derived
2025-08-14,Delhi,87.67,PPAC-IOC-metro
2025-08-14,Gujarat,86.95,PPAC-derived
2025-08-14,Haryana,89.45,PPAC-derived
2025-08-14,Karnataka,91.65,PPAC-derived
2025-08-14,Madhya Pradesh,91.95,PPAC-derived
2025-08-14,Maharashtra,90.03,PPAC-IOC-metro
2025-08-14,Punjab,90.05,PPAC-derived
2025-08-14,Rajasthan,92.85,PPAC-derived
2025-08-14,Tamil Nadu,92.39,PPAC-IOC-metro
2025-08-14,Telangana,93.95,PPAC-derived
2025-08-14,Uttar Pradesh,88.65,PPAC-derived
2025-08-14,West Bengal,92.02,PPAC-IOC-metro
2025-08-15,Andhra Pradesh,95.15,PPAC-derived
2025-08-15,Delhi,87.67,PPAC-IOC-metro
2025-08-15,Gujarat,86.95,PPAC-derived
2025-08-15,Haryana,89.45,PPAC-derived
2025-08-15,Karnataka,91.65,PPAC-derived
2025-08-15,Madhya Pradesh,91.95,PPAC-derived
2025-08-15,Maharashtra,90.03,PPAC-IOC-metro
2025-08-15,Punjab,90.05,PPAC-derived
2025-08-15,Rajasthan,92.85,PPAC-derived
2025-08-15,Tamil Nadu,92.39,PPAC-IOC-metro
2025-08-15,Telangana,93.95,PPAC-derived
2025-08-15,Uttar Pradesh,88.65,PPAC-derived
2025-08-15,West Bengal,92.02,PPAC-IOC-metro
2025-08-16,Andhra Pradesh,95.15,PPAC-derived
2025-08-16,Delhi,87.67,PPAC-IOC-metro
2025-08-16,Gujarat,86.95,PPAC-derived
2025-08-16,Haryana,89.45,PPAC-derived
2025-08-16,Karnataka,91.65,PPAC-derived
2025-08-16,Madhya Pradesh,91.95,PPAC-derived
2025-08-16,Maharashtra,90.03,PPAC-IOC-metro
2025-08-16,Punjab,90.05,PPAC-derived
2025-08-16,Rajasthan,92.85,PPAC-derived
2025-08-16,Tamil Nadu,92.39,PPAC-IOC-metro
2025-08-16,Telangana,93.95,PPAC-derived
2025-08-16,Uttar Pradesh,88.65,PPAC-derived
2025-08-16,West Bengal,92.02,PPAC-IOC-metro
2025-08-17,Andhra Pradesh,95.15,PPAC-derived
2025-08-17,Delhi,87.67,PPAC-IOC-metro
2025-08-17,Gujarat,86.95,PPAC-derived
2025-08-17,Haryana,89.45,PPAC-derived
2025-08-17,Karnataka,91.65,PPAC-derived
2025-08-17,Madhya Pradesh,91.95,PPAC-derived
2025-08-17,Maharashtra,90.03,PPAC-IOC-metro
2025-08-17,Punjab,90.05,PPAC-derived
2025-08-17,Rajasthan,92.85,PPAC-derived
2025-08-17,Tamil Nadu,92.39,PPAC-IOC-metro
2025-08-17,Telangana,93.95,PPAC-derived
2025-08-17,Uttar Pradesh,88.65,PPAC-derived
2025-08-17,West Bengal,92.02,PPAC-IOC-metro
2025-08-18,Andhra Pradesh,95.15,PPAC-derived
2025-08-18,Delhi,87.67,PPAC-IOC-metro
2025-08-18,Gujarat,86.95,PPAC-derived
2025-08-18,Haryana,89.45,PPAC-derived
2025-08-18,Karnataka,91.65,PPAC-derived
2025-08-18,Madhya Pradesh,91.95,PPAC-derived
2025-08-18,Maharashtra,90.03,PPAC-IOC-metro
2025-08-18,Punjab,90.05,PPAC-derived
2025-08-18,Rajasthan,92.85,PPAC-derived
2025-08-18,Tamil Nadu,92.39,PPAC-IOC-metro
2025-08-18,Telangana,93.95,PPAC-derived
2025-08-18,Uttar Pradesh,88.65,PPAC-derived
2025-08-18,West Bengal,92.02,PPAC-IOC-metro
2025-08-19,Andhra Pradesh,95.15,PPAC-derived
2025-08-19,Delhi,87.67,PPAC-IOC-metro
2025-08-19,Gujarat,86.95,PPAC-derived
2025-08-19,Haryana,89.45,PPAC-derived
2025-08-19,Karnataka,91.65,PPAC-derived
2025-08-19,Madhya Pradesh,91.95,PPAC-derived
2025-08-19,Maharashtra,90.03,PPAC-IOC-metro
2025-08-19,Punjab,90.05,PPAC-derived
2025-08-19,Rajasthan,92.85,PPAC-derived
2025-08-19,Tamil Nadu,92.39,PPAC-IOC-metro
2025-08-19,Telangana,93.95,PPAC-derived
2025-08-19,Uttar Pradesh,88.65,PPAC-derived
2025-08-19,West Bengal,92.02,PPAC-IOC-metro
2025-08-20,Andhra Pradesh,95.15,PPAC-derived
2025-08-20,Delhi,87.67,PPAC-IOC-metro
2025-08-20,Gujarat,86.95,PPAC-derived
2025-08-20,Haryana,89.45,PPAC-derived
2025-08-20,Karnataka,91.65,PPAC-derived
2025-08-20,Madhya Pradesh,91.95,PPAC-derived
2025-08-20,Maharashtra,90.03,PPAC-IOC-metro
2025-08-20,Punjab,90.05,PPAC-derived
2025-08-20,Rajasthan,92.85,PPAC-derived
2025-08-20,Tamil Nadu,92.39,PPAC-IOC-metro
2025-08-20,Telangana,93.95,PPAC-derived
2025-08-20,Uttar Pradesh,88.65,PPAC-derived
2025-08-20,West Bengal,92.02,PPAC-IOC-metro
2025-08-21,Andhra Pradesh,95.15,PPAC-derived
2025-08-21,Delhi,87.67,PPAC-IOC-metro
2025-08-21,Gujarat,86.95,PPAC-derived
2025-08-21,Haryana,89.45,PPAC-derived
2025-08-21,Karnataka,91.65,PPAC-derived
2025-08-21,Madhya Pradesh,91.95,PPAC-derived
2025-08-21,Maharashtra,90.03,PPAC-IOC-metro
2025-08-21,Punjab,90.05,PPAC-derived
2025-08-21,Rajasthan,92.85,PPAC-derived
2025-08-21,Tamil Nadu,92.39,PPAC-IOC-metro
2025-08-21,Telangana,93.95,PPAC-derived
2025-08-21,Uttar Pradesh,88.65,PPAC-derived
2025-08-21,West Bengal,92.02,PPAC-IOC-metro
2025-08-22,Andhra Pradesh,95.15,PPAC-derived
2025-08-22,Delhi,87.67,PPAC-IOC-metro
2025-08-22,Gujarat,86.95,PPAC-derived
2025-08-22,Haryana,89.45,PPAC-derived
2025-08-22,Karnataka,91.65,PPAC-derived
2025-08-22,Madhya Pradesh,91.95,PPAC-derived
2025-08-22,Maharashtra,90.03,PPAC-IOC-metro
2025-08-22,Punjab,90.05,PPAC-derived
2025-08-22,Rajasthan,92.85,PPAC-derived
2025-08-22,Tamil Nadu,92.39,PPAC-IOC-metro
2025-08-22,Telangana,93.95,PPAC-derived
2025-08-22,Uttar Pradesh,88.65,PPAC-derived
2025-08-22,West Bengal,92.02,PPAC-IOC-metro
2025-08-23,Andhra Pradesh,95.15,PPAC-derived
2025-08-23,Delhi,87.67,PPAC-IOC-metro
2025-08-23,Gujarat,86.95,PPAC-derived
2025-08-23,Haryana,89.45,PPAC-derived
2025-08-23,Karnataka,91.65,PPAC-derived
2025-08-23,Madhya Pradesh,91.95,PPAC-derived
2025-08-23,Maharashtra,90.03,PPAC-IOC-metro
2025-08-23,Punjab,90.05,PPAC-derived
2025-08-23,Rajasthan,92.85,PPAC-derived
2025-08-23,Tamil Nadu,92.39,PPAC-IOC-metro
2025-08-23,Telangana,93.95,PPAC-derived
2025-08-23,Uttar Pradesh,88.65,PPAC-derived
2025-08-23,West Bengal,92.02,PPAC-IOC-metro
2025-08-24,Andhra Pradesh,95.15,PPAC-derived
2025-08-24,Delhi,87.67,PPAC-IOC-metro
2025-08-24,Gujarat,86.95,PPAC-derived
2025-08-24,Haryana,89.45,PPAC-derived
2025-08-24,Karnataka,91.65,PPAC-derived
2025-08-24,Madhya Pradesh,91.95,PPAC-derived
2025-08-24,Maharashtra,90.03,PPAC-IOC-metro
2025-08-24,Punjab,90.05,PPAC-derived
2025-08-24,Rajasthan,92.85,PPAC-derived
2025-08-24,Tamil Nadu,92.39,PPAC-IOC-metro
2025-08-24,Telangana,93.95,PPAC-derived
2025-08-24,Uttar Pradesh,88.65,PPAC-derived
2025-08-24,West Bengal,92.02,PPAC-IOC-metro
2025-08-25,Andhra Pradesh,95.15,PPAC-derived
2025-08-25,Delhi,87.67,PPAC-IOC-metro
2025-08-25,Gujarat,86.95,PPAC-derived
2025-08-25,Haryana,89.45,PPAC-derived
2025-08-25,Karnataka,91.65,PPAC-derived
2025-08-25,Madhya Pradesh,91.95,PPAC-derived
2025-08-25,Maharashtra,90.03,PPAC-IOC-metro
2025-08-25,Punjab,90.05,PPAC-derived
2025-08-25,Rajasthan,92.85,PPAC-derived
2025-08-25,Tamil Nadu,92.39,PPAC-IOC-metro
2025-08-25,Telangana,93.95,PPAC-derived
2025-08-25,Uttar Pradesh,88.65,PPAC-derived
2025-08-25,West Bengal,92.02,PPAC-IOC-metro
2025-08-26,Andhra Pradesh,95.15,PPAC-derived
2025-08-26,Delhi,87.67,PPAC-IOC-metro
2025-08-26,Gujarat,86.95,PPAC-derived
2025-08-26,Haryana,89.45,PPAC-derived
2025-08-26,Karnataka,91.65,PPAC-derived
2025-08-26,Madhya Pradesh,91.95,PPAC-derived
2025-08-26,Maharashtra,90.03,PPAC-IOC-metro
2025-08-26,Punjab,90.05,PPAC-derived
2025-08-26,Rajasthan,92.85,PPAC-derived
2025-08-26,Tamil Nadu,92.39,PPAC-IOC-metro
2025-08-26,Telangana,93.95,PPAC-derived
2025-08-26,Uttar Pradesh,88.65,PPAC-derived
2025-08-26,West Bengal,92.02,PPAC-IOC-metro
2025-08-27,Andhra Pradesh,95.15,PPAC-derived
2025-08-27,Delhi,87.67,PPAC-IOC-metro
2025-08-27,Gujarat,86.95,PPAC-derived
2025-08-27,Haryana,89.45,PPAC-derived
2025-08-27,Karnataka,91.65,PPAC-derived
2025-08-27,Madhya Pradesh,91.95,PPAC-derived
2025-08-27,Maharashtra,90.03,PPAC-IOC-metro
2025-08-27,Punjab,90.05,PPAC-derived
2025-08-27,Rajasthan,92.85,PPAC-derived
2025-08-27,Tamil Nadu,92.39,PPAC-IOC-metro
2025-08-27,Telangana,93.95,PPAC-derived
2025-08-27,Uttar Pradesh,88.65,PPAC-derived
2025-08-27,West Bengal,92.02,PPAC-IOC-metro
2025-08-28,Andhra Pradesh,95.15,PPAC-derived
2025-08-28,Delhi,87.67,PPAC-IOC-metro
2025-08-28,Gujarat,86.95,PPAC-derived
2025-08-28,Haryana,89.45,PPAC-derived
2025-08-28,Karnataka,91.65,PPAC-derived
2025-08-28,Madhya Pradesh,91.95,PPAC-derived
2025-08-28,Maharashtra,90.03,PPAC-IOC-metro
2025-08-28,Punjab,90.05,PPAC-derived
2025-08-28,Rajasthan,92.85,PPAC-derived
2025-08-28,Tamil Nadu,92.39,PPAC-IOC-metro
2025-08-28,Telangana,93.95,PPAC-derived
2025-08-28,Uttar Pradesh,88.65,PPAC-derived
2025-08-28,West Bengal,92.02,PPAC-IOC-metro
2025-08-29,Andhra Pradesh,95.15,PPAC-derived
2025-08-29,Delhi,87.67,PPAC-IOC-metro
2025-08-29,Gujarat,86.95,PPAC-derived
2025-08-29,Haryana,89.45,PPAC-derived
2025-08-29,Karnataka,91.65,PPAC-derived
2025-08-29,Madhya Pradesh,91.95,PPAC-derived
2025-08-29,Maharashtra,90.03,PPAC-IOC-metro
2025-08-29,Punjab,90.05,PPAC-derived
2025-08-29,Rajasthan,92.85,PPAC-derived
2025-08-29,Tamil Nadu,92.39,PPAC-IOC-metro
2025-08-29,Telangana,93.95,PPAC-derived
2025-08-29,Uttar Pradesh,88.65,PPAC-derived
2025-08-29,West Bengal,92.02,PPAC-IOC-metro
2025-08-30,Andhra Pradesh,95.15,PPAC-derived
2025-08-30,Delhi,87.67,PPAC-IOC-metro
2025-08-30,Gujarat,86.95,PPAC-derived
2025-08-30,Haryana,89.45,PPAC-derived
2025-08-30,Karnataka,91.65,PPAC-derived
2025-08-30,Madhya Pradesh,91.95,PPAC-derived
2025-08-30,Maharashtra,90.03,PPAC-IOC-metro
2025-08-30,Punjab,90.05,PPAC-derived
2025-08-30,Rajasthan,92.85,PPAC-derived
2025-08-30,Tamil Nadu,92.39,PPAC-IOC-metro
2025-08-30,Telangana,93.95,PPAC-derived
2025-08-30,Uttar Pradesh,88.65,PPAC-derived
2025-08-30,West Bengal,92.02,PPAC-IOC-metro
2025-08-31,Andhra Pradesh,95.15,PPAC-derived
2025-08-31,Delhi,87.67,PPAC-IOC-metro
2025-08-31,Gujarat,86.95,PPAC-derived
2025-08-31,Haryana,89.45,PPAC-derived
2025-08-31,Karnataka,91.65,PPAC-derived
2025-08-31,Madhya Pradesh,91.95,PPAC-derived
2025-08-31,Maharashtra,90.03,PPAC-IOC-metro
2025-08-31,Punjab,90.05,PPAC-derived
2025-08-31,Rajasthan,92.85,PPAC-derived
2025-08-31,Tamil Nadu,92.39,PPAC-IOC-metro
2025-08-31,Telangana,93.95,PPAC-derived
2025-08-31,Uttar Pradesh,88.65,PPAC-derived
2025-08-31,West Bengal,92.02,PPAC-IOC-metro
2025-09-01,Andhra Pradesh,95.15,PPAC-derived
2025-09-01,Delhi,87.67,PPAC-IOC-metro
2025-09-01,Gujarat,86.95,PPAC-derived
2025-09-01,Haryana,89.45,PPAC-derived
2025-09-01,Karnataka,91.65,PPAC-derived
2025-09-01,Madhya Pradesh,91.95,PPAC-derived
2025-09-01,Maharashtra,90.03,PPAC-IOC-metro
2025-09-01,Punjab,90.05,PPAC-derived
2025-09-01,Rajasthan,92.85,PPAC-derived
2025-09-01,Tamil Nadu,92.39,PPAC-IOC-metro
2025-09-01,Telangana,93.95,PPAC-derived
2025-09-01,Uttar Pradesh,88.65,PPAC-derived
2025-09-01,West Bengal,92.02,PPAC-IOC-metro
2025-09-02,Andhra Pradesh,95.15,PPAC-derived
2025-09-02,Delhi,87.67,PPAC-IOC-metro
2025-09-02,Gujarat,86.95,PPAC-derived
2025-09-02,Haryana,89.45,PPAC-derived
2025-09-02,Karnataka,91.65,PPAC-derived
2025-09-02,Madhya Pradesh,91.95,PPAC-derived
2025-09-02,Maharashtra,90.03,PPAC-IOC-metro
2025-09-02,Punjab,90.05,PPAC-derived
2025-09-02,Rajasthan,92.85,PPAC-derived
2025-09-02,Tamil Nadu,92.39,PPAC-IOC-metro
2025-09-02,Telangana,93.95,PPAC-derived
2025-09-02,Uttar Pradesh,88.65,PPAC-derived
2025-09-02,West Bengal,92.02,PPAC-IOC-metro
2025-09-03,Andhra Pradesh,95.15,PPAC-derived
2025-09-03,Delhi,87.67,PPAC-IOC-metro
2025-09-03,Gujarat,86.95,PPAC-derived
2025-09-03,Haryana,89.45,PPAC-derived
2025-09-03,Karnataka,91.65,PPAC-derived
2025-09-03,Madhya Pradesh,91.95,PPAC-derived
2025-09-03,Maharashtra,90.03,PPAC-IOC-metro
2025-09-03,Punjab,90.05,PPAC-derived
2025-09-03,Rajasthan,92.85,PPAC-derived
2025-09-03,Tamil Nadu,92.39,PPAC-IOC-metro
2025-09-03,Telangana,93.95,PPAC-derived
2025-09-03,Uttar Pradesh,88.65,PPAC-derived
2025-09-03,West Bengal,92.02,PPAC-IOC-metro
2025-09-04,Andhra Pradesh,95.15,PPAC-derived
2025-09-04,Delhi,87.67,PPAC-IOC-metro
2025-09-04,Gujarat,86.95,PPAC-derived
2025-09-04,Haryana,89.45,PPAC-derived
2025-09-04,Karnataka,91.65,PPAC-derived
2025-09-04,Madhya Pradesh,91.95,PPAC-derived
2025-09-04,Maharashtra,90.03,PPAC-IOC-metro
2025-09-04,Punjab,90.05,PPAC-derived
2025-09-04,Rajasthan,92.85,PPAC-derived
2025-09-04,Tamil Nadu,92.39,PPAC-IOC-metro
2025-09-04,Telangana,93.95,PPAC-derived
2025-09-04,Uttar Pradesh,88.65,PPAC-derived
2025-09-04,West Bengal,92.02,PPAC-IOC-metro
2025-09-05,Andhra Pradesh,95.15,PPAC-derived
2025-09-05,Delhi,87.67,PPAC-IOC-metro
2025-09-05,Gujarat,86.95,PPAC-derived
2025-09-05,Haryana,89.45,PPAC-derived
2025-09-05,Karnataka,91.65,PPAC-derived
2025-09-05,Madhya Pradesh,91.95,PPAC-derived
2025-09-05,Maharashtra,90.03,PPAC-IOC-metro
2025-09-05,Punjab,90.05,PPAC-derived
2025-09-05,Rajasthan,92.85,PPAC-derived
2025-09-05,Tamil Nadu,92.39,PPAC-IOC-metro
2025-09-05,Telangana,93.95,PPAC-derived
2025-09-05,Uttar Pradesh,88.65,PPAC-derived
2025-09-05,West Bengal,92.02,PPAC-IOC-metro
2025-09-06,Andhra Pradesh,95.15,PPAC-derived
2025-09-06,Delhi,87.67,PPAC-IOC-metro
2025-09-06,Gujarat,86.95,PPAC-derived
2025-09-06,Haryana,89.45,PPAC-derived
2025-09-06,Karnataka,91.65,PPAC-derived
2025-09-06,Madhya Pradesh,91.95,PPAC-derived
2025-09-06,Maharashtra,90.03,PPAC-IOC-metro
2025-09-06,Punjab,90.05,PPAC-derived
2025-09-06,Rajasthan,92.85,PPAC-derived
2025-09-06,Tamil Nadu,92.39,PPAC-IOC-metro
2025-09-06,Telangana,93.95,PPAC-derived
2025-09-06,Uttar Pradesh,88.65,PPAC-derived
2025-09-06,West Bengal,92.02,PPAC-IOC-metro
2025-09-07,Andhra Pradesh,95.15,PPAC-derived
2025-09-07,Delhi,87.67,PPAC-IOC-metro
2025-09-07,Gujarat,86.95,PPAC-derived
2025-09-07,Haryana,89.45,PPAC-derived
2025-09-07,Karnataka,91.65,PPAC-derived
2025-09-07,Madhya Pradesh,91.95,PPAC-derived
2025-09-07,Maharashtra,90.03,PPAC-IOC-metro
2025-09-07,Punjab,90.05,PPAC-derived
2025-09-07,Rajasthan,92.85,PPAC-derived
2025-09-07,Tamil Nadu,92.39,PPAC-IOC-metro
2025-09-07,Telangana,93.95,PPAC-derived
2025-09-07,Uttar Pradesh,88.65,PPAC-derived
2025-09-07,West Bengal,92.02,PPAC-IOC-metro
2025-09-08,Andhra Pradesh,95.15,PPAC-derived
2025-09-08,Delhi,87.67,PPAC-IOC-metro
2025-09-08,Gujarat,86.95,PPAC-derived
2025-09-08,Haryana,89.45,PPAC-derived
2025-09-08,Karnataka,91.65,PPAC-derived
2025-09-08,Madhya Pradesh,91.95,PPAC-derived
2025-09-08,Maharashtra,90.03,PPAC-IOC-metro
2025-09-08,Punjab,90.05,PPAC-derived
2025-09-08,Rajasthan,92.85,PPAC-derived
2025-09-08,Tamil Nadu,92.39,PPAC-IOC-metro
2025-09-08,Telangana,93.95,PPAC-derived
2025-09-08,Uttar Pradesh,88.65,PPAC-derived
2025-09-08,West Bengal,92.02,PPAC-IOC-metro
2025-09-09,Andhra Pradesh,95.15,PPAC-derived
2025-09-09,Delhi,87.67,PPAC-IOC-metro
2025-09-09,Gujarat,86.95,PPAC-derived
2025-09-09,Haryana,89.45,PPAC-derived
2025-09-09,Karnataka,91.65,PPAC-derived
2025-09-09,Madhya Pradesh,91.95,PPAC-derived
2025-09-09,Maharashtra,90.03,PPAC-IOC-metro
2025-09-09,Punjab,90.05,PPAC-derived
2025-09-09,Rajasthan,92.85,PPAC-derived
2025-09-09,Tamil Nadu,92.39,PPAC-IOC-metro
2025-09-09,Telangana,93.95,PPAC-derived
2025-09-09,Uttar Pradesh,88.65,PPAC-derived
2025-09-09,West Bengal,92.02,PPAC-IOC-metro
2025-09-10,Andhra Pradesh,95.15,PPAC-derived
2025-09-10,Delhi,87.67,PPAC-IOC-metro
2025-09-10,Gujarat,86.95,PPAC-derived
2025-09-10,Haryana,89.45,PPAC-derived
2025-09-10,Karnataka,91.65,PPAC-derived
2025-09-10,Madhya Pradesh,91.95,PPAC-derived
2025-09-10,Maharashtra,90.03,PPAC-IOC-metro
2025-09-10,Punjab,90.05,PPAC-derived
2025-09-10,Rajasthan,92.85,PPAC-derived
2025-09-10,Tamil Nadu,92.39,PPAC-IOC-metro
2025-09-10,Telangana,93.95,PPAC-derived
2025-09-10,Uttar Pradesh,88.65,PPAC-derived
2025-09-10,West Bengal,92.02,PPAC-IOC-metro
2025-09-11,Andhra Pradesh,95.15,PPAC-derived
2025-09-11,Delhi,87.67,PPAC-IOC-metro
2025-09-11,Gujarat,86.95,PPAC-derived
2025-09-11,Haryana,89.45,PPAC-derived
2025-09-11,Karnataka,91.65,PPAC-derived
2025-09-11,Madhya Pradesh,91.95,PPAC-derived
2025-09-11,Maharashtra,90.03,PPAC-IOC-metro
2025-09-11,Punjab,90.05,PPAC-derived
2025-09-11,Rajasthan,92.85,PPAC-derived
2025-09-11,Tamil Nadu,92.39,PPAC-IOC-metro
2025-09-11,Telangana,93.95,PPAC-derived
2025-09-11,Uttar Pradesh,88.65,PPAC-derived
2025-09-11,West Bengal,92.02,PPAC-IOC-metro
2025-09-12,Andhra Pradesh,95.15,PPAC-derived
2025-09-12,Delhi,87.67,PPAC-IOC-metro
2025-09-12,Gujarat,86.95,PPAC-derived
2025-09-12,Haryana,89.45,PPAC-derived
2025-09-12,Karnataka,91.65,PPAC-derived
2025-09-12,Madhya Pradesh,91.95,PPAC-derived
2025-09-12,Maharashtra,90.03,PPAC-IOC-metro
2025-09-12,Punjab,90.05,PPAC-derived
2025-09-12,Rajasthan,92.85,PPAC-derived
2025-09-12,Tamil Nadu,92.39,PPAC-IOC-metro
2025-09-12,Telangana,93.95,PPAC-derived
2025-09-12,Uttar Pradesh,88.65,PPAC-derived
2025-09-12,West Bengal,92.02,PPAC-IOC-metro
2025-09-13,Andhra Pradesh,95.15,PPAC-derived
2025-09-13,Delhi,87.67,PPAC-IOC-metro
2025-09-13,Gujarat,86.95,PPAC-derived
2025-09-13,Haryana,89.45,PPAC-derived
2025-09-13,Karnataka,91.65,PPAC-derived
2025-09-13,Madhya Pradesh,91.95,PPAC-derived
2025-09-13,Maharashtra,90.03,PPAC-IOC-metro
2025-09-13,Punjab,90.05,PPAC-derived
2025-09-13,Rajasthan,92.85,PPAC-derived
2025-09-13,Tamil Nadu,92.39,PPAC-IOC-metro
2025-09-13,Telangana,93.95,PPAC-derived
2025-09-13,Uttar Pradesh,88.65,PPAC-derived
2025-09-13,West Bengal,92.02,PPAC-IOC-metro
2025-09-14,Andhra Pradesh,95.15,PPAC-derived
2025-09-14,Delhi,87.67,PPAC-IOC-metro
2025-09-14,Gujarat,86.95,PPAC-derived
2025-09-14,Haryana,89.45,PPAC-derived
2025-09-14,Karnataka,91.65,PPAC-derived
2025-09-14,Madhya Pradesh,91.95,PPAC-derived
2025-09-14,Maharashtra,90.03,PPAC-IOC-metro
2025-09-14,Punjab,90.05,PPAC-derived
2025-09-14,Rajasthan,92.85,PPAC-derived
2025-09-14,Tamil Nadu,92.39,PPAC-IOC-metro
2025-09-14,Telangana,93.95,PPAC-derived
2025-09-14,Uttar Pradesh,88.65,PPAC-derived
2025-09-14,West Bengal,92.02,PPAC-IOC-metro
2025-09-15,Andhra Pradesh,95.15,PPAC-derived
2025-09-15,Delhi,87.67,PPAC-IOC-metro
2025-09-15,Gujarat,86.95,PPAC-derived
2025-09-15,Haryana,89.45,PPAC-derived
2025-09-15,Karnataka,91.65,PPAC-derived
2025-09-15,Madhya Pradesh,91.95,PPAC-derived
2025-09-15,Maharashtra,90.03,PPAC-IOC-metro
2025-09-15,Punjab,90.05,PPAC-derived
2025-09-15,Rajasthan,92.85,PPAC-derived
2025-09-15,Tamil Nadu,92.39,PPAC-IOC-metro
2025-09-15,Telangana,93.95,PPAC-derived
2025-09-15,Uttar Pradesh,88.65,PPAC-derived
2025-09-15,West Bengal,92.02,PPAC-IOC-metro
2025-09-16,Andhra Pradesh,95.15,PPAC-derived
2025-09-16,Delhi,87.67,PPAC-IOC-metro
2025-09-16,Gujarat,86.95,PPAC-derived
2025-09-16,Haryana,89.45,PPAC-derived
2025-09-16,Karnataka,91.65,PPAC-derived
2025-09-16,Madhya Pradesh,91.95,PPAC-derived
2025-09-16,Maharashtra,90.03,PPAC-IOC-metro
2025-09-16,Punjab,90.05,PPAC-derived
2025-09-16,Rajasthan,92.85,PPAC-derived
2025-09-16,Tamil Nadu,92.39,PPAC-IOC-metro
2025-09-16,Telangana,93.95,PPAC-derived
2025-09-16,Uttar Pradesh,88.65,PPAC-derived
2025-09-16,West Bengal,92.02,PPAC-IOC-metro
2025-09-17,Andhra Pradesh,95.15,PPAC-derived
2025-09-17,Delhi,87.67,PPAC-IOC-metro
2025-09-17,Gujarat,86.95,PPAC-derived
2025-09-17,Haryana,89.45,PPAC-derived
2025-09-17,Karnataka,91.65,PPAC-derived
2025-09-17,Madhya Pradesh,91.95,PPAC-derived
2025-09-17,Maharashtra,90.03,PPAC-IOC-metro
2025-09-17,Punjab,90.05,PPAC-derived
2025-09-17,Rajasthan,92.85,PPAC-derived
2025-09-17,Tamil Nadu,92.39,PPAC-IOC-metro
2025-09-17,Telangana,93.95,PPAC-derived
2025-09-17,Uttar Pradesh,88.65,PPAC-derived
2025-09-17,West Bengal,92.02,PPAC-IOC-metro
2025-09-18,Andhra Pradesh,95.15,PPAC-derived
2025-09-18,Delhi,87.67,PPAC-IOC-metro
2025-09-18,Gujarat,86.95,PPAC-derived
2025-09-18,Haryana,89.45,PPAC-derived
2025-09-18,Karnataka,91.65,PPAC-derived
2025-09-18,Madhya Pradesh,91.95,PPAC-derived
2025-09-18,Maharashtra,90.03,PPAC-IOC-metro
2025-09-18,Punjab,90.05,PPAC-derived
2025-09-18,Rajasthan,92.85,PPAC-derived
2025-09-18,Tamil Nadu,92.39,PPAC-IOC-metro
2025-09-18,Telangana,93.95,PPAC-derived
2025-09-18,Uttar Pradesh,88.65,PPAC-derived
2025-09-18,West Bengal,92.02,PPAC-IOC-metro
2025-09-19,Andhra Pradesh,95.15,PPAC-derived
2025-09-19,Delhi,87.67,PPAC-IOC-metro
2025-09-19,Gujarat,86.95,PPAC-derived
2025-09-19,Haryana,89.45,PPAC-derived
2025-09-19,Karnataka,91.65,PPAC-derived
2025-09-19,Madhya Pradesh,91.95,PPAC-derived
2025-09-19,Maharashtra,90.03,PPAC-IOC-metro
2025-09-19,Punjab,90.05,PPAC-derived
2025-09-19,Rajasthan,92.85,PPAC-derived
2025-09-19,Tamil Nadu,92.39,PPAC-IOC-metro
2025-09-19,Telangana,93.95,PPAC-derived
2025-09-19,Uttar Pradesh,88.65,PPAC-derived
2025-09-19,West Bengal,92.02,PPAC-IOC-metro
2025-09-20,Andhra Pradesh,95.15,PPAC-derived
2025-09-20,Delhi,87.67,PPAC-IOC-metro
2025-09-20,Gujarat,86.95,PPAC-derived
2025-09-20,Haryana,89.45,PPAC-derived
2025-09-20,Karnataka,91.65,PPAC-derived
2025-09-20,Madhya Pradesh,91.95,PPAC-derived
2025-09-20,Maharashtra,90.03,PPAC-IOC-metro
2025-09-20,Punjab,90.05,PPAC-derived
2025-09-20,Rajasthan,92.85,PPAC-derived
2025-09-20,Tamil Nadu,92.39,PPAC-IOC-metro
2025-09-20,Telangana,93.95,PPAC-derived
2025-09-20,Uttar Pradesh,88.65,PPAC-derived
2025-09-20,West Bengal,92.02,PPAC-IOC-metro
2025-09-21,Andhra Pradesh,95.15,PPAC-derived
2025-09-21,Delhi,87.67,PPAC-IOC-metro
2025-09-21,Gujarat,86.95,PPAC-derived
2025-09-21,Haryana,89.45,PPAC-derived
2025-09-21,Karnataka,91.65,PPAC-derived
2025-09-21,Madhya Pradesh,91.95,PPAC-derived
2025-09-21,Maharashtra,90.03,PPAC-IOC-metro
2025-09-21,Punjab,90.05,PPAC-derived
2025-09-21,Rajasthan,92.85,PPAC-derived
2025-09-21,Tamil Nadu,92.39,PPAC-IOC-metro
2025-09-21,Telangana,93.95,PPAC-derived
2025-09-21,Uttar Pradesh,88.65,PPAC-derived
2025-09-21,West Bengal,92.02,PPAC-IOC-metro
2025-09-22,Andhra Pradesh,95.15,PPAC-derived
2025-09-22,Delhi,87.67,PPAC-IOC-metro
2025-09-22,Gujarat,86.95,PPAC-derived
2025-09-22,Haryana,89.45,PPAC-derived
2025-09-22,Karnataka,91.65,PPAC-derived
2025-09-22,Madhya Pradesh,91.95,PPAC-derived
2025-09-22,Maharashtra,90.03,PPAC-IOC-metro
2025-09-22,Punjab,90.05,PPAC-derived
2025-09-22,Rajasthan,92.85,PPAC-derived
2025-09-22,Tamil Nadu,92.39,PPAC-IOC-metro
2025-09-22,Telangana,93.95,PPAC-derived
2025-09-22,Uttar Pradesh,88.65,PPAC-derived
2025-09-22,West Bengal,92.02,PPAC-IOC-metro
2025-09-23,Andhra Pradesh,95.15,PPAC-derived
2025-09-23,Delhi,87.67,PPAC-IOC-metro
2025-09-23,Gujarat,86.95,PPAC-derived
2025-09-23,Haryana,89.45,PPAC-derived
2025-09-23,Karnataka,91.65,PPAC-derived
2025-09-23,Madhya Pradesh,91.95,PPAC-derived
2025-09-23,Maharashtra,90.03,PPAC-IOC-metro
2025-09-23,Punjab,90.05,PPAC-derived
2025-09-23,Rajasthan,92.85,PPAC-derived
2025-09-23,Tamil Nadu,92.39,PPAC-IOC-metro
2025-09-23,Telangana,93.95,PPAC-derived
2025-09-23,Uttar Pradesh,88.65,PPAC-derived
2025-09-23,West Bengal,92.02,PPAC-IOC-metro
2025-09-24,Andhra Pradesh,95.15,PPAC-derived
2025-09-24,Delhi,87.67,PPAC-IOC-metro
2025-09-24,Gujarat,86.95,PPAC-derived
2025-09-24,Haryana,89.45,PPAC-derived
2025-09-24,Karnataka,91.65,PPAC-derived
2025-09-24,Madhya Pradesh,91.95,PPAC-derived
2025-09-24,Maharashtra,90.03,PPAC-IOC-metro
2025-09-24,Punjab,90.05,PPAC-derived
2025-09-24,Rajasthan,92.85,PPAC-derived
2025-09-24,Tamil Nadu,92.39,PPAC-IOC-metro
2025-09-24,Telangana,93.95,PPAC-derived
2025-09-24,Uttar Pradesh,88.65,PPAC-derived
2025-09-24,West Bengal,92.02,PPAC-IOC-metro
2025-09-25,Andhra Pradesh,95.15,PPAC-derived
2025-09-25,Delhi,87.67,PPAC-IOC-metro
2025-09-25,Gujarat,86.95,PPAC-derived
2025-09-25,Haryana,89.45,PPAC-derived
2025-09-25,Karnataka,91.65,PPAC-derived
2025-09-25,Madhya Pradesh,91.95,PPAC-derived
2025-09-25,Maharashtra,90.03,PPAC-IOC-metro
2025-09-25,Punjab,90.05,PPAC-derived
2025-09-25,Rajasthan,92.85,PPAC-derived
2025-09-25,Tamil Nadu,92.39,PPAC-IOC-metro
2025-09-25,Telangana,93.95,PPAC-derived
2025-09-25,Uttar Pradesh,88.65,PPAC-derived
2025-09-25,West Bengal,92.02,PPAC-IOC-metro
2025-09-26,Andhra Pradesh,95.15,PPAC-derived
2025-09-26,Delhi,87.67,PPAC-IOC-metro
2025-09-26,Gujarat,86.95,PPAC-derived
2025-09-26,Haryana,89.45,PPAC-derived
2025-09-26,Karnataka,91.65,PPAC-derived
2025-09-26,Madhya Pradesh,91.95,PPAC-derived
2025-09-26,Maharashtra,90.03,PPAC-IOC-metro
2025-09-26,Punjab,90.05,PPAC-derived
2025-09-26,Rajasthan,92.85,PPAC-derived
2025-09-26,Tamil Nadu,92.39,PPAC-IOC-metro
2025-09-26,Telangana,93.95,PPAC-derived
2025-09-26,Uttar Pradesh,88.65,PPAC-derived
2025-09-26,West Bengal,92.02,PPAC-IOC-metro
2025-09-27,Andhra Pradesh,95.15,PPAC-derived
2025-09-27,Delhi,87.67,PPAC-IOC-metro
2025-09-27,Gujarat,86.95,PPAC-derived
2025-09-27,Haryana,89.45,PPAC-derived
2025-09-27,Karnataka,91.65,PPAC-derived
2025-09-27,Madhya Pradesh,91.95,PPAC-derived
2025-09-27,Maharashtra,90.03,PPAC-IOC-metro
2025-09-27,Punjab,90.05,PPAC-derived
2025-09-27,Rajasthan,92.85,PPAC-derived
2025-09-27,Tamil Nadu,92.39,PPAC-IOC-metro
2025-09-27,Telangana,93.95,PPAC-derived
2025-09-27,Uttar Pradesh,88.65,PPAC-derived
2025-09-27,West Bengal,92.02,PPAC-IOC-metro
2025-09-28,Andhra Pradesh,95.15,PPAC-derived
2025-09-28,Delhi,87.67,PPAC-IOC-metro
2025-09-28,Gujarat,86.95,PPAC-derived
2025-09-28,Haryana,89.45,PPAC-derived
2025-09-28,Karnataka,91.65,PPAC-derived
2025-09-28,Madhya Pradesh,91.95,PPAC-derived
2025-09-28,Maharashtra,90.03,PPAC-IOC-metro
2025-09-28,Punjab,90.05,PPAC-derived
2025-09-28,Rajasthan,92.85,PPAC-derived
2025-09-28,Tamil Nadu,92.39,PPAC-IOC-metro
2025-09-28,Telangana,93.95,PPAC-derived
2025-09-28,Uttar Pradesh,88.65,PPAC-derived
2025-09-28,West Bengal,92.02,PPAC-IOC-metro
2025-09-29,Andhra Pradesh,95.15,PPAC-derived
2025-09-29,Delhi,87.67,PPAC-IOC-metro
2025-09-29,Gujarat,86.95,PPAC-derived
2025-09-29,Haryana,89.45,PPAC-derived
2025-09-29,Karnataka,91.65,PPAC-derived
2025-09-29,Madhya Pradesh,91.95,PPAC-derived
2025-09-29,Maharashtra,90.03,PPAC-IOC-metro
2025-09-29,Punjab,90.05,PPAC-derived
2025-09-29,Rajasthan,92.85,PPAC-derived
2025-09-29,Tamil Nadu,92.39,PPAC-IOC-metro
2025-09-29,Telangana,93.95,PPAC-derived
2025-09-29,Uttar Pradesh,88.65,PPAC-derived
2025-09-29,West Bengal,92.02,PPAC-IOC-metro
2025-09-30,Andhra Pradesh,95.15,PPAC-derived
2025-09-30,Delhi,87.67,PPAC-IOC-metro
2025-09-30,Gujarat,86.95,PPAC-derived
2025-09-30,Haryana,89.45,PPAC-derived
2025-09-30,Karnataka,91.65,PPAC-derived
2025-09-30,Madhya Pradesh,91.95,PPAC-derived
2025-09-30,Maharashtra,90.03,PPAC-IOC-metro
2025-09-30,Punjab,90.05,PPAC-derived
2025-09-30,Rajasthan,92.85,PPAC-derived
2025-09-30,Tamil Nadu,92.39,PPAC-IOC-metro
2025-09-30,Telangana,93.95,PPAC-derived
2025-09-30,Uttar Pradesh,88.65,PPAC-derived
2025-09-30,West Bengal,92.02,PPAC-IOC-metro
2025-10-01,Andhra Pradesh,95.15,PPAC-derived
2025-10-01,Delhi,87.67,PPAC-IOC-metro
2025-10-01,Gujarat,86.95,PPAC-derived
2025-10-01,Haryana,89.45,PPAC-derived
2025-10-01,Karnataka,91.65,PPAC-derived
2025-10-01,Madhya Pradesh,91.95,PPAC-derived
2025-10-01,Maharashtra,90.03,PPAC-IOC-metro
2025-10-01,Punjab,90.05,PPAC-derived
2025-10-01,Rajasthan,92.85,PPAC-derived
2025-10-01,Tamil Nadu,92.39,PPAC-IOC-metro
2025-10-01,Telangana,93.95,PPAC-derived
2025-10-01,Uttar Pradesh,88.65,PPAC-derived
2025-10-01,West Bengal,92.02,PPAC-IOC-metro
2025-10-02,Andhra Pradesh,95.15,PPAC-derived
2025-10-02,Delhi,87.67,PPAC-IOC-metro
2025-10-02,Gujarat,86.95,PPAC-derived
2025-10-02,Haryana,89.45,PPAC-derived
2025-10-02,Karnataka,91.65,PPAC-derived
2025-10-02,Madhya Pradesh,91.95,PPAC-derived
2025-10-02,Maharashtra,90.03,PPAC-IOC-metro
2025-10-02,Punjab,90.05,PPAC-derived
2025-10-02,Rajasthan,92.85,PPAC-derived
2025-10-02,Tamil Nadu,92.39,PPAC-IOC-metro
2025-10-02,Telangana,93.95,PPAC-derived
2025-10-02,Uttar Pradesh,88.65,PPAC-derived
2025-10-02,West Bengal,92.02,PPAC-IOC-metro
2025-10-03,Andhra Pradesh,95.15,PPAC-derived
2025-10-03,Delhi,87.67,PPAC-IOC-metro
2025-10-03,Gujarat,86.95,PPAC-derived
2025-10-03,Haryana,89.45,PPAC-derived
2025-10-03,Karnataka,91.65,PPAC-derived
2025-10-03,Madhya Pradesh,91.95,PPAC-derived
2025-10-03,Maharashtra,90.03,PPAC-IOC-metro
2025-10-03,Punjab,90.05,PPAC-derived
2025-10-03,Rajasthan,92.85,PPAC-derived
2025-10-03,Tamil Nadu,92.39,PPAC-IOC-metro
2025-10-03,Telangana,93.95,PPAC-derived
2025-10-03,Uttar Pradesh,88.65,PPAC-derived
2025-10-03,West Bengal,92.02,PPAC-IOC-metro
2025-10-04,Andhra Pradesh,95.15,PPAC-derived
2025-10-04,Delhi,87.67,PPAC-IOC-metro
2025-10-04,Gujarat,86.95,PPAC-derived
2025-10-04,Haryana,89.45,PPAC-derived
2025-10-04,Karnataka,91.65,PPAC-derived
2025-10-04,Madhya Pradesh,91.95,PPAC-derived
2025-10-04,Maharashtra,90.03,PPAC-IOC-metro
2025-10-04,Punjab,90.05,PPAC-derived
2025-10-04,Rajasthan,92.85,PPAC-derived
2025-10-04,Tamil Nadu,92.39,PPAC-IOC-metro
2025-10-04,Telangana,93.95,PPAC-derived
2025-10-04,Uttar Pradesh,88.65,PPAC-derived
2025-10-04,West Bengal,92.02,PPAC-IOC-metro
2025-10-05,Andhra Pradesh,95.15,PPAC-derived
2025-10-05,Delhi,87.67,PPAC-IOC-metro
2025-10-05,Gujarat,86.95,PPAC-derived
2025-10-05,Haryana,89.45,PPAC-derived
2025-10-05,Karnataka,91.65,PPAC-derived
2025-10-05,Madhya Pradesh,91.95,PPAC-derived
2025-10-05,Maharashtra,90.03,PPAC-IOC-metro
2025-10-05,Punjab,90.05,PPAC-derived
2025-10-05,Rajasthan,92.85,PPAC-derived
2025-10-05,Tamil Nadu,92.39,PPAC-IOC-metro
2025-10-05,Telangana,93.95,PPAC-derived
2025-10-05,Uttar Pradesh,88.65,PPAC-derived
2025-10-05,West Bengal,92.02,PPAC-IOC-metro
2025-10-06,Andhra Pradesh,95.15,PPAC-derived
2025-10-06,Delhi,87.67,PPAC-IOC-metro
2025-10-06,Gujarat,86.95,PPAC-derived
2025-10-06,Haryana,89.45,PPAC-derived
2025-10-06,Karnataka,91.65,PPAC-derived
2025-10-06,Madhya Pradesh,91.95,PPAC-derived
2025-10-06,Maharashtra,90.03,PPAC-IOC-metro
2025-10-06,Punjab,90.05,PPAC-derived
2025-10-06,Rajasthan,92.85,PPAC-derived
2025-10-06,Tamil Nadu,92.39,PPAC-IOC-metro
2025-10-06,Telangana,93.95,PPAC-derived
2025-10-06,Uttar Pradesh,88.65,PPAC-derived
2025-10-06,West Bengal,92.02,PPAC-IOC-metro
2025-10-07,Andhra Pradesh,95.15,PPAC-derived
2025-10-07,Delhi,87.67,PPAC-IOC-metro
2025-10-07,Gujarat,86.95,PPAC-derived
2025-10-07,Haryana,89.45,PPAC-derived
2025-10-07,Karnataka,91.65,PPAC-derived
2025-10-07,Madhya Pradesh,91.95,PPAC-derived
2025-10-07,Maharashtra,90.03,PPAC-IOC-metro
2025-10-07,Punjab,90.05,PPAC-derived
2025-10-07,Rajasthan,92.85,PPAC-derived
2025-10-07,Tamil Nadu,92.39,PPAC-IOC-metro
2025-10-07,Telangana,93.95,PPAC-derived
2025-10-07,Uttar Pradesh,88.65,PPAC-derived
2025-10-07,West Bengal,92.02,PPAC-IOC-metro
2025-10-08,Andhra Pradesh,95.15,PPAC-derived
2025-10-08,Delhi,87.67,PPAC-IOC-metro
2025-10-08,Gujarat,86.95,PPAC-derived
2025-10-08,Haryana,89.45,PPAC-derived
2025-10-08,Karnataka,91.65,PPAC-derived
2025-10-08,Madhya Pradesh,91.95,PPAC-derived
2025-10-08,Maharashtra,90.03,PPAC-IOC-metro
2025-10-08,Punjab,90.05,PPAC-derived
2025-10-08,Rajasthan,92.85,PPAC-derived
2025-10-08,Tamil Nadu,92.39,PPAC-IOC-metro
2025-10-08,Telangana,93.95,PPAC-derived
2025-10-08,Uttar Pradesh,88.65,PPAC-derived
2025-10-08,West Bengal,92.02,PPAC-IOC-metro
2025-10-09,Andhra Pradesh,95.15,PPAC-derived
2025-10-09,Delhi,87.67,PPAC-IOC-metro
2025-10-09,Gujarat,86.95,PPAC-derived
2025-10-09,Haryana,89.45,PPAC-derived
2025-10-09,Karnataka,91.65,PPAC-derived
2025-10-09,Madhya Pradesh,91.95,PPAC-derived
2025-10-09,Maharashtra,90.03,PPAC-IOC-metro
2025-10-09,Punjab,90.05,PPAC-derived
2025-10-09,Rajasthan,92.85,PPAC-derived
2025-10-09,Tamil Nadu,92.39,PPAC-IOC-metro
2025-10-09,Telangana,93.95,PPAC-derived
2025-10-09,Uttar Pradesh,88.65,PPAC-derived
2025-10-09,West Bengal,92.02,PPAC-IOC-metro
2025-10-10,Andhra Pradesh,95.15,PPAC-derived
2025-10-10,Delhi,87.67,PPAC-IOC-metro
2025-10-10,Gujarat,86.95,PPAC-derived
2025-10-10,Haryana,89.45,PPAC-derived
2025-10-10,Karnataka,91.65,PPAC-derived
2025-10-10,Madhya Pradesh,91.95,PPAC-derived
2025-10-10,Maharashtra,90.03,PPAC-IOC-metro
2025-10-10,Punjab,90.05,PPAC-derived
2025-10-10,Rajasthan,92.85,PPAC-derived
2025-10-10,Tamil Nadu,92.39,PPAC-IOC-metro
2025-10-10,Telangana,93.95,PPAC-derived
2025-10-10,Uttar Pradesh,88.65,PPAC-derived
2025-10-10,West Bengal,92.02,PPAC-IOC-metro
2025-10-11,Andhra Pradesh,95.15,PPAC-derived
2025-10-11,Delhi,87.67,PPAC-IOC-metro
2025-10-11,Gujarat,86.95,PPAC-derived
2025-10-11,Haryana,89.45,PPAC-derived
2025-10-11,Karnataka,91.65,PPAC-derived
2025-10-11,Madhya Pradesh,91.95,PPAC-derived
2025-10-11,Maharashtra,90.03,PPAC-IOC-metro
2025-10-11,Punjab,90.05,PPAC-derived
2025-10-11,Rajasthan,92.85,PPAC-derived
2025-10-11,Tamil Nadu,92.39,PPAC-IOC-metro
2025-10-11,Telangana,93.95,PPAC-derived
2025-10-11,Uttar Pradesh,88.65,PPAC-derived
2025-10-11,West Bengal,92.02,PPAC-IOC-metro
2025-10-12,Andhra Pradesh,95.15,PPAC-derived
2025-10-12,Delhi,87.67,PPAC-IOC-metro
2025-10-12,Gujarat,86.95,PPAC-derived
2025-10-12,Haryana,89.45,PPAC-derived
2025-10-12,Karnataka,91.65,PPAC-derived
2025-10-12,Madhya Pradesh,91.95,PPAC-derived
2025-10-12,Maharashtra,90.03,PPAC-IOC-metro
2025-10-12,Punjab,90.05,PPAC-derived
2025-10-12,Rajasthan,92.85,PPAC-derived
2025-10-12,Tamil Nadu,92.39,PPAC-IOC-metro
2025-10-12,Telangana,93.95,PPAC-derived
2025-10-12,Uttar Pradesh,88.65,PPAC-derived
2025-10-12,West Bengal,92.02,PPAC-IOC-metro
2025-10-13,Andhra Pradesh,95.15,PPAC-derived
2025-10-13,Delhi,87.67,PPAC-IOC-metro
2025-10-13,Gujarat,86.95,PPAC-derived
2025-10-13,Haryana,89.45,PPAC-derived
2025-10-13,Karnataka,91.65,PPAC-derived
2025-10-13,Madhya Pradesh,91.95,PPAC-derived
2025-10-13,Maharashtra,90.03,PPAC-IOC-metro
2025-10-13,Punjab,90.05,PPAC-derived
2025-10-13,Rajasthan,92.85,PPAC-derived
2025-10-13,Tamil Nadu,92.39,PPAC-IOC-metro
2025-10-13,Telangana,93.95,PPAC-derived
2025-10-13,Uttar Pradesh,88.65,PPAC-derived
2025-10-13,West Bengal,92.02,PPAC-IOC-metro
2025-10-14,Andhra Pradesh,95.15,PPAC-derived
2025-10-14,Delhi,87.67,PPAC-IOC-metro
2025-10-14,Gujarat,86.95,PPAC-derived
2025-10-14,Haryana,89.45,PPAC-derived
2025-10-14,Karnataka,91.65,PPAC-derived
2025-10-14,Madhya Pradesh,91.95,PPAC-derived
2025-10-14,Maharashtra,90.03,PPAC-IOC-metro
2025-10-14,Punjab,90.05,PPAC-derived
2025-10-14,Rajasthan,92.85,PPAC-derived
2025-10-14,Tamil Nadu,92.39,PPAC-IOC-metro
2025-10-14,Telangana,93.95,PPAC-derived
2025-10-14,Uttar Pradesh,88.65,PPAC-derived
2025-10-14,West Bengal,92.02,PPAC-IOC-metro
2025-10-15,Andhra Pradesh,95.15,PPAC-derived
2025-10-15,Delhi,87.67,PPAC-IOC-metro
2025-10-15,Gujarat,86.95,PPAC-derived
2025-10-15,Haryana,89.45,PPAC-derived
2025-10-15,Karnataka,91.65,PPAC-derived
2025-10-15,Madhya Pradesh,91.95,PPAC-derived
2025-10-15,Maharashtra,90.03,PPAC-IOC-metro
2025-10-15,Punjab,90.05,PPAC-derived
2025-10-15,Rajasthan,92.85,PPAC-derived
2025-10-15,Tamil Nadu,92.39,PPAC-IOC-metro
2025-10-15,Telangana,93.95,PPAC-derived
2025-10-15,Uttar Pradesh,88.65,PPAC-derived
2025-10-15,West Bengal,92.02,PPAC-IOC-metro
2025-10-16,Andhra Pradesh,95.15,PPAC-derived
2025-10-16,Delhi,87.67,PPAC-IOC-metro
2025-10-16,Gujarat,86.95,PPAC-derived
2025-10-16,Haryana,89.45,PPAC-derived
2025-10-16,Karnataka,91.65,PPAC-derived
2025-10-16,Madhya Pradesh,91.95,PPAC-derived
2025-10-16,Maharashtra,90.03,PPAC-IOC-metro
2025-10-16,Punjab,90.05,PPAC-derived
2025-10-16,Rajasthan,92.85,PPAC-derived
2025-10-16,Tamil Nadu,92.39,PPAC-IOC-metro
2025-10-16,Telangana,93.95,PPAC-derived
2025-10-16,Uttar Pradesh,88.65,PPAC-derived
2025-10-16,West Bengal,92.02,PPAC-IOC-metro
2025-10-17,Andhra Pradesh,95.15,PPAC-derived
2025-10-17,Delhi,87.67,PPAC-IOC-metro
2025-10-17,Gujarat,86.95,PPAC-derived
2025-10-17,Haryana,89.45,PPAC-derived
2025-10-17,Karnataka,91.65,PPAC-derived
2025-10-17,Madhya Pradesh,91.95,PPAC-derived
2025-10-17,Maharashtra,90.03,PPAC-IOC-metro
2025-10-17,Punjab,90.05,PPAC-derived
2025-10-17,Rajasthan,92.85,PPAC-derived
2025-10-17,Tamil Nadu,92.39,PPAC-IOC-metro
2025-10-17,Telangana,93.95,PPAC-derived
2025-10-17,Uttar Pradesh,88.65,PPAC-derived
2025-10-17,West Bengal,92.02,PPAC-IOC-metro
2025-10-18,Andhra Pradesh,95.15,PPAC-derived
2025-10-18,Delhi,87.67,PPAC-IOC-metro
2025-10-18,Gujarat,86.95,PPAC-derived
2025-10-18,Haryana,89.45,PPAC-derived
2025-10-18,Karnataka,91.65,PPAC-derived
2025-10-18,Madhya Pradesh,91.95,PPAC-derived
2025-10-18,Maharashtra,90.03,PPAC-IOC-metro
2025-10-18,Punjab,90.05,PPAC-derived
2025-10-18,Rajasthan,92.85,PPAC-derived
2025-10-18,Tamil Nadu,92.39,PPAC-IOC-metro
2025-10-18,Telangana,93.95,PPAC-derived
2025-10-18,Uttar Pradesh,88.65,PPAC-derived
2025-10-18,West Bengal,92.02,PPAC-IOC-metro
2025-10-19,Andhra Pradesh,95.15,PPAC-derived
2025-10-19,Delhi,87.67,PPAC-IOC-metro
2025-10-19,Gujarat,86.95,PPAC-derived
2025-10-19,Haryana,89.45,PPAC-derived
2025-10-19,Karnataka,91.65,PPAC-derived
2025-10-19,Madhya Pradesh,91.95,PPAC-derived
2025-10-19,Maharashtra,90.03,PPAC-IOC-metro
2025-10-19,Punjab,90.05,PPAC-derived
2025-10-19,Rajasthan,92.85,PPAC-derived
2025-10-19,Tamil Nadu,92.39,PPAC-IOC-metro
2025-10-19,Telangana,93.95,PPAC-derived
2025-10-19,Uttar Pradesh,88.65,PPAC-derived
2025-10-19,West Bengal,92.02,PPAC-IOC-metro
2025-10-20,Andhra Pradesh,95.15,PPAC-derived
2025-10-20,Delhi,87.67,PPAC-IOC-metro
2025-10-20,Gujarat,86.95,PPAC-derived
2025-10-20,Haryana,89.45,PPAC-derived
2025-10-20,Karnataka,91.65,PPAC-derived
2025-10-20,Madhya Pradesh,91.95,PPAC-derived
2025-10-20,Maharashtra,90.03,PPAC-IOC-metro
2025-10-20,Punjab,90.05,PPAC-derived
2025-10-20,Rajasthan,92.85,PPAC-derived
2025-10-20,Tamil Nadu,92.39,PPAC-IOC-metro
2025-10-20,Telangana,93.95,PPAC-derived
2025-10-20,Uttar Pradesh,88.65,PPAC-derived
2025-10-20,West Bengal,92.02,PPAC-IOC-metro
2025-10-21,Andhra Pradesh,95.15,PPAC-derived
2025-10-21,Delhi,87.67,PPAC-IOC-metro
2025-10-21,Gujarat,86.95,PPAC-derived
2025-10-21,Haryana,89.45,PPAC-derived
2025-10-21,Karnataka,91.65,PPAC-derived
2025-10-21,Madhya Pradesh,91.95,PPAC-derived
2025-10-21,Maharashtra,90.03,PPAC-IOC-metro
2025-10-21,Punjab,90.05,PPAC-derived
2025-10-21,Rajasthan,92.85,PPAC-derived
2025-10-21,Tamil Nadu,92.39,PPAC-IOC-metro
2025-10-21,Telangana,93.95,PPAC-derived
2025-10-21,Uttar Pradesh,88.65,PPAC-derived
2025-10-21,West Bengal,92.02,PPAC-IOC-metro
2025-10-22,Andhra Pradesh,95.15,PPAC-derived
2025-10-22,Delhi,87.67,PPAC-IOC-metro
2025-10-22,Gujarat,86.95,PPAC-derived
2025-10-22,Haryana,89.45,PPAC-derived
2025-10-22,Karnataka,91.65,PPAC-derived
2025-10-22,Madhya Pradesh,91.95,PPAC-derived
2025-10-22,Maharashtra,90.03,PPAC-IOC-metro
2025-10-22,Punjab,90.05,PPAC-derived
2025-10-22,Rajasthan,92.85,PPAC-derived
2025-10-22,Tamil Nadu,92.39,PPAC-IOC-metro
2025-10-22,Telangana,93.95,PPAC-derived
2025-10-22,Uttar Pradesh,88.65,PPAC-derived
2025-10-22,West Bengal,92.02,PPAC-IOC-metro
2025-10-23,Andhra Pradesh,95.15,PPAC-derived
2025-10-23,Delhi,87.67,PPAC-IOC-metro
2025-10-23,Gujarat,86.95,PPAC-derived
2025-10-23,Haryana,89.45,PPAC-derived
2025-10-23,Karnataka,91.65,PPAC-derived
2025-10-23,Madhya Pradesh,91.95,PPAC-derived
2025-10-23,Maharashtra,90.03,PPAC-IOC-metro
2025-10-23,Punjab,90.05,PPAC-derived
2025-10-23,Rajasthan,92.85,PPAC-derived
2025-10-23,Tamil Nadu,92.39,PPAC-IOC-metro
2025-10-23,Telangana,93.95,PPAC-derived
2025-10-23,Uttar Pradesh,88.65,PPAC-derived
2025-10-23,West Bengal,92.02,PPAC-IOC-metro
2025-10-24,Andhra Pradesh,95.15,PPAC-derived
2025-10-24,Delhi,87.67,PPAC-IOC-metro
2025-10-24,Gujarat,86.95,PPAC-derived
2025-10-24,Haryana,89.45,PPAC-derived
2025-10-24,Karnataka,91.65,PPAC-derived
2025-10-24,Madhya Pradesh,91.95,PPAC-derived
2025-10-24,Maharashtra,90.03,PPAC-IOC-metro
2025-10-24,Punjab,90.05,PPAC-derived
2025-10-24,Rajasthan,92.85,PPAC-derived
2025-10-24,Tamil Nadu,92.39,PPAC-IOC-metro
2025-10-24,Telangana,93.95,PPAC-derived
2025-10-24,Uttar Pradesh,88.65,PPAC-derived
2025-10-24,West Bengal,92.02,PPAC-IOC-metro
2025-10-25,Andhra Pradesh,95.15,PPAC-derived
2025-10-25,Delhi,87.67,PPAC-IOC-metro
2025-10-25,Gujarat,86.95,PPAC-derived
2025-10-25,Haryana,89.45,PPAC-derived
2025-10-25,Karnataka,91.65,PPAC-derived
2025-10-25,Madhya Pradesh,91.95,PPAC-derived
2025-10-25,Maharashtra,90.03,PPAC-IOC-metro
2025-10-25,Punjab,90.05,PPAC-derived
2025-10-25,Rajasthan,92.85,PPAC-derived
2025-10-25,Tamil Nadu,92.39,PPAC-IOC-metro
2025-10-25,Telangana,93.95,PPAC-derived
2025-10-25,Uttar Pradesh,88.65,PPAC-derived
2025-10-25,West Bengal,92.02,PPAC-IOC-metro
2025-10-26,Andhra Pradesh,95.15,PPAC-derived
2025-10-26,Delhi,87.67,PPAC-IOC-metro
2025-10-26,Gujarat,86.95,PPAC-derived
2025-10-26,Haryana,89.45,PPAC-derived
2025-10-26,Karnataka,91.65,PPAC-derived
2025-10-26,Madhya Pradesh,91.95,PPAC-derived
2025-10-26,Maharashtra,90.03,PPAC-IOC-metro
2025-10-26,Punjab,90.05,PPAC-derived
2025-10-26,Rajasthan,92.85,PPAC-derived
2025-10-26,Tamil Nadu,92.39,PPAC-IOC-metro
2025-10-26,Telangana,93.95,PPAC-derived
2025-10-26,Uttar Pradesh,88.65,PPAC-derived
2025-10-26,West Bengal,92.02,PPAC-IOC-metro
2025-10-27,Andhra Pradesh,95.15,PPAC-derived
2025-10-27,Delhi,87.67,PPAC-IOC-metro
2025-10-27,Gujarat,86.95,PPAC-derived
2025-10-27,Haryana,89.45,PPAC-derived
2025-10-27,Karnataka,91.65,PPAC-derived
2025-10-27,Madhya Pradesh,91.95,PPAC-derived
2025-10-27,Maharashtra,90.03,PPAC-IOC-metro
2025-10-27,Punjab,90.05,PPAC-derived
2025-10-27,Rajasthan,92.85,PPAC-derived
2025-10-27,Tamil Nadu,92.39,PPAC-IOC-metro
2025-10-27,Telangana,93.95,PPAC-derived
2025-10-27,Uttar Pradesh,88.65,PPAC-derived
2025-10-27,West Bengal,92.02,PPAC-IOC-metro
2025-10-28,Andhra Pradesh,95.15,PPAC-derived
2025-10-28,Delhi,87.67,PPAC-IOC-metro
2025-10-28,Gujarat,86.95,PPAC-derived
2025-10-28,Haryana,89.45,PPAC-derived
2025-10-28,Karnataka,91.65,PPAC-derived
2025-10-28,Madhya Pradesh,91.95,PPAC-derived
2025-10-28,Maharashtra,90.03,PPAC-IOC-metro
2025-10-28,Punjab,90.05,PPAC-derived
2025-10-28,Rajasthan,92.85,PPAC-derived
2025-10-28,Tamil Nadu,92.39,PPAC-IOC-metro
2025-10-28,Telangana,93.95,PPAC-derived
2025-10-28,Uttar Pradesh,88.65,PPAC-derived
2025-10-28,West Bengal,92.02,PPAC-IOC-metro
2025-10-29,Andhra Pradesh,95.15,PPAC-derived
2025-10-29,Delhi,87.67,PPAC-IOC-metro
2025-10-29,Gujarat,86.95,PPAC-derived
2025-10-29,Haryana,89.45,PPAC-derived
2025-10-29,Karnataka,91.65,PPAC-derived
2025-10-29,Madhya Pradesh,91.95,PPAC-derived
2025-10-29,Maharashtra,90.03,PPAC-IOC-metro
2025-10-29,Punjab,90.05,PPAC-derived
2025-10-29,Rajasthan,92.85,PPAC-derived
2025-10-29,Tamil Nadu,92.39,PPAC-IOC-metro
2025-10-29,Telangana,93.95,PPAC-derived
2025-10-29,Uttar Pradesh,88.65,PPAC-derived
2025-10-29,West Bengal,92.02,PPAC-IOC-metro
2025-10-30,Andhra Pradesh,95.15,PPAC-derived
2025-10-30,Delhi,87.67,PPAC-IOC-metro
2025-10-30,Gujarat,86.95,PPAC-derived
2025-10-30,Haryana,89.45,PPAC-derived
2025-10-30,Karnataka,91.65,PPAC-derived
2025-10-30,Madhya Pradesh,91.95,PPAC-derived
2025-10-30,Maharashtra,90.03,PPAC-IOC-metro
2025-10-30,Punjab,90.05,PPAC-derived
2025-10-30,Rajasthan,92.85,PPAC-derived
2025-10-30,Tamil Nadu,92.39,PPAC-IOC-metro
2025-10-30,Telangana,93.95,PPAC-derived
2025-10-30,Uttar Pradesh,88.65,PPAC-derived
2025-10-30,West Bengal,92.02,PPAC-IOC-metro
2025-10-31,Andhra Pradesh,95.15,PPAC-derived
2025-10-31,Delhi,87.67,PPAC-IOC-metro
2025-10-31,Gujarat,86.95,PPAC-derived
2025-10-31,Haryana,89.45,PPAC-derived
2025-10-31,Karnataka,91.65,PPAC-derived
2025-10-31,Madhya Pradesh,91.95,PPAC-derived
2025-10-31,Maharashtra,90.03,PPAC-IOC-metro
2025-10-31,Punjab,90.05,PPAC-derived
2025-10-31,Rajasthan,92.85,PPAC-derived
2025-10-31,Tamil Nadu,92.39,PPAC-IOC-metro
2025-10-31,Telangana,93.95,PPAC-derived
2025-10-31,Uttar Pradesh,88.65,PPAC-derived
2025-10-31,West Bengal,92.02,PPAC-IOC-metro
2025-11-01,Andhra Pradesh,95.15,PPAC-derived
2025-11-01,Delhi,87.67,PPAC-IOC-metro
2025-11-01,Gujarat,86.95,PPAC-derived
2025-11-01,Haryana,89.45,PPAC-derived
2025-11-01,Karnataka,91.65,PPAC-derived
2025-11-01,Madhya Pradesh,91.95,PPAC-derived
2025-11-01,Maharashtra,90.03,PPAC-IOC-metro
2025-11-01,Punjab,90.05,PPAC-derived
2025-11-01,Rajasthan,92.85,PPAC-derived
2025-11-01,Tamil Nadu,92.39,PPAC-IOC-metro
2025-11-01,Telangana,93.95,PPAC-derived
2025-11-01,Uttar Pradesh,88.65,PPAC-derived
2025-11-01,West Bengal,92.02,PPAC-IOC-metro
2025-11-02,Andhra Pradesh,95.15,PPAC-derived
2025-11-02,Delhi,87.67,PPAC-IOC-metro
2025-11-02,Gujarat,86.95,PPAC-derived
2025-11-02,Haryana,89.45,PPAC-derived
2025-11-02,Karnataka,91.65,PPAC-derived
2025-11-02,Madhya Pradesh,91.95,PPAC-derived
2025-11-02,Maharashtra,90.03,PPAC-IOC-metro
2025-11-02,Punjab,90.05,PPAC-derived
2025-11-02,Rajasthan,92.85,PPAC-derived
2025-11-02,Tamil Nadu,92.39,PPAC-IOC-metro
2025-11-02,Telangana,93.95,PPAC-derived
2025-11-02,Uttar Pradesh,88.65,PPAC-derived
2025-11-02,West Bengal,92.02,PPAC-IOC-metro
2025-11-03,Andhra Pradesh,95.15,PPAC-derived
2025-11-03,Delhi,87.67,PPAC-IOC-metro
2025-11-03,Gujarat,86.95,PPAC-derived
2025-11-03,Haryana,89.45,PPAC-derived
2025-11-03,Karnataka,91.65,PPAC-derived
2025-11-03,Madhya Pradesh,91.95,PPAC-derived
2025-11-03,Maharashtra,90.03,PPAC-IOC-metro
2025-11-03,Punjab,90.05,PPAC-derived
2025-11-03,Rajasthan,92.85,PPAC-derived
2025-11-03,Tamil Nadu,92.39,PPAC-IOC-metro
2025-11-03,Telangana,93.95,PPAC-derived
2025-11-03,Uttar Pradesh,88.65,PPAC-derived
2025-11-03,West Bengal,92.02,PPAC-IOC-metro
2025-11-04,Andhra Pradesh,95.15,PPAC-derived
2025-11-04,Delhi,87.67,PPAC-IOC-metro
2025-11-04,Gujarat,86.95,PPAC-derived
2025-11-04,Haryana,89.45,PPAC-derived
2025-11-04,Karnataka,91.65,PPAC-derived
2025-11-04,Madhya Pradesh,91.95,PPAC-derived
2025-11-04,Maharashtra,90.03,PPAC-IOC-metro
2025-11-04,Punjab,90.05,PPAC-derived
2025-11-04,Rajasthan,92.85,PPAC-derived
2025-11-04,Tamil Nadu,92.39,PPAC-IOC-metro
2025-11-04,Telangana,93.95,PPAC-derived
2025-11-04,Uttar Pradesh,88.65,PPAC-derived
2025-11-04,West Bengal,92.02,PPAC-IOC-metro
2025-11-05,Andhra Pradesh,95.15,PPAC-derived
2025-11-05,Delhi,87.67,PPAC-IOC-metro
2025-11-05,Gujarat,86.95,PPAC-derived
2025-11-05,Haryana,89.45,PPAC-derived
2025-11-05,Karnataka,91.65,PPAC-derived
2025-11-05,Madhya Pradesh,91.95,PPAC-derived
2025-11-05,Maharashtra,90.03,PPAC-IOC-metro
2025-11-05,Punjab,90.05,PPAC-derived
2025-11-05,Rajasthan,92.85,PPAC-derived
2025-11-05,Tamil Nadu,92.39,PPAC-IOC-metro
2025-11-05,Telangana,93.95,PPAC-derived
2025-11-05,Uttar Pradesh,88.65,PPAC-derived
2025-11-05,West Bengal,92.02,PPAC-IOC-metro
2025-11-06,Andhra Pradesh,95.15,PPAC-derived
2025-11-06,Delhi,87.67,PPAC-IOC-metro
2025-11-06,Gujarat,86.95,PPAC-derived
2025-11-06,Haryana,89.45,PPAC-derived
2025-11-06,Karnataka,91.65,PPAC-derived
2025-11-06,Madhya Pradesh,91.95,PPAC-derived
2025-11-06,Maharashtra,90.03,PPAC-IOC-metro
2025-11-06,Punjab,90.05,PPAC-derived
2025-11-06,Rajasthan,92.85,PPAC-derived
2025-11-06,Tamil Nadu,92.39,PPAC-IOC-metro
2025-11-06,Telangana,93.95,PPAC-derived
2025-11-06,Uttar Pradesh,88.65,PPAC-derived
2025-11-06,West Bengal,92.02,PPAC-IOC-metro
2025-11-07,Andhra Pradesh,95.15,PPAC-derived
2025-11-07,Delhi,87.67,PPAC-IOC-metro
2025-11-07,Gujarat,86.95,PPAC-derived
2025-11-07,Haryana,89.45,PPAC-derived
2025-11-07,Karnataka,91.65,PPAC-derived
2025-11-07,Madhya Pradesh,91.95,PPAC-derived
2025-11-07,Maharashtra,90.03,PPAC-IOC-metro
2025-11-07,Punjab,90.05,PPAC-derived
2025-11-07,Rajasthan,92.85,PPAC-derived
2025-11-07,Tamil Nadu,92.39,PPAC-IOC-metro
2025-11-07,Telangana,93.95,PPAC-derived
2025-11-07,Uttar Pradesh,88.65,PPAC-derived
2025-11-07,West Bengal,92.02,PPAC-IOC-metro
2025-11-08,Andhra Pradesh,95.15,PPAC-derived
2025-11-08,Delhi,87.67,PPAC-IOC-metro
2025-11-08,Gujarat,86.95,PPAC-derived
2025-11-08,Haryana,89.45,PPAC-derived
2025-11-08,Karnataka,91.65,PPAC-derived
2025-11-08,Madhya Pradesh,91.95,PPAC-derived
2025-11-08,Maharashtra,90.03,PPAC-IOC-metro
2025-11-08,Punjab,90.05,PPAC-derived
2025-11-08,Rajasthan,92.85,PPAC-derived
2025-11-08,Tamil Nadu,92.39,PPAC-IOC-metro
2025-11-08,Telangana,93.95,PPAC-derived
2025-11-08,Uttar Pradesh,88.65,PPAC-derived
2025-11-08,West Bengal,92.02,PPAC-IOC-metro
2025-11-09,Andhra Pradesh,95.15,PPAC-derived
2025-11-09,Delhi,87.67,PPAC-IOC-metro
2025-11-09,Gujarat,86.95,PPAC-derived
2025-11-09,Haryana,89.45,PPAC-derived
2025-11-09,Karnataka,91.65,PPAC-derived
2025-11-09,Madhya Pradesh,91.95,PPAC-derived
2025-11-09,Maharashtra,90.03,PPAC-IOC-metro
2025-11-09,Punjab,90.05,PPAC-derived
2025-11-09,Rajasthan,92.85,PPAC-derived
2025-11-09,Tamil Nadu,92.39,PPAC-IOC-metro
2025-11-09,Telangana,93.95,PPAC-derived
2025-11-09,Uttar Pradesh,88.65,PPAC-derived
2025-11-09,West Bengal,92.02,PPAC-IOC-metro
2025-11-10,Andhra Pradesh,95.15,PPAC-derived
2025-11-10,Delhi,87.67,PPAC-IOC-metro
2025-11-10,Gujarat,86.95,PPAC-derived
2025-11-10,Haryana,89.45,PPAC-derived
2025-11-10,Karnataka,91.65,PPAC-derived
2025-11-10,Madhya Pradesh,91.95,PPAC-derived
2025-11-10,Maharashtra,90.03,PPAC-IOC-metro
2025-11-10,Punjab,90.05,PPAC-derived
2025-11-10,Rajasthan,92.85,PPAC-derived
2025-11-10,Tamil Nadu,92.39,PPAC-IOC-metro
2025-11-10,Telangana,93.95,PPAC-derived
2025-11-10,Uttar Pradesh,88.65,PPAC-derived
2025-11-10,West Bengal,92.02,PPAC-IOC-metro
2025-11-11,Andhra Pradesh,95.15,PPAC-derived
2025-11-11,Delhi,87.67,PPAC-IOC-metro
2025-11-11,Gujarat,86.95,PPAC-derived
2025-11-11,Haryana,89.45,PPAC-derived
2025-11-11,Karnataka,91.65,PPAC-derived
2025-11-11,Madhya Pradesh,91.95,PPAC-derived
2025-11-11,Maharashtra,90.03,PPAC-IOC-metro
2025-11-11,Punjab,90.05,PPAC-derived
2025-11-11,Rajasthan,92.85,PPAC-derived
2025-11-11,Tamil Nadu,92.39,PPAC-IOC-metro
2025-11-11,Telangana,93.95,PPAC-derived
2025-11-11,Uttar Pradesh,88.65,PPAC-derived
2025-11-11,West Bengal,92.02,PPAC-IOC-metro
2025-11-12,Andhra Pradesh,95.15,PPAC-derived
2025-11-12,Delhi,87.67,PPAC-IOC-metro
2025-11-12,Gujarat,86.95,PPAC-derived
2025-11-12,Haryana,89.45,PPAC-derived
2025-11-12,Karnataka,91.65,PPAC-derived
2025-11-12,Madhya Pradesh,91.95,PPAC-derived
2025-11-12,Maharashtra,90.03,PPAC-IOC-metro
2025-11-12,Punjab,90.05,PPAC-derived
2025-11-12,Rajasthan,92.85,PPAC-derived
2025-11-12,Tamil Nadu,92.39,PPAC-IOC-metro
2025-11-12,Telangana,93.95,PPAC-derived
2025-11-12,Uttar Pradesh,88.65,PPAC-derived
2025-11-12,West Bengal,92.02,PPAC-IOC-metro
2025-11-13,Andhra Pradesh,95.15,PPAC-derived
2025-11-13,Delhi,87.67,PPAC-IOC-metro
2025-11-13,Gujarat,86.95,PPAC-derived
2025-11-13,Haryana,89.45,PPAC-derived
2025-11-13,Karnataka,91.65,PPAC-derived
2025-11-13,Madhya Pradesh,91.95,PPAC-derived
2025-11-13,Maharashtra,90.03,PPAC-IOC-metro
2025-11-13,Punjab,90.05,PPAC-derived
2025-11-13,Rajasthan,92.85,PPAC-derived
2025-11-13,Tamil Nadu,92.39,PPAC-IOC-metro
2025-11-13,Telangana,93.95,PPAC-derived
2025-11-13,Uttar Pradesh,88.65,PPAC-derived
2025-11-13,West Bengal,92.02,PPAC-IOC-metro
2025-11-14,Andhra Pradesh,95.15,PPAC-derived
2025-11-14,Delhi,87.67,PPAC-IOC-metro
2025-11-14,Gujarat,86.95,PPAC-derived
2025-11-14,Haryana,89.45,PPAC-derived
2025-11-14,Karnataka,91.65,PPAC-derived
2025-11-14,Madhya Pradesh,91.95,PPAC-derived
2025-11-14,Maharashtra,90.03,PPAC-IOC-metro
2025-11-14,Punjab,90.05,PPAC-derived
2025-11-14,Rajasthan,92.85,PPAC-derived
2025-11-14,Tamil Nadu,92.39,PPAC-IOC-metro
2025-11-14,Telangana,93.95,PPAC-derived
2025-11-14,Uttar Pradesh,88.65,PPAC-derived
2025-11-14,West Bengal,92.02,PPAC-IOC-metro
2025-11-15,Andhra Pradesh,95.15,PPAC-derived
2025-11-15,Delhi,87.67,PPAC-IOC-metro
2025-11-15,Gujarat,86.95,PPAC-derived
2025-11-15,Haryana,89.45,PPAC-derived
2025-11-15,Karnataka,91.65,PPAC-derived
2025-11-15,Madhya Pradesh,91.95,PPAC-derived
2025-11-15,Maharashtra,90.03,PPAC-IOC-metro
2025-11-15,Punjab,90.05,PPAC-derived
2025-11-15,Rajasthan,92.85,PPAC-derived
2025-11-15,Tamil Nadu,92.39,PPAC-IOC-metro
2025-11-15,Telangana,93.95,PPAC-derived
2025-11-15,Uttar Pradesh,88.65,PPAC-derived
2025-11-15,West Bengal,92.02,PPAC-IOC-metro
2025-11-16,Andhra Pradesh,95.15,PPAC-derived
2025-11-16,Delhi,87.67,PPAC-IOC-metro
2025-11-16,Gujarat,86.95,PPAC-derived
2025-11-16,Haryana,89.45,PPAC-derived
2025-11-16,Karnataka,91.65,PPAC-derived
2025-11-16,Madhya Pradesh,91.95,PPAC-derived
2025-11-16,Maharashtra,90.03,PPAC-IOC-metro
2025-11-16,Punjab,90.05,PPAC-derived
2025-11-16,Rajasthan,92.85,PPAC-derived
2025-11-16,Tamil Nadu,92.39,PPAC-IOC-metro
2025-11-16,Telangana,93.95,PPAC-derived
2025-11-16,Uttar Pradesh,88.65,PPAC-derived
2025-11-16,West Bengal,92.02,PPAC-IOC-metro
2025-11-17,Andhra Pradesh,95.15,PPAC-derived
2025-11-17,Delhi,87.67,PPAC-IOC-metro
2025-11-17,Gujarat,86.95,PPAC-derived
2025-11-17,Haryana,89.45,PPAC-derived
2025-11-17,Karnataka,91.65,PPAC-derived
2025-11-17,Madhya Pradesh,91.95,PPAC-derived
2025-11-17,Maharashtra,90.03,PPAC-IOC-metro
2025-11-17,Punjab,90.05,PPAC-derived
2025-11-17,Rajasthan,92.85,PPAC-derived
2025-11-17,Tamil Nadu,92.39,PPAC-IOC-metro
2025-11-17,Telangana,93.95,PPAC-derived
2025-11-17,Uttar Pradesh,88.65,PPAC-derived
2025-11-17,West Bengal,92.02,PPAC-IOC-metro
2025-11-18,Andhra Pradesh,95.15,PPAC-derived
2025-11-18,Delhi,87.67,PPAC-IOC-metro
2025-11-18,Gujarat,86.95,PPAC-derived
2025-11-18,Haryana,89.45,PPAC-derived
2025-11-18,Karnataka,91.65,PPAC-derived
2025-11-18,Madhya Pradesh,91.95,PPAC-derived
2025-11-18,Maharashtra,90.03,PPAC-IOC-metro
2025-11-18,Punjab,90.05,PPAC-derived
2025-11-18,Rajasthan,92.85,PPAC-derived
2025-11-18,Tamil Nadu,92.39,PPAC-IOC-metro
2025-11-18,Telangana,93.95,PPAC-derived
2025-11-18,Uttar Pradesh,88.65,PPAC-derived
2025-11-18,West Bengal,92.02,PPAC-IOC-metro
2025-11-19,Andhra Pradesh,95.15,PPAC-derived
2025-11-19,Delhi,87.67,PPAC-IOC-metro
2025-11-19,Gujarat,86.95,PPAC-derived
2025-11-19,Haryana,89.45,PPAC-derived
2025-11-19,Karnataka,91.65,PPAC-derived
2025-11-19,Madhya Pradesh,91.95,PPAC-derived
2025-11-19,Maharashtra,90.03,PPAC-IOC-metro
2025-11-19,Punjab,90.05,PPAC-derived
2025-11-19,Rajasthan,92.85,PPAC-derived
2025-11-19,Tamil Nadu,92.39,PPAC-IOC-metro
2025-11-19,Telangana,93.95,PPAC-derived
2025-11-19,Uttar Pradesh,88.65,PPAC-derived
2025-11-19,West Bengal,92.02,PPAC-IOC-metro
2025-11-20,Andhra Pradesh,95.15,PPAC-derived
2025-11-20,Delhi,87.67,PPAC-IOC-metro
2025-11-20,Gujarat,86.95,PPAC-derived
2025-11-20,Haryana,89.45,PPAC-derived
2025-11-20,Karnataka,91.65,PPAC-derived
2025-11-20,Madhya Pradesh,91.95,PPAC-derived
2025-11-20,Maharashtra,90.03,PPAC-IOC-metro
2025-11-20,Punjab,90.05,PPAC-derived
2025-11-20,Rajasthan,92.85,PPAC-derived
2025-11-20,Tamil Nadu,92.39,PPAC-IOC-metro
2025-11-20,Telangana,93.95,PPAC-derived
2025-11-20,Uttar Pradesh,88.65,PPAC-derived
2025-11-20,West Bengal,92.02,PPAC-IOC-metro
2025-11-21,Andhra Pradesh,95.15,PPAC-derived
2025-11-21,Delhi,87.67,PPAC-IOC-metro
2025-11-21,Gujarat,86.95,PPAC-derived
2025-11-21,Haryana,89.45,PPAC-derived
2025-11-21,Karnataka,91.65,PPAC-derived
2025-11-21,Madhya Pradesh,91.95,PPAC-derived
2025-11-21,Maharashtra,90.03,PPAC-IOC-metro
2025-11-21,Punjab,90.05,PPAC-derived
2025-11-21,Rajasthan,92.85,PPAC-derived
2025-11-21,Tamil Nadu,92.39,PPAC-IOC-metro
2025-11-21,Telangana,93.95,PPAC-derived
2025-11-21,Uttar Pradesh,88.65,PPAC-derived
2025-11-21,West Bengal,92.02,PPAC-IOC-metro
2025-11-22,Andhra Pradesh,95.15,PPAC-derived
2025-11-22,Delhi,87.67,PPAC-IOC-metro
2025-11-22,Gujarat,86.95,PPAC-derived
2025-11-22,Haryana,89.45,PPAC-derived
2025-11-22,Karnataka,91.65,PPAC-derived
2025-11-22,Madhya Pradesh,91.95,PPAC-derived
2025-11-22,Maharashtra,90.03,PPAC-IOC-metro
2025-11-22,Punjab,90.05,PPAC-derived
2025-11-22,Rajasthan,92.85,PPAC-derived
2025-11-22,Tamil Nadu,92.39,PPAC-IOC-metro
2025-11-22,Telangana,93.95,PPAC-derived
2025-11-22,Uttar Pradesh,88.65,PPAC-derived
2025-11-22,West Bengal,92.02,PPAC-IOC-metro
2025-11-23,Andhra Pradesh,95.15,PPAC-derived
2025-11-23,Delhi,87.67,PPAC-IOC-metro
2025-11-23,Gujarat,86.95,PPAC-derived
2025-11-23,Haryana,89.45,PPAC-derived
2025-11-23,Karnataka,91.65,PPAC-derived
2025-11-23,Madhya Pradesh,91.95,PPAC-derived
2025-11-23,Maharashtra,90.03,PPAC-IOC-metro
2025-11-23,Punjab,90.05,PPAC-derived
2025-11-23,Rajasthan,92.85,PPAC-derived
2025-11-23,Tamil Nadu,92.39,PPAC-IOC-metro
2025-11-23,Telangana,93.95,PPAC-derived
2025-11-23,Uttar Pradesh,88.65,PPAC-derived
2025-11-23,West Bengal,92.02,PPAC-IOC-metro
2025-11-24,Andhra Pradesh,95.15,PPAC-derived
2025-11-24,Delhi,87.67,PPAC-IOC-metro
2025-11-24,Gujarat,86.95,PPAC-derived
2025-11-24,Haryana,89.45,PPAC-derived
2025-11-24,Karnataka,91.65,PPAC-derived
2025-11-24,Madhya Pradesh,91.95,PPAC-derived
2025-11-24,Maharashtra,90.03,PPAC-IOC-metro
2025-11-24,Punjab,90.05,PPAC-derived
2025-11-24,Rajasthan,92.85,PPAC-derived
2025-11-24,Tamil Nadu,92.39,PPAC-IOC-metro
2025-11-24,Telangana,93.95,PPAC-derived
2025-11-24,Uttar Pradesh,88.65,PPAC-derived
2025-11-24,West Bengal,92.02,PPAC-IOC-metro
2025-11-25,Andhra Pradesh,95.15,PPAC-derived
2025-11-25,Delhi,87.67,PPAC-IOC-metro
2025-11-25,Gujarat,86.95,PPAC-derived
2025-11-25,Haryana,89.45,PPAC-derived
2025-11-25,Karnataka,91.65,PPAC-derived
2025-11-25,Madhya Pradesh,91.95,PPAC-derived
2025-11-25,Maharashtra,90.03,PPAC-IOC-metro
2025-11-25,Punjab,90.05,PPAC-derived
2025-11-25,Rajasthan,92.85,PPAC-derived
2025-11-25,Tamil Nadu,92.39,PPAC-IOC-metro
2025-11-25,Telangana,93.95,PPAC-derived
2025-11-25,Uttar Pradesh,88.65,PPAC-derived
2025-11-25,West Bengal,92.02,PPAC-IOC-metro
2025-11-26,Andhra Pradesh,95.15,PPAC-derived
2025-11-26,Delhi,87.67,PPAC-IOC-metro
2025-11-26,Gujarat,86.95,PPAC-derived
2025-11-26,Haryana,89.45,PPAC-derived
2025-11-26,Karnataka,91.65,PPAC-derived
2025-11-26,Madhya Pradesh,91.95,PPAC-derived
2025-11-26,Maharashtra,90.03,PPAC-IOC-metro
2025-11-26,Punjab,90.05,PPAC-derived
2025-11-26,Rajasthan,92.85,PPAC-derived
2025-11-26,Tamil Nadu,92.39,PPAC-IOC-metro
2025-11-26,Telangana,93.95,PPAC-derived
2025-11-26,Uttar Pradesh,88.65,PPAC-derived
2025-11-26,West Bengal,92.02,PPAC-IOC-metro
2025-11-27,Andhra Pradesh,95.15,PPAC-derived
2025-11-27,Delhi,87.67,PPAC-IOC-metro
2025-11-27,Gujarat,86.95,PPAC-derived
2025-11-27,Haryana,89.45,PPAC-derived
2025-11-27,Karnataka,91.65,PPAC-derived
2025-11-27,Madhya Pradesh,91.95,PPAC-derived
2025-11-27,Maharashtra,90.03,PPAC-IOC-metro
2025-11-27,Punjab,90.05,PPAC-derived
2025-11-27,Rajasthan,92.85,PPAC-derived
2025-11-27,Tamil Nadu,92.39,PPAC-IOC-metro
2025-11-27,Telangana,93.95,PPAC-derived
2025-11-27,Uttar Pradesh,88.65,PPAC-derived
2025-11-27,West Bengal,92.02,PPAC-IOC-metro
2025-11-28,Andhra Pradesh,95.15,PPAC-derived
2025-11-28,Delhi,87.67,PPAC-IOC-metro
2025-11-28,Gujarat,86.95,PPAC-derived
2025-11-28,Haryana,89.45,PPAC-derived
2025-11-28,Karnataka,91.65,PPAC-derived
2025-11-28,Madhya Pradesh,91.95,PPAC-derived
2025-11-28,Maharashtra,90.03,PPAC-IOC-metro
2025-11-28,Punjab,90.05,PPAC-derived
2025-11-28,Rajasthan,92.85,PPAC-derived
2025-11-28,Tamil Nadu,92.39,PPAC-IOC-metro
2025-11-28,Telangana,93.95,PPAC-derived
2025-11-28,Uttar Pradesh,88.65,PPAC-derived
2025-11-28,West Bengal,92.02,PPAC-IOC-metro
2025-11-29,Andhra Pradesh,95.15,PPAC-derived
2025-11-29,Delhi,87.67,PPAC-IOC-metro
2025-11-29,Gujarat,86.95,PPAC-derived
2025-11-29,Haryana,89.45,PPAC-derived
2025-11-29,Karnataka,91.65,PPAC-derived
2025-11-29,Madhya Pradesh,91.95,PPAC-derived
2025-11-29,Maharashtra,90.03,PPAC-IOC-metro
2025-11-29,Punjab,90.05,PPAC-derived
2025-11-29,Rajasthan,92.85,PPAC-derived
2025-11-29,Tamil Nadu,92.39,PPAC-IOC-metro
2025-11-29,Telangana,93.95,PPAC-derived
2025-11-29,Uttar Pradesh,88.65,PPAC-derived
2025-11-29,West Bengal,92.02,PPAC-IOC-metro
2025-11-30,Andhra Pradesh,95.15,PPAC-derived
2025-11-30,Delhi,87.67,PPAC-IOC-metro
2025-11-30,Gujarat,86.95,PPAC-derived
2025-11-30,Haryana,89.45,PPAC-derived
2025-11-30,Karnataka,91.65,PPAC-derived
2025-11-30,Madhya Pradesh,91.95,PPAC-derived
2025-11-30,Maharashtra,90.03,PPAC-IOC-metro
2025-11-30,Punjab,90.05,PPAC-derived
2025-11-30,Rajasthan,92.85,PPAC-derived
2025-11-30,Tamil Nadu,92.39,PPAC-IOC-metro
2025-11-30,Telangana,93.95,PPAC-derived
2025-11-30,Uttar Pradesh,88.65,PPAC-derived
2025-11-30,West Bengal,92.02,PPAC-IOC-metro
2025-12-01,Andhra Pradesh,95.15,PPAC-derived
2025-12-01,Delhi,87.67,PPAC-IOC-metro
2025-12-01,Gujarat,86.95,PPAC-derived
2025-12-01,Haryana,89.45,PPAC-derived
2025-12-01,Karnataka,91.65,PPAC-derived
2025-12-01,Madhya Pradesh,91.95,PPAC-derived
2025-12-01,Maharashtra,90.03,PPAC-IOC-metro
2025-12-01,Punjab,90.05,PPAC-derived
2025-12-01,Rajasthan,92.85,PPAC-derived
2025-12-01,Tamil Nadu,92.39,PPAC-IOC-metro
2025-12-01,Telangana,93.95,PPAC-derived
2025-12-01,Uttar Pradesh,88.65,PPAC-derived
2025-12-01,West Bengal,92.02,PPAC-IOC-metro
2025-12-02,Andhra Pradesh,95.15,PPAC-derived
2025-12-02,Delhi,87.67,PPAC-IOC-metro
2025-12-02,Gujarat,86.95,PPAC-derived
2025-12-02,Haryana,89.45,PPAC-derived
2025-12-02,Karnataka,91.65,PPAC-derived
2025-12-02,Madhya Pradesh,91.95,PPAC-derived
2025-12-02,Maharashtra,90.03,PPAC-IOC-metro
2025-12-02,Punjab,90.05,PPAC-derived
2025-12-02,Rajasthan,92.85,PPAC-derived
2025-12-02,Tamil Nadu,92.39,PPAC-IOC-metro
2025-12-02,Telangana,93.95,PPAC-derived
2025-12-02,Uttar Pradesh,88.65,PPAC-derived
2025-12-02,West Bengal,92.02,PPAC-IOC-metro
2025-12-03,Andhra Pradesh,95.15,PPAC-derived
2025-12-03,Delhi,87.67,PPAC-IOC-metro
2025-12-03,Gujarat,86.95,PPAC-derived
2025-12-03,Haryana,89.45,PPAC-derived
2025-12-03,Karnataka,91.65,PPAC-derived
2025-12-03,Madhya Pradesh,91.95,PPAC-derived
2025-12-03,Maharashtra,90.03,PPAC-IOC-metro
2025-12-03,Punjab,90.05,PPAC-derived
2025-12-03,Rajasthan,92.85,PPAC-derived
2025-12-03,Tamil Nadu,92.39,PPAC-IOC-metro
2025-12-03,Telangana,93.95,PPAC-derived
2025-12-03,Uttar Pradesh,88.65,PPAC-derived
2025-12-03,West Bengal,92.02,PPAC-IOC-metro
2025-12-04,Andhra Pradesh,95.15,PPAC-derived
2025-12-04,Delhi,87.67,PPAC-IOC-metro
2025-12-04,Gujarat,86.95,PPAC-derived
2025-12-04,Haryana,89.45,PPAC-derived
2025-12-04,Karnataka,91.65,PPAC-derived
2025-12-04,Madhya Pradesh,91.95,PPAC-derived
2025-12-04,Maharashtra,90.03,PPAC-IOC-metro
2025-12-04,Punjab,90.05,PPAC-derived
2025-12-04,Rajasthan,92.85,PPAC-derived
2025-12-04,Tamil Nadu,92.39,PPAC-IOC-metro
2025-12-04,Telangana,93.95,PPAC-derived
2025-12-04,Uttar Pradesh,88.65,PPAC-derived
2025-12-04,West Bengal,92.02,PPAC-IOC-metro
2025-12-05,Andhra Pradesh,95.15,PPAC-derived
2025-12-05,Delhi,87.67,PPAC-IOC-metro
2025-12-05,Gujarat,86.95,PPAC-derived
2025-12-05,Haryana,89.45,PPAC-derived
2025-12-05,Karnataka,91.65,PPAC-derived
2025-12-05,Madhya Pradesh,91.95,PPAC-derived
2025-12-05,Maharashtra,90.03,PPAC-IOC-metro
2025-12-05,Punjab,90.05,PPAC-derived
2025-12-05,Rajasthan,92.85,PPAC-derived
2025-12-05,Tamil Nadu,92.39,PPAC-IOC-metro
2025-12-05,Telangana,93.95,PPAC-derived
2025-12-05,Uttar Pradesh,88.65,PPAC-derived
2025-12-05,West Bengal,92.02,PPAC-IOC-metro
2025-12-06,Andhra Pradesh,95.15,PPAC-derived
2025-12-06,Delhi,87.67,PPAC-IOC-metro
2025-12-06,Gujarat,86.95,PPAC-derived
2025-12-06,Haryana,89.45,PPAC-derived
2025-12-06,Karnataka,91.65,PPAC-derived
2025-12-06,Madhya Pradesh,91.95,PPAC-derived
2025-12-06,Maharashtra,90.03,PPAC-IOC-metro
2025-12-06,Punjab,90.05,PPAC-derived
2025-12-06,Rajasthan,92.85,PPAC-derived
2025-12-06,Tamil Nadu,92.39,PPAC-IOC-metro
2025-12-06,Telangana,93.95,PPAC-derived
2025-12-06,Uttar Pradesh,88.65,PPAC-derived
2025-12-06,West Bengal,92.02,PPAC-IOC-metro
2025-12-07,Andhra Pradesh,95.15,PPAC-derived
2025-12-07,Delhi,87.67,PPAC-IOC-metro
2025-12-07,Gujarat,86.95,PPAC-derived
2025-12-07,Haryana,89.45,PPAC-derived
2025-12-07,Karnataka,91.65,PPAC-derived
2025-12-07,Madhya Pradesh,91.95,PPAC-derived
2025-12-07,Maharashtra,90.03,PPAC-IOC-metro
2025-12-07,Punjab,90.05,PPAC-derived
2025-12-07,Rajasthan,92.85,PPAC-derived
2025-12-07,Tamil Nadu,92.39,PPAC-IOC-metro
2025-12-07,Telangana,93.95,PPAC-derived
2025-12-07,Uttar Pradesh,88.65,PPAC-derived
2025-12-07,West Bengal,92.02,PPAC-IOC-metro
2025-12-08,Andhra Pradesh,95.15,PPAC-derived
2025-12-08,Delhi,87.67,PPAC-IOC-metro
2025-12-08,Gujarat,86.95,PPAC-derived
2025-12-08,Haryana,89.45,PPAC-derived
2025-12-08,Karnataka,91.65,PPAC-derived
2025-12-08,Madhya Pradesh,91.95,PPAC-derived
2025-12-08,Maharashtra,90.03,PPAC-IOC-metro
2025-12-08,Punjab,90.05,PPAC-derived
2025-12-08,Rajasthan,92.85,PPAC-derived
2025-12-08,Tamil Nadu,92.39,PPAC-IOC-metro
2025-12-08,Telangana,93.95,PPAC-derived
2025-12-08,Uttar Pradesh,88.65,PPAC-derived
2025-12-08,West Bengal,92.02,PPAC-IOC-metro
2025-12-09,Andhra Pradesh,95.15,PPAC-derived
2025-12-09,Delhi,87.67,PPAC-IOC-metro
2025-12-09,Gujarat,86.95,PPAC-derived
2025-12-09,Haryana,89.45,PPAC-derived
2025-12-09,Karnataka,91.65,PPAC-derived
2025-12-09,Madhya Pradesh,91.95,PPAC-derived
2025-12-09,Maharashtra,90.03,PPAC-IOC-metro
2025-12-09,Punjab,90.05,PPAC-derived
2025-12-09,Rajasthan,92.85,PPAC-derived
2025-12-09,Tamil Nadu,92.39,PPAC-IOC-metro
2025-12-09,Telangana,93.95,PPAC-derived
2025-12-09,Uttar Pradesh,88.65,PPAC-derived
2025-12-09,West Bengal,92.02,PPAC-IOC-metro
2025-12-10,Andhra Pradesh,95.15,PPAC-derived
2025-12-10,Delhi,87.67,PPAC-IOC-metro
2025-12-10,Gujarat,86.95,PPAC-derived
2025-12-10,Haryana,89.45,PPAC-derived
2025-12-10,Karnataka,91.65,PPAC-derived
2025-12-10,Madhya Pradesh,91.95,PPAC-derived
2025-12-10,Maharashtra,90.03,PPAC-IOC-metro
2025-12-10,Punjab,90.05,PPAC-derived
2025-12-10,Rajasthan,92.85,PPAC-derived
2025-12-10,Tamil Nadu,92.39,PPAC-IOC-metro
2025-12-10,Telangana,93.95,PPAC-derived
2025-12-10,Uttar Pradesh,88.65,PPAC-derived
2025-12-10,West Bengal,92.02,PPAC-IOC-metro
2025-12-11,Andhra Pradesh,95.15,PPAC-derived
2025-12-11,Delhi,87.67,PPAC-IOC-metro
2025-12-11,Gujarat,86.95,PPAC-derived
2025-12-11,Haryana,89.45,PPAC-derived
2025-12-11,Karnataka,91.65,PPAC-derived
2025-12-11,Madhya Pradesh,91.95,PPAC-derived
2025-12-11,Maharashtra,90.03,PPAC-IOC-metro
2025-12-11,Punjab,90.05,PPAC-derived
2025-12-11,Rajasthan,92.85,PPAC-derived
2025-12-11,Tamil Nadu,92.39,PPAC-IOC-metro
2025-12-11,Telangana,93.95,PPAC-derived
2025-12-11,Uttar Pradesh,88.65,PPAC-derived
2025-12-11,West Bengal,92.02,PPAC-IOC-metro
2025-12-12,Andhra Pradesh,95.15,PPAC-derived
2025-12-12,Delhi,87.67,PPAC-IOC-metro
2025-12-12,Gujarat,86.95,PPAC-derived
2025-12-12,Haryana,89.45,PPAC-derived
2025-12-12,Karnataka,91.65,PPAC-derived
2025-12-12,Madhya Pradesh,91.95,PPAC-derived
2025-12-12,Maharashtra,90.03,PPAC-IOC-metro
2025-12-12,Punjab,90.05,PPAC-derived
2025-12-12,Rajasthan,92.85,PPAC-derived
2025-12-12,Tamil Nadu,92.39,PPAC-IOC-metro
2025-12-12,Telangana,93.95,PPAC-derived
2025-12-12,Uttar Pradesh,88.65,PPAC-derived
2025-12-12,West Bengal,92.02,PPAC-IOC-metro
2025-12-13,Andhra Pradesh,95.15,PPAC-derived
2025-12-13,Delhi,87.67,PPAC-IOC-metro
2025-12-13,Gujarat,86.95,PPAC-derived
2025-12-13,Haryana,89.45,PPAC-derived
2025-12-13,Karnataka,91.65,PPAC-derived
2025-12-13,Madhya Pradesh,91.95,PPAC-derived
2025-12-13,Maharashtra,90.03,PPAC-IOC-metro
2025-12-13,Punjab,90.05,PPAC-derived
2025-12-13,Rajasthan,92.85,PPAC-derived
2025-12-13,Tamil Nadu,92.39,PPAC-IOC-metro
2025-12-13,Telangana,93.95,PPAC-derived
2025-12-13,Uttar Pradesh,88.65,PPAC-derived
2025-12-13,West Bengal,92.02,PPAC-IOC-metro
2025-12-14,Andhra Pradesh,95.15,PPAC-derived
2025-12-14,Delhi,87.67,PPAC-IOC-metro
2025-12-14,Gujarat,86.95,PPAC-derived
2025-12-14,Haryana,89.45,PPAC-derived
2025-12-14,Karnataka,91.65,PPAC-derived
2025-12-14,Madhya Pradesh,91.95,PPAC-derived
2025-12-14,Maharashtra,90.03,PPAC-IOC-metro
2025-12-14,Punjab,90.05,PPAC-derived
2025-12-14,Rajasthan,92.85,PPAC-derived
2025-12-14,Tamil Nadu,92.39,PPAC-IOC-metro
2025-12-14,Telangana,93.95,PPAC-derived
2025-12-14,Uttar Pradesh,88.65,PPAC-derived
2025-12-14,West Bengal,92.02,PPAC-IOC-metro
2025-12-15,Andhra Pradesh,95.15,PPAC-derived
2025-12-15,Delhi,87.67,PPAC-IOC-metro
2025-12-15,Gujarat,86.95,PPAC-derived
2025-12-15,Haryana,89.45,PPAC-derived
2025-12-15,Karnataka,91.65,PPAC-derived
2025-12-15,Madhya Pradesh,91.95,PPAC-derived
2025-12-15,Maharashtra,90.03,PPAC-IOC-metro
2025-12-15,Punjab,90.05,PPAC-derived
2025-12-15,Rajasthan,92.85,PPAC-derived
2025-12-15,Tamil Nadu,92.39,PPAC-IOC-metro
2025-12-15,Telangana,93.95,PPAC-derived
2025-12-15,Uttar Pradesh,88.65,PPAC-derived
2025-12-15,West Bengal,92.02,PPAC-IOC-metro
2025-12-16,Andhra Pradesh,95.15,PPAC-derived
2025-12-16,Delhi,87.67,PPAC-IOC-metro
2025-12-16,Gujarat,86.95,PPAC-derived
2025-12-16,Haryana,89.45,PPAC-derived
2025-12-16,Karnataka,91.65,PPAC-derived
2025-12-16,Madhya Pradesh,91.95,PPAC-derived
2025-12-16,Maharashtra,90.03,PPAC-IOC-metro
2025-12-16,Punjab,90.05,PPAC-derived
2025-12-16,Rajasthan,92.85,PPAC-derived
2025-12-16,Tamil Nadu,92.39,PPAC-IOC-metro
2025-12-16,Telangana,93.95,PPAC-derived
2025-12-16,Uttar Pradesh,88.65,PPAC-derived
2025-12-16,West Bengal,92.02,PPAC-IOC-metro
2025-12-17,Andhra Pradesh,95.15,PPAC-derived
2025-12-17,Delhi,87.67,PPAC-IOC-metro
2025-12-17,Gujarat,86.95,PPAC-derived
2025-12-17,Haryana,89.45,PPAC-derived
2025-12-17,Karnataka,91.65,PPAC-derived
2025-12-17,Madhya Pradesh,91.95,PPAC-derived
2025-12-17,Maharashtra,90.03,PPAC-IOC-metro
2025-12-17,Punjab,90.05,PPAC-derived
2025-12-17,Rajasthan,92.85,PPAC-derived
2025-12-17,Tamil Nadu,92.39,PPAC-IOC-metro
2025-12-17,Telangana,93.95,PPAC-derived
2025-12-17,Uttar Pradesh,88.65,PPAC-derived
2025-12-17,West Bengal,92.02,PPAC-IOC-metro
2025-12-18,Andhra Pradesh,95.15,PPAC-derived
2025-12-18,Delhi,87.67,PPAC-IOC-metro
2025-12-18,Gujarat,86.95,PPAC-derived
2025-12-18,Haryana,89.45,PPAC-derived
2025-12-18,Karnataka,91.65,PPAC-derived
2025-12-18,Madhya Pradesh,91.95,PPAC-derived
2025-12-18,Maharashtra,90.03,PPAC-IOC-metro
2025-12-18,Punjab,90.05,PPAC-derived
2025-12-18,Rajasthan,92.85,PPAC-derived
2025-12-18,Tamil Nadu,92.39,PPAC-IOC-metro
2025-12-18,Telangana,93.95,PPAC-derived
2025-12-18,Uttar Pradesh,88.65,PPAC-derived
2025-12-18,West Bengal,92.02,PPAC-IOC-metro
2025-12-19,Andhra Pradesh,95.15,PPAC-derived
2025-12-19,Delhi,87.67,PPAC-IOC-metro
2025-12-19,Gujarat,86.95,PPAC-derived
2025-12-19,Haryana,89.45,PPAC-derived
2025-12-19,Karnataka,91.65,PPAC-derived
2025-12-19,Madhya Pradesh,91.95,PPAC-derived
2025-12-19,Maharashtra,90.03,PPAC-IOC-metro
2025-12-19,Punjab,90.05,PPAC-derived
2025-12-19,Rajasthan,92.85,PPAC-derived
2025-12-19,Tamil Nadu,92.39,PPAC-IOC-metro
2025-12-19,Telangana,93.95,PPAC-derived
2025-12-19,Uttar Pradesh,88.65,PPAC-derived
2025-12-19,West Bengal,92.02,PPAC-IOC-metro
2025-12-20,Andhra Pradesh,95.15,PPAC-derived
2025-12-20,Delhi,87.67,PPAC-IOC-metro
2025-12-20,Gujarat,86.95,PPAC-derived
2025-12-20,Haryana,89.45,PPAC-derived
2025-12-20,Karnataka,91.65,PPAC-derived
2025-12-20,Madhya Pradesh,91.95,PPAC-derived
2025-12-20,Maharashtra,90.03,PPAC-IOC-metro
2025-12-20,Punjab,90.05,PPAC-derived
2025-12-20,Rajasthan,92.85,PPAC-derived
2025-12-20,Tamil Nadu,92.39,PPAC-IOC-metro
2025-12-20,Telangana,93.95,PPAC-derived
2025-12-20,Uttar Pradesh,88.65,PPAC-derived
2025-12-20,West Bengal,92.02,PPAC-IOC-metro
2025-12-21,Andhra Pradesh,95.15,PPAC-derived
2025-12-21,Delhi,87.67,PPAC-IOC-metro
2025-12-21,Gujarat,86.95,PPAC-derived
2025-12-21,Haryana,89.45,PPAC-derived
2025-12-21,Karnataka,91.65,PPAC-derived
2025-12-21,Madhya Pradesh,91.95,PPAC-derived
2025-12-21,Maharashtra,90.03,PPAC-IOC-metro
2025-12-21,Punjab,90.05,PPAC-derived
2025-12-21,Rajasthan,92.85,PPAC-derived
2025-12-21,Tamil Nadu,92.39,PPAC-IOC-metro
2025-12-21,Telangana,93.95,PPAC-derived
2025-12-21,Uttar Pradesh,88.65,PPAC-derived
2025-12-21,West Bengal,92.02,PPAC-IOC-metro
2025-12-22,Andhra Pradesh,95.15,PPAC-derived
2025-12-22,Delhi,87.67,PPAC-IOC-metro
2025-12-22,Gujarat,86.95,PPAC-derived
2025-12-22,Haryana,89.45,PPAC-derived
2025-12-22,Karnataka,91.65,PPAC-derived
2025-12-22,Madhya Pradesh,91.95,PPAC-derived
2025-12-22,Maharashtra,90.03,PPAC-IOC-metro
2025-12-22,Punjab,90.05,PPAC-derived
2025-12-22,Rajasthan,92.85,PPAC-derived
2025-12-22,Tamil Nadu,92.39,PPAC-IOC-metro
2025-12-22,Telangana,93.95,PPAC-derived
2025-12-22,Uttar Pradesh,88.65,PPAC-derived
2025-12-22,West Bengal,92.02,PPAC-IOC-metro
2025-12-23,Andhra Pradesh,95.15,PPAC-derived
2025-12-23,Delhi,87.67,PPAC-IOC-metro
2025-12-23,Gujarat,86.95,PPAC-derived
2025-12-23,Haryana,89.45,PPAC-derived
2025-12-23,Karnataka,91.65,PPAC-derived
2025-12-23,Madhya Pradesh,91.95,PPAC-derived
2025-12-23,Maharashtra,90.03,PPAC-IOC-metro
2025-12-23,Punjab,90.05,PPAC-derived
2025-12-23,Rajasthan,92.85,PPAC-derived
2025-12-23,Tamil Nadu,92.39,PPAC-IOC-metro
2025-12-23,Telangana,93.95,PPAC-derived
2025-12-23,Uttar Pradesh,88.65,PPAC-derived
2025-12-23,West Bengal,92.02,PPAC-IOC-metro
2025-12-24,Andhra Pradesh,95.15,PPAC-derived
2025-12-24,Delhi,87.67,PPAC-IOC-metro
2025-12-24,Gujarat,86.95,PPAC-derived
2025-12-24,Haryana,89.45,PPAC-derived
2025-12-24,Karnataka,91.65,PPAC-derived
2025-12-24,Madhya Pradesh,91.95,PPAC-derived
2025-12-24,Maharashtra,90.03,PPAC-IOC-metro
2025-12-24,Punjab,90.05,PPAC-derived
2025-12-24,Rajasthan,92.85,PPAC-derived
2025-12-24,Tamil Nadu,92.39,PPAC-IOC-metro
2025-12-24,Telangana,93.95,PPAC-derived
2025-12-24,Uttar Pradesh,88.65,PPAC-derived
2025-12-24,West Bengal,92.02,PPAC-IOC-metro
2025-12-25,Andhra Pradesh,95.15,PPAC-derived
2025-12-25,Delhi,87.67,PPAC-IOC-metro
2025-12-25,Gujarat,86.95,PPAC-derived
2025-12-25,Haryana,89.45,PPAC-derived
2025-12-25,Karnataka,91.65,PPAC-derived
2025-12-25,Madhya Pradesh,91.95,PPAC-derived
2025-12-25,Maharashtra,90.03,PPAC-IOC-metro
2025-12-25,Punjab,90.05,PPAC-derived
2025-12-25,Rajasthan,92.85,PPAC-derived
2025-12-25,Tamil Nadu,92.39,PPAC-IOC-metro
2025-12-25,Telangana,93.95,PPAC-derived
2025-12-25,Uttar Pradesh,88.65,PPAC-derived
2025-12-25,West Bengal,92.02,PPAC-IOC-metro
2025-12-26,Andhra Pradesh,95.15,PPAC-derived
2025-12-26,Delhi,87.67,PPAC-IOC-metro
2025-12-26,Gujarat,86.95,PPAC-derived
2025-12-26,Haryana,89.45,PPAC-derived
2025-12-26,Karnataka,91.65,PPAC-derived
2025-12-26,Madhya Pradesh,91.95,PPAC-derived
2025-12-26,Maharashtra,90.03,PPAC-IOC-metro
2025-12-26,Punjab,90.05,PPAC-derived
2025-12-26,Rajasthan,92.85,PPAC-derived
2025-12-26,Tamil Nadu,92.39,PPAC-IOC-metro
2025-12-26,Telangana,93.95,PPAC-derived
2025-12-26,Uttar Pradesh,88.65,PPAC-derived
2025-12-26,West Bengal,92.02,PPAC-IOC-metro
2025-12-27,Andhra Pradesh,95.15,PPAC-derived
2025-12-27,Delhi,87.67,PPAC-IOC-metro
2025-12-27,Gujarat,86.95,PPAC-derived
2025-12-27,Haryana,89.45,PPAC-derived
2025-12-27,Karnataka,91.65,PPAC-derived
2025-12-27,Madhya Pradesh,91.95,PPAC-derived
2025-12-27,Maharashtra,90.03,PPAC-IOC-metro
2025-12-27,Punjab,90.05,PPAC-derived
2025-12-27,Rajasthan,92.85,PPAC-derived
2025-12-27,Tamil Nadu,92.39,PPAC-IOC-metro
2025-12-27,Telangana,93.95,PPAC-derived
2025-12-27,Uttar Pradesh,88.65,PPAC-derived
2025-12-27,West Bengal,92.02,PPAC-IOC-metro
2025-12-28,Andhra Pradesh,95.15,PPAC-derived
2025-12-28,Delhi,87.67,PPAC-IOC-metro
2025-12-28,Gujarat,86.95,PPAC-derived
2025-12-28,Haryana,89.45,PPAC-derived
2025-12-28,Karnataka,91.65,PPAC-derived
2025-12-28,Madhya Pradesh,91.95,PPAC-derived
2025-12-28,Maharashtra,90.03,PPAC-IOC-metro
2025-12-28,Punjab,90.05,PPAC-derived
2025-12-28,Rajasthan,92.85,PPAC-derived
2025-12-28,Tamil Nadu,92.39,PPAC-IOC-metro
2025-12-28,Telangana,93.95,PPAC-derived
2025-12-28,Uttar Pradesh,88.65,PPAC-derived
2025-12-28,West Bengal,92.02,PPAC-IOC-metro
2025-12-29,Andhra Pradesh,95.15,PPAC-derived
2025-12-29,Delhi,87.67,PPAC-IOC-metro
2025-12-29,Gujarat,86.95,PPAC-derived
2025-12-29,Haryana,89.45,PPAC-derived
2025-12-29,Karnataka,91.65,PPAC-derived
2025-12-29,Madhya Pradesh,91.95,PPAC-derived
2025-12-29,Maharashtra,90.03,PPAC-IOC-metro
2025-12-29,Punjab,90.05,PPAC-derived
2025-12-29,Rajasthan,92.85,PPAC-derived
2025-12-29,Tamil Nadu,92.39,PPAC-IOC-metro
2025-12-29,Telangana,93.95,PPAC-derived
2025-12-29,Uttar Pradesh,88.65,PPAC-derived
2025-12-29,West Bengal,92.02,PPAC-IOC-metro
2025-12-30,Andhra Pradesh,95.15,PPAC-derived
2025-12-30,Delhi,87.67,PPAC-IOC-metro
2025-12-30,Gujarat,86.95,PPAC-derived
2025-12-30,Haryana,89.45,PPAC-derived
2025-12-30,Karnataka,91.65,PPAC-derived
2025-12-30,Madhya Pradesh,91.95,PPAC-derived
2025-12-30,Maharashtra,90.03,PPAC-IOC-metro
2025-12-30,Punjab,90.05,PPAC-derived
2025-12-30,Rajasthan,92.85,PPAC-derived
2025-12-30,Tamil Nadu,92.39,PPAC-IOC-metro
2025-12-30,Telangana,93.95,PPAC-derived
2025-12-30,Uttar Pradesh,88.65,PPAC-derived
2025-12-30,West Bengal,92.02,PPAC-IOC-metro
2025-12-31,Andhra Pradesh,95.15,PPAC-derived
2025-12-31,Delhi,87.67,PPAC-IOC-metro
2025-12-31,Gujarat,86.95,PPAC-derived
2025-12-31,Haryana,89.45,PPAC-derived
2025-12-31,Karnataka,91.65,PPAC-derived
2025-12-31,Madhya Pradesh,91.95,PPAC-derived
2025-12-31,Maharashtra,90.03,PPAC-IOC-metro
2025-12-31,Punjab,90.05,PPAC-derived
2025-12-31,Rajasthan,92.85,PPAC-derived
2025-12-31,Tamil Nadu,92.39,PPAC-IOC-metro
2025-12-31,Telangana,93.95,PPAC-derived
2025-12-31,Uttar Pradesh,88.65,PPAC-derived
2025-12-31,West Bengal,92.02,PPAC-IOC-metro
