route_key,window_start,window_end,precipitation_sum_json,windspeed_max_json,temperature_max_json,api_call_timestamp
HUB01-HUB01,2023-01-01,2023-01-01,[0.0],[18.4],[27.3],2026-08-14T12:36:07.167053
HUB01-HUB01,2023-01-02,2023-01-08,"[0.0, 0.0, 0.0, 0.0, 0.0, 0.0, 0.0]","[16.9, 19.0, 16.8, 14.8, 15.3, 16.7, 19.0]","[29.2, 29.2, 28.6, 29.8, 31.6, 32.0, 31.4]",2026-08-14T12:36:07.167963
HUB01-HUB01,2023-01-09,2023-01-15,"[0.0, 0.0, 0.0, 0.0, 0.0, 0.0, 0.0]","[18.7, 17.9, 15.6, 19.2, 22.2, 20.3, 19.7]","[30.7, 31.1, 29.4, 28.2, 26.6, 26.0, 25.8]",2026-08-14T12:36:07.168386
HUB01-HUB01,2023-01-16,2023-01-22,"[0.0, 0.0, 0.0, 0.0, 0.0, 0.0, 0.0]","[14.5, 15.2, 13.7, 12.5, 16.6, 18.9, 23.3]","[25.7, 27.0, 29.3, 28.0, 27.5, 27.3, 26.9]",2026-08-14T12:36:07.168763
HUB01-HUB01,2023-01-23,2023-01-29,"[0.0, 0.0, 0.0, 0.0, 0.0, 0.0, 1.0]","[24.2, 24.2, 26.7, 21.7, 16.9, 18.5, 17.2]","[25.7, 25.5, 26.5, 27.3, 32.6, 30.8, 25.9]",2026-08-14T12:36:07.169128
HUB01-HUB01,2023-01-30,2023-02-05,"[0.0, 0.0, 0.0, 0.0, 0.0, 0.0, 0.0]","[23.2, 22.2, 21.8, 19.9, 18.7, 18.3, 12.9]","[28.0, 30.4, 33.5, 33.9, 32.3, 31.7, 30.9]",2026-08-14T12:36:07.169424
HUB01-HUB01,2023-02-06,2023-02-12,"[0.0, 0.0, 0.0, 0.0, 0.0, 0.0, 0.0]","[20.4, 22.7, 19.1, 18.9, 20.5, 22.4, 21.3]","[29.4, 31.3, 31.2, 33.7, 31.5, 31.7, 32.7]",2026-08-14T12:36:07.169722
HUB01-HUB01,2023-02-13,2023-02-19,"[0.0, 0.0, 0.0, 0.0, 0.0, 0.0, 0.0]","[24.0, 20.1, 21.5, 25.3, 23.4, 22.2, 19.0]","[33.8, 33.0, 33.1, 34.9, 34.2, 34.9, 35.6]",2026-08-14T12:36:07.170016
HUB01-HUB01,2023-02-20,2023-02-26,"[0.0, 0.0, 0.0, 0.0, 0.0, 0.0, 0.0]","[16.2, 20.9, 22.2, 22.6, 23.0, 22.5, 22.6]","[30.9, 32.0, 30.0, 32.9, 34.3, 33.9, 34.8]",2026-08-14T12:36:07.170307
HUB01-HUB01,2023-02-27,2023-03-05,"[0.0, 0.0, 0.0, 0.0, 0.0, 0.0, 0.0]","[21.9, 18.9, 18.5, 19.6, 17.2, 15.9, 18.7]","[34.8, 33.2, 32.7, 35.1, 33.7, 34.2, 36.2]",2026-08-14T12:36:07.170601
HUB01-HUB01,2023-03-06,2023-03-12,"[0.1, 0.0, 0.0, 0.0, 0.0, 0.0, 0.0]","[21.2, 23.4, 20.5, 22.4, 23.3, 22.4, 21.5]","[36.3, 36.0, 35.3, 36.6, 35.2, 36.8, 37.7]",2026-08-14T12:36:07.170888
HUB01-HUB01,2023-03-13,2023-03-19,"[0.0, 0.0, 0.0, 13.3, 0.7, 0.0, 0.0]","[16.1, 17.6, 20.2, 20.5, 16.3, 18.9, 18.8]","[37.4, 36.6, 34.7, 32.3, 30.7, 30.8, 29.8]",2026-08-14T12:36:07.171176
HUB01-HUB01,2023-03-20,2023-03-26,"[0.0, 0.7, 0.0, 0.4, 0.0, 0.0, 0.0]","[17.4, 16.4, 15.8, 18.6, 22.2, 23.7, 20.8]","[29.5, 29.0, 30.1, 30.1, 30.2, 29.7, 29.6]",2026-08-14T12:36:07.171465
HUB01-HUB01,2023-03-27,2023-04-02,"[0.0, 0.0, 0.0, 0.2, 0.4, 0.0, 0.0]","[19.9, 19.8, 17.6, 15.6, 16.5, 23.3, 23.8]","[29.8, 29.9, 29.9, 29.5, 29.4, 30.0, 30.1]",2026-08-14T12:36:07.171755
HUB01-HUB01,2023-04-03,2023-04-09,"[0.0, 0.0, 0.0, 0.0, 0.0, 0.0, 0.0]","[23.4, 23.7, 22.8, 21.6, 23.2, 17.1, 23.8]","[30.1, 30.8, 31.0, 33.1, 34.1, 35.1, 35.8]",2026-08-14T12:36:07.172036
HUB01-HUB01,2023-04-10,2023-04-16,"[0.0, 0.0, 0.0, 0.0, 0.0, 0.0, 0.0]","[21.6, 22.7, 25.0, 22.4, 21.7, 21.9, 22.5]","[35.9, 34.9, 35.7, 35.2, 35.2, 35.2, 34.1]",2026-08-14T12:36:07.172322
HUB01-HUB01,2023-04-17,2023-04-23,"[0.0, 0.0, 0.0, 0.0, 0.0, 0.0, 0.0]","[23.3, 24.0, 24.1, 23.3, 19.7, 19.1, 21.7]","[34.1, 37.2, 36.5, 34.9, 32.3, 31.6, 31.6]",2026-08-14T12:36:07.172604
HUB01-HUB01,2023-04-24,2023-04-30,"[0.0, 0.0, 0.0, 0.0, 0.0, 0.4, 0.5]","[22.5, 21.3, 21.0, 21.7, 18.2, 20.1, 19.5]","[32.3, 32.7, 31.4, 31.9, 31.9, 31.6, 31.5]",2026-08-14T12:36:07.172889
HUB01-HUB01,2023-05-01,2023-05-07,"[2.1, 0.7, 0.0, 0.5, 0.4, 0.1, 8.2]","[15.9, 16.6, 18.6, 18.7, 20.1, 22.4, 16.4]","[31.6, 31.5, 31.8, 31.6, 32.3, 31.9, 30.0]",2026-08-14T12:36:07.173177
HUB01-HUB01,2023-05-08,2023-05-14,"[0.5, 0.0, 0.0, 0.0, 0.0, 0.0, 0.0]","[19.7, 19.8, 21.9, 18.9, 18.3, 18.0, 17.4]","[32.3, 33.0, 34.0, 34.5, 34.0, 33.3, 33.2]",2026-08-14T12:36:07.173461
HUB01-HUB01,2023-05-15,2023-05-21,"[0.5, 0.3, 0.0, 0.1, 0.2, 0.0, 0.0]","[19.1, 17.3, 22.7, 24.4, 23.2, 18.7, 19.9]","[33.2, 33.6, 33.4, 33.2, 33.5, 32.6, 32.9]",2026-08-14T12:36:07.173743
HUB01-HUB01,2023-05-22,2023-05-28,"[0.0, 0.0, 0.0, 0.0, 2.0, 0.0, 0.0]","[18.5, 22.9, 19.9, 20.7, 21.6, 19.1, 18.8]","[33.0, 33.5, 33.3, 33.3, 32.7, 33.7, 33.8]",2026-08-14T12:36:07.174022
HUB01-HUB01,2023-05-29,2023-06-04,"[0.0, 0.0, 0.0, 0.0, 0.0, 0.1, 0.8]","[24.0, 20.3, 24.7, 21.9, 18.2, 18.7, 19.1]","[33.6, 33.9, 34.5, 33.5, 33.4, 34.6, 33.6]",2026-08-14T12:36:07.174493
HUB01-HUB01,2023-06-05,2023-06-11,"[0.4, 0.1, 0.0, 0.8, 4.0, 3.6, 3.8]","[19.6, 17.1, 16.9, 16.9, 29.3, 32.5, 32.4]","[33.2, 33.8, 33.5, 34.1, 33.1, 33.2, 32.7]",2026-08-14T12:36:07.175143
HUB01-HUB01,2023-06-12,2023-06-18,"[5.3, 5.6, 2.8, 2.8, 4.6, 6.6, 4.6]","[42.6, 36.3, 33.8, 33.7, 37.5, 26.1, 22.8]","[32.3, 31.1, 30.3, 31.9, 31.3, 31.4, 31.1]",2026-08-14T12:36:07.175520
HUB01-HUB01,2023-06-19,2023-06-25,"[2.4, 1.1, 2.9, 1.9, 2.9, 20.7, 32.9]","[20.0, 20.4, 19.6, 18.7, 19.3, 17.7, 18.3]","[31.4, 31.5, 31.6, 31.6, 30.8, 29.3, 27.5]",2026-08-14T12:36:07.175845
HUB01-HUB01,2023-06-26,2023-07-02,"[23.2, 23.2, 45.7, 50.0, 55.8, 40.5, 34.7]","[18.9, 20.9, 20.4, 20.5, 27.3, 23.1, 20.5]","[26.7, 27.1, 27.8, 26.8, 26.8, 28.2, 28.4]",2026-08-14T12:36:07.176195
HUB01-HUB01,2023-07-03,2023-07-09,"[8.6, 48.3, 35.9, 97.5, 50.7, 13.0, 10.8]","[17.7, 16.8, 14.5, 24.5, 26.8, 29.3, 27.4]","[28.9, 29.2, 28.3, 27.0, 27.8, 29.7, 29.2]",2026-08-14T12:36:07.176502
HUB01-HUB01,2023-07-10,2023-07-16,"[3.5, 4.3, 12.2, 10.9, 32.7, 16.7, 30.5]","[22.7, 20.4, 12.8, 18.2, 21.0, 17.6, 16.8]","[28.7, 29.6, 27.0, 27.3, 27.4, 27.4, 27.9]",2026-08-14T12:36:07.176804
HUB01-HUB01,2023-07-17,2023-07-23,"[63.8, 67.7, 44.8, 36.4, 40.9, 42.7, 34.8]","[19.7, 25.3, 23.7, 24.1, 21.3, 21.3, 28.1]","[27.4, 26.4, 27.3, 27.9, 27.5, 26.4, 27.7]",2026-08-14T12:36:07.177086
HUB01-HUB01,2023-07-24,2023-07-30,"[58.2, 44.1, 93.9, 90.9, 49.8, 12.3, 9.3]","[26.8, 21.1, 26.3, 22.0, 21.7, 23.9, 25.6]","[28.1, 27.2, 27.1, 27.2, 27.1, 28.8, 28.8]",2026-08-14T12:36:07.177338
HUB01-HUB01,2023-07-31,2023-08-06,"[9.9, 6.1, 15.1, 6.3, 2.5, 3.8, 2.8]","[26.6, 25.3, 27.7, 27.2, 25.3, 23.7, 23.4]","[28.5, 28.9, 28.6, 28.8, 28.4, 29.3, 28.8]",2026-08-14T12:36:07.177583
HUB01-HUB01,2023-08-07,2023-08-13,"[2.2, 2.3, 3.0, 7.3, 3.7, 5.4, 5.0]","[26.9, 24.7, 20.2, 15.2, 15.9, 18.8, 24.7]","[29.0, 29.1, 29.1, 28.4, 29.0, 27.2, 29.2]",2026-08-14T12:36:07.177837
HUB01-HUB01,2023-08-14,2023-08-20,"[2.6, 3.5, 4.5, 3.5, 2.0, 4.1, 10.5]","[24.8, 18.7, 20.9, 20.7, 18.9, 19.5, 17.1]","[29.4, 28.2, 29.0, 29.3, 28.9, 28.7, 27.9]",2026-08-14T12:36:07.178082
HUB01-HUB01,2023-08-21,2023-08-27,"[3.8, 6.1, 3.8, 6.5, 6.2, 14.3, 15.1]","[16.3, 18.8, 21.1, 21.2, 19.5, 20.2, 16.6]","[28.7, 28.7, 29.4, 28.8, 28.5, 27.9, 27.8]",2026-08-14T12:36:07.178336
HUB01-HUB01,2023-08-28,2023-09-03,"[4.1, 3.6, 0.7, 0.7, 1.2, 2.6, 10.0]","[17.1, 11.1, 13.8, 15.2, 18.8, 12.3, 17.6]","[27.6, 28.7, 29.3, 30.1, 30.5, 28.7, 29.1]",2026-08-14T12:36:07.178599
HUB01-HUB01,2023-09-04,2023-09-10,"[2.2, 2.4, 1.0, 10.2, 50.6, 15.9, 5.5]","[17.7, 17.2, 17.7, 19.7, 22.7, 18.1, 18.4]","[29.5, 29.2, 29.9, 28.3, 28.1, 29.0, 29.1]",2026-08-14T12:36:07.178846
HUB01-HUB01,2023-09-11,2023-09-17,"[4.7, 4.7, 3.6, 2.2, 2.1, 7.3, 8.2]","[14.4, 19.1, 12.8, 13.4, 16.6, 20.6, 23.0]","[28.8, 29.2, 28.4, 28.8, 29.3, 28.5, 29.2]",2026-08-14T12:36:07.179107
HUB01-HUB01,2023-09-18,2023-09-24,"[30.9, 12.3, 11.1, 20.7, 14.9, 35.3, 15.3]","[22.2, 22.3, 21.7, 16.3, 11.5, 16.0, 11.4]","[27.2, 28.4, 28.2, 28.2, 28.1, 28.6, 28.2]",2026-08-14T12:36:07.179356
HUB01-HUB01,2023-09-25,2023-10-01,"[17.7, 4.4, 21.0, 22.6, 25.9, 13.2, 0.8]","[15.0, 13.4, 17.0, 20.2, 12.4, 15.3, 17.5]","[28.4, 29.1, 29.2, 30.0, 30.6, 32.5, 30.9]",2026-08-14T12:36:07.179604
HUB01-HUB01,2023-10-02,2023-10-08,"[3.2, 0.1, 2.9, 0.1, 0.7, 0.2, 0.3]","[13.0, 12.9, 14.5, 15.8, 16.8, 18.1, 18.0]","[29.2, 29.7, 29.9, 30.5, 29.9, 30.4, 31.5]",2026-08-14T12:36:07.179853
HUB01-HUB01,2023-10-09,2023-10-15,"[0.0, 0.0, 0.0, 0.0, 0.0, 0.0, 0.7]","[16.4, 19.4, 20.3, 16.6, 17.2, 14.2, 19.2]","[32.3, 31.9, 31.2, 31.5, 33.1, 32.6, 33.4]",2026-08-14T12:36:07.180104
HUB01-HUB01,2023-10-16,2023-10-22,"[0.0, 1.0, 0.0, 0.0, 0.0, 0.1, 0.0]","[15.5, 9.5, 18.1, 16.1, 10.8, 12.3, 14.5]","[33.0, 32.2, 33.8, 33.9, 34.4, 34.9, 33.7]",2026-08-14T12:36:07.180349
HUB01-HUB01,2023-10-23,2023-10-29,"[0.0, 0.0, 0.0, 0.0, 0.0, 0.0, 0.0]","[18.7, 16.5, 16.4, 19.9, 20.7, 16.6, 19.1]","[34.8, 34.4, 33.9, 34.1, 34.3, 34.2, 34.7]",2026-08-14T12:36:07.180590
HUB01-HUB01,2023-10-30,2023-11-05,"[0.0, 0.0, 0.0, 0.0, 0.0, 0.0, 0.0]","[14.7, 14.9, 14.8, 17.2, 19.9, 14.6, 15.5]","[34.8, 34.6, 34.1, 34.0, 34.6, 35.3, 35.1]",2026-08-14T12:36:07.180834
HUB01-HUB01,2023-11-06,2023-11-12,"[0.0, 0.0, 0.0, 0.0, 1.1, 0.0, 0.0]","[17.1, 19.1, 20.2, 13.7, 13.8, 18.5, 18.9]","[35.4, 34.2, 32.7, 33.5, 33.0, 35.0, 35.2]",2026-08-14T12:36:07.181082
HUB01-HUB01,2023-11-13,2023-11-19,"[0.0, 0.0, 0.0, 0.0, 0.0, 0.0, 0.0]","[16.1, 14.8, 15.6, 15.6, 17.6, 13.8, 17.5]","[34.4, 33.9, 33.9, 34.0, 33.7, 33.7, 32.3]",2026-08-14T12:36:07.181330
HUB01-HUB01,2023-11-20,2023-11-26,"[0.0, 0.0, 0.0, 0.0, 0.0, 0.0, 2.4]","[16.0, 20.2, 18.4, 18.1, 15.2, 12.0, 19.0]","[34.2, 34.2, 33.6, 33.2, 34.4, 33.6, 31.1]",2026-08-14T12:36:07.181571
HUB01-HUB01,2023-11-27,2023-12-03,"[0.9, 0.0, 0.0, 0.0, 0.3, 0.0, 0.0]","[14.9, 16.6, 15.3, 17.8, 15.8, 14.8, 17.0]","[30.3, 30.0, 28.8, 29.7, 29.7, 31.6, 33.3]",2026-08-14T12:36:07.181818
HUB01-HUB01,2023-12-04,2023-12-10,"[0.3, 0.0, 0.0, 0.0, 0.0, 0.0, 0.0]","[19.7, 19.4, 18.8, 17.5, 18.8, 18.4, 16.3]","[33.2, 32.8, 31.5, 31.3, 31.8, 32.4, 32.8]",2026-08-14T12:36:07.182065
HUB01-HUB01,2023-12-11,2023-12-17,"[0.0, 0.0, 0.0, 0.0, 0.0, 0.0, 0.0]","[16.6, 18.8, 17.4, 11.6, 15.1, 18.8, 17.7]","[32.2, 31.3, 30.9, 32.6, 31.9, 31.7, 32.1]",2026-08-14T12:36:07.182306
HUB01-HUB01,2023-12-18,2023-12-24,"[0.0, 0.0, 0.0, 0.0, 0.0, 0.0, 0.0]","[16.7, 15.8, 17.1, 16.1, 12.5, 18.4, 15.1]","[32.9, 32.6, 32.6, 33.1, 31.6, 33.1, 32.8]",2026-08-14T12:36:07.182552
HUB01-HUB01,2023-12-25,2023-12-31,"[0.0, 0.0, 0.0, 0.0, 0.0, 0.0, 0.0]","[16.0, 13.6, 16.9, 15.7, 13.6, 14.0, 14.4]","[32.8, 33.1, 33.8, 32.4, 33.1, 32.1, 31.9]",2026-08-14T12:36:07.182796
HUB01-HUB01,2024-01-01,2024-01-07,"[0.0, 0.0, 0.0, 0.0, 0.0, 0.0, 0.0]","[15.9, 20.0, 18.7, 18.6, 17.6, 21.4, 17.3]","[31.7, 31.0, 30.1, 28.9, 29.8, 31.8, 31.7]",2026-08-14T12:36:07.183038
HUB01-HUB01,2024-01-08,2024-01-14,"[0.0, 0.7, 0.7, 0.8, 0.0, 0.0, 0.0]","[17.6, 12.7, 11.5, 17.6, 18.3, 18.4, 19.7]","[32.9, 30.7, 30.5, 32.8, 34.2, 32.9, 32.7]",2026-08-14T12:36:07.183279
HUB01-HUB01,2024-01-15,2024-01-21,"[0.0, 0.0, 0.0, 0.0, 0.0, 0.0, 0.0]","[20.9, 17.4, 15.5, 17.1, 13.2, 21.9, 18.4]","[30.1, 28.4, 27.6, 27.9, 27.7, 28.4, 30.2]",2026-08-14T12:36:07.183524
HUB01-HUB01,2024-01-22,2024-01-28,"[0.0, 0.0, 0.0, 0.0, 0.0, 0.0, 0.0]","[18.3, 24.9, 21.3, 15.6, 15.7, 16.2, 18.3]","[29.8, 29.7, 30.6, 31.2, 32.0, 32.7, 32.7]",2026-08-14T12:36:07.183765
HUB01-HUB01,2024-01-29,2024-02-04,"[0.0, 0.0, 0.0, 0.0, 0.0, 0.0, 0.0]","[22.4, 20.4, 19.4, 20.4, 21.1, 22.2, 13.1]","[32.0, 31.4, 29.5, 28.2, 30.1, 34.2, 33.5]",2026-08-14T12:36:07.184010
HUB01-HUB01,2024-02-05,2024-02-11,"[0.0, 0.0, 0.0, 0.0, 0.0, 0.0, 0.0]","[18.6, 19.9, 24.0, 24.5, 23.1, 24.4, 22.2]","[32.2, 32.0, 32.4, 32.2, 31.1, 30.9, 31.0]",2026-08-14T12:36:07.184254
HUB01-HUB01,2024-02-12,2024-02-18,"[0.0, 0.0, 0.0, 0.0, 0.0, 0.0, 0.0]","[15.0, 22.3, 23.7, 20.9, 17.2, 14.5, 21.7]","[31.5, 31.8, 33.0, 32.7, 34.5, 33.5, 34.9]",2026-08-14T12:36:07.184504
HUB01-HUB01,2024-02-19,2024-02-25,"[0.0, 0.0, 0.1, 0.2, 0.0, 0.0, 0.0]","[20.6, 25.3, 19.3, 19.6, 24.9, 27.8, 19.0]","[32.3, 31.5, 28.8, 28.7, 30.2, 31.8, 34.3]",2026-08-14T12:36:07.184748
HUB01-HUB01,2024-02-26,2024-03-03,"[0.0, 0.0, 0.0, 0.0, 0.0, 0.0, 0.2]","[17.3, 21.4, 21.9, 19.0, 19.6, 19.4, 18.9]","[34.8, 34.0, 35.2, 34.4, 33.9, 30.1, 28.0]",2026-08-14T12:36:07.184985
HUB01-HUB01,2024-03-04,2024-03-10,"[0.0, 0.0, 0.0, 0.0, 0.0, 0.0, 0.0]","[21.2, 23.0, 23.7, 24.2, 27.9, 23.2, 21.1]","[28.4, 30.6, 31.1, 32.7, 35.1, 35.0, 32.8]",2026-08-14T12:36:07.185200
HUB01-HUB01,2024-03-11,2024-03-17,"[0.0, 0.0, 0.0, 0.0, 0.0, 0.0, 0.0]","[25.5, 22.2, 24.2, 23.9, 16.9, 20.2, 18.8]","[34.6, 34.9, 31.5, 31.0, 30.0, 30.4, 31.6]",2026-08-14T12:36:07.185419
HUB01-HUB01,2024-03-18,2024-03-24,"[0.0, 0.0, 0.0, 0.0, 0.0, 0.0, 0.0]","[17.6, 21.4, 22.4, 18.9, 18.0, 18.7, 18.9]","[31.5, 33.1, 38.0, 37.8, 33.8, 33.2, 31.8]",2026-08-14T12:36:07.185635
HUB01-HUB01,2024-03-25,2024-03-31,"[0.0, 0.0, 0.0, 0.0, 0.0, 0.0, 0.0]","[20.3, 22.2, 22.3, 18.4, 19.9, 24.0, 24.0]","[32.5, 34.2, 33.1, 33.0, 34.7, 34.2, 34.1]",2026-08-14T12:36:07.185850
HUB01-HUB01,2024-04-01,2024-04-07,"[0.0, 0.0, 0.0, 0.0, 0.0, 0.0, 0.0]","[20.0, 19.0, 20.6, 21.4, 26.7, 28.4, 26.0]","[33.8, 33.2, 33.4, 32.9, 35.4, 36.8, 36.5]",2026-08-14T12:36:07.186068
HUB01-HUB01,2024-04-08,2024-04-14,"[0.0, 0.0, 0.0, 0.0, 0.0, 0.0, 0.0]","[19.8, 19.0, 20.2, 18.8, 17.6, 17.7, 23.8]","[33.4, 34.2, 33.4, 33.5, 33.8, 31.5, 32.6]",2026-08-14T12:36:07.186286
HUB01-HUB01,2024-04-15,2024-04-21,"[0.0, 0.0, 0.0, 0.0, 0.0, 0.0, 0.0]","[21.7, 21.6, 18.2, 21.3, 26.7, 27.0, 26.0]","[36.3, 41.3, 33.8, 34.3, 35.7, 35.7, 34.0]",2026-08-14T12:36:07.186500
HUB01-HUB01,2024-04-22,2024-04-28,"[0.0, 0.0, 0.0, 0.0, 0.0, 0.0, 0.0]","[24.4, 23.5, 22.3, 25.5, 22.1, 23.4, 27.2]","[34.3, 34.4, 33.9, 34.4, 35.2, 36.1, 39.4]",2026-08-14T12:36:07.186716
HUB01-HUB01,2024-04-29,2024-05-05,"[0.0, 0.0, 0.0, 0.0, 0.0, 0.0, 0.0]","[26.6, 27.0, 20.0, 20.5, 20.2, 21.9, 23.5]","[38.2, 37.6, 34.5, 33.4, 33.2, 33.2, 34.7]",2026-08-14T12:36:07.186931
HUB01-HUB01,2024-05-06,2024-05-12,"[0.0, 0.0, 0.0, 0.0, 0.0, 0.0, 0.0]","[20.7, 20.4, 24.4, 20.3, 19.9, 23.9, 22.4]","[33.2, 33.4, 33.0, 32.9, 33.2, 33.6, 33.9]",2026-08-14T12:36:07.187147
HUB01-HUB01,2024-05-13,2024-05-19,"[1.8, 0.0, 0.0, 0.1, 0.0, 0.0, 5.6]","[22.5, 23.7, 21.1, 18.1, 17.3, 17.3, 19.3]","[34.8, 37.6, 36.0, 38.9, 36.3, 34.7, 34.1]",2026-08-14T12:36:07.187365
HUB01-HUB01,2024-05-20,2024-05-26,"[0.0, 0.1, 0.3, 0.0, 0.2, 0.7, 0.5]","[21.2, 21.9, 18.7, 24.2, 18.4, 19.4, 21.3]","[35.1, 35.4, 34.5, 34.2, 34.7, 33.7, 33.4]",2026-08-14T12:36:07.187582
HUB01-HUB01,2024-05-27,2024-06-02,"[0.5, 0.6, 0.4, 0.2, 0.6, 0.8, 0.3]","[21.3, 21.3, 23.4, 19.2, 19.5, 18.7, 17.9]","[33.6, 33.7, 34.0, 34.6, 34.4, 34.1, 34.5]",2026-08-14T12:36:07.187798
HUB01-HUB01,2024-06-03,2024-06-09,"[0.7, 4.8, 6.7, 1.2, 1.1, 6.3, 23.0]","[15.5, 15.9, 16.5, 17.3, 18.0, 20.0, 13.6]","[34.2, 33.5, 33.8, 34.1, 33.6, 34.4, 31.6]",2026-08-14T12:36:07.188017
HUB01-HUB01,2024-06-10,2024-06-16,"[33.2, 10.8, 14.3, 13.6, 8.6, 2.2, 1.4]","[14.7, 13.5, 16.1, 17.7, 18.3, 18.9, 15.0]","[29.8, 30.2, 30.0, 30.0, 29.2, 29.8, 31.0]",2026-08-14T12:36:07.188232
HUB01-HUB01,2024-06-17,2024-06-23,"[7.4, 30.3, 23.3, 48.6, 22.9, 5.3, 4.2]","[18.6, 20.8, 18.9, 20.7, 20.9, 16.8, 16.6]","[31.6, 29.8, 29.2, 28.5, 31.1, 30.2, 29.8]",2026-08-14T12:36:07.188447
HUB01-HUB01,2024-06-24,2024-06-30,"[11.3, 6.8, 23.0, 98.7, 45.3, 21.3, 21.3]","[18.0, 31.7, 29.9, 27.5, 27.8, 26.2, 30.6]","[29.7, 30.6, 30.5, 28.8, 28.2, 30.1, 29.4]",2026-08-14T12:36:07.188665
HUB01-HUB01,2024-07-01,2024-07-07,"[16.3, 8.1, 8.9, 8.7, 12.2, 17.6, 11.8]","[36.4, 32.0, 28.6, 24.3, 23.0, 26.7, 20.9]","[30.6, 30.4, 30.1, 29.0, 29.1, 29.5, 29.2]",2026-08-14T12:36:07.188884
HUB01-HUB01,2024-07-08,2024-07-14,"[20.7, 80.2, 36.0, 39.1, 83.3, 76.7, 50.5]","[17.2, 22.1, 21.3, 21.6, 21.0, 27.6, 24.5]","[28.5, 27.0, 28.8, 28.8, 26.9, 26.6, 26.6]",2026-08-14T12:36:07.189100
HUB01-HUB01,2024-07-15,2024-07-21,"[10.2, 17.6, 45.3, 57.6, 48.3, 87.0, 48.9]","[14.8, 20.0, 23.9, 26.4, 26.9, 27.5, 27.2]","[28.1, 29.1, 27.7, 28.1, 27.3, 27.7, 27.1]",2026-08-14T12:36:07.189317
HUB01-HUB01,2024-07-22,2024-07-28,"[54.7, 42.1, 54.4, 74.2, 22.9, 8.2, 19.0]","[28.1, 29.0, 32.4, 33.6, 27.7, 29.3, 27.1]","[26.9, 26.6, 27.0, 27.4, 28.6, 28.8, 29.3]",2026-08-14T12:36:07.189537
HUB01-HUB01,2024-07-29,2024-08-04,"[34.2, 17.4, 22.1, 15.8, 28.2, 24.5, 39.4]","[25.4, 23.2, 20.8, 26.3, 29.2, 30.2, 27.8]","[27.7, 28.2, 28.7, 29.4, 28.3, 27.5, 27.0]",2026-08-14T12:36:07.189754
HUB01-HUB01,2024-08-05,2024-08-11,"[5.8, 5.2, 5.6, 4.2, 15.5, 4.7, 2.4]","[24.0, 20.0, 19.2, 18.8, 16.0, 18.7, 20.4]","[28.9, 28.7, 28.8, 28.7, 27.8, 28.1, 29.2]",2026-08-14T12:36:07.189970
HUB01-HUB01,2024-08-12,2024-08-18,"[2.9, 3.6, 1.9, 1.2, 0.9, 0.5, 2.9]","[21.5, 16.9, 16.1, 18.1, 16.6, 13.1, 13.7]","[28.9, 28.8, 29.1, 29.4, 29.6, 29.6, 29.9]",2026-08-14T12:36:07.190189
HUB01-HUB01,2024-08-19,2024-08-25,"[16.7, 28.8, 0.2, 4.7, 16.0, 61.7, 28.0]","[15.9, 13.1, 17.3, 15.8, 18.1, 20.9, 26.0]","[29.1, 28.6, 30.3, 30.0, 28.5, 26.5, 27.6]",2026-08-14T12:36:07.190403
HUB01-HUB01,2024-08-26,2024-09-01,"[22.6, 17.9, 14.4, 5.1, 6.5, 2.1, 2.3]","[28.1, 31.1, 32.1, 25.3, 19.8, 12.9, 13.2]","[27.0, 27.6, 28.9, 29.0, 29.0, 28.9, 27.8]",2026-08-14T12:36:07.190618
HUB01-HUB01,2024-09-02,2024-09-08,"[29.6, 13.0, 17.1, 27.9, 14.7, 10.0, 4.2]","[19.5, 16.0, 19.4, 23.4, 21.3, 17.2, 14.9]","[27.3, 27.3, 28.3, 28.3, 28.4, 28.3, 28.7]",2026-08-14T12:36:07.190836
HUB01-HUB01,2024-09-09,2024-09-15,"[2.0, 3.9, 4.6, 8.2, 4.5, 9.1, 3.9]","[16.4, 17.6, 18.5, 17.9, 19.2, 16.7, 13.4]","[28.8, 28.5, 28.2, 28.4, 28.6, 27.9, 27.4]",2026-08-14T12:36:07.191251
HUB01-HUB01,2024-09-16,2024-09-22,"[2.4, 0.2, 0.8, 1.0, 5.2, 1.9, 2.2]","[14.6, 15.6, 13.0, 12.8, 15.9, 15.8, 18.5]","[28.7, 28.9, 29.2, 29.5, 28.4, 29.7, 29.7]",2026-08-14T12:36:07.191542
HUB01-HUB01,2024-09-23,2024-09-29,"[5.7, 23.1, 36.4, 48.0, 61.7, 5.8, 4.6]","[17.6, 22.7, 20.6, 18.7, 28.1, 17.9, 14.8]","[28.9, 29.0, 28.0, 26.6, 26.8, 28.1, 28.7]",2026-08-14T12:36:07.191797
HUB01-HUB01,2024-09-30,2024-10-06,"[1.6, 0.6, 1.3, 1.4, 1.4, 1.1, 21.4]","[15.2, 15.7, 15.0, 15.7, 14.4, 14.7, 17.9]","[29.7, 31.5, 30.7, 30.1, 29.5, 29.5, 31.3]",2026-08-14T12:36:07.192031
HUB01-HUB01,2024-10-07,2024-10-13,"[0.6, 0.0, 6.4, 6.4, 22.0, 0.7, 2.0]","[13.7, 14.1, 18.9, 15.9, 15.7, 11.5, 10.9]","[31.6, 32.2, 29.1, 29.7, 31.5, 31.4, 30.6]",2026-08-14T12:36:07.192266
HUB01-HUB01,2024-10-14,2024-10-20,"[5.2, 0.0, 8.6, 2.9, 12.4, 7.9, 6.8]","[16.0, 11.9, 12.5, 12.3, 13.4, 12.1, 8.2]","[31.6, 29.6, 30.7, 29.0, 31.9, 30.1, 29.8]",2026-08-14T12:36:07.192495
HUB01-HUB01,2024-10-21,2024-10-27,"[13.3, 7.3, 0.0, 0.0, 0.0, 0.0, 0.0]","[8.8, 12.3, 14.8, 14.9, 12.5, 17.0, 15.9]","[30.4, 30.3, 31.4, 32.5, 31.1, 32.5, 31.6]",2026-08-14T12:36:07.192717
HUB01-HUB01,2024-10-28,2024-11-03,"[0.0, 0.0, 0.0, 0.0, 0.3, 0.0, 0.0]","[16.2, 13.7, 12.5, 15.2, 14.1, 17.5, 16.6]","[31.8, 31.2, 32.7, 32.4, 31.3, 33.1, 34.2]",2026-08-14T12:36:07.192930
HUB01-HUB01,2024-11-04,2024-11-10,"[0.0, 0.0, 0.0, 0.0, 0.0, 0.0, 0.0]","[19.7, 15.8, 17.7, 16.1, 17.2, 17.9, 20.3]","[34.1, 34.3, 33.7, 33.5, 33.8, 34.1, 33.7]",2026-08-14T12:36:07.193150
HUB01-HUB01,2024-11-11,2024-11-17,"[0.0, 0.0, 0.0, 0.0, 0.3, 0.0, 0.0]","[20.6, 17.9, 12.6, 10.7, 10.5, 14.2, 14.5]","[33.3, 33.5, 34.8, 35.4, 33.9, 34.4, 35.8]",2026-08-14T12:36:07.193352
HUB01-HUB01,2024-11-18,2024-11-24,"[0.0, 0.0, 0.0, 0.0, 0.0, 0.0, 0.0]","[12.3, 14.1, 13.5, 12.8, 12.6, 10.1, 12.0]","[34.8, 33.9, 33.1, 33.1, 32.7, 32.0, 33.0]",2026-08-14T12:36:07.193561
HUB01-HUB01,2024-11-25,2024-12-01,"[0.0, 0.0, 0.0, 0.0, 0.0, 0.0, 0.0]","[13.0, 13.5, 13.1, 11.3, 14.4, 12.2, 13.3]","[32.9, 32.3, 32.6, 32.1, 31.4, 31.4, 32.6]",2026-08-14T12:36:07.193766
HUB01-HUB01,2024-12-02,2024-12-08,"[0.0, 0.2, 0.2, 0.0, 0.0, 0.0, 0.0]","[12.3, 14.5, 13.4, 10.4, 12.8, 15.6, 13.5]","[33.8, 33.6, 34.2, 34.3, 32.7, 32.8, 31.1]",2026-08-14T12:36:07.193966
HUB01-HUB01,2024-12-09,2024-12-15,"[0.0, 0.0, 0.0, 0.0, 0.0, 0.0, 0.0]","[16.2, 11.0, 12.3, 14.5, 12.0, 11.5, 10.3]","[30.9, 31.4, 33.6, 31.1, 32.3, 32.9, 33.2]",2026-08-14T12:36:07.194166
HUB01-HUB01,2024-12-16,2024-12-22,"[0.0, 0.0, 0.0, 0.0, 0.0, 0.0, 0.0]","[11.9, 12.3, 10.6, 11.4, 13.2, 10.5, 12.0]","[32.4, 30.8, 32.2, 29.7, 28.2, 27.9, 27.8]",2026-08-14T12:36:07.194368
HUB01-HUB01,2024-12-23,2024-12-29,"[0.0, 0.0, 0.0, 0.0, 0.0, 0.3, 0.0]","[14.7, 16.1, 14.1, 12.9, 14.5, 14.0, 12.3]","[27.3, 28.5, 28.7, 29.6, 28.2, 29.9, 30.4]",2026-08-14T12:36:07.194567
HUB01-HUB01,2024-12-30,2025-01-05,"[0.0, 0.0, 0.0, 0.0, 0.0, 0.0, 0.0]","[11.7, 12.4, 12.9, 15.1, 13.7, 11.9, 13.5]","[32.6, 33.2, 32.4, 32.8, 33.4, 32.9, 29.2]",2026-08-14T12:36:07.194769
HUB01-HUB01,2025-01-06,2025-01-12,"[0.0, 0.0, 0.0, 0.0, 0.0, 0.0, 0.0]","[16.5, 16.6, 11.6, 11.8, 9.6, 15.2, 15.7]","[29.9, 31.4, 30.6, 32.0, 31.3, 28.6, 30.0]",2026-08-14T12:36:07.194972
HUB01-HUB01,2025-01-13,2025-01-19,"[0.0, 0.0, 0.0, 0.0, 0.0, 0.0, 0.0]","[14.0, 12.0, 16.0, 16.9, 14.9, 14.9, 13.1]","[32.7, 32.9, 30.2, 29.7, 33.4, 34.0, 33.2]",2026-08-14T12:36:07.195171
HUB01-HUB01,2025-01-20,2025-01-26,"[0.0, 0.0, 0.0, 0.0, 0.0, 0.0, 0.0]","[12.8, 12.0, 15.0, 17.6, 12.1, 10.9, 11.2]","[33.2, 31.4, 31.4, 30.5, 31.7, 33.2, 33.5]",2026-08-14T12:36:07.195369
HUB01-HUB01,2025-01-27,2025-02-02,"[0.0, 0.0, 0.0, 0.0, 0.0, 0.0, 0.0]","[13.3, 11.8, 12.7, 11.7, 13.6, 15.7, 14.3]","[32.5, 30.5, 30.8, 31.4, 29.6, 29.1, 30.9]",2026-08-14T12:36:07.195571
HUB01-HUB01,2025-02-03,2025-02-09,"[0.0, 0.0, 0.0, 0.0, 0.0, 0.0, 0.0]","[17.1, 15.0, 19.1, 12.6, 10.9, 12.6, 14.2]","[28.9, 29.7, 31.6, 31.8, 34.3, 33.3, 33.1]",2026-08-14T12:36:07.195772
HUB01-HUB01,2025-02-10,2025-02-16,"[0.0, 0.0, 0.0, 0.0, 0.0, 0.0, 0.0]","[15.0, 15.9, 15.4, 15.7, 18.8, 17.5, 16.0]","[33.6, 32.4, 33.3, 34.8, 34.7, 35.2, 35.1]",2026-08-14T12:36:07.195970
HUB01-HUB01,2025-02-17,2025-02-23,"[0.0, 0.0, 0.0, 0.0, 0.0, 0.0, 0.0]","[17.3, 18.5, 17.8, 18.5, 16.9, 17.7, 15.4]","[34.3, 34.8, 33.4, 34.7, 36.7, 34.9, 35.7]",2026-08-14T12:36:07.196171
HUB01-HUB01,2025-02-24,2025-03-02,"[0.0, 0.0, 0.0, 0.0, 0.0, 0.0, 0.0]","[14.4, 14.6, 14.8, 15.0, 14.9, 16.1, 17.1]","[36.9, 37.5, 37.2, 35.8, 33.4, 33.7, 36.2]",2026-08-14T12:36:07.196370
HUB01-HUB01,2025-03-03,2025-03-09,"[0.0, 0.0, 0.0, 0.0, 0.0, 0.0, 0.0]","[17.7, 19.0, 16.9, 16.5, 16.8, 14.9, 15.0]","[36.2, 35.8, 36.8, 35.0, 36.9, 36.0, 35.6]",2026-08-14T12:36:07.196566
HUB01-HUB01,2025-03-10,2025-03-16,"[0.0, 0.0, 0.0, 0.0, 0.0, 0.0, 0.0]","[17.4, 15.4, 14.4, 13.2, 15.0, 15.7, 15.9]","[39.0, 37.4, 37.1, 34.2, 34.7, 35.5, 33.2]",2026-08-14T12:36:07.196763
HUB01-HUB01,2025-03-17,2025-03-23,"[0.0, 0.0, 0.0, 0.0, 0.0, 0.0, 0.0]","[17.3, 15.9, 16.2, 18.0, 18.2, 17.0, 14.4]","[33.5, 33.2, 32.3, 35.1, 32.4, 32.7, 33.8]",2026-08-14T12:36:07.196960
HUB01-HUB01,2025-03-24,2025-03-30,"[0.0, 0.0, 0.0, 0.0, 0.0, 0.0, 0.0]","[17.4, 16.7, 15.2, 16.5, 17.3, 16.2, 18.2]","[32.9, 33.2, 31.6, 30.8, 32.5, 36.2, 37.7]",2026-08-14T12:36:07.197161
HUB01-HUB01,2025-03-31,2025-04-06,"[0.0, 0.0, 0.0, 0.6, 1.0, 0.0, 0.0]","[16.0, 14.5, 15.3, 12.1, 15.4, 18.5, 16.1]","[37.1, 38.9, 37.4, 32.5, 33.3, 35.4, 35.7]",2026-08-14T12:36:07.197360
HUB01-HUB01,2025-04-07,2025-04-13,"[0.0, 0.0, 0.0, 0.0, 0.0, 0.1, 0.0]","[19.1, 19.9, 16.2, 12.4, 14.5, 14.7, 16.1]","[36.4, 36.6, 34.6, 33.2, 33.0, 32.3, 32.7]",2026-08-14T12:36:07.197565
HUB01-HUB01,2025-04-14,2025-04-20,"[0.0, 0.0, 0.0, 0.0, 0.0, 0.0, 0.0]","[19.3, 16.9, 15.4, 15.7, 14.9, 15.9, 14.5]","[36.4, 35.1, 33.0, 32.4, 32.3, 32.7, 33.0]",2026-08-14T12:36:07.197767
HUB01-HUB01,2025-04-21,2025-04-27,"[0.0, 0.0, 0.0, 0.0, 0.0, 0.0, 0.0]","[15.3, 16.8, 16.7, 14.4, 14.9, 15.6, 15.6]","[32.7, 34.3, 34.8, 33.4, 33.7, 33.3, 33.4]",2026-08-14T12:36:07.197965
HUB01-HUB01,2025-04-28,2025-05-04,"[0.0, 0.0, 0.0, 0.0, 0.0, 0.0, 0.0]","[16.1, 14.1, 15.2, 18.4, 14.4, 15.6, 15.4]","[32.8, 32.8, 33.1, 33.4, 34.5, 33.2, 32.9]",2026-08-14T12:36:07.198166
HUB01-HUB01,2025-05-05,2025-05-11,"[0.0, 6.3, 3.0, 9.3, 2.0, 0.5, 0.4]","[14.6, 15.9, 17.6, 14.3, 15.2, 11.5, 12.0]","[33.5, 32.9, 32.3, 29.4, 28.5, 30.9, 32.5]",2026-08-14T12:36:07.198383
HUB01-HUB01,2025-05-12,2025-05-18,"[1.6, 1.7, 0.6, 1.8, 1.0, 0.9, 0.0]","[13.1, 13.1, 12.3, 14.3, 14.1, 13.3, 14.7]","[33.6, 33.8, 33.3, 33.2, 33.8, 32.5, 34.4]",2026-08-14T12:36:07.198582
HUB01-HUB01,2025-05-19,2025-05-25,"[0.2, 8.7, 1.1, 21.2, 2.2, 8.9, 27.3]","[16.2, 13.2, 10.7, 18.3, 13.2, 12.0, 11.6]","[32.4, 34.4, 31.6, 31.8, 32.5, 32.1, 28.5]",2026-08-14T12:36:07.198775
HUB01-HUB01,2025-05-26,2025-06-01,"[54.0, 9.1, 11.5, 5.6, 1.8, 3.5, 11.1]","[21.3, 13.0, 13.5, 17.8, 17.8, 20.0, 19.1]","[27.8, 29.8, 27.8, 31.4, 31.5, 31.1, 29.2]",2026-08-14T12:36:07.198963
HUB01-HUB01,2025-06-02,2025-06-08,"[8.8, 12.8, 4.5, 1.6, 4.7, 8.1, 4.4]","[19.9, 20.9, 14.6, 10.0, 10.0, 10.1, 14.0]","[30.7, 30.2, 29.3, 30.2, 30.2, 29.7, 30.3]",2026-08-14T12:36:07.199153
HUB01-HUB01,2025-06-09,2025-06-15,"[2.0, 0.8, 0.8, 2.8, 29.6, 58.0, 55.5]","[18.8, 17.5, 17.1, 23.7, 19.9, 13.1, 15.3]","[30.8, 30.6, 31.8, 31.6, 30.5, 30.6, 29.6]",2026-08-14T12:36:07.199339
HUB01-HUB01,2025-06-16,2025-06-22,"[100.9, 17.5, 86.1, 65.8, 11.3, 10.0, 15.8]","[28.8, 25.0, 26.4, 23.7, 20.5, 20.4, 23.1]","[27.2, 29.5, 28.4, 28.4, 29.5, 30.1, 29.2]",2026-08-14T12:36:07.199525
HUB01-HUB01,2025-06-23,2025-06-29,"[51.2, 26.7, 10.0, 25.0, 13.9, 21.5, 18.1]","[24.8, 24.0, 24.1, 18.1, 22.4, 26.0, 22.0]","[28.3, 29.1, 30.0, 28.6, 28.8, 29.4, 28.9]",2026-08-14T12:36:07.199711
HUB01-HUB01,2025-06-30,2025-07-06,"[22.2, 34.3, 40.8, 26.3, 20.2, 37.9, 31.3]","[23.4, 19.2, 19.5, 22.6, 21.7, 23.4, 26.5]","[29.1, 28.8, 28.7, 28.3, 28.0, 27.5, 27.6]",2026-08-14T12:36:07.199899
HUB01-HUB01,2025-07-07,2025-07-13,"[7.6, 3.7, 15.4, 6.5, 6.1, 4.9, 14.7]","[22.8, 23.0, 18.9, 14.4, 12.9, 17.0, 15.7]","[28.6, 28.6, 27.5, 29.1, 28.0, 29.3, 28.5]",2026-08-14T12:36:07.200083
HUB01-HUB01,2025-07-14,2025-07-20,"[51.0, 15.8, 7.9, 4.1, 2.7, 6.3, 12.3]","[21.7, 14.8, 16.0, 11.2, 12.1, 13.3, 14.3]","[27.5, 27.6, 29.2, 29.3, 29.5, 28.3, 28.0]",2026-08-14T12:36:07.200270
HUB01-HUB01,2025-07-21,2025-07-27,"[17.7, 18.4, 18.6, 14.9, 40.3, 17.4, 10.5]","[12.9, 14.7, 17.3, 19.8, 20.5, 22.4, 28.2]","[28.1, 28.1, 28.0, 27.4, 27.2, 28.0, 28.2]",2026-08-14T12:36:07.200455
HUB01-HUB01,2025-07-28,2025-08-03,"[8.8, 8.6, 7.8, 3.9, 4.1, 8.7, 4.0]","[25.0, 26.4, 24.6, 21.3, 18.5, 15.3, 12.3]","[28.3, 27.6, 27.2, 27.6, 28.4, 28.3, 28.2]",2026-08-14T12:36:07.200639
HUB01-HUB01,2025-08-04,2025-08-10,"[3.5, 4.3, 1.2, 3.2, 2.9, 1.6, 3.2]","[13.0, 13.9, 14.3, 11.6, 8.3, 9.6, 12.7]","[28.7, 28.9, 29.3, 27.9, 28.1, 28.5, 28.1]",2026-08-14T12:36:07.200825
HUB01-HUB01,2025-08-11,2025-08-17,"[4.3, 5.0, 15.4, 38.9, 35.8, 34.2, 16.3]","[15.0, 15.9, 11.9, 13.1, 14.4, 14.2, 20.1]","[28.2, 28.6, 28.3, 27.2, 27.2, 26.5, 28.1]",2026-08-14T12:36:07.201012
HUB01-HUB01,2025-08-18,2025-08-24,"[127.0, 136.5, 61.5, 26.0, 4.5, 10.4, 6.7]","[23.6, 30.3, 27.4, 25.3, 22.1, 25.0, 24.1]","[26.0, 26.2, 26.5, 28.0, 28.2, 28.3, 28.5]",2026-08-14T12:36:07.201203
HUB01-HUB01,2025-08-25,2025-08-31,"[23.2, 14.9, 7.6, 16.3, 7.5, 2.8, 10.0]","[22.3, 17.5, 12.6, 11.4, 12.2, 12.0, 18.2]","[26.8, 27.8, 28.4, 28.3, 28.0, 28.4, 27.7]",2026-08-14T12:36:07.201387
HUB01-HUB01,2025-09-01,2025-09-07,"[6.7, 5.7, 4.8, 17.2, 18.2, 24.9, 9.2]","[21.1, 15.4, 16.2, 12.4, 17.6, 19.8, 17.8]","[27.8, 28.3, 28.7, 26.2, 27.4, 26.5, 28.1]",2026-08-14T12:36:07.201575
HUB01-HUB01,2025-09-08,2025-09-14,"[5.5, 0.7, 0.3, 1.5, 1.2, 12.7, 12.2]","[17.1, 10.4, 11.9, 11.5, 12.9, 14.6, 15.6]","[27.8, 28.9, 29.5, 28.9, 29.3, 28.6, 29.1]",2026-08-14T12:36:07.201763
HUB01-HUB01,2025-09-15,2025-09-21,"[65.5, 5.2, 25.7, 10.4, 8.2, 12.3, 15.7]","[16.2, 11.8, 9.9, 9.8, 11.7, 11.3, 13.5]","[27.1, 27.8, 28.2, 27.8, 28.2, 29.0, 28.6]",2026-08-14T12:36:07.201946
HUB01-HUB01,2025-09-22,2025-09-28,"[17.0, 10.7, 2.5, 3.1, 3.0, 14.1, 125.7]","[12.7, 16.4, 11.7, 10.2, 12.7, 14.9, 31.7]","[28.3, 28.7, 28.6, 28.1, 29.1, 28.3, 26.5]",2026-08-14T12:36:07.202130
HUB01-HUB01,2025-09-29,2025-10-05,"[15.8, 11.2, 12.0, 4.1, 2.4, 3.1, 0.7]","[26.5, 20.8, 21.6, 22.3, 15.9, 12.4, 10.7]","[28.3, 27.6, 28.5, 27.9, 28.7, 28.8, 28.1]",2026-08-14T12:36:07.202315
HUB01-HUB01,2025-10-06,2025-10-12,"[1.1, 2.1, 0.3, 0.0, 0.1, 0.1, 0.1]","[12.5, 13.2, 13.2, 10.9, 10.7, 12.9, 12.2]","[28.4, 28.9, 29.4, 31.6, 33.0, 33.8, 34.8]",2026-08-14T12:36:07.202502
HUB01-HUB01,2025-10-13,2025-10-19,"[0.0, 0.0, 1.5, 6.2, 0.1, 1.1, 0.5]","[14.1, 14.1, 7.5, 16.6, 12.4, 12.2, 11.7]","[34.5, 35.2, 34.9, 35.0, 36.1, 35.7, 35.2]",2026-08-14T12:36:07.202687
HUB01-HUB01,2025-10-20,2025-10-26,"[0.2, 5.9, 4.8, 6.1, 8.7, 13.8, 34.3]","[14.3, 11.6, 11.2, 13.8, 13.7, 14.4, 17.8]","[35.1, 34.4, 33.9, 34.6, 33.0, 30.2, 26.8]",2026-08-14T12:36:07.202871
HUB01-HUB01,2025-10-27,2025-11-02,"[13.3, 0.4, 0.1, 11.5, 8.6, 3.1, 4.2]","[20.5, 16.8, 18.5, 20.2, 24.2, 19.2, 16.2]","[30.4, 31.7, 30.9, 28.7, 29.2, 28.4, 27.6]",2026-08-14T12:36:07.203057
HUB01-HUB01,2025-11-03,2025-11-09,"[2.5, 1.6, 0.1, 0.6, 0.0, 0.0, 0.0]","[12.2, 13.0, 9.0, 12.3, 12.3, 11.3, 12.0]","[28.7, 28.1, 28.6, 29.1, 31.4, 33.4, 31.4]",2026-08-14T12:36:07.203245
HUB01-HUB01,2025-11-10,2025-11-16,"[0.0, 0.0, 0.0, 0.0, 0.0, 0.0, 0.0]","[11.1, 12.7, 13.4, 13.6, 10.8, 11.8, 12.9]","[32.2, 32.1, 32.8, 33.4, 33.1, 33.2, 33.1]",2026-08-14T12:36:07.203431
HUB01-HUB01,2025-11-17,2025-11-23,"[0.0, 0.0, 0.0, 0.0, 0.0, 0.0, 0.0]","[15.9, 14.4, 12.3, 12.0, 11.2, 9.5, 11.6]","[32.4, 32.3, 32.8, 32.9, 33.8, 33.3, 32.7]",2026-08-14T12:36:07.203615
HUB01-HUB01,2025-11-24,2025-11-30,"[0.0, 0.0, 0.0, 0.0, 0.0, 0.0, 0.0]","[12.2, 9.2, 11.0, 13.3, 12.1, 11.6, 13.3]","[32.9, 33.0, 32.6, 33.7, 33.3, 32.9, 32.0]",2026-08-14T12:36:07.203799
HUB01-HUB01,2025-12-01,2025-12-07,"[0.0, 0.0, 0.0, 0.0, 0.0, 0.0, 0.0]","[13.4, 12.9, 12.3, 13.8, 13.1, 13.0, 13.0]","[32.5, 32.3, 33.3, 33.7, 34.1, 33.0, 33.6]",2026-08-14T12:36:07.203985
HUB01-HUB01,2025-12-08,2025-12-14,"[0.0, 0.0, 0.0, 0.0, 0.0, 0.0, 0.0]","[13.3, 11.4, 12.5, 12.1, 12.1, 13.3, 14.2]","[33.7, 33.1, 33.3, 33.0, 32.4, 33.0, 32.4]",2026-08-14T12:36:07.204168
HUB01-HUB01,2025-12-15,2025-12-21,"[0.0, 0.0, 0.0, 0.0, 0.0, 0.0, 0.0]","[12.4, 14.4, 12.2, 11.9, 15.6, 13.9, 12.6]","[32.6, 32.9, 33.1, 33.1, 33.2, 33.1, 32.4]",2026-08-14T12:36:07.204359
HUB01-HUB01,2025-12-22,2025-12-28,"[0.0, 0.0, 0.0, 0.0, 0.0, 0.0, 0.0]","[14.8, 15.7, 14.8, 13.7, 15.1, 13.4, 12.0]","[31.7, 32.4, 32.2, 31.6, 31.3, 32.0, 31.5]",2026-08-14T12:36:07.204545
HUB01-HUB01,2025-12-29,2026-01-04,"[0.0, 0.0, 0.0, 0.9, 0.0, 0.0, 0.0]","[11.5, 11.3, 13.4, 13.6, 14.3, 12.1, 12.2]","[31.2, 29.4, 28.8, 28.0, 28.5, 30.3, 30.4]",2026-08-14T12:36:07.204719
HUB01-HUB01,2026-01-05,2026-01-11,"[0.0, 0.0, 0.0, 0.0, 0.0, 0.0, 0.0]","[12.3, 13.4, 12.8, 13.4, 13.5, 16.3, 14.1]","[31.7, 31.4, 31.1, 30.5, 31.4, 30.2, 31.6]",2026-08-14T12:36:07.204893
HUB01-HUB01,2026-01-12,2026-01-18,"[0.0, 0.0, 0.0, 0.0, 0.0, 0.0, 0.0]","[11.3, 9.0, 15.9, 13.1, 11.1, 12.6, 14.5]","[32.2, 31.4, 31.1, 29.8, 30.1, 29.7, 26.6]",2026-08-14T12:36:07.205068
HUB01-HUB01,2026-01-19,2026-01-25,"[0.0, 0.0, 0.0, 0.0, 0.0, 0.0, 0.0]","[16.7, 11.4, 13.7, 14.5, 17.1, 15.2, 10.6]","[27.7, 28.2, 31.0, 30.2, 28.1, 28.8, 30.1]",2026-08-14T12:36:07.205245
HUB01-HUB01,2026-01-26,2026-01-31,"[0.0, 0.4, 0.0, 0.0, 0.0, 0.0]","[8.8, 16.4, 13.6, 11.2, 13.6, 14.9]","[31.0, 27.6, 29.8, 32.5, 31.6, 28.8]",2026-08-14T12:36:07.205418
HUB02-HUB02,2023-01-01,2023-01-01,[0.0],[9.3],[29.9],2026-08-14T12:36:08.976081
HUB02-HUB02,2023-01-02,2023-01-08,"[0.0, 0.0, 0.0, 0.0, 0.0, 0.0, 0.0]","[8.4, 12.7, 8.7, 12.9, 17.4, 15.8, 10.4]","[29.8, 29.9, 29.4, 29.3, 28.5, 27.8, 27.2]",2026-08-14T12:36:08.976506
HUB02-HUB02,2023-01-09,2023-01-15,"[0.0, 0.0, 0.0, 0.0, 0.0, 0.0, 0.0]","[10.0, 10.7, 11.8, 12.7, 12.7, 14.2, 12.4]","[27.2, 28.2, 29.6, 29.3, 28.6, 29.7, 30.4]",2026-08-14T12:36:08.976871
HUB02-HUB02,2023-01-16,2023-01-22,"[0.0, 0.0, 0.0, 0.0, 0.0, 0.0, 0.0]","[15.8, 10.8, 10.9, 13.4, 11.9, 11.7, 15.9]","[30.6, 30.4, 30.2, 30.6, 30.2, 29.4, 29.6]",2026-08-14T12:36:08.977226
HUB02-HUB02,2023-01-23,2023-01-29,"[0.0, 0.0, 0.2, 0.5, 0.0, 0.0, 0.0]","[12.1, 16.4, 13.8, 12.9, 14.6, 16.2, 15.9]","[29.5, 30.2, 29.5, 29.5, 31.0, 30.9, 30.9]",2026-08-14T12:36:08.977580
HUB02-HUB02,2023-01-30,2023-02-05,"[0.0, 0.0, 0.1, 0.0, 0.0, 0.0, 0.0]","[9.3, 15.6, 16.7, 16.9, 13.0, 8.8, 8.0]","[30.3, 29.8, 28.8, 29.8, 29.5, 30.8, 31.3]",2026-08-14T12:36:08.977929
HUB02-HUB02,2023-02-06,2023-02-12,"[0.0, 0.0, 0.0, 0.0, 0.0, 0.0, 0.0]","[14.8, 10.0, 10.1, 10.1, 8.5, 12.7, 13.9]","[32.3, 31.6, 32.2, 33.1, 33.4, 33.6, 33.5]",2026-08-14T12:36:08.978276
HUB02-HUB02,2023-02-13,2023-02-19,"[0.0, 0.0, 0.0, 0.0, 0.0, 0.0, 0.0]","[15.5, 11.4, 12.4, 19.1, 15.1, 13.1, 15.5]","[32.3, 32.2, 33.0, 34.4, 34.3, 33.6, 33.2]",2026-08-14T12:36:08.978616
HUB02-HUB02,2023-02-20,2023-02-26,"[0.0, 0.0, 0.0, 0.0, 0.0, 0.0, 0.0]","[13.2, 11.2, 10.3, 11.4, 12.5, 11.5, 10.5]","[34.3, 34.5, 34.5, 34.6, 34.2, 34.0, 34.2]",2026-08-14T12:36:08.978950
HUB02-HUB02,2023-02-27,2023-03-05,"[0.0, 0.0, 0.0, 0.0, 0.0, 0.0, 0.0]","[19.1, 12.3, 18.4, 14.9, 18.6, 13.6, 11.5]","[34.8, 34.3, 34.0, 34.1, 34.5, 35.5, 35.8]",2026-08-14T12:36:08.979288
HUB02-HUB02,2023-03-06,2023-03-12,"[1.7, 0.3, 0.0, 0.0, 0.0, 0.0, 0.0]","[18.6, 15.3, 13.5, 14.4, 12.9, 16.2, 16.9]","[34.1, 29.2, 32.2, 32.5, 33.2, 33.8, 34.3]",2026-08-14T12:36:08.979629
HUB02-HUB02,2023-03-13,2023-03-19,"[0.0, 0.0, 0.0, 9.2, 0.1, 0.0, 0.0]","[15.0, 18.3, 16.9, 14.3, 18.7, 16.9, 21.3]","[34.5, 34.9, 32.4, 31.8, 30.9, 30.7, 30.9]",2026-08-14T12:36:08.979961
HUB02-HUB02,2023-03-20,2023-03-26,"[0.0, 1.0, 0.0, 0.0, 0.0, 0.0, 0.0]","[18.5, 18.0, 18.1, 18.2, 19.3, 18.3, 17.6]","[30.0, 30.1, 30.2, 31.2, 33.1, 33.5, 32.9]",2026-08-14T12:36:08.980296
HUB02-HUB02,2023-03-27,2023-04-02,"[0.0, 0.0, 0.0, 0.0, 0.0, 0.0, 0.0]","[15.5, 15.1, 19.4, 18.6, 18.9, 16.8, 19.0]","[33.3, 33.7, 34.9, 32.4, 30.8, 33.2, 33.4]",2026-08-14T12:36:08.980587
HUB02-HUB02,2023-04-03,2023-04-09,"[0.0, 0.0, 0.0, 0.0, 3.7, 1.3, 7.6]","[17.9, 22.0, 19.8, 16.5, 18.0, 21.9, 19.6]","[34.1, 35.6, 35.7, 35.6, 35.6, 32.4, 35.2]",2026-08-14T12:36:08.980874
HUB02-HUB02,2023-04-10,2023-04-16,"[0.0, 0.0, 0.0, 0.6, 0.0, 0.0, 0.2]","[14.3, 21.1, 12.3, 15.4, 15.5, 30.4, 26.2]","[34.5, 36.3, 35.8, 37.1, 36.3, 35.5, 36.4]",2026-08-14T12:36:08.981157
HUB02-HUB02,2023-04-17,2023-04-23,"[0.5, 0.0, 0.1, 0.0, 0.0, 0.0, 0.0]","[15.8, 25.1, 14.3, 21.7, 20.7, 20.9, 18.4]","[36.4, 36.8, 38.2, 36.9, 35.5, 34.3, 34.8]",2026-08-14T12:36:08.981438
HUB02-HUB02,2023-04-24,2023-04-30,"[0.0, 0.0, 0.0, 0.2, 0.3, 0.1, 0.0]","[18.5, 27.7, 20.9, 16.7, 21.6, 19.5, 24.6]","[36.9, 37.2, 33.9, 34.3, 33.9, 33.6, 34.3]",2026-08-14T12:36:08.981721
HUB02-HUB02,2023-05-01,2023-05-07,"[0.0, 0.3, 0.6, 0.0, 0.0, 0.1, 1.4]","[21.4, 16.6, 15.5, 15.2, 20.8, 19.8, 15.2]","[33.4, 32.8, 31.7, 33.5, 34.6, 34.5, 33.4]",2026-08-14T12:36:08.982008
HUB02-HUB02,2023-05-08,2023-05-14,"[2.8, 1.3, 0.0, 0.0, 0.0, 0.0, 0.0]","[19.6, 16.3, 18.2, 22.4, 22.9, 21.7, 23.2]","[34.1, 36.4, 38.5, 40.5, 39.4, 36.4, 36.1]",2026-08-14T12:36:08.982287
HUB02-HUB02,2023-05-15,2023-05-21,"[0.0, 0.0, 0.0, 0.0, 0.0, 0.0, 0.0]","[20.5, 20.6, 21.2, 21.3, 24.0, 19.1, 19.2]","[35.6, 35.5, 37.3, 38.1, 38.6, 36.8, 36.4]",2026-08-14T12:36:08.982565
HUB02-HUB02,2023-05-22,2023-05-28,"[0.0, 0.0, 0.0, 0.0, 0.1, 0.0, 0.0]","[21.2, 26.7, 20.2, 22.4, 22.3, 19.2, 19.4]","[37.4, 39.1, 36.9, 34.8, 33.8, 34.3, 36.1]",2026-08-14T12:36:08.982845
HUB02-HUB02,2023-05-29,2023-06-04,"[0.1, 0.0, 0.0, 0.0, 0.0, 0.7, 1.8]","[20.9, 22.3, 21.6, 24.5, 19.7, 18.7, 20.6]","[38.5, 38.3, 39.5, 38.9, 35.4, 35.9, 33.1]",2026-08-14T12:36:08.983128
HUB02-HUB02,2023-06-05,2023-06-11,"[0.5, 0.0, 0.0, 0.1, 0.0, 2.0, 1.3]","[19.9, 17.4, 20.0, 19.0, 21.1, 24.5, 24.5]","[34.3, 35.6, 35.9, 35.8, 36.1, 34.5, 34.5]",2026-08-14T12:36:08.983406
HUB02-HUB02,2023-06-12,2023-06-18,"[0.6, 0.8, 2.5, 0.1, 0.4, 0.1, 0.5]","[28.0, 27.6, 26.8, 25.8, 31.4, 26.6, 25.9]","[34.0, 31.6, 32.0, 32.8, 31.3, 32.1, 32.7]",2026-08-14T12:36:08.983683
HUB02-HUB02,2023-06-19,2023-06-25,"[0.0, 0.0, 1.4, 0.9, 2.2, 6.5, 2.8]","[23.0, 22.7, 22.7, 21.6, 20.9, 21.3, 24.5]","[33.1, 33.1, 33.6, 33.5, 32.2, 32.2, 27.8]",2026-08-14T12:36:08.983962
HUB02-HUB02,2023-06-26,2023-07-02,"[3.8, 2.0, 10.5, 15.5, 23.5, 5.1, 4.3]","[23.4, 22.4, 26.6, 22.5, 30.2, 26.8, 24.1]","[25.7, 28.4, 28.5, 25.7, 26.7, 27.0, 28.1]",2026-08-14T12:36:08.984244
HUB02-HUB02,2023-07-03,2023-07-09,"[4.1, 4.9, 11.0, 5.4, 25.6, 20.6, 3.5]","[18.6, 19.9, 16.6, 29.3, 26.9, 30.3, 28.7]","[29.0, 29.3, 30.0, 26.2, 26.9, 27.4, 27.3]",2026-08-14T12:36:08.984523
HUB02-HUB02,2023-07-10,2023-07-16,"[1.3, 0.7, 9.8, 3.8, 24.6, 1.4, 4.5]","[25.1, 22.7, 18.8, 21.4, 23.2, 26.0, 23.9]","[27.1, 28.3, 26.1, 28.0, 27.8, 27.1, 27.8]",2026-08-14T12:36:08.984802
HUB02-HUB02,2023-07-17,2023-07-23,"[2.7, 13.3, 35.3, 3.5, 13.3, 11.5, 8.4]","[25.8, 32.8, 28.5, 32.3, 25.3, 29.2, 28.7]","[26.7, 25.1, 25.3, 26.5, 26.4, 27.2, 25.9]",2026-08-14T12:36:08.985084
HUB02-HUB02,2023-07-24,2023-07-30,"[11.5, 13.1, 22.4, 23.5, 7.6, 1.6, 3.4]","[28.7, 23.8, 24.8, 26.4, 28.4, 26.4, 27.9]","[26.3, 25.4, 25.7, 24.7, 25.9, 25.0, 26.7]",2026-08-14T12:36:08.985367
HUB02-HUB02,2023-07-31,2023-08-06,"[2.4, 2.1, 1.0, 1.9, 1.4, 2.5, 0.9]","[27.1, 30.5, 30.6, 34.2, 30.7, 28.4, 29.8]","[27.2, 26.8, 26.6, 26.2, 27.2, 26.9, 27.1]",2026-08-14T12:36:08.985646
HUB02-HUB02,2023-08-07,2023-08-13,"[0.3, 1.0, 1.3, 2.0, 1.2, 1.3, 1.6]","[29.9, 26.3, 24.1, 23.1, 19.7, 24.5, 25.3]","[27.7, 27.8, 27.9, 27.7, 28.2, 28.1, 27.1]",2026-08-14T12:36:08.985922
HUB02-HUB02,2023-08-14,2023-08-20,"[0.9, 0.8, 0.7, 0.1, 0.0, 1.0, 1.6]","[23.6, 22.3, 23.1, 24.6, 23.6, 24.6, 23.9]","[28.1, 27.9, 28.8, 27.7, 28.8, 28.3, 26.9]",2026-08-14T12:36:08.986209
HUB02-HUB02,2023-08-21,2023-08-27,"[1.1, 3.8, 0.2, 1.3, 2.0, 1.4, 2.4]","[23.3, 22.7, 22.9, 24.3, 22.8, 25.3, 24.5]","[28.2, 28.5, 28.3, 28.5, 28.4, 28.3, 28.1]",2026-08-14T12:36:08.986499
HUB02-HUB02,2023-08-28,2023-09-03,"[2.1, 1.3, 0.0, 1.1, 5.0, 2.5, 9.4]","[22.8, 17.9, 15.2, 14.8, 14.0, 16.2, 15.1]","[28.6, 28.9, 30.4, 30.3, 32.1, 30.1, 29.6]",2026-08-14T12:36:08.986789
HUB02-HUB02,2023-09-04,2023-09-10,"[0.9, 0.3, 0.9, 3.4, 24.2, 7.5, 1.1]","[17.5, 16.9, 21.5, 26.0, 26.7, 25.1, 25.2]","[29.6, 29.7, 29.2, 27.8, 27.5, 27.2, 27.8]",2026-08-14T12:36:08.987073
HUB02-HUB02,2023-09-11,2023-09-17,"[1.2, 3.3, 1.1, 0.8, 0.4, 0.0, 2.3]","[24.2, 22.0, 20.5, 20.2, 21.3, 26.9, 27.6]","[28.1, 28.6, 28.4, 28.9, 28.6, 26.4, 26.8]",2026-08-14T12:36:08.987359
HUB02-HUB02,2023-09-18,2023-09-24,"[3.0, 1.6, 2.3, 18.5, 33.4, 32.1, 7.9]","[25.8, 22.9, 20.6, 14.5, 14.5, 12.3, 14.5]","[28.0, 28.3, 28.9, 29.8, 27.4, 27.5, 27.6]",2026-08-14T12:36:08.987645
HUB02-HUB02,2023-09-25,2023-10-01,"[5.8, 14.5, 33.6, 11.2, 19.9, 9.6, 14.1]","[14.3, 13.3, 9.8, 14.0, 14.8, 16.4, 20.6]","[28.7, 29.3, 27.9, 28.9, 29.4, 28.7, 27.7]",2026-08-14T12:36:08.987925
HUB02-HUB02,2023-10-02,2023-10-08,"[0.0, 0.2, 0.0, 0.0, 0.0, 0.0, 0.0]","[17.3, 13.4, 13.1, 9.0, 9.8, 8.8, 8.2]","[27.7, 29.8, 29.7, 30.0, 29.8, 30.5, 30.7]",2026-08-14T12:36:08.988205
HUB02-HUB02,2023-10-09,2023-10-15,"[0.0, 0.0, 0.0, 0.5, 0.0, 0.0, 0.0]","[6.5, 9.7, 10.9, 10.3, 12.7, 12.1, 7.9]","[30.8, 31.3, 30.1, 31.1, 31.9, 31.5, 30.8]",2026-08-14T12:36:08.988453
HUB02-HUB02,2023-10-16,2023-10-22,"[0.5, 0.2, 0.0, 1.0, 1.9, 0.5, 0.0]","[12.6, 8.4, 12.7, 13.7, 12.0, 11.3, 14.8]","[31.0, 30.9, 30.7, 30.8, 30.3, 30.5, 31.7]",2026-08-14T12:36:08.988695
HUB02-HUB02,2023-10-23,2023-10-29,"[0.0, 0.0, 0.0, 0.0, 0.0, 0.0, 0.0]","[10.2, 10.3, 11.0, 14.0, 15.1, 10.9, 14.4]","[31.5, 31.2, 31.0, 30.0, 30.2, 30.1, 30.6]",2026-08-14T12:36:08.988940
HUB02-HUB02,2023-10-30,2023-11-05,"[0.0, 0.0, 0.0, 0.0, 0.0, 0.0, 0.0]","[13.6, 14.3, 11.3, 11.1, 12.0, 14.8, 13.7]","[31.0, 30.5, 30.4, 30.4, 31.0, 30.8, 31.4]",2026-08-14T12:36:08.989190
HUB02-HUB02,2023-11-06,2023-11-12,"[0.0, 0.0, 1.6, 9.5, 2.5, 0.0, 0.0]","[15.1, 15.5, 16.7, 15.0, 13.7, 14.1, 13.4]","[31.3, 31.0, 30.0, 30.4, 29.8, 30.8, 31.1]",2026-08-14T12:36:08.989432
HUB02-HUB02,2023-11-13,2023-11-19,"[0.0, 0.0, 0.0, 0.0, 0.0, 0.0, 0.0]","[7.7, 10.4, 10.1, 9.8, 11.3, 10.0, 8.7]","[30.4, 30.0, 29.2, 29.3, 29.3, 30.3, 31.3]",2026-08-14T12:36:08.989672
HUB02-HUB02,2023-11-20,2023-11-26,"[0.0, 0.0, 0.0, 0.0, 0.4, 1.9, 25.0]","[12.8, 14.3, 10.5, 9.5, 14.6, 14.3, 16.6]","[30.8, 29.8, 29.7, 30.4, 30.8, 29.6, 30.2]",2026-08-14T12:36:08.989916
HUB02-HUB02,2023-11-27,2023-12-03,"[2.4, 0.3, 0.3, 0.3, 0.3, 0.3, 0.0]","[14.3, 11.8, 8.7, 13.3, 8.3, 16.3, 14.9]","[28.1, 28.6, 28.8, 29.3, 29.3, 30.3, 29.9]",2026-08-14T12:36:08.990164
HUB02-HUB02,2023-12-04,2023-12-10,"[0.0, 0.0, 0.5, 0.5, 0.3, 0.0, 0.0]","[13.7, 10.2, 10.8, 8.7, 8.6, 10.5, 11.0]","[30.5, 29.9, 28.1, 27.5, 28.3, 29.1, 29.3]",2026-08-14T12:36:08.990404
HUB02-HUB02,2023-12-11,2023-12-17,"[0.0, 0.0, 0.0, 0.0, 0.0, 0.0, 0.0]","[9.5, 10.5, 13.1, 13.3, 14.0, 13.0, 14.5]","[29.4, 29.3, 29.0, 28.0, 27.3, 27.4, 27.4]",2026-08-14T12:36:08.990644
HUB02-HUB02,2023-12-18,2023-12-24,"[0.0, 0.0, 0.0, 0.0, 0.0, 0.0, 0.0]","[19.4, 16.6, 14.8, 10.6, 9.2, 12.1, 12.3]","[27.0, 26.3, 27.2, 29.3, 29.6, 29.4, 29.1]",2026-08-14T12:36:08.990889
HUB02-HUB02,2023-12-25,2023-12-31,"[0.0, 0.0, 0.0, 0.0, 0.0, 0.0, 0.0]","[11.2, 10.6, 12.1, 11.3, 11.5, 10.0, 11.1]","[29.6, 30.6, 30.1, 30.0, 29.8, 29.6, 30.1]",2026-08-14T12:36:08.991407
HUB02-HUB02,2024-01-01,2024-01-07,"[0.0, 0.0, 0.0, 0.0, 0.0, 0.0, 0.8]","[10.1, 10.6, 7.6, 13.0, 13.2, 10.2, 13.0]","[29.5, 30.0, 29.8, 30.0, 29.6, 29.2, 29.5]",2026-08-14T12:36:08.991789
HUB02-HUB02,2024-01-08,2024-01-14,"[0.2, 1.0, 3.1, 0.0, 0.0, 0.0, 0.0]","[15.4, 16.3, 9.8, 10.4, 11.6, 11.2, 14.5]","[29.7, 28.2, 28.4, 28.7, 29.3, 29.7, 29.9]",2026-08-14T12:36:08.992079
HUB02-HUB02,2024-01-15,2024-01-21,"[0.0, 0.0, 0.0, 0.0, 0.0, 0.0, 0.0]","[13.4, 13.2, 16.6, 12.3, 13.8, 17.3, 10.6]","[28.4, 29.5, 28.9, 27.4, 28.8, 28.8, 28.5]",2026-08-14T12:36:08.992343
HUB02-HUB02,2024-01-22,2024-01-28,"[0.0, 0.0, 0.0, 0.0, 0.0, 0.0, 0.0]","[16.1, 11.0, 10.5, 10.9, 11.3, 11.5, 14.5]","[29.9, 27.4, 27.0, 27.4, 29.9, 29.9, 31.2]",2026-08-14T12:36:08.992600
HUB02-HUB02,2024-01-29,2024-02-04,"[0.0, 0.0, 0.0, 0.0, 0.0, 0.0, 0.0]","[8.7, 13.4, 18.1, 16.3, 10.9, 14.9, 8.8]","[30.7, 30.6, 31.4, 28.5, 28.8, 31.1, 33.1]",2026-08-14T12:36:08.992853
HUB02-HUB02,2024-02-05,2024-02-11,"[0.0, 0.0, 0.0, 0.0, 0.0, 0.0, 0.0]","[15.0, 18.5, 16.8, 10.0, 18.2, 20.3, 18.7]","[33.6, 34.6, 33.8, 32.9, 33.7, 34.2, 32.9]",2026-08-14T12:36:08.993102
HUB02-HUB02,2024-02-12,2024-02-18,"[0.0, 0.0, 0.0, 0.0, 0.0, 0.0, 0.0]","[18.4, 18.4, 9.8, 11.4, 12.9, 9.3, 15.6]","[33.1, 33.8, 32.7, 33.6, 35.2, 33.9, 34.6]",2026-08-14T12:36:08.993350
HUB02-HUB02,2024-02-19,2024-02-25,"[0.0, 0.0, 0.0, 0.0, 0.0, 0.0, 0.0]","[17.1, 21.5, 18.9, 18.7, 11.6, 18.0, 12.1]","[33.9, 33.7, 31.5, 30.5, 31.2, 33.0, 33.2]",2026-08-14T12:36:08.993598
HUB02-HUB02,2024-02-26,2024-03-03,"[0.0, 0.0, 0.0, 0.0, 0.0, 0.0, 0.0]","[16.6, 22.0, 11.9, 17.1, 15.5, 24.5, 22.2]","[34.9, 35.1, 33.6, 35.1, 35.8, 34.5, 31.1]",2026-08-14T12:36:08.993844
HUB02-HUB02,2024-03-04,2024-03-10,"[0.0, 0.0, 0.0, 0.0, 0.0, 0.0, 0.0]","[18.7, 19.5, 22.7, 17.8, 20.8, 15.3, 19.5]","[32.4, 34.6, 34.9, 34.7, 35.5, 35.2, 36.5]",2026-08-14T12:36:08.994090
HUB02-HUB02,2024-03-11,2024-03-17,"[0.0, 0.0, 0.0, 0.0, 0.0, 0.0, 0.0]","[18.8, 20.5, 18.1, 17.8, 20.5, 20.7, 23.9]","[36.0, 37.2, 35.4, 35.2, 35.1, 35.6, 36.2]",2026-08-14T12:36:08.994337
HUB02-HUB02,2024-03-18,2024-03-24,"[0.0, 0.0, 0.0, 0.0, 0.0, 0.0, 0.0]","[21.5, 17.4, 16.6, 13.1, 20.8, 22.2, 18.5]","[35.1, 34.9, 35.5, 36.3, 36.4, 36.6, 37.6]",2026-08-14T12:36:08.994579
HUB02-HUB02,2024-03-25,2024-03-31,"[0.0, 0.0, 0.0, 0.0, 0.1, 0.0, 0.0]","[15.8, 16.9, 20.9, 22.7, 21.1, 20.9, 21.7]","[37.8, 38.3, 39.5, 38.7, 38.9, 38.2, 38.4]",2026-08-14T12:36:08.994822
HUB02-HUB02,2024-04-01,2024-04-07,"[0.0, 0.0, 0.0, 0.0, 0.0, 0.0, 0.0]","[21.1, 21.7, 23.1, 21.3, 22.9, 25.8, 25.8]","[39.0, 39.1, 39.1, 39.2, 39.9, 39.4, 38.2]",2026-08-14T12:36:08.995065
HUB02-HUB02,2024-04-08,2024-04-14,"[0.0, 0.0, 0.0, 0.0, 0.0, 0.0, 0.0]","[17.7, 22.0, 22.0, 23.8, 23.6, 20.9, 24.0]","[38.0, 38.8, 38.8, 39.1, 38.3, 37.9, 39.2]",2026-08-14T12:36:08.995311
HUB02-HUB02,2024-04-15,2024-04-21,"[0.1, 0.0, 0.3, 0.1, 0.0, 0.0, 0.0]","[20.2, 14.8, 22.5, 18.8, 24.6, 19.3, 19.7]","[40.4, 39.5, 40.7, 40.3, 40.2, 38.9, 38.2]",2026-08-14T12:36:08.995553
HUB02-HUB02,2024-04-22,2024-04-28,"[0.0, 0.0, 0.0, 3.0, 0.1, 0.0, 0.0]","[19.5, 23.3, 11.3, 17.0, 24.2, 14.4, 22.2]","[38.8, 39.4, 39.4, 39.2, 39.4, 40.3, 41.0]",2026-08-14T12:36:08.995797
HUB02-HUB02,2024-04-29,2024-05-05,"[0.0, 0.0, 0.0, 0.0, 0.0, 0.0, 0.0]","[21.4, 20.0, 24.3, 18.7, 18.6, 16.7, 23.0]","[40.8, 40.9, 38.3, 38.8, 39.8, 39.0, 39.2]",2026-08-14T12:36:08.996043
HUB02-HUB02,2024-05-06,2024-05-12,"[0.0, 0.0, 0.0, 0.4, 11.8, 0.2, 2.1]","[21.5, 23.6, 26.2, 22.8, 17.1, 25.4, 16.1]","[37.9, 37.4, 38.6, 36.5, 36.9, 36.4, 36.1]",2026-08-14T12:36:08.996271
HUB02-HUB02,2024-05-13,2024-05-19,"[7.0, 0.0, 0.0, 4.4, 2.0, 0.3, 0.3]","[24.0, 17.6, 19.1, 14.0, 23.1, 19.1, 20.8]","[34.8, 37.7, 38.3, 39.1, 37.7, 38.7, 38.9]",2026-08-14T12:36:08.996488
HUB02-HUB02,2024-05-20,2024-05-26,"[0.8, 0.0, 0.4, 2.7, 0.3, 0.0, 0.0]","[24.5, 21.8, 20.4, 20.9, 26.4, 27.4, 26.9]","[40.5, 41.7, 39.9, 38.8, 35.9, 34.1, 34.3]",2026-08-14T12:36:08.996704
HUB02-HUB02,2024-05-27,2024-06-02,"[0.0, 0.0, 0.0, 0.0, 0.0, 0.1, 0.0]","[27.8, 31.8, 28.1, 23.1, 21.7, 20.2, 18.8]","[32.7, 34.1, 34.4, 36.2, 35.8, 35.9, 36.2]",2026-08-14T12:36:08.996924
HUB02-HUB02,2024-06-03,2024-06-09,"[2.1, 21.0, 7.9, 6.1, 13.8, 9.3, 2.8]","[19.4, 16.5, 23.9, 17.5, 19.2, 17.3, 16.1]","[37.4, 31.4, 33.2, 33.6, 33.9, 32.3, 27.0]",2026-08-14T12:36:08.997142
HUB02-HUB02,2024-06-10,2024-06-16,"[17.1, 21.9, 9.5, 9.1, 1.2, 3.4, 8.7]","[18.2, 19.9, 18.4, 19.8, 20.6, 16.0, 15.9]","[27.7, 27.9, 28.8, 28.8, 28.9, 29.3, 30.5]",2026-08-14T12:36:08.997361
HUB02-HUB02,2024-06-17,2024-06-23,"[5.9, 19.5, 1.8, 3.4, 0.6, 0.5, 2.5]","[17.1, 23.2, 23.2, 23.7, 23.8, 20.5, 15.5]","[30.6, 29.6, 27.8, 29.0, 29.4, 29.8, 30.3]",2026-08-14T12:36:08.997583
HUB02-HUB02,2024-06-24,2024-06-30,"[5.4, 4.0, 5.3, 2.2, 11.5, 1.7, 4.7]","[16.2, 22.3, 26.7, 28.4, 28.8, 27.6, 26.1]","[30.8, 29.4, 29.7, 27.6, 27.8, 28.4, 27.9]",2026-08-14T12:36:08.997801
HUB02-HUB02,2024-07-01,2024-07-07,"[4.9, 11.4, 0.7, 1.0, 4.5, 4.3, 6.4]","[32.1, 27.2, 25.8, 22.9, 27.7, 30.8, 19.9]","[27.2, 27.4, 27.5, 26.8, 28.1, 27.7, 26.0]",2026-08-14T12:36:08.998016
HUB02-HUB02,2024-07-08,2024-07-14,"[63.8, 17.1, 0.7, 12.0, 22.2, 17.9, 74.5]","[19.2, 17.2, 21.6, 23.1, 24.0, 27.2, 19.8]","[27.1, 27.7, 28.2, 26.9, 26.2, 26.5, 24.3]",2026-08-14T12:36:08.998233
HUB02-HUB02,2024-07-15,2024-07-21,"[6.1, 2.5, 11.0, 6.3, 5.8, 21.3, 10.6]","[20.5, 26.7, 25.0, 26.7, 24.9, 27.3, 28.0]","[28.7, 28.8, 26.9, 26.7, 25.1, 25.9, 26.7]",2026-08-14T12:36:08.998449
HUB02-HUB02,2024-07-22,2024-07-28,"[21.3, 21.7, 24.5, 54.9, 15.9, 10.0, 11.4]","[26.9, 27.6, 32.9, 29.4, 26.1, 32.8, 27.7]","[24.4, 24.1, 24.6, 23.7, 25.1, 25.1, 25.0]",2026-08-14T12:36:08.998667
HUB02-HUB02,2024-07-29,2024-08-04,"[13.0, 7.4, 14.7, 2.2, 9.8, 8.2, 28.4]","[26.0, 26.5, 24.4, 26.8, 30.1, 29.6, 30.0]","[26.3, 27.7, 26.3, 26.6, 26.7, 25.8, 26.0]",2026-08-14T12:36:08.998888
HUB02-HUB02,2024-08-05,2024-08-11,"[3.3, 0.7, 2.7, 2.9, 6.4, 4.4, 1.1]","[26.5, 25.5, 23.8, 22.3, 20.1, 22.6, 23.2]","[26.8, 27.4, 27.0, 27.2, 24.8, 28.6, 27.6]",2026-08-14T12:36:08.999108
HUB02-HUB02,2024-08-12,2024-08-18,"[1.2, 0.5, 0.8, 0.3, 1.0, 2.9, 31.0]","[21.6, 16.7, 16.7, 17.3, 17.0, 11.5, 6.8]","[28.2, 29.5, 29.2, 30.4, 30.3, 28.8, 28.3]",2026-08-14T12:36:08.999325
HUB02-HUB02,2024-08-19,2024-08-25,"[8.9, 8.7, 18.1, 16.4, 15.4, 61.8, 24.3]","[8.1, 12.8, 14.0, 12.1, 17.6, 21.2, 30.5]","[30.3, 29.8, 30.3, 28.9, 27.9, 24.1, 25.3]",2026-08-14T12:36:08.999538
HUB02-HUB02,2024-08-26,2024-09-01,"[6.1, 7.9, 4.0, 1.5, 2.2, 9.7, 2.3]","[25.3, 27.9, 30.5, 25.5, 20.8, 17.6, 22.3]","[24.3, 26.1, 26.7, 27.1, 27.1, 25.6, 25.6]",2026-08-14T12:36:08.999754
HUB02-HUB02,2024-09-02,2024-09-08,"[49.4, 10.4, 1.4, 17.8, 1.7, 0.9, 1.8]","[18.8, 21.3, 23.8, 23.3, 24.9, 23.6, 19.8]","[23.8, 26.4, 26.6, 27.5, 26.4, 27.8, 28.2]",2026-08-14T12:36:08.999971
HUB02-HUB02,2024-09-09,2024-09-15,"[2.9, 18.7, 2.3, 0.3, 0.3, 0.9, 1.6]","[19.9, 17.7, 19.9, 23.6, 21.2, 22.8, 21.7]","[28.2, 27.7, 27.8, 27.5, 27.1, 27.1, 26.8]",2026-08-14T12:36:09.000186
HUB02-HUB02,2024-09-16,2024-09-22,"[0.7, 1.3, 0.0, 0.0, 4.4, 7.2, 13.0]","[16.5, 16.2, 14.1, 15.3, 14.9, 17.3, 13.8]","[28.3, 27.8, 28.6, 29.0, 28.1, 29.5, 29.6]",2026-08-14T12:36:09.000401
HUB02-HUB02,2024-09-23,2024-09-29,"[33.5, 19.7, 39.1, 13.3, 2.7, 0.9, 2.0]","[14.2, 8.9, 14.0, 22.7, 26.9, 20.2, 15.5]","[28.6, 29.5, 27.6, 25.4, 25.6, 27.5, 28.2]",2026-08-14T12:36:09.000615
HUB02-HUB02,2024-09-30,2024-10-06,"[0.0, 0.0, 2.5, 2.9, 1.0, 0.0, 1.3]","[8.6, 10.1, 14.9, 16.2, 16.1, 13.1, 17.5]","[29.8, 30.4, 30.6, 29.8, 28.8, 29.4, 29.5]",2026-08-14T12:36:09.000831
HUB02-HUB02,2024-10-07,2024-10-13,"[0.0, 0.4, 3.1, 4.2, 8.2, 5.8, 6.0]","[17.1, 12.3, 13.0, 23.2, 21.5, 15.7, 16.0]","[30.5, 30.4, 27.8, 29.0, 29.4, 29.8, 29.9]",2026-08-14T12:36:09.001044
HUB02-HUB02,2024-10-14,2024-10-20,"[7.0, 1.7, 14.5, 5.5, 17.4, 22.0, 7.4]","[15.4, 12.3, 13.7, 14.0, 20.8, 11.2, 12.5]","[29.2, 28.9, 29.8, 27.8, 29.1, 29.7, 28.2]",2026-08-14T12:36:09.001260
HUB02-HUB02,2024-10-21,2024-10-27,"[6.4, 0.4, 0.0, 0.0, 0.0, 0.0, 0.0]","[11.9, 9.2, 11.4, 9.3, 10.2, 11.7, 12.0]","[27.2, 28.3, 28.8, 28.7, 29.0, 29.1, 30.5]",2026-08-14T12:36:09.001478
HUB02-HUB02,2024-10-28,2024-11-03,"[0.0, 0.0, 0.3, 0.3, 0.1, 0.0, 0.0]","[11.1, 12.9, 9.7, 14.8, 14.3, 13.9, 13.9]","[30.7, 30.7, 29.6, 30.5, 30.0, 30.1, 30.2]",2026-08-14T12:36:09.001697
HUB02-HUB02,2024-11-04,2024-11-10,"[0.0, 0.0, 0.0, 0.0, 0.0, 0.0, 0.0]","[14.3, 14.3, 11.5, 11.3, 16.6, 14.8, 12.0]","[30.1, 29.7, 30.2, 30.0, 29.6, 29.7, 29.4]",2026-08-14T12:36:09.001924
HUB02-HUB02,2024-11-11,2024-11-17,"[0.0, 0.0, 0.0, 0.0, 1.1, 0.1, 0.0]","[17.5, 16.2, 13.0, 13.7, 10.2, 11.3, 13.5]","[29.1, 29.3, 30.2, 32.1, 31.3, 31.2, 30.9]",2026-08-14T12:36:09.002130
HUB02-HUB02,2024-11-18,2024-11-24,"[0.0, 0.0, 0.0, 0.0, 0.0, 0.0, 0.0]","[12.6, 10.1, 11.4, 9.5, 9.3, 10.1, 11.0]","[28.9, 28.4, 28.0, 29.0, 29.2, 29.6, 28.9]",2026-08-14T12:36:09.002336
HUB02-HUB02,2024-11-25,2024-12-01,"[0.0, 0.0, 0.0, 0.0, 0.0, 0.0, 0.0]","[11.6, 11.5, 11.0, 16.5, 11.6, 10.4, 9.7]","[27.9, 27.4, 27.4, 27.5, 27.0, 27.9, 29.0]",2026-08-14T12:36:09.002533
HUB02-HUB02,2024-12-02,2024-12-08,"[0.3, 1.1, 0.9, 0.2, 0.0, 0.0, 0.0]","[14.8, 15.9, 15.9, 10.3, 7.3, 11.4, 12.2]","[28.9, 29.5, 30.6, 31.4, 31.8, 31.6, 30.1]",2026-08-14T12:36:09.002731
HUB02-HUB02,2024-12-09,2024-12-15,"[0.0, 0.0, 0.0, 0.0, 0.0, 0.0, 0.0]","[10.5, 7.9, 7.8, 8.1, 10.8, 11.3, 9.3]","[29.5, 28.4, 29.3, 28.4, 27.8, 27.6, 27.9]",2026-08-14T12:36:09.002931
HUB02-HUB02,2024-12-16,2024-12-22,"[0.0, 0.0, 0.0, 0.0, 0.0, 0.0, 0.0]","[7.9, 9.3, 6.4, 8.3, 10.6, 12.3, 15.1]","[27.8, 28.6, 28.8, 29.6, 30.1, 30.3, 29.5]",2026-08-14T12:36:09.003127
HUB02-HUB02,2024-12-23,2024-12-29,"[0.1, 0.3, 0.1, 0.2, 0.7, 1.8, 0.2]","[11.9, 10.1, 11.9, 11.9, 11.4, 11.4, 7.6]","[27.9, 28.1, 30.0, 30.1, 29.9, 29.7, 30.6]",2026-08-14T12:36:09.003323
HUB02-HUB02,2024-12-30,2025-01-05,"[0.0, 0.0, 0.0, 0.0, 0.0, 0.0, 0.0]","[8.2, 9.9, 10.6, 11.4, 13.6, 10.3, 9.1]","[30.7, 30.3, 29.9, 31.0, 29.8, 30.4, 30.8]",2026-08-14T12:36:09.003518
HUB02-HUB02,2025-01-06,2025-01-12,"[0.0, 0.0, 0.0, 0.0, 0.0, 0.0, 0.0]","[8.8, 10.4, 10.6, 13.0, 10.4, 15.5, 8.8]","[29.9, 29.0, 28.4, 28.2, 29.1, 30.2, 30.2]",2026-08-14T12:36:09.003718
HUB02-HUB02,2025-01-13,2025-01-19,"[0.0, 0.0, 0.5, 0.0, 0.0, 0.0, 0.0]","[12.0, 10.5, 11.6, 9.2, 13.3, 13.0, 11.7]","[30.3, 30.9, 30.8, 31.1, 29.7, 29.1, 30.4]",2026-08-14T12:36:09.003915
HUB02-HUB02,2025-01-20,2025-01-26,"[0.0, 0.0, 0.0, 0.0, 0.0, 0.0, 0.0]","[8.1, 6.2, 10.5, 12.2, 7.6, 5.5, 11.6]","[30.7, 31.4, 32.4, 32.6, 33.1, 34.0, 33.1]",2026-08-14T12:36:09.004113
HUB02-HUB02,2025-01-27,2025-02-02,"[0.0, 0.0, 0.0, 0.0, 0.0, 0.0, 0.0]","[7.7, 14.7, 13.6, 15.2, 13.1, 13.9, 13.9]","[33.4, 34.0, 34.1, 33.8, 33.3, 33.6, 33.0]",2026-08-14T12:36:09.004315
HUB02-HUB02,2025-02-03,2025-02-09,"[0.0, 0.0, 0.0, 0.0, 0.0, 0.0, 0.0]","[16.7, 16.7, 15.2, 13.1, 10.2, 13.9, 12.5]","[33.8, 33.7, 32.6, 33.7, 34.0, 33.9, 34.3]",2026-08-14T12:36:09.004517
HUB02-HUB02,2025-02-10,2025-02-16,"[0.0, 0.0, 0.0, 0.0, 0.0, 0.0, 0.0]","[13.7, 16.0, 10.9, 9.8, 9.3, 11.0, 12.3]","[34.1, 34.0, 34.6, 34.1, 33.3, 34.3, 34.2]",2026-08-14T12:36:09.004715
HUB02-HUB02,2025-02-17,2025-02-23,"[0.0, 0.0, 0.0, 0.0, 0.0, 0.0, 0.0]","[10.6, 15.1, 15.7, 7.4, 11.6, 8.6, 8.4]","[35.3, 34.7, 34.4, 34.3, 34.1, 34.5, 34.4]",2026-08-14T12:36:09.004914
HUB02-HUB02,2025-02-24,2025-03-02,"[0.0, 0.0, 0.0, 0.0, 0.0, 0.0, 0.0]","[14.4, 11.7, 11.7, 12.0, 13.9, 13.6, 12.7]","[33.6, 33.9, 33.7, 34.4, 35.1, 36.6, 35.1]",2026-08-14T12:36:09.005112
HUB02-HUB02,2025-03-03,2025-03-09,"[0.0, 0.0, 0.0, 0.0, 0.0, 0.0, 0.0]","[17.4, 10.4, 11.0, 7.8, 8.5, 14.9, 10.9]","[36.6, 36.3, 34.8, 35.1, 34.9, 36.7, 35.9]",2026-08-14T12:36:09.005308
HUB02-HUB02,2025-03-10,2025-03-16,"[0.0, 0.0, 0.0, 0.0, 0.0, 0.0, 0.0]","[15.0, 12.2, 12.6, 14.9, 15.5, 14.4, 18.0]","[36.4, 36.1, 36.9, 37.3, 37.5, 36.6, 36.4]",2026-08-14T12:36:09.005504
HUB02-HUB02,2025-03-17,2025-03-23,"[0.0, 0.0, 0.0, 0.0, 0.0, 0.0, 0.0]","[16.9, 22.4, 18.3, 18.2, 18.1, 13.3, 13.8]","[36.7, 38.3, 37.9, 36.5, 35.1, 35.3, 36.2]",2026-08-14T12:36:09.005700
HUB02-HUB02,2025-03-24,2025-03-30,"[0.0, 0.0, 0.0, 0.0, 0.0, 0.0, 0.0]","[12.0, 18.8, 20.9, 18.8, 16.1, 14.4, 20.6]","[37.1, 36.9, 37.3, 36.2, 37.0, 37.6, 38.6]",2026-08-14T12:36:09.005900
HUB02-HUB02,2025-03-31,2025-04-06,"[0.0, 0.9, 7.2, 0.1, 0.0, 0.0, 0.0]","[12.8, 13.8, 9.7, 22.4, 14.7, 13.8, 18.2]","[38.5, 35.5, 36.1, 34.3, 36.1, 37.1, 39.4]",2026-08-14T12:36:09.006097
HUB02-HUB02,2025-04-07,2025-04-13,"[0.0, 0.0, 0.0, 0.0, 0.0, 0.0, 0.0]","[14.1, 15.2, 17.8, 18.2, 18.7, 16.8, 19.8]","[39.0, 39.9, 39.8, 37.1, 36.6, 36.2, 39.1]",2026-08-14T12:36:09.006292
HUB02-HUB02,2025-04-14,2025-04-20,"[0.0, 0.0, 0.0, 0.0, 0.0, 0.0, 0.0]","[19.3, 21.5, 20.6, 23.4, 20.3, 20.4, 17.4]","[39.5, 40.6, 39.9, 39.4, 38.5, 38.5, 38.0]",2026-08-14T12:36:09.006489
HUB02-HUB02,2025-04-21,2025-04-27,"[0.0, 0.0, 0.0, 0.0, 0.0, 0.0, 0.0]","[19.4, 18.4, 18.7, 19.8, 18.7, 18.8, 28.7]","[40.0, 40.4, 40.3, 40.8, 39.2, 39.2, 40.8]",2026-08-14T12:36:09.006686
HUB02-HUB02,2025-04-28,2025-05-04,"[0.0, 0.0, 0.0, 0.0, 0.0, 0.0, 0.0]","[22.4, 23.5, 19.8, 24.8, 19.3, 17.0, 19.4]","[40.7, 40.1, 38.1, 39.5, 40.3, 36.6, 35.9]",2026-08-14T12:36:09.006882
HUB02-HUB02,2025-05-05,2025-05-11,"[0.0, 0.0, 0.1, 0.0, 3.2, 1.3, 1.1]","[17.6, 20.4, 24.3, 23.6, 13.7, 18.9, 18.3]","[36.9, 35.6, 33.9, 32.7, 32.1, 33.4, 35.1]",2026-08-14T12:36:09.007079
HUB02-HUB02,2025-05-12,2025-05-18,"[2.1, 1.5, 0.7, 3.7, 4.0, 4.1, 1.6]","[17.1, 12.6, 11.2, 13.3, 12.8, 13.3, 14.0]","[35.3, 33.2, 33.2, 35.0, 32.7, 32.5, 32.8]",2026-08-14T12:36:09.007275
HUB02-HUB02,2025-05-19,2025-05-25,"[6.7, 15.0, 4.3, 17.1, 22.3, 34.2, 37.4]","[12.0, 9.6, 9.9, 15.0, 18.4, 10.3, 16.0]","[32.0, 29.5, 29.1, 27.9, 25.0, 25.7, 24.6]",2026-08-14T12:36:09.007470
HUB02-HUB02,2025-05-26,2025-06-01,"[55.0, 6.5, 3.5, 0.0, 0.1, 0.0, 2.0]","[12.4, 14.0, 20.5, 19.4, 22.2, 21.0, 19.5]","[26.7, 28.6, 29.2, 31.1, 30.7, 30.4, 28.9]",2026-08-14T12:36:09.007822
HUB02-HUB02,2025-06-02,2025-06-08,"[0.0, 0.7, 2.1, 1.1, 1.9, 9.3, 0.4]","[20.9, 20.4, 16.8, 11.3, 13.9, 12.6, 15.5]","[29.8, 29.3, 29.6, 29.2, 30.5, 29.6, 31.5]",2026-08-14T12:36:09.008111
HUB02-HUB02,2025-06-09,2025-06-15,"[2.5, 1.6, 2.4, 28.0, 6.2, 31.3, 3.7]","[19.2, 17.0, 17.7, 16.6, 14.1, 11.2, 12.6]","[29.5, 31.6, 31.9, 31.6, 31.2, 30.9, 29.2]",2026-08-14T12:36:09.008324
HUB02-HUB02,2025-06-16,2025-06-22,"[25.8, 6.6, 9.0, 35.3, 2.5, 3.6, 2.4]","[28.2, 23.9, 30.0, 27.2, 25.8, 25.2, 26.0]","[25.0, 26.7, 27.0, 26.5, 27.2, 27.0, 27.3]",2026-08-14T12:36:09.008528
HUB02-HUB02,2025-06-23,2025-06-29,"[7.8, 15.7, 3.4, 4.2, 4.3, 7.3, 5.9]","[30.2, 23.2, 27.9, 21.6, 25.3, 29.6, 25.4]","[26.9, 26.5, 26.9, 26.7, 26.8, 27.1, 26.2]",2026-08-14T12:36:09.008729
HUB02-HUB02,2025-06-30,2025-07-06,"[4.3, 2.1, 21.5, 5.1, 6.0, 7.5, 6.3]","[25.3, 24.7, 22.8, 26.5, 27.4, 25.8, 25.2]","[26.0, 25.9, 26.1, 26.1, 26.3, 26.2, 25.2]",2026-08-14T12:36:09.008928
HUB02-HUB02,2025-07-07,2025-07-13,"[3.1, 1.4, 2.4, 0.1, 1.8, 0.8, 1.7]","[26.6, 24.7, 18.4, 16.8, 18.7, 19.0, 21.0]","[25.5, 25.8, 26.0, 27.8, 28.0, 28.3, 27.7]",2026-08-14T12:36:09.009129
HUB02-HUB02,2025-07-14,2025-07-20,"[7.8, 33.9, 1.5, 1.1, 1.1, 1.0, 3.4]","[24.4, 15.4, 19.1, 14.5, 16.5, 18.5, 15.7]","[26.7, 25.4, 28.1, 28.7, 28.1, 28.4, 27.9]",2026-08-14T12:36:09.009328
HUB02-HUB02,2025-07-21,2025-07-27,"[30.6, 26.3, 3.4, 4.6, 6.3, 5.6, 7.2]","[14.9, 19.0, 20.8, 22.7, 21.8, 26.0, 30.6]","[27.2, 27.5, 25.5, 25.3, 25.1, 25.0, 25.9]",2026-08-14T12:36:09.009524
HUB02-HUB02,2025-07-28,2025-08-03,"[4.7, 3.1, 1.4, 1.5, 0.7, 1.8, 1.2]","[29.8, 31.1, 30.3, 27.2, 20.9, 17.7, 14.6]","[25.5, 25.2, 25.3, 26.7, 27.1, 27.9, 28.3]",2026-08-14T12:36:09.009724
HUB02-HUB02,2025-08-04,2025-08-10,"[1.1, 4.6, 2.9, 4.3, 6.0, 0.9, 2.9]","[16.7, 13.6, 10.0, 13.8, 11.6, 10.2, 14.8]","[28.4, 29.0, 29.6, 29.3, 28.0, 27.2, 27.1]",2026-08-14T12:36:09.009919
HUB02-HUB02,2025-08-11,2025-08-17,"[1.1, 2.8, 2.4, 4.8, 6.6, 6.2, 6.6]","[19.7, 18.5, 15.9, 15.9, 15.4, 17.2, 20.0]","[27.7, 27.3, 27.0, 26.7, 26.7, 26.7, 26.1]",2026-08-14T12:36:09.010107
HUB02-HUB02,2025-08-18,2025-08-24,"[25.2, 38.4, 25.5, 3.7, 2.7, 2.8, 3.5]","[20.5, 25.2, 27.2, 26.2, 24.5, 26.4, 27.0]","[24.1, 23.8, 24.2, 26.1, 26.4, 26.3, 25.8]",2026-08-14T12:36:09.010292
HUB02-HUB02,2025-08-25,2025-08-31,"[2.4, 3.2, 3.4, 14.6, 17.6, 4.5, 4.6]","[25.1, 19.2, 17.3, 15.4, 14.3, 16.4, 19.6]","[25.0, 26.7, 27.7, 26.9, 26.9, 27.7, 27.6]",2026-08-14T12:36:09.010481
HUB02-HUB02,2025-09-01,2025-09-07,"[2.7, 2.7, 2.1, 1.2, 0.4, 0.3, 1.1]","[25.2, 21.7, 19.0, 20.9, 20.9, 19.8, 20.6]","[26.4, 26.4, 26.6, 26.5, 26.8, 26.2, 27.1]",2026-08-14T12:36:09.010666
HUB02-HUB02,2025-09-08,2025-09-14,"[2.3, 0.4, 0.9, 0.2, 0.4, 15.6, 36.7]","[14.9, 12.8, 10.8, 12.7, 12.1, 9.4, 12.7]","[27.6, 29.0, 29.1, 28.9, 27.6, 28.7, 27.7]",2026-08-14T12:36:09.010850
HUB02-HUB02,2025-09-15,2025-09-21,"[17.8, 5.2, 13.8, 19.5, 12.4, 7.7, 3.2]","[16.4, 13.5, 10.6, 10.8, 12.1, 13.8, 13.8]","[26.2, 25.8, 28.5, 27.0, 27.9, 27.9, 28.1]",2026-08-14T12:36:09.011036
HUB02-HUB02,2025-09-22,2025-09-28,"[7.3, 8.5, 1.3, 1.0, 5.3, 27.8, 67.9]","[14.4, 17.4, 15.4, 13.5, 12.8, 21.6, 27.9]","[26.3, 25.9, 26.8, 27.7, 26.6, 25.6, 22.8]",2026-08-14T12:36:09.011226
HUB02-HUB02,2025-09-29,2025-10-05,"[1.9, 1.4, 0.4, 0.2, 2.0, 3.5, 2.8]","[21.2, 19.0, 17.5, 16.6, 11.2, 12.3, 13.6]","[26.6, 26.6, 27.1, 28.0, 28.2, 28.8, 27.6]",2026-08-14T12:36:09.011414
HUB02-HUB02,2025-10-06,2025-10-12,"[0.2, 0.6, 2.4, 0.2, 0.0, 0.2, 0.0]","[13.5, 13.0, 10.1, 8.5, 9.5, 9.1, 8.1]","[28.0, 27.4, 28.5, 29.2, 30.4, 30.9, 31.3]",2026-08-14T12:36:09.011599
HUB02-HUB02,2025-10-13,2025-10-19,"[0.0, 0.0, 0.7, 0.1, 0.4, 0.4, 0.0]","[9.3, 11.9, 17.0, 15.5, 16.9, 13.3, 14.4]","[31.6, 31.5, 31.1, 32.3, 31.8, 32.1, 32.2]",2026-08-14T12:36:09.011783
HUB02-HUB02,2025-10-20,2025-10-26,"[0.0, 2.1, 0.5, 4.4, 19.5, 2.5, 18.3]","[15.5, 12.9, 15.4, 19.3, 18.1, 13.6, 16.3]","[32.4, 31.9, 31.8, 32.1, 29.0, 28.2, 26.0]",2026-08-14T12:36:09.011969
HUB02-HUB02,2025-10-27,2025-11-02,"[15.2, 0.0, 0.0, 8.6, 1.1, 5.1, 2.0]","[19.2, 10.3, 11.5, 16.8, 13.6, 13.0, 12.6]","[29.1, 29.1, 30.2, 27.8, 27.6, 28.4, 27.7]",2026-08-14T12:36:09.012154
HUB02-HUB02,2025-11-03,2025-11-09,"[0.5, 0.0, 0.2, 0.0, 0.0, 0.0, 0.0]","[13.9, 14.9, 11.5, 11.0, 10.0, 7.6, 8.3]","[27.9, 27.9, 27.7, 28.3, 29.1, 29.3, 29.3]",2026-08-14T12:36:09.012336
HUB02-HUB02,2025-11-10,2025-11-16,"[0.0, 0.0, 0.0, 0.0, 0.0, 0.0, 0.0]","[5.7, 6.8, 9.9, 9.6, 10.7, 10.1, 11.6]","[29.6, 29.8, 29.7, 30.1, 29.4, 29.4, 28.7]",2026-08-14T12:36:09.012521
HUB02-HUB02,2025-11-17,2025-11-23,"[0.0, 0.0, 0.0, 0.0, 0.0, 0.0, 0.0]","[14.8, 11.4, 8.7, 10.5, 8.0, 10.7, 11.7]","[28.4, 28.8, 30.0, 29.5, 30.7, 32.7, 32.5]",2026-08-14T12:36:09.012708
HUB02-HUB02,2025-11-24,2025-11-30,"[0.0, 0.0, 0.0, 0.0, 0.0, 0.0, 0.0]","[9.0, 10.6, 11.2, 12.7, 12.8, 13.5, 11.6]","[31.7, 31.1, 30.3, 29.5, 29.2, 28.3, 28.3]",2026-08-14T12:36:09.012892
HUB02-HUB02,2025-12-01,2025-12-07,"[0.0, 0.0, 0.0, 0.0, 0.0, 0.0, 0.0]","[8.3, 10.2, 10.7, 11.5, 12.4, 11.7, 10.8]","[28.7, 28.2, 28.5, 29.3, 29.9, 29.0, 29.1]",2026-08-14T12:36:09.013076
HUB02-HUB02,2025-12-08,2025-12-14,"[0.0, 0.0, 0.0, 0.0, 0.0, 0.0, 0.0]","[11.8, 15.7, 14.9, 10.1, 9.6, 9.6, 13.9]","[30.1, 29.7, 29.3, 28.6, 28.7, 29.5, 29.1]",2026-08-14T12:36:09.013263
HUB02-HUB02,2025-12-15,2025-12-21,"[0.0, 0.0, 0.0, 0.0, 0.0, 0.0, 0.0]","[14.3, 15.1, 10.9, 11.5, 12.0, 11.0, 11.5]","[28.5, 28.8, 30.1, 30.6, 29.6, 29.0, 28.0]",2026-08-14T12:36:09.013448
HUB02-HUB02,2025-12-22,2025-12-28,"[0.0, 0.0, 0.0, 0.0, 0.0, 0.0, 0.0]","[12.2, 12.5, 14.2, 10.5, 9.4, 9.1, 9.6]","[29.1, 28.7, 28.0, 27.9, 27.6, 28.2, 28.4]",2026-08-14T12:36:09.013633
HUB02-HUB02,2025-12-29,2026-01-04,"[0.0, 0.0, 0.0, 0.0, 0.0, 0.0, 0.0]","[8.8, 10.4, 12.9, 7.4, 11.7, 6.9, 11.2]","[28.4, 29.4, 28.8, 28.3, 29.6, 29.6, 29.3]",2026-08-14T12:36:09.013819
HUB02-HUB02,2026-01-05,2026-01-11,"[0.0, 0.0, 0.0, 0.0, 0.0, 0.0, 0.0]","[9.6, 11.9, 12.3, 13.5, 14.0, 11.4, 12.2]","[28.2, 27.9, 28.3, 27.7, 27.1, 27.9, 28.3]",2026-08-14T12:36:09.014001
HUB02-HUB02,2026-01-12,2026-01-18,"[1.5, 0.0, 0.3, 0.0, 0.0, 0.0, 0.0]","[9.5, 8.5, 11.9, 9.6, 11.4, 16.5, 15.9]","[30.1, 30.0, 28.8, 30.2, 31.0, 30.7, 29.1]",2026-08-14T12:36:09.014183
HUB02-HUB02,2026-01-19,2026-01-25,"[0.0, 0.0, 0.0, 0.0, 0.0, 0.0, 0.0]","[14.5, 9.4, 11.1, 12.4, 10.4, 10.5, 8.3]","[29.0, 29.5, 29.5, 28.6, 28.6, 29.2, 29.7]",2026-08-14T12:36:09.014369
HUB02-HUB02,2026-01-26,2026-01-31,"[1.9, 0.4, 0.0, 0.0, 0.0, 0.0]","[12.3, 14.4, 10.1, 9.7, 9.9, 11.5]","[29.5, 28.7, 29.6, 30.9, 30.5, 30.1]",2026-08-14T12:36:09.014561
HUB03-HUB03,2023-01-01,2023-01-01,[0.0],[13.0],[27.7],2026-08-14T12:36:10.850040
HUB03-HUB03,2023-01-02,2023-01-08,"[0.0, 0.0, 0.0, 0.0, 0.0, 0.0, 0.0]","[13.0, 15.1, 21.7, 22.3, 19.8, 14.9, 13.3]","[27.7, 27.4, 25.1, 25.9, 28.8, 30.0, 29.9]",2026-08-14T12:36:10.851219
HUB03-HUB03,2023-01-09,2023-01-15,"[0.0, 0.0, 0.0, 0.0, 0.0, 0.0, 0.0]","[11.6, 9.8, 12.1, 17.3, 10.9, 12.3, 14.7]","[29.9, 29.9, 29.9, 29.1, 26.2, 25.7, 25.2]",2026-08-14T12:36:10.851891
HUB03-HUB03,2023-01-16,2023-01-22,"[0.0, 0.0, 0.0, 0.0, 0.0, 0.0, 0.0]","[13.1, 15.2, 17.3, 15.8, 12.9, 14.6, 13.8]","[26.0, 27.1, 27.9, 29.2, 29.0, 27.8, 25.5]",2026-08-14T12:36:10.852417
HUB03-HUB03,2023-01-23,2023-01-29,"[0.0, 0.0, 0.0, 0.0, 0.0, 0.3, 1.8]","[11.7, 13.2, 15.7, 16.9, 19.6, 19.8, 17.3]","[25.9, 26.2, 26.4, 27.6, 28.9, 28.7, 28.0]",2026-08-14T12:36:10.852874
HUB03-HUB03,2023-01-30,2023-02-05,"[0.0, 0.0, 0.0, 0.0, 0.0, 0.0, 0.0]","[13.0, 19.1, 20.3, 17.7, 15.6, 12.2, 9.5]","[28.1, 27.9, 27.2, 29.2, 30.0, 30.6, 31.7]",2026-08-14T12:36:10.853297
HUB03-HUB03,2023-02-06,2023-02-12,"[0.0, 0.0, 0.0, 0.0, 0.0, 0.0, 0.0]","[12.7, 11.2, 11.6, 9.3, 12.8, 11.2, 16.6]","[30.2, 31.3, 31.6, 33.1, 32.8, 30.0, 32.9]",2026-08-14T12:36:10.853716
HUB03-HUB03,2023-02-13,2023-02-19,"[0.0, 0.0, 0.0, 0.0, 0.0, 0.0, 0.0]","[14.8, 9.8, 10.2, 10.0, 12.0, 9.5, 9.7]","[31.5, 33.0, 35.2, 36.9, 36.5, 36.5, 36.4]",2026-08-14T12:36:10.854149
HUB03-HUB03,2023-02-20,2023-02-26,"[0.0, 0.0, 0.0, 0.0, 0.0, 0.0, 0.0]","[13.1, 13.0, 12.1, 9.3, 10.5, 10.0, 11.4]","[36.5, 34.5, 33.9, 33.7, 34.7, 34.6, 34.9]",2026-08-14T12:36:10.854577
HUB03-HUB03,2023-02-27,2023-03-05,"[0.0, 0.0, 0.0, 0.0, 0.0, 0.0, 0.0]","[13.0, 11.8, 11.5, 11.6, 12.3, 14.1, 20.2]","[36.0, 35.9, 36.4, 37.1, 38.3, 38.7, 37.4]",2026-08-14T12:36:10.855003
HUB03-HUB03,2023-03-06,2023-03-12,"[0.8, 0.0, 0.0, 0.0, 0.0, 0.0, 0.0]","[22.6, 14.6, 15.8, 15.7, 15.3, 13.7, 13.9]","[36.4, 35.1, 36.0, 35.4, 35.5, 36.1, 37.4]",2026-08-14T12:36:10.855432
HUB03-HUB03,2023-03-13,2023-03-19,"[0.0, 0.0, 0.0, 0.0, 1.8, 1.1, 3.0]","[12.0, 17.2, 24.5, 16.3, 23.9, 16.5, 23.7]","[37.9, 37.8, 34.5, 36.0, 33.0, 33.9, 33.0]",2026-08-14T12:36:10.855856
HUB03-HUB03,2023-03-20,2023-03-26,"[0.0, 0.4, 0.0, 0.1, 0.0, 0.0, 0.0]","[17.6, 16.4, 11.7, 20.2, 18.8, 14.2, 11.0]","[32.7, 33.5, 32.7, 33.9, 33.5, 32.6, 33.8]",2026-08-14T12:36:10.856285
HUB03-HUB03,2023-03-27,2023-04-02,"[0.0, 0.0, 0.0, 5.1, 0.0, 0.0, 0.0]","[11.6, 11.1, 14.9, 20.6, 16.4, 10.7, 12.6]","[35.2, 35.0, 36.0, 32.4, 33.3, 35.0, 35.2]",2026-08-14T12:36:10.856704
HUB03-HUB03,2023-04-03,2023-04-09,"[0.0, 0.0, 0.0, 0.0, 0.1, 0.0, 0.0]","[17.0, 18.1, 15.5, 13.4, 23.0, 11.3, 11.5]","[36.6, 35.1, 36.7, 37.4, 36.7, 37.1, 38.7]",2026-08-14T12:36:10.857462
HUB03-HUB03,2023-04-10,2023-04-16,"[0.0, 0.0, 0.0, 0.0, 0.0, 0.0, 0.0]","[15.3, 12.7, 17.1, 14.3, 14.1, 15.0, 13.2]","[39.5, 40.0, 39.5, 39.4, 39.8, 39.5, 39.6]",2026-08-14T12:36:10.857989
HUB03-HUB03,2023-04-17,2023-04-23,"[0.0, 0.0, 0.0, 0.0, 0.0, 0.0, 0.0]","[19.1, 16.9, 19.5, 18.6, 14.4, 19.2, 24.0]","[40.8, 40.4, 40.2, 38.0, 38.5, 38.9, 40.4]",2026-08-14T12:36:10.858353
HUB03-HUB03,2023-04-24,2023-04-30,"[0.0, 0.0, 0.0, 0.0, 0.0, 0.6, 16.1]","[18.7, 14.8, 24.3, 11.7, 21.0, 18.9, 23.4]","[39.5, 40.0, 39.7, 38.3, 38.4, 34.2, 32.6]",2026-08-14T12:36:10.858697
HUB03-HUB03,2023-05-01,2023-05-07,"[0.5, 0.3, 0.0, 0.0, 0.0, 1.9, 0.0]","[19.1, 11.6, 14.9, 16.8, 14.5, 15.4, 17.1]","[34.6, 35.0, 34.4, 37.5, 38.7, 37.6, 40.0]",2026-08-14T12:36:10.859046
HUB03-HUB03,2023-05-08,2023-05-14,"[0.0, 0.0, 0.0, 0.0, 0.0, 0.0, 0.0]","[14.2, 12.7, 16.8, 19.4, 19.0, 16.3, 19.5]","[40.2, 42.7, 43.3, 43.1, 43.6, 43.7, 42.7]",2026-08-14T12:36:10.859389
HUB03-HUB03,2023-05-15,2023-05-21,"[0.0, 0.0, 0.0, 0.0, 0.0, 0.0, 0.0]","[23.1, 22.1, 20.0, 19.3, 15.5, 16.1, 16.5]","[41.9, 41.6, 41.3, 40.7, 42.0, 42.1, 41.7]",2026-08-14T12:36:10.859726
HUB03-HUB03,2023-05-22,2023-05-28,"[0.0, 0.0, 0.0, 0.0, 0.1, 0.0, 0.1]","[20.7, 20.5, 25.9, 26.3, 25.0, 26.4, 23.3]","[41.5, 40.9, 42.6, 41.6, 41.3, 42.3, 39.4]",2026-08-14T12:36:10.860063
HUB03-HUB03,2023-05-29,2023-06-04,"[0.0, 1.5, 0.0, 0.0, 0.4, 3.5, 0.0]","[25.5, 32.3, 23.9, 23.3, 18.4, 25.1, 18.5]","[36.9, 37.7, 39.9, 41.7, 40.7, 39.4, 40.6]",2026-08-14T12:36:10.860393
HUB03-HUB03,2023-06-05,2023-06-11,"[0.0, 0.0, 0.0, 0.0, 0.0, 0.0, 0.6]","[16.6, 19.9, 19.8, 18.9, 22.8, 24.1, 26.9]","[41.6, 41.6, 42.4, 41.5, 41.8, 41.0, 39.3]",2026-08-14T12:36:10.860724
HUB03-HUB03,2023-06-12,2023-06-18,"[0.9, 1.8, 1.6, 5.7, 14.9, 13.2, 0.1]","[33.0, 31.8, 31.0, 39.5, 43.0, 32.7, 29.9]","[39.3, 36.8, 36.7, 34.3, 36.0, 34.5, 36.6]",2026-08-14T12:36:10.861058
HUB03-HUB03,2023-06-19,2023-06-25,"[0.2, 0.0, 0.0, 0.0, 0.0, 0.1, 19.2]","[21.3, 18.1, 19.1, 18.9, 15.3, 18.5, 15.9]","[37.6, 37.8, 39.0, 38.5, 38.8, 36.1, 35.8]",2026-08-14T12:36:10.861386
HUB03-HUB03,2023-06-26,2023-07-02,"[13.9, 4.8, 19.9, 32.0, 37.3, 52.9, 0.4]","[16.4, 13.2, 13.2, 15.6, 16.0, 14.2, 12.8]","[31.1, 29.9, 32.8, 29.4, 27.9, 29.8, 33.1]",2026-08-14T12:36:10.861716
HUB03-HUB03,2023-07-03,2023-07-09,"[0.5, 2.9, 13.0, 28.1, 13.8, 9.2, 25.9]","[12.1, 14.1, 13.0, 9.5, 11.4, 17.4, 19.1]","[33.9, 33.8, 33.6, 31.4, 31.2, 32.1, 30.2]",2026-08-14T12:36:10.862044
HUB03-HUB03,2023-07-10,2023-07-16,"[111.4, 2.7, 1.6, 1.0, 2.0, 20.1, 1.5]","[19.7, 19.3, 16.0, 15.7, 22.4, 19.2, 17.0]","[31.0, 32.3, 32.7, 32.4, 32.8, 29.7, 33.1]",2026-08-14T12:36:10.862375
HUB03-HUB03,2023-07-17,2023-07-23,"[1.4, 20.7, 30.3, 43.5, 4.9, 36.1, 31.1]","[11.5, 16.0, 11.3, 17.8, 12.4, 8.6, 14.6]","[32.6, 31.0, 31.1, 32.7, 32.8, 31.3, 31.9]",2026-08-14T12:36:10.862703
HUB03-HUB03,2023-07-24,2023-07-30,"[9.8, 13.0, 3.7, 9.2, 4.4, 6.1, 2.3]","[22.0, 16.0, 14.0, 15.4, 18.7, 21.3, 19.8]","[31.4, 31.7, 32.1, 33.0, 31.9, 31.7, 31.4]",2026-08-14T12:36:10.863028
HUB03-HUB03,2023-07-31,2023-08-06,"[7.7, 4.2, 1.6, 1.7, 1.5, 1.9, 0.6]","[17.4, 19.2, 23.3, 22.5, 18.2, 18.3, 22.6]","[31.3, 31.6, 32.8, 31.2, 31.7, 32.3, 32.6]",2026-08-14T12:36:10.863361
HUB03-HUB03,2023-08-07,2023-08-13,"[0.3, 0.4, 0.6, 2.6, 2.0, 2.5, 0.6]","[26.7, 24.5, 21.4, 17.3, 14.7, 17.6, 22.6]","[32.0, 32.0, 31.9, 32.0, 31.9, 31.7, 32.3]",2026-08-14T12:36:10.863688
HUB03-HUB03,2023-08-14,2023-08-20,"[0.5, 0.3, 1.2, 0.9, 0.0, 0.0, 0.6]","[18.9, 16.6, 14.6, 18.1, 15.5, 16.6, 19.2]","[32.5, 32.4, 33.2, 32.3, 32.9, 33.3, 31.5]",2026-08-14T12:36:10.864016
HUB03-HUB03,2023-08-21,2023-08-27,"[0.2, 0.3, 0.2, 0.3, 0.8, 0.4, 0.3]","[14.8, 18.0, 20.9, 23.3, 18.7, 16.3, 18.8]","[30.6, 32.8, 32.9, 33.6, 34.3, 33.7, 34.0]",2026-08-14T12:36:10.864294
HUB03-HUB03,2023-08-28,2023-09-03,"[0.2, 0.3, 0.0, 0.3, 0.0, 0.0, 0.5]","[19.4, 15.6, 12.6, 11.1, 10.7, 12.0, 13.0]","[34.7, 34.3, 34.1, 33.8, 34.8, 34.9, 34.4]",2026-08-14T12:36:10.864579
HUB03-HUB03,2023-09-04,2023-09-10,"[0.0, 0.0, 1.8, 5.6, 0.5, 0.5, 0.0]","[12.2, 15.1, 21.0, 18.3, 15.0, 19.1, 19.4]","[34.5, 35.8, 36.7, 36.0, 36.3, 36.6, 35.3]",2026-08-14T12:36:10.864856
HUB03-HUB03,2023-09-11,2023-09-17,"[0.2, 0.2, 0.0, 0.3, 1.8, 12.7, 60.9]","[18.9, 18.6, 15.9, 14.2, 18.4, 24.1, 28.5]","[35.7, 34.9, 33.9, 34.3, 32.5, 33.0, 28.0]",2026-08-14T12:36:10.865134
HUB03-HUB03,2023-09-18,2023-09-24,"[38.6, 31.4, 11.2, 0.5, 0.1, 12.0, 14.5]","[25.9, 23.2, 15.2, 14.2, 9.9, 12.0, 10.7]","[26.4, 29.1, 30.4, 32.5, 32.2, 31.3, 30.5]",2026-08-14T12:36:10.865417
HUB03-HUB03,2023-09-25,2023-10-01,"[2.9, 2.6, 15.7, 12.0, 0.0, 0.3, 0.0]","[8.7, 9.4, 12.3, 13.0, 7.4, 11.4, 13.4]","[31.0, 32.3, 31.7, 33.1, 34.0, 35.6, 35.7]",2026-08-14T12:36:10.865698
HUB03-HUB03,2023-10-02,2023-10-08,"[0.0, 0.0, 0.0, 0.0, 0.0, 0.0, 0.0]","[11.0, 10.7, 11.0, 11.0, 13.5, 10.1, 8.8]","[33.6, 33.6, 33.2, 33.0, 32.3, 32.5, 33.4]",2026-08-14T12:36:10.865976
HUB03-HUB03,2023-10-09,2023-10-15,"[0.0, 0.0, 0.0, 0.0, 0.0, 0.2, 0.8]","[10.5, 9.0, 9.4, 8.3, 8.9, 15.1, 13.8]","[33.6, 32.3, 33.9, 34.5, 35.5, 35.3, 33.3]",2026-08-14T12:36:10.866258
HUB03-HUB03,2023-10-16,2023-10-22,"[0.0, 0.0, 0.0, 0.0, 0.0, 0.0, 0.0]","[9.1, 9.8, 12.2, 9.5, 12.5, 12.4, 10.4]","[34.0, 33.6, 33.3, 33.9, 35.2, 34.5, 35.0]",2026-08-14T12:36:10.866542
HUB03-HUB03,2023-10-23,2023-10-29,"[0.0, 0.0, 0.0, 0.0, 0.0, 0.0, 0.0]","[13.0, 10.6, 14.7, 10.5, 9.5, 10.7, 11.5]","[34.0, 34.5, 34.0, 34.5, 34.0, 33.3, 34.6]",2026-08-14T12:36:10.866819
HUB03-HUB03,2023-10-30,2023-11-05,"[0.0, 0.0, 0.0, 0.0, 0.0, 0.0, 0.0]","[13.3, 15.4, 12.2, 12.2, 11.2, 9.8, 11.2]","[34.5, 34.2, 34.1, 33.8, 34.4, 34.4, 34.8]",2026-08-14T12:36:10.867097
HUB03-HUB03,2023-11-06,2023-11-12,"[0.0, 0.0, 0.0, 0.0, 0.0, 0.0, 0.0]","[10.8, 9.9, 11.1, 9.2, 12.1, 15.5, 14.9]","[34.2, 34.2, 34.5, 34.7, 34.7, 33.5, 33.0]",2026-08-14T12:36:10.867377
HUB03-HUB03,2023-11-13,2023-11-19,"[0.0, 0.0, 0.0, 0.0, 0.0, 0.0, 0.0]","[13.0, 11.8, 17.5, 17.3, 17.0, 12.3, 12.4]","[31.8, 32.1, 32.0, 31.8, 31.4, 31.2, 32.5]",2026-08-14T12:36:10.867656
HUB03-HUB03,2023-11-20,2023-11-26,"[0.0, 0.0, 0.0, 0.0, 0.0, 0.0, 60.5]","[14.1, 15.9, 10.2, 8.2, 18.9, 18.1, 24.7]","[33.4, 32.8, 31.8, 30.8, 32.5, 32.6, 30.7]",2026-08-14T12:36:10.867932
HUB03-HUB03,2023-11-27,2023-12-03,"[1.1, 0.0, 0.0, 0.0, 1.6, 0.6, 0.1]","[11.2, 9.6, 12.4, 10.7, 16.8, 18.9, 17.2]","[26.8, 26.5, 27.4, 28.3, 27.6, 28.3, 28.4]",2026-08-14T12:36:10.868213
HUB03-HUB03,2023-12-04,2023-12-10,"[0.0, 0.0, 0.0, 0.0, 0.0, 0.0, 0.0]","[13.8, 18.7, 19.0, 15.6, 13.6, 9.7, 11.5]","[27.9, 27.7, 27.5, 27.8, 28.3, 28.5, 28.8]",2026-08-14T12:36:10.868495
HUB03-HUB03,2023-12-11,2023-12-17,"[0.0, 0.0, 0.0, 0.0, 0.0, 0.0, 0.0]","[10.2, 10.5, 14.4, 14.8, 12.9, 14.3, 14.3]","[28.7, 28.6, 28.9, 29.5, 30.4, 29.5, 28.4]",2026-08-14T12:36:10.868777
HUB03-HUB03,2023-12-18,2023-12-24,"[0.0, 0.0, 0.0, 0.0, 0.0, 0.0, 0.0]","[21.5, 20.7, 19.2, 16.2, 15.9, 11.8, 15.6]","[27.4, 26.2, 26.2, 27.8, 28.8, 29.8, 30.2]",2026-08-14T12:36:10.869053
HUB03-HUB03,2023-12-25,2023-12-31,"[0.0, 0.0, 0.0, 0.0, 0.0, 0.0, 0.0]","[13.5, 11.3, 9.5, 16.9, 13.0, 10.2, 10.2]","[30.1, 30.3, 29.9, 29.9, 29.7, 29.8, 28.9]",2026-08-14T12:36:10.869337
HUB03-HUB03,2024-01-01,2024-01-07,"[0.0, 0.0, 0.0, 0.0, 0.0, 0.0, 0.0]","[10.7, 11.5, 12.3, 14.7, 13.0, 15.6, 18.2]","[28.3, 27.9, 26.9, 26.4, 25.9, 26.1, 26.5]",2026-08-14T12:36:10.869614
HUB03-HUB03,2024-01-08,2024-01-14,"[0.0, 0.0, 0.0, 0.0, 0.0, 0.0, 0.0]","[15.2, 14.7, 15.4, 12.5, 10.9, 11.4, 12.7]","[27.5, 27.9, 27.9, 28.6, 28.9, 28.8, 27.7]",2026-08-14T12:36:10.869889
HUB03-HUB03,2024-01-15,2024-01-21,"[0.0, 0.0, 0.0, 0.0, 0.0, 0.0, 0.0]","[10.3, 11.0, 9.0, 11.7, 14.5, 12.6, 14.3]","[26.7, 26.5, 26.5, 27.7, 27.3, 26.8, 26.7]",2026-08-14T12:36:10.870168
HUB03-HUB03,2024-01-22,2024-01-28,"[0.0, 0.0, 0.0, 0.0, 0.0, 0.0, 0.0]","[13.7, 9.2, 11.0, 14.8, 12.9, 12.7, 10.0]","[27.0, 27.3, 27.1, 27.5, 27.9, 29.2, 29.6]",2026-08-14T12:36:10.870456
HUB03-HUB03,2024-01-29,2024-02-04,"[0.0, 0.0, 0.0, 0.0, 0.0, 0.0, 0.0]","[10.9, 8.6, 12.0, 14.3, 9.0, 10.2, 14.3]","[27.9, 29.1, 29.1, 29.0, 29.7, 31.9, 32.8]",2026-08-14T12:36:10.870734
HUB03-HUB03,2024-02-05,2024-02-11,"[0.0, 0.0, 0.0, 0.0, 0.0, 0.0, 0.0]","[12.6, 10.9, 14.9, 19.1, 14.2, 16.2, 16.5]","[30.0, 30.6, 30.3, 28.0, 28.5, 29.5, 29.5]",2026-08-14T12:36:10.871014
HUB03-HUB03,2024-02-12,2024-02-18,"[0.0, 0.0, 0.0, 0.0, 0.0, 0.0, 0.0]","[13.8, 14.9, 13.4, 19.0, 19.1, 13.7, 15.3]","[29.4, 29.6, 30.1, 32.0, 33.9, 34.7, 34.3]",2026-08-14T12:36:10.871294
HUB03-HUB03,2024-02-19,2024-02-25,"[0.0, 0.0, 0.1, 0.0, 0.0, 0.0, 0.0]","[17.1, 13.8, 21.0, 16.6, 13.2, 14.3, 14.0]","[34.3, 32.4, 30.4, 29.9, 29.8, 30.6, 31.4]",2026-08-14T12:36:10.871570
HUB03-HUB03,2024-02-26,2024-03-03,"[0.0, 0.0, 0.0, 0.0, 0.0, 4.6, 0.0]","[21.0, 14.1, 15.3, 14.8, 19.7, 23.1, 14.2]","[33.1, 34.7, 34.1, 37.0, 36.9, 30.1, 25.3]",2026-08-14T12:36:10.871844
HUB03-HUB03,2024-03-04,2024-03-10,"[0.0, 0.0, 0.0, 0.0, 0.0, 0.0, 0.0]","[12.2, 13.4, 11.9, 11.2, 13.9, 13.8, 13.4]","[27.6, 30.4, 31.8, 32.3, 32.5, 32.4, 33.9]",2026-08-14T12:36:10.872096
HUB03-HUB03,2024-03-11,2024-03-17,"[0.0, 0.0, 0.0, 0.0, 0.0, 0.0, 0.0]","[13.2, 13.7, 18.4, 12.8, 10.8, 16.3, 20.4]","[35.1, 34.9, 34.4, 33.5, 34.1, 35.1, 35.8]",2026-08-14T12:36:10.872337
HUB03-HUB03,2024-03-18,2024-03-24,"[0.0, 0.0, 0.0, 0.0, 0.0, 0.0, 0.0]","[15.5, 15.1, 13.5, 11.3, 13.0, 11.3, 14.8]","[36.2, 36.9, 38.2, 38.0, 38.3, 38.5, 37.3]",2026-08-14T12:36:10.872580
HUB03-HUB03,2024-03-25,2024-03-31,"[0.0, 0.0, 0.0, 0.0, 0.0, 0.0, 0.0]","[11.6, 9.7, 11.9, 15.9, 16.5, 18.9, 13.1]","[38.8, 40.0, 40.8, 40.4, 39.8, 37.9, 37.1]",2026-08-14T12:36:10.872827
HUB03-HUB03,2024-04-01,2024-04-07,"[0.0, 0.0, 0.0, 0.0, 0.0, 0.0, 0.0]","[17.5, 13.9, 13.7, 12.9, 20.5, 17.7, 14.3]","[38.1, 37.5, 37.3, 37.5, 37.5, 37.9, 38.8]",2026-08-14T12:36:10.873064
HUB03-HUB03,2024-04-08,2024-04-14,"[0.0, 0.0, 0.0, 0.0, 0.0, 0.0, 0.2]","[15.3, 10.0, 10.7, 16.6, 14.0, 14.7, 20.1]","[40.1, 41.0, 40.0, 40.5, 38.9, 38.7, 39.5]",2026-08-14T12:36:10.873301
HUB03-HUB03,2024-04-15,2024-04-21,"[0.0, 0.0, 0.0, 0.0, 0.0, 0.0, 0.0]","[18.6, 15.1, 17.5, 18.8, 20.5, 19.6, 16.6]","[40.8, 41.3, 42.9, 41.6, 39.7, 37.9, 38.3]",2026-08-14T12:36:10.873543
HUB03-HUB03,2024-04-22,2024-04-28,"[0.0, 0.0, 0.0, 0.0, 0.1, 0.0, 0.0]","[17.7, 11.6, 13.2, 16.4, 17.3, 14.8, 15.2]","[38.5, 39.4, 40.9, 40.8, 40.3, 39.8, 40.8]",2026-08-14T12:36:10.873781
HUB03-HUB03,2024-04-29,2024-05-05,"[0.0, 0.0, 0.0, 0.0, 0.0, 0.0, 0.0]","[17.1, 20.3, 18.9, 10.2, 13.7, 20.9, 20.5]","[40.7, 40.6, 40.8, 40.3, 42.1, 41.4, 39.5]",2026-08-14T12:36:10.874027
HUB03-HUB03,2024-05-06,2024-05-12,"[0.0, 0.0, 0.0, 0.0, 0.0, 0.0, 0.2]","[16.6, 19.0, 17.1, 20.9, 19.9, 14.8, 19.9]","[41.0, 43.1, 42.7, 42.4, 42.2, 41.0, 41.7]",2026-08-14T12:36:10.874299
HUB03-HUB03,2024-05-13,2024-05-19,"[0.0, 0.3, 0.0, 0.0, 0.0, 0.0, 0.0]","[28.4, 15.8, 18.9, 16.5, 20.3, 15.5, 20.3]","[39.5, 40.0, 41.0, 42.7, 45.0, 45.4, 45.5]",2026-08-14T12:36:10.874800
HUB03-HUB03,2024-05-20,2024-05-26,"[0.0, 0.0, 0.0, 0.0, 0.0, 0.0, 0.0]","[19.4, 16.5, 17.9, 21.8, 20.2, 20.4, 20.0]","[44.7, 45.2, 45.9, 46.5, 45.8, 44.6, 43.9]",2026-08-14T12:36:10.875142
HUB03-HUB03,2024-05-27,2024-06-02,"[0.0, 0.0, 0.0, 0.0, 0.0, 0.0, 0.0]","[23.4, 26.9, 23.8, 24.7, 25.5, 22.5, 19.6]","[44.3, 44.2, 42.9, 42.5, 41.9, 41.9, 41.6]",2026-08-14T12:36:10.875432
HUB03-HUB03,2024-06-03,2024-06-09,"[0.1, 0.0, 0.0, 0.0, 0.0, 0.0, 0.0]","[18.5, 18.7, 20.3, 21.0, 17.0, 20.6, 25.5]","[41.3, 40.9, 41.3, 41.6, 41.6, 40.9, 42.2]",2026-08-14T12:36:10.875695
HUB03-HUB03,2024-06-10,2024-06-16,"[0.0, 0.0, 0.0, 0.0, 0.0, 0.0, 0.0]","[18.8, 17.3, 19.5, 18.1, 23.1, 22.0, 19.4]","[40.9, 41.3, 40.8, 41.2, 40.7, 39.9, 41.0]",2026-08-14T12:36:10.875948
HUB03-HUB03,2024-06-17,2024-06-23,"[0.0, 0.5, 0.8, 0.0, 0.1, 0.0, 0.4]","[20.2, 26.1, 24.4, 24.2, 23.3, 17.7, 19.8]","[40.9, 40.0, 40.5, 41.9, 41.3, 40.2, 41.7]",2026-08-14T12:36:10.876205
HUB03-HUB03,2024-06-24,2024-06-30,"[7.5, 2.3, 0.3, 0.2, 8.2, 15.6, 34.6]","[14.8, 18.8, 14.6, 20.3, 21.1, 21.1, 18.9]","[40.0, 35.1, 37.3, 35.1, 32.5, 31.6, 31.2]",2026-08-14T12:36:10.876454
HUB03-HUB03,2024-07-01,2024-07-07,"[28.6, 43.7, 12.5, 0.5, 14.9, 0.7, 2.4]","[23.9, 19.0, 18.2, 14.4, 14.8, 19.1, 17.7]","[28.6, 29.4, 33.6, 33.4, 30.6, 32.8, 33.3]",2026-08-14T12:36:10.876700
HUB03-HUB03,2024-07-08,2024-07-14,"[2.9, 12.9, 0.1, 10.3, 5.3, 2.5, 1.4]","[11.2, 12.9, 16.6, 14.0, 19.0, 15.4, 14.9]","[33.2, 32.7, 32.7, 32.9, 32.7, 33.1, 33.1]",2026-08-14T12:36:10.876950
HUB03-HUB03,2024-07-15,2024-07-21,"[29.3, 30.6, 1.2, 17.6, 3.0, 1.5, 0.5]","[11.2, 13.0, 15.5, 17.6, 20.5, 17.7, 11.6]","[30.7, 32.8, 32.8, 33.6, 31.7, 32.4, 33.1]",2026-08-14T12:36:10.877202
HUB03-HUB03,2024-07-22,2024-07-28,"[7.0, 3.5, 15.5, 21.8, 2.5, 9.0, 9.4]","[18.8, 18.9, 17.8, 21.1, 17.5, 16.6, 15.4]","[30.8, 31.7, 29.3, 30.4, 31.1, 30.3, 31.4]",2026-08-14T12:36:10.877449
HUB03-HUB03,2024-07-29,2024-08-04,"[128.3, 8.0, 2.5, 12.9, 8.6, 44.1, 4.6]","[31.1, 16.5, 18.7, 18.4, 18.9, 20.3, 17.3]","[28.1, 31.5, 32.4, 30.8, 29.1, 29.0, 30.1]",2026-08-14T12:36:10.877695
HUB03-HUB03,2024-08-05,2024-08-11,"[3.9, 2.3, 2.3, 2.7, 16.7, 24.3, 4.5]","[18.2, 20.0, 17.4, 16.0, 15.8, 16.2, 19.2]","[29.3, 31.3, 31.7, 31.1, 29.9, 29.6, 29.0]",2026-08-14T12:36:10.877947
HUB03-HUB03,2024-08-12,2024-08-18,"[7.9, 4.9, 2.6, 0.6, 5.4, 1.1, 0.6]","[14.9, 12.5, 12.6, 11.6, 17.8, 13.7, 10.0]","[30.5, 31.1, 31.4, 31.1, 31.7, 32.3, 32.7]",2026-08-14T12:36:10.878200
HUB03-HUB03,2024-08-19,2024-08-25,"[1.3, 2.3, 1.0, 5.2, 40.9, 28.4, 39.3]","[10.5, 11.3, 9.5, 10.7, 8.0, 13.0, 23.1]","[32.6, 31.1, 31.9, 32.0, 30.6, 26.9, 29.6]",2026-08-14T12:36:10.878446
HUB03-HUB03,2024-08-26,2024-09-01,"[105.1, 80.1, 23.4, 5.9, 2.5, 0.0, 0.8]","[28.8, 37.4, 32.0, 31.4, 21.3, 9.2, 12.3]","[29.3, 26.3, 29.6, 31.1, 30.5, 32.2, 32.1]",2026-08-14T12:36:10.878693
HUB03-HUB03,2024-09-02,2024-09-08,"[22.2, 54.4, 2.1, 19.8, 28.7, 1.4, 8.9]","[16.6, 11.3, 17.8, 16.2, 18.6, 14.3, 13.9]","[30.8, 29.1, 29.4, 30.5, 30.8, 31.2, 30.9]",2026-08-14T12:36:10.878939
HUB03-HUB03,2024-09-09,2024-09-15,"[14.1, 2.8, 26.8, 0.1, 0.2, 2.4, 1.5]","[16.8, 18.7, 17.0, 16.2, 22.0, 17.3, 13.6]","[31.7, 31.4, 30.6, 32.0, 31.1, 30.5, 30.8]",2026-08-14T12:36:10.879181
HUB03-HUB03,2024-09-16,2024-09-22,"[0.0, 0.2, 0.0, 0.0, 0.0, 0.1, 0.1]","[12.9, 11.4, 14.5, 13.5, 15.8, 13.5, 12.1]","[31.2, 31.3, 32.1, 32.6, 32.9, 31.8, 33.1]",2026-08-14T12:36:10.879424
HUB03-HUB03,2024-09-23,2024-09-29,"[0.0, 3.9, 5.1, 14.4, 20.0, 38.6, 4.0]","[14.1, 12.2, 10.1, 13.2, 8.9, 11.6, 8.1]","[33.6, 33.5, 33.0, 31.5, 30.2, 30.1, 29.7]",2026-08-14T12:36:10.879663
HUB03-HUB03,2024-09-30,2024-10-06,"[1.9, 0.1, 0.0, 0.0, 0.3, 0.1, 0.0]","[9.1, 11.4, 10.8, 15.4, 12.1, 9.2, 7.5]","[32.0, 33.4, 33.5, 32.5, 31.7, 31.9, 32.2]",2026-08-14T12:36:10.879902
HUB03-HUB03,2024-10-07,2024-10-13,"[0.0, 0.0, 0.0, 13.7, 0.1, 8.4, 15.2]","[10.8, 11.8, 11.2, 14.0, 17.3, 18.8, 17.2]","[34.4, 34.4, 34.3, 29.4, 30.6, 31.8, 31.4]",2026-08-14T12:36:10.880123
HUB03-HUB03,2024-10-14,2024-10-20,"[0.1, 0.5, 5.8, 0.0, 0.0, 8.5, 0.0]","[12.0, 9.8, 8.2, 10.5, 13.1, 18.8, 9.1]","[31.4, 32.9, 33.0, 33.6, 33.8, 32.4, 31.9]",2026-08-14T12:36:10.880336
HUB03-HUB03,2024-10-21,2024-10-27,"[6.6, 9.7, 0.0, 0.0, 0.0, 0.0, 0.0]","[8.6, 12.9, 10.4, 11.6, 11.1, 8.0, 10.3]","[30.9, 32.4, 33.4, 33.8, 33.6, 34.3, 35.7]",2026-08-14T12:36:10.880552
HUB03-HUB03,2024-10-28,2024-11-03,"[0.0, 0.0, 0.0, 0.0, 0.0, 0.0, 0.0]","[8.9, 12.7, 6.7, 10.4, 11.1, 9.4, 9.6]","[36.0, 36.8, 36.3, 35.9, 35.8, 34.8, 35.0]",2026-08-14T12:36:10.880769
HUB03-HUB03,2024-11-04,2024-11-10,"[0.0, 0.0, 0.0, 0.0, 0.0, 0.0, 0.0]","[10.5, 12.0, 11.3, 9.7, 9.9, 10.6, 12.6]","[34.9, 35.0, 34.5, 34.4, 34.3, 34.2, 34.3]",2026-08-14T12:36:10.881002
HUB03-HUB03,2024-11-11,2024-11-17,"[0.0, 0.0, 0.0, 0.0, 0.0, 0.0, 0.0]","[11.4, 11.6, 9.8, 10.0, 8.5, 9.5, 9.7]","[33.5, 33.4, 33.1, 33.0, 32.6, 32.6, 32.8]",2026-08-14T12:36:10.881221
HUB03-HUB03,2024-11-18,2024-11-24,"[0.0, 0.0, 0.0, 0.0, 0.0, 0.0, 0.0]","[10.3, 10.2, 10.8, 10.5, 10.8, 9.6, 10.3]","[32.1, 31.4, 30.7, 30.0, 29.3, 29.7, 30.1]",2026-08-14T12:36:10.881448
HUB03-HUB03,2024-11-25,2024-12-01,"[0.0, 0.0, 0.0, 0.0, 0.0, 0.0, 0.0]","[10.9, 9.8, 10.0, 9.5, 11.8, 12.7, 12.7]","[30.0, 30.5, 30.5, 30.4, 28.7, 27.9, 28.2]",2026-08-14T12:36:10.881663
HUB03-HUB03,2024-12-02,2024-12-08,"[0.0, 0.0, 0.0, 0.0, 0.0, 0.0, 0.0]","[12.6, 12.8, 12.7, 11.3, 10.3, 9.0, 12.0]","[29.3, 31.1, 31.3, 31.3, 30.3, 28.9, 28.5]",2026-08-14T12:36:10.881883
HUB03-HUB03,2024-12-09,2024-12-15,"[0.0, 0.0, 0.0, 0.0, 0.0, 0.0, 0.0]","[11.7, 12.4, 13.0, 10.3, 14.5, 14.5, 12.5]","[26.7, 25.4, 26.6, 26.9, 25.7, 26.3, 27.9]",2026-08-14T12:36:10.882096
HUB03-HUB03,2024-12-16,2024-12-22,"[0.0, 0.0, 0.0, 0.0, 0.0, 0.0, 0.0]","[11.8, 10.8, 11.0, 9.8, 9.8, 10.0, 11.9]","[28.6, 28.4, 29.1, 28.9, 27.4, 29.6, 27.7]",2026-08-14T12:36:10.882310
HUB03-HUB03,2024-12-23,2024-12-29,"[0.0, 0.0, 0.0, 0.1, 0.0, 0.0, 0.0]","[10.5, 11.3, 10.8, 12.0, 11.1, 10.9, 13.0]","[26.4, 25.9, 28.2, 29.5, 28.2, 26.7, 27.0]",2026-08-14T12:36:10.882527
HUB03-HUB03,2024-12-30,2025-01-05,"[0.0, 0.0, 0.0, 0.0, 0.0, 0.0, 0.0]","[12.3, 10.1, 9.5, 10.4, 9.5, 9.0, 12.2]","[27.0, 28.3, 28.5, 29.7, 30.4, 30.3, 28.0]",2026-08-14T12:36:10.882751
HUB03-HUB03,2025-01-06,2025-01-12,"[0.0, 0.0, 0.0, 0.0, 0.0, 0.0, 0.0]","[12.1, 12.7, 11.6, 11.8, 11.2, 9.8, 13.4]","[26.4, 25.5, 25.6, 27.4, 28.6, 27.7, 27.1]",2026-08-14T12:36:10.882966
HUB03-HUB03,2025-01-13,2025-01-19,"[0.0, 0.0, 0.5, 0.0, 0.0, 0.0, 0.0]","[14.0, 13.6, 12.3, 12.8, 15.0, 13.8, 9.6]","[25.1, 26.7, 27.1, 27.6, 27.0, 30.2, 31.1]",2026-08-14T12:36:10.883180
HUB03-HUB03,2025-01-20,2025-01-26,"[0.0, 0.0, 0.0, 0.0, 0.0, 0.0, 0.0]","[8.7, 8.6, 9.9, 13.6, 14.9, 13.3, 10.3]","[31.2, 30.7, 29.2, 28.4, 28.1, 28.8, 29.8]",2026-08-14T12:36:10.883395
HUB03-HUB03,2025-01-27,2025-02-02,"[0.0, 0.0, 0.0, 0.0, 0.0, 0.0, 0.0]","[9.6, 9.8, 8.8, 10.5, 9.7, 9.2, 9.4]","[29.8, 31.3, 31.4, 30.1, 29.1, 27.7, 28.6]",2026-08-14T12:36:10.883614
HUB03-HUB03,2025-02-03,2025-02-09,"[0.0, 0.0, 0.0, 0.0, 0.0, 0.0, 0.0]","[8.5, 11.2, 10.4, 16.9, 14.3, 12.6, 9.1]","[30.3, 28.7, 28.0, 28.3, 29.5, 30.9, 32.5]",2026-08-14T12:36:10.883829
HUB03-HUB03,2025-02-10,2025-02-16,"[0.0, 0.0, 0.0, 0.0, 0.0, 0.0, 0.0]","[7.9, 9.0, 11.5, 11.9, 8.7, 10.4, 11.5]","[32.2, 30.7, 31.6, 31.7, 33.1, 34.0, 32.7]",2026-08-14T12:36:10.884045
HUB03-HUB03,2025-02-17,2025-02-23,"[0.0, 0.0, 0.0, 0.0, 0.0, 0.0, 0.0]","[10.3, 10.8, 14.1, 11.8, 10.6, 11.6, 10.7]","[33.2, 33.4, 33.4, 33.3, 33.2, 33.8, 34.1]",2026-08-14T12:36:10.884261
HUB03-HUB03,2025-02-24,2025-03-02,"[0.0, 0.0, 0.0, 0.0, 0.0, 0.0, 0.0]","[11.3, 11.2, 10.6, 9.2, 11.0, 10.2, 8.8]","[34.0, 34.7, 35.9, 36.1, 35.3, 34.0, 33.3]",2026-08-14T12:36:10.884482
HUB03-HUB03,2025-03-03,2025-03-09,"[0.0, 0.0, 0.0, 0.0, 0.0, 0.0, 0.0]","[11.5, 15.8, 14.2, 11.4, 9.0, 11.6, 9.4]","[34.3, 32.4, 32.6, 33.1, 35.9, 37.2, 38.0]",2026-08-14T12:36:10.884697
HUB03-HUB03,2025-03-10,2025-03-16,"[0.0, 0.0, 0.0, 0.0, 0.0, 0.0, 0.0]","[7.8, 8.3, 10.1, 14.3, 14.6, 12.0, 14.6]","[39.4, 40.1, 39.5, 39.0, 38.3, 37.4, 36.2]",2026-08-14T12:36:10.884911
HUB03-HUB03,2025-03-17,2025-03-23,"[0.0, 0.0, 0.0, 0.0, 0.0, 0.0, 0.0]","[11.7, 12.1, 11.2, 13.1, 11.4, 8.8, 9.1]","[35.5, 36.3, 36.1, 35.0, 35.3, 37.4, 38.7]",2026-08-14T12:36:10.885128
HUB03-HUB03,2025-03-24,2025-03-30,"[0.0, 0.0, 0.0, 0.0, 0.0, 0.0, 0.0]","[9.5, 10.1, 12.1, 11.1, 13.0, 12.6, 12.1]","[39.6, 39.3, 37.8, 36.1, 36.2, 36.8, 38.4]",2026-08-14T12:36:10.885346
HUB03-HUB03,2025-03-31,2025-04-06,"[0.0, 0.0, 0.0, 0.0, 0.0, 0.0, 0.0]","[13.2, 12.4, 10.9, 13.0, 11.4, 11.4, 14.8]","[39.4, 40.0, 40.1, 40.2, 40.5, 41.3, 42.4]",2026-08-14T12:36:10.885562
HUB03-HUB03,2025-04-07,2025-04-13,"[0.0, 0.0, 0.0, 0.0, 0.0, 0.0, 0.0]","[14.6, 14.3, 14.9, 21.1, 18.2, 12.9, 14.1]","[42.5, 42.8, 43.2, 42.4, 38.1, 40.3, 41.4]",2026-08-14T12:36:10.885776
HUB03-HUB03,2025-04-14,2025-04-20,"[0.0, 0.0, 0.0, 0.0, 0.0, 0.0, 0.0]","[17.2, 14.1, 14.3, 12.5, 16.7, 19.1, 13.7]","[41.9, 42.7, 42.9, 42.3, 42.7, 40.6, 40.2]",2026-08-14T12:36:10.885990
HUB03-HUB03,2025-04-21,2025-04-27,"[0.0, 0.0, 0.0, 0.0, 0.0, 0.0, 0.0]","[12.8, 11.7, 11.0, 12.3, 11.9, 16.3, 11.2]","[40.8, 41.5, 42.0, 41.5, 40.8, 42.0, 42.8]",2026-08-14T12:36:10.886205
HUB03-HUB03,2025-04-28,2025-05-04,"[0.0, 0.0, 0.0, 0.0, 0.0, 0.0, 0.8]","[14.7, 14.8, 15.4, 16.6, 14.8, 19.7, 11.3]","[43.9, 43.8, 44.1, 43.8, 43.4, 41.4, 37.6]",2026-08-14T12:36:10.886420
HUB03-HUB03,2025-05-05,2025-05-11,"[0.3, 5.1, 17.5, 1.0, 0.0, 0.0, 0.0]","[23.8, 13.4, 14.4, 9.6, 10.5, 10.7, 11.5]","[37.4, 32.3, 30.9, 32.3, 33.8, 34.8, 35.4]",2026-08-14T12:36:10.886637
HUB03-HUB03,2025-05-12,2025-05-18,"[0.0, 0.0, 0.0, 0.0, 0.0, 0.0, 0.0]","[10.7, 11.4, 9.5, 10.3, 14.0, 12.5, 13.0]","[37.0, 37.7, 39.5, 40.1, 38.2, 39.1, 40.4]",2026-08-14T12:36:10.886854
HUB03-HUB03,2025-05-19,2025-05-25,"[0.3, 4.3, 0.2, 0.0, 0.0, 0.0, 0.0]","[12.2, 12.1, 19.4, 11.5, 11.4, 15.3, 11.6]","[40.9, 41.1, 40.9, 40.5, 42.1, 43.0, 42.3]",2026-08-14T12:36:10.887068
HUB03-HUB03,2025-05-26,2025-06-01,"[0.0, 0.1, 0.2, 3.6, 0.0, 0.2, 0.9]","[11.3, 14.8, 14.5, 14.7, 17.7, 19.0, 19.9]","[42.4, 42.3, 40.6, 39.5, 40.8, 39.8, 39.5]",2026-08-14T12:36:10.887285
HUB03-HUB03,2025-06-02,2025-06-08,"[0.3, 0.3, 0.0, 0.0, 0.0, 0.0, 0.1]","[18.2, 17.5, 11.9, 10.1, 9.7, 11.9, 15.1]","[39.0, 38.7, 38.5, 39.4, 41.0, 41.2, 40.8]",2026-08-14T12:36:10.887507
HUB03-HUB03,2025-06-09,2025-06-15,"[0.0, 0.0, 0.0, 0.0, 0.0, 11.4, 0.0]","[15.4, 14.8, 16.3, 16.3, 12.7, 13.0, 10.4]","[41.0, 40.5, 41.5, 42.1, 40.8, 36.3, 36.1]",2026-08-14T12:36:10.887722
HUB03-HUB03,2025-06-16,2025-06-22,"[31.2, 7.3, 6.9, 0.2, 4.6, 13.0, 1.5]","[11.0, 15.6, 13.7, 14.1, 15.1, 10.9, 13.9]","[34.5, 31.6, 33.3, 33.9, 34.7, 32.6, 33.1]",2026-08-14T12:36:10.887921
HUB03-HUB03,2025-06-23,2025-06-29,"[13.1, 5.2, 24.8, 5.1, 2.5, 10.7, 4.7]","[10.6, 12.4, 9.1, 11.2, 18.4, 16.1, 15.8]","[31.3, 31.6, 31.7, 31.4, 32.4, 31.8, 33.0]",2026-08-14T12:36:10.888125
HUB03-HUB03,2025-06-30,2025-07-06,"[10.4, 5.1, 19.4, 12.9, 10.1, 24.2, 19.3]","[16.6, 13.9, 13.1, 11.1, 11.8, 12.2, 10.7]","[32.5, 34.4, 30.9, 31.3, 31.9, 30.4, 29.9]",2026-08-14T12:36:10.888330
HUB03-HUB03,2025-07-07,2025-07-13,"[2.6, 8.0, 0.2, 0.8, 0.3, 8.9, 18.2]","[15.1, 16.0, 14.4, 11.9, 11.5, 10.7, 10.8]","[32.5, 31.8, 33.7, 32.5, 32.2, 30.8, 31.3]",2026-08-14T12:36:10.888530
HUB03-HUB03,2025-07-14,2025-07-20,"[13.4, 1.3, 0.2, 1.1, 2.1, 3.2, 5.4]","[13.3, 14.6, 10.9, 10.1, 10.6, 12.3, 11.8]","[32.5, 34.1, 34.3, 33.6, 32.3, 31.9, 31.1]",2026-08-14T12:36:10.888731
HUB03-HUB03,2025-07-21,2025-07-27,"[6.0, 1.2, 4.4, 1.7, 3.7, 12.9, 20.9]","[9.6, 12.1, 13.3, 11.6, 12.1, 12.1, 15.7]","[32.4, 33.1, 32.3, 32.4, 33.1, 32.9, 28.1]",2026-08-14T12:36:10.888930
HUB03-HUB03,2025-07-28,2025-08-03,"[2.5, 3.1, 0.7, 0.4, 0.4, 0.6, 9.6]","[15.2, 16.1, 13.8, 13.8, 14.8, 10.8, 10.4]","[30.6, 30.7, 31.8, 31.2, 32.4, 32.5, 31.6]",2026-08-14T12:36:10.889131
HUB03-HUB03,2025-08-04,2025-08-10,"[1.0, 1.5, 0.8, 0.0, 0.1, 0.5, 1.5]","[12.1, 11.8, 10.0, 11.2, 12.6, 10.1, 11.9]","[31.7, 32.2, 32.2, 33.3, 34.2, 33.9, 33.8]",2026-08-14T12:36:10.889331
HUB03-HUB03,2025-08-11,2025-08-17,"[1.6, 0.5, 1.7, 2.7, 24.6, 12.0, 6.8]","[11.6, 12.4, 9.2, 8.3, 9.9, 8.1, 11.4]","[34.4, 34.1, 33.1, 32.6, 33.0, 31.7, 32.5]",2026-08-14T12:36:10.889534
HUB03-HUB03,2025-08-18,2025-08-24,"[10.4, 1.3, 10.3, 13.2, 19.5, 17.6, 38.3]","[9.7, 9.1, 12.4, 12.2, 14.7, 17.6, 16.4]","[32.6, 33.1, 30.5, 31.2, 29.2, 30.0, 29.1]",2026-08-14T12:36:10.889735
HUB03-HUB03,2025-08-25,2025-08-31,"[17.8, 0.9, 2.0, 24.9, 28.4, 16.2, 15.0]","[13.9, 10.1, 10.0, 13.5, 8.7, 9.9, 12.2]","[31.2, 31.9, 32.6, 31.5, 31.7, 30.1, 30.2]",2026-08-14T12:36:10.889932
HUB03-HUB03,2025-09-01,2025-09-07,"[2.1, 0.7, 0.9, 11.9, 16.4, 37.2, 57.5]","[13.3, 12.5, 12.9, 16.3, 12.7, 15.1, 21.7]","[31.5, 32.4, 31.9, 29.3, 31.7, 28.6, 26.2]",2026-08-14T12:36:10.890128
HUB03-HUB03,2025-09-08,2025-09-14,"[1.3, 0.7, 0.0, 0.0, 0.2, 0.1, 0.0]","[18.7, 10.9, 8.2, 8.3, 8.0, 8.2, 8.9]","[29.1, 30.9, 30.9, 31.6, 31.9, 32.7, 33.9]",2026-08-14T12:36:10.890324
HUB03-HUB03,2025-09-15,2025-09-21,"[0.0, 0.0, 1.3, 0.1, 2.4, 3.0, 1.2]","[12.2, 10.5, 9.2, 8.3, 8.2, 8.6, 7.9]","[33.8, 32.9, 33.4, 34.4, 33.8, 34.1, 33.3]",2026-08-14T12:36:10.890523
HUB03-HUB03,2025-09-22,2025-09-28,"[0.0, 1.2, 2.1, 3.0, 1.0, 0.0, 12.1]","[10.8, 10.9, 10.1, 8.2, 8.9, 14.9, 16.2]","[34.1, 34.0, 32.6, 32.4, 34.9, 37.5, 32.9]",2026-08-14T12:36:10.890728
HUB03-HUB03,2025-09-29,2025-10-05,"[1.6, 0.9, 1.2, 2.4, 0.8, 0.1, 0.8]","[20.3, 16.0, 13.0, 12.6, 9.6, 8.7, 10.7]","[31.1, 30.1, 30.9, 31.1, 32.3, 32.9, 32.5]",2026-08-14T12:36:10.890947
HUB03-HUB03,2025-10-06,2025-10-12,"[2.0, 0.8, 0.0, 0.0, 0.0, 0.0, 0.0]","[13.4, 8.9, 7.9, 8.6, 10.0, 10.1, 10.2]","[31.4, 32.1, 33.3, 33.7, 34.0, 33.3, 33.9]",2026-08-14T12:36:10.891196
HUB03-HUB03,2025-10-13,2025-10-19,"[0.0, 0.0, 0.0, 0.0, 0.0, 0.0, 0.0]","[10.4, 11.1, 9.6, 8.6, 9.8, 10.1, 10.3]","[34.2, 34.1, 34.8, 35.8, 36.6, 36.1, 35.7]",2026-08-14T12:36:10.891401
HUB03-HUB03,2025-10-20,2025-10-26,"[0.0, 0.0, 0.0, 0.0, 0.4, 1.5, 3.3]","[8.7, 11.0, 13.9, 14.7, 14.7, 16.9, 19.6]","[36.1, 35.6, 35.7, 35.5, 35.1, 34.2, 28.2]",2026-08-14T12:36:10.891599
HUB03-HUB03,2025-10-27,2025-11-02,"[54.8, 18.0, 1.2, 8.5, 5.2, 0.2, 0.3]","[18.1, 17.0, 15.3, 13.4, 12.9, 10.2, 8.9]","[25.7, 27.6, 30.0, 26.6, 27.4, 28.6, 30.8]",2026-08-14T12:36:10.891802
HUB03-HUB03,2025-11-03,2025-11-09,"[0.7, 0.1, 0.0, 0.0, 0.0, 0.0, 0.0]","[12.1, 9.9, 6.9, 6.8, 9.9, 9.1, 8.8]","[30.8, 30.3, 30.6, 30.8, 29.9, 29.7, 29.8]",2026-08-14T12:36:10.892004
HUB03-HUB03,2025-11-10,2025-11-16,"[0.0, 0.0, 0.0, 0.0, 0.0, 0.0, 0.0]","[8.3, 7.8, 8.2, 8.6, 11.2, 12.3, 12.5]","[30.0, 30.2, 30.4, 30.4, 30.3, 30.1, 29.6]",2026-08-14T12:36:10.892201
HUB03-HUB03,2025-11-17,2025-11-23,"[0.0, 0.0, 0.0, 0.0, 0.0, 0.0, 0.0]","[11.3, 10.6, 10.7, 10.5, 10.8, 10.3, 9.2]","[29.3, 29.2, 29.5, 29.6, 30.4, 31.0, 31.2]",2026-08-14T12:36:10.892404
HUB03-HUB03,2025-11-24,2025-11-30,"[0.0, 0.0, 0.0, 0.2, 0.0, 0.0, 0.0]","[10.3, 11.7, 9.9, 10.5, 9.8, 9.7, 9.2]","[31.1, 31.0, 31.4, 31.1, 31.5, 31.2, 30.7]",2026-08-14T12:36:10.892602
HUB03-HUB03,2025-12-01,2025-12-07,"[0.0, 0.0, 0.0, 0.0, 0.0, 0.0, 0.0]","[7.0, 8.9, 10.6, 12.2, 11.9, 12.4, 11.8]","[30.2, 29.5, 29.6, 29.0, 29.0, 28.2, 29.7]",2026-08-14T12:36:10.892800
HUB03-HUB03,2025-12-08,2025-12-14,"[0.0, 0.0, 0.0, 0.0, 0.0, 0.0, 0.0]","[11.2, 11.3, 9.7, 9.0, 8.0, 8.9, 10.1]","[30.7, 30.6, 30.9, 30.3, 30.2, 30.6, 30.2]",2026-08-14T12:36:10.892998
HUB03-HUB03,2025-12-15,2025-12-21,"[0.0, 0.0, 0.0, 0.0, 0.0, 0.0, 0.0]","[10.4, 11.6, 11.3, 10.2, 9.3, 7.2, 9.1]","[30.2, 28.7, 30.2, 30.4, 30.7, 31.6, 30.1]",2026-08-14T12:36:10.893204
HUB03-HUB03,2025-12-22,2025-12-28,"[0.0, 0.0, 0.0, 0.0, 0.0, 0.0, 0.0]","[10.5, 8.8, 10.8, 9.7, 9.9, 11.1, 9.9]","[30.7, 30.6, 29.6, 28.8, 28.6, 28.3, 28.9]",2026-08-14T12:36:10.893403
HUB03-HUB03,2025-12-29,2026-01-04,"[0.0, 0.0, 0.0, 0.1, 0.0, 0.0, 0.0]","[9.5, 8.3, 11.4, 9.6, 9.7, 9.4, 9.8]","[29.0, 28.8, 28.0, 26.8, 26.1, 26.3, 26.7]",2026-08-14T12:36:10.893602
HUB03-HUB03,2026-01-05,2026-01-11,"[0.0, 0.0, 0.0, 0.0, 0.0, 0.0, 0.0]","[13.2, 10.8, 11.3, 11.5, 11.0, 10.7, 9.7]","[26.0, 26.5, 26.1, 27.0, 26.4, 26.0, 27.9]",2026-08-14T12:36:10.893793
HUB03-HUB03,2026-01-12,2026-01-18,"[0.0, 0.0, 0.0, 0.0, 0.0, 0.0, 0.0]","[11.0, 9.9, 10.5, 9.3, 10.5, 9.0, 10.5]","[29.1, 29.5, 27.1, 28.3, 30.0, 27.9, 26.3]",2026-08-14T12:36:10.893978
HUB03-HUB03,2026-01-19,2026-01-25,"[0.0, 0.0, 0.0, 0.1, 0.0, 0.0, 0.0]","[9.1, 8.8, 11.7, 13.0, 14.5, 11.1, 10.8]","[26.7, 27.7, 30.0, 30.3, 26.5, 25.4, 26.2]",2026-08-14T12:36:10.894165
HUB03-HUB03,2026-01-26,2026-01-31,"[0.0, 0.0, 0.0, 0.0, 0.0, 0.6]","[10.7, 13.5, 11.6, 13.6, 12.8, 10.3]","[29.4, 27.3, 25.8, 27.0, 29.0, 30.2]",2026-08-14T12:36:10.894356
HUB04-HUB04,2023-01-01,2023-01-01,[0.0],[16.1],[26.2],2026-08-14T12:36:12.681027
HUB04-HUB04,2023-01-02,2023-01-08,"[0.0, 0.0, 0.0, 0.0, 0.0, 0.0, 0.0]","[11.6, 25.3, 28.1, 24.8, 22.6, 21.3, 16.9]","[26.4, 26.8, 24.4, 23.8, 26.6, 28.7, 28.9]",2026-08-14T12:36:12.681585
HUB04-HUB04,2023-01-09,2023-01-15,"[0.0, 0.0, 0.0, 0.0, 0.0, 0.0, 0.0]","[17.0, 16.0, 24.0, 25.2, 18.9, 18.7, 20.2]","[28.9, 28.3, 27.2, 28.9, 24.8, 23.4, 23.0]",2026-08-14T12:36:12.682165
HUB04-HUB04,2023-01-16,2023-01-22,"[0.0, 0.0, 0.0, 0.0, 0.0, 0.0, 0.0]","[13.4, 17.3, 16.6, 16.3, 21.7, 24.8, 21.4]","[24.2, 25.8, 26.5, 27.0, 26.3, 24.6, 23.4]",2026-08-14T12:36:12.682782
HUB04-HUB04,2023-01-23,2023-01-29,"[0.0, 0.0, 0.0, 0.0, 0.0, 0.0, 0.0]","[23.9, 24.3, 17.2, 27.7, 25.8, 23.8, 19.6]","[23.3, 23.5, 23.5, 24.3, 25.9, 27.7, 27.4]",2026-08-14T12:36:12.683473
HUB04-HUB04,2023-01-30,2023-02-05,"[0.0, 0.0, 0.0, 0.0, 0.0, 0.0, 0.0]","[16.6, 26.9, 24.6, 19.5, 14.8, 15.5, 16.6]","[25.6, 27.9, 27.4, 28.8, 29.0, 28.7, 28.7]",2026-08-14T12:36:12.684148
HUB04-HUB04,2023-02-06,2023-02-12,"[0.0, 0.0, 0.0, 0.0, 0.0, 0.0, 0.0]","[21.6, 16.5, 15.1, 18.6, 21.8, 18.5, 23.7]","[30.1, 29.9, 30.0, 30.7, 29.3, 28.0, 32.5]",2026-08-14T12:36:12.684620
HUB04-HUB04,2023-02-13,2023-02-19,"[0.0, 0.0, 0.0, 0.0, 0.0, 0.0, 0.0]","[19.4, 12.3, 13.0, 12.0, 16.3, 16.5, 17.4]","[30.2, 30.2, 32.0, 33.1, 32.3, 33.5, 33.4]",2026-08-14T12:36:12.685062
HUB04-HUB04,2023-02-20,2023-02-26,"[0.0, 0.0, 0.0, 0.0, 0.0, 0.0, 0.0]","[20.5, 23.0, 24.6, 15.9, 17.2, 16.5, 18.7]","[31.5, 30.1, 29.6, 27.6, 29.1, 29.1, 30.6]",2026-08-14T12:36:12.685492
HUB04-HUB04,2023-02-27,2023-03-05,"[0.0, 0.0, 0.0, 0.0, 0.0, 0.0, 0.0]","[17.4, 20.2, 17.4, 17.0, 16.4, 22.9, 16.6]","[32.5, 31.7, 31.2, 34.5, 34.7, 35.4, 35.8]",2026-08-14T12:36:12.685907
HUB04-HUB04,2023-03-06,2023-03-12,"[0.0, 0.0, 0.0, 0.0, 0.0, 0.0, 0.0]","[25.4, 16.8, 13.0, 17.4, 18.4, 19.6, 16.6]","[34.7, 33.2, 33.1, 34.2, 34.0, 34.4, 35.1]",2026-08-14T12:36:12.686323
HUB04-HUB04,2023-03-13,2023-03-19,"[0.0, 0.0, 0.0, 0.0, 3.8, 0.7, 0.0]","[20.4, 22.2, 16.5, 19.4, 23.8, 16.6, 23.3]","[36.4, 36.0, 33.5, 33.4, 33.1, 31.9, 32.3]",2026-08-14T12:36:12.686738
HUB04-HUB04,2023-03-20,2023-03-26,"[2.7, 0.0, 1.0, 0.0, 0.0, 0.0, 0.0]","[15.2, 22.3, 19.7, 25.0, 28.9, 25.7, 23.9]","[30.1, 30.6, 29.6, 30.9, 30.2, 30.7, 31.3]",2026-08-14T12:36:12.687151
HUB04-HUB04,2023-03-27,2023-04-02,"[0.0, 0.0, 0.0, 1.2, 0.3, 0.0, 0.0]","[24.1, 20.4, 20.0, 24.8, 24.8, 27.7, 21.7]","[31.8, 31.9, 29.2, 29.6, 30.2, 32.8, 30.9]",2026-08-14T12:36:12.687560
HUB04-HUB04,2023-04-03,2023-04-09,"[0.0, 0.0, 0.0, 0.0, 0.0, 0.0, 0.0]","[26.0, 21.9, 24.3, 19.9, 15.5, 18.3, 20.5]","[31.9, 32.5, 32.3, 32.1, 32.2, 35.0, 34.2]",2026-08-14T12:36:12.687970
HUB04-HUB04,2023-04-10,2023-04-16,"[0.0, 0.0, 0.0, 0.0, 0.0, 0.0, 0.0]","[18.2, 24.3, 28.9, 29.8, 24.3, 22.5, 24.8]","[33.9, 34.3, 36.4, 38.1, 35.3, 34.5, 34.6]",2026-08-14T12:36:12.688370
HUB04-HUB04,2023-04-17,2023-04-23,"[0.0, 0.3, 0.0, 0.6, 0.9, 0.0, 0.0]","[23.0, 22.9, 27.9, 31.9, 27.9, 29.6, 30.3]","[35.8, 37.8, 37.3, 35.5, 34.3, 37.4, 38.0]",2026-08-14T12:36:12.688787
HUB04-HUB04,2023-04-24,2023-04-30,"[0.0, 0.0, 0.1, 0.0, 0.0, 5.5, 0.5]","[22.3, 27.6, 27.8, 21.9, 22.3, 19.8, 22.9]","[36.1, 38.0, 35.7, 33.3, 32.4, 29.0, 30.3]",2026-08-14T12:36:12.689201
HUB04-HUB04,2023-05-01,2023-05-07,"[0.0, 3.0, 1.6, 3.5, 0.5, 0.0, 0.0]","[18.0, 19.1, 19.2, 18.5, 21.0, 21.4, 28.3]","[30.3, 31.7, 32.6, 33.2, 34.3, 35.8, 36.5]",2026-08-14T12:36:12.689532
HUB04-HUB04,2023-05-08,2023-05-14,"[0.0, 0.0, 0.0, 0.0, 0.0, 0.0, 0.0]","[23.8, 25.3, 26.0, 28.5, 27.1, 28.9, 29.8]","[35.5, 37.2, 41.7, 41.3, 39.9, 37.5, 36.5]",2026-08-14T12:36:12.689867
HUB04-HUB04,2023-05-15,2023-05-21,"[0.5, 0.0, 0.0, 0.0, 0.0, 0.0, 0.0]","[31.1, 33.0, 29.5, 29.5, 25.6, 25.2, 27.7]","[33.9, 34.4, 34.0, 34.2, 35.6, 35.0, 34.2]",2026-08-14T12:36:12.690200
HUB04-HUB04,2023-05-22,2023-05-28,"[0.0, 0.0, 0.0, 0.0, 0.0, 0.0, 0.0]","[29.3, 30.9, 33.2, 38.3, 41.9, 39.5, 34.1]","[33.7, 34.1, 34.8, 33.8, 33.7, 33.6, 34.3]",2026-08-14T12:36:12.690851
HUB04-HUB04,2023-05-29,2023-06-04,"[0.0, 0.0, 0.0, 0.0, 0.0, 0.0, 0.0]","[27.8, 23.5, 27.2, 32.9, 30.1, 29.6, 32.4]","[34.7, 36.2, 35.3, 34.2, 34.6, 35.5, 34.5]",2026-08-14T12:36:12.691303
HUB04-HUB04,2023-06-05,2023-06-11,"[0.0, 0.0, 0.0, 0.0, 0.0, 0.0, 0.0]","[29.0, 29.1, 28.7, 26.9, 29.6, 23.8, 25.9]","[34.6, 34.1, 35.4, 35.7, 36.1, 38.6, 38.2]",2026-08-14T12:36:12.691679
HUB04-HUB04,2023-06-12,2023-06-18,"[1.8, 13.1, 1.3, 51.3, 161.8, 2.9, 0.9]","[35.8, 39.6, 40.3, 62.7, 77.2, 39.4, 33.5]","[33.9, 31.8, 33.3, 29.6, 28.2, 30.4, 31.5]",2026-08-14T12:36:12.692037
HUB04-HUB04,2023-06-19,2023-06-25,"[0.2, 0.0, 0.1, 0.5, 0.1, 0.6, 0.7]","[27.2, 25.4, 26.0, 23.6, 23.3, 22.6, 24.1]","[32.0, 31.5, 31.8, 32.2, 32.4, 32.8, 32.6]",2026-08-14T12:36:12.692388
HUB04-HUB04,2023-06-26,2023-07-02,"[6.8, 1.8, 7.2, 3.0, 7.8, 2.8, 3.2]","[24.6, 20.9, 21.7, 24.0, 29.9, 25.2, 19.1]","[31.2, 30.6, 32.4, 31.3, 31.7, 30.5, 31.9]",2026-08-14T12:36:12.692736
HUB04-HUB04,2023-07-03,2023-07-09,"[1.0, 0.5, 1.0, 2.3, 31.9, 51.9, 19.0]","[17.6, 19.6, 20.6, 17.9, 12.2, 18.2, 21.7]","[32.8, 33.7, 33.0, 32.8, 31.2, 30.8, 30.2]",2026-08-14T12:36:12.693082
HUB04-HUB04,2023-07-10,2023-07-16,"[1.8, 1.3, 0.8, 0.0, 0.6, 0.0, 0.1]","[24.5, 21.7, 22.1, 21.1, 22.9, 28.8, 24.1]","[32.1, 32.7, 32.8, 31.9, 32.8, 32.2, 32.6]",2026-08-14T12:36:12.693419
HUB04-HUB04,2023-07-17,2023-07-23,"[2.2, 0.7, 6.0, 39.4, 18.9, 25.6, 52.2]","[23.6, 27.2, 23.9, 19.7, 25.6, 16.7, 16.1]","[33.1, 31.6, 32.9, 32.9, 31.3, 29.4, 30.1]",2026-08-14T12:36:12.693754
HUB04-HUB04,2023-07-24,2023-07-30,"[3.1, 5.7, 4.5, 4.1, 1.9, 3.1, 2.6]","[28.8, 24.5, 23.4, 27.7, 32.6, 33.3, 32.7]","[30.5, 30.8, 30.7, 31.1, 30.5, 30.3, 30.4]",2026-08-14T12:36:12.694093
HUB04-HUB04,2023-07-31,2023-08-06,"[2.4, 0.9, 2.0, 1.8, 2.2, 1.3, 0.5]","[33.8, 33.2, 34.7, 36.6, 31.3, 29.8, 36.5]","[30.8, 30.4, 30.4, 30.3, 30.7, 30.7, 30.4]",2026-08-14T12:36:12.694426
HUB04-HUB04,2023-08-07,2023-08-13,"[1.0, 2.0, 1.4, 1.8, 0.7, 0.9, 1.1]","[40.5, 37.5, 34.2, 32.5, 28.7, 34.7, 37.5]","[30.0, 30.5, 30.2, 30.8, 30.4, 30.3, 29.7]",2026-08-14T12:36:12.694764
HUB04-HUB04,2023-08-14,2023-08-20,"[0.9, 0.8, 0.6, 0.1, 0.7, 0.1, 0.2]","[32.9, 29.5, 25.9, 31.3, 27.0, 26.7, 22.7]","[30.3, 30.6, 30.9, 30.8, 30.7, 32.0, 30.3]",2026-08-14T12:36:12.695094
HUB04-HUB04,2023-08-21,2023-08-27,"[0.1, 0.0, 0.5, 0.3, 0.7, 0.1, 0.8]","[24.6, 28.0, 33.8, 36.3, 32.5, 28.6, 26.9]","[32.3, 31.6, 30.3, 30.5, 31.0, 30.9, 31.2]",2026-08-14T12:36:12.695430
HUB04-HUB04,2023-08-28,2023-09-03,"[0.3, 0.6, 0.0, 0.8, 0.4, 0.0, 0.2]","[31.2, 25.3, 20.3, 19.0, 15.5, 18.2, 20.9]","[30.7, 31.3, 32.3, 32.0, 32.5, 32.5, 31.9]",2026-08-14T12:36:12.695768
HUB04-HUB04,2023-09-04,2023-09-10,"[0.8, 0.8, 0.2, 0.0, 0.0, 0.0, 0.0]","[22.4, 18.7, 24.7, 25.6, 28.2, 29.8, 28.2]","[31.8, 31.9, 34.4, 35.8, 35.1, 33.5, 32.5]",2026-08-14T12:36:12.696097
HUB04-HUB04,2023-09-11,2023-09-17,"[0.1, 0.1, 0.8, 0.7, 0.0, 0.1, 1.2]","[28.4, 28.6, 22.2, 22.5, 22.3, 24.2, 28.5]","[33.0, 32.2, 32.8, 32.5, 33.1, 33.6, 32.8]",2026-08-14T12:36:12.696431
HUB04-HUB04,2023-09-18,2023-09-24,"[30.2, 54.8, 42.6, 1.1, 0.5, 0.8, 1.4]","[26.4, 23.1, 46.5, 24.2, 21.7, 22.9, 20.7]","[32.1, 27.4, 29.4, 30.8, 31.0, 30.9, 30.9]",2026-08-14T12:36:12.696769
HUB04-HUB04,2023-09-25,2023-10-01,"[0.5, 0.0, 0.2, 0.0, 0.0, 0.0, 0.0]","[18.8, 15.0, 13.1, 15.0, 15.3, 12.2, 19.5]","[31.4, 31.3, 33.1, 35.3, 36.5, 36.4, 35.9]",2026-08-14T12:36:12.697078
HUB04-HUB04,2023-10-02,2023-10-08,"[0.0, 0.0, 0.0, 0.0, 0.0, 0.0, 0.0]","[17.4, 13.4, 18.5, 19.6, 20.8, 18.1, 17.7]","[34.6, 34.0, 32.9, 32.6, 31.2, 32.1, 32.8]",2026-08-14T12:36:12.697360
HUB04-HUB04,2023-10-09,2023-10-15,"[0.0, 0.2, 0.0, 0.0, 0.0, 0.0, 0.0]","[22.9, 20.6, 15.9, 12.7, 14.6, 19.2, 19.2]","[31.7, 32.2, 32.5, 33.3, 34.1, 33.9, 33.2]",2026-08-14T12:36:12.697645
HUB04-HUB04,2023-10-16,2023-10-22,"[0.0, 0.0, 1.0, 0.0, 0.0, 0.0, 0.0]","[21.4, 19.9, 16.8, 16.3, 18.0, 16.9, 22.7]","[33.2, 32.6, 34.5, 35.1, 35.9, 36.1, 36.7]",2026-08-14T12:36:12.697925
HUB04-HUB04,2023-10-23,2023-10-29,"[0.0, 0.0, 0.0, 0.0, 0.0, 0.1, 0.0]","[20.2, 17.6, 16.0, 16.3, 16.1, 12.3, 17.9]","[36.9, 36.8, 36.7, 36.2, 35.4, 33.1, 35.6]",2026-08-14T12:36:12.698205
HUB04-HUB04,2023-10-30,2023-11-05,"[0.0, 0.0, 0.0, 0.0, 0.0, 0.0, 0.0]","[17.6, 19.5, 16.8, 19.2, 16.3, 15.0, 19.6]","[36.4, 35.4, 35.5, 35.9, 35.6, 36.0, 35.6]",2026-08-14T12:36:12.698489
HUB04-HUB04,2023-11-06,2023-11-12,"[0.0, 0.0, 0.0, 0.0, 0.1, 0.0, 0.0]","[15.6, 11.0, 13.1, 17.2, 14.5, 21.1, 18.4]","[35.4, 34.7, 34.8, 35.7, 34.8, 34.9, 33.7]",2026-08-14T12:36:12.698768
HUB04-HUB04,2023-11-13,2023-11-19,"[0.0, 0.0, 0.0, 0.0, 0.0, 0.0, 0.0]","[18.4, 15.6, 17.5, 17.6, 17.2, 14.4, 18.2]","[32.3, 33.0, 32.1, 32.2, 32.0, 31.1, 31.9]",2026-08-14T12:36:12.699047
HUB04-HUB04,2023-11-20,2023-11-26,"[0.0, 0.0, 0.0, 0.0, 0.0, 0.0, 1.4]","[21.1, 17.9, 17.1, 15.4, 23.3, 20.0, 23.2]","[33.3, 33.3, 32.4, 31.6, 32.1, 32.8, 27.2]",2026-08-14T12:36:12.699325
HUB04-HUB04,2023-11-27,2023-12-03,"[0.0, 0.0, 0.0, 0.0, 0.0, 0.0, 0.2]","[18.4, 22.6, 17.9, 16.9, 23.7, 25.4, 25.6]","[26.6, 26.0, 27.3, 28.0, 28.9, 28.7, 29.2]",2026-08-14T12:36:12.699606
HUB04-HUB04,2023-12-04,2023-12-10,"[0.0, 0.0, 0.0, 0.0, 0.0, 0.0, 0.0]","[26.5, 24.3, 21.2, 19.3, 15.8, 13.3, 15.4]","[28.3, 27.8, 27.6, 27.9, 28.4, 28.5, 28.7]",2026-08-14T12:36:12.699886
HUB04-HUB04,2023-12-11,2023-12-17,"[0.0, 0.0, 0.0, 0.0, 0.0, 0.0, 0.0]","[11.2, 9.0, 16.4, 17.6, 16.5, 18.9, 22.2]","[29.1, 28.4, 28.3, 29.0, 29.5, 29.3, 28.1]",2026-08-14T12:36:12.700170
HUB04-HUB04,2023-12-18,2023-12-24,"[0.0, 0.0, 0.0, 0.0, 0.0, 0.0, 0.0]","[24.5, 25.9, 21.5, 18.4, 14.2, 15.2, 16.5]","[27.8, 26.8, 23.3, 28.4, 29.4, 30.2, 30.0]",2026-08-14T12:36:12.700459
HUB04-HUB04,2023-12-25,2023-12-31,"[0.0, 0.0, 0.0, 0.0, 0.0, 0.0, 0.0]","[17.5, 14.1, 17.1, 16.5, 14.6, 16.8, 19.2]","[29.3, 29.1, 29.0, 29.1, 29.6, 29.4, 26.9]",2026-08-14T12:36:12.700740
HUB04-HUB04,2024-01-01,2024-01-07,"[0.0, 0.0, 0.0, 0.0, 0.0, 0.0, 0.0]","[19.6, 17.3, 16.9, 18.0, 20.1, 19.2, 24.2]","[26.4, 26.0, 26.9, 26.4, 26.5, 26.6, 26.6]",2026-08-14T12:36:12.701024
HUB04-HUB04,2024-01-08,2024-01-14,"[0.0, 0.0, 0.0, 0.0, 0.0, 0.0, 0.0]","[21.6, 32.4, 25.4, 18.1, 14.4, 10.2, 17.3]","[26.6, 25.2, 25.5, 27.4, 29.2, 29.0, 28.9]",2026-08-14T12:36:12.701309
HUB04-HUB04,2024-01-15,2024-01-21,"[0.0, 0.0, 0.0, 0.0, 0.0, 0.0, 0.0]","[15.5, 19.3, 14.9, 17.3, 17.4, 14.1, 11.0]","[27.6, 27.3, 27.7, 28.4, 28.5, 28.9, 28.6]",2026-08-14T12:36:12.701594
HUB04-HUB04,2024-01-22,2024-01-28,"[0.0, 0.0, 0.0, 0.0, 0.0, 0.0, 0.0]","[15.9, 14.5, 16.9, 10.3, 16.6, 22.4, 16.7]","[28.3, 28.4, 28.6, 28.1, 28.9, 29.1, 28.8]",2026-08-14T12:36:12.701874
HUB04-HUB04,2024-01-29,2024-02-04,"[0.0, 0.0, 0.0, 0.0, 0.0, 0.0, 0.0]","[19.4, 19.3, 22.6, 21.4, 16.8, 13.0, 19.2]","[28.7, 29.3, 29.1, 30.0, 30.1, 31.4, 31.4]",2026-08-14T12:36:12.702157
HUB04-HUB04,2024-02-05,2024-02-11,"[0.0, 0.0, 0.0, 0.0, 0.0, 0.0, 0.0]","[19.7, 20.1, 19.5, 23.9, 16.6, 14.9, 18.7]","[29.8, 28.6, 30.2, 28.6, 27.8, 29.1, 29.0]",2026-08-14T12:36:12.702437
HUB04-HUB04,2024-02-12,2024-02-18,"[0.0, 0.0, 0.0, 0.0, 0.0, 0.0, 0.0]","[17.9, 18.1, 22.5, 22.7, 21.4, 18.4, 22.1]","[29.0, 29.6, 29.2, 30.9, 33.5, 34.4, 32.3]",2026-08-14T12:36:12.702722
HUB04-HUB04,2024-02-19,2024-02-25,"[0.0, 0.0, 0.0, 0.0, 0.0, 0.0, 0.0]","[30.8, 25.8, 27.2, 15.5, 17.2, 17.6, 18.4]","[29.2, 28.9, 30.2, 31.2, 30.2, 30.4, 31.6]",2026-08-14T12:36:12.703004
HUB04-HUB04,2024-02-26,2024-03-03,"[0.0, 0.0, 0.0, 0.0, 0.0, 1.5, 0.0]","[26.0, 24.7, 22.3, 17.6, 26.4, 30.2, 20.9]","[31.5, 32.9, 33.5, 36.0, 29.4, 28.4, 25.3]",2026-08-14T12:36:12.703290
HUB04-HUB04,2024-03-04,2024-03-10,"[0.0, 0.0, 0.0, 0.0, 0.0, 0.0, 0.0]","[12.7, 20.6, 16.6, 19.5, 18.1, 19.6, 22.1]","[27.0, 28.5, 30.6, 29.4, 32.1, 31.8, 32.4]",2026-08-14T12:36:12.703579
HUB04-HUB04,2024-03-11,2024-03-17,"[0.0, 0.0, 0.0, 0.0, 0.0, 0.0, 0.0]","[23.9, 22.5, 29.5, 23.0, 22.9, 25.9, 19.1]","[33.0, 33.0, 33.1, 31.7, 34.6, 35.5, 36.5]",2026-08-14T12:36:12.703865
HUB04-HUB04,2024-03-18,2024-03-24,"[0.0, 0.0, 0.0, 0.0, 0.0, 0.0, 0.0]","[17.5, 22.8, 17.9, 22.9, 22.7, 21.8, 24.3]","[37.1, 37.2, 37.0, 37.0, 34.5, 35.7, 33.7]",2026-08-14T12:36:12.704147
HUB04-HUB04,2024-03-25,2024-03-31,"[0.0, 0.0, 0.0, 0.0, 0.0, 0.0, 0.0]","[25.1, 27.4, 23.7, 21.7, 24.9, 23.8, 24.0]","[36.2, 37.9, 37.8, 37.8, 35.9, 34.5, 36.0]",2026-08-14T12:36:12.704510
HUB04-HUB04,2024-04-01,2024-04-07,"[0.0, 0.0, 0.0, 0.0, 0.0, 0.0, 0.4]","[28.2, 24.5, 22.6, 18.8, 25.6, 28.7, 20.7]","[35.7, 35.8, 33.4, 34.6, 36.3, 36.7, 36.3]",2026-08-14T12:36:12.704803
HUB04-HUB04,2024-04-08,2024-04-14,"[0.0, 0.0, 0.0, 0.0, 0.0, 0.0, 1.9]","[20.2, 27.4, 23.2, 22.0, 23.5, 23.6, 21.0]","[37.5, 39.4, 38.0, 36.4, 34.5, 34.5, 36.0]",2026-08-14T12:36:12.705057
HUB04-HUB04,2024-04-15,2024-04-21,"[0.0, 0.0, 0.0, 0.0, 0.0, 0.0, 0.0]","[15.0, 18.6, 21.3, 22.7, 27.1, 26.4, 25.7]","[37.9, 39.1, 40.2, 38.1, 36.6, 35.2, 36.1]",2026-08-14T12:36:12.705309
HUB04-HUB04,2024-04-22,2024-04-28,"[0.0, 0.0, 0.0, 0.0, 0.0, 0.0, 0.0]","[25.2, 23.3, 23.8, 23.8, 25.2, 27.1, 27.3]","[36.4, 36.2, 36.2, 34.9, 36.5, 38.5, 40.8]",2026-08-14T12:36:12.705556
HUB04-HUB04,2024-04-29,2024-05-05,"[0.0, 0.0, 0.0, 0.0, 0.0, 0.0, 0.0]","[25.0, 30.1, 20.4, 21.8, 27.3, 24.5, 26.8]","[40.2, 40.6, 40.6, 37.0, 37.6, 39.4, 35.9]",2026-08-14T12:36:12.705804
HUB04-HUB04,2024-05-06,2024-05-12,"[0.0, 0.1, 0.0, 0.0, 0.0, 0.0, 0.0]","[28.6, 29.2, 23.8, 22.0, 25.3, 23.8, 20.4]","[36.2, 41.2, 36.4, 35.9, 35.0, 36.0, 36.3]",2026-08-14T12:36:12.706054
HUB04-HUB04,2024-05-13,2024-05-19,"[0.0, 0.0, 1.9, 0.2, 0.5, 0.0, 0.0]","[20.5, 20.3, 15.7, 14.7, 20.3, 31.2, 25.6]","[36.6, 38.5, 38.7, 39.4, 41.9, 44.7, 43.2]",2026-08-14T12:36:12.706298
HUB04-HUB04,2024-05-20,2024-05-26,"[0.0, 0.0, 0.0, 0.0, 0.0, 0.0, 0.0]","[27.0, 29.0, 24.4, 26.0, 26.0, 25.8, 28.2]","[41.2, 41.9, 43.9, 41.9, 37.9, 38.2, 37.3]",2026-08-14T12:36:12.706537
HUB04-HUB04,2024-05-27,2024-06-02,"[0.0, 0.0, 0.0, 0.0, 0.5, 0.0, 0.0]","[34.8, 37.7, 39.8, 32.2, 32.5, 30.6, 22.1]","[38.7, 36.2, 34.5, 35.4, 35.1, 35.6, 36.0]",2026-08-14T12:36:12.706781
HUB04-HUB04,2024-06-03,2024-06-09,"[0.0, 0.0, 0.0, 0.0, 0.0, 0.0, 0.0]","[23.2, 26.8, 30.9, 25.4, 26.2, 25.6, 26.9]","[36.6, 35.3, 35.0, 36.2, 36.9, 36.7, 37.1]",2026-08-14T12:36:12.707019
HUB04-HUB04,2024-06-10,2024-06-16,"[0.0, 0.1, 0.0, 0.0, 0.1, 2.0, 0.6]","[27.0, 27.6, 29.8, 27.4, 29.2, 25.6, 23.0]","[37.0, 35.9, 35.4, 35.3, 35.0, 34.9, 35.5]",2026-08-14T12:36:12.707259
HUB04-HUB04,2024-06-17,2024-06-23,"[0.2, 0.1, 0.4, 0.0, 0.1, 0.2, 3.2]","[24.6, 27.4, 33.2, 37.2, 30.0, 22.0, 24.9]","[35.1, 36.0, 34.9, 35.7, 35.4, 37.4, 39.2]",2026-08-14T12:36:12.707506
HUB04-HUB04,2024-06-24,2024-06-30,"[0.3, 0.2, 1.1, 6.4, 3.4, 6.9, 30.8]","[24.5, 19.3, 15.0, 14.9, 25.2, 23.2, 23.0]","[37.9, 37.7, 35.6, 36.5, 33.3, 32.7, 30.6]",2026-08-14T12:36:12.707994
HUB04-HUB04,2024-07-01,2024-07-07,"[44.9, 10.4, 2.0, 1.3, 0.7, 0.9, 0.8]","[19.6, 34.8, 32.1, 27.3, 24.4, 33.2, 32.6]","[29.6, 31.5, 32.8, 32.2, 32.3, 32.6, 32.3]",2026-08-14T12:36:12.708281
HUB04-HUB04,2024-07-08,2024-07-14,"[8.9, 19.1, 1.7, 1.5, 0.9, 1.6, 0.8]","[17.2, 16.3, 19.2, 25.8, 33.5, 30.6, 24.2]","[30.6, 32.7, 32.0, 32.5, 32.9, 32.7, 33.5]",2026-08-14T12:36:12.708534
HUB04-HUB04,2024-07-15,2024-07-21,"[7.1, 50.8, 0.4, 26.3, 31.7, 3.6, 3.5]","[17.6, 18.4, 18.9, 14.1, 19.9, 15.6, 22.1]","[33.6, 34.1, 32.7, 32.2, 32.4, 32.4, 31.7]",2026-08-14T12:36:12.708781
HUB04-HUB04,2024-07-22,2024-07-28,"[9.6, 124.6, 9.6, 2.7, 1.2, 2.0, 1.4]","[20.4, 30.3, 31.5, 34.8, 32.1, 28.3, 22.2]","[31.6, 28.2, 30.5, 30.7, 31.3, 30.2, 31.5]",2026-08-14T12:36:12.709026
HUB04-HUB04,2024-07-29,2024-08-04,"[16.4, 30.8, 1.1, 3.6, 3.7, 4.4, 3.0]","[17.5, 27.2, 27.2, 32.1, 27.5, 33.5, 28.8]","[28.8, 30.7, 31.0, 30.4, 29.4, 30.1, 30.5]",2026-08-14T12:36:12.709275
HUB04-HUB04,2024-08-05,2024-08-11,"[3.3, 1.8, 1.2, 1.5, 3.4, 5.4, 2.0]","[26.9, 28.2, 29.9, 25.8, 28.0, 30.9, 31.0]","[30.4, 30.4, 30.3, 30.4, 29.4, 30.0, 30.1]",2026-08-14T12:36:12.709518
HUB04-HUB04,2024-08-12,2024-08-18,"[1.2, 4.8, 1.9, 0.9, 3.0, 2.9, 1.5]","[28.3, 20.0, 21.9, 24.3, 25.3, 22.5, 22.1]","[30.3, 30.4, 30.9, 30.4, 30.1, 30.4, 30.7]",2026-08-14T12:36:12.709763
HUB04-HUB04,2024-08-19,2024-08-25,"[1.2, 0.9, 1.2, 0.3, 0.1, 5.1, 28.1]","[19.2, 19.5, 18.6, 19.8, 21.5, 21.1, 27.0]","[31.2, 32.4, 32.0, 32.9, 33.0, 32.5, 29.3]",2026-08-14T12:36:12.710008
HUB04-HUB04,2024-08-26,2024-09-01,"[54.4, 76.0, 62.5, 268.9, 13.6, 3.8, 0.6]","[35.3, 33.6, 36.4, 50.1, 38.2, 20.6, 16.6]","[28.7, 30.8, 27.9, 26.5, 29.9, 29.8, 30.4]",2026-08-14T12:36:12.710251
HUB04-HUB04,2024-09-02,2024-09-08,"[0.8, 12.9, 41.2, 5.7, 1.7, 1.4, 1.7]","[14.8, 12.0, 14.2, 25.6, 23.8, 19.7, 15.9]","[30.2, 29.1, 27.4, 30.8, 30.6, 30.3, 30.8]",2026-08-14T12:36:12.710497
HUB04-HUB04,2024-09-09,2024-09-15,"[0.1, 0.0, 0.7, 0.4, 0.3, 0.3, 0.0]","[19.5, 18.5, 18.9, 25.9, 27.4, 25.1, 22.5]","[31.4, 31.0, 30.9, 30.5, 30.3, 30.2, 30.8]",2026-08-14T12:36:12.710740
HUB04-HUB04,2024-09-16,2024-09-22,"[0.2, 1.0, 0.0, 0.0, 0.1, 0.1, 0.1]","[22.3, 17.8, 15.2, 15.8, 19.3, 18.1, 21.9]","[30.8, 31.8, 31.7, 31.7, 32.9, 32.4, 32.4]",2026-08-14T12:36:12.710980
HUB04-HUB04,2024-09-23,2024-09-29,"[0.0, 0.2, 0.0, 0.4, 17.6, 7.7, 0.0]","[23.8, 23.0, 21.9, 25.0, 20.1, 17.4, 19.1]","[33.3, 33.6, 32.9, 33.8, 33.6, 31.7, 32.6]",2026-08-14T12:36:12.711222
HUB04-HUB04,2024-09-30,2024-10-06,"[0.2, 0.1, 0.0, 0.0, 0.0, 0.0, 0.0]","[17.8, 20.1, 20.9, 20.8, 24.1, 18.7, 13.6]","[33.3, 34.2, 33.4, 32.2, 31.4, 31.6, 32.1]",2026-08-14T12:36:12.711462
HUB04-HUB04,2024-10-07,2024-10-13,"[0.0, 0.0, 0.3, 0.0, 1.5, 3.4, 7.5]","[16.5, 13.7, 13.8, 16.7, 22.5, 15.1, 18.9]","[35.6, 35.6, 35.4, 32.7, 32.8, 29.3, 32.1]",2026-08-14T12:36:12.711704
HUB04-HUB04,2024-10-14,2024-10-20,"[10.2, 0.0, 3.5, 0.2, 0.0, 0.8, 1.6]","[12.7, 14.6, 9.6, 9.8, 16.9, 14.6, 11.4]","[31.9, 32.9, 33.3, 33.7, 34.7, 34.6, 32.2]",2026-08-14T12:36:12.711960
HUB04-HUB04,2024-10-21,2024-10-27,"[13.6, 1.3, 0.0, 0.0, 0.0, 0.0, 0.0]","[9.4, 12.8, 14.5, 12.6, 17.9, 15.4, 18.0]","[30.5, 32.7, 33.7, 35.4, 36.2, 36.3, 36.8]",2026-08-14T12:36:12.712209
HUB04-HUB04,2024-10-28,2024-11-03,"[0.0, 0.0, 0.0, 0.0, 0.0, 0.0, 0.0]","[19.7, 15.6, 17.6, 11.5, 15.4, 14.8, 11.5]","[36.3, 37.3, 35.9, 36.5, 36.6, 34.2, 34.1]",2026-08-14T12:36:12.712451
HUB04-HUB04,2024-11-04,2024-11-10,"[0.0, 0.0, 0.0, 0.0, 0.0, 0.0, 0.0]","[14.9, 12.5, 19.2, 16.0, 14.6, 15.5, 17.2]","[35.1, 35.9, 36.2, 36.2, 35.3, 35.2, 34.7]",2026-08-14T12:36:12.712698
HUB04-HUB04,2024-11-11,2024-11-17,"[0.0, 0.0, 0.0, 0.0, 0.0, 0.0, 0.0]","[17.3, 15.2, 17.5, 14.0, 12.3, 10.7, 13.9]","[34.9, 34.5, 33.2, 32.0, 31.7, 32.2, 32.4]",2026-08-14T12:36:12.712911
HUB04-HUB04,2024-11-18,2024-11-24,"[0.0, 0.0, 0.0, 0.0, 0.0, 0.0, 0.0]","[16.0, 16.5, 13.6, 11.7, 11.5, 8.6, 12.9]","[32.2, 31.3, 30.9, 30.3, 29.4, 30.0, 29.6]",2026-08-14T12:36:12.713139
HUB04-HUB04,2024-11-25,2024-12-01,"[0.0, 0.0, 0.0, 0.0, 0.0, 0.0, 0.0]","[15.0, 13.6, 10.6, 12.4, 16.1, 14.9, 13.4]","[30.1, 30.8, 30.6, 30.8, 30.2, 28.4, 28.1]",2026-08-14T12:36:12.713351
HUB04-HUB04,2024-12-02,2024-12-08,"[0.0, 0.0, 0.0, 0.0, 0.0, 0.0, 0.0]","[13.4, 14.2, 17.3, 15.9, 11.7, 15.7, 11.2]","[28.7, 29.7, 30.2, 30.2, 30.1, 29.4, 28.4]",2026-08-14T12:36:12.713563
HUB04-HUB04,2024-12-09,2024-12-15,"[0.0, 0.0, 0.0, 0.0, 0.0, 0.0, 0.0]","[18.5, 16.6, 15.9, 20.1, 21.8, 17.6, 13.6]","[25.3, 24.6, 25.9, 24.8, 25.4, 25.8, 27.2]",2026-08-14T12:36:12.713777
HUB04-HUB04,2024-12-16,2024-12-22,"[0.0, 0.0, 0.0, 0.0, 0.0, 0.0, 0.0]","[16.6, 18.7, 16.1, 18.1, 21.5, 19.3, 16.3]","[27.2, 26.2, 25.8, 26.4, 23.7, 26.0, 26.4]",2026-08-14T12:36:12.713991
HUB04-HUB04,2024-12-23,2024-12-29,"[0.0, 0.0, 0.0, 0.0, 0.0, 0.0, 0.0]","[15.7, 17.6, 19.5, 20.1, 22.5, 18.4, 17.1]","[25.4, 24.0, 24.8, 25.5, 24.9, 24.5, 25.4]",2026-08-14T12:36:12.714204
HUB04-HUB04,2024-12-30,2025-01-05,"[0.0, 0.0, 0.0, 0.0, 0.0, 0.0, 0.0]","[15.4, 11.4, 12.6, 11.3, 9.2, 15.2, 13.5]","[25.9, 27.4, 28.1, 28.6, 29.4, 27.9, 25.6]",2026-08-14T12:36:12.714422
HUB04-HUB04,2025-01-06,2025-01-12,"[0.0, 0.0, 0.0, 0.0, 0.0, 0.0, 0.0]","[18.5, 21.0, 15.7, 12.5, 14.3, 11.3, 19.6]","[23.9, 24.5, 25.8, 26.5, 28.0, 26.3, 26.4]",2026-08-14T12:36:12.714638
HUB04-HUB04,2025-01-13,2025-01-19,"[0.0, 0.0, 0.0, 0.0, 0.0, 0.0, 0.0]","[22.2, 17.6, 20.4, 20.6, 19.6, 14.4, 11.5]","[24.9, 24.7, 25.1, 25.8, 25.9, 28.0, 29.1]",2026-08-14T12:36:12.714850
HUB04-HUB04,2025-01-20,2025-01-26,"[0.0, 0.0, 0.0, 0.0, 0.0, 0.0, 0.0]","[12.4, 14.2, 18.2, 24.7, 21.1, 15.6, 13.9]","[29.7, 28.5, 27.7, 26.1, 27.1, 28.0, 28.4]",2026-08-14T12:36:12.715061
HUB04-HUB04,2025-01-27,2025-02-02,"[0.0, 0.0, 0.0, 0.0, 0.0, 0.0, 0.0]","[13.3, 10.6, 16.0, 17.2, 20.3, 12.1, 14.8]","[29.9, 29.4, 28.9, 28.2, 27.0, 26.9, 27.3]",2026-08-14T12:36:12.715277
HUB04-HUB04,2025-02-03,2025-02-09,"[0.0, 0.0, 0.0, 0.0, 0.0, 0.0, 0.0]","[10.1, 18.9, 19.7, 20.8, 19.6, 13.8, 10.8]","[27.6, 27.4, 27.6, 28.3, 29.6, 30.3, 30.7]",2026-08-14T12:36:12.715491
HUB04-HUB04,2025-02-10,2025-02-16,"[0.0, 0.0, 0.0, 0.0, 0.0, 0.0, 0.0]","[16.4, 19.7, 12.7, 14.2, 16.6, 20.2, 23.0]","[29.8, 30.9, 32.2, 32.4, 31.4, 34.7, 31.9]",2026-08-14T12:36:12.715704
HUB04-HUB04,2025-02-17,2025-02-23,"[0.0, 0.0, 0.0, 0.0, 0.0, 0.0, 0.0]","[21.2, 20.1, 22.0, 22.4, 12.1, 14.8, 12.1]","[32.0, 34.1, 33.0, 33.1, 33.7, 33.8, 32.7]",2026-08-14T12:36:12.715918
HUB04-HUB04,2025-02-24,2025-03-02,"[0.0, 0.0, 0.0, 0.0, 0.0, 0.0, 0.0]","[12.3, 12.4, 13.6, 19.1, 21.7, 23.1, 16.2]","[33.0, 34.1, 34.5, 33.9, 30.9, 32.7, 29.3]",2026-08-14T12:36:12.716135
HUB04-HUB04,2025-03-03,2025-03-09,"[0.0, 0.0, 0.0, 0.0, 0.0, 0.0, 0.0]","[26.7, 25.8, 19.2, 15.6, 15.0, 20.9, 16.2]","[33.0, 31.6, 32.1, 33.3, 33.8, 34.0, 37.0]",2026-08-14T12:36:12.716347
HUB04-HUB04,2025-03-10,2025-03-16,"[0.0, 0.0, 0.0, 0.0, 0.0, 0.0, 0.0]","[13.4, 15.1, 22.7, 23.7, 23.1, 23.2, 25.6]","[38.6, 39.3, 38.7, 38.2, 35.1, 34.7, 34.4]",2026-08-14T12:36:12.716560
HUB04-HUB04,2025-03-17,2025-03-23,"[0.0, 0.0, 0.0, 0.0, 0.0, 0.0, 0.0]","[18.4, 18.2, 24.5, 23.0, 17.0, 19.5, 16.3]","[34.1, 35.0, 34.6, 33.5, 36.1, 37.1, 37.0]",2026-08-14T12:36:12.716776
HUB04-HUB04,2025-03-24,2025-03-30,"[0.0, 0.0, 0.0, 0.0, 0.0, 0.0, 0.0]","[16.1, 23.3, 20.4, 21.5, 15.4, 16.5, 14.1]","[37.5, 36.4, 32.1, 34.5, 34.9, 35.6, 36.5]",2026-08-14T12:36:12.716989
HUB04-HUB04,2025-03-31,2025-04-06,"[0.0, 0.0, 0.0, 0.0, 0.0, 0.0, 0.0]","[18.9, 17.6, 20.1, 22.6, 18.1, 24.7, 23.4]","[37.8, 38.3, 38.8, 39.9, 37.3, 40.7, 42.8]",2026-08-14T12:36:12.717200
HUB04-HUB04,2025-04-07,2025-04-13,"[0.0, 0.0, 0.0, 0.0, 0.0, 0.0, 0.0]","[22.7, 20.7, 22.2, 26.3, 27.8, 25.3, 25.1]","[41.9, 39.8, 41.6, 36.9, 33.4, 35.2, 37.9]",2026-08-14T12:36:12.717414
HUB04-HUB04,2025-04-14,2025-04-20,"[0.0, 0.0, 0.0, 0.0, 0.0, 0.0, 0.0]","[28.6, 25.2, 29.4, 26.6, 26.3, 28.6, 24.2]","[38.0, 36.7, 38.7, 36.8, 38.1, 35.2, 35.6]",2026-08-14T12:36:12.717626
HUB04-HUB04,2025-04-21,2025-04-27,"[0.0, 0.0, 0.0, 0.0, 0.0, 0.0, 0.0]","[23.9, 21.2, 21.5, 23.2, 25.2, 23.5, 21.5]","[37.4, 40.0, 39.2, 37.6, 35.9, 37.4, 38.4]",2026-08-14T12:36:12.717836
HUB04-HUB04,2025-04-28,2025-05-04,"[0.0, 0.0, 0.0, 0.0, 0.0, 0.0, 0.0]","[24.8, 26.6, 27.5, 28.5, 27.7, 31.9, 33.3]","[38.1, 38.7, 40.6, 37.7, 36.7, 34.5, 35.2]",2026-08-14T12:36:12.718052
HUB04-HUB04,2025-05-05,2025-05-11,"[17.0, 3.4, 19.1, 0.3, 0.2, 4.1, 4.0]","[29.3, 21.2, 25.3, 16.7, 19.5, 16.7, 21.1]","[35.1, 33.2, 32.6, 34.4, 34.3, 35.4, 35.7]",2026-08-14T12:36:12.718268
HUB04-HUB04,2025-05-12,2025-05-18,"[0.0, 0.0, 0.0, 0.0, 0.0, 0.0, 0.0]","[20.8, 22.9, 21.3, 18.8, 24.2, 21.7, 21.5]","[35.0, 34.9, 36.0, 36.7, 36.8, 35.9, 35.8]",2026-08-14T12:36:12.718480
HUB04-HUB04,2025-05-19,2025-05-25,"[0.0, 0.0, 0.0, 0.0, 0.0, 0.0, 0.0]","[20.9, 22.6, 19.7, 27.2, 22.6, 25.4, 28.7]","[36.5, 37.0, 37.2, 37.9, 38.6, 40.1, 36.3]",2026-08-14T12:36:12.718691
HUB04-HUB04,2025-05-26,2025-06-01,"[0.0, 0.0, 0.0, 0.0, 0.0, 0.0, 0.0]","[30.3, 27.8, 27.1, 29.1, 31.6, 36.3, 34.0]","[40.1, 36.6, 35.3, 35.0, 34.5, 34.2, 34.0]",2026-08-14T12:36:12.718905
HUB04-HUB04,2025-06-02,2025-06-08,"[0.1, 0.0, 0.0, 0.0, 0.0, 0.0, 0.0]","[29.3, 27.0, 26.3, 19.1, 23.4, 26.4, 26.3]","[34.8, 35.1, 34.4, 36.1, 36.1, 35.5, 35.3]",2026-08-14T12:36:12.719119
HUB04-HUB04,2025-06-09,2025-06-15,"[0.0, 0.0, 0.0, 0.0, 0.0, 0.0, 0.5]","[27.0, 25.0, 24.7, 27.9, 25.0, 21.2, 16.7]","[35.9, 35.2, 35.8, 37.8, 34.8, 37.2, 37.1]",2026-08-14T12:36:12.719331
HUB04-HUB04,2025-06-16,2025-06-22,"[13.3, 12.4, 1.9, 0.3, 0.4, 0.8, 25.9]","[15.6, 23.2, 31.8, 34.8, 31.3, 30.1, 22.7]","[31.0, 35.5, 34.9, 33.3, 33.4, 33.7, 31.0]",2026-08-14T12:36:12.719544
HUB04-HUB04,2025-06-23,2025-06-29,"[1.3, 0.6, 0.3, 11.7, 17.7, 5.7, 2.0]","[31.3, 29.8, 19.8, 18.2, 15.7, 40.3, 29.7]","[33.1, 32.6, 33.3, 32.9, 31.8, 31.4, 31.2]",2026-08-14T12:36:12.719759
HUB04-HUB04,2025-06-30,2025-07-06,"[11.6, 0.6, 1.6, 37.7, 11.9, 3.1, 19.7]","[28.5, 27.9, 25.8, 18.3, 20.6, 24.2, 23.5]","[30.7, 32.2, 32.3, 31.1, 31.3, 31.4, 30.4]",2026-08-14T12:36:12.719973
HUB04-HUB04,2025-07-07,2025-07-13,"[18.7, 1.2, 1.2, 1.0, 2.0, 0.3, 0.3]","[25.1, 23.5, 25.5, 23.6, 20.2, 21.9, 23.0]","[28.6, 32.1, 32.3, 31.8, 30.4, 32.0, 33.0]",2026-08-14T12:36:12.720198
HUB04-HUB04,2025-07-14,2025-07-20,"[0.3, 0.2, 1.5, 0.0, 0.4, 11.5, 21.2]","[25.5, 26.5, 22.8, 19.1, 19.9, 18.2, 22.7]","[32.4, 33.8, 32.6, 32.5, 32.6, 28.1, 30.9]",2026-08-14T12:36:12.720414
HUB04-HUB04,2025-07-21,2025-07-27,"[3.2, 0.2, 1.7, 1.8, 2.1, 1.1, 1.2]","[19.5, 23.8, 26.9, 22.8, 23.0, 28.8, 28.3]","[31.9, 32.1, 31.2, 31.6, 32.4, 31.7, 29.6]",2026-08-14T12:36:12.720617
HUB04-HUB04,2025-07-28,2025-08-03,"[0.1, 1.1, 1.1, 1.0, 0.6, 0.6, 0.7]","[30.5, 34.2, 31.6, 28.7, 26.9, 23.7, 22.8]","[30.7, 29.2, 30.0, 31.1, 30.9, 30.6, 31.2]",2026-08-14T12:36:12.720813
HUB04-HUB04,2025-08-04,2025-08-10,"[2.1, 2.5, 1.0, 0.7, 0.2, 0.5, 0.1]","[23.8, 23.3, 20.9, 21.4, 21.3, 20.2, 22.5]","[31.1, 31.0, 31.0, 31.3, 31.6, 31.8, 31.6]",2026-08-14T12:36:12.721011
HUB04-HUB04,2025-08-11,2025-08-17,"[0.7, 0.7, 0.3, 0.9, 0.1, 4.1, 6.2]","[25.1, 26.2, 21.7, 15.7, 18.3, 15.9, 15.2]","[31.5, 31.5, 31.7, 31.7, 32.9, 32.3, 32.8]",2026-08-14T12:36:12.721211
HUB04-HUB04,2025-08-18,2025-08-24,"[3.1, 44.5, 43.6, 2.0, 6.4, 9.7, 5.2]","[13.2, 16.8, 17.6, 28.3, 28.3, 30.9, 31.0]","[34.2, 32.8, 30.8, 30.0, 30.0, 29.6, 29.1]",2026-08-14T12:36:12.721408
HUB04-HUB04,2025-08-25,2025-08-31,"[0.8, 0.6, 0.7, 0.4, 0.1, 0.0, 1.5]","[27.8, 24.9, 19.3, 19.1, 16.2, 16.9, 24.0]","[29.5, 31.2, 31.5, 31.8, 30.6, 32.5, 31.7]",2026-08-14T12:36:12.721603
HUB04-HUB04,2025-09-01,2025-09-07,"[0.1, 0.1, 0.0, 0.9, 2.5, 2.0, 29.5]","[27.1, 22.2, 20.5, 24.4, 24.5, 27.4, 33.5]","[31.0, 30.9, 31.5, 33.5, 32.4, 31.9, 27.9]",2026-08-14T12:36:12.721801
HUB04-HUB04,2025-09-08,2025-09-14,"[100.9, 3.1, 2.2, 0.4, 0.0, 0.0, 0.1]","[30.2, 22.9, 19.9, 20.4, 16.6, 16.6, 18.3]","[26.0, 30.0, 30.4, 30.0, 30.5, 31.1, 31.7]",2026-08-14T12:36:12.722000
HUB04-HUB04,2025-09-15,2025-09-21,"[0.0, 0.0, 0.5, 0.5, 0.7, 0.0, 0.3]","[21.5, 21.6, 17.1, 15.7, 17.1, 19.3, 20.0]","[31.2, 30.9, 31.5, 31.6, 32.0, 32.2, 31.7]",2026-08-14T12:36:12.722203
HUB04-HUB04,2025-09-22,2025-09-28,"[0.3, 0.0, 0.0, 0.2, 0.6, 0.0, 0.2]","[20.6, 20.6, 19.8, 13.6, 13.9, 14.8, 22.9]","[31.8, 31.8, 31.4, 31.3, 32.5, 35.9, 38.5]",2026-08-14T12:36:12.722398
HUB04-HUB04,2025-09-29,2025-10-05,"[11.6, 1.8, 11.4, 23.7, 8.9, 0.7, 0.3]","[24.0, 25.9, 24.3, 22.9, 21.2, 15.5, 20.6]","[34.1, 31.3, 28.5, 29.3, 30.2, 30.8, 30.6]",2026-08-14T12:36:12.722596
HUB04-HUB04,2025-10-06,2025-10-12,"[2.7, 0.0, 0.1, 0.0, 0.0, 0.0, 0.0]","[24.0, 17.6, 10.1, 12.0, 12.2, 12.4, 13.9]","[30.1, 31.3, 31.1, 31.8, 32.1, 32.0, 32.4]",2026-08-14T12:36:12.722794
HUB04-HUB04,2025-10-13,2025-10-19,"[0.0, 0.0, 0.0, 0.0, 0.0, 0.0, 0.0]","[14.9, 16.0, 15.7, 12.4, 13.7, 14.6, 14.4]","[32.6, 33.1, 32.9, 34.1, 34.6, 34.7, 35.0]",2026-08-14T12:36:12.722987
HUB04-HUB04,2025-10-20,2025-10-26,"[0.0, 0.0, 0.0, 0.0, 0.0, 0.0, 0.0]","[11.1, 14.8, 17.2, 18.2, 17.9, 21.6, 26.3]","[35.0, 35.1, 35.4, 35.1, 34.9, 35.0, 32.4]",2026-08-14T12:36:12.723180
HUB04-HUB04,2025-10-27,2025-11-02,"[10.1, 1.5, 2.4, 0.6, 0.5, 0.0, 3.2]","[28.7, 24.2, 23.9, 22.8, 22.6, 18.1, 14.4]","[29.9, 26.4, 28.1, 28.8, 30.6, 31.4, 30.5]",2026-08-14T12:36:12.723375
HUB04-HUB04,2025-11-03,2025-11-09,"[1.7, 0.0, 0.0, 0.0, 0.0, 0.0, 0.0]","[23.6, 18.7, 10.1, 12.9, 10.5, 11.2, 11.0]","[32.0, 30.1, 31.1, 32.3, 31.6, 31.2, 30.1]",2026-08-14T12:36:12.723805
HUB04-HUB04,2025-11-10,2025-11-16,"[0.0, 0.0, 0.0, 0.0, 0.0, 0.0, 0.0]","[9.7, 12.0, 13.2, 11.3, 12.5, 14.3, 15.8]","[29.4, 29.6, 30.6, 31.2, 30.6, 30.7, 30.4]",2026-08-14T12:36:12.724088
HUB04-HUB04,2025-11-17,2025-11-23,"[0.0, 0.0, 0.0, 0.0, 0.0, 0.0, 0.0]","[14.8, 16.0, 10.8, 14.8, 15.9, 10.8, 12.8]","[29.8, 29.5, 29.6, 30.0, 30.9, 31.6, 30.7]",2026-08-14T12:36:12.724322
HUB04-HUB04,2025-11-24,2025-11-30,"[0.0, 0.0, 0.0, 0.0, 0.0, 0.0, 0.0]","[10.0, 17.8, 12.2, 17.2, 15.7, 15.0, 13.6]","[30.1, 29.4, 29.8, 29.6, 30.4, 30.6, 30.5]",2026-08-14T12:36:12.724542
HUB04-HUB04,2025-12-01,2025-12-07,"[0.0, 0.0, 0.0, 0.0, 0.0, 0.0, 0.0]","[13.7, 11.8, 16.3, 17.0, 17.5, 14.9, 14.4]","[30.0, 28.5, 28.5, 28.6, 29.1, 28.8, 29.1]",2026-08-14T12:36:12.724750
HUB04-HUB04,2025-12-08,2025-12-14,"[0.0, 0.0, 0.0, 0.0, 0.0, 0.0, 0.0]","[18.8, 14.6, 11.9, 10.7, 9.6, 9.5, 13.7]","[30.3, 30.7, 30.2, 29.0, 29.4, 29.1, 30.2]",2026-08-14T12:36:12.724957
HUB04-HUB04,2025-12-15,2025-12-21,"[0.0, 0.0, 0.0, 0.0, 0.0, 0.0, 0.0]","[16.1, 18.1, 13.0, 11.1, 11.3, 9.3, 11.2]","[30.4, 29.5, 29.8, 31.1, 31.4, 31.3, 31.1]",2026-08-14T12:36:12.725165
HUB04-HUB04,2025-12-22,2025-12-28,"[0.0, 0.0, 0.0, 0.0, 0.0, 0.0, 0.0]","[11.7, 17.1, 16.8, 12.2, 12.3, 12.2, 12.0]","[30.7, 30.2, 29.6, 28.5, 27.9, 28.1, 28.2]",2026-08-14T12:36:12.725369
HUB04-HUB04,2025-12-29,2026-01-04,"[0.0, 0.0, 1.9, 0.0, 0.0, 0.0, 0.0]","[10.8, 16.6, 20.9, 14.2, 18.1, 13.8, 12.8]","[28.0, 27.5, 26.9, 26.0, 25.4, 25.3, 26.4]",2026-08-14T12:36:12.725576
HUB04-HUB04,2026-01-05,2026-01-11,"[0.0, 0.0, 0.0, 0.0, 0.0, 0.0, 0.0]","[11.8, 15.7, 17.7, 16.0, 16.5, 17.7, 20.8]","[27.1, 26.6, 25.7, 24.5, 23.9, 23.7, 23.9]",2026-08-14T12:36:12.725783
HUB04-HUB04,2026-01-12,2026-01-18,"[0.0, 0.0, 0.0, 0.0, 0.0, 0.0, 0.0]","[17.8, 17.0, 16.4, 11.0, 15.5, 17.6, 21.3]","[26.3, 26.9, 26.8, 26.9, 27.3, 27.7, 26.6]",2026-08-14T12:36:12.725986
HUB04-HUB04,2026-01-19,2026-01-25,"[0.0, 0.0, 0.0, 0.0, 0.0, 0.0, 0.0]","[13.3, 15.1, 14.7, 21.1, 19.1, 19.8, 21.1]","[26.7, 27.4, 28.2, 27.2, 23.4, 23.3, 23.9]",2026-08-14T12:36:12.726189
HUB04-HUB04,2026-01-26,2026-01-31,"[0.0, 0.0, 0.0, 0.0, 0.0, 0.0]","[14.1, 17.1, 17.7, 17.3, 14.5, 17.3]","[26.0, 25.1, 24.9, 26.8, 28.8, 29.7]",2026-08-14T12:36:12.726393
HUB05-HUB05,2023-01-01,2023-01-01,[0.0],[8.3],[18.2],2026-08-14T12:36:14.516023
HUB05-HUB05,2023-01-02,2023-01-08,"[0.0, 0.0, 0.0, 0.0, 0.0, 0.0, 0.0]","[8.7, 9.2, 8.8, 9.7, 10.4, 10.5, 12.5]","[17.8, 16.5, 16.5, 15.5, 14.1, 15.0, 16.9]",2026-08-14T12:36:14.516765
HUB05-HUB05,2023-01-09,2023-01-15,"[0.0, 0.0, 0.0, 0.1, 5.9, 0.0, 0.0]","[7.6, 13.3, 14.9, 15.9, 18.3, 15.7, 14.8]","[17.2, 18.3, 18.9, 20.3, 18.2, 16.9, 15.3]",2026-08-14T12:36:14.517361
HUB05-HUB05,2023-01-16,2023-01-22,"[0.0, 0.0, 0.0, 0.1, 0.0, 0.0, 0.0]","[12.3, 13.6, 11.2, 17.0, 18.1, 9.7, 12.4]","[15.5, 16.4, 16.5, 17.8, 19.4, 20.0, 21.4]",2026-08-14T12:36:14.517925
HUB05-HUB05,2023-01-23,2023-01-29,"[0.0, 9.0, 1.4, 0.0, 0.0, 0.0, 2.1]","[11.1, 22.1, 9.4, 15.6, 16.3, 13.3, 15.3]","[22.5, 20.7, 20.9, 18.8, 18.4, 20.3, 16.2]",2026-08-14T12:36:14.518843
HUB05-HUB05,2023-01-30,2023-02-05,"[7.4, 0.0, 0.0, 0.0, 0.0, 0.0, 0.0]","[14.9, 19.9, 18.2, 17.4, 13.6, 17.3, 12.4]","[16.5, 20.5, 20.1, 21.7, 22.3, 22.9, 23.3]",2026-08-14T12:36:14.519387
HUB05-HUB05,2023-02-06,2023-02-12,"[0.0, 0.0, 0.0, 0.0, 0.0, 0.0, 0.0]","[10.1, 16.9, 14.8, 14.6, 14.3, 18.3, 23.3]","[25.2, 23.4, 22.7, 25.5, 25.5, 25.7, 22.0]",2026-08-14T12:36:14.519839
HUB05-HUB05,2023-02-13,2023-02-19,"[0.0, 0.0, 0.0, 0.0, 0.0, 0.0, 0.0]","[25.7, 19.3, 19.3, 10.7, 10.2, 10.7, 10.1]","[21.0, 23.5, 25.9, 26.0, 26.3, 25.7, 27.5]",2026-08-14T12:36:14.520276
HUB05-HUB05,2023-02-20,2023-02-26,"[0.0, 0.0, 0.0, 0.0, 0.0, 0.0, 0.0]","[12.8, 12.6, 12.7, 17.3, 12.8, 11.6, 13.2]","[29.8, 28.8, 27.5, 27.4, 27.4, 27.5, 28.7]",2026-08-14T12:36:14.520708
HUB05-HUB05,2023-02-27,2023-03-05,"[0.0, 0.0, 0.0, 0.0, 0.0, 0.0, 0.0]","[12.4, 19.3, 12.3, 13.8, 17.3, 14.8, 19.7]","[29.7, 28.8, 29.1, 29.6, 30.5, 29.6, 29.5]",2026-08-14T12:36:14.521125
HUB05-HUB05,2023-03-06,2023-03-12,"[0.0, 0.0, 0.3, 0.0, 0.0, 0.0, 0.0]","[16.3, 11.5, 13.0, 16.6, 13.0, 10.5, 10.6]","[28.5, 28.4, 27.5, 28.4, 29.1, 29.5, 31.2]",2026-08-14T12:36:14.521532
HUB05-HUB05,2023-03-13,2023-03-19,"[0.0, 0.2, 0.0, 0.1, 0.6, 7.0, 0.4]","[18.8, 16.7, 13.1, 22.2, 15.3, 22.6, 11.4]","[32.1, 31.2, 31.5, 32.0, 28.4, 26.0, 25.5]",2026-08-14T12:36:14.521945
HUB05-HUB05,2023-03-20,2023-03-26,"[19.9, 1.8, 0.0, 0.0, 24.9, 3.7, 0.0]","[11.5, 10.1, 10.8, 13.8, 14.4, 21.3, 13.4]","[23.5, 23.1, 26.2, 28.2, 27.5, 26.8, 27.8]",2026-08-14T12:36:14.522353
HUB05-HUB05,2023-03-27,2023-04-02,"[0.0, 0.0, 0.0, 15.7, 5.0, 0.5, 0.0]","[15.8, 15.5, 14.9, 18.5, 13.4, 11.6, 14.5]","[26.9, 28.7, 30.8, 30.9, 24.4, 25.4, 28.5]",2026-08-14T12:36:14.522759
HUB05-HUB05,2023-04-03,2023-04-09,"[0.0, 0.0, 0.0, 0.0, 0.0, 0.0, 0.0]","[17.5, 16.5, 14.0, 18.4, 15.1, 15.0, 16.2]","[30.8, 28.4, 30.1, 31.3, 31.2, 31.9, 32.9]",2026-08-14T12:36:14.523170
HUB05-HUB05,2023-04-10,2023-04-16,"[0.0, 0.0, 0.0, 0.0, 0.0, 0.0, 0.0]","[15.6, 23.5, 21.6, 17.5, 15.1, 15.4, 16.2]","[33.5, 35.8, 36.4, 37.1, 37.3, 38.6, 38.4]",2026-08-14T12:36:14.523589
HUB05-HUB05,2023-04-17,2023-04-23,"[0.0, 0.0, 0.0, 0.0, 0.0, 0.0, 0.0]","[13.9, 24.4, 19.0, 16.4, 16.6, 13.2, 24.1]","[38.8, 38.8, 37.1, 34.2, 34.7, 34.9, 34.4]",2026-08-14T12:36:14.524001
HUB05-HUB05,2023-04-24,2023-04-30,"[0.0, 0.0, 0.0, 0.0, 0.0, 1.1, 2.1]","[16.1, 15.8, 10.2, 21.6, 10.9, 15.0, 13.8]","[32.6, 33.1, 35.4, 35.9, 33.4, 31.6, 30.1]",2026-08-14T12:36:14.524829
HUB05-HUB05,2023-05-01,2023-05-07,"[5.9, 4.5, 5.0, 0.0, 1.2, 0.8, 0.0]","[15.8, 18.0, 14.5, 6.5, 35.6, 32.1, 19.1]","[27.6, 27.6, 28.2, 29.8, 31.3, 35.3, 37.2]",2026-08-14T12:36:14.525534
HUB05-HUB05,2023-05-08,2023-05-14,"[0.0, 0.0, 0.0, 0.0, 0.0, 0.1, 0.0]","[20.3, 22.6, 22.2, 14.3, 15.0, 27.4, 29.9]","[36.9, 36.9, 36.3, 38.2, 41.4, 41.6, 40.3]",2026-08-14T12:36:14.526077
HUB05-HUB05,2023-05-15,2023-05-21,"[0.0, 0.0, 0.0, 0.0, 0.0, 0.0, 0.0]","[16.0, 20.6, 18.8, 20.9, 22.2, 23.7, 22.0]","[40.3, 38.7, 40.8, 37.7, 38.3, 40.3, 42.9]",2026-08-14T12:36:14.526474
HUB05-HUB05,2023-05-22,2023-05-28,"[0.0, 1.0, 0.6, 0.1, 0.0, 15.1, 0.6]","[28.3, 26.8, 16.9, 24.2, 8.0, 32.0, 17.1]","[42.4, 43.0, 38.2, 34.0, 34.2, 33.9, 33.6]",2026-08-14T12:36:14.526839
HUB05-HUB05,2023-05-29,2023-06-04,"[2.2, 1.8, 1.5, 0.0, 1.4, 0.0, 0.3]","[21.4, 18.3, 18.4, 15.1, 17.2, 10.8, 13.8]","[33.2, 34.1, 30.2, 33.1, 32.5, 34.5, 35.3]",2026-08-14T12:36:14.527192
HUB05-HUB05,2023-06-05,2023-06-11,"[0.7, 0.0, 0.0, 0.0, 0.0, 0.1, 0.0]","[24.7, 16.5, 22.5, 20.5, 20.3, 20.6, 19.8]","[37.1, 37.8, 37.7, 38.9, 41.0, 40.4, 39.0]",2026-08-14T12:36:14.527542
HUB05-HUB05,2023-06-12,2023-06-18,"[0.0, 0.0, 0.0, 0.0, 1.0, 0.5, 0.3]","[25.1, 29.1, 28.7, 31.9, 25.3, 15.8, 21.0]","[40.7, 41.9, 40.8, 37.3, 38.1, 38.8, 39.0]",2026-08-14T12:36:14.527878
HUB05-HUB05,2023-06-19,2023-06-25,"[7.6, 0.4, 9.5, 1.2, 1.2, 14.0, 16.8]","[13.8, 17.9, 17.0, 15.5, 20.3, 15.5, 21.6]","[32.2, 37.6, 36.6, 36.3, 36.0, 34.9, 32.1]",2026-08-14T12:36:14.528210
HUB05-HUB05,2023-06-26,2023-07-02,"[13.1, 4.4, 12.5, 10.4, 5.7, 0.1, 3.0]","[8.7, 20.8, 15.9, 17.0, 15.1, 17.6, 16.3]","[32.9, 34.1, 33.9, 32.4, 34.0, 33.5, 35.4]",2026-08-14T12:36:14.528558
HUB05-HUB05,2023-07-03,2023-07-09,"[0.5, 0.6, 13.3, 1.4, 6.7, 36.1, 16.8]","[24.9, 20.3, 13.8, 16.1, 14.7, 20.5, 19.1]","[36.6, 36.7, 33.6, 33.4, 33.1, 29.6, 31.1]",2026-08-14T12:36:14.528900
HUB05-HUB05,2023-07-10,2023-07-16,"[46.8, 9.7, 4.1, 0.8, 12.4, 9.6, 14.2]","[12.2, 10.8, 16.2, 13.7, 16.1, 12.3, 10.5]","[31.3, 33.8, 33.8, 34.0, 33.7, 33.7, 33.2]",2026-08-14T12:36:14.529239
HUB05-HUB05,2023-07-17,2023-07-23,"[10.3, 9.1, 8.8, 47.7, 0.8, 6.7, 0.6]","[8.8, 17.6, 13.6, 10.4, 14.6, 21.6, 19.2]","[33.5, 32.1, 33.5, 35.2, 35.7, 34.4, 34.4]",2026-08-14T12:36:14.529579
HUB05-HUB05,2023-07-24,2023-07-30,"[12.4, 13.8, 21.5, 6.9, 14.1, 7.9, 3.2]","[15.2, 14.0, 14.6, 9.0, 13.8, 11.7, 12.6]","[34.3, 34.4, 30.0, 32.2, 32.9, 32.1, 33.3]",2026-08-14T12:36:14.529912
HUB05-HUB05,2023-07-31,2023-08-06,"[5.8, 0.3, 1.2, 12.5, 16.5, 5.9, 1.2]","[13.7, 16.9, 16.4, 17.3, 9.8, 12.7, 21.4]","[33.8, 34.8, 35.1, 34.3, 32.3, 33.7, 34.9]",2026-08-14T12:36:14.530255
HUB05-HUB05,2023-08-07,2023-08-13,"[0.6, 0.0, 0.1, 0.1, 0.2, 0.0, 0.5]","[20.9, 24.2, 19.1, 16.1, 15.2, 19.4, 18.5]","[34.1, 34.1, 34.6, 34.6, 34.6, 35.5, 35.5]",2026-08-14T12:36:14.530596
HUB05-HUB05,2023-08-14,2023-08-20,"[0.0, 0.1, 0.0, 0.0, 0.0, 3.3, 0.4]","[15.4, 11.0, 16.6, 19.8, 14.3, 16.4, 17.4]","[33.6, 34.6, 35.9, 36.1, 36.1, 34.6, 36.4]",2026-08-14T12:36:14.530927
HUB05-HUB05,2023-08-21,2023-08-27,"[1.2, 5.2, 13.1, 0.0, 0.0, 0.1, 0.1]","[13.5, 17.6, 21.6, 16.6, 15.9, 17.3, 22.7]","[36.4, 36.3, 30.5, 33.7, 34.3, 34.6, 35.5]",2026-08-14T12:36:14.531258
HUB05-HUB05,2023-08-28,2023-09-03,"[0.6, 0.0, 0.0, 0.0, 0.0, 0.0, 0.0]","[25.7, 18.6, 14.4, 14.1, 17.7, 23.3, 21.8]","[34.2, 35.6, 36.5, 36.6, 37.6, 37.2, 36.8]",2026-08-14T12:36:14.531591
HUB05-HUB05,2023-09-04,2023-09-10,"[0.0, 8.0, 6.7, 0.8, 0.8, 2.9, 33.4]","[17.3, 11.3, 19.7, 9.1, 18.2, 22.7, 18.8]","[37.1, 35.9, 35.9, 38.2, 36.3, 33.1, 30.6]",2026-08-14T12:36:14.531923
HUB05-HUB05,2023-09-11,2023-09-17,"[0.5, 0.0, 7.5, 8.9, 20.0, 11.5, 6.0]","[18.2, 7.9, 9.5, 14.2, 14.3, 22.0, 21.8]","[33.1, 34.1, 33.9, 34.8, 31.9, 32.2, 31.2]",2026-08-14T12:36:14.532210
HUB05-HUB05,2023-09-18,2023-09-24,"[0.5, 0.2, 1.6, 2.5, 0.4, 1.2, 1.3]","[23.2, 10.5, 8.8, 18.6, 11.2, 9.6, 11.5]","[31.7, 33.1, 33.2, 33.3, 33.3, 32.5, 32.7]",2026-08-14T12:36:14.532488
HUB05-HUB05,2023-09-25,2023-10-01,"[0.1, 0.0, 0.0, 0.0, 0.0, 0.0, 0.0]","[10.2, 11.9, 13.0, 12.2, 10.0, 16.7, 18.4]","[32.9, 33.4, 33.3, 33.1, 33.3, 34.5, 34.4]",2026-08-14T12:36:14.532771
HUB05-HUB05,2023-10-02,2023-10-08,"[0.0, 0.0, 0.0, 0.0, 0.0, 0.0, 0.0]","[17.8, 21.4, 19.3, 15.0, 11.3, 13.5, 13.3]","[33.4, 33.5, 33.5, 33.7, 34.7, 34.8, 35.0]",2026-08-14T12:36:14.533051
HUB05-HUB05,2023-10-09,2023-10-15,"[0.0, 0.6, 0.0, 0.0, 0.0, 0.0, 0.0]","[14.8, 13.0, 14.0, 13.3, 10.2, 14.7, 16.1]","[35.2, 33.7, 33.2, 32.8, 34.1, 34.7, 32.8]",2026-08-14T12:36:14.533327
HUB05-HUB05,2023-10-16,2023-10-22,"[0.1, 1.6, 0.0, 0.0, 0.0, 0.0, 0.0]","[25.6, 10.8, 13.9, 11.9, 10.0, 10.2, 9.6]","[28.6, 28.5, 29.0, 28.5, 29.0, 29.7, 30.2]",2026-08-14T12:36:14.533609
HUB05-HUB05,2023-10-23,2023-10-29,"[0.0, 0.0, 0.0, 0.0, 0.0, 0.0, 0.0]","[10.8, 10.2, 14.3, 12.7, 10.1, 9.7, 9.7]","[29.6, 30.5, 30.4, 30.5, 30.4, 29.7, 31.1]",2026-08-14T12:36:14.533895
HUB05-HUB05,2023-10-30,2023-11-05,"[0.0, 0.0, 0.0, 0.0, 0.0, 0.0, 0.0]","[8.0, 8.7, 8.6, 8.7, 16.0, 13.3, 12.2]","[31.3, 30.7, 30.2, 30.4, 28.6, 29.5, 29.6]",2026-08-14T12:36:14.534174
HUB05-HUB05,2023-11-06,2023-11-12,"[0.0, 0.0, 0.0, 0.0, 10.0, 0.0, 0.0]","[9.1, 9.8, 9.9, 10.2, 17.7, 10.8, 10.5]","[29.2, 29.8, 29.4, 29.3, 25.1, 25.2, 25.2]",2026-08-14T12:36:14.534458
HUB05-HUB05,2023-11-13,2023-11-19,"[0.0, 0.0, 0.0, 0.0, 0.0, 0.0, 0.0]","[9.2, 9.4, 10.3, 9.5, 8.9, 9.2, 9.8]","[25.4, 25.1, 25.6, 25.8, 26.5, 26.1, 25.7]",2026-08-14T12:36:14.534738
HUB05-HUB05,2023-11-20,2023-11-26,"[0.0, 0.0, 0.0, 0.0, 0.0, 0.0, 0.0]","[10.1, 15.3, 13.0, 9.8, 10.6, 10.6, 9.6]","[25.4, 25.2, 24.9, 24.4, 24.9, 24.8, 25.1]",2026-08-14T12:36:14.535015
HUB05-HUB05,2023-11-27,2023-12-03,"[3.8, 1.3, 0.0, 6.3, 0.7, 0.0, 0.1]","[21.6, 10.5, 7.9, 14.0, 8.9, 8.6, 9.7]","[24.3, 21.1, 24.5, 20.9, 24.1, 24.2, 24.3]",2026-08-14T12:36:14.535303
HUB05-HUB05,2023-12-04,2023-12-10,"[0.3, 0.0, 0.0, 0.0, 0.0, 0.0, 0.0]","[9.7, 11.5, 9.6, 9.6, 11.8, 11.9, 17.1]","[22.8, 23.1, 23.3, 23.8, 23.7, 23.3, 22.5]",2026-08-14T12:36:14.535587
HUB05-HUB05,2023-12-11,2023-12-17,"[0.0, 0.0, 0.0, 0.0, 0.0, 0.0, 0.0]","[10.5, 8.1, 9.2, 15.1, 10.8, 10.8, 12.1]","[21.8, 22.4, 22.6, 22.0, 21.6, 22.1, 22.5]",2026-08-14T12:36:14.535877
HUB05-HUB05,2023-12-18,2023-12-24,"[0.0, 0.0, 0.0, 0.0, 0.0, 0.2, 0.0]","[19.7, 16.3, 10.5, 12.1, 10.1, 12.8, 10.0]","[21.4, 21.5, 20.5, 21.4, 20.8, 21.7, 22.6]",2026-08-14T12:36:14.536174
HUB05-HUB05,2023-12-25,2023-12-31,"[0.0, 0.0, 0.0, 0.0, 0.0, 0.0, 0.0]","[10.2, 9.2, 9.1, 8.9, 9.0, 9.7, 8.6]","[22.8, 22.1, 21.5, 20.6, 19.2, 18.3, 18.0]",2026-08-14T12:36:14.536478
HUB05-HUB05,2024-01-01,2024-01-07,"[0.0, 0.0, 0.0, 0.0, 0.2, 0.0, 0.0]","[8.4, 8.4, 9.8, 9.1, 9.4, 9.5, 9.3]","[16.0, 14.9, 15.5, 17.2, 17.1, 17.0, 17.3]",2026-08-14T12:36:14.536768
HUB05-HUB05,2024-01-08,2024-01-14,"[0.0, 0.0, 0.0, 0.0, 0.0, 0.0, 0.0]","[9.4, 12.1, 13.7, 10.7, 11.3, 10.0, 10.9]","[18.2, 18.1, 15.8, 15.1, 17.4, 17.5, 17.4]",2026-08-14T12:36:14.537052
HUB05-HUB05,2024-01-15,2024-01-21,"[0.0, 0.0, 0.0, 0.0, 0.0, 0.0, 0.0]","[8.9, 9.4, 11.0, 10.1, 9.9, 9.7, 13.3]","[15.6, 16.7, 18.0, 17.3, 16.2, 15.7, 15.9]",2026-08-14T12:36:14.537334
HUB05-HUB05,2024-01-22,2024-01-28,"[0.0, 0.0, 0.0, 0.0, 0.0, 0.0, 0.0]","[8.8, 8.8, 8.6, 8.8, 10.2, 16.1, 13.2]","[16.1, 17.3, 17.9, 16.9, 18.4, 20.4, 20.2]",2026-08-14T12:36:14.537618
HUB05-HUB05,2024-01-29,2024-02-04,"[0.0, 0.0, 9.3, 0.3, 0.0, 0.0, 4.5]","[11.2, 8.9, 15.0, 22.2, 14.8, 10.7, 17.9]","[21.2, 20.2, 20.3, 21.1, 19.2, 20.3, 21.3]",2026-08-14T12:36:14.537901
HUB05-HUB05,2024-02-05,2024-02-11,"[0.7, 0.0, 0.0, 0.0, 0.0, 0.0, 0.0]","[12.1, 14.6, 21.4, 26.2, 13.1, 9.5, 9.3]","[19.6, 18.5, 18.1, 19.0, 20.4, 19.7, 21.4]",2026-08-14T12:36:14.538186
HUB05-HUB05,2024-02-12,2024-02-18,"[0.0, 0.0, 0.0, 0.0, 0.0, 0.0, 0.0]","[10.6, 9.7, 12.5, 14.3, 11.7, 14.0, 14.9]","[21.6, 21.0, 22.5, 23.4, 24.1, 24.2, 27.1]",2026-08-14T12:36:14.538463
HUB05-HUB05,2024-02-19,2024-02-25,"[0.0, 0.0, 0.0, 0.1, 0.0, 0.2, 0.0]","[30.3, 20.3, 17.8, 14.1, 14.6, 13.5, 13.4]","[26.9, 26.9, 25.5, 23.5, 22.5, 23.0, 24.3]",2026-08-14T12:36:14.538742
HUB05-HUB05,2024-02-26,2024-03-03,"[0.0, 0.2, 0.0, 0.0, 0.5, 25.4, 11.1]","[13.2, 16.3, 19.8, 11.4, 16.9, 32.4, 15.8]","[24.0, 23.1, 23.7, 25.7, 26.6, 25.1, 21.9]",2026-08-14T12:36:14.539043
HUB05-HUB05,2024-03-04,2024-03-10,"[0.0, 0.0, 0.0, 0.0, 0.0, 0.0, 0.0]","[13.8, 14.2, 12.9, 15.9, 16.4, 15.8, 10.0]","[21.2, 20.6, 21.1, 23.6, 24.9, 24.9, 25.9]",2026-08-14T12:36:14.539355
HUB05-HUB05,2024-03-11,2024-03-17,"[0.0, 0.0, 0.0, 0.0, 0.0, 0.0, 0.0]","[18.2, 15.1, 18.1, 15.9, 16.9, 12.5, 10.8]","[28.5, 28.6, 28.2, 28.2, 26.8, 26.8, 28.0]",2026-08-14T12:36:14.539636
HUB05-HUB05,2024-03-18,2024-03-24,"[0.0, 0.0, 0.0, 0.0, 0.0, 0.0, 0.0]","[11.0, 14.8, 9.5, 17.4, 13.2, 18.1, 37.4]","[27.8, 29.0, 31.4, 29.3, 32.1, 33.1, 30.5]",2026-08-14T12:36:14.539907
HUB05-HUB05,2024-03-25,2024-03-31,"[0.0, 0.0, 0.0, 0.0, 0.7, 0.0, 0.0]","[19.7, 11.9, 17.3, 17.2, 12.0, 27.4, 19.7]","[32.3, 32.9, 35.2, 36.1, 35.4, 34.6, 34.2]",2026-08-14T12:36:14.540152
HUB05-HUB05,2024-04-01,2024-04-07,"[0.0, 0.0, 0.0, 0.0, 0.0, 0.0, 0.0]","[19.5, 20.6, 16.9, 21.4, 27.8, 20.3, 19.7]","[31.2, 32.8, 35.0, 36.0, 35.3, 34.8, 35.1]",2026-08-14T12:36:14.540396
HUB05-HUB05,2024-04-08,2024-04-14,"[0.0, 0.0, 0.0, 0.0, 0.0, 2.8, 0.5]","[16.5, 14.7, 13.8, 14.0, 13.5, 13.6, 18.7]","[36.2, 37.4, 37.4, 37.9, 38.3, 38.6, 33.5]",2026-08-14T12:36:14.540635
HUB05-HUB05,2024-04-15,2024-04-21,"[0.0, 0.0, 0.0, 0.0, 0.0, 0.0, 0.0]","[21.3, 20.5, 29.0, 19.1, 16.2, 20.2, 17.7]","[36.7, 35.5, 35.2, 37.7, 38.0, 36.0, 36.6]",2026-08-14T12:36:14.540929
HUB05-HUB05,2024-04-22,2024-04-28,"[0.2, 0.0, 0.0, 0.0, 0.0, 0.0, 0.0]","[21.3, 25.1, 21.4, 21.9, 25.4, 28.1, 15.8]","[37.1, 37.5, 36.8, 37.7, 39.2, 37.8, 37.1]",2026-08-14T12:36:14.541342
HUB05-HUB05,2024-04-29,2024-05-05,"[0.0, 0.0, 0.0, 0.0, 0.0, 0.0, 0.0]","[23.4, 19.8, 23.4, 18.8, 23.4, 20.3, 17.7]","[37.6, 35.8, 32.4, 34.8, 37.7, 40.2, 40.6]",2026-08-14T12:36:14.541608
HUB05-HUB05,2024-05-06,2024-05-12,"[0.0, 0.0, 0.0, 0.1, 0.4, 0.8, 0.0]","[24.9, 15.0, 21.1, 25.2, 25.4, 16.9, 16.6]","[40.2, 41.0, 39.5, 39.2, 39.2, 38.3, 38.3]",2026-08-14T12:36:14.541851
HUB05-HUB05,2024-05-13,2024-05-19,"[0.0, 0.0, 0.0, 0.0, 0.0, 0.0, 0.0]","[20.1, 19.6, 19.1, 18.9, 21.0, 21.8, 26.5]","[40.6, 40.7, 42.3, 42.5, 44.1, 44.1, 44.9]",2026-08-14T12:36:14.542093
HUB05-HUB05,2024-05-20,2024-05-26,"[0.0, 0.0, 0.0, 0.1, 0.0, 0.0, 0.0]","[26.0, 16.0, 25.3, 22.5, 20.8, 25.7, 22.2]","[43.7, 43.0, 42.4, 41.6, 40.9, 44.4, 46.0]",2026-08-14T12:36:14.542336
HUB05-HUB05,2024-05-27,2024-06-02,"[0.0, 0.0, 0.0, 0.0, 0.0, 0.0, 0.0]","[20.9, 20.7, 20.0, 21.8, 20.3, 26.5, 20.3]","[45.7, 46.0, 46.1, 46.2, 45.8, 44.5, 41.0]",2026-08-14T12:36:14.542575
HUB05-HUB05,2024-06-03,2024-06-09,"[0.0, 0.0, 0.0, 0.0, 0.1, 0.0, 0.0]","[20.2, 22.6, 22.8, 20.9, 21.2, 26.5, 19.7]","[44.7, 43.8, 41.8, 41.2, 42.3, 40.0, 42.1]",2026-08-14T12:36:14.542815
HUB05-HUB05,2024-06-10,2024-06-16,"[0.0, 0.0, 0.0, 0.0, 0.0, 0.0, 0.0]","[22.1, 18.3, 18.5, 24.9, 29.0, 27.4, 24.5]","[43.0, 43.4, 44.4, 44.8, 43.5, 43.7, 44.2]",2026-08-14T12:36:14.543058
HUB05-HUB05,2024-06-17,2024-06-23,"[0.0, 0.0, 0.4, 2.2, 3.9, 0.0, 0.0]","[26.1, 29.9, 27.9, 13.4, 22.6, 15.1, 15.5]","[44.2, 44.2, 41.5, 39.0, 38.9, 38.4, 39.2]",2026-08-14T12:36:14.543299
HUB05-HUB05,2024-06-24,2024-06-30,"[0.3, 1.2, 7.1, 7.3, 7.2, 16.0, 8.4]","[16.1, 16.2, 16.8, 21.2, 16.7, 17.5, 7.9]","[39.4, 37.3, 34.7, 30.5, 31.3, 33.7, 35.1]",2026-08-14T12:36:14.543539
HUB05-HUB05,2024-07-01,2024-07-07,"[14.2, 15.1, 4.9, 12.9, 2.0, 1.0, 0.0]","[11.4, 14.4, 14.3, 13.1, 16.6, 14.4, 12.0]","[34.9, 33.9, 34.4, 32.0, 30.8, 33.2, 33.2]",2026-08-14T12:36:14.543782
HUB05-HUB05,2024-07-08,2024-07-14,"[0.3, 15.5, 6.9, 0.9, 12.9, 8.9, 0.1]","[13.0, 18.2, 14.7, 19.7, 22.1, 9.2, 7.1]","[33.3, 32.8, 34.1, 36.8, 36.2, 33.8, 35.1]",2026-08-14T12:36:14.544022
HUB05-HUB05,2024-07-15,2024-07-21,"[1.7, 24.6, 0.1, 7.2, 0.6, 0.0, 1.5]","[18.6, 16.8, 14.9, 12.1, 12.6, 12.0, 18.4]","[33.6, 34.6, 34.9, 35.2, 34.8, 35.4, 35.1]",2026-08-14T12:36:14.544259
HUB05-HUB05,2024-07-22,2024-07-28,"[1.7, 5.6, 7.0, 0.4, 5.5, 1.6, 2.0]","[11.2, 11.4, 9.0, 9.4, 10.0, 14.0, 22.1]","[35.1, 35.1, 34.1, 34.9, 33.3, 34.6, 35.5]",2026-08-14T12:36:14.544500
HUB05-HUB05,2024-07-29,2024-08-04,"[0.3, 0.0, 33.8, 41.8, 4.6, 1.0, 0.2]","[16.3, 13.8, 15.8, 17.3, 17.6, 20.4, 27.3]","[36.4, 36.9, 37.6, 31.8, 32.9, 32.4, 33.9]",2026-08-14T12:36:14.544757
HUB05-HUB05,2024-08-05,2024-08-11,"[1.1, 0.4, 17.2, 11.8, 36.2, 16.5, 18.6]","[28.9, 16.2, 11.6, 13.3, 15.1, 8.2, 12.3]","[32.9, 32.0, 30.5, 31.9, 32.1, 31.7, 31.8]",2026-08-14T12:36:14.544996
HUB05-HUB05,2024-08-12,2024-08-18,"[9.8, 7.7, 2.9, 9.1, 14.3, 6.6, 5.0]","[12.4, 15.5, 11.2, 14.9, 15.4, 9.2, 14.5]","[30.6, 31.4, 30.7, 32.7, 32.7, 32.0, 32.9]",2026-08-14T12:36:14.545235
HUB05-HUB05,2024-08-19,2024-08-25,"[0.6, 22.7, 2.7, 4.6, 1.6, 7.1, 15.0]","[14.9, 9.5, 11.9, 14.0, 12.3, 17.9, 21.0]","[33.0, 32.1, 32.3, 33.1, 31.4, 31.9, 33.2]",2026-08-14T12:36:14.545473
HUB05-HUB05,2024-08-26,2024-09-01,"[2.9, 14.8, 9.1, 31.4, 2.6, 0.0, 0.0]","[20.6, 24.8, 15.9, 20.0, 10.2, 12.5, 14.8]","[32.5, 32.0, 31.0, 31.4, 31.6, 33.6, 33.7]",2026-08-14T12:36:14.545715
HUB05-HUB05,2024-09-02,2024-09-08,"[6.9, 24.9, 0.3, 1.4, 11.6, 15.0, 9.7]","[15.6, 14.5, 12.7, 11.9, 14.5, 10.1, 9.7]","[31.6, 31.7, 30.9, 31.6, 30.9, 30.7, 31.6]",2026-08-14T12:36:14.545961
HUB05-HUB05,2024-09-09,2024-09-15,"[3.3, 22.4, 18.7, 87.0, 62.7, 5.6, 1.3]","[14.0, 10.2, 11.9, 22.9, 25.5, 16.3, 18.7]","[32.9, 31.2, 32.3, 27.5, 31.9, 29.6, 31.5]",2026-08-14T12:36:14.546204
HUB05-HUB05,2024-09-16,2024-09-22,"[0.0, 0.0, 25.4, 3.0, 0.0, 0.6, 0.0]","[16.3, 10.7, 21.4, 17.4, 13.2, 8.4, 7.1]","[32.3, 31.6, 29.0, 30.1, 31.7, 31.7, 33.2]",2026-08-14T12:36:14.546444
HUB05-HUB05,2024-09-23,2024-09-29,"[0.0, 0.0, 0.6, 0.7, 0.2, 0.0, 0.1]","[9.4, 6.3, 17.2, 13.9, 13.5, 9.5, 8.2]","[33.6, 33.7, 33.5, 31.3, 31.1, 30.6, 31.1]",2026-08-14T12:36:14.546681
HUB05-HUB05,2024-09-30,2024-10-06,"[0.0, 0.0, 0.0, 0.0, 0.0, 0.0, 0.4]","[14.5, 13.4, 16.2, 16.1, 11.9, 16.9, 17.0]","[32.7, 33.6, 34.9, 34.0, 33.8, 33.8, 33.6]",2026-08-14T12:36:14.546923
HUB05-HUB05,2024-10-07,2024-10-13,"[0.0, 0.0, 0.0, 0.0, 0.0, 0.0, 0.0]","[9.9, 9.0, 13.7, 13.2, 13.6, 9.8, 10.2]","[32.5, 32.5, 32.2, 32.4, 31.6, 32.1, 32.1]",2026-08-14T12:36:14.547162
HUB05-HUB05,2024-10-14,2024-10-20,"[0.0, 0.0, 0.0, 0.0, 0.0, 0.0, 0.0]","[11.5, 12.9, 10.3, 8.7, 8.9, 9.0, 10.4]","[31.8, 32.2, 32.3, 32.9, 33.4, 33.5, 33.4]",2026-08-14T12:36:14.547401
HUB05-HUB05,2024-10-21,2024-10-27,"[0.0, 0.0, 0.0, 0.0, 0.0, 0.0, 0.0]","[8.9, 8.8, 16.4, 14.3, 17.0, 11.0, 7.6]","[31.9, 31.2, 32.1, 32.4, 32.0, 31.5, 31.6]",2026-08-14T12:36:14.547646
HUB05-HUB05,2024-10-28,2024-11-03,"[0.0, 0.0, 0.0, 0.0, 0.0, 0.0, 0.0]","[9.4, 8.3, 10.6, 16.8, 16.3, 8.7, 10.3]","[31.9, 33.3, 34.0, 32.7, 32.0, 31.6, 30.9]",2026-08-14T12:36:14.547875
HUB05-HUB05,2024-11-04,2024-11-10,"[0.0, 0.0, 0.0, 0.0, 0.0, 0.0, 0.0]","[9.4, 9.7, 8.7, 9.0, 9.2, 9.9, 9.2]","[30.2, 29.5, 30.0, 30.1, 30.6, 31.0, 30.4]",2026-08-14T12:36:14.548102
HUB05-HUB05,2024-11-11,2024-11-17,"[0.0, 0.0, 0.0, 0.0, 0.0, 0.0, 0.0]","[7.9, 13.5, 10.0, 8.2, 11.6, 10.5, 9.2]","[29.9, 30.9, 29.6, 29.3, 28.8, 28.4, 27.9]",2026-08-14T12:36:14.548317
HUB05-HUB05,2024-11-18,2024-11-24,"[0.0, 0.0, 0.0, 0.0, 0.0, 0.0, 0.0]","[8.1, 8.4, 8.3, 7.7, 6.6, 6.8, 9.3]","[26.1, 25.6, 25.7, 25.4, 25.8, 26.9, 27.1]",2026-08-14T12:36:14.548539
HUB05-HUB05,2024-11-25,2024-12-01,"[0.0, 0.0, 0.0, 0.0, 0.0, 0.0, 0.0]","[11.2, 10.4, 8.4, 6.2, 5.4, 8.5, 7.8]","[25.5, 25.2, 25.4, 24.7, 24.0, 24.4, 24.2]",2026-08-14T12:36:14.548752
HUB05-HUB05,2024-12-02,2024-12-08,"[0.0, 0.0, 0.0, 0.0, 0.0, 0.0, 1.2]","[7.3, 11.1, 14.4, 12.6, 12.4, 6.2, 16.2]","[25.2, 25.9, 25.2, 23.2, 23.2, 22.4, 22.6]",2026-08-14T12:36:14.548967
HUB05-HUB05,2024-12-09,2024-12-15,"[0.0, 0.0, 0.0, 0.0, 0.0, 0.0, 0.0]","[10.9, 14.1, 10.2, 10.6, 15.2, 12.5, 7.5]","[20.0, 19.8, 19.7, 19.9, 19.9, 20.3, 19.9]",2026-08-14T12:36:14.549185
HUB05-HUB05,2024-12-16,2024-12-22,"[0.0, 0.0, 0.0, 0.0, 0.0, 0.0, 0.0]","[4.7, 7.0, 7.9, 7.8, 7.9, 6.9, 8.2]","[20.1, 19.8, 20.3, 21.1, 22.2, 21.4, 22.2]",2026-08-14T12:36:14.549400
HUB05-HUB05,2024-12-23,2024-12-29,"[2.0, 4.7, 0.0, 0.0, 34.2, 0.3, 0.0]","[12.4, 10.4, 8.0, 5.8, 13.5, 9.6, 9.5]","[17.8, 18.9, 20.0, 21.9, 15.7, 18.4, 18.4]",2026-08-14T12:36:14.549617
HUB05-HUB05,2024-12-30,2025-01-05,"[0.0, 0.0, 0.0, 0.0, 0.0, 0.0, 0.0]","[9.3, 5.5, 9.1, 10.2, 6.2, 7.7, 9.6]","[18.5, 16.2, 17.1, 18.6, 19.7, 21.1, 18.2]",2026-08-14T12:36:14.549835
HUB05-HUB05,2025-01-06,2025-01-12,"[0.5, 0.0, 0.0, 0.0, 0.0, 4.9, 1.4]","[9.6, 13.4, 11.3, 3.7, 7.2, 12.9, 7.5]","[18.1, 17.7, 18.4, 18.5, 17.9, 16.4, 17.8]",2026-08-14T12:36:14.550052
HUB05-HUB05,2025-01-13,2025-01-19,"[0.0, 0.0, 1.3, 1.1, 0.0, 0.0, 0.0]","[9.1, 8.0, 6.2, 8.0, 9.6, 7.1, 5.3]","[19.2, 18.5, 18.3, 18.7, 18.9, 17.8, 21.2]",2026-08-14T12:36:14.550265
HUB05-HUB05,2025-01-20,2025-01-26,"[0.0, 0.0, 0.0, 0.2, 0.0, 0.0, 0.0]","[10.2, 9.2, 8.4, 11.9, 12.9, 10.2, 8.6]","[22.0, 21.7, 22.4, 21.8, 20.7, 20.1, 20.3]",2026-08-14T12:36:14.550482
HUB05-HUB05,2025-01-27,2025-02-02,"[0.0, 0.0, 0.0, 0.0, 0.0, 0.0, 0.0]","[8.7, 7.5, 8.7, 7.7, 7.4, 10.2, 10.4]","[20.2, 20.8, 23.7, 24.3, 24.8, 24.9, 22.5]",2026-08-14T12:36:14.550699
HUB05-HUB05,2025-02-03,2025-02-09,"[0.1, 3.9, 1.1, 0.0, 0.0, 0.0, 0.0]","[7.5, 10.2, 11.0, 15.9, 16.8, 10.8, 6.9]","[21.6, 21.5, 20.6, 20.4, 20.1, 21.9, 23.4]",2026-08-14T12:36:14.550917
HUB05-HUB05,2025-02-10,2025-02-16,"[0.0, 0.0, 0.0, 0.0, 0.0, 0.0, 0.0]","[6.3, 8.7, 15.8, 15.0, 12.8, 11.6, 8.9]","[25.1, 25.9, 23.8, 22.7, 23.3, 24.1, 25.8]",2026-08-14T12:36:14.551153
HUB05-HUB05,2025-02-17,2025-02-23,"[0.0, 0.0, 0.0, 6.6, 0.2, 0.0, 0.0]","[8.1, 8.5, 9.4, 22.6, 10.8, 11.9, 9.0]","[26.8, 25.1, 25.8, 23.5, 24.0, 22.8, 24.0]",2026-08-14T12:36:14.551366
HUB05-HUB05,2025-02-24,2025-03-02,"[0.0, 0.0, 0.0, 4.4, 12.7, 9.5, 0.0]","[8.9, 8.1, 7.7, 19.0, 20.5, 13.2, 13.6]","[25.3, 26.4, 30.0, 22.5, 23.6, 24.0, 24.1]",2026-08-14T12:36:14.551581
HUB05-HUB05,2025-03-03,2025-03-09,"[0.0, 0.5, 0.0, 0.0, 0.0, 0.0, 0.0]","[10.7, 18.4, 23.0, 13.7, 8.9, 12.0, 9.6]","[26.8, 24.2, 22.3, 25.7, 27.4, 29.0, 32.0]",2026-08-14T12:36:14.551800
HUB05-HUB05,2025-03-10,2025-03-16,"[0.0, 0.0, 0.0, 5.3, 0.4, 0.0, 0.0]","[13.7, 9.9, 11.9, 20.2, 15.4, 16.8, 12.3]","[32.3, 33.0, 31.8, 31.4, 33.5, 31.2, 29.5]",2026-08-14T12:36:14.552017
HUB05-HUB05,2025-03-17,2025-03-23,"[0.0, 0.0, 0.0, 0.0, 0.0, 0.1, 0.0]","[14.0, 11.6, 11.1, 12.3, 16.1, 15.4, 9.5]","[27.8, 29.1, 30.7, 31.6, 31.6, 31.0, 32.0]",2026-08-14T12:36:14.552235
HUB05-HUB05,2025-03-24,2025-03-30,"[0.0, 0.0, 0.0, 0.0, 0.0, 0.0, 0.0]","[9.8, 9.9, 12.6, 12.7, 15.7, 16.2, 13.6]","[33.6, 35.8, 38.0, 35.8, 30.6, 28.9, 31.4]",2026-08-14T12:36:14.552452
HUB05-HUB05,2025-03-31,2025-04-06,"[0.0, 0.0, 0.0, 0.0, 0.0, 0.0, 0.0]","[13.1, 14.5, 11.1, 16.3, 14.0, 14.5, 9.1]","[33.8, 33.6, 35.3, 37.4, 36.7, 35.0, 37.7]",2026-08-14T12:36:14.552664
HUB05-HUB05,2025-04-07,2025-04-13,"[0.0, 0.0, 0.0, 0.6, 12.5, 0.2, 0.0]","[11.8, 11.2, 19.7, 15.2, 16.6, 10.6, 12.9]","[40.1, 40.4, 40.6, 39.3, 35.1, 35.4, 36.1]",2026-08-14T12:36:14.552877
HUB05-HUB05,2025-04-14,2025-04-20,"[0.0, 0.0, 0.0, 0.0, 0.0, 0.0, 0.0]","[11.8, 10.9, 12.3, 17.2, 20.9, 20.6, 17.1]","[35.9, 36.9, 38.1, 40.5, 41.1, 40.7, 39.9]",2026-08-14T12:36:14.553089
HUB05-HUB05,2025-04-21,2025-04-27,"[0.0, 0.0, 0.0, 0.0, 0.0, 0.0, 0.0]","[12.6, 12.9, 14.6, 13.3, 14.9, 23.6, 14.6]","[40.1, 39.1, 39.1, 40.2, 41.0, 42.6, 40.9]",2026-08-14T12:36:14.553302
HUB05-HUB05,2025-04-28,2025-05-04,"[0.0, 0.0, 0.0, 0.0, 13.6, 5.8, 3.0]","[17.9, 15.6, 14.8, 15.4, 14.9, 14.6, 12.7]","[41.3, 38.1, 37.9, 37.6, 28.9, 36.8, 35.3]",2026-08-14T12:36:14.553522
HUB05-HUB05,2025-05-05,2025-05-11,"[1.0, 0.3, 1.5, 5.5, 0.0, 9.8, 0.0]","[12.2, 18.6, 11.5, 10.5, 10.4, 16.5, 17.3]","[35.2, 33.7, 33.0, 31.8, 37.0, 37.2, 38.4]",2026-08-14T12:36:14.553735
HUB05-HUB05,2025-05-12,2025-05-18,"[0.0, 0.0, 0.0, 0.0, 0.0, 0.0, 0.0]","[13.2, 21.0, 15.3, 12.3, 18.2, 20.0, 14.9]","[39.5, 40.9, 41.0, 41.6, 42.6, 42.4, 42.2]",2026-08-14T12:36:14.553948
HUB05-HUB05,2025-05-19,2025-05-25,"[0.0, 0.0, 0.0, 0.0, 0.0, 0.0, 0.3]","[14.6, 16.2, 18.0, 14.9, 14.7, 17.1, 16.5]","[40.8, 41.8, 43.0, 37.8, 38.8, 38.3, 32.1]",2026-08-14T12:36:14.554164
HUB05-HUB05,2025-05-26,2025-06-01,"[0.1, 0.0, 0.0, 0.5, 0.0, 0.2, 1.1]","[14.3, 9.2, 9.6, 11.0, 12.5, 14.9, 17.4]","[35.8, 36.1, 38.3, 40.1, 36.3, 39.6, 36.3]",2026-08-14T12:36:14.554383
HUB05-HUB05,2025-06-02,2025-06-08,"[0.0, 0.0, 0.0, 0.1, 0.0, 0.0, 0.0]","[11.2, 11.3, 14.8, 12.4, 11.4, 12.3, 12.2]","[36.7, 34.4, 34.7, 37.2, 37.7, 40.1, 42.1]",2026-08-14T12:36:14.554597
HUB05-HUB05,2025-06-09,2025-06-15,"[0.0, 0.0, 0.0, 0.3, 0.2, 0.0, 0.2]","[15.4, 13.6, 12.2, 14.7, 12.6, 12.6, 17.7]","[42.9, 42.2, 42.5, 43.8, 42.2, 43.1, 39.2]",2026-08-14T12:36:14.554813
HUB05-HUB05,2025-06-16,2025-06-22,"[20.5, 13.4, 5.1, 0.1, 1.0, 0.5, 1.3]","[16.3, 9.4, 9.8, 12.1, 13.5, 8.1, 12.5]","[33.1, 34.8, 33.9, 33.7, 32.1, 36.3, 37.0]",2026-08-14T12:36:14.555027
HUB05-HUB05,2025-06-23,2025-06-29,"[0.7, 0.3, 28.7, 10.0, 1.0, 0.5, 11.6]","[9.9, 8.0, 12.5, 15.2, 10.2, 11.4, 13.1]","[37.4, 37.2, 32.8, 35.1, 34.8, 38.0, 34.8]",2026-08-14T12:36:14.555240
HUB05-HUB05,2025-06-30,2025-07-06,"[18.4, 8.0, 3.1, 0.2, 0.3, 3.7, 12.0]","[13.4, 11.9, 10.1, 10.3, 8.6, 8.6, 10.7]","[32.9, 33.8, 33.2, 33.8, 34.6, 35.9, 36.0]",2026-08-14T12:36:14.555453
HUB05-HUB05,2025-07-07,2025-07-13,"[8.7, 0.0, 9.9, 2.5, 0.2, 0.2, 9.1]","[7.6, 11.6, 16.3, 9.6, 5.9, 8.1, 14.5]","[33.5, 34.7, 32.4, 30.6, 32.3, 34.0, 32.8]",2026-08-14T12:36:14.555665
HUB05-HUB05,2025-07-14,2025-07-20,"[19.5, 3.6, 3.9, 2.1, 2.3, 0.0, 0.0]","[18.1, 18.5, 12.7, 14.5, 21.4, 16.6, 9.8]","[31.1, 32.2, 32.5, 31.2, 32.9, 33.1, 34.9]",2026-08-14T12:36:14.555865
HUB05-HUB05,2025-07-21,2025-07-27,"[1.5, 0.7, 1.2, 0.2, 0.0, 1.4, 1.6]","[6.6, 6.7, 11.6, 10.4, 11.8, 7.1, 11.3]","[31.3, 34.7, 33.4, 35.6, 36.3, 36.0, 37.3]",2026-08-14T12:36:14.556062
HUB05-HUB05,2025-07-28,2025-08-03,"[0.7, 2.6, 10.8, 31.9, 6.0, 0.7, 1.2]","[9.9, 9.3, 12.5, 10.7, 14.8, 13.1, 13.4]","[36.8, 32.2, 32.1, 31.1, 32.2, 33.1, 33.5]",2026-08-14T12:36:14.556258
HUB05-HUB05,2025-08-04,2025-08-10,"[0.2, 12.3, 1.7, 0.0, 0.0, 4.8, 0.6]","[12.3, 11.2, 8.9, 13.5, 12.4, 7.0, 8.2]","[31.5, 30.2, 32.4, 34.1, 33.4, 31.1, 32.9]",2026-08-14T12:36:14.556456
HUB05-HUB05,2025-08-11,2025-08-17,"[0.5, 0.1, 0.0, 8.1, 1.5, 7.8, 1.0]","[12.1, 9.3, 8.6, 8.1, 6.7, 8.8, 11.9]","[34.0, 33.3, 33.7, 29.7, 32.2, 31.1, 32.4]",2026-08-14T12:36:14.556654
HUB05-HUB05,2025-08-18,2025-08-24,"[8.3, 4.0, 7.5, 19.1, 4.3, 15.3, 10.5]","[13.6, 12.0, 11.4, 12.8, 8.3, 10.4, 16.9]","[32.2, 32.5, 32.6, 34.1, 34.4, 32.5, 31.6]",2026-08-14T12:36:14.556851
HUB05-HUB05,2025-08-25,2025-08-31,"[8.4, 5.9, 0.9, 13.0, 13.3, 4.4, 12.7]","[16.1, 18.4, 8.9, 10.2, 10.7, 12.8, 15.0]","[29.6, 30.4, 32.8, 32.7, 31.7, 32.0, 29.8]",2026-08-14T12:36:14.557050
HUB05-HUB05,2025-09-01,2025-09-07,"[25.7, 28.3, 17.9, 9.5, 5.5, 7.8, 1.9]","[17.7, 17.5, 12.0, 10.5, 15.6, 14.1, 11.7]","[29.7, 27.5, 29.8, 31.8, 31.8, 31.7, 32.2]",2026-08-14T12:36:14.557251
HUB05-HUB05,2025-09-08,2025-09-14,"[0.4, 0.7, 0.0, 0.0, 0.2, 0.3, 0.3]","[7.0, 11.1, 16.7, 15.9, 12.3, 10.0, 10.2]","[32.1, 32.4, 33.0, 32.3, 32.6, 33.2, 34.8]",2026-08-14T12:36:14.557449
HUB05-HUB05,2025-09-15,2025-09-21,"[0.0, 0.0, 0.0, 1.8, 1.2, 0.0, 0.0]","[12.7, 10.3, 9.9, 8.6, 15.4, 15.3, 14.5]","[35.2, 35.2, 35.1, 34.1, 34.4, 35.6, 35.6]",2026-08-14T12:36:14.557651
HUB05-HUB05,2025-09-22,2025-09-28,"[0.0, 0.0, 0.0, 0.0, 0.0, 0.6, 0.0]","[15.7, 17.3, 15.9, 13.6, 14.3, 10.3, 13.9]","[36.3, 35.9, 35.3, 35.3, 35.8, 36.6, 37.2]",2026-08-14T12:36:14.557993
HUB05-HUB05,2025-09-29,2025-10-05,"[0.2, 8.0, 0.2, 1.8, 1.4, 0.0, 0.0]","[8.1, 9.9, 10.1, 9.4, 8.2, 13.8, 14.0]","[36.8, 34.5, 32.7, 33.4, 33.5, 33.8, 33.6]",2026-08-14T12:36:14.558211
HUB05-HUB05,2025-10-06,2025-10-12,"[29.2, 12.1, 3.6, 0.2, 0.0, 0.0, 0.0]","[15.8, 10.1, 8.2, 10.2, 7.9, 10.3, 10.7]","[27.8, 28.6, 25.8, 28.4, 28.7, 28.8, 30.3]",2026-08-14T12:36:14.558421
HUB05-HUB05,2025-10-13,2025-10-19,"[0.0, 0.0, 0.0, 0.0, 0.0, 0.0, 0.0]","[6.9, 6.7, 8.2, 6.4, 7.3, 7.6, 10.8]","[30.7, 30.7, 30.9, 30.6, 31.3, 32.1, 32.2]",2026-08-14T12:36:14.558628
HUB05-HUB05,2025-10-20,2025-10-26,"[0.0, 0.1, 0.0, 0.0, 0.0, 0.0, 0.0]","[12.4, 8.0, 9.6, 9.3, 7.5, 8.7, 11.0]","[32.7, 31.2, 31.7, 31.0, 30.9, 30.6, 31.0]",2026-08-14T12:36:14.558829
HUB05-HUB05,2025-10-27,2025-11-02,"[0.0, 0.0, 0.0, 0.3, 0.0, 0.0, 0.0]","[11.4, 6.0, 9.2, 6.5, 7.7, 9.9, 13.7]","[30.2, 27.6, 29.0, 27.5, 29.7, 30.5, 29.3]",2026-08-14T12:36:14.559029
HUB05-HUB05,2025-11-03,2025-11-09,"[0.0, 0.0, 0.0, 0.0, 0.0, 0.0, 0.0]","[13.6, 8.6, 11.5, 11.7, 10.1, 10.9, 9.7]","[30.2, 29.5, 28.7, 26.1, 27.2, 26.5, 26.6]",2026-08-14T12:36:14.559230
HUB05-HUB05,2025-11-10,2025-11-16,"[0.0, 0.0, 0.0, 0.0, 0.0, 0.0, 0.0]","[9.5, 10.9, 13.4, 10.2, 9.4, 10.9, 11.8]","[26.7, 27.1, 27.1, 26.0, 25.8, 26.3, 26.5]",2026-08-14T12:36:14.559431
HUB05-HUB05,2025-11-17,2025-11-23,"[0.0, 0.0, 0.0, 0.0, 0.0, 0.0, 0.0]","[7.1, 8.4, 4.3, 6.6, 7.6, 8.0, 7.2]","[25.7, 25.5, 26.3, 26.0, 26.0, 25.7, 25.4]",2026-08-14T12:36:14.559646
HUB05-HUB05,2025-11-24,2025-11-30,"[0.0, 0.0, 0.0, 0.0, 0.0, 0.0, 0.0]","[7.0, 8.9, 6.3, 6.3, 8.2, 10.4, 12.9]","[24.6, 23.6, 23.2, 23.9, 24.8, 25.3, 23.3]",2026-08-14T12:36:14.559849
HUB05-HUB05,2025-12-01,2025-12-07,"[0.0, 0.0, 0.0, 0.0, 0.0, 0.0, 0.0]","[6.7, 9.1, 10.3, 11.0, 8.4, 12.6, 10.6]","[23.6, 24.7, 22.2, 21.6, 21.5, 23.2, 23.7]",2026-08-14T12:36:14.560084
HUB05-HUB05,2025-12-08,2025-12-14,"[0.0, 0.0, 0.0, 0.0, 0.0, 0.0, 0.0]","[12.2, 11.9, 10.2, 10.0, 5.2, 6.1, 4.5]","[24.7, 24.0, 23.5, 24.0, 23.4, 24.0, 23.4]",2026-08-14T12:36:14.560310
HUB05-HUB05,2025-12-15,2025-12-21,"[0.0, 0.0, 0.0, 0.0, 0.0, 0.0, 0.0]","[9.6, 11.9, 9.4, 7.9, 7.1, 7.6, 5.6]","[23.4, 22.9, 23.4, 22.0, 21.2, 21.3, 20.8]",2026-08-14T12:36:14.560518
HUB05-HUB05,2025-12-22,2025-12-28,"[0.0, 0.0, 0.0, 0.0, 0.0, 0.0, 0.0]","[4.6, 11.5, 12.6, 7.5, 8.7, 7.5, 6.5]","[21.1, 22.9, 20.9, 20.8, 20.6, 20.2, 20.2]",2026-08-14T12:36:14.560730
HUB05-HUB05,2025-12-29,2026-01-04,"[0.0, 0.0, 0.0, 2.5, 0.0, 0.0, 0.1]","[6.1, 7.8, 11.1, 9.6, 10.1, 7.3, 9.5]","[19.0, 20.0, 19.7, 16.6, 17.3, 16.8, 16.7]",2026-08-14T12:36:14.560949
HUB05-HUB05,2026-01-05,2026-01-11,"[0.0, 0.0, 0.0, 0.0, 2.6, 0.0, 0.0]","[9.2, 8.0, 9.5, 6.7, 8.4, 8.9, 10.4]","[17.3, 17.0, 15.6, 14.1, 16.9, 17.0, 16.2]",2026-08-14T12:36:14.561171
HUB05-HUB05,2026-01-12,2026-01-18,"[0.0, 0.0, 0.0, 0.0, 0.0, 0.0, 0.0]","[8.7, 8.4, 8.5, 10.2, 8.1, 5.6, 5.9]","[16.8, 17.5, 16.2, 16.9, 19.7, 21.7, 22.6]",2026-08-14T12:36:14.561390
HUB05-HUB05,2026-01-19,2026-01-25,"[0.0, 0.0, 0.0, 0.0, 27.9, 0.0, 0.0]","[8.3, 7.7, 9.7, 16.5, 20.4, 12.6, 10.6]","[24.0, 23.7, 22.6, 25.6, 18.2, 16.1, 16.5]",2026-08-14T12:36:14.561624
HUB05-HUB05,2026-01-26,2026-01-31,"[0.0, 21.7, 1.7, 0.0, 0.0, 1.0]","[4.8, 14.0, 9.4, 9.9, 7.8, 9.2]","[18.4, 19.8, 18.4, 18.4, 19.3, 20.3]",2026-08-14T12:36:14.561810
HUB06-HUB06,2023-01-01,2023-01-01,[0.0],[9.7],[18.1],2026-08-14T12:36:21.136229
HUB06-HUB06,2023-01-02,2023-01-08,"[0.0, 0.0, 0.0, 0.0, 0.0, 0.0, 0.0]","[7.9, 10.4, 10.8, 7.9, 10.2, 12.2, 12.6]","[18.0, 16.7, 16.3, 15.5, 13.8, 15.1, 16.9]",2026-08-14T12:36:21.136767
HUB06-HUB06,2023-01-09,2023-01-15,"[0.0, 0.0, 0.0, 0.1, 2.8, 0.0, 0.0]","[7.7, 13.0, 13.9, 15.3, 14.1, 15.9, 15.4]","[17.5, 18.6, 19.7, 19.4, 19.2, 16.6, 15.0]",2026-08-14T12:36:21.137243
HUB06-HUB06,2023-01-16,2023-01-22,"[0.0, 0.0, 0.0, 0.0, 0.0, 0.0, 0.0]","[12.4, 12.5, 11.1, 13.0, 15.0, 11.0, 11.4]","[15.4, 16.2, 16.5, 18.2, 19.2, 19.9, 21.4]",2026-08-14T12:36:21.137698
HUB06-HUB06,2023-01-23,2023-01-29,"[0.0, 2.1, 1.0, 0.0, 0.0, 0.0, 2.1]","[9.8, 21.2, 10.3, 15.1, 15.9, 12.1, 16.3]","[22.3, 21.0, 20.5, 18.7, 18.0, 20.0, 16.5]",2026-08-14T12:36:21.138153
HUB06-HUB06,2023-01-30,2023-02-05,"[17.5, 0.0, 0.0, 0.0, 0.0, 0.0, 0.0]","[19.7, 19.1, 18.4, 17.8, 13.0, 16.9, 11.8]","[16.2, 20.2, 19.7, 21.4, 22.4, 22.5, 23.1]",2026-08-14T12:36:21.138886
HUB06-HUB06,2023-02-06,2023-02-12,"[0.0, 0.0, 0.0, 0.0, 0.0, 0.0, 0.0]","[11.7, 17.5, 14.5, 15.7, 16.5, 14.0, 19.5]","[24.8, 23.0, 22.4, 25.7, 25.1, 25.5, 21.6]",2026-08-14T12:36:21.139536
HUB06-HUB06,2023-02-13,2023-02-19,"[0.0, 0.0, 0.0, 0.0, 0.0, 0.0, 0.0]","[25.3, 15.0, 18.2, 12.2, 11.4, 10.0, 8.1]","[20.7, 23.3, 25.2, 25.8, 26.4, 25.7, 27.7]",2026-08-14T12:36:21.140020
HUB06-HUB06,2023-02-20,2023-02-26,"[0.0, 0.0, 0.0, 0.0, 0.0, 0.0, 0.0]","[15.2, 12.6, 12.2, 16.4, 12.3, 10.7, 11.4]","[29.8, 28.9, 27.6, 26.9, 26.9, 28.0, 28.7]",2026-08-14T12:36:21.140454
HUB06-HUB06,2023-02-27,2023-03-05,"[0.0, 0.5, 0.0, 0.0, 0.0, 0.0, 0.0]","[12.3, 12.3, 16.2, 11.3, 18.9, 14.0, 17.6]","[28.8, 28.6, 29.0, 28.9, 29.3, 28.2, 28.6]",2026-08-14T12:36:21.140891
HUB06-HUB06,2023-03-06,2023-03-12,"[0.0, 0.0, 0.0, 0.6, 0.0, 0.0, 0.0]","[15.4, 12.5, 10.6, 17.0, 12.7, 10.1, 10.5]","[28.0, 28.0, 27.2, 25.9, 28.4, 29.3, 30.8]",2026-08-14T12:36:21.141844
HUB06-HUB06,2023-03-13,2023-03-19,"[0.0, 0.0, 0.0, 0.3, 1.8, 1.1, 3.7]","[19.6, 18.4, 15.3, 18.4, 12.0, 18.1, 13.8]","[31.0, 30.8, 31.4, 31.0, 26.7, 26.0, 25.4]",2026-08-14T12:36:21.142371
HUB06-HUB06,2023-03-20,2023-03-26,"[23.2, 0.4, 0.0, 0.0, 28.1, 0.1, 0.0]","[12.6, 9.8, 8.0, 12.9, 15.0, 18.8, 12.4]","[23.5, 23.5, 26.1, 27.8, 27.0, 26.5, 27.8]",2026-08-14T12:36:21.142832
HUB06-HUB06,2023-03-27,2023-04-02,"[0.0, 0.0, 0.0, 8.6, 5.6, 0.7, 0.0]","[18.0, 14.9, 14.5, 24.5, 16.4, 11.8, 15.7]","[27.3, 28.7, 30.4, 30.6, 24.9, 25.9, 28.4]",2026-08-14T12:36:21.143265
HUB06-HUB06,2023-04-03,2023-04-09,"[0.0, 0.1, 0.0, 0.0, 0.0, 0.0, 0.0]","[16.3, 13.3, 12.9, 16.3, 13.7, 14.0, 18.3]","[30.6, 27.7, 30.0, 30.7, 30.4, 31.1, 32.7]",2026-08-14T12:36:21.143704
HUB06-HUB06,2023-04-10,2023-04-16,"[0.0, 0.0, 0.0, 0.0, 0.0, 0.0, 0.0]","[15.9, 20.9, 27.1, 16.6, 14.2, 12.0, 20.2]","[32.8, 35.0, 35.6, 36.4, 36.7, 38.4, 38.2]",2026-08-14T12:36:21.144126
HUB06-HUB06,2023-04-17,2023-04-23,"[0.0, 0.0, 0.0, 0.0, 0.0, 0.0, 0.0]","[14.1, 19.5, 15.0, 12.5, 15.7, 14.7, 18.4]","[38.0, 38.6, 36.6, 33.7, 34.1, 34.2, 32.6]",2026-08-14T12:36:21.144543
HUB06-HUB06,2023-04-24,2023-04-30,"[0.0, 0.0, 0.0, 1.2, 0.0, 0.9, 0.6]","[18.8, 15.5, 13.0, 22.6, 11.2, 17.7, 16.2]","[31.1, 32.9, 34.8, 34.5, 32.9, 31.0, 30.1]",2026-08-14T12:36:21.144964
HUB06-HUB06,2023-05-01,2023-05-07,"[3.5, 9.8, 10.4, 0.1, 0.3, 0.0, 0.0]","[18.9, 18.6, 16.7, 7.3, 24.6, 17.2, 16.8]","[27.5, 28.4, 28.0, 29.9, 31.1, 35.4, 37.0]",2026-08-14T12:36:21.145382
HUB06-HUB06,2023-05-08,2023-05-14,"[0.0, 0.0, 0.0, 0.0, 0.0, 0.0, 0.0]","[21.6, 20.0, 21.7, 10.2, 20.9, 12.9, 18.8]","[36.8, 36.5, 36.1, 37.9, 41.5, 41.3, 40.0]",2026-08-14T12:36:21.145807
HUB06-HUB06,2023-05-15,2023-05-21,"[0.0, 1.2, 0.0, 0.1, 0.0, 0.0, 0.0]","[14.5, 24.0, 20.2, 17.7, 21.2, 22.1, 25.6]","[40.0, 37.5, 39.8, 36.9, 37.6, 39.7, 42.1]",2026-08-14T12:36:21.146219
HUB06-HUB06,2023-05-22,2023-05-28,"[0.0, 0.0, 0.3, 2.0, 0.0, 6.7, 0.3]","[24.5, 29.0, 23.2, 18.4, 13.3, 25.7, 32.4]","[41.6, 43.0, 37.3, 33.7, 34.2, 33.6, 34.7]",2026-08-14T12:36:21.146588
HUB06-HUB06,2023-05-29,2023-06-04,"[2.2, 7.1, 3.1, 0.3, 6.0, 0.0, 0.0]","[15.9, 13.8, 20.9, 14.0, 27.3, 8.7, 12.9]","[32.2, 34.4, 30.9, 33.2, 32.5, 34.4, 35.1]",2026-08-14T12:36:21.146929
HUB06-HUB06,2023-06-05,2023-06-11,"[0.0, 0.0, 0.0, 0.0, 0.0, 0.0, 0.0]","[21.4, 18.8, 19.4, 19.6, 22.9, 25.6, 20.3]","[36.5, 37.4, 37.4, 38.6, 39.4, 39.9, 38.7]",2026-08-14T12:36:21.147262
HUB06-HUB06,2023-06-12,2023-06-18,"[0.0, 0.0, 0.0, 0.2, 1.6, 0.4, 0.3]","[25.4, 28.7, 28.0, 28.0, 24.1, 16.3, 17.1]","[40.3, 41.2, 39.7, 36.5, 37.5, 37.5, 37.9]",2026-08-14T12:36:21.147599
HUB06-HUB06,2023-06-19,2023-06-25,"[6.8, 22.0, 5.9, 1.4, 4.9, 11.9, 7.2]","[13.4, 14.9, 16.6, 15.5, 13.5, 11.5, 18.1]","[32.3, 35.4, 35.1, 36.0, 34.6, 35.1, 31.9]",2026-08-14T12:36:21.147939
HUB06-HUB06,2023-06-26,2023-07-02,"[8.0, 1.6, 1.4, 6.4, 15.1, 0.8, 0.6]","[10.5, 13.7, 14.0, 17.1, 13.7, 14.2, 10.4]","[32.8, 33.7, 34.1, 32.4, 33.9, 33.9, 35.9]",2026-08-14T12:36:21.148273
HUB06-HUB06,2023-07-03,2023-07-09,"[0.0, 5.9, 16.9, 1.4, 2.1, 27.2, 13.1]","[19.6, 18.2, 16.6, 14.2, 12.0, 16.7, 13.7]","[36.6, 36.9, 33.3, 33.2, 33.3, 29.9, 31.2]",2026-08-14T12:36:21.148602
HUB06-HUB06,2023-07-10,2023-07-16,"[18.0, 5.5, 2.1, 0.7, 8.2, 8.5, 20.3]","[11.8, 9.7, 19.2, 15.2, 16.6, 12.2, 11.9]","[30.6, 33.6, 33.7, 33.7, 33.5, 33.7, 33.3]",2026-08-14T12:36:21.148936
HUB06-HUB06,2023-07-17,2023-07-23,"[5.4, 12.1, 6.4, 16.1, 2.4, 3.5, 4.4]","[9.4, 13.4, 15.3, 16.9, 14.7, 19.1, 19.6]","[33.5, 32.1, 33.0, 35.2, 35.7, 34.8, 34.5]",2026-08-14T12:36:21.149270
HUB06-HUB06,2023-07-24,2023-07-30,"[6.2, 19.4, 11.2, 6.0, 18.8, 9.8, 0.6]","[18.7, 15.9, 13.8, 10.1, 15.4, 12.6, 14.8]","[34.3, 34.3, 30.3, 32.8, 33.0, 30.8, 33.2]",2026-08-14T12:36:21.149602
HUB06-HUB06,2023-07-31,2023-08-06,"[9.1, 0.8, 2.9, 8.9, 7.7, 4.4, 0.7]","[16.9, 18.0, 18.1, 19.0, 12.2, 12.2, 19.8]","[33.6, 34.4, 35.4, 34.2, 32.4, 34.1, 35.3]",2026-08-14T12:36:21.149934
HUB06-HUB06,2023-08-07,2023-08-13,"[0.3, 0.0, 0.0, 0.1, 0.4, 0.0, 0.5]","[20.2, 22.3, 18.8, 17.0, 15.1, 19.7, 17.4]","[34.7, 34.4, 35.1, 34.6, 35.1, 35.6, 35.7]",2026-08-14T12:36:21.150269
HUB06-HUB06,2023-08-14,2023-08-20,"[0.0, 0.1, 0.1, 0.0, 0.1, 8.3, 0.2]","[13.8, 9.7, 16.5, 19.9, 14.7, 12.9, 18.0]","[33.9, 35.1, 36.3, 36.0, 36.2, 34.7, 36.0]",2026-08-14T12:36:21.150596
HUB06-HUB06,2023-08-21,2023-08-27,"[0.1, 14.5, 17.0, 0.0, 0.0, 0.2, 0.2]","[12.8, 19.1, 19.9, 16.3, 17.3, 18.1, 21.7]","[36.8, 37.6, 30.8, 33.3, 34.2, 34.4, 35.2]",2026-08-14T12:36:21.150924
HUB06-HUB06,2023-08-28,2023-09-03,"[5.3, 0.0, 0.0, 0.0, 0.1, 0.0, 0.0]","[21.2, 17.8, 14.4, 13.3, 16.9, 22.4, 21.9]","[34.8, 34.6, 35.6, 36.1, 36.6, 37.3, 36.4]",2026-08-14T12:36:21.151253
HUB06-HUB06,2023-09-04,2023-09-10,"[0.0, 10.2, 1.3, 0.0, 1.3, 1.3, 39.2]","[17.4, 11.7, 19.3, 9.0, 17.4, 24.2, 20.0]","[36.7, 35.6, 35.7, 37.0, 35.8, 32.9, 29.9]",2026-08-14T12:36:21.151589
HUB06-HUB06,2023-09-11,2023-09-17,"[0.8, 0.3, 7.3, 2.6, 14.5, 11.6, 8.0]","[15.8, 10.1, 10.7, 15.7, 14.9, 25.2, 22.1]","[32.2, 33.5, 33.9, 34.0, 32.2, 31.5, 31.0]",2026-08-14T12:36:21.151921
HUB06-HUB06,2023-09-18,2023-09-24,"[3.6, 0.0, 0.7, 2.7, 0.6, 2.2, 3.6]","[25.7, 12.6, 9.4, 13.5, 10.7, 15.7, 18.1]","[31.3, 33.2, 33.8, 33.7, 33.9, 33.4, 33.4]",2026-08-14T12:36:21.152253
HUB06-HUB06,2023-09-25,2023-10-01,"[0.1, 0.1, 0.0, 0.0, 0.0, 0.0, 0.0]","[8.6, 10.5, 13.5, 12.4, 10.8, 18.1, 18.8]","[33.4, 33.5, 33.9, 33.6, 34.1, 35.1, 35.0]",2026-08-14T12:36:21.152544
HUB06-HUB06,2023-10-02,2023-10-08,"[0.0, 0.0, 0.0, 0.0, 0.0, 0.0, 0.0]","[18.7, 21.1, 20.3, 15.3, 14.4, 14.0, 15.1]","[34.1, 33.9, 34.0, 34.3, 35.5, 35.0, 35.3]",2026-08-14T12:36:21.152827
HUB06-HUB06,2023-10-09,2023-10-15,"[0.0, 0.0, 0.0, 0.0, 0.0, 0.0, 0.0]","[16.3, 12.5, 14.3, 14.1, 13.5, 13.3, 14.9]","[35.3, 33.5, 33.4, 33.3, 34.6, 34.8, 33.1]",2026-08-14T12:36:21.153110
HUB06-HUB06,2023-10-16,2023-10-22,"[12.0, 2.4, 0.0, 0.0, 0.0, 0.0, 0.0]","[25.1, 16.0, 13.3, 13.1, 9.4, 8.7, 10.0]","[30.7, 28.6, 28.9, 28.5, 29.2, 29.6, 30.4]",2026-08-14T12:36:21.153393
HUB06-HUB06,2023-10-23,2023-10-29,"[0.0, 0.0, 0.0, 0.0, 0.0, 0.0, 0.0]","[9.7, 11.2, 14.5, 11.2, 9.6, 8.8, 10.0]","[29.4, 30.2, 30.2, 30.0, 30.1, 29.9, 31.6]",2026-08-14T12:36:21.153671
HUB06-HUB06,2023-10-30,2023-11-05,"[0.0, 0.0, 0.0, 0.0, 1.4, 0.2, 0.0]","[10.0, 8.8, 9.8, 10.1, 13.9, 13.2, 14.0]","[31.7, 31.1, 30.4, 30.2, 27.9, 29.5, 29.6]",2026-08-14T12:36:21.153948
HUB06-HUB06,2023-11-06,2023-11-12,"[0.0, 0.0, 0.0, 0.0, 0.7, 0.0, 0.0]","[9.9, 10.4, 10.5, 11.5, 18.5, 11.2, 10.5]","[29.5, 30.4, 29.2, 29.6, 26.8, 25.0, 24.8]",2026-08-14T12:36:21.154226
HUB06-HUB06,2023-11-13,2023-11-19,"[0.0, 0.0, 0.0, 0.0, 0.0, 0.0, 0.0]","[10.1, 10.2, 10.1, 9.4, 9.4, 8.9, 10.3]","[25.3, 24.9, 25.2, 25.6, 26.6, 25.7, 25.3]",2026-08-14T12:36:21.154512
HUB06-HUB06,2023-11-20,2023-11-26,"[0.0, 0.0, 0.0, 0.0, 0.0, 0.0, 0.0]","[9.4, 15.8, 11.8, 9.0, 9.6, 9.4, 10.5]","[25.2, 24.8, 24.4, 24.4, 24.7, 24.5, 24.8]",2026-08-14T12:36:21.154790
HUB06-HUB06,2023-11-27,2023-12-03,"[1.4, 1.5, 0.3, 0.5, 0.4, 0.0, 4.3]","[21.7, 10.8, 8.7, 16.6, 8.0, 9.5, 10.0]","[23.7, 20.8, 24.1, 22.0, 23.4, 23.8, 24.1]",2026-08-14T12:36:21.155072
HUB06-HUB06,2023-12-04,2023-12-10,"[0.1, 0.0, 0.0, 0.0, 0.0, 0.0, 0.0]","[10.1, 11.8, 10.3, 10.9, 11.1, 11.5, 16.0]","[22.4, 22.6, 22.7, 23.2, 23.1, 22.7, 21.7]",2026-08-14T12:36:21.155354
HUB06-HUB06,2023-12-11,2023-12-17,"[0.0, 0.0, 0.0, 0.0, 0.0, 0.0, 0.0]","[9.2, 9.8, 11.4, 14.5, 10.9, 11.4, 10.8]","[21.8, 22.4, 22.4, 21.5, 21.4, 21.8, 22.1]",2026-08-14T12:36:21.155632
HUB06-HUB06,2023-12-18,2023-12-24,"[0.0, 0.0, 0.0, 0.0, 0.0, 0.0, 0.0]","[17.8, 16.0, 10.4, 12.1, 10.0, 13.8, 9.8]","[20.7, 20.8, 19.6, 20.7, 20.7, 21.4, 22.2]",2026-08-14T12:36:21.155912
HUB06-HUB06,2023-12-25,2023-12-31,"[0.0, 0.0, 0.0, 0.0, 0.0, 0.0, 0.0]","[11.6, 9.9, 11.5, 11.0, 6.5, 8.4, 8.5]","[22.2, 22.1, 21.0, 20.1, 19.4, 18.2, 18.3]",2026-08-14T12:36:21.156192
HUB06-HUB06,2024-01-01,2024-01-07,"[0.0, 0.0, 0.0, 0.0, 0.1, 0.0, 0.0]","[9.5, 8.7, 8.9, 9.5, 7.9, 9.2, 9.8]","[15.6, 14.7, 15.7, 16.5, 16.7, 16.8, 16.8]",2026-08-14T12:36:21.156479
HUB06-HUB06,2024-01-08,2024-01-14,"[0.0, 0.0, 0.0, 0.0, 0.0, 0.0, 0.0]","[9.1, 11.8, 14.7, 10.6, 11.5, 10.2, 11.3]","[18.1, 17.5, 15.1, 15.2, 17.3, 18.1, 17.5]",2026-08-14T12:36:21.156759
HUB06-HUB06,2024-01-15,2024-01-21,"[0.0, 0.0, 0.0, 0.0, 0.0, 0.0, 0.0]","[10.7, 8.7, 9.9, 8.1, 7.9, 8.8, 13.3]","[15.8, 17.9, 17.5, 17.3, 16.9, 16.2, 15.7]",2026-08-14T12:36:21.157041
HUB06-HUB06,2024-01-22,2024-01-28,"[0.0, 0.0, 0.0, 0.0, 0.0, 0.0, 0.0]","[9.2, 8.1, 9.7, 9.6, 10.5, 14.3, 15.4]","[16.4, 17.3, 17.7, 17.1, 18.3, 20.1, 20.5]",2026-08-14T12:36:21.157326
HUB06-HUB06,2024-01-29,2024-02-04,"[0.0, 0.0, 8.5, 3.1, 0.0, 0.0, 8.6]","[13.2, 8.4, 13.4, 20.2, 13.0, 8.6, 15.9]","[20.9, 20.1, 20.5, 21.2, 18.7, 20.6, 20.1]",2026-08-14T12:36:21.157821
HUB06-HUB06,2024-02-05,2024-02-11,"[0.5, 0.0, 0.0, 0.0, 0.0, 0.0, 0.0]","[13.0, 12.8, 21.5, 25.8, 11.5, 11.4, 12.0]","[19.5, 18.5, 18.2, 18.8, 20.2, 19.7, 20.8]",2026-08-14T12:36:21.158232
HUB06-HUB06,2024-02-12,2024-02-18,"[0.0, 0.0, 0.0, 0.0, 0.0, 0.0, 0.0]","[10.2, 10.0, 13.5, 12.1, 11.7, 13.4, 16.6]","[20.7, 20.5, 21.9, 22.8, 23.3, 23.6, 25.6]",2026-08-14T12:36:21.158636
HUB06-HUB06,2024-02-19,2024-02-25,"[0.1, 1.5, 0.0, 0.0, 0.0, 0.6, 0.0]","[27.6, 15.0, 13.0, 12.5, 13.3, 11.2, 11.4]","[25.8, 26.2, 24.8, 22.7, 21.5, 21.7, 24.0]",2026-08-14T12:36:21.158969
HUB06-HUB06,2024-02-26,2024-03-03,"[0.0, 0.1, 0.0, 0.0, 0.4, 4.5, 2.0]","[11.3, 14.4, 18.6, 10.7, 16.7, 30.5, 19.9]","[23.2, 23.4, 22.9, 24.8, 26.1, 23.8, 21.7]",2026-08-14T12:36:21.159278
HUB06-HUB06,2024-03-04,2024-03-10,"[0.0, 0.0, 0.0, 0.0, 0.0, 0.0, 0.0]","[12.0, 13.6, 13.0, 12.7, 13.4, 15.4, 10.3]","[21.0, 20.4, 20.2, 23.5, 24.4, 24.3, 25.5]",2026-08-14T12:36:21.159577
HUB06-HUB06,2024-03-11,2024-03-17,"[0.0, 0.0, 1.1, 0.0, 0.0, 0.0, 0.0]","[12.9, 15.1, 17.1, 15.5, 15.6, 12.6, 12.4]","[28.3, 27.8, 28.4, 27.8, 26.0, 26.0, 27.3]",2026-08-14T12:36:21.159875
HUB06-HUB06,2024-03-18,2024-03-24,"[0.0, 0.0, 0.0, 0.0, 0.0, 0.0, 0.0]","[12.0, 13.8, 13.2, 16.3, 15.3, 14.8, 29.7]","[27.3, 28.2, 30.5, 28.0, 30.8, 32.1, 29.7]",2026-08-14T12:36:21.160166
HUB06-HUB06,2024-03-25,2024-03-31,"[0.0, 0.0, 0.0, 0.0, 0.7, 0.0, 0.0]","[18.3, 12.0, 15.4, 14.9, 16.9, 17.9, 19.2]","[30.9, 32.0, 34.0, 35.0, 35.3, 33.2, 33.1]",2026-08-14T12:36:21.160422
HUB06-HUB06,2024-04-01,2024-04-07,"[0.0, 0.0, 0.0, 0.0, 0.0, 0.0, 0.0]","[18.9, 20.3, 21.1, 16.8, 27.5, 18.6, 16.8]","[30.2, 31.9, 33.8, 35.0, 34.4, 33.6, 34.0]",2026-08-14T12:36:21.160670
HUB06-HUB06,2024-04-08,2024-04-14,"[0.0, 0.0, 0.0, 0.0, 0.0, 0.1, 0.1]","[17.8, 12.7, 17.7, 14.9, 14.4, 16.7, 16.5]","[35.2, 36.0, 36.3, 37.0, 37.2, 37.3, 33.3]",2026-08-14T12:36:21.160914
HUB06-HUB06,2024-04-15,2024-04-21,"[1.9, 0.0, 0.0, 0.0, 0.2, 0.0, 0.0]","[17.9, 20.3, 28.4, 23.2, 20.5, 22.6, 15.6]","[36.1, 34.6, 34.4, 36.6, 38.0, 35.9, 35.5]",2026-08-14T12:36:21.161162
HUB06-HUB06,2024-04-22,2024-04-28,"[0.0, 0.0, 0.0, 0.0, 0.0, 0.0, 0.0]","[17.6, 19.8, 19.3, 20.4, 21.8, 17.3, 15.3]","[36.3, 36.8, 36.4, 37.6, 38.8, 38.0, 36.8]",2026-08-14T12:36:21.161411
HUB06-HUB06,2024-04-29,2024-05-05,"[0.0, 0.0, 0.0, 0.0, 0.0, 0.0, 0.0]","[20.4, 17.7, 22.7, 18.1, 21.1, 14.2, 17.7]","[37.2, 35.5, 32.3, 34.3, 37.4, 39.6, 40.4]",2026-08-14T12:36:21.161655
HUB06-HUB06,2024-05-06,2024-05-12,"[0.0, 0.0, 0.0, 0.0, 0.0, 0.1, 0.0]","[23.8, 16.3, 21.2, 24.8, 24.5, 20.9, 16.8]","[40.1, 40.8, 39.5, 39.2, 39.9, 38.3, 38.6]",2026-08-14T12:36:21.161898
HUB06-HUB06,2024-05-13,2024-05-19,"[0.0, 0.0, 0.0, 0.0, 0.0, 0.0, 0.0]","[11.4, 19.1, 20.1, 15.9, 18.6, 19.1, 25.3]","[39.0, 40.1, 41.5, 42.0, 42.9, 43.3, 44.0]",2026-08-14T12:36:21.162141
HUB06-HUB06,2024-05-20,2024-05-26,"[0.0, 0.0, 0.0, 0.0, 0.0, 0.0, 0.0]","[21.6, 14.0, 20.8, 23.4, 20.1, 20.2, 23.6]","[43.4, 42.2, 40.9, 41.6, 40.8, 43.6, 45.5]",2026-08-14T12:36:21.162381
HUB06-HUB06,2024-05-27,2024-06-02,"[0.0, 0.0, 0.0, 0.0, 0.0, 0.0, 0.0]","[21.7, 15.5, 18.1, 22.7, 23.7, 20.5, 19.3]","[45.3, 44.7, 45.6, 45.5, 45.2, 43.8, 40.3]",2026-08-14T12:36:21.162620
HUB06-HUB06,2024-06-03,2024-06-09,"[0.0, 0.0, 0.1, 0.0, 0.0, 0.0, 0.0]","[15.8, 18.9, 23.7, 15.5, 23.0, 24.5, 19.4]","[43.4, 42.7, 40.3, 40.0, 41.6, 39.9, 41.6]",2026-08-14T12:36:21.162865
HUB06-HUB06,2024-06-10,2024-06-16,"[0.0, 0.0, 0.0, 0.0, 0.0, 0.0, 0.0]","[20.9, 18.9, 17.2, 25.4, 29.5, 26.5, 24.9]","[42.3, 42.6, 43.5, 44.0, 42.9, 42.7, 43.5]",2026-08-14T12:36:21.163105
HUB06-HUB06,2024-06-17,2024-06-23,"[0.0, 0.0, 0.3, 0.7, 1.1, 0.0, 0.7]","[26.3, 30.0, 26.7, 31.4, 29.1, 12.5, 14.2]","[43.6, 43.6, 42.0, 39.2, 38.4, 38.7, 39.4]",2026-08-14T12:36:21.163346
HUB06-HUB06,2024-06-24,2024-06-30,"[0.1, 3.2, 34.5, 5.5, 12.8, 9.8, 5.4]","[18.3, 14.3, 16.5, 19.1, 14.7, 12.1, 16.6]","[39.5, 36.0, 34.1, 30.6, 31.1, 33.9, 34.6]",2026-08-14T12:36:21.163588
HUB06-HUB06,2024-07-01,2024-07-07,"[16.1, 27.3, 10.3, 14.7, 0.8, 1.0, 0.1]","[16.3, 14.2, 18.2, 11.1, 15.7, 14.3, 10.7]","[34.5, 33.7, 33.5, 31.5, 32.0, 33.7, 33.1]",2026-08-14T12:36:21.163838
HUB06-HUB06,2024-07-08,2024-07-14,"[0.3, 5.2, 8.6, 4.9, 3.4, 0.7, 1.4]","[10.3, 15.5, 11.9, 19.1, 17.1, 11.3, 9.2]","[33.4, 32.7, 34.0, 36.8, 36.1, 34.3, 35.2]",2026-08-14T12:36:21.164089
HUB06-HUB06,2024-07-15,2024-07-21,"[1.5, 5.6, 0.3, 0.2, 0.3, 0.3, 0.3]","[15.8, 15.5, 15.0, 11.5, 12.2, 14.1, 15.0]","[33.7, 34.8, 34.8, 35.6, 35.0, 35.2, 35.1]",2026-08-14T12:36:21.164331
HUB06-HUB06,2024-07-22,2024-07-28,"[0.3, 7.1, 1.7, 0.4, 12.8, 2.8, 5.4]","[12.2, 10.5, 12.7, 15.1, 11.5, 9.6, 14.1]","[35.0, 34.9, 34.3, 35.2, 32.8, 34.0, 35.3]",2026-08-14T12:36:21.164572
HUB06-HUB06,2024-07-29,2024-08-04,"[0.3, 0.0, 61.5, 33.4, 3.2, 2.7, 0.3]","[15.9, 14.4, 20.9, 14.1, 16.0, 18.0, 24.9]","[35.7, 36.5, 37.4, 30.7, 32.3, 32.9, 33.6]",2026-08-14T12:36:21.164812
HUB06-HUB06,2024-08-05,2024-08-11,"[1.3, 0.3, 26.0, 42.0, 15.8, 12.9, 13.5]","[30.4, 14.6, 11.1, 9.7, 9.4, 10.4, 10.0]","[32.4, 31.9, 30.2, 31.7, 31.6, 31.3, 30.7]",2026-08-14T12:36:21.165053
HUB06-HUB06,2024-08-12,2024-08-18,"[18.1, 7.9, 7.7, 14.3, 4.5, 2.6, 3.6]","[9.2, 12.9, 9.0, 13.0, 14.5, 10.0, 14.2]","[30.7, 31.0, 29.9, 32.0, 32.0, 31.9, 32.9]",2026-08-14T12:36:21.165297
HUB06-HUB06,2024-08-19,2024-08-25,"[1.9, 4.9, 11.8, 2.8, 2.0, 7.7, 14.6]","[15.5, 9.0, 9.0, 11.6, 11.8, 11.4, 21.7]","[32.2, 32.2, 32.2, 33.1, 31.2, 31.8, 32.1]",2026-08-14T12:36:21.165536
HUB06-HUB06,2024-08-26,2024-09-01,"[2.9, 3.6, 5.5, 14.6, 2.1, 0.0, 0.0]","[20.5, 24.9, 15.4, 18.2, 10.4, 11.7, 12.0]","[31.6, 31.1, 30.9, 31.1, 31.5, 33.5, 33.6]",2026-08-14T12:36:21.165772
HUB06-HUB06,2024-09-02,2024-09-08,"[6.2, 17.9, 1.5, 0.5, 11.0, 20.1, 12.4]","[14.1, 13.2, 9.0, 5.6, 11.6, 9.5, 7.5]","[31.6, 31.6, 31.3, 31.4, 31.0, 30.6, 30.8]",2026-08-14T12:36:21.166010
HUB06-HUB06,2024-09-09,2024-09-15,"[0.4, 17.4, 30.8, 75.3, 24.9, 1.8, 0.1]","[8.1, 12.0, 17.7, 23.1, 23.2, 17.1, 17.7]","[32.6, 31.1, 31.5, 26.9, 29.1, 29.6, 31.4]",2026-08-14T12:36:21.166251
HUB06-HUB06,2024-09-16,2024-09-22,"[0.0, 0.0, 23.6, 5.7, 0.0, 0.0, 0.0]","[17.6, 10.6, 20.0, 16.6, 11.8, 9.2, 8.4]","[32.2, 31.4, 28.5, 30.4, 30.8, 31.8, 33.2]",2026-08-14T12:36:21.166493
HUB06-HUB06,2024-09-23,2024-09-29,"[0.0, 0.0, 0.8, 0.6, 0.2, 0.0, 0.3]","[9.4, 8.6, 17.1, 14.2, 15.7, 11.5, 9.9]","[33.5, 33.7, 33.4, 31.4, 31.1, 30.8, 30.7]",2026-08-14T12:36:21.166738
HUB06-HUB06,2024-09-30,2024-10-06,"[0.0, 0.0, 0.0, 0.0, 0.0, 0.0, 0.0]","[14.4, 14.3, 17.8, 17.6, 14.6, 15.5, 14.6]","[32.8, 33.6, 35.1, 34.6, 33.7, 33.6, 33.4]",2026-08-14T12:36:21.166979
HUB06-HUB06,2024-10-07,2024-10-13,"[0.0, 0.0, 0.0, 0.0, 0.0, 0.0, 0.0]","[9.0, 9.5, 12.2, 12.6, 11.6, 11.4, 11.5]","[32.7, 32.4, 32.3, 32.4, 31.6, 31.8, 31.9]",2026-08-14T12:36:21.167219
HUB06-HUB06,2024-10-14,2024-10-20,"[0.0, 0.0, 0.0, 0.0, 0.0, 0.0, 0.3]","[9.7, 10.6, 8.9, 9.1, 7.9, 10.3, 9.7]","[31.7, 31.7, 32.2, 32.9, 33.4, 33.0, 32.4]",2026-08-14T12:36:21.167457
HUB06-HUB06,2024-10-21,2024-10-27,"[0.0, 0.0, 0.0, 0.0, 0.0, 0.0, 0.0]","[8.4, 9.0, 14.6, 16.3, 15.8, 11.3, 8.2]","[31.7, 31.3, 31.5, 31.8, 32.0, 31.2, 31.0]",2026-08-14T12:36:21.167704
HUB06-HUB06,2024-10-28,2024-11-03,"[0.0, 0.0, 0.0, 0.0, 0.0, 0.0, 0.0]","[10.7, 9.8, 11.1, 16.4, 15.9, 9.6, 9.8]","[31.3, 32.9, 33.4, 32.4, 31.8, 31.5, 30.7]",2026-08-14T12:36:21.167942
HUB06-HUB06,2024-11-04,2024-11-10,"[0.0, 0.0, 0.0, 0.0, 0.0, 0.0, 0.0]","[9.4, 8.1, 8.7, 7.8, 9.0, 12.0, 9.6]","[29.8, 29.2, 29.7, 30.1, 30.0, 30.3, 29.9]",2026-08-14T12:36:21.168179
HUB06-HUB06,2024-11-11,2024-11-17,"[0.0, 0.0, 0.0, 0.0, 0.0, 0.0, 0.0]","[7.4, 13.0, 11.3, 8.4, 12.4, 10.3, 12.0]","[29.7, 30.4, 29.2, 29.0, 28.6, 28.2, 27.4]",2026-08-14T12:36:21.168394
HUB06-HUB06,2024-11-18,2024-11-24,"[0.0, 0.0, 0.0, 0.0, 0.0, 0.0, 0.0]","[8.2, 9.1, 9.3, 9.0, 7.6, 8.5, 10.7]","[25.3, 25.1, 25.0, 24.8, 25.3, 26.6, 26.8]",2026-08-14T12:36:21.168617
HUB06-HUB06,2024-11-25,2024-12-01,"[0.0, 0.0, 0.0, 0.0, 0.0, 0.0, 0.0]","[13.4, 11.1, 8.1, 10.1, 9.6, 9.3, 7.8]","[25.1, 24.8, 24.9, 24.2, 23.4, 23.7, 23.6]",2026-08-14T12:36:21.168833
HUB06-HUB06,2024-12-02,2024-12-08,"[0.0, 0.0, 0.0, 0.0, 0.0, 0.0, 1.5]","[8.3, 11.3, 15.6, 14.7, 12.1, 8.3, 17.1]","[24.4, 25.2, 24.4, 22.9, 22.9, 22.5, 21.3]",2026-08-14T12:36:21.169050
HUB06-HUB06,2024-12-09,2024-12-15,"[0.0, 0.0, 0.0, 0.0, 0.0, 0.0, 0.0]","[11.3, 14.7, 12.4, 12.1, 17.2, 14.6, 8.5]","[19.1, 19.4, 19.2, 19.5, 19.3, 19.6, 19.8]",2026-08-14T12:36:21.169268
HUB06-HUB06,2024-12-16,2024-12-22,"[0.0, 0.0, 0.0, 0.0, 0.0, 0.0, 0.0]","[6.7, 8.7, 7.4, 11.2, 10.2, 8.7, 12.4]","[19.8, 20.3, 19.5, 19.9, 22.0, 21.3, 21.4]",2026-08-14T12:36:21.169482
HUB06-HUB06,2024-12-23,2024-12-29,"[5.4, 1.7, 0.0, 0.0, 25.2, 0.9, 0.0]","[15.2, 10.9, 8.8, 6.5, 14.1, 11.1, 11.2]","[17.2, 19.0, 19.7, 21.7, 17.2, 18.5, 17.9]",2026-08-14T12:36:21.169696
HUB06-HUB06,2024-12-30,2025-01-05,"[0.0, 0.0, 0.0, 0.0, 0.0, 0.0, 0.0]","[11.7, 5.5, 9.7, 11.6, 5.6, 11.3, 12.6]","[17.7, 15.7, 16.5, 18.0, 19.6, 21.8, 18.6]",2026-08-14T12:36:21.169911
HUB06-HUB06,2025-01-06,2025-01-12,"[10.8, 0.0, 0.0, 0.0, 0.0, 4.1, 0.4]","[11.6, 15.6, 13.7, 7.0, 10.5, 14.5, 10.4]","[17.8, 17.2, 18.2, 19.5, 18.4, 16.2, 17.7]",2026-08-14T12:36:21.170131
HUB06-HUB06,2025-01-13,2025-01-19,"[0.0, 0.0, 0.9, 0.7, 0.0, 0.0, 0.0]","[10.3, 9.3, 10.6, 7.5, 11.1, 8.1, 6.1]","[18.4, 18.2, 18.5, 18.2, 18.4, 17.2, 21.9]",2026-08-14T12:36:21.170345
HUB06-HUB06,2025-01-20,2025-01-26,"[0.0, 0.0, 0.0, 4.0, 0.0, 0.0, 0.0]","[11.2, 10.8, 9.2, 11.7, 15.3, 11.9, 10.0]","[21.7, 21.6, 22.5, 21.5, 20.4, 20.0, 19.9]",2026-08-14T12:36:21.170560
HUB06-HUB06,2025-01-27,2025-02-02,"[0.0, 0.0, 0.0, 0.0, 0.0, 0.5, 0.0]","[9.9, 10.0, 12.2, 11.8, 8.9, 18.8, 12.2]","[20.0, 20.8, 22.3, 22.7, 24.5, 24.0, 22.6]",2026-08-14T12:36:21.170776
HUB06-HUB06,2025-02-03,2025-02-09,"[0.0, 0.2, 0.1, 0.0, 0.0, 0.0, 0.0]","[9.4, 12.0, 13.1, 19.0, 19.9, 13.9, 9.3]","[21.8, 22.6, 20.8, 20.6, 20.2, 22.2, 23.7]",2026-08-14T12:36:21.170996
HUB06-HUB06,2025-02-10,2025-02-16,"[0.0, 0.0, 0.0, 0.0, 0.0, 0.0, 0.0]","[6.6, 9.7, 17.7, 16.8, 14.3, 10.3, 10.2]","[25.2, 26.6, 24.0, 22.5, 23.2, 26.3, 25.0]",2026-08-14T12:36:21.171212
HUB06-HUB06,2025-02-17,2025-02-23,"[0.4, 0.0, 0.5, 2.0, 0.0, 0.0, 0.0]","[9.1, 10.8, 11.0, 20.1, 12.5, 13.8, 9.8]","[26.9, 25.8, 26.1, 23.4, 24.0, 23.2, 24.0]",2026-08-14T12:36:21.171428
HUB06-HUB06,2025-02-24,2025-03-02,"[0.0, 0.0, 0.0, 0.8, 1.3, 4.8, 0.0]","[10.7, 9.0, 10.0, 18.0, 16.0, 18.6, 14.6]","[25.7, 26.8, 28.2, 24.3, 24.0, 24.8, 24.4]",2026-08-14T12:36:21.171646
HUB06-HUB06,2025-03-03,2025-03-09,"[0.0, 0.0, 0.0, 0.0, 0.0, 0.0, 0.0]","[13.8, 19.3, 26.0, 16.7, 10.1, 13.0, 15.6]","[25.8, 24.1, 22.4, 25.9, 27.0, 28.6, 30.4]",2026-08-14T12:36:21.171863
HUB06-HUB06,2025-03-10,2025-03-16,"[0.0, 0.0, 0.0, 0.6, 0.0, 0.2, 0.0]","[16.6, 11.5, 13.2, 16.5, 18.1, 17.3, 13.9]","[30.8, 33.1, 31.4, 30.8, 32.8, 30.4, 29.0]",2026-08-14T12:36:21.172077
HUB06-HUB06,2025-03-17,2025-03-23,"[0.0, 0.0, 0.0, 0.0, 0.0, 0.0, 0.0]","[16.6, 13.1, 12.5, 14.4, 18.0, 16.3, 10.1]","[26.9, 28.5, 30.6, 31.3, 30.7, 30.9, 31.7]",2026-08-14T12:36:21.172292
HUB06-HUB06,2025-03-24,2025-03-30,"[0.0, 0.0, 0.0, 0.0, 0.0, 0.0, 0.0]","[11.2, 13.7, 11.7, 15.1, 18.9, 19.5, 16.0]","[33.1, 35.1, 37.0, 34.9, 29.9, 27.8, 30.3]",2026-08-14T12:36:21.172511
HUB06-HUB06,2025-03-31,2025-04-06,"[0.0, 0.0, 0.0, 0.0, 0.0, 0.0, 0.0]","[15.2, 17.0, 12.0, 12.5, 14.4, 16.4, 11.8]","[32.5, 32.4, 34.8, 36.9, 36.1, 34.1, 37.1]",2026-08-14T12:36:21.172726
HUB06-HUB06,2025-04-07,2025-04-13,"[0.0, 0.0, 0.0, 1.7, 8.6, 0.0, 0.0]","[14.3, 14.7, 18.1, 31.6, 30.3, 13.0, 14.8]","[39.7, 39.8, 40.4, 38.5, 35.3, 34.8, 35.8]",2026-08-14T12:36:21.172940
HUB06-HUB06,2025-04-14,2025-04-20,"[0.0, 0.0, 0.0, 0.0, 0.0, 0.0, 0.0]","[15.1, 16.0, 13.4, 16.6, 30.0, 20.5, 18.3]","[35.6, 36.4, 37.7, 40.4, 40.6, 40.2, 40.4]",2026-08-14T12:36:21.173156
HUB06-HUB06,2025-04-21,2025-04-27,"[0.0, 0.0, 0.0, 0.0, 0.0, 0.0, 0.0]","[15.2, 13.8, 15.2, 13.0, 15.5, 21.1, 16.8]","[39.9, 38.8, 38.7, 39.9, 40.7, 40.6, 40.3]",2026-08-14T12:36:21.173374
HUB06-HUB06,2025-04-28,2025-05-04,"[0.0, 0.0, 0.0, 0.0, 11.9, 0.7, 2.5]","[18.6, 19.0, 15.1, 18.7, 18.0, 21.6, 14.4]","[40.6, 38.1, 37.3, 37.7, 29.6, 35.0, 35.2]",2026-08-14T12:36:21.173587
HUB06-HUB06,2025-05-05,2025-05-11,"[0.2, 0.7, 0.5, 0.7, 0.2, 0.6, 0.0]","[16.1, 17.2, 14.0, 14.5, 11.4, 11.1, 16.5]","[35.8, 34.1, 34.5, 33.6, 35.9, 36.6, 37.9]",2026-08-14T12:36:21.173800
HUB06-HUB06,2025-05-12,2025-05-18,"[0.0, 0.0, 0.0, 0.0, 0.0, 0.0, 0.0]","[14.3, 21.9, 14.8, 13.6, 23.2, 22.8, 16.2]","[39.0, 40.7, 40.3, 41.0, 42.2, 41.9, 41.9]",2026-08-14T12:36:21.174016
HUB06-HUB06,2025-05-19,2025-05-25,"[0.0, 0.0, 0.0, 0.0, 0.0, 0.5, 0.3]","[16.1, 21.6, 23.4, 18.4, 17.5, 19.7, 21.4]","[40.5, 42.4, 41.7, 37.1, 37.9, 37.2, 32.9]",2026-08-14T12:36:21.174386
HUB06-HUB06,2025-05-26,2025-06-01,"[0.2, 0.0, 0.0, 0.0, 0.0, 0.5, 4.4]","[16.3, 10.7, 11.7, 12.1, 13.5, 21.0, 21.4]","[35.7, 35.7, 37.6, 39.3, 35.7, 38.1, 36.5]",2026-08-14T12:36:21.174661
HUB06-HUB06,2025-06-02,2025-06-08,"[0.0, 0.0, 0.1, 0.0, 0.0, 0.0, 0.0]","[14.8, 12.2, 12.7, 9.6, 11.2, 13.4, 10.3]","[36.1, 32.6, 34.6, 34.5, 35.4, 37.9, 40.4]",2026-08-14T12:36:21.174883
HUB06-HUB06,2025-06-09,2025-06-15,"[0.0, 0.0, 0.0, 0.0, 0.0, 0.0, 0.3]","[17.1, 14.5, 15.9, 14.7, 14.1, 13.7, 21.0]","[41.3, 41.0, 41.6, 42.1, 40.5, 40.9, 37.1]",2026-08-14T12:36:21.175103
HUB06-HUB06,2025-06-16,2025-06-22,"[16.6, 19.6, 7.2, 0.4, 5.3, 0.4, 1.1]","[18.2, 11.4, 9.8, 12.5, 15.0, 9.9, 11.8]","[32.3, 34.5, 33.7, 33.2, 32.2, 35.1, 35.0]",2026-08-14T12:36:21.175325
HUB06-HUB06,2025-06-23,2025-06-29,"[0.1, 0.7, 27.4, 7.9, 1.8, 9.5, 10.1]","[14.7, 11.0, 13.9, 14.2, 15.3, 14.4, 16.2]","[35.4, 35.1, 33.1, 34.8, 34.3, 35.0, 33.5]",2026-08-14T12:36:21.175543
HUB06-HUB06,2025-06-30,2025-07-06,"[21.4, 5.6, 0.5, 0.6, 0.9, 2.8, 9.0]","[13.7, 11.2, 11.3, 12.4, 10.9, 9.3, 9.6]","[32.9, 33.5, 33.5, 33.9, 34.2, 34.7, 34.8]",2026-08-14T12:36:21.175764
HUB06-HUB06,2025-07-07,2025-07-13,"[16.9, 0.4, 10.6, 3.8, 0.2, 0.6, 17.9]","[7.9, 13.4, 10.3, 11.1, 7.3, 10.2, 15.1]","[33.3, 34.1, 32.0, 29.6, 31.1, 33.6, 32.3]",2026-08-14T12:36:21.175987
HUB06-HUB06,2025-07-14,2025-07-20,"[9.9, 3.0, 1.2, 2.4, 5.1, 0.0, 0.0]","[22.2, 22.0, 14.4, 15.4, 22.6, 20.5, 9.3]","[30.9, 31.8, 32.2, 31.1, 31.3, 32.5, 34.0]",2026-08-14T12:36:21.176188
HUB06-HUB06,2025-07-21,2025-07-27,"[0.6, 0.5, 2.8, 11.5, 0.0, 0.6, 0.4]","[7.6, 8.9, 14.0, 12.3, 12.7, 7.7, 11.2]","[30.7, 33.6, 32.4, 34.5, 34.8, 33.7, 34.1]",2026-08-14T12:36:21.176388
HUB06-HUB06,2025-07-28,2025-08-03,"[0.2, 3.2, 8.7, 27.9, 5.6, 1.3, 0.5]","[10.2, 7.5, 10.5, 12.2, 13.4, 12.6, 15.7]","[34.6, 32.7, 31.4, 31.1, 32.2, 32.4, 33.4]",2026-08-14T12:36:21.176589
HUB06-HUB06,2025-08-04,2025-08-10,"[0.3, 2.0, 1.1, 0.0, 0.0, 4.8, 0.8]","[18.4, 14.8, 11.2, 14.8, 14.3, 9.9, 7.6]","[30.6, 31.3, 32.5, 33.8, 33.5, 30.7, 32.6]",2026-08-14T12:36:21.176789
HUB06-HUB06,2025-08-11,2025-08-17,"[1.2, 11.1, 0.1, 7.0, 2.6, 5.5, 1.7]","[14.5, 10.4, 9.9, 9.9, 8.4, 9.4, 13.8]","[33.7, 33.1, 33.1, 29.2, 31.7, 31.5, 32.2]",2026-08-14T12:36:21.176985
HUB06-HUB06,2025-08-18,2025-08-24,"[3.3, 4.8, 5.0, 14.2, 7.8, 11.1, 10.2]","[14.2, 11.5, 14.3, 13.0, 9.8, 11.4, 16.2]","[32.0, 32.0, 32.8, 32.3, 32.6, 32.0, 31.7]",2026-08-14T12:36:21.177180
HUB06-HUB06,2025-08-25,2025-08-31,"[31.5, 6.8, 1.1, 0.2, 16.0, 3.2, 16.5]","[17.8, 19.1, 11.6, 10.4, 13.3, 15.2, 15.4]","[28.6, 30.4, 32.7, 32.4, 31.5, 32.0, 30.0]",2026-08-14T12:36:21.177375
HUB06-HUB06,2025-09-01,2025-09-07,"[36.6, 20.1, 8.4, 12.6, 9.0, 9.7, 2.2]","[20.3, 19.1, 14.4, 11.2, 19.2, 17.0, 13.8]","[30.1, 29.4, 30.6, 31.6, 31.3, 31.5, 31.7]",2026-08-14T12:36:21.177574
HUB06-HUB06,2025-09-08,2025-09-14,"[0.1, 0.3, 0.0, 0.0, 0.2, 0.0, 0.0]","[9.3, 11.8, 18.0, 18.0, 13.9, 10.9, 9.6]","[32.6, 32.2, 32.6, 31.9, 32.0, 32.6, 33.9]",2026-08-14T12:36:21.177769
HUB06-HUB06,2025-09-15,2025-09-21,"[0.0, 0.0, 0.1, 1.1, 0.9, 0.0, 0.0]","[12.7, 11.4, 10.7, 11.2, 14.4, 15.8, 16.2]","[34.4, 34.0, 34.5, 33.6, 33.9, 34.6, 35.2]",2026-08-14T12:36:21.177966
HUB06-HUB06,2025-09-22,2025-09-28,"[0.0, 0.0, 0.0, 0.0, 0.0, 0.4, 0.0]","[17.6, 19.9, 18.5, 16.0, 16.7, 11.6, 14.5]","[35.6, 35.3, 35.1, 34.9, 35.6, 36.8, 35.6]",2026-08-14T12:36:21.178164
HUB06-HUB06,2025-09-29,2025-10-05,"[0.0, 5.5, 2.5, 0.8, 0.2, 0.9, 0.0]","[11.7, 12.9, 11.4, 14.5, 9.0, 12.9, 14.8]","[34.9, 32.8, 32.1, 31.7, 31.9, 33.0, 32.6]",2026-08-14T12:36:21.178366
HUB06-HUB06,2025-10-06,2025-10-12,"[12.8, 7.3, 0.4, 0.2, 0.0, 0.0, 0.0]","[12.5, 16.0, 10.2, 11.7, 9.0, 10.8, 10.8]","[25.9, 29.1, 26.0, 28.1, 28.6, 28.8, 29.9]",2026-08-14T12:36:21.178564
HUB06-HUB06,2025-10-13,2025-10-19,"[0.0, 0.0, 0.0, 0.0, 0.0, 0.0, 0.0]","[7.0, 5.8, 10.2, 6.0, 6.4, 7.6, 6.6]","[30.2, 30.1, 30.1, 30.1, 30.4, 30.7, 31.1]",2026-08-14T12:36:21.178760
HUB06-HUB06,2025-10-20,2025-10-26,"[0.0, 1.1, 0.0, 0.0, 0.0, 0.0, 0.0]","[7.3, 9.9, 9.3, 9.6, 7.6, 7.9, 9.5]","[31.0, 28.9, 30.3, 30.2, 29.7, 29.3, 29.2]",2026-08-14T12:36:21.178955
HUB06-HUB06,2025-10-27,2025-11-02,"[0.0, 0.2, 0.0, 0.0, 0.5, 0.0, 0.0]","[14.7, 8.3, 9.6, 7.4, 8.6, 9.6, 14.3]","[28.2, 24.8, 27.5, 26.2, 28.2, 29.4, 28.6]",2026-08-14T12:36:21.179153
HUB06-HUB06,2025-11-03,2025-11-09,"[0.0, 0.1, 0.0, 0.0, 0.0, 0.0, 0.0]","[15.3, 11.9, 11.6, 13.9, 11.5, 13.4, 10.0]","[29.8, 28.7, 29.0, 24.6, 25.7, 25.3, 25.1]",2026-08-14T12:36:21.179352
HUB06-HUB06,2025-11-10,2025-11-16,"[0.0, 0.0, 0.0, 0.0, 0.0, 0.0, 0.0]","[8.5, 10.8, 14.2, 10.4, 10.0, 10.8, 12.0]","[25.4, 25.5, 26.0, 24.7, 24.6, 25.0, 24.9]",2026-08-14T12:36:21.179548
HUB06-HUB06,2025-11-17,2025-11-23,"[0.0, 0.0, 0.0, 0.0, 0.0, 0.0, 0.0]","[8.0, 9.5, 5.2, 7.0, 7.5, 7.5, 6.8]","[24.4, 24.5, 24.7, 24.8, 25.2, 24.8, 24.6]",2026-08-14T12:36:21.179746
HUB06-HUB06,2025-11-24,2025-11-30,"[0.0, 0.0, 0.0, 0.0, 0.0, 0.0, 0.0]","[5.3, 9.4, 6.4, 6.0, 8.2, 10.8, 12.2]","[23.2, 22.5, 22.1, 22.7, 22.8, 24.1, 22.4]",2026-08-14T12:36:21.179945
HUB06-HUB06,2025-12-01,2025-12-07,"[0.0, 0.0, 0.0, 0.0, 0.0, 0.0, 0.0]","[8.6, 9.7, 10.6, 12.0, 8.7, 13.7, 10.8]","[23.2, 23.8, 21.5, 20.6, 20.6, 22.1, 22.6]",2026-08-14T12:36:21.180144
HUB06-HUB06,2025-12-08,2025-12-14,"[0.0, 0.0, 0.0, 0.0, 0.0, 0.0, 0.0]","[13.0, 12.7, 11.0, 9.8, 6.7, 7.4, 8.0]","[23.5, 23.2, 22.8, 23.4, 22.9, 23.4, 23.0]",2026-08-14T12:36:21.180341
HUB06-HUB06,2025-12-15,2025-12-21,"[0.0, 0.0, 0.0, 0.0, 0.0, 0.0, 0.0]","[10.4, 13.7, 11.4, 9.6, 8.3, 11.0, 9.4]","[22.1, 21.9, 22.5, 21.1, 20.4, 21.3, 19.5]",2026-08-14T12:36:21.180539
HUB06-HUB06,2025-12-22,2025-12-28,"[0.0, 0.0, 0.0, 0.0, 0.0, 0.0, 0.0]","[8.3, 12.5, 14.1, 8.8, 9.5, 8.2, 6.5]","[20.4, 21.8, 19.9, 19.7, 19.9, 19.4, 19.6]",2026-08-14T12:36:21.180737
HUB06-HUB06,2025-12-29,2026-01-04,"[0.0, 0.0, 0.0, 0.1, 0.0, 0.1, 0.0]","[5.4, 7.3, 13.7, 12.3, 12.1, 8.7, 10.2]","[18.7, 19.4, 18.9, 16.5, 16.7, 16.0, 16.3]",2026-08-14T12:36:21.180933
HUB06-HUB06,2026-01-05,2026-01-11,"[0.0, 0.0, 0.0, 0.0, 0.1, 0.0, 0.0]","[8.8, 11.2, 10.7, 9.8, 9.4, 10.1, 11.5]","[16.5, 16.5, 14.8, 13.7, 17.3, 16.4, 15.8]",2026-08-14T12:36:21.181128
HUB06-HUB06,2026-01-12,2026-01-18,"[0.0, 0.0, 0.0, 0.0, 0.0, 0.0, 0.0]","[9.3, 9.5, 9.9, 10.9, 9.2, 8.0, 10.2]","[16.5, 18.3, 16.7, 17.0, 20.1, 21.8, 21.0]",2026-08-14T12:36:21.181322
HUB06-HUB06,2026-01-19,2026-01-25,"[0.0, 0.0, 0.0, 0.0, 21.3, 0.0, 0.0]","[11.4, 8.0, 9.2, 20.4, 22.9, 14.1, 12.6]","[23.2, 23.2, 22.0, 23.8, 17.7, 15.9, 15.7]",2026-08-14T12:36:21.181521
HUB06-HUB06,2026-01-26,2026-01-31,"[0.0, 10.8, 0.2, 0.0, 0.0, 0.0]","[8.1, 18.7, 11.4, 10.8, 7.9, 14.4]","[18.5, 19.8, 18.4, 18.0, 19.1, 20.0]",2026-08-14T12:36:21.181718
HUB07-HUB07,2023-01-01,2023-01-01,[0.0],[9.9],[17.1],2026-08-14T12:36:23.080224
HUB07-HUB07,2023-01-02,2023-01-08,"[0.0, 0.0, 0.0, 0.0, 0.0, 0.0, 0.0]","[10.5, 10.7, 9.9, 6.5, 7.9, 10.8, 13.1]","[15.6, 15.2, 16.0, 14.6, 12.5, 15.2, 16.0]",2026-08-14T12:36:23.081119
HUB07-HUB07,2023-01-09,2023-01-15,"[0.0, 0.0, 0.7, 1.4, 7.5, 0.0, 0.0]","[8.4, 10.4, 9.6, 15.6, 17.7, 12.9, 11.4]","[15.4, 16.1, 15.8, 18.6, 16.1, 14.6, 14.7]",2026-08-14T12:36:23.081637
HUB07-HUB07,2023-01-16,2023-01-22,"[0.0, 0.0, 0.0, 0.0, 1.0, 0.0, 0.0]","[11.6, 11.2, 11.1, 10.4, 11.2, 10.0, 10.5]","[15.2, 15.1, 15.6, 18.5, 15.3, 18.8, 19.2]",2026-08-14T12:36:23.082087
HUB07-HUB07,2023-01-23,2023-01-29,"[0.0, 15.0, 7.1, 0.0, 0.0, 0.0, 1.4]","[9.4, 14.9, 11.0, 13.0, 14.3, 11.2, 16.9]","[20.3, 18.2, 18.4, 16.3, 17.7, 19.3, 17.8]",2026-08-14T12:36:23.082526
HUB07-HUB07,2023-01-30,2023-02-05,"[14.9, 0.0, 0.0, 0.0, 0.0, 0.0, 0.0]","[17.3, 15.3, 12.8, 13.2, 11.0, 12.6, 10.2]","[17.8, 18.4, 18.5, 19.5, 20.9, 21.4, 21.6]",2026-08-14T12:36:23.082956
HUB07-HUB07,2023-02-06,2023-02-12,"[0.4, 0.0, 0.0, 0.0, 1.3, 0.0, 0.0]","[16.2, 13.7, 11.9, 15.7, 23.7, 11.3, 17.6]","[22.2, 21.5, 21.6, 21.7, 23.8, 22.3, 19.6]",2026-08-14T12:36:23.083381
HUB07-HUB07,2023-02-13,2023-02-19,"[0.0, 0.0, 0.0, 0.0, 0.0, 0.0, 0.0]","[14.8, 10.8, 14.1, 10.8, 9.9, 10.1, 8.5]","[18.9, 22.0, 24.6, 26.5, 26.0, 26.1, 26.5]",2026-08-14T12:36:23.083803
HUB07-HUB07,2023-02-20,2023-02-26,"[0.0, 0.0, 0.0, 0.0, 0.0, 0.0, 0.0]","[14.6, 13.4, 11.4, 14.6, 11.8, 9.4, 12.3]","[28.8, 27.1, 26.4, 26.2, 26.7, 27.1, 26.7]",2026-08-14T12:36:23.084216
HUB07-HUB07,2023-02-27,2023-03-05,"[0.0, 2.4, 2.6, 0.0, 0.0, 0.0, 0.0]","[11.0, 20.6, 14.8, 11.2, 12.6, 9.7, 13.2]","[27.3, 20.1, 26.1, 27.5, 27.0, 26.5, 27.0]",2026-08-14T12:36:23.084627
HUB07-HUB07,2023-03-06,2023-03-12,"[0.0, 0.0, 0.0, 0.0, 0.0, 0.0, 0.0]","[14.3, 12.0, 8.4, 9.9, 12.3, 11.8, 10.5]","[27.7, 27.9, 27.6, 27.7, 28.5, 29.3, 29.6]",2026-08-14T12:36:23.085032
HUB07-HUB07,2023-03-13,2023-03-19,"[0.0, 0.0, 0.0, 0.1, 0.4, 12.8, 4.7]","[9.9, 13.0, 10.7, 17.0, 16.3, 12.7, 12.2]","[29.8, 29.7, 30.4, 29.4, 26.9, 23.7, 25.1]",2026-08-14T12:36:23.085446
HUB07-HUB07,2023-03-20,2023-03-26,"[16.4, 0.2, 0.0, 0.7, 10.4, 19.9, 1.4]","[11.2, 7.8, 10.8, 13.6, 15.5, 19.5, 8.4]","[22.6, 23.9, 25.2, 26.2, 24.7, 24.7, 24.9]",2026-08-14T12:36:23.085857
HUB07-HUB07,2023-03-27,2023-04-02,"[0.0, 0.0, 0.0, 4.2, 7.2, 11.3, 0.0]","[9.6, 10.8, 10.3, 19.2, 17.2, 15.1, 9.9]","[25.0, 26.6, 28.1, 28.6, 21.8, 23.7, 25.7]",2026-08-14T12:36:23.086269
HUB07-HUB07,2023-04-03,2023-04-09,"[4.0, 3.1, 0.0, 0.0, 0.0, 0.0, 0.0]","[20.6, 13.7, 12.4, 14.3, 15.6, 12.0, 10.7]","[25.3, 26.5, 27.4, 28.3, 28.8, 30.4, 31.4]",2026-08-14T12:36:23.086612
HUB07-HUB07,2023-04-10,2023-04-16,"[0.0, 0.0, 0.0, 0.0, 0.0, 0.0, 0.0]","[16.3, 19.9, 16.0, 17.4, 15.3, 13.7, 13.0]","[32.8, 34.0, 35.2, 35.2, 36.8, 37.9, 37.8]",2026-08-14T12:36:23.086953
HUB07-HUB07,2023-04-17,2023-04-23,"[0.0, 0.0, 2.7, 0.5, 0.9, 0.0, 0.0]","[9.4, 17.6, 21.6, 17.8, 16.8, 17.0, 12.2]","[38.5, 36.7, 32.3, 30.4, 31.3, 31.2, 31.2]",2026-08-14T12:36:23.087286
HUB07-HUB07,2023-04-24,2023-04-30,"[0.0, 0.0, 0.3, 0.4, 1.4, 0.0, 1.2]","[13.0, 17.7, 15.8, 22.7, 16.3, 16.6, 10.7]","[33.3, 33.7, 34.7, 32.0, 34.3, 34.7, 31.0]",2026-08-14T12:36:23.087617
HUB07-HUB07,2023-05-01,2023-05-07,"[4.3, 5.9, 15.2, 1.4, 0.0, 0.0, 0.0]","[20.0, 15.4, 10.2, 9.4, 12.3, 17.7, 18.5]","[25.1, 26.7, 28.3, 29.1, 31.1, 33.0, 34.4]",2026-08-14T12:36:23.087956
HUB07-HUB07,2023-05-08,2023-05-14,"[0.2, 0.0, 0.0, 0.0, 0.0, 0.0, 0.0]","[23.6, 17.2, 15.0, 11.2, 8.1, 12.6, 17.2]","[34.6, 33.5, 34.3, 37.1, 38.0, 38.8, 38.7]",2026-08-14T12:36:23.088288
HUB07-HUB07,2023-05-15,2023-05-21,"[0.0, 0.0, 0.0, 2.5, 0.0, 0.0, 0.0]","[12.6, 13.5, 18.2, 13.5, 14.3, 15.3, 12.7]","[38.7, 38.5, 38.9, 32.8, 35.7, 38.5, 41.2]",2026-08-14T12:36:23.088618
HUB07-HUB07,2023-05-22,2023-05-28,"[0.0, 0.6, 14.8, 1.4, 2.5, 0.1, 0.0]","[18.5, 20.7, 22.7, 15.9, 12.9, 11.8, 8.4]","[42.4, 40.7, 31.3, 33.7, 31.5, 32.8, 34.6]",2026-08-14T12:36:23.088949
HUB07-HUB07,2023-05-29,2023-06-04,"[0.9, 0.3, 63.0, 0.1, 1.5, 0.0, 0.0]","[26.4, 15.0, 16.5, 15.1, 16.6, 7.9, 8.6]","[33.6, 32.6, 25.7, 30.2, 29.0, 32.6, 34.3]",2026-08-14T12:36:23.089276
HUB07-HUB07,2023-06-05,2023-06-11,"[0.0, 0.6, 0.4, 0.0, 0.2, 0.1, 0.0]","[16.4, 25.5, 30.7, 12.8, 12.0, 20.4, 14.8]","[36.0, 35.3, 33.5, 36.8, 38.7, 39.2, 37.3]",2026-08-14T12:36:23.089602
HUB07-HUB07,2023-06-12,2023-06-18,"[0.0, 0.0, 1.2, 3.1, 0.9, 0.0, 1.5]","[13.5, 29.4, 13.2, 11.8, 15.8, 10.7, 13.5]","[38.3, 39.9, 37.2, 34.2, 35.9, 37.3, 34.9]",2026-08-14T12:36:23.089930
HUB07-HUB07,2023-06-19,2023-06-25,"[0.0, 0.0, 0.0, 8.2, 1.2, 0.7, 7.4]","[10.4, 7.4, 19.4, 18.2, 18.6, 22.1, 23.2]","[37.5, 38.6, 38.7, 38.0, 37.8, 38.4, 36.3]",2026-08-14T12:36:23.090268
HUB07-HUB07,2023-06-26,2023-07-02,"[2.9, 11.0, 0.4, 8.6, 1.6, 2.6, 2.7]","[15.1, 11.6, 13.2, 13.2, 14.7, 14.5, 14.6]","[33.2, 34.0, 34.5, 32.8, 34.2, 34.7, 35.4]",2026-08-14T12:36:23.090878
HUB07-HUB07,2023-07-03,2023-07-09,"[0.0, 21.6, 7.2, 0.8, 7.2, 21.8, 55.5]","[13.7, 19.7, 18.6, 10.8, 14.0, 16.4, 17.2]","[36.6, 36.3, 31.3, 33.5, 31.7, 27.4, 29.3]",2026-08-14T12:36:23.091455
HUB07-HUB07,2023-07-10,2023-07-16,"[0.8, 0.7, 0.1, 1.2, 0.8, 3.1, 21.2]","[15.5, 10.1, 10.1, 13.3, 11.8, 13.2, 15.9]","[28.9, 32.6, 34.2, 33.1, 33.1, 33.8, 32.0]",2026-08-14T12:36:23.091861
HUB07-HUB07,2023-07-17,2023-07-23,"[4.7, 0.9, 3.9, 0.2, 0.7, 5.7, 0.6]","[10.2, 15.0, 14.8, 8.2, 10.0, 18.7, 12.8]","[33.5, 32.0, 32.3, 35.0, 35.0, 31.6, 33.3]",2026-08-14T12:36:23.092226
HUB07-HUB07,2023-07-24,2023-07-30,"[2.8, 7.9, 8.1, 3.0, 21.8, 4.0, 0.2]","[12.1, 13.2, 12.4, 10.8, 8.3, 9.5, 6.5]","[33.4, 33.5, 31.4, 32.2, 30.4, 32.6, 33.0]",2026-08-14T12:36:23.092576
HUB07-HUB07,2023-07-31,2023-08-06,"[0.1, 0.0, 1.2, 2.8, 7.6, 3.7, 10.1]","[11.1, 10.6, 13.2, 11.0, 12.7, 10.5, 14.3]","[33.7, 34.3, 34.6, 33.6, 33.4, 32.8, 32.9]",2026-08-14T12:36:23.092922
HUB07-HUB07,2023-08-07,2023-08-13,"[7.7, 0.3, 2.2, 6.1, 8.0, 0.0, 1.9]","[10.5, 10.1, 10.8, 13.8, 10.4, 9.7, 16.9]","[33.3, 33.9, 34.0, 32.7, 32.9, 34.0, 34.3]",2026-08-14T12:36:23.093263
HUB07-HUB07,2023-08-14,2023-08-20,"[9.9, 4.7, 0.0, 1.9, 0.0, 3.5, 0.9]","[15.9, 15.5, 10.5, 10.5, 6.3, 10.0, 12.9]","[32.3, 33.0, 33.8, 33.8, 34.6, 33.7, 34.0]",2026-08-14T12:36:23.093603
HUB07-HUB07,2023-08-21,2023-08-27,"[2.8, 0.5, 1.5, 0.5, 1.3, 9.7, 0.0]","[7.9, 11.6, 19.1, 11.6, 14.2, 16.0, 8.6]","[34.5, 35.9, 33.1, 33.3, 33.4, 31.3, 33.1]",2026-08-14T12:36:23.093947
HUB07-HUB07,2023-08-28,2023-09-03,"[4.0, 0.0, 0.0, 0.0, 0.0, 0.0, 0.0]","[24.2, 13.0, 10.7, 9.4, 10.0, 12.9, 11.5]","[32.2, 33.7, 34.2, 34.5, 36.1, 36.0, 35.3]",2026-08-14T12:36:23.094285
HUB07-HUB07,2023-09-04,2023-09-10,"[0.0, 0.0, 0.0, 0.0, 0.1, 7.8, 1.8]","[10.1, 11.9, 8.1, 7.1, 8.7, 17.6, 10.9]","[35.8, 35.0, 35.5, 36.5, 34.9, 32.7, 32.7]",2026-08-14T12:36:23.094569
HUB07-HUB07,2023-09-11,2023-09-17,"[0.0, 0.0, 2.2, 2.4, 8.6, 0.6, 15.6]","[9.4, 11.8, 15.2, 13.4, 14.1, 9.3, 11.1]","[34.0, 34.5, 33.6, 34.0, 32.3, 33.4, 30.0]",2026-08-14T12:36:23.094860
HUB07-HUB07,2023-09-18,2023-09-24,"[17.2, 21.4, 0.8, 0.0, 0.0, 0.2, 0.0]","[15.2, 10.8, 11.7, 10.0, 13.9, 9.9, 7.9]","[31.5, 31.9, 33.1, 33.5, 33.3, 32.2, 31.7]",2026-08-14T12:36:23.095144
HUB07-HUB07,2023-09-25,2023-10-01,"[1.7, 0.0, 0.0, 0.0, 0.0, 0.0, 0.0]","[19.3, 9.4, 14.0, 10.0, 8.9, 12.9, 9.3]","[31.2, 32.2, 32.3, 32.7, 33.2, 33.2, 32.8]",2026-08-14T12:36:23.095426
HUB07-HUB07,2023-10-02,2023-10-08,"[0.0, 0.0, 0.0, 0.0, 0.0, 0.0, 0.0]","[14.5, 15.6, 14.3, 12.4, 9.7, 9.1, 8.4]","[32.2, 32.8, 33.2, 33.3, 34.1, 34.4, 34.1]",2026-08-14T12:36:23.095710
HUB07-HUB07,2023-10-09,2023-10-15,"[0.0, 0.0, 0.0, 0.0, 0.0, 0.0, 0.7]","[10.6, 14.9, 10.7, 10.7, 8.7, 12.2, 23.2]","[34.5, 33.1, 31.5, 31.6, 32.2, 31.8, 31.7]",2026-08-14T12:36:23.095999
HUB07-HUB07,2023-10-16,2023-10-22,"[17.8, 0.0, 0.0, 0.0, 0.0, 0.0, 0.0]","[21.8, 10.6, 11.9, 9.8, 8.7, 10.3, 9.4]","[26.8, 26.3, 26.8, 27.3, 29.0, 29.3, 27.6]",2026-08-14T12:36:23.096278
HUB07-HUB07,2023-10-23,2023-10-29,"[0.0, 0.0, 0.0, 0.0, 0.0, 0.0, 0.0]","[10.7, 11.7, 10.6, 12.5, 9.9, 9.7, 8.5]","[29.3, 29.5, 29.7, 29.8, 30.1, 29.9, 30.0]",2026-08-14T12:36:23.096564
HUB07-HUB07,2023-10-30,2023-11-05,"[0.0, 0.0, 0.0, 0.0, 0.1, 0.0, 0.0]","[8.1, 8.5, 9.0, 12.6, 10.7, 11.5, 10.9]","[30.0, 30.2, 29.7, 29.7, 28.6, 29.5, 29.4]",2026-08-14T12:36:23.096850
HUB07-HUB07,2023-11-06,2023-11-12,"[0.0, 0.0, 0.1, 0.0, 5.6, 0.0, 0.0]","[9.4, 10.0, 13.6, 8.7, 19.1, 11.0, 12.2]","[28.7, 28.8, 29.3, 28.5, 21.6, 24.5, 25.1]",2026-08-14T12:36:23.097133
HUB07-HUB07,2023-11-13,2023-11-19,"[0.0, 0.0, 0.0, 0.0, 0.0, 0.0, 0.0]","[9.3, 9.4, 10.1, 9.3, 10.4, 10.5, 10.9]","[25.4, 25.5, 26.4, 26.2, 27.3, 27.0, 26.9]",2026-08-14T12:36:23.097415
HUB07-HUB07,2023-11-20,2023-11-26,"[0.0, 0.0, 0.0, 0.0, 0.0, 0.0, 0.0]","[9.4, 15.5, 13.2, 9.7, 10.9, 9.4, 8.9]","[25.8, 25.0, 25.2, 24.8, 25.4, 24.9, 25.0]",2026-08-14T12:36:23.097695
HUB07-HUB07,2023-11-27,2023-12-03,"[0.7, 0.0, 0.0, 5.2, 0.0, 0.0, 0.0]","[19.1, 12.6, 7.9, 14.1, 10.1, 8.9, 9.3]","[22.1, 24.8, 24.9, 22.2, 23.4, 23.9, 23.0]",2026-08-14T12:36:23.097979
HUB07-HUB07,2023-12-04,2023-12-10,"[0.0, 0.0, 0.0, 0.0, 0.0, 0.0, 0.0]","[9.5, 9.9, 10.2, 9.7, 10.7, 12.0, 11.4]","[21.8, 22.9, 23.4, 22.8, 22.1, 21.8, 21.4]",2026-08-14T12:36:23.098257
HUB07-HUB07,2023-12-11,2023-12-17,"[0.0, 0.0, 0.0, 0.0, 0.0, 0.0, 0.0]","[8.3, 10.0, 11.6, 11.7, 9.9, 11.8, 11.7]","[21.5, 21.3, 21.2, 20.9, 20.3, 20.2, 20.3]",2026-08-14T12:36:23.098539
HUB07-HUB07,2023-12-18,2023-12-24,"[0.0, 0.0, 0.0, 0.0, 0.0, 0.0, 0.0]","[12.2, 11.9, 10.0, 10.1, 10.3, 10.8, 9.9]","[19.8, 19.9, 20.2, 20.7, 19.2, 22.2, 21.5]",2026-08-14T12:36:23.098828
HUB07-HUB07,2023-12-25,2023-12-31,"[0.0, 0.0, 0.0, 0.0, 0.0, 0.0, 0.0]","[8.6, 9.6, 7.9, 6.9, 8.3, 8.7, 7.6]","[20.8, 22.3, 21.3, 19.4, 18.7, 18.0, 16.0]",2026-08-14T12:36:23.099103
HUB07-HUB07,2024-01-01,2024-01-07,"[0.0, 0.0, 0.0, 0.0, 0.0, 0.0, 0.0]","[7.4, 8.2, 8.7, 9.9, 7.8, 10.7, 7.0]","[15.5, 14.1, 14.2, 16.4, 14.3, 15.5, 14.6]",2026-08-14T12:36:23.099383
HUB07-HUB07,2024-01-08,2024-01-14,"[0.0, 0.0, 0.0, 0.0, 0.0, 0.0, 0.0]","[7.2, 9.5, 13.6, 9.6, 10.7, 8.7, 7.9]","[15.5, 13.4, 14.8, 13.8, 15.0, 15.9, 14.3]",2026-08-14T12:36:23.099665
HUB07-HUB07,2024-01-15,2024-01-21,"[0.0, 0.0, 0.0, 0.0, 0.0, 0.0, 0.0]","[7.8, 7.7, 4.8, 8.8, 7.7, 8.2, 10.6]","[13.2, 14.8, 16.7, 16.7, 15.6, 15.4, 15.3]",2026-08-14T12:36:23.099944
HUB07-HUB07,2024-01-22,2024-01-28,"[0.0, 0.0, 0.0, 0.0, 0.0, 0.0, 0.0]","[8.2, 8.9, 10.1, 8.1, 10.1, 12.7, 9.7]","[13.2, 14.8, 15.6, 14.1, 18.1, 19.3, 19.2]",2026-08-14T12:36:23.100222
HUB07-HUB07,2024-01-29,2024-02-04,"[0.0, 0.0, 2.3, 15.6, 0.0, 0.9, 18.6]","[9.3, 9.2, 13.7, 23.8, 12.8, 11.9, 10.8]","[19.5, 19.9, 17.7, 16.9, 17.1, 17.1, 15.2]",2026-08-14T12:36:23.100504
HUB07-HUB07,2024-02-05,2024-02-11,"[0.1, 0.0, 0.0, 0.0, 0.0, 0.0, 0.0]","[10.8, 13.7, 16.3, 15.7, 8.9, 10.7, 10.7]","[17.1, 17.1, 17.0, 17.0, 19.6, 20.0, 20.9]",2026-08-14T12:36:23.100789
HUB07-HUB07,2024-02-12,2024-02-18,"[0.0, 0.0, 0.0, 0.0, 0.0, 0.0, 0.0]","[10.0, 11.2, 12.7, 11.3, 11.5, 13.2, 16.2]","[20.5, 21.5, 21.9, 22.5, 23.2, 23.6, 24.3]",2026-08-14T12:36:23.101064
HUB07-HUB07,2024-02-19,2024-02-25,"[5.1, 0.8, 0.2, 0.0, 0.0, 0.0, 0.0]","[32.8, 26.9, 16.2, 10.9, 10.3, 10.0, 12.3]","[24.5, 23.2, 21.4, 21.0, 20.7, 20.9, 21.5]",2026-08-14T12:36:23.101339
HUB07-HUB07,2024-02-26,2024-03-03,"[0.0, 0.0, 0.0, 0.0, 1.7, 26.3, 0.0]","[11.4, 14.5, 16.6, 10.9, 25.7, 35.5, 21.2]","[22.7, 21.1, 22.8, 25.0, 22.1, 20.8, 20.3]",2026-08-14T12:36:23.101625
HUB07-HUB07,2024-03-04,2024-03-10,"[0.0, 0.0, 0.0, 0.0, 0.0, 0.0, 0.0]","[11.0, 13.9, 10.8, 12.7, 13.6, 13.0, 11.9]","[18.6, 19.3, 20.8, 23.0, 22.8, 24.7, 26.6]",2026-08-14T12:36:23.101905
HUB07-HUB07,2024-03-11,2024-03-17,"[0.0, 0.0, 1.0, 0.0, 0.0, 0.0, 0.0]","[26.2, 10.6, 19.1, 14.0, 14.3, 12.0, 10.2]","[26.3, 26.7, 25.4, 26.6, 26.7, 27.8, 28.5]",2026-08-14T12:36:23.102176
HUB07-HUB07,2024-03-18,2024-03-24,"[0.0, 0.0, 0.0, 0.0, 0.1, 0.0, 0.4]","[9.7, 13.7, 13.3, 19.3, 15.5, 16.6, 21.6]","[29.0, 29.8, 30.7, 27.7, 28.6, 30.7, 29.5]",2026-08-14T12:36:23.102419
HUB07-HUB07,2024-03-25,2024-03-31,"[0.0, 0.0, 0.5, 0.0, 0.0, 3.7, 0.0]","[15.3, 10.7, 20.4, 17.0, 11.0, 22.9, 13.3]","[31.1, 30.8, 32.3, 34.2, 33.2, 30.2, 30.3]",2026-08-14T12:36:23.102662
HUB07-HUB07,2024-04-01,2024-04-07,"[0.0, 0.0, 0.0, 0.0, 0.0, 0.0, 0.0]","[13.8, 13.5, 13.1, 12.2, 15.5, 15.2, 19.1]","[28.5, 29.7, 32.5, 33.0, 32.2, 32.4, 32.6]",2026-08-14T12:36:23.102901
HUB07-HUB07,2024-04-08,2024-04-14,"[0.0, 0.0, 0.0, 0.0, 0.0, 0.7, 1.2]","[15.2, 12.5, 16.4, 13.2, 15.0, 21.7, 12.2]","[33.5, 34.1, 34.8, 34.4, 35.5, 34.3, 31.6]",2026-08-14T12:36:23.103145
HUB07-HUB07,2024-04-15,2024-04-21,"[12.5, 0.2, 0.0, 0.0, 5.4, 1.6, 0.0]","[27.4, 16.7, 18.8, 13.8, 23.1, 14.3, 20.1]","[31.4, 31.3, 32.6, 32.7, 34.0, 32.7, 34.6]",2026-08-14T12:36:23.103393
HUB07-HUB07,2024-04-22,2024-04-28,"[0.0, 0.0, 0.1, 0.0, 0.0, 1.6, 0.0]","[18.7, 20.2, 13.7, 22.7, 18.7, 21.9, 11.8]","[35.4, 33.9, 35.1, 37.2, 38.7, 35.0, 34.8]",2026-08-14T12:36:23.103634
HUB07-HUB07,2024-04-29,2024-05-05,"[1.2, 0.0, 0.0, 0.0, 0.0, 0.0, 0.0]","[17.8, 26.5, 15.5, 20.7, 17.9, 20.9, 20.4]","[29.5, 33.0, 29.3, 33.0, 36.4, 38.8, 38.0]",2026-08-14T12:36:23.103875
HUB07-HUB07,2024-05-06,2024-05-12,"[0.0, 0.0, 0.0, 0.0, 0.4, 0.8, 0.5]","[15.9, 15.9, 21.2, 22.0, 20.9, 15.4, 22.1]","[39.1, 40.4, 39.4, 38.6, 37.6, 36.2, 34.1]",2026-08-14T12:36:23.104116
HUB07-HUB07,2024-05-13,2024-05-19,"[0.0, 0.0, 0.0, 0.0, 0.0, 0.0, 0.0]","[16.9, 15.6, 16.3, 17.3, 19.5, 24.3, 22.0]","[38.4, 38.4, 41.0, 41.6, 42.8, 43.1, 43.7]",2026-08-14T12:36:23.104359
HUB07-HUB07,2024-05-20,2024-05-26,"[0.0, 0.0, 0.0, 0.0, 0.3, 0.0, 0.0]","[18.4, 15.6, 18.8, 22.9, 21.3, 23.9, 18.6]","[42.2, 42.3, 40.7, 40.2, 40.6, 43.4, 44.5]",2026-08-14T12:36:23.104598
HUB07-HUB07,2024-05-27,2024-06-02,"[0.0, 0.0, 0.0, 0.0, 0.0, 0.0, 0.0]","[18.0, 14.3, 15.5, 18.9, 12.5, 28.5, 15.4]","[44.5, 45.0, 45.4, 45.5, 44.6, 44.6, 42.9]",2026-08-14T12:36:23.104837
HUB07-HUB07,2024-06-03,2024-06-09,"[0.0, 0.0, 2.0, 1.2, 0.0, 0.0, 0.0]","[17.7, 19.7, 27.6, 20.0, 28.2, 16.9, 18.8]","[44.4, 42.5, 40.4, 38.7, 40.6, 38.5, 41.1]",2026-08-14T12:36:23.105076
HUB07-HUB07,2024-06-10,2024-06-16,"[0.0, 0.0, 0.0, 0.0, 0.0, 0.0, 0.0]","[14.7, 12.5, 16.3, 20.2, 27.5, 17.9, 16.2]","[41.7, 42.3, 44.2, 44.5, 43.4, 43.7, 44.4]",2026-08-14T12:36:23.105320
HUB07-HUB07,2024-06-17,2024-06-23,"[0.0, 0.0, 0.0, 0.1, 5.3, 0.0, 0.0]","[15.8, 20.6, 19.6, 22.4, 11.9, 8.1, 11.7]","[44.7, 44.3, 42.6, 38.1, 35.7, 38.1, 38.9]",2026-08-14T12:36:23.105559
HUB07-HUB07,2024-06-24,2024-06-30,"[0.4, 0.0, 0.2, 13.1, 0.0, 0.5, 0.7]","[15.3, 9.4, 17.7, 18.1, 13.3, 13.0, 15.3]","[40.8, 40.2, 39.2, 35.4, 37.2, 35.7, 38.8]",2026-08-14T12:36:23.105797
HUB07-HUB07,2024-07-01,2024-07-07,"[1.6, 5.3, 15.2, 13.7, 0.4, 0.3, 1.5]","[15.3, 17.4, 20.9, 20.6, 19.4, 18.3, 15.3]","[37.3, 37.5, 35.8, 31.8, 32.8, 32.2, 31.8]",2026-08-14T12:36:23.106039
HUB07-HUB07,2024-07-08,2024-07-14,"[0.4, 0.0, 1.8, 0.1, 0.0, 2.7, 0.0]","[15.5, 9.7, 12.6, 10.7, 15.9, 16.5, 7.4]","[32.4, 34.8, 34.8, 35.9, 35.5, 34.3, 34.1]",2026-08-14T12:36:23.106284
HUB07-HUB07,2024-07-15,2024-07-21,"[0.0, 0.3, 0.5, 0.3, 0.3, 1.0, 0.3]","[11.6, 13.2, 14.3, 11.0, 12.7, 16.6, 12.5]","[35.8, 35.9, 35.6, 35.9, 36.5, 36.5, 37.1]",2026-08-14T12:36:23.106529
HUB07-HUB07,2024-07-22,2024-07-28,"[3.9, 15.4, 8.6, 0.9, 1.7, 2.7, 0.1]","[14.6, 12.0, 14.3, 11.2, 15.8, 13.7, 12.3]","[35.2, 35.0, 34.1, 34.7, 35.0, 35.0, 34.6]",2026-08-14T12:36:23.106772
HUB07-HUB07,2024-07-29,2024-08-04,"[5.9, 1.5, 8.2, 23.8, 0.9, 6.0, 0.5]","[12.6, 14.9, 16.3, 15.1, 10.7, 19.1, 12.7]","[34.8, 36.4, 36.0, 28.1, 33.8, 33.1, 33.3]",2026-08-14T12:36:23.107012
HUB07-HUB07,2024-08-05,2024-08-11,"[1.4, 0.1, 1.8, 0.6, 0.0, 0.4, 2.5]","[14.4, 12.6, 15.6, 15.8, 13.4, 16.3, 17.6]","[33.3, 33.8, 32.3, 32.9, 33.0, 33.7, 31.5]",2026-08-14T12:36:23.107253
HUB07-HUB07,2024-08-12,2024-08-18,"[1.3, 0.6, 3.4, 8.8, 14.7, 7.0, 3.3]","[12.6, 11.0, 8.2, 12.0, 14.1, 16.9, 11.6]","[33.4, 33.2, 33.6, 33.1, 34.5, 31.7, 32.9]",2026-08-14T12:36:23.107522
HUB07-HUB07,2024-08-19,2024-08-25,"[8.9, 12.8, 0.8, 0.7, 6.9, 4.8, 1.5]","[13.4, 10.5, 10.0, 8.7, 10.8, 10.2, 8.4]","[32.2, 32.3, 33.0, 33.2, 32.9, 33.1, 33.4]",2026-08-14T12:36:23.107932
HUB07-HUB07,2024-08-26,2024-09-01,"[0.8, 3.3, 4.2, 13.7, 7.9, 0.0, 0.0]","[14.8, 16.3, 14.3, 33.2, 9.1, 12.0, 9.1]","[33.7, 33.1, 31.7, 27.5, 32.1, 33.9, 34.0]",2026-08-14T12:36:23.108275
HUB07-HUB07,2024-09-02,2024-09-08,"[9.9, 4.9, 3.9, 1.8, 2.7, 39.4, 0.1]","[16.1, 13.6, 6.3, 7.0, 10.6, 12.9, 6.1]","[31.7, 33.1, 31.7, 31.6, 32.7, 30.4, 32.7]",2026-08-14T12:36:23.108564
HUB07-HUB07,2024-09-09,2024-09-15,"[1.2, 7.7, 0.0, 0.0, 1.1, 0.9, 0.0]","[5.0, 14.3, 10.9, 10.0, 12.7, 12.5, 10.2]","[33.3, 31.1, 33.2, 34.0, 31.7, 32.2, 33.0]",2026-08-14T12:36:23.108830
HUB07-HUB07,2024-09-16,2024-09-22,"[0.0, 0.4, 2.4, 4.7, 0.0, 0.0, 0.0]","[9.2, 9.6, 9.5, 10.8, 8.0, 7.3, 8.7]","[34.0, 34.0, 32.8, 28.9, 33.5, 34.8, 35.6]",2026-08-14T12:36:23.109092
HUB07-HUB07,2024-09-23,2024-09-29,"[0.0, 0.0, 0.4, 6.5, 1.7, 0.0, 0.0]","[8.2, 6.2, 15.7, 15.7, 10.8, 9.5, 9.6]","[36.7, 36.6, 35.3, 30.9, 33.1, 33.0, 33.4]",2026-08-14T12:36:23.109340
HUB07-HUB07,2024-09-30,2024-10-06,"[0.0, 0.0, 0.0, 0.0, 0.0, 1.3, 0.7]","[14.8, 10.9, 9.5, 8.8, 7.9, 15.8, 17.7]","[34.2, 34.8, 36.0, 36.3, 36.2, 35.3, 33.6]",2026-08-14T12:36:23.109597
HUB07-HUB07,2024-10-07,2024-10-13,"[0.0, 0.0, 0.0, 0.0, 0.0, 0.0, 0.0]","[9.2, 23.4, 12.6, 14.9, 13.1, 9.9, 10.8]","[33.9, 33.7, 34.0, 33.9, 33.3, 33.3, 33.1]",2026-08-14T12:36:23.109849
HUB07-HUB07,2024-10-14,2024-10-20,"[0.0, 0.0, 0.0, 0.0, 0.0, 0.0, 0.0]","[10.2, 12.3, 9.3, 8.7, 8.7, 10.9, 8.7]","[32.6, 33.1, 33.6, 33.8, 33.6, 33.2, 32.7]",2026-08-14T12:36:23.110090
HUB07-HUB07,2024-10-21,2024-10-27,"[0.0, 0.0, 0.0, 0.0, 0.0, 0.0, 0.0]","[8.3, 8.6, 12.7, 15.4, 13.8, 10.2, 11.9]","[31.9, 31.8, 32.4, 32.8, 31.9, 32.7, 32.3]",2026-08-14T12:36:23.110322
HUB07-HUB07,2024-10-28,2024-11-03,"[0.0, 0.0, 0.0, 0.0, 0.0, 0.0, 0.0]","[8.9, 8.9, 10.0, 14.2, 12.6, 7.7, 11.5]","[32.1, 32.9, 33.0, 31.8, 31.6, 31.3, 30.9]",2026-08-14T12:36:23.110542
HUB07-HUB07,2024-11-04,2024-11-10,"[0.0, 0.0, 0.0, 0.0, 0.0, 0.0, 0.0]","[9.6, 11.6, 9.0, 8.8, 8.0, 9.4, 8.8]","[31.1, 30.2, 30.4, 30.0, 29.9, 29.6, 29.3]",2026-08-14T12:36:23.110786
HUB07-HUB07,2024-11-11,2024-11-17,"[0.0, 0.0, 0.0, 0.0, 0.0, 0.0, 0.0]","[11.4, 9.0, 7.7, 8.1, 11.0, 8.6, 7.5]","[29.4, 28.6, 27.1, 27.0, 26.1, 25.1, 24.2]",2026-08-14T12:36:23.111017
HUB07-HUB07,2024-11-18,2024-11-24,"[0.0, 0.0, 0.0, 0.0, 0.0, 0.0, 0.0]","[8.3, 8.3, 7.6, 8.6, 4.7, 10.0, 9.9]","[23.8, 23.9, 23.9, 23.6, 24.3, 25.3, 24.5]",2026-08-14T12:36:23.111255
HUB07-HUB07,2024-11-25,2024-12-01,"[0.0, 0.0, 0.0, 0.0, 0.0, 0.0, 0.0]","[9.6, 8.7, 6.1, 5.1, 8.3, 10.8, 9.1]","[23.2, 23.0, 22.8, 22.9, 22.3, 21.9, 22.2]",2026-08-14T12:36:23.111481
HUB07-HUB07,2024-12-02,2024-12-08,"[0.0, 0.0, 0.0, 0.0, 0.0, 0.0, 2.5]","[9.7, 10.6, 10.4, 8.5, 10.2, 7.1, 21.8]","[22.8, 22.6, 21.2, 21.3, 20.7, 19.6, 17.8]",2026-08-14T12:36:23.111715
HUB07-HUB07,2024-12-09,2024-12-15,"[0.0, 0.0, 0.0, 0.0, 0.0, 0.0, 0.0]","[8.2, 11.3, 12.1, 12.5, 13.0, 11.8, 10.6]","[18.5, 17.3, 17.7, 18.0, 17.3, 17.9, 18.7]",2026-08-14T12:36:23.111934
HUB07-HUB07,2024-12-16,2024-12-22,"[0.0, 0.0, 0.0, 0.0, 0.0, 0.0, 0.0]","[8.7, 7.7, 8.2, 8.6, 10.1, 8.6, 10.8]","[17.3, 18.0, 18.6, 17.8, 20.1, 18.7, 18.6]",2026-08-14T12:36:23.112155
HUB07-HUB07,2024-12-23,2024-12-29,"[2.5, 0.0, 0.0, 0.0, 35.4, 13.7, 0.0]","[11.4, 9.2, 9.8, 9.0, 9.9, 10.2, 10.4]","[13.9, 18.9, 19.4, 19.3, 15.2, 16.9, 17.5]",2026-08-14T12:36:23.112377
HUB07-HUB07,2024-12-30,2025-01-05,"[0.0, 0.0, 0.0, 0.0, 0.0, 0.0, 5.2]","[10.7, 8.7, 10.9, 12.5, 7.9, 10.3, 12.2]","[16.7, 15.7, 15.2, 16.6, 18.5, 18.8, 17.5]",2026-08-14T12:36:23.112593
HUB07-HUB07,2025-01-06,2025-01-12,"[9.0, 0.0, 0.0, 0.0, 0.0, 3.9, 5.3]","[9.8, 10.1, 10.5, 4.1, 6.1, 12.9, 15.5]","[17.1, 17.0, 16.4, 17.2, 15.8, 15.4, 16.1]",2026-08-14T12:36:23.112809
HUB07-HUB07,2025-01-13,2025-01-19,"[0.0, 0.0, 0.0, 0.7, 0.0, 0.0, 0.0]","[11.4, 9.6, 9.1, 9.8, 11.3, 10.4, 9.2]","[17.9, 17.4, 16.8, 17.2, 16.9, 16.8, 19.5]",2026-08-14T12:36:23.113028
HUB07-HUB07,2025-01-20,2025-01-26,"[0.0, 0.0, 0.0, 0.0, 0.0, 0.0, 0.0]","[11.6, 10.5, 8.5, 11.4, 10.9, 8.9, 10.3]","[20.3, 19.3, 20.9, 19.4, 18.9, 19.2, 20.1]",2026-08-14T12:36:23.113246
HUB07-HUB07,2025-01-27,2025-02-02,"[0.0, 0.0, 0.0, 0.0, 0.0, 0.4, 0.0]","[9.4, 8.8, 13.3, 8.5, 10.9, 6.9, 11.4]","[20.6, 22.0, 21.6, 22.3, 22.3, 20.4, 21.0]",2026-08-14T12:36:23.113464
HUB07-HUB07,2025-02-03,2025-02-09,"[0.0, 0.3, 0.0, 0.0, 0.0, 0.0, 0.0]","[8.9, 14.8, 9.6, 14.9, 11.9, 10.5, 8.1]","[20.9, 20.1, 19.2, 19.7, 18.7, 20.5, 22.6]",2026-08-14T12:36:23.113684
HUB07-HUB07,2025-02-10,2025-02-16,"[0.0, 0.0, 0.0, 0.0, 0.0, 0.3, 0.0]","[7.6, 12.4, 14.5, 12.4, 9.7, 10.3, 5.2]","[23.9, 24.2, 22.9, 21.8, 22.2, 22.3, 22.3]",2026-08-14T12:36:23.113901
HUB07-HUB07,2025-02-17,2025-02-23,"[0.0, 0.0, 0.8, 19.6, 0.0, 0.1, 0.0]","[8.0, 10.7, 12.2, 19.9, 11.2, 11.8, 9.1]","[24.6, 25.1, 25.4, 20.2, 21.3, 21.8, 23.3]",2026-08-14T12:36:23.114117
HUB07-HUB07,2025-02-24,2025-03-02,"[0.0, 0.6, 0.3, 5.8, 45.8, 0.0, 0.0]","[10.5, 9.9, 18.4, 19.6, 24.0, 11.5, 12.8]","[25.6, 22.3, 26.6, 21.0, 19.0, 23.0, 21.8]",2026-08-14T12:36:23.114339
HUB07-HUB07,2025-03-03,2025-03-09,"[1.1, 0.6, 0.0, 0.0, 0.0, 0.0, 0.0]","[11.7, 17.3, 18.4, 10.9, 13.7, 11.2, 10.1]","[21.4, 21.5, 20.9, 23.6, 25.5, 27.2, 30.1]",2026-08-14T12:36:23.114560
HUB07-HUB07,2025-03-10,2025-03-16,"[0.0, 0.1, 0.0, 3.5, 2.3, 7.9, 0.1]","[12.1, 10.3, 12.6, 12.0, 16.0, 15.0, 11.9]","[31.1, 29.9, 29.1, 27.7, 29.5, 23.4, 25.7]",2026-08-14T12:36:23.114777
HUB07-HUB07,2025-03-17,2025-03-23,"[0.0, 0.0, 0.2, 0.0, 0.0, 0.0, 0.0]","[11.2, 14.5, 13.7, 13.0, 13.3, 10.2, 10.2]","[26.6, 28.8, 30.0, 29.3, 29.0, 30.3, 31.9]",2026-08-14T12:36:23.114997
HUB07-HUB07,2025-03-24,2025-03-30,"[0.0, 0.0, 0.0, 0.0, 0.0, 0.0, 0.0]","[10.7, 11.7, 15.5, 17.1, 14.7, 17.1, 12.5]","[32.6, 33.4, 35.5, 35.8, 29.7, 29.5, 30.9]",2026-08-14T12:36:23.115221
HUB07-HUB07,2025-03-31,2025-04-06,"[0.0, 0.0, 0.0, 0.0, 0.0, 0.0, 0.0]","[16.9, 14.7, 17.7, 16.5, 15.9, 9.6, 13.1]","[32.2, 33.6, 34.7, 35.1, 35.3, 35.8, 38.2]",2026-08-14T12:36:23.115441
HUB07-HUB07,2025-04-07,2025-04-13,"[0.0, 0.0, 0.0, 2.3, 0.8, 1.9, 0.0]","[10.8, 16.8, 14.3, 17.3, 20.7, 15.0, 9.4]","[39.6, 40.0, 38.9, 35.0, 33.7, 30.4, 33.7]",2026-08-14T12:36:23.115656
HUB07-HUB07,2025-04-14,2025-04-20,"[0.0, 0.0, 0.0, 0.0, 0.3, 0.0, 0.3]","[13.4, 14.4, 14.5, 13.8, 14.4, 27.0, 25.5]","[35.5, 37.1, 38.1, 38.5, 39.0, 35.5, 37.0]",2026-08-14T12:36:23.115875
HUB07-HUB07,2025-04-21,2025-04-27,"[0.0, 0.0, 0.0, 0.0, 0.0, 0.0, 0.0]","[16.7, 12.0, 16.4, 14.8, 17.0, 23.4, 14.4]","[39.6, 38.4, 38.6, 38.9, 40.2, 40.5, 40.5]",2026-08-14T12:36:23.116081
HUB07-HUB07,2025-04-28,2025-05-04,"[0.0, 0.0, 0.0, 0.0, 0.0, 10.8, 2.2]","[14.0, 19.2, 16.8, 17.2, 21.6, 13.1, 20.6]","[40.9, 38.9, 39.7, 35.8, 30.8, 34.6, 32.7]",2026-08-14T12:36:23.116281
HUB07-HUB07,2025-05-05,2025-05-11,"[5.5, 0.5, 0.6, 2.0, 0.1, 0.7, 0.0]","[11.0, 9.7, 10.0, 15.2, 10.6, 11.4, 18.4]","[28.2, 34.9, 35.5, 35.2, 35.7, 34.5, 37.6]",2026-08-14T12:36:23.116483
HUB07-HUB07,2025-05-12,2025-05-18,"[0.0, 0.0, 0.0, 0.0, 0.0, 0.0, 0.0]","[19.0, 16.2, 16.4, 14.7, 13.8, 12.6, 16.4]","[36.8, 38.8, 40.1, 41.6, 41.4, 42.2, 42.4]",2026-08-14T12:36:23.116690
HUB07-HUB07,2025-05-19,2025-05-25,"[4.9, 0.0, 0.0, 0.0, 0.0, 1.5, 0.0]","[27.0, 17.5, 17.1, 20.6, 18.4, 18.1, 20.1]","[39.4, 42.4, 40.4, 39.0, 39.9, 38.7, 32.8]",2026-08-14T12:36:23.116893
HUB07-HUB07,2025-05-26,2025-06-01,"[0.0, 0.0, 0.0, 0.0, 0.2, 0.7, 0.1]","[7.9, 12.4, 17.3, 16.8, 18.0, 16.4, 16.9]","[36.3, 37.0, 40.4, 40.9, 37.8, 39.1, 38.9]",2026-08-14T12:36:23.117096
HUB07-HUB07,2025-06-02,2025-06-08,"[0.0, 2.9, 0.7, 0.0, 0.0, 0.0, 0.0]","[13.8, 17.1, 12.5, 9.9, 12.1, 13.6, 16.3]","[38.2, 36.3, 33.3, 37.0, 38.7, 40.6, 42.9]",2026-08-14T12:36:23.117298
HUB07-HUB07,2025-06-09,2025-06-15,"[0.0, 0.0, 0.0, 0.0, 0.0, 0.0, 0.0]","[14.3, 9.7, 12.5, 13.2, 18.9, 14.8, 14.0]","[44.2, 43.4, 44.9, 44.7, 42.4, 42.8, 39.6]",2026-08-14T12:36:23.117496
HUB07-HUB07,2025-06-16,2025-06-22,"[3.6, 1.9, 0.0, 0.0, 0.3, 0.0, 0.7]","[14.7, 9.5, 8.2, 11.3, 14.3, 12.4, 12.9]","[37.6, 31.0, 37.8, 37.9, 37.1, 37.6, 36.4]",2026-08-14T12:36:23.117697
HUB07-HUB07,2025-06-23,2025-06-29,"[14.2, 0.5, 1.3, 7.2, 7.7, 27.8, 20.6]","[13.4, 13.7, 15.0, 14.8, 10.4, 14.4, 13.9]","[34.4, 36.5, 33.0, 33.9, 34.3, 34.9, 33.4]",2026-08-14T12:36:23.117898
HUB07-HUB07,2025-06-30,2025-07-06,"[4.7, 8.3, 0.1, 0.0, 2.4, 19.1, 14.6]","[14.3, 17.3, 8.5, 10.7, 9.9, 14.7, 13.8]","[30.5, 32.9, 34.5, 33.9, 33.2, 34.8, 34.2]",2026-08-14T12:36:23.118104
HUB07-HUB07,2025-07-07,2025-07-13,"[1.0, 10.1, 13.9, 9.3, 0.3, 0.1, 1.7]","[10.0, 9.6, 11.5, 13.2, 7.4, 7.7, 12.0]","[34.6, 33.2, 31.1, 31.5, 32.8, 30.3, 33.4]",2026-08-14T12:36:23.118305
HUB07-HUB07,2025-07-14,2025-07-20,"[1.1, 13.4, 0.8, 0.9, 0.0, 0.0, 0.0]","[9.4, 18.5, 21.6, 17.8, 9.3, 10.3, 9.2]","[32.5, 32.6, 31.7, 32.3, 31.7, 34.0, 34.6]",2026-08-14T12:36:23.118505
HUB07-HUB07,2025-07-21,2025-07-27,"[4.7, 32.0, 1.5, 0.1, 0.1, 0.0, 2.3]","[12.1, 10.3, 9.0, 17.2, 8.4, 11.3, 7.6]","[30.2, 29.8, 32.8, 34.1, 34.3, 34.6, 34.3]",2026-08-14T12:36:23.118710
HUB07-HUB07,2025-07-28,2025-08-03,"[1.2, 2.5, 14.3, 11.6, 15.2, 9.1, 1.8]","[12.6, 14.0, 14.1, 12.6, 13.9, 13.8, 10.3]","[35.5, 32.7, 32.3, 30.6, 31.5, 32.3, 33.7]",2026-08-14T12:36:23.118908
HUB07-HUB07,2025-08-04,2025-08-10,"[1.5, 6.4, 2.4, 0.7, 0.1, 0.1, 1.3]","[10.3, 16.2, 12.7, 8.1, 8.2, 8.2, 7.5]","[33.4, 31.8, 32.8, 34.1, 35.6, 34.6, 35.0]",2026-08-14T12:36:23.119105
HUB07-HUB07,2025-08-11,2025-08-17,"[4.1, 41.0, 0.0, 18.9, 1.1, 1.7, 1.9]","[14.4, 15.2, 6.9, 11.7, 7.4, 8.2, 11.8]","[33.9, 32.0, 33.7, 29.2, 31.9, 32.4, 32.4]",2026-08-14T12:36:23.119307
HUB07-HUB07,2025-08-18,2025-08-24,"[10.4, 0.0, 9.7, 0.1, 0.1, 0.8, 28.1]","[11.6, 9.8, 17.2, 8.1, 9.5, 15.6, 10.9]","[30.7, 33.0, 31.8, 33.0, 33.2, 30.3, 30.1]",2026-08-14T12:36:23.119509
HUB07-HUB07,2025-08-25,2025-08-31,"[36.7, 19.0, 24.3, 2.6, 14.4, 7.1, 54.6]","[12.5, 23.6, 12.1, 11.0, 14.4, 15.7, 12.9]","[27.4, 28.4, 31.9, 32.7, 30.9, 29.6, 27.7]",2026-08-14T12:36:23.119710
HUB07-HUB07,2025-09-01,2025-09-07,"[20.1, 7.6, 75.6, 3.2, 0.0, 3.5, 8.7]","[19.2, 17.4, 21.2, 8.7, 8.2, 7.5, 7.2]","[27.0, 27.2, 29.7, 28.6, 32.8, 32.3, 32.1]",2026-08-14T12:36:23.119911
HUB07-HUB07,2025-09-08,2025-09-14,"[13.7, 0.0, 2.3, 0.1, 1.3, 0.4, 0.5]","[13.0, 9.4, 14.6, 10.1, 9.9, 9.9, 8.8]","[30.5, 32.2, 31.8, 31.9, 31.7, 33.2, 33.5]",2026-08-14T12:36:23.120114
HUB07-HUB07,2025-09-15,2025-09-21,"[0.1, 0.7, 0.2, 0.2, 0.1, 0.0, 0.1]","[9.9, 12.3, 8.9, 11.7, 12.4, 11.7, 14.0]","[34.4, 34.0, 35.3, 35.2, 35.2, 34.3, 35.2]",2026-08-14T12:36:23.120313
HUB07-HUB07,2025-09-22,2025-09-28,"[0.0, 0.0, 0.0, 0.0, 0.0, 0.0, 0.0]","[12.3, 14.6, 12.4, 12.7, 13.2, 8.1, 7.8]","[35.4, 36.1, 35.3, 35.9, 35.4, 36.8, 36.0]",2026-08-14T12:36:23.120511
HUB07-HUB07,2025-09-29,2025-10-05,"[0.1, 0.0, 0.9, 0.5, 3.6, 1.0, 12.8]","[9.2, 10.8, 13.3, 15.2, 15.7, 15.0, 22.2]","[36.0, 36.8, 34.4, 35.0, 32.7, 33.9, 30.3]",2026-08-14T12:36:23.120711
HUB07-HUB07,2025-10-06,2025-10-12,"[13.2, 7.1, 0.6, 0.0, 0.0, 0.0, 0.0]","[14.9, 13.6, 8.5, 8.6, 7.1, 12.1, 9.1]","[23.0, 22.0, 26.8, 27.9, 28.7, 30.3, 30.6]",2026-08-14T12:36:23.120911
HUB07-HUB07,2025-10-13,2025-10-19,"[0.0, 0.0, 0.0, 0.0, 0.0, 0.0, 0.0]","[7.4, 5.8, 6.8, 7.0, 8.3, 7.7, 7.2]","[31.0, 31.4, 31.6, 31.9, 32.3, 32.7, 32.9]",2026-08-14T12:36:23.121111
HUB07-HUB07,2025-10-20,2025-10-26,"[0.0, 0.3, 0.0, 0.0, 0.0, 0.0, 0.0]","[7.5, 8.8, 11.6, 7.7, 11.8, 7.4, 8.7]","[32.9, 31.6, 31.8, 31.4, 32.2, 32.1, 30.7]",2026-08-14T12:36:23.121312
HUB07-HUB07,2025-10-27,2025-11-02,"[0.0, 0.0, 0.0, 0.0, 0.0, 0.0, 0.0]","[7.6, 8.5, 10.8, 6.2, 12.2, 11.9, 14.1]","[30.7, 30.0, 29.8, 31.1, 31.0, 30.4, 30.2]",2026-08-14T12:36:23.121511
HUB07-HUB07,2025-11-03,2025-11-09,"[0.0, 0.0, 0.0, 0.0, 0.0, 0.0, 0.0]","[8.6, 18.0, 14.4, 12.0, 10.2, 10.3, 9.7]","[30.1, 30.5, 27.5, 26.9, 27.6, 27.2, 26.4]",2026-08-14T12:36:23.121709
HUB07-HUB07,2025-11-10,2025-11-16,"[0.0, 0.0, 0.0, 0.0, 0.0, 0.0, 0.0]","[8.9, 11.5, 9.5, 11.3, 10.8, 11.5, 10.9]","[26.7, 26.7, 26.3, 25.9, 26.0, 26.2, 25.9]",2026-08-14T12:36:23.121907
HUB07-HUB07,2025-11-17,2025-11-23,"[0.0, 0.0, 0.0, 0.0, 0.0, 0.0, 0.0]","[6.7, 9.1, 3.6, 6.8, 7.4, 7.0, 9.4]","[25.5, 25.8, 25.5, 25.9, 25.8, 24.2, 23.8]",2026-08-14T12:36:23.122110
HUB07-HUB07,2025-11-24,2025-11-30,"[0.0, 0.0, 0.0, 0.0, 0.0, 0.0, 0.0]","[10.3, 10.3, 8.2, 4.0, 9.7, 11.1, 10.1]","[23.4, 22.9, 22.5, 22.9, 23.3, 23.0, 22.0]",2026-08-14T12:36:23.122308
HUB07-HUB07,2025-12-01,2025-12-07,"[0.0, 0.0, 0.0, 0.0, 0.0, 0.0, 0.0]","[5.5, 8.8, 11.1, 10.7, 11.0, 13.7, 11.1]","[22.0, 21.6, 21.5, 20.8, 21.6, 21.1, 23.4]",2026-08-14T12:36:23.122506
HUB07-HUB07,2025-12-08,2025-12-14,"[0.0, 0.0, 0.0, 0.0, 0.0, 0.0, 0.0]","[13.4, 11.0, 10.2, 9.7, 6.5, 8.6, 7.3]","[23.5, 23.0, 23.2, 23.1, 22.7, 20.9, 22.5]",2026-08-14T12:36:23.122702
HUB07-HUB07,2025-12-15,2025-12-21,"[0.0, 0.0, 0.0, 0.0, 0.0, 0.0, 0.0]","[13.7, 12.9, 9.9, 3.8, 9.4, 8.9, 8.9]","[22.7, 21.7, 22.1, 20.2, 19.6, 18.6, 19.2]",2026-08-14T12:36:23.122906
HUB07-HUB07,2025-12-22,2025-12-28,"[0.0, 0.0, 0.0, 0.0, 0.0, 0.0, 0.0]","[8.0, 11.9, 10.9, 7.4, 6.8, 8.4, 8.4]","[20.6, 20.5, 20.1, 19.6, 19.6, 18.6, 18.6]",2026-08-14T12:36:23.123106
HUB07-HUB07,2025-12-29,2026-01-04,"[0.0, 0.0, 0.0, 16.0, 0.2, 0.1, 0.0]","[7.9, 10.9, 12.3, 13.6, 10.9, 7.8, 7.6]","[17.5, 18.5, 16.5, 14.3, 15.6, 15.3, 14.8]",2026-08-14T12:36:23.123304
HUB07-HUB07,2026-01-05,2026-01-11,"[0.0, 0.1, 0.0, 0.0, 0.0, 0.0, 0.0]","[11.8, 9.8, 7.6, 8.3, 10.3, 10.6, 11.2]","[16.2, 15.5, 14.4, 12.6, 13.0, 14.0, 13.6]",2026-08-14T12:36:23.123505
HUB07-HUB07,2026-01-12,2026-01-18,"[0.0, 0.0, 0.0, 0.0, 0.0, 0.0, 0.0]","[9.4, 8.0, 7.6, 10.4, 8.2, 6.0, 3.4]","[13.4, 12.1, 13.4, 14.8, 15.6, 17.1, 17.5]",2026-08-14T12:36:23.123705
HUB07-HUB07,2026-01-19,2026-01-25,"[0.0, 0.0, 0.0, 0.0, 71.8, 0.0, 0.0]","[9.3, 7.6, 9.5, 26.9, 31.9, 13.0, 11.5]","[21.3, 21.6, 20.9, 21.3, 16.2, 13.8, 16.4]",2026-08-14T12:36:23.123896
HUB07-HUB07,2026-01-26,2026-01-31,"[1.4, 12.4, 0.7, 0.0, 0.0, 0.0]","[15.8, 13.3, 9.7, 8.9, 9.6, 7.7]","[17.6, 17.6, 17.5, 17.5, 18.5, 17.9]",2026-08-14T12:36:23.124081
HUB08-HUB08,2023-01-01,2023-01-01,[0.0],[10.5],[19.7],2026-08-14T12:36:29.268124
HUB08-HUB08,2023-01-02,2023-01-08,"[0.0, 0.0, 0.0, 0.0, 0.0, 0.0, 0.0]","[8.5, 9.0, 12.1, 9.0, 9.8, 8.0, 9.9]","[19.1, 19.3, 18.4, 18.5, 18.2, 20.0, 23.0]",2026-08-14T12:36:29.268786
HUB08-HUB08,2023-01-09,2023-01-15,"[0.0, 0.0, 0.0, 0.0, 0.0, 0.0, 0.0]","[9.3, 11.0, 14.0, 10.2, 19.6, 13.0, 10.4]","[23.5, 23.8, 23.1, 23.5, 23.5, 18.2, 16.9]",2026-08-14T12:36:29.269389
HUB08-HUB08,2023-01-16,2023-01-22,"[0.0, 0.0, 0.0, 0.0, 0.0, 0.0, 0.7]","[9.9, 8.3, 10.6, 11.4, 16.3, 13.0, 15.1]","[17.9, 18.2, 18.6, 19.9, 20.2, 21.4, 20.6]",2026-08-14T12:36:29.269882
HUB08-HUB08,2023-01-23,2023-01-29,"[0.2, 0.5, 0.0, 0.0, 0.0, 0.0, 7.1]","[14.4, 14.3, 14.8, 15.2, 13.1, 11.2, 21.1]","[21.8, 21.8, 21.3, 20.4, 20.9, 22.0, 19.2]",2026-08-14T12:36:29.270573
HUB08-HUB08,2023-01-30,2023-02-05,"[7.3, 0.0, 0.0, 0.0, 0.0, 0.0, 0.0]","[16.7, 12.7, 15.6, 12.1, 10.2, 11.3, 10.1]","[19.6, 20.9, 21.8, 23.4, 24.3, 24.9, 25.7]",2026-08-14T12:36:29.271295
HUB08-HUB08,2023-02-06,2023-02-12,"[0.0, 0.0, 0.0, 0.0, 0.0, 0.0, 0.0]","[13.1, 16.3, 11.0, 16.6, 20.3, 13.6, 22.1]","[26.4, 25.4, 25.4, 26.3, 28.4, 27.7, 24.9]",2026-08-14T12:36:29.271782
HUB08-HUB08,2023-02-13,2023-02-19,"[0.0, 0.0, 0.0, 0.0, 0.0, 0.0, 0.0]","[17.1, 12.3, 16.4, 10.6, 10.0, 11.0, 10.5]","[24.3, 27.1, 29.9, 30.7, 29.9, 30.1, 29.7]",2026-08-14T12:36:29.272234
HUB08-HUB08,2023-02-20,2023-02-26,"[0.0, 0.0, 0.0, 0.0, 0.0, 0.0, 0.0]","[13.8, 15.5, 12.9, 11.6, 11.9, 9.8, 9.8]","[31.7, 31.4, 30.2, 29.7, 28.6, 29.8, 29.8]",2026-08-14T12:36:29.272662
HUB08-HUB08,2023-02-27,2023-03-05,"[0.0, 0.0, 0.1, 0.0, 0.0, 0.0, 0.0]","[11.4, 17.7, 17.4, 15.5, 13.0, 12.2, 13.5]","[30.3, 30.0, 29.0, 31.0, 31.4, 31.1, 30.6]",2026-08-14T12:36:29.273085
HUB08-HUB08,2023-03-06,2023-03-12,"[0.0, 0.0, 2.9, 0.2, 0.0, 0.0, 0.0]","[14.7, 11.1, 12.0, 14.7, 11.9, 10.0, 8.9]","[30.3, 29.8, 25.2, 28.6, 29.9, 30.0, 31.5]",2026-08-14T12:36:29.273507
HUB08-HUB08,2023-03-13,2023-03-19,"[0.0, 0.0, 0.0, 0.8, 2.3, 1.3, 12.0]","[10.2, 14.2, 16.3, 14.4, 28.0, 19.8, 16.6]","[32.4, 32.9, 31.9, 30.0, 30.5, 27.7, 27.8]",2026-08-14T12:36:29.273918
HUB08-HUB08,2023-03-20,2023-03-26,"[9.0, 0.0, 0.3, 0.0, 0.3, 0.0, 0.0]","[20.8, 12.7, 16.5, 11.5, 14.1, 11.0, 15.4]","[25.0, 28.3, 28.1, 29.3, 29.5, 29.8, 28.8]",2026-08-14T12:36:29.274381
HUB08-HUB08,2023-03-27,2023-04-02,"[0.0, 0.0, 0.0, 9.2, 5.3, 0.1, 0.5]","[18.5, 15.5, 14.2, 25.2, 20.7, 15.6, 18.8]","[30.2, 31.7, 32.0, 31.4, 26.9, 28.1, 30.4]",2026-08-14T12:36:29.275246
HUB08-HUB08,2023-04-03,2023-04-09,"[0.0, 0.0, 0.0, 0.0, 0.0, 0.0, 0.0]","[24.8, 15.2, 12.2, 19.0, 15.3, 13.4, 14.8]","[32.5, 31.2, 32.5, 31.2, 33.8, 33.5, 34.8]",2026-08-14T12:36:29.275756
HUB08-HUB08,2023-04-10,2023-04-16,"[0.0, 0.0, 0.0, 0.0, 0.0, 0.0, 0.0]","[17.3, 14.4, 16.4, 10.7, 16.6, 12.1, 14.5]","[35.5, 37.0, 36.1, 36.9, 37.9, 38.8, 37.5]",2026-08-14T12:36:29.276219
HUB08-HUB08,2023-04-17,2023-04-23,"[0.0, 0.0, 0.0, 0.0, 0.0, 0.0, 0.0]","[16.6, 18.7, 24.1, 26.0, 20.4, 17.9, 27.0]","[38.1, 39.3, 37.3, 35.5, 35.6, 36.2, 33.1]",2026-08-14T12:36:29.276649
HUB08-HUB08,2023-04-24,2023-04-30,"[0.0, 0.0, 0.0, 0.0, 0.9, 0.5, 1.8]","[13.8, 13.2, 14.2, 22.0, 22.6, 19.6, 9.0]","[32.2, 33.8, 35.0, 35.4, 33.3, 30.1, 29.9]",2026-08-14T12:36:29.277072
HUB08-HUB08,2023-05-01,2023-05-07,"[13.8, 0.0, 2.2, 0.0, 0.5, 0.0, 0.0]","[15.4, 12.8, 22.7, 9.4, 13.5, 22.9, 16.6]","[28.5, 31.4, 31.7, 32.3, 35.1, 36.8, 38.2]",2026-08-14T12:36:29.277490
HUB08-HUB08,2023-05-08,2023-05-14,"[0.0, 0.0, 0.0, 0.0, 0.0, 0.0, 0.0]","[21.6, 19.9, 23.4, 18.3, 23.5, 21.1, 22.8]","[38.5, 39.2, 38.9, 40.4, 42.3, 43.4, 42.0]",2026-08-14T12:36:29.277916
HUB08-HUB08,2023-05-15,2023-05-21,"[0.0, 0.2, 0.0, 0.0, 0.0, 0.0, 0.2]","[21.9, 25.2, 20.8, 16.9, 18.2, 21.3, 22.0]","[40.9, 38.5, 39.4, 38.4, 39.9, 41.5, 42.5]",2026-08-14T12:36:29.278287
HUB08-HUB08,2023-05-22,2023-05-28,"[0.0, 0.0, 13.0, 3.4, 4.2, 4.7, 0.0]","[24.4, 19.3, 17.3, 22.0, 18.5, 29.0, 28.3]","[42.1, 41.3, 36.9, 34.4, 34.1, 33.3, 35.7]",2026-08-14T12:36:29.278621
HUB08-HUB08,2023-05-29,2023-06-04,"[0.2, 1.0, 0.1, 0.4, 0.6, 0.2, 0.0]","[16.6, 19.5, 19.9, 18.8, 18.7, 23.9, 14.4]","[32.5, 35.5, 32.1, 35.6, 33.4, 36.5, 35.4]",2026-08-14T12:36:29.278958
HUB08-HUB08,2023-06-05,2023-06-11,"[0.0, 0.0, 0.0, 0.8, 0.0, 0.0, 0.0]","[14.9, 26.0, 14.7, 24.3, 20.9, 26.0, 22.0]","[36.1, 38.1, 39.0, 37.9, 39.2, 39.0, 39.2]",2026-08-14T12:36:29.279298
HUB08-HUB08,2023-06-12,2023-06-18,"[0.0, 0.0, 0.0, 0.3, 0.5, 3.2, 20.2]","[21.9, 20.6, 24.5, 21.6, 20.5, 22.3, 29.7]","[39.5, 39.6, 38.7, 38.3, 34.7, 34.6, 31.1]",2026-08-14T12:36:29.279633
HUB08-HUB08,2023-06-19,2023-06-25,"[56.9, 33.5, 0.2, 0.0, 0.0, 1.1, 1.4]","[27.5, 22.1, 22.0, 21.9, 21.7, 20.9, 20.6]","[30.4, 33.0, 34.9, 35.2, 35.9, 37.8, 32.0]",2026-08-14T12:36:29.279972
HUB08-HUB08,2023-06-26,2023-07-02,"[3.8, 0.4, 5.3, 23.1, 18.9, 2.8, 0.2]","[9.7, 11.4, 11.2, 12.6, 13.2, 18.2, 23.3]","[33.4, 33.8, 34.0, 32.0, 32.9, 34.1, 34.1]",2026-08-14T12:36:29.280312
HUB08-HUB08,2023-07-03,2023-07-09,"[0.2, 4.4, 2.3, 0.4, 12.7, 22.9, 18.4]","[14.6, 22.1, 21.0, 13.3, 10.1, 12.1, 8.7]","[35.6, 36.5, 35.0, 34.0, 33.4, 32.5, 32.3]",2026-08-14T12:36:29.280648
HUB08-HUB08,2023-07-10,2023-07-16,"[28.3, 2.0, 0.1, 3.4, 3.1, 2.5, 41.2]","[9.0, 15.3, 13.6, 18.1, 19.7, 17.5, 17.9]","[30.5, 34.2, 34.6, 34.1, 33.6, 33.1, 31.1]",2026-08-14T12:36:29.280991
HUB08-HUB08,2023-07-17,2023-07-23,"[0.8, 2.7, 1.1, 0.3, 0.3, 0.3, 4.1]","[14.3, 10.5, 13.3, 13.9, 17.6, 20.9, 24.9]","[33.1, 32.6, 32.7, 34.5, 34.7, 34.3, 33.1]",2026-08-14T12:36:29.281341
HUB08-HUB08,2023-07-24,2023-07-30,"[2.9, 5.5, 5.4, 6.9, 3.7, 22.6, 14.3]","[17.0, 10.2, 8.4, 9.8, 18.7, 16.2, 18.4]","[33.6, 33.0, 32.4, 32.2, 32.2, 27.8, 31.6]",2026-08-14T12:36:29.281682
HUB08-HUB08,2023-07-31,2023-08-06,"[0.7, 1.3, 0.5, 0.0, 3.4, 0.0, 0.0]","[18.4, 15.9, 21.7, 19.9, 17.9, 17.6, 21.2]","[31.8, 32.9, 32.8, 32.7, 32.0, 32.7, 33.2]",2026-08-14T12:36:29.282017
HUB08-HUB08,2023-08-07,2023-08-13,"[0.0, 0.0, 0.0, 0.0, 0.0, 0.0, 0.0]","[23.6, 22.4, 21.0, 18.0, 14.8, 19.3, 18.0]","[31.9, 32.7, 32.6, 32.5, 33.1, 33.2, 32.1]",2026-08-14T12:36:29.282355
HUB08-HUB08,2023-08-14,2023-08-20,"[0.2, 1.0, 0.1, 0.0, 1.6, 1.0, 3.3]","[10.9, 13.3, 16.1, 17.8, 17.9, 15.0, 15.3]","[30.6, 33.5, 34.2, 34.3, 34.3, 33.4, 34.7]",2026-08-14T12:36:29.282684
HUB08-HUB08,2023-08-21,2023-08-27,"[1.1, 9.1, 0.3, 0.0, 0.0, 0.1, 0.0]","[12.5, 16.2, 19.4, 18.4, 17.4, 18.9, 20.2]","[34.5, 35.5, 31.1, 31.4, 31.4, 33.0, 32.6]",2026-08-14T12:36:29.283013
HUB08-HUB08,2023-08-28,2023-09-03,"[0.0, 0.0, 0.3, 0.0, 0.4, 0.0, 0.0]","[19.4, 18.9, 15.5, 17.8, 17.6, 20.9, 20.3]","[33.2, 33.1, 33.9, 34.7, 35.3, 35.4, 35.1]",2026-08-14T12:36:29.283349
HUB08-HUB08,2023-09-04,2023-09-10,"[0.0, 0.2, 0.3, 0.1, 0.2, 1.5, 3.2]","[21.3, 20.3, 21.1, 16.8, 16.8, 21.9, 20.6]","[35.2, 36.1, 35.0, 34.5, 34.4, 33.5, 33.9]",2026-08-14T12:36:29.283683
HUB08-HUB08,2023-09-11,2023-09-17,"[1.0, 1.1, 1.7, 29.0, 1.4, 7.3, 3.4]","[14.4, 13.6, 12.4, 12.2, 15.6, 27.9, 28.7]","[33.2, 32.7, 32.9, 33.2, 33.2, 29.9, 29.4]",2026-08-14T12:36:29.284011
HUB08-HUB08,2023-09-18,2023-09-24,"[1.6, 0.3, 0.0, 0.1, 0.2, 7.7, 0.6]","[26.0, 16.9, 7.3, 13.4, 12.3, 18.8, 23.3]","[29.5, 31.7, 32.7, 33.2, 33.2, 31.5, 33.8]",2026-08-14T12:36:29.284292
HUB08-HUB08,2023-09-25,2023-10-01,"[0.3, 2.0, 0.0, 0.0, 0.0, 0.0, 0.0]","[10.1, 9.8, 10.5, 9.7, 11.7, 13.0, 11.4]","[32.4, 33.1, 33.5, 34.2, 34.7, 35.7, 34.6]",2026-08-14T12:36:29.284575
HUB08-HUB08,2023-10-02,2023-10-08,"[0.0, 0.0, 0.0, 0.0, 0.0, 0.0, 0.0]","[15.0, 14.0, 14.9, 19.9, 19.4, 17.4, 19.1]","[35.4, 34.3, 35.1, 35.5, 35.6, 35.3, 35.0]",2026-08-14T12:36:29.284858
HUB08-HUB08,2023-10-09,2023-10-15,"[0.0, 0.0, 0.0, 0.0, 0.0, 0.0, 0.0]","[20.5, 15.2, 13.8, 11.4, 11.0, 11.7, 14.2]","[34.8, 33.9, 34.8, 34.5, 34.9, 34.6, 33.5]",2026-08-14T12:36:29.285141
HUB08-HUB08,2023-10-16,2023-10-22,"[0.0, 0.1, 0.0, 0.0, 0.0, 0.0, 0.0]","[19.1, 16.1, 10.7, 11.4, 10.7, 10.6, 12.6]","[32.9, 30.8, 30.1, 31.3, 31.6, 32.1, 32.4]",2026-08-14T12:36:29.285421
HUB08-HUB08,2023-10-23,2023-10-29,"[0.0, 0.0, 0.0, 0.0, 0.0, 0.0, 0.0]","[13.8, 14.5, 16.6, 19.2, 9.9, 8.3, 13.6]","[31.5, 31.3, 31.3, 31.7, 31.4, 31.3, 32.9]",2026-08-14T12:36:29.285708
HUB08-HUB08,2023-10-30,2023-11-05,"[0.0, 0.0, 0.0, 0.0, 0.0, 0.0, 0.0]","[11.5, 12.0, 10.9, 12.2, 15.5, 10.0, 13.4]","[32.6, 32.9, 31.6, 31.4, 31.7, 30.7, 31.0]",2026-08-14T12:36:29.285991
HUB08-HUB08,2023-11-06,2023-11-12,"[0.0, 0.0, 0.0, 0.0, 0.0, 0.0, 0.0]","[12.5, 9.8, 14.4, 9.7, 14.2, 11.5, 8.4]","[30.6, 31.4, 31.3, 31.1, 29.7, 27.0, 26.6]",2026-08-14T12:36:29.286272
HUB08-HUB08,2023-11-13,2023-11-19,"[0.0, 0.0, 0.0, 0.0, 0.0, 0.0, 0.0]","[8.2, 8.9, 10.9, 9.0, 9.8, 9.4, 10.0]","[26.5, 25.6, 26.6, 26.1, 25.6, 25.7, 26.6]",2026-08-14T12:36:29.286558
HUB08-HUB08,2023-11-20,2023-11-26,"[0.0, 0.0, 0.0, 0.0, 0.0, 0.0, 0.0]","[7.7, 13.0, 9.7, 9.4, 9.7, 10.0, 19.6]","[27.1, 27.1, 26.0, 26.5, 26.5, 25.8, 25.6]",2026-08-14T12:36:29.286845
HUB08-HUB08,2023-11-27,2023-12-03,"[2.6, 0.3, 0.2, 0.2, 0.0, 0.0, 2.2]","[16.5, 10.5, 8.8, 12.6, 11.5, 12.9, 13.1]","[21.8, 21.0, 23.5, 24.4, 24.3, 24.3, 23.1]",2026-08-14T12:36:29.287128
HUB08-HUB08,2023-12-04,2023-12-10,"[0.7, 0.0, 0.0, 0.0, 0.0, 0.0, 0.0]","[11.6, 12.1, 11.0, 11.6, 10.2, 10.2, 8.8]","[22.6, 23.2, 22.6, 23.7, 24.3, 24.4, 24.3]",2026-08-14T12:36:29.287412
HUB08-HUB08,2023-12-11,2023-12-17,"[0.0, 0.0, 0.0, 0.0, 0.0, 0.0, 0.0]","[11.1, 10.2, 9.7, 10.0, 10.3, 9.8, 13.3]","[23.2, 23.3, 23.6, 23.5, 22.9, 23.6, 23.9]",2026-08-14T12:36:29.287701
HUB08-HUB08,2023-12-18,2023-12-24,"[0.0, 0.0, 0.0, 0.0, 0.0, 0.4, 0.0]","[14.5, 10.9, 9.5, 9.2, 10.3, 11.7, 9.4]","[22.7, 22.3, 21.0, 22.9, 23.3, 23.3, 22.8]",2026-08-14T12:36:29.287990
HUB08-HUB08,2023-12-25,2023-12-31,"[0.0, 0.0, 0.0, 0.0, 0.0, 0.0, 0.0]","[10.1, 9.8, 12.0, 10.0, 11.0, 11.7, 12.5]","[24.1, 25.1, 24.6, 23.0, 21.7, 21.5, 21.5]",2026-08-14T12:36:29.288275
HUB08-HUB08,2024-01-01,2024-01-07,"[0.0, 0.0, 0.0, 0.0, 0.0, 0.0, 0.0]","[9.4, 9.4, 8.2, 7.4, 10.4, 9.9, 7.9]","[21.0, 19.0, 17.7, 18.1, 17.5, 18.1, 18.2]",2026-08-14T12:36:29.288564
HUB08-HUB08,2024-01-08,2024-01-14,"[0.0, 0.0, 0.0, 0.0, 0.0, 0.0, 0.0]","[10.8, 11.8, 10.5, 7.6, 9.6, 10.5, 9.7]","[19.7, 19.9, 19.4, 20.1, 21.1, 22.2, 22.6]",2026-08-14T12:36:29.288855
HUB08-HUB08,2024-01-15,2024-01-21,"[0.0, 0.0, 0.0, 0.0, 0.0, 0.0, 0.0]","[7.1, 11.2, 11.3, 9.8, 13.4, 9.0, 13.2]","[21.2, 21.0, 20.9, 20.9, 19.9, 19.1, 20.8]",2026-08-14T12:36:29.289145
HUB08-HUB08,2024-01-22,2024-01-28,"[0.0, 0.0, 0.0, 0.0, 0.0, 0.0, 0.0]","[9.6, 9.3, 12.5, 10.2, 10.9, 11.2, 13.0]","[20.5, 21.1, 21.1, 20.3, 21.7, 23.5, 24.0]",2026-08-14T12:36:29.289436
HUB08-HUB08,2024-01-29,2024-02-04,"[0.0, 0.0, 0.1, 0.0, 0.1, 0.8, 4.9]","[9.3, 9.4, 15.1, 16.8, 15.9, 11.2, 25.2]","[24.6, 23.5, 24.2, 25.8, 22.8, 22.9, 24.1]",2026-08-14T12:36:29.289722
HUB08-HUB08,2024-02-05,2024-02-11,"[0.1, 0.0, 0.0, 0.0, 0.0, 0.0, 0.0]","[12.2, 11.6, 15.8, 15.3, 11.2, 9.7, 10.4]","[21.6, 20.7, 21.2, 21.2, 21.3, 21.9, 22.5]",2026-08-14T12:36:29.290004
HUB08-HUB08,2024-02-12,2024-02-18,"[0.0, 0.0, 0.1, 0.0, 0.0, 0.0, 0.0]","[9.3, 10.2, 11.8, 10.4, 10.5, 8.9, 15.8]","[21.8, 23.5, 24.5, 24.9, 25.4, 26.9, 27.9]",2026-08-14T12:36:29.290292
HUB08-HUB08,2024-02-19,2024-02-25,"[0.0, 0.0, 0.0, 0.0, 0.0, 0.5, 0.0]","[29.0, 20.1, 12.5, 13.2, 19.4, 24.0, 22.0]","[30.6, 27.6, 26.1, 23.9, 24.3, 22.4, 24.7]",2026-08-14T12:36:29.290571
HUB08-HUB08,2024-02-26,2024-03-03,"[0.0, 0.0, 0.0, 0.0, 4.2, 1.9, 0.0]","[18.3, 17.7, 13.6, 11.6, 22.3, 16.8, 12.3]","[23.1, 25.0, 25.7, 27.4, 30.5, 25.0, 23.9]",2026-08-14T12:36:29.291109
HUB08-HUB08,2024-03-04,2024-03-10,"[0.0, 0.0, 0.4, 0.0, 0.0, 0.0, 0.0]","[12.8, 15.2, 11.6, 15.3, 20.0, 16.6, 10.5]","[22.6, 23.3, 24.6, 27.2, 26.6, 27.7, 28.7]",2026-08-14T12:36:29.291528
HUB08-HUB08,2024-03-11,2024-03-17,"[0.0, 0.0, 0.0, 0.0, 0.0, 0.0, 0.0]","[12.8, 12.9, 28.6, 15.8, 18.6, 13.2, 13.4]","[30.4, 31.5, 31.2, 29.9, 29.4, 28.1, 29.5]",2026-08-14T12:36:29.291825
HUB08-HUB08,2024-03-18,2024-03-24,"[0.0, 0.1, 0.0, 0.0, 0.0, 0.0, 0.0]","[14.5, 22.9, 12.3, 12.9, 15.9, 13.8, 22.5]","[30.6, 32.2, 31.3, 31.4, 35.4, 36.2, 35.1]",2026-08-14T12:36:29.292085
HUB08-HUB08,2024-03-25,2024-03-31,"[0.0, 0.0, 0.0, 0.0, 0.0, 0.0, 0.0]","[16.9, 17.4, 11.3, 15.9, 18.4, 21.4, 20.7]","[35.1, 36.8, 37.2, 38.4, 37.9, 36.1, 34.8]",2026-08-14T12:36:29.292337
HUB08-HUB08,2024-04-01,2024-04-07,"[0.0, 0.0, 0.0, 0.0, 0.0, 0.5, 0.0]","[21.6, 15.8, 12.4, 19.7, 14.3, 18.4, 17.4]","[33.7, 34.6, 35.6, 35.2, 33.9, 34.3, 36.1]",2026-08-14T12:36:29.292583
HUB08-HUB08,2024-04-08,2024-04-14,"[0.0, 0.0, 0.1, 0.0, 0.0, 0.0, 0.8]","[13.0, 15.6, 24.2, 13.9, 16.6, 20.2, 19.1]","[37.4, 37.7, 36.0, 36.9, 36.7, 36.3, 35.5]",2026-08-14T12:36:29.292829
HUB08-HUB08,2024-04-15,2024-04-21,"[0.0, 0.0, 0.0, 0.5, 0.0, 0.0, 0.0]","[22.8, 15.8, 25.5, 32.6, 28.4, 17.3, 14.3]","[35.2, 36.1, 36.9, 38.9, 37.8, 35.7, 35.4]",2026-08-14T12:36:29.293079
HUB08-HUB08,2024-04-22,2024-04-28,"[0.0, 0.0, 0.0, 0.0, 0.0, 0.0, 0.0]","[13.3, 18.1, 17.2, 12.7, 24.9, 22.4, 14.0]","[36.6, 37.5, 38.2, 38.8, 37.8, 36.8, 37.9]",2026-08-14T12:36:29.293325
HUB08-HUB08,2024-04-29,2024-05-05,"[0.0, 0.0, 0.0, 0.0, 0.0, 0.0, 0.0]","[24.4, 20.7, 20.1, 14.5, 11.5, 21.3, 19.1]","[37.7, 35.8, 34.0, 35.2, 38.1, 39.2, 39.6]",2026-08-14T12:36:29.293573
HUB08-HUB08,2024-05-06,2024-05-12,"[0.0, 0.0, 0.0, 0.0, 0.0, 0.0, 0.0]","[14.5, 17.0, 23.1, 19.4, 25.2, 20.9, 20.0]","[40.8, 42.1, 42.6, 42.7, 42.4, 39.4, 40.6]",2026-08-14T12:36:29.293823
HUB08-HUB08,2024-05-13,2024-05-19,"[0.7, 0.0, 0.0, 0.0, 0.0, 0.0, 0.0]","[22.2, 18.4, 21.1, 16.1, 16.0, 19.9, 14.9]","[38.6, 41.3, 42.6, 43.7, 43.8, 44.5, 44.4]",2026-08-14T12:36:29.294070
HUB08-HUB08,2024-05-20,2024-05-26,"[0.0, 0.0, 0.0, 0.0, 0.0, 0.0, 0.0]","[23.1, 22.9, 14.0, 22.4, 18.7, 22.9, 26.3]","[43.4, 44.2, 43.9, 44.8, 42.3, 44.9, 46.0]",2026-08-14T12:36:29.294329
HUB08-HUB08,2024-05-27,2024-06-02,"[0.0, 0.0, 0.0, 0.0, 0.0, 0.0, 0.0]","[20.3, 26.9, 24.9, 22.1, 24.6, 23.7, 26.9]","[46.6, 45.5, 46.0, 44.9, 44.9, 42.2, 41.5]",2026-08-14T12:36:29.294577
HUB08-HUB08,2024-06-03,2024-06-09,"[0.0, 0.0, 0.0, 0.0, 0.0, 0.0, 0.0]","[18.8, 20.9, 24.1, 20.0, 24.3, 22.5, 17.2]","[42.4, 42.9, 41.8, 41.6, 41.9, 40.2, 42.1]",2026-08-14T12:36:29.294819
HUB08-HUB08,2024-06-10,2024-06-16,"[0.0, 0.0, 0.0, 1.1, 0.0, 0.0, 0.0]","[19.5, 20.2, 20.9, 33.4, 23.1, 22.4, 21.0]","[42.7, 42.0, 42.2, 40.6, 39.7, 42.1, 41.9]",2026-08-14T12:36:29.295065
HUB08-HUB08,2024-06-17,2024-06-23,"[0.0, 0.0, 0.0, 1.1, 13.0, 0.0, 0.0]","[22.4, 25.9, 24.2, 28.6, 16.1, 13.9, 9.4]","[42.6, 42.0, 41.0, 38.8, 36.7, 37.4, 37.9]",2026-08-14T12:36:29.295322
HUB08-HUB08,2024-06-24,2024-06-30,"[1.0, 7.2, 3.3, 24.6, 8.6, 32.1, 1.6]","[15.9, 15.8, 15.1, 20.5, 13.9, 9.2, 19.7]","[37.2, 35.9, 36.4, 33.4, 33.1, 31.2, 33.4]",2026-08-14T12:36:29.295575
HUB08-HUB08,2024-07-01,2024-07-07,"[0.2, 0.2, 2.1, 30.8, 18.2, 5.1, 3.2]","[19.4, 17.8, 17.8, 13.0, 21.0, 16.2, 13.8]","[34.4, 34.4, 35.8, 30.7, 32.8, 32.8, 33.9]",2026-08-14T12:36:29.295824
HUB08-HUB08,2024-07-08,2024-07-14,"[6.0, 1.0, 10.8, 3.1, 7.4, 0.9, 1.4]","[11.4, 9.2, 11.2, 21.3, 20.2, 15.4, 14.5]","[31.8, 33.8, 33.4, 35.6, 33.6, 33.8, 34.0]",2026-08-14T12:36:29.296070
HUB08-HUB08,2024-07-15,2024-07-21,"[1.0, 0.8, 1.4, 2.7, 0.2, 0.4, 0.1]","[12.4, 16.0, 14.1, 9.4, 15.5, 10.9, 9.6]","[33.4, 33.7, 34.4, 33.7, 34.6, 34.9, 35.2]",2026-08-14T12:36:29.296314
HUB08-HUB08,2024-07-22,2024-07-28,"[9.0, 1.7, 17.6, 20.8, 14.8, 10.6, 5.1]","[11.5, 20.2, 19.7, 13.9, 14.0, 14.8, 15.0]","[34.3, 34.1, 33.8, 32.6, 31.9, 32.9, 32.9]",2026-08-14T12:36:29.296561
HUB08-HUB08,2024-07-29,2024-08-04,"[0.5, 2.6, 3.4, 28.0, 8.0, 0.9, 3.8]","[20.2, 13.5, 16.6, 15.1, 14.0, 13.4, 20.9]","[33.6, 33.2, 32.3, 27.9, 30.3, 31.0, 31.4]",2026-08-14T12:36:29.296807
HUB08-HUB08,2024-08-05,2024-08-11,"[11.2, 1.0, 1.6, 12.5, 4.3, 15.8, 18.3]","[28.2, 24.4, 19.8, 19.9, 15.1, 16.5, 16.0]","[29.8, 28.1, 29.3, 28.2, 29.4, 30.7, 29.0]",2026-08-14T12:36:29.297052
HUB08-HUB08,2024-08-12,2024-08-18,"[30.7, 20.3, 25.4, 38.2, 25.7, 0.4, 0.8]","[15.6, 17.6, 16.6, 15.7, 12.6, 11.6, 12.1]","[29.9, 30.6, 30.5, 29.4, 28.7, 31.0, 31.6]",2026-08-14T12:36:29.297299
HUB08-HUB08,2024-08-19,2024-08-25,"[0.9, 1.9, 2.0, 15.8, 10.3, 7.1, 11.6]","[15.6, 8.4, 11.2, 9.0, 9.0, 14.4, 23.9]","[31.4, 31.4, 31.6, 31.6, 31.7, 31.9, 30.1]",2026-08-14T12:36:29.297548
HUB08-HUB08,2024-08-26,2024-09-01,"[12.7, 7.3, 0.0, 1.0, 9.4, 12.2, 1.8]","[22.7, 20.7, 15.7, 16.8, 13.7, 9.1, 10.8]","[30.4, 30.0, 30.6, 29.5, 30.8, 31.2, 32.0]",2026-08-14T12:36:29.297792
HUB08-HUB08,2024-09-02,2024-09-08,"[6.2, 6.0, 1.8, 47.6, 15.5, 12.4, 6.8]","[11.9, 16.2, 8.9, 8.2, 9.0, 7.6, 11.5]","[30.6, 31.0, 29.6, 28.2, 29.8, 29.0, 28.3]",2026-08-14T12:36:29.298037
HUB08-HUB08,2024-09-09,2024-09-15,"[1.6, 4.6, 14.3, 6.0, 0.8, 0.3, 0.0]","[9.1, 12.9, 21.6, 25.5, 27.9, 19.8, 15.5]","[30.5, 30.7, 31.1, 31.0, 30.5, 29.9, 30.0]",2026-08-14T12:36:29.298293
HUB08-HUB08,2024-09-16,2024-09-22,"[0.0, 0.0, 1.2, 0.3, 0.5, 0.6, 0.0]","[14.2, 15.3, 22.0, 10.8, 5.2, 7.1, 6.7]","[31.3, 30.5, 30.2, 27.9, 29.5, 30.4, 32.6]",2026-08-14T12:36:29.298535
HUB08-HUB08,2024-09-23,2024-09-29,"[0.0, 0.1, 0.4, 0.4, 0.0, 0.0, 0.0]","[10.7, 7.0, 9.8, 13.8, 14.6, 16.5, 13.0]","[32.9, 33.3, 33.0, 31.1, 31.2, 31.4, 31.6]",2026-08-14T12:36:29.298778
HUB08-HUB08,2024-09-30,2024-10-06,"[0.0, 0.0, 0.0, 0.0, 0.0, 0.0, 0.1]","[11.8, 15.6, 23.7, 20.3, 16.9, 14.5, 12.0]","[32.6, 34.6, 35.0, 35.0, 33.6, 32.5, 32.7]",2026-08-14T12:36:29.299024
HUB08-HUB08,2024-10-07,2024-10-13,"[0.0, 0.0, 0.0, 0.4, 0.0, 0.0, 0.0]","[8.4, 9.0, 11.5, 8.8, 10.7, 10.3, 9.0]","[33.1, 33.5, 33.8, 32.1, 32.5, 31.9, 29.9]",2026-08-14T12:36:29.299267
HUB08-HUB08,2024-10-14,2024-10-20,"[0.0, 0.0, 0.0, 0.0, 0.0, 0.0, 0.0]","[9.8, 10.0, 10.3, 10.4, 9.5, 9.4, 11.4]","[31.9, 32.2, 33.1, 32.8, 32.8, 33.9, 33.4]",2026-08-14T12:36:29.299511
HUB08-HUB08,2024-10-21,2024-10-27,"[0.0, 0.0, 0.0, 0.0, 0.0, 0.0, 0.0]","[10.5, 8.3, 12.6, 18.0, 11.5, 13.2, 8.1]","[33.3, 32.0, 32.2, 32.0, 33.0, 33.5, 32.4]",2026-08-14T12:36:29.299764
HUB08-HUB08,2024-10-28,2024-11-03,"[0.0, 0.0, 0.0, 0.0, 0.0, 0.0, 0.0]","[10.3, 10.2, 12.1, 14.0, 14.9, 9.2, 11.3]","[32.1, 33.3, 34.9, 33.7, 32.7, 32.3, 32.6]",2026-08-14T12:36:29.299988
HUB08-HUB08,2024-11-04,2024-11-10,"[0.0, 0.0, 0.0, 0.0, 0.0, 0.0, 0.0]","[9.0, 9.8, 9.0, 9.1, 7.6, 9.4, 12.4]","[31.1, 30.5, 31.0, 31.4, 31.3, 31.6, 31.7]",2026-08-14T12:36:29.300226
HUB08-HUB08,2024-11-11,2024-11-17,"[0.0, 0.0, 0.0, 0.0, 0.0, 0.0, 0.0]","[10.4, 10.4, 10.1, 9.8, 9.9, 9.2, 11.3]","[31.3, 31.2, 30.6, 29.8, 29.4, 29.6, 29.1]",2026-08-14T12:36:29.300444
HUB08-HUB08,2024-11-18,2024-11-24,"[0.0, 0.0, 0.0, 0.0, 0.0, 0.0, 0.0]","[9.6, 5.6, 7.6, 7.0, 4.9, 7.2, 7.3]","[27.0, 26.3, 26.1, 25.8, 26.0, 25.7, 27.2]",2026-08-14T12:36:29.300677
HUB08-HUB08,2024-11-25,2024-12-01,"[0.0, 0.0, 0.0, 0.0, 0.0, 0.0, 0.0]","[11.9, 9.5, 11.7, 9.8, 6.9, 12.1, 10.9]","[27.5, 26.9, 27.3, 26.1, 24.2, 24.8, 25.4]",2026-08-14T12:36:29.300904
HUB08-HUB08,2024-12-02,2024-12-08,"[0.0, 0.0, 0.0, 0.0, 0.0, 0.0, 0.0]","[9.0, 9.1, 8.7, 8.5, 9.2, 6.6, 15.5]","[25.7, 26.4, 26.2, 24.9, 24.3, 24.1, 22.7]",2026-08-14T12:36:29.301121
HUB08-HUB08,2024-12-09,2024-12-15,"[0.0, 0.0, 0.0, 0.0, 0.0, 0.0, 0.0]","[12.9, 8.2, 6.3, 10.1, 12.3, 10.9, 8.0]","[20.7, 21.1, 21.9, 20.7, 21.4, 23.0, 22.6]",2026-08-14T12:36:29.301335
HUB08-HUB08,2024-12-16,2024-12-22,"[0.0, 0.0, 0.0, 0.0, 0.0, 0.0, 0.0]","[7.2, 8.0, 9.7, 12.2, 10.9, 10.3, 11.4]","[22.4, 22.2, 21.6, 20.8, 21.8, 22.9, 22.0]",2026-08-14T12:36:29.301549
HUB08-HUB08,2024-12-23,2024-12-29,"[1.5, 0.4, 0.0, 0.8, 25.4, 1.4, 0.0]","[12.4, 10.3, 10.5, 13.0, 10.9, 11.3, 9.8]","[18.5, 20.5, 20.2, 20.8, 19.3, 19.9, 18.6]",2026-08-14T12:36:29.301768
HUB08-HUB08,2024-12-30,2025-01-05,"[0.0, 0.0, 0.0, 0.0, 0.0, 0.0, 0.0]","[8.6, 6.5, 8.9, 9.2, 4.7, 8.9, 8.9]","[18.5, 16.9, 19.1, 22.6, 22.0, 22.1, 21.9]",2026-08-14T12:36:29.301982
HUB08-HUB08,2025-01-06,2025-01-12,"[0.4, 0.0, 0.0, 0.0, 0.0, 8.9, 0.2]","[10.4, 13.0, 10.3, 9.7, 13.3, 12.0, 13.2]","[21.1, 18.2, 19.2, 19.6, 19.8, 17.3, 17.4]",2026-08-14T12:36:29.302196
HUB08-HUB08,2025-01-13,2025-01-19,"[0.0, 0.0, 3.0, 0.2, 0.0, 0.0, 0.0]","[10.6, 9.4, 12.4, 9.9, 9.4, 7.7, 6.8]","[18.5, 18.8, 16.8, 19.9, 18.9, 19.9, 23.9]",2026-08-14T12:36:29.302413
HUB08-HUB08,2025-01-20,2025-01-26,"[0.0, 0.0, 1.0, 0.1, 0.0, 0.0, 0.0]","[9.3, 9.5, 10.7, 11.0, 10.4, 9.2, 7.2]","[24.6, 24.1, 23.3, 22.4, 21.7, 21.5, 23.0]",2026-08-14T12:36:29.302628
HUB08-HUB08,2025-01-27,2025-02-02,"[0.0, 0.0, 0.0, 0.0, 0.0, 0.0, 0.0]","[4.9, 7.6, 9.7, 8.6, 9.2, 9.8, 11.5]","[23.9, 24.3, 24.8, 26.6, 25.5, 24.1, 25.0]",2026-08-14T12:36:29.302844
HUB08-HUB08,2025-02-03,2025-02-09,"[0.0, 7.6, 0.0, 0.0, 0.0, 0.0, 0.0]","[10.7, 12.4, 12.8, 9.6, 10.7, 9.8, 6.0]","[23.6, 23.4, 22.7, 22.3, 22.1, 24.9, 24.1]",2026-08-14T12:36:29.303061
HUB08-HUB08,2025-02-10,2025-02-16,"[0.0, 0.0, 0.0, 0.0, 0.0, 0.0, 0.0]","[7.7, 6.3, 13.9, 13.0, 10.6, 16.1, 10.9]","[27.2, 27.6, 26.1, 25.4, 27.4, 30.7, 28.0]",2026-08-14T12:36:29.303280
HUB08-HUB08,2025-02-17,2025-02-23,"[0.0, 1.0, 1.4, 1.3, 0.0, 0.0, 0.0]","[12.1, 11.5, 16.6, 17.2, 15.7, 10.8, 9.3]","[27.6, 25.6, 26.3, 26.0, 26.9, 26.2, 26.6]",2026-08-14T12:36:29.303495
HUB08-HUB08,2025-02-24,2025-03-02,"[0.0, 0.0, 0.0, 0.0, 0.0, 0.0, 0.0]","[8.4, 8.5, 10.2, 12.6, 10.2, 14.3, 13.2]","[27.5, 28.9, 30.4, 29.2, 26.6, 27.5, 28.6]",2026-08-14T12:36:29.303710
HUB08-HUB08,2025-03-03,2025-03-09,"[0.0, 0.0, 0.0, 0.0, 0.0, 0.0, 0.0]","[19.4, 17.5, 18.5, 12.6, 12.4, 10.6, 11.7]","[30.4, 25.4, 25.5, 29.3, 31.2, 31.1, 31.5]",2026-08-14T12:36:29.303936
HUB08-HUB08,2025-03-10,2025-03-16,"[0.0, 0.0, 0.0, 0.1, 0.0, 0.0, 0.0]","[10.4, 11.1, 13.8, 21.8, 12.6, 18.7, 14.3]","[32.9, 35.3, 34.8, 33.5, 33.6, 33.6, 30.3]",2026-08-14T12:36:29.304155
HUB08-HUB08,2025-03-17,2025-03-23,"[0.0, 0.0, 0.0, 0.0, 0.0, 0.0, 0.0]","[12.5, 11.2, 10.5, 12.3, 12.6, 17.1, 10.5]","[29.5, 30.9, 31.2, 31.7, 32.7, 33.1, 33.2]",2026-08-14T12:36:29.304369
HUB08-HUB08,2025-03-24,2025-03-30,"[0.0, 0.0, 0.0, 0.0, 0.0, 0.0, 0.0]","[10.7, 10.5, 11.5, 18.6, 17.4, 15.7, 11.8]","[34.4, 36.3, 35.9, 35.7, 31.2, 31.0, 33.2]",2026-08-14T12:36:29.304583
HUB08-HUB08,2025-03-31,2025-04-06,"[0.0, 0.0, 0.0, 0.1, 0.0, 0.0, 0.0]","[10.0, 9.9, 11.4, 16.3, 12.6, 13.2, 10.5]","[34.7, 35.2, 34.9, 34.2, 37.2, 37.0, 39.0]",2026-08-14T12:36:29.304797
HUB08-HUB08,2025-04-07,2025-04-13,"[0.0, 0.0, 0.0, 0.0, 0.1, 0.0, 0.0]","[10.7, 10.6, 16.4, 16.9, 17.9, 15.7, 17.1]","[39.8, 39.9, 41.2, 40.2, 38.5, 36.8, 37.1]",2026-08-14T12:36:29.305013
HUB08-HUB08,2025-04-14,2025-04-20,"[0.0, 0.0, 0.0, 0.0, 0.0, 0.0, 0.0]","[10.4, 11.3, 11.7, 15.0, 15.5, 17.5, 15.2]","[36.9, 36.9, 38.3, 41.3, 42.3, 39.9, 39.3]",2026-08-14T12:36:29.305227
HUB08-HUB08,2025-04-21,2025-04-27,"[0.0, 0.0, 0.0, 0.0, 0.0, 0.0, 0.0]","[15.8, 14.0, 13.7, 18.2, 13.6, 16.4, 9.2]","[38.3, 38.8, 38.9, 39.9, 40.8, 40.1, 39.8]",2026-08-14T12:36:29.305440
HUB08-HUB08,2025-04-28,2025-05-04,"[0.0, 0.0, 0.1, 0.0, 0.3, 2.0, 0.0]","[15.1, 12.6, 25.0, 12.8, 20.0, 11.9, 9.5]","[41.0, 40.1, 39.6, 39.8, 36.2, 35.4, 35.8]",2026-08-14T12:36:29.305653
HUB08-HUB08,2025-05-05,2025-05-11,"[0.0, 0.2, 0.8, 2.8, 0.5, 0.1, 0.0]","[10.7, 17.8, 15.0, 11.5, 8.7, 12.4, 9.6]","[35.8, 33.3, 32.4, 32.2, 34.7, 36.2, 38.3]",2026-08-14T12:36:29.305872
HUB08-HUB08,2025-05-12,2025-05-18,"[0.0, 0.0, 0.0, 0.0, 0.0, 0.0, 0.0]","[11.8, 14.9, 15.0, 15.7, 16.4, 16.7, 17.1]","[38.7, 39.5, 40.1, 40.7, 41.5, 42.2, 42.4]",2026-08-14T12:36:29.306087
HUB08-HUB08,2025-05-19,2025-05-25,"[0.0, 0.0, 0.0, 0.0, 0.0, 0.0, 0.0]","[16.3, 18.4, 16.0, 15.5, 12.3, 16.8, 15.3]","[42.1, 42.4, 43.4, 42.0, 42.2, 40.9, 38.3]",2026-08-14T12:36:29.306302
HUB08-HUB08,2025-05-26,2025-06-01,"[0.0, 0.0, 0.0, 0.1, 0.7, 0.0, 0.0]","[14.1, 13.6, 12.5, 8.6, 20.3, 18.0, 17.6]","[38.8, 38.6, 41.0, 38.6, 38.7, 39.1, 38.2]",2026-08-14T12:36:29.306525
HUB08-HUB08,2025-06-02,2025-06-08,"[0.1, 11.2, 0.0, 0.0, 0.0, 0.0, 0.0]","[17.0, 10.7, 15.1, 7.1, 18.0, 15.9, 16.8]","[36.5, 29.5, 34.9, 34.8, 37.3, 40.4, 41.4]",2026-08-14T12:36:29.306740
HUB08-HUB08,2025-06-09,2025-06-15,"[0.0, 0.0, 0.0, 0.0, 0.0, 0.0, 0.8]","[18.4, 18.4, 18.0, 14.7, 12.6, 9.8, 16.4]","[42.3, 42.2, 43.5, 44.2, 42.1, 41.5, 39.4]",2026-08-14T12:36:29.306953
HUB08-HUB08,2025-06-16,2025-06-22,"[10.7, 20.9, 2.0, 2.8, 14.3, 6.5, 0.5]","[17.7, 18.3, 12.4, 8.3, 13.4, 7.8, 9.1]","[34.8, 36.4, 31.7, 33.7, 29.2, 33.5, 33.8]",2026-08-14T12:36:29.307167
HUB08-HUB08,2025-06-23,2025-06-29,"[1.7, 3.3, 5.0, 0.4, 2.4, 0.0, 2.4]","[15.9, 13.3, 15.4, 14.8, 11.5, 10.0, 9.7]","[35.3, 35.0, 33.5, 34.0, 33.4, 33.3, 33.4]",2026-08-14T12:36:29.307392
HUB08-HUB08,2025-06-30,2025-07-06,"[0.3, 17.6, 2.9, 4.0, 4.3, 5.9, 6.1]","[13.9, 13.1, 11.9, 9.7, 11.8, 11.3, 6.7]","[32.4, 32.1, 33.2, 32.4, 33.1, 32.7, 33.5]",2026-08-14T12:36:29.307710
HUB08-HUB08,2025-07-07,2025-07-13,"[2.3, 0.0, 3.2, 11.1, 5.1, 28.4, 4.4]","[8.9, 10.5, 11.1, 10.4, 12.4, 15.3, 11.9]","[32.3, 34.2, 33.0, 27.1, 31.2, 31.3, 31.2]",2026-08-14T12:36:29.307914
HUB08-HUB08,2025-07-14,2025-07-20,"[57.9, 21.4, 0.4, 7.4, 25.1, 4.2, 0.0]","[14.1, 16.1, 11.9, 10.3, 17.8, 24.3, 11.6]","[28.0, 31.4, 32.2, 30.1, 30.6, 29.5, 31.5]",2026-08-14T12:36:29.308113
HUB08-HUB08,2025-07-21,2025-07-27,"[0.4, 4.7, 7.1, 0.3, 0.8, 5.2, 11.9]","[7.8, 9.5, 12.1, 10.7, 11.4, 11.9, 12.5]","[30.4, 32.4, 30.5, 32.5, 33.6, 31.3, 32.5]",2026-08-14T12:36:29.308315
HUB08-HUB08,2025-07-28,2025-08-03,"[2.2, 4.2, 42.6, 7.0, 1.3, 0.7, 4.6]","[11.4, 12.7, 11.6, 12.9, 14.7, 13.5, 11.8]","[32.7, 32.5, 27.6, 28.1, 31.2, 32.1, 32.2]",2026-08-14T12:36:29.308516
HUB08-HUB08,2025-08-04,2025-08-10,"[0.0, 1.3, 0.5, 0.5, 0.0, 0.1, 0.1]","[13.2, 15.7, 14.2, 12.8, 13.0, 12.0, 12.8]","[32.0, 32.1, 31.9, 32.3, 32.9, 31.8, 32.5]",2026-08-14T12:36:29.308713
HUB08-HUB08,2025-08-11,2025-08-17,"[0.1, 0.0, 0.4, 4.2, 0.4, 4.1, 0.7]","[13.5, 12.8, 10.5, 7.4, 6.9, 13.0, 13.6]","[32.7, 33.1, 33.4, 30.3, 31.5, 31.4, 33.1]",2026-08-14T12:36:29.308909
HUB08-HUB08,2025-08-18,2025-08-24,"[4.6, 1.6, 0.7, 17.3, 26.1, 39.0, 34.4]","[15.7, 14.3, 17.2, 12.9, 12.5, 15.2, 5.8]","[33.2, 32.3, 33.2, 30.8, 30.2, 30.4, 29.3]",2026-08-14T12:36:29.309108
HUB08-HUB08,2025-08-25,2025-08-31,"[2.8, 4.6, 7.3, 0.3, 1.6, 18.5, 22.7]","[10.0, 6.9, 10.1, 6.1, 9.7, 14.0, 10.5]","[30.7, 31.7, 31.9, 32.3, 31.4, 32.1, 29.9]",2026-08-14T12:36:29.309308
HUB08-HUB08,2025-09-01,2025-09-07,"[17.7, 2.4, 6.2, 12.0, 8.4, 8.5, 3.3]","[16.4, 15.8, 10.0, 12.6, 18.0, 18.7, 14.7]","[27.3, 30.8, 30.0, 30.0, 29.2, 30.6, 30.6]",2026-08-14T12:36:29.309505
HUB08-HUB08,2025-09-08,2025-09-14,"[0.5, 0.0, 0.0, 0.0, 0.0, 0.0, 0.0]","[12.6, 8.2, 13.1, 12.7, 11.5, 9.9, 9.7]","[30.5, 31.1, 31.2, 30.6, 30.8, 31.9, 32.6]",2026-08-14T12:36:29.309700
HUB08-HUB08,2025-09-15,2025-09-21,"[0.1, 0.0, 0.1, 0.5, 0.0, 0.0, 0.0]","[11.5, 9.1, 10.4, 9.9, 8.7, 10.4, 10.9]","[32.4, 32.6, 32.6, 32.8, 34.0, 33.7, 34.4]",2026-08-14T12:36:29.309899
HUB08-HUB08,2025-09-22,2025-09-28,"[0.0, 0.0, 0.0, 0.0, 0.0, 0.0, 0.6]","[11.3, 11.8, 13.5, 13.3, 12.0, 15.5, 18.0]","[34.8, 34.4, 34.0, 34.9, 35.5, 35.7, 34.0]",2026-08-14T12:36:29.310095
HUB08-HUB08,2025-09-29,2025-10-05,"[2.9, 15.5, 5.3, 4.5, 0.4, 0.6, 0.0]","[13.8, 7.5, 8.8, 8.9, 10.8, 10.1, 11.7]","[32.9, 32.0, 29.2, 30.8, 30.9, 31.2, 31.6]",2026-08-14T12:36:29.310290
HUB08-HUB08,2025-10-06,2025-10-12,"[30.4, 2.6, 0.0, 0.0, 0.0, 0.0, 0.0]","[14.2, 12.2, 10.6, 8.0, 7.0, 10.5, 9.7]","[26.0, 28.0, 27.6, 28.4, 28.9, 29.6, 30.3]",2026-08-14T12:36:29.310488
HUB08-HUB08,2025-10-13,2025-10-19,"[0.0, 0.0, 0.0, 0.0, 0.0, 0.0, 0.0]","[7.1, 10.3, 7.2, 8.1, 7.5, 8.0, 8.4]","[30.8, 30.4, 30.6, 30.8, 30.9, 30.0, 29.7]",2026-08-14T12:36:29.310687
HUB08-HUB08,2025-10-20,2025-10-26,"[0.0, 0.0, 0.0, 0.0, 0.0, 0.0, 0.0]","[9.6, 11.8, 11.2, 11.3, 9.5, 10.4, 11.2]","[30.4, 29.9, 31.2, 31.0, 31.1, 31.0, 29.7]",2026-08-14T12:36:29.310886
HUB08-HUB08,2025-10-27,2025-11-02,"[6.9, 1.4, 0.5, 7.4, 1.1, 0.0, 0.0]","[15.1, 15.7, 13.5, 12.6, 5.8, 7.0, 6.2]","[23.1, 20.7, 25.1, 22.8, 25.5, 27.9, 28.5]",2026-08-14T12:36:29.311087
HUB08-HUB08,2025-11-03,2025-11-09,"[0.0, 0.3, 0.0, 0.0, 0.0, 0.0, 0.0]","[8.7, 10.7, 14.0, 11.2, 8.1, 9.3, 7.4]","[29.6, 26.1, 28.4, 26.0, 26.0, 26.2, 26.3]",2026-08-14T12:36:29.311293
HUB08-HUB08,2025-11-10,2025-11-16,"[0.0, 0.0, 0.0, 0.0, 0.0, 0.0, 0.0]","[10.4, 9.6, 6.9, 9.4, 7.3, 7.8, 7.6]","[26.2, 26.5, 26.3, 25.9, 25.6, 25.9, 25.7]",2026-08-14T12:36:29.311495
HUB08-HUB08,2025-11-17,2025-11-23,"[0.0, 0.0, 0.0, 0.0, 0.0, 0.0, 0.0]","[6.3, 5.9, 6.9, 4.7, 5.5, 6.2, 6.8]","[25.3, 25.3, 24.5, 24.6, 24.7, 24.9, 24.6]",2026-08-14T12:36:29.311696
HUB08-HUB08,2025-11-24,2025-11-30,"[0.0, 0.0, 0.0, 0.0, 0.9, 0.0, 0.0]","[7.4, 8.0, 9.2, 9.5, 8.2, 7.8, 9.2]","[23.9, 24.0, 23.3, 23.8, 25.0, 26.0, 24.7]",2026-08-14T12:36:29.311897
HUB08-HUB08,2025-12-01,2025-12-07,"[0.0, 0.0, 0.0, 0.0, 0.0, 0.0, 0.0]","[8.5, 12.0, 10.3, 9.1, 8.8, 8.0, 8.8]","[24.6, 25.1, 24.1, 22.8, 23.5, 23.3, 25.6]",2026-08-14T12:36:29.312106
HUB08-HUB08,2025-12-08,2025-12-14,"[0.0, 0.0, 0.0, 0.0, 0.0, 0.0, 0.0]","[9.4, 10.0, 10.1, 7.7, 6.9, 5.9, 6.7]","[27.3, 26.6, 25.7, 26.4, 26.4, 25.0, 24.2]",2026-08-14T12:36:29.312302
HUB08-HUB08,2025-12-15,2025-12-21,"[0.0, 0.0, 0.0, 0.0, 0.0, 0.0, 0.0]","[8.2, 7.8, 8.6, 8.0, 6.2, 5.9, 8.0]","[25.0, 25.5, 27.1, 25.6, 25.8, 25.6, 24.3]",2026-08-14T12:36:29.312501
HUB08-HUB08,2025-12-22,2025-12-28,"[0.0, 0.0, 0.0, 0.0, 0.0, 0.0, 0.0]","[7.1, 11.7, 11.3, 7.1, 5.1, 5.9, 6.7]","[25.1, 26.5, 22.0, 21.6, 21.5, 20.9, 21.8]",2026-08-14T12:36:29.312697
HUB08-HUB08,2025-12-29,2026-01-04,"[0.0, 0.0, 0.1, 3.0, 0.0, 0.0, 0.0]","[5.8, 6.2, 7.7, 7.8, 10.1, 7.7, 7.0]","[22.0, 22.1, 22.1, 19.4, 18.6, 16.6, 17.3]",2026-08-14T12:36:29.312892
HUB08-HUB08,2026-01-05,2026-01-11,"[0.0, 0.0, 0.0, 0.0, 7.8, 0.0, 0.0]","[7.1, 7.4, 9.0, 10.4, 12.6, 11.7, 10.6]","[17.2, 17.7, 17.3, 17.0, 17.0, 19.4, 19.6]",2026-08-14T12:36:29.313089
HUB08-HUB08,2026-01-12,2026-01-18,"[0.0, 0.0, 0.0, 0.0, 0.0, 0.0, 0.0]","[9.3, 8.7, 8.7, 7.8, 7.2, 5.8, 11.8]","[19.9, 21.8, 21.5, 22.2, 23.7, 23.9, 24.1]",2026-08-14T12:36:29.313289
HUB08-HUB08,2026-01-19,2026-01-25,"[0.0, 0.0, 0.0, 0.0, 9.8, 0.0, 0.0]","[9.1, 4.7, 8.5, 14.2, 15.6, 13.9, 12.5]","[23.9, 23.4, 23.4, 25.0, 20.1, 16.9, 17.5]",2026-08-14T12:36:29.313476
HUB08-HUB08,2026-01-26,2026-01-31,"[0.0, 18.5, 0.0, 0.0, 0.0, 0.7]","[11.6, 15.6, 13.6, 8.6, 6.9, 11.2]","[19.3, 21.5, 19.7, 19.8, 19.8, 21.2]",2026-08-14T12:36:29.313658
HUB09-HUB09,2023-01-01,2023-01-01,[0.0],[9.7],[20.7],2026-08-14T12:36:35.887695
HUB09-HUB09,2023-01-02,2023-01-08,"[0.0, 0.0, 0.0, 0.0, 0.0, 0.0, 0.0]","[9.4, 10.6, 10.6, 9.8, 10.7, 11.2, 9.4]","[19.3, 19.1, 17.4, 16.5, 15.1, 17.1, 18.5]",2026-08-14T12:36:35.888335
HUB09-HUB09,2023-01-09,2023-01-15,"[0.0, 0.0, 0.0, 0.0, 2.7, 0.0, 0.0]","[8.0, 11.2, 10.8, 8.5, 11.9, 15.1, 16.4]","[19.6, 21.1, 20.3, 21.6, 21.7, 21.7, 17.1]",2026-08-14T12:36:35.889155
HUB09-HUB09,2023-01-16,2023-01-22,"[0.0, 0.0, 0.0, 0.0, 0.0, 0.0, 0.2]","[11.3, 11.2, 9.7, 9.9, 10.0, 9.2, 10.2]","[16.4, 17.2, 17.8, 18.9, 20.3, 22.3, 20.2]",2026-08-14T12:36:35.889657
HUB09-HUB09,2023-01-23,2023-01-29,"[0.8, 0.0, 17.1, 0.0, 0.0, 0.0, 0.0]","[9.0, 15.5, 13.5, 13.8, 15.0, 10.7, 9.8]","[21.2, 24.2, 21.9, 21.7, 20.8, 21.1, 22.1]",2026-08-14T12:36:35.890110
HUB09-HUB09,2023-01-30,2023-02-05,"[0.0, 0.0, 0.0, 0.0, 0.0, 0.0, 0.0]","[23.1, 17.1, 17.1, 13.1, 13.5, 16.2, 12.7]","[22.3, 22.2, 21.3, 21.5, 23.3, 24.1, 24.7]",2026-08-14T12:36:35.890538
HUB09-HUB09,2023-02-06,2023-02-12,"[0.0, 0.0, 0.0, 0.0, 0.0, 0.0, 0.0]","[11.0, 19.3, 17.9, 12.3, 9.2, 17.8, 22.1]","[25.4, 26.1, 23.6, 25.5, 27.2, 28.2, 25.0]",2026-08-14T12:36:35.891330
HUB09-HUB09,2023-02-13,2023-02-19,"[0.0, 0.0, 0.0, 0.0, 0.0, 0.0, 0.0]","[25.6, 16.1, 12.6, 9.8, 8.3, 7.5, 10.1]","[22.0, 23.1, 24.7, 25.6, 26.6, 26.9, 28.1]",2026-08-14T12:36:35.892096
HUB09-HUB09,2023-02-20,2023-02-26,"[0.0, 0.0, 0.0, 0.0, 0.0, 0.0, 0.0]","[10.3, 11.0, 11.6, 16.7, 10.3, 10.7, 8.4]","[30.5, 30.2, 30.9, 29.9, 28.5, 28.9, 29.8]",2026-08-14T12:36:35.892629
HUB09-HUB09,2023-02-27,2023-03-05,"[0.0, 0.0, 0.0, 0.0, 0.0, 0.0, 0.0]","[14.3, 10.6, 12.1, 15.0, 19.9, 19.4, 17.6]","[30.8, 31.3, 30.9, 32.0, 32.8, 32.3, 31.4]",2026-08-14T12:36:35.893095
HUB09-HUB09,2023-03-06,2023-03-12,"[0.0, 0.0, 0.0, 1.1, 0.0, 0.0, 0.0]","[18.5, 13.9, 20.0, 17.7, 9.8, 9.4, 10.9]","[30.9, 30.8, 30.1, 28.2, 29.8, 30.7, 31.0]",2026-08-14T12:36:35.893527
HUB09-HUB09,2023-03-13,2023-03-19,"[0.0, 0.3, 0.0, 1.0, 2.4, 15.1, 0.7]","[11.7, 23.8, 11.5, 18.0, 21.7, 15.9, 16.1]","[32.2, 32.6, 33.7, 32.2, 28.6, 28.8, 29.9]",2026-08-14T12:36:35.893947
HUB09-HUB09,2023-03-20,2023-03-26,"[13.1, 10.5, 0.0, 0.0, 1.2, 0.1, 0.0]","[14.6, 16.7, 13.4, 19.3, 11.9, 19.9, 17.9]","[27.3, 25.3, 26.9, 29.2, 31.1, 30.4, 31.1]",2026-08-14T12:36:35.894368
HUB09-HUB09,2023-03-27,2023-04-02,"[0.3, 0.0, 0.0, 0.0, 9.9, 0.6, 0.0]","[18.2, 15.4, 12.3, 10.0, 27.5, 14.5, 21.7]","[30.8, 31.4, 33.1, 33.4, 30.2, 28.7, 31.1]",2026-08-14T12:36:35.894787
HUB09-HUB09,2023-04-03,2023-04-09,"[0.0, 0.0, 0.0, 0.0, 0.0, 0.0, 0.0]","[25.0, 21.2, 18.1, 14.3, 19.0, 13.6, 16.3]","[34.2, 32.7, 34.0, 33.9, 35.1, 35.5, 36.5]",2026-08-14T12:36:35.895195
HUB09-HUB09,2023-04-10,2023-04-16,"[0.0, 0.0, 0.0, 0.0, 0.0, 0.0, 0.0]","[16.7, 21.7, 20.6, 22.6, 16.3, 11.5, 14.9]","[36.6, 37.1, 38.9, 39.5, 39.6, 39.3, 41.3]",2026-08-14T12:36:35.895610
HUB09-HUB09,2023-04-17,2023-04-23,"[0.0, 0.0, 0.0, 0.0, 0.0, 0.0, 1.5]","[20.7, 19.0, 22.0, 23.3, 18.1, 14.6, 24.9]","[41.3, 41.8, 41.4, 39.8, 36.3, 36.4, 34.9]",2026-08-14T12:36:35.896026
HUB09-HUB09,2023-04-24,2023-04-30,"[0.8, 0.0, 0.0, 0.0, 0.0, 0.6, 5.9]","[24.5, 11.9, 11.7, 11.2, 17.2, 9.7, 21.3]","[31.6, 33.6, 35.5, 36.9, 36.2, 34.9, 29.7]",2026-08-14T12:36:35.896379
HUB09-HUB09,2023-05-01,2023-05-07,"[26.7, 1.0, 10.8, 0.6, 0.0, 0.0, 0.0]","[10.9, 15.7, 15.0, 8.9, 15.3, 19.4, 19.7]","[29.8, 30.0, 30.2, 30.8, 33.8, 36.6, 38.5]",2026-08-14T12:36:35.896710
HUB09-HUB09,2023-05-08,2023-05-14,"[0.0, 0.0, 0.0, 0.0, 0.0, 0.0, 0.0]","[20.5, 27.3, 18.4, 18.5, 13.7, 12.6, 17.4]","[37.9, 40.2, 38.6, 39.8, 40.1, 40.8, 42.2]",2026-08-14T12:36:35.897049
HUB09-HUB09,2023-05-15,2023-05-21,"[0.0, 0.0, 0.0, 0.1, 0.0, 0.0, 0.0]","[20.2, 32.1, 19.9, 20.6, 24.3, 25.1, 29.1]","[41.3, 41.4, 42.5, 41.3, 41.3, 42.1, 43.9]",2026-08-14T12:36:35.897380
HUB09-HUB09,2023-05-22,2023-05-28,"[0.0, 0.0, 0.0, 20.4, 3.6, 0.3, 0.0]","[23.3, 26.5, 15.5, 25.8, 13.8, 14.4, 9.0]","[44.1, 44.5, 40.6, 35.5, 34.0, 34.4, 35.3]",2026-08-14T12:36:35.897714
HUB09-HUB09,2023-05-29,2023-06-04,"[0.6, 0.0, 0.0, 0.0, 0.1, 0.0, 0.0]","[23.8, 19.1, 16.3, 18.9, 18.3, 19.4, 22.1]","[36.0, 37.9, 36.3, 37.3, 37.5, 38.8, 40.3]",2026-08-14T12:36:35.898049
HUB09-HUB09,2023-06-05,2023-06-11,"[0.1, 0.0, 0.0, 0.0, 0.0, 0.0, 0.0]","[27.3, 14.2, 14.0, 24.0, 27.1, 24.8, 25.3]","[38.1, 39.6, 40.7, 41.2, 41.2, 41.9, 41.6]",2026-08-14T12:36:35.898378
HUB09-HUB09,2023-06-12,2023-06-18,"[0.0, 0.0, 0.0, 0.0, 0.0, 0.1, 0.0]","[25.9, 30.0, 35.1, 32.1, 26.6, 23.5, 18.0]","[41.7, 43.5, 42.2, 41.4, 41.3, 41.4, 40.9]",2026-08-14T12:36:35.898710
HUB09-HUB09,2023-06-19,2023-06-25,"[0.1, 7.5, 68.4, 10.6, 0.6, 26.4, 6.5]","[27.9, 21.4, 25.2, 18.5, 14.7, 16.3, 14.6]","[40.7, 35.7, 28.0, 32.7, 35.1, 36.5, 34.9]",2026-08-14T12:36:35.899050
HUB09-HUB09,2023-06-26,2023-07-02,"[10.8, 1.6, 14.7, 10.3, 24.8, 15.5, 3.6]","[14.7, 16.9, 20.4, 17.5, 13.0, 14.3, 14.6]","[34.4, 35.4, 34.0, 31.6, 32.3, 32.7, 32.6]",2026-08-14T12:36:35.899386
HUB09-HUB09,2023-07-03,2023-07-09,"[1.7, 1.8, 12.7, 12.9, 22.3, 22.2, 45.2]","[9.7, 16.9, 15.2, 16.6, 15.7, 21.1, 13.4]","[34.2, 33.0, 33.7, 33.1, 33.0, 32.1, 33.0]",2026-08-14T12:36:35.899719
HUB09-HUB09,2023-07-10,2023-07-16,"[21.8, 12.5, 26.5, 11.0, 22.5, 30.4, 7.0]","[15.1, 13.0, 11.1, 16.5, 9.0, 10.0, 14.0]","[33.9, 33.3, 33.4, 33.0, 33.2, 32.6, 33.7]",2026-08-14T12:36:35.900054
HUB09-HUB09,2023-07-17,2023-07-23,"[1.7, 1.7, 1.4, 0.3, 0.0, 0.9, 0.3]","[12.7, 20.2, 21.7, 15.9, 18.4, 23.4, 22.8]","[33.7, 33.8, 34.2, 35.6, 36.0, 34.8, 34.4]",2026-08-14T12:36:35.900389
HUB09-HUB09,2023-07-24,2023-07-30,"[2.5, 14.0, 1.3, 10.4, 0.6, 16.1, 2.3]","[17.4, 14.4, 13.3, 13.8, 13.8, 13.7, 15.4]","[34.7, 34.5, 34.0, 34.1, 34.5, 33.6, 32.5]",2026-08-14T12:36:35.900716
HUB09-HUB09,2023-07-31,2023-08-06,"[4.8, 4.7, 24.3, 28.7, 8.3, 1.5, 22.4]","[15.0, 17.4, 15.6, 14.1, 12.0, 10.1, 21.1]","[33.9, 34.1, 31.7, 31.7, 32.4, 32.8, 31.4]",2026-08-14T12:36:35.901044
HUB09-HUB09,2023-08-07,2023-08-13,"[0.4, 1.0, 0.5, 0.0, 0.1, 0.0, 0.3]","[22.3, 23.4, 20.2, 14.3, 15.8, 20.5, 18.1]","[33.3, 32.4, 32.8, 32.1, 33.8, 34.2, 33.3]",2026-08-14T12:36:35.901381
HUB09-HUB09,2023-08-14,2023-08-20,"[2.0, 0.4, 0.3, 1.9, 24.0, 7.5, 0.5]","[10.2, 9.6, 15.0, 13.2, 11.4, 15.9, 18.5]","[32.0, 33.2, 34.1, 33.8, 32.3, 33.3, 34.1]",2026-08-14T12:36:35.901714
HUB09-HUB09,2023-08-21,2023-08-27,"[1.5, 35.6, 14.3, 17.1, 0.4, 0.0, 0.0]","[10.0, 14.8, 20.9, 28.7, 18.9, 18.4, 22.8]","[33.9, 31.7, 30.6, 29.3, 33.3, 33.2, 33.5]",2026-08-14T12:36:35.902043
HUB09-HUB09,2023-08-28,2023-09-03,"[6.4, 0.5, 0.0, 0.0, 0.0, 0.0, 0.0]","[21.3, 18.5, 15.3, 11.8, 14.7, 20.2, 15.5]","[32.2, 33.4, 34.1, 34.7, 35.2, 36.1, 36.1]",2026-08-14T12:36:35.902336
HUB09-HUB09,2023-09-04,2023-09-10,"[0.0, 8.3, 1.0, 0.8, 8.4, 17.1, 35.4]","[11.9, 19.4, 14.6, 17.8, 20.6, 22.5, 17.2]","[35.2, 33.3, 32.1, 32.6, 33.1, 30.8, 31.6]",2026-08-14T12:36:35.902622
HUB09-HUB09,2023-09-11,2023-09-17,"[18.7, 1.1, 0.9, 0.8, 1.0, 2.6, 0.3]","[15.4, 11.0, 8.3, 12.6, 25.4, 25.8, 17.0]","[28.3, 30.8, 33.1, 33.7, 33.3, 32.2, 33.1]",2026-08-14T12:36:35.902902
HUB09-HUB09,2023-09-18,2023-09-24,"[0.2, 1.0, 2.4, 5.4, 0.7, 0.3, 5.1]","[7.6, 7.2, 10.1, 10.1, 12.9, 13.3, 20.4]","[32.2, 32.6, 32.3, 32.4, 31.3, 32.1, 32.1]",2026-08-14T12:36:35.903202
HUB09-HUB09,2023-09-25,2023-10-01,"[0.3, 0.5, 0.0, 0.0, 0.0, 0.0, 0.0]","[9.2, 14.0, 10.6, 12.6, 10.0, 9.2, 10.5]","[31.9, 31.8, 33.5, 33.5, 34.2, 33.9, 33.5]",2026-08-14T12:36:35.903481
HUB09-HUB09,2023-10-02,2023-10-08,"[16.8, 0.0, 0.2, 0.0, 0.0, 0.0, 0.0]","[14.0, 16.9, 14.8, 13.4, 12.4, 10.1, 14.0]","[31.6, 33.0, 32.2, 32.7, 33.2, 33.8, 35.2]",2026-08-14T12:36:35.903762
HUB09-HUB09,2023-10-09,2023-10-15,"[0.0, 0.0, 0.0, 0.0, 0.0, 0.0, 0.0]","[17.9, 13.7, 14.0, 13.5, 14.2, 15.1, 14.8]","[35.8, 35.6, 35.2, 34.8, 35.0, 35.3, 35.5]",2026-08-14T12:36:35.904038
HUB09-HUB09,2023-10-16,2023-10-22,"[1.6, 0.1, 0.0, 0.0, 0.0, 0.0, 0.0]","[14.3, 15.8, 13.8, 13.9, 14.3, 9.7, 9.6]","[34.1, 30.4, 30.9, 31.0, 30.8, 30.6, 30.5]",2026-08-14T12:36:35.904315
HUB09-HUB09,2023-10-23,2023-10-29,"[0.0, 0.0, 0.0, 0.0, 0.0, 0.0, 0.0]","[10.0, 9.8, 12.2, 12.6, 9.4, 9.9, 8.0]","[31.0, 30.4, 30.8, 30.8, 31.3, 31.1, 30.9]",2026-08-14T12:36:35.904593
HUB09-HUB09,2023-10-30,2023-11-05,"[0.0, 0.0, 0.0, 0.0, 0.0, 0.0, 0.0]","[8.2, 8.5, 8.9, 9.0, 10.7, 11.2, 14.1]","[30.8, 30.4, 30.3, 30.5, 30.6, 30.7, 30.4]",2026-08-14T12:36:35.904873
HUB09-HUB09,2023-11-06,2023-11-12,"[0.0, 0.0, 0.0, 0.0, 0.1, 0.1, 0.0]","[9.0, 10.9, 11.6, 12.6, 9.1, 12.9, 10.1]","[30.3, 30.2, 31.2, 31.6, 30.9, 28.0, 27.6]",2026-08-14T12:36:35.905157
HUB09-HUB09,2023-11-13,2023-11-19,"[0.0, 0.0, 0.0, 0.0, 0.0, 0.0, 0.0]","[9.0, 7.8, 9.0, 8.7, 8.5, 8.7, 9.0]","[27.4, 26.8, 26.9, 27.0, 27.3, 27.2, 28.0]",2026-08-14T12:36:35.905432
HUB09-HUB09,2023-11-20,2023-11-26,"[0.0, 0.0, 0.0, 0.0, 0.0, 0.0, 0.0]","[9.2, 14.2, 12.4, 10.0, 9.5, 9.1, 10.1]","[27.9, 27.1, 26.3, 25.6, 26.0, 26.3, 26.7]",2026-08-14T12:36:35.905709
HUB09-HUB09,2023-11-27,2023-12-03,"[0.9, 0.0, 0.0, 9.8, 0.6, 0.0, 0.0]","[11.5, 10.2, 9.2, 17.3, 8.3, 7.4, 12.1]","[22.6, 26.6, 26.5, 24.9, 25.5, 26.0, 26.9]",2026-08-14T12:36:35.905991
HUB09-HUB09,2023-12-04,2023-12-10,"[6.5, 7.8, 0.0, 0.0, 0.0, 0.0, 0.0]","[19.0, 12.0, 8.7, 8.4, 9.4, 15.0, 16.5]","[22.6, 23.4, 25.7, 25.2, 25.2, 24.5, 23.7]",2026-08-14T12:36:35.906273
HUB09-HUB09,2023-12-11,2023-12-17,"[0.0, 0.0, 0.0, 0.0, 0.0, 0.0, 0.0]","[10.1, 10.0, 11.8, 13.9, 10.1, 10.3, 10.5]","[22.9, 22.6, 22.9, 23.4, 22.6, 22.5, 22.2]",2026-08-14T12:36:35.906550
HUB09-HUB09,2023-12-18,2023-12-24,"[0.0, 0.0, 0.0, 0.0, 0.0, 0.3, 0.0]","[16.8, 12.0, 9.8, 8.0, 8.5, 16.3, 9.9]","[21.8, 21.2, 21.7, 20.6, 21.1, 22.4, 23.8]",2026-08-14T12:36:35.906831
HUB09-HUB09,2023-12-25,2023-12-31,"[0.0, 0.0, 0.0, 0.0, 0.0, 0.0, 0.0]","[10.0, 9.7, 10.4, 8.7, 9.0, 8.4, 8.4]","[23.2, 23.1, 22.8, 21.4, 20.7, 19.8, 19.3]",2026-08-14T12:36:35.907112
HUB09-HUB09,2024-01-01,2024-01-07,"[0.0, 0.0, 12.6, 0.0, 2.1, 0.0, 0.0]","[7.4, 9.1, 9.6, 7.3, 6.9, 8.8, 7.8]","[19.4, 19.3, 19.4, 21.3, 19.5, 20.5, 20.0]",2026-08-14T12:36:35.907423
HUB09-HUB09,2024-01-08,2024-01-14,"[0.0, 0.6, 0.0, 0.0, 0.0, 0.0, 0.0]","[8.0, 12.0, 14.0, 8.9, 9.8, 9.2, 10.2]","[20.3, 20.6, 19.0, 18.6, 18.5, 19.3, 19.8]",2026-08-14T12:36:35.907913
HUB09-HUB09,2024-01-15,2024-01-21,"[0.0, 0.0, 0.0, 0.0, 0.0, 0.0, 0.0]","[9.3, 7.7, 10.8, 7.7, 9.0, 9.8, 10.7]","[18.6, 17.0, 17.0, 16.2, 17.0, 17.0, 17.2]",2026-08-14T12:36:35.908214
HUB09-HUB09,2024-01-22,2024-01-28,"[0.0, 0.0, 0.0, 0.0, 0.0, 0.0, 0.0]","[9.3, 9.1, 8.6, 6.5, 7.6, 11.4, 9.2]","[17.0, 17.3, 18.2, 18.4, 18.9, 20.0, 21.5]",2026-08-14T12:36:35.908511
HUB09-HUB09,2024-01-29,2024-02-04,"[0.0, 0.0, 0.0, 0.0, 0.0, 0.0, 12.8]","[9.5, 9.8, 9.0, 14.0, 15.6, 16.1, 15.4]","[22.6, 22.1, 22.4, 23.1, 22.0, 23.0, 20.9]",2026-08-14T12:36:35.908804
HUB09-HUB09,2024-02-05,2024-02-11,"[9.5, 0.0, 0.0, 0.0, 0.0, 0.0, 0.0]","[9.6, 14.3, 17.0, 23.8, 10.2, 9.1, 9.8]","[22.3, 20.8, 20.6, 19.9, 20.3, 21.1, 21.6]",2026-08-14T12:36:35.909089
HUB09-HUB09,2024-02-12,2024-02-18,"[0.0, 0.1, 2.1, 0.0, 0.0, 0.0, 0.0]","[10.0, 12.0, 10.1, 9.2, 9.6, 14.8, 10.3]","[23.3, 24.9, 23.8, 24.9, 25.3, 25.0, 26.6]",2026-08-14T12:36:35.909378
HUB09-HUB09,2024-02-19,2024-02-25,"[0.0, 0.8, 1.3, 0.0, 0.0, 0.0, 0.2]","[16.0, 15.0, 15.9, 17.4, 13.8, 13.3, 12.4]","[27.6, 28.3, 26.3, 24.4, 24.5, 24.8, 25.0]",2026-08-14T12:36:35.909692
HUB09-HUB09,2024-02-26,2024-03-03,"[0.0, 0.0, 0.0, 0.0, 0.0, 5.7, 26.6]","[13.4, 8.9, 20.3, 11.5, 10.9, 20.9, 17.7]","[24.8, 25.7, 25.7, 26.5, 28.1, 26.0, 22.9]",2026-08-14T12:36:35.909995
HUB09-HUB09,2024-03-04,2024-03-10,"[3.2, 0.0, 0.0, 0.0, 0.0, 0.0, 0.0]","[12.3, 17.7, 15.2, 14.5, 13.1, 16.4, 9.8]","[24.4, 23.1, 23.6, 24.9, 26.3, 25.7, 26.6]",2026-08-14T12:36:35.910256
HUB09-HUB09,2024-03-11,2024-03-17,"[0.0, 0.0, 0.0, 0.0, 0.0, 0.0, 0.0]","[10.0, 12.0, 10.7, 12.8, 13.0, 10.8, 10.9]","[28.7, 30.7, 30.5, 30.6, 29.5, 28.9, 28.9]",2026-08-14T12:36:35.910501
HUB09-HUB09,2024-03-18,2024-03-24,"[0.0, 0.0, 0.0, 0.0, 0.0, 0.0, 0.3]","[10.5, 10.5, 23.2, 17.9, 8.9, 20.0, 19.5]","[28.5, 29.0, 30.2, 27.8, 30.6, 34.2, 34.2]",2026-08-14T12:36:35.910745
HUB09-HUB09,2024-03-25,2024-03-31,"[0.0, 0.0, 0.0, 0.0, 0.0, 0.0, 0.0]","[15.9, 15.2, 12.5, 11.9, 12.3, 21.1, 25.9]","[33.8, 33.4, 35.5, 37.0, 36.1, 37.5, 37.6]",2026-08-14T12:36:35.910992
HUB09-HUB09,2024-04-01,2024-04-07,"[0.0, 0.0, 0.0, 0.0, 0.0, 0.0, 0.0]","[25.5, 21.3, 12.3, 11.5, 17.6, 13.6, 18.9]","[35.7, 34.7, 36.4, 37.6, 37.8, 36.3, 37.0]",2026-08-14T12:36:35.911235
HUB09-HUB09,2024-04-08,2024-04-14,"[0.0, 0.0, 0.0, 0.0, 0.0, 0.0, 0.0]","[17.1, 18.2, 24.3, 10.1, 12.5, 24.9, 9.8]","[37.6, 39.0, 38.4, 38.4, 38.6, 37.7, 36.7]",2026-08-14T12:36:35.911475
HUB09-HUB09,2024-04-15,2024-04-21,"[1.3, 0.0, 0.0, 0.0, 0.0, 0.0, 0.0]","[15.5, 23.7, 28.1, 28.0, 21.9, 24.5, 20.5]","[38.0, 39.0, 37.5, 39.6, 40.1, 40.0, 38.4]",2026-08-14T12:36:35.911717
HUB09-HUB09,2024-04-22,2024-04-28,"[0.0, 0.0, 0.0, 0.0, 0.0, 0.0, 0.0]","[15.0, 13.9, 21.3, 25.4, 25.6, 21.3, 19.4]","[39.6, 39.3, 39.6, 41.0, 41.8, 40.1, 41.0]",2026-08-14T12:36:35.911962
HUB09-HUB09,2024-04-29,2024-05-05,"[0.0, 0.0, 0.0, 0.0, 0.0, 0.0, 0.0]","[27.2, 24.1, 25.5, 22.3, 17.9, 19.4, 18.7]","[42.4, 40.4, 38.8, 36.6, 39.2, 41.7, 42.6]",2026-08-14T12:36:35.912204
HUB09-HUB09,2024-05-06,2024-05-12,"[0.0, 0.0, 1.4, 0.3, 0.0, 2.0, 0.0]","[18.6, 38.4, 21.8, 21.7, 23.1, 28.0, 20.0]","[42.2, 40.5, 36.9, 36.7, 37.9, 38.3, 38.5]",2026-08-14T12:36:35.912446
HUB09-HUB09,2024-05-13,2024-05-19,"[0.7, 0.0, 0.0, 0.0, 0.0, 0.0, 0.0]","[14.1, 15.1, 15.2, 14.1, 22.4, 22.0, 20.9]","[37.2, 40.8, 42.1, 42.2, 44.4, 43.9, 45.2]",2026-08-14T12:36:35.912690
HUB09-HUB09,2024-05-20,2024-05-26,"[0.0, 0.0, 0.1, 0.0, 0.0, 0.0, 0.0]","[25.9, 18.1, 20.9, 20.3, 17.1, 12.3, 14.9]","[42.6, 41.3, 40.4, 39.3, 40.3, 41.7, 44.8]",2026-08-14T12:36:35.912934
HUB09-HUB09,2024-05-27,2024-06-02,"[0.0, 0.0, 0.0, 0.0, 0.0, 0.0, 0.0]","[12.3, 27.0, 19.2, 18.8, 19.5, 18.9, 15.0]","[45.1, 47.3, 47.4, 46.4, 46.3, 45.9, 42.7]",2026-08-14T12:36:35.913175
HUB09-HUB09,2024-06-03,2024-06-09,"[0.0, 0.0, 0.0, 0.0, 0.0, 0.0, 0.0]","[19.7, 23.9, 22.5, 23.3, 21.4, 17.7, 17.2]","[44.6, 45.1, 44.4, 41.7, 43.6, 43.2, 43.8]",2026-08-14T12:36:35.913420
HUB09-HUB09,2024-06-10,2024-06-16,"[0.0, 0.0, 0.0, 0.0, 0.0, 0.0, 0.0]","[17.7, 19.8, 17.5, 25.1, 24.5, 20.1, 20.9]","[44.1, 44.7, 44.4, 45.1, 45.8, 44.9, 45.7]",2026-08-14T12:36:35.913665
HUB09-HUB09,2024-06-17,2024-06-23,"[0.0, 0.0, 0.0, 0.0, 0.2, 7.3, 13.4]","[26.8, 30.3, 29.0, 19.4, 11.9, 14.5, 15.5]","[45.3, 44.6, 44.5, 42.0, 39.8, 37.4, 35.9]",2026-08-14T12:36:35.913907
HUB09-HUB09,2024-06-24,2024-06-30,"[10.5, 9.6, 12.5, 4.7, 8.6, 8.2, 21.3]","[12.6, 16.4, 14.7, 22.4, 10.6, 12.2, 13.8]","[39.7, 38.5, 36.4, 36.8, 36.1, 33.1, 32.7]",2026-08-14T12:36:35.914163
HUB09-HUB09,2024-07-01,2024-07-07,"[20.3, 17.1, 17.5, 21.7, 21.3, 28.8, 9.0]","[16.6, 20.2, 11.8, 10.6, 15.0, 14.8, 16.3]","[32.3, 31.8, 30.9, 33.2, 32.2, 31.4, 31.9]",2026-08-14T12:36:35.914409
HUB09-HUB09,2024-07-08,2024-07-14,"[1.0, 1.1, 13.1, 12.2, 0.8, 1.5, 3.3]","[13.8, 8.7, 12.1, 14.8, 16.6, 11.8, 11.4]","[33.0, 33.9, 34.6, 34.1, 34.0, 34.1, 33.8]",2026-08-14T12:36:35.914650
HUB09-HUB09,2024-07-15,2024-07-21,"[11.4, 0.0, 3.4, 1.3, 9.2, 8.4, 0.9]","[18.3, 21.8, 18.7, 15.3, 11.6, 12.8, 18.8]","[34.1, 34.8, 34.5, 35.2, 33.9, 35.0, 34.9]",2026-08-14T12:36:35.914906
HUB09-HUB09,2024-07-22,2024-07-28,"[8.3, 19.4, 8.2, 6.1, 11.3, 5.5, 1.2]","[16.9, 13.4, 11.1, 8.8, 11.2, 14.8, 25.8]","[33.7, 33.3, 33.9, 33.2, 33.2, 34.9, 34.6]",2026-08-14T12:36:35.915147
HUB09-HUB09,2024-07-29,2024-08-04,"[1.0, 9.5, 18.9, 5.0, 3.7, 0.7, 4.2]","[19.8, 11.6, 11.0, 10.6, 9.7, 22.5, 37.8]","[35.1, 35.2, 33.0, 33.0, 32.6, 32.0, 31.4]",2026-08-14T12:36:35.915392
HUB09-HUB09,2024-08-05,2024-08-11,"[0.4, 0.2, 5.0, 25.4, 15.6, 2.9, 11.8]","[20.4, 16.8, 7.9, 8.5, 13.3, 9.5, 10.5]","[33.1, 32.1, 30.6, 30.7, 29.1, 30.6, 31.1]",2026-08-14T12:36:35.915631
HUB09-HUB09,2024-08-12,2024-08-18,"[5.3, 4.6, 22.1, 24.0, 8.0, 0.9, 2.7]","[12.3, 12.1, 12.1, 11.0, 12.9, 8.6, 9.5]","[31.6, 32.4, 32.0, 32.4, 33.7, 32.7, 31.2]",2026-08-14T12:36:35.915870
HUB09-HUB09,2024-08-19,2024-08-25,"[16.0, 26.3, 27.0, 15.4, 3.7, 15.1, 1.5]","[9.3, 10.0, 8.2, 7.1, 11.7, 22.8, 22.6]","[31.6, 31.9, 31.0, 32.2, 32.0, 31.2, 32.6]",2026-08-14T12:36:35.916119
HUB09-HUB09,2024-08-26,2024-09-01,"[4.8, 7.6, 5.1, 1.1, 8.8, 1.0, 7.5]","[20.0, 16.6, 13.8, 10.0, 12.6, 9.4, 17.6]","[31.5, 30.3, 29.2, 32.2, 32.4, 33.0, 32.4]",2026-08-14T12:36:35.916371
HUB09-HUB09,2024-09-02,2024-09-08,"[0.9, 0.4, 5.4, 17.7, 2.6, 6.9, 0.9]","[18.8, 15.0, 12.1, 10.7, 12.5, 10.8, 6.9]","[32.5, 33.1, 33.1, 29.8, 31.7, 32.8, 33.3]",2026-08-14T12:36:35.916613
HUB09-HUB09,2024-09-09,2024-09-15,"[6.1, 12.9, 37.0, 43.8, 2.3, 0.2, 0.2]","[9.2, 16.1, 26.7, 33.2, 20.3, 16.7, 17.6]","[32.3, 32.2, 29.1, 27.8, 32.0, 31.6, 31.7]",2026-08-14T12:36:35.916878
HUB09-HUB09,2024-09-16,2024-09-22,"[0.0, 36.2, 43.3, 0.0, 0.0, 0.0, 0.0]","[13.5, 26.8, 29.4, 14.4, 7.4, 8.4, 10.6]","[31.9, 29.3, 30.9, 31.4, 31.5, 32.7, 33.3]",2026-08-14T12:36:35.917121
HUB09-HUB09,2024-09-23,2024-09-29,"[0.0, 0.0, 7.4, 1.6, 23.0, 25.0, 6.6]","[8.6, 9.2, 17.5, 20.9, 14.1, 9.9, 12.8]","[34.4, 34.3, 32.5, 30.2, 28.7, 29.5, 30.3]",2026-08-14T12:36:35.917361
HUB09-HUB09,2024-09-30,2024-10-06,"[1.4, 0.1, 0.0, 0.0, 0.0, 0.0, 0.5]","[11.9, 15.8, 15.9, 13.2, 15.7, 12.3, 7.6]","[31.8, 33.0, 34.3, 33.7, 32.8, 32.9, 32.0]",2026-08-14T12:36:35.917608
HUB09-HUB09,2024-10-07,2024-10-13,"[0.5, 0.3, 0.0, 0.0, 0.0, 0.6, 0.0]","[10.2, 6.6, 11.6, 10.3, 12.0, 13.7, 11.2]","[30.7, 31.4, 32.6, 30.8, 31.9, 31.4, 30.4]",2026-08-14T12:36:35.917853
HUB09-HUB09,2024-10-14,2024-10-20,"[1.4, 0.0, 0.0, 0.0, 0.0, 0.0, 0.0]","[11.2, 12.2, 8.7, 9.5, 9.4, 9.9, 9.3]","[29.3, 31.6, 31.7, 31.7, 32.0, 32.8, 33.3]",2026-08-14T12:36:35.918071
HUB09-HUB09,2024-10-21,2024-10-27,"[0.0, 0.0, 0.0, 0.0, 0.0, 0.0, 0.0]","[9.4, 9.8, 11.6, 11.7, 8.5, 12.5, 7.3]","[32.9, 32.2, 32.2, 31.9, 32.0, 31.4, 31.1]",2026-08-14T12:36:35.918288
HUB09-HUB09,2024-10-28,2024-11-03,"[0.3, 0.0, 0.0, 0.0, 0.0, 0.0, 0.0]","[7.1, 7.3, 9.2, 13.0, 15.3, 9.4, 9.5]","[31.1, 32.0, 32.7, 33.4, 32.8, 31.6, 31.4]",2026-08-14T12:36:35.918504
HUB09-HUB09,2024-11-04,2024-11-10,"[0.0, 0.2, 0.0, 0.1, 0.0, 0.0, 0.0]","[8.3, 7.8, 7.1, 6.9, 7.6, 7.6, 8.3]","[30.4, 29.9, 30.8, 29.4, 29.3, 29.4, 29.8]",2026-08-14T12:36:35.918730
HUB09-HUB09,2024-11-11,2024-11-17,"[0.0, 0.0, 0.0, 0.0, 0.0, 0.0, 0.0]","[9.1, 10.9, 12.3, 10.2, 12.5, 11.9, 10.3]","[30.0, 30.3, 31.2, 30.2, 29.5, 29.4, 29.5]",2026-08-14T12:36:35.918942
HUB09-HUB09,2024-11-18,2024-11-24,"[0.0, 0.0, 0.0, 0.0, 0.0, 0.0, 0.0]","[9.9, 9.8, 9.6, 6.5, 8.8, 8.3, 9.9]","[29.3, 26.2, 24.9, 25.1, 25.7, 26.1, 27.1]",2026-08-14T12:36:35.919166
HUB09-HUB09,2024-11-25,2024-12-01,"[0.0, 0.0, 0.0, 0.0, 0.0, 0.0, 0.0]","[9.6, 12.5, 8.9, 9.9, 8.8, 7.6, 7.6]","[27.6, 26.5, 26.1, 25.6, 25.0, 24.5, 25.2]",2026-08-14T12:36:35.919380
HUB09-HUB09,2024-12-02,2024-12-08,"[0.0, 0.0, 0.0, 0.0, 0.0, 0.0, 0.0]","[6.9, 10.3, 12.6, 14.5, 13.9, 6.9, 11.0]","[26.2, 27.0, 26.8, 25.4, 24.3, 24.2, 24.0]",2026-08-14T12:36:35.919592
HUB09-HUB09,2024-12-09,2024-12-15,"[0.0, 0.0, 0.0, 0.0, 0.0, 0.0, 0.0]","[13.9, 12.4, 10.0, 11.6, 13.9, 11.1, 8.1]","[23.9, 21.9, 21.4, 21.5, 21.5, 20.3, 21.1]",2026-08-14T12:36:35.919805
HUB09-HUB09,2024-12-16,2024-12-22,"[0.0, 0.0, 0.0, 0.0, 0.0, 0.0, 0.0]","[5.9, 8.5, 7.6, 7.1, 7.8, 8.5, 8.8]","[22.0, 23.0, 22.6, 23.4, 23.7, 23.8, 23.3]",2026-08-14T12:36:35.920022
HUB09-HUB09,2024-12-23,2024-12-29,"[0.0, 4.1, 0.2, 0.0, 0.0, 1.5, 0.1]","[11.8, 12.0, 7.6, 7.5, 13.7, 15.9, 12.0]","[23.7, 18.4, 22.8, 23.8, 26.5, 23.4, 22.8]",2026-08-14T12:36:35.920235
HUB09-HUB09,2024-12-30,2025-01-05,"[0.0, 0.0, 0.0, 0.0, 0.0, 0.0, 0.0]","[10.4, 7.9, 8.8, 8.2, 7.7, 4.8, 5.8]","[20.5, 18.8, 18.5, 19.1, 20.9, 19.8, 17.4]",2026-08-14T12:36:35.920449
HUB09-HUB09,2025-01-06,2025-01-12,"[0.0, 0.0, 0.0, 0.0, 0.0, 0.0, 4.9]","[10.2, 12.4, 10.8, 6.7, 5.0, 11.2, 13.0]","[19.1, 19.2, 18.7, 19.8, 19.0, 20.4, 20.9]",2026-08-14T12:36:35.920670
HUB09-HUB09,2025-01-13,2025-01-19,"[0.0, 0.0, 0.0, 0.1, 0.0, 0.0, 0.0]","[9.3, 8.6, 7.5, 10.6, 9.7, 8.8, 10.2]","[21.3, 20.4, 20.3, 19.2, 20.7, 19.8, 22.2]",2026-08-14T12:36:35.920887
HUB09-HUB09,2025-01-20,2025-01-26,"[0.0, 0.0, 0.0, 0.0, 0.0, 0.0, 0.0]","[13.9, 12.3, 8.8, 9.8, 13.5, 11.6, 9.1]","[24.3, 23.9, 24.3, 23.9, 21.9, 22.2, 21.7]",2026-08-14T12:36:35.921100
HUB09-HUB09,2025-01-27,2025-02-02,"[0.0, 0.0, 0.0, 0.0, 0.0, 0.0, 0.0]","[8.9, 7.2, 6.7, 6.4, 8.8, 9.5, 12.6]","[21.3, 22.5, 23.1, 24.8, 26.2, 26.7, 26.3]",2026-08-14T12:36:35.921312
HUB09-HUB09,2025-02-03,2025-02-09,"[0.0, 0.0, 0.0, 0.0, 0.0, 0.0, 0.0]","[12.0, 9.4, 15.0, 15.6, 16.4, 11.8, 8.5]","[25.5, 26.4, 26.4, 24.1, 23.0, 24.5, 26.6]",2026-08-14T12:36:35.921525
HUB09-HUB09,2025-02-10,2025-02-16,"[0.0, 0.0, 0.0, 0.0, 0.0, 0.0, 0.0]","[8.7, 11.3, 16.3, 19.3, 18.0, 12.8, 10.1]","[27.8, 29.0, 28.8, 25.8, 26.3, 29.0, 29.0]",2026-08-14T12:36:35.921742
HUB09-HUB09,2025-02-17,2025-02-23,"[0.0, 0.0, 0.0, 0.4, 0.0, 0.0, 0.0]","[8.4, 12.0, 8.6, 10.6, 11.7, 12.1, 10.6]","[29.3, 29.0, 28.9, 29.7, 30.3, 26.6, 26.8]",2026-08-14T12:36:35.921954
HUB09-HUB09,2025-02-24,2025-03-02,"[0.0, 0.0, 0.0, 0.0, 0.0, 0.0, 0.0]","[12.0, 7.6, 11.5, 14.7, 12.8, 15.3, 15.0]","[27.7, 28.7, 30.3, 31.9, 31.4, 29.3, 30.4]",2026-08-14T12:36:35.922164
HUB09-HUB09,2025-03-03,2025-03-09,"[0.0, 0.0, 0.0, 0.0, 0.0, 0.0, 0.0]","[14.9, 19.1, 22.0, 15.8, 12.4, 14.1, 10.2]","[29.2, 30.1, 25.4, 26.5, 29.5, 30.4, 32.4]",2026-08-14T12:36:35.922379
HUB09-HUB09,2025-03-10,2025-03-16,"[0.0, 0.0, 0.0, 1.8, 0.0, 0.0, 0.0]","[9.8, 12.6, 14.8, 12.2, 9.3, 13.5, 16.4]","[32.5, 33.9, 34.5, 34.4, 35.3, 36.3, 31.8]",2026-08-14T12:36:35.922598
HUB09-HUB09,2025-03-17,2025-03-23,"[0.1, 0.0, 0.0, 0.0, 0.0, 0.0, 0.0]","[17.3, 14.7, 11.2, 10.4, 14.1, 17.7, 11.0]","[32.4, 29.7, 31.8, 34.5, 33.1, 32.8, 32.5]",2026-08-14T12:36:35.922825
HUB09-HUB09,2025-03-24,2025-03-30,"[0.0, 0.0, 0.0, 0.0, 0.0, 0.0, 0.0]","[11.0, 11.3, 15.2, 19.1, 17.6, 15.5, 12.6]","[33.4, 35.0, 37.7, 38.8, 36.5, 32.4, 33.5]",2026-08-14T12:36:35.923039
HUB09-HUB09,2025-03-31,2025-04-06,"[0.0, 0.0, 0.0, 0.0, 0.0, 0.0, 0.0]","[12.4, 15.1, 10.0, 11.4, 14.9, 15.3, 11.7]","[35.5, 35.9, 36.5, 38.0, 38.2, 38.2, 38.5]",2026-08-14T12:36:35.923256
HUB09-HUB09,2025-04-07,2025-04-13,"[0.0, 0.0, 0.0, 0.9, 0.0, 1.2, 0.2]","[12.4, 13.5, 15.0, 15.4, 17.8, 11.5, 20.6]","[39.9, 39.9, 39.7, 38.8, 36.2, 36.6, 36.9]",2026-08-14T12:36:35.923470
HUB09-HUB09,2025-04-14,2025-04-20,"[0.0, 0.0, 0.0, 0.0, 0.0, 0.0, 0.0]","[9.9, 11.4, 13.2, 12.7, 15.3, 15.2, 13.8]","[33.5, 35.8, 37.4, 39.5, 40.7, 38.3, 41.6]",2026-08-14T12:36:35.923686
HUB09-HUB09,2025-04-21,2025-04-27,"[0.0, 0.0, 0.0, 0.0, 0.0, 0.0, 0.1]","[14.8, 17.6, 17.3, 18.1, 17.1, 15.1, 13.6]","[42.6, 41.5, 41.0, 42.0, 43.3, 43.3, 40.0]",2026-08-14T12:36:35.923901
HUB09-HUB09,2025-04-28,2025-05-04,"[0.0, 0.0, 0.0, 0.3, 0.0, 0.0, 9.9]","[19.9, 17.6, 17.1, 16.2, 15.4, 14.6, 30.8]","[39.5, 38.1, 37.5, 37.8, 36.9, 38.2, 36.9]",2026-08-14T12:36:35.924360
HUB09-HUB09,2025-05-05,2025-05-11,"[0.0, 0.0, 0.0, 0.0, 0.8, 0.6, 2.6]","[14.4, 14.2, 16.3, 17.2, 12.1, 22.2, 16.1]","[39.0, 37.4, 38.0, 38.4, 37.7, 38.6, 40.7]",2026-08-14T12:36:35.924594
HUB09-HUB09,2025-05-12,2025-05-18,"[0.0, 0.0, 0.0, 0.0, 0.0, 0.0, 0.0]","[18.2, 16.0, 13.5, 14.6, 20.3, 21.1, 18.0]","[40.6, 41.6, 42.2, 43.1, 43.7, 43.3, 42.9]",2026-08-14T12:36:35.924821
HUB09-HUB09,2025-05-19,2025-05-25,"[0.0, 0.0, 0.3, 0.0, 0.0, 0.0, 0.1]","[15.8, 17.5, 24.0, 14.0, 14.5, 17.9, 18.8]","[41.1, 42.7, 41.0, 36.7, 37.1, 36.8, 38.5]",2026-08-14T12:36:35.925038
HUB09-HUB09,2025-05-26,2025-06-01,"[1.5, 0.0, 0.0, 0.0, 1.1, 0.0, 0.0]","[18.4, 14.6, 15.8, 13.2, 17.0, 16.8, 21.2]","[38.4, 38.3, 41.0, 41.0, 41.3, 40.9, 40.1]",2026-08-14T12:36:35.925254
HUB09-HUB09,2025-06-02,2025-06-08,"[0.0, 1.4, 0.0, 0.9, 0.0, 0.0, 0.0]","[18.4, 11.4, 14.5, 18.3, 12.0, 20.0, 16.8]","[37.8, 34.4, 38.4, 37.2, 38.7, 43.1, 42.9]",2026-08-14T12:36:35.925471
HUB09-HUB09,2025-06-09,2025-06-15,"[0.0, 0.0, 0.4, 1.8, 0.0, 0.4, 0.3]","[14.6, 15.9, 12.6, 20.0, 15.8, 12.6, 13.2]","[44.5, 44.0, 43.4, 43.5, 43.4, 43.3, 39.5]",2026-08-14T12:36:35.925685
HUB09-HUB09,2025-06-16,2025-06-22,"[12.9, 1.8, 0.3, 22.8, 20.5, 0.2, 14.6]","[12.8, 14.9, 7.3, 15.0, 12.7, 6.8, 12.4]","[38.9, 39.3, 36.5, 36.7, 32.9, 34.7, 32.5]",2026-08-14T12:36:35.925888
HUB09-HUB09,2025-06-23,2025-06-29,"[1.7, 5.3, 2.4, 0.4, 8.2, 4.7, 3.7]","[11.5, 10.0, 13.1, 15.3, 15.6, 8.9, 9.5]","[33.9, 34.5, 34.9, 34.4, 34.9, 34.3, 33.2]",2026-08-14T12:36:35.926088
HUB09-HUB09,2025-06-30,2025-07-06,"[10.7, 8.6, 25.4, 2.0, 1.1, 16.8, 2.5]","[9.1, 9.1, 13.0, 14.1, 11.1, 8.8, 6.0]","[32.3, 32.1, 32.5, 33.5, 33.6, 33.0, 33.8]",2026-08-14T12:36:35.926290
HUB09-HUB09,2025-07-07,2025-07-13,"[9.3, 20.0, 0.8, 0.7, 9.9, 19.7, 4.0]","[9.1, 10.0, 8.9, 8.3, 11.9, 13.0, 16.8]","[34.2, 35.1, 31.0, 33.2, 33.1, 31.7, 33.1]",2026-08-14T12:36:35.926489
HUB09-HUB09,2025-07-14,2025-07-20,"[3.5, 8.0, 6.8, 26.5, 22.5, 0.0, 0.9]","[13.7, 9.6, 13.4, 33.2, 29.8, 12.0, 8.4]","[33.1, 33.1, 32.7, 30.3, 31.1, 33.7, 33.7]",2026-08-14T12:36:35.926685
HUB09-HUB09,2025-07-21,2025-07-27,"[5.5, 0.7, 3.2, 3.8, 15.1, 11.5, 2.0]","[6.5, 11.6, 9.6, 10.8, 10.9, 18.1, 18.5]","[31.9, 34.0, 33.3, 34.0, 34.7, 32.3, 33.4]",2026-08-14T12:36:35.926880
HUB09-HUB09,2025-07-28,2025-08-03,"[7.3, 9.0, 20.3, 12.4, 3.6, 16.8, 38.8]","[9.6, 12.1, 11.2, 12.8, 12.4, 11.8, 11.3]","[31.7, 31.9, 30.9, 32.1, 31.6, 32.3, 29.5]",2026-08-14T12:36:35.927078
HUB09-HUB09,2025-08-04,2025-08-10,"[28.0, 3.5, 4.3, 1.6, 7.4, 9.5, 2.8]","[14.5, 13.0, 13.5, 14.6, 15.0, 13.4, 11.8]","[29.7, 31.4, 31.8, 33.7, 32.2, 31.7, 31.3]",2026-08-14T12:36:35.927276
HUB09-HUB09,2025-08-11,2025-08-17,"[17.8, 0.9, 17.1, 2.3, 0.2, 0.5, 1.4]","[12.2, 11.6, 11.1, 13.4, 8.7, 10.5, 12.7]","[31.6, 33.2, 32.2, 31.9, 33.6, 33.6, 33.7]",2026-08-14T12:36:35.927470
HUB09-HUB09,2025-08-18,2025-08-24,"[0.3, 0.5, 2.2, 2.9, 3.8, 1.1, 23.2]","[14.1, 15.1, 18.7, 15.2, 12.7, 17.1, 16.6]","[33.1, 33.6, 32.0, 33.6, 32.6, 32.4, 31.3]",2026-08-14T12:36:35.927666
HUB09-HUB09,2025-08-25,2025-08-31,"[23.7, 1.2, 5.4, 3.2, 1.6, 2.4, 37.7]","[17.1, 12.4, 8.7, 11.3, 13.5, 13.3, 12.7]","[30.4, 31.6, 32.9, 32.8, 32.5, 32.8, 31.4]",2026-08-14T12:36:35.927862
HUB09-HUB09,2025-09-01,2025-09-07,"[29.3, 25.7, 22.9, 14.5, 22.5, 5.2, 1.2]","[13.6, 18.8, 15.0, 18.4, 18.0, 11.5, 11.9]","[29.8, 31.7, 31.6, 32.0, 32.1, 33.0, 33.0]",2026-08-14T12:36:35.928062
HUB09-HUB09,2025-09-08,2025-09-14,"[3.0, 0.1, 0.0, 0.2, 0.3, 1.0, 0.6]","[7.1, 11.1, 14.9, 13.5, 10.3, 7.9, 9.3]","[32.6, 32.8, 33.6, 33.3, 33.3, 34.3, 35.7]",2026-08-14T12:36:35.928258
HUB09-HUB09,2025-09-15,2025-09-21,"[2.7, 6.5, 3.0, 2.8, 3.1, 0.6, 0.0]","[10.9, 10.6, 10.1, 8.8, 11.7, 14.3, 12.0]","[34.9, 32.0, 31.3, 31.5, 31.4, 33.6, 35.0]",2026-08-14T12:36:35.928455
HUB09-HUB09,2025-09-22,2025-09-28,"[0.0, 0.3, 1.3, 0.9, 0.1, 8.5, 0.1]","[13.2, 12.2, 11.6, 7.9, 10.2, 17.6, 17.9]","[34.9, 35.4, 34.7, 35.6, 37.1, 34.7, 34.9]",2026-08-14T12:36:35.928656
HUB09-HUB09,2025-09-29,2025-10-05,"[2.7, 10.0, 22.9, 5.6, 3.4, 1.0, 0.2]","[10.2, 12.3, 19.2, 11.8, 11.0, 10.3, 12.5]","[34.6, 33.6, 31.8, 30.8, 31.6, 31.2, 33.2]",2026-08-14T12:36:35.928852
HUB09-HUB09,2025-10-06,2025-10-12,"[0.8, 1.0, 13.3, 0.0, 0.0, 0.0, 0.0]","[7.6, 7.9, 14.4, 11.0, 8.6, 9.6, 8.8]","[33.0, 31.4, 30.1, 30.0, 29.8, 29.8, 30.4]",2026-08-14T12:36:35.929048
HUB09-HUB09,2025-10-13,2025-10-19,"[0.0, 0.0, 0.0, 0.0, 0.0, 0.0, 0.0]","[10.7, 10.5, 10.4, 9.7, 8.2, 7.7, 8.1]","[31.0, 31.7, 31.9, 32.3, 32.4, 33.1, 33.0]",2026-08-14T12:36:35.929247
HUB09-HUB09,2025-10-20,2025-10-26,"[0.0, 0.0, 0.0, 0.0, 0.0, 0.0, 0.0]","[5.9, 7.2, 8.0, 9.5, 9.7, 8.5, 10.0]","[32.5, 33.9, 32.2, 33.7, 33.5, 33.0, 31.0]",2026-08-14T12:36:35.929449
HUB09-HUB09,2025-10-27,2025-11-02,"[8.2, 9.1, 0.0, 28.6, 2.0, 0.0, 0.0]","[9.3, 14.2, 10.1, 16.4, 14.4, 8.5, 16.9]","[26.6, 23.4, 28.5, 26.4, 25.4, 29.2, 30.2]",2026-08-14T12:36:35.929647
HUB09-HUB09,2025-11-03,2025-11-09,"[0.0, 0.0, 0.0, 0.0, 0.0, 0.0, 0.0]","[14.1, 8.5, 7.9, 11.9, 9.4, 11.4, 9.7]","[29.8, 29.4, 29.6, 28.8, 26.9, 27.4, 26.6]",2026-08-14T12:36:35.929845
HUB09-HUB09,2025-11-10,2025-11-16,"[0.0, 0.0, 0.0, 0.0, 0.0, 0.0, 0.0]","[9.4, 11.1, 12.7, 10.5, 8.7, 7.2, 9.5]","[27.2, 27.5, 27.5, 28.0, 26.9, 26.4, 26.5]",2026-08-14T12:36:35.930041
HUB09-HUB09,2025-11-17,2025-11-23,"[0.0, 0.0, 0.0, 0.0, 0.0, 0.0, 0.0]","[7.3, 8.0, 7.6, 7.1, 7.2, 7.3, 8.3]","[27.0, 26.8, 26.6, 26.5, 27.0, 26.5, 26.3]",2026-08-14T12:36:35.930238
HUB09-HUB09,2025-11-24,2025-11-30,"[0.0, 0.0, 0.0, 0.0, 0.0, 0.0, 0.0]","[6.2, 9.3, 7.8, 9.2, 8.8, 9.9, 13.8]","[26.1, 25.2, 24.7, 25.0, 25.1, 26.0, 26.3]",2026-08-14T12:36:35.930432
HUB09-HUB09,2025-12-01,2025-12-07,"[0.0, 0.0, 0.0, 0.0, 0.0, 0.0, 0.0]","[11.1, 9.6, 10.2, 10.3, 10.3, 12.1, 10.8]","[25.6, 25.8, 26.0, 23.7, 23.2, 23.7, 24.4]",2026-08-14T12:36:35.930629
HUB09-HUB09,2025-12-08,2025-12-14,"[0.0, 0.0, 0.0, 0.0, 0.0, 0.0, 0.0]","[11.6, 11.4, 9.5, 8.7, 8.2, 8.3, 8.7]","[24.8, 25.1, 25.1, 24.8, 24.8, 24.2, 24.3]",2026-08-14T12:36:35.930829
HUB09-HUB09,2025-12-15,2025-12-21,"[0.0, 0.0, 0.0, 0.0, 0.0, 0.0, 0.0]","[8.7, 10.3, 9.0, 6.9, 5.5, 7.3, 5.8]","[23.5, 23.6, 23.4, 21.0, 18.2, 18.8, 17.8]",2026-08-14T12:36:35.931025
HUB09-HUB09,2025-12-22,2025-12-28,"[0.0, 0.0, 0.0, 0.0, 0.0, 0.0, 0.0]","[6.5, 10.5, 10.1, 9.1, 7.0, 8.2, 6.7]","[19.6, 21.8, 22.0, 20.6, 20.7, 20.2, 19.3]",2026-08-14T12:36:35.931231
HUB09-HUB09,2025-12-29,2026-01-04,"[0.0, 0.0, 0.0, 0.0, 0.0, 0.0, 0.0]","[6.6, 8.0, 8.7, 8.0, 10.5, 8.1, 7.1]","[18.6, 19.2, 19.3, 20.7, 19.6, 18.7, 17.7]",2026-08-14T12:36:35.931438
HUB09-HUB09,2026-01-05,2026-01-11,"[0.0, 0.0, 0.0, 0.0, 0.0, 0.0, 0.0]","[8.4, 6.7, 6.7, 6.8, 6.0, 7.9, 9.6]","[18.2, 18.3, 18.0, 16.4, 18.8, 21.7, 21.9]",2026-08-14T12:36:35.931636
HUB09-HUB09,2026-01-12,2026-01-18,"[0.0, 0.0, 0.0, 0.0, 0.0, 0.0, 0.0]","[9.7, 11.9, 9.0, 11.7, 9.9, 5.4, 10.3]","[20.5, 20.6, 21.0, 20.4, 21.1, 22.1, 23.5]",2026-08-14T12:36:35.931820
HUB09-HUB09,2026-01-19,2026-01-25,"[0.2, 0.0, 0.0, 0.0, 0.0, 0.0, 0.0]","[10.8, 9.5, 10.1, 9.7, 16.7, 15.3, 11.4]","[25.9, 24.8, 24.9, 25.1, 25.0, 23.6, 22.6]",2026-08-14T12:36:35.932003
HUB09-HUB09,2026-01-26,2026-01-31,"[0.0, 5.6, 32.9, 0.0, 0.0, 0.0]","[8.8, 12.4, 9.4, 9.5, 8.2, 5.4]","[23.3, 25.9, 21.1, 20.4, 19.3, 19.3]",2026-08-14T12:36:35.932188
HUB10-HUB10,2023-01-01,2023-01-01,[0.2],[8.5],[24.7],2026-08-14T12:36:38.178502
HUB10-HUB10,2023-01-02,2023-01-08,"[0.0, 0.0, 0.0, 0.0, 0.0, 0.0, 0.0]","[8.2, 13.8, 15.8, 15.3, 14.3, 14.0, 12.0]","[25.7, 25.2, 24.0, 23.1, 23.1, 22.2, 23.5]",2026-08-14T12:36:38.179011
HUB10-HUB10,2023-01-09,2023-01-15,"[0.0, 0.0, 0.0, 0.0, 0.0, 0.0, 0.0]","[10.4, 10.6, 12.6, 10.3, 10.6, 10.8, 10.6]","[24.9, 25.1, 24.8, 25.2, 27.7, 27.7, 27.5]",2026-08-14T12:36:38.179528
HUB10-HUB10,2023-01-16,2023-01-22,"[0.0, 0.0, 0.6, 0.0, 0.0, 0.0, 0.0]","[14.5, 9.7, 10.2, 10.2, 10.2, 9.4, 7.7]","[24.7, 25.3, 25.2, 24.7, 25.3, 27.1, 28.4]",2026-08-14T12:36:38.180143
HUB10-HUB10,2023-01-23,2023-01-29,"[0.0, 0.0, 0.0, 0.0, 0.0, 0.0, 0.0]","[8.4, 8.7, 10.5, 10.4, 10.4, 11.9, 11.0]","[29.5, 29.9, 29.6, 30.7, 29.2, 28.0, 27.0]",2026-08-14T12:36:38.180734
HUB10-HUB10,2023-01-30,2023-02-05,"[0.0, 0.0, 0.0, 0.0, 0.0, 0.0, 0.0]","[9.4, 8.7, 11.1, 16.6, 14.7, 12.5, 9.2]","[28.3, 27.0, 24.6, 25.9, 25.9, 26.9, 27.6]",2026-08-14T12:36:38.181215
HUB10-HUB10,2023-02-06,2023-02-12,"[0.0, 0.0, 0.0, 0.0, 0.0, 0.0, 0.0]","[11.7, 15.2, 13.2, 10.1, 11.0, 13.0, 16.7]","[29.7, 30.4, 30.9, 29.9, 30.0, 32.7, 31.3]",2026-08-14T12:36:38.181728
HUB10-HUB10,2023-02-13,2023-02-19,"[0.0, 0.0, 0.0, 0.0, 0.0, 0.7, 0.0]","[14.5, 10.0, 9.4, 8.9, 14.0, 10.2, 11.2]","[28.8, 27.5, 27.9, 29.3, 29.8, 29.2, 31.0]",2026-08-14T12:36:38.182295
HUB10-HUB10,2023-02-20,2023-02-26,"[0.1, 0.0, 0.0, 0.0, 0.0, 0.0, 0.0]","[14.5, 12.7, 20.6, 15.9, 13.5, 10.2, 11.4]","[31.5, 33.3, 33.0, 33.6, 32.6, 33.2, 31.8]",2026-08-14T12:36:38.182845
HUB10-HUB10,2023-02-27,2023-03-05,"[0.0, 0.0, 0.0, 0.0, 0.0, 0.0, 0.0]","[12.2, 9.4, 10.6, 12.0, 14.0, 18.2, 11.5]","[33.4, 33.5, 33.6, 34.6, 34.8, 34.9, 34.6]",2026-08-14T12:36:38.183742
HUB10-HUB10,2023-03-06,2023-03-12,"[0.0, 0.0, 0.0, 0.0, 0.0, 0.1, 0.0]","[10.1, 12.1, 8.8, 9.2, 13.1, 10.0, 10.3]","[34.3, 34.7, 34.8, 33.8, 33.7, 33.2, 34.9]",2026-08-14T12:36:38.184255
HUB10-HUB10,2023-03-13,2023-03-19,"[0.0, 0.0, 0.2, 12.5, 17.7, 5.8, 25.1]","[10.9, 25.1, 18.6, 17.7, 16.4, 11.4, 18.3]","[35.9, 34.1, 33.8, 33.3, 29.5, 27.7, 24.8]",2026-08-14T12:36:38.184710
HUB10-HUB10,2023-03-20,2023-03-26,"[4.1, 15.9, 3.7, 0.4, 0.0, 0.4, 4.3]","[15.8, 19.7, 13.4, 15.8, 10.5, 12.9, 12.8]","[27.5, 27.3, 29.6, 30.2, 31.8, 32.6, 32.7]",2026-08-14T12:36:38.185151
HUB10-HUB10,2023-03-27,2023-04-02,"[7.1, 0.0, 2.1, 1.0, 6.2, 2.2, 0.1]","[14.6, 15.0, 17.8, 15.5, 18.2, 10.9, 13.0]","[31.2, 34.3, 33.5, 32.9, 30.0, 28.3, 31.6]",2026-08-14T12:36:38.185580
HUB10-HUB10,2023-04-03,2023-04-09,"[0.0, 0.3, 0.0, 0.0, 0.0, 0.0, 0.0]","[13.5, 19.9, 15.1, 10.4, 14.3, 8.5, 18.2]","[33.3, 34.9, 35.8, 36.4, 37.0, 36.8, 38.7]",2026-08-14T12:36:38.186007
HUB10-HUB10,2023-04-10,2023-04-16,"[0.0, 0.0, 0.0, 0.0, 0.0, 0.0, 0.0]","[10.5, 17.8, 15.0, 17.6, 13.8, 13.7, 21.0]","[38.2, 39.6, 40.0, 41.6, 42.6, 41.4, 42.1]",2026-08-14T12:36:38.186434
HUB10-HUB10,2023-04-17,2023-04-23,"[0.9, 1.2, 0.0, 0.0, 0.0, 0.6, 2.6]","[19.0, 17.8, 18.7, 20.9, 28.7, 15.6, 16.2]","[40.1, 40.6, 41.7, 41.0, 41.2, 35.5, 33.6]",2026-08-14T12:36:38.186863
HUB10-HUB10,2023-04-24,2023-04-30,"[13.3, 0.5, 0.3, 11.9, 8.5, 13.5, 2.4]","[11.1, 7.9, 11.2, 17.1, 14.1, 26.3, 15.9]","[30.1, 32.4, 33.5, 34.7, 33.7, 34.3, 33.7]",2026-08-14T12:36:38.187283
HUB10-HUB10,2023-05-01,2023-05-07,"[0.0, 0.0, 23.7, 3.1, 2.2, 0.2, 0.0]","[11.1, 12.6, 13.7, 16.5, 10.7, 11.8, 12.1]","[30.2, 33.2, 30.8, 30.8, 34.0, 34.8, 37.5]",2026-08-14T12:36:38.187711
HUB10-HUB10,2023-05-08,2023-05-14,"[0.0, 0.0, 5.2, 2.1, 0.2, 0.2, 0.0]","[13.5, 15.5, 15.6, 17.3, 12.9, 16.2, 26.6]","[39.1, 39.2, 38.1, 37.8, 37.6, 35.5, 37.2]",2026-08-14T12:36:38.188123
HUB10-HUB10,2023-05-15,2023-05-21,"[0.3, 7.8, 7.5, 14.4, 33.4, 1.0, 0.2]","[24.7, 27.6, 23.6, 26.8, 19.6, 21.7, 26.2]","[36.9, 37.7, 36.7, 34.6, 37.3, 36.7, 36.3]",2026-08-14T12:36:38.188532
HUB10-HUB10,2023-05-22,2023-05-28,"[0.0, 1.0, 4.2, 6.8, 20.0, 0.7, 6.7]","[25.9, 26.7, 24.8, 22.7, 11.6, 15.8, 12.4]","[36.1, 38.7, 34.2, 37.5, 36.2, 32.4, 34.9]",2026-08-14T12:36:38.188950
HUB10-HUB10,2023-05-29,2023-06-04,"[0.0, 0.3, 1.4, 2.8, 12.5, 20.9, 10.2]","[8.2, 15.1, 12.2, 16.1, 21.2, 17.5, 15.5]","[36.0, 36.1, 37.9, 37.8, 36.6, 38.7, 39.0]",2026-08-14T12:36:38.189286
HUB10-HUB10,2023-06-05,2023-06-11,"[0.0, 7.6, 3.0, 4.1, 2.7, 6.3, 30.4]","[13.6, 14.9, 17.5, 19.9, 20.0, 15.0, 22.9]","[39.3, 39.6, 39.8, 38.7, 32.7, 34.7, 37.6]",2026-08-14T12:36:38.189578
HUB10-HUB10,2023-06-12,2023-06-18,"[2.7, 5.5, 0.0, 0.0, 11.9, 0.0, 1.4]","[23.8, 22.8, 22.1, 18.9, 26.0, 23.2, 21.3]","[35.3, 37.7, 38.4, 38.6, 38.5, 37.2, 34.2]",2026-08-14T12:36:38.189968
HUB10-HUB10,2023-06-19,2023-06-25,"[12.0, 0.6, 2.0, 23.4, 16.8, 34.0, 8.3]","[19.9, 21.7, 20.0, 16.9, 12.7, 15.2, 24.4]","[33.3, 34.3, 34.6, 32.8, 32.8, 32.0, 31.3]",2026-08-14T12:36:38.190380
HUB10-HUB10,2023-06-26,2023-07-02,"[28.9, 24.5, 3.2, 11.8, 15.2, 20.9, 15.6]","[14.9, 16.8, 24.3, 21.9, 19.3, 18.9, 16.6]","[29.8, 29.5, 31.5, 32.4, 31.9, 32.7, 31.9]",2026-08-14T12:36:38.190843
HUB10-HUB10,2023-07-03,2023-07-09,"[9.2, 6.3, 14.4, 12.4, 4.8, 11.2, 1.9]","[18.9, 15.1, 16.6, 18.6, 20.2, 14.4, 17.2]","[33.5, 33.5, 31.6, 31.7, 31.5, 32.2, 32.7]",2026-08-14T12:36:38.191477
HUB10-HUB10,2023-07-10,2023-07-16,"[1.2, 1.5, 5.0, 13.9, 30.3, 23.4, 4.1]","[16.3, 17.9, 17.7, 12.9, 13.4, 10.4, 18.2]","[32.9, 33.1, 32.5, 30.9, 32.0, 31.2, 31.9]",2026-08-14T12:36:38.192081
HUB10-HUB10,2023-07-17,2023-07-23,"[8.8, 4.4, 6.5, 1.6, 10.9, 8.2, 1.6]","[19.1, 18.6, 17.9, 22.6, 22.7, 24.6, 21.7]","[30.9, 32.5, 31.8, 32.9, 31.4, 31.7, 32.4]",2026-08-14T12:36:38.192535
HUB10-HUB10,2023-07-24,2023-07-30,"[0.7, 9.1, 6.4, 4.8, 1.8, 10.8, 4.4]","[17.6, 23.0, 18.4, 23.9, 18.3, 15.0, 13.2]","[32.4, 32.1, 31.8, 32.0, 32.3, 32.2, 33.2]",2026-08-14T12:36:38.192861
HUB10-HUB10,2023-07-31,2023-08-06,"[26.1, 41.7, 30.9, 3.0, 1.9, 5.0, 9.5]","[12.7, 18.7, 32.1, 24.6, 21.7, 20.9, 20.0]","[32.7, 33.7, 31.4, 31.8, 33.1, 32.3, 31.7]",2026-08-14T12:36:38.193173
HUB10-HUB10,2023-08-07,2023-08-13,"[21.5, 16.0, 8.7, 11.7, 12.5, 37.9, 12.8]","[15.6, 18.3, 19.0, 13.4, 16.5, 11.8, 12.8]","[31.3, 32.0, 32.4, 33.2, 33.4, 31.7, 30.2]",2026-08-14T12:36:38.193525
HUB10-HUB10,2023-08-14,2023-08-20,"[21.8, 5.6, 17.1, 10.1, 5.9, 2.0, 0.5]","[8.7, 10.6, 15.2, 15.8, 27.3, 20.1, 17.6]","[32.4, 32.7, 32.3, 33.4, 31.7, 31.4, 32.5]",2026-08-14T12:36:38.193871
HUB10-HUB10,2023-08-21,2023-08-27,"[0.7, 7.1, 22.2, 28.2, 24.5, 35.1, 1.9]","[18.0, 17.7, 14.8, 16.7, 12.4, 17.1, 15.6]","[32.6, 31.4, 31.3, 32.2, 30.5, 31.7, 33.5]",2026-08-14T12:36:38.194213
HUB10-HUB10,2023-08-28,2023-09-03,"[0.0, 0.2, 1.0, 0.2, 12.9, 23.4, 22.7]","[11.3, 9.4, 13.0, 12.3, 10.1, 12.6, 13.8]","[33.9, 33.6, 34.1, 34.0, 33.6, 32.7, 32.8]",2026-08-14T12:36:38.194563
HUB10-HUB10,2023-09-04,2023-09-10,"[11.8, 11.8, 4.1, 21.7, 17.3, 12.2, 1.8]","[18.0, 19.5, 15.4, 16.2, 19.8, 13.3, 15.1]","[31.3, 30.1, 31.5, 30.2, 29.3, 31.4, 32.4]",2026-08-14T12:36:38.194902
HUB10-HUB10,2023-09-11,2023-09-17,"[4.3, 5.2, 10.3, 16.9, 6.3, 1.6, 0.1]","[12.3, 13.6, 18.1, 28.0, 19.3, 15.1, 12.9]","[32.6, 32.2, 31.7, 30.9, 29.9, 32.6, 33.5]",2026-08-14T12:36:38.195239
HUB10-HUB10,2023-09-18,2023-09-24,"[15.2, 16.0, 13.6, 11.5, 12.0, 8.0, 23.1]","[11.9, 15.9, 18.2, 23.8, 24.1, 18.5, 17.3]","[30.8, 29.6, 29.2, 30.3, 31.1, 30.8, 31.0]",2026-08-14T12:36:38.195579
HUB10-HUB10,2023-09-25,2023-10-01,"[14.1, 2.5, 0.3, 0.7, 37.0, 39.5, 11.8]","[16.1, 13.6, 9.5, 8.6, 11.7, 20.8, 18.8]","[31.4, 32.2, 32.9, 31.8, 32.5, 29.6, 30.2]",2026-08-14T12:36:38.195910
HUB10-HUB10,2023-10-02,2023-10-08,"[10.9, 25.4, 44.6, 40.9, 12.5, 0.3, 5.7]","[19.6, 21.3, 18.3, 16.4, 16.3, 8.8, 8.9]","[30.1, 28.7, 28.2, 30.2, 32.3, 32.6, 32.3]",2026-08-14T12:36:38.196244
HUB10-HUB10,2023-10-09,2023-10-15,"[0.3, 0.0, 0.0, 0.0, 0.0, 0.0, 0.0]","[11.7, 11.2, 9.1, 10.5, 8.4, 11.3, 9.0]","[33.3, 33.7, 33.7, 33.5, 33.6, 33.0, 32.7]",2026-08-14T12:36:38.196551
HUB10-HUB10,2023-10-16,2023-10-22,"[0.6, 0.2, 0.0, 0.0, 0.0, 0.0, 0.0]","[13.3, 8.1, 11.5, 11.3, 11.4, 10.6, 11.7]","[31.4, 31.2, 31.8, 31.3, 31.3, 30.8, 31.4]",2026-08-14T12:36:38.196838
HUB10-HUB10,2023-10-23,2023-10-29,"[9.5, 0.0, 0.2, 0.2, 1.3, 0.3, 0.0]","[15.0, 19.6, 12.9, 8.4, 15.5, 7.6, 9.3]","[30.4, 28.9, 31.0, 31.1, 30.7, 30.0, 30.5]",2026-08-14T12:36:38.197121
HUB10-HUB10,2023-10-30,2023-11-05,"[0.0, 0.0, 0.0, 0.0, 1.7, 3.5, 4.6]","[8.3, 7.5, 8.2, 7.2, 9.7, 12.1, 8.0]","[30.7, 31.2, 32.1, 31.9, 30.2, 30.7, 30.1]",2026-08-14T12:36:38.197405
HUB10-HUB10,2023-11-06,2023-11-12,"[0.0, 0.0, 0.0, 0.0, 0.0, 0.0, 0.0]","[12.9, 11.4, 10.8, 9.0, 12.5, 10.6, 12.3]","[31.2, 30.6, 30.3, 30.5, 30.5, 30.5, 30.7]",2026-08-14T12:36:38.197688
HUB10-HUB10,2023-11-13,2023-11-19,"[0.0, 0.0, 0.0, 13.1, 1.6, 0.0, 0.0]","[13.1, 11.3, 13.2, 15.5, 29.2, 9.2, 11.2]","[30.3, 30.2, 30.3, 27.5, 29.8, 28.9, 29.4]",2026-08-14T12:36:38.197972
HUB10-HUB10,2023-11-20,2023-11-26,"[0.0, 0.0, 0.0, 0.0, 0.0, 0.0, 0.0]","[9.6, 9.8, 9.6, 10.2, 9.9, 12.1, 12.4]","[29.5, 29.9, 28.9, 28.0, 28.3, 28.7, 28.7]",2026-08-14T12:36:38.198256
HUB10-HUB10,2023-11-27,2023-12-03,"[0.0, 0.0, 0.0, 0.0, 0.0, 0.0, 0.0]","[7.9, 9.8, 9.1, 9.7, 14.1, 12.6, 10.6]","[28.8, 29.3, 29.6, 29.6, 30.2, 29.8, 30.1]",2026-08-14T12:36:38.198535
HUB10-HUB10,2023-12-04,2023-12-10,"[0.0, 0.0, 1.7, 22.3, 0.0, 0.0, 0.0]","[12.3, 14.4, 15.8, 16.7, 13.4, 12.7, 12.0]","[27.7, 25.6, 27.7, 21.7, 25.2, 26.2, 25.7]",2026-08-14T12:36:38.198815
HUB10-HUB10,2023-12-11,2023-12-17,"[0.0, 0.0, 0.0, 0.0, 0.0, 0.0, 0.0]","[14.0, 8.8, 9.9, 9.6, 12.9, 10.4, 9.7]","[24.9, 24.6, 25.1, 25.2, 24.3, 24.7, 24.7]",2026-08-14T12:36:38.199099
HUB10-HUB10,2023-12-18,2023-12-24,"[0.0, 0.0, 0.0, 0.0, 0.0, 0.0, 0.0]","[10.3, 10.5, 11.4, 9.3, 8.7, 8.4, 9.2]","[24.7, 24.1, 24.7, 24.5, 25.7, 26.3, 25.4]",2026-08-14T12:36:38.199386
HUB10-HUB10,2023-12-25,2023-12-31,"[0.0, 0.0, 0.0, 0.0, 0.0, 0.0, 0.0]","[8.6, 9.4, 10.0, 9.3, 12.2, 13.1, 11.2]","[25.9, 26.5, 26.6, 26.6, 26.7, 26.5, 25.8]",2026-08-14T12:36:38.199669
HUB10-HUB10,2024-01-01,2024-01-07,"[0.0, 0.0, 0.0, 0.0, 0.0, 0.0, 0.0]","[10.8, 9.8, 9.8, 9.2, 8.8, 10.9, 10.5]","[25.1, 23.5, 24.5, 25.4, 25.8, 26.7, 26.2]",2026-08-14T12:36:38.199951
HUB10-HUB10,2024-01-08,2024-01-14,"[0.0, 0.0, 0.0, 0.0, 0.0, 0.0, 0.0]","[12.7, 10.1, 7.9, 11.8, 14.8, 11.2, 9.6]","[25.9, 25.4, 26.1, 25.2, 23.2, 22.7, 22.4]",2026-08-14T12:36:38.200234
HUB10-HUB10,2024-01-15,2024-01-21,"[0.0, 0.0, 0.0, 15.9, 0.1, 0.0, 0.6]","[9.7, 9.4, 10.1, 12.6, 9.9, 7.6, 8.7]","[22.2, 22.7, 24.0, 19.6, 23.2, 22.9, 20.5]",2026-08-14T12:36:38.200520
HUB10-HUB10,2024-01-22,2024-01-28,"[0.0, 0.0, 8.8, 0.0, 0.0, 0.0, 0.0]","[11.5, 10.1, 9.1, 7.9, 12.7, 12.4, 10.1]","[21.6, 22.8, 21.5, 22.7, 23.1, 23.0, 23.6]",2026-08-14T12:36:38.200805
HUB10-HUB10,2024-01-29,2024-02-04,"[0.0, 1.2, 17.7, 7.5, 1.2, 0.0, 0.0]","[8.8, 11.8, 12.4, 10.5, 9.4, 12.0, 10.7]","[24.8, 26.8, 25.6, 25.1, 26.7, 26.0, 26.6]",2026-08-14T12:36:38.201084
HUB10-HUB10,2024-02-05,2024-02-11,"[0.0, 1.4, 0.0, 0.0, 0.0, 0.0, 0.0]","[9.3, 12.2, 13.0, 11.3, 13.1, 12.6, 11.2]","[27.2, 28.3, 26.0, 24.8, 23.4, 24.8, 26.9]",2026-08-14T12:36:38.201368
HUB10-HUB10,2024-02-12,2024-02-18,"[0.0, 0.0, 0.0, 0.0, 0.0, 0.0, 0.3]","[9.2, 8.8, 8.4, 22.9, 11.0, 10.0, 9.4]","[27.7, 29.2, 28.6, 28.1, 28.9, 28.1, 29.4]",2026-08-14T12:36:38.201647
HUB10-HUB10,2024-02-19,2024-02-25,"[0.3, 0.9, 0.0, 3.5, 0.2, 0.0, 3.6]","[12.1, 15.7, 10.8, 14.0, 17.3, 15.0, 18.9]","[30.1, 31.7, 32.9, 30.0, 28.8, 28.0, 24.9]",2026-08-14T12:36:38.201929
HUB10-HUB10,2024-02-26,2024-03-03,"[0.0, 0.0, 0.1, 0.0, 0.0, 0.0, 0.3]","[11.4, 7.7, 11.7, 9.4, 10.9, 6.9, 7.5]","[28.5, 29.0, 29.4, 30.0, 30.4, 30.8, 31.5]",2026-08-14T12:36:38.202215
HUB10-HUB10,2024-03-04,2024-03-10,"[1.1, 0.0, 0.0, 0.1, 0.0, 0.0, 0.0]","[16.3, 11.6, 12.1, 10.6, 12.6, 12.0, 10.5]","[31.4, 31.3, 29.7, 28.8, 30.6, 30.2, 30.2]",2026-08-14T12:36:38.202498
HUB10-HUB10,2024-03-11,2024-03-17,"[0.0, 0.0, 3.5, 5.7, 4.3, 0.6, 0.0]","[11.4, 15.3, 21.2, 28.3, 24.5, 15.1, 9.4]","[31.8, 33.4, 33.6, 32.1, 33.4, 32.1, 31.7]",2026-08-14T12:36:38.202778
HUB10-HUB10,2024-03-18,2024-03-24,"[11.7, 2.3, 13.2, 3.3, 0.0, 3.8, 0.0]","[15.5, 27.3, 10.6, 8.1, 8.0, 21.7, 18.2]","[29.5, 30.3, 23.6, 26.3, 28.2, 32.1, 34.0]",2026-08-14T12:36:38.203061
HUB10-HUB10,2024-03-25,2024-03-31,"[0.8, 0.2, 2.4, 0.1, 0.8, 0.2, 7.3]","[16.9, 11.1, 18.0, 16.5, 15.8, 21.8, 20.1]","[33.1, 32.5, 35.2, 34.5, 35.2, 36.1, 35.4]",2026-08-14T12:36:38.203349
HUB10-HUB10,2024-04-01,2024-04-07,"[0.0, 0.0, 0.0, 15.6, 0.0, 3.3, 2.5]","[15.0, 13.3, 17.0, 21.4, 17.5, 20.6, 19.6]","[37.0, 36.3, 36.8, 36.7, 38.3, 37.7, 36.3]",2026-08-14T12:36:38.203628
HUB10-HUB10,2024-04-08,2024-04-14,"[0.1, 0.0, 0.0, 0.8, 0.0, 0.0, 0.0]","[21.4, 12.0, 12.7, 17.3, 9.0, 9.0, 9.7]","[32.0, 34.7, 35.7, 32.8, 34.9, 36.6, 36.6]",2026-08-14T12:36:38.203908
HUB10-HUB10,2024-04-15,2024-04-21,"[0.0, 0.0, 0.0, 0.0, 0.0, 0.0, 0.0]","[14.2, 14.9, 10.8, 13.9, 22.4, 22.4, 22.1]","[38.5, 38.9, 38.7, 38.7, 40.8, 41.7, 41.2]",2026-08-14T12:36:38.204173
HUB10-HUB10,2024-04-22,2024-04-28,"[0.0, 0.0, 0.0, 0.0, 0.0, 0.0, 1.6]","[15.0, 16.2, 16.2, 16.1, 20.2, 17.7, 17.6]","[40.0, 38.7, 39.9, 40.4, 41.0, 40.8, 40.4]",2026-08-14T12:36:38.204415
HUB10-HUB10,2024-04-29,2024-05-05,"[0.0, 0.0, 0.0, 0.3, 0.0, 0.0, 0.0]","[21.0, 25.7, 21.1, 21.6, 16.5, 22.2, 25.6]","[41.6, 43.9, 41.6, 41.7, 40.0, 39.1, 37.2]",2026-08-14T12:36:38.204659
HUB10-HUB10,2024-05-06,2024-05-12,"[38.8, 0.4, 2.2, 5.6, 12.3, 12.4, 6.9]","[33.8, 24.5, 17.1, 17.1, 17.3, 18.2, 20.3]","[36.6, 34.2, 30.4, 30.7, 31.1, 31.2, 32.8]",2026-08-14T12:36:38.204907
HUB10-HUB10,2024-05-13,2024-05-19,"[0.0, 8.4, 0.0, 0.0, 0.1, 0.0, 0.0]","[14.1, 14.8, 12.8, 14.3, 19.7, 17.2, 14.8]","[33.6, 34.2, 35.1, 36.0, 37.7, 37.2, 34.9]",2026-08-14T12:36:38.205155
HUB10-HUB10,2024-05-20,2024-05-26,"[19.3, 10.1, 1.9, 1.0, 0.0, 0.5, 33.2]","[15.5, 14.8, 14.3, 22.4, 18.0, 16.3, 42.6]","[34.0, 34.1, 34.3, 34.7, 35.4, 35.6, 30.6]",2026-08-14T12:36:38.205401
HUB10-HUB10,2024-05-27,2024-06-02,"[80.5, 0.5, 0.0, 0.0, 0.0, 0.7, 5.9]","[44.0, 22.0, 31.0, 29.0, 26.1, 23.5, 21.0]","[27.8, 36.0, 35.3, 34.8, 34.1, 34.6, 33.9]",2026-08-14T12:36:38.205644
HUB10-HUB10,2024-06-03,2024-06-09,"[0.0, 0.0, 0.7, 1.4, 0.0, 0.0, 0.0]","[19.7, 20.5, 20.8, 19.7, 22.4, 21.6, 16.7]","[34.8, 35.4, 36.0, 37.0, 36.6, 35.3, 36.5]",2026-08-14T12:36:38.205891
HUB10-HUB10,2024-06-10,2024-06-16,"[0.0, 0.0, 0.0, 0.2, 0.0, 6.6, 0.0]","[17.5, 19.1, 19.9, 23.5, 19.5, 21.7, 19.6]","[36.3, 36.3, 34.8, 35.6, 37.5, 37.1, 36.6]",2026-08-14T12:36:38.206135
HUB10-HUB10,2024-06-17,2024-06-23,"[0.0, 19.4, 2.9, 24.9, 1.9, 9.7, 3.7]","[29.9, 21.9, 23.6, 19.1, 12.0, 15.2, 16.8]","[37.4, 32.2, 34.8, 35.0, 31.8, 32.9, 33.4]",2026-08-14T12:36:38.206379
HUB10-HUB10,2024-06-24,2024-06-30,"[0.3, 0.4, 2.5, 14.6, 14.3, 4.9, 20.6]","[18.4, 18.3, 15.0, 15.7, 13.9, 16.1, 16.6]","[33.4, 33.8, 33.9, 32.8, 32.4, 31.6, 31.6]",2026-08-14T12:36:38.206623
HUB10-HUB10,2024-07-01,2024-07-07,"[20.7, 30.5, 13.0, 15.7, 24.5, 4.8, 7.0]","[19.3, 16.9, 18.6, 16.6, 22.7, 19.3, 16.0]","[32.2, 30.1, 28.9, 31.5, 32.5, 32.3, 32.4]",2026-08-14T12:36:38.206871
HUB10-HUB10,2024-07-08,2024-07-14,"[1.3, 5.4, 1.0, 11.9, 18.2, 9.8, 4.3]","[15.8, 17.1, 21.3, 20.0, 15.6, 17.2, 16.1]","[32.5, 32.2, 32.5, 32.8, 32.5, 31.9, 32.2]",2026-08-14T12:36:38.207115
HUB10-HUB10,2024-07-15,2024-07-21,"[1.9, 1.1, 5.1, 1.2, 3.0, 1.7, 10.1]","[23.3, 14.5, 16.1, 23.1, 23.8, 25.2, 24.0]","[32.1, 31.9, 33.2, 33.5, 32.0, 32.9, 31.4]",2026-08-14T12:36:38.207507
HUB10-HUB10,2024-07-22,2024-07-28,"[8.0, 19.5, 17.2, 12.5, 21.8, 5.7, 8.0]","[18.8, 15.6, 13.4, 13.8, 20.2, 21.5, 12.8]","[31.8, 31.8, 32.1, 31.7, 30.3, 31.6, 32.0]",2026-08-14T12:36:38.207925
HUB10-HUB10,2024-07-29,2024-08-04,"[24.4, 5.1, 31.2, 31.7, 29.9, 16.0, 28.5]","[13.3, 17.8, 12.2, 23.9, 23.3, 20.3, 17.3]","[31.2, 33.0, 31.5, 28.0, 30.4, 31.4, 31.0]",2026-08-14T12:36:38.208213
HUB10-HUB10,2024-08-05,2024-08-11,"[61.5, 7.5, 6.0, 5.1, 10.1, 24.7, 10.3]","[15.5, 15.6, 17.1, 19.8, 17.1, 15.9, 16.2]","[32.4, 31.3, 30.9, 31.3, 31.1, 32.0, 32.6]",2026-08-14T12:36:38.208482
HUB10-HUB10,2024-08-12,2024-08-18,"[13.4, 8.4, 56.7, 5.8, 2.1, 10.8, 19.9]","[15.0, 15.3, 13.9, 10.6, 10.2, 10.9, 19.7]","[32.3, 32.8, 32.3, 32.7, 31.2, 32.8, 30.1]",2026-08-14T12:36:38.208744
HUB10-HUB10,2024-08-19,2024-08-25,"[14.9, 29.0, 18.8, 35.4, 22.9, 13.8, 35.1]","[14.3, 10.6, 15.6, 12.1, 11.1, 11.2, 8.2]","[30.6, 30.7, 31.8, 31.4, 29.8, 27.4, 28.9]",2026-08-14T12:36:38.209002
HUB10-HUB10,2024-08-26,2024-09-01,"[53.3, 28.1, 7.1, 1.2, 0.5, 4.8, 9.4]","[12.4, 11.9, 12.8, 12.6, 14.1, 19.6, 15.9]","[29.4, 29.6, 31.7, 32.2, 32.9, 32.3, 30.9]",2026-08-14T12:36:38.209258
HUB10-HUB10,2024-09-02,2024-09-08,"[5.9, 8.6, 5.4, 1.5, 4.7, 14.6, 6.1]","[16.2, 11.3, 12.8, 18.4, 11.0, 15.9, 18.0]","[32.2, 32.0, 31.9, 32.1, 33.1, 33.4, 32.4]",2026-08-14T12:36:38.209508
HUB10-HUB10,2024-09-09,2024-09-15,"[4.1, 3.2, 6.6, 14.3, 24.4, 64.6, 25.3]","[22.4, 17.4, 11.2, 10.2, 17.8, 31.6, 26.6]","[32.2, 31.9, 31.9, 31.4, 31.6, 27.9, 27.0]",2026-08-14T12:36:38.209762
HUB10-HUB10,2024-09-16,2024-09-22,"[25.3, 0.5, 0.0, 0.1, 1.5, 4.5, 4.2]","[24.2, 18.1, 7.9, 7.2, 10.9, 9.9, 12.6]","[29.2, 32.6, 33.0, 32.7, 33.4, 33.4, 34.0]",2026-08-14T12:36:38.210018
HUB10-HUB10,2024-09-23,2024-09-29,"[12.6, 14.2, 34.0, 23.7, 6.2, 1.3, 1.0]","[17.1, 18.0, 18.8, 18.3, 20.0, 17.3, 15.1]","[33.6, 30.5, 28.1, 28.5, 30.5, 31.4, 32.4]",2026-08-14T12:36:38.210267
HUB10-HUB10,2024-09-30,2024-10-06,"[0.4, 13.6, 14.4, 3.6, 28.4, 13.6, 10.1]","[8.8, 13.1, 10.1, 10.9, 9.1, 4.5, 11.6]","[33.5, 34.2, 31.6, 31.5, 30.0, 30.1, 30.3]",2026-08-14T12:36:38.210516
HUB10-HUB10,2024-10-07,2024-10-13,"[14.5, 9.8, 14.9, 11.1, 3.6, 5.4, 3.8]","[11.2, 7.8, 13.1, 10.3, 10.6, 7.7, 8.5]","[30.7, 31.1, 29.9, 31.2, 32.1, 31.9, 32.0]",2026-08-14T12:36:38.210762
HUB10-HUB10,2024-10-14,2024-10-20,"[0.0, 5.8, 0.0, 8.0, 6.4, 7.8, 0.0]","[7.4, 9.3, 8.8, 9.9, 14.1, 11.2, 12.8]","[32.4, 31.5, 31.3, 30.9, 30.2, 30.5, 30.5]",2026-08-14T12:36:38.211013
HUB10-HUB10,2024-10-21,2024-10-27,"[0.0, 0.0, 1.9, 18.4, 57.1, 4.5, 1.5]","[13.0, 10.5, 17.1, 26.9, 24.7, 21.2, 11.5]","[30.4, 30.9, 29.6, 26.4, 25.9, 31.5, 30.6]",2026-08-14T12:36:38.211264
HUB10-HUB10,2024-10-28,2024-11-03,"[0.0, 0.0, 1.3, 1.8, 0.0, 0.0, 0.0]","[7.3, 9.2, 9.1, 10.0, 7.1, 7.1, 7.7]","[31.4, 31.4, 30.8, 31.3, 32.4, 31.4, 31.0]",2026-08-14T12:36:38.211512
HUB10-HUB10,2024-11-04,2024-11-10,"[0.0, 0.6, 1.3, 0.2, 0.0, 0.0, 0.0]","[7.5, 8.0, 11.8, 7.5, 10.7, 9.3, 8.9]","[30.2, 29.3, 29.5, 30.1, 30.2, 29.6, 29.9]",2026-08-14T12:36:38.211782
HUB10-HUB10,2024-11-11,2024-11-17,"[0.0, 0.0, 0.0, 0.0, 0.0, 0.0, 0.0]","[10.1, 10.1, 6.3, 9.7, 7.7, 8.7, 6.8]","[30.1, 29.9, 31.5, 30.8, 30.2, 29.2, 28.7]",2026-08-14T12:36:38.212027
HUB10-HUB10,2024-11-18,2024-11-24,"[0.0, 0.0, 0.0, 0.0, 0.0, 0.0, 0.0]","[7.4, 4.7, 8.0, 8.4, 7.8, 8.9, 7.2]","[28.0, 28.6, 29.0, 28.8, 28.7, 28.5, 28.1]",2026-08-14T12:36:38.212263
HUB10-HUB10,2024-11-25,2024-12-01,"[0.0, 0.0, 0.0, 0.0, 0.0, 0.7, 0.2]","[8.6, 6.8, 7.2, 9.2, 8.8, 11.9, 8.0]","[27.5, 27.4, 28.5, 28.8, 27.0, 23.7, 27.8]",2026-08-14T12:36:38.212493
HUB10-HUB10,2024-12-02,2024-12-08,"[0.1, 0.0, 0.0, 0.0, 0.0, 0.0, 0.0]","[9.4, 7.1, 4.7, 6.5, 7.1, 5.2, 5.6]","[23.7, 27.6, 27.2, 28.4, 26.8, 25.8, 26.0]",2026-08-14T12:36:38.212718
HUB10-HUB10,2024-12-09,2024-12-15,"[0.0, 1.3, 0.0, 0.0, 0.0, 0.0, 0.0]","[7.3, 6.4, 9.9, 8.1, 8.2, 8.0, 8.8]","[26.7, 26.3, 24.6, 24.2, 23.7, 23.6, 23.9]",2026-08-14T12:36:38.212942
HUB10-HUB10,2024-12-16,2024-12-22,"[0.0, 0.0, 0.0, 0.0, 0.7, 10.5, 0.0]","[6.0, 5.6, 5.8, 8.7, 8.5, 7.6, 9.0]","[25.0, 26.6, 27.1, 27.0, 26.6, 20.1, 25.3]",2026-08-14T12:36:38.213167
HUB10-HUB10,2024-12-23,2024-12-29,"[0.0, 0.0, 0.5, 0.0, 0.0, 0.0, 0.0]","[9.4, 6.2, 4.8, 8.1, 8.6, 7.6, 6.6]","[26.5, 26.0, 23.9, 27.1, 26.9, 26.4, 27.0]",2026-08-14T12:36:38.213386
HUB10-HUB10,2024-12-30,2025-01-05,"[0.0, 0.0, 0.0, 0.0, 0.0, 0.0, 0.0]","[8.2, 11.8, 9.6, 8.3, 9.1, 7.1, 5.5]","[26.6, 24.4, 23.4, 22.8, 22.9, 24.4, 25.6]",2026-08-14T12:36:38.213606
HUB10-HUB10,2025-01-06,2025-01-12,"[0.0, 0.0, 0.0, 0.0, 0.0, 0.0, 0.0]","[6.3, 9.2, 11.0, 7.8, 9.2, 6.6, 4.7]","[25.4, 26.9, 23.8, 23.5, 23.9, 24.9, 26.4]",2026-08-14T12:36:38.213828
HUB10-HUB10,2025-01-13,2025-01-19,"[0.0, 0.0, 0.0, 0.0, 0.0, 0.0, 0.0]","[8.0, 9.2, 11.4, 7.4, 8.8, 10.8, 11.6]","[27.8, 27.1, 25.5, 25.9, 25.8, 25.8, 25.6]",2026-08-14T12:36:38.214044
HUB10-HUB10,2025-01-20,2025-01-26,"[0.0, 0.0, 0.0, 0.0, 0.0, 0.5, 0.0]","[10.5, 10.3, 9.0, 6.6, 6.6, 10.9, 10.1]","[24.9, 26.7, 28.5, 28.8, 28.6, 26.9, 25.3]",2026-08-14T12:36:38.214261
HUB10-HUB10,2025-01-27,2025-02-02,"[0.0, 0.0, 0.1, 0.1, 0.1, 0.4, 0.1]","[10.2, 8.6, 9.3, 16.0, 10.8, 7.7, 7.9]","[25.1, 27.2, 28.3, 30.1, 30.3, 29.7, 30.0]",2026-08-14T12:36:38.214482
HUB10-HUB10,2025-02-03,2025-02-09,"[0.0, 0.0, 0.0, 0.0, 0.0, 0.0, 0.0]","[8.5, 9.1, 9.7, 11.4, 9.0, 11.1, 9.8]","[30.8, 29.1, 30.9, 30.6, 27.5, 27.6, 27.6]",2026-08-14T12:36:38.214702
HUB10-HUB10,2025-02-10,2025-02-16,"[0.0, 0.0, 0.0, 0.3, 0.0, 0.0, 0.0]","[9.9, 9.7, 8.3, 9.7, 11.3, 12.0, 12.8]","[30.7, 31.2, 32.3, 31.4, 29.0, 30.8, 32.0]",2026-08-14T12:36:38.214919
HUB10-HUB10,2025-02-17,2025-02-23,"[0.0, 7.2, 19.3, 4.2, 0.0, 7.1, 6.4]","[12.5, 17.4, 9.5, 8.1, 8.3, 14.7, 10.3]","[32.3, 32.4, 28.3, 26.9, 29.0, 29.1, 27.7]",2026-08-14T12:36:38.215134
HUB10-HUB10,2025-02-24,2025-03-02,"[0.0, 0.0, 0.0, 0.0, 0.0, 0.0, 0.0]","[5.6, 9.0, 9.0, 9.1, 7.7, 13.5, 10.9]","[28.6, 28.9, 29.4, 30.0, 31.4, 34.4, 34.4]",2026-08-14T12:36:38.215349
HUB10-HUB10,2025-03-03,2025-03-09,"[0.0, 0.0, 0.0, 0.0, 0.0, 0.0, 0.0]","[10.8, 11.6, 10.9, 11.3, 10.6, 12.5, 9.3]","[33.9, 32.9, 32.4, 29.5, 30.9, 32.9, 33.7]",2026-08-14T12:36:38.215568
HUB10-HUB10,2025-03-10,2025-03-16,"[0.0, 0.0, 0.0, 0.0, 0.0, 0.0, 12.3]","[11.2, 13.4, 13.8, 12.5, 10.5, 14.8, 14.5]","[35.5, 34.5, 36.1, 37.1, 37.9, 39.1, 39.6]",2026-08-14T12:36:38.215785
HUB10-HUB10,2025-03-17,2025-03-23,"[9.0, 0.0, 0.0, 0.8, 3.5, 8.9, 2.0]","[15.9, 11.5, 12.6, 14.9, 12.0, 15.7, 7.9]","[37.2, 35.8, 36.9, 34.6, 34.6, 26.1, 28.9]",2026-08-14T12:36:38.216002
HUB10-HUB10,2025-03-24,2025-03-30,"[0.0, 0.0, 0.0, 0.0, 0.0, 0.0, 0.0]","[10.4, 9.7, 13.2, 13.4, 13.3, 12.0, 11.7]","[31.7, 33.3, 36.4, 37.9, 39.6, 38.2, 38.2]",2026-08-14T12:36:38.216219
HUB10-HUB10,2025-03-31,2025-04-06,"[0.1, 0.0, 0.1, 0.0, 0.0, 0.0, 1.6]","[14.7, 13.8, 17.2, 10.5, 9.8, 13.4, 17.1]","[37.3, 37.1, 37.9, 37.8, 33.6, 38.4, 37.5]",2026-08-14T12:36:38.216439
HUB10-HUB10,2025-04-07,2025-04-13,"[0.2, 3.1, 3.6, 2.3, 0.0, 9.3, 0.6]","[17.0, 13.4, 14.6, 15.5, 7.8, 11.1, 9.1]","[37.0, 36.2, 36.1, 35.5, 33.1, 37.7, 34.2]",2026-08-14T12:36:38.216657
HUB10-HUB10,2025-04-14,2025-04-20,"[6.4, 0.7, 2.7, 20.2, 8.6, 2.1, 7.7]","[18.0, 9.6, 13.2, 19.0, 10.5, 8.9, 12.6]","[34.0, 35.5, 34.9, 34.4, 31.7, 31.7, 36.2]",2026-08-14T12:36:38.216886
HUB10-HUB10,2025-04-21,2025-04-27,"[0.0, 0.1, 0.0, 0.0, 0.0, 6.1, 0.0]","[16.8, 17.3, 15.3, 18.7, 18.5, 18.6, 12.3]","[35.9, 36.6, 42.1, 38.3, 39.3, 37.5, 38.1]",2026-08-14T12:36:38.217105
HUB10-HUB10,2025-04-28,2025-05-04,"[5.6, 14.3, 2.5, 3.5, 0.0, 2.3, 8.7]","[10.1, 17.3, 7.6, 18.5, 7.8, 12.9, 9.9]","[31.2, 32.0, 31.3, 31.7, 30.9, 32.9, 31.4]",2026-08-14T12:36:38.217323
HUB10-HUB10,2025-05-05,2025-05-11,"[0.1, 9.1, 0.0, 0.0, 0.0, 0.0, 0.0]","[8.1, 10.0, 10.6, 10.5, 11.2, 11.4, 12.7]","[34.2, 34.6, 35.3, 38.2, 39.1, 39.6, 40.2]",2026-08-14T12:36:38.217545
HUB10-HUB10,2025-05-12,2025-05-18,"[1.0, 0.4, 0.1, 3.8, 2.5, 1.1, 3.2]","[16.4, 13.9, 15.6, 16.6, 14.2, 20.9, 18.7]","[40.0, 38.2, 37.9, 38.1, 36.8, 36.9, 33.9]",2026-08-14T12:36:38.217769
HUB10-HUB10,2025-05-19,2025-05-25,"[4.2, 8.3, 7.7, 5.2, 9.0, 4.9, 11.4]","[12.2, 15.9, 13.7, 12.1, 13.3, 7.6, 10.9]","[36.9, 36.1, 36.9, 33.2, 32.9, 33.5, 31.5]",2026-08-14T12:36:38.217987
HUB10-HUB10,2025-05-26,2025-06-01,"[11.9, 5.5, 7.5, 28.8, 3.2, 24.3, 15.9]","[12.0, 15.7, 18.9, 17.0, 16.8, 13.9, 13.8]","[31.0, 30.5, 30.7, 30.1, 33.6, 32.0, 31.6]",2026-08-14T12:36:38.218207
HUB10-HUB10,2025-06-02,2025-06-08,"[0.6, 0.2, 3.9, 5.3, 9.7, 0.0, 1.6]","[17.9, 12.1, 8.8, 8.8, 12.6, 6.9, 7.8]","[36.4, 35.7, 34.5, 32.7, 33.4, 34.6, 34.8]",2026-08-14T12:36:38.218430
HUB10-HUB10,2025-06-09,2025-06-15,"[0.8, 1.4, 0.7, 1.2, 2.1, 1.5, 16.0]","[8.5, 10.2, 12.3, 10.9, 10.2, 14.4, 10.6]","[34.9, 36.8, 35.6, 37.1, 36.4, 36.0, 31.6]",2026-08-14T12:36:38.218648
HUB10-HUB10,2025-06-16,2025-06-22,"[26.6, 30.4, 25.3, 23.5, 3.9, 3.0, 28.2]","[11.5, 13.1, 19.6, 27.3, 17.3, 12.4, 9.0]","[32.1, 29.1, 28.9, 30.9, 32.6, 33.9, 32.1]",2026-08-14T12:36:38.218867
HUB10-HUB10,2025-06-23,2025-06-29,"[14.2, 1.8, 17.0, 7.7, 19.4, 17.5, 44.8]","[12.5, 9.6, 16.6, 16.3, 13.5, 9.0, 8.7]","[31.7, 32.4, 31.5, 32.2, 31.6, 30.3, 30.6]",2026-08-14T12:36:38.219088
HUB10-HUB10,2025-06-30,2025-07-06,"[12.7, 6.5, 34.6, 10.9, 16.4, 7.6, 15.0]","[9.2, 15.7, 10.5, 10.9, 9.7, 9.0, 8.6]","[31.1, 30.7, 32.3, 31.2, 31.3, 31.4, 30.4]",2026-08-14T12:36:38.219307
HUB10-HUB10,2025-07-07,2025-07-13,"[21.5, 27.2, 11.2, 20.1, 2.7, 9.3, 11.2]","[11.3, 11.1, 16.1, 16.7, 10.1, 8.2, 10.1]","[28.9, 28.1, 30.4, 31.5, 31.6, 32.7, 31.0]",2026-08-14T12:36:38.219528
HUB10-HUB10,2025-07-14,2025-07-20,"[35.7, 26.1, 2.3, 1.0, 8.4, 3.0, 8.1]","[22.7, 13.8, 13.5, 12.6, 8.5, 10.5, 8.5]","[27.7, 30.8, 32.0, 32.7, 33.0, 33.3, 33.3]",2026-08-14T12:36:38.219748
HUB10-HUB10,2025-07-21,2025-07-27,"[2.3, 0.5, 0.8, 10.5, 17.9, 6.5, 6.1]","[10.3, 10.5, 12.0, 9.7, 18.7, 16.8, 9.9]","[33.3, 33.7, 34.3, 33.0, 30.8, 30.9, 32.9]",2026-08-14T12:36:38.219962
HUB10-HUB10,2025-07-28,2025-08-03,"[15.9, 52.3, 18.7, 46.6, 11.9, 20.9, 8.2]","[10.3, 11.3, 12.6, 13.2, 11.8, 11.4, 16.1]","[30.6, 29.0, 29.6, 30.0, 32.0, 32.2, 32.4]",2026-08-14T12:36:38.220160
HUB10-HUB10,2025-08-04,2025-08-10,"[16.9, 17.7, 17.7, 14.3, 3.4, 6.9, 0.3]","[11.7, 19.9, 8.8, 14.1, 11.7, 14.7, 13.8]","[31.8, 32.4, 30.1, 31.8, 30.8, 31.8, 32.9]",2026-08-14T12:36:38.220364
HUB10-HUB10,2025-08-11,2025-08-17,"[7.2, 6.2, 15.4, 17.5, 7.9, 3.4, 10.5]","[10.6, 10.5, 12.1, 12.3, 12.3, 10.5, 13.3]","[32.7, 33.6, 31.3, 30.5, 31.6, 32.2, 32.1]",2026-08-14T12:36:38.220563
HUB10-HUB10,2025-08-18,2025-08-24,"[10.5, 10.0, 2.1, 35.7, 30.9, 12.0, 6.4]","[18.0, 17.9, 17.6, 13.6, 13.4, 13.9, 17.2]","[31.7, 30.1, 30.1, 29.2, 30.0, 28.5, 30.6]",2026-08-14T12:36:38.220761
HUB10-HUB10,2025-08-25,2025-08-31,"[4.1, 2.2, 5.7, 5.6, 15.3, 9.2, 3.8]","[8.2, 10.9, 14.3, 15.3, 12.9, 11.0, 6.8]","[31.8, 32.0, 31.8, 31.1, 30.2, 30.3, 32.3]",2026-08-14T12:36:38.220958
HUB10-HUB10,2025-09-01,2025-09-07,"[12.0, 25.7, 22.9, 9.2, 8.9, 8.1, 0.7]","[12.7, 15.7, 21.2, 14.0, 10.9, 8.6, 10.1]","[33.8, 30.3, 29.2, 30.5, 32.4, 32.6, 33.1]",2026-08-14T12:36:38.221160
HUB10-HUB10,2025-09-08,2025-09-14,"[0.5, 0.3, 0.0, 10.2, 16.5, 9.0, 6.2]","[7.2, 9.9, 10.4, 12.4, 14.2, 10.5, 13.6]","[32.9, 33.7, 34.7, 34.5, 33.0, 30.6, 31.7]",2026-08-14T12:36:38.221361
HUB10-HUB10,2025-09-15,2025-09-21,"[23.2, 10.2, 17.3, 4.3, 7.0, 10.6, 10.7]","[11.1, 12.9, 14.1, 9.6, 6.1, 5.1, 8.0]","[29.3, 30.1, 31.0, 32.4, 31.0, 32.5, 32.5]",2026-08-14T12:36:38.221559
HUB10-HUB10,2025-09-22,2025-09-28,"[11.1, 24.8, 18.1, 17.3, 15.9, 7.9, 4.9]","[6.3, 12.0, 12.2, 7.2, 21.3, 18.6, 8.6]","[29.9, 30.3, 31.2, 33.5, 31.6, 30.0, 32.2]",2026-08-14T12:36:38.221761
HUB10-HUB10,2025-09-29,2025-10-05,"[0.5, 6.1, 3.6, 29.6, 15.4, 6.8, 12.5]","[5.2, 7.7, 10.9, 15.7, 17.2, 17.8, 14.0]","[32.6, 32.7, 32.4, 27.9, 30.3, 31.7, 30.2]",2026-08-14T12:36:38.221963
HUB10-HUB10,2025-10-06,2025-10-12,"[1.5, 1.1, 7.6, 7.7, 11.0, 1.3, 0.0]","[8.7, 6.3, 6.8, 6.2, 7.9, 8.9, 7.6]","[29.5, 31.2, 30.9, 31.6, 31.7, 30.7, 31.4]",2026-08-14T12:36:38.222165
HUB10-HUB10,2025-10-13,2025-10-19,"[0.0, 0.0, 0.0, 0.0, 0.0, 0.3, 1.7]","[9.5, 11.1, 12.0, 8.5, 9.8, 6.8, 9.4]","[31.1, 31.9, 32.9, 32.8, 34.2, 34.4, 35.2]",2026-08-14T12:36:38.222364
HUB10-HUB10,2025-10-20,2025-10-26,"[0.0, 0.0, 0.0, 0.0, 0.0, 0.0, 0.2]","[11.5, 11.4, 10.5, 9.5, 7.6, 8.7, 6.4]","[35.6, 34.7, 33.8, 33.9, 34.6, 34.2, 34.5]",2026-08-14T12:36:38.222565
HUB10-HUB10,2025-10-27,2025-11-02,"[0.2, 0.5, 16.4, 8.0, 1.0, 22.1, 0.0]","[7.6, 10.5, 10.9, 13.4, 11.6, 10.3, 13.0]","[34.8, 34.0, 28.5, 30.2, 31.7, 30.6, 28.6]",2026-08-14T12:36:38.222770
HUB10-HUB10,2025-11-03,2025-11-09,"[0.0, 0.0, 0.0, 0.6, 0.0, 0.0, 0.0]","[11.4, 10.8, 9.4, 7.3, 12.3, 12.1, 8.6]","[29.9, 29.9, 30.1, 30.2, 30.8, 30.5, 29.5]",2026-08-14T12:36:38.222969
HUB10-HUB10,2025-11-10,2025-11-16,"[0.0, 0.0, 0.0, 0.0, 0.0, 0.0, 0.0]","[8.7, 7.9, 7.8, 9.5, 8.8, 9.2, 9.7]","[30.0, 29.1, 28.2, 28.4, 28.4, 28.4, 28.3]",2026-08-14T12:36:38.223165
HUB10-HUB10,2025-11-17,2025-11-23,"[0.0, 0.0, 0.0, 0.0, 0.0, 0.0, 0.0]","[9.8, 6.0, 6.6, 9.7, 8.1, 10.3, 7.9]","[28.4, 29.7, 30.6, 30.1, 29.6, 29.2, 29.2]",2026-08-14T12:36:38.223363
HUB10-HUB10,2025-11-24,2025-11-30,"[0.0, 0.0, 0.0, 0.0, 0.0, 0.0, 0.0]","[13.1, 9.2, 9.1, 7.5, 7.4, 8.7, 7.9]","[28.6, 27.6, 27.5, 28.6, 28.6, 28.5, 28.5]",2026-08-14T12:36:38.223564
HUB10-HUB10,2025-12-01,2025-12-07,"[0.0, 0.0, 0.0, 0.0, 0.0, 0.0, 0.0]","[8.9, 6.6, 8.8, 10.5, 10.8, 8.5, 8.3]","[28.0, 28.4, 27.5, 26.9, 27.1, 26.0, 26.3]",2026-08-14T12:36:38.223763
HUB10-HUB10,2025-12-08,2025-12-14,"[0.0, 0.0, 0.0, 0.0, 0.0, 0.0, 0.0]","[7.9, 8.5, 7.3, 7.5, 7.7, 6.8, 8.6]","[26.1, 26.6, 26.8, 26.5, 26.5, 26.7, 27.9]",2026-08-14T12:36:38.224012
HUB10-HUB10,2025-12-15,2025-12-21,"[0.0, 0.0, 0.0, 0.0, 0.0, 0.0, 0.0]","[9.3, 7.9, 9.7, 7.1, 9.1, 8.9, 8.0]","[27.3, 26.4, 26.1, 27.7, 27.4, 24.6, 25.2]",2026-08-14T12:36:38.224424
HUB10-HUB10,2025-12-22,2025-12-28,"[0.0, 0.0, 0.0, 0.0, 0.0, 0.0, 0.0]","[8.2, 9.0, 9.6, 12.2, 7.3, 10.1, 9.6]","[25.7, 25.0, 24.6, 22.7, 22.9, 23.4, 22.8]",2026-08-14T12:36:38.224648
HUB10-HUB10,2025-12-29,2026-01-04,"[0.0, 0.0, 0.0, 0.0, 0.0, 0.0, 0.0]","[9.0, 9.0, 8.3, 8.5, 9.4, 9.9, 10.8]","[21.4, 20.5, 21.9, 24.0, 24.6, 24.3, 23.1]",2026-08-14T12:36:38.224852
HUB10-HUB10,2026-01-05,2026-01-11,"[0.0, 0.0, 0.0, 0.0, 0.0, 0.0, 0.0]","[10.4, 10.7, 8.2, 10.6, 10.8, 10.0, 12.4]","[20.2, 20.1, 23.1, 23.0, 23.4, 22.8, 24.4]",2026-08-14T12:36:38.225058
HUB10-HUB10,2026-01-12,2026-01-18,"[0.0, 0.0, 0.0, 0.0, 0.0, 0.0, 0.0]","[10.6, 9.6, 9.9, 9.8, 8.2, 7.8, 8.9]","[24.5, 24.7, 24.2, 23.5, 24.5, 25.0, 26.4]",2026-08-14T12:36:38.225259
HUB10-HUB10,2026-01-19,2026-01-25,"[0.0, 0.0, 0.0, 0.0, 0.0, 0.0, 0.0]","[8.0, 8.7, 9.2, 10.0, 10.2, 10.9, 10.3]","[27.9, 29.1, 28.8, 26.9, 26.7, 27.6, 28.2]",2026-08-14T12:36:38.225459
HUB10-HUB10,2026-01-26,2026-01-31,"[0.0, 0.0, 0.0, 0.0, 0.0, 0.0]","[12.1, 11.7, 10.6, 11.1, 8.5, 11.2]","[28.1, 26.9, 28.4, 28.4, 27.3, 27.1]",2026-08-14T12:36:38.225659
HUB11-HUB11,2023-01-01,2023-01-01,[0.0],[13.0],[28.6],2026-08-14T12:36:45.932482
HUB11-HUB11,2023-01-02,2023-01-08,"[0.1, 0.3, 1.9, 0.0, 0.0, 0.9, 1.4]","[9.6, 17.7, 16.7, 22.2, 24.5, 22.3, 20.7]","[28.2, 27.8, 27.6, 28.5, 28.1, 28.0, 27.2]",2026-08-14T12:36:45.933014
HUB11-HUB11,2023-01-09,2023-01-15,"[0.0, 0.0, 0.0, 0.0, 0.0, 0.0, 0.0]","[17.4, 18.2, 14.2, 13.2, 10.7, 12.7, 11.2]","[27.0, 27.3, 27.6, 27.6, 28.0, 27.6, 27.3]",2026-08-14T12:36:45.933468
HUB11-HUB11,2023-01-16,2023-01-22,"[0.0, 0.2, 0.0, 0.0, 3.2, 1.9, 0.0]","[15.6, 12.3, 15.4, 14.9, 18.0, 21.3, 17.7]","[27.4, 28.1, 28.4, 28.4, 27.4, 29.1, 28.3]",2026-08-14T12:36:45.933899
HUB11-HUB11,2023-01-23,2023-01-29,"[0.2, 0.0, 0.4, 0.0, 0.0, 0.2, 0.6]","[19.3, 17.1, 16.0, 18.4, 15.8, 18.2, 23.4]","[28.7, 28.0, 28.0, 29.3, 28.7, 28.9, 28.5]",2026-08-14T12:36:45.934327
HUB11-HUB11,2023-01-30,2023-02-05,"[1.9, 2.0, 0.9, 0.0, 0.9, 0.0, 0.0]","[24.3, 23.5, 24.1, 24.6, 22.9, 17.7, 16.5]","[29.0, 27.9, 28.7, 29.0, 29.1, 29.0, 28.7]",2026-08-14T12:36:45.934747
HUB11-HUB11,2023-02-06,2023-02-12,"[0.0, 0.0, 0.0, 0.0, 0.0, 0.0, 0.0]","[15.5, 13.5, 12.0, 12.4, 15.2, 12.8, 14.4]","[28.6, 29.4, 29.1, 28.8, 31.3, 30.0, 30.2]",2026-08-14T12:36:45.935165
HUB11-HUB11,2023-02-13,2023-02-19,"[0.0, 0.0, 0.0, 0.0, 0.0, 0.0, 0.1]","[13.3, 16.3, 16.6, 14.8, 13.9, 14.8, 14.4]","[29.4, 29.2, 30.1, 29.2, 29.1, 29.5, 29.6]",2026-08-14T12:36:45.935580
HUB11-HUB11,2023-02-20,2023-02-26,"[0.0, 0.0, 0.0, 0.0, 0.0, 0.0, 0.0]","[14.4, 16.3, 14.2, 16.9, 13.0, 14.4, 14.1]","[30.8, 31.5, 31.0, 30.4, 30.1, 30.8, 29.5]",2026-08-14T12:36:45.935993
HUB11-HUB11,2023-02-27,2023-03-05,"[0.0, 0.2, 0.0, 0.0, 0.0, 0.0, 0.0]","[16.7, 17.8, 17.3, 14.0, 17.1, 15.9, 15.8]","[31.7, 30.2, 30.7, 30.6, 30.7, 31.2, 31.1]",2026-08-14T12:36:45.936406
HUB11-HUB11,2023-03-06,2023-03-12,"[0.0, 0.0, 0.0, 0.0, 0.0, 0.0, 0.0]","[14.8, 16.7, 16.2, 16.7, 16.1, 18.7, 18.4]","[31.0, 30.4, 30.6, 30.6, 30.4, 30.5, 30.8]",2026-08-14T12:36:45.936813
HUB11-HUB11,2023-03-13,2023-03-19,"[0.0, 0.0, 0.0, 0.0, 5.9, 3.3, 21.5]","[15.0, 14.0, 18.6, 18.6, 18.0, 16.9, 15.9]","[31.8, 31.2, 31.0, 30.9, 30.3, 30.4, 29.9]",2026-08-14T12:36:45.937212
HUB11-HUB11,2023-03-20,2023-03-26,"[1.5, 0.3, 1.4, 2.0, 1.5, 0.6, 0.7]","[20.6, 20.8, 17.7, 20.8, 20.2, 22.2, 20.4]","[28.9, 30.5, 31.9, 31.3, 31.9, 31.5, 30.7]",2026-08-14T12:36:45.937625
HUB11-HUB11,2023-03-27,2023-04-02,"[0.2, 0.1, 0.0, 0.0, 0.0, 2.2, 6.1]","[20.6, 20.6, 22.1, 22.9, 23.7, 23.5, 23.5]","[33.0, 32.0, 31.7, 31.6, 32.4, 32.3, 32.9]",2026-08-14T12:36:45.938029
HUB11-HUB11,2023-04-03,2023-04-09,"[0.8, 0.4, 0.1, 0.1, 0.0, 0.0, 0.0]","[23.0, 23.1, 24.7, 22.0, 16.6, 15.3, 15.0]","[31.3, 31.6, 32.7, 32.9, 32.0, 31.5, 32.4]",2026-08-14T12:36:45.938434
HUB11-HUB11,2023-04-10,2023-04-16,"[0.0, 0.0, 0.0, 0.0, 0.0, 0.0, 0.0]","[14.5, 12.9, 17.0, 19.1, 21.9, 19.6, 21.7]","[32.3, 33.1, 33.9, 34.2, 34.8, 35.3, 35.5]",2026-08-14T12:36:45.938841
HUB11-HUB11,2023-04-17,2023-04-23,"[0.0, 0.0, 0.0, 0.0, 0.0, 0.1, 6.3]","[20.1, 22.7, 25.9, 26.2, 27.4, 23.5, 25.1]","[34.4, 34.4, 34.7, 36.0, 35.9, 33.9, 33.5]",2026-08-14T12:36:45.939229
HUB11-HUB11,2023-04-24,2023-04-30,"[0.9, 0.9, 0.1, 0.1, 1.4, 4.5, 5.5]","[22.1, 20.2, 15.0, 17.0, 18.2, 24.9, 20.5]","[32.6, 32.1, 32.8, 33.1, 32.9, 31.5, 32.2]",2026-08-14T12:36:45.939559
HUB11-HUB11,2023-05-01,2023-05-07,"[25.5, 27.8, 9.1, 0.7, 13.0, 5.0, 0.2]","[16.0, 22.2, 12.0, 14.2, 17.8, 9.8, 11.8]","[31.0, 28.8, 29.0, 31.0, 30.3, 31.0, 32.0]",2026-08-14T12:36:45.939897
HUB11-HUB11,2023-05-08,2023-05-14,"[0.0, 0.1, 0.0, 0.0, 0.0, 0.0, 0.0]","[13.8, 13.5, 16.1, 14.8, 17.0, 20.6, 21.3]","[31.9, 32.9, 33.6, 34.4, 37.2, 39.9, 40.3]",2026-08-14T12:36:45.940231
HUB11-HUB11,2023-05-15,2023-05-21,"[0.0, 0.0, 0.0, 0.7, 0.0, 0.0, 0.0]","[20.6, 20.2, 26.1, 23.5, 24.0, 21.6, 23.9]","[37.1, 38.2, 34.1, 35.9, 35.2, 33.8, 34.5]",2026-08-14T12:36:45.940563
HUB11-HUB11,2023-05-22,2023-05-28,"[9.8, 0.0, 0.0, 0.9, 0.3, 0.0, 7.2]","[21.9, 21.7, 26.0, 21.9, 18.3, 14.9, 16.2]","[34.2, 35.3, 36.3, 38.5, 38.3, 37.7, 36.0]",2026-08-14T12:36:45.941374
HUB11-HUB11,2023-05-29,2023-06-04,"[0.0, 0.3, 0.0, 0.0, 0.0, 0.0, 0.6]","[20.2, 21.0, 18.6, 22.5, 16.6, 18.2, 22.1]","[34.6, 35.1, 34.4, 36.7, 38.7, 39.1, 37.9]",2026-08-14T12:36:45.941748
HUB11-HUB11,2023-06-05,2023-06-11,"[0.2, 0.1, 16.8, 0.0, 1.4, 0.8, 5.8]","[19.4, 20.6, 19.9, 20.4, 31.7, 22.0, 24.3]","[37.9, 39.8, 35.1, 37.1, 38.5, 38.7, 38.3]",2026-08-14T12:36:45.942095
HUB11-HUB11,2023-06-12,2023-06-18,"[0.3, 0.0, 0.0, 0.0, 1.2, 0.0, 3.0]","[20.1, 18.8, 19.1, 19.0, 19.5, 20.9, 22.8]","[38.8, 38.0, 39.4, 38.7, 39.6, 37.5, 34.3]",2026-08-14T12:36:45.942439
HUB11-HUB11,2023-06-19,2023-06-25,"[16.8, 2.1, 1.2, 0.5, 0.3, 0.2, 0.0]","[22.1, 28.2, 17.7, 14.1, 15.5, 14.8, 19.2]","[32.0, 34.3, 33.0, 33.2, 34.4, 34.0, 34.1]",2026-08-14T12:36:45.942779
HUB11-HUB11,2023-06-26,2023-07-02,"[0.9, 0.0, 2.8, 0.9, 0.0, 0.6, 3.9]","[18.2, 22.3, 20.4, 17.3, 17.8, 23.7, 15.5]","[34.9, 36.0, 35.7, 36.2, 36.3, 34.9, 33.5]",2026-08-14T12:36:45.943114
HUB11-HUB11,2023-07-03,2023-07-09,"[17.7, 13.2, 18.4, 0.1, 0.4, 0.3, 9.7]","[21.4, 17.6, 20.9, 21.9, 19.3, 18.1, 16.2]","[33.2, 32.2, 34.2, 31.9, 34.1, 34.3, 35.3]",2026-08-14T12:36:45.943451
HUB11-HUB11,2023-07-10,2023-07-16,"[22.4, 10.8, 16.2, 0.6, 0.3, 0.0, 1.0]","[17.3, 17.6, 15.1, 14.3, 17.0, 18.2, 15.0]","[31.3, 31.8, 32.5, 32.7, 33.9, 35.2, 34.1]",2026-08-14T12:36:45.943779
HUB11-HUB11,2023-07-17,2023-07-23,"[1.1, 0.1, 0.4, 0.0, 0.0, 1.1, 11.1]","[15.9, 23.9, 27.8, 29.2, 27.0, 23.9, 19.6]","[35.7, 36.1, 36.3, 36.2, 36.0, 34.6, 29.2]",2026-08-14T12:36:45.944111
HUB11-HUB11,2023-07-24,2023-07-30,"[10.3, 15.8, 5.3, 0.0, 0.5, 0.0, 0.0]","[15.6, 17.5, 20.5, 24.7, 24.3, 26.3, 22.7]","[29.5, 28.6, 28.8, 34.6, 35.3, 35.5, 35.5]",2026-08-14T12:36:45.944440
HUB11-HUB11,2023-07-31,2023-08-06,"[0.7, 1.3, 0.0, 0.7, 0.9, 0.6, 15.4]","[18.4, 22.4, 22.8, 20.9, 19.5, 18.7, 18.1]","[34.8, 35.2, 36.0, 37.0, 36.8, 36.4, 36.0]",2026-08-14T12:36:45.944766
HUB11-HUB11,2023-08-07,2023-08-13,"[0.8, 1.7, 1.9, 0.7, 2.3, 18.3, 8.1]","[18.7, 18.7, 15.0, 14.6, 17.0, 17.7, 14.8]","[35.6, 35.1, 34.4, 35.0, 33.9, 35.3, 34.5]",2026-08-14T12:36:45.945101
HUB11-HUB11,2023-08-14,2023-08-20,"[11.4, 2.7, 0.5, 8.5, 0.8, 0.5, 0.7]","[18.8, 17.3, 17.2, 21.3, 22.6, 16.5, 17.6]","[33.5, 33.5, 34.3, 35.4, 35.4, 35.6, 34.1]",2026-08-14T12:36:45.945394
HUB11-HUB11,2023-08-21,2023-08-27,"[1.8, 8.8, 5.6, 1.2, 0.1, 7.2, 12.4]","[13.4, 16.9, 17.9, 19.2, 20.1, 20.2, 16.7]","[34.3, 32.9, 33.5, 33.7, 35.1, 34.3, 33.0]",2026-08-14T12:36:45.945676
HUB11-HUB11,2023-08-28,2023-09-03,"[18.7, 8.6, 8.3, 3.6, 3.5, 2.3, 1.5]","[18.9, 17.0, 21.0, 16.9, 21.4, 18.0, 17.7]","[34.9, 34.2, 34.3, 34.7, 33.4, 34.1, 34.0]",2026-08-14T12:36:45.945961
HUB11-HUB11,2023-09-04,2023-09-10,"[5.5, 0.1, 6.4, 18.7, 2.3, 0.4, 0.0]","[24.6, 26.5, 19.3, 18.0, 23.5, 18.6, 15.2]","[32.2, 32.3, 33.0, 33.7, 33.8, 34.2, 34.1]",2026-08-14T12:36:45.946250
HUB11-HUB11,2023-09-11,2023-09-17,"[0.0, 5.6, 0.6, 2.5, 0.9, 16.7, 4.9]","[19.1, 18.9, 20.9, 23.0, 19.1, 23.2, 21.6]","[34.9, 35.3, 35.2, 36.1, 34.8, 33.9, 32.6]",2026-08-14T12:36:45.946532
HUB11-HUB11,2023-09-18,2023-09-24,"[4.2, 0.3, 0.2, 5.1, 2.6, 17.3, 18.6]","[18.4, 15.7, 15.1, 16.1, 17.3, 18.5, 17.1]","[33.1, 33.7, 34.0, 32.0, 32.8, 32.1, 33.8]",2026-08-14T12:36:45.946814
HUB11-HUB11,2023-09-25,2023-10-01,"[9.2, 21.7, 5.3, 8.2, 9.8, 2.7, 2.7]","[14.2, 18.4, 13.0, 16.7, 18.5, 18.6, 17.8]","[33.2, 32.8, 33.1, 33.7, 33.0, 32.4, 32.7]",2026-08-14T12:36:45.947099
HUB11-HUB11,2023-10-02,2023-10-08,"[0.3, 0.1, 10.0, 5.5, 3.1, 2.6, 0.0]","[21.2, 18.8, 14.2, 18.1, 17.8, 15.5, 16.4]","[33.4, 34.5, 33.9, 34.4, 34.2, 33.1, 32.7]",2026-08-14T12:36:45.947378
HUB11-HUB11,2023-10-09,2023-10-15,"[1.4, 0.6, 0.2, 0.4, 1.8, 22.5, 2.6]","[16.3, 13.5, 11.8, 11.6, 10.5, 11.0, 9.8]","[32.4, 32.3, 32.0, 31.2, 30.2, 29.2, 29.1]",2026-08-14T12:36:45.947665
HUB11-HUB11,2023-10-16,2023-10-22,"[12.6, 0.2, 0.1, 0.1, 0.2, 4.8, 2.4]","[10.9, 15.5, 15.6, 18.8, 14.8, 21.5, 18.6]","[29.6, 31.5, 31.2, 31.9, 31.6, 31.3, 31.7]",2026-08-14T12:36:45.947945
HUB11-HUB11,2023-10-23,2023-10-29,"[0.3, 0.1, 0.4, 1.4, 1.9, 4.8, 5.7]","[18.6, 17.9, 15.6, 18.2, 16.3, 14.9, 18.0]","[33.7, 33.3, 33.9, 30.6, 30.7, 30.2, 29.8]",2026-08-14T12:36:45.948226
HUB11-HUB11,2023-10-30,2023-11-05,"[8.9, 1.5, 13.4, 10.7, 14.2, 34.6, 22.2]","[16.4, 20.7, 21.8, 15.8, 16.5, 14.5, 11.1]","[30.0, 31.0, 30.4, 29.2, 29.1, 27.7, 28.8]",2026-08-14T12:36:45.948511
HUB11-HUB11,2023-11-06,2023-11-12,"[14.9, 13.8, 13.5, 12.8, 1.6, 0.0, 0.0]","[15.5, 16.6, 17.2, 15.7, 18.8, 21.9, 21.7]","[29.1, 28.9, 28.8, 28.6, 30.0, 30.0, 29.9]",2026-08-14T12:36:45.948796
HUB11-HUB11,2023-11-13,2023-11-19,"[3.8, 51.8, 35.4, 1.0, 2.2, 1.1, 0.2]","[23.7, 24.3, 22.6, 19.3, 21.2, 21.0, 19.7]","[29.9, 27.7, 25.1, 29.4, 29.5, 29.7, 29.7]",2026-08-14T12:36:45.949074
HUB11-HUB11,2023-11-20,2023-11-26,"[16.9, 25.3, 4.3, 10.8, 26.3, 5.1, 15.8]","[21.2, 14.8, 11.6, 12.1, 16.2, 19.4, 22.7]","[27.2, 27.5, 28.2, 26.6, 28.0, 28.6, 29.1]",2026-08-14T12:36:45.949353
HUB11-HUB11,2023-11-27,2023-12-03,"[3.2, 6.4, 13.7, 13.5, 3.3, 25.3, 54.0]","[16.9, 19.2, 19.2, 15.0, 24.2, 27.5, 34.4]","[29.7, 28.9, 27.5, 26.7, 29.4, 27.2, 26.1]",2026-08-14T12:36:45.949635
HUB11-HUB11,2023-12-04,2023-12-10,"[255.8, 14.3, 17.1, 5.6, 1.5, 0.3, 0.0]","[50.1, 26.0, 15.6, 13.4, 14.4, 17.3, 18.9]","[25.2, 31.0, 30.1, 28.9, 28.7, 29.5, 29.0]",2026-08-14T12:36:45.949917
HUB11-HUB11,2023-12-11,2023-12-17,"[0.6, 1.4, 0.4, 0.4, 6.1, 3.2, 3.1]","[17.1, 18.2, 20.0, 22.2, 23.4, 22.6, 23.9]","[28.2, 28.1, 27.6, 29.0, 26.4, 28.3, 28.0]",2026-08-14T12:36:45.950194
HUB11-HUB11,2023-12-18,2023-12-24,"[0.3, 0.0, 0.0, 0.0, 0.0, 0.0, 0.4]","[24.8, 23.0, 21.7, 20.2, 17.9, 14.8, 24.7]","[27.5, 27.8, 28.0, 28.1, 27.8, 27.7, 28.4]",2026-08-14T12:36:45.950472
HUB11-HUB11,2023-12-25,2023-12-31,"[3.4, 0.1, 0.3, 2.0, 2.0, 0.9, 0.2]","[23.4, 23.1, 22.9, 22.7, 23.9, 18.8, 17.6]","[28.0, 27.9, 28.2, 28.4, 28.4, 28.3, 28.1]",2026-08-14T12:36:45.950753
HUB11-HUB11,2024-01-01,2024-01-07,"[0.0, 0.0, 0.0, 1.0, 0.3, 2.7, 20.3]","[17.1, 16.5, 16.9, 19.4, 16.9, 23.4, 23.8]","[28.7, 27.8, 28.2, 29.0, 29.0, 28.3, 26.6]",2026-08-14T12:36:45.951037
HUB11-HUB11,2024-01-08,2024-01-14,"[25.5, 0.1, 0.0, 0.0, 0.0, 0.2, 0.3]","[23.7, 20.7, 18.3, 16.4, 14.5, 14.7, 12.6]","[26.8, 28.4, 28.2, 28.2, 28.4, 28.5, 28.4]",2026-08-14T12:36:45.951314
HUB11-HUB11,2024-01-15,2024-01-21,"[0.0, 0.0, 0.0, 0.0, 0.1, 0.0, 0.0]","[11.7, 10.1, 13.2, 11.6, 13.8, 14.6, 12.6]","[28.4, 28.1, 28.1, 28.5, 28.6, 28.7, 29.1]",2026-08-14T12:36:45.951592
HUB11-HUB11,2024-01-22,2024-01-28,"[0.0, 0.0, 0.0, 0.0, 1.0, 0.3, 0.2]","[12.9, 15.3, 16.9, 15.3, 14.8, 16.6, 17.0]","[28.6, 29.0, 29.4, 29.2, 29.1, 29.3, 28.9]",2026-08-14T12:36:45.951872
HUB11-HUB11,2024-01-29,2024-02-04,"[0.0, 0.0, 0.0, 0.6, 0.3, 0.0, 0.0]","[16.9, 18.8, 13.8, 14.4, 15.0, 12.6, 13.4]","[28.7, 29.8, 29.4, 29.2, 29.9, 29.8, 30.0]",2026-08-14T12:36:45.952156
HUB11-HUB11,2024-02-05,2024-02-11,"[0.0, 0.0, 0.0, 0.0, 0.1, 0.1, 0.1]","[13.6, 13.7, 12.8, 12.3, 14.4, 16.2, 19.2]","[29.8, 29.8, 30.3, 31.0, 30.1, 30.9, 30.0]",2026-08-14T12:36:45.952434
HUB11-HUB11,2024-02-12,2024-02-18,"[0.0, 1.1, 0.1, 0.0, 0.0, 0.0, 0.0]","[17.2, 19.6, 16.8, 15.8, 17.4, 16.1, 15.1]","[29.6, 30.2, 30.5, 29.8, 30.5, 31.1, 30.6]",2026-08-14T12:36:45.952710
HUB11-HUB11,2024-02-19,2024-02-25,"[0.0, 0.1, 0.0, 1.2, 0.9, 0.1, 0.0]","[18.4, 16.8, 20.8, 23.8, 25.6, 21.4, 16.2]","[31.7, 30.9, 32.2, 31.9, 33.4, 30.8, 30.7]",2026-08-14T12:36:45.952990
HUB11-HUB11,2024-02-26,2024-03-03,"[1.0, 0.0, 0.0, 0.0, 0.0, 0.0, 0.0]","[20.5, 19.5, 16.3, 14.2, 14.8, 18.0, 18.6]","[30.9, 30.9, 31.5, 32.0, 32.0, 33.0, 31.6]",2026-08-14T12:36:45.953238
HUB11-HUB11,2024-03-04,2024-03-10,"[0.1, 0.0, 0.0, 0.0, 0.0, 0.0, 0.0]","[17.2, 16.4, 20.8, 21.7, 22.0, 21.3, 18.1]","[30.8, 31.3, 32.7, 34.1, 32.1, 32.8, 32.7]",2026-08-14T12:36:45.953482
HUB11-HUB11,2024-03-11,2024-03-17,"[0.0, 0.0, 0.0, 0.0, 0.3, 0.4, 0.3]","[18.3, 21.8, 25.8, 22.0, 23.3, 24.2, 19.9]","[32.7, 33.4, 33.8, 33.6, 32.6, 32.2, 31.9]",2026-08-14T12:36:45.953721
HUB11-HUB11,2024-03-18,2024-03-24,"[0.0, 0.0, 0.0, 3.5, 0.2, 0.0, 0.0]","[19.9, 16.9, 18.7, 17.4, 15.2, 18.2, 20.6]","[32.8, 32.5, 32.2, 30.4, 31.9, 33.1, 32.6]",2026-08-14T12:36:45.953961
HUB11-HUB11,2024-03-25,2024-03-31,"[0.0, 0.0, 0.0, 0.0, 0.0, 0.0, 0.0]","[16.5, 20.5, 18.2, 20.2, 23.1, 22.3, 22.3]","[31.9, 31.9, 32.8, 33.7, 34.1, 34.7, 33.6]",2026-08-14T12:36:45.954203
HUB11-HUB11,2024-04-01,2024-04-07,"[0.1, 0.0, 0.0, 0.0, 0.0, 0.0, 0.0]","[22.3, 24.9, 25.9, 24.3, 23.4, 23.8, 24.0]","[33.7, 34.8, 35.1, 34.9, 35.0, 36.5, 36.9]",2026-08-14T12:36:45.954447
HUB11-HUB11,2024-04-08,2024-04-14,"[0.0, 0.0, 0.0, 0.0, 0.0, 0.5, 0.0]","[23.3, 16.9, 16.1, 20.0, 18.8, 16.3, 15.6]","[36.2, 33.3, 33.7, 33.4, 33.3, 34.0, 33.5]",2026-08-14T12:36:45.954688
HUB11-HUB11,2024-04-15,2024-04-21,"[0.0, 0.0, 0.0, 0.0, 0.0, 0.2, 0.0]","[16.3, 22.7, 26.9, 24.1, 25.9, 25.5, 27.5]","[34.2, 34.8, 36.2, 37.0, 36.1, 35.8, 35.5]",2026-08-14T12:36:45.954928
HUB11-HUB11,2024-04-22,2024-04-28,"[0.0, 0.0, 0.0, 0.0, 0.0, 0.0, 0.0]","[24.2, 21.4, 22.2, 22.8, 23.5, 22.8, 24.0]","[35.6, 34.7, 35.6, 34.8, 34.6, 34.7, 35.6]",2026-08-14T12:36:45.955169
HUB11-HUB11,2024-04-29,2024-05-05,"[0.0, 0.0, 0.0, 0.0, 0.0, 0.0, 0.0]","[23.4, 27.6, 28.0, 32.8, 29.8, 30.0, 30.2]","[35.5, 35.7, 37.8, 38.3, 38.5, 37.4, 36.4]",2026-08-14T12:36:45.955416
HUB11-HUB11,2024-05-06,2024-05-12,"[0.0, 0.1, 2.2, 2.8, 7.0, 0.6, 3.2]","[32.6, 24.8, 18.9, 21.4, 19.6, 19.9, 19.3]","[37.1, 36.9, 33.5, 32.9, 32.7, 34.2, 33.4]",2026-08-14T12:36:45.955656
HUB11-HUB11,2024-05-13,2024-05-19,"[8.4, 0.9, 2.9, 19.4, 1.6, 6.6, 9.5]","[15.6, 17.1, 20.1, 14.9, 18.9, 14.9, 17.6]","[33.1, 33.7, 34.0, 29.6, 30.6, 30.6, 33.1]",2026-08-14T12:36:45.955903
HUB11-HUB11,2024-05-20,2024-05-26,"[13.9, 24.0, 21.3, 24.7, 0.0, 16.6, 0.6]","[16.6, 14.5, 18.6, 14.1, 22.6, 18.8, 21.6]","[31.3, 30.6, 31.3, 32.5, 36.1, 36.1, 39.1]",2026-08-14T12:36:45.956149
HUB11-HUB11,2024-05-27,2024-06-02,"[0.1, 0.0, 0.0, 0.0, 21.9, 1.0, 22.0]","[23.5, 23.2, 25.2, 21.0, 21.1, 27.0, 18.7]","[40.9, 41.0, 40.7, 39.3, 40.2, 36.8, 33.5]",2026-08-14T12:36:45.956390
HUB11-HUB11,2024-06-03,2024-06-09,"[9.4, 9.6, 35.5, 28.1, 5.1, 2.1, 0.5]","[14.4, 11.2, 24.6, 18.9, 16.2, 23.4, 21.3]","[30.7, 34.5, 32.5, 32.2, 31.0, 33.7, 34.8]",2026-08-14T12:36:45.956634
HUB11-HUB11,2024-06-10,2024-06-16,"[7.0, 10.4, 0.6, 0.1, 0.1, 2.3, 0.2]","[25.9, 17.4, 20.5, 20.2, 22.7, 16.4, 17.3]","[36.5, 36.2, 33.8, 35.4, 35.9, 35.5, 36.3]",2026-08-14T12:36:45.956881
HUB11-HUB11,2024-06-17,2024-06-23,"[0.3, 0.7, 16.6, 2.1, 5.6, 0.2, 0.9]","[20.6, 19.1, 23.2, 16.2, 19.1, 19.6, 18.9]","[36.4, 37.0, 35.3, 35.6, 36.0, 36.3, 36.5]",2026-08-14T12:36:45.957132
HUB11-HUB11,2024-06-24,2024-06-30,"[0.2, 0.6, 0.5, 1.0, 0.0, 2.1, 0.0]","[24.3, 19.8, 21.1, 25.9, 24.2, 21.1, 21.6]","[36.1, 35.2, 36.5, 34.9, 37.1, 37.8, 34.4]",2026-08-14T12:36:45.957675
HUB11-HUB11,2024-07-01,2024-07-07,"[2.0, 0.0, 4.2, 2.6, 0.0, 2.2, 1.2]","[18.4, 17.9, 16.9, 15.2, 23.8, 14.5, 18.0]","[33.9, 36.0, 37.5, 34.8, 36.1, 32.2, 36.1]",2026-08-14T12:36:45.958060
HUB11-HUB11,2024-07-08,2024-07-14,"[11.6, 5.2, 0.2, 1.0, 2.6, 8.0, 8.9]","[15.8, 17.6, 15.9, 15.5, 23.4, 17.3, 14.6]","[32.7, 33.9, 35.5, 33.3, 35.7, 29.6, 28.5]",2026-08-14T12:36:45.958355
HUB11-HUB11,2024-07-15,2024-07-21,"[8.2, 2.8, 0.1, 1.1, 0.5, 0.1, 2.6]","[19.5, 21.8, 20.9, 23.4, 22.6, 25.5, 21.9]","[30.2, 31.3, 31.4, 31.9, 30.1, 33.0, 35.6]",2026-08-14T12:36:45.958626
HUB11-HUB11,2024-07-22,2024-07-28,"[0.0, 0.1, 0.0, 1.1, 4.6, 0.3, 0.1]","[24.9, 27.4, 28.9, 30.3, 27.8, 30.4, 26.6]","[35.2, 36.6, 36.7, 37.8, 36.5, 34.8, 37.1]",2026-08-14T12:36:45.958885
HUB11-HUB11,2024-07-29,2024-08-04,"[5.8, 1.5, 1.5, 2.6, 4.5, 7.7, 0.2]","[22.1, 19.5, 17.3, 23.5, 19.8, 15.8, 13.8]","[36.7, 36.0, 36.0, 35.8, 35.7, 34.8, 35.3]",2026-08-14T12:36:45.959140
HUB11-HUB11,2024-08-05,2024-08-11,"[0.8, 19.1, 8.8, 10.9, 20.9, 4.1, 16.2]","[15.0, 18.4, 13.0, 12.6, 19.2, 14.3, 13.8]","[32.0, 33.1, 32.3, 32.0, 32.8, 31.8, 33.5]",2026-08-14T12:36:45.959398
HUB11-HUB11,2024-08-12,2024-08-18,"[11.4, 0.5, 1.0, 1.6, 0.9, 0.1, 1.6]","[15.3, 16.7, 13.5, 18.7, 20.6, 15.0, 15.0]","[33.6, 32.1, 30.9, 32.0, 32.0, 32.5, 32.8]",2026-08-14T12:36:45.959652
HUB11-HUB11,2024-08-19,2024-08-25,"[1.7, 4.7, 1.0, 0.0, 0.1, 0.2, 0.4]","[21.4, 22.3, 24.0, 26.2, 22.7, 22.8, 19.4]","[33.1, 32.1, 31.9, 32.8, 34.1, 34.6, 35.2]",2026-08-14T12:36:45.959904
HUB11-HUB11,2024-08-26,2024-09-01,"[1.0, 5.1, 5.1, 8.9, 5.0, 0.3, 0.0]","[23.3, 16.2, 12.4, 22.6, 22.4, 19.4, 19.8]","[35.2, 34.1, 29.2, 33.8, 32.2, 31.6, 34.4]",2026-08-14T12:36:45.960150
HUB11-HUB11,2024-09-02,2024-09-08,"[2.5, 5.1, 0.0, 0.7, 17.3, 2.9, 0.0]","[19.4, 14.5, 17.2, 18.8, 19.3, 17.6, 21.5]","[35.1, 33.3, 33.7, 34.7, 33.7, 32.6, 34.0]",2026-08-14T12:36:45.960397
HUB11-HUB11,2024-09-09,2024-09-15,"[0.0, 1.1, 1.2, 0.8, 0.1, 0.5, 3.6]","[24.4, 21.6, 23.5, 18.8, 17.4, 20.0, 16.8]","[34.2, 36.2, 35.1, 36.4, 35.9, 36.0, 36.5]",2026-08-14T12:36:45.960647
HUB11-HUB11,2024-09-16,2024-09-22,"[0.4, 0.6, 1.5, 2.0, 0.4, 3.9, 12.9]","[19.2, 17.1, 13.8, 18.3, 14.7, 17.0, 15.7]","[35.8, 36.3, 34.8, 33.9, 35.9, 31.0, 33.6]",2026-08-14T12:36:45.960898
HUB11-HUB11,2024-09-23,2024-09-29,"[15.5, 12.4, 11.2, 0.8, 7.8, 14.1, 0.7]","[13.3, 15.5, 16.3, 14.7, 17.3, 14.6, 16.3]","[33.0, 33.4, 33.9, 30.5, 31.4, 30.8, 30.8]",2026-08-14T12:36:45.961118
HUB11-HUB11,2024-09-30,2024-10-06,"[0.9, 0.6, 0.0, 1.6, 2.2, 0.1, 0.0]","[14.3, 17.3, 19.2, 15.0, 18.3, 14.5, 13.3]","[30.1, 31.6, 34.4, 34.0, 32.8, 33.5, 32.2]",2026-08-14T12:36:45.961342
HUB11-HUB11,2024-10-07,2024-10-13,"[1.4, 1.4, 2.0, 16.5, 7.4, 3.3, 2.5]","[12.3, 13.2, 14.9, 14.8, 14.2, 15.8, 13.8]","[30.0, 30.3, 30.0, 29.8, 29.8, 29.6, 29.9]",2026-08-14T12:36:45.961562
HUB11-HUB11,2024-10-14,2024-10-20,"[69.2, 63.4, 39.7, 3.2, 11.6, 8.0, 5.8]","[24.2, 19.5, 14.5, 10.5, 14.1, 10.8, 13.5]","[26.7, 28.2, 28.6, 30.3, 28.8, 29.3, 29.9]",2026-08-14T12:36:45.961784
HUB11-HUB11,2024-10-21,2024-10-27,"[1.6, 1.0, 0.0, 0.0, 0.0, 0.0, 0.6]","[10.9, 12.6, 12.9, 12.7, 12.9, 13.1, 11.2]","[30.1, 30.3, 31.5, 31.2, 32.7, 33.5, 32.3]",2026-08-14T12:36:45.962005
HUB11-HUB11,2024-10-28,2024-11-03,"[1.7, 1.1, 4.8, 1.9, 5.9, 4.4, 3.7]","[11.8, 12.7, 13.1, 13.9, 11.8, 9.9, 17.3]","[32.2, 32.1, 31.5, 30.1, 29.2, 29.2, 29.6]",2026-08-14T12:36:45.962226
HUB11-HUB11,2024-11-04,2024-11-10,"[1.2, 0.1, 14.9, 2.6, 0.2, 1.0, 1.5]","[14.2, 19.1, 18.8, 20.7, 20.1, 21.8, 23.2]","[30.1, 30.5, 28.7, 29.6, 30.4, 30.4, 30.3]",2026-08-14T12:36:45.962458
HUB11-HUB11,2024-11-11,2024-11-17,"[4.4, 42.4, 33.1, 12.6, 16.9, 11.2, 2.5]","[27.2, 13.1, 13.5, 15.4, 13.5, 13.9, 19.3]","[30.2, 27.5, 26.9, 28.9, 28.1, 27.7, 29.5]",2026-08-14T12:36:45.962675
HUB11-HUB11,2024-11-18,2024-11-24,"[0.0, 0.5, 0.0, 0.0, 0.0, 1.1, 0.1]","[18.6, 19.4, 16.8, 17.3, 18.2, 18.0, 18.1]","[29.2, 28.7, 28.9, 29.0, 29.2, 28.9, 29.6]",2026-08-14T12:36:45.962902
HUB11-HUB11,2024-11-25,2024-12-01,"[1.3, 22.5, 5.4, 21.0, 25.6, 158.4, 25.3]","[23.0, 19.6, 26.8, 27.5, 23.3, 48.7, 28.6]","[29.6, 26.8, 27.7, 26.4, 25.1, 26.5, 27.8]",2026-08-14T12:36:45.963125
HUB11-HUB11,2024-12-02,2024-12-08,"[10.2, 4.0, 3.5, 0.8, 1.8, 0.4, 0.0]","[20.4, 13.9, 10.7, 11.5, 11.4, 10.8, 9.8]","[28.9, 29.4, 28.8, 29.1, 28.0, 29.2, 29.4]",2026-08-14T12:36:45.963348
HUB11-HUB11,2024-12-09,2024-12-15,"[1.0, 0.2, 16.1, 47.9, 2.1, 0.0, 0.0]","[12.2, 17.9, 24.9, 18.8, 20.1, 19.5, 22.4]","[29.2, 29.3, 27.2, 26.0, 27.9, 28.4, 27.5]",2026-08-14T12:36:45.963563
HUB11-HUB11,2024-12-16,2024-12-22,"[0.0, 8.2, 24.1, 7.0, 15.9, 1.5, 0.2]","[20.4, 22.9, 20.5, 17.4, 19.1, 16.0, 16.2]","[27.0, 26.3, 26.3, 27.3, 28.8, 28.6, 28.4]",2026-08-14T12:36:45.963780
HUB11-HUB11,2024-12-23,2024-12-29,"[0.0, 7.6, 2.8, 10.1, 4.1, 0.2, 1.0]","[20.0, 18.4, 19.2, 19.7, 22.2, 15.0, 19.6]","[28.6, 27.9, 27.5, 28.2, 28.5, 28.3, 27.9]",2026-08-14T12:36:45.963998
HUB11-HUB11,2024-12-30,2025-01-05,"[3.5, 0.1, 0.0, 0.0, 0.1, 0.1, 0.0]","[19.9, 18.7, 16.7, 15.9, 18.4, 12.9, 12.2]","[28.0, 28.2, 27.9, 27.9, 28.3, 27.7, 28.3]",2026-08-14T12:36:45.964219
HUB11-HUB11,2025-01-06,2025-01-12,"[0.5, 2.3, 0.0, 0.1, 1.0, 0.0, 1.4]","[11.1, 14.7, 17.9, 19.3, 20.2, 19.5, 16.7]","[28.6, 27.3, 28.1, 28.5, 28.4, 28.5, 26.8]",2026-08-14T12:36:45.964435
HUB11-HUB11,2025-01-13,2025-01-19,"[4.6, 0.3, 0.0, 0.1, 0.4, 2.1, 12.1]","[19.2, 19.8, 20.8, 19.3, 20.1, 20.5, 20.0]","[26.9, 28.2, 28.9, 28.3, 27.4, 28.2, 27.4]",2026-08-14T12:36:45.964652
HUB11-HUB11,2025-01-20,2025-01-26,"[0.0, 0.0, 0.0, 0.0, 0.0, 0.1, 0.0]","[18.0, 12.1, 14.8, 11.8, 14.1, 14.5, 12.0]","[27.6, 27.8, 28.4, 29.0, 28.5, 28.7, 28.6]",2026-08-14T12:36:45.964868
HUB11-HUB11,2025-01-27,2025-02-02,"[0.0, 0.0, 0.0, 0.0, 0.4, 1.1, 0.4]","[10.8, 11.4, 15.8, 15.2, 14.1, 11.4, 13.5]","[29.3, 29.4, 29.0, 30.8, 30.1, 30.5, 30.8]",2026-08-14T12:36:45.965089
HUB11-HUB11,2025-02-03,2025-02-09,"[0.0, 0.0, 0.0, 0.0, 0.0, 0.0, 0.2]","[12.4, 10.9, 12.2, 10.6, 11.6, 12.2, 12.3]","[30.9, 32.0, 32.0, 30.7, 31.0, 31.6, 30.4]",2026-08-14T12:36:45.965305
HUB11-HUB11,2025-02-10,2025-02-16,"[0.1, 0.0, 0.0, 0.0, 0.0, 0.0, 0.0]","[13.0, 13.3, 12.2, 12.2, 12.4, 14.4, 13.4]","[30.3, 30.9, 31.6, 31.8, 32.3, 31.3, 31.7]",2026-08-14T12:36:45.965521
HUB11-HUB11,2025-02-17,2025-02-23,"[0.0, 0.0, 0.0, 0.0, 0.3, 0.0, 0.0]","[13.0, 14.1, 13.5, 12.6, 11.9, 14.5, 12.7]","[31.2, 31.0, 31.1, 31.1, 31.1, 31.4, 32.4]",2026-08-14T12:36:45.965750
HUB11-HUB11,2025-02-24,2025-03-02,"[0.0, 0.0, 0.0, 0.0, 0.1, 0.4, 0.0]","[15.7, 17.1, 19.1, 16.7, 17.8, 16.3, 13.0]","[31.0, 31.3, 31.6, 31.2, 31.1, 30.8, 32.2]",2026-08-14T12:36:45.965969
HUB11-HUB11,2025-03-03,2025-03-09,"[0.0, 0.0, 0.0, 0.0, 0.0, 0.0, 0.0]","[14.9, 14.0, 13.5, 16.6, 14.1, 16.1, 14.9]","[33.0, 33.2, 34.5, 35.2, 33.1, 32.9, 31.2]",2026-08-14T12:36:45.966187
HUB11-HUB11,2025-03-10,2025-03-16,"[0.1, 14.8, 1.8, 0.0, 0.0, 0.0, 0.4]","[17.4, 18.6, 12.1, 14.8, 16.2, 16.7, 14.4]","[31.5, 30.0, 30.1, 33.3, 33.4, 34.0, 32.9]",2026-08-14T12:36:45.966406
HUB11-HUB11,2025-03-17,2025-03-23,"[0.1, 0.2, 0.4, 0.0, 0.0, 0.4, 0.2]","[18.2, 17.2, 17.0, 16.3, 15.6, 16.8, 14.4]","[34.0, 33.1, 33.4, 33.6, 33.2, 32.7, 32.9]",2026-08-14T12:36:45.966621
HUB11-HUB11,2025-03-24,2025-03-30,"[0.6, 0.0, 0.0, 0.0, 0.0, 0.0, 0.0]","[15.4, 14.8, 16.2, 18.2, 19.2, 15.8, 17.2]","[32.0, 32.6, 33.2, 35.9, 36.3, 37.1, 34.2]",2026-08-14T12:36:45.966833
HUB11-HUB11,2025-03-31,2025-04-06,"[0.0, 0.2, 0.8, 0.0, 7.3, 2.9, 0.1]","[15.2, 15.5, 15.5, 14.9, 13.2, 13.5, 13.8]","[32.7, 32.8, 32.9, 32.4, 30.3, 33.2, 34.3]",2026-08-14T12:36:45.967035
HUB11-HUB11,2025-04-07,2025-04-13,"[0.2, 0.0, 0.0, 0.5, 0.0, 0.0, 2.3]","[15.7, 16.3, 16.6, 15.3, 14.6, 14.8, 12.5]","[33.9, 33.6, 33.9, 37.4, 36.0, 38.8, 36.2]",2026-08-14T12:36:45.967231
HUB11-HUB11,2025-04-14,2025-04-20,"[0.1, 2.9, 2.0, 4.2, 0.0, 0.0, 0.0]","[14.3, 16.9, 17.8, 18.2, 20.2, 17.0, 20.6]","[34.5, 34.4, 34.1, 34.3, 36.2, 36.7, 36.7]",2026-08-14T12:36:45.967432
HUB11-HUB11,2025-04-21,2025-04-27,"[0.2, 0.0, 0.0, 0.0, 0.4, 0.4, 0.2]","[18.0, 17.9, 18.6, 19.3, 19.6, 19.8, 17.6]","[35.1, 34.7, 35.5, 35.2, 34.6, 34.2, 34.3]",2026-08-14T12:36:45.967634
HUB11-HUB11,2025-04-28,2025-05-04,"[0.3, 0.5, 0.0, 1.2, 0.4, 0.5, 1.0]","[16.5, 18.4, 17.4, 18.2, 18.3, 19.1, 16.0]","[33.7, 33.3, 35.6, 36.8, 35.6, 37.5, 38.1]",2026-08-14T12:36:45.967837
HUB11-HUB11,2025-05-05,2025-05-11,"[0.0, 0.0, 0.6, 9.6, 0.2, 1.4, 0.1]","[18.1, 17.2, 15.9, 14.4, 15.3, 15.8, 14.1]","[34.6, 37.6, 36.2, 36.9, 36.5, 37.0, 36.9]",2026-08-14T12:36:45.968034
HUB11-HUB11,2025-05-12,2025-05-18,"[0.1, 0.0, 0.0, 0.5, 2.9, 2.4, 12.4]","[14.7, 16.2, 15.9, 14.2, 16.3, 13.3, 14.1]","[39.0, 38.6, 36.9, 36.5, 36.2, 33.4, 33.3]",2026-08-14T12:36:45.968232
HUB11-HUB11,2025-05-19,2025-05-25,"[21.1, 2.7, 0.8, 0.3, 6.1, 0.2, 0.0]","[10.0, 12.0, 10.9, 14.5, 17.5, 17.1, 16.9]","[31.6, 31.6, 33.9, 34.1, 35.2, 35.9, 36.9]",2026-08-14T12:36:45.968432
HUB11-HUB11,2025-05-26,2025-06-01,"[0.5, 0.0, 3.6, 2.1, 9.6, 0.0, 0.0]","[22.2, 25.5, 24.5, 26.6, 17.2, 13.9, 16.5]","[34.0, 36.4, 37.4, 37.8, 36.0, 36.2, 37.4]",2026-08-14T12:36:45.968629
HUB11-HUB11,2025-06-02,2025-06-08,"[0.3, 1.4, 2.3, 0.3, 1.6, 1.0, 2.3]","[17.1, 18.5, 15.8, 15.8, 13.8, 13.9, 12.2]","[36.2, 38.3, 37.8, 37.3, 37.9, 38.1, 38.0]",2026-08-14T12:36:45.968828
HUB11-HUB11,2025-06-09,2025-06-15,"[6.2, 0.3, 7.8, 3.0, 3.6, 2.5, 0.0]","[14.1, 15.3, 16.4, 19.7, 16.3, 17.3, 19.3]","[37.2, 37.0, 36.0, 35.9, 35.7, 35.3, 34.6]",2026-08-14T12:36:45.969026
HUB11-HUB11,2025-06-16,2025-06-22,"[0.0, 0.2, 0.3, 0.5, 0.6, 0.5, 1.6]","[24.6, 18.7, 20.0, 19.2, 17.7, 14.5, 15.8]","[34.6, 37.1, 37.6, 37.4, 38.8, 37.9, 37.0]",2026-08-14T12:36:45.969227
HUB11-HUB11,2025-06-23,2025-06-29,"[0.0, 0.1, 0.5, 0.5, 0.3, 0.5, 0.9]","[18.0, 23.8, 21.2, 18.4, 16.1, 15.2, 18.2]","[34.1, 36.9, 35.8, 36.0, 37.5, 37.4, 39.7]",2026-08-14T12:36:45.969424
HUB11-HUB11,2025-06-30,2025-07-06,"[0.3, 1.1, 1.3, 0.0, 0.1, 2.7, 2.2]","[18.0, 14.9, 15.4, 15.0, 16.5, 17.1, 21.2]","[37.9, 37.2, 36.9, 33.0, 38.2, 37.3, 37.9]",2026-08-14T12:36:45.969620
HUB11-HUB11,2025-07-07,2025-07-13,"[0.1, 1.3, 2.5, 1.2, 5.9, 22.1, 0.8]","[20.9, 22.1, 12.7, 18.4, 15.6, 20.9, 13.2]","[38.4, 40.0, 37.5, 36.5, 37.6, 37.7, 35.1]",2026-08-14T12:36:45.969815
HUB11-HUB11,2025-07-14,2025-07-20,"[5.2, 1.8, 16.2, 4.4, 9.2, 7.0, 0.2]","[19.7, 14.3, 16.1, 16.6, 14.6, 16.3, 14.4]","[35.5, 37.2, 36.9, 34.5, 31.6, 31.1, 32.6]",2026-08-14T12:36:45.970013
HUB11-HUB11,2025-07-21,2025-07-27,"[2.5, 1.1, 3.8, 2.6, 1.3, 1.1, 0.1]","[12.1, 19.5, 18.2, 18.2, 20.4, 19.6, 24.0]","[30.0, 32.0, 29.6, 31.3, 31.8, 34.3, 34.9]",2026-08-14T12:36:45.970215
HUB11-HUB11,2025-07-28,2025-08-03,"[0.0, 0.0, 0.5, 2.0, 0.3, 0.3, 3.8]","[20.6, 22.1, 15.4, 12.3, 14.3, 17.0, 14.7]","[35.9, 37.3, 37.3, 36.2, 35.1, 35.8, 34.8]",2026-08-14T12:36:45.970411
HUB11-HUB11,2025-08-04,2025-08-10,"[21.3, 4.0, 2.1, 8.7, 23.1, 8.0, 9.6]","[12.4, 12.9, 11.3, 13.5, 13.8, 12.8, 13.1]","[33.4, 32.9, 33.7, 33.0, 31.4, 31.0, 33.5]",2026-08-14T12:36:45.970606
HUB11-HUB11,2025-08-11,2025-08-17,"[10.0, 31.6, 2.0, 3.5, 2.2, 3.2, 12.1]","[14.1, 14.0, 15.4, 15.4, 16.5, 14.0, 15.4]","[33.1, 30.2, 29.1, 32.8, 32.7, 30.6, 29.6]",2026-08-14T12:36:45.970808
HUB11-HUB11,2025-08-18,2025-08-24,"[3.0, 0.5, 0.0, 0.1, 6.4, 25.8, 0.2]","[16.3, 15.2, 16.3, 12.4, 16.7, 21.5, 11.6]","[30.3, 31.1, 33.8, 33.8, 33.9, 30.3, 34.0]",2026-08-14T12:36:45.971007
HUB11-HUB11,2025-08-25,2025-08-31,"[0.0, 0.0, 23.0, 13.4, 0.9, 22.2, 11.2]","[12.2, 14.8, 15.9, 14.7, 15.8, 14.5, 15.9]","[34.5, 34.2, 33.8, 34.5, 34.9, 36.8, 34.6]",2026-08-14T12:36:45.971203
HUB11-HUB11,2025-09-01,2025-09-07,"[4.2, 10.4, 12.9, 3.0, 0.7, 0.5, 1.7]","[15.1, 17.0, 21.3, 20.1, 16.4, 11.9, 12.7]","[31.4, 36.0, 35.8, 35.9, 36.8, 34.4, 35.4]",2026-08-14T12:36:45.971402
HUB11-HUB11,2025-09-08,2025-09-14,"[2.5, 1.6, 4.0, 8.6, 0.6, 0.7, 31.6]","[14.0, 11.6, 13.5, 16.9, 11.5, 16.1, 12.1]","[35.1, 35.2, 36.2, 33.2, 34.3, 32.9, 31.7]",2026-08-14T12:36:45.971603
HUB11-HUB11,2025-09-15,2025-09-21,"[5.1, 17.3, 15.9, 6.2, 3.0, 5.5, 0.7]","[13.5, 12.7, 12.3, 12.8, 14.3, 15.5, 10.8]","[33.9, 32.2, 31.3, 32.4, 30.4, 31.1, 31.2]",2026-08-14T12:36:45.971800
HUB11-HUB11,2025-09-22,2025-09-28,"[3.4, 5.4, 3.5, 0.2, 0.1, 12.0, 23.6]","[13.9, 16.9, 19.3, 16.7, 19.2, 20.8, 14.7]","[32.4, 32.0, 32.8, 33.8, 33.3, 33.8, 33.7]",2026-08-14T12:36:45.971998
HUB11-HUB11,2025-09-29,2025-10-05,"[4.2, 0.0, 0.3, 0.2, 0.6, 7.1, 12.4]","[14.9, 14.2, 13.4, 13.6, 14.2, 21.0, 12.9]","[33.3, 31.0, 31.9, 32.8, 33.1, 31.6, 33.0]",2026-08-14T12:36:45.972197
HUB11-HUB11,2025-10-06,2025-10-12,"[10.7, 7.8, 1.4, 10.3, 0.4, 2.6, 1.8]","[12.2, 8.6, 12.1, 10.4, 11.5, 14.4, 11.2]","[32.7, 31.4, 31.7, 31.6, 30.4, 31.2, 30.7]",2026-08-14T12:36:45.972396
HUB11-HUB11,2025-10-13,2025-10-19,"[10.2, 9.9, 35.3, 20.7, 13.7, 27.5, 7.8]","[12.9, 12.7, 18.0, 14.7, 13.5, 8.4, 9.2]","[31.8, 30.9, 28.2, 29.2, 28.3, 27.4, 28.7]",2026-08-14T12:36:45.972592
HUB11-HUB11,2025-10-20,2025-10-26,"[23.2, 28.9, 38.5, 17.1, 6.2, 18.4, 0.9]","[13.9, 18.0, 21.5, 11.2, 9.7, 11.3, 10.6]","[28.2, 26.6, 29.0, 29.8, 27.2, 28.2, 29.9]",2026-08-14T12:36:45.972789
HUB11-HUB11,2025-10-27,2025-11-02,"[44.9, 51.4, 0.0, 0.1, 0.0, 0.6, 5.0]","[26.7, 30.7, 17.9, 12.1, 12.1, 11.6, 12.4]","[26.4, 25.9, 32.4, 32.8, 33.2, 31.9, 32.0]",2026-08-14T12:36:45.972987
HUB11-HUB11,2025-11-03,2025-11-09,"[8.0, 18.5, 3.1, 0.9, 4.5, 0.9, 0.4]","[20.7, 12.1, 12.2, 8.5, 11.3, 16.1, 16.3]","[32.5, 31.9, 31.2, 29.9, 31.0, 31.9, 30.8]",2026-08-14T12:36:45.973184
HUB11-HUB11,2025-11-10,2025-11-16,"[1.1, 1.3, 0.2, 0.7, 0.0, 0.2, 0.7]","[15.4, 15.6, 17.4, 17.3, 21.1, 19.7, 24.2]","[30.5, 31.4, 30.8, 29.5, 30.0, 30.7, 28.6]",2026-08-14T12:36:45.973379
HUB11-HUB11,2025-11-17,2025-11-23,"[27.5, 11.5, 0.7, 0.3, 6.8, 11.5, 11.8]","[23.4, 16.4, 20.4, 19.5, 15.8, 20.4, 16.2]","[26.8, 27.6, 29.0, 28.2, 28.8, 29.1, 28.7]",2026-08-14T12:36:45.973578
HUB11-HUB11,2025-11-24,2025-11-30,"[4.4, 0.8, 0.5, 0.0, 0.6, 22.3, 73.1]","[18.4, 20.0, 19.1, 24.3, 23.2, 28.7, 29.4]","[28.3, 28.2, 28.2, 28.2, 28.2, 27.8, 25.9]",2026-08-14T12:36:45.973778
HUB11-HUB11,2025-12-01,2025-12-07,"[90.0, 142.3, 72.7, 17.5, 1.0, 1.0, 1.3]","[36.4, 27.9, 19.6, 14.4, 22.4, 18.7, 20.8]","[25.4, 25.1, 26.3, 27.5, 28.5, 28.6, 27.5]",2026-08-14T12:36:45.974037
HUB11-HUB11,2025-12-08,2025-12-14,"[0.2, 0.5, 0.0, 0.0, 0.0, 0.0, 0.0]","[19.3, 20.2, 20.6, 20.8, 19.5, 15.9, 16.5]","[27.3, 28.2, 27.3, 28.1, 27.3, 27.6, 28.1]",2026-08-14T12:36:45.974398
HUB11-HUB11,2025-12-15,2025-12-21,"[0.0, 4.3, 1.9, 0.4, 0.0, 0.1, 0.2]","[18.5, 19.3, 21.0, 17.3, 12.9, 12.0, 15.2]","[28.4, 27.3, 28.3, 28.0, 28.7, 29.0, 29.1]",2026-08-14T12:36:45.974645
HUB11-HUB11,2025-12-22,2025-12-28,"[0.0, 0.0, 0.1, 0.7, 0.0, 0.1, 0.0]","[16.8, 15.6, 14.1, 16.4, 18.9, 18.1, 16.7]","[29.1, 28.7, 28.8, 27.5, 28.2, 28.9, 28.5]",2026-08-14T12:36:45.974857
HUB11-HUB11,2025-12-29,2026-01-04,"[0.0, 0.0, 3.0, 13.4, 0.1, 0.0, 0.1]","[16.8, 15.4, 14.1, 12.1, 16.0, 16.3, 20.0]","[28.0, 28.8, 29.0, 26.4, 27.8, 28.1, 28.0]",2026-08-14T12:36:45.975058
HUB11-HUB11,2026-01-05,2026-01-11,"[0.0, 0.0, 0.0, 0.0, 2.7, 8.0, 15.5]","[22.3, 22.3, 23.1, 21.8, 28.3, 24.1, 24.7]","[28.1, 27.9, 27.5, 27.9, 26.2, 26.0, 24.7]",2026-08-14T12:36:45.975257
HUB11-HUB11,2026-01-12,2026-01-18,"[2.7, 0.0, 0.0, 0.3, 0.2, 0.0, 0.0]","[18.7, 15.4, 9.9, 11.3, 11.0, 12.2, 9.6]","[26.5, 27.7, 27.8, 27.9, 27.6, 28.0, 28.4]",2026-08-14T12:36:45.975454
HUB11-HUB11,2026-01-19,2026-01-25,"[0.0, 0.0, 0.1, 0.0, 3.1, 26.4, 25.9]","[10.7, 13.2, 15.9, 17.7, 20.7, 25.0, 15.4]","[28.2, 28.0, 28.0, 28.6, 27.5, 26.6, 25.0]",2026-08-14T12:36:45.975646
HUB11-HUB11,2026-01-26,2026-01-31,"[5.5, 0.0, 0.0, 0.0, 0.0, 0.0]","[13.0, 13.9, 11.5, 13.5, 15.4, 15.8]","[27.2, 27.0, 27.0, 26.9, 27.1, 28.5]",2026-08-14T12:36:45.975835
HUB12-HUB12,2023-01-01,2023-01-01,[0.0],[12.3],[29.9],2026-08-14T12:36:53.001315
HUB12-HUB12,2023-01-02,2023-01-08,"[0.0, 0.0, 0.5, 0.0, 0.0, 0.0, 0.0]","[14.7, 12.5, 16.1, 16.8, 19.2, 18.8, 16.3]","[29.3, 30.1, 29.7, 28.8, 29.9, 29.7, 30.0]",2026-08-14T12:36:53.001713
HUB12-HUB12,2023-01-09,2023-01-15,"[0.2, 0.0, 0.0, 0.0, 0.0, 0.0, 0.0]","[16.4, 15.2, 13.1, 13.1, 11.5, 11.6, 10.5]","[29.6, 29.2, 29.8, 30.4, 30.2, 30.5, 30.7]",2026-08-14T12:36:53.002069
HUB12-HUB12,2023-01-16,2023-01-22,"[0.0, 0.0, 0.0, 0.0, 0.0, 0.1, 0.0]","[11.9, 13.3, 15.8, 15.6, 16.6, 15.5, 18.3]","[31.2, 30.6, 30.7, 30.5, 29.8, 30.6, 30.0]",2026-08-14T12:36:53.002421
HUB12-HUB12,2023-01-23,2023-01-29,"[0.1, 4.1, 0.0, 0.0, 0.0, 0.0, 0.0]","[14.9, 13.0, 15.5, 14.3, 13.5, 16.7, 15.4]","[30.5, 30.4, 30.4, 30.0, 30.8, 31.5, 32.1]",2026-08-14T12:36:53.002762
HUB12-HUB12,2023-01-30,2023-02-05,"[6.6, 0.4, 0.0, 0.3, 2.2, 0.1, 0.0]","[13.4, 18.0, 18.3, 21.1, 16.1, 16.9, 16.7]","[30.5, 32.9, 33.3, 32.6, 30.0, 31.6, 32.3]",2026-08-14T12:36:53.003101
HUB12-HUB12,2023-02-06,2023-02-12,"[0.0, 0.0, 0.0, 0.0, 0.0, 0.0, 0.0]","[13.7, 11.4, 15.0, 14.8, 17.4, 15.3, 16.3]","[32.4, 33.0, 33.2, 33.1, 33.9, 33.2, 33.9]",2026-08-14T12:36:53.003445
HUB12-HUB12,2023-02-13,2023-02-19,"[0.0, 0.0, 0.0, 0.0, 0.0, 0.0, 0.0]","[18.9, 14.2, 16.2, 19.0, 15.8, 13.5, 13.5]","[34.3, 33.6, 34.1, 34.2, 33.3, 33.2, 33.4]",2026-08-14T12:36:53.003785
HUB12-HUB12,2023-02-20,2023-02-26,"[0.0, 0.0, 0.0, 0.0, 0.0, 0.0, 0.0]","[12.3, 16.0, 17.9, 16.8, 13.8, 17.8, 20.1]","[34.1, 34.1, 34.8, 33.3, 33.8, 35.2, 34.6]",2026-08-14T12:36:53.004128
HUB12-HUB12,2023-02-27,2023-03-05,"[0.0, 0.1, 0.6, 0.0, 0.0, 0.0, 0.0]","[16.4, 21.7, 18.0, 17.2, 19.6, 21.6, 19.1]","[33.0, 33.6, 33.7, 33.8, 34.7, 34.8, 35.3]",2026-08-14T12:36:53.004472
HUB12-HUB12,2023-03-06,2023-03-12,"[0.0, 0.0, 0.0, 0.0, 0.0, 0.0, 0.0]","[15.6, 14.5, 17.7, 16.5, 17.0, 15.3, 17.7]","[35.1, 33.9, 34.1, 34.3, 34.3, 34.3, 34.6]",2026-08-14T12:36:53.004805
HUB12-HUB12,2023-03-13,2023-03-19,"[0.0, 0.0, 0.0, 0.3, 0.0, 0.1, 0.0]","[17.7, 13.4, 13.5, 19.6, 18.1, 16.2, 22.4]","[34.9, 36.3, 36.4, 35.2, 34.2, 33.3, 33.1]",2026-08-14T12:36:53.005137
HUB12-HUB12,2023-03-20,2023-03-26,"[0.2, 0.0, 0.0, 0.0, 0.0, 2.4, 0.7]","[24.3, 22.1, 21.1, 15.9, 28.4, 20.2, 15.8]","[35.2, 37.2, 35.9, 37.0, 36.7, 34.9, 35.3]",2026-08-14T12:36:53.005476
HUB12-HUB12,2023-03-27,2023-04-02,"[0.2, 0.0, 3.3, 0.0, 0.0, 1.1, 1.8]","[13.8, 12.5, 17.1, 15.8, 17.8, 17.6, 19.1]","[37.3, 37.0, 36.3, 37.4, 37.0, 34.9, 34.6]",2026-08-14T12:36:53.005810
HUB12-HUB12,2023-04-03,2023-04-09,"[0.8, 6.6, 0.0, 0.0, 0.0, 0.0, 0.0]","[13.5, 13.5, 18.7, 14.1, 17.9, 20.5, 13.7]","[35.6, 31.2, 37.0, 37.2, 36.5, 36.9, 36.6]",2026-08-14T12:36:53.006141
HUB12-HUB12,2023-04-10,2023-04-16,"[0.1, 0.0, 0.0, 0.0, 0.0, 0.0, 0.0]","[17.0, 17.0, 17.0, 17.1, 16.9, 18.4, 15.1]","[36.4, 37.2, 38.7, 39.2, 39.6, 39.5, 38.7]",2026-08-14T12:36:53.006476
HUB12-HUB12,2023-04-17,2023-04-23,"[0.0, 0.0, 0.0, 0.0, 0.2, 1.8, 0.7]","[16.0, 15.3, 17.1, 19.2, 21.9, 17.7, 18.2]","[38.9, 39.1, 39.0, 37.0, 36.8, 37.5, 35.2]",2026-08-14T12:36:53.006808
HUB12-HUB12,2023-04-24,2023-04-30,"[3.8, 1.7, 4.3, 0.6, 0.5, 17.7, 8.3]","[19.0, 16.9, 11.5, 15.9, 14.5, 16.5, 14.6]","[35.3, 33.8, 34.0, 34.6, 34.2, 33.2, 32.7]",2026-08-14T12:36:53.007135
HUB12-HUB12,2023-05-01,2023-05-07,"[13.1, 12.9, 3.9, 1.1, 0.0, 5.9, 4.0]","[16.5, 7.6, 15.9, 16.4, 15.3, 15.9, 14.9]","[31.7, 31.9, 30.7, 31.3, 30.4, 30.6, 28.5]",2026-08-14T12:36:53.007957
HUB12-HUB12,2023-05-08,2023-05-14,"[6.4, 2.1, 0.1, 1.3, 0.8, 0.1, 0.0]","[10.4, 17.1, 14.4, 18.2, 20.9, 22.2, 23.4]","[32.8, 32.7, 32.7, 32.4, 31.9, 33.2, 34.5]",2026-08-14T12:36:53.008455
HUB12-HUB12,2023-05-15,2023-05-21,"[0.0, 0.0, 0.1, 0.3, 5.2, 1.9, 6.3]","[20.1, 15.8, 17.1, 18.3, 17.4, 19.7, 22.2]","[34.6, 35.9, 35.4, 36.4, 33.3, 35.1, 35.0]",2026-08-14T12:36:53.008805
HUB12-HUB12,2023-05-22,2023-05-28,"[0.2, 0.0, 0.5, 1.8, 2.9, 1.8, 1.3]","[24.6, 18.6, 21.8, 21.2, 18.1, 15.9, 16.6]","[34.9, 35.1, 35.0, 32.7, 33.4, 34.4, 34.3]",2026-08-14T12:36:53.009116
HUB12-HUB12,2023-05-29,2023-06-04,"[2.2, 0.2, 7.6, 0.0, 0.4, 0.0, 0.7]","[13.6, 18.2, 24.3, 23.0, 18.1, 19.7, 20.4]","[33.5, 35.7, 33.7, 33.2, 34.4, 34.4, 34.8]",2026-08-14T12:36:53.009420
HUB12-HUB12,2023-06-05,2023-06-11,"[1.6, 1.0, 1.1, 0.2, 0.3, 0.3, 0.0]","[23.2, 22.1, 25.8, 28.5, 27.6, 28.1, 27.7]","[34.9, 35.7, 33.6, 34.8, 33.4, 32.3, 33.2]",2026-08-14T12:36:53.009713
HUB12-HUB12,2023-06-12,2023-06-18,"[1.5, 1.1, 0.0, 1.5, 0.8, 1.6, 1.8]","[26.4, 25.8, 25.5, 20.1, 23.5, 25.2, 20.9]","[32.8, 32.2, 32.4, 35.3, 34.4, 32.6, 32.8]",2026-08-14T12:36:53.010008
HUB12-HUB12,2023-06-19,2023-06-25,"[0.7, 1.8, 1.4, 1.8, 0.0, 0.0, 3.4]","[21.3, 17.4, 21.6, 18.6, 26.4, 26.3, 25.1]","[31.9, 31.2, 32.5, 32.8, 32.0, 33.1, 31.5]",2026-08-14T12:36:53.010311
HUB12-HUB12,2023-06-26,2023-07-02,"[0.0, 2.0, 0.0, 3.1, 1.4, 10.2, 20.1]","[23.4, 30.1, 23.2, 24.1, 20.7, 21.1, 19.2]","[31.4, 29.8, 31.9, 31.6, 32.2, 32.0, 31.5]",2026-08-14T12:36:53.010600
HUB12-HUB12,2023-07-03,2023-07-09,"[6.7, 14.4, 57.4, 42.2, 6.7, 2.4, 4.8]","[22.1, 26.6, 24.5, 21.4, 25.1, 22.5, 16.6]","[31.8, 26.2, 24.6, 23.1, 26.9, 28.3, 29.9]",2026-08-14T12:36:53.010890
HUB12-HUB12,2023-07-10,2023-07-16,"[13.6, 10.8, 5.4, 3.9, 0.0, 6.2, 5.1]","[15.5, 16.9, 16.9, 20.0, 19.8, 20.2, 21.6]","[29.5, 29.8, 29.4, 29.4, 29.6, 29.7, 30.9]",2026-08-14T12:36:53.011185
HUB12-HUB12,2023-07-17,2023-07-23,"[0.9, 0.1, 0.6, 0.0, 0.1, 1.1, 3.5]","[23.8, 30.6, 28.2, 27.0, 29.5, 28.2, 25.2]","[30.7, 29.3, 28.5, 30.4, 29.6, 30.0, 30.0]",2026-08-14T12:36:53.011479
HUB12-HUB12,2023-07-24,2023-07-30,"[3.9, 1.6, 0.5, 5.4, 1.9, 4.2, 1.4]","[25.7, 20.7, 21.3, 20.6, 20.9, 20.4, 21.2]","[28.6, 28.5, 28.8, 30.5, 32.1, 32.5, 32.3]",2026-08-14T12:36:53.011766
HUB12-HUB12,2023-07-31,2023-08-06,"[1.1, 0.3, 0.0, 0.0, 2.9, 3.2, 1.6]","[23.1, 25.0, 29.3, 25.7, 21.0, 21.9, 22.4]","[32.3, 33.1, 32.2, 32.7, 32.1, 32.9, 33.4]",2026-08-14T12:36:53.012051
HUB12-HUB12,2023-08-07,2023-08-13,"[0.0, 4.6, 3.7, 3.5, 3.6, 5.8, 2.2]","[20.1, 20.5, 15.8, 16.4, 18.1, 17.0, 20.5]","[33.3, 31.7, 33.1, 30.5, 32.1, 31.6, 32.3]",2026-08-14T12:36:53.012341
HUB12-HUB12,2023-08-14,2023-08-20,"[0.5, 0.0, 0.2, 0.1, 0.1, 0.0, 1.7]","[18.8, 21.7, 23.1, 24.2, 26.7, 25.5, 21.6]","[32.6, 33.0, 33.2, 33.1, 33.0, 32.3, 33.4]",2026-08-14T12:36:53.012624
HUB12-HUB12,2023-08-21,2023-08-27,"[0.8, 2.0, 0.8, 0.0, 0.0, 0.0, 0.0]","[17.0, 15.6, 19.4, 24.7, 21.7, 20.9, 21.5]","[33.3, 33.3, 34.2, 34.4, 34.3, 34.7, 35.3]",2026-08-14T12:36:53.012907
HUB12-HUB12,2023-08-28,2023-09-03,"[1.0, 18.9, 4.5, 8.0, 0.4, 5.5, 12.0]","[26.7, 16.0, 18.3, 16.6, 18.4, 21.1, 23.4]","[34.6, 34.2, 32.5, 33.5, 34.1, 32.9, 32.2]",2026-08-14T12:36:53.013192
HUB12-HUB12,2023-09-04,2023-09-10,"[4.1, 2.6, 11.8, 4.7, 0.2, 2.6, 5.9]","[24.7, 26.1, 23.8, 24.1, 29.1, 23.4, 24.7]","[30.4, 29.4, 29.2, 28.4, 29.0, 30.9, 30.1]",2026-08-14T12:36:53.013480
HUB12-HUB12,2023-09-11,2023-09-17,"[18.1, 1.6, 7.0, 3.7, 0.9, 2.5, 18.3]","[23.5, 20.0, 22.7, 24.6, 29.6, 22.1, 18.8]","[31.0, 31.4, 30.2, 30.8, 29.8, 31.2, 30.9]",2026-08-14T12:36:53.013761
HUB12-HUB12,2023-09-18,2023-09-24,"[28.2, 5.9, 4.0, 0.1, 1.0, 3.6, 8.2]","[22.5, 19.7, 20.0, 16.8, 18.1, 20.6, 20.1]","[29.4, 29.8, 31.3, 31.6, 31.5, 31.7, 31.2]",2026-08-14T12:36:53.014048
HUB12-HUB12,2023-09-25,2023-10-01,"[2.8, 6.7, 9.6, 1.9, 0.8, 0.8, 0.2]","[17.4, 21.3, 23.7, 27.3, 29.8, 31.2, 28.0]","[30.0, 30.5, 30.8, 29.9, 28.1, 28.7, 28.1]",2026-08-14T12:36:53.014336
HUB12-HUB12,2023-10-02,2023-10-08,"[0.6, 1.6, 1.6, 0.0, 0.0, 0.0, 5.4]","[24.4, 20.0, 18.8, 19.8, 21.0, 18.1, 16.9]","[31.5, 31.4, 32.3, 32.9, 33.1, 33.2, 33.6]",2026-08-14T12:36:53.014604
HUB12-HUB12,2023-10-09,2023-10-15,"[2.2, 2.7, 10.8, 4.0, 0.0, 16.0, 17.7]","[14.5, 15.2, 15.2, 15.5, 11.6, 14.4, 12.3]","[33.0, 32.2, 32.9, 31.5, 32.1, 31.6, 28.1]",2026-08-14T12:36:53.014851
HUB12-HUB12,2023-10-16,2023-10-22,"[39.7, 3.3, 1.9, 0.0, 0.0, 1.1, 0.4]","[16.8, 10.2, 11.7, 12.9, 12.9, 12.9, 8.7]","[29.7, 30.3, 30.5, 31.3, 31.6, 32.0, 31.1]",2026-08-14T12:36:53.015099
HUB12-HUB12,2023-10-23,2023-10-29,"[1.9, 0.3, 2.3, 0.2, 0.0, 12.2, 29.9]","[16.6, 18.8, 14.2, 12.8, 13.2, 13.7, 14.5]","[30.9, 31.6, 30.8, 32.4, 32.6, 33.4, 31.5]",2026-08-14T12:36:53.015344
HUB12-HUB12,2023-10-30,2023-11-05,"[29.7, 9.2, 12.9, 19.7, 27.8, 25.8, 4.9]","[13.4, 12.8, 12.9, 15.3, 13.0, 9.9, 11.7]","[29.2, 29.0, 30.1, 30.3, 29.8, 27.6, 28.2]",2026-08-14T12:36:53.015587
HUB12-HUB12,2023-11-06,2023-11-12,"[2.5, 23.0, 15.0, 5.9, 9.9, 3.3, 0.0]","[11.0, 10.9, 12.2, 12.5, 17.1, 16.1, 15.1]","[29.1, 29.0, 29.0, 28.8, 28.4, 29.2, 28.5]",2026-08-14T12:36:53.015830
HUB12-HUB12,2023-11-13,2023-11-19,"[0.0, 0.0, 0.0, 0.5, 2.2, 0.3, 0.0]","[14.5, 17.7, 12.1, 13.9, 14.0, 18.7, 15.8]","[28.6, 27.7, 29.8, 30.8, 30.8, 31.2, 30.6]",2026-08-14T12:36:53.016078
HUB12-HUB12,2023-11-20,2023-11-26,"[0.0, 8.7, 22.6, 12.5, 0.8, 16.5, 10.6]","[14.3, 13.6, 11.9, 13.5, 16.9, 15.5, 19.8]","[30.6, 32.0, 30.1, 26.6, 29.0, 28.3, 27.8]",2026-08-14T12:36:53.016320
HUB12-HUB12,2023-11-27,2023-12-03,"[1.9, 1.7, 7.6, 16.5, 0.2, 0.1, 1.4]","[16.0, 14.7, 18.1, 14.8, 12.9, 12.3, 14.8]","[28.8, 29.2, 29.4, 29.4, 29.4, 29.7, 30.4]",2026-08-14T12:36:53.016563
HUB12-HUB12,2023-12-04,2023-12-10,"[0.2, 0.0, 0.1, 0.0, 6.2, 7.4, 3.7]","[11.6, 12.1, 8.2, 8.9, 14.1, 13.0, 14.6]","[28.9, 30.1, 30.0, 30.2, 28.4, 29.3, 29.5]",2026-08-14T12:36:53.016805
HUB12-HUB12,2023-12-11,2023-12-17,"[0.0, 0.0, 0.0, 0.0, 0.0, 0.4, 4.3]","[14.3, 14.8, 17.4, 17.8, 15.4, 13.0, 18.1]","[28.1, 28.4, 27.6, 27.8, 28.8, 27.9, 27.3]",2026-08-14T12:36:53.017050
HUB12-HUB12,2023-12-18,2023-12-24,"[12.6, 0.0, 0.0, 0.5, 0.1, 0.4, 0.0]","[19.6, 17.4, 15.5, 14.1, 12.9, 15.1, 14.1]","[25.3, 27.4, 27.4, 28.2, 29.0, 27.4, 29.1]",2026-08-14T12:36:53.017294
HUB12-HUB12,2023-12-25,2023-12-31,"[0.1, 0.6, 0.0, 0.0, 1.0, 0.0, 0.0]","[19.7, 16.2, 17.8, 20.5, 17.9, 17.3, 15.3]","[28.3, 28.9, 28.9, 29.1, 27.4, 28.1, 29.3]",2026-08-14T12:36:53.017540
HUB12-HUB12,2024-01-01,2024-01-07,"[0.0, 0.0, 0.3, 3.1, 5.8, 15.3, 4.0]","[12.5, 13.8, 14.6, 14.6, 10.5, 12.0, 15.6]","[28.4, 28.6, 29.4, 28.8, 28.1, 29.5, 28.1]",2026-08-14T12:36:53.017787
HUB12-HUB12,2024-01-08,2024-01-14,"[6.7, 14.9, 2.2, 0.0, 0.0, 0.0, 0.0]","[23.5, 17.1, 16.6, 16.1, 16.9, 14.3, 16.6]","[27.9, 27.2, 26.8, 28.2, 28.0, 28.9, 29.4]",2026-08-14T12:36:53.018029
HUB12-HUB12,2024-01-15,2024-01-21,"[0.0, 0.0, 0.0, 0.0, 0.6, 0.2, 0.0]","[12.0, 12.5, 13.8, 12.5, 12.0, 13.6, 13.1]","[29.6, 29.0, 29.4, 30.0, 31.2, 30.3, 31.7]",2026-08-14T12:36:53.018272
HUB12-HUB12,2024-01-22,2024-01-28,"[0.0, 0.0, 0.0, 0.0, 0.0, 0.0, 0.0]","[13.0, 12.9, 14.3, 12.2, 16.0, 16.5, 14.5]","[31.5, 30.8, 31.2, 31.5, 31.2, 30.7, 31.3]",2026-08-14T12:36:53.018513
HUB12-HUB12,2024-01-29,2024-02-04,"[0.7, 0.0, 0.1, 0.0, 0.2, 0.1, 0.1]","[14.1, 10.7, 10.2, 13.7, 11.6, 16.0, 14.7]","[31.2, 32.1, 32.0, 33.1, 32.5, 33.7, 33.0]",2026-08-14T12:36:53.018754
HUB12-HUB12,2024-02-05,2024-02-11,"[0.0, 0.0, 0.0, 0.0, 0.0, 0.0, 0.0]","[14.0, 15.5, 15.4, 15.3, 16.3, 18.7, 15.6]","[32.8, 33.3, 34.5, 35.4, 34.4, 32.9, 33.1]",2026-08-14T12:36:53.018999
HUB12-HUB12,2024-02-12,2024-02-18,"[0.0, 0.0, 0.0, 0.0, 0.0, 0.0, 0.0]","[16.1, 17.2, 15.6, 14.6, 16.6, 12.7, 12.8]","[32.7, 34.3, 33.4, 33.5, 33.2, 34.4, 34.6]",2026-08-14T12:36:53.019242
HUB12-HUB12,2024-02-19,2024-02-25,"[0.0, 0.0, 0.0, 0.1, 0.0, 0.0, 0.2]","[15.0, 14.5, 15.3, 24.5, 14.1, 12.8, 17.4]","[34.5, 34.2, 34.9, 34.8, 35.0, 35.0, 34.8]",2026-08-14T12:36:53.019484
HUB12-HUB12,2024-02-26,2024-03-03,"[0.0, 0.0, 0.0, 0.0, 0.0, 0.0, 0.0]","[20.5, 18.7, 16.1, 13.8, 18.8, 13.6, 14.2]","[33.3, 35.1, 35.0, 34.7, 34.6, 34.1, 35.0]",2026-08-14T12:36:53.019727
HUB12-HUB12,2024-03-04,2024-03-10,"[0.0, 0.0, 0.0, 0.0, 0.0, 0.0, 0.0]","[12.7, 11.6, 13.0, 14.7, 10.0, 12.5, 14.4]","[36.7, 37.4, 36.7, 37.1, 36.4, 37.1, 36.8]",2026-08-14T12:36:53.019967
HUB12-HUB12,2024-03-11,2024-03-17,"[0.0, 0.0, 0.0, 0.0, 0.0, 0.2, 0.0]","[15.9, 13.2, 12.7, 17.3, 16.8, 15.5, 14.3]","[36.7, 37.0, 36.8, 36.8, 37.6, 37.8, 37.5]",2026-08-14T12:36:53.020205
HUB12-HUB12,2024-03-18,2024-03-24,"[0.0, 0.0, 0.0, 0.4, 0.3, 0.0, 0.0]","[14.0, 12.7, 12.2, 16.1, 13.6, 16.0, 15.7]","[37.4, 36.6, 37.3, 36.8, 36.6, 37.4, 37.5]",2026-08-14T12:36:53.020447
HUB12-HUB12,2024-03-25,2024-03-31,"[0.0, 0.0, 0.0, 0.0, 0.0, 0.0, 0.0]","[16.8, 17.8, 12.8, 13.1, 16.9, 14.2, 11.5]","[37.6, 37.7, 36.9, 37.8, 38.3, 38.2, 37.7]",2026-08-14T12:36:53.020695
HUB12-HUB12,2024-04-01,2024-04-07,"[0.0, 0.0, 0.0, 0.0, 0.0, 0.0, 0.0]","[12.3, 15.3, 13.2, 16.3, 12.8, 17.1, 13.9]","[38.2, 38.7, 39.1, 39.6, 39.7, 40.5, 40.0]",2026-08-14T12:36:53.020937
HUB12-HUB12,2024-04-08,2024-04-14,"[0.0, 0.0, 0.0, 0.0, 13.5, 0.6, 0.3]","[13.7, 15.4, 13.4, 13.0, 17.7, 15.7, 15.8]","[40.1, 38.5, 37.8, 38.3, 35.1, 35.0, 35.8]",2026-08-14T12:36:53.021181
HUB12-HUB12,2024-04-15,2024-04-21,"[0.0, 0.0, 0.0, 0.0, 0.2, 0.0, 0.0]","[18.4, 13.3, 13.7, 24.5, 29.7, 25.9, 14.3]","[36.8, 37.0, 38.5, 40.3, 39.0, 39.1, 39.1]",2026-08-14T12:36:53.021427
HUB12-HUB12,2024-04-22,2024-04-28,"[0.0, 0.0, 0.0, 0.0, 0.0, 0.0, 0.0]","[15.7, 12.5, 13.2, 14.7, 13.7, 14.0, 13.0]","[39.5, 40.1, 40.1, 40.0, 40.0, 40.4, 40.1]",2026-08-14T12:36:53.021667
HUB12-HUB12,2024-04-29,2024-05-05,"[0.0, 0.0, 0.0, 0.0, 0.0, 2.4, 9.0]","[11.2, 23.9, 24.2, 17.9, 24.0, 17.1, 20.4]","[40.8, 40.0, 38.4, 40.5, 39.1, 38.3, 37.2]",2026-08-14T12:36:53.021909
HUB12-HUB12,2024-05-06,2024-05-12,"[0.9, 0.0, 0.1, 1.1, 12.0, 11.6, 11.8]","[25.1, 23.5, 15.8, 17.6, 15.3, 11.9, 13.8]","[38.2, 38.7, 39.2, 35.5, 34.5, 36.0, 32.9]",2026-08-14T12:36:53.022156
HUB12-HUB12,2024-05-13,2024-05-19,"[3.5, 19.6, 14.8, 6.6, 13.1, 1.6, 24.4]","[13.1, 14.1, 15.6, 19.7, 18.4, 16.0, 14.1]","[35.2, 29.6, 33.6, 30.6, 32.9, 32.4, 31.5]",2026-08-14T12:36:53.022401
HUB12-HUB12,2024-05-20,2024-05-26,"[6.1, 12.1, 24.2, 22.3, 38.9, 1.0, 3.3]","[15.1, 9.2, 12.5, 11.1, 16.5, 21.4, 23.8]","[26.4, 30.3, 28.1, 27.4, 27.4, 31.2, 31.7]",2026-08-14T12:36:53.022620
HUB12-HUB12,2024-05-27,2024-06-02,"[0.0, 0.0, 1.2, 0.2, 2.0, 6.3, 5.2]","[22.8, 27.3, 22.0, 21.7, 19.6, 25.0, 20.4]","[32.6, 31.4, 32.4, 32.5, 33.0, 32.8, 30.9]",2026-08-14T12:36:53.022840
HUB12-HUB12,2024-06-03,2024-06-09,"[2.2, 2.4, 1.1, 15.6, 6.6, 10.8, 0.4]","[14.7, 16.0, 19.5, 16.9, 26.6, 28.4, 28.0]","[30.9, 31.0, 30.8, 29.5, 30.5, 30.3, 30.0]",2026-08-14T12:36:53.023055
HUB12-HUB12,2024-06-10,2024-06-16,"[0.9, 0.2, 0.7, 1.0, 0.0, 0.2, 0.4]","[26.5, 25.5, 22.5, 23.6, 22.0, 23.4, 25.5]","[30.9, 31.2, 29.8, 31.5, 32.4, 33.4, 32.4]",2026-08-14T12:36:53.023274
HUB12-HUB12,2024-06-17,2024-06-23,"[1.3, 4.9, 5.3, 0.1, 0.7, 6.5, 18.8]","[24.7, 25.1, 27.1, 24.0, 23.7, 22.9, 24.4]","[32.3, 31.3, 31.8, 29.4, 29.6, 31.3, 28.2]",2026-08-14T12:36:53.023496
HUB12-HUB12,2024-06-24,2024-06-30,"[12.9, 7.8, 51.7, 10.0, 0.0, 0.0, 1.1]","[23.6, 24.0, 26.5, 23.0, 24.7, 21.1, 23.4]","[27.0, 26.6, 24.4, 25.3, 29.0, 30.0, 29.6]",2026-08-14T12:36:53.023710
HUB12-HUB12,2024-07-01,2024-07-07,"[1.0, 0.0, 4.0, 3.2, 5.1, 0.2, 1.1]","[21.7, 18.5, 19.2, 15.8, 22.7, 22.4, 21.5]","[29.2, 30.1, 30.1, 29.9, 29.4, 28.4, 30.7]",2026-08-14T12:36:53.024090
HUB12-HUB12,2024-07-08,2024-07-14,"[1.4, 2.5, 4.2, 0.6, 20.9, 1.1, 2.6]","[19.9, 20.2, 21.4, 19.2, 24.5, 23.3, 25.9]","[27.3, 29.5, 30.7, 30.5, 29.3, 29.0, 29.3]",2026-08-14T12:36:53.024492
HUB12-HUB12,2024-07-15,2024-07-21,"[8.1, 6.7, 5.6, 9.1, 1.0, 0.3, 0.6]","[25.0, 28.0, 25.1, 25.9, 24.5, 25.5, 29.2]","[27.2, 26.4, 26.7, 24.8, 25.6, 28.1, 28.9]",2026-08-14T12:36:53.024772
HUB12-HUB12,2024-07-22,2024-07-28,"[0.0, 0.2, 0.1, 2.2, 1.2, 0.3, 0.0]","[22.1, 24.7, 23.8, 26.4, 28.8, 21.5, 26.4]","[26.8, 29.8, 30.6, 27.8, 28.6, 30.9, 30.2]",2026-08-14T12:36:53.025021
HUB12-HUB12,2024-07-29,2024-08-04,"[6.6, 43.3, 11.9, 2.2, 0.1, 4.8, 2.8]","[28.3, 21.4, 22.6, 23.4, 21.6, 19.3, 14.5]","[27.1, 24.4, 28.9, 28.5, 29.5, 30.3, 29.5]",2026-08-14T12:36:53.025266
HUB12-HUB12,2024-08-05,2024-08-11,"[5.5, 1.9, 33.5, 4.7, 5.4, 5.8, 4.7]","[14.8, 16.3, 15.1, 17.8, 17.6, 15.5, 14.8]","[28.7, 28.7, 29.0, 27.6, 30.1, 28.5, 29.3]",2026-08-14T12:36:53.025495
HUB12-HUB12,2024-08-12,2024-08-18,"[2.4, 27.9, 2.2, 3.2, 3.7, 0.0, 0.0]","[11.6, 11.0, 19.4, 11.8, 19.9, 19.6, 14.3]","[31.5, 30.7, 30.4, 29.9, 29.9, 30.5, 30.5]",2026-08-14T12:36:53.025721
HUB12-HUB12,2024-08-19,2024-08-25,"[0.1, 1.5, 0.3, 0.0, 0.0, 0.6, 0.0]","[17.7, 16.3, 27.9, 23.0, 22.5, 28.0, 29.3]","[30.1, 29.7, 29.5, 28.6, 30.4, 29.0, 29.5]",2026-08-14T12:36:53.025952
HUB12-HUB12,2024-08-26,2024-09-01,"[0.2, 0.0, 1.1, 3.2, 0.9, 0.4, 2.5]","[29.8, 27.3, 21.6, 24.1, 24.8, 21.9, 22.9]","[29.2, 30.2, 29.6, 30.2, 29.6, 28.9, 30.1]",2026-08-14T12:36:53.026175
HUB12-HUB12,2024-09-02,2024-09-08,"[4.9, 2.1, 0.0, 0.8, 4.0, 1.4, 0.0]","[23.8, 25.4, 21.8, 22.2, 20.1, 22.8, 27.0]","[30.8, 30.5, 30.4, 32.0, 30.9, 31.6, 30.2]",2026-08-14T12:36:53.026398
HUB12-HUB12,2024-09-09,2024-09-15,"[0.5, 0.1, 0.0, 1.1, 0.2, 10.3, 5.3]","[27.8, 29.6, 28.3, 23.7, 23.5, 21.4, 20.6]","[30.2, 30.2, 30.5, 31.8, 32.9, 30.4, 32.0]",2026-08-14T12:36:53.026619
HUB12-HUB12,2024-09-16,2024-09-22,"[0.0, 6.8, 0.9, 3.0, 0.0, 2.4, 1.1]","[24.2, 20.4, 24.1, 21.0, 20.5, 20.0, 20.3]","[32.9, 31.3, 31.6, 31.9, 32.5, 31.6, 31.3]",2026-08-14T12:36:53.026843
HUB12-HUB12,2024-09-23,2024-09-29,"[5.2, 0.6, 0.0, 2.6, 3.5, 6.2, 9.4]","[23.1, 26.0, 24.1, 21.2, 17.2, 11.1, 12.9]","[31.6, 31.8, 32.4, 32.4, 32.1, 31.8, 32.7]",2026-08-14T12:36:53.027064
HUB12-HUB12,2024-09-30,2024-10-06,"[1.7, 0.1, 0.4, 1.2, 13.1, 15.5, 5.0]","[13.3, 14.6, 20.4, 17.2, 16.4, 10.5, 14.9]","[31.7, 33.5, 32.1, 32.2, 31.7, 28.2, 30.9]",2026-08-14T12:36:53.027285
HUB12-HUB12,2024-10-07,2024-10-13,"[37.6, 10.4, 2.4, 0.5, 6.2, 20.6, 7.3]","[9.6, 11.9, 14.3, 17.0, 17.3, 10.5, 12.2]","[31.4, 30.1, 30.1, 29.0, 29.5, 28.0, 26.9]",2026-08-14T12:36:53.027505
HUB12-HUB12,2024-10-14,2024-10-20,"[9.1, 18.9, 7.9, 1.6, 0.3, 1.4, 0.1]","[7.6, 11.0, 17.1, 19.4, 14.9, 8.8, 13.6]","[25.0, 26.5, 26.6, 29.6, 29.7, 27.4, 28.9]",2026-08-14T12:36:53.027721
HUB12-HUB12,2024-10-21,2024-10-27,"[6.2, 9.0, 2.4, 2.1, 20.5, 11.2, 0.0]","[11.2, 9.0, 14.5, 13.9, 14.3, 15.1, 13.4]","[28.8, 29.1, 29.4, 28.3, 30.1, 28.9, 30.0]",2026-08-14T12:36:53.027942
HUB12-HUB12,2024-10-28,2024-11-03,"[0.0, 0.7, 0.5, 5.8, 12.7, 33.9, 7.1]","[14.2, 14.1, 11.8, 10.4, 11.4, 14.6, 13.7]","[29.3, 29.7, 30.0, 31.4, 29.8, 29.4, 29.6]",2026-08-14T12:36:53.028165
HUB12-HUB12,2024-11-04,2024-11-10,"[14.0, 7.8, 0.1, 2.4, 0.5, 0.6, 0.0]","[12.7, 12.2, 10.7, 14.8, 15.4, 12.9, 14.7]","[28.7, 28.8, 30.1, 29.7, 29.9, 30.0, 29.9]",2026-08-14T12:36:53.028398
HUB12-HUB12,2024-11-11,2024-11-17,"[0.0, 0.6, 1.1, 12.3, 7.3, 13.5, 18.0]","[13.6, 12.9, 14.4, 12.9, 13.0, 16.5, 14.8]","[30.4, 31.0, 30.3, 28.9, 27.8, 26.8, 28.7]",2026-08-14T12:36:53.028616
HUB12-HUB12,2024-11-18,2024-11-24,"[0.5, 1.4, 0.5, 0.8, 0.0, 0.0, 0.0]","[18.3, 14.5, 13.4, 12.5, 13.3, 10.9, 12.6]","[27.9, 28.8, 26.3, 29.1, 29.0, 29.3, 30.8]",2026-08-14T12:36:53.028849
HUB12-HUB12,2024-11-25,2024-12-01,"[0.4, 20.1, 0.3, 0.0, 0.0, 0.2, 26.2]","[12.1, 15.1, 14.5, 12.2, 12.8, 11.7, 12.8]","[30.8, 30.1, 26.0, 30.0, 29.9, 28.7, 29.4]",2026-08-14T12:36:53.029070
HUB12-HUB12,2024-12-02,2024-12-08,"[1.1, 2.0, 0.9, 1.0, 0.2, 8.7, 0.1]","[18.2, 12.8, 14.9, 12.1, 10.5, 17.3, 13.8]","[27.2, 28.6, 28.9, 29.3, 30.2, 31.2, 31.1]",2026-08-14T12:36:53.029288
HUB12-HUB12,2024-12-09,2024-12-15,"[0.1, 1.9, 0.0, 14.0, 6.4, 2.8, 0.0]","[10.8, 15.1, 18.1, 18.5, 19.7, 14.5, 15.1]","[31.4, 32.0, 30.1, 25.4, 25.4, 25.9, 27.1]",2026-08-14T12:36:53.029510
HUB12-HUB12,2024-12-16,2024-12-22,"[0.0, 0.0, 0.0, 0.1, 0.0, 0.1, 0.5]","[14.5, 8.9, 10.0, 12.7, 13.5, 14.3, 10.9]","[27.7, 29.6, 30.4, 31.1, 31.4, 31.5, 31.0]",2026-08-14T12:36:53.029735
HUB12-HUB12,2024-12-23,2024-12-29,"[0.0, 0.0, 0.0, 3.2, 18.1, 1.3, 2.5]","[9.3, 13.3, 8.1, 16.7, 15.3, 13.9, 13.4]","[30.3, 30.8, 31.5, 31.6, 29.2, 28.0, 28.6]",2026-08-14T12:36:53.029954
HUB12-HUB12,2024-12-30,2025-01-05,"[3.5, 0.8, 0.0, 0.3, 0.0, 0.0, 0.0]","[18.1, 18.6, 16.1, 15.9, 17.0, 15.5, 13.1]","[28.5, 28.6, 28.7, 28.2, 28.5, 28.3, 29.0]",2026-08-14T12:36:53.030173
HUB12-HUB12,2025-01-06,2025-01-12,"[0.1, 0.0, 0.3, 0.0, 0.2, 0.0, 0.2]","[12.4, 12.6, 11.5, 15.3, 15.4, 13.7, 15.5]","[28.7, 29.6, 29.3, 27.8, 29.4, 30.0, 30.5]",2026-08-14T12:36:53.030388
HUB12-HUB12,2025-01-13,2025-01-19,"[17.7, 13.3, 1.5, 0.0, 0.0, 1.1, 13.9]","[16.1, 14.8, 16.7, 16.8, 16.7, 14.9, 14.8]","[30.4, 28.7, 27.1, 28.0, 27.7, 28.4, 27.1]",2026-08-14T12:36:53.030589
HUB12-HUB12,2025-01-20,2025-01-26,"[0.0, 0.0, 0.0, 0.3, 0.1, 0.0, 0.0]","[14.7, 14.7, 13.0, 13.2, 15.9, 14.2, 17.1]","[28.9, 28.4, 29.5, 29.2, 29.2, 30.6, 31.5]",2026-08-14T12:36:53.030790
HUB12-HUB12,2025-01-27,2025-02-02,"[0.0, 0.0, 0.0, 0.0, 0.6, 1.2, 0.0]","[14.2, 12.4, 13.1, 12.4, 14.9, 13.0, 13.4]","[30.3, 30.0, 30.8, 31.3, 32.5, 33.1, 33.3]",2026-08-14T12:36:53.030995
HUB12-HUB12,2025-02-03,2025-02-09,"[0.1, 0.0, 0.0, 0.0, 0.0, 0.0, 0.0]","[14.0, 13.8, 15.2, 18.3, 16.8, 19.6, 18.2]","[32.8, 33.2, 32.7, 32.2, 32.3, 32.1, 32.2]",2026-08-14T12:36:53.031196
HUB12-HUB12,2025-02-10,2025-02-16,"[0.0, 0.0, 0.0, 0.0, 0.0, 0.0, 0.0]","[12.7, 12.0, 14.3, 15.9, 15.0, 15.9, 13.9]","[31.9, 32.2, 33.9, 34.3, 34.6, 34.4, 34.2]",2026-08-14T12:36:53.031395
HUB12-HUB12,2025-02-17,2025-02-23,"[0.0, 0.0, 0.0, 0.0, 0.0, 0.0, 0.0]","[15.0, 14.9, 13.7, 14.5, 15.2, 16.6, 20.2]","[33.7, 33.1, 34.2, 34.3, 34.6, 34.1, 34.9]",2026-08-14T12:36:53.031598
HUB12-HUB12,2025-02-24,2025-03-02,"[0.0, 0.0, 0.0, 0.0, 0.8, 3.5, 2.4]","[19.2, 16.4, 20.0, 16.7, 18.4, 17.9, 18.1]","[34.4, 34.0, 34.1, 34.4, 34.1, 32.9, 31.5]",2026-08-14T12:36:53.031802
HUB12-HUB12,2025-03-03,2025-03-09,"[2.4, 0.0, 0.0, 0.0, 0.0, 0.0, 0.0]","[12.5, 15.0, 14.8, 14.6, 12.0, 12.2, 15.2]","[33.2, 35.4, 36.4, 36.2, 36.1, 35.9, 35.9]",2026-08-14T12:36:53.032002
HUB12-HUB12,2025-03-10,2025-03-16,"[0.0, 17.2, 16.1, 0.0, 0.0, 0.0, 4.8]","[15.8, 19.8, 16.3, 9.9, 12.5, 13.0, 15.7]","[34.2, 31.9, 31.1, 32.5, 33.7, 34.2, 34.9]",2026-08-14T12:36:53.032200
HUB12-HUB12,2025-03-17,2025-03-23,"[0.6, 0.2, 0.0, 0.0, 3.2, 12.6, 18.7]","[9.2, 11.4, 12.9, 14.4, 17.6, 11.9, 13.9]","[34.1, 34.4, 34.7, 35.3, 35.0, 33.0, 32.2]",2026-08-14T12:36:53.032403
HUB12-HUB12,2025-03-24,2025-03-30,"[0.4, 0.0, 0.0, 0.1, 0.0, 0.0, 0.0]","[12.4, 8.8, 11.5, 16.0, 14.9, 19.7, 14.6]","[32.7, 33.7, 34.0, 34.6, 37.2, 38.3, 37.2]",2026-08-14T12:36:53.032601
HUB12-HUB12,2025-03-31,2025-04-06,"[0.0, 0.6, 1.4, 6.3, 4.1, 0.8, 9.3]","[13.5, 13.1, 15.2, 12.8, 15.1, 16.5, 14.5]","[37.6, 35.3, 33.8, 32.3, 32.9, 32.7, 34.9]",2026-08-14T12:36:53.032802
HUB12-HUB12,2025-04-07,2025-04-13,"[0.2, 0.0, 0.0, 0.5, 4.1, 2.3, 0.0]","[15.1, 13.3, 15.5, 22.4, 18.9, 15.7, 10.1]","[36.7, 37.0, 37.0, 34.2, 35.0, 32.7, 34.0]",2026-08-14T12:36:53.033004
HUB12-HUB12,2025-04-14,2025-04-20,"[1.3, 0.1, 0.1, 0.5, 0.9, 2.4, 0.7]","[20.0, 11.1, 15.1, 15.7, 21.8, 14.0, 18.8]","[36.0, 35.9, 36.1, 36.4, 36.4, 35.5, 36.7]",2026-08-14T12:36:53.033205
HUB12-HUB12,2025-04-21,2025-04-27,"[0.3, 0.0, 0.2, 0.1, 0.3, 0.0, 0.0]","[12.3, 14.3, 20.7, 18.3, 24.1, 13.0, 20.7]","[36.5, 36.7, 35.9, 36.9, 37.6, 36.9, 37.1]",2026-08-14T12:36:53.033403
HUB12-HUB12,2025-04-28,2025-05-04,"[1.0, 0.7, 0.0, 0.5, 1.9, 0.8, 0.1]","[14.3, 17.8, 20.7, 16.2, 15.7, 17.2, 14.3]","[35.8, 36.3, 37.0, 36.8, 37.2, 35.5, 37.2]",2026-08-14T12:36:53.033602
HUB12-HUB12,2025-05-05,2025-05-11,"[0.5, 1.1, 0.0, 0.0, 0.0, 0.0, 0.0]","[17.8, 16.2, 18.8, 15.4, 18.5, 19.2, 21.2]","[36.7, 36.2, 35.7, 35.0, 35.6, 34.3, 35.4]",2026-08-14T12:36:53.033804
HUB12-HUB12,2025-05-12,2025-05-18,"[0.2, 1.4, 0.2, 0.2, 0.1, 1.0, 6.8]","[18.7, 15.9, 16.3, 15.0, 15.9, 15.5, 13.3]","[34.4, 34.4, 35.8, 34.1, 34.1, 31.5, 31.4]",2026-08-14T12:36:53.034005
HUB12-HUB12,2025-05-19,2025-05-25,"[7.6, 0.0, 0.0, 0.0, 9.1, 18.9, 21.5]","[16.0, 23.4, 22.4, 21.6, 24.4, 24.4, 28.5]","[31.5, 31.2, 31.9, 33.5, 31.1, 25.3, 25.7]",2026-08-14T12:36:53.034204
HUB12-HUB12,2025-05-26,2025-06-01,"[25.9, 6.1, 5.6, 6.1, 29.6, 0.1, 0.2]","[27.8, 27.3, 24.5, 24.3, 20.9, 21.0, 18.2]","[25.8, 25.9, 28.0, 24.8, 26.2, 28.3, 31.3]",2026-08-14T12:36:53.034405
HUB12-HUB12,2025-06-02,2025-06-08,"[0.0, 0.1, 7.6, 0.3, 0.1, 0.0, 0.7]","[23.4, 20.9, 19.3, 15.5, 17.2, 19.2, 17.4]","[29.9, 29.6, 29.5, 30.0, 31.7, 31.8, 31.4]",2026-08-14T12:36:53.034606
HUB12-HUB12,2025-06-09,2025-06-15,"[9.4, 15.7, 10.6, 0.3, 4.2, 6.6, 22.6]","[15.5, 18.6, 20.2, 24.1, 24.2, 24.5, 26.9]","[30.8, 30.1, 30.1, 28.4, 27.0, 25.6, 24.4]",2026-08-14T12:36:53.034804
HUB12-HUB12,2025-06-16,2025-06-22,"[7.3, 1.0, 0.0, 0.0, 0.0, 0.4, 0.0]","[25.4, 22.1, 22.6, 22.3, 19.3, 21.3, 25.5]","[24.7, 27.2, 29.0, 29.0, 30.0, 29.4, 29.2]",2026-08-14T12:36:53.035002
HUB12-HUB12,2025-06-23,2025-06-29,"[0.0, 0.3, 0.3, 0.8, 0.9, 0.5, 0.0]","[22.1, 26.0, 24.8, 24.5, 17.4, 21.8, 23.8]","[27.0, 29.0, 28.9, 29.1, 27.7, 29.4, 29.9]",2026-08-14T12:36:53.035203
HUB12-HUB12,2025-06-30,2025-07-06,"[0.0, 0.0, 3.0, 0.0, 0.0, 0.1, 0.0]","[22.0, 19.7, 22.4, 21.2, 23.3, 25.7, 25.6]","[30.9, 28.4, 30.3, 29.0, 30.8, 30.2, 30.3]",2026-08-14T12:36:53.035401
HUB12-HUB12,2025-07-07,2025-07-13,"[0.0, 0.2, 3.6, 14.9, 3.4, 0.0, 0.1]","[24.4, 24.0, 19.4, 16.6, 21.2, 19.7, 20.0]","[30.4, 31.9, 31.5, 31.1, 29.2, 30.1, 30.1]",2026-08-14T12:36:53.035600
HUB12-HUB12,2025-07-14,2025-07-20,"[2.1, 0.0, 22.9, 17.9, 4.0, 5.1, 3.2]","[26.4, 21.4, 20.8, 18.5, 18.1, 19.7, 18.6]","[29.4, 29.3, 28.6, 28.5, 25.8, 27.0, 27.2]",2026-08-14T12:36:53.035802
HUB12-HUB12,2025-07-21,2025-07-27,"[6.2, 1.8, 5.1, 0.2, 0.6, 4.6, 0.2]","[19.2, 21.3, 23.9, 21.2, 22.3, 24.2, 21.7]","[25.0, 25.6, 24.5, 26.3, 26.7, 27.0, 26.9]",2026-08-14T12:36:53.036002
HUB12-HUB12,2025-07-28,2025-08-03,"[3.8, 0.3, 2.1, 4.3, 3.7, 7.1, 7.6]","[15.8, 19.3, 18.2, 19.4, 17.4, 14.3, 16.5]","[30.5, 31.6, 30.7, 30.6, 30.3, 29.3, 28.1]",2026-08-14T12:36:53.036200
HUB12-HUB12,2025-08-04,2025-08-10,"[1.2, 0.8, 2.0, 0.0, 1.2, 2.0, 13.4]","[15.8, 16.8, 18.6, 19.4, 20.0, 17.2, 16.3]","[29.5, 29.1, 30.4, 30.8, 30.9, 29.9, 28.9]",2026-08-14T12:36:53.036387
HUB12-HUB12,2025-08-11,2025-08-17,"[11.8, 5.5, 0.6, 0.5, 1.8, 0.0, 3.5]","[19.1, 18.4, 19.1, 24.0, 24.7, 22.7, 21.8]","[29.4, 29.3, 25.8, 29.2, 29.0, 29.2, 26.5]",2026-08-14T12:36:53.036573
HUB12-HUB12,2025-08-18,2025-08-24,"[0.9, 0.0, 0.1, 1.4, 1.6, 0.2, 5.2]","[24.6, 24.2, 24.1, 17.2, 15.0, 17.5, 17.2]","[28.8, 29.5, 30.6, 32.4, 31.5, 30.4, 31.3]",2026-08-14T12:36:53.036758
HUB12-HUB12,2025-08-25,2025-08-31,"[0.0, 0.7, 1.8, 20.1, 3.3, 1.3, 0.7]","[18.6, 22.2, 25.7, 22.6, 22.3, 20.8, 19.0]","[32.4, 31.2, 29.0, 25.3, 28.4, 29.6, 29.0]",2026-08-14T12:36:53.036942
HUB12-HUB12,2025-09-01,2025-09-07,"[12.7, 5.3, 1.5, 2.9, 26.0, 9.3, 5.2]","[16.4, 19.9, 17.9, 17.8, 19.2, 17.7, 15.1]","[29.6, 30.0, 28.0, 27.0, 29.7, 30.6, 31.2]",2026-08-14T12:36:53.037131
HUB12-HUB12,2025-09-08,2025-09-14,"[0.3, 0.0, 4.5, 9.5, 0.3, 0.1, 0.8]","[15.9, 14.4, 14.7, 17.3, 16.9, 21.0, 18.0]","[31.3, 31.6, 30.2, 30.2, 30.5, 31.5, 31.0]",2026-08-14T12:36:53.037317
HUB12-HUB12,2025-09-15,2025-09-21,"[3.0, 9.2, 20.0, 6.9, 6.7, 20.1, 18.8]","[18.2, 19.5, 17.4, 18.5, 16.6, 13.0, 18.0]","[30.6, 31.0, 28.9, 29.6, 30.0, 29.4, 29.3]",2026-08-14T12:36:53.037503
HUB12-HUB12,2025-09-22,2025-09-28,"[0.0, 1.5, 3.4, 6.8, 0.0, 0.0, 0.4]","[19.7, 21.6, 22.2, 20.2, 27.6, 23.3, 25.8]","[30.0, 29.4, 30.3, 29.3, 29.4, 27.2, 29.0]",2026-08-14T12:36:53.037693
HUB12-HUB12,2025-09-29,2025-10-05,"[0.0, 0.0, 0.8, 3.8, 5.3, 14.4, 3.3]","[25.7, 24.8, 21.2, 16.4, 15.7, 10.3, 17.0]","[30.0, 30.7, 31.3, 31.1, 33.0, 29.8, 31.4]",2026-08-14T12:36:53.037880
HUB12-HUB12,2025-10-06,2025-10-12,"[1.2, 0.0, 2.3, 1.2, 2.2, 12.4, 11.7]","[15.0, 16.5, 16.3, 16.0, 15.5, 9.2, 15.1]","[31.8, 31.1, 32.6, 31.9, 32.7, 31.2, 32.9]",2026-08-14T12:36:53.038066
HUB12-HUB12,2025-10-13,2025-10-19,"[7.3, 38.8, 8.8, 8.3, 32.7, 23.7, 16.9]","[10.1, 14.9, 12.7, 17.3, 16.1, 13.5, 11.4]","[32.4, 31.9, 29.4, 27.7, 28.8, 29.7, 29.8]",2026-08-14T12:36:53.038254
HUB12-HUB12,2025-10-20,2025-10-26,"[10.6, 8.9, 3.6, 1.7, 1.1, 0.2, 0.7]","[12.1, 8.7, 13.8, 19.3, 15.8, 16.2, 13.6]","[29.0, 25.6, 27.4, 28.4, 26.5, 29.9, 29.8]",2026-08-14T12:36:53.038442
HUB12-HUB12,2025-10-27,2025-11-02,"[6.4, 1.1, 1.0, 0.3, 0.0, 0.0, 0.0]","[16.7, 22.2, 21.1, 20.6, 16.5, 16.9, 16.1]","[25.8, 26.5, 29.0, 31.1, 31.7, 32.4, 31.6]",2026-08-14T12:36:53.038626
HUB12-HUB12,2025-11-03,2025-11-09,"[0.0, 0.0, 0.8, 0.0, 0.0, 2.1, 1.1]","[16.1, 15.9, 12.2, 13.4, 15.5, 13.4, 12.5]","[31.8, 30.9, 32.7, 29.2, 32.2, 30.9, 31.6]",2026-08-14T12:36:53.038812
HUB12-HUB12,2025-11-10,2025-11-16,"[0.3, 2.5, 3.2, 2.3, 5.7, 0.0, 0.0]","[10.9, 10.7, 10.1, 10.5, 13.5, 10.3, 11.5]","[31.6, 31.2, 30.4, 29.9, 28.7, 29.4, 30.0]",2026-08-14T12:36:53.038999
HUB12-HUB12,2025-11-17,2025-11-23,"[0.6, 5.4, 2.2, 1.2, 5.8, 21.0, 16.8]","[12.6, 18.8, 13.0, 11.1, 13.8, 15.8, 18.7]","[29.2, 27.2, 28.9, 30.0, 30.2, 27.7, 27.0]",2026-08-14T12:36:53.039183
HUB12-HUB12,2025-11-24,2025-11-30,"[7.9, 1.7, 0.0, 0.0, 0.3, 2.7, 6.9]","[17.1, 16.4, 13.5, 17.7, 14.8, 10.0, 11.6]","[24.0, 28.2, 28.5, 26.6, 26.7, 25.1, 27.8]",2026-08-14T12:36:53.039368
HUB12-HUB12,2025-12-01,2025-12-07,"[4.4, 0.2, 6.3, 1.6, 6.2, 0.5, 0.2]","[7.6, 8.6, 10.6, 14.1, 20.1, 17.5, 12.4]","[29.2, 30.1, 26.7, 27.7, 27.5, 27.6, 28.6]",2026-08-14T12:36:53.039551
HUB12-HUB12,2025-12-08,2025-12-14,"[0.0, 0.1, 0.3, 0.0, 0.0, 0.0, 0.0]","[13.7, 11.8, 15.9, 15.7, 12.1, 12.5, 12.5]","[29.7, 29.6, 30.8, 30.1, 31.1, 31.3, 30.0]",2026-08-14T12:36:53.039738
HUB12-HUB12,2025-12-15,2025-12-21,"[0.0, 4.6, 3.3, 0.0, 0.0, 0.0, 0.0]","[13.4, 20.8, 19.4, 16.2, 14.6, 11.5, 12.6]","[30.0, 29.4, 29.6, 29.5, 28.4, 27.7, 28.0]",2026-08-14T12:36:53.039923
HUB12-HUB12,2025-12-22,2025-12-28,"[0.0, 0.0, 0.2, 0.0, 0.1, 1.5, 0.1]","[13.8, 11.5, 10.9, 11.3, 14.9, 14.4, 11.1]","[27.8, 29.6, 29.5, 29.4, 28.7, 28.3, 29.2]",2026-08-14T12:36:53.040109
HUB12-HUB12,2025-12-29,2026-01-04,"[0.0, 0.0, 0.1, 8.3, 18.0, 2.8, 1.2]","[11.3, 8.4, 15.3, 14.2, 9.4, 13.6, 17.7]","[29.2, 31.1, 30.6, 29.9, 27.3, 28.2, 27.9]",2026-08-14T12:36:53.040295
HUB12-HUB12,2026-01-05,2026-01-11,"[0.0, 0.2, 0.2, 0.0, 0.0, 0.0, 6.1]","[15.3, 16.9, 17.6, 16.9, 15.4, 16.2, 15.5]","[28.0, 27.2, 28.7, 27.2, 29.3, 29.4, 24.5]",2026-08-14T12:36:53.040485
HUB12-HUB12,2026-01-12,2026-01-18,"[2.0, 7.2, 0.0, 0.0, 1.2, 0.0, 0.0]","[16.4, 17.8, 11.0, 14.1, 15.6, 13.4, 9.9]","[28.0, 25.1, 28.5, 29.2, 28.9, 28.5, 29.7]",2026-08-14T12:36:53.040785
HUB12-HUB12,2026-01-19,2026-01-25,"[0.0, 0.0, 0.0, 0.0, 0.0, 0.0, 0.0]","[8.8, 12.2, 12.6, 13.9, 13.3, 17.5, 15.6]","[30.1, 30.0, 29.1, 28.6, 29.5, 30.6, 28.0]",2026-08-14T12:36:53.041051
HUB12-HUB12,2026-01-26,2026-01-31,"[1.9, 0.8, 0.0, 0.2, 0.0, 0.0]","[15.8, 13.7, 14.9, 14.7, 13.9, 12.8]","[26.3, 30.1, 30.5, 30.0, 30.5, 30.7]",2026-08-14T12:36:53.041255
HUB13-HUB13,2023-01-01,2023-01-01,[0.0],[16.0],[27.5],2026-08-14T12:36:59.637265
HUB13-HUB13,2023-01-02,2023-01-08,"[0.0, 0.0, 0.0, 0.1, 0.0, 0.0, 0.0]","[16.2, 14.1, 17.0, 20.4, 22.9, 18.1, 15.0]","[26.7, 26.5, 26.4, 25.1, 26.8, 26.6, 26.7]",2026-08-14T12:36:59.637517
HUB13-HUB13,2023-01-09,2023-01-15,"[0.0, 0.0, 0.0, 0.0, 0.0, 0.0, 0.0]","[14.4, 17.1, 14.7, 13.5, 14.1, 13.9, 14.2]","[26.1, 26.6, 27.2, 28.2, 28.4, 29.0, 28.4]",2026-08-14T12:36:59.637746
HUB13-HUB13,2023-01-16,2023-01-22,"[0.0, 0.0, 0.0, 0.0, 0.0, 0.0, 0.0]","[17.0, 16.0, 14.8, 14.2, 16.7, 16.6, 17.9]","[29.0, 28.6, 27.5, 27.1, 26.5, 26.6, 26.7]",2026-08-14T12:36:59.637965
HUB13-HUB13,2023-01-23,2023-01-29,"[0.0, 0.0, 0.0, 0.0, 0.0, 0.0, 0.0]","[16.6, 17.6, 16.7, 16.5, 14.4, 16.6, 22.8]","[27.4, 27.9, 27.8, 27.8, 28.3, 27.9, 27.7]",2026-08-14T12:36:59.638176
HUB13-HUB13,2023-01-30,2023-02-05,"[2.3, 0.0, 0.0, 0.0, 0.0, 0.0, 0.0]","[15.0, 19.7, 20.5, 26.0, 23.2, 20.6, 16.4]","[27.2, 29.1, 28.4, 29.0, 26.6, 29.2, 30.1]",2026-08-14T12:36:59.638385
HUB13-HUB13,2023-02-06,2023-02-12,"[0.0, 0.0, 0.0, 0.0, 0.0, 0.0, 0.0]","[15.5, 10.5, 15.9, 15.9, 18.2, 15.6, 17.7]","[29.4, 29.7, 30.9, 30.3, 30.2, 30.3, 31.0]",2026-08-14T12:36:59.638597
HUB13-HUB13,2023-02-13,2023-02-19,"[0.0, 0.0, 0.0, 0.0, 0.0, 0.0, 0.0]","[21.1, 14.0, 16.9, 19.5, 18.1, 13.9, 13.8]","[30.5, 30.5, 30.6, 30.5, 30.4, 30.2, 29.9]",2026-08-14T12:36:59.638806
HUB13-HUB13,2023-02-20,2023-02-26,"[0.0, 0.0, 0.0, 0.0, 0.0, 0.0, 0.0]","[14.5, 16.6, 15.7, 20.3, 16.9, 21.1, 21.3]","[30.0, 31.1, 31.1, 31.0, 31.4, 31.7, 30.5]",2026-08-14T12:36:59.639013
HUB13-HUB13,2023-02-27,2023-03-05,"[0.0, 0.0, 0.0, 0.0, 0.0, 0.0, 0.0]","[21.0, 22.0, 20.4, 24.2, 26.8, 25.9, 21.1]","[29.9, 30.7, 30.0, 30.1, 31.0, 31.0, 31.3]",2026-08-14T12:36:59.639370
HUB13-HUB13,2023-03-06,2023-03-12,"[0.0, 0.0, 0.0, 0.0, 0.0, 0.0, 0.0]","[23.1, 23.4, 22.1, 20.2, 19.8, 22.1, 19.2]","[31.2, 31.0, 30.8, 30.5, 30.4, 31.4, 31.2]",2026-08-14T12:36:59.639635
HUB13-HUB13,2023-03-13,2023-03-19,"[0.0, 0.0, 0.0, 1.2, 3.9, 12.4, 6.7]","[16.6, 18.5, 17.1, 12.6, 20.3, 16.7, 17.3]","[31.8, 32.7, 32.6, 30.7, 29.4, 30.0, 30.4]",2026-08-14T12:36:59.639869
HUB13-HUB13,2023-03-20,2023-03-26,"[0.0, 0.0, 0.0, 0.0, 0.0, 1.3, 0.4]","[21.6, 11.9, 10.8, 11.4, 14.1, 14.4, 10.7]","[31.4, 31.4, 31.7, 33.6, 33.0, 30.8, 31.0]",2026-08-14T12:36:59.640089
HUB13-HUB13,2023-03-27,2023-04-02,"[0.0, 0.0, 5.7, 0.6, 0.2, 1.5, 0.0]","[18.4, 12.9, 12.2, 18.7, 13.7, 15.0, 12.3]","[35.5, 34.7, 32.3, 32.2, 31.4, 29.7, 33.8]",2026-08-14T12:36:59.640306
HUB13-HUB13,2023-04-03,2023-04-09,"[0.0, 0.6, 0.0, 0.2, 0.0, 0.0, 0.0]","[15.6, 16.3, 14.0, 14.4, 16.8, 19.9, 13.6]","[32.9, 31.1, 32.5, 31.2, 32.1, 32.2, 32.4]",2026-08-14T12:36:59.640742
HUB13-HUB13,2023-04-10,2023-04-16,"[0.0, 0.0, 0.0, 0.0, 0.0, 0.0, 0.0]","[21.1, 14.6, 19.2, 20.5, 21.7, 18.8, 15.0]","[32.9, 33.6, 34.7, 35.1, 35.2, 34.0, 34.3]",2026-08-14T12:36:59.641196
HUB13-HUB13,2023-04-17,2023-04-23,"[0.0, 0.0, 0.0, 0.0, 0.0, 0.0, 0.0]","[17.1, 17.0, 15.8, 10.4, 8.8, 10.1, 13.4]","[34.6, 34.9, 35.5, 34.9, 33.9, 33.4, 33.3]",2026-08-14T12:36:59.641421
HUB13-HUB13,2023-04-24,2023-04-30,"[0.1, 2.1, 0.8, 0.1, 0.3, 4.5, 17.8]","[17.6, 15.8, 14.4, 16.4, 16.6, 18.2, 11.4]","[33.8, 32.1, 33.2, 33.7, 32.8, 31.8, 31.9]",2026-08-14T12:36:59.641640
HUB13-HUB13,2023-05-01,2023-05-07,"[3.8, 2.5, 5.2, 1.0, 0.7, 8.7, 4.1]","[13.7, 10.2, 14.6, 18.4, 11.4, 11.5, 14.8]","[29.5, 29.6, 27.0, 28.6, 27.7, 29.8, 26.1]",2026-08-14T12:36:59.641859
HUB13-HUB13,2023-05-08,2023-05-14,"[19.8, 9.6, 0.0, 6.7, 0.2, 2.1, 0.0]","[9.6, 13.1, 11.8, 12.0, 15.1, 18.1, 19.2]","[29.3, 31.0, 32.0, 32.6, 31.8, 30.9, 32.4]",2026-08-14T12:36:59.642072
HUB13-HUB13,2023-05-15,2023-05-21,"[0.0, 0.0, 0.0, 0.1, 0.0, 0.1, 7.3]","[16.7, 11.9, 11.0, 12.3, 19.3, 14.0, 13.1]","[33.0, 33.0, 32.6, 34.2, 34.2, 33.3, 31.6]",2026-08-14T12:36:59.642276
HUB13-HUB13,2023-05-22,2023-05-28,"[1.6, 1.0, 6.6, 1.4, 0.0, 0.5, 0.0]","[11.4, 11.3, 14.5, 18.2, 15.9, 12.9, 11.5]","[31.6, 32.4, 31.8, 31.3, 31.3, 31.4, 32.3]",2026-08-14T12:36:59.642476
HUB13-HUB13,2023-05-29,2023-06-04,"[1.8, 36.6, 20.3, 3.1, 0.0, 0.4, 0.0]","[13.6, 16.5, 9.9, 10.9, 18.3, 16.9, 18.4]","[32.6, 30.0, 30.6, 31.0, 30.3, 31.6, 30.0]",2026-08-14T12:36:59.642671
HUB13-HUB13,2023-06-05,2023-06-11,"[0.1, 0.3, 0.0, 0.0, 5.5, 0.7, 0.2]","[16.7, 19.1, 16.5, 17.3, 20.3, 25.9, 23.1]","[30.8, 31.3, 31.6, 31.6, 31.4, 30.8, 30.8]",2026-08-14T12:36:59.642872
HUB13-HUB13,2023-06-12,2023-06-18,"[13.0, 1.8, 1.1, 0.0, 0.0, 0.2, 1.0]","[19.0, 19.1, 21.0, 17.7, 19.5, 17.8, 22.2]","[30.5, 30.8, 30.7, 31.6, 32.0, 31.4, 30.8]",2026-08-14T12:36:59.643063
HUB13-HUB13,2023-06-19,2023-06-25,"[2.4, 18.5, 13.6, 3.7, 0.5, 3.6, 0.9]","[18.1, 14.8, 12.5, 17.9, 18.6, 23.4, 19.8]","[28.4, 26.3, 29.4, 29.1, 28.9, 28.1, 29.1]",2026-08-14T12:36:59.643259
HUB13-HUB13,2023-06-26,2023-07-02,"[0.2, 2.3, 2.4, 9.1, 1.7, 0.7, 4.7]","[22.0, 23.7, 23.7, 27.0, 24.6, 19.4, 22.0]","[28.7, 28.8, 28.9, 28.7, 29.8, 29.3, 28.9]",2026-08-14T12:36:59.643456
HUB13-HUB13,2023-07-03,2023-07-09,"[8.3, 14.9, 12.3, 15.3, 4.9, 1.8, 4.6]","[23.6, 26.8, 31.5, 26.9, 28.0, 24.7, 20.5]","[28.9, 26.4, 26.5, 25.2, 26.7, 26.9, 27.9]",2026-08-14T12:36:59.643657
HUB13-HUB13,2023-07-10,2023-07-16,"[4.3, 0.7, 1.7, 6.2, 2.4, 0.6, 1.3]","[18.7, 18.4, 17.6, 21.1, 22.7, 23.6, 18.6]","[26.4, 26.0, 28.0, 25.4, 27.5, 28.1, 27.7]",2026-08-14T12:36:59.643856
HUB13-HUB13,2023-07-17,2023-07-23,"[2.5, 0.8, 1.1, 1.6, 2.3, 8.4, 9.7]","[23.2, 31.0, 32.4, 39.3, 34.6, 31.4, 31.4]","[27.5, 27.9, 26.6, 27.2, 27.6, 25.6, 26.0]",2026-08-14T12:36:59.644054
HUB13-HUB13,2023-07-24,2023-07-30,"[12.7, 13.5, 19.3, 2.3, 1.5, 1.0, 0.7]","[30.0, 25.8, 25.6, 28.2, 29.3, 28.2, 26.8]","[25.7, 23.4, 23.2, 27.1, 28.2, 27.8, 28.0]",2026-08-14T12:36:59.644254
HUB13-HUB13,2023-07-31,2023-08-06,"[1.3, 0.4, 0.0, 1.0, 1.1, 1.2, 0.3]","[23.5, 27.2, 29.5, 28.8, 26.7, 23.5, 17.1]","[28.7, 28.2, 28.0, 28.0, 28.6, 28.7, 28.8]",2026-08-14T12:36:59.644453
HUB13-HUB13,2023-08-07,2023-08-13,"[0.9, 0.6, 1.1, 0.5, 0.6, 0.3, 0.1]","[18.5, 17.5, 15.0, 13.7, 15.0, 18.2, 15.8]","[29.0, 28.9, 29.1, 28.7, 28.4, 29.7, 29.3]",2026-08-14T12:36:59.644651
HUB13-HUB13,2023-08-14,2023-08-20,"[0.4, 0.5, 0.0, 0.6, 1.1, 7.3, 0.8]","[15.0, 14.5, 15.5, 20.6, 23.0, 25.2, 19.3]","[29.2, 29.4, 30.8, 30.7, 30.1, 28.9, 30.0]",2026-08-14T12:36:59.644847
HUB13-HUB13,2023-08-21,2023-08-27,"[0.0, 0.8, 0.0, 0.0, 0.0, 3.8, 0.1]","[15.8, 12.1, 11.7, 13.4, 13.9, 16.2, 11.9]","[30.5, 30.7, 30.6, 30.5, 31.0, 31.0, 30.6]",2026-08-14T12:36:59.645046
HUB13-HUB13,2023-08-28,2023-09-03,"[0.0, 0.7, 12.5, 8.8, 9.2, 11.8, 0.0]","[15.2, 16.1, 15.5, 10.4, 13.7, 19.6, 15.8]","[31.4, 31.0, 31.4, 28.8, 30.2, 29.2, 28.3]",2026-08-14T12:36:59.645240
HUB13-HUB13,2023-09-04,2023-09-10,"[1.2, 1.5, 1.3, 4.7, 2.1, 1.1, 2.0]","[26.6, 20.2, 19.9, 19.5, 23.9, 21.7, 23.4]","[26.9, 25.8, 28.2, 28.7, 28.1, 29.0, 28.6]",2026-08-14T12:36:59.645435
HUB13-HUB13,2023-09-11,2023-09-17,"[1.6, 2.5, 4.1, 0.6, 3.5, 5.8, 7.5]","[20.4, 22.5, 21.7, 19.9, 22.3, 25.4, 18.8]","[27.6, 28.8, 28.9, 28.8, 28.8, 28.6, 26.8]",2026-08-14T12:36:59.645637
HUB13-HUB13,2023-09-18,2023-09-24,"[4.8, 1.0, 0.3, 0.2, 6.2, 6.5, 7.5]","[25.8, 17.3, 17.8, 11.7, 16.3, 12.8, 18.4]","[28.8, 28.7, 28.7, 27.0, 28.6, 29.0, 27.1]",2026-08-14T12:36:59.645829
HUB13-HUB13,2023-09-25,2023-10-01,"[1.1, 1.8, 11.5, 9.4, 5.7, 2.7, 1.1]","[19.6, 14.9, 18.4, 19.7, 24.0, 25.7, 26.6]","[26.9, 28.4, 27.9, 27.1, 27.5, 28.2, 27.5]",2026-08-14T12:36:59.646017
HUB13-HUB13,2023-10-02,2023-10-08,"[0.3, 0.1, 0.4, 2.2, 1.5, 0.8, 14.4]","[23.1, 13.6, 10.3, 13.0, 9.7, 11.2, 12.0]","[28.1, 28.2, 28.2, 27.5, 29.5, 29.3, 29.7]",2026-08-14T12:36:59.646209
HUB13-HUB13,2023-10-09,2023-10-15,"[19.3, 1.9, 1.0, 0.3, 0.0, 0.0, 0.0]","[12.2, 9.2, 10.0, 13.7, 14.5, 12.6, 14.4]","[27.8, 28.7, 29.2, 30.0, 29.4, 29.2, 30.7]",2026-08-14T12:36:59.646395
HUB13-HUB13,2023-10-16,2023-10-22,"[0.4, 0.3, 0.0, 0.0, 0.0, 0.0, 0.0]","[19.1, 15.5, 16.7, 16.9, 17.4, 20.0, 13.8]","[30.0, 30.0, 30.4, 30.8, 31.1, 31.4, 31.6]",2026-08-14T12:36:59.646582
HUB13-HUB13,2023-10-23,2023-10-29,"[0.0, 0.0, 0.0, 0.0, 0.0, 0.0, 6.1]","[13.7, 11.5, 14.5, 13.8, 15.4, 15.9, 17.0]","[30.4, 29.9, 30.0, 30.0, 30.7, 30.9, 29.5]",2026-08-14T12:36:59.646771
HUB13-HUB13,2023-10-30,2023-11-05,"[4.1, 1.4, 1.3, 0.6, 2.0, 4.8, 22.6]","[18.5, 16.9, 13.7, 17.8, 17.8, 19.0, 13.1]","[28.7, 28.8, 29.4, 29.6, 30.0, 28.0, 27.8]",2026-08-14T12:36:59.646961
HUB13-HUB13,2023-11-06,2023-11-12,"[26.6, 9.2, 13.2, 6.4, 0.9, 0.0, 0.0]","[9.4, 16.3, 13.6, 17.3, 18.4, 18.5, 21.3]","[27.8, 27.1, 27.4, 27.2, 27.3, 28.1, 27.6]",2026-08-14T12:36:59.647146
HUB13-HUB13,2023-11-13,2023-11-19,"[0.0, 0.7, 1.0, 0.0, 0.0, 0.0, 0.0]","[21.4, 19.1, 15.6, 15.0, 15.7, 16.2, 19.4]","[27.2, 24.1, 27.4, 28.8, 29.7, 29.4, 29.2]",2026-08-14T12:36:59.647334
HUB13-HUB13,2023-11-20,2023-11-26,"[0.1, 3.5, 1.7, 5.4, 3.7, 1.5, 0.6]","[18.9, 19.7, 14.0, 16.7, 18.5, 22.0, 23.8]","[28.7, 28.4, 28.2, 27.1, 27.2, 27.5, 26.8]",2026-08-14T12:36:59.647531
HUB13-HUB13,2023-11-27,2023-12-03,"[1.9, 0.7, 0.5, 0.2, 2.9, 1.2, 2.8]","[19.3, 16.3, 19.8, 19.9, 17.1, 21.6, 25.6]","[26.5, 27.7, 28.2, 27.9, 28.0, 28.2, 26.5]",2026-08-14T12:36:59.647733
HUB13-HUB13,2023-12-04,2023-12-10,"[0.0, 0.0, 0.0, 0.1, 1.9, 1.9, 0.0]","[27.0, 18.4, 9.4, 13.9, 14.0, 14.4, 14.6]","[24.0, 28.5, 28.4, 28.9, 28.4, 27.1, 28.3]",2026-08-14T12:36:59.647926
HUB13-HUB13,2023-12-11,2023-12-17,"[0.2, 0.0, 0.0, 0.0, 0.0, 0.7, 0.2]","[14.9, 15.2, 16.0, 18.3, 16.3, 19.5, 21.5]","[27.8, 28.1, 26.6, 26.2, 28.4, 28.6, 26.5]",2026-08-14T12:36:59.648120
HUB13-HUB13,2023-12-18,2023-12-24,"[0.0, 0.0, 0.0, 0.0, 0.0, 0.0, 0.0]","[21.6, 17.9, 17.9, 14.8, 14.0, 13.8, 17.9]","[26.6, 27.0, 27.0, 28.5, 28.5, 28.3, 28.9]",2026-08-14T12:36:59.648319
HUB13-HUB13,2023-12-25,2023-12-31,"[0.0, 0.0, 0.0, 0.0, 0.0, 0.0, 0.0]","[20.5, 19.1, 19.9, 18.9, 20.2, 15.6, 16.4]","[28.5, 28.0, 28.2, 28.0, 27.9, 27.8, 27.9]",2026-08-14T12:36:59.648515
HUB13-HUB13,2024-01-01,2024-01-07,"[0.0, 0.0, 0.0, 2.7, 0.2, 1.2, 0.0]","[19.1, 18.8, 16.9, 17.7, 16.2, 17.3, 18.1]","[28.4, 27.6, 27.4, 25.5, 27.0, 28.7, 27.8]",2026-08-14T12:36:59.648704
HUB13-HUB13,2024-01-08,2024-01-14,"[2.4, 1.0, 0.0, 0.0, 0.0, 0.0, 0.0]","[21.2, 25.3, 19.1, 17.7, 23.4, 15.2, 16.5]","[23.5, 26.6, 25.0, 27.8, 27.3, 28.5, 28.4]",2026-08-14T12:36:59.648890
HUB13-HUB13,2024-01-15,2024-01-21,"[0.0, 0.0, 0.0, 0.0, 0.0, 0.0, 0.0]","[14.0, 15.5, 16.5, 14.4, 18.7, 18.1, 15.3]","[28.2, 28.3, 28.4, 28.9, 29.4, 29.2, 29.2]",2026-08-14T12:36:59.649079
HUB13-HUB13,2024-01-22,2024-01-28,"[0.0, 0.0, 0.0, 0.0, 0.0, 0.0, 0.0]","[18.3, 16.6, 15.4, 17.5, 19.1, 18.4, 15.7]","[29.2, 29.1, 29.7, 28.6, 28.3, 28.4, 28.4]",2026-08-14T12:36:59.649269
HUB13-HUB13,2024-01-29,2024-02-04,"[0.0, 0.0, 0.0, 0.0, 0.0, 0.0, 0.0]","[16.8, 15.1, 16.2, 14.9, 13.9, 19.5, 18.8]","[28.2, 29.2, 29.6, 30.0, 30.6, 30.4, 29.7]",2026-08-14T12:36:59.649460
HUB13-HUB13,2024-02-05,2024-02-11,"[0.0, 0.0, 0.0, 0.0, 0.0, 0.0, 0.0]","[15.4, 18.6, 18.6, 17.7, 17.5, 19.5, 18.6]","[30.6, 32.2, 32.6, 32.9, 32.3, 30.8, 30.5]",2026-08-14T12:36:59.649652
HUB13-HUB13,2024-02-12,2024-02-18,"[0.0, 0.0, 0.0, 0.0, 0.0, 0.0, 0.0]","[18.4, 17.3, 18.2, 18.4, 20.7, 19.3, 20.0]","[30.8, 30.7, 30.7, 30.8, 29.8, 31.3, 32.1]",2026-08-14T12:36:59.649844
HUB13-HUB13,2024-02-19,2024-02-25,"[0.0, 0.0, 0.0, 0.0, 0.0, 0.0, 0.0]","[19.0, 18.6, 13.1, 9.9, 12.6, 16.1, 21.4]","[31.0, 31.6, 32.1, 32.4, 32.7, 31.8, 32.1]",2026-08-14T12:36:59.650026
HUB13-HUB13,2024-02-26,2024-03-03,"[0.0, 0.0, 0.0, 0.0, 0.0, 0.0, 0.0]","[22.1, 19.3, 18.1, 19.9, 18.9, 18.9, 17.1]","[31.2, 31.1, 32.6, 32.2, 32.4, 32.5, 32.7]",2026-08-14T12:36:59.650210
HUB13-HUB13,2024-03-04,2024-03-10,"[0.0, 0.0, 0.0, 0.0, 0.0, 0.0, 0.0]","[17.4, 20.8, 20.0, 15.5, 14.8, 17.8, 22.5]","[34.4, 34.3, 34.5, 34.5, 33.6, 33.4, 33.3]",2026-08-14T12:36:59.650393
HUB13-HUB13,2024-03-11,2024-03-17,"[0.0, 0.0, 0.0, 0.0, 0.0, 0.0, 0.0]","[19.6, 16.8, 16.8, 15.8, 19.6, 17.8, 19.4]","[33.9, 34.2, 34.6, 34.1, 34.8, 35.5, 34.6]",2026-08-14T12:36:59.650576
HUB13-HUB13,2024-03-18,2024-03-24,"[0.0, 0.0, 0.0, 0.0, 0.0, 0.0, 0.0]","[15.6, 20.3, 18.8, 19.6, 18.8, 18.8, 17.2]","[34.8, 34.4, 35.2, 32.7, 34.1, 34.6, 35.0]",2026-08-14T12:36:59.650762
HUB13-HUB13,2024-03-25,2024-03-31,"[0.0, 0.0, 0.0, 0.0, 0.0, 0.0, 0.0]","[20.0, 19.9, 19.5, 16.3, 18.8, 20.2, 15.2]","[35.5, 35.5, 35.0, 35.3, 36.0, 35.7, 35.5]",2026-08-14T12:36:59.650945
HUB13-HUB13,2024-04-01,2024-04-07,"[0.0, 0.0, 0.0, 0.0, 0.0, 0.0, 0.0]","[13.5, 17.9, 18.1, 14.7, 20.0, 20.5, 17.9]","[36.1, 36.8, 36.7, 36.5, 37.5, 37.4, 37.1]",2026-08-14T12:36:59.651125
HUB13-HUB13,2024-04-08,2024-04-14,"[0.0, 0.0, 0.0, 0.0, 0.1, 0.0, 0.0]","[20.3, 18.2, 18.1, 22.3, 21.4, 27.1, 19.1]","[37.0, 35.4, 35.6, 35.7, 34.7, 35.0, 35.3]",2026-08-14T12:36:59.651307
HUB13-HUB13,2024-04-15,2024-04-21,"[0.0, 0.0, 0.0, 0.0, 0.0, 0.0, 0.0]","[20.6, 18.6, 16.0, 17.1, 16.3, 16.6, 16.8]","[36.0, 36.3, 37.6, 37.8, 38.1, 37.2, 37.1]",2026-08-14T12:36:59.651492
HUB13-HUB13,2024-04-22,2024-04-28,"[0.0, 0.0, 0.0, 0.0, 0.0, 0.0, 0.0]","[20.2, 18.9, 19.0, 25.3, 22.4, 18.9, 18.4]","[37.7, 37.3, 36.9, 37.5, 37.2, 37.7, 38.6]",2026-08-14T12:36:59.651676
HUB13-HUB13,2024-04-29,2024-05-05,"[0.0, 0.0, 0.0, 0.6, 0.2, 0.1, 0.0]","[16.9, 15.9, 14.3, 18.1, 19.4, 18.2, 17.4]","[38.0, 38.6, 39.5, 37.9, 37.5, 37.9, 37.7]",2026-08-14T12:36:59.651866
HUB13-HUB13,2024-05-06,2024-05-12,"[0.0, 0.1, 6.2, 4.5, 6.0, 0.0, 5.8]","[15.9, 13.6, 18.2, 16.3, 17.0, 16.7, 18.1]","[39.3, 35.9, 34.0, 32.8, 33.0, 34.0, 31.8]",2026-08-14T12:36:59.652053
HUB13-HUB13,2024-05-13,2024-05-19,"[4.9, 16.2, 1.0, 2.8, 15.0, 19.5, 9.1]","[15.5, 10.0, 18.7, 12.8, 14.3, 17.8, 6.5]","[32.7, 29.2, 32.2, 27.2, 29.3, 29.3, 29.3]",2026-08-14T12:36:59.652260
HUB13-HUB13,2024-05-20,2024-05-26,"[25.2, 10.5, 12.9, 0.7, 3.5, 0.5, 2.4]","[17.9, 17.7, 19.3, 15.7, 16.0, 21.9, 27.2]","[27.6, 29.8, 29.8, 31.5, 29.8, 29.7, 29.2]",2026-08-14T12:36:59.652505
HUB13-HUB13,2024-05-27,2024-06-02,"[0.0, 0.0, 0.2, 2.4, 1.2, 28.0, 10.3]","[23.8, 21.7, 22.3, 17.1, 17.7, 16.0, 11.8]","[30.6, 32.2, 32.1, 32.2, 32.2, 32.2, 30.9]",2026-08-14T12:36:59.652698
HUB13-HUB13,2024-06-03,2024-06-09,"[0.6, 7.1, 20.8, 8.4, 7.2, 1.9, 3.3]","[13.0, 13.4, 11.0, 20.7, 21.9, 22.7, 28.3]","[28.4, 29.4, 27.6, 28.1, 27.1, 28.8, 27.1]",2026-08-14T12:36:59.652882
HUB13-HUB13,2024-06-10,2024-06-16,"[2.2, 0.6, 6.9, 3.1, 0.0, 0.0, 1.0]","[28.4, 26.8, 24.2, 23.5, 21.1, 17.7, 20.6]","[27.6, 28.8, 27.7, 28.7, 28.6, 29.9, 29.3]",2026-08-14T12:36:59.653067
HUB13-HUB13,2024-06-17,2024-06-23,"[0.6, 4.4, 5.4, 0.6, 3.3, 1.9, 1.6]","[17.2, 22.2, 19.4, 22.4, 23.0, 20.7, 22.9]","[29.8, 29.2, 29.2, 28.3, 28.8, 28.0, 28.3]",2026-08-14T12:36:59.653247
HUB13-HUB13,2024-06-24,2024-06-30,"[4.1, 1.6, 2.2, 6.1, 0.8, 1.0, 1.4]","[24.8, 30.0, 31.7, 32.9, 25.8, 21.4, 19.8]","[29.8, 27.4, 28.0, 25.7, 29.1, 29.8, 28.4]",2026-08-14T12:36:59.653425
HUB13-HUB13,2024-07-01,2024-07-07,"[9.0, 0.1, 10.4, 3.8, 6.9, 5.9, 1.0]","[22.3, 26.7, 22.2, 19.7, 20.7, 27.3, 26.9]","[27.6, 29.4, 29.3, 26.8, 29.8, 26.6, 28.7]",2026-08-14T12:36:59.653604
HUB13-HUB13,2024-07-08,2024-07-14,"[5.6, 2.9, 1.5, 3.7, 17.4, 1.2, 1.5]","[22.2, 23.8, 20.6, 19.1, 23.0, 27.2, 27.8]","[27.9, 28.7, 29.3, 26.9, 29.2, 25.8, 26.5]",2026-08-14T12:36:59.653787
HUB13-HUB13,2024-07-15,2024-07-21,"[16.8, 16.2, 5.2, 9.3, 14.5, 2.8, 1.1]","[27.2, 29.7, 30.4, 33.3, 27.5, 32.1, 33.0]","[26.4, 24.4, 25.8, 26.0, 22.3, 25.2, 27.2]",2026-08-14T12:36:59.653964
HUB13-HUB13,2024-07-22,2024-07-28,"[1.4, 2.2, 1.5, 2.3, 2.2, 0.6, 0.2]","[32.8, 29.9, 30.5, 36.1, 35.1, 34.7, 34.2]","[27.7, 27.2, 27.2, 26.9, 26.8, 27.4, 27.3]",2026-08-14T12:36:59.654142
HUB13-HUB13,2024-07-29,2024-08-04,"[3.7, 11.7, 10.6, 3.4, 4.3, 7.6, 2.0]","[30.1, 24.7, 21.8, 26.3, 25.9, 25.6, 21.7]","[28.4, 22.8, 26.3, 27.9, 26.8, 27.4, 28.2]",2026-08-14T12:36:59.654325
HUB13-HUB13,2024-08-05,2024-08-11,"[1.2, 8.6, 5.2, 16.1, 12.4, 19.2, 3.0]","[15.6, 15.3, 17.2, 17.4, 18.2, 16.6, 14.8]","[27.7, 25.4, 25.0, 27.1, 28.0, 26.6, 27.9]",2026-08-14T12:36:59.654511
HUB13-HUB13,2024-08-12,2024-08-18,"[2.4, 12.7, 1.5, 2.0, 13.3, 3.7, 0.1]","[13.7, 11.5, 11.2, 11.1, 11.6, 11.1, 7.6]","[28.9, 28.7, 28.5, 28.8, 28.7, 28.9, 29.0]",2026-08-14T12:36:59.654692
HUB13-HUB13,2024-08-19,2024-08-25,"[17.4, 19.7, 1.2, 0.4, 0.1, 3.8, 0.9]","[8.4, 15.1, 20.8, 26.7, 22.2, 26.1, 28.1]","[28.0, 28.7, 27.4, 27.4, 27.4, 27.3, 27.1]",2026-08-14T12:36:59.654875
HUB13-HUB13,2024-08-26,2024-09-01,"[1.2, 1.7, 1.4, 9.4, 3.9, 4.6, 5.3]","[27.7, 23.0, 23.4, 23.4, 20.9, 22.4, 26.6]","[28.2, 26.7, 26.7, 27.2, 25.9, 23.8, 27.0]",2026-08-14T12:36:59.655059
HUB13-HUB13,2024-09-02,2024-09-08,"[4.1, 1.4, 0.5, 0.5, 1.6, 11.9, 2.6]","[20.5, 23.8, 25.2, 22.1, 21.3, 21.7, 23.4]","[27.5, 27.7, 27.8, 27.8, 27.1, 27.6, 25.7]",2026-08-14T12:36:59.655242
HUB13-HUB13,2024-09-09,2024-09-15,"[6.0, 1.9, 0.7, 0.7, 0.0, 0.9, 0.6]","[25.7, 29.9, 22.9, 22.1, 20.8, 20.9, 18.6]","[28.4, 28.4, 28.8, 29.1, 28.5, 28.4, 28.5]",2026-08-14T12:36:59.655431
HUB13-HUB13,2024-09-16,2024-09-22,"[0.7, 0.4, 0.0, 0.6, 0.1, 0.1, 1.4]","[22.6, 20.4, 16.8, 18.4, 13.3, 18.6, 19.3]","[28.4, 28.3, 28.4, 28.9, 28.9, 29.3, 29.1]",2026-08-14T12:36:59.655612
HUB13-HUB13,2024-09-23,2024-09-29,"[5.3, 4.4, 2.5, 0.6, 1.5, 3.0, 5.5]","[20.0, 23.5, 23.4, 19.5, 16.8, 15.4, 12.1]","[29.4, 28.6, 28.8, 28.8, 28.8, 28.5, 28.5]",2026-08-14T12:36:59.655787
HUB13-HUB13,2024-09-30,2024-10-06,"[0.1, 0.4, 9.8, 4.2, 7.2, 11.3, 0.5]","[13.6, 10.6, 14.6, 15.5, 12.3, 14.3, 11.4]","[30.2, 30.6, 29.9, 28.4, 28.6, 26.9, 27.4]",2026-08-14T12:36:59.655956
HUB13-HUB13,2024-10-07,2024-10-13,"[0.9, 10.7, 5.2, 6.5, 4.9, 7.2, 1.8]","[23.5, 13.4, 14.4, 17.5, 17.3, 15.3, 19.7]","[28.9, 27.9, 28.1, 27.6, 27.9, 28.1, 27.9]",2026-08-14T12:36:59.656130
HUB13-HUB13,2024-10-14,2024-10-20,"[14.4, 31.5, 13.3, 0.8, 8.4, 8.5, 21.1]","[13.7, 15.9, 11.6, 14.7, 18.5, 10.1, 11.7]","[23.4, 23.2, 22.9, 27.0, 27.6, 24.7, 26.4]",2026-08-14T12:36:59.656302
HUB13-HUB13,2024-10-21,2024-10-27,"[17.8, 27.3, 20.1, 1.1, 0.0, 0.0, 0.0]","[10.2, 11.9, 10.4, 6.2, 8.7, 13.2, 11.0]","[26.8, 27.6, 27.6, 26.2, 27.0, 26.7, 26.7]",2026-08-14T12:36:59.656471
HUB13-HUB13,2024-10-28,2024-11-03,"[0.0, 0.4, 1.1, 4.0, 8.2, 1.2, 0.7]","[9.0, 9.7, 7.5, 10.0, 9.6, 19.9, 17.6]","[27.2, 27.7, 27.3, 27.8, 26.9, 27.7, 27.7]",2026-08-14T12:36:59.656641
HUB13-HUB13,2024-11-04,2024-11-10,"[1.0, 0.0, 0.1, 1.3, 0.0, 0.0, 0.4]","[14.8, 13.6, 16.5, 19.9, 17.2, 17.2, 16.4]","[27.1, 27.1, 27.8, 27.4, 29.0, 27.8, 27.0]",2026-08-14T12:36:59.656830
HUB13-HUB13,2024-11-11,2024-11-17,"[0.0, 0.9, 9.9, 6.0, 10.0, 3.4, 0.5]","[16.9, 18.4, 17.4, 16.2, 15.4, 17.2, 14.1]","[27.8, 27.0, 27.0, 25.7, 27.0, 26.3, 27.4]",2026-08-14T12:36:59.657142
HUB13-HUB13,2024-11-18,2024-11-24,"[0.1, 0.0, 0.0, 0.0, 0.0, 0.0, 0.0]","[14.9, 13.6, 12.4, 12.2, 12.1, 11.0, 12.4]","[26.9, 27.3, 28.1, 27.5, 27.9, 28.7, 29.2]",2026-08-14T12:36:59.657366
HUB13-HUB13,2024-11-25,2024-12-01,"[0.0, 0.0, 0.0, 0.0, 0.8, 0.3, 8.0]","[11.3, 18.0, 19.9, 16.6, 20.9, 20.7, 22.3]","[27.8, 26.2, 26.4, 26.9, 25.4, 23.6, 24.5]",2026-08-14T12:36:59.657553
HUB13-HUB13,2024-12-02,2024-12-08,"[35.0, 4.7, 0.0, 0.8, 0.0, 0.6, 0.0]","[18.0, 13.7, 15.7, 11.1, 12.1, 11.3, 10.6]","[23.3, 26.1, 25.9, 26.2, 26.7, 27.0, 26.8]",2026-08-14T12:36:59.657730
HUB13-HUB13,2024-12-09,2024-12-15,"[0.1, 0.0, 0.0, 21.2, 1.3, 0.0, 0.0]","[10.3, 12.4, 16.4, 15.5, 18.6, 18.2, 13.3]","[27.5, 27.9, 26.4, 22.0, 24.4, 26.1, 24.3]",2026-08-14T12:36:59.657903
HUB13-HUB13,2024-12-16,2024-12-22,"[0.0, 0.0, 0.3, 0.3, 0.1, 0.0, 0.0]","[11.4, 10.7, 12.3, 10.9, 12.6, 9.9, 11.5]","[24.9, 27.1, 25.9, 28.1, 27.9, 29.1, 28.1]",2026-08-14T12:36:59.658079
HUB13-HUB13,2024-12-23,2024-12-29,"[0.0, 0.0, 0.0, 3.6, 1.7, 0.0, 0.0]","[10.0, 11.5, 11.0, 17.5, 19.0, 15.5, 14.3]","[27.0, 27.2, 27.9, 26.2, 25.4, 26.2, 26.9]",2026-08-14T12:36:59.658249
HUB13-HUB13,2024-12-30,2025-01-05,"[0.0, 0.0, 0.0, 0.0, 0.0, 0.0, 0.0]","[14.4, 15.8, 14.7, 14.2, 15.9, 12.5, 11.6]","[25.7, 27.5, 26.6, 26.4, 25.9, 25.8, 26.5]",2026-08-14T12:36:59.658418
HUB13-HUB13,2025-01-06,2025-01-12,"[0.0, 0.0, 0.0, 0.0, 0.0, 0.0, 0.0]","[11.9, 10.2, 12.6, 16.7, 14.7, 13.7, 14.7]","[26.2, 27.3, 27.1, 25.9, 26.9, 27.7, 28.7]",2026-08-14T12:36:59.658589
HUB13-HUB13,2025-01-13,2025-01-19,"[0.8, 0.1, 0.2, 0.0, 0.0, 0.0, 6.0]","[14.5, 16.2, 15.7, 17.7, 14.8, 14.2, 15.6]","[28.2, 27.5, 25.5, 26.7, 26.7, 27.3, 22.9]",2026-08-14T12:36:59.658761
HUB13-HUB13,2025-01-20,2025-01-26,"[0.0, 0.0, 0.0, 0.0, 0.0, 0.0, 0.0]","[11.5, 11.6, 13.8, 13.0, 12.1, 13.9, 15.9]","[27.3, 27.8, 28.6, 29.7, 27.7, 29.0, 29.1]",2026-08-14T12:36:59.658929
HUB13-HUB13,2025-01-27,2025-02-02,"[0.0, 0.0, 0.0, 0.0, 0.0, 0.0, 0.0]","[12.0, 11.2, 12.5, 10.5, 10.9, 12.5, 12.1]","[28.2, 28.1, 29.4, 29.3, 30.5, 30.5, 31.0]",2026-08-14T12:36:59.659100
HUB13-HUB13,2025-02-03,2025-02-09,"[0.0, 0.0, 0.0, 0.0, 0.0, 0.0, 0.0]","[12.6, 14.3, 14.6, 13.9, 14.6, 16.1, 16.5]","[30.3, 30.7, 30.4, 29.7, 30.1, 29.9, 29.6]",2026-08-14T12:36:59.659271
HUB13-HUB13,2025-02-10,2025-02-16,"[0.0, 0.0, 0.0, 0.0, 0.0, 0.0, 0.0]","[13.8, 12.5, 13.3, 13.4, 11.8, 12.9, 14.0]","[28.9, 30.7, 31.6, 31.9, 32.1, 31.3, 31.9]",2026-08-14T12:36:59.659443
HUB13-HUB13,2025-02-17,2025-02-23,"[0.0, 0.0, 0.0, 0.0, 0.0, 0.0, 0.0]","[13.6, 14.9, 13.1, 15.3, 14.1, 16.4, 18.2]","[31.8, 31.7, 32.9, 32.7, 32.3, 32.2, 31.9]",2026-08-14T12:36:59.659612
HUB13-HUB13,2025-02-24,2025-03-02,"[0.0, 0.0, 0.0, 0.0, 0.0, 0.0, 0.0]","[17.2, 15.9, 17.1, 16.4, 14.8, 14.2, 14.2]","[30.5, 30.1, 30.7, 30.9, 31.4, 31.4, 32.2]",2026-08-14T12:36:59.659783
HUB13-HUB13,2025-03-03,2025-03-09,"[0.0, 0.0, 0.0, 0.0, 0.0, 0.0, 0.0]","[15.3, 17.5, 16.1, 15.3, 12.4, 11.2, 16.7]","[33.1, 33.1, 33.2, 33.3, 34.0, 34.2, 33.7]",2026-08-14T12:36:59.659955
HUB13-HUB13,2025-03-10,2025-03-16,"[0.0, 2.5, 2.3, 0.0, 0.0, 0.0, 0.0]","[16.9, 21.6, 16.7, 14.8, 15.9, 17.1, 14.9]","[31.6, 31.2, 30.7, 34.0, 34.4, 33.7, 33.4]",2026-08-14T12:36:59.660124
HUB13-HUB13,2025-03-17,2025-03-23,"[0.0, 0.0, 0.0, 0.0, 0.0, 23.8, 0.1]","[17.4, 15.2, 14.4, 13.2, 13.7, 18.4, 13.4]","[35.1, 34.8, 33.8, 33.1, 34.0, 33.2, 29.7]",2026-08-14T12:36:59.660293
HUB13-HUB13,2025-03-24,2025-03-30,"[0.0, 0.0, 0.0, 0.0, 0.0, 0.0, 0.0]","[11.9, 12.9, 12.1, 15.1, 13.0, 15.7, 17.4]","[30.7, 31.2, 33.6, 33.9, 35.2, 34.9, 34.4]",2026-08-14T12:36:59.660464
HUB13-HUB13,2025-03-31,2025-04-06,"[0.0, 0.0, 0.1, 8.0, 3.0, 0.0, 0.0]","[16.7, 13.9, 13.9, 11.6, 10.4, 9.8, 13.3]","[34.4, 33.3, 32.6, 32.7, 29.1, 31.1, 32.9]",2026-08-14T12:36:59.660636
HUB13-HUB13,2025-04-07,2025-04-13,"[0.0, 0.0, 0.0, 0.0, 4.7, 1.5, 0.3]","[16.5, 20.6, 14.2, 11.1, 13.0, 11.0, 9.0]","[34.8, 34.4, 33.3, 33.2, 34.1, 33.5, 32.1]",2026-08-14T12:36:59.660804
HUB13-HUB13,2025-04-14,2025-04-20,"[0.7, 0.0, 10.8, 0.1, 1.1, 0.0, 0.1]","[14.1, 12.3, 18.2, 7.6, 10.4, 9.8, 13.1]","[33.7, 33.6, 34.0, 33.3, 33.6, 32.9, 34.4]",2026-08-14T12:36:59.660972
HUB13-HUB13,2025-04-21,2025-04-27,"[0.0, 0.0, 0.0, 0.0, 0.0, 0.0, 0.0]","[13.7, 14.1, 12.5, 14.6, 16.3, 13.9, 14.3]","[34.2, 34.6, 35.5, 36.2, 35.6, 34.3, 34.3]",2026-08-14T12:36:59.661141
HUB13-HUB13,2025-04-28,2025-05-04,"[0.0, 0.2, 1.0, 1.3, 2.9, 9.3, 0.3]","[11.1, 14.4, 12.2, 10.7, 7.8, 11.1, 18.5]","[33.4, 34.3, 34.7, 34.6, 33.7, 34.5, 33.7]",2026-08-14T12:36:59.661313
HUB13-HUB13,2025-05-05,2025-05-11,"[0.0, 0.0, 0.0, 0.0, 0.1, 0.7, 8.0]","[10.9, 10.0, 10.7, 11.4, 9.2, 10.1, 10.9]","[35.3, 34.0, 33.5, 32.8, 32.4, 31.6, 32.1]",2026-08-14T12:36:59.661480
HUB13-HUB13,2025-05-12,2025-05-18,"[1.2, 4.7, 1.6, 1.8, 3.6, 22.6, 16.5]","[14.5, 17.9, 11.2, 12.8, 13.4, 12.1, 11.1]","[31.2, 33.5, 32.4, 33.1, 30.9, 29.4, 29.1]",2026-08-14T12:36:59.661647
HUB13-HUB13,2025-05-19,2025-05-25,"[14.9, 15.2, 7.9, 0.1, 3.1, 5.5, 7.6]","[11.1, 12.0, 18.6, 18.9, 22.2, 27.2, 29.2]","[28.3, 27.4, 26.5, 28.6, 28.1, 25.5, 26.9]",2026-08-14T12:36:59.661810
HUB13-HUB13,2025-05-26,2025-06-01,"[15.2, 3.2, 3.3, 6.4, 2.2, 0.1, 0.0]","[24.6, 28.8, 27.6, 24.0, 19.9, 20.4, 16.4]","[25.5, 26.3, 26.4, 26.0, 24.2, 29.5, 29.6]",2026-08-14T12:36:59.661969
HUB13-HUB13,2025-06-02,2025-06-08,"[1.5, 1.8, 0.5, 0.0, 0.2, 0.3, 2.9]","[20.2, 20.9, 15.1, 12.9, 13.1, 13.0, 12.4]","[28.9, 28.8, 29.3, 30.2, 31.6, 30.9, 31.8]",2026-08-14T12:36:59.662129
HUB13-HUB13,2025-06-09,2025-06-15,"[11.9, 5.0, 7.0, 2.3, 3.9, 5.7, 4.0]","[16.0, 17.2, 16.9, 17.7, 17.2, 21.6, 28.8]","[28.8, 29.8, 27.8, 27.6, 26.2, 27.0, 24.3]",2026-08-14T12:36:59.662289
HUB13-HUB13,2025-06-16,2025-06-22,"[8.8, 6.6, 1.0, 0.0, 0.5, 0.2, 1.5]","[29.9, 23.3, 20.3, 23.1, 21.5, 22.3, 24.1]","[25.9, 26.2, 27.7, 28.7, 28.7, 28.2, 29.0]",2026-08-14T12:36:59.662450
HUB13-HUB13,2025-06-23,2025-06-29,"[1.1, 0.9, 8.6, 2.6, 0.6, 5.0, 0.2]","[26.5, 28.9, 25.8, 25.2, 21.4, 21.6, 25.9]","[26.9, 27.0, 27.4, 28.0, 27.9, 29.4, 29.3]",2026-08-14T12:36:59.662611
HUB13-HUB13,2025-06-30,2025-07-06,"[1.0, 0.1, 8.9, 5.5, 1.6, 2.8, 2.0]","[24.3, 22.4, 22.0, 23.5, 23.9, 26.7, 28.5]","[29.4, 28.5, 28.4, 25.2, 28.0, 28.3, 27.3]",2026-08-14T12:36:59.662770
HUB13-HUB13,2025-07-07,2025-07-13,"[0.8, 0.4, 1.5, 5.3, 5.0, 0.8, 7.6]","[27.6, 25.7, 23.5, 18.8, 19.7, 22.2, 19.2]","[28.0, 30.1, 29.0, 29.5, 28.6, 27.8, 28.2]",2026-08-14T12:36:59.662932
HUB13-HUB13,2025-07-14,2025-07-20,"[8.8, 2.8, 13.8, 13.9, 11.4, 21.1, 16.0]","[20.6, 24.6, 15.8, 18.7, 18.4, 17.1, 17.6]","[26.5, 27.1, 28.0, 27.6, 27.6, 26.2, 26.5]",2026-08-14T12:36:59.663092
HUB13-HUB13,2025-07-21,2025-07-27,"[17.5, 9.1, 7.0, 3.8, 9.2, 8.8, 1.7]","[20.4, 20.6, 24.3, 25.6, 30.2, 29.3, 29.5]","[26.6, 25.3, 25.5, 25.1, 25.7, 26.2, 25.8]",2026-08-14T12:36:59.663253
HUB13-HUB13,2025-07-28,2025-08-03,"[0.5, 1.1, 0.4, 1.1, 1.4, 1.2, 5.5]","[24.9, 26.8, 24.5, 19.9, 15.5, 11.9, 11.7]","[26.5, 27.2, 27.9, 27.1, 28.2, 28.5, 28.6]",2026-08-14T12:36:59.663414
HUB13-HUB13,2025-08-04,2025-08-10,"[2.6, 15.3, 1.4, 2.1, 6.3, 7.5, 12.9]","[11.5, 11.1, 13.6, 10.5, 8.8, 10.2, 13.2]","[28.8, 27.2, 27.9, 28.0, 27.3, 26.5, 26.5]",2026-08-14T12:36:59.663576
HUB13-HUB13,2025-08-11,2025-08-17,"[7.5, 5.9, 15.1, 5.1, 8.2, 5.9, 17.4]","[15.1, 18.4, 16.8, 19.3, 20.4, 22.1, 20.9]","[25.1, 25.5, 23.2, 24.7, 26.1, 26.7, 25.5]",2026-08-14T12:36:59.663735
HUB13-HUB13,2025-08-18,2025-08-24,"[6.9, 0.3, 1.3, 0.2, 4.6, 0.2, 0.3]","[21.7, 28.5, 22.8, 15.5, 11.6, 12.9, 16.1]","[22.7, 25.1, 27.2, 26.9, 27.0, 27.3, 28.0]",2026-08-14T12:36:59.663894
HUB13-HUB13,2025-08-25,2025-08-31,"[0.0, 1.6, 15.4, 8.7, 0.9, 4.0, 10.0]","[17.0, 17.8, 20.7, 18.4, 22.4, 19.9, 19.3]","[27.1, 28.4, 26.7, 25.8, 25.4, 27.8, 26.9]",2026-08-14T12:36:59.664054
HUB13-HUB13,2025-09-01,2025-09-07,"[4.3, 6.0, 5.5, 2.8, 1.3, 3.3, 1.8]","[21.9, 22.1, 18.9, 19.4, 13.5, 13.3, 14.3]","[26.6, 27.2, 25.5, 26.0, 26.8, 27.0, 27.7]",2026-08-14T12:36:59.664216
HUB13-HUB13,2025-09-08,2025-09-14,"[1.0, 1.5, 8.8, 0.4, 0.4, 1.2, 0.0]","[11.2, 8.3, 14.2, 14.5, 12.6, 11.6, 13.1]","[28.0, 28.2, 27.6, 26.3, 27.2, 28.1, 27.8]",2026-08-14T12:36:59.664375
HUB13-HUB13,2025-09-15,2025-09-21,"[2.0, 4.7, 10.7, 16.5, 6.8, 16.2, 3.5]","[15.8, 16.1, 10.8, 15.5, 14.5, 16.7, 14.6]","[28.4, 27.6, 25.7, 27.3, 24.3, 26.7, 27.0]",2026-08-14T12:36:59.664534
HUB13-HUB13,2025-09-22,2025-09-28,"[1.4, 8.4, 3.5, 8.5, 1.1, 2.8, 1.4]","[15.1, 17.7, 20.0, 18.7, 20.5, 25.2, 23.9]","[27.1, 25.3, 25.4, 27.1, 26.9, 26.6, 28.0]",2026-08-14T12:36:59.664695
HUB13-HUB13,2025-09-29,2025-10-05,"[0.4, 0.1, 2.4, 3.1, 10.9, 6.9, 2.1]","[23.4, 21.8, 18.8, 18.9, 11.8, 12.7, 16.6]","[28.3, 28.2, 29.2, 28.0, 29.6, 26.3, 28.6]",2026-08-14T12:36:59.664855
HUB13-HUB13,2025-10-06,2025-10-12,"[5.1, 0.8, 5.2, 35.4, 19.3, 9.1, 0.0]","[11.9, 8.7, 7.9, 10.3, 12.7, 10.4, 11.2]","[27.2, 28.7, 27.8, 27.5, 27.0, 27.0, 27.8]",2026-08-14T12:36:59.665013
HUB13-HUB13,2025-10-13,2025-10-19,"[0.0, 3.1, 4.8, 3.8, 5.1, 13.0, 22.4]","[12.4, 13.7, 15.5, 19.3, 16.1, 16.0, 9.0]","[27.8, 28.0, 26.7, 27.1, 26.3, 27.3, 27.3]",2026-08-14T12:36:59.665172
HUB13-HUB13,2025-10-20,2025-10-26,"[4.7, 6.0, 25.3, 1.6, 0.1, 0.0, 0.4]","[13.7, 17.6, 17.7, 13.5, 16.8, 13.9, 8.9]","[27.1, 25.4, 24.6, 25.7, 25.2, 26.6, 27.7]",2026-08-14T12:36:59.665331
HUB13-HUB13,2025-10-27,2025-11-02,"[2.5, 2.6, 0.1, 0.0, 0.0, 0.0, 0.0]","[13.8, 19.4, 21.9, 20.2, 15.0, 9.1, 9.4]","[23.9, 24.0, 26.8, 26.9, 27.3, 28.4, 27.8]",2026-08-14T12:36:59.665489
HUB13-HUB13,2025-11-03,2025-11-09,"[0.0, 0.1, 4.5, 1.9, 0.6, 0.0, 0.0]","[9.9, 11.3, 11.1, 11.4, 10.8, 11.5, 11.0]","[28.0, 27.1, 27.4, 26.5, 27.5, 27.3, 26.6]",2026-08-14T12:36:59.665646
HUB13-HUB13,2025-11-10,2025-11-16,"[0.0, 0.0, 0.1, 0.6, 0.0, 0.0, 0.0]","[9.4, 10.3, 11.3, 11.0, 12.6, 12.0, 12.0]","[28.8, 27.5, 27.9, 28.1, 27.9, 26.7, 26.3]",2026-08-14T12:36:59.665807
HUB13-HUB13,2025-11-17,2025-11-23,"[0.0, 5.8, 0.4, 0.0, 0.6, 1.5, 0.4]","[13.2, 15.4, 13.9, 10.6, 13.7, 17.6, 17.0]","[26.5, 24.6, 26.6, 27.8, 27.2, 26.9, 26.5]",2026-08-14T12:36:59.665971
HUB13-HUB13,2025-11-24,2025-11-30,"[0.0, 0.0, 0.0, 0.0, 0.0, 0.1, 6.3]","[15.1, 14.4, 15.6, 15.7, 18.9, 17.6, 14.6]","[26.8, 26.5, 26.6, 25.2, 24.8, 22.2, 21.4]",2026-08-14T12:36:59.666130
HUB13-HUB13,2025-12-01,2025-12-07,"[0.1, 0.3, 1.7, 7.5, 1.3, 0.0, 0.0]","[16.8, 13.8, 17.2, 14.3, 17.4, 14.1, 13.1]","[23.9, 24.8, 25.0, 25.9, 24.9, 25.6, 26.5]",2026-08-14T12:36:59.666289
HUB13-HUB13,2025-12-08,2025-12-14,"[0.0, 0.0, 0.0, 0.0, 0.0, 0.0, 0.0]","[13.7, 13.9, 13.5, 14.6, 11.9, 13.4, 13.2]","[27.1, 27.2, 27.4, 26.6, 26.7, 27.3, 26.1]",2026-08-14T12:36:59.666446
HUB13-HUB13,2025-12-15,2025-12-21,"[0.0, 0.1, 0.0, 0.0, 0.0, 0.0, 0.0]","[12.5, 21.9, 16.1, 12.9, 11.6, 10.7, 11.7]","[26.4, 25.1, 26.9, 27.0, 26.5, 25.3, 25.7]",2026-08-14T12:36:59.666602
HUB13-HUB13,2025-12-22,2025-12-28,"[0.0, 0.0, 0.0, 0.0, 0.0, 0.0, 0.0]","[12.7, 9.8, 11.7, 12.3, 12.6, 11.8, 12.0]","[24.8, 25.7, 25.3, 26.8, 26.4, 26.0, 26.6]",2026-08-14T12:36:59.666758
HUB13-HUB13,2025-12-29,2026-01-04,"[0.0, 0.0, 0.5, 0.5, 0.0, 0.0, 0.0]","[12.4, 10.2, 10.2, 13.4, 13.2, 15.5, 15.7]","[27.2, 28.7, 28.2, 27.2, 26.9, 26.5, 26.3]",2026-08-14T12:36:59.666918
HUB13-HUB13,2026-01-05,2026-01-11,"[0.0, 0.0, 0.0, 0.0, 0.0, 0.0, 0.0]","[13.4, 16.1, 16.6, 16.1, 13.4, 14.1, 14.8]","[26.2, 25.6, 25.8, 25.2, 26.3, 24.2, 22.1]",2026-08-14T12:36:59.667079
HUB13-HUB13,2026-01-12,2026-01-18,"[0.5, 0.8, 0.7, 0.0, 0.0, 0.0, 0.0]","[16.1, 14.5, 11.5, 13.0, 12.1, 10.6, 13.4]","[23.9, 26.3, 26.9, 29.1, 27.7, 27.1, 28.2]",2026-08-14T12:36:59.667236
HUB13-HUB13,2026-01-19,2026-01-25,"[0.0, 0.0, 0.0, 0.0, 0.0, 0.0, 0.1]","[15.3, 15.2, 14.6, 13.7, 13.9, 14.6, 15.3]","[28.9, 28.2, 26.8, 26.1, 27.1, 25.2, 25.1]",2026-08-14T12:36:59.667395
HUB13-HUB13,2026-01-26,2026-01-31,"[1.3, 0.0, 0.0, 0.0, 0.0, 0.0]","[14.0, 15.3, 14.6, 13.9, 14.8, 14.3]","[24.3, 28.3, 29.6, 27.9, 28.2, 28.3]",2026-08-14T12:36:59.667553
HUB14-HUB14,2023-01-01,2023-01-01,[0.0],[9.2],[30.1],2026-08-14T12:37:06.534158
HUB14-HUB14,2023-01-02,2023-01-08,"[0.0, 0.0, 0.0, 0.9, 0.3, 0.0, 0.0]","[10.7, 8.4, 11.5, 12.5, 10.8, 12.9, 11.5]","[29.4, 28.6, 28.6, 26.8, 27.1, 27.0, 26.1]",2026-08-14T12:37:06.534804
HUB14-HUB14,2023-01-09,2023-01-15,"[0.0, 0.0, 0.0, 0.0, 0.0, 0.0, 0.0]","[10.2, 9.0, 10.8, 8.9, 8.7, 10.3, 10.3]","[27.1, 28.3, 28.2, 29.0, 29.0, 29.3, 29.3]",2026-08-14T12:37:06.535670
HUB14-HUB14,2023-01-16,2023-01-22,"[0.0, 0.0, 0.0, 0.0, 0.0, 0.0, 0.0]","[10.7, 10.6, 9.9, 10.8, 11.3, 9.5, 10.0]","[29.6, 29.5, 29.5, 28.8, 28.2, 28.2, 28.4]",2026-08-14T12:37:06.536222
HUB14-HUB14,2023-01-23,2023-01-29,"[0.0, 0.0, 0.0, 0.0, 0.0, 0.0, 0.0]","[13.7, 13.8, 15.3, 14.3, 12.2, 10.5, 16.1]","[27.8, 29.1, 28.4, 29.1, 28.8, 29.8, 29.1]",2026-08-14T12:37:06.536682
HUB14-HUB14,2023-01-30,2023-02-05,"[0.0, 0.0, 0.0, 0.0, 0.0, 0.0, 0.0]","[17.9, 11.2, 16.1, 16.9, 10.5, 11.5, 11.5]","[29.3, 30.0, 29.9, 29.3, 29.8, 30.3, 30.4]",2026-08-14T12:37:06.537119
HUB14-HUB14,2023-02-06,2023-02-12,"[0.0, 0.0, 0.0, 0.0, 0.0, 0.0, 0.0]","[10.5, 10.1, 10.5, 8.8, 11.8, 9.4, 12.9]","[30.7, 31.4, 32.5, 32.4, 32.8, 33.5, 33.3]",2026-08-14T12:37:06.537553
HUB14-HUB14,2023-02-13,2023-02-19,"[0.0, 0.0, 0.0, 0.0, 0.0, 0.0, 0.0]","[15.3, 11.6, 13.8, 18.1, 11.6, 9.7, 10.8]","[31.6, 31.6, 32.8, 33.4, 32.5, 31.6, 31.7]",2026-08-14T12:37:06.537974
HUB14-HUB14,2023-02-20,2023-02-26,"[0.0, 0.0, 0.0, 0.0, 0.0, 0.0, 0.0]","[9.5, 10.5, 10.0, 11.6, 11.2, 11.3, 11.7]","[32.8, 34.3, 34.8, 34.3, 34.4, 34.6, 33.7]",2026-08-14T12:37:06.538395
HUB14-HUB14,2023-02-27,2023-03-05,"[0.0, 0.0, 0.0, 0.0, 0.0, 0.0, 0.0]","[14.5, 15.4, 15.8, 14.2, 17.9, 13.7, 13.7]","[33.3, 32.9, 32.8, 33.2, 34.2, 34.0, 34.1]",2026-08-14T12:37:06.538842
HUB14-HUB14,2023-03-06,2023-03-12,"[0.0, 0.0, 0.0, 0.0, 0.0, 0.0, 0.0]","[14.9, 18.0, 11.2, 12.6, 11.2, 13.7, 15.6]","[34.4, 32.1, 33.2, 33.5, 33.8, 33.4, 33.7]",2026-08-14T12:37:06.539259
HUB14-HUB14,2023-03-13,2023-03-19,"[0.0, 0.0, 0.0, 9.7, 29.6, 17.6, 0.3]","[12.4, 13.1, 14.3, 15.1, 18.0, 14.8, 14.0]","[33.8, 34.5, 34.8, 31.1, 26.8, 26.6, 29.0]",2026-08-14T12:37:06.539674
HUB14-HUB14,2023-03-20,2023-03-26,"[0.0, 0.0, 0.0, 0.0, 0.0, 0.7, 0.0]","[9.4, 9.2, 12.3, 13.2, 9.2, 12.7, 11.4]","[29.6, 29.9, 30.9, 31.2, 32.3, 31.1, 33.2]",2026-08-14T12:37:06.540095
HUB14-HUB14,2023-03-27,2023-04-02,"[0.0, 0.0, 0.0, 0.0, 0.0, 0.0, 0.5]","[14.4, 11.6, 13.9, 13.7, 15.6, 14.8, 9.1]","[33.6, 34.4, 34.8, 35.1, 33.6, 33.3, 33.4]",2026-08-14T12:37:06.540712
HUB14-HUB14,2023-04-03,2023-04-09,"[0.0, 0.0, 0.0, 2.5, 1.5, 0.1, 0.0]","[12.3, 16.3, 9.0, 20.8, 20.4, 21.3, 11.9]","[34.2, 35.1, 34.4, 33.7, 34.8, 33.3, 34.4]",2026-08-14T12:37:06.541425
HUB14-HUB14,2023-04-10,2023-04-16,"[0.0, 0.0, 0.0, 0.0, 0.0, 0.0, 0.0]","[10.1, 11.2, 10.6, 10.7, 19.4, 19.2, 10.2]","[35.7, 36.6, 37.1, 37.6, 37.0, 36.4, 36.5]",2026-08-14T12:37:06.541927
HUB14-HUB14,2023-04-17,2023-04-23,"[0.0, 0.0, 0.0, 0.0, 1.6, 0.0, 0.0]","[10.0, 12.7, 11.3, 16.4, 13.5, 11.1, 19.5]","[37.0, 38.6, 38.0, 37.9, 35.0, 35.1, 35.0]",2026-08-14T12:37:06.542375
HUB14-HUB14,2023-04-24,2023-04-30,"[4.2, 16.2, 2.5, 17.3, 0.5, 19.4, 17.7]","[15.3, 20.4, 13.8, 25.1, 11.9, 20.6, 18.1]","[33.0, 33.9, 32.2, 30.3, 31.1, 30.2, 29.6]",2026-08-14T12:37:06.542808
HUB14-HUB14,2023-05-01,2023-05-07,"[9.9, 7.0, 1.0, 0.2, 8.7, 1.8, 0.0]","[14.8, 16.2, 13.3, 10.7, 15.5, 10.7, 16.0]","[29.9, 30.1, 30.4, 31.4, 29.6, 32.0, 32.7]",2026-08-14T12:37:06.543188
HUB14-HUB14,2023-05-08,2023-05-14,"[0.0, 4.3, 15.3, 0.2, 0.0, 0.0, 0.0]","[10.8, 15.5, 12.2, 16.6, 12.8, 18.2, 25.2]","[34.1, 32.2, 33.4, 36.2, 37.4, 38.3, 37.8]",2026-08-14T12:37:06.543531
HUB14-HUB14,2023-05-15,2023-05-21,"[0.0, 0.0, 0.0, 0.0, 0.0, 0.1, 0.0]","[22.1, 19.4, 17.3, 10.1, 14.8, 22.2, 15.7]","[37.3, 36.7, 36.6, 36.9, 37.7, 36.5, 36.9]",2026-08-14T12:37:06.543874
HUB14-HUB14,2023-05-22,2023-05-28,"[15.1, 0.0, 3.4, 1.0, 0.0, 0.0, 0.0]","[14.7, 9.7, 18.6, 20.8, 19.5, 18.5, 17.6]","[36.2, 36.4, 36.4, 35.8, 36.2, 36.1, 36.7]",2026-08-14T12:37:06.544211
HUB14-HUB14,2023-05-29,2023-06-04,"[9.0, 11.0, 0.0, 0.0, 0.0, 0.0, 6.3]","[21.0, 19.8, 16.6, 15.9, 20.2, 16.1, 23.4]","[35.8, 33.9, 37.1, 38.0, 38.3, 37.6, 34.7]",2026-08-14T12:37:06.544542
HUB14-HUB14,2023-06-05,2023-06-11,"[0.0, 1.9, 0.1, 0.0, 0.0, 0.3, 0.0]","[18.8, 26.7, 19.6, 24.1, 21.2, 22.3, 20.1]","[35.0, 35.1, 37.0, 36.6, 37.1, 36.8, 35.0]",2026-08-14T12:37:06.544883
HUB14-HUB14,2023-06-12,2023-06-18,"[0.0, 0.0, 0.0, 0.0, 0.0, 0.0, 0.0]","[21.1, 22.0, 23.4, 21.8, 19.7, 24.6, 21.9]","[36.1, 36.8, 36.6, 36.3, 36.8, 36.7, 36.5]",2026-08-14T12:37:06.545226
HUB14-HUB14,2023-06-19,2023-06-25,"[0.1, 0.4, 9.3, 4.7, 11.2, 16.5, 3.9]","[19.6, 18.8, 21.7, 18.4, 19.8, 20.2, 22.8]","[36.4, 36.2, 35.4, 34.3, 33.2, 29.3, 31.6]",2026-08-14T12:37:06.545562
HUB14-HUB14,2023-06-26,2023-07-02,"[3.1, 1.0, 1.6, 0.1, 0.3, 0.3, 0.8]","[23.8, 25.3, 21.7, 24.5, 28.1, 23.4, 22.4]","[30.6, 31.9, 31.5, 32.1, 32.3, 33.1, 33.1]",2026-08-14T12:37:06.545900
HUB14-HUB14,2023-07-03,2023-07-09,"[1.9, 0.2, 3.3, 10.9, 2.9, 0.8, 1.2]","[23.4, 20.6, 19.5, 22.4, 27.1, 24.1, 20.9]","[32.7, 32.7, 30.2, 28.0, 29.8, 31.0, 31.2]",2026-08-14T12:37:06.546244
HUB14-HUB14,2023-07-10,2023-07-16,"[0.1, 0.0, 1.8, 0.7, 1.4, 0.9, 7.0]","[21.3, 21.1, 19.2, 17.1, 16.9, 23.5, 17.9]","[30.4, 29.2, 30.7, 31.5, 31.4, 30.5, 27.3]",2026-08-14T12:37:06.546581
HUB14-HUB14,2023-07-17,2023-07-23,"[6.4, 29.1, 28.8, 28.9, 17.8, 4.0, 17.4]","[27.7, 27.8, 32.4, 27.0, 31.4, 26.5, 23.5]","[29.2, 25.7, 26.4, 24.1, 27.5, 28.7, 28.5]",2026-08-14T12:37:06.546928
HUB14-HUB14,2023-07-24,2023-07-30,"[9.9, 16.1, 23.8, 82.7, 0.8, 0.8, 2.9]","[25.6, 27.7, 26.4, 30.1, 33.5, 27.0, 27.9]","[27.9, 27.4, 26.9, 24.1, 29.4, 29.8, 30.0]",2026-08-14T12:37:06.547273
HUB14-HUB14,2023-07-31,2023-08-06,"[1.1, 1.6, 0.2, 0.7, 1.7, 0.4, 0.4]","[24.0, 28.6, 30.3, 31.0, 27.4, 25.7, 25.8]","[27.8, 28.9, 28.7, 29.5, 30.0, 30.7, 30.5]",2026-08-14T12:37:06.547607
HUB14-HUB14,2023-08-07,2023-08-13,"[0.3, 0.0, 0.4, 0.7, 0.3, 0.1, 0.0]","[25.9, 21.5, 17.9, 16.5, 14.5, 18.6, 17.7]","[30.0, 29.9, 30.6, 30.8, 30.7, 31.2, 30.6]",2026-08-14T12:37:06.547945
HUB14-HUB14,2023-08-14,2023-08-20,"[0.1, 3.8, 3.8, 0.9, 3.3, 5.2, 1.4]","[17.6, 15.0, 17.6, 18.3, 20.0, 26.3, 20.0]","[30.8, 30.3, 29.5, 29.6, 28.5, 27.2, 29.9]",2026-08-14T12:37:06.548281
HUB14-HUB14,2023-08-21,2023-08-27,"[0.0, 2.0, 0.0, 0.3, 4.4, 0.7, 0.0]","[17.6, 14.2, 17.4, 17.5, 16.6, 18.8, 18.7]","[30.4, 29.8, 30.6, 31.1, 31.4, 31.0, 31.6]",2026-08-14T12:37:06.548617
HUB14-HUB14,2023-08-28,2023-09-03,"[0.6, 0.5, 0.1, 0.0, 8.9, 23.3, 27.9]","[19.5, 15.1, 14.3, 15.0, 12.6, 19.8, 18.1]","[31.2, 30.5, 31.3, 31.8, 32.4, 31.1, 29.2]",2026-08-14T12:37:06.548941
HUB14-HUB14,2023-09-04,2023-09-10,"[30.0, 27.0, 9.7, 1.7, 8.5, 3.3, 14.1]","[18.8, 22.0, 22.2, 26.3, 27.8, 25.4, 23.4]","[24.7, 26.3, 27.8, 29.2, 28.8, 29.5, 29.3]",2026-08-14T12:37:06.549221
HUB14-HUB14,2023-09-11,2023-09-17,"[0.0, 0.2, 0.2, 0.1, 0.1, 1.1, 0.1]","[22.1, 20.8, 18.0, 20.8, 21.7, 23.0, 20.5]","[29.4, 29.6, 29.9, 28.5, 29.8, 29.6, 29.7]",2026-08-14T12:37:06.549500
HUB14-HUB14,2023-09-18,2023-09-24,"[0.7, 0.0, 3.2, 3.8, 1.9, 8.2, 3.1]","[16.3, 17.3, 19.3, 14.0, 15.2, 13.0, 15.7]","[30.8, 31.3, 31.0, 29.6, 29.1, 29.4, 28.4]",2026-08-14T12:37:06.549778
HUB14-HUB14,2023-09-25,2023-10-01,"[3.3, 7.7, 5.7, 17.0, 30.9, 1.9, 6.9]","[16.6, 10.5, 8.9, 11.0, 12.4, 16.9, 17.5]","[29.1, 30.0, 30.1, 30.9, 30.2, 30.0, 30.2]",2026-08-14T12:37:06.550062
HUB14-HUB14,2023-10-02,2023-10-08,"[0.8, 0.0, 0.0, 0.0, 0.0, 0.0, 0.0]","[15.3, 17.7, 13.4, 13.7, 17.3, 14.8, 10.0]","[30.5, 31.4, 31.4, 31.5, 31.6, 31.9, 31.9]",2026-08-14T12:37:06.550346
HUB14-HUB14,2023-10-09,2023-10-15,"[0.0, 24.6, 0.0, 0.0, 0.0, 0.0, 0.0]","[14.3, 12.2, 13.9, 11.8, 11.2, 11.3, 10.3]","[32.6, 32.0, 33.4, 32.6, 32.4, 32.0, 32.3]",2026-08-14T12:37:06.550626
HUB14-HUB14,2023-10-16,2023-10-22,"[0.8, 0.2, 0.1, 0.0, 0.0, 0.0, 0.0]","[9.8, 9.7, 11.9, 16.2, 12.4, 12.2, 18.9]","[31.0, 31.4, 31.4, 32.6, 32.3, 31.1, 31.5]",2026-08-14T12:37:06.550910
HUB14-HUB14,2023-10-23,2023-10-29,"[0.0, 0.0, 0.0, 0.0, 0.0, 0.1, 1.8]","[16.9, 16.3, 14.9, 15.8, 17.6, 14.0, 10.4]","[30.7, 30.7, 30.9, 30.2, 30.6, 30.9, 31.1]",2026-08-14T12:37:06.551198
HUB14-HUB14,2023-10-30,2023-11-05,"[0.3, 0.0, 0.0, 4.5, 1.9, 1.7, 0.0]","[12.2, 11.8, 8.9, 18.4, 11.8, 12.7, 12.8]","[29.6, 29.9, 30.7, 30.5, 30.8, 30.0, 30.1]",2026-08-14T12:37:06.551480
HUB14-HUB14,2023-11-06,2023-11-12,"[6.5, 8.3, 9.0, 0.0, 0.0, 0.0, 0.0]","[13.8, 14.2, 11.2, 11.3, 11.1, 10.5, 11.8]","[30.2, 29.5, 29.6, 28.9, 29.4, 29.7, 30.7]",2026-08-14T12:37:06.551763
HUB14-HUB14,2023-11-13,2023-11-19,"[0.0, 0.0, 0.0, 0.0, 0.0, 0.0, 0.0]","[9.4, 9.7, 11.3, 10.7, 9.6, 10.7, 13.4]","[30.0, 29.7, 29.4, 29.5, 29.8, 29.7, 29.8]",2026-08-14T12:37:06.552052
HUB14-HUB14,2023-11-20,2023-11-26,"[0.0, 0.9, 0.9, 1.2, 7.2, 0.0, 0.2]","[10.7, 12.9, 11.6, 17.7, 16.4, 17.1, 16.0]","[29.9, 28.8, 29.0, 27.6, 27.1, 28.6, 28.4]",2026-08-14T12:37:06.552332
HUB14-HUB14,2023-11-27,2023-12-03,"[0.0, 5.9, 0.8, 0.0, 0.0, 0.0, 0.0]","[13.8, 14.1, 15.5, 15.6, 14.4, 14.8, 16.5]","[29.0, 29.5, 28.9, 29.3, 29.2, 29.7, 30.2]",2026-08-14T12:37:06.552622
HUB14-HUB14,2023-12-04,2023-12-10,"[1.0, 6.2, 3.1, 0.0, 0.0, 0.0, 0.0]","[18.2, 24.2, 17.7, 11.4, 11.3, 9.0, 10.5]","[28.0, 25.5, 28.8, 27.9, 28.2, 28.6, 28.4]",2026-08-14T12:37:06.552914
HUB14-HUB14,2023-12-11,2023-12-17,"[0.0, 0.0, 0.0, 0.0, 0.0, 0.0, 0.0]","[10.1, 9.7, 11.2, 12.0, 9.9, 10.3, 15.3]","[27.6, 27.5, 27.3, 26.4, 26.7, 26.6, 27.3]",2026-08-14T12:37:06.553200
HUB14-HUB14,2023-12-18,2023-12-24,"[0.0, 0.0, 0.0, 0.0, 0.0, 0.0, 0.0]","[14.2, 12.0, 10.1, 9.4, 10.1, 13.0, 11.3]","[27.1, 26.8, 26.9, 27.9, 28.1, 28.2, 28.4]",2026-08-14T12:37:06.553487
HUB14-HUB14,2023-12-25,2023-12-31,"[0.0, 0.0, 0.0, 0.0, 0.0, 0.0, 0.0]","[9.7, 8.9, 10.9, 12.4, 11.8, 10.8, 10.0]","[28.3, 29.3, 28.3, 27.5, 27.5, 28.0, 27.9]",2026-08-14T12:37:06.553773
HUB14-HUB14,2024-01-01,2024-01-07,"[0.0, 0.0, 0.0, 0.0, 0.0, 0.0, 0.0]","[11.4, 12.1, 14.7, 16.6, 15.6, 18.1, 17.1]","[27.7, 27.3, 27.1, 27.7, 27.6, 27.9, 27.0]",2026-08-14T12:37:06.554057
HUB14-HUB14,2024-01-08,2024-01-14,"[0.0, 0.0, 0.5, 0.0, 0.0, 0.0, 0.0]","[18.5, 19.4, 11.4, 11.0, 10.0, 9.4, 8.4]","[27.4, 28.3, 26.0, 29.5, 30.0, 30.0, 30.3]",2026-08-14T12:37:06.554347
HUB14-HUB14,2024-01-15,2024-01-21,"[0.0, 0.0, 0.0, 0.0, 0.0, 0.0, 0.0]","[9.0, 11.3, 14.0, 12.7, 13.9, 14.0, 13.4]","[29.2, 29.8, 29.8, 28.6, 29.9, 29.0, 30.1]",2026-08-14T12:37:06.554634
HUB14-HUB14,2024-01-22,2024-01-28,"[0.0, 0.0, 0.0, 0.0, 0.0, 0.0, 0.0]","[13.1, 17.4, 13.5, 12.3, 10.9, 12.6, 10.9]","[31.0, 30.7, 29.6, 28.3, 29.6, 29.0, 29.1]",2026-08-14T12:37:06.554919
HUB14-HUB14,2024-01-29,2024-02-04,"[0.0, 0.0, 0.0, 0.0, 0.0, 0.2, 0.0]","[11.1, 13.2, 12.9, 14.3, 9.3, 13.0, 10.8]","[29.2, 29.3, 30.8, 31.1, 30.8, 29.9, 31.3]",2026-08-14T12:37:06.555197
HUB14-HUB14,2024-02-05,2024-02-11,"[0.0, 0.0, 0.0, 0.0, 0.0, 0.0, 0.0]","[9.6, 10.8, 9.2, 9.9, 15.5, 17.9, 18.2]","[32.4, 32.8, 33.4, 33.1, 32.4, 32.3, 32.7]",2026-08-14T12:37:06.555472
HUB14-HUB14,2024-02-12,2024-02-18,"[0.0, 0.0, 0.0, 0.0, 0.0, 0.0, 0.0]","[14.8, 14.7, 13.3, 14.3, 16.7, 14.6, 19.5]","[32.0, 32.3, 32.6, 32.3, 32.0, 33.0, 33.5]",2026-08-14T12:37:06.555751
HUB14-HUB14,2024-02-19,2024-02-25,"[0.0, 0.0, 0.0, 0.0, 0.0, 0.1, 0.4]","[16.2, 12.7, 15.5, 12.8, 14.2, 20.7, 15.9]","[33.6, 33.4, 33.3, 33.0, 32.6, 33.7, 32.0]",2026-08-14T12:37:06.556032
HUB14-HUB14,2024-02-26,2024-03-03,"[0.1, 0.0, 0.0, 0.0, 0.0, 0.0, 0.0]","[19.9, 14.6, 12.8, 13.4, 17.0, 15.0, 16.3]","[32.3, 33.4, 32.9, 33.7, 34.3, 35.4, 35.1]",2026-08-14T12:37:06.556319
HUB14-HUB14,2024-03-04,2024-03-10,"[0.0, 0.0, 0.0, 0.0, 0.0, 0.0, 0.2]","[16.3, 20.5, 14.6, 13.8, 16.2, 13.8, 19.1]","[34.8, 34.6, 36.3, 36.1, 35.8, 36.3, 34.8]",2026-08-14T12:37:06.556597
HUB14-HUB14,2024-03-11,2024-03-17,"[0.0, 0.0, 0.0, 0.0, 0.0, 0.4, 5.7]","[18.4, 12.6, 16.6, 12.2, 21.3, 19.5, 17.7]","[35.6, 36.3, 37.4, 35.4, 37.8, 35.1, 34.9]",2026-08-14T12:37:06.556853
HUB14-HUB14,2024-03-18,2024-03-24,"[0.9, 0.2, 0.2, 0.0, 0.0, 0.0, 0.0]","[13.5, 16.0, 18.7, 14.8, 9.8, 13.4, 14.6]","[34.3, 34.9, 30.8, 33.1, 35.1, 35.4, 35.4]",2026-08-14T12:37:06.557131
HUB14-HUB14,2024-03-25,2024-03-31,"[0.0, 0.0, 0.0, 0.0, 0.0, 0.0, 0.0]","[12.5, 16.9, 13.1, 16.6, 16.2, 13.7, 13.7]","[35.5, 36.9, 37.2, 38.3, 38.7, 38.4, 37.6]",2026-08-14T12:37:06.557545
HUB14-HUB14,2024-04-01,2024-04-07,"[0.0, 0.0, 0.0, 0.0, 0.0, 0.0, 0.0]","[17.3, 10.6, 17.1, 14.2, 10.1, 13.1, 16.6]","[38.0, 37.7, 38.4, 38.8, 39.2, 38.7, 39.5]",2026-08-14T12:37:06.557800
HUB14-HUB14,2024-04-08,2024-04-14,"[0.0, 0.0, 0.0, 0.0, 6.3, 1.8, 0.0]","[22.8, 21.5, 18.4, 21.9, 17.3, 17.6, 13.0]","[37.3, 35.0, 35.6, 35.4, 31.2, 33.1, 36.6]",2026-08-14T12:37:06.558106
HUB14-HUB14,2024-04-15,2024-04-21,"[0.0, 0.0, 0.1, 0.0, 0.1, 0.5, 1.7]","[14.9, 13.4, 9.1, 11.2, 19.1, 17.1, 22.8]","[37.7, 37.8, 37.8, 38.6, 37.8, 36.4, 36.9]",2026-08-14T12:37:06.558362
HUB14-HUB14,2024-04-22,2024-04-28,"[0.0, 0.0, 0.0, 0.0, 0.0, 0.0, 0.0]","[23.1, 12.3, 16.1, 12.0, 10.2, 13.4, 16.9]","[37.0, 39.0, 38.7, 39.0, 40.4, 38.7, 40.5]",2026-08-14T12:37:06.558611
HUB14-HUB14,2024-04-29,2024-05-05,"[0.0, 0.0, 0.0, 0.0, 0.0, 0.0, 0.0]","[14.1, 13.4, 16.1, 17.0, 13.4, 14.7, 16.0]","[39.6, 39.9, 40.5, 39.6, 40.4, 41.4, 40.0]",2026-08-14T12:37:06.558863
HUB14-HUB14,2024-05-06,2024-05-12,"[0.0, 1.6, 0.8, 0.8, 22.9, 0.0, 5.1]","[15.3, 24.5, 19.7, 22.9, 15.1, 13.8, 18.4]","[40.8, 35.1, 36.5, 36.2, 34.8, 37.3, 35.8]",2026-08-14T12:37:06.559109
HUB14-HUB14,2024-05-13,2024-05-19,"[1.6, 0.5, 1.0, 13.5, 2.3, 10.7, 10.3]","[11.7, 16.9, 14.6, 19.2, 18.7, 19.3, 11.4]","[34.9, 35.0, 36.1, 32.9, 32.6, 33.1, 32.8]",2026-08-14T12:37:06.559360
HUB14-HUB14,2024-05-20,2024-05-26,"[9.2, 0.2, 5.5, 0.0, 0.0, 0.5, 0.2]","[12.5, 14.6, 15.1, 11.2, 17.2, 16.9, 26.6]","[32.7, 34.6, 35.2, 36.3, 38.6, 37.0, 37.6]",2026-08-14T12:37:06.559611
HUB14-HUB14,2024-05-27,2024-06-02,"[0.0, 0.0, 0.0, 0.0, 0.0, 0.0, 25.2]","[24.3, 22.3, 24.5, 19.4, 20.5, 15.6, 16.2]","[38.0, 37.0, 38.6, 38.4, 39.5, 39.2, 37.2]",2026-08-14T12:37:06.559856
HUB14-HUB14,2024-06-03,2024-06-09,"[11.9, 7.4, 34.1, 38.3, 4.5, 6.3, 1.6]","[15.5, 14.4, 14.4, 16.5, 17.8, 15.9, 14.3]","[33.6, 33.5, 32.3, 34.1, 32.0, 31.3, 30.9]",2026-08-14T12:37:06.560105
HUB14-HUB14,2024-06-10,2024-06-16,"[10.6, 6.0, 6.2, 32.4, 8.7, 0.8, 2.1]","[19.5, 18.9, 20.2, 20.7, 23.7, 21.7, 19.1]","[29.2, 31.1, 31.1, 32.1, 30.4, 31.6, 31.2]",2026-08-14T12:37:06.560352
HUB14-HUB14,2024-06-17,2024-06-23,"[2.8, 0.4, 6.5, 0.6, 2.8, 15.8, 2.5]","[17.6, 18.9, 19.7, 23.7, 22.8, 16.6, 20.5]","[32.4, 32.6, 30.3, 32.1, 32.3, 29.0, 31.9]",2026-08-14T12:37:06.560602
HUB14-HUB14,2024-06-24,2024-06-30,"[0.1, 7.9, 7.4, 28.0, 8.9, 2.2, 11.8]","[16.5, 22.3, 25.8, 21.8, 25.7, 25.8, 19.7]","[31.5, 32.5, 31.7, 27.5, 28.9, 30.0, 28.6]",2026-08-14T12:37:06.560853
HUB14-HUB14,2024-07-01,2024-07-07,"[1.0, 1.8, 0.0, 0.1, 2.4, 9.9, 9.3]","[26.8, 30.9, 25.1, 24.5, 25.1, 27.6, 19.5]","[28.9, 30.9, 30.7, 31.3, 30.8, 29.6, 28.9]",2026-08-14T12:37:06.561102
HUB14-HUB14,2024-07-08,2024-07-14,"[25.9, 8.6, 2.1, 12.0, 3.3, 3.6, 17.7]","[15.3, 17.9, 20.1, 21.6, 24.5, 28.2, 23.0]","[29.1, 29.3, 31.2, 31.0, 30.9, 30.5, 26.2]",2026-08-14T12:37:06.561354
HUB14-HUB14,2024-07-15,2024-07-21,"[5.4, 8.8, 3.6, 10.8, 28.3, 20.6, 13.5]","[23.0, 23.9, 28.7, 26.7, 27.9, 34.2, 28.4]","[29.1, 29.8, 28.7, 27.6, 27.5, 25.9, 27.7]",2026-08-14T12:37:06.561603
HUB14-HUB14,2024-07-22,2024-07-28,"[10.2, 11.9, 25.7, 18.2, 13.5, 10.5, 4.8]","[28.2, 32.2, 28.4, 28.9, 29.6, 27.8, 32.4]","[25.8, 26.6, 24.6, 24.9, 27.2, 25.5, 28.7]",2026-08-14T12:37:06.561847
HUB14-HUB14,2024-07-29,2024-08-04,"[3.8, 0.0, 1.5, 3.7, 11.5, 0.4, 4.9]","[24.0, 25.1, 26.3, 23.4, 29.2, 30.3, 24.9]","[29.3, 29.9, 29.6, 29.0, 27.4, 28.2, 29.0]",2026-08-14T12:37:06.562088
HUB14-HUB14,2024-08-05,2024-08-11,"[0.5, 5.5, 22.2, 7.9, 3.6, 0.4, 0.2]","[21.4, 21.5, 18.9, 18.5, 15.6, 14.8, 16.1]","[30.2, 29.1, 25.1, 29.0, 30.3, 30.3, 29.4]",2026-08-14T12:37:06.562332
HUB14-HUB14,2024-08-12,2024-08-18,"[39.0, 2.2, 0.2, 1.1, 26.6, 3.2, 7.8]","[11.7, 10.2, 10.1, 11.4, 20.0, 10.8, 9.3]","[28.2, 30.4, 30.8, 31.0, 31.2, 30.4, 31.2]",2026-08-14T12:37:06.562576
HUB14-HUB14,2024-08-19,2024-08-25,"[17.3, 8.2, 7.4, 6.9, 0.2, 12.7, 9.1]","[8.0, 7.6, 12.0, 17.5, 22.2, 27.2, 26.9]","[28.8, 29.9, 31.2, 30.1, 28.4, 27.3, 27.0]",2026-08-14T12:37:06.562818
HUB14-HUB14,2024-08-26,2024-09-01,"[1.8, 4.0, 3.3, 1.0, 15.9, 25.0, 72.0]","[28.0, 26.4, 27.4, 22.2, 19.8, 27.1, 28.3]","[29.2, 29.7, 29.3, 29.2, 24.8, 25.1, 23.1]",2026-08-14T12:37:06.563062
HUB14-HUB14,2024-09-02,2024-09-08,"[19.6, 8.8, 7.9, 3.7, 2.9, 10.3, 16.1]","[26.8, 25.0, 28.2, 23.2, 21.4, 21.7, 18.4]","[25.1, 27.6, 28.1, 29.4, 29.0, 26.5, 26.4]",2026-08-14T12:37:06.563308
HUB14-HUB14,2024-09-09,2024-09-15,"[12.9, 2.5, 0.1, 0.0, 0.0, 0.0, 0.0]","[22.0, 24.2, 24.9, 23.8, 21.5, 21.9, 20.8]","[25.0, 29.3, 29.4, 28.7, 28.7, 29.2, 29.4]",2026-08-14T12:37:06.563549
HUB14-HUB14,2024-09-16,2024-09-22,"[0.8, 0.0, 0.1, 0.0, 0.4, 6.1, 2.4]","[21.2, 21.7, 14.7, 8.5, 14.7, 16.1, 17.3]","[27.8, 29.8, 29.5, 30.4, 30.9, 29.5, 29.3]",2026-08-14T12:37:06.563793
HUB14-HUB14,2024-09-23,2024-09-29,"[20.0, 13.6, 14.6, 8.6, 0.0, 0.0, 0.8]","[11.7, 11.1, 13.9, 20.2, 18.8, 13.9, 6.1]","[29.2, 29.3, 28.7, 27.8, 29.0, 29.6, 30.7]",2026-08-14T12:37:06.564035
HUB14-HUB14,2024-09-30,2024-10-06,"[3.7, 2.7, 3.1, 1.1, 0.1, 2.2, 1.4]","[8.3, 11.2, 19.5, 14.8, 12.3, 18.2, 19.8]","[29.9, 31.2, 31.8, 31.5, 30.7, 30.4, 30.7]",2026-08-14T12:37:06.564279
HUB14-HUB14,2024-10-07,2024-10-13,"[2.1, 0.2, 2.7, 1.4, 1.7, 4.4, 2.7]","[15.3, 12.2, 15.7, 16.3, 19.7, 16.1, 13.8]","[30.0, 29.7, 30.2, 29.2, 29.7, 29.5, 29.7]",2026-08-14T12:37:06.564522
HUB14-HUB14,2024-10-14,2024-10-20,"[0.2, 11.0, 6.6, 7.8, 2.6, 0.9, 5.9]","[10.6, 15.0, 15.9, 20.5, 18.4, 19.1, 14.3]","[28.6, 29.4, 29.4, 29.0, 28.8, 30.3, 29.4]",2026-08-14T12:37:06.564754
HUB14-HUB14,2024-10-21,2024-10-27,"[1.2, 6.1, 0.0, 0.0, 0.0, 0.4, 0.0]","[11.6, 10.0, 13.3, 11.3, 15.1, 19.2, 12.5]","[29.6, 29.5, 30.5, 30.7, 30.1, 30.2, 30.5]",2026-08-14T12:37:06.564973
HUB14-HUB14,2024-10-28,2024-11-03,"[0.0, 0.1, 6.5, 11.3, 6.1, 1.6, 1.2]","[7.2, 8.3, 16.4, 10.4, 12.2, 14.1, 14.2]","[30.3, 30.5, 30.2, 28.7, 30.1, 29.2, 28.4]",2026-08-14T12:37:06.565193
HUB14-HUB14,2024-11-04,2024-11-10,"[0.0, 0.0, 0.0, 0.0, 0.0, 0.0, 0.0]","[10.5, 11.2, 12.7, 9.5, 10.3, 11.0, 12.4]","[29.5, 29.7, 30.2, 29.8, 29.6, 29.8, 29.9]",2026-08-14T12:37:06.565429
HUB14-HUB14,2024-11-11,2024-11-17,"[0.0, 0.0, 0.0, 1.0, 1.4, 0.0, 0.0]","[14.5, 12.9, 11.8, 11.6, 10.1, 9.9, 10.0]","[29.3, 29.9, 30.3, 29.5, 30.7, 30.6, 29.5]",2026-08-14T12:37:06.565649
HUB14-HUB14,2024-11-18,2024-11-24,"[0.0, 0.0, 0.0, 0.0, 0.0, 0.0, 0.0]","[9.8, 10.2, 8.6, 7.5, 9.6, 8.3, 9.6]","[28.6, 28.3, 28.1, 28.3, 28.6, 28.3, 28.4]",2026-08-14T12:37:06.565879
HUB14-HUB14,2024-11-25,2024-12-01,"[0.0, 0.0, 0.0, 0.0, 0.0, 0.0, 0.7]","[10.4, 12.2, 10.7, 15.7, 10.8, 14.9, 14.5]","[27.5, 28.8, 27.5, 26.9, 29.0, 29.1, 28.1]",2026-08-14T12:37:06.566100
HUB14-HUB14,2024-12-02,2024-12-08,"[4.2, 3.5, 0.8, 12.2, 3.1, 1.4, 1.1]","[12.8, 13.5, 11.2, 8.7, 10.3, 8.7, 8.3]","[27.3, 27.4, 28.3, 27.4, 29.1, 30.0, 28.7]",2026-08-14T12:37:06.566319
HUB14-HUB14,2024-12-09,2024-12-15,"[1.0, 0.6, 0.0, 0.0, 0.0, 0.0, 0.0]","[8.3, 13.0, 9.3, 7.7, 8.8, 8.8, 8.0]","[27.8, 28.2, 27.2, 27.4, 26.9, 26.6, 26.6]",2026-08-14T12:37:06.566538
HUB14-HUB14,2024-12-16,2024-12-22,"[0.0, 0.0, 0.0, 0.0, 0.0, 0.0, 0.0]","[7.1, 7.5, 8.3, 9.6, 8.1, 9.3, 10.9]","[27.0, 27.5, 28.0, 28.9, 29.4, 29.9, 28.5]",2026-08-14T12:37:06.566758
HUB14-HUB14,2024-12-23,2024-12-29,"[0.0, 0.0, 0.1, 0.5, 1.9, 0.0, 0.0]","[8.9, 13.2, 12.1, 14.1, 17.2, 12.1, 9.4]","[28.6, 28.5, 27.7, 25.9, 26.4, 27.9, 28.9]",2026-08-14T12:37:06.566973
HUB14-HUB14,2024-12-30,2025-01-05,"[0.0, 0.0, 0.0, 0.0, 0.0, 0.0, 0.0]","[9.0, 8.2, 10.2, 9.7, 9.4, 9.9, 9.5]","[30.0, 28.7, 28.6, 28.2, 28.9, 28.9, 28.2]",2026-08-14T12:37:06.567194
HUB14-HUB14,2025-01-06,2025-01-12,"[0.0, 0.0, 0.0, 0.0, 0.0, 0.0, 0.0]","[8.8, 10.4, 9.2, 11.3, 12.5, 12.5, 11.0]","[27.5, 28.6, 27.2, 25.8, 26.4, 26.8, 27.7]",2026-08-14T12:37:06.567413
HUB14-HUB14,2025-01-13,2025-01-19,"[0.0, 0.0, 0.0, 0.0, 0.0, 0.0, 0.0]","[11.7, 10.8, 12.2, 10.8, 12.0, 10.9, 9.7]","[28.7, 28.5, 28.1, 28.2, 28.4, 26.9, 29.3]",2026-08-14T12:37:06.567631
HUB14-HUB14,2025-01-20,2025-01-26,"[0.0, 0.0, 0.0, 0.0, 0.0, 0.0, 0.0]","[9.7, 9.6, 9.9, 11.6, 10.1, 9.8, 9.5]","[29.5, 30.5, 30.1, 29.6, 30.6, 31.3, 30.1]",2026-08-14T12:37:06.567844
HUB14-HUB14,2025-01-27,2025-02-02,"[0.0, 0.0, 0.0, 0.0, 0.0, 0.0, 0.0]","[9.9, 10.9, 10.9, 9.2, 10.7, 9.7, 11.0]","[31.2, 31.0, 30.5, 31.0, 32.4, 32.2, 32.3]",2026-08-14T12:37:06.568061
HUB14-HUB14,2025-02-03,2025-02-09,"[0.0, 0.0, 0.0, 0.0, 0.0, 0.0, 0.0]","[11.2, 10.2, 12.4, 12.7, 10.7, 11.2, 10.3]","[32.2, 33.1, 33.4, 32.4, 32.1, 32.3, 31.6]",2026-08-14T12:37:06.568277
HUB14-HUB14,2025-02-10,2025-02-16,"[0.0, 0.0, 0.0, 0.0, 0.0, 0.0, 0.0]","[12.2, 12.0, 10.9, 9.8, 6.4, 10.9, 8.8]","[32.3, 33.7, 34.4, 33.6, 32.8, 32.9, 33.5]",2026-08-14T12:37:06.568490
HUB14-HUB14,2025-02-17,2025-02-23,"[0.0, 0.0, 0.0, 0.5, 0.0, 0.0, 0.0]","[11.6, 11.8, 9.3, 8.6, 9.6, 11.0, 12.9]","[34.3, 34.7, 34.0, 33.9, 32.8, 33.9, 33.2]",2026-08-14T12:37:06.568706
HUB14-HUB14,2025-02-24,2025-03-02,"[0.0, 0.0, 0.0, 0.0, 0.0, 0.0, 0.0]","[10.9, 10.8, 10.7, 10.2, 10.1, 11.6, 11.7]","[32.3, 31.8, 31.8, 32.4, 32.5, 32.8, 34.5]",2026-08-14T12:37:06.568926
HUB14-HUB14,2025-03-03,2025-03-09,"[0.0, 0.0, 0.0, 0.0, 0.0, 0.0, 0.0]","[11.9, 13.5, 11.5, 11.1, 9.7, 9.9, 12.7]","[35.6, 36.0, 33.7, 32.5, 33.4, 35.8, 34.7]",2026-08-14T12:37:06.569144
HUB14-HUB14,2025-03-10,2025-03-16,"[0.0, 0.0, 0.0, 0.0, 0.0, 0.0, 0.0]","[12.2, 13.4, 10.8, 9.4, 10.5, 13.9, 12.7]","[32.6, 33.6, 35.8, 37.6, 37.4, 37.4, 37.2]",2026-08-14T12:37:06.569359
HUB14-HUB14,2025-03-17,2025-03-23,"[0.0, 0.0, 0.0, 0.0, 0.0, 0.5, 0.1]","[12.1, 13.6, 13.9, 13.8, 18.1, 11.3, 9.1]","[37.6, 37.0, 36.1, 35.3, 35.8, 33.8, 32.3]",2026-08-14T12:37:06.569573
HUB14-HUB14,2025-03-24,2025-03-30,"[0.0, 0.0, 0.0, 0.0, 0.0, 0.0, 0.0]","[9.4, 10.1, 13.1, 15.4, 8.4, 8.0, 13.3]","[33.3, 34.5, 36.2, 37.5, 37.8, 37.6, 38.1]",2026-08-14T12:37:06.569789
HUB14-HUB14,2025-03-31,2025-04-06,"[0.0, 0.0, 0.0, 9.4, 3.0, 0.0, 0.0]","[11.7, 12.3, 11.8, 11.3, 11.7, 6.6, 8.3]","[37.0, 35.2, 32.8, 30.3, 30.6, 32.5, 34.5]",2026-08-14T12:37:06.570009
HUB14-HUB14,2025-04-07,2025-04-13,"[0.0, 0.1, 0.0, 0.0, 0.0, 0.0, 0.0]","[11.5, 10.4, 13.1, 11.9, 16.4, 14.1, 10.4]","[36.1, 35.6, 36.8, 37.1, 37.0, 37.1, 37.0]",2026-08-14T12:37:06.570221
HUB14-HUB14,2025-04-14,2025-04-20,"[0.0, 0.0, 0.0, 0.3, 0.0, 1.7, 0.0]","[10.9, 11.2, 15.1, 10.3, 10.1, 8.6, 9.4]","[36.9, 36.2, 36.2, 35.9, 37.2, 35.3, 37.9]",2026-08-14T12:37:06.570438
HUB14-HUB14,2025-04-21,2025-04-27,"[0.1, 0.1, 0.0, 0.0, 0.0, 0.0, 8.2]","[11.5, 9.0, 9.9, 11.9, 9.8, 9.6, 11.1]","[37.8, 38.5, 38.3, 38.7, 38.4, 37.6, 32.9]",2026-08-14T12:37:06.570657
HUB14-HUB14,2025-04-28,2025-05-04,"[0.0, 0.0, 0.0, 0.0, 0.0, 0.0, 0.0]","[9.5, 11.1, 12.2, 11.9, 12.6, 12.1, 14.5]","[37.0, 36.9, 38.4, 37.9, 38.7, 38.6, 38.5]",2026-08-14T12:37:06.570875
HUB14-HUB14,2025-05-05,2025-05-11,"[0.0, 0.0, 0.8, 0.0, 0.0, 0.0, 0.2]","[10.6, 9.2, 11.9, 9.9, 12.8, 10.0, 10.4]","[37.5, 36.8, 36.0, 35.2, 35.6, 36.5, 37.6]",2026-08-14T12:37:06.571089
HUB14-HUB14,2025-05-12,2025-05-18,"[0.0, 0.0, 0.2, 11.5, 0.3, 0.6, 1.5]","[12.6, 11.9, 12.2, 10.4, 9.9, 9.9, 10.9]","[37.0, 36.5, 36.9, 33.6, 35.5, 34.9, 35.2]",2026-08-14T12:37:06.571306
HUB14-HUB14,2025-05-19,2025-05-25,"[8.8, 1.9, 24.5, 5.4, 1.0, 1.6, 2.6]","[14.7, 13.8, 10.1, 12.5, 17.2, 10.9, 16.3]","[34.0, 34.5, 30.2, 30.8, 31.5, 31.1, 30.4]",2026-08-14T12:37:06.571521
HUB14-HUB14,2025-05-26,2025-06-01,"[2.0, 1.5, 3.5, 4.5, 1.8, 0.0, 0.2]","[10.1, 14.8, 17.9, 13.7, 17.3, 16.5, 16.4]","[28.8, 30.7, 28.0, 30.9, 32.2, 33.6, 33.0]",2026-08-14T12:37:06.571737
HUB14-HUB14,2025-06-02,2025-06-08,"[1.1, 0.2, 0.1, 0.7, 0.2, 0.0, 0.6]","[17.7, 13.9, 13.1, 10.1, 8.5, 12.3, 12.6]","[31.9, 31.8, 33.0, 32.5, 33.8, 35.4, 35.1]",2026-08-14T12:37:06.571955
HUB14-HUB14,2025-06-09,2025-06-15,"[6.2, 1.6, 2.6, 10.0, 0.9, 1.6, 5.4]","[14.4, 15.2, 15.7, 10.1, 8.0, 11.4, 16.9]","[28.6, 31.5, 30.1, 31.1, 32.1, 31.4, 30.9]",2026-08-14T12:37:06.572169
HUB14-HUB14,2025-06-16,2025-06-22,"[1.6, 0.1, 0.2, 2.3, 0.2, 0.3, 1.0]","[25.1, 21.0, 21.1, 26.7, 20.6, 19.3, 21.8]","[30.2, 31.8, 31.4, 31.6, 31.6, 32.5, 33.0]",2026-08-14T12:37:06.572384
HUB14-HUB14,2025-06-23,2025-06-29,"[0.5, 12.4, 7.2, 9.8, 1.6, 0.3, 1.5]","[22.9, 23.8, 19.4, 18.2, 20.3, 23.0, 23.3]","[31.7, 29.4, 28.9, 30.0, 30.4, 32.0, 32.0]",2026-08-14T12:37:06.572599
HUB14-HUB14,2025-06-30,2025-07-06,"[8.7, 9.6, 4.9, 1.8, 11.5, 2.9, 2.4]","[24.1, 19.1, 15.7, 20.0, 23.5, 23.3, 22.9]","[30.6, 28.0, 27.8, 27.7, 29.9, 29.9, 30.8]",2026-08-14T12:37:06.572798
HUB14-HUB14,2025-07-07,2025-07-13,"[3.0, 1.7, 0.6, 0.7, 0.3, 1.3, 0.0]","[20.7, 22.8, 20.8, 16.8, 13.1, 16.2, 16.9]","[28.9, 29.8, 29.9, 31.4, 31.6, 32.2, 32.0]",2026-08-14T12:37:06.572997
HUB14-HUB14,2025-07-14,2025-07-20,"[1.2, 2.7, 4.3, 7.0, 12.5, 8.5, 2.1]","[19.4, 20.0, 14.2, 12.8, 9.9, 9.8, 11.8]","[32.3, 31.2, 32.2, 31.3, 31.1, 30.2, 29.5]",2026-08-14T12:37:06.573196
HUB14-HUB14,2025-07-21,2025-07-27,"[3.0, 5.5, 8.1, 8.5, 14.9, 23.5, 0.9]","[13.4, 16.7, 19.0, 18.0, 20.9, 22.8, 27.1]","[30.3, 29.0, 27.6, 25.7, 26.6, 24.5, 29.3]",2026-08-14T12:37:06.573401
HUB14-HUB14,2025-07-28,2025-08-03,"[0.0, 0.5, 2.9, 1.0, 0.0, 0.2, 0.6]","[27.2, 27.2, 22.1, 20.6, 18.2, 11.9, 9.2]","[29.9, 29.6, 28.5, 29.3, 30.3, 30.8, 30.7]",2026-08-14T12:37:06.573601
HUB14-HUB14,2025-08-04,2025-08-10,"[4.1, 6.6, 7.0, 23.7, 3.9, 5.4, 15.0]","[6.2, 7.3, 9.6, 7.6, 7.2, 9.8, 11.7]","[31.1, 29.6, 31.5, 30.0, 29.5, 28.1, 28.5]",2026-08-14T12:37:06.573874
HUB14-HUB14,2025-08-11,2025-08-17,"[9.7, 4.4, 11.8, 8.8, 4.8, 2.0, 7.5]","[14.1, 16.4, 17.3, 14.2, 18.1, 21.2, 17.4]","[28.6, 28.5, 26.3, 27.4, 27.6, 26.9, 26.6]",2026-08-14T12:37:06.574237
HUB14-HUB14,2025-08-18,2025-08-24,"[15.6, 7.4, 2.8, 0.1, 0.1, 0.1, 0.1]","[23.4, 25.5, 21.8, 20.8, 19.1, 20.9, 21.1]","[25.7, 26.9, 27.5, 29.4, 28.9, 28.8, 29.2]",2026-08-14T12:37:06.574444
HUB14-HUB14,2025-08-25,2025-08-31,"[0.1, 19.8, 25.8, 17.6, 1.7, 0.4, 2.9]","[21.0, 18.3, 17.0, 19.3, 18.2, 17.8, 16.2]","[29.4, 26.7, 26.7, 26.5, 28.6, 29.6, 28.0]",2026-08-14T12:37:06.574647
HUB14-HUB14,2025-09-01,2025-09-07,"[8.7, 4.5, 0.2, 0.3, 0.6, 0.2, 0.0]","[18.3, 21.0, 16.7, 18.7, 15.8, 13.9, 13.6]","[27.9, 27.0, 28.8, 29.4, 29.1, 28.9, 29.3]",2026-08-14T12:37:06.574848
HUB14-HUB14,2025-09-08,2025-09-14,"[0.5, 0.9, 12.2, 20.5, 6.6, 11.5, 7.2]","[9.7, 8.7, 10.4, 14.7, 12.8, 9.6, 10.1]","[30.0, 31.8, 30.7, 26.7, 25.7, 27.2, 29.3]",2026-08-14T12:37:06.575048
HUB14-HUB14,2025-09-15,2025-09-21,"[4.5, 7.6, 1.2, 6.3, 16.2, 2.2, 9.3]","[13.4, 10.1, 7.2, 10.0, 11.2, 11.6, 11.6]","[28.9, 29.4, 28.8, 30.0, 30.3, 30.0, 29.7]",2026-08-14T12:37:06.575250
HUB14-HUB14,2025-09-22,2025-09-28,"[6.8, 10.2, 0.0, 6.0, 16.9, 10.5, 3.3]","[11.7, 16.8, 19.1, 18.0, 17.8, 14.5, 19.2]","[28.4, 28.7, 28.3, 25.7, 27.7, 25.1, 27.1]",2026-08-14T12:37:06.575449
HUB14-HUB14,2025-09-29,2025-10-05,"[0.0, 0.1, 0.2, 0.0, 0.0, 0.8, 2.3]","[14.8, 13.6, 16.4, 13.5, 15.9, 11.6, 12.4]","[29.2, 28.4, 29.2, 27.9, 29.7, 29.7, 29.6]",2026-08-14T12:37:06.575653
HUB14-HUB14,2025-10-06,2025-10-12,"[10.2, 3.4, 0.7, 1.1, 0.0, 0.0, 0.0]","[12.2, 9.5, 9.5, 8.4, 9.7, 12.9, 9.4]","[29.6, 28.5, 30.4, 29.2, 30.7, 30.8, 31.4]",2026-08-14T12:37:06.575857
HUB14-HUB14,2025-10-13,2025-10-19,"[0.2, 2.1, 0.7, 0.0, 0.7, 0.0, 1.3]","[10.4, 12.5, 13.0, 13.9, 14.0, 11.2, 13.8]","[28.1, 28.9, 29.7, 31.0, 31.2, 31.7, 31.1]",2026-08-14T12:37:06.576057
HUB14-HUB14,2025-10-20,2025-10-26,"[10.8, 2.2, 5.1, 5.5, 12.0, 20.4, 1.0]","[9.4, 14.7, 15.5, 17.3, 10.8, 10.0, 10.9]","[29.8, 30.4, 29.8, 26.7, 25.7, 27.0, 28.0]",2026-08-14T12:37:06.576260
HUB14-HUB14,2025-10-27,2025-11-02,"[2.3, 16.8, 26.7, 0.2, 0.0, 0.1, 0.4]","[7.0, 16.2, 18.2, 19.5, 14.3, 9.0, 13.8]","[28.8, 27.8, 23.8, 28.4, 28.5, 28.7, 29.1]",2026-08-14T12:37:06.576463
HUB14-HUB14,2025-11-03,2025-11-09,"[1.0, 1.6, 0.0, 0.0, 0.0, 0.0, 0.0]","[12.6, 10.1, 9.7, 8.5, 9.9, 8.9, 8.3]","[28.8, 28.2, 29.7, 28.7, 29.5, 28.9, 28.0]",2026-08-14T12:37:06.576664
HUB14-HUB14,2025-11-10,2025-11-16,"[0.0, 0.0, 0.0, 0.0, 0.0, 0.0, 0.0]","[6.5, 9.7, 9.3, 9.8, 8.9, 8.4, 9.8]","[28.8, 29.3, 29.5, 29.0, 28.2, 27.8, 27.9]",2026-08-14T12:37:06.576860
HUB14-HUB14,2025-11-17,2025-11-23,"[0.0, 0.0, 0.0, 0.0, 0.0, 0.0, 0.0]","[10.7, 8.9, 8.3, 8.7, 10.8, 10.5, 8.8]","[27.7, 29.1, 29.0, 28.9, 29.7, 30.5, 31.2]",2026-08-14T12:37:06.577063
HUB14-HUB14,2025-11-24,2025-11-30,"[0.0, 0.0, 0.0, 0.0, 0.0, 0.0, 0.0]","[9.7, 9.7, 11.3, 11.1, 11.1, 9.8, 9.6]","[30.2, 29.3, 29.0, 28.5, 28.1, 27.0, 26.9]",2026-08-14T12:37:06.577263
HUB14-HUB14,2025-12-01,2025-12-07,"[0.2, 0.0, 0.0, 0.1, 0.0, 0.0, 0.0]","[10.1, 12.4, 10.2, 9.4, 11.6, 9.2, 10.6]","[28.3, 28.8, 28.5, 28.4, 28.2, 28.3, 29.1]",2026-08-14T12:37:06.577464
HUB14-HUB14,2025-12-08,2025-12-14,"[0.0, 0.0, 0.0, 0.0, 0.0, 0.0, 0.0]","[11.1, 13.5, 12.3, 9.9, 8.8, 9.2, 8.5]","[28.9, 28.8, 28.6, 28.3, 28.2, 28.3, 28.3]",2026-08-14T12:37:06.577664
HUB14-HUB14,2025-12-15,2025-12-21,"[0.0, 0.0, 0.0, 0.0, 0.0, 0.0, 0.0]","[8.3, 8.0, 9.2, 10.3, 10.3, 9.8, 8.3]","[27.7, 27.9, 29.2, 29.0, 27.5, 27.3, 27.0]",2026-08-14T12:37:06.577859
HUB14-HUB14,2025-12-22,2025-12-28,"[0.0, 0.0, 0.0, 0.0, 0.0, 0.0, 0.0]","[8.3, 10.1, 8.6, 8.3, 8.7, 8.0, 8.0]","[27.5, 27.5, 27.1, 26.8, 26.6, 26.9, 26.8]",2026-08-14T12:37:06.578053
HUB14-HUB14,2025-12-29,2026-01-04,"[0.0, 0.0, 0.0, 0.0, 0.0, 0.0, 0.0]","[8.0, 5.1, 9.4, 13.6, 10.1, 10.7, 10.7]","[26.6, 28.0, 28.3, 29.1, 28.9, 27.6, 26.7]",2026-08-14T12:37:06.578253
HUB14-HUB14,2026-01-05,2026-01-11,"[0.0, 0.0, 0.0, 0.0, 0.0, 0.0, 0.0]","[9.9, 10.5, 11.3, 10.3, 11.6, 10.8, 9.7]","[26.8, 26.6, 26.6, 26.0, 25.3, 25.5, 25.6]",2026-08-14T12:37:06.578451
HUB14-HUB14,2026-01-12,2026-01-18,"[0.0, 0.0, 0.2, 0.0, 0.0, 0.0, 0.0]","[10.2, 9.6, 8.5, 8.3, 8.4, 8.7, 7.9]","[26.6, 29.5, 29.6, 28.8, 28.7, 29.6, 30.2]",2026-08-14T12:37:06.578634
HUB14-HUB14,2026-01-19,2026-01-25,"[0.0, 0.0, 0.0, 0.0, 0.0, 0.0, 0.0]","[11.1, 11.2, 11.7, 11.6, 11.6, 11.2, 9.6]","[29.7, 28.4, 27.2, 27.0, 26.8, 28.2, 28.6]",2026-08-14T12:37:06.578821
HUB14-HUB14,2026-01-26,2026-01-31,"[0.0, 0.0, 0.0, 0.0, 0.0, 0.0]","[10.9, 10.5, 9.7, 10.7, 10.7, 10.9]","[28.7, 28.7, 30.1, 29.2, 28.6, 27.7]",2026-08-14T12:37:06.579009
HUB15-HUB15,2023-01-01,2023-01-01,[0.0],[10.0],[27.4],2026-08-14T12:37:08.537665
HUB15-HUB15,2023-01-02,2023-01-08,"[0.0, 0.0, 0.1, 0.2, 0.0, 0.0, 0.0]","[11.4, 9.2, 11.9, 11.8, 10.2, 9.9, 9.9]","[27.3, 27.8, 25.3, 26.5, 26.5, 25.4, 26.2]",2026-08-14T12:37:08.538221
HUB15-HUB15,2023-01-09,2023-01-15,"[0.0, 0.0, 0.0, 0.0, 0.0, 0.0, 0.0]","[8.6, 9.5, 10.0, 9.2, 11.8, 11.0, 10.6]","[27.3, 28.5, 28.1, 28.5, 29.1, 28.0, 27.6]",2026-08-14T12:37:08.538985
HUB15-HUB15,2023-01-16,2023-01-22,"[0.0, 0.0, 0.0, 0.0, 0.0, 0.0, 0.0]","[9.5, 10.9, 10.0, 7.9, 12.0, 12.1, 10.6]","[28.0, 29.0, 28.7, 29.0, 29.6, 29.8, 29.9]",2026-08-14T12:37:08.539628
HUB15-HUB15,2023-01-23,2023-01-29,"[0.0, 0.0, 0.0, 0.0, 0.0, 0.0, 0.0]","[9.6, 10.2, 11.9, 8.9, 11.1, 10.8, 13.0]","[29.6, 29.9, 29.7, 29.0, 30.0, 30.3, 30.7]",2026-08-14T12:37:08.540130
HUB15-HUB15,2023-01-30,2023-02-05,"[0.4, 0.0, 0.0, 0.0, 0.0, 0.0, 0.0]","[12.2, 13.5, 11.8, 11.0, 9.7, 8.2, 11.6]","[30.6, 30.6, 29.3, 28.7, 29.5, 29.8, 30.1]",2026-08-14T12:37:08.541018
HUB15-HUB15,2023-02-06,2023-02-12,"[0.0, 0.0, 0.0, 0.0, 0.0, 0.0, 0.0]","[10.3, 13.9, 11.0, 10.2, 10.4, 15.2, 15.6]","[31.0, 31.4, 31.2, 31.4, 33.9, 34.1, 32.1]",2026-08-14T12:37:08.541804
HUB15-HUB15,2023-02-13,2023-02-19,"[0.0, 0.0, 0.0, 0.0, 0.0, 0.0, 0.0]","[11.7, 9.7, 10.8, 14.8, 11.5, 13.3, 12.3]","[30.5, 31.1, 33.4, 34.6, 32.0, 32.3, 33.3]",2026-08-14T12:37:08.542329
HUB15-HUB15,2023-02-20,2023-02-26,"[0.0, 0.0, 0.0, 0.0, 0.0, 0.0, 0.0]","[10.8, 10.3, 11.8, 14.0, 11.7, 11.3, 12.2]","[34.5, 35.6, 35.1, 34.9, 34.9, 34.7, 34.6]",2026-08-14T12:37:08.542816
HUB15-HUB15,2023-02-27,2023-03-05,"[0.0, 0.0, 0.0, 0.0, 0.0, 0.0, 0.0]","[16.3, 10.4, 13.0, 9.7, 11.1, 12.7, 15.3]","[34.8, 34.6, 34.2, 34.9, 35.6, 35.7, 34.8]",2026-08-14T12:37:08.543267
HUB15-HUB15,2023-03-06,2023-03-12,"[0.5, 0.3, 0.0, 0.0, 0.0, 0.0, 0.0]","[19.4, 23.5, 12.0, 17.1, 14.8, 13.1, 10.9]","[35.1, 29.9, 33.3, 33.7, 33.5, 35.0, 35.6]",2026-08-14T12:37:08.543699
HUB15-HUB15,2023-03-13,2023-03-19,"[0.0, 1.1, 0.0, 1.0, 3.3, 9.8, 1.4]","[15.3, 22.2, 22.1, 20.1, 18.0, 10.5, 19.6]","[37.1, 36.0, 34.8, 30.0, 29.7, 27.3, 29.3]",2026-08-14T12:37:08.544132
HUB15-HUB15,2023-03-20,2023-03-26,"[0.0, 0.0, 0.0, 0.0, 0.0, 0.0, 13.8]","[13.8, 14.8, 15.9, 11.3, 10.4, 16.6, 17.0]","[30.5, 31.1, 32.8, 33.4, 35.4, 36.0, 34.0]",2026-08-14T12:37:08.544591
HUB15-HUB15,2023-03-27,2023-04-02,"[0.0, 0.0, 0.0, 0.0, 0.0, 0.0, 0.0]","[20.6, 20.0, 16.0, 18.4, 20.9, 15.9, 18.6]","[36.0, 36.7, 37.7, 38.1, 34.4, 35.3, 35.5]",2026-08-14T12:37:08.545071
HUB15-HUB15,2023-04-03,2023-04-09,"[0.0, 0.0, 0.0, 0.0, 4.4, 0.6, 5.7]","[16.2, 17.7, 16.8, 17.3, 25.1, 11.0, 25.1]","[37.2, 37.9, 36.8, 37.2, 37.8, 32.9, 35.5]",2026-08-14T12:37:08.545578
HUB15-HUB15,2023-04-10,2023-04-16,"[0.0, 0.0, 0.0, 0.0, 0.0, 0.9, 0.0]","[10.7, 11.0, 10.5, 19.4, 23.9, 21.0, 12.0]","[37.0, 39.3, 39.8, 41.0, 40.0, 35.4, 39.8]",2026-08-14T12:37:08.546086
HUB15-HUB15,2023-04-17,2023-04-23,"[0.0, 0.0, 0.0, 0.1, 0.0, 2.6, 0.1]","[11.2, 21.6, 21.2, 19.9, 15.6, 15.4, 15.0]","[40.5, 41.7, 41.6, 39.3, 37.7, 37.4, 35.7]",2026-08-14T12:37:08.546554
HUB15-HUB15,2023-04-24,2023-04-30,"[1.8, 1.5, 0.0, 4.7, 17.3, 15.4, 56.7]","[13.5, 17.1, 11.5, 20.5, 16.6, 13.8, 17.3]","[34.8, 33.9, 34.0, 32.5, 33.3, 32.3, 28.5]",2026-08-14T12:37:08.546962
HUB15-HUB15,2023-05-01,2023-05-07,"[1.0, 10.2, 30.7, 1.6, 4.6, 0.0, 1.6]","[11.8, 14.0, 12.0, 19.6, 15.6, 14.4, 17.4]","[29.1, 29.9, 27.8, 31.4, 32.7, 35.1, 36.9]",2026-08-14T12:37:08.547368
HUB15-HUB15,2023-05-08,2023-05-14,"[0.0, 0.0, 0.0, 0.0, 0.0, 0.0, 0.0]","[15.0, 22.7, 14.1, 12.8, 18.7, 19.8, 24.5]","[38.3, 38.7, 40.2, 40.9, 41.3, 42.3, 43.8]",2026-08-14T12:37:08.547787
HUB15-HUB15,2023-05-15,2023-05-21,"[0.0, 0.0, 0.0, 0.2, 0.0, 0.0, 1.2]","[22.1, 23.3, 21.5, 15.5, 20.9, 20.1, 17.9]","[41.8, 40.1, 40.0, 41.4, 42.1, 42.3, 42.6]",2026-08-14T12:37:08.548162
HUB15-HUB15,2023-05-22,2023-05-28,"[0.1, 0.0, 0.0, 0.0, 0.0, 0.0, 0.0]","[17.7, 12.9, 16.5, 23.4, 24.5, 19.6, 22.1]","[39.5, 41.8, 41.6, 41.0, 38.5, 40.6, 40.6]",2026-08-14T12:37:08.548494
HUB15-HUB15,2023-05-29,2023-06-04,"[0.0, 0.0, 0.0, 0.0, 0.0, 0.3, 0.0]","[26.5, 19.7, 23.5, 19.5, 22.1, 17.8, 22.3]","[40.9, 40.8, 41.4, 42.4, 41.8, 41.5, 39.6]",2026-08-14T12:37:08.548847
HUB15-HUB15,2023-06-05,2023-06-11,"[0.0, 0.0, 0.0, 0.0, 0.2, 0.7, 0.0]","[17.6, 18.7, 25.5, 20.9, 20.3, 17.5, 20.9]","[40.3, 41.9, 41.5, 42.7, 40.4, 40.5, 42.0]",2026-08-14T12:37:08.549180
HUB15-HUB15,2023-06-12,2023-06-18,"[0.4, 0.5, 0.0, 0.0, 0.0, 0.0, 0.0]","[25.7, 21.1, 20.3, 20.3, 19.1, 19.7, 18.7]","[42.1, 41.5, 41.5, 41.0, 40.6, 40.3, 40.0]",2026-08-14T12:37:08.549526
HUB15-HUB15,2023-06-19,2023-06-25,"[0.0, 0.0, 0.0, 0.3, 20.8, 4.9, 3.7]","[17.9, 18.4, 14.5, 15.8, 14.3, 18.9, 14.4]","[40.4, 39.9, 40.7, 39.1, 27.9, 32.3, 33.9]",2026-08-14T12:37:08.549854
HUB15-HUB15,2023-06-26,2023-07-02,"[24.3, 23.9, 9.4, 1.5, 0.3, 1.1, 1.1]","[20.2, 21.4, 19.3, 18.9, 21.2, 21.3, 17.7]","[28.6, 28.6, 29.0, 32.0, 32.0, 33.6, 33.7]",2026-08-14T12:37:08.550188
HUB15-HUB15,2023-07-03,2023-07-09,"[0.9, 16.0, 17.7, 9.6, 41.8, 25.2, 23.8]","[9.8, 14.8, 12.9, 13.7, 15.8, 17.9, 16.3]","[34.5, 32.6, 32.0, 32.9, 30.0, 29.9, 28.1]",2026-08-14T12:37:08.550564
HUB15-HUB15,2023-07-10,2023-07-16,"[14.9, 12.9, 27.1, 19.5, 8.2, 16.3, 12.3]","[18.5, 17.2, 12.8, 13.4, 9.1, 15.5, 15.9]","[31.5, 27.7, 31.2, 31.1, 31.5, 29.8, 29.3]",2026-08-14T12:37:08.550913
HUB15-HUB15,2023-07-17,2023-07-23,"[21.8, 29.9, 15.4, 12.9, 23.4, 14.2, 26.3]","[19.1, 14.8, 10.1, 11.9, 12.7, 15.3, 14.8]","[31.5, 30.2, 30.4, 30.8, 30.9, 30.1, 30.2]",2026-08-14T12:37:08.551306
HUB15-HUB15,2023-07-24,2023-07-30,"[36.5, 2.6, 32.6, 49.5, 33.3, 6.0, 1.1]","[12.1, 14.0, 16.4, 18.0, 21.3, 19.5, 19.1]","[31.8, 31.9, 31.9, 31.8, 29.9, 31.0, 32.0]",2026-08-14T12:37:08.551713
HUB15-HUB15,2023-07-31,2023-08-06,"[5.8, 1.2, 9.6, 30.0, 1.5, 1.5, 0.3]","[19.7, 22.0, 20.3, 25.3, 19.7, 19.6, 19.8]","[30.9, 31.9, 28.9, 26.0, 31.3, 31.5, 31.8]",2026-08-14T12:37:08.552118
HUB15-HUB15,2023-08-07,2023-08-13,"[0.1, 0.2, 2.1, 0.3, 0.7, 0.1, 0.7]","[20.3, 18.2, 17.6, 13.9, 14.5, 15.6, 14.5]","[30.5, 31.3, 31.7, 32.8, 31.9, 32.7, 31.3]",2026-08-14T12:37:08.552436
HUB15-HUB15,2023-08-14,2023-08-20,"[1.0, 1.9, 1.1, 15.8, 48.4, 33.4, 5.8]","[10.9, 13.0, 13.0, 15.3, 14.4, 16.2, 12.7]","[31.4, 30.9, 32.4, 33.1, 29.4, 28.1, 29.8]",2026-08-14T12:37:08.552756
HUB15-HUB15,2023-08-21,2023-08-27,"[1.9, 0.2, 21.7, 10.5, 0.8, 0.2, 0.0]","[14.6, 12.0, 15.0, 15.5, 17.8, 15.2, 13.9]","[30.8, 32.1, 30.7, 31.4, 30.8, 32.0, 32.0]",2026-08-14T12:37:08.553040
HUB15-HUB15,2023-08-28,2023-09-03,"[0.0, 1.4, 0.4, 0.2, 0.6, 5.9, 3.6]","[14.4, 15.4, 12.7, 10.7, 13.9, 11.0, 14.1]","[31.4, 31.5, 31.8, 32.9, 33.6, 33.9, 32.8]",2026-08-14T12:37:08.553320
HUB15-HUB15,2023-09-04,2023-09-10,"[1.7, 19.0, 7.2, 18.0, 13.3, 9.9, 11.2]","[16.9, 18.9, 10.1, 8.7, 14.8, 12.3, 17.9]","[34.3, 32.8, 30.0, 30.0, 29.7, 30.2, 29.5]",2026-08-14T12:37:08.553604
HUB15-HUB15,2023-09-11,2023-09-17,"[0.8, 1.5, 21.8, 40.5, 50.5, 0.5, 0.5]","[19.7, 19.9, 17.1, 17.4, 32.5, 23.0, 15.7]","[31.9, 31.5, 30.5, 30.4, 25.9, 30.3, 30.8]",2026-08-14T12:37:08.553898
HUB15-HUB15,2023-09-18,2023-09-24,"[0.0, 0.0, 5.2, 18.0, 16.6, 39.5, 6.9]","[10.3, 8.4, 14.1, 14.3, 9.8, 11.2, 15.6]","[31.6, 32.0, 31.6, 30.1, 29.3, 28.3, 31.0]",2026-08-14T12:37:08.554233
HUB15-HUB15,2023-09-25,2023-10-01,"[0.5, 2.0, 0.5, 0.0, 17.6, 6.5, 0.2]","[10.7, 12.5, 7.9, 11.6, 12.0, 11.1, 12.5]","[31.9, 30.8, 30.3, 32.0, 29.6, 31.1, 32.6]",2026-08-14T12:37:08.554540
HUB15-HUB15,2023-10-02,2023-10-08,"[4.7, 0.0, 0.0, 0.0, 0.0, 0.0, 0.0]","[14.8, 19.1, 16.4, 17.9, 15.0, 12.7, 12.5]","[32.3, 33.2, 33.2, 33.6, 33.5, 33.7, 34.5]",2026-08-14T12:37:08.554848
HUB15-HUB15,2023-10-09,2023-10-15,"[0.0, 0.0, 0.0, 0.0, 0.0, 0.0, 1.0]","[12.0, 12.5, 10.8, 9.4, 13.4, 9.9, 10.1]","[34.4, 34.6, 34.5, 33.6, 34.1, 33.7, 31.1]",2026-08-14T12:37:08.555127
HUB15-HUB15,2023-10-16,2023-10-22,"[0.3, 0.0, 0.0, 0.0, 0.3, 0.0, 0.0]","[7.1, 7.4, 8.9, 11.2, 12.6, 11.8, 13.9]","[32.7, 32.9, 32.7, 31.6, 31.8, 32.0, 32.7]",2026-08-14T12:37:08.555408
HUB15-HUB15,2023-10-23,2023-10-29,"[0.0, 0.0, 0.0, 0.0, 0.0, 0.0, 0.0]","[15.5, 14.1, 13.0, 15.5, 10.0, 9.4, 9.5]","[31.3, 31.5, 31.9, 31.9, 31.3, 31.2, 31.2]",2026-08-14T12:37:08.555693
HUB15-HUB15,2023-10-30,2023-11-05,"[0.0, 0.0, 0.0, 0.1, 0.0, 0.0, 0.0]","[11.0, 11.8, 13.8, 8.7, 11.5, 11.5, 11.4]","[31.0, 31.2, 31.3, 31.5, 32.1, 32.9, 32.4]",2026-08-14T12:37:08.555980
HUB15-HUB15,2023-11-06,2023-11-12,"[0.0, 0.0, 0.0, 0.0, 0.0, 0.0, 0.0]","[13.5, 9.9, 11.0, 10.4, 7.7, 9.1, 10.6]","[32.4, 32.3, 32.4, 32.4, 32.5, 33.0, 32.4]",2026-08-14T12:37:08.556260
HUB15-HUB15,2023-11-13,2023-11-19,"[0.0, 0.0, 0.0, 0.0, 0.0, 0.0, 0.0]","[10.5, 10.1, 10.2, 11.8, 9.7, 10.4, 9.8]","[31.5, 30.8, 30.4, 30.2, 30.1, 30.6, 31.7]",2026-08-14T12:37:08.556544
HUB15-HUB15,2023-11-20,2023-11-26,"[0.0, 0.0, 0.0, 0.0, 0.0, 0.0, 0.0]","[12.8, 9.5, 11.9, 9.9, 11.5, 9.6, 11.6]","[31.2, 30.9, 31.2, 31.2, 31.0, 30.7, 30.7]",2026-08-14T12:37:08.556827
HUB15-HUB15,2023-11-27,2023-12-03,"[1.5, 2.4, 14.1, 1.8, 0.0, 0.0, 0.0]","[10.0, 8.6, 8.7, 10.7, 10.1, 13.1, 14.4]","[24.7, 26.4, 26.5, 29.0, 28.9, 30.0, 30.2]",2026-08-14T12:37:08.557162
HUB15-HUB15,2023-12-04,2023-12-10,"[0.0, 1.3, 3.3, 1.3, 0.3, 0.0, 0.0]","[12.3, 16.3, 20.2, 10.5, 8.0, 9.1, 9.3]","[30.2, 28.0, 24.5, 25.2, 26.2, 27.2, 26.3]",2026-08-14T12:37:08.557604
HUB15-HUB15,2023-12-11,2023-12-17,"[0.0, 0.0, 0.0, 0.0, 0.0, 0.0, 0.0]","[9.2, 11.1, 10.1, 9.8, 8.8, 10.2, 9.4]","[26.7, 27.2, 27.2, 27.0, 26.6, 26.6, 25.8]",2026-08-14T12:37:08.557912
HUB15-HUB15,2023-12-18,2023-12-24,"[0.0, 0.0, 0.0, 0.0, 0.0, 0.0, 0.0]","[14.6, 14.8, 13.5, 11.1, 8.8, 10.2, 8.9]","[24.9, 24.4, 24.9, 25.9, 26.9, 28.2, 28.6]",2026-08-14T12:37:08.558213
HUB15-HUB15,2023-12-25,2023-12-31,"[0.0, 0.0, 0.0, 0.0, 0.0, 0.0, 0.0]","[9.3, 14.1, 10.0, 10.5, 9.2, 9.9, 11.1]","[28.7, 29.0, 28.4, 28.2, 28.2, 28.0, 28.2]",2026-08-14T12:37:08.558508
HUB15-HUB15,2024-01-01,2024-01-07,"[0.0, 0.0, 1.9, 0.0, 0.0, 3.3, 0.0]","[9.9, 10.7, 13.4, 7.8, 10.1, 12.5, 13.5]","[28.4, 28.6, 28.2, 27.7, 27.9, 26.4, 28.2]",2026-08-14T12:37:08.558793
HUB15-HUB15,2024-01-08,2024-01-14,"[0.0, 0.0, 0.4, 0.0, 0.0, 0.0, 0.0]","[8.6, 11.4, 8.3, 9.0, 13.0, 11.7, 12.0]","[28.1, 29.6, 28.2, 28.5, 29.5, 29.9, 29.8]",2026-08-14T12:37:08.559082
HUB15-HUB15,2024-01-15,2024-01-21,"[0.0, 0.0, 0.5, 0.3, 0.0, 0.6, 1.1]","[13.4, 9.7, 10.1, 14.0, 12.7, 11.8, 15.6]","[28.0, 28.2, 29.0, 27.1, 27.5, 28.0, 27.4]",2026-08-14T12:37:08.559366
HUB15-HUB15,2024-01-22,2024-01-28,"[0.0, 4.0, 0.0, 0.0, 0.0, 0.0, 0.0]","[10.2, 13.5, 10.2, 10.6, 10.6, 11.8, 9.5]","[27.6, 27.9, 25.9, 24.7, 25.8, 26.8, 28.1]",2026-08-14T12:37:08.559649
HUB15-HUB15,2024-01-29,2024-02-04,"[0.0, 0.0, 0.0, 0.0, 0.0, 0.0, 0.0]","[11.1, 11.4, 13.4, 8.7, 11.6, 11.1, 8.7]","[29.1, 28.5, 28.9, 29.6, 29.3, 28.7, 30.3]",2026-08-14T12:37:08.559933
HUB15-HUB15,2024-02-05,2024-02-11,"[0.0, 0.0, 0.0, 0.0, 0.0, 1.7, 2.3]","[14.1, 11.6, 16.9, 12.9, 11.3, 14.2, 16.1]","[32.8, 32.9, 30.1, 28.1, 28.1, 28.1, 28.6]",2026-08-14T12:37:08.560214
HUB15-HUB15,2024-02-12,2024-02-18,"[0.4, 0.0, 0.0, 0.0, 0.1, 0.0, 0.0]","[13.2, 14.5, 10.3, 26.6, 12.2, 10.7, 11.1]","[29.2, 30.7, 30.8, 28.7, 30.7, 31.3, 31.7]",2026-08-14T12:37:08.560458
HUB15-HUB15,2024-02-19,2024-02-25,"[0.0, 0.0, 0.0, 0.0, 0.0, 0.0, 0.0]","[12.9, 11.2, 15.8, 15.5, 10.1, 15.0, 12.5]","[33.2, 33.3, 33.0, 30.2, 29.7, 30.9, 31.5]",2026-08-14T12:37:08.560702
HUB15-HUB15,2024-02-26,2024-03-03,"[4.0, 9.0, 0.0, 0.0, 0.0, 0.3, 0.0]","[15.1, 15.5, 13.7, 12.7, 11.1, 17.3, 18.1]","[28.4, 31.4, 31.3, 33.6, 34.8, 32.4, 33.6]",2026-08-14T12:37:08.560948
HUB15-HUB15,2024-03-04,2024-03-10,"[0.0, 0.0, 0.0, 0.0, 0.0, 0.0, 0.0]","[13.7, 14.7, 15.1, 15.5, 12.7, 19.3, 14.6]","[31.8, 33.9, 34.2, 34.4, 34.2, 34.9, 36.2]",2026-08-14T12:37:08.561189
HUB15-HUB15,2024-03-11,2024-03-17,"[0.0, 0.0, 0.0, 0.0, 0.0, 1.1, 2.8]","[18.3, 15.8, 18.6, 15.5, 10.7, 18.9, 14.8]","[36.9, 37.0, 36.8, 36.0, 36.0, 36.3, 33.0]",2026-08-14T12:37:08.561432
HUB15-HUB15,2024-03-18,2024-03-24,"[0.5, 4.3, 3.1, 0.0, 0.0, 0.0, 0.0]","[27.6, 13.9, 11.4, 15.8, 10.3, 12.8, 9.8]","[34.0, 29.4, 30.5, 32.8, 35.1, 37.0, 37.9]",2026-08-14T12:37:08.561677
HUB15-HUB15,2024-03-25,2024-03-31,"[0.0, 0.0, 0.0, 0.0, 0.0, 0.1, 0.0]","[13.7, 12.4, 13.4, 12.6, 13.1, 13.7, 13.0]","[38.1, 38.4, 38.3, 39.9, 40.1, 39.1, 38.6]",2026-08-14T12:37:08.561919
HUB15-HUB15,2024-04-01,2024-04-07,"[0.0, 0.0, 0.0, 0.0, 0.0, 0.0, 0.7]","[18.0, 14.8, 10.1, 18.1, 16.7, 17.1, 22.2]","[40.3, 40.4, 40.2, 41.4, 40.1, 40.2, 36.4]",2026-08-14T12:37:08.562163
HUB15-HUB15,2024-04-08,2024-04-14,"[0.9, 11.1, 0.4, 1.1, 2.8, 6.3, 0.0]","[21.5, 24.5, 17.6, 16.6, 12.0, 17.6, 12.2]","[35.6, 34.8, 35.9, 32.8, 31.8, 32.4, 35.8]",2026-08-14T12:37:08.562408
HUB15-HUB15,2024-04-15,2024-04-21,"[0.4, 0.0, 0.0, 0.0, 0.0, 0.0, 0.0]","[14.8, 25.5, 10.8, 10.5, 11.1, 13.8, 12.9]","[38.4, 38.9, 40.1, 40.9, 42.0, 41.3, 40.4]",2026-08-14T12:37:08.562654
HUB15-HUB15,2024-04-22,2024-04-28,"[0.4, 1.1, 0.4, 0.0, 0.0, 0.1, 0.6]","[23.9, 16.3, 18.2, 23.4, 23.4, 15.6, 15.5]","[38.7, 36.7, 39.2, 38.3, 41.9, 41.1, 40.2]",2026-08-14T12:37:08.562893
HUB15-HUB15,2024-04-29,2024-05-05,"[0.3, 0.0, 0.0, 0.0, 0.0, 0.0, 0.0]","[14.5, 19.9, 20.6, 18.7, 12.5, 13.0, 18.5]","[39.2, 42.1, 41.6, 39.9, 40.9, 42.1, 42.7]",2026-08-14T12:37:08.563136
HUB15-HUB15,2024-05-06,2024-05-12,"[0.0, 1.5, 0.0, 0.1, 7.4, 0.0, 2.2]","[25.0, 26.5, 18.9, 21.4, 16.6, 17.1, 12.1]","[41.5, 40.3, 39.0, 37.4, 40.5, 41.4, 39.4]",2026-08-14T12:37:08.563380
HUB15-HUB15,2024-05-13,2024-05-19,"[0.3, 0.6, 0.0, 1.2, 7.0, 0.0, 14.2]","[16.1, 14.4, 15.8, 15.5, 14.8, 17.1, 18.1]","[37.5, 39.7, 38.6, 35.3, 34.9, 39.7, 40.2]",2026-08-14T12:37:08.563622
HUB15-HUB15,2024-05-20,2024-05-26,"[10.5, 0.5, 1.3, 0.9, 0.0, 0.2, 0.0]","[29.5, 17.7, 12.9, 18.1, 16.2, 17.0, 27.4]","[40.9, 42.7, 41.9, 42.1, 43.7, 41.7, 44.9]",2026-08-14T12:37:08.563869
HUB15-HUB15,2024-05-27,2024-06-02,"[0.0, 0.0, 0.0, 0.0, 0.0, 0.0, 3.2]","[27.0, 20.4, 21.3, 17.3, 20.9, 18.4, 21.6]","[45.5, 44.6, 44.0, 44.1, 44.5, 44.0, 42.8]",2026-08-14T12:37:08.564113
HUB15-HUB15,2024-06-03,2024-06-09,"[1.6, 1.2, 1.9, 0.2, 0.3, 3.8, 0.4]","[22.9, 25.2, 23.2, 14.4, 27.5, 20.7, 20.6]","[39.6, 40.9, 40.4, 41.4, 39.4, 40.0, 38.9]",2026-08-14T12:37:08.564361
HUB15-HUB15,2024-06-10,2024-06-16,"[1.7, 1.1, 2.3, 4.2, 0.3, 0.1, 7.0]","[18.3, 19.1, 12.2, 22.0, 19.9, 14.3, 13.5]","[39.2, 40.5, 37.4, 39.7, 39.7, 39.2, 37.4]",2026-08-14T12:37:08.564601
HUB15-HUB15,2024-06-17,2024-06-23,"[0.0, 6.3, 6.5, 12.1, 18.0, 16.6, 22.8]","[15.2, 15.2, 19.2, 13.8, 15.5, 10.3, 10.0]","[37.4, 37.1, 36.6, 36.5, 33.3, 31.0, 31.8]",2026-08-14T12:37:08.564843
HUB15-HUB15,2024-06-24,2024-06-30,"[4.7, 1.1, 1.2, 24.9, 24.8, 2.7, 7.1]","[11.9, 10.9, 12.7, 15.6, 18.9, 16.4, 25.5]","[32.5, 34.5, 35.0, 33.6, 31.9, 30.8, 31.6]",2026-08-14T12:37:08.565085
HUB15-HUB15,2024-07-01,2024-07-07,"[5.8, 23.7, 0.2, 11.2, 8.7, 5.5, 12.8]","[21.6, 23.4, 18.6, 20.5, 19.5, 19.9, 14.8]","[29.8, 31.1, 31.2, 31.5, 31.7, 32.9, 30.0]",2026-08-14T12:37:08.565330
HUB15-HUB15,2024-07-08,2024-07-14,"[16.6, 12.9, 12.4, 2.4, 12.0, 16.3, 19.7]","[8.7, 14.1, 13.3, 15.3, 15.9, 16.8, 13.5]","[31.8, 32.1, 31.3, 30.7, 31.7, 32.0, 31.4]",2026-08-14T12:37:08.565571
HUB15-HUB15,2024-07-15,2024-07-21,"[16.4, 27.1, 29.4, 4.9, 25.0, 69.1, 80.2]","[11.3, 11.2, 15.9, 15.0, 17.1, 16.2, 19.2]","[31.0, 30.8, 31.5, 31.1, 31.6, 30.3, 30.9]",2026-08-14T12:37:08.565816
HUB15-HUB15,2024-07-22,2024-07-28,"[52.4, 28.7, 22.0, 6.7, 7.5, 24.6, 22.3]","[20.6, 23.1, 23.5, 19.7, 18.6, 22.3, 17.5]","[27.9, 28.5, 28.2, 31.2, 28.6, 27.9, 28.2]",2026-08-14T12:37:08.566061
HUB15-HUB15,2024-07-29,2024-08-04,"[11.8, 14.5, 10.7, 38.2, 19.7, 12.6, 42.7]","[20.3, 15.8, 12.6, 17.6, 20.0, 20.3, 22.5]","[30.4, 30.7, 30.4, 28.1, 26.1, 27.6, 27.3]",2026-08-14T12:37:08.566310
HUB15-HUB15,2024-08-05,2024-08-11,"[5.8, 3.2, 10.0, 16.8, 0.9, 9.4, 14.7]","[16.9, 14.2, 13.0, 15.7, 12.4, 11.9, 15.2]","[30.2, 31.4, 28.0, 27.9, 29.4, 30.2, 29.7]",2026-08-14T12:37:08.566555
HUB15-HUB15,2024-08-12,2024-08-18,"[0.8, 2.6, 21.4, 33.1, 8.1, 1.3, 8.6]","[12.0, 12.1, 13.1, 13.2, 12.9, 11.4, 7.9]","[30.6, 30.8, 30.7, 29.6, 29.3, 30.0, 30.3]",2026-08-14T12:37:08.566800
HUB15-HUB15,2024-08-19,2024-08-25,"[10.2, 4.7, 8.9, 21.6, 10.6, 15.2, 24.3]","[12.5, 10.3, 7.8, 11.3, 16.7, 17.3, 23.3]","[31.5, 30.7, 30.9, 30.7, 30.1, 27.7, 25.6]",2026-08-14T12:37:08.567046
HUB15-HUB15,2024-08-26,2024-09-01,"[0.4, 0.9, 0.5, 8.1, 16.3, 27.3, 33.4]","[21.3, 16.3, 12.9, 11.7, 13.0, 14.8, 21.2]","[29.6, 31.1, 31.5, 30.3, 29.7, 30.1, 31.5]",2026-08-14T12:37:08.567294
HUB15-HUB15,2024-09-02,2024-09-08,"[11.4, 2.3, 3.2, 11.0, 7.8, 6.6, 9.0]","[15.9, 13.7, 12.8, 14.0, 8.0, 15.8, 15.9]","[29.5, 30.8, 30.6, 30.2, 31.0, 31.1, 30.9]",2026-08-14T12:37:08.567534
HUB15-HUB15,2024-09-09,2024-09-15,"[19.1, 58.0, 3.2, 1.2, 7.9, 0.0, 0.5]","[18.5, 17.5, 23.8, 19.9, 14.0, 14.6, 13.8]","[31.1, 26.0, 30.8, 30.8, 30.5, 30.5, 30.3]",2026-08-14T12:37:08.567776
HUB15-HUB15,2024-09-16,2024-09-22,"[0.2, 0.1, 0.4, 1.5, 0.6, 5.5, 5.9]","[17.9, 19.5, 15.6, 12.2, 10.0, 12.6, 12.6]","[30.6, 30.8, 31.3, 31.5, 32.3, 32.0, 31.2]",2026-08-14T12:37:08.568019
HUB15-HUB15,2024-09-23,2024-09-29,"[7.2, 16.2, 24.0, 49.3, 18.7, 0.8, 2.9]","[11.0, 11.3, 9.7, 10.7, 16.0, 17.1, 13.0]","[31.5, 30.3, 29.9, 29.3, 28.6, 30.2, 31.6]",2026-08-14T12:37:08.568237
HUB15-HUB15,2024-09-30,2024-10-06,"[0.4, 0.1, 0.0, 0.0, 0.0, 19.3, 1.7]","[12.3, 8.3, 11.7, 12.9, 10.8, 17.3, 13.5]","[32.1, 32.8, 34.0, 34.4, 33.4, 33.2, 32.8]",2026-08-14T12:37:08.568450
HUB15-HUB15,2024-10-07,2024-10-13,"[0.0, 0.5, 5.4, 0.2, 4.1, 7.1, 13.5]","[8.7, 6.5, 13.0, 10.2, 11.3, 12.1, 8.0]","[32.2, 31.9, 30.9, 31.7, 31.3, 29.4, 31.1]",2026-08-14T12:37:08.568666
HUB15-HUB15,2024-10-14,2024-10-20,"[0.1, 0.3, 0.4, 0.7, 0.3, 9.8, 0.8]","[10.4, 9.0, 8.5, 11.5, 10.5, 10.4, 10.6]","[31.8, 31.9, 31.6, 32.6, 32.5, 31.9, 31.3]",2026-08-14T12:37:08.568884
HUB15-HUB15,2024-10-21,2024-10-27,"[0.0, 0.0, 0.0, 0.0, 0.0, 0.0, 0.0]","[8.0, 7.7, 12.6, 17.1, 16.0, 13.5, 9.4]","[31.4, 31.1, 32.9, 31.6, 32.2, 32.4, 31.4]",2026-08-14T12:37:08.569098
HUB15-HUB15,2024-10-28,2024-11-03,"[0.2, 0.3, 0.0, 0.0, 0.0, 0.0, 0.0]","[10.3, 7.2, 7.5, 9.9, 8.7, 9.2, 10.3]","[31.6, 32.7, 33.4, 33.1, 33.8, 33.4, 32.3]",2026-08-14T12:37:08.569311
HUB15-HUB15,2024-11-04,2024-11-10,"[0.0, 0.0, 0.0, 0.0, 0.0, 0.0, 0.0]","[8.8, 8.7, 8.4, 9.0, 8.9, 8.6, 9.7]","[31.9, 31.4, 31.2, 30.5, 30.5, 30.4, 30.9]",2026-08-14T12:37:08.569538
HUB15-HUB15,2024-11-11,2024-11-17,"[0.0, 0.0, 0.0, 0.0, 0.0, 0.0, 0.0]","[10.9, 9.0, 8.8, 8.9, 8.4, 7.9, 10.3]","[30.2, 30.5, 30.4, 30.2, 30.0, 29.7, 29.3]",2026-08-14T12:37:08.569754
HUB15-HUB15,2024-11-18,2024-11-24,"[0.0, 0.0, 0.0, 0.0, 0.0, 0.0, 0.0]","[9.1, 9.8, 11.4, 8.8, 9.5, 8.9, 8.6]","[29.0, 28.7, 28.2, 28.5, 28.1, 28.3, 28.3]",2026-08-14T12:37:08.569981
HUB15-HUB15,2024-11-25,2024-12-01,"[0.0, 0.0, 0.0, 0.0, 0.0, 0.0, 0.0]","[8.6, 8.9, 10.8, 13.1, 12.5, 11.0, 11.4]","[28.3, 28.4, 28.3, 27.4, 27.7, 28.9, 29.0]",2026-08-14T12:37:08.570193
HUB15-HUB15,2024-12-02,2024-12-08,"[0.0, 0.1, 1.0, 0.0, 1.4, 0.5, 1.3]","[13.9, 10.6, 9.4, 9.1, 10.5, 9.4, 10.5]","[30.0, 29.4, 30.5, 32.2, 30.1, 30.0, 30.2]",2026-08-14T12:37:08.570408
HUB15-HUB15,2024-12-09,2024-12-15,"[0.0, 0.0, 0.0, 0.0, 0.0, 0.0, 0.0]","[13.6, 11.3, 9.1, 9.0, 11.7, 11.2, 10.6]","[28.7, 26.5, 25.7, 26.7, 26.5, 26.0, 25.6]",2026-08-14T12:37:08.570624
HUB15-HUB15,2024-12-16,2024-12-22,"[0.0, 0.0, 0.0, 0.0, 0.0, 0.0, 0.0]","[9.4, 8.9, 8.2, 8.6, 9.6, 12.5, 9.3]","[26.8, 27.6, 27.7, 28.0, 29.9, 29.9, 28.5]",2026-08-14T12:37:08.570842
HUB15-HUB15,2024-12-23,2024-12-29,"[0.0, 0.0, 0.0, 0.0, 0.6, 1.6, 0.7]","[13.2, 10.1, 12.7, 10.1, 11.6, 12.7, 9.0]","[29.1, 28.9, 28.9, 28.6, 29.1, 29.7, 28.1]",2026-08-14T12:37:08.571053
HUB15-HUB15,2024-12-30,2025-01-05,"[0.0, 0.0, 0.0, 0.0, 0.0, 0.0, 0.0]","[9.6, 10.9, 10.1, 11.3, 10.3, 9.5, 7.6]","[29.4, 29.6, 27.5, 28.5, 29.4, 28.8, 28.1]",2026-08-14T12:37:08.571264
HUB15-HUB15,2025-01-06,2025-01-12,"[0.0, 0.0, 0.0, 0.0, 0.0, 0.0, 0.0]","[8.5, 12.3, 10.9, 8.1, 9.0, 9.9, 8.6]","[28.2, 28.3, 25.7, 26.6, 27.0, 27.5, 28.7]",2026-08-14T12:37:08.571482
HUB15-HUB15,2025-01-13,2025-01-19,"[0.0, 0.0, 0.0, 0.0, 0.0, 0.0, 0.0]","[11.9, 9.7, 11.7, 10.6, 11.9, 9.9, 9.2]","[27.4, 27.7, 27.9, 25.6, 27.8, 27.8, 29.2]",2026-08-14T12:37:08.571696
HUB15-HUB15,2025-01-20,2025-01-26,"[0.0, 0.0, 0.0, 0.0, 0.0, 0.0, 0.0]","[8.8, 8.3, 8.6, 8.5, 13.2, 9.8, 10.3]","[29.9, 30.6, 31.0, 31.0, 30.8, 30.7, 31.2]",2026-08-14T12:37:08.571907
HUB15-HUB15,2025-01-27,2025-02-02,"[0.0, 0.0, 0.0, 0.0, 0.0, 0.0, 0.0]","[9.8, 9.6, 9.8, 13.5, 14.1, 12.9, 11.2]","[31.1, 31.3, 32.1, 33.0, 33.4, 33.3, 33.4]",2026-08-14T12:37:08.572119
HUB15-HUB15,2025-02-03,2025-02-09,"[0.0, 0.0, 0.0, 0.0, 0.0, 0.0, 0.0]","[10.2, 12.0, 13.8, 12.6, 11.6, 10.5, 9.1]","[34.6, 34.7, 34.3, 31.8, 31.6, 32.6, 33.3]",2026-08-14T12:37:08.572330
HUB15-HUB15,2025-02-10,2025-02-16,"[0.0, 0.0, 0.0, 0.0, 0.0, 0.0, 0.0]","[10.2, 11.6, 13.5, 13.9, 11.6, 11.8, 12.1]","[34.3, 35.4, 33.7, 32.0, 32.0, 33.5, 35.0]",2026-08-14T12:37:08.572546
HUB15-HUB15,2025-02-17,2025-02-23,"[0.0, 0.0, 0.0, 0.0, 0.0, 0.0, 0.0]","[9.5, 17.1, 14.2, 14.7, 14.5, 16.6, 11.8]","[34.4, 34.7, 34.5, 34.7, 34.3, 34.0, 33.9]",2026-08-14T12:37:08.572760
HUB15-HUB15,2025-02-24,2025-03-02,"[0.0, 0.0, 0.0, 0.0, 0.0, 0.0, 0.0]","[12.3, 12.4, 11.0, 10.7, 9.8, 12.9, 16.6]","[33.3, 33.1, 34.5, 34.8, 35.9, 35.9, 36.9]",2026-08-14T12:37:08.572974
HUB15-HUB15,2025-03-03,2025-03-09,"[0.0, 0.0, 0.0, 0.0, 0.0, 0.0, 0.0]","[13.2, 16.4, 15.3, 13.7, 10.3, 12.7, 11.9]","[35.9, 36.9, 32.0, 33.8, 35.4, 37.0, 36.6]",2026-08-14T12:37:08.573191
HUB15-HUB15,2025-03-10,2025-03-16,"[0.0, 0.0, 0.0, 0.0, 0.0, 0.0, 0.0]","[15.4, 12.5, 13.2, 16.3, 16.2, 11.9, 20.1]","[36.8, 37.6, 39.4, 39.6, 39.6, 39.1, 39.2]",2026-08-14T12:37:08.573406
HUB15-HUB15,2025-03-17,2025-03-23,"[0.0, 0.0, 0.0, 0.0, 0.0, 0.0, 0.0]","[21.2, 11.4, 14.5, 17.7, 16.6, 13.9, 11.7]","[39.0, 38.3, 38.7, 38.5, 37.8, 36.7, 37.1]",2026-08-14T12:37:08.573620
HUB15-HUB15,2025-03-24,2025-03-30,"[0.0, 0.0, 0.0, 0.0, 0.0, 0.0, 0.0]","[16.2, 12.0, 10.7, 14.2, 15.9, 17.3, 11.7]","[37.0, 38.0, 39.1, 40.2, 41.2, 40.3, 40.3]",2026-08-14T12:37:08.573929
HUB15-HUB15,2025-03-31,2025-04-06,"[0.0, 0.0, 0.0, 1.3, 0.0, 0.0, 0.0]","[13.7, 13.3, 12.9, 11.7, 9.0, 12.1, 17.4]","[39.9, 38.7, 37.0, 33.1, 37.1, 38.8, 40.8]",2026-08-14T12:37:08.574186
HUB15-HUB15,2025-04-07,2025-04-13,"[0.0, 0.0, 0.0, 0.0, 0.0, 0.5, 0.0]","[15.1, 13.5, 15.8, 15.8, 18.1, 21.5, 12.2]","[41.2, 40.6, 39.7, 40.6, 41.9, 39.1, 40.7]",2026-08-14T12:37:08.574426
HUB15-HUB15,2025-04-14,2025-04-20,"[0.0, 0.0, 0.0, 0.0, 0.0, 0.0, 0.0]","[11.7, 10.1, 10.7, 13.6, 11.5, 16.4, 18.9]","[40.4, 40.8, 39.5, 40.7, 42.3, 43.5, 43.0]",2026-08-14T12:37:08.574650
HUB15-HUB15,2025-04-21,2025-04-27,"[0.0, 0.0, 0.0, 0.0, 0.0, 0.0, 9.4]","[16.6, 11.0, 24.4, 20.9, 14.3, 16.3, 14.1]","[43.1, 43.6, 44.0, 44.0, 43.4, 41.7, 39.3]",2026-08-14T12:37:08.574871
HUB15-HUB15,2025-04-28,2025-05-04,"[0.0, 0.0, 0.0, 0.0, 0.0, 0.5, 0.1]","[17.3, 16.2, 15.7, 13.8, 13.1, 19.3, 14.9]","[41.0, 41.2, 41.6, 40.5, 40.6, 41.9, 38.7]",2026-08-14T12:37:08.575088
HUB15-HUB15,2025-05-05,2025-05-11,"[0.0, 0.0, 0.0, 0.0, 0.0, 0.1, 0.0]","[15.4, 14.3, 18.6, 14.3, 14.5, 20.2, 14.9]","[39.4, 38.2, 37.0, 38.2, 38.8, 40.4, 39.1]",2026-08-14T12:37:08.575303
HUB15-HUB15,2025-05-12,2025-05-18,"[0.2, 0.2, 0.0, 0.4, 8.4, 0.7, 0.5]","[10.2, 19.1, 18.5, 11.0, 21.5, 11.3, 8.3]","[37.4, 39.0, 39.7, 37.3, 39.9, 37.7, 37.4]",2026-08-14T12:37:08.575519
HUB15-HUB15,2025-05-19,2025-05-25,"[0.2, 0.1, 4.0, 1.5, 0.0, 4.5, 5.6]","[14.1, 8.2, 22.5, 10.4, 10.3, 9.5, 13.3]","[38.4, 40.6, 38.8, 28.9, 34.3, 33.1, 33.0]",2026-08-14T12:37:08.575734
HUB15-HUB15,2025-05-26,2025-06-01,"[10.2, 8.5, 6.9, 2.8, 0.7, 0.0, 0.0]","[11.9, 17.4, 10.9, 14.3, 14.6, 16.5, 14.8]","[35.1, 34.8, 34.7, 35.8, 37.4, 37.0, 37.4]",2026-08-14T12:37:08.575951
HUB15-HUB15,2025-06-02,2025-06-08,"[1.0, 0.0, 0.1, 0.1, 0.0, 0.0, 0.1]","[15.1, 18.7, 11.7, 11.9, 10.3, 16.6, 16.7]","[35.4, 35.6, 36.5, 37.6, 39.2, 37.6, 41.4]",2026-08-14T12:37:08.576148
HUB15-HUB15,2025-06-09,2025-06-15,"[0.0, 0.1, 0.0, 0.5, 0.8, 4.4, 0.9]","[19.5, 15.5, 12.8, 14.7, 10.3, 13.4, 15.4]","[42.6, 42.9, 38.3, 37.9, 37.5, 37.8, 37.0]",2026-08-14T12:37:08.576348
HUB15-HUB15,2025-06-16,2025-06-22,"[3.2, 3.3, 1.5, 4.3, 1.8, 15.8, 11.5]","[21.8, 16.0, 18.7, 24.0, 19.3, 18.5, 20.3]","[35.9, 33.3, 34.0, 33.5, 34.1, 35.1, 32.5]",2026-08-14T12:37:08.576548
HUB15-HUB15,2025-06-23,2025-06-29,"[11.5, 17.3, 20.5, 15.8, 3.1, 8.9, 16.9]","[21.1, 17.0, 12.8, 14.7, 16.0, 17.1, 21.4]","[32.5, 31.6, 30.8, 28.9, 31.2, 31.1, 28.3]",2026-08-14T12:37:08.576750
HUB15-HUB15,2025-06-30,2025-07-06,"[34.5, 19.3, 5.7, 7.1, 9.0, 2.8, 18.4]","[18.5, 15.7, 16.1, 14.3, 15.9, 17.3, 19.7]","[29.1, 27.6, 30.5, 31.1, 27.6, 30.3, 27.9]",2026-08-14T12:37:08.576949
HUB15-HUB15,2025-07-07,2025-07-13,"[79.5, 50.4, 42.8, 4.6, 19.0, 2.4, 1.9]","[24.7, 21.4, 16.8, 18.0, 15.2, 15.4, 14.2]","[24.5, 25.2, 25.8, 31.0, 32.6, 32.2, 31.5]",2026-08-14T12:37:08.577146
HUB15-HUB15,2025-07-14,2025-07-20,"[10.5, 4.3, 1.1, 5.9, 1.1, 0.3, 0.7]","[13.7, 11.6, 9.9, 10.0, 7.7, 9.7, 7.2]","[32.8, 33.2, 31.2, 31.5, 30.9, 31.9, 29.9]",2026-08-14T12:37:08.577344
HUB15-HUB15,2025-07-21,2025-07-27,"[5.4, 35.1, 19.2, 21.8, 17.9, 47.8, 0.1]","[10.4, 12.9, 16.8, 15.4, 17.7, 19.4, 24.2]","[32.5, 31.3, 30.9, 27.8, 27.7, 26.3, 30.5]",2026-08-14T12:37:08.577545
HUB15-HUB15,2025-07-28,2025-08-03,"[4.6, 31.7, 3.6, 0.8, 0.4, 0.5, 0.4]","[22.5, 20.1, 17.2, 17.3, 12.5, 12.2, 11.4]","[28.6, 26.7, 29.6, 31.5, 31.7, 32.4, 32.0]",2026-08-14T12:37:08.577744
HUB15-HUB15,2025-08-04,2025-08-10,"[0.2, 0.3, 0.8, 5.6, 0.6, 0.4, 0.9]","[8.8, 8.5, 13.0, 9.3, 17.3, 8.5, 8.8]","[33.7, 34.5, 34.5, 34.3, 30.1, 32.3, 33.1]",2026-08-14T12:37:08.577941
HUB15-HUB15,2025-08-11,2025-08-17,"[4.1, 3.1, 20.0, 8.9, 14.8, 43.7, 11.8]","[14.6, 13.9, 15.9, 11.6, 8.4, 11.6, 8.9]","[33.5, 32.8, 28.7, 30.6, 29.9, 29.4, 30.8]",2026-08-14T12:37:08.578137
HUB15-HUB15,2025-08-18,2025-08-24,"[23.8, 25.3, 22.0, 20.2, 6.9, 9.2, 3.5]","[10.7, 9.4, 15.9, 19.1, 19.1, 18.0, 21.5]","[30.9, 30.4, 28.8, 30.0, 29.1, 28.2, 28.9]",2026-08-14T12:37:08.578337
HUB15-HUB15,2025-08-25,2025-08-31,"[2.8, 11.4, 18.7, 19.3, 5.6, 1.8, 10.9]","[19.3, 10.2, 12.7, 9.8, 9.5, 10.9, 13.4]","[28.7, 30.0, 30.6, 29.4, 30.5, 30.6, 30.1]",2026-08-14T12:37:08.578535
HUB15-HUB15,2025-09-01,2025-09-07,"[26.8, 15.8, 12.4, 1.9, 0.2, 12.2, 6.7]","[11.4, 11.3, 11.6, 13.9, 16.9, 12.9, 8.4]","[29.8, 29.0, 28.9, 29.0, 30.1, 28.7, 30.2]",2026-08-14T12:37:08.578733
HUB15-HUB15,2025-09-08,2025-09-14,"[6.6, 3.6, 6.9, 15.4, 10.0, 10.7, 7.7]","[8.0, 10.8, 13.6, 10.3, 14.8, 11.8, 7.8]","[31.3, 32.0, 32.7, 32.2, 31.2, 30.6, 30.5]",2026-08-14T12:37:08.578934
HUB15-HUB15,2025-09-15,2025-09-21,"[9.8, 15.4, 13.5, 3.1, 1.2, 2.7, 8.9]","[6.6, 8.7, 6.1, 7.9, 6.8, 7.8, 10.1]","[30.6, 29.7, 30.7, 30.4, 31.5, 32.1, 32.4]",2026-08-14T12:37:08.579137
HUB15-HUB15,2025-09-22,2025-09-28,"[5.6, 0.7, 0.7, 12.7, 1.3, 23.3, 10.1]","[13.1, 12.4, 18.3, 15.4, 12.6, 10.9, 14.5]","[34.2, 33.3, 33.0, 29.9, 31.8, 26.9, 29.2]",2026-08-14T12:37:08.579337
HUB15-HUB15,2025-09-29,2025-10-05,"[1.1, 7.8, 0.3, 0.9, 9.7, 3.5, 13.7]","[8.2, 10.9, 12.0, 10.9, 14.0, 18.6, 10.2]","[30.0, 30.7, 31.7, 31.4, 31.9, 32.2, 31.8]",2026-08-14T12:37:08.579536
HUB15-HUB15,2025-10-06,2025-10-12,"[7.0, 1.4, 1.5, 0.0, 1.1, 0.1, 0.0]","[15.8, 10.5, 8.9, 9.7, 10.7, 11.3, 10.6]","[29.9, 31.8, 32.0, 32.5, 30.7, 31.3, 32.1]",2026-08-14T12:37:08.579737
HUB15-HUB15,2025-10-13,2025-10-19,"[0.0, 1.0, 0.6, 0.0, 0.0, 0.6, 0.0]","[9.4, 12.2, 10.6, 9.4, 8.4, 9.1, 10.2]","[32.1, 32.0, 32.7, 32.8, 32.3, 32.2, 32.1]",2026-08-14T12:37:08.579935
HUB15-HUB15,2025-10-20,2025-10-26,"[0.0, 1.0, 0.0, 0.0, 3.9, 7.6, 1.9]","[14.3, 13.8, 12.6, 11.9, 13.0, 10.7, 10.0]","[32.2, 32.3, 33.1, 33.2, 33.2, 28.5, 27.7]",2026-08-14T12:37:08.580130
HUB15-HUB15,2025-10-27,2025-11-02,"[0.1, 0.9, 23.1, 12.0, 0.9, 0.0, 1.3]","[10.9, 20.8, 21.1, 18.0, 13.5, 6.8, 8.0]","[30.5, 29.8, 29.2, 26.7, 29.3, 30.8, 30.0]",2026-08-14T12:37:08.580326
HUB15-HUB15,2025-11-03,2025-11-09,"[0.3, 0.4, 0.0, 0.0, 0.0, 0.0, 0.0]","[9.3, 7.8, 11.6, 14.3, 10.4, 9.8, 9.0]","[29.9, 30.1, 29.9, 30.8, 30.3, 29.4, 28.2]",2026-08-14T12:37:08.580521
HUB15-HUB15,2025-11-10,2025-11-16,"[0.0, 0.0, 0.0, 0.0, 0.0, 0.0, 0.0]","[7.7, 8.7, 8.6, 9.1, 9.2, 9.7, 9.7]","[28.4, 28.3, 28.7, 28.6, 28.1, 28.0, 28.0]",2026-08-14T12:37:08.580721
HUB15-HUB15,2025-11-17,2025-11-23,"[0.0, 0.0, 0.0, 0.0, 0.0, 0.0, 0.0]","[10.8, 8.7, 7.4, 8.5, 8.5, 9.5, 9.2]","[26.8, 26.9, 27.7, 28.2, 29.1, 29.7, 30.1]",2026-08-14T12:37:08.580920
HUB15-HUB15,2025-11-24,2025-11-30,"[0.0, 0.0, 0.0, 0.0, 0.0, 0.0, 0.0]","[9.5, 9.2, 8.6, 13.0, 11.5, 9.4, 10.2]","[29.9, 29.7, 29.6, 29.9, 26.5, 26.7, 26.6]",2026-08-14T12:37:08.581118
HUB15-HUB15,2025-12-01,2025-12-07,"[0.0, 0.0, 0.0, 0.0, 0.0, 0.0, 0.0]","[9.8, 11.2, 10.1, 9.9, 11.1, 9.2, 10.1]","[27.7, 28.2, 27.5, 27.3, 27.0, 26.8, 27.9]",2026-08-14T12:37:08.581318
HUB15-HUB15,2025-12-08,2025-12-14,"[0.0, 0.0, 0.0, 0.0, 0.0, 0.0, 0.0]","[11.2, 11.9, 10.5, 9.7, 8.2, 9.9, 10.3]","[28.7, 29.7, 28.2, 27.7, 28.1, 28.3, 28.0]",2026-08-14T12:37:08.581515
HUB15-HUB15,2025-12-15,2025-12-21,"[0.0, 0.0, 0.0, 0.0, 0.0, 0.0, 0.0]","[8.7, 8.1, 8.7, 11.1, 13.3, 11.7, 9.8]","[27.2, 27.2, 28.9, 29.0, 27.7, 27.5, 26.8]",2026-08-14T12:37:08.581713
HUB15-HUB15,2025-12-22,2025-12-28,"[0.0, 0.0, 0.0, 0.0, 0.0, 0.0, 0.0]","[10.5, 12.1, 10.2, 9.5, 10.2, 8.5, 8.6]","[28.0, 28.1, 27.6, 27.1, 27.0, 27.2, 27.3]",2026-08-14T12:37:08.581912
HUB15-HUB15,2025-12-29,2026-01-04,"[0.0, 0.0, 0.0, 0.0, 0.0, 0.0, 0.0]","[8.5, 8.1, 8.6, 9.2, 10.1, 10.4, 12.9]","[27.6, 27.6, 27.9, 28.5, 28.6, 28.7, 28.1]",2026-08-14T12:37:08.582100
HUB15-HUB15,2026-01-05,2026-01-11,"[0.0, 0.0, 0.0, 0.0, 0.0, 0.0, 0.0]","[11.9, 9.2, 9.5, 8.5, 8.2, 9.8, 10.3]","[26.6, 26.3, 27.2, 27.1, 26.5, 26.7, 26.9]",2026-08-14T12:37:08.582284
HUB15-HUB15,2026-01-12,2026-01-18,"[0.0, 0.0, 0.0, 0.0, 0.0, 0.0, 0.0]","[11.4, 9.3, 10.9, 9.7, 9.9, 7.8, 8.2]","[27.3, 28.1, 29.8, 29.0, 29.0, 30.1, 30.2]",2026-08-14T12:37:08.582469
HUB15-HUB15,2026-01-19,2026-01-25,"[0.0, 0.0, 0.0, 0.0, 0.0, 0.0, 0.0]","[10.0, 9.1, 12.0, 10.7, 10.7, 8.5, 10.2]","[29.9, 29.9, 29.2, 29.1, 28.9, 29.4, 29.6]",2026-08-14T12:37:08.582657
HUB15-HUB15,2026-01-26,2026-01-31,"[0.0, 0.0, 0.3, 0.0, 0.0, 0.0]","[8.5, 9.9, 11.4, 11.8, 10.9, 9.2]","[29.6, 30.1, 28.9, 28.7, 29.6, 30.0]",2026-08-14T12:37:08.582841
HUB16-HUB16,2023-01-01,2023-01-01,[0.0],[10.7],[23.2],2026-08-14T12:37:10.394233
HUB16-HUB16,2023-01-02,2023-01-08,"[0.0, 0.0, 0.0, 0.0, 0.0, 0.0, 0.0]","[10.7, 13.3, 18.4, 14.4, 11.9, 9.9, 12.1]","[23.0, 22.5, 20.4, 22.1, 24.0, 23.7, 23.9]",2026-08-14T12:37:10.394644
HUB16-HUB16,2023-01-09,2023-01-15,"[0.0, 0.0, 0.0, 0.0, 0.0, 0.0, 0.0]","[12.1, 11.8, 10.9, 13.1, 16.1, 12.0, 11.2]","[24.4, 24.6, 25.6, 25.2, 24.3, 21.7, 21.0]",2026-08-14T12:37:10.395010
HUB16-HUB16,2023-01-16,2023-01-22,"[0.0, 0.0, 0.0, 0.0, 0.0, 0.0, 0.0]","[10.9, 10.7, 11.5, 10.7, 18.0, 15.9, 13.0]","[22.6, 22.6, 23.4, 25.6, 27.3, 27.3, 25.6]",2026-08-14T12:37:10.395366
HUB16-HUB16,2023-01-23,2023-01-29,"[0.0, 0.0, 0.7, 1.1, 0.0, 0.0, 0.1]","[17.2, 15.5, 13.6, 14.5, 17.0, 12.1, 23.8]","[26.3, 25.9, 25.1, 22.9, 25.9, 27.0, 27.5]",2026-08-14T12:37:10.395717
HUB16-HUB16,2023-01-30,2023-02-05,"[0.4, 0.0, 0.0, 0.0, 0.0, 0.0, 0.0]","[15.1, 15.8, 16.1, 11.1, 11.7, 10.8, 11.0]","[25.0, 24.8, 24.4, 25.5, 25.9, 26.1, 27.2]",2026-08-14T12:37:10.396057
HUB16-HUB16,2023-02-06,2023-02-12,"[0.0, 0.0, 0.0, 0.0, 0.0, 0.0, 0.0]","[12.5, 11.2, 11.0, 11.1, 16.7, 15.2, 15.5]","[28.3, 26.9, 27.1, 29.1, 30.8, 29.7, 28.0]",2026-08-14T12:37:10.396378
HUB16-HUB16,2023-02-13,2023-02-19,"[0.0, 0.0, 0.0, 0.0, 0.0, 0.0, 0.0]","[11.3, 11.6, 12.1, 10.6, 12.2, 11.5, 10.9]","[26.8, 28.7, 31.4, 31.9, 31.3, 31.0, 31.1]",2026-08-14T12:37:10.396668
HUB16-HUB16,2023-02-20,2023-02-26,"[0.0, 0.0, 0.0, 0.0, 0.0, 0.0, 0.0]","[10.6, 15.5, 14.2, 10.1, 11.3, 12.8, 11.4]","[32.7, 32.7, 31.3, 31.3, 31.2, 31.7, 31.5]",2026-08-14T12:37:10.396957
HUB16-HUB16,2023-02-27,2023-03-05,"[0.0, 0.0, 0.0, 0.0, 0.0, 0.0, 0.0]","[12.0, 16.0, 10.5, 14.2, 15.0, 18.2, 18.9]","[31.9, 32.5, 32.6, 33.3, 33.5, 33.2, 32.7]",2026-08-14T12:37:10.397242
HUB16-HUB16,2023-03-06,2023-03-12,"[0.2, 0.9, 0.0, 0.0, 0.0, 0.0, 0.0]","[25.6, 18.0, 14.7, 14.8, 16.3, 10.8, 14.4]","[31.7, 28.3, 30.6, 30.0, 30.8, 31.5, 32.6]",2026-08-14T12:37:10.397526
HUB16-HUB16,2023-03-13,2023-03-19,"[0.0, 0.0, 0.0, 0.2, 2.5, 0.1, 3.3]","[17.9, 12.6, 15.6, 19.6, 13.8, 19.3, 18.5]","[32.4, 32.9, 33.3, 30.2, 27.1, 28.4, 26.7]",2026-08-14T12:37:10.397809
HUB16-HUB16,2023-03-20,2023-03-26,"[0.1, 0.0, 0.0, 0.0, 0.2, 0.0, 0.0]","[16.0, 17.5, 19.9, 13.7, 18.2, 18.3, 16.5]","[27.5, 28.9, 29.7, 29.1, 30.8, 32.5, 31.5]",2026-08-14T12:37:10.398099
HUB16-HUB16,2023-03-27,2023-04-02,"[0.0, 0.0, 0.0, 0.0, 0.0, 0.0, 0.0]","[13.3, 13.6, 22.2, 20.2, 21.5, 16.4, 12.9]","[33.0, 33.3, 34.9, 33.1, 31.1, 31.4, 32.9]",2026-08-14T12:37:10.398380
HUB16-HUB16,2023-04-03,2023-04-09,"[0.0, 0.0, 0.0, 0.0, 0.0, 0.0, 0.0]","[20.2, 22.8, 20.5, 15.6, 19.3, 12.1, 14.5]","[33.9, 34.4, 33.7, 34.4, 35.1, 34.6, 35.4]",2026-08-14T12:37:10.398660
HUB16-HUB16,2023-04-10,2023-04-16,"[0.0, 0.0, 0.0, 0.0, 0.0, 0.0, 0.0]","[12.1, 14.4, 16.7, 21.6, 16.4, 20.5, 14.2]","[35.1, 36.6, 37.7, 38.0, 37.2, 35.7, 36.1]",2026-08-14T12:37:10.398945
HUB16-HUB16,2023-04-17,2023-04-23,"[0.0, 0.0, 0.0, 0.0, 0.1, 0.0, 0.0]","[23.7, 17.4, 25.3, 28.0, 23.5, 15.1, 23.1]","[37.9, 38.5, 37.9, 36.9, 35.6, 34.1, 35.4]",2026-08-14T12:37:10.399226
HUB16-HUB16,2023-04-24,2023-04-30,"[0.0, 0.0, 1.8, 0.4, 3.3, 0.1, 3.0]","[20.3, 18.9, 18.4, 18.4, 15.6, 15.7, 19.8]","[35.2, 36.1, 31.7, 33.8, 31.5, 32.0, 28.7]",2026-08-14T12:37:10.399507
HUB16-HUB16,2023-05-01,2023-05-07,"[0.3, 0.0, 0.3, 0.6, 0.1, 0.9, 0.0]","[15.0, 16.6, 17.9, 17.3, 12.6, 15.7, 15.0]","[29.8, 31.2, 31.7, 30.9, 32.4, 34.6, 36.0]",2026-08-14T12:37:10.399796
HUB16-HUB16,2023-05-08,2023-05-14,"[0.0, 0.0, 0.0, 0.0, 0.0, 0.0, 0.0]","[17.3, 17.1, 14.3, 14.1, 15.0, 20.3, 23.3]","[37.1, 38.2, 39.4, 39.6, 40.8, 41.9, 41.3]",2026-08-14T12:37:10.400082
HUB16-HUB16,2023-05-15,2023-05-21,"[0.0, 0.0, 0.0, 0.0, 0.0, 0.0, 0.0]","[22.7, 19.8, 18.2, 20.6, 17.3, 17.4, 16.0]","[38.6, 38.1, 38.2, 39.4, 39.4, 40.2, 40.2]",2026-08-14T12:37:10.400367
HUB16-HUB16,2023-05-22,2023-05-28,"[0.0, 0.0, 0.0, 0.0, 0.0, 0.0, 0.0]","[16.4, 20.0, 26.7, 29.2, 24.4, 25.8, 21.4]","[40.5, 39.5, 39.2, 37.6, 36.4, 37.8, 37.5]",2026-08-14T12:37:10.400656
HUB16-HUB16,2023-05-29,2023-06-04,"[0.0, 0.0, 0.0, 0.0, 0.0, 1.4, 6.0]","[19.4, 21.5, 24.0, 22.0, 19.7, 22.4, 17.3]","[36.8, 38.5, 37.2, 38.8, 37.1, 35.1, 34.9]",2026-08-14T12:37:10.400940
HUB16-HUB16,2023-06-05,2023-06-11,"[0.0, 0.0, 2.7, 0.0, 0.0, 0.0, 0.0]","[18.5, 17.9, 19.0, 20.2, 18.1, 21.1, 17.7]","[36.4, 37.0, 38.1, 37.2, 38.2, 38.3, 37.5]",2026-08-14T12:37:10.401225
HUB16-HUB16,2023-06-12,2023-06-18,"[0.0, 0.0, 0.4, 0.0, 0.2, 0.3, 0.0]","[17.1, 24.0, 26.1, 23.1, 27.6, 31.5, 31.9]","[38.3, 38.4, 37.4, 37.3, 37.1, 36.2, 35.7]",2026-08-14T12:37:10.401506
HUB16-HUB16,2023-06-19,2023-06-25,"[0.7, 4.0, 1.5, 12.2, 19.0, 25.1, 5.0]","[30.6, 24.1, 22.5, 22.8, 21.4, 18.7, 16.3]","[34.2, 34.5, 35.3, 31.9, 32.4, 29.4, 31.5]",2026-08-14T12:37:10.401786
HUB16-HUB16,2023-06-26,2023-07-02,"[27.8, 7.6, 10.1, 28.3, 17.4, 28.7, 10.2]","[18.2, 18.5, 17.1, 17.7, 22.8, 20.1, 19.9]","[26.9, 27.0, 28.6, 27.3, 28.0, 28.8, 28.6]",2026-08-14T12:37:10.402068
HUB16-HUB16,2023-07-03,2023-07-09,"[0.8, 1.4, 18.4, 22.6, 25.5, 4.2, 14.2]","[15.5, 13.1, 13.8, 11.1, 11.2, 21.9, 24.3]","[31.9, 32.3, 30.7, 31.0, 29.0, 29.4, 29.2]",2026-08-14T12:37:10.402347
HUB16-HUB16,2023-07-10,2023-07-16,"[15.7, 29.7, 9.7, 3.9, 12.1, 9.0, 7.5]","[25.1, 21.3, 21.9, 19.6, 18.1, 18.1, 20.2]","[29.3, 28.0, 28.8, 29.8, 29.4, 28.9, 29.4]",2026-08-14T12:37:10.402626
HUB16-HUB16,2023-07-17,2023-07-23,"[13.7, 25.7, 15.4, 7.6, 17.0, 27.3, 20.0]","[19.8, 17.4, 13.0, 12.6, 16.1, 16.6, 12.2]","[28.2, 28.9, 29.7, 31.0, 29.7, 29.4, 30.4]",2026-08-14T12:37:10.402909
HUB16-HUB16,2023-07-24,2023-07-30,"[9.7, 4.5, 5.6, 4.9, 6.6, 0.8, 6.3]","[16.4, 17.8, 16.2, 16.1, 21.6, 23.8, 22.8]","[30.2, 29.9, 29.6, 30.6, 28.2, 29.4, 28.9]",2026-08-14T12:37:10.403194
HUB16-HUB16,2023-07-31,2023-08-06,"[2.5, 3.0, 3.5, 5.8, 9.1, 1.2, 3.3]","[23.1, 25.6, 29.9, 26.7, 21.5, 23.1, 28.5]","[29.6, 29.3, 28.7, 25.7, 25.8, 28.7, 28.5]",2026-08-14T12:37:10.403470
HUB16-HUB16,2023-08-07,2023-08-13,"[1.6, 1.1, 0.3, 1.0, 0.6, 0.4, 3.8]","[28.0, 25.2, 22.0, 20.0, 19.2, 17.9, 24.0]","[28.4, 28.8, 28.9, 29.7, 29.1, 28.3, 28.8]",2026-08-14T12:37:10.403748
HUB16-HUB16,2023-08-14,2023-08-20,"[1.1, 2.5, 1.7, 1.4, 5.7, 23.3, 36.0]","[19.2, 15.5, 17.0, 19.2, 20.3, 19.7, 23.5]","[28.3, 29.2, 28.6, 28.5, 29.2, 28.1, 28.5]",2026-08-14T12:37:10.404030
HUB16-HUB16,2023-08-21,2023-08-27,"[7.6, 6.3, 0.8, 0.2, 1.2, 0.7, 1.5]","[21.3, 18.1, 22.5, 23.9, 22.9, 19.5, 20.6]","[27.3, 29.0, 28.5, 27.7, 29.0, 29.2, 28.8]",2026-08-14T12:37:10.404300
HUB16-HUB16,2023-08-28,2023-09-03,"[0.5, 0.2, 0.0, 0.1, 0.0, 0.0, 0.2]","[22.3, 21.0, 15.7, 11.2, 12.5, 13.5, 14.5]","[28.9, 29.1, 29.8, 30.0, 30.9, 31.1, 31.1]",2026-08-14T12:37:10.404544
HUB16-HUB16,2023-09-04,2023-09-10,"[0.3, 0.0, 6.2, 19.8, 37.2, 17.1, 0.4]","[17.1, 21.4, 21.7, 19.7, 14.3, 24.4, 25.0]","[30.9, 31.2, 28.0, 27.7, 28.3, 27.8, 29.1]",2026-08-14T12:37:10.404788
HUB16-HUB16,2023-09-11,2023-09-17,"[0.1, 0.0, 5.3, 8.5, 41.9, 158.2, 68.2]","[26.8, 25.8, 22.4, 18.8, 25.4, 37.8, 40.2]","[29.3, 29.2, 27.4, 27.1, 28.5, 23.9, 24.6]",2026-08-14T12:37:10.405036
HUB16-HUB16,2023-09-18,2023-09-24,"[4.3, 1.0, 0.5, 1.1, 5.5, 2.9, 5.2]","[22.0, 16.5, 9.8, 10.4, 16.0, 14.3, 14.9]","[28.7, 28.9, 29.2, 29.9, 28.8, 27.7, 30.2]",2026-08-14T12:37:10.405284
HUB16-HUB16,2023-09-25,2023-10-01,"[8.9, 5.4, 5.7, 0.7, 0.0, 0.0, 0.0]","[11.6, 15.6, 11.2, 12.5, 14.4, 17.6, 15.2]","[29.5, 30.0, 30.4, 30.9, 31.6, 32.3, 31.9]",2026-08-14T12:37:10.405524
HUB16-HUB16,2023-10-02,2023-10-08,"[0.0, 0.0, 0.0, 0.0, 0.0, 0.0, 0.0]","[18.2, 14.9, 16.6, 17.1, 15.0, 13.1, 11.2]","[32.2, 31.8, 31.2, 31.7, 31.6, 32.1, 32.3]",2026-08-14T12:37:10.405762
HUB16-HUB16,2023-10-09,2023-10-15,"[0.0, 0.0, 0.0, 0.0, 0.0, 0.0, 0.0]","[12.3, 10.8, 11.9, 11.3, 10.0, 10.7, 15.4]","[33.0, 32.8, 32.6, 32.8, 32.8, 31.8, 32.7]",2026-08-14T12:37:10.406005
HUB16-HUB16,2023-10-16,2023-10-22,"[0.0, 0.0, 0.0, 0.0, 0.0, 0.0, 0.0]","[11.6, 9.7, 12.8, 10.8, 9.4, 10.5, 11.0]","[31.0, 30.7, 31.1, 31.7, 31.2, 31.5, 32.3]",2026-08-14T12:37:10.406250
HUB16-HUB16,2023-10-23,2023-10-29,"[0.0, 0.0, 0.0, 0.0, 0.0, 0.0, 0.0]","[14.6, 12.6, 13.6, 12.3, 14.8, 10.5, 14.0]","[31.6, 30.5, 30.8, 30.9, 31.2, 31.2, 31.8]",2026-08-14T12:37:10.406490
HUB16-HUB16,2023-10-30,2023-11-05,"[0.0, 0.0, 0.0, 0.0, 0.0, 0.0, 0.0]","[14.6, 15.1, 15.3, 11.9, 13.0, 12.0, 12.2]","[31.3, 31.3, 31.3, 31.0, 31.3, 31.8, 31.5]",2026-08-14T12:37:10.406734
HUB16-HUB16,2023-11-06,2023-11-12,"[0.0, 0.0, 0.0, 0.0, 0.0, 0.0, 0.0]","[19.0, 12.2, 11.3, 12.1, 11.2, 12.9, 11.2]","[31.3, 31.1, 31.1, 31.3, 32.1, 31.2, 30.3]",2026-08-14T12:37:10.406978
HUB16-HUB16,2023-11-13,2023-11-19,"[0.0, 0.0, 0.0, 0.0, 0.0, 0.0, 0.0]","[10.4, 9.7, 11.3, 12.4, 11.9, 13.2, 11.5]","[28.5, 28.9, 28.5, 28.6, 28.3, 28.9, 30.0]",2026-08-14T12:37:10.407442
HUB16-HUB16,2023-11-20,2023-11-26,"[0.0, 0.0, 0.0, 0.0, 0.0, 0.0, 5.4]","[10.1, 12.1, 9.4, 10.0, 15.5, 16.1, 17.8]","[30.4, 29.1, 28.3, 28.8, 29.1, 28.9, 27.8]",2026-08-14T12:37:10.407779
HUB16-HUB16,2023-11-27,2023-12-03,"[27.6, 0.5, 0.7, 4.9, 0.3, 1.8, 0.0]","[25.6, 12.5, 11.8, 12.9, 12.6, 13.9, 18.4]","[22.4, 23.8, 24.7, 25.4, 24.8, 26.0, 27.5]",2026-08-14T12:37:10.408035
HUB16-HUB16,2023-12-04,2023-12-10,"[5.3, 0.2, 0.0, 0.3, 0.0, 0.0, 0.0]","[16.0, 16.9, 19.7, 14.8, 10.1, 10.2, 8.7]","[26.3, 24.6, 23.1, 24.4, 24.7, 24.9, 24.8]",2026-08-14T12:37:10.408289
HUB16-HUB16,2023-12-11,2023-12-17,"[0.0, 0.0, 0.0, 0.0, 0.0, 0.0, 0.0]","[9.0, 11.7, 11.1, 9.0, 12.3, 11.1, 10.2]","[25.2, 25.5, 25.1, 25.2, 25.3, 25.1, 24.3]",2026-08-14T12:37:10.408540
HUB16-HUB16,2023-12-18,2023-12-24,"[0.0, 0.0, 0.0, 0.0, 0.0, 0.0, 0.0]","[15.5, 15.9, 15.1, 11.7, 12.4, 10.4, 9.7]","[22.8, 22.0, 23.4, 24.9, 22.6, 27.3, 27.5]",2026-08-14T12:37:10.408788
HUB16-HUB16,2023-12-25,2023-12-31,"[0.0, 0.0, 0.0, 0.0, 0.0, 0.0, 0.0]","[9.0, 10.4, 10.8, 9.6, 11.0, 11.8, 13.2]","[27.5, 27.9, 27.6, 26.9, 27.0, 28.3, 27.5]",2026-08-14T12:37:10.409036
HUB16-HUB16,2024-01-01,2024-01-07,"[0.0, 0.0, 1.6, 0.8, 0.7, 0.2, 3.9]","[13.9, 15.0, 13.8, 11.7, 11.6, 13.5, 12.7]","[27.9, 26.8, 25.1, 23.4, 22.3, 23.7, 22.7]",2026-08-14T12:37:10.409281
HUB16-HUB16,2024-01-08,2024-01-14,"[27.9, 0.0, 0.3, 0.3, 0.0, 0.0, 0.0]","[14.8, 11.8, 11.2, 9.3, 11.5, 15.5, 12.7]","[24.0, 26.2, 23.9, 25.0, 26.2, 27.6, 25.8]",2026-08-14T12:37:10.409522
HUB16-HUB16,2024-01-15,2024-01-21,"[0.0, 0.0, 0.0, 0.0, 0.0, 0.0, 0.0]","[9.5, 8.0, 10.8, 11.3, 13.3, 11.8, 10.5]","[24.1, 24.1, 24.8, 24.6, 23.7, 24.0, 22.3]",2026-08-14T12:37:10.409765
HUB16-HUB16,2024-01-22,2024-01-28,"[0.0, 0.0, 0.0, 0.0, 0.0, 0.0, 0.0]","[9.3, 16.6, 9.4, 10.6, 10.5, 10.8, 12.3]","[23.6, 22.8, 22.9, 23.5, 24.7, 25.5, 26.9]",2026-08-14T12:37:10.410008
HUB16-HUB16,2024-01-29,2024-02-04,"[0.0, 0.0, 0.0, 0.0, 0.0, 0.0, 0.0]","[12.7, 9.2, 10.1, 11.9, 10.7, 13.6, 13.5]","[26.4, 25.6, 25.7, 26.4, 26.5, 26.8, 29.2]",2026-08-14T12:37:10.410248
HUB16-HUB16,2024-02-05,2024-02-11,"[0.0, 0.0, 0.0, 0.0, 0.0, 0.0, 0.0]","[19.8, 16.2, 14.3, 15.0, 11.8, 14.1, 13.0]","[29.2, 28.4, 27.2, 23.7, 25.2, 27.0, 26.0]",2026-08-14T12:37:10.410486
HUB16-HUB16,2024-02-12,2024-02-18,"[0.0, 0.0, 0.1, 0.0, 0.0, 0.0, 0.0]","[13.0, 12.6, 15.1, 14.6, 14.0, 12.4, 21.3]","[27.9, 27.7, 27.4, 27.6, 28.9, 30.6, 31.7]",2026-08-14T12:37:10.410726
HUB16-HUB16,2024-02-19,2024-02-25,"[0.0, 0.0, 0.0, 0.1, 0.0, 0.0, 0.0]","[19.9, 16.6, 26.6, 20.3, 12.4, 12.3, 13.2]","[31.0, 30.7, 28.3, 27.1, 26.3, 27.3, 27.2]",2026-08-14T12:37:10.410967
HUB16-HUB16,2024-02-26,2024-03-03,"[0.0, 0.2, 0.0, 0.0, 0.0, 0.1, 0.0]","[16.2, 23.0, 10.8, 12.2, 18.5, 24.9, 23.3]","[29.2, 31.8, 30.1, 32.0, 33.9, 31.3, 27.3]",2026-08-14T12:37:10.411213
HUB16-HUB16,2024-03-04,2024-03-10,"[0.0, 0.0, 0.0, 0.0, 0.0, 0.0, 0.0]","[11.2, 13.1, 15.8, 15.6, 13.0, 15.8, 18.6]","[25.9, 28.7, 30.1, 30.5, 30.0, 31.3, 31.9]",2026-08-14T12:37:10.411450
HUB16-HUB16,2024-03-11,2024-03-17,"[0.0, 0.0, 0.0, 0.0, 0.0, 0.0, 0.0]","[14.7, 15.8, 19.1, 13.1, 11.8, 14.1, 16.5]","[33.0, 33.0, 33.0, 31.3, 32.0, 33.2, 34.0]",2026-08-14T12:37:10.411687
HUB16-HUB16,2024-03-18,2024-03-24,"[0.0, 0.0, 0.0, 0.0, 0.0, 0.0, 0.0]","[15.1, 16.6, 19.4, 11.6, 13.9, 16.3, 17.2]","[32.8, 32.4, 35.1, 34.0, 35.8, 36.1, 35.8]",2026-08-14T12:37:10.411930
HUB16-HUB16,2024-03-25,2024-03-31,"[0.0, 0.0, 0.0, 0.0, 0.0, 0.0, 0.0]","[13.1, 10.9, 17.1, 16.9, 14.8, 19.1, 22.5]","[36.6, 36.9, 37.9, 39.3, 37.5, 37.4, 36.1]",2026-08-14T12:37:10.412157
HUB16-HUB16,2024-04-01,2024-04-07,"[0.0, 0.0, 0.0, 0.0, 0.0, 0.0, 0.1]","[18.8, 18.2, 18.3, 17.7, 19.7, 18.9, 12.7]","[35.9, 37.3, 37.6, 36.9, 36.6, 36.1, 36.5]",2026-08-14T12:37:10.412378
HUB16-HUB16,2024-04-08,2024-04-14,"[0.0, 1.2, 0.3, 5.1, 2.7, 0.0, 0.0]","[13.9, 20.2, 23.4, 17.6, 21.1, 17.7, 12.0]","[36.5, 35.5, 36.1, 34.9, 31.7, 34.6, 36.4]",2026-08-14T12:37:10.412597
HUB16-HUB16,2024-04-15,2024-04-21,"[0.0, 0.0, 0.0, 0.0, 0.0, 0.0, 0.0]","[17.3, 15.3, 14.3, 16.6, 21.2, 22.9, 18.4]","[36.7, 38.1, 39.7, 39.4, 38.6, 37.5, 36.9]",2026-08-14T12:37:10.412817
HUB16-HUB16,2024-04-22,2024-04-28,"[1.4, 0.0, 0.0, 0.0, 0.3, 0.0, 0.0]","[20.2, 20.3, 18.6, 19.9, 21.1, 17.0, 22.6]","[34.6, 37.5, 38.3, 38.3, 35.1, 38.4, 39.1]",2026-08-14T12:37:10.413036
HUB16-HUB16,2024-04-29,2024-05-05,"[0.0, 0.0, 0.0, 0.0, 0.0, 0.0, 0.0]","[20.4, 19.5, 21.6, 11.8, 10.3, 16.9, 25.5]","[39.2, 38.5, 38.1, 37.2, 38.8, 40.2, 39.1]",2026-08-14T12:37:10.413255
HUB16-HUB16,2024-05-06,2024-05-12,"[0.0, 0.0, 0.0, 0.0, 0.0, 0.0, 0.0]","[18.4, 14.9, 16.9, 18.5, 19.1, 19.2, 22.4]","[39.1, 40.6, 40.1, 40.3, 40.6, 39.1, 40.0]",2026-08-14T12:37:10.413475
HUB16-HUB16,2024-05-13,2024-05-19,"[0.5, 1.0, 0.0, 0.0, 0.2, 0.0, 0.0]","[17.3, 21.9, 13.0, 15.3, 23.1, 13.0, 14.3]","[35.8, 39.2, 38.3, 40.2, 40.8, 40.9, 41.9]",2026-08-14T12:37:10.413692
HUB16-HUB16,2024-05-20,2024-05-26,"[0.0, 0.0, 0.0, 0.0, 0.0, 0.0, 0.0]","[13.2, 17.0, 21.5, 19.0, 17.1, 18.2, 28.9]","[42.2, 42.9, 43.2, 43.5, 45.0, 43.4, 42.9]",2026-08-14T12:37:10.413905
HUB16-HUB16,2024-05-27,2024-06-02,"[0.0, 0.0, 0.0, 0.0, 0.0, 0.0, 0.0]","[27.0, 29.0, 25.1, 23.1, 22.8, 19.4, 20.1]","[42.4, 41.8, 41.0, 40.4, 39.7, 40.1, 40.0]",2026-08-14T12:37:10.414118
HUB16-HUB16,2024-06-03,2024-06-09,"[0.3, 1.2, 0.4, 0.0, 0.0, 0.6, 6.7]","[20.3, 19.5, 20.5, 18.2, 19.1, 19.8, 26.2]","[39.6, 39.3, 39.3, 39.5, 40.9, 34.5, 39.0]",2026-08-14T12:37:10.414332
HUB16-HUB16,2024-06-10,2024-06-16,"[0.0, 0.0, 1.4, 0.4, 6.4, 0.2, 0.0]","[17.7, 18.6, 19.3, 21.4, 21.8, 23.1, 15.8]","[36.4, 35.8, 36.4, 37.3, 36.8, 34.4, 35.5]",2026-08-14T12:37:10.414547
HUB16-HUB16,2024-06-17,2024-06-23,"[1.2, 14.2, 0.1, 2.7, 2.0, 29.1, 7.4]","[16.6, 19.0, 24.4, 21.3, 17.7, 15.1, 13.7]","[35.8, 34.7, 35.1, 33.5, 32.9, 32.0, 33.7]",2026-08-14T12:37:10.414767
HUB16-HUB16,2024-06-24,2024-06-30,"[13.6, 20.2, 4.3, 2.5, 14.0, 10.8, 51.7]","[16.4, 10.0, 14.0, 13.7, 16.5, 21.2, 17.9]","[32.8, 31.7, 32.6, 31.4, 30.6, 29.8, 28.3]",2026-08-14T12:37:10.414981
HUB16-HUB16,2024-07-01,2024-07-07,"[9.7, 12.9, 23.7, 9.8, 18.7, 2.2, 1.6]","[26.6, 25.4, 26.0, 19.1, 23.0, 23.5, 17.8]","[28.9, 27.5, 29.9, 28.7, 28.4, 29.2, 29.7]",2026-08-14T12:37:10.415195
HUB16-HUB16,2024-07-08,2024-07-14,"[21.4, 5.9, 5.0, 1.4, 7.6, 9.7, 4.4]","[9.4, 8.0, 13.5, 18.9, 20.2, 18.5, 16.5]","[30.1, 30.5, 30.3, 29.3, 29.0, 29.3, 30.6]",2026-08-14T12:37:10.415410
HUB16-HUB16,2024-07-15,2024-07-21,"[13.5, 6.9, 8.4, 9.2, 10.5, 0.3, 2.0]","[14.4, 11.2, 16.3, 13.5, 16.5, 15.6, 17.3]","[30.5, 30.8, 28.6, 29.7, 30.7, 31.0, 29.0]",2026-08-14T12:37:10.415629
HUB16-HUB16,2024-07-22,2024-07-28,"[13.7, 14.8, 3.9, 2.4, 2.4, 26.3, 22.6]","[21.7, 21.5, 20.4, 22.7, 22.7, 23.8, 21.1]","[30.3, 27.5, 27.1, 28.2, 27.1, 27.0, 28.4]",2026-08-14T12:37:10.415843
HUB16-HUB16,2024-07-29,2024-08-04,"[9.6, 1.5, 1.7, 18.2, 23.3, 18.2, 26.2]","[26.6, 15.8, 19.1, 21.3, 24.2, 23.3, 23.1]","[26.9, 28.2, 29.8, 25.2, 26.1, 26.2, 24.8]",2026-08-14T12:37:10.416058
HUB16-HUB16,2024-08-05,2024-08-11,"[3.9, 1.6, 1.9, 8.3, 17.4, 15.3, 4.0]","[28.8, 26.1, 23.4, 20.5, 18.4, 20.5, 22.9]","[28.2, 28.7, 29.0, 26.8, 25.7, 26.3, 27.3]",2026-08-14T12:37:10.416273
HUB16-HUB16,2024-08-12,2024-08-18,"[0.4, 1.9, 0.8, 0.3, 0.5, 0.0, 0.8]","[16.6, 18.2, 13.9, 13.4, 16.5, 12.1, 8.7]","[28.1, 28.5, 29.9, 30.1, 29.2, 30.0, 29.8]",2026-08-14T12:37:10.416491
HUB16-HUB16,2024-08-19,2024-08-25,"[0.9, 12.2, 10.6, 10.0, 31.8, 29.0, 24.2]","[13.9, 9.4, 13.6, 11.2, 10.5, 12.6, 21.0]","[30.3, 30.0, 29.5, 29.2, 27.7, 26.9, 25.1]",2026-08-14T12:37:10.416705
HUB16-HUB16,2024-08-26,2024-09-01,"[37.9, 0.8, 4.3, 0.5, 3.3, 4.9, 20.4]","[25.3, 23.5, 23.3, 17.7, 13.3, 16.6, 14.6]","[25.4, 29.0, 27.3, 29.2, 28.5, 28.1, 28.3]",2026-08-14T12:37:10.416921
HUB16-HUB16,2024-09-02,2024-09-08,"[39.4, 11.8, 4.3, 4.3, 11.7, 5.4, 16.6]","[15.9, 12.0, 19.1, 16.6, 17.8, 19.0, 17.4]","[28.3, 29.7, 28.1, 28.4, 28.6, 26.4, 28.0]",2026-08-14T12:37:10.417135
HUB16-HUB16,2024-09-09,2024-09-15,"[13.0, 16.0, 4.0, 3.2, 1.4, 0.7, 1.8]","[18.2, 15.0, 21.1, 25.7, 22.0, 18.7, 14.6]","[29.2, 29.0, 26.4, 28.8, 27.8, 28.4, 26.7]",2026-08-14T12:37:10.417353
HUB16-HUB16,2024-09-16,2024-09-22,"[0.3, 0.2, 0.1, 0.1, 1.3, 1.2, 0.7]","[18.1, 16.7, 19.1, 17.7, 15.8, 13.8, 13.0]","[28.6, 27.4, 28.8, 29.7, 29.3, 29.4, 30.5]",2026-08-14T12:37:10.417572
HUB16-HUB16,2024-09-23,2024-09-29,"[2.2, 2.5, 19.9, 14.4, 17.0, 10.9, 5.4]","[13.0, 7.6, 15.9, 10.3, 9.7, 16.2, 13.8]","[29.7, 31.2, 31.1, 29.1, 28.4, 27.8, 28.2]",2026-08-14T12:37:10.417795
HUB16-HUB16,2024-09-30,2024-10-06,"[0.3, 0.2, 0.0, 0.0, 0.0, 0.0, 0.0]","[10.7, 9.2, 9.3, 15.5, 13.7, 9.6, 11.3]","[29.8, 30.8, 32.4, 30.4, 30.2, 30.0, 30.4]",2026-08-14T12:37:10.418009
HUB16-HUB16,2024-10-07,2024-10-13,"[0.0, 0.0, 0.0, 7.5, 5.4, 0.7, 2.3]","[12.4, 10.8, 11.8, 11.1, 16.7, 17.0, 11.1]","[30.7, 30.6, 31.0, 29.3, 30.2, 28.4, 30.3]",2026-08-14T12:37:10.418220
HUB16-HUB16,2024-10-14,2024-10-20,"[0.8, 1.4, 0.7, 0.0, 2.6, 0.5, 2.8]","[7.8, 8.9, 10.5, 10.6, 12.8, 12.1, 13.2]","[29.7, 30.3, 29.5, 31.4, 29.7, 30.3, 28.9]",2026-08-14T12:37:10.418436
HUB16-HUB16,2024-10-21,2024-10-27,"[0.0, 0.3, 0.0, 0.0, 0.0, 0.0, 0.0]","[6.8, 10.9, 12.3, 17.3, 14.5, 12.8, 15.3]","[30.2, 30.5, 30.7, 30.6, 31.1, 32.5, 32.8]",2026-08-14T12:37:10.418655
HUB16-HUB16,2024-10-28,2024-11-03,"[0.0, 0.0, 0.0, 0.0, 0.0, 0.0, 0.0]","[12.7, 12.0, 13.0, 12.5, 10.9, 12.9, 10.7]","[32.4, 32.6, 33.0, 33.4, 32.9, 32.8, 32.5]",2026-08-14T12:37:10.418869
HUB16-HUB16,2024-11-04,2024-11-10,"[0.0, 0.0, 0.0, 0.0, 0.0, 0.0, 0.0]","[10.4, 13.8, 12.6, 11.4, 12.1, 15.4, 13.6]","[31.3, 31.8, 31.6, 31.6, 31.5, 31.4, 31.1]",2026-08-14T12:37:10.419099
HUB16-HUB16,2024-11-11,2024-11-17,"[0.0, 0.0, 0.0, 0.0, 0.0, 0.0, 0.0]","[11.7, 9.4, 9.7, 10.2, 9.8, 10.2, 9.4]","[31.0, 30.5, 29.7, 29.2, 30.0, 29.6, 28.9]",2026-08-14T12:37:10.419316
HUB16-HUB16,2024-11-18,2024-11-24,"[0.0, 0.0, 0.0, 0.0, 0.0, 0.0, 0.0]","[9.9, 11.3, 10.7, 9.2, 9.7, 9.6, 9.8]","[28.4, 27.8, 27.1, 26.5, 26.3, 27.3, 27.2]",2026-08-14T12:37:10.419540
HUB16-HUB16,2024-11-25,2024-12-01,"[0.0, 0.0, 0.0, 0.0, 0.0, 0.0, 0.0]","[9.8, 10.1, 11.1, 13.5, 12.1, 12.1, 10.8]","[26.8, 26.8, 26.7, 25.5, 24.4, 24.6, 25.0]",2026-08-14T12:37:10.419755
HUB16-HUB16,2024-12-02,2024-12-08,"[0.0, 0.0, 0.0, 0.0, 0.0, 0.0, 0.0]","[11.1, 11.3, 10.2, 12.3, 8.7, 10.7, 9.3]","[26.5, 28.3, 28.2, 29.5, 27.9, 28.2, 27.0]",2026-08-14T12:37:10.419965
HUB16-HUB16,2024-12-09,2024-12-15,"[0.0, 0.0, 0.0, 0.0, 0.0, 0.0, 0.0]","[11.0, 11.5, 10.7, 12.5, 12.8, 11.5, 11.2]","[22.8, 22.0, 24.0, 24.7, 21.9, 23.6, 25.7]",2026-08-14T12:37:10.420165
HUB16-HUB16,2024-12-16,2024-12-22,"[0.0, 0.0, 0.0, 0.0, 0.0, 0.0, 0.0]","[10.4, 11.3, 10.2, 11.1, 10.7, 12.0, 11.3]","[26.6, 27.8, 27.3, 26.8, 27.9, 26.6, 26.4]",2026-08-14T12:37:10.420364
HUB16-HUB16,2024-12-23,2024-12-29,"[0.0, 0.7, 0.8, 0.0, 5.9, 2.3, 0.1]","[16.4, 10.6, 11.9, 11.8, 18.0, 9.2, 11.0]","[25.6, 24.2, 25.7, 27.0, 26.4, 23.0, 23.6]",2026-08-14T12:37:10.420560
HUB16-HUB16,2024-12-30,2025-01-05,"[0.0, 0.0, 0.0, 0.0, 0.0, 0.0, 0.0]","[9.9, 8.8, 9.7, 10.1, 10.1, 12.1, 9.3]","[24.7, 26.5, 23.8, 24.7, 26.9, 27.3, 27.2]",2026-08-14T12:37:10.420756
HUB16-HUB16,2025-01-06,2025-01-12,"[0.0, 0.0, 0.0, 0.0, 0.0, 0.0, 0.0]","[13.5, 13.1, 11.1, 11.4, 12.2, 13.8, 11.9]","[26.0, 22.4, 22.4, 24.5, 25.1, 26.5, 24.8]",2026-08-14T12:37:10.420954
HUB16-HUB16,2025-01-13,2025-01-19,"[0.0, 0.0, 0.1, 1.5, 0.0, 0.0, 0.0]","[12.2, 11.3, 15.7, 14.4, 11.9, 10.9, 10.9]","[21.3, 23.9, 26.2, 23.8, 24.0, 25.8, 26.6]",2026-08-14T12:37:10.421154
HUB16-HUB16,2025-01-20,2025-01-26,"[0.0, 0.0, 0.0, 0.0, 0.0, 0.0, 0.0]","[9.8, 8.2, 10.8, 13.2, 14.8, 11.8, 11.0]","[26.9, 27.1, 28.3, 28.1, 25.4, 26.9, 28.1]",2026-08-14T12:37:10.421350
HUB16-HUB16,2025-01-27,2025-02-02,"[0.0, 0.0, 0.0, 0.0, 0.0, 0.0, 0.0]","[10.1, 8.8, 10.2, 10.6, 12.8, 9.9, 8.3]","[27.6, 29.1, 31.1, 29.1, 28.9, 28.1, 27.9]",2026-08-14T12:37:10.421546
HUB16-HUB16,2025-02-03,2025-02-09,"[0.0, 0.0, 0.0, 0.0, 0.0, 0.0, 0.0]","[13.9, 15.2, 12.8, 13.8, 11.8, 10.6, 10.9]","[31.4, 30.5, 26.2, 25.4, 26.4, 29.1, 31.2]",2026-08-14T12:37:10.421743
HUB16-HUB16,2025-02-10,2025-02-16,"[0.0, 0.0, 0.0, 0.0, 0.0, 0.0, 0.0]","[12.1, 11.0, 10.9, 11.0, 9.9, 14.1, 13.2]","[31.4, 30.7, 29.0, 28.1, 29.7, 32.2, 31.8]",2026-08-14T12:37:10.421942
HUB16-HUB16,2025-02-17,2025-02-23,"[0.0, 0.0, 0.0, 0.0, 0.0, 0.0, 0.0]","[10.4, 11.7, 16.0, 15.3, 11.5, 13.3, 10.3]","[31.2, 31.8, 31.0, 31.2, 30.2, 31.1, 30.8]",2026-08-14T12:37:10.422139
HUB16-HUB16,2025-02-24,2025-03-02,"[0.0, 0.0, 0.0, 0.0, 0.0, 0.0, 0.0]","[13.7, 13.0, 11.7, 11.8, 15.1, 16.9, 11.1]","[30.5, 31.2, 32.1, 34.1, 34.2, 33.1, 32.6]",2026-08-14T12:37:10.422335
HUB16-HUB16,2025-03-03,2025-03-09,"[0.0, 0.0, 0.0, 0.0, 0.0, 0.0, 0.0]","[10.9, 13.2, 16.4, 9.5, 11.7, 13.0, 11.2]","[33.6, 31.4, 29.0, 31.5, 33.6, 34.1, 34.7]",2026-08-14T12:37:10.422537
HUB16-HUB16,2025-03-10,2025-03-16,"[0.0, 0.0, 0.0, 0.0, 0.0, 0.0, 0.0]","[12.8, 12.7, 16.1, 21.6, 16.5, 18.3, 15.0]","[35.4, 36.9, 37.5, 36.9, 36.2, 36.9, 34.1]",2026-08-14T12:37:10.422734
HUB16-HUB16,2025-03-17,2025-03-23,"[0.0, 0.0, 0.0, 0.0, 0.0, 0.0, 0.0]","[13.0, 16.5, 15.7, 12.9, 13.2, 13.5, 12.5]","[33.8, 34.9, 36.2, 34.3, 34.0, 33.9, 35.3]",2026-08-14T12:37:10.422930
HUB16-HUB16,2025-03-24,2025-03-30,"[0.0, 0.0, 0.0, 0.0, 0.0, 0.0, 0.0]","[11.2, 11.0, 11.3, 15.8, 18.0, 12.5, 12.0]","[36.5, 37.5, 37.4, 37.8, 35.5, 35.3, 37.0]",2026-08-14T12:37:10.423128
HUB16-HUB16,2025-03-31,2025-04-06,"[0.0, 0.0, 0.7, 0.0, 0.0, 0.0, 0.0]","[14.7, 15.4, 15.3, 12.4, 12.1, 17.3, 14.4]","[37.8, 37.4, 36.4, 35.8, 37.2, 38.4, 39.3]",2026-08-14T12:37:10.423331
HUB16-HUB16,2025-04-07,2025-04-13,"[0.0, 0.0, 0.0, 0.0, 0.0, 0.1, 0.0]","[12.8, 13.1, 14.3, 20.2, 24.1, 16.3, 15.3]","[40.2, 41.1, 40.7, 40.8, 38.4, 36.7, 38.1]",2026-08-14T12:37:10.423526
HUB16-HUB16,2025-04-14,2025-04-20,"[0.0, 0.0, 0.0, 0.0, 0.0, 0.0, 0.0]","[17.5, 11.2, 13.0, 16.3, 19.3, 20.1, 16.9]","[39.1, 39.8, 40.9, 40.6, 41.1, 40.4, 39.1]",2026-08-14T12:37:10.423873
HUB16-HUB16,2025-04-21,2025-04-27,"[0.0, 0.0, 0.0, 0.0, 0.0, 0.0, 0.0]","[14.8, 14.8, 15.7, 21.8, 18.3, 19.0, 18.0]","[39.3, 40.8, 41.2, 40.7, 39.7, 39.0, 40.3]",2026-08-14T12:37:10.424135
HUB16-HUB16,2025-04-28,2025-05-04,"[0.0, 0.0, 0.0, 0.0, 0.0, 0.0, 0.0]","[18.4, 16.7, 17.0, 18.7, 20.1, 19.9, 21.4]","[40.5, 41.0, 41.0, 41.8, 41.4, 40.0, 36.1]",2026-08-14T12:37:10.424338
HUB16-HUB16,2025-05-05,2025-05-11,"[3.0, 10.2, 5.4, 1.2, 0.2, 0.0, 3.8]","[23.9, 17.3, 16.6, 14.2, 11.8, 10.8, 15.0]","[36.1, 32.1, 27.3, 29.3, 32.2, 34.7, 36.0]",2026-08-14T12:37:10.424535
HUB16-HUB16,2025-05-12,2025-05-18,"[0.1, 0.0, 0.9, 0.7, 0.7, 0.6, 0.1]","[13.8, 12.2, 16.6, 11.6, 14.0, 15.0, 17.7]","[36.8, 37.1, 36.8, 36.5, 37.1, 37.8, 38.7]",2026-08-14T12:37:10.424738
HUB16-HUB16,2025-05-19,2025-05-25,"[0.6, 0.2, 6.5, 0.0, 0.0, 0.9, 0.0]","[19.8, 13.3, 10.8, 17.6, 12.0, 14.9, 10.3]","[39.3, 36.7, 39.3, 35.7, 34.3, 35.1, 33.3]",2026-08-14T12:37:10.424936
HUB16-HUB16,2025-05-26,2025-06-01,"[0.0, 0.2, 0.5, 0.0, 1.1, 0.2, 0.0]","[10.1, 14.7, 16.6, 14.0, 20.5, 21.7, 18.9]","[37.6, 38.0, 37.8, 36.6, 35.4, 34.9, 35.2]",2026-08-14T12:37:10.425137
HUB16-HUB16,2025-06-02,2025-06-08,"[0.9, 0.5, 0.0, 0.0, 0.2, 0.2, 0.0]","[20.8, 19.6, 12.7, 12.6, 12.9, 16.8, 18.0]","[34.0, 34.1, 33.1, 36.8, 37.0, 37.4, 38.8]",2026-08-14T12:37:10.425337
HUB16-HUB16,2025-06-09,2025-06-15,"[0.0, 0.0, 0.0, 0.0, 0.0, 0.8, 0.8]","[20.5, 21.8, 22.1, 13.0, 11.2, 16.2, 11.7]","[40.0, 40.6, 42.2, 42.2, 39.3, 38.9, 34.5]",2026-08-14T12:37:10.425538
HUB16-HUB16,2025-06-16,2025-06-22,"[2.0, 2.1, 8.9, 28.7, 0.3, 5.5, 6.7]","[18.9, 20.7, 16.6, 21.1, 20.5, 16.9, 16.4]","[33.1, 31.9, 30.0, 29.5, 30.0, 29.1, 27.0]",2026-08-14T12:37:10.425736
HUB16-HUB16,2025-06-23,2025-06-29,"[2.7, 14.3, 21.1, 18.2, 17.3, 3.0, 4.6]","[18.3, 19.5, 15.5, 11.0, 14.1, 19.6, 26.3]","[29.7, 29.7, 27.7, 29.9, 28.2, 28.5, 29.0]",2026-08-14T12:37:10.425928
HUB16-HUB16,2025-06-30,2025-07-06,"[6.5, 0.5, 7.8, 2.2, 3.2, 19.1, 11.1]","[21.0, 21.8, 19.0, 18.7, 19.1, 16.3, 16.4]","[29.3, 30.6, 28.0, 30.5, 28.8, 26.8, 30.5]",2026-08-14T12:37:10.426117
HUB16-HUB16,2025-07-07,2025-07-13,"[0.5, 0.3, 3.3, 0.0, 10.3, 6.7, 5.3]","[19.7, 19.4, 16.8, 13.4, 15.2, 16.0, 18.2]","[31.4, 30.3, 31.0, 29.5, 30.3, 28.4, 29.6]",2026-08-14T12:37:10.426305
HUB16-HUB16,2025-07-14,2025-07-20,"[13.9, 9.7, 2.1, 1.0, 1.9, 0.8, 1.3]","[17.4, 15.0, 15.2, 13.3, 18.4, 16.0, 13.1]","[25.8, 28.3, 29.8, 29.6, 29.2, 30.7, 31.5]",2026-08-14T12:37:10.426490
HUB16-HUB16,2025-07-21,2025-07-27,"[0.6, 3.7, 16.1, 9.5, 8.6, 22.0, 2.3]","[8.5, 13.1, 15.2, 16.1, 15.0, 18.5, 24.8]","[30.4, 30.5, 27.3, 25.7, 29.9, 25.0, 27.2]",2026-08-14T12:37:10.426677
HUB16-HUB16,2025-07-28,2025-08-03,"[12.5, 26.2, 10.8, 0.1, 0.4, 0.7, 0.8]","[22.2, 21.8, 18.9, 23.0, 18.7, 15.7, 15.6]","[26.1, 25.3, 25.8, 28.6, 29.1, 29.0, 29.4]",2026-08-14T12:37:10.426866
HUB16-HUB16,2025-08-04,2025-08-10,"[0.1, 0.4, 0.0, 1.5, 1.7, 2.9, 2.1]","[14.1, 14.0, 12.7, 13.6, 10.5, 11.3, 11.5]","[30.1, 30.2, 31.2, 31.8, 29.7, 28.7, 29.4]",2026-08-14T12:37:10.427050
HUB16-HUB16,2025-08-11,2025-08-17,"[2.9, 1.5, 1.4, 15.2, 17.2, 8.6, 6.2]","[15.3, 16.7, 13.8, 11.0, 8.5, 8.9, 11.0]","[29.2, 29.5, 28.6, 28.9, 29.8, 29.1, 30.8]",2026-08-14T12:37:10.427233
HUB16-HUB16,2025-08-18,2025-08-24,"[25.7, 10.0, 17.9, 17.7, 16.1, 20.5, 10.6]","[14.1, 9.2, 15.7, 20.4, 25.2, 25.9, 23.4]","[30.0, 29.6, 28.3, 26.8, 26.6, 28.2, 27.5]",2026-08-14T12:37:10.427417
HUB16-HUB16,2025-08-25,2025-08-31,"[10.0, 9.4, 9.4, 22.6, 1.8, 24.9, 20.0]","[19.6, 13.7, 13.3, 13.3, 8.5, 9.1, 17.3]","[27.2, 27.9, 28.2, 29.2, 29.1, 28.3, 26.0]",2026-08-14T12:37:10.427609
HUB16-HUB16,2025-09-01,2025-09-07,"[11.3, 4.0, 14.2, 52.8, 8.3, 28.1, 4.8]","[17.9, 14.9, 17.8, 14.8, 12.2, 14.7, 15.9]","[27.3, 27.5, 26.8, 26.8, 27.5, 27.6, 27.3]",2026-08-14T12:37:10.427794
HUB16-HUB16,2025-09-08,2025-09-14,"[0.2, 0.1, 0.3, 0.0, 0.0, 0.8, 1.9]","[11.5, 7.8, 14.3, 11.1, 11.8, 11.2, 10.7]","[28.8, 29.5, 29.3, 29.1, 30.0, 31.3, 31.3]",2026-08-14T12:37:10.427979
HUB16-HUB16,2025-09-15,2025-09-21,"[0.4, 3.4, 18.6, 1.5, 14.2, 16.5, 16.4]","[9.0, 13.4, 10.3, 9.9, 8.4, 10.4, 12.2]","[30.2, 30.8, 31.0, 29.3, 30.7, 30.9, 30.1]",2026-08-14T12:37:10.428165
HUB16-HUB16,2025-09-22,2025-09-28,"[2.1, 0.7, 2.0, 0.8, 0.1, 7.5, 33.2]","[13.2, 13.0, 13.6, 14.0, 15.9, 20.5, 18.6]","[30.6, 30.8, 30.1, 29.9, 33.1, 32.2, 28.1]",2026-08-14T12:37:10.428351
HUB16-HUB16,2025-09-29,2025-10-05,"[1.3, 5.4, 0.0, 0.8, 4.5, 1.5, 1.0]","[15.0, 12.4, 8.1, 8.3, 10.6, 14.0, 14.1]","[28.1, 27.6, 29.3, 30.0, 30.2, 28.4, 29.3]",2026-08-14T12:37:10.428535
HUB16-HUB16,2025-10-06,2025-10-12,"[0.2, 0.5, 0.0, 0.0, 0.0, 0.0, 0.0]","[14.8, 11.4, 9.4, 14.0, 10.6, 10.3, 7.9]","[29.3, 28.9, 30.0, 30.5, 29.4, 29.1, 29.8]",2026-08-14T12:37:10.428719
HUB16-HUB16,2025-10-13,2025-10-19,"[0.0, 0.0, 0.0, 0.2, 0.9, 1.5, 0.0]","[10.5, 11.9, 7.9, 9.0, 9.3, 14.1, 11.1]","[30.2, 30.7, 30.7, 31.0, 30.8, 29.7, 30.8]",2026-08-14T12:37:10.428905
HUB16-HUB16,2025-10-20,2025-10-26,"[0.0, 0.0, 0.4, 0.2, 0.0, 2.7, 9.4]","[12.9, 14.0, 13.1, 11.4, 12.7, 11.5, 12.7]","[30.7, 31.5, 30.2, 30.7, 30.9, 28.1, 24.9]",2026-08-14T12:37:10.429090
HUB16-HUB16,2025-10-27,2025-11-02,"[2.8, 4.5, 0.1, 1.3, 3.3, 0.0, 0.5]","[14.4, 15.1, 16.6, 14.4, 9.4, 8.0, 9.4]","[28.6, 28.5, 27.0, 25.2, 25.1, 28.2, 28.9]",2026-08-14T12:37:10.429272
HUB16-HUB16,2025-11-03,2025-11-09,"[0.6, 0.1, 0.0, 0.0, 0.0, 0.0, 0.0]","[10.3, 12.7, 10.2, 11.1, 10.6, 9.8, 9.0]","[29.3, 28.0, 28.4, 27.3, 26.5, 27.1, 26.8]",2026-08-14T12:37:10.429455
HUB16-HUB16,2025-11-10,2025-11-16,"[0.0, 0.0, 0.0, 0.0, 0.0, 0.0, 0.0]","[6.6, 6.7, 10.2, 10.6, 10.8, 11.6, 12.7]","[26.8, 27.3, 27.5, 27.4, 27.6, 26.9, 26.1]",2026-08-14T12:37:10.429643
HUB16-HUB16,2025-11-17,2025-11-23,"[0.0, 0.0, 0.0, 0.0, 0.0, 0.0, 0.0]","[12.4, 11.3, 11.7, 11.7, 10.3, 8.9, 9.6]","[26.5, 26.8, 27.1, 27.6, 28.2, 28.4, 28.7]",2026-08-14T12:37:10.429829
HUB16-HUB16,2025-11-24,2025-11-30,"[0.4, 1.6, 0.0, 0.1, 0.0, 0.0, 0.0]","[9.1, 10.1, 10.8, 10.6, 11.0, 12.7, 10.7]","[28.1, 27.7, 28.4, 28.4, 27.5, 26.8, 26.7]",2026-08-14T12:37:10.430014
HUB16-HUB16,2025-12-01,2025-12-07,"[0.0, 0.0, 0.0, 0.0, 0.0, 0.0, 0.0]","[10.2, 9.8, 12.0, 10.4, 11.2, 11.9, 11.3]","[26.5, 26.2, 26.1, 25.7, 25.3, 25.7, 27.5]",2026-08-14T12:37:10.430202
HUB16-HUB16,2025-12-08,2025-12-14,"[0.0, 0.0, 0.0, 0.0, 0.0, 0.0, 0.0]","[12.2, 12.0, 10.6, 9.9, 10.4, 11.4, 12.1]","[27.5, 27.9, 26.7, 26.8, 27.0, 27.9, 27.7]",2026-08-14T12:37:10.430386
HUB16-HUB16,2025-12-15,2025-12-21,"[0.0, 0.0, 0.0, 0.0, 0.0, 0.0, 0.0]","[11.7, 11.2, 9.4, 11.0, 9.8, 11.7, 10.3]","[26.5, 26.1, 28.0, 28.0, 27.0, 27.4, 27.2]",2026-08-14T12:37:10.430570
HUB16-HUB16,2025-12-22,2025-12-28,"[0.0, 0.0, 0.0, 0.0, 0.0, 0.0, 0.0]","[11.6, 12.9, 9.7, 9.9, 9.9, 10.5, 10.4]","[27.0, 26.8, 25.8, 24.9, 25.0, 25.4, 25.6]",2026-08-14T12:37:10.430756
HUB16-HUB16,2025-12-29,2026-01-04,"[0.0, 0.0, 0.0, 0.0, 0.0, 0.0, 0.0]","[10.3, 8.9, 10.3, 8.8, 11.8, 12.4, 11.8]","[25.7, 26.0, 25.2, 24.7, 24.8, 24.9, 24.5]",2026-08-14T12:37:10.430941
HUB16-HUB16,2026-01-05,2026-01-11,"[0.0, 0.0, 0.0, 0.0, 0.0, 0.0, 0.0]","[10.6, 9.6, 9.9, 11.6, 14.1, 11.2, 10.7]","[22.9, 24.3, 25.8, 25.9, 25.6, 24.8, 24.9]",2026-08-14T12:37:10.431123
HUB16-HUB16,2026-01-12,2026-01-18,"[0.0, 0.0, 0.0, 0.0, 0.0, 0.0, 0.0]","[11.3, 10.1, 13.9, 11.4, 9.1, 10.0, 10.2]","[25.3, 26.6, 26.9, 25.5, 27.4, 28.5, 25.7]",2026-08-14T12:37:10.431308
HUB16-HUB16,2026-01-19,2026-01-25,"[0.0, 0.0, 0.0, 0.0, 0.0, 0.0, 0.0]","[10.5, 11.3, 11.1, 12.5, 19.0, 12.1, 11.4]","[25.3, 25.3, 26.5, 27.1, 26.7, 23.8, 26.1]",2026-08-14T12:37:10.431498
HUB16-HUB16,2026-01-26,2026-01-31,"[0.0, 1.5, 0.0, 0.0, 0.0, 0.3]","[13.8, 16.6, 12.7, 11.8, 9.7, 10.9]","[27.2, 27.0, 23.0, 22.8, 26.2, 26.6]",2026-08-14T12:37:10.431684
HUB17-HUB17,2023-01-01,2023-01-01,[1.2],[12.5],[28.1],2026-08-14T12:37:12.281360
HUB17-HUB17,2023-01-02,2023-01-08,"[1.1, 1.1, 2.6, 0.8, 0.0, 0.0, 0.0]","[12.1, 15.5, 15.4, 20.6, 18.0, 17.9, 15.2]","[27.3, 26.5, 26.1, 27.6, 27.4, 27.4, 27.3]",2026-08-14T12:37:12.281921
HUB17-HUB17,2023-01-09,2023-01-15,"[0.0, 0.0, 0.0, 0.0, 0.0, 0.0, 0.0]","[13.0, 14.2, 12.3, 16.6, 16.8, 15.5, 16.7]","[27.6, 28.4, 29.0, 28.0, 29.1, 28.9, 28.7]",2026-08-14T12:37:12.282575
HUB17-HUB17,2023-01-16,2023-01-22,"[0.0, 0.0, 0.0, 0.0, 0.7, 0.0, 0.0]","[17.1, 19.4, 18.4, 17.2, 16.2, 17.9, 17.5]","[28.9, 28.5, 28.8, 29.5, 28.0, 28.7, 29.5]",2026-08-14T12:37:12.283111
HUB17-HUB17,2023-01-23,2023-01-29,"[0.0, 0.0, 0.0, 0.0, 0.0, 0.0, 0.0]","[15.2, 13.0, 13.8, 16.1, 14.0, 15.1, 18.6]","[29.1, 29.4, 30.0, 30.8, 31.4, 30.8, 29.4]",2026-08-14T12:37:12.283598
HUB17-HUB17,2023-01-30,2023-02-05,"[0.0, 0.0, 0.0, 0.0, 0.0, 0.0, 0.0]","[21.1, 18.9, 19.8, 22.1, 18.5, 15.9, 15.8]","[29.4, 30.1, 30.2, 31.7, 29.1, 31.0, 29.9]",2026-08-14T12:37:12.284067
HUB17-HUB17,2023-02-06,2023-02-12,"[0.0, 0.0, 0.0, 0.0, 0.0, 0.0, 0.0]","[14.6, 17.3, 17.7, 17.0, 18.0, 19.0, 18.7]","[30.5, 30.0, 29.8, 31.0, 32.1, 32.7, 31.8]",2026-08-14T12:37:12.285005
HUB17-HUB17,2023-02-13,2023-02-19,"[0.0, 0.0, 0.0, 0.0, 0.0, 1.1, 0.0]","[20.2, 16.2, 17.4, 17.5, 19.7, 16.2, 19.4]","[32.6, 30.7, 30.9, 31.2, 29.6, 29.0, 30.2]",2026-08-14T12:37:12.285518
HUB17-HUB17,2023-02-20,2023-02-26,"[0.0, 0.0, 0.0, 0.0, 0.0, 0.0, 0.0]","[18.4, 18.9, 19.9, 21.1, 16.9, 14.4, 19.5]","[30.6, 32.3, 32.4, 31.6, 31.3, 31.1, 31.9]",2026-08-14T12:37:12.285970
HUB17-HUB17,2023-02-27,2023-03-05,"[0.0, 0.0, 0.0, 0.0, 0.0, 0.0, 0.0]","[17.4, 17.4, 15.3, 15.8, 15.5, 17.2, 17.7]","[30.9, 32.5, 32.8, 34.6, 33.5, 34.5, 35.3]",2026-08-14T12:37:12.286410
HUB17-HUB17,2023-03-06,2023-03-12,"[0.0, 0.0, 0.0, 0.0, 0.0, 0.0, 0.0]","[19.5, 18.9, 15.5, 16.2, 15.6, 17.7, 15.2]","[35.5, 33.8, 33.1, 32.4, 33.1, 33.0, 33.8]",2026-08-14T12:37:12.286828
HUB17-HUB17,2023-03-13,2023-03-19,"[0.0, 0.0, 0.0, 1.9, 6.8, 11.0, 16.8]","[15.8, 17.1, 15.5, 14.9, 22.3, 20.2, 12.7]","[34.9, 34.4, 32.3, 31.4, 29.2, 28.4, 25.8]",2026-08-14T12:37:12.287240
HUB17-HUB17,2023-03-20,2023-03-26,"[6.6, 5.2, 3.0, 10.8, 1.9, 4.7, 0.7]","[18.2, 21.7, 17.6, 15.6, 15.9, 13.7, 18.4]","[26.9, 28.9, 29.6, 29.7, 30.3, 30.4, 30.9]",2026-08-14T12:37:12.287666
HUB17-HUB17,2023-03-27,2023-04-02,"[4.4, 1.8, 0.0, 0.0, 0.2, 6.2, 4.2]","[15.9, 18.1, 22.0, 20.9, 22.6, 19.2, 22.5]","[31.6, 31.3, 31.8, 31.4, 31.3, 30.5, 32.5]",2026-08-14T12:37:12.288080
HUB17-HUB17,2023-04-03,2023-04-09,"[0.0, 4.0, 0.0, 0.0, 0.0, 0.0, 0.0]","[21.1, 21.7, 20.2, 18.8, 15.5, 16.3, 18.0]","[33.0, 31.4, 33.0, 33.3, 33.5, 33.3, 34.8]",2026-08-14T12:37:12.288487
HUB17-HUB17,2023-04-10,2023-04-16,"[0.0, 0.0, 0.0, 0.0, 0.0, 0.0, 0.0]","[18.9, 19.6, 20.9, 21.5, 24.1, 21.6, 17.6]","[37.3, 37.6, 38.9, 39.0, 40.2, 39.9, 38.6]",2026-08-14T12:37:12.288900
HUB17-HUB17,2023-04-17,2023-04-23,"[0.0, 0.0, 0.0, 0.0, 0.0, 0.0, 8.8]","[23.5, 24.2, 24.6, 23.1, 16.2, 22.0, 16.4]","[38.1, 39.1, 37.7, 38.1, 35.3, 34.8, 31.5]",2026-08-14T12:37:12.289308
HUB17-HUB17,2023-04-24,2023-04-30,"[5.4, 7.2, 0.0, 1.5, 0.6, 0.0, 0.0]","[12.8, 12.0, 13.6, 13.4, 16.6, 16.8, 18.4]","[30.5, 30.8, 32.9, 33.8, 35.7, 33.4, 34.8]",2026-08-14T12:37:12.289712
HUB17-HUB17,2023-05-01,2023-05-07,"[21.8, 11.4, 10.2, 9.7, 5.0, 2.6, 0.0]","[14.9, 11.2, 12.4, 11.2, 17.4, 11.5, 13.6]","[26.9, 30.6, 29.0, 30.7, 30.9, 32.7, 32.7]",2026-08-14T12:37:12.290126
HUB17-HUB17,2023-05-08,2023-05-14,"[0.0, 0.0, 0.0, 0.0, 0.0, 0.0, 0.0]","[17.2, 13.9, 12.9, 15.9, 17.6, 20.3, 15.4]","[34.4, 34.8, 34.7, 35.9, 36.4, 35.3, 35.0]",2026-08-14T12:37:12.290903
HUB17-HUB17,2023-05-15,2023-05-21,"[0.0, 0.0, 0.0, 0.0, 0.0, 0.0, 0.1]","[17.1, 14.5, 22.5, 23.8, 23.0, 24.8, 23.5]","[37.0, 40.1, 35.5, 35.2, 35.5, 35.8, 35.5]",2026-08-14T12:37:12.291432
HUB17-HUB17,2023-05-22,2023-05-28,"[4.0, 0.0, 1.8, 24.9, 0.0, 0.0, 0.6]","[25.9, 22.0, 32.9, 27.5, 23.1, 16.5, 15.2]","[36.2, 37.9, 35.8, 35.2, 35.0, 38.2, 35.0]",2026-08-14T12:37:12.291856
HUB17-HUB17,2023-05-29,2023-06-04,"[0.4, 6.9, 0.2, 0.1, 0.0, 0.0, 0.3]","[19.2, 24.7, 19.6, 17.1, 19.5, 19.7, 20.7]","[34.1, 35.4, 36.5, 36.9, 38.8, 36.2, 36.8]",2026-08-14T12:37:12.292224
HUB17-HUB17,2023-06-05,2023-06-11,"[0.2, 4.7, 0.9, 0.0, 0.2, 0.0, 0.0]","[17.1, 13.1, 21.4, 23.1, 23.7, 25.7, 22.4]","[35.7, 35.2, 38.8, 41.9, 42.8, 43.8, 43.6]",2026-08-14T12:37:12.292567
HUB17-HUB17,2023-06-12,2023-06-18,"[1.7, 0.4, 0.1, 0.0, 0.1, 0.0, 2.5]","[23.8, 22.1, 20.5, 16.4, 15.1, 18.9, 19.4]","[40.8, 36.6, 39.1, 42.2, 41.6, 38.4, 38.7]",2026-08-14T12:37:12.292905
HUB17-HUB17,2023-06-19,2023-06-25,"[3.7, 3.1, 6.6, 13.2, 11.6, 2.6, 5.0]","[15.6, 21.8, 19.4, 27.6, 26.5, 21.1, 22.7]","[33.5, 33.8, 34.4, 34.2, 30.1, 32.0, 31.3]",2026-08-14T12:37:12.293242
HUB17-HUB17,2023-06-26,2023-07-02,"[0.9, 0.7, 0.1, 1.8, 0.0, 0.0, 0.0]","[32.2, 26.9, 22.0, 20.9, 20.7, 20.1, 16.3]","[32.6, 32.2, 33.4, 33.5, 35.7, 36.4, 36.3]",2026-08-14T12:37:12.293578
HUB17-HUB17,2023-07-03,2023-07-09,"[5.7, 7.0, 5.5, 8.7, 0.3, 1.1, 1.9]","[20.0, 13.1, 15.5, 21.6, 25.2, 23.8, 14.5]","[35.1, 34.1, 31.4, 32.6, 33.8, 33.3, 35.7]",2026-08-14T12:37:12.293915
HUB17-HUB17,2023-07-10,2023-07-16,"[18.0, 17.7, 17.9, 3.6, 2.5, 10.9, 3.5]","[15.8, 14.5, 20.1, 21.5, 20.3, 21.2, 20.3]","[36.3, 34.1, 30.2, 31.0, 32.6, 32.7, 33.6]",2026-08-14T12:37:12.294246
HUB17-HUB17,2023-07-17,2023-07-23,"[23.3, 12.8, 22.3, 10.4, 4.0, 12.5, 19.9]","[20.1, 24.6, 32.4, 29.7, 21.3, 18.8, 16.4]","[30.0, 28.7, 29.6, 31.6, 33.1, 32.1, 31.6]",2026-08-14T12:37:12.294573
HUB17-HUB17,2023-07-24,2023-07-30,"[72.8, 71.1, 52.7, 0.6, 0.2, 2.7, 3.5]","[14.5, 13.3, 19.7, 33.1, 27.9, 18.9, 14.0]","[31.8, 29.6, 31.5, 30.8, 34.1, 34.1, 33.2]",2026-08-14T12:37:12.294904
HUB17-HUB17,2023-07-31,2023-08-06,"[6.0, 6.5, 1.6, 0.0, 0.8, 0.0, 2.4]","[16.2, 19.0, 23.4, 22.9, 23.1, 22.6, 23.8]","[31.5, 31.2, 31.4, 34.1, 32.8, 34.0, 32.8]",2026-08-14T12:37:12.295239
HUB17-HUB17,2023-08-07,2023-08-13,"[0.2, 1.1, 2.7, 0.5, 3.0, 0.1, 0.4]","[20.2, 22.7, 17.6, 20.2, 12.2, 16.1, 17.1]","[33.9, 32.9, 33.6, 34.3, 34.0, 35.0, 34.9]",2026-08-14T12:37:12.295576
HUB17-HUB17,2023-08-14,2023-08-20,"[0.7, 0.7, 2.1, 10.6, 12.5, 2.4, 0.6]","[13.2, 17.7, 20.0, 12.4, 16.5, 22.0, 25.0]","[32.4, 33.4, 32.2, 32.4, 28.5, 31.3, 31.2]",2026-08-14T12:37:12.295911
HUB17-HUB17,2023-08-21,2023-08-27,"[5.0, 7.6, 20.8, 4.3, 5.5, 37.8, 0.7]","[18.1, 20.1, 24.9, 23.2, 22.4, 15.5, 20.5]","[32.2, 32.1, 31.5, 30.7, 31.6, 30.0, 32.0]",2026-08-14T12:37:12.296248
HUB17-HUB17,2023-08-28,2023-09-03,"[12.4, 1.2, 1.0, 9.3, 1.9, 27.0, 32.1]","[14.3, 10.1, 9.9, 9.8, 13.2, 17.0, 13.3]","[33.9, 33.6, 34.3, 34.2, 33.5, 33.3, 34.1]",2026-08-14T12:37:12.296579
HUB17-HUB17,2023-09-04,2023-09-10,"[23.6, 16.7, 40.1, 16.1, 2.8, 3.1, 8.5]","[10.8, 10.5, 10.5, 19.3, 22.3, 19.3, 19.0]","[31.1, 31.0, 29.4, 31.1, 31.7, 32.0, 31.4]",2026-08-14T12:37:12.296912
HUB17-HUB17,2023-09-11,2023-09-17,"[4.7, 11.0, 16.0, 1.2, 4.3, 0.7, 1.6]","[14.5, 14.2, 17.7, 21.7, 22.1, 14.8, 14.0]","[31.9, 30.4, 31.3, 32.3, 31.6, 32.3, 33.6]",2026-08-14T12:37:12.297249
HUB17-HUB17,2023-09-18,2023-09-24,"[3.1, 6.8, 2.3, 0.7, 0.2, 3.7, 6.6]","[9.2, 12.4, 14.7, 21.9, 22.5, 20.1, 16.6]","[32.1, 31.2, 31.4, 31.6, 31.9, 31.5, 31.3]",2026-08-14T12:37:12.297593
HUB17-HUB17,2023-09-25,2023-10-01,"[10.9, 10.5, 9.0, 10.9, 6.2, 13.3, 1.8]","[11.9, 11.2, 10.6, 7.6, 14.5, 14.1, 20.0]","[29.8, 30.4, 31.2, 32.5, 31.6, 33.5, 33.5]",2026-08-14T12:37:12.297919
HUB17-HUB17,2023-10-02,2023-10-08,"[0.9, 14.2, 0.0, 0.0, 0.0, 0.0, 5.5]","[19.9, 18.9, 17.1, 14.0, 11.9, 7.6, 13.4]","[31.6, 32.4, 34.5, 33.8, 33.8, 33.7, 32.7]",2026-08-14T12:37:12.298202
HUB17-HUB17,2023-10-09,2023-10-15,"[1.5, 1.8, 0.0, 0.0, 0.0, 0.0, 0.0]","[13.3, 11.4, 12.9, 13.6, 12.0, 13.5, 13.2]","[33.2, 33.3, 34.0, 33.7, 33.0, 33.3, 33.9]",2026-08-14T12:37:12.298480
HUB17-HUB17,2023-10-16,2023-10-22,"[0.0, 0.1, 0.0, 5.0, 0.4, 0.0, 0.0]","[14.8, 16.5, 13.4, 16.3, 20.2, 23.4, 22.0]","[34.0, 33.3, 32.8, 32.4, 32.5, 32.2, 33.3]",2026-08-14T12:37:12.298756
HUB17-HUB17,2023-10-23,2023-10-29,"[1.4, 0.1, 3.5, 1.3, 1.0, 0.0, 0.0]","[19.0, 15.3, 11.1, 12.6, 14.1, 13.7, 15.2]","[34.0, 33.1, 32.1, 32.3, 32.1, 31.5, 31.7]",2026-08-14T12:37:12.299040
HUB17-HUB17,2023-10-30,2023-11-05,"[0.0, 0.0, 5.0, 8.0, 9.2, 11.4, 8.4]","[17.7, 19.2, 19.7, 17.4, 12.2, 10.7, 11.3]","[31.5, 31.1, 29.7, 30.5, 30.9, 30.2, 29.7]",2026-08-14T12:37:12.299323
HUB17-HUB17,2023-11-06,2023-11-12,"[7.0, 6.8, 0.1, 0.0, 0.0, 0.0, 0.0]","[15.0, 15.7, 12.9, 15.6, 13.8, 15.7, 17.0]","[30.4, 30.3, 31.6, 31.5, 31.6, 32.2, 32.0]",2026-08-14T12:37:12.299600
HUB17-HUB17,2023-11-13,2023-11-19,"[0.0, 0.0, 0.0, 0.0, 0.0, 0.1, 0.0]","[18.6, 21.4, 22.7, 19.2, 17.4, 19.1, 19.2]","[31.2, 30.5, 30.5, 34.1, 32.1, 31.9, 30.8]",2026-08-14T12:37:12.299879
HUB17-HUB17,2023-11-20,2023-11-26,"[21.4, 23.0, 0.0, 4.5, 0.0, 0.3, 0.0]","[19.4, 14.9, 16.6, 15.9, 17.9, 20.0, 18.8]","[26.9, 27.3, 30.3, 29.3, 29.9, 30.2, 29.7]",2026-08-14T12:37:12.300158
HUB17-HUB17,2023-11-27,2023-12-03,"[0.0, 0.0, 0.0, 0.0, 0.0, 0.1, 4.2]","[16.9, 16.6, 17.5, 19.1, 23.2, 25.5, 27.3]","[29.4, 29.6, 30.2, 30.7, 30.1, 29.7, 28.4]",2026-08-14T12:37:12.300446
HUB17-HUB17,2023-12-04,2023-12-10,"[29.5, 32.8, 39.2, 1.8, 0.0, 0.3, 0.2]","[20.3, 18.1, 21.7, 9.9, 9.7, 12.3, 13.8]","[25.0, 25.7, 26.3, 28.4, 28.8, 27.8, 28.2]",2026-08-14T12:37:12.300726
HUB17-HUB17,2023-12-11,2023-12-17,"[0.2, 0.0, 0.0, 0.0, 0.0, 0.0, 0.0]","[14.3, 14.9, 13.7, 15.3, 16.0, 15.4, 16.6]","[27.1, 27.2, 27.1, 27.2, 27.1, 26.8, 27.0]",2026-08-14T12:37:12.301004
HUB17-HUB17,2023-12-18,2023-12-24,"[0.0, 0.0, 0.0, 0.0, 0.0, 0.0, 0.0]","[16.5, 15.5, 14.5, 13.0, 11.3, 14.2, 14.1]","[27.3, 26.9, 26.4, 26.3, 26.9, 27.1, 27.2]",2026-08-14T12:37:12.301286
HUB17-HUB17,2023-12-25,2023-12-31,"[0.0, 0.0, 0.0, 0.0, 0.0, 0.0, 0.0]","[14.4, 13.2, 13.8, 16.0, 15.3, 15.1, 16.5]","[27.7, 28.4, 28.0, 27.9, 27.1, 29.0, 27.6]",2026-08-14T12:37:12.301562
HUB17-HUB17,2024-01-01,2024-01-07,"[0.0, 0.0, 0.0, 0.0, 0.0, 0.0, 0.0]","[17.4, 18.0, 16.3, 17.7, 18.0, 16.4, 17.7]","[27.9, 27.3, 26.7, 27.1, 27.0, 27.1, 27.9]",2026-08-14T12:37:12.301838
HUB17-HUB17,2024-01-08,2024-01-14,"[0.0, 0.0, 0.0, 0.0, 0.1, 0.0, 0.3]","[19.5, 16.7, 13.2, 10.4, 15.9, 15.6, 15.5]","[27.9, 27.6, 29.7, 29.9, 28.6, 29.0, 28.4]",2026-08-14T12:37:12.302112
HUB17-HUB17,2024-01-15,2024-01-21,"[0.9, 0.3, 0.2, 0.0, 0.0, 1.8, 0.0]","[18.0, 16.6, 14.4, 15.5, 14.7, 14.5, 15.1]","[28.8, 28.3, 28.2, 27.9, 28.0, 27.8, 28.4]",2026-08-14T12:37:12.302393
HUB17-HUB17,2024-01-22,2024-01-28,"[1.2, 0.5, 0.0, 3.2, 0.4, 0.0, 0.0]","[12.1, 12.7, 18.9, 15.7, 17.7, 16.6, 14.8]","[28.3, 27.9, 28.8, 28.5, 26.7, 28.1, 28.1]",2026-08-14T12:37:12.302676
HUB17-HUB17,2024-01-29,2024-02-04,"[0.0, 0.0, 0.0, 0.0, 0.0, 2.4, 0.4]","[15.7, 14.0, 15.2, 15.5, 16.6, 14.0, 13.8]","[27.9, 28.5, 30.2, 29.8, 29.5, 29.1, 28.9]",2026-08-14T12:37:12.302952
HUB17-HUB17,2024-02-05,2024-02-11,"[0.0, 0.0, 0.0, 0.2, 2.7, 0.0, 0.0]","[15.7, 16.2, 14.4, 13.5, 18.5, 15.7, 17.1]","[29.7, 30.8, 32.3, 31.8, 28.9, 29.0, 29.9]",2026-08-14T12:37:12.303230
HUB17-HUB17,2024-02-12,2024-02-18,"[0.0, 0.0, 0.0, 0.0, 0.0, 0.0, 0.0]","[15.7, 13.5, 13.0, 13.4, 17.8, 15.1, 18.4]","[29.6, 30.6, 30.7, 31.2, 32.0, 30.9, 31.4]",2026-08-14T12:37:12.303511
HUB17-HUB17,2024-02-19,2024-02-25,"[0.0, 0.0, 0.0, 0.0, 0.0, 0.6, 0.0]","[22.5, 20.0, 22.1, 24.3, 21.5, 16.7, 15.0]","[32.2, 32.4, 33.0, 30.9, 31.6, 30.8, 30.8]",2026-08-14T12:37:12.303794
HUB17-HUB17,2024-02-26,2024-03-03,"[0.0, 0.0, 0.0, 0.7, 0.3, 0.0, 0.0]","[17.6, 16.6, 15.5, 13.2, 19.2, 19.1, 22.0]","[30.8, 31.6, 31.7, 34.4, 34.3, 32.7, 33.0]",2026-08-14T12:37:12.304072
HUB17-HUB17,2024-03-04,2024-03-10,"[0.0, 0.0, 0.0, 0.0, 2.3, 1.3, 0.3]","[23.2, 18.4, 19.6, 22.5, 14.1, 17.3, 14.7]","[32.6, 33.7, 34.1, 33.6, 33.3, 32.4, 32.9]",2026-08-14T12:37:12.304350
HUB17-HUB17,2024-03-11,2024-03-17,"[0.0, 0.0, 0.0, 0.0, 0.0, 0.0, 0.0]","[19.1, 21.1, 23.7, 21.1, 18.9, 17.8, 13.0]","[32.4, 34.0, 33.7, 33.9, 33.3, 32.4, 33.3]",2026-08-14T12:37:12.304629
HUB17-HUB17,2024-03-18,2024-03-24,"[0.0, 1.0, 1.8, 0.3, 0.0, 0.3, 0.0]","[15.8, 14.4, 19.5, 16.6, 18.5, 18.7, 19.2]","[33.8, 33.3, 30.8, 30.2, 31.7, 32.8, 33.3]",2026-08-14T12:37:12.304907
HUB17-HUB17,2024-03-25,2024-03-31,"[0.0, 0.0, 0.0, 0.0, 0.0, 0.0, 0.0]","[16.9, 17.3, 21.0, 20.9, 22.1, 22.5, 22.1]","[34.1, 33.6, 34.0, 34.8, 34.0, 34.5, 34.2]",2026-08-14T12:37:12.305184
HUB17-HUB17,2024-04-01,2024-04-07,"[0.0, 0.0, 0.0, 0.0, 0.0, 0.0, 0.0]","[21.7, 23.7, 24.7, 24.9, 22.9, 22.7, 22.1]","[35.0, 34.4, 33.4, 35.1, 36.4, 38.3, 36.8]",2026-08-14T12:37:12.305463
HUB17-HUB17,2024-04-08,2024-04-14,"[0.4, 0.0, 0.0, 0.0, 0.0, 0.0, 0.0]","[25.9, 16.0, 15.1, 16.1, 15.3, 14.3, 17.0]","[34.2, 36.7, 36.9, 36.6, 35.2, 36.3, 36.4]",2026-08-14T12:37:12.305738
HUB17-HUB17,2024-04-15,2024-04-21,"[0.0, 0.0, 0.0, 0.0, 0.0, 0.0, 0.0]","[19.1, 26.6, 23.7, 24.6, 23.7, 23.8, 22.5]","[36.7, 40.0, 38.2, 36.4, 36.1, 36.9, 35.3]",2026-08-14T12:37:12.305988
HUB17-HUB17,2024-04-22,2024-04-28,"[0.0, 0.0, 0.0, 0.0, 0.0, 0.1, 0.0]","[17.5, 17.6, 18.4, 19.1, 21.6, 21.3, 19.9]","[37.5, 38.3, 38.6, 37.6, 36.6, 37.3, 37.8]",2026-08-14T12:37:12.306229
HUB17-HUB17,2024-04-29,2024-05-05,"[0.0, 0.0, 0.0, 0.0, 0.0, 0.0, 0.0]","[21.3, 25.6, 25.8, 28.2, 25.4, 26.1, 27.6]","[37.4, 36.6, 36.7, 35.6, 36.6, 35.9, 35.6]",2026-08-14T12:37:12.306471
HUB17-HUB17,2024-05-06,2024-05-12,"[20.2, 0.0, 0.0, 7.1, 9.6, 0.3, 1.1]","[28.7, 24.5, 19.3, 21.8, 18.4, 21.5, 16.6]","[36.2, 33.6, 33.6, 33.4, 33.1, 34.4, 34.9]",2026-08-14T12:37:12.306712
HUB17-HUB17,2024-05-13,2024-05-19,"[0.0, 1.0, 3.8, 17.5, 7.2, 1.4, 1.8]","[13.3, 14.3, 16.6, 10.8, 14.9, 17.8, 17.1]","[34.7, 34.8, 34.2, 31.3, 32.6, 33.9, 33.9]",2026-08-14T12:37:12.306957
HUB17-HUB17,2024-05-20,2024-05-26,"[0.9, 1.0, 0.0, 0.1, 9.8, 1.5, 0.8]","[15.6, 16.1, 19.4, 18.1, 17.3, 13.3, 22.4]","[35.1, 34.5, 35.4, 35.0, 36.5, 33.1, 37.4]",2026-08-14T12:37:12.307318
HUB17-HUB17,2024-05-27,2024-06-02,"[0.0, 0.0, 0.0, 0.0, 0.0, 3.0, 2.3]","[23.8, 23.2, 25.0, 22.4, 22.3, 21.6, 25.5]","[38.0, 39.6, 37.4, 36.3, 36.3, 35.5, 36.8]",2026-08-14T12:37:12.307624
HUB17-HUB17,2024-06-03,2024-06-09,"[1.0, 0.1, 1.6, 0.5, 1.2, 0.0, 0.0]","[18.8, 27.2, 18.1, 24.5, 22.6, 26.9, 27.4]","[33.6, 35.0, 34.2, 34.3, 33.4, 34.0, 33.8]",2026-08-14T12:37:12.307928
HUB17-HUB17,2024-06-10,2024-06-16,"[0.1, 0.0, 0.3, 2.4, 0.0, 10.8, 3.8]","[22.1, 21.4, 18.7, 19.4, 18.9, 21.1, 18.5]","[33.4, 35.2, 34.0, 37.3, 37.0, 36.5, 37.1]",2026-08-14T12:37:12.308196
HUB17-HUB17,2024-06-17,2024-06-23,"[6.7, 9.4, 0.4, 5.6, 5.9, 5.1, 0.5]","[22.1, 28.1, 23.4, 23.4, 14.2, 16.6, 21.3]","[36.5, 37.0, 37.5, 37.4, 36.6, 33.4, 32.6]",2026-08-14T12:37:12.308456
HUB17-HUB17,2024-06-24,2024-06-30,"[0.9, 15.5, 6.4, 107.5, 1.8, 22.4, 9.5]","[17.0, 16.6, 14.0, 17.1, 20.5, 26.1, 22.9]","[33.8, 33.2, 31.6, 28.0, 33.1, 31.0, 30.8]",2026-08-14T12:37:12.308706
HUB17-HUB17,2024-07-01,2024-07-07,"[4.0, 0.1, 0.3, 3.8, 3.5, 9.5, 0.4]","[25.3, 21.9, 22.1, 20.7, 24.6, 24.3, 17.4]","[32.6, 32.7, 34.8, 33.3, 32.6, 32.8, 31.5]",2026-08-14T12:37:12.308955
HUB17-HUB17,2024-07-08,2024-07-14,"[12.6, 8.0, 6.8, 10.9, 5.8, 10.9, 21.7]","[14.8, 20.2, 21.3, 20.9, 21.4, 20.3, 18.6]","[31.4, 29.6, 30.2, 31.5, 31.9, 32.7, 30.6]",2026-08-14T12:37:12.309204
HUB17-HUB17,2024-07-15,2024-07-21,"[20.2, 18.8, 11.2, 47.4, 80.0, 30.2, 9.0]","[16.0, 17.7, 19.9, 15.5, 21.3, 29.1, 33.6]","[29.3, 31.5, 31.4, 27.1, 26.5, 30.7, 28.1]",2026-08-14T12:37:12.309448
HUB17-HUB17,2024-07-22,2024-07-28,"[4.2, 2.0, 13.4, 2.0, 22.0, 14.6, 0.9]","[28.1, 26.7, 31.9, 28.7, 23.3, 23.5, 23.4]","[28.8, 29.0, 29.6, 29.0, 28.6, 30.9, 32.4]",2026-08-14T12:37:12.309692
HUB17-HUB17,2024-07-29,2024-08-04,"[2.5, 2.5, 3.8, 1.5, 4.8, 2.6, 1.3]","[20.9, 19.7, 20.4, 20.2, 20.7, 20.9, 19.4]","[32.1, 31.0, 31.8, 31.4, 30.3, 31.9, 32.1]",2026-08-14T12:37:12.309940
HUB17-HUB17,2024-08-05,2024-08-11,"[2.2, 4.1, 11.0, 5.8, 0.8, 1.0, 1.2]","[21.7, 14.8, 18.9, 18.6, 17.8, 16.9, 18.4]","[31.0, 30.1, 30.7, 31.1, 32.2, 32.4, 33.1]",2026-08-14T12:37:12.310188
HUB17-HUB17,2024-08-12,2024-08-18,"[5.4, 6.7, 8.0, 2.6, 1.1, 0.5, 9.7]","[15.3, 17.1, 15.9, 15.9, 17.2, 15.2, 15.2]","[31.5, 31.7, 31.1, 31.7, 31.4, 32.0, 32.5]",2026-08-14T12:37:12.310431
HUB17-HUB17,2024-08-19,2024-08-25,"[14.1, 0.5, 2.4, 22.6, 7.2, 4.1, 0.1]","[13.7, 19.5, 24.3, 19.4, 20.5, 24.9, 22.2]","[30.7, 31.6, 30.7, 29.8, 28.4, 30.1, 31.9]",2026-08-14T12:37:12.310674
HUB17-HUB17,2024-08-26,2024-09-01,"[5.6, 0.0, 24.2, 83.4, 39.0, 48.3, 2.4]","[19.5, 16.6, 13.2, 7.2, 16.2, 22.1, 25.0]","[30.6, 32.5, 30.5, 26.4, 30.0, 29.7, 29.4]",2026-08-14T12:37:12.310921
HUB17-HUB17,2024-09-02,2024-09-08,"[0.5, 3.9, 28.3, 10.9, 23.1, 13.6, 100.1]","[20.9, 19.8, 13.8, 14.6, 9.6, 14.1, 16.6]","[29.4, 30.0, 29.1, 31.0, 31.4, 29.4, 26.2]",2026-08-14T12:37:12.311174
HUB17-HUB17,2024-09-09,2024-09-15,"[167.6, 0.4, 0.0, 0.0, 0.4, 0.0, 0.0]","[24.1, 28.7, 21.3, 18.7, 11.5, 11.3, 14.1]","[28.5, 33.0, 33.5, 33.1, 32.9, 33.4, 34.9]",2026-08-14T12:37:12.311417
HUB17-HUB17,2024-09-16,2024-09-22,"[0.0, 2.4, 1.7, 17.0, 12.4, 3.9, 13.2]","[15.1, 14.0, 10.9, 7.7, 11.5, 10.8, 11.8]","[33.7, 33.8, 33.3, 32.3, 31.1, 33.1, 32.1]",2026-08-14T12:37:12.311663
HUB17-HUB17,2024-09-23,2024-09-29,"[21.7, 22.0, 4.8, 15.2, 9.6, 1.6, 0.7]","[11.5, 10.0, 15.1, 21.4, 18.6, 17.1, 15.7]","[28.9, 30.8, 29.8, 28.8, 29.1, 30.8, 31.3]",2026-08-14T12:37:12.311911
HUB17-HUB17,2024-09-30,2024-10-06,"[0.6, 0.3, 7.6, 0.4, 0.4, 0.0, 1.2]","[17.7, 16.7, 14.3, 13.3, 14.2, 10.8, 8.1]","[32.0, 32.8, 32.6, 34.8, 35.8, 33.2, 32.2]",2026-08-14T12:37:12.312158
HUB17-HUB17,2024-10-07,2024-10-13,"[3.6, 3.9, 2.7, 2.2, 1.6, 1.9, 0.3]","[13.7, 10.4, 14.2, 14.2, 13.4, 10.1, 15.1]","[31.2, 31.1, 30.9, 30.9, 30.3, 31.2, 31.5]",2026-08-14T12:37:12.312401
HUB17-HUB17,2024-10-14,2024-10-20,"[10.2, 5.6, 12.0, 5.3, 2.5, 5.1, 8.4]","[16.6, 15.8, 19.6, 11.9, 13.5, 13.8, 12.3]","[30.6, 31.2, 31.3, 29.5, 30.9, 31.1, 30.0]",2026-08-14T12:37:12.312647
HUB17-HUB17,2024-10-21,2024-10-27,"[3.6, 0.0, 0.0, 0.0, 0.1, 7.6, 4.2]","[14.7, 13.3, 14.9, 14.9, 15.3, 11.2, 8.9]","[31.1, 32.4, 34.6, 32.0, 32.8, 31.8, 31.8]",2026-08-14T12:37:12.312895
HUB17-HUB17,2024-10-28,2024-11-03,"[2.6, 0.8, 1.7, 0.6, 0.2, 0.0, 0.0]","[13.0, 12.8, 13.2, 10.7, 10.3, 14.3, 15.1]","[30.8, 31.8, 30.7, 31.5, 31.6, 32.0, 32.6]",2026-08-14T12:37:12.313144
HUB17-HUB17,2024-11-04,2024-11-10,"[0.0, 0.0, 2.5, 0.2, 0.3, 0.0, 0.0]","[16.7, 18.7, 20.7, 17.8, 16.9, 19.0, 18.9]","[32.9, 31.9, 31.6, 31.5, 31.5, 32.1, 32.9]",2026-08-14T12:37:12.313399
HUB17-HUB17,2024-11-11,2024-11-17,"[0.4, 5.8, 0.2, 0.5, 0.0, 0.0, 0.0]","[23.0, 19.9, 18.6, 19.6, 16.9, 16.9, 16.2]","[30.4, 30.5, 31.7, 31.9, 32.6, 32.8, 31.7]",2026-08-14T12:37:12.313637
HUB17-HUB17,2024-11-18,2024-11-24,"[0.0, 0.0, 0.0, 0.0, 0.0, 0.0, 0.0]","[15.9, 13.8, 12.8, 12.8, 14.6, 12.8, 16.1]","[30.8, 31.2, 30.1, 30.1, 31.0, 31.5, 30.8]",2026-08-14T12:37:12.313869
HUB17-HUB17,2024-11-25,2024-12-01,"[0.0, 0.0, 0.0, 0.0, 6.4, 13.4, 33.1]","[17.9, 22.4, 20.0, 21.9, 19.1, 22.3, 21.9]","[30.1, 29.7, 29.7, 29.4, 27.9, 27.1, 24.7]",2026-08-14T12:37:12.314088
HUB17-HUB17,2024-12-02,2024-12-08,"[25.8, 4.6, 0.4, 0.0, 0.0, 2.2, 0.3]","[18.9, 17.8, 15.1, 11.0, 8.8, 9.7, 10.0]","[28.3, 27.3, 28.7, 29.5, 29.6, 29.0, 29.2]",2026-08-14T12:37:12.314306
HUB17-HUB17,2024-12-09,2024-12-15,"[0.6, 1.0, 0.0, 0.0, 0.0, 0.0, 0.0]","[8.2, 13.5, 19.4, 13.6, 13.5, 15.0, 15.3]","[30.0, 28.7, 28.0, 27.5, 27.4, 27.7, 27.4]",2026-08-14T12:37:12.314524
HUB17-HUB17,2024-12-16,2024-12-22,"[0.0, 14.3, 10.7, 19.6, 34.9, 28.7, 0.0]","[14.8, 15.2, 15.5, 22.0, 20.1, 20.9, 16.5]","[27.8, 27.5, 26.1, 26.3, 24.7, 25.5, 27.8]",2026-08-14T12:37:12.314744
HUB17-HUB17,2024-12-23,2024-12-29,"[0.7, 4.2, 13.8, 0.1, 0.0, 0.0, 0.0]","[17.9, 20.0, 19.8, 18.5, 18.4, 11.9, 11.0]","[25.6, 24.8, 24.6, 27.1, 28.3, 28.5, 29.0]",2026-08-14T12:37:12.314959
HUB17-HUB17,2024-12-30,2025-01-05,"[0.0, 0.0, 0.0, 0.0, 0.0, 0.0, 0.0]","[11.7, 9.6, 12.1, 12.8, 9.4, 11.4, 10.1]","[29.3, 28.9, 28.0, 27.0, 27.2, 27.4, 27.7]",2026-08-14T12:37:12.315174
HUB17-HUB17,2025-01-06,2025-01-12,"[0.0, 0.0, 0.0, 0.0, 0.0, 0.0, 0.0]","[10.9, 13.0, 13.6, 14.7, 16.0, 15.8, 12.9]","[28.0, 29.5, 29.4, 28.0, 26.7, 26.5, 27.7]",2026-08-14T12:37:12.315392
HUB17-HUB17,2025-01-13,2025-01-19,"[0.0, 0.0, 0.0, 0.0, 0.0, 0.0, 0.0]","[13.0, 15.3, 16.4, 15.7, 17.1, 16.1, 14.7]","[28.5, 29.2, 28.3, 28.1, 27.5, 27.8, 29.2]",2026-08-14T12:37:12.315606
HUB17-HUB17,2025-01-20,2025-01-26,"[0.0, 0.0, 0.0, 0.0, 0.0, 0.0, 0.0]","[11.1, 11.8, 12.6, 10.6, 12.5, 11.6, 13.0]","[30.9, 31.1, 30.6, 29.8, 29.0, 29.4, 29.7]",2026-08-14T12:37:12.315818
HUB17-HUB17,2025-01-27,2025-02-02,"[0.0, 0.0, 0.5, 0.2, 0.0, 0.0, 0.0]","[15.3, 14.8, 12.0, 12.3, 12.0, 11.6, 12.9]","[29.7, 30.0, 28.6, 29.4, 31.0, 31.1, 31.6]",2026-08-14T12:37:12.316031
HUB17-HUB17,2025-02-03,2025-02-09,"[0.0, 0.0, 0.0, 0.0, 0.3, 0.0, 0.0]","[12.4, 12.4, 12.8, 14.2, 11.8, 11.5, 14.2]","[34.1, 33.3, 32.7, 33.8, 32.6, 32.3, 31.3]",2026-08-14T12:37:12.316249
HUB17-HUB17,2025-02-10,2025-02-16,"[0.0, 0.0, 0.0, 0.0, 0.0, 0.0, 0.0]","[13.8, 15.3, 15.3, 15.3, 14.1, 14.1, 13.7]","[31.1, 30.5, 32.7, 33.4, 33.2, 31.6, 31.5]",2026-08-14T12:37:12.316467
HUB17-HUB17,2025-02-17,2025-02-23,"[0.0, 0.0, 0.0, 0.0, 1.6, 2.6, 0.4]","[13.9, 15.7, 14.9, 15.7, 12.3, 13.5, 11.9]","[31.6, 31.5, 32.5, 31.2, 32.0, 31.6, 33.2]",2026-08-14T12:37:12.316682
HUB17-HUB17,2025-02-24,2025-03-02,"[0.0, 0.0, 0.0, 0.0, 0.0, 0.0, 0.0]","[15.5, 15.6, 17.5, 14.8, 13.0, 11.7, 14.9]","[32.6, 33.3, 32.0, 32.5, 33.0, 34.3, 33.3]",2026-08-14T12:37:12.316895
HUB17-HUB17,2025-03-03,2025-03-09,"[0.0, 0.0, 0.0, 0.0, 0.0, 0.0, 0.0]","[15.6, 12.8, 12.8, 18.1, 16.2, 17.3, 14.7]","[34.4, 34.1, 35.1, 36.0, 33.0, 32.4, 31.9]",2026-08-14T12:37:12.317113
HUB17-HUB17,2025-03-10,2025-03-16,"[0.0, 0.0, 0.0, 0.0, 0.0, 0.0, 0.0]","[14.4, 14.3, 14.8, 15.9, 16.4, 17.0, 15.3]","[32.6, 32.9, 33.2, 35.6, 35.0, 33.3, 34.8]",2026-08-14T12:37:12.317332
HUB17-HUB17,2025-03-17,2025-03-23,"[0.0, 0.0, 0.0, 0.0, 0.0, 0.0, 1.5]","[18.0, 17.1, 16.1, 15.7, 16.0, 14.5, 17.2]","[34.1, 33.7, 33.4, 33.9, 33.6, 32.5, 32.7]",2026-08-14T12:37:12.317549
HUB17-HUB17,2025-03-24,2025-03-30,"[0.9, 0.6, 0.0, 0.0, 0.0, 0.0, 0.0]","[12.6, 14.8, 16.7, 15.5, 17.6, 16.3, 15.2]","[32.4, 34.0, 34.0, 34.8, 35.4, 37.0, 35.1]",2026-08-14T12:37:12.317767
HUB17-HUB17,2025-03-31,2025-04-06,"[0.0, 0.1, 0.0, 0.0, 0.5, 3.0, 0.0]","[15.5, 17.0, 15.8, 16.0, 12.6, 12.5, 14.9]","[33.6, 33.1, 32.9, 34.4, 34.6, 34.1, 35.2]",2026-08-14T12:37:12.317985
HUB17-HUB17,2025-04-07,2025-04-13,"[0.0, 0.0, 0.1, 2.9, 1.1, 0.0, 2.0]","[13.9, 18.6, 18.0, 11.6, 17.1, 14.0, 15.9]","[35.2, 34.4, 33.1, 34.2, 34.3, 37.4, 34.9]",2026-08-14T12:37:12.318212
HUB17-HUB17,2025-04-14,2025-04-20,"[0.1, 3.8, 1.2, 0.0, 0.4, 0.0, 0.3]","[15.2, 14.9, 15.4, 19.2, 19.3, 19.4, 20.0]","[34.6, 32.5, 33.4, 33.9, 34.3, 35.6, 36.6]",2026-08-14T12:37:12.318432
HUB17-HUB17,2025-04-21,2025-04-27,"[0.0, 0.0, 0.0, 0.0, 0.2, 0.0, 0.8]","[19.0, 18.5, 18.2, 22.1, 18.1, 19.2, 15.3]","[35.1, 34.9, 35.7, 35.8, 35.0, 34.8, 35.0]",2026-08-14T12:37:12.318677
HUB17-HUB17,2025-04-28,2025-05-04,"[0.7, 0.0, 4.7, 3.2, 0.8, 4.3, 1.3]","[15.2, 16.5, 17.2, 12.5, 12.9, 19.1, 19.3]","[33.9, 34.6, 34.3, 32.2, 33.2, 33.8, 33.6]",2026-08-14T12:37:12.318909
HUB17-HUB17,2025-05-05,2025-05-11,"[0.0, 2.7, 1.9, 3.4, 0.0, 0.3, 0.0]","[15.1, 14.4, 17.6, 14.6, 14.5, 15.3, 14.8]","[34.3, 35.0, 35.2, 35.6, 35.7, 35.8, 36.4]",2026-08-14T12:37:12.319122
HUB17-HUB17,2025-05-12,2025-05-18,"[0.0, 0.0, 6.7, 4.4, 0.0, 5.7, 20.1]","[16.0, 15.1, 20.1, 18.4, 13.5, 16.4, 13.0]","[37.1, 35.9, 36.7, 34.8, 34.7, 35.7, 32.0]",2026-08-14T12:37:12.319339
HUB17-HUB17,2025-05-19,2025-05-25,"[7.1, 11.9, 16.3, 3.0, 2.6, 4.9, 22.3]","[14.5, 13.3, 11.4, 11.8, 12.1, 14.4, 9.8]","[32.5, 30.2, 31.0, 31.5, 32.2, 33.6, 33.9]",2026-08-14T12:37:12.319570
HUB17-HUB17,2025-05-26,2025-06-01,"[27.6, 19.9, 18.0, 5.5, 0.2, 0.1, 0.0]","[8.1, 9.8, 11.5, 17.5, 18.3, 11.9, 15.7]","[30.3, 34.2, 28.6, 31.2, 34.3, 34.6, 37.3]",2026-08-14T12:37:12.319789
HUB17-HUB17,2025-06-02,2025-06-08,"[0.0, 0.1, 0.2, 1.2, 0.1, 0.3, 0.2]","[20.2, 14.5, 15.3, 11.5, 11.3, 21.7, 13.0]","[36.3, 35.4, 36.3, 34.5, 35.4, 35.9, 36.3]",2026-08-14T12:37:12.320017
HUB17-HUB17,2025-06-09,2025-06-15,"[0.0, 13.5, 14.1, 1.2, 3.6, 8.0, 0.2]","[11.5, 15.4, 9.7, 10.3, 11.9, 13.0, 17.4]","[37.5, 29.7, 32.2, 32.5, 33.0, 32.5, 31.1]",2026-08-14T12:37:12.320256
HUB17-HUB17,2025-06-16,2025-06-22,"[0.1, 1.6, 0.0, 0.4, 0.0, 3.1, 2.0]","[22.8, 16.9, 19.5, 21.8, 17.4, 18.4, 15.7]","[33.1, 33.8, 35.7, 34.4, 35.3, 37.2, 35.7]",2026-08-14T12:37:12.320512
HUB17-HUB17,2025-06-23,2025-06-29,"[22.3, 17.4, 44.9, 22.3, 1.7, 0.0, 6.8]","[15.9, 20.1, 21.5, 18.2, 18.5, 16.9, 18.9]","[28.4, 28.4, 26.5, 28.5, 32.5, 33.1, 31.0]",2026-08-14T12:37:12.320727
HUB17-HUB17,2025-06-30,2025-07-06,"[4.6, 39.7, 17.5, 3.2, 1.3, 0.0, 0.5]","[17.7, 21.2, 20.8, 20.2, 20.5, 17.7, 21.2]","[29.4, 28.2, 27.3, 31.3, 33.5, 32.4, 33.2]",2026-08-14T12:37:12.320940
HUB17-HUB17,2025-07-07,2025-07-13,"[0.4, 0.0, 0.0, 1.1, 0.2, 4.1, 3.0]","[24.8, 24.2, 20.9, 17.8, 12.4, 16.6, 10.3]","[33.0, 34.4, 34.0, 34.5, 35.0, 35.0, 33.9]",2026-08-14T12:37:12.321157
HUB17-HUB17,2025-07-14,2025-07-20,"[4.5, 4.1, 3.9, 9.1, 2.7, 17.6, 46.5]","[11.8, 11.3, 14.7, 12.4, 10.5, 10.1, 11.1]","[34.6, 35.5, 33.5, 32.8, 33.0, 33.9, 33.4]",2026-08-14T12:37:12.321394
HUB17-HUB17,2025-07-21,2025-07-27,"[10.8, 5.5, 3.4, 13.3, 16.1, 8.2, 0.0]","[10.8, 11.6, 18.2, 20.7, 22.5, 29.0, 23.2]","[31.6, 31.0, 31.0, 28.6, 27.9, 29.6, 33.9]",2026-08-14T12:37:12.321626
HUB17-HUB17,2025-07-28,2025-08-03,"[0.0, 0.0, 0.1, 2.0, 1.0, 0.3, 2.7]","[17.0, 18.4, 18.7, 14.0, 14.0, 13.6, 14.5]","[34.8, 34.8, 33.1, 33.4, 34.1, 34.8, 34.3]",2026-08-14T12:37:12.321823
HUB17-HUB17,2025-08-04,2025-08-10,"[4.4, 0.1, 1.0, 3.3, 11.5, 6.8, 2.9]","[10.8, 15.1, 13.2, 15.7, 9.2, 11.1, 14.5]","[33.1, 33.3, 34.2, 34.1, 32.2, 32.3, 33.0]",2026-08-14T12:37:12.322020
HUB17-HUB17,2025-08-11,2025-08-17,"[4.2, 2.3, 9.4, 3.7, 3.4, 27.7, 77.4]","[10.1, 12.0, 15.2, 13.0, 16.5, 13.1, 9.8]","[34.0, 34.8, 33.1, 31.1, 32.9, 32.1, 27.3]",2026-08-14T12:37:12.322219
HUB17-HUB17,2025-08-18,2025-08-24,"[39.5, 1.1, 5.2, 1.8, 5.9, 0.0, 0.1]","[18.0, 24.1, 24.2, 16.6, 18.3, 19.1, 15.5]","[30.6, 30.7, 30.5, 31.5, 31.3, 33.0, 31.6]",2026-08-14T12:37:12.322417
HUB17-HUB17,2025-08-25,2025-08-31,"[10.7, 34.2, 10.4, 1.4, 2.3, 2.0, 8.4]","[9.6, 13.6, 12.6, 21.3, 18.2, 15.5, 8.3]","[32.5, 29.5, 29.6, 29.6, 30.6, 32.5, 32.0]",2026-08-14T12:37:12.322615
HUB17-HUB17,2025-09-01,2025-09-07,"[8.1, 13.8, 19.4, 0.5, 2.9, 1.0, 13.9]","[11.1, 8.1, 11.0, 15.7, 16.1, 13.0, 11.6]","[32.5, 31.5, 31.3, 31.9, 31.7, 32.5, 32.2]",2026-08-14T12:37:12.322816
HUB17-HUB17,2025-09-08,2025-09-14,"[14.2, 13.1, 9.1, 9.0, 10.6, 11.7, 1.2]","[6.9, 9.2, 8.8, 9.3, 13.1, 10.1, 15.6]","[32.3, 31.4, 31.6, 32.0, 30.0, 30.9, 31.3]",2026-08-14T12:37:12.323013
HUB17-HUB17,2025-09-15,2025-09-21,"[5.9, 4.6, 0.5, 0.6, 2.2, 16.3, 11.6]","[16.8, 13.5, 13.3, 12.6, 8.8, 9.8, 8.4]","[30.0, 30.7, 31.0, 31.9, 32.2, 33.0, 33.4]",2026-08-14T12:37:12.323211
HUB17-HUB17,2025-09-22,2025-09-28,"[11.8, 15.7, 0.3, 15.0, 22.2, 8.3, 0.0]","[7.5, 11.3, 12.5, 12.3, 9.9, 18.7, 15.7]","[31.2, 32.1, 31.8, 32.2, 29.1, 30.7, 31.4]",2026-08-14T12:37:12.323409
HUB17-HUB17,2025-09-29,2025-10-05,"[7.8, 12.0, 32.7, 45.7, 0.4, 2.1, 6.8]","[8.9, 8.8, 12.4, 19.6, 17.5, 18.8, 13.2]","[31.8, 31.0, 33.1, 27.7, 32.3, 31.1, 31.5]",2026-08-14T12:37:12.323609
HUB17-HUB17,2025-10-06,2025-10-12,"[6.9, 6.2, 12.8, 13.7, 5.3, 10.7, 2.0]","[13.3, 6.7, 12.5, 8.8, 8.0, 8.9, 15.1]","[32.2, 31.5, 31.3, 31.2, 31.5, 30.9, 31.5]",2026-08-14T12:37:12.323897
HUB17-HUB17,2025-10-13,2025-10-19,"[21.5, 0.5, 0.1, 0.0, 0.0, 16.3, 28.4]","[14.7, 14.8, 19.9, 16.3, 17.5, 14.7, 9.9]","[27.4, 30.5, 31.8, 31.5, 31.3, 30.3, 29.4]",2026-08-14T12:37:12.324118
HUB17-HUB17,2025-10-20,2025-10-26,"[2.0, 10.7, 11.2, 22.7, 7.0, 0.3, 1.3]","[16.3, 21.8, 19.1, 16.4, 14.3, 13.5, 16.3]","[31.0, 30.7, 29.6, 29.7, 30.6, 30.9, 30.5]",2026-08-14T12:37:12.324324
HUB17-HUB17,2025-10-27,2025-11-02,"[22.4, 30.3, 9.8, 4.6, 0.0, 0.0, 0.2]","[22.3, 30.6, 29.2, 19.0, 15.5, 7.8, 12.5]","[25.7, 28.9, 28.2, 29.9, 31.5, 32.4, 32.5]",2026-08-14T12:37:12.324525
HUB17-HUB17,2025-11-03,2025-11-09,"[4.6, 1.5, 2.5, 0.5, 0.0, 0.0, 0.0]","[9.9, 9.9, 8.7, 8.8, 12.2, 11.1, 12.3]","[32.5, 30.7, 30.8, 30.8, 30.9, 31.4, 30.7]",2026-08-14T12:37:12.324727
HUB17-HUB17,2025-11-10,2025-11-16,"[0.0, 0.0, 0.0, 0.0, 0.0, 0.0, 0.0]","[11.3, 9.9, 13.2, 13.7, 11.9, 12.6, 15.3]","[31.2, 30.8, 30.6, 28.5, 28.5, 28.3, 28.2]",2026-08-14T12:37:12.324928
HUB17-HUB17,2025-11-17,2025-11-23,"[0.0, 0.0, 0.0, 0.1, 0.3, 0.0, 0.2]","[16.8, 14.6, 13.0, 15.5, 18.0, 13.3, 13.0]","[28.2, 28.7, 29.5, 30.6, 30.6, 30.6, 30.4]",2026-08-14T12:37:12.325128
HUB17-HUB17,2025-11-24,2025-11-30,"[0.2, 0.0, 0.0, 0.0, 0.0, 1.0, 11.7]","[16.0, 15.1, 15.7, 17.0, 12.7, 18.4, 18.5]","[30.0, 29.1, 29.0, 28.0, 28.9, 28.3, 27.9]",2026-08-14T12:37:12.325330
HUB17-HUB17,2025-12-01,2025-12-07,"[14.8, 4.5, 0.0, 0.0, 0.0, 0.0, 0.0]","[17.7, 14.9, 15.2, 16.7, 17.1, 13.1, 12.2]","[26.3, 26.5, 27.6, 28.5, 27.3, 27.8, 27.5]",2026-08-14T12:37:12.325527
HUB17-HUB17,2025-12-08,2025-12-14,"[0.0, 0.0, 0.0, 0.0, 0.0, 0.0, 0.0]","[12.6, 13.1, 15.4, 11.9, 12.3, 13.6, 13.2]","[28.1, 28.6, 28.2, 28.2, 28.2, 28.2, 28.0]",2026-08-14T12:37:12.325724
HUB17-HUB17,2025-12-15,2025-12-21,"[0.0, 0.0, 0.0, 0.0, 0.0, 0.0, 0.0]","[12.3, 12.1, 10.1, 10.6, 11.5, 12.1, 13.7]","[28.1, 27.8, 28.7, 28.4, 28.3, 27.5, 28.0]",2026-08-14T12:37:12.325923
HUB17-HUB17,2025-12-22,2025-12-28,"[0.0, 0.0, 0.0, 0.0, 0.0, 0.0, 0.0]","[13.0, 12.2, 12.8, 14.3, 13.8, 11.5, 12.2]","[27.3, 27.7, 28.0, 28.2, 27.7, 28.1, 28.3]",2026-08-14T12:37:12.326119
HUB17-HUB17,2025-12-29,2026-01-04,"[0.0, 0.0, 0.0, 0.4, 0.0, 0.0, 0.0]","[12.9, 12.5, 14.5, 11.0, 12.9, 13.8, 12.7]","[27.5, 28.0, 29.0, 28.0, 28.7, 27.8, 28.3]",2026-08-14T12:37:12.326314
HUB17-HUB17,2026-01-05,2026-01-11,"[0.0, 0.0, 0.0, 0.0, 0.0, 0.0, 0.1]","[13.8, 16.6, 16.1, 18.6, 15.9, 15.1, 15.2]","[28.4, 27.5, 26.7, 27.1, 26.7, 27.2, 26.5]",2026-08-14T12:37:12.326513
HUB17-HUB17,2026-01-12,2026-01-18,"[0.0, 0.0, 0.0, 0.0, 0.0, 0.0, 0.0]","[19.5, 12.3, 11.5, 12.0, 13.0, 11.1, 12.0]","[27.5, 28.9, 28.3, 28.3, 28.7, 28.8, 28.3]",2026-08-14T12:37:12.326707
HUB17-HUB17,2026-01-19,2026-01-25,"[0.0, 0.0, 0.0, 0.1, 0.0, 0.1, 0.0]","[11.6, 15.0, 13.9, 13.5, 17.8, 18.0, 15.8]","[28.2, 29.2, 29.6, 29.1, 28.1, 29.0, 30.1]",2026-08-14T12:37:12.326903
HUB17-HUB17,2026-01-26,2026-01-31,"[0.0, 0.0, 0.0, 0.0, 0.0, 0.0]","[16.8, 13.9, 13.3, 12.2, 14.1, 15.4]","[30.6, 29.5, 29.3, 28.9, 29.6, 29.0]",2026-08-14T12:37:12.327097
HUB18-HUB18,2023-01-01,2023-01-01,[0.0],[13.0],[28.4],2026-08-14T12:37:14.040007
HUB18-HUB18,2023-01-02,2023-01-08,"[0.0, 0.0, 0.0, 0.0, 0.0, 0.0, 0.0]","[13.3, 16.5, 20.5, 17.5, 15.1, 14.8, 16.4]","[29.7, 29.3, 26.8, 29.6, 32.1, 32.3, 30.6]",2026-08-14T12:37:14.040360
HUB18-HUB18,2023-01-09,2023-01-15,"[0.0, 0.0, 0.0, 0.0, 0.0, 0.0, 0.0]","[16.3, 14.3, 10.7, 10.9, 11.2, 13.0, 14.3]","[30.4, 30.6, 30.0, 28.2, 25.7, 26.2, 27.7]",2026-08-14T12:37:14.040678
HUB18-HUB18,2023-01-16,2023-01-22,"[0.0, 0.0, 0.0, 0.0, 0.0, 0.0, 0.0]","[14.1, 13.8, 13.0, 9.7, 11.2, 12.0, 11.5]","[27.3, 28.8, 31.4, 31.0, 28.2, 28.6, 26.0]",2026-08-14T12:37:14.040991
HUB18-HUB18,2023-01-23,2023-01-29,"[0.0, 0.0, 0.0, 0.0, 0.0, 0.0, 0.0]","[14.8, 10.4, 17.7, 16.5, 17.4, 13.5, 15.3]","[25.4, 26.0, 26.6, 29.5, 33.1, 33.4, 27.4]",2026-08-14T12:37:14.041494
HUB18-HUB18,2023-01-30,2023-02-05,"[0.0, 0.0, 0.0, 0.0, 0.0, 0.0, 0.0]","[17.2, 17.8, 17.9, 19.1, 15.1, 15.3, 13.3]","[29.5, 31.5, 32.5, 32.9, 33.8, 33.4, 33.8]",2026-08-14T12:37:14.041869
HUB18-HUB18,2023-02-06,2023-02-12,"[0.0, 0.0, 0.0, 0.0, 0.0, 0.0, 0.0]","[13.3, 13.7, 12.6, 12.2, 11.7, 13.2, 20.9]","[32.3, 32.5, 34.1, 35.0, 34.5, 32.4, 35.1]",2026-08-14T12:37:14.042191
HUB18-HUB18,2023-02-13,2023-02-19,"[0.0, 0.0, 0.0, 0.0, 0.0, 0.0, 0.0]","[16.1, 14.3, 14.7, 15.1, 15.3, 11.4, 14.5]","[34.8, 35.8, 37.2, 37.9, 37.7, 38.0, 38.3]",2026-08-14T12:37:14.042499
HUB18-HUB18,2023-02-20,2023-02-26,"[0.0, 0.0, 0.0, 0.0, 0.0, 0.0, 0.0]","[12.5, 11.8, 12.3, 13.0, 13.8, 12.8, 15.3]","[37.1, 35.0, 34.3, 35.8, 37.2, 35.1, 36.1]",2026-08-14T12:37:14.042789
HUB18-HUB18,2023-02-27,2023-03-05,"[0.0, 0.0, 0.0, 0.0, 0.0, 0.0, 0.0]","[14.0, 13.4, 12.2, 14.8, 12.3, 15.5, 15.3]","[36.0, 36.3, 36.8, 38.5, 39.7, 40.1, 39.8]",2026-08-14T12:37:14.043085
HUB18-HUB18,2023-03-06,2023-03-12,"[1.4, 0.0, 0.0, 0.0, 0.0, 0.0, 0.0]","[13.4, 15.2, 15.3, 19.7, 18.5, 17.2, 18.8]","[35.3, 34.0, 37.2, 37.5, 37.3, 38.7, 39.6]",2026-08-14T12:37:14.043378
HUB18-HUB18,2023-03-13,2023-03-19,"[0.0, 0.0, 0.0, 0.9, 22.3, 1.9, 0.0]","[19.8, 18.8, 17.7, 16.9, 17.0, 10.9, 18.5]","[38.9, 38.6, 35.9, 36.6, 29.9, 31.3, 30.1]",2026-08-14T12:37:14.043663
HUB18-HUB18,2023-03-20,2023-03-26,"[0.0, 0.0, 0.0, 0.0, 0.0, 0.0, 0.0]","[14.6, 15.9, 13.7, 18.1, 20.2, 13.2, 16.5]","[28.7, 29.1, 31.0, 30.5, 31.5, 31.5, 32.9]",2026-08-14T12:37:14.043950
HUB18-HUB18,2023-03-27,2023-04-02,"[0.0, 0.0, 0.0, 0.2, 0.0, 0.0, 0.0]","[15.3, 14.5, 14.8, 15.9, 16.9, 16.0, 17.0]","[33.3, 32.7, 33.4, 30.2, 30.9, 32.9, 34.5]",2026-08-14T12:37:14.044241
HUB18-HUB18,2023-04-03,2023-04-09,"[0.0, 0.0, 0.0, 0.0, 0.0, 0.0, 0.0]","[16.1, 13.5, 14.7, 15.1, 25.8, 15.7, 19.4]","[32.5, 36.4, 35.0, 37.2, 39.0, 37.7, 39.5]",2026-08-14T12:37:14.044521
HUB18-HUB18,2023-04-10,2023-04-16,"[0.0, 0.0, 0.0, 0.0, 0.0, 0.0, 0.0]","[17.3, 17.4, 14.8, 13.8, 15.6, 14.3, 13.2]","[39.0, 39.1, 39.7, 39.6, 39.7, 37.4, 37.6]",2026-08-14T12:37:14.044802
HUB18-HUB18,2023-04-17,2023-04-23,"[0.0, 0.0, 0.0, 0.0, 0.0, 0.0, 0.0]","[16.3, 16.8, 15.4, 17.5, 18.1, 20.9, 20.1]","[40.1, 41.6, 41.0, 38.7, 36.7, 36.8, 36.1]",2026-08-14T12:37:14.045087
HUB18-HUB18,2023-04-24,2023-04-30,"[0.0, 0.0, 0.0, 0.0, 0.0, 0.8, 5.0]","[15.9, 21.1, 23.0, 17.1, 16.2, 15.8, 18.9]","[38.2, 40.1, 33.7, 33.8, 36.5, 32.2, 32.4]",2026-08-14T12:37:14.045375
HUB18-HUB18,2023-05-01,2023-05-07,"[0.0, 0.0, 0.0, 0.3, 0.5, 0.0, 0.6]","[20.6, 16.9, 17.5, 16.9, 17.1, 15.7, 17.5]","[32.2, 33.2, 34.2, 34.4, 35.2, 36.5, 35.3]",2026-08-14T12:37:14.045663
HUB18-HUB18,2023-05-08,2023-05-14,"[0.0, 0.0, 0.0, 0.0, 0.0, 0.0, 0.0]","[17.1, 14.1, 15.3, 18.7, 19.4, 18.9, 22.1]","[36.4, 38.4, 40.8, 44.4, 43.9, 38.7, 36.0]",2026-08-14T12:37:14.045946
HUB18-HUB18,2023-05-15,2023-05-21,"[0.0, 0.0, 0.0, 0.0, 0.0, 0.0, 0.0]","[25.4, 25.0, 20.7, 16.4, 16.3, 18.9, 20.6]","[34.9, 35.2, 34.9, 35.8, 36.7, 35.7, 34.6]",2026-08-14T12:37:14.046233
HUB18-HUB18,2023-05-22,2023-05-28,"[0.0, 0.0, 0.0, 0.0, 0.0, 0.0, 0.0]","[22.1, 18.4, 27.3, 29.0, 29.4, 32.1, 25.8]","[35.8, 34.8, 34.9, 34.3, 33.7, 34.0, 34.7]",2026-08-14T12:37:14.046516
HUB18-HUB18,2023-05-29,2023-06-04,"[0.0, 0.0, 0.0, 0.0, 0.0, 3.6, 0.2]","[21.0, 16.7, 17.2, 20.4, 23.7, 22.0, 23.1]","[36.7, 40.4, 40.5, 39.3, 35.4, 34.9, 36.9]",2026-08-14T12:37:14.046794
HUB18-HUB18,2023-06-05,2023-06-11,"[0.0, 0.0, 0.0, 0.0, 0.0, 0.4, 1.5]","[21.4, 23.3, 24.3, 19.7, 22.3, 26.9, 31.2]","[34.7, 34.0, 34.2, 34.2, 34.8, 35.1, 35.6]",2026-08-14T12:37:14.047077
HUB18-HUB18,2023-06-12,2023-06-18,"[0.2, 3.3, 4.2, 16.4, 4.2, 1.6, 1.7]","[35.2, 38.8, 38.2, 41.4, 42.9, 35.0, 28.2]","[35.8, 33.6, 32.0, 32.7, 31.6, 31.7, 32.3]",2026-08-14T12:37:14.047364
HUB18-HUB18,2023-06-19,2023-06-25,"[2.8, 1.3, 0.5, 1.9, 1.0, 5.4, 9.7]","[26.1, 24.7, 22.2, 21.4, 21.6, 16.6, 23.3]","[31.9, 32.4, 32.4, 32.3, 33.2, 30.7, 29.4]",2026-08-14T12:37:14.047645
HUB18-HUB18,2023-06-26,2023-07-02,"[29.3, 40.7, 29.5, 31.6, 51.1, 36.6, 6.9]","[24.7, 16.8, 19.4, 19.0, 20.3, 22.1, 19.1]","[28.0, 27.7, 29.0, 27.9, 27.1, 27.0, 30.3]",2026-08-14T12:37:14.047891
HUB18-HUB18,2023-07-03,2023-07-09,"[3.8, 8.0, 6.9, 15.6, 6.2, 23.1, 35.1]","[13.7, 18.8, 16.2, 17.8, 21.5, 29.5, 30.8]","[31.1, 30.1, 29.8, 29.6, 30.3, 29.4, 29.8]",2026-08-14T12:37:14.048140
HUB18-HUB18,2023-07-10,2023-07-16,"[35.4, 21.6, 11.5, 13.9, 40.7, 11.1, 16.4]","[24.5, 19.3, 17.1, 18.7, 21.8, 21.7, 20.4]","[29.0, 29.5, 29.8, 30.1, 29.4, 29.9, 30.1]",2026-08-14T12:37:14.048380
HUB18-HUB18,2023-07-17,2023-07-23,"[10.2, 25.2, 28.9, 5.9, 84.9, 35.2, 5.2]","[22.0, 18.5, 18.2, 26.3, 25.4, 20.2, 28.0]","[30.2, 29.2, 29.6, 29.0, 30.3, 28.6, 29.5]",2026-08-14T12:37:14.048622
HUB18-HUB18,2023-07-24,2023-07-30,"[28.5, 9.4, 12.8, 25.3, 8.7, 2.0, 2.3]","[25.7, 23.8, 22.7, 20.0, 23.2, 31.5, 30.7]","[30.0, 29.7, 29.5, 29.9, 29.9, 29.6, 29.3]",2026-08-14T12:37:14.048866
HUB18-HUB18,2023-07-31,2023-08-06,"[3.7, 2.5, 4.2, 2.2, 4.0, 2.2, 4.7]","[28.8, 30.9, 31.6, 31.3, 29.4, 27.2, 29.9]","[30.1, 30.3, 29.8, 29.4, 29.6, 30.2, 29.8]",2026-08-14T12:37:14.049114
HUB18-HUB18,2023-08-07,2023-08-13,"[2.9, 1.2, 1.9, 2.6, 3.3, 6.6, 2.3]","[34.0, 30.1, 27.4, 25.7, 22.5, 24.7, 30.1]","[29.7, 29.9, 29.9, 29.8, 29.9, 29.7, 29.8]",2026-08-14T12:37:14.049354
HUB18-HUB18,2023-08-14,2023-08-20,"[2.0, 3.6, 0.6, 1.7, 0.9, 1.5, 3.6]","[28.0, 25.0, 22.7, 22.1, 20.7, 18.1, 18.1]","[29.0, 29.8, 30.0, 30.0, 30.1, 30.9, 30.4]",2026-08-14T12:37:14.049596
HUB18-HUB18,2023-08-21,2023-08-27,"[4.6, 1.8, 1.8, 3.1, 1.9, 2.9, 1.8]","[18.0, 19.4, 25.7, 27.5, 26.5, 26.8, 22.4]","[30.4, 30.4, 30.1, 29.6, 30.3, 30.1, 30.6]",2026-08-14T12:37:14.049841
HUB18-HUB18,2023-08-28,2023-09-03,"[1.0, 1.2, 3.0, 0.5, 0.0, 0.1, 0.0]","[21.9, 15.8, 12.9, 12.9, 12.2, 14.8, 15.9]","[30.5, 31.1, 31.0, 31.7, 33.1, 33.4, 33.0]",2026-08-14T12:37:14.050083
HUB18-HUB18,2023-09-04,2023-09-10,"[0.0, 0.1, 0.0, 10.5, 11.5, 0.9, 0.6]","[15.6, 15.5, 19.2, 20.0, 19.2, 20.4, 20.7]","[33.1, 33.0, 33.4, 29.9, 28.9, 29.2, 30.8]",2026-08-14T12:37:14.050324
HUB18-HUB18,2023-09-11,2023-09-17,"[1.4, 0.8, 0.9, 0.5, 0.9, 6.7, 21.9]","[19.1, 21.4, 18.6, 18.8, 19.1, 24.8, 23.5]","[31.4, 30.5, 30.9, 30.7, 31.1, 29.1, 26.9]",2026-08-14T12:37:14.050570
HUB18-HUB18,2023-09-18,2023-09-24,"[23.6, 12.2, 9.3, 13.0, 9.5, 14.4, 17.7]","[24.7, 24.8, 19.3, 15.0, 12.4, 13.3, 16.2]","[28.1, 29.3, 29.3, 30.0, 30.0, 30.5, 29.5]",2026-08-14T12:37:14.050816
HUB18-HUB18,2023-09-25,2023-10-01,"[10.2, 4.6, 7.3, 6.5, 1.1, 0.0, 0.0]","[13.4, 11.2, 11.5, 12.6, 12.6, 16.6, 12.0]","[29.3, 30.8, 31.0, 31.9, 33.5, 35.5, 35.1]",2026-08-14T12:37:14.051060
HUB18-HUB18,2023-10-02,2023-10-08,"[0.0, 0.0, 0.0, 0.0, 0.0, 0.0, 0.0]","[12.8, 12.6, 10.5, 9.8, 9.6, 9.4, 8.9]","[32.4, 30.8, 32.7, 33.2, 32.1, 32.7, 34.1]",2026-08-14T12:37:14.051303
HUB18-HUB18,2023-10-09,2023-10-15,"[0.0, 0.0, 0.0, 0.0, 0.0, 0.2, 0.1]","[11.3, 10.8, 8.4, 9.4, 11.9, 8.6, 10.3]","[34.8, 33.3, 34.6, 35.5, 36.8, 36.3, 35.6]",2026-08-14T12:37:14.051545
HUB18-HUB18,2023-10-16,2023-10-22,"[0.0, 0.0, 0.0, 0.0, 0.0, 0.0, 0.0]","[8.0, 8.3, 10.8, 12.0, 11.2, 12.6, 9.1]","[35.4, 35.2, 35.5, 35.2, 36.7, 36.7, 36.0]",2026-08-14T12:37:14.051786
HUB18-HUB18,2023-10-23,2023-10-29,"[0.0, 0.0, 0.0, 0.0, 0.0, 0.0, 0.0]","[9.6, 8.9, 10.0, 14.0, 11.3, 12.8, 14.1]","[35.6, 35.8, 35.7, 35.6, 35.4, 35.6, 35.3]",2026-08-14T12:37:14.052037
HUB18-HUB18,2023-10-30,2023-11-05,"[0.0, 0.0, 0.0, 0.0, 0.0, 0.0, 0.0]","[13.9, 15.2, 16.2, 15.8, 15.0, 19.1, 12.6]","[35.9, 36.3, 35.4, 35.0, 35.7, 35.7, 36.4]",2026-08-14T12:37:14.052279
HUB18-HUB18,2023-11-06,2023-11-12,"[0.0, 0.0, 0.0, 0.0, 0.0, 0.0, 0.0]","[13.5, 13.6, 19.0, 14.1, 10.5, 17.6, 16.3]","[36.4, 35.6, 36.1, 36.4, 36.4, 36.4, 36.0]",2026-08-14T12:37:14.052526
HUB18-HUB18,2023-11-13,2023-11-19,"[0.0, 0.0, 0.0, 0.0, 0.0, 0.0, 0.0]","[12.2, 13.2, 14.2, 14.3, 12.3, 14.0, 15.0]","[35.4, 34.9, 34.9, 34.6, 33.9, 34.2, 35.3]",2026-08-14T12:37:14.052770
HUB18-HUB18,2023-11-20,2023-11-26,"[0.0, 0.0, 0.0, 0.0, 0.0, 0.0, 77.3]","[12.8, 14.5, 15.7, 14.7, 18.6, 15.3, 21.7]","[35.8, 35.2, 33.9, 33.4, 35.3, 35.3, 31.6]",2026-08-14T12:37:14.053017
HUB18-HUB18,2023-11-27,2023-12-03,"[6.8, 0.0, 0.4, 0.1, 0.5, 2.1, 0.1]","[13.5, 11.8, 12.0, 11.0, 13.5, 15.0, 17.4]","[27.6, 27.9, 27.8, 29.1, 29.3, 29.8, 29.3]",2026-08-14T12:37:14.053262
HUB18-HUB18,2023-12-04,2023-12-10,"[0.2, 0.0, 0.0, 0.0, 0.0, 0.0, 0.0]","[16.7, 16.4, 15.4, 13.5, 12.6, 12.8, 13.4]","[30.3, 29.7, 29.1, 28.8, 29.9, 30.5, 31.1]",2026-08-14T12:37:14.053505
HUB18-HUB18,2023-12-11,2023-12-17,"[0.0, 0.0, 0.0, 0.0, 0.0, 0.0, 0.0]","[9.6, 11.3, 13.1, 12.3, 17.6, 15.1, 15.3]","[30.3, 29.3, 31.1, 31.7, 31.9, 31.1, 30.1]",2026-08-14T12:37:14.053749
HUB18-HUB18,2023-12-18,2023-12-24,"[0.0, 0.0, 0.0, 0.0, 0.0, 0.0, 0.0]","[21.4, 19.3, 15.3, 13.3, 11.9, 11.2, 11.2]","[28.3, 28.5, 28.9, 29.4, 30.8, 32.3, 33.1]",2026-08-14T12:37:14.053992
HUB18-HUB18,2023-12-25,2023-12-31,"[0.0, 0.0, 0.0, 0.0, 0.0, 0.0, 0.0]","[9.8, 9.7, 11.9, 9.7, 9.8, 10.7, 13.0]","[32.3, 32.2, 31.6, 32.2, 32.7, 32.9, 31.9]",2026-08-14T12:37:14.054240
HUB18-HUB18,2024-01-01,2024-01-07,"[0.0, 0.0, 0.0, 0.0, 0.0, 0.0, 0.0]","[14.3, 13.8, 15.5, 15.2, 16.6, 15.9, 15.9]","[30.7, 29.9, 29.0, 30.1, 29.4, 30.8, 31.3]",2026-08-14T12:37:14.054482
HUB18-HUB18,2024-01-08,2024-01-14,"[0.0, 0.0, 0.2, 0.0, 0.0, 0.0, 0.0]","[15.5, 16.6, 13.6, 15.1, 16.5, 13.6, 12.6]","[32.8, 31.2, 32.1, 32.4, 33.6, 32.2, 30.6]",2026-08-14T12:37:14.054723
HUB18-HUB18,2024-01-15,2024-01-21,"[0.0, 0.0, 0.0, 0.0, 0.0, 0.0, 0.0]","[11.0, 13.0, 12.0, 14.6, 17.3, 17.0, 18.6]","[27.7, 28.0, 28.4, 28.5, 30.9, 28.9, 29.7]",2026-08-14T12:37:14.054964
HUB18-HUB18,2024-01-22,2024-01-28,"[0.0, 0.0, 0.0, 0.0, 0.0, 0.0, 0.0]","[15.3, 19.3, 15.1, 17.1, 11.8, 13.9, 11.2]","[29.9, 29.1, 29.5, 30.1, 32.0, 33.3, 31.8]",2026-08-14T12:37:14.055207
HUB18-HUB18,2024-01-29,2024-02-04,"[0.0, 0.0, 0.0, 0.0, 0.0, 0.0, 0.0]","[13.8, 13.0, 12.6, 11.7, 12.3, 13.0, 11.4]","[30.9, 30.4, 30.6, 29.5, 30.7, 34.7, 35.1]",2026-08-14T12:37:14.055448
HUB18-HUB18,2024-02-05,2024-02-11,"[0.0, 0.0, 0.0, 0.0, 0.0, 0.0, 0.0]","[12.0, 12.3, 18.9, 14.5, 15.9, 13.1, 13.5]","[33.0, 33.1, 32.0, 31.9, 31.3, 30.8, 31.3]",2026-08-14T12:37:14.055676
HUB18-HUB18,2024-02-12,2024-02-18,"[0.0, 0.0, 0.0, 0.0, 0.0, 0.0, 0.0]","[14.4, 13.6, 14.6, 15.8, 15.3, 12.1, 16.1]","[32.2, 31.3, 31.4, 34.6, 37.7, 37.5, 35.6]",2026-08-14T12:37:14.055895
HUB18-HUB18,2024-02-19,2024-02-25,"[0.0, 0.0, 0.0, 0.0, 0.0, 0.0, 0.0]","[19.8, 15.8, 18.6, 13.4, 16.8, 18.6, 21.7]","[34.8, 32.3, 29.5, 31.2, 31.6, 31.5, 33.4]",2026-08-14T12:37:14.056110
HUB18-HUB18,2024-02-26,2024-03-03,"[0.0, 0.0, 0.0, 0.0, 0.0, 0.0, 0.0]","[13.8, 12.4, 16.9, 15.3, 18.5, 24.1, 17.0]","[36.3, 36.1, 37.4, 37.9, 35.6, 30.6, 27.5]",2026-08-14T12:37:14.056327
HUB18-HUB18,2024-03-04,2024-03-10,"[0.0, 0.0, 0.0, 0.0, 0.0, 0.0, 0.0]","[14.1, 15.9, 14.7, 14.5, 16.8, 17.0, 14.5]","[30.1, 31.6, 32.8, 34.1, 34.2, 34.8, 34.3]",2026-08-14T12:37:14.056546
HUB18-HUB18,2024-03-11,2024-03-17,"[0.0, 0.0, 0.0, 0.0, 0.0, 0.0, 0.0]","[12.7, 14.6, 15.0, 14.0, 16.2, 12.7, 14.7]","[36.3, 36.0, 35.0, 34.0, 34.7, 35.2, 35.0]",2026-08-14T12:37:14.056761
HUB18-HUB18,2024-03-18,2024-03-24,"[0.0, 0.0, 0.0, 0.0, 0.0, 0.0, 0.0]","[16.9, 17.8, 14.7, 16.1, 15.9, 15.7, 13.4]","[35.0, 37.7, 38.9, 39.2, 37.1, 38.2, 37.7]",2026-08-14T12:37:14.056981
HUB18-HUB18,2024-03-25,2024-03-31,"[0.0, 0.0, 0.0, 0.0, 0.0, 0.0, 0.0]","[16.1, 14.6, 14.8, 13.2, 14.4, 14.6, 14.6]","[39.6, 38.7, 38.9, 40.0, 40.3, 38.8, 37.3]",2026-08-14T12:37:14.057202
HUB18-HUB18,2024-04-01,2024-04-07,"[0.0, 0.0, 0.0, 0.0, 0.0, 0.0, 0.0]","[15.5, 13.8, 14.5, 14.3, 22.3, 22.1, 15.7]","[38.6, 38.8, 37.9, 38.8, 39.2, 38.5, 38.6]",2026-08-14T12:37:14.057419
HUB18-HUB18,2024-04-08,2024-04-14,"[0.0, 0.0, 0.0, 0.0, 0.0, 0.0, 0.0]","[15.5, 14.3, 14.6, 17.0, 17.7, 16.0, 13.9]","[39.2, 39.4, 36.6, 36.4, 35.0, 33.3, 36.3]",2026-08-14T12:37:14.057780
HUB18-HUB18,2024-04-15,2024-04-21,"[0.0, 0.0, 0.0, 0.0, 0.0, 0.0, 0.0]","[17.8, 18.6, 18.0, 18.2, 17.3, 14.8, 18.5]","[42.4, 43.0, 44.4, 41.9, 40.2, 39.1, 38.6]",2026-08-14T12:37:14.058063
HUB18-HUB18,2024-04-22,2024-04-28,"[0.0, 0.0, 0.0, 0.0, 0.0, 0.0, 0.0]","[15.4, 15.4, 15.2, 13.8, 15.5, 15.9, 18.1]","[38.1, 39.1, 39.9, 39.5, 39.7, 41.0, 42.1]",2026-08-14T12:37:14.058307
HUB18-HUB18,2024-04-29,2024-05-05,"[0.0, 0.0, 0.0, 0.0, 0.0, 0.0, 0.0]","[18.6, 18.7, 19.6, 14.8, 17.4, 20.3, 21.4]","[41.4, 41.1, 40.7, 38.6, 40.7, 42.5, 41.6]",2026-08-14T12:37:14.058544
HUB18-HUB18,2024-05-06,2024-05-12,"[0.0, 0.0, 0.0, 0.0, 0.0, 0.0, 0.0]","[18.1, 20.4, 19.6, 19.1, 19.1, 20.3, 14.8]","[39.3, 38.4, 36.8, 35.9, 36.2, 39.2, 37.4]",2026-08-14T12:37:14.058775
HUB18-HUB18,2024-05-13,2024-05-19,"[2.3, 0.0, 1.4, 0.0, 0.1, 0.0, 0.0]","[17.4, 18.4, 18.0, 14.5, 20.9, 19.6, 19.9]","[39.7, 41.4, 40.9, 42.4, 41.7, 44.2, 42.9]",2026-08-14T12:37:14.059005
HUB18-HUB18,2024-05-20,2024-05-26,"[0.0, 0.0, 0.0, 0.0, 0.0, 0.0, 0.0]","[20.0, 21.9, 17.1, 22.5, 22.9, 25.4, 25.3]","[43.6, 44.1, 44.5, 41.8, 42.0, 37.5, 36.3]",2026-08-14T12:37:14.059233
HUB18-HUB18,2024-05-27,2024-06-02,"[0.0, 0.0, 0.0, 0.0, 0.0, 0.0, 0.0]","[31.0, 32.9, 34.1, 29.1, 27.2, 25.3, 19.9]","[36.1, 35.3, 34.7, 35.7, 36.7, 36.3, 36.4]",2026-08-14T12:37:14.059456
HUB18-HUB18,2024-06-03,2024-06-09,"[0.7, 0.0, 0.0, 0.0, 0.6, 10.7, 9.9]","[21.4, 23.0, 23.3, 18.7, 21.6, 18.0, 22.5]","[36.5, 37.2, 36.8, 37.7, 38.0, 33.2, 37.6]",2026-08-14T12:37:14.059678
HUB18-HUB18,2024-06-10,2024-06-16,"[0.8, 0.4, 0.0, 1.4, 1.5, 3.0, 1.0]","[22.0, 23.2, 25.3, 23.4, 25.7, 21.9, 20.4]","[35.1, 36.4, 36.1, 33.9, 33.9, 34.1, 35.0]",2026-08-14T12:37:14.059905
HUB18-HUB18,2024-06-17,2024-06-23,"[4.1, 10.5, 7.0, 8.1, 2.7, 2.0, 12.5]","[20.7, 24.8, 27.9, 29.1, 27.0, 22.1, 18.0]","[35.3, 32.3, 32.5, 32.5, 33.3, 33.1, 31.5]",2026-08-14T12:37:14.060128
HUB18-HUB18,2024-06-24,2024-06-30,"[7.2, 2.3, 11.3, 3.3, 31.7, 28.1, 38.3]","[17.7, 15.5, 23.8, 27.2, 26.2, 25.0, 29.6]","[32.6, 32.5, 33.1, 31.0, 30.1, 29.5, 30.3]",2026-08-14T12:37:14.060349
HUB18-HUB18,2024-07-01,2024-07-07,"[41.9, 34.2, 5.3, 11.7, 12.3, 6.7, 6.1]","[34.7, 33.3, 31.1, 25.5, 22.7, 30.0, 26.5]","[30.0, 31.2, 31.2, 31.4, 29.4, 30.6, 31.0]",2026-08-14T12:37:14.060575
HUB18-HUB18,2024-07-08,2024-07-14,"[3.2, 7.7, 5.5, 34.9, 18.8, 26.8, 7.6]","[15.2, 20.2, 23.5, 24.4, 25.4, 24.3, 20.4]","[31.3, 30.6, 30.3, 28.9, 29.4, 29.3, 30.3]",2026-08-14T12:37:14.060796
HUB18-HUB18,2024-07-15,2024-07-21,"[18.3, 12.9, 3.4, 23.7, 9.6, 15.0, 17.0]","[13.8, 19.6, 23.0, 30.3, 28.2, 30.9, 21.4]","[29.9, 30.5, 30.4, 28.6, 29.6, 30.1, 29.4]",2026-08-14T12:37:14.061013
HUB18-HUB18,2024-07-22,2024-07-28,"[39.0, 59.2, 44.0, 16.5, 4.0, 6.2, 22.9]","[25.2, 29.8, 29.3, 32.1, 29.7, 26.8, 21.2]","[28.6, 28.5, 27.7, 28.2, 30.2, 29.3, 30.1]",2026-08-14T12:37:14.061231
HUB18-HUB18,2024-07-29,2024-08-04,"[53.6, 8.7, 1.7, 16.7, 18.7, 40.1, 20.9]","[22.5, 25.2, 26.0, 30.4, 29.8, 31.3, 27.3]","[27.6, 30.2, 30.5, 29.3, 29.9, 29.0, 28.1]",2026-08-14T12:37:14.061456
HUB18-HUB18,2024-08-05,2024-08-11,"[5.7, 4.3, 2.7, 2.3, 4.3, 7.5, 1.9]","[28.8, 27.9, 24.4, 23.5, 24.0, 26.1, 28.2]","[29.6, 29.9, 29.8, 29.6, 29.1, 29.7, 29.6]",2026-08-14T12:37:14.061677
HUB18-HUB18,2024-08-12,2024-08-18,"[8.1, 1.8, 2.2, 0.5, 1.7, 2.1, 0.7]","[27.0, 18.6, 18.2, 18.7, 20.0, 16.0, 13.0]","[29.6, 30.0, 29.7, 30.1, 30.1, 30.5, 31.3]",2026-08-14T12:37:14.061897
HUB18-HUB18,2024-08-19,2024-08-25,"[1.7, 10.5, 13.6, 13.2, 29.0, 36.3, 292.6]","[12.6, 11.0, 10.8, 10.8, 12.9, 15.1, 25.8]","[32.7, 31.3, 31.2, 30.7, 29.6, 27.2, 26.2]",2026-08-14T12:37:14.062117
HUB18-HUB18,2024-08-26,2024-09-01,"[63.3, 9.4, 26.4, 10.2, 2.5, 1.4, 0.1]","[32.5, 36.1, 33.4, 29.3, 24.5, 15.1, 14.7]","[26.7, 28.5, 29.2, 29.4, 30.0, 30.2, 30.4]",2026-08-14T12:37:14.062331
HUB18-HUB18,2024-09-02,2024-09-08,"[29.1, 19.3, 3.6, 23.5, 8.7, 2.4, 1.9]","[16.4, 15.2, 23.1, 23.2, 19.6, 18.5, 16.4]","[29.2, 29.7, 30.0, 29.1, 30.1, 30.0, 29.5]",2026-08-14T12:37:14.062549
HUB18-HUB18,2024-09-09,2024-09-15,"[1.1, 19.5, 5.8, 1.9, 1.4, 7.6, 5.9]","[15.0, 18.8, 20.0, 22.1, 23.3, 21.0, 16.3]","[30.3, 29.8, 29.3, 29.6, 29.5, 27.9, 29.2]",2026-08-14T12:37:14.062771
HUB18-HUB18,2024-09-16,2024-09-22,"[0.4, 0.3, 0.2, 0.8, 0.0, 0.0, 2.6]","[11.7, 11.4, 11.0, 12.0, 12.0, 12.5, 11.6]","[30.5, 30.4, 30.8, 31.1, 31.1, 31.0, 31.4]",2026-08-14T12:37:14.062990
HUB18-HUB18,2024-09-23,2024-09-29,"[3.4, 27.1, 17.3, 50.2, 19.2, 23.2, 17.9]","[15.2, 16.6, 11.6, 12.5, 12.5, 18.1, 12.8]","[32.0, 31.1, 28.8, 28.0, 27.6, 27.7, 27.4]",2026-08-14T12:37:14.063210
HUB18-HUB18,2024-09-30,2024-10-06,"[0.8, 2.5, 3.4, 2.8, 0.8, 2.0, 2.0]","[9.1, 10.7, 8.8, 12.8, 12.5, 10.6, 12.2]","[31.0, 31.8, 32.9, 31.1, 30.3, 30.2, 31.8]",2026-08-14T12:37:14.063426
HUB18-HUB18,2024-10-07,2024-10-13,"[0.6, 0.0, 4.1, 12.5, 19.8, 12.3, 2.5]","[12.7, 11.3, 11.3, 15.7, 14.8, 9.6, 11.1]","[34.8, 35.2, 33.0, 31.3, 31.1, 31.5, 32.0]",2026-08-14T12:37:14.063626
HUB18-HUB18,2024-10-14,2024-10-20,"[1.0, 3.0, 2.1, 0.6, 13.4, 9.3, 19.5]","[10.5, 9.0, 9.8, 8.0, 10.8, 12.3, 14.8]","[32.6, 32.9, 32.7, 33.9, 34.0, 31.9, 30.8]",2026-08-14T12:37:14.063827
HUB18-HUB18,2024-10-21,2024-10-27,"[30.0, 7.8, 0.0, 0.0, 0.0, 0.0, 0.0]","[9.2, 12.0, 9.2, 8.8, 10.4, 11.2, 11.0]","[30.4, 31.9, 32.8, 33.0, 33.6, 32.7, 33.1]",2026-08-14T12:37:14.064028
HUB18-HUB18,2024-10-28,2024-11-03,"[0.0, 0.7, 0.0, 0.0, 0.0, 0.0, 0.0]","[9.4, 7.9, 11.1, 14.0, 10.8, 12.3, 12.9]","[32.7, 33.3, 34.6, 35.3, 35.6, 34.6, 35.1]",2026-08-14T12:37:14.064231
HUB18-HUB18,2024-11-04,2024-11-10,"[0.0, 0.0, 0.0, 0.0, 0.0, 0.0, 0.0]","[10.6, 10.2, 13.6, 9.8, 8.9, 10.1, 10.3]","[34.8, 35.3, 35.4, 35.0, 34.9, 34.2, 34.8]",2026-08-14T12:37:14.064445
HUB18-HUB18,2024-11-11,2024-11-17,"[0.0, 0.0, 0.0, 0.0, 0.0, 0.0, 0.0]","[15.1, 17.1, 14.4, 12.0, 9.6, 11.1, 11.2]","[34.2, 33.8, 33.0, 34.2, 33.8, 33.2, 33.8]",2026-08-14T12:37:14.064643
HUB18-HUB18,2024-11-18,2024-11-24,"[0.0, 0.0, 0.0, 0.0, 0.0, 0.0, 0.0]","[12.5, 11.2, 12.1, 11.9, 11.3, 9.7, 10.8]","[32.9, 32.4, 31.5, 31.3, 31.6, 31.7, 32.0]",2026-08-14T12:37:14.064849
HUB18-HUB18,2024-11-25,2024-12-01,"[0.0, 0.0, 0.0, 0.0, 0.0, 0.0, 0.0]","[13.0, 13.9, 14.3, 18.2, 15.0, 12.8, 11.9]","[31.3, 31.3, 31.1, 30.8, 29.5, 29.8, 30.7]",2026-08-14T12:37:14.065050
HUB18-HUB18,2024-12-02,2024-12-08,"[0.0, 0.0, 0.0, 0.0, 0.0, 0.0, 0.0]","[12.6, 12.3, 11.8, 10.0, 11.4, 10.9, 11.6]","[33.2, 33.9, 33.3, 34.3, 32.7, 30.4, 29.0]",2026-08-14T12:37:14.065247
HUB18-HUB18,2024-12-09,2024-12-15,"[0.0, 0.0, 0.0, 0.0, 0.0, 0.0, 0.0]","[15.5, 15.6, 11.3, 13.4, 16.3, 13.3, 11.1]","[27.4, 28.5, 30.9, 29.5, 28.8, 29.8, 31.5]",2026-08-14T12:37:14.065444
HUB18-HUB18,2024-12-16,2024-12-22,"[0.0, 0.0, 0.0, 0.0, 0.0, 0.0, 0.0]","[10.5, 10.6, 10.5, 8.5, 11.4, 11.0, 12.3]","[32.0, 29.4, 31.0, 30.4, 28.9, 30.4, 27.2]",2026-08-14T12:37:14.065645
HUB18-HUB18,2024-12-23,2024-12-29,"[0.0, 0.0, 0.0, 0.4, 0.0, 0.0, 0.0]","[12.0, 11.9, 10.7, 8.5, 11.4, 11.0, 12.3]","[27.5, 27.4, 29.2, 30.8, 29.3, 28.6, 31.1]",2026-08-14T12:37:14.065842
HUB18-HUB18,2024-12-30,2025-01-05,"[0.0, 0.0, 0.0, 0.0, 0.0, 0.0, 0.0]","[11.4, 11.7, 10.8, 9.8, 9.7, 9.3, 12.1]","[31.3, 31.8, 31.7, 32.6, 33.4, 32.5, 29.6]",2026-08-14T12:37:14.066037
HUB18-HUB18,2025-01-06,2025-01-12,"[0.0, 0.0, 0.0, 0.0, 0.0, 0.0, 0.0]","[13.0, 15.2, 13.1, 11.0, 11.0, 9.5, 15.0]","[27.3, 28.2, 29.6, 31.5, 31.6, 28.9, 28.9]",2026-08-14T12:37:14.066232
HUB18-HUB18,2025-01-13,2025-01-19,"[0.0, 0.0, 0.0, 0.0, 0.0, 0.0, 0.0]","[16.1, 12.8, 13.5, 15.8, 14.2, 13.0, 12.4]","[29.5, 31.2, 28.9, 29.0, 32.3, 34.2, 33.7]",2026-08-14T12:37:14.066432
HUB18-HUB18,2025-01-20,2025-01-26,"[0.0, 0.0, 0.0, 0.0, 0.0, 0.0, 0.0]","[10.1, 11.0, 13.7, 13.0, 14.3, 11.8, 12.1]","[33.8, 32.8, 30.8, 29.6, 32.4, 33.3, 33.3]",2026-08-14T12:37:14.066628
HUB18-HUB18,2025-01-27,2025-02-02,"[0.0, 0.0, 0.0, 0.0, 0.0, 0.0, 0.0]","[11.1, 9.5, 8.4, 8.6, 9.9, 9.8, 11.7]","[32.3, 33.3, 32.3, 32.0, 30.5, 28.8, 31.0]",2026-08-14T12:37:14.066824
HUB18-HUB18,2025-02-03,2025-02-09,"[0.0, 0.0, 0.0, 0.0, 0.0, 0.0, 0.0]","[10.1, 14.5, 13.6, 15.8, 14.6, 11.6, 10.7]","[32.2, 30.4, 29.9, 32.2, 35.2, 35.6, 35.3]",2026-08-14T12:37:14.067023
HUB18-HUB18,2025-02-10,2025-02-16,"[0.0, 0.0, 0.0, 0.0, 0.0, 0.0, 0.0]","[9.8, 9.9, 10.6, 11.9, 11.2, 11.3, 10.3]","[34.7, 32.2, 32.6, 35.1, 35.3, 35.1, 34.3]",2026-08-14T12:37:14.067220
HUB18-HUB18,2025-02-17,2025-02-23,"[0.0, 0.0, 0.0, 0.0, 0.0, 0.0, 0.0]","[9.8, 17.5, 11.9, 11.6, 12.4, 14.1, 13.9]","[35.2, 34.7, 34.8, 34.9, 35.7, 36.9, 37.4]",2026-08-14T12:37:14.067417
HUB18-HUB18,2025-02-24,2025-03-02,"[0.0, 0.0, 0.0, 0.0, 0.0, 0.0, 0.0]","[12.4, 13.0, 13.1, 12.8, 10.4, 12.5, 13.1]","[37.5, 38.4, 38.7, 37.8, 37.3, 35.5, 35.3]",2026-08-14T12:37:14.067619
HUB18-HUB18,2025-03-03,2025-03-09,"[0.0, 0.0, 0.0, 0.0, 0.0, 0.0, 0.0]","[13.8, 15.9, 17.1, 14.9, 12.8, 12.9, 11.7]","[36.0, 35.3, 35.7, 36.1, 37.9, 38.5, 38.1]",2026-08-14T12:37:14.067817
HUB18-HUB18,2025-03-10,2025-03-16,"[0.0, 0.0, 0.0, 0.0, 0.0, 0.0, 0.0]","[13.7, 14.1, 13.3, 12.0, 12.5, 12.4, 11.4]","[42.0, 41.0, 39.2, 39.9, 39.1, 38.0, 37.0]",2026-08-14T12:37:14.068012
HUB18-HUB18,2025-03-17,2025-03-23,"[0.0, 0.0, 0.0, 0.0, 0.0, 0.0, 0.0]","[12.0, 11.9, 12.2, 11.7, 12.4, 12.9, 14.2]","[37.2, 37.9, 36.3, 36.1, 35.8, 37.6, 40.6]",2026-08-14T12:37:14.068208
HUB18-HUB18,2025-03-24,2025-03-30,"[0.0, 0.0, 0.0, 0.0, 0.0, 0.0, 0.0]","[13.7, 12.3, 14.4, 11.0, 16.4, 15.0, 13.6]","[40.1, 39.2, 36.5, 35.3, 38.3, 39.9, 40.5]",2026-08-14T12:37:14.068408
HUB18-HUB18,2025-03-31,2025-04-06,"[0.0, 0.0, 0.0, 0.0, 0.0, 0.0, 0.0]","[13.7, 11.8, 13.4, 14.3, 11.9, 13.4, 13.7]","[40.3, 39.3, 39.6, 35.7, 36.0, 40.9, 41.9]",2026-08-14T12:37:14.068604
HUB18-HUB18,2025-04-07,2025-04-13,"[0.0, 0.0, 0.0, 0.0, 0.0, 0.0, 0.0]","[12.6, 14.0, 16.9, 19.1, 20.0, 17.8, 13.4]","[42.6, 42.7, 43.2, 38.0, 34.4, 33.7, 39.2]",2026-08-14T12:37:14.068799
HUB18-HUB18,2025-04-14,2025-04-20,"[0.0, 0.0, 0.0, 0.0, 0.0, 0.0, 0.0]","[15.3, 14.1, 15.2, 13.8, 14.9, 16.0, 16.3]","[41.1, 40.1, 40.1, 38.8, 39.6, 35.5, 37.9]",2026-08-14T12:37:14.069007
HUB18-HUB18,2025-04-21,2025-04-27,"[0.0, 0.0, 0.0, 0.0, 0.0, 0.0, 0.0]","[12.6, 12.3, 13.0, 12.8, 12.2, 14.8, 12.0]","[40.3, 41.6, 41.8, 38.4, 36.7, 35.5, 37.6]",2026-08-14T12:37:14.069203
HUB18-HUB18,2025-04-28,2025-05-04,"[0.0, 0.0, 0.0, 0.0, 0.0, 0.0, 0.0]","[15.9, 17.3, 17.1, 15.0, 16.8, 22.0, 20.3]","[35.7, 37.5, 38.8, 41.4, 41.1, 37.5, 34.3]",2026-08-14T12:37:14.069396
HUB18-HUB18,2025-05-05,2025-05-11,"[1.3, 10.7, 4.6, 3.6, 0.4, 0.1, 0.1]","[20.7, 22.3, 17.5, 13.1, 13.0, 10.3, 10.1]","[34.8, 31.6, 29.1, 30.7, 31.8, 31.4, 33.7]",2026-08-14T12:37:14.069583
HUB18-HUB18,2025-05-12,2025-05-18,"[0.2, 0.8, 2.5, 0.0, 0.0, 1.6, 0.0]","[11.6, 10.4, 12.4, 13.1, 14.7, 14.5, 14.9]","[33.3, 34.2, 34.7, 35.4, 34.7, 34.7, 35.1]",2026-08-14T12:37:14.069768
HUB18-HUB18,2025-05-19,2025-05-25,"[0.0, 0.0, 2.0, 0.1, 5.8, 1.6, 0.0]","[13.8, 11.2, 10.0, 9.1, 12.5, 10.4, 11.3]","[35.1, 37.9, 37.5, 36.6, 39.2, 38.2, 35.4]",2026-08-14T12:37:14.069952
HUB18-HUB18,2025-05-26,2025-06-01,"[0.0, 6.4, 0.3, 0.0, 0.0, 0.4, 0.2]","[15.0, 18.9, 17.4, 20.1, 24.1, 25.7, 23.2]","[38.6, 33.9, 35.1, 33.5, 33.5, 32.9, 33.2]",2026-08-14T12:37:14.070136
HUB18-HUB18,2025-06-02,2025-06-08,"[8.1, 3.0, 0.3, 0.0, 0.0, 0.0, 0.0]","[25.2, 20.8, 15.7, 12.2, 15.3, 16.7, 15.4]","[33.3, 32.4, 31.9, 33.5, 35.6, 35.8, 36.2]",2026-08-14T12:37:14.070324
HUB18-HUB18,2025-06-09,2025-06-15,"[0.0, 0.0, 0.0, 0.0, 3.1, 21.5, 3.9]","[17.6, 17.4, 16.1, 16.0, 14.1, 13.4, 14.3]","[35.8, 35.8, 37.5, 38.6, 34.8, 38.3, 37.4]",2026-08-14T12:37:14.070508
HUB18-HUB18,2025-06-16,2025-06-22,"[58.5, 14.4, 21.0, 15.0, 2.3, 8.5, 12.6]","[29.1, 24.7, 18.4, 22.5, 24.6, 22.2, 23.3]","[29.8, 30.2, 30.9, 30.3, 31.8, 30.5, 30.5]",2026-08-14T12:37:14.070691
HUB18-HUB18,2025-06-23,2025-06-29,"[53.0, 33.1, 25.1, 33.1, 13.9, 17.9, 15.9]","[15.9, 17.6, 13.9, 15.5, 24.9, 29.4, 26.4]","[27.0, 27.9, 30.2, 30.6, 30.4, 29.1, 29.6]",2026-08-14T12:37:14.070878
HUB18-HUB18,2025-06-30,2025-07-06,"[9.2, 9.2, 17.5, 19.1, 24.0, 25.5, 30.1]","[25.1, 23.1, 17.2, 21.3, 19.5, 20.1, 16.5]","[30.4, 30.5, 30.1, 29.3, 28.9, 29.2, 27.5]",2026-08-14T12:37:14.071064
HUB18-HUB18,2025-07-07,2025-07-13,"[4.7, 6.2, 9.4, 3.3, 13.7, 9.1, 23.8]","[23.6, 21.8, 17.8, 18.9, 14.9, 18.3, 18.3]","[29.1, 30.4, 28.9, 30.3, 30.2, 30.9, 29.6]",2026-08-14T12:37:14.071248
HUB18-HUB18,2025-07-14,2025-07-20,"[16.4, 2.0, 1.6, 0.9, 0.7, 1.9, 4.6]","[17.4, 16.6, 15.4, 12.6, 15.2, 17.9, 20.0]","[29.5, 31.7, 31.4, 31.5, 31.1, 30.7, 30.5]",2026-08-14T12:37:14.071434
HUB18-HUB18,2025-07-21,2025-07-27,"[6.6, 7.9, 10.5, 4.1, 17.6, 14.8, 12.0]","[15.5, 18.3, 19.3, 16.6, 18.8, 17.5, 22.4]","[29.9, 30.6, 29.7, 29.0, 30.0, 28.7, 29.9]",2026-08-14T12:37:14.071621
HUB18-HUB18,2025-07-28,2025-08-03,"[7.0, 5.9, 1.3, 1.9, 2.3, 1.4, 1.7]","[22.6, 20.5, 25.3, 23.2, 20.9, 17.3, 15.9]","[29.8, 28.6, 29.5, 28.7, 29.8, 30.2, 30.3]",2026-08-14T12:37:14.071804
HUB18-HUB18,2025-08-04,2025-08-10,"[1.6, 2.3, 0.7, 0.0, 0.0, 1.5, 11.6]","[15.6, 15.7, 12.1, 12.9, 13.0, 12.5, 14.5]","[30.1, 30.2, 30.7, 31.2, 31.5, 31.0, 31.1]",2026-08-14T12:37:14.071987
HUB18-HUB18,2025-08-11,2025-08-17,"[1.9, 1.7, 3.0, 1.6, 11.5, 11.4, 15.2]","[17.0, 16.9, 15.4, 13.1, 11.6, 9.8, 11.1]","[31.0, 31.1, 31.3, 30.2, 30.6, 29.7, 30.3]",2026-08-14T12:37:14.072171
HUB18-HUB18,2025-08-18,2025-08-24,"[3.9, 2.1, 55.6, 21.4, 16.3, 27.4, 11.2]","[15.6, 16.3, 27.2, 23.3, 28.9, 27.7, 29.3]","[29.5, 31.5, 28.2, 29.2, 29.2, 28.1, 28.7]",2026-08-14T12:37:14.072357
HUB18-HUB18,2025-08-25,2025-08-31,"[26.8, 10.5, 2.6, 16.8, 31.5, 5.6, 13.7]","[21.1, 17.1, 11.7, 10.3, 10.7, 13.0, 16.7]","[27.9, 29.8, 30.2, 29.7, 30.7, 29.9, 28.9]",2026-08-14T12:37:14.072540
HUB18-HUB18,2025-09-01,2025-09-07,"[7.5, 3.5, 1.9, 19.8, 42.9, 20.9, 18.8]","[19.5, 15.4, 12.7, 16.0, 15.6, 15.6, 21.9]","[29.9, 30.3, 30.7, 28.5, 28.9, 28.9, 27.5]",2026-08-14T12:37:14.072723
HUB18-HUB18,2025-09-08,2025-09-14,"[2.0, 2.2, 0.3, 0.3, 0.2, 0.3, 2.9]","[21.7, 14.5, 9.9, 11.0, 8.7, 9.3, 11.4]","[29.5, 29.4, 30.2, 30.2, 30.5, 31.3, 31.9]",2026-08-14T12:37:14.072909
HUB18-HUB18,2025-09-15,2025-09-21,"[0.4, 0.5, 6.1, 3.1, 4.8, 11.5, 11.1]","[12.4, 11.3, 10.5, 7.2, 9.0, 8.9, 9.0]","[31.7, 30.9, 30.3, 31.5, 31.2, 30.4, 30.2]",2026-08-14T12:37:14.073096
HUB18-HUB18,2025-09-22,2025-09-28,"[13.1, 4.6, 0.6, 2.5, 1.4, 0.2, 66.9]","[10.5, 11.1, 12.7, 11.3, 9.2, 14.8, 19.1]","[29.3, 29.8, 30.4, 30.6, 31.9, 34.2, 28.7]",2026-08-14T12:37:14.073279
HUB18-HUB18,2025-09-29,2025-10-05,"[5.2, 3.8, 2.7, 1.7, 0.4, 0.5, 0.2]","[29.0, 21.7, 20.2, 17.6, 12.1, 12.4, 14.7]","[28.8, 28.9, 29.6, 28.9, 30.8, 30.3, 29.8]",2026-08-14T12:37:14.073462
HUB18-HUB18,2025-10-06,2025-10-12,"[0.7, 5.1, 0.2, 0.0, 0.0, 0.0, 0.0]","[14.8, 9.9, 8.4, 9.1, 10.3, 11.7, 12.5]","[29.8, 29.6, 31.4, 32.6, 33.3, 33.3, 33.9]",2026-08-14T12:37:14.073651
HUB18-HUB18,2025-10-13,2025-10-19,"[0.0, 0.0, 0.0, 1.3, 0.7, 0.3, 0.1]","[11.7, 10.4, 11.3, 11.5, 12.5, 9.8, 11.5]","[34.4, 34.4, 35.5, 33.9, 35.7, 35.7, 35.5]",2026-08-14T12:37:14.073838
HUB18-HUB18,2025-10-20,2025-10-26,"[1.3, 0.0, 0.2, 0.0, 0.0, 18.5, 52.8]","[12.9, 13.3, 14.1, 13.1, 13.3, 15.1, 12.7]","[33.3, 35.8, 34.7, 36.2, 35.0, 32.5, 28.0]",2026-08-14T12:37:14.074022
HUB18-HUB18,2025-10-27,2025-11-02,"[42.2, 1.9, 2.3, 12.2, 16.2, 12.8, 3.2]","[11.1, 15.0, 13.4, 8.5, 13.2, 15.2, 15.6]","[29.9, 31.3, 30.9, 26.7, 27.9, 30.5, 29.5]",2026-08-14T12:37:14.074209
HUB18-HUB18,2025-11-03,2025-11-09,"[1.7, 0.1, 0.5, 0.0, 0.0, 0.0, 0.0]","[16.3, 12.9, 8.2, 9.9, 10.7, 10.7, 10.8]","[29.9, 29.8, 30.2, 30.8, 30.8, 30.2, 29.8]",2026-08-14T12:37:14.074473
HUB18-HUB18,2025-11-10,2025-11-16,"[0.0, 0.0, 0.0, 0.0, 0.0, 0.0, 0.0]","[9.2, 9.4, 10.8, 12.5, 11.0, 10.6, 14.0]","[30.7, 31.2, 31.2, 31.4, 31.8, 31.6, 30.8]",2026-08-14T12:37:14.074691
HUB18-HUB18,2025-11-17,2025-11-23,"[0.0, 0.0, 0.0, 0.0, 0.0, 0.0, 0.0]","[12.6, 12.3, 11.7, 11.9, 11.4, 9.8, 9.5]","[30.1, 30.3, 31.1, 31.5, 32.1, 32.2, 31.3]",2026-08-14T12:37:14.074892
HUB18-HUB18,2025-11-24,2025-11-30,"[0.0, 0.0, 0.0, 0.0, 0.0, 0.0, 0.0]","[10.6, 10.3, 8.8, 9.5, 10.6, 13.2, 13.8]","[31.5, 31.6, 31.8, 33.1, 33.2, 31.8, 31.7]",2026-08-14T12:37:14.075086
HUB18-HUB18,2025-12-01,2025-12-07,"[0.0, 0.0, 0.0, 0.0, 0.0, 0.0, 0.0]","[11.3, 11.5, 13.9, 12.0, 12.7, 13.1, 11.2]","[31.1, 30.8, 30.9, 31.5, 31.9, 31.3, 32.0]",2026-08-14T12:37:14.075277
HUB18-HUB18,2025-12-08,2025-12-14,"[0.0, 0.0, 0.0, 0.0, 0.0, 0.0, 0.0]","[12.4, 11.9, 11.5, 11.1, 10.6, 10.8, 10.5]","[32.7, 32.8, 32.8, 32.1, 32.2, 32.3, 31.7]",2026-08-14T12:37:14.075458
HUB18-HUB18,2025-12-15,2025-12-21,"[0.0, 0.0, 0.0, 0.0, 0.0, 0.0, 0.0]","[12.4, 13.2, 12.3, 10.2, 11.6, 10.2, 12.4]","[31.8, 31.4, 33.0, 33.5, 33.1, 33.4, 31.7]",2026-08-14T12:37:14.075639
HUB18-HUB18,2025-12-22,2025-12-28,"[0.0, 0.0, 0.0, 0.0, 0.0, 0.0, 0.0]","[11.5, 15.2, 13.1, 11.1, 11.7, 11.1, 11.5]","[32.3, 32.5, 31.4, 31.4, 31.7, 31.4, 31.6]",2026-08-14T12:37:14.075814
HUB18-HUB18,2025-12-29,2026-01-04,"[0.0, 0.0, 0.0, 2.2, 0.0, 0.0, 0.0]","[11.1, 9.2, 10.4, 10.0, 13.0, 11.5, 12.6]","[31.4, 30.2, 28.7, 27.5, 29.1, 28.8, 29.4]",2026-08-14T12:37:14.075991
HUB18-HUB18,2026-01-05,2026-01-11,"[0.0, 0.0, 0.0, 0.0, 0.0, 0.0, 0.0]","[11.5, 10.8, 12.4, 12.2, 13.5, 13.6, 13.7]","[30.9, 29.8, 28.6, 30.0, 28.5, 27.7, 30.1]",2026-08-14T12:37:14.076172
HUB18-HUB18,2026-01-12,2026-01-18,"[0.0, 0.0, 0.0, 0.0, 0.0, 0.0, 0.0]","[11.1, 12.1, 11.6, 10.4, 10.5, 9.3, 10.0]","[32.1, 31.7, 29.3, 30.3, 32.1, 29.1, 26.8]",2026-08-14T12:37:14.076347
HUB18-HUB18,2026-01-19,2026-01-25,"[0.0, 0.0, 0.0, 0.0, 0.0, 0.0, 0.0]","[12.3, 11.5, 11.7, 13.0, 12.5, 13.6, 11.0]","[27.8, 29.5, 32.8, 31.6, 27.0, 28.6, 29.0]",2026-08-14T12:37:14.076523
HUB18-HUB18,2026-01-26,2026-01-31,"[0.0, 0.0, 0.0, 0.0, 0.5, 1.3]","[10.5, 10.4, 14.7, 13.4, 10.8, 8.1]","[32.5, 28.3, 28.6, 32.3, 32.8, 30.9]",2026-08-14T12:37:14.076700
